place_id,poi_type,name,primary_type,latitude,longitude,areas_found_in,n_areas
ChIJl2BEeZcZ6zkRMtRMoN7ZwUs,bank,Nepal Cooperative Financial Institution,bank,27.6938527,85.3371528,Baneshwor,1
ChIJY0HOeJcZ6zkRawb6tJIu3f4,bank,Vastabik SACCOS,bank,27.693881,85.336996,Baneshwor,1
ChIJVVb51pkZ6zkRMtFPxqztdAY,bank,Global IME Bank Limited,bank,27.6944349,85.33739240000001,Baneshwor,1
ChIJdyrqzZkZ6zkRYRaFBexay1A,bank,Public Sutradhar Multipurpose Co-op.,bank,27.6950784,85.3371375,Baneshwor,1
ChIJXyQczZkZ6zkR0pOLzWycmhQ,bank,Sutradhar SACCOS,bank,27.695124000000003,85.3369641,Baneshwor,1
ChIJGaZcmJcZ6zkRPOINtCK5IzQ,bank,Amrlavarsa SACCOS,bank,27.6929186,85.3363231,Baneshwor,1
ChIJGaZcmJcZ6zkR-5R80j3KT-U,bank,Societal SACCOS,bank,27.6929181,85.336323,Baneshwor,1
ChIJTVe9M5gZ6zkROz4T62PjR5M,bank,Sambandha SACCOS,bank,27.6952179,85.3366616,Baneshwor,1
ChIJTVe9M5gZ6zkR-Ja6WxJgd2w,bank,Nobel Shoppe SACCOS,bank,27.6952179,85.3366616,Baneshwor,1
ChIJ4caaWc0Z6zkRs7p4RCOOe_g,bank,Survey Sulav SACCOS,bank,27.6926502,85.3364507,Baneshwor,1
ChIJf5NH-S8Z6zkRXptkWu8abKw,bank,Artha Jagat SACCOS,bank,27.6922336,85.3357986,Baneshwor,1
ChIJy88hsJcZ6zkRdCsugH1nmfo,bank,Provision SACCOS,bank,27.6919583,85.33626559999999,Baneshwor,1
ChIJj8xVOucZ6zkRDZ2AWRFL224,bank,Alankar cooperatives LTD.,bank,27.6964837,85.3376449,Baneshwor,1
ChIJkwyOyJcZ6zkRrMlJhusEJzs,bank,Chhaku Bakku Bhagwati SACCOS,bank,27.692099,85.33542349999999,Baneshwor,1
ChIJX8FcrZcZ6zkRx8aL_ilHfMg,bank,Jyoti Bikash Bank Limited,bank,27.6915446,85.3359617,Baneshwor,1
ChIJBwxYspcZ6zkRuMcWURJ-QZ0,bank,Mobile SACCOS,bank,27.6914172,85.3360967,Baneshwor,1
ChIJ47YdUpYZ6zkR8anQEfdoooA,bank,Nagarik Dainik SACCOS,bank,27.6913964,85.33610689999999,Baneshwor,1
ChIJv7aospcZ6zkRzECezwGbYIQ,bank,Swarna Shree SACCOS,bank,27.6912916,85.336314,Baneshwor,1
ChIJgcuzibQZ6zkRMnO3ZaArdsI,bank,Mahalaxmi Bikas Bank Limited,bank,27.6968677,85.3375325,Baneshwor,1
ChIJU_5xVJYZ6zkRoucpOS7ayco,bank,Samaj SACCOS,bank,27.6910861,85.33659809999999,Baneshwor,1
ChIJcznxEZkZ6zkRW10xwkwSVao,bank,Shreeya SACCOS,bank,27.6970699,85.3373397,Baneshwor,1
ChIJG8Z-G9MZ6zkRKsYCI8WqC9k,bank,Muktinath Bikas Bank Limited,bank,27.6910316,85.3361726,Baneshwor,1
ChIJt9mIS5YZ6zkRoisRUTh5EZM,bank,Jeevansathi SACCOS,bank,27.6910826,85.33595509999999,Baneshwor,1
ChIJ9xd_fJgZ6zkR-o19j7ZVtsg,bank,Janasewi SACCOS,bank,27.6968508,85.3353777,Baneshwor,1
ChIJ-bV0UJYZ6zkRtjwD2iooTvo,bank,"Rastriya Banijya Bank Ltd., New Baneshwor Branch",bank,27.6906863,85.33623229999999,Baneshwor,1
ChIJm1A-SZYZ6zkR1hbcDoXQjQA,bank,Satyam SACCOS,bank,27.6908169,85.3358308,Baneshwor,1
ChIJb6M-0JYZ6zkRGVn-D2u-DNg,bank,National Co-operative Bank,bank,27.690754,85.338916,Baneshwor|Koteshwor,2
ChIJQfSsfpcZ6zkRvaBXvPJdQ8s,bank,Prabhu Bank Limided,bank,27.6976602,85.3378583,Baneshwor,1
ChIJweSfw58Z6zkRrBobBvF9F9A,bank,Shangri-la Development Bank Limited,bank,27.6976826,85.3378695,Baneshwor,1
ChIJ7ykSkoAZ6zkR92hLvcSs4bA,bank,Sanima Bank,bank,27.6977063,85.3378748,Baneshwor,1
ChIJJ9RvLpYZ6zkRrdhf61_o4E8,bank,Khaptad SACCOS,bank,27.690865,85.334831,Baneshwor,1
ChIJm6xTMJYZ6zkRAwWFWb8roYg,bank,Metro SACCOS,bank,27.6907382,85.33503739999999,Baneshwor,1
ChIJT8hOKpYZ6zkRS2o4Pb7at68,bank,Kavil SACCOS,bank,27.6910051,85.33445669999999,Baneshwor,1
ChIJ98_M7-wZ6zkRey6BIYl2sQQ,bank,Lumbini Bikas Bank Limited,bank,27.6903223,85.33559450000001,Baneshwor,1
ChIJK4JRM5EZ6zkRpOX_DQEtQ0Y,bank,Cooperative Department,bank,27.6903721,85.339483,Baneshwor|Koteshwor,2
ChIJixOgQJYZ6zkRhYLosF14Y6g,bank,Pararambhika SACCOS,bank,27.6901271,85.33554749999999,Baneshwor,1
ChIJq-W1jykZ6zkRq51uH0FwEa0,bank,Osmosis SACCOS,bank,27.690046,85.33533779999999,Baneshwor,1
ChIJi3czFZYZ6zkRYElZZxZP6wE,bank,Prime Commercial Bank Limited,bank,27.689864,85.33555439999999,Baneshwor,1
ChIJEVs7hZoZ6zkRcRNL6FuqMRg,bank,Mega Dreams Saving And Coopreative,bank,27.6951043,85.34263469999999,Baneshwor|Koteshwor,2
ChIJ5c6F458Z6zkR_6zXTLALMCw,bank,Shine Resunga Development Bank Limited,bank,27.689383900000003,85.33559369999999,Baneshwor,1
ChIJVWwo3KIZ6zkRzScqc2H4-sA,bank,Panchatwo SACCOS,bank,27.695348,85.332042,Baneshwor,1
ChIJB8e4EpYZ6zkRn3Wb3kgePPo,bank,Nepal Investment Mega Bank Limited (NIMB),bank,27.6889991,85.3356218,Baneshwor,1
ChIJBcpIyr4Z6zkRWWzfFnkZInw,bank,"Kamana Sewa Bikas Bank Ltd, New Baneshwor Branch",bank,27.6890115,85.3352811,Baneshwor,1
ChIJ64FuSZkZ6zkRi3WVwSSDttg,bank,Dolphin SACCOS,bank,27.699741,85.338386,Baneshwor,1
ChIJeeiq3ooZ6zkRKmprCCRc2oI,bank,Mashreq Bank – Nepal Representative Office,corporate_office,27.6896691,85.3327067,Baneshwor,1
ChIJw9cN6bwZ6zkRM2DolnAuKeQ,bank,Rambha SACCOS,bank,27.6923918,85.3308629,Baneshwor,1
ChIJo636IOMZ6zkRn2wiY29ZaQA,bank,Saujanya SACCOS,bank,27.6899711,85.34262939999999,Baneshwor|Koteshwor,2
ChIJf-RJ3JUZ6zkRpoEhVhAdtxA,bank,Standard Chartered Bank Nepal Head Office,bank,27.6879394,85.3358879,Baneshwor|Koteshwor,2
ChIJp1sQ55UZ6zkRcqnexc-pzvs,bank,Machhapuchchhre Bank Limited,bank,27.6879584,85.3355991,Baneshwor,1
ChIJwX_l_JUZ6zkRDosMiAx2H0s,bank,Kumari Bank Limited,bank,27.688191600000003,85.3347893,Baneshwor,1
ChIJfzD7wr0Z6zkRTvMgSQCjYAA,bank,NIC ASIA Bank New Baneshwor Branch,bank,27.6890625,85.3330625,Baneshwor,1
ChIJP3fw_JUZ6zkRJWAWnBrKSFk,bank,Andover Multipurpose Co-op,bank,27.688125,85.3347905,Baneshwor,1
ChIJzx_FzJUZ6zkRqaFRhV1Fjlc,bank,Jyotipunja SACCOS,bank,27.6876984,85.336863,Baneshwor|Koteshwor,2
ChIJ-9Vyw70Z6zkRFksp3txWXic,bank,Laxmi Capital Market Ltd.,bank,27.6892233,85.33264559999999,Baneshwor,1
ChIJ18zIAL4Z6zkRy1x-B_h41KQ,bank,Nepal Investment Mega Bank Limited,bank,27.6883276,85.3340939,Baneshwor,1
ChIJK1qrHZAZ6zkRW2HVQjSlYfk,bank,Katyayeni SACCOS,bank,27.693597,85.34453239999999,Baneshwor|Koteshwor,2
ChIJ1_qYT8oZ6zkR1GGhQVo6TfM,bank,Nepal Bank,bank,27.6876229,85.33694539999999,Baneshwor|Koteshwor,2
ChIJszlJmuIZ6zkRUkBA0g735wc,bank,DharmaKarma coperative LTD,bank,27.6953693,85.34439030000001,Baneshwor|Koteshwor,2
ChIJJWKJ_b0Z6zkRq97wxqJbEh0,bank,NMB Bank Limited New Baneshwor Branch,bank,27.688408700000004,85.3338619,Baneshwor,1
ChIJ99XABx0Z6zkRfD3svHtk9Vs,bank,Nabil Bank Limited - Baneshwor Branch,bank,27.6884204,85.33364759999999,Baneshwor,1
ChIJZ7FhUZYZ6zkRxePYadMwiv0,bank,Kushwaha SACCOS,bank,27.692176300000003,85.3303587,Baneshwor,1
ChIJ-_nytZoZ6zkRHQ1HFz116Ik,bank,Divya Mantra SACCOS,bank,27.6959106,85.3443623,Baneshwor,1
ChIJhdzn470Z6zkR8zKABa8-_qg,bank,Himalayan Bank ATM,bank,27.6885167,85.333382,Baneshwor,1
ChIJK23b55UZ6zkR6Ycjl_1G3ds,bank,Citizen Bank International Limited,bank,27.6876458,85.3354772,Baneshwor,1
ChIJ27NOPJQZ6zkRI9razZ3JSpo,bank,Nepal Investment Mega Bank Limited (NIMB),bank,27.687393,85.3379183,Baneshwor|Koteshwor,2
ChIJUSeCiwsZ6zkR_tztMlu9U6k,bank,Sunbarsha SACCOS,bank,27.6894309,85.3319509,Baneshwor,1
ChIJX79R2ZMZ6zkRTry24fWUa0Q,bank,Sahayatri Multipurpose Co-op,bank,27.6882335,85.3411167,Baneshwor|Koteshwor,2
ChIJJ48x0Z4Z6zkRVhdTp0HVsJI,bank,Banking Training Institute,bank,27.7006311,85.3372258,Baneshwor,1
ChIJa0pFTZEZ6zkRbFhwquOiRUY,bank,Lumbini Bikash Bank Limited,bank,27.6961396,85.34453549999999,Baneshwor,1
ChIJi9y93r0Z6zkRVfiNhS_vKck,bank,Sanima Bank Limited,bank,27.6886283,85.332657,Baneshwor,1
ChIJEZO_jY8Z6zkRSpo85XRFtuc,bank,रिजर्भ बचतऋण सहकारी,bank,27.6921289,85.3299888,Baneshwor,1
ChIJh03P4r0Z6zkRXCh1yBDXrRA,bank,Everest Bank Limited,bank,27.6888795,85.3319451,Baneshwor,1
ChIJeesX8pUZ6zkRML0Dp91vqu8,bank,Global IME Bank ATM,atm,27.6871423,85.3351632,Baneshwor,1
ChIJ74OlwIwZ6zkRHxs5rY07PwY,bank,Moneyplant SACCOS,bank,27.687445,85.34057299999999,Baneshwor|Koteshwor,2
ChIJh4n6HskZ6zkRhZogsWS2VW8,bank,Global IME Bank Limited,bank,27.6871696,85.3349301,Baneshwor,1
ChIJe3FboxAZ6zkR9lqdcxryb5s,bank,Nepal Infrastructure Bank Limited,bank,27.6898377,85.3307476,Baneshwor,1
ChIJHy12w5MZ6zkRbIofWEPvx30,bank,Gurkha Millennium Multi-Purpose Co-operative,bank,27.6875784,85.34113889999999,Baneshwor|Koteshwor,2
ChIJDx-1s5MZ6zkR2cRwU1plDJQ,bank,Nepal SBI Bank Ltd. New Baneshwor Branch,bank,27.6873826,85.34076379999999,Baneshwor|Koteshwor,2
ChIJcbmoKZMZ6zkRC-IGXdCYppk,bank,Garima bikask bank,bank,27.6888409,85.3315042,Baneshwor,1
ChIJ9WVTwZMZ6zkRvsFo1vrfobE,bank,Kalyan Upakar SACCOS,bank,27.6874364,85.34108979999999,Baneshwor|Koteshwor,2
ChIJebAlk5UZ6zkRLa3FAJ6JQHM,bank,Ukali SACCOS,bank,27.686844,85.335132,Baneshwor,1
ChIJme2uYwAZ6zkRZanGuIP_ZGw,bank,Dhanpunja cooperative,bank,27.6867013,85.3355192,Baneshwor|Koteshwor,2
ChIJ3RMdk5UZ6zkR6-LhcjjF1o4,bank,Lakshmi Bardan SACCOS,bank,27.686768,85.335111,Baneshwor,1
ChIJhcjDw5MZ6zkRB9TyM9YIptg,bank,Agricultural Development Bank Ltd. Naya Baneshwor Branch,bank,27.68647,85.3380408,Baneshwor|Koteshwor,2
ChIJpfoSlJUZ6zkRTZZCG_os3pM,bank,Nagarik Kalyan Multipurpose Co-op,bank,27.6866254,85.3354268,Baneshwor|Koteshwor,2
ChIJIbSNG5wZ6zkRrg_cCvSNMkM,bank,परिचय बचतऋण सहकारी,bank,27.7012128,85.3398194,Baneshwor,1
ChIJNX14rrkZ6zkRB_x3buVbUY8,bank,Shivashree Multpurpose Co-op,bank,27.7015447,85.33619759999999,Baneshwor,1
ChIJU7TXRXQZ6zkR8eTuiJnm3Ps,bank,Get Way SACCOS,bank,27.7013374,85.34025129999999,Baneshwor,1
ChIJRyUcq-8Z6zkRlPu6osD_cn4,bank,Relation SACCOS,bank,27.7008174,85.34164369999999,Baneshwor,1
ChIJ29b8E5wZ6zkRsLWh2a7W3HA,bank,Siddhartha Bank | Old Baneshwor,bank,27.7013489,85.3402997,Baneshwor,1
ChIJrX5cF5wZ6zkRjGVqDPHNBek,bank,Orchid SACCOS,bank,27.701401,85.3401399,Baneshwor,1
ChIJhRvNGZwZ6zkRfaiQJUQifao,bank,अर्किड बचत तथा ऋण सहकारी सस्था,bank,27.7014397,85.3400898,Baneshwor,1
ChIJ6aI2Ga4Z6zkRI6se9uTKHic,bank,Chautara Multipurpose Co-op,bank,27.6878744,85.33175659999999,Baneshwor,1
ChIJe71_bpwZ6zkRNoyTbYthWFc,bank,Manjari SACCOS,bank,27.701211,85.3411028,Baneshwor,1
ChIJL6UbeLwZ6zkRS6-RdpKNESk,bank,Bijuli Bazar SACCOS,bank,27.6904706,85.32929159999999,Baneshwor,1
ChIJLeEC2o8Z6zkRqRJ9gGsaazo,bank,Bina SACCOS,bank,27.6899322,85.3452533,Baneshwor|Koteshwor,2
ChIJKSlVQ7sZ6zkRt00wSIhQ7oI,bank,Prabhu Bank Limited,bank,27.6921385,85.3284601,Baneshwor,1
ChIJ77jaN5IZ6zkRPoNPDGH-v68,bank,Paripurak SACCOS,bank,27.68719,85.342578,Baneshwor|Koteshwor,2
ChIJf7XksJMZ6zkROn-4mLUeAO0,bank,Kantipur SACCOS,bank,27.686611000000003,85.341539,Baneshwor|Koteshwor,2
ChIJERLbhJUZ6zkRWejKHv4lRI0,bank,Shubha Milan Multipurpose Co-op,bank,27.6859352,85.3349356,Baneshwor,1
ChIJyyTosvcZ6zkRsgTzqW6O6u8,bank,"Kamana Sewa Bikas Bank Ltd, Bhimsengola",bank,27.6997585,85.3441387,Baneshwor,1
ChIJIVjyUJsZ6zkRi5Q9Xqd_syM,bank,Laxmi Sunrise Bank Limited,bank,27.6998545,85.34407739999999,Baneshwor,1
ChIJq8rnWZsZ6zkRYAJPB7A_MHQ,bank,Prime Commercial Bank Ltd. Old Baneshwor Branch,bank,27.7000785,85.3439485,Baneshwor,1
ChIJy54oA3wZ6zkR2A54b6q_AKg,bank,Delight SACCOS,bank,27.6967656,85.3283258,Baneshwor,1
ChIJQeN3Do4Z6zkRpV708mIJ0rw,bank,Manab Kalyan Saving and Credit Cooperative Ltd,finance,27.6893149,85.34541100000001,Baneshwor|Koteshwor,2
ChIJ11U1Y6QZ6zkRJTByLob_eZM,bank,Nabil Bank,bank,27.697225000000003,85.328504,Baneshwor,1
ChIJ755dMF4Z6zkRfxwThiJBWlk,bank,"Shangri-la Development Bank, Anamnagar Branch",bank,27.6960684,85.328064,Baneshwor,1
ChIJ3S51jqQZ6zkRslzwdop3_fc,bank,Siddhartha Bank | Anamnagar,bank,27.6962827,85.3281197,Baneshwor,1
ChIJWfp0NrsZ6zkR0UAm3JvMYm0,bank,Ghansi SACCOS,bank,27.693586000000003,85.327748,Baneshwor,1
ChIJbV8VcQAZ6zkRD7tP9w09j6c,bank,Nepal Investment Mega Bank,bank,27.6971364,85.32839419999999,Baneshwor,1
ChIJl_rzTsQZ6zkRxwyuAGbJlqM,bank,समंरण बचतऋण सहकारी,bank,27.6987441,85.3293501,Baneshwor,1
ChIJRfeX96YZ6zkRvxYOxFNEc0g,bank,Aaprawasi SACCOS,bank,27.6890838,85.3453548,Baneshwor|Koteshwor,2
ChIJTTiwfoYZ6zkR_zQAUbxLDzk,bank,Nabil Bank Limited,bank,27.7002251,85.3441947,Baneshwor,1
ChIJW0hoSwAZ6zkR4D_RWo6cVLs,bank,Nabil bank atm,bank,27.692112,85.3471045,Baneshwor|Koteshwor,2
ChIJT4TZQgAZ6zkR86LpSsl8fnI,bank,Shreeradhe Money Enterprise PVT.LTD,bank,27.6988616,85.32893419999999,Baneshwor,1
ChIJQZDF0zsZ6zkRfakRO3lxVCM,bank,Nepal Bank Limited,bank,27.7024577,85.3408675,Baneshwor,1
ChIJM9bLN5wZ6zkRvNm6fUOPu0U,bank,Nepal SBI Bank,bank,27.7025506,85.34066430000001,Baneshwor,1
ChIJp0qidZ8Z6zkROHfNcxDF29g,bank,Everest Bank Ltd. Maitidevi Branch,bank,27.7028982,85.3354025,Baneshwor,1
ChIJD-9Ft8EZ6zkRRUKPJNaunmw,bank,Babiyakharka SACCOS,bank,27.6905269,85.3469551,Baneshwor|Koteshwor,2
ChIJz7hw9vMZ6zkRI_kaIyg1fpY,bank,Global IME Bank Limited,bank,27.6936614,85.3477764,Baneshwor|Koteshwor,2
ChIJNS3eSZwZ6zkRHgJj_1KlI6w,bank,Alfa Saving & Credit Co-Operative Limited,association_or_organization,27.702722,85.3407249,Baneshwor,1
ChIJ4cY9vr4Z6zkROOKp3B0Nf0o,bank,Sankhabudha SACCOS,bank,27.687005,85.330365,Baneshwor,1
ChIJXeJNnp8Z6zkRBgef12HA3bk,bank,Rastriya Banijya Bank Ltd.,bank,27.7031971,85.3353999,Baneshwor,1
ChIJW21kUJQZ6zkRRXKDm2g6BqM,bank,"Mint Division - Nepal Rastra Bank टक्सार महाशाखा, नेपाल रास्ट्र बैंक",bank,27.6900307,85.32771679999999,Baneshwor,1
ChIJ-R1eqLsZ6zkRMvZLCPxV1BE,bank,Majdoor SACCOS,bank,27.6867386,85.3303741,Baneshwor,1
ChIJz-FbTJwZ6zkRzHbvEKoQovw,bank,Himalayan Bank - ATM,bank,27.7029808,85.34120720000001,Baneshwor,1
ChIJEyKJILsZ6zkRju2g0BoDHjE,bank,Fieun SACCOS,bank,27.6925932,85.3266041,Baneshwor,1
ChIJp9IlW6AZ6zkRaz0YDHtzK88,bank,Agricultural Development Bank Ltd. Maitidevi Branch,bank,27.7032785,85.3344972,Baneshwor,1
ChIJ27JanZ8Z6zkRJXdR-kfajrA,bank,Citizens Bank International Limited,bank,27.7033587,85.3348178,Baneshwor,1
ChIJF8MLZlgZ6zkRjNajHNzSnE4,bank,Mangal Vinayak Cooperative,bank,27.6870842,85.3296536,Baneshwor,1
ChIJ27JanZ8Z6zkRrXevtnCLEsA,bank,"Citizens Bank, ATM",atm,27.7033779,85.33475140000002,Baneshwor,1
ChIJc85Yrp0Z6zkRhrabCKOA8yE,bank,Global IME Bank Limited,bank,27.7031619,85.34094669999999,Baneshwor,1
ChIJk_p4RwAZ6zkRKr0xjMFlkiE,bank,Machhapuchhre Bank,bank,27.7032046,85.3409312,Baneshwor,1
ChIJzaPAbwAZ6zkRaqC0l-j3N5U,bank,Everest Bank ATM,bank,27.6959175,85.3265136,Baneshwor,1
ChIJO0Ny4qQZ6zkRjZTSUF-UiFc,bank,Everest Bank Ltd,bank,27.6962131,85.3265332,Baneshwor,1
ChIJN4pc4roZ6zkR8LhT5Nf6pCY,bank,Om Sai Vinayak SACCOS,bank,27.6919384,85.32646249999999,Baneshwor,1
ChIJE_DRLOcZ6zkRDuGkpuhS5IM,bank,NMB Bank Limited,bank,27.6928736,85.32617420000001,Baneshwor,1
ChIJYyC9fpIZ6zkRJrXzFLi4p84,bank,Siddhartha Bank,bank,27.6859873,85.34434329999999,Baneshwor|Koteshwor,2
ChIJK4cLd54Z6zkRScW1DzMVDF4,bank,Humanistic Multipurpose Co-op,bank,27.7039588,85.3393143,Baneshwor,1
ChIJw1vI3L8Z6zkRhHoREtBGMFg,bank,Swo-bikash SACCOS,bank,27.684202,85.3336941,Baneshwor|Patan durbar square,2
ChIJgUubgI0Z6zkR-SjbfO_kTmQ,bank,Laxmi Sunrise Bank,bank,27.685886,85.3445874,Baneshwor|Koteshwor,2
ChIJl92xC6cZ6zkRASk5j_8Bc84,bank,Sangrila SACCOS,bank,27.7038625,85.3341524,Baneshwor,1
ChIJDasmY6QZ6zkRK_RDc5kmYtE,bank,Global IME Bank Limited,bank,27.6997355,85.3277006,Baneshwor,1
ChIJZ4qzfPIZ6zkRFj_bqwtxXHA,bank,"Sanima Bank Limited, Maitidevi Branch.",bank,27.7037982,85.3332764,Baneshwor,1
ChIJwfVNgo0Z6zkR7kG-V3jbDEk,bank,NMB Bank Limited,bank,27.685829,85.3449334,Baneshwor|Koteshwor,2
ChIJJ-iDI6AZ6zkRMtynzm_N1Do,bank,Nepal Investment Mega Bank Limited,bank,27.704036,85.33384,Baneshwor,1
ChIJ4xnkgY0Z6zkR_DYd_bn4y4g,bank,Bikash SACCOS,bank,27.6857724,85.3450039,Baneshwor|Koteshwor,2
ChIJu-exup0Z6zkR_GES3qORYuI,bank,नवकान्तिपुर बचतॠण सहकारी,bank,27.703981,85.3413779,Baneshwor,1
ChIJUze1JKAZ6zkRD-XrUWv2kQ8,bank,Nepal Investment Mega Bank Limited (NIMB) ATM,atm,27.7040762,85.3337001,Baneshwor,1
ChIJaxRPgSUZ6zkR2XMRieXhFV0,bank,"Kamana Sewa Bikash Bank Ltd, Shantinagar Ext. Counter",bank,27.6887536,85.347954,Baneshwor|Koteshwor,2
ChIJ4cyGm8AZ6zkR1CRCntvrWmA,bank,"कुमारी बैंक लिमिटेड, शंखमूल",bank,27.6836189,85.33349969999999,Baneshwor|Patan durbar square,2
ChIJD8tgnY0Z6zkRWmgbDcw4_qs,bank,Prarambha SACCOS,bank,27.6857467,85.3454726,Baneshwor|Koteshwor,2
ChIJpfFZvb8Z6zkRvMw8tdU4xAo,bank,Shantidoot SACCOS,bank,27.6839157,85.3324201,Baneshwor|Patan durbar square,2
ChIJt4VZdo0Z6zkRHF9L-vvtwHE,bank,Sabhya Samaj Sakos,bank,27.6856258,85.3454929,Baneshwor|Koteshwor,2
ChIJRSlDo50Z6zkR75lq--y36Yo,bank,Capital Merchant Banking and Finance Ltd.,bank,27.704332,85.34156,Baneshwor,1
ChIJNWkfqo0Z6zkRymrhJvw7qqk,bank,Hilltop Junar Multipurpose Co-op,bank,27.6862864,85.3464532,Baneshwor|Koteshwor,2
ChIJ71ww_58Z6zkR4OUTUEnd7aM,bank,ICFC Finance Ltd.,finance,27.7041383,85.3323303,Baneshwor,1
ChIJF-_ypo0Z6zkRSIYA1wM17WA,bank,Trisundari SACCOS,bank,27.686079,85.346375,Baneshwor|Koteshwor,2
ChIJ0YyKCo0Z6zkRKE5dzgvQRYs,bank,Commerce Bank Limited,bank,27.6856274,85.3459882,Baneshwor|Koteshwor,2
ChIJf2fTruoZ6zkRFPDBPQ2iYwE,bank,Shraddha Saburu SACCOS,bank,27.6997232,85.34835620000001,Baneshwor,1
ChIJjxS5MIQZ6zkRXyxGJhhZYqE,bank,Real SACCOS,bank,27.7042034,85.3319678,Baneshwor,1
ChIJFeDCDAAZ6zkR2KS4f4Ca4YQ,bank,Progressive Finance Limited - Corporate Office,bank,27.6856366,85.34603550000001,Baneshwor|Koteshwor,2
ChIJvXbtU0YZ6zkRAsMqak6J0wo,bank,prime bank LTD shankhamul branch,bank,27.6831519,85.3332001,Baneshwor|Patan durbar square,2
ChIJb7H5N18Z6zkRK3HrMbQR_QI,bank,Sadbhab Multipurpose Co-op,bank,27.6830951,85.3330812,Baneshwor|Patan durbar square,2
ChIJ98Qjqo0Z6zkRTFw4vW9hohE,bank,Junar SACCOS,bank,27.6860166,85.34689329999999,Baneshwor|Koteshwor,2
ChIJl4Z6AQAZ6zkRWBEed5FeiIY,bank,NMB Bank Cash Deposit machine,bank,27.6934785,85.32431040000002,Baneshwor,1
ChIJexy_gY0Z6zkRtmvUiSQd4MM,bank,Global IME Bank Limited,bank,27.685581,85.3466078,Baneshwor|Koteshwor,2
ChIJ9229rOoZ6zkRB_7qnIW436E,bank,Eco Care SACCOS,bank,27.6824064,85.33466820000001,Baneshwor|Patan durbar square,2
ChIJJ1eNaDsZ6zkRf1loJwlbzOU,bank,Money Care SACCOS,bank,27.7043258,85.33092959999999,Baneshwor,1
ChIJFR96oKAZ6zkRWfk0nj799qw,bank,ATM-NICASIA Bank,bank,27.6939067,85.32396969999999,Baneshwor,1
ChIJw2ks7qYZ6zkRwBfG0CBaCpQ,bank,Laxmi Sunrise Bank Limited,bank,27.701801,85.3272458,Baneshwor,1
ChIJHQAAHp0Z6zkRjnm84YqsZbg,bank,Siddhartha Bank Limited,bank,27.6826263,85.33316289999999,Baneshwor|Patan durbar square,2
ChIJ78-izI8Z6zkRZuFPr9t63Co,bank,"Citizens Bank, Sinamangal branch",bank,27.697029800000003,85.35040509999999,Baneshwor,1
ChIJL-k36b8Z6zkRgFN_6U1LVKE,bank,Laxmi Sunrise Bank Limited,bank,27.6825984,85.3328906,Baneshwor|Patan durbar square,2
ChIJ7azCVAAZ6zkRLM49gkHp95M,bank,NIC ASIA Bank Dillibazar Branch,bank,27.7046984,85.3311635,Baneshwor,1
ChIJZfkhKE0Z6zkRNnRrjH3k4Ro,bank,Sukrapath Multipurpose Co-op,bank,27.6862312,85.34790269999999,Baneshwor|Koteshwor,2
ChIJoS7SgbAZ6zkRK-MHwg92D5Y,bank,Unnayan SACCOS,bank,27.6907002,85.32396179999999,Baneshwor|Pulchowk,2
ChIJWZXvG40Z6zkRQNZX--rO9ms,bank,Chase SACCOS,bank,27.6848071,85.3468134,Baneshwor|Koteshwor,2
ChIJb4bhvaAZ6zkRfInNQPLd7PI,bank,Sangam SACCOS,bank,27.7046924,85.3303723,Baneshwor,1
ChIJd_6hu6AZ6zkRiD8bMXDTKj0,bank,Global IME Bank Limited,bank,27.7047217,85.330243,Baneshwor|Durbar Marg,2
ChIJoXm34YgZ6zkRWEKyO-6HRwA,bank,Nhu SACCOS,bank,27.6918823,85.351321,Baneshwor|Koteshwor,2
ChIJuxZoY7AZ6zkRKLoa6htcqMQ,bank,Safal SACCOS,bank,27.691203,85.32323,Baneshwor,1
ChIJ1ZiiJX4Z6zkRWgw15QNLzKs,bank,Samyukta Shakti SACCOS,bank,27.7042803,85.3287641,Baneshwor|Durbar Marg,2
ChIJiQ6SSacZ6zkRN5rBnPDsd0E,bank,United Power SACCOS,bank,27.7042757,85.3287455,Baneshwor|Durbar Marg,2
ChIJ6xFN2HcZ6zkRv3U1Wl_9kfk,bank,NIC ASIA Bank Battisputali Branch,bank,27.7059152,85.3428041,Baneshwor,1
ChIJY_DZg8AZ6zkRFJ0xYxt2b_E,bank,Ugartara Bahuudhesyiya Co-op,bank,27.682151,85.331372,Baneshwor|Patan durbar square|Pulchowk,3
ChIJ88M11HcZ6zkRDa8k-LzOsJA,bank,Agricultural Development Bank Ltd. Banking Main Branch Office Old Baneshwor,bank,27.7062522,85.3422653,Baneshwor,1
ChIJi1wJOOIZ6zkReQrpngOsNGk,bank,ज्ञान ज्योति महिला उत्थान सहकारी,bank,27.6814277,85.33293300000001,Baneshwor|Patan durbar square,2
ChIJt0gbMx8Z6zkRayyOBFXvmSI,bank,NIC Asia Bank Ltd.,bank,27.6809768,85.3397896,Baneshwor|Koteshwor,2
ChIJzQ2RvCEZ6zkRmptwOtr25mg,bank,Gyanjoti SACCOS,bank,27.6814228,85.3328576,Baneshwor|Patan durbar square,2
ChIJEa4UkrAZ6zkRKD4403iXGdU,bank,Grahak Upayogi SACCOS,bank,27.690074,85.322912,Baneshwor|Pulchowk,2
ChIJJ7P3RpYZ6zkRuvu5kF_gyc4,bus_stop,New Baneshwor,bus_stop,27.6903878,85.335801,Baneshwor,1
ChIJ6ZBoW5EZ6zkRcQ_r-OfPFnY,bus_stop,"Minbhawan Bus Stop, Kathmandu, Central Region, Nepal",bus_stop,27.6891626,85.3403905,Baneshwor|Koteshwor,2
ChIJ4_zoBpYZ6zkRafFfnioGiVI,bus_stop,New Baneshwor Bus Stop,bus_stop,27.6885866,85.33471320000001,Baneshwor,1
ChIJs8WU2ZUZ6zkRqxVxEj4N3-4,bus_stop,New Baneshwor Bus Stand,bus_stop,27.6881061,85.33615139999999,Baneshwor|Koteshwor,2
ChIJnZDv0JUZ6zkRV1wqgs-tcIo,bus_stop,New Baneshwor Bus Stop,bus_stop,27.687908,85.336353,Baneshwor|Koteshwor,2
ChIJ_w5UspoZ6zkR99-XfN8cQfA,bus_stop,कात्यायनी चोक,bus_stop,27.6954215,85.3444523,Baneshwor|Koteshwor,2
ChIJedF1D5QZ6zkRZoFsL_XL7C4,bus_stop,Minbhawan Bus Stand,bus_stop,27.6876886,85.3389892,Baneshwor|Koteshwor,2
ChIJp5uGk7wZ6zkRT9u9srdKeIc,bus_stop,Bijulibazar,bus_stop,27.6921993,85.3302326,Baneshwor,1
ChIJQzbvE5QZ6zkR1qcNuokX4wc,bus_stop,Minbhawan Bus Stop,bus_stop,27.687327,85.338555,Baneshwor|Koteshwor,2
ChIJXWLINrsZ6zkRhay8CoP4-h4,bus_stop,Hanumansthan Bus Stop,bus_stop,27.6934254,85.3275591,Baneshwor,1
ChIJkWZ2Cp8Z6zkR0wampVSHjIQ,bus_stop,Seto Pool,bus_stop,27.703005,85.3358073,Baneshwor,1
ChIJwZV-BKQZ6zkRdKN4Ar5XaZA,bus_stop,Anamnagar Bus Stop,bus_stop,27.6994643,85.32865939999999,Baneshwor,1
ChIJg-ntBqQZ6zkRGIYX3ox0LLs,bus_stop,Ghattekulo Bus Stop,bus_stop,27.6994655,85.328603,Baneshwor,1
ChIJtwZHmY0Z6zkRHgjoUPtMmlw,bus_stop,Tinkune Bus Stand,bus_stop,27.6862127,85.3456729,Baneshwor|Koteshwor,2
ChIJt9SWRKAZ6zkRzI6wbGzRaro,bus_stop,Maitidevi chowk,bus_stop,27.703941,85.33246009999999,Baneshwor,1
ChIJwTvqmboZ6zkRCjcVnQUxvIE,bus_stop,Babar Mahal Bus Stand,bus_stop,27.6920682,85.324449,Baneshwor,1
ChIJa5HtZIYZ6zkRE6iYfv8X4Uc,bus_stop,Tara Hal Chowk Bus Stop,bus_stop,27.6971845,85.35056229999999,Baneshwor,1
ChIJwQnyZIYZ6zkRN25TQPWr0CM,bus_stop,Tara Hall Chowk,bus_stop,27.697181000000004,85.35056600000001,Baneshwor,1
ChIJAWCrsqAZ6zkRmDDAk5XTRXw,bus_stop,Dillibazar Pipalko Bot Bus Stop,bus_stop,27.7049619,85.3291342,Baneshwor|Durbar Marg,2
ChIJh_4NaKcZ6zkR_g8LO-Gyddo,cinema,One Cinemas Baneshwor,movie_theater,27.6921948,85.3363684,Baneshwor,1
ChIJd3VgFB4Z6zkRH-F-M8zoQP0,cinema,iNi Cinemas - NB Center,movie_theater,27.6877282,85.33567239999999,Baneshwor|Koteshwor,2
ChIJ5zl09xQZ6zkRwDRYleoIRJo,cinema,National School of Film & Television (NSFT),,27.6886523,85.33286679999999,Baneshwor,1
ChIJaRP2bgcZ6zkRH5BBa7Nj6h8,cinema,Camera person,event_venue,27.6976913,85.3297752,Baneshwor,1
ChIJEZ_k9D8Z6zkRn1FgZvsC_As,clinic,SARWASU POLYCLINIC PVT. LTD.,medical_clinic,27.6937894,85.3371374,Baneshwor,1
ChIJgz1qCkJ8oUURY-kCgYzjxeI,clinic,Bharosa Dental Care,dental_clinic,27.6943712,85.3370187,Baneshwor,1
ChIJGa1fSAAZ6zkRpkp4xUTfkdk,clinic,HOne Korean Therapy New Baneshwor,medical_clinic,27.693477500000004,85.3370437,Baneshwor,1
ChIJw-5A5twZ6zkRfWtzkK5L8pA,clinic,Lord of Dental,dental_clinic,27.6952217,85.33744279999999,Baneshwor,1
ChIJeeBNXsUZ6zkRqLNYSLtgq-M,clinic,Smilemax Dental & Maxillofacial Care,dental_clinic,27.6952574,85.33776250000001,Baneshwor,1
ChIJxQTQi7neKiMRpBtCnFczyeM,clinic,Liver and Digestive Disease Center (LDDC),medical_clinic,27.6938809,85.3389066,Baneshwor,1
ChIJQZP0xJkZ6zkR643Zh6hhroc,clinic,Cutiscare,skin_care_clinic,27.6953249,85.33772119999999,Baneshwor,1
ChIJyUUsGQAZ6zkR00munaCIuZo,clinic,AURA HEALTH CLINIC,medical_clinic,27.6928603,85.33636609999999,Baneshwor,1
ChIJlyaUt5kZ6zkRZeDeO_Ecbm0,clinic,Ganga Heart Clinic Private Limited.,medical_clinic,27.6953391,85.3369788,Baneshwor,1
ChIJX1DAFYYY6zkRXp8AznmY-6A,clinic,Mayas Beauty Parlour and Training Center,beauty_salon,27.6925715,85.3361225,Baneshwor,1
ChIJmWH9CwAZ6zkRI4aHenlN0WE,clinic,Civil Dental Home,dental_clinic,27.6957571,85.33766829999999,Baneshwor,1
ChIJF_VLMQAZ6zkRe4yNReq4l6I,clinic,Civil Dental Home,dental_clinic,27.6957566,85.3376938,Baneshwor,1
ChIJ-y1UZ7UZ6zkR9cKsTFgUVGk,clinic,Smile Connect Dental Clinic,dental_clinic,27.6923458,85.33581029999999,Baneshwor,1
ChIJQ3GXEpYZ6zkRmY3qlKy6ekI,clinic,ओम दन्त क्लिनिक र दन्त चिकित्सा प्रत्यारोपण केन्द्र,dental_clinic,27.6917056,85.3363093,Baneshwor,1
ChIJEwyKQBIZ6zkRm92GqDAc8O8,clinic,CAMS (Center for American Medical Specialists),medical_center,27.6911874,85.3373823,Baneshwor,1
ChIJ5YbXSPYZ6zkRtYOoLPQFpzc,clinic,Poonam Beauty Academy,educational_institution,27.691403,85.3360872,Baneshwor,1
ChIJt42OBgAZ6zkRyVVvouGW-s8,clinic,Happy Nepal Mental Health Care,medical_clinic,27.6948582,85.3405141,Baneshwor,1
ChIJDxFbXQAZ6zkRz4Ze_1NtWLA,clinic,Dental Care Center,dental_clinic,27.6911332,85.336142,Baneshwor,1
ChIJ-e34TZYZ6zkRGczxZcWC3Ng,clinic,Dental Care Hospital,dental_clinic,27.6910917,85.33612219999999,Baneshwor,1
ChIJm5YNgbkZ6zkRT_qtxkzu2Mk,clinic,Invisalign Nepal,dental_clinic,27.6909375,85.3365625,Baneshwor,1
ChIJk8nvEgAZ6zkRkOyNR1criwM,clinic,Aadarsh Ayurved Pharma,medical_clinic,27.6908514,85.33726399999999,Baneshwor,1
ChIJIVAQn5AZ6zkRPjnsMQ8WZo0,clinic,Banjara Ayurvedic Clinic,medical_clinic,27.6941637,85.3409002,Baneshwor,1
ChIJC6lrBA4Z6zkR4CVc28V7HaI,clinic,Samaj Dental Hospital,hospital,27.6909243,85.3365381,Baneshwor,1
ChIJRaCDUZYZ6zkR-b2hol9KcYQ,clinic,मेट्रो आँखा क्‍िलनीक,store,27.69093,85.336382,Baneshwor,1
ChIJtyTwwJAZ6zkRCoPU-eKOHdQ,clinic,Good Life Physiotherapy and Sports Injury Clinic,medical_clinic,27.6927856,85.34069000000001,Baneshwor|Koteshwor,2
ChIJm35qQdMZ6zkR-yhX1G4BS1E,clinic,"Dr Anupama Suwal Gurung Venus IVF center and obs and gynecology center in Kathmandu, Nepal",doctor,27.6972234,85.3376512,Baneshwor,1
ChIJTwRk25YZ6zkRE7e1wn2qopc,clinic,Samaj Dental Care Clinic Pvt. Ltd,dentist,27.6907893,85.338504,Baneshwor|Koteshwor,2
ChIJtTBdIC4Z6zkREVAJCs0XLwg,clinic,WiseCare Pharmacy/ Clinic,medical_clinic,27.695394,85.34090719999999,Baneshwor,1
ChIJoSUQSZYZ6zkRf2CrH7fIre8,clinic,Sahkha Pharmacies,medical_clinic,27.690815,85.33579300000001,Baneshwor,1
ChIJZajcs7cZ6zkRLvMvUlE656A,clinic,Healthy Home Baneshwor Branch,health,27.6973261,85.3389802,Baneshwor,1
ChIJ1VQERpYZ6zkRCNyDikOEHwU,clinic,Global View Travel & Tours,medical_clinic,27.6905787,85.3357783,Baneshwor,1
ChIJvQjCoz4Z6zkRLHGezWMbAkA,clinic,Smile Dentistry Dental Clinic,dental_clinic,27.6976166,85.33586729999999,Baneshwor,1
ChIJ00KBl3MZ6zkRclhpZBzdWbM,clinic,Smile Station Dental Clinic,dental_clinic,27.6979354,85.33773099999999,Baneshwor,1
ChIJ-U6gOJYZ6zkRNTBPWDQUaK8,clinic,बुखारवाला दन्त,dental_clinic,27.690289,85.3355809,Baneshwor,1
ChIJSSupI5EZ6zkRas1_7flFQEE,clinic,Bibha Eye Clinic,medical_clinic,27.6909635,85.3405698,Baneshwor|Koteshwor,2
ChIJkTGtp98Z6zkRHNPFMu5zySM,clinic,Sahaj Dental Care,dental_clinic,27.6910422,85.33392680000001,Baneshwor,1
ChIJtWuzGgsZ6zkRlC141StlwEw,clinic,Aaram dental care home,dental_clinic,27.6900173,85.3355808,Baneshwor,1
ChIJz8bN4KgZ6zkRJ54H64USokY,clinic,Sagarmatha Optical,medical_clinic,27.6899311,85.33560519999999,Baneshwor,1
ChIJT8E4fgAZ6zkRk2tclXzMxsM,clinic,Unique dental art,dental_clinic,27.6966222,85.341487,Baneshwor,1
ChIJqZzEapYZ6zkRHdKsbzABd_Y,clinic,Chatramaharaj Ayurved Center,medical_clinic,27.6897001,85.3355684,Baneshwor,1
ChIJkRbP6aIZ6zkRTY_VOmjX9P0,clinic,krizu pharmacy,medical_clinic,27.6957274,85.33260589999999,Baneshwor,1
ChIJc1R9FJYZ6zkRygO5rYsawzA,clinic,Vinayak Dental Clinic विनायक दन्त चिकित्सा क्लिनिक।,hospital,27.689573,85.3354619,Baneshwor,1
ChIJu_nup84Z6zkRzNv_8-y-r8A,clinic,Usha Health Care Service At Home Pvt. Ltd.,medical_clinic,27.6915196,85.3420486,Baneshwor|Koteshwor,2
ChIJtcinZwAZ6zkR3JB7SzwQj0o,clinic,Oli pharmacy,medical_clinic,27.6915196,85.3420486,Baneshwor|Koteshwor,2
ChIJXY5bcwAZ6zkROv-pkVACa4A,clinic,Chakku pakkhu,medical_clinic,27.6915196,85.3420486,Baneshwor|Koteshwor,2
ChIJG4NHYQAZ6zkRuSP49b1wn3Q,clinic,Om shanti clinic,medical_clinic,27.6915196,85.3420486,Baneshwor|Koteshwor,2
ChIJmRB8Pr8Z6zkREzF2F492b94,clinic,Glister Dental Home P.Ltd,medical_clinic,27.6915196,85.3420486,Baneshwor|Koteshwor,2
ChIJL-xPTQAZ6zkRS5frSumImOw,clinic,kathmandu,skin_care_clinic,27.6915196,85.3420486,Baneshwor|Koteshwor,2
ChIJPQwlgU4Z6zkRmHH9VV0xDwo,clinic,Welcare Dental Clinic,dental_clinic,27.6913706,85.3327018,Baneshwor,1
ChIJjfm3EpYZ6zkRV1EQW_viONM,clinic,CREATION DENTAL HOME PVT.LTD.,dental_clinic,27.689196,85.33555,Baneshwor,1
ChIJaQwQoax_xCQRpbIaHRGYIkc,clinic,Anahata Counseling,health,27.6904962,85.3330525,Baneshwor,1
ChIJz2T4AeMZ6zkRlMkqD0WTbmc,clinic,"Let's Smile Dental Clinic, Thapa gaun",medical_clinic,27.6911581,85.3324343,Baneshwor,1
ChIJO01CRAAZ6zkRQ6em-3vFs7I,clinic,sangam chowk marga,medical_clinic,27.6927986,85.34318359999999,Baneshwor|Koteshwor,2
ChIJeaKmktEZ6zkR-TkWdW1jC24,clinic,"Dental Specialist, Dr. Anand Verma ( Bir Hospital, NAMS), Miteri Marg.",dental_clinic,27.6981209,85.34109459999999,Baneshwor,1
ChIJ8_D0QoYZ6zkRLUUALfVhkus,clinic,Easy traders and suppliers Pvt.ltd,medical_clinic,27.6952241,85.3315583,Baneshwor,1
ChIJPS4upD4Z6zkRQMu746ybQ-Q,clinic,Manodarshan Psychological Concern,medical_clinic,27.6952595,85.331525,Baneshwor,1
ChIJNf2KcQAZ6zkRotPsYtJUMkk,clinic,Braces and Dental Care,dental_clinic,27.6992535,85.33840990000002,Baneshwor,1
ChIJUz_3DakZ6zkR98MaJSUekEA,clinic,Looks Studio Hair Transplant Clinic | Kathmandu | Nepal,medical_clinic,27.6890489,85.3349071,Baneshwor,1
ChIJoz49obYZ6zkR7V0ObKRqw8Y,clinic,Das Law and Associates,medical_clinic,27.6919363,85.33171860000002,Baneshwor,1
ChIJIVTd1BYZ6zkRTELivdwbj-s,clinic,Kathmandu Clear aligner center,dental_clinic,27.699435,85.3386536,Baneshwor,1
ChIJrUcIgz0Z6zkRKr38BN2pLhM,clinic,Mental Health Society of Nepal,medical_clinic,27.6995461,85.3383003,Baneshwor,1
ChIJmV1Mk_GQXiERhTxMTmxw7_c,clinic,Dr Prerna Jha,doctor,27.6891706,85.3338278,Baneshwor,1
ChIJ4ZsJ-b0Z6zkRHXc3awxL7fw,clinic,Ananeke Beauty Salon & Spa,beauty_salon,27.6888758,85.3341781,Baneshwor,1
ChIJ9RBfQ24Z6zkR6AEv0vWV8Co,clinic,Om Shanti Dental Care,dental_clinic,27.6985766,85.3415224,Baneshwor,1
ChIJyXnCVscb6zkRSsEgy756Yuc,clinic,Navajyoti Vision Therapy& Eye Clinic,health,27.6950575,85.3442523,Baneshwor|Koteshwor,2
ChIJu8NVdQAZ6zkRXJxFNmvp7EE,clinic,Kusum Ganga Complex,medical_clinic,27.6878047,85.3365628,Baneshwor|Koteshwor,2
ChIJAUwmWbcZ6zkRtkpFM6tRELM,clinic,Iris Vision Care - New Baneshwor,medical_clinic,27.6878196,85.3363057,Baneshwor|Koteshwor,2
ChIJi4jSfaMZ6zkRkpffkAvso9o,clinic,"Drishti Eye Care,Baneshwor",medical_clinic,27.6877434,85.33679339999999,Baneshwor|Koteshwor,2
ChIJ02qbk40Z6zkRlcf8jM56lwc,clinic,Toothbu,dental_clinic,27.6877426,85.3365894,Baneshwor|Koteshwor,2
ChIJc5WBAL4Z6zkR53VPshgJGHo,clinic,New Oral & Dental Clinic,dental_clinic,27.688408300000003,85.333941,Baneshwor,1
ChIJx33FchwZ6zkRr-xZZq--s-M,clinic,Neevan,medical_clinic,27.6993992,85.3411113,Baneshwor,1
ChIJbcuexb0Z6zkRAPmcju2aGHs,clinic,Korean Aesthetic Let Me in New Baneshwor,doctor,27.6893496,85.3324248,Baneshwor,1
ChIJo9uRWAAZ6zkRDq-uOpeAtIQ,clinic,Kairavi Pharmacy,medical_clinic,27.6896086,85.3426408,Baneshwor|Koteshwor,2
ChIJ_4yx-BEZ6zkRZMBS7616gm0,clinic,Chirayu DentCare,dental_clinic,27.6922137,85.33044819999999,Baneshwor,1
ChIJYf2nR3UZ6zkRpXsHm3Nq7Jg,clinic,Bagmati TV Finance,medical_clinic,27.6899661,85.33174110000002,Baneshwor,1
ChIJUzG8HgAZ6zkRirjIBtO5I0k,clinic,Alora Skincare and Cosmetics,cosmetics_store,27.6877623,85.3355912,Baneshwor,1
ChIJiTDeYNkZ6zkRsKtZXYdSH1Y,clinic,"Nava Derma Skin Laser Aesthetics , New Baneshwor",medical_clinic,27.6884262,85.333713,Baneshwor,1
ChIJnY9h6yMZ6zkRMggo7c-TKfY,clinic,KCC City Clinic,medical_clinic,27.6875207,85.3374979,Baneshwor|Koteshwor,2
ChIJgUYSCAAZ6zkR41iHFXmt1B0,clinic,NewLife IVF & fertility center - Best IVF center in Nepal,medical_clinic,27.6892024,85.33244169999999,Baneshwor,1
ChIJU3I-WAAZ6zkRGG4HAPCRwfY,clinic,Nepal Derma - The Skin Care Hospital,skin_care_clinic,27.696402000000003,85.344139,Baneshwor,1
ChIJvYJss1AZ6zkR_vMXD8n3V0o,clinic,Dr.Salma Banu,medical_clinic,27.6891968,85.3324387,Baneshwor,1
ChIJNwH2FgAZ6zkRZvxhgXkmJtc,clinic,Nivaran Dental and Healthcare Clinic,dental_clinic,27.6967384,85.343983,Baneshwor,1
ChIJWXNvdD0Z6zkRMM4IEy_eOaM,clinic,"Dr. Subash Khadka ENT, Head & Neck Surgeon",doctor,27.6883782,85.3335907,Baneshwor,1
ChIJ75aZhMgZ6zkRe8mjAOH8suU,clinic,Chirayu Physiotherapy Clinic,medical_clinic,27.6922119,85.330291,Baneshwor,1
ChIJefGHU64Z6zkR_kTGRlJ0xJI,clinic,Civil Dental Service,dental_clinic,27.6874735,85.3383958,Baneshwor|Koteshwor,2
ChIJsbLczJUZ6zkRIVieVZeJcQI,clinic,अल मसुर डाईग्‍नोष्‍टिक,medical_clinic,27.6874319,85.33671249999999,Baneshwor,1
ChIJp9nOqjEZ6zkRFKVdYe5e7ik,clinic,Yoga Life Studio- Yogic Therapy & Meditation Centre,yoga_studio,27.698371800000004,85.34286949999999,Baneshwor,1
ChIJqVZattsZ6zkRBVcSe3o4E6I,clinic,SPARSHA NEPAL OST EXTENDED SITE Old baneshwor,medical_clinic,27.7004744,85.33880959999999,Baneshwor,1
ChIJLRQ_AwkZ6zkR0QjU3vVRF74,clinic,Down Syndrome Support Health Association (DSSHA-Nepal),medical_clinic,27.687324900000004,85.3376577,Baneshwor|Koteshwor,2
ChIJozwqy70Z6zkRprxAHyR017s,clinic,Medicure Lifescience Pvt .Ltd.,medical_clinic,27.6895504,85.3316689,Baneshwor,1
ChIJP4vOBpwZ6zkRSQZngLNkSgc,clinic,Potential Physiotherapy Clinic,medical_clinic,27.7004745,85.3398146,Baneshwor,1
ChIJ4QjtXgwZ6zkRex8BShYLyk4,clinic,Panas Dental Clinic,dental_clinic,27.6937492,85.3451367,Baneshwor|Koteshwor,2
ChIJM6vpJgAZ6zkRK2P6tQqMzFc,clinic,Holistic Healthcare Clinic (Homeopathy),medical_clinic,27.7005499,85.3396928,Baneshwor,1
ChIJdTHeUQAZ6zkR_bOiijprZRA,clinic,The ShadeHouse NP,medical_clinic,27.6893533,85.3315713,Baneshwor,1
ChIJ2SDCPuMZ6zkRYN6m-WsWh4E,clinic,Kartikswami Medical and HealthCare Pvt.Ltd.,medical_clinic,27.6972982,85.3305242,Baneshwor,1
ChIJ8ZudSDcZ6zkR41Ed1sYHHsI,clinic,The Clinica (Medical & Dental Center),medical_center,27.6886875,85.33206249999999,Baneshwor,1
ChIJfdMP5JkZ6zkRJKtioZhUZes,clinic,Ortho Spine and pain clinic(Dr Santosh kumar bashyal),medical_center,27.6886875,85.33206249999999,Baneshwor,1
ChIJJQPgagAZ6zkR6aF_5WhDtgs,clinic,Talk 2 Ragini,medical_clinic,27.6878502,85.34144049999999,Baneshwor|Koteshwor,2
ChIJySnLTd4Z6zkRIiNl158C_HY,clinic,Vardhan IVF Nepal,medical_clinic,27.7007895,85.33960569999999,Baneshwor,1
ChIJYWDeL8kZ6zkRaiYRF8hK0Sg,clinic,ASG Eye Hospital,medical_clinic,27.6898667,85.3308046,Baneshwor,1
ChIJ3enV-s0Z6zkRsA4EGII_Ntk,clinic,Samarpan Health Care Centre,medical_clinic,27.692371800000004,85.32953189999999,Baneshwor,1
ChIJHUMGsZwZ6zkRMa9P-gcAJ28,clinic,Healthy Life Sewa Pvt. Ltd.,medical_clinic,27.7001626,85.3415325,Baneshwor,1
ChIJDTnILbwZ6zkRPO3Z2MJS30k,clinic,Alfa Health Care & Diagnostic Center (Alfa Care Nepal),medical_clinic,27.6889411,85.331496,Baneshwor,1
ChIJ0RMDRgAZ6zkRWP4JZGHr7Q0,clinic,Asterisks skin and hair clinic,skin_care_clinic,27.6995996,85.3426602,Baneshwor,1
ChIJmwfok2wZ6zkRP7wCCU1fK1s,clinic,Manual Therapy -M.T. Hospital_Baneshwor,medical_clinic,27.6873302,85.3410341,Baneshwor|Koteshwor,2
ChIJ-6ppJo4Z6zkRosmTYOnmoNc,clinic,DIAGNOSTIC Health Lab,medical_clinic,27.6907665,85.34490219999999,Baneshwor|Koteshwor,2
ChIJ8y1jX4UZ6zkR_3WU4jR-fGY,clinic,Mr. katyayani pharmacy and clinic,pharmacy,27.694583,85.345721,Baneshwor|Koteshwor,2
ChIJTy_3jB4Z6zkRBW1iugU-TtI,clinic,Elite Dental Clinic Pvt. Ltd.,dental_clinic,27.7010354,85.33992719999999,Baneshwor,1
ChIJZ5szmTwZ6zkRF_nmqiC4oeg,clinic,Manual Therapy centre,medical_clinic,27.6872989,85.34111,Baneshwor|Koteshwor,2
ChIJm3wejHkZ6zkR8ts8U4cvkJM,clinic,Center for Psychological Health and Emotional Wellbeing Nepal,medical_clinic,27.6951279,85.3456937,Baneshwor|Koteshwor,2
ChIJ9-0PPgAZ6zkRBYcyqh5m4Xc,clinic,A,dental_clinic,27.7004851,85.3415902,Baneshwor,1
ChIJi_RYlg4Z6zkRRsu9AnnrGYM,clinic,Eyemate Newbaneshwor,medical_clinic,27.6897765,85.33022090000001,Baneshwor,1
ChIJu5qhIZ8Z6zkRQcIN4j5-b4M,clinic,Mount Everest Kennel Club,pet_store,27.7015881,85.3368017,Baneshwor,1
ChIJaymEcJwZ6zkRR3XCyJBLFQ0,clinic,SUMMIT DENTAL CLINIC,medical_clinic,27.7007754,85.34137229999999,Baneshwor,1
ChIJOzwSUgAZ6zkRRXgKnkyK_ZI,clinic,Ragini's Healing centre,medical_clinic,27.6960083,85.3457596,Baneshwor|Koteshwor,2
ChIJKXstx_AZ6zkRdm-Lwnl0zwA,clinic,PRATEEK DENTAL,dental_clinic,27.6976913,85.3297752,Baneshwor,1
ChIJsyCoMQAZ6zkRuC-UFTACE4k,clinic,Perfect Dental Care Center,dental_clinic,27.7006424,85.3417559,Baneshwor,1
ChIJReANFBYZ6zkRp_9n9ZqV5ZE,clinic,Health Horizons Pharmacy (PHARMEX),medical_clinic,27.6878489,85.3318675,Baneshwor,1
ChIJ7z7jh5UZ6zkRPnaDvuNN4cA,clinic,Third Eye Eye shop,medical_clinic,27.6904028,85.3295069,Baneshwor,1
ChIJRc3fGgAZ6zkRTMIEDZHliho,clinic,B.M Dental Care (Old Baneshwor Branch),dental_clinic,27.701484,85.33984210000001,Baneshwor,1
ChIJXzQT9NIZ6zkRbgYJln_GHV8,clinic,Dentmark Surgical Concern,medical_clinic,27.7016046,85.33525499999999,Baneshwor,1
ChIJAb_nm54Z6zkRRRA85hFRIl0,clinic,Model Medical Center Pvt. LTD.,medical_center,27.7017539,85.3390307,Baneshwor,1
ChIJe71_bpwZ6zkRQq0M2olvA3w,clinic,Sindhu Dental Hospital,dental_clinic,27.701211,85.3411028,Baneshwor,1
ChIJGfLhN464w6MRISqMvfOlRWc,clinic,Eye Club shantinagar gate,medical_clinic,27.6879206,85.3432706,Baneshwor|Koteshwor,2
ChIJ80uDiIIZ6zkRV3IgCT7R4Jc,clinic,Canbro Skin Care - Dermatologist-Approved Brand in Nepal,,27.687562300000003,85.34277519999999,Baneshwor|Koteshwor,2
ChIJE12eH6QZ6zkRUAnl8FO1cP0,clinic,Kathmandu Clinic Of Cosmetic Surgery,skin_care_clinic,27.6973695,85.3292003,Baneshwor,1
ChIJhY8E5VAZ6zkRh02bjVdx_Ts,clinic,Batika Pharmacy,pharmacy,27.686153,85.33500409999999,Baneshwor,1
ChIJ0yznVqIZ6zkRq9osHeSYPq4,clinic,सुनगाभा आयुर्वेद क्लिनिक,medical_clinic,27.6870506,85.3421613,Baneshwor|Koteshwor,2
ChIJ87RYkvsZ6zkRZL0-5ZavCX8,clinic,Akarshan Skin And Hair Clinic,doctor,27.6873522,85.34271609999999,Baneshwor|Koteshwor,2
ChIJ9WHvDbwZ6zkRNN9UIVb-6ac,clinic,Nepal Skin Hospital Pvt Ltd,hospital,27.6894255,85.329754,Baneshwor,1
ChIJ3U0jGqQZ6zkRmjf7cgB2bpc,clinic,Smile Garden Dental Clinic,dental_clinic,27.7020943,85.3387281,Baneshwor,1
ChIJE06y8RgZ6zkR4h02kT9XpaE,clinic,Subha Kamana Pharmacy,medical_clinic,27.686631100000003,85.3329918,Baneshwor,1
ChIJYQmosXEZ6zkRCtkAPDoL8qg,clinic,Hamrohealthfit,fitness_center,27.6999886,85.34386889999999,Baneshwor,1
ChIJGwDogIsZ6zkRgUlv9e2rlgY,clinic,Cupping / Hijma Therapy,medical_clinic,27.6999848,85.3438772,Baneshwor,1
ChIJJfVa5qQZ6zkRPTL0UqwmGn8,clinic,Urban Health Promotion Center - Bhimsengola KMC 31,medical_clinic,27.6996089,85.34430569999999,Baneshwor,1
ChIJXa0wPAAZ6zkRWZxl0GJ9nQU,clinic,Dr. Physiotherapy (फिजियोथेरापी)Civil Hospital,medical_clinic,27.6858952,85.3397755,Baneshwor|Koteshwor,2
ChIJA6ZlEY4Z6zkR-SD0plkmlQc,clinic,Shantinagar Dental Clinic Pvt. Ltd.,dental_clinic,27.6896872,85.3454848,Baneshwor|Koteshwor,2
ChIJVYuyiLsZ6zkRHACFQHlLZdc,clinic,Infertility Centre,medical_clinic,27.6902544,85.3289033,Baneshwor,1
ChIJvfunnpUZ6zkRIRgonwPpN5I,clinic,International Health Care & Diagnostic Center Pvt. Ltd.,health,27.6857763,85.33527300000002,Baneshwor|Koteshwor,2
ChIJD4M9oFgZ6zkRr2hDYSKWHxI,clinic,Matrika Eye Center,medical_clinic,27.7023439,85.3379788,Baneshwor,1
ChIJx58ha5cZ6zkRw2gNv-seS4w,clinic,Opticera online optical store,medical_clinic,27.6869884,85.3427102,Baneshwor|Koteshwor,2
ChIJ-ZjQR5IZ6zkRNB9tTB8S-p4,clinic,Eyebuddy Store,medical_clinic,27.686981,85.3427281,Baneshwor|Koteshwor,2
ChIJH8ejGg4Z6zkRt4H5ZlvLzis,clinic,Miracle smile and aesthetics,dental_clinic,27.6964473,85.3281982,Baneshwor,1
ChIJidl5EwAZ6zkRbECpUqoqRys,clinic,Jagaran Dental Clinic,dental_clinic,27.6927885,85.34692299999999,Baneshwor|Koteshwor,2
ChIJBcW-xGcZ6zkRIgEa4ZHphEA,clinic,Shubha Netra Eye Care,medical_clinic,27.7024969,85.33749259999999,Baneshwor,1
ChIJdxpFJwAZ6zkRy7d2lg8HQj8,clinic,Laxger Dental Clinic,dental_clinic,27.7020015,85.34064599999999,Baneshwor,1
ChIJp79HrI8Z6zkRAmYbM3VuYNQ,clinic,KSHEMAHADEVI POLYCLINIC PVT.LTD,medical_clinic,27.691946,85.346777,Baneshwor|Koteshwor,2
ChIJAymTJjIZ6zkRPiqpIxmgWT0,clinic,Baneshwor Dental Clinic,medical_clinic,27.6865327,85.3422394,Baneshwor|Koteshwor,2
ChIJl07vO5wZ6zkRqco6UvvUeP0,clinic,Capital Dental Clinic,dental_clinic,27.702138,85.34039,Baneshwor,1
ChIJc8J6AAAZ6zkRCclUmS2Bu4U,clinic,Jupiter pharmacy,medical_clinic,27.6914499,85.3466768,Baneshwor|Koteshwor,2
ChIJn5Gxy3sZ6zkRf_Mqa4TA_r4,clinic,Vision Eye Care And Optic Gallery,medical_clinic,27.6868202,85.34285249999999,Baneshwor|Koteshwor,2
ChIJaTzFHX4Z6zkRGTFcmVZ-Ccs,clinic,Yes Dental,dental_clinic,27.6925009,85.346998,Baneshwor|Koteshwor,2
ChIJsYojWOwZ6zkRgtupkTuPgJA,clinic,Dr eyecare optical and eye clinic,medical_clinic,27.686827200000003,85.3429197,Baneshwor|Koteshwor,2
ChIJW1-zjbsZ6zkRnJoT56xsxvg,clinic,LKS Dental Solutions,dental_clinic,27.6899078,85.32868429999999,Baneshwor,1
ChIJPeK3OgAZ6zkRGjPv605ocBw,clinic,Radiant Dental and Orthodontic Center,dental_clinic,27.7026419,85.3364732,Baneshwor,1
ChIJqRmS0cEZ6zkRCtUwzQNKH7o,clinic,Hope IVF & Fertility Services,medical_clinic,27.6916995,85.32786019999999,Baneshwor,1
ChIJ6w7m4Z0Z6zkRWnkhCUuMITQ,clinic,Mona’s Esthetics,skin_care_clinic,27.7026783,85.33689609999999,Baneshwor,1
ChIJ9-mmuRQZ6zkRdoL0uRYJYi4,clinic,"SmartCare Skin, Hair & Laser Clinic",skin_care_clinic,27.6868086,85.34307220000001,Baneshwor|Koteshwor,2
ChIJ_2jEGAAZ6zkRkwf7eQ-GPxo,clinic,Aabhaash holistic counseling,medical_clinic,27.699314,85.329543,Baneshwor,1
ChIJa_SCdmQZ6zkRFL5GT-rJ9N4,clinic,Mankaa Kura,medical_clinic,27.6984949,85.32889519999999,Baneshwor,1
ChIJszulUY4Z6zkRoubYeRSRtc0,clinic,Nakul pharmacy,medical_clinic,27.6910189,85.34673389999999,Baneshwor|Koteshwor,2
ChIJi0XOEwAZ6zkRA9hAtEyhS9Q,clinic,जागृति आराेग्य उपचार केन्द्र प्रा.लि.मीन भवन काठमाण्डाै,medical_clinic,27.6853294,85.3393188,Baneshwor|Koteshwor,2
ChIJmbq8R5wZ6zkR47zNDG4ALyI,clinic,TouchBeauty Laser Clinic,medical_clinic,27.7023217,85.340863,Baneshwor,1
ChIJn15PRQAZ6zkRqnrBx-pJUf0,clinic,Kantipur Physiotherapy and Wellness Centre,medical_clinic,27.687627,85.3302404,Baneshwor,1
ChIJNzxNkL4Z6zkRkaEU8eNA0yo,clinic,Hope Fertility & Diagnostic,medical_clinic,27.6914719,85.3276698,Baneshwor,1
ChIJh5QS4oAZ6zkRyJdTJVONM5U,clinic,Aesthetic Aura - Best Skin & Hair Clinic in Kathmandu - By Dr Isha,skin_care_clinic,27.6852417,85.3350519,Baneshwor|Koteshwor,2
ChIJQQg4RQAZ6zkRfeRfBbEWfow,clinic,DENTAL CARE STUDIO PVT. LTD.,dental_clinic,27.690449,85.3466969,Baneshwor|Koteshwor,2
ChIJQVIURpwZ6zkRaq0dHPjzUQs,clinic,माॅ जानकी इनटरनेशनल पोलिक्लिनिक एण्ड डायग्नोष्टिक सेन्टर प्रा. लि.,medical_clinic,27.7023618,85.34105439999999,Baneshwor,1
ChIJpyqkJQAZ6zkR_5GWOdoe1Ak,clinic,Prasanna dental,dental_clinic,27.699217,85.3456861,Baneshwor,1
ChIJRYxlo74Z6zkR0LXoKMLGQ_w,clinic,Lord Buddha Polyclinic,medical_clinic,27.687583,85.33013690000001,Baneshwor,1
ChIJsXcnIDEZ6zkRldwaL3CWqyI,clinic,Oraphile Dental Clinic,dental_clinic,27.687564400000003,85.33015139999999,Baneshwor,1
ChIJRaYxTqhzAgURjbKW2DT5a-0,clinic,KANTIPUR DIAGNOSTIC CENTER PVT. LTD.,medical_clinic,27.685202200000003,85.33465059999999,Baneshwor,1
ChIJq6qqqhoZ6zkRQhwNyXoMihM,clinic,JAGARAN DENTAL HOME,dental_clinic,27.686343,85.3429802,Baneshwor|Koteshwor,2
ChIJQacoXpwZ6zkRLTkXyokjTmM,clinic,Jaya Shree Pashupati Poly Clinic Pvt Ltd.,medical_clinic,27.7020971,85.3419838,Baneshwor,1
ChIJFUg8TLYZ6zkRMgjSIZIThTc,clinic,City Smiles Dental and Orthodontics Clinic Battisputali Branch,dental_clinic,27.7025247,85.340915,Baneshwor,1
ChIJ69c2TwAZ6zkROJQRtehGLI0,clinic,Eva Pharmacy,medical_clinic,27.7011207,85.3437656,Baneshwor,1
ChIJLfFlojEZ6zkR51XukxGuBVk,clinic,Community Innovation Organization (CIO),medical_clinic,27.6883622,85.3291429,Baneshwor,1
ChIJaxPwXJIZ6zkRJ4uu1_Nm6js,clinic,Safe Abortion Service,medical_clinic,27.6862927,85.34313499999999,Baneshwor|Koteshwor,2
ChIJT_HUur4Z6zkR_ZOajwxyLdM,clinic,Healthcare International Consult,medical_clinic,27.6874741,85.3298749,Baneshwor,1
ChIJvzG3RYQZ6zkRd_OpxPF5jH4,clinic,Sinamangal Health Care & Diagnosis Center Pvt. Ltd.,medical_clinic,27.6992871,85.3459754,Baneshwor,1
ChIJGbO5h94Z6zkRO-Cjnr6_kD0,clinic,Topface.cosmo,skin_care_clinic,27.6897876,85.3467652,Baneshwor|Koteshwor,2
ChIJZViTn58Z6zkRsmUQeVEFCh8,clinic,B B C Dental Clinic,dental_clinic,27.703138000000003,85.3355464,Baneshwor,1
ChIJk209AwcZ6zkRhdTKWVEjHCA,clinic,Circle Heart,medical_clinic,27.6848903,85.3400532,Baneshwor|Koteshwor,2
ChIJA9F1dwAZ6zkR0ordnGcWlK4,clinic,Dirghayu Dental - Maitidevi Setopul,dental_clinic,27.7031805,85.3354418,Baneshwor,1
ChIJs2tYiS0Y6zkR-zFfoOvMDlM,clinic,Rhythm Neuropsychiatry Hospital and Research Center,medical_clinic,27.684795,85.3402232,Baneshwor|Koteshwor,2
ChIJ4_oKhJ8Z6zkRL9yqM3HqH_k,clinic,M L Pharmacy,farmstay,27.7033877,85.3346888,Baneshwor,1
ChIJU-MGhJ8Z6zkRClHpt8sBGO8,clinic,लव-कुश डेण्‍टल हस्‍िपटल प्रा लि,dental_clinic,27.7033959,85.3346663,Baneshwor,1
ChIJVTQUIGUZ6zkR6GMvk8ZefF4,clinic,Nawa Niwaran PolyClinic,medical_clinic,27.6841597,85.3390754,Baneshwor|Koteshwor,2
ChIJh-QD_pIZ6zkRgtuR03lkkps,clinic,Aalima Healthcare,medical_clinic,27.6987291,85.3472201,Baneshwor,1
ChIJN2tEX4QZ6zkRc22IRHZ6pV4,clinic,Sudha Medical And Diagnostic Center Pvt Ltd,medical_clinic,27.698677,85.3472594,Baneshwor,1
ChIJdUNFSwAZ6zkRH2K0AwpDE1Y,clinic,Sunil dental lab,dental_clinic,27.6852832,85.3316923,Baneshwor|Patan durbar square,2
ChIJbUbyQPQZ6zkRawJrVKkmWxs,clinic,Braces and Faces Dental Clinic,dental_clinic,27.6874323,85.34607419999999,Baneshwor|Koteshwor,2
ChIJOULQcZ4Z6zkRJ8V10Dkes_Q,clinic,Kasthamandap Dental Clinic Pvt. Ltd.,dental_clinic,27.7040706,85.3388528,Baneshwor,1
ChIJJwXVqS0Z6zkRG9ihM-XNS1w,clinic,Dhatoor Care,dental_clinic,27.703570400000004,85.3332908,Baneshwor,1
ChIJZdBSX2gZ6zkRh8QhSQU6iDY,clinic,B.B.M.Trishakti Pvt. Ltd,medical_clinic,27.6853751,85.33100089999999,Baneshwor|Patan durbar square,2
ChIJiQ6dFC0Z6zkRhzvlQYxY2BM,clinic,Health xperts,medical_clinic,27.6852736,85.343626,Baneshwor|Koteshwor,2
ChIJk1QLN6AZ6zkRv9seCIpFX0g,clinic,AMITABHA DENTAL CARE CENTRE,dental_clinic,27.703566,85.333186,Baneshwor,1
ChIJNdkOuZUZ6zkR5m-kDEs4ZGs,clinic,Sundar Dental Home,dental_clinic,27.684182,85.33356859999999,Baneshwor|Patan durbar square,2
ChIJi9hzHMkZ6zkRKijiDzdcJ34,clinic,aarogya poly clinic and health services,medical_clinic,27.7037512,85.3334897,Baneshwor,1
ChIJ1-raRIQZ6zkRpANKfFMllMk,clinic,Sinamangal Medical Hall,government_office,27.6985072,85.34793069999999,Baneshwor,1
ChIJpVbyBVQZ6zkRNkILNJL4rxY,clinic,NURTURE NEST CENTER FOR SPECIAL NEEDS AND WELLBEING,medical_clinic,27.7043527,85.3388614,Baneshwor,1
ChIJX_7neggZ6zkR3mAUE-oD26Q,clinic,Pain Physician-Dr. Deepak Yadav,medical_clinic,27.685036,85.3436468,Baneshwor|Koteshwor,2
ChIJZ37HyS4Z6zkR2o3PReGjis4,clinic,Hope Hospital Eyecare Department,medical_clinic,27.6981587,85.34827220000001,Baneshwor,1
ChIJwaY5FNQZ6zkRRHkTeF4uMLo,clinic,Dr. Bajarang Kumar Rauniyar Clinic,doctor,27.7039362,85.341312,Baneshwor,1
ChIJDTonrBsZ6zkRq56vq7WbFYs,clinic,New Face Aesthetics,medical_clinic,27.6983217,85.3482617,Baneshwor,1
ChIJx505YQAZ6zkRuoJO7iC8Ndg,clinic,Advanced dental and aesthetics,dental_clinic,27.6854462,85.3445255,Baneshwor|Koteshwor,2
ChIJkbuYbBUb6zkRr7eyw20W6vM,clinic,FDH Clinic,medical_clinic,27.7039261,85.3332303,Baneshwor,1
ChIJL5OYNAAZ6zkRqfvJyKIlpjI,clinic,"Nova Smile Dental Clinic , Maitidevi Chwok",dental_clinic,27.703754,85.33270449999999,Baneshwor,1
ChIJGULdwb8Z6zkR2rNiKN81iL8,clinic,रिया बैध भण्डार,medical_clinic,27.6839696,85.3331615,Baneshwor|Patan durbar square,2
ChIJOYwyPwAZ6zkRHocj6Jtta_0,clinic,Om Padma Optical,store,27.7038237,85.33251179999999,Baneshwor,1
ChIJU1DJuXUZ6zkRp0hiaDHaRX0,clinic,PROTIN HAIR DESIGN,medical_clinic,27.6973914,85.3489124,Baneshwor,1
ChIJqaL04UoZ6zkRZ4X87jMcaI8,clinic,Aluson pharmaceutical pvt ltd.,medical_clinic,27.6857513,85.32940649999999,Baneshwor|Pulchowk,2
ChIJ16cD6XEZ6zkRurYPo5A8LTg,clinic,Physiocare by Luisha,medical_clinic,27.683817,85.33310089999999,Baneshwor|Patan durbar square,2
ChIJg_TiduYZ6zkRg8E08AbLvLg,clinic,Friendship pharmacy,medical_clinic,27.6945009,85.349667,Baneshwor|Koteshwor,2
ChIJKwmVJQAZ6zkRSqEK0LrQudY,clinic,Glow & Smile Dental Clinic,dental_clinic,27.6871254,85.3277648,Baneshwor|Pulchowk,2
ChIJm9WrBdQ2ZCERMlyyIgZGZI8,clinic,Mayas Aesthetic Center and Academy,skin_care_clinic,27.6836241,85.3333961,Baneshwor|Patan durbar square,2
ChIJU_eyW6AZ6zkRVKTppgCFUno,clinic,Dental alkapuri kilnika,dental_clinic,27.7038366,85.3320925,Baneshwor,1
ChIJnVJ4Q6AZ6zkRYxJQekwihPU,clinic,Khaptad Dental Hospital Pvt Ltd,dental_clinic,27.7040283,85.3325411,Baneshwor,1
ChIJDymvW6AZ6zkRBiRcNCv5fHM,clinic,Cosmic dentala Care Home,dental_clinic,27.7038669,85.33210640000001,Baneshwor,1
ChIJnyteIAAZ6zkRa18zVPVK1oY,clinic,Dr. Arbind Bhusal Clinic ( Brain & Mind Wellness Center ),doctor,27.6837858,85.33262909999999,Baneshwor|Patan durbar square,2
ChIJy0w3JhwZ6zkRrOkrA5kGBko,clinic,Krishna Kunti Building,medical_clinic,27.6999478,85.32693789999999,Baneshwor,1
ChIJu3PJibQZ6zkRhJO8wRSMWDw,clinic,Dr Bishal Mani Poudel Clinic ( Jibika Pharmacy & Health Clinic ),medical_clinic,27.6837727,85.33264,Baneshwor|Patan durbar square,2
ChIJkXcXEmgZ6zkRZEQDiFet4F8,clinic,Max Family Dental Clinic,dental_clinic,27.6982963,85.3488321,Baneshwor,1
ChIJ6YCXxqYZ6zkRzCs36mufiZE,clinic,Kunta Devi Health Care & Diagnostic Centre Pvt. Ltd.,medical_clinic,27.7015423,85.32827689999999,Baneshwor,1
ChIJG9zkt-0Z6zkRUspwwCpFKjs,clinic,Best Therapy and Mental Health Counseling Service- Mind Care,medical_clinic,27.6837896,85.3323519,Baneshwor|Patan durbar square,2
ChIJxx6mLYQZ6zkRXU6qXSPLCDI,clinic,Gulf International Medical & Diagnostic Center Pvt. Ltd.,medical_clinic,27.697815,85.349273,Baneshwor,1
ChIJF8ilXboZ6zkR6z9s7pbwEa0,clinic,Merit Home Care Clinic,medical_clinic,27.6904209,85.3253617,Baneshwor,1
ChIJ3_NSlKkZ6zkRFpLGprGnlMg,clinic,Henkhama Korean Skin Care and beauty clinic,skin_care_clinic,27.6859514,85.3462998,Baneshwor|Koteshwor,2
ChIJZ10gf-IjTisR1J8xDYqCi9Y,clinic,Agrim Dental and Multispecialty Dental Clinic Kathmandu,dental_clinic,27.7018545,85.3282162,Baneshwor,1
ChIJbddeaqAZ6zkRuA-5TUM-UBw,clinic,Padma Eye Clinic & Optical Center,medical_clinic,27.7046496,85.33296589999999,Baneshwor,1
ChIJy-K9N-gZ6zkRTMDPLsdmwxI,clinic,Tinkune Swasthya Clinic,skin_care_clinic,27.6859996,85.3465707,Baneshwor|Koteshwor,2
ChIJO_fd_7gY6zkRYagkbOqM6mI,clinic,All Nepal Health Treatment Clinic Pvt.Ltd,medical_clinic,27.6875744,85.34803670000001,Baneshwor|Koteshwor,2
ChIJWQoxGwAZ6zkRuEfIavbr2b4,clinic,Adwait Dental Home Tinkune Branch,dental_clinic,27.6851766,85.34557629999999,Baneshwor|Koteshwor,2
ChIJYRFTLSsZ6zkRdDvGAsrRoGk,clinic,Tinkune Pharmacy,pharmacy,27.686007,85.3466572,Baneshwor|Koteshwor,2
ChIJm5sQcgAZ6zkR9aTNjTMrAbA,clinic,Kathmandu National Medical College & Teaching Hospital,hospital,27.7015003,85.327544,Baneshwor,1
ChIJS8wLzi4Z6zkRfP1ldoFIeb8,clinic,Pashupati Vision and Optic Center,medical_clinic,27.6850248,85.345612,Baneshwor|Koteshwor,2
ChIJ1X7NFekZ6zkRPnjiK_OzGHk,clinic,Jeewan Seva Company Pvt. Ltd - Online Medical and Pharmacy,medical_clinic,27.6963966,85.3501721,Baneshwor|Koteshwor,2
ChIJ_deu5IcZ6zkRXHJ-QD0uW14,clinic,TRISHULI MEDICAL & CLINIC PVT. LTD.,medical_clinic,27.6972783,85.3499485,Baneshwor,1
ChIJhxY1egAZ6zkR6Kbx_z-siNY,clinic,Equator Health Care,medical_clinic,27.6847936,85.3455463,Baneshwor|Koteshwor,2
ChIJwQy3fgAZ6zkRKpaFnUU0sFs,clinic,Novo Dental Clinic,dental_clinic,27.6848465,85.3456708,Baneshwor|Koteshwor,2
ChIJX3J3E7gZ6zkRNgJDCi7MU7M,clinic,Happy Health Clinic,store,27.7017244,85.3274625,Baneshwor,1
ChIJf6hMq-oZ6zkRgHV3IUQC4tM,clinic,Sadhana Ayurved Upachar Sewa Pvt. Ltd.,medical_clinic,27.6824869,85.33456029999999,Baneshwor|Patan durbar square,2
ChIJF9Z22DbG-6IRGDekyP1WPmw,clinic,Counseling Center- NSRC,health,27.6844867,85.3452647,Baneshwor|Koteshwor,2
ChIJexDbOo0Z6zkR-aq9vItcO8A,clinic,"मनोविश्लेषण केन्द्र, नेपाल (Psychoanalysis Centre, Nepal)",medical_clinic,27.6846059,85.3455214,Baneshwor|Koteshwor,2
ChIJ8U2mz04Z6zkRUKG7aJFASdg,clinic,Enrich Hair & Beauty Clinic,skin_care_clinic,27.6840065,85.34459149999999,Baneshwor|Koteshwor,2
ChIJUxGRGm0Z6zkR80-iQgPetWA,clinic,Fertility Centre Nepal,medical_clinic,27.6892893,85.3250352,Baneshwor|Pulchowk,2
ChIJ6b_XU1IZ6zkRQ8XUOoZpZtg,clinic,Equator Mind and Wellness,medical_clinic,27.6845609,85.3456538,Baneshwor|Koteshwor,2
ChIJi5WbgsEZ6zkRMRz_qyyNsJI,clinic,Zen Dental Clinic,dental_clinic,27.697351,85.35028750000001,Baneshwor,1
ChIJMRptTzQZ6zkR8xjXFrraEYU,clinic,United Diagnostic Center Pvt. Ltd.,medical_clinic,27.697046,85.35041770000001,Baneshwor,1
ChIJ_3VjPAAZ6zkR82gdNl4lGOQ,clinic,Ashirbad Health care Clinic,medical_clinic,27.6825932,85.3330998,Baneshwor|Patan durbar square,2
ChIJ2wBpZYYZ6zkRqkbtK0bLqJU,clinic,Nojomi Pvt Polyclinic. LTD.,government_office,27.6969149,85.35049769999999,Baneshwor,1
ChIJzy_FSf0Z6zkRs_HoTuPJa7Q,clinic,Elite Optica,medical_clinic,27.7052738,85.34231609999999,Baneshwor,1
ChIJ7xuvlNcZ6zkR6qKvmoEdiZY,clinic,Spark Dental Care Pvt. Ltd.,dental_clinic,27.6971468,85.3506596,Baneshwor,1
ChIJD4oTBeUZ6zkRl9WQmLPNc-Q,clinic,"Natural Health Home, Dr. Dharma Raj Karki is Founder and Chief Medical Officer of Natural Health Home.",medical_clinic,27.6823042,85.3332838,Baneshwor|Patan durbar square,2
ChIJX2PC7SYZ6zkRKEXA-PY0Tdw,clinic,Jamkatel Pharma,pharmacy,27.6965661,85.35084979999999,Baneshwor|Koteshwor,2
ChIJ_25b2MIZ6zkR3cn6cx_1-BA,clinic,Aligner Dental Nepal,dental_clinic,27.7061404,85.3363538,Baneshwor,1
ChIJ42Dw7p4Z6zkRWW_Le6kqmgk,clinic,Metro Eye Care,medical_clinic,27.68233,85.3421276,Baneshwor|Koteshwor,2
ChIJSbWaW0wZ6zkRZFI9PHtEHzw,clinic,Urban Health Promotion Center - Babarmahal KMC 11,medical_clinic,27.6915588,85.323678,Baneshwor,1
ChIJu4ibTm8Z6zkR2WmiWQXsBUw,clinic,Subha Mangal Group Pvt. Ltd,medical_clinic,27.6844797,85.34645809999999,Baneshwor|Koteshwor,2
ChIJ8YvWNGCwjEIR0O98d4pPWZg,clinic,Subidha Dental Studio,dental_clinic,27.6847431,85.3468019,Baneshwor|Koteshwor,2
ChIJYREfsO4Z6zkR9Y5VoTTCiv8,clinic,Consult My Life,medical_clinic,27.6829431,85.3439499,Baneshwor|Koteshwor,2
ChIJLekCPgAZ6zkRSRsAUTHCOcs,clinic,Gental Dental Clinic,dental_clinic,27.696553100000003,85.3512362,Baneshwor|Koteshwor,2
ChIJYeg1pgoZ6zkROyuOsg5Rk28,clinic,मैतिदेवी मेडिकल,medical_clinic,27.7060735,85.3335776,Baneshwor,1
ChIJGecJHZQZ6zkRsgcmATnN1Lg,clinic,Moktan Healthcare & Diagnostic Center,medical_clinic,27.6965505,85.35128,Baneshwor|Koteshwor,2
ChIJB9Tc_avVpqcRsgn7hePIXBA,clinic,Trust Dental Clinic,dental_clinic,27.681998,85.33277249999999,Baneshwor|Patan durbar square,2
ChIJXaDqZQAZ6zkR0y7gsm5nHS0,clinic,Gairigaun Dental Home,dental_clinic,27.6912464,85.3513299,Baneshwor|Koteshwor,2
ChIJFYNBg5UZ6zkRJHcd-yFrf1s,clinic,Nirvana Psychosocial Care Center & Research Institute,medical_clinic,27.6818568,85.3330804,Baneshwor|Patan durbar square,2
ChIJscsI-bgZ6zkRhdrMPiZZky4,clinic,Setidevi Medicine Suppluers,medical_clinic,27.6870482,85.32535159999999,Baneshwor|Pulchowk,2
ChIJxZb5IPoZ6zkRzrbxfUxVbB0,clinic,G.H. Medihealth Concern Pvt Ltd.,medical_clinic,27.6869596,85.3254049,Baneshwor|Pulchowk,2
ChIJ0UqrUQAZ6zkRUi1IAT4D1Sg,clinic,Dr Janer Kurumbang,medical_clinic,27.6818135,85.3326273,Baneshwor|Patan durbar square,2
ChIJC3WyakoZ6zkRQnGqRtQFZeA,clinic,SkinDulge (Hair & Skin Clinic with Laser Services),medical_clinic,27.6870975,85.324968,Baneshwor|Pulchowk,2
ChIJzxYze8AZ6zkRg_nIAqvy-jw,clinic,MEGA VISION,store,27.681684,85.332144,Baneshwor|Patan durbar square,2
ChIJgYgyNIYZ6zkR3pAPLDXSGUE,clinic,काठमाडौं मेडिकल कलेज शिक्षण अस्पताल फजियोथेरापी यूनिट,hospital,27.6959739,85.35205789999999,Baneshwor|Koteshwor,2
ChIJW8TbLQAZ6zkRRnUzuW4w-98,clinic,Unique Dental Art PVT.LTD,dental_clinic,27.6810039,85.3400267,Baneshwor|Koteshwor,2
ChIJ-79_JQAZ6zkRXTK1IWlli8A,clinic,Dillibazaar DOTS Clinic,medical_clinic,27.7050624,85.32922429999999,Baneshwor|Durbar Marg,2
ChIJY4It2HcZ6zkRGDtzoOXkF8M,clinic,Purna Chandra Diagnostic Centre Pvt. Ltd.,medical_clinic,27.7063237,85.342805,Baneshwor,1
ChIJdQCiPQAZ6zkRqv5E5BlYYbY,clinic,gaurimarg,dental_clinic,27.6877938,85.35066959999999,Baneshwor|Koteshwor,2
ChIJQe8dOwAZ6zkRHUrMIOhzT_A,clinic,Maa janaki international medical center pvt ltd,medical_clinic,27.7013311,85.3499068,Baneshwor,1
ChIJjU9I2IRLOaURSkxaeziWN34,clinic,Wisdom Care Dental Clinic,dental_clinic,27.6878166,85.3507443,Baneshwor|Koteshwor,2
ChIJJaawCe8Z6zkReNL3hg0S55Q,clinic,General Physician,medical_clinic,27.7050559,85.32893299999999,Baneshwor|Durbar Marg,2
ChIJGaHlRAAZ6zkR5Cx2Cu8H4ek,clinic,Dr. Nepolian Timilsina – Sleep Psychiatrist in Kathmandu | Insomnia & Sleep Disorders Specialist,doctor,27.7050731,85.3289487,Baneshwor|Durbar Marg,2
ChIJKUyrWX8Z6zkRbWOdAU95kfY,clinic,Dr. Ram Narayan Shah - Chest Specialist & Allergist,doctor,27.7050679,85.3289085,Baneshwor|Durbar Marg,2
ChIJZdS4XJEZ6zkRkS3wQdqIdqI,clinic,Shankhamul Dental Care,dental_clinic,27.6814459,85.33189159999999,Baneshwor|Patan durbar square,2
ChIJYUJPHQAZ6zkR_EiyVcc8Fa8,clinic,Deep Talk Office,medical_clinic,27.6838089,85.3273959,Baneshwor|Patan durbar square|Pulchowk,3
ChIJf8obhnUZ6zkREL6gq_P9UYM,college,Elite CA,university,27.6943847,85.337261,Baneshwor,1
ChIJ2btiRVIZ6zkRkZvdFcrVFcY,college,Roshan khadka,university,27.6930928,85.33777979999999,Baneshwor,1
ChIJV_FKPJIZ6zkRYW9qnvz5bFA,college,Florida H. S. School,secondary_school,27.6942562,85.33626029999999,Baneshwor,1
ChIJwSnvW5cZ6zkRTqRGXO12HyU,college,Steiner Kindergarten Waldorf Based International.Pre-school,preschool,27.693906,85.338555,Baneshwor,1
ChIJBVgPwIwZ6zkRRugdXWQSo0Q,college,Everest Florida College,university,27.6942835,85.3362607,Baneshwor,1
ChIJ24OCjp4Z6zkRjZJOxupGnjA,college,Ambition Academy,school,27.694762,85.33638619999999,Baneshwor,1
ChIJq_4JcRwZ6zkRHDk1Oo8yXJU,college,Shubhashree College of Management,university,27.6928631,85.3358951,Baneshwor,1
ChIJd_baFpgZ6zkRMBdYdfPaQB0,college,Apollo International College AIC,university,27.6947232,85.3354186,Baneshwor,1
ChIJIccW8ZcZ6zkRHE6xZmWtyx0,college,एक्सल बिजनेस कलेज,university,27.6941345,85.33493279999999,Baneshwor,1
ChIJG4UVFZgZ6zkRWIoHEJwKyf4,college,Ambition College,university,27.6955639,85.3355239,Baneshwor,1
ChIJh3KtsJAZ6zkRjMNilSthmPU,college,CIST College,university,27.6933541,85.3400985,Baneshwor|Koteshwor,2
ChIJPavX7RoZ6zkRX76ZdbZXlIY,college,Digital Udhyami,university,27.695186,85.3398223,Baneshwor,1
ChIJCwUFGAAZ6zkRfTqKdguxMrk,college,Ace Institute of Management New Building,university,27.6917917,85.3392533,Baneshwor|Koteshwor,2
ChIJla3iZ4QZ6zkR3fVkL6Ix8gg,college,Ace International Business School,educational_institution,27.6918125,85.33931249999999,Baneshwor|Koteshwor,2
ChIJixaz8L0Z6zkRpFU1GzguG4c,college,"Lakhechaur, Mid Baneshwore, Kathmandu",university,27.6942664,85.33401789999999,Baneshwor,1
ChIJSUiGxJAZ6zkRDqqHQx84yqw,college,International College of Hospitality Management,university,27.692564,85.3403701,Baneshwor|Koteshwor,2
ChIJxe6U69UZ6zkRFx_Wpo6tbKc,college,ACCA at ArthaVidya Academy,educational_institution,27.6970552,85.33700549999999,Baneshwor,1
ChIJ5e4_YgYZ6zkRKoZBs8cdhSY,college,Imperial Business College,university,27.6926069,85.3341588,Baneshwor,1
ChIJq2CXvL4Z6zkRUjwyKJke6X0,college,Glacier International School,university,27.697282,85.3365039,Baneshwor,1
ChIJafRaUAAZ6zkRzEDbOGNzP4A,college,Pathshala PreUni Block,university,27.694218,85.3335321,Baneshwor,1
ChIJfX7Y0pYZ6zkRSnVLrdLPWx0,college,Ace Institute of Management,educational_institution,27.6908953,85.33937619999999,Baneshwor|Koteshwor,2
ChIJp7XLDOEZ6zkRuZIper2KpF0,college,Star Boys College Of Technology,university,27.69203,85.3407666,Baneshwor|Koteshwor,2
ChIJywoxKAAZ6zkRUPCXlTGr-Ik,college,Hariyali chwok,university,27.6906023,85.3389306,Baneshwor|Koteshwor,2
ChIJI2IIkB0Z6zkRsLs5IJssAD8,college,Samaj School of Dentistry,university,27.6906848,85.33556709999999,Baneshwor,1
ChIJh6ouS58Z6zkRbrhq5TBZFYs,college,"Institute of Advanced Communication, Education, and Research (IACER)",university,27.6905768,85.33544499999999,Baneshwor,1
ChIJfd9gSswZ6zkRN-i3OIos1qM,college,NAMI COLLEGE bachelors block,university,27.6900881,85.3390557,Baneshwor|Koteshwor,2
ChIJATyHR5YZ6zkRzL1_b8b0xLk,college,Career Uplift,university,27.6907703,85.3343678,Baneshwor,1
ChIJNVuTfJUZ6zkR1ZfFFsJusHU,college,Holy Vision Technical Campus,university,27.691029000000004,85.3336338,Baneshwor,1
ChIJJ-HqIS0Z6zkRBh9c38j4r58,college,Seed Financial Academy - New Baneshwor ( First Platinum Approved ACCA College),university,27.6901019,85.33476859999999,Baneshwor,1
ChIJOzefpmnSXwwRz1uOeZEpL6k,college,Road of Digital Pvt. Ltd.,university,27.6906765,85.333719,Baneshwor,1
ChIJd1YXSZEZ6zkRevZICokttEg,college,Uniglobe College – Nepal’s First Pioneer in MBA (Finance),university,27.68984,85.339821,Baneshwor|Koteshwor,2
ChIJ4wjIc_4Z6zkRURi9kYQjkgo,college,Desi Boyz residency,university,27.6954214,85.3424134,Baneshwor,1
ChIJTX4xOwAZ6zkRNSFBfBNsmNU,college,Electronic department,university,27.6951044,85.3426356,Baneshwor|Koteshwor,2
ChIJB5xH2wMZ6zkRoQTRrJn4_5Q,college,Durg CG vilage aaoge,university,27.6951044,85.3426356,Baneshwor|Koteshwor,2
ChIJ3Xf6ZC8Z6zkRlnqT4L9UsAQ,college,KTM tinkune,university,27.6915196,85.3420486,Baneshwor|Koteshwor,2
ChIJ1aYf8MgZ6zkR5ajLYvWBPBg,college,HELP EDUCATIONAL CONSULTANCY,university,27.6915196,85.3420486,Baneshwor|Koteshwor,2
ChIJxQukdXMZ6zkR6RjOVJjRfOM,college,Aadesh jha,,27.6915196,85.3420486,Baneshwor|Koteshwor,2
ChIJER_ml3gZ6zkRAPIDsMYtkWg,college,Shantingar sano kharibot,university,27.6915196,85.3420486,Baneshwor|Koteshwor,2
ChIJq6qaCr0Z6zkR87-nQIe6jLc,college,Metro College,university,27.6912578,85.3328842,Baneshwor,1
ChIJx77AGZYZ6zkRxbm9rs2hjxM,college,K & K International College,university,27.6895705,85.33484229999999,Baneshwor,1
ChIJYxbYQJkZ6zkRDwUDibW5Nq8,college,Apex College by ING,university,27.698955,85.337974,Baneshwor,1
ChIJQ-MrIb0Z6zkRa7jvTJj6a2c,college,Kafka's Soft P. Ltd.,university,27.6928719,85.3317849,Baneshwor,1
ChIJl8VESDUZ6zkRkzaNL1QOsZ4,college,Purwanchal University Contact Office,university,27.6989615,85.33859609999999,Baneshwor,1
ChIJB9bVBRwZ6zkRME0RSWnydRc,college,Global Academy of Hospitality and Professional Studies,university,27.699091,85.336448,Baneshwor,1
ChIJTc4AOwAZ6zkRUk5N3L40SpQ,college,Ankita,university,27.6909147,85.3423116,Baneshwor|Koteshwor,2
ChIJc1Jyw5sZ6zkRRpas4f2rNyI,college,Kantipur College of Management and Information Technology,university,27.6985003,85.3407015,Baneshwor,1
ChIJ67mLUgcZ6zkRSpGDHf0304k,college,Kathmandu School of Medical Technology,university,27.6916966,85.33175659999999,Baneshwor,1
ChIJme6pMgcZ6zkRnPTefUAmc5o,college,Global College International,university,27.6991859,85.33941,Baneshwor,1
ChIJGwJ21Emtt4cRg1Ka9fHyeZQ,college,Cubicles Reading Space - Best Reading Room in Kathmandu,educational_institution,27.6925837,85.3434731,Baneshwor|Koteshwor,2
ChIJqaLbkwMZ6zkRABoHH8GHeaU,college,NCTTM Proposed Building,university,27.6979196,85.3329103,Baneshwor,1
ChIJ_Twn1s8Z6zkR9BO2OPqrtas,college,Home,university,27.6957996,85.3433568,Baneshwor,1
ChIJY8WJ4psZ6zkRqs--NfZyhw0,college,Global College Of Business And Economics,university,27.699302,85.339518,Baneshwor,1
ChIJO5ZBInMZ6zkRhduHfHlg_yY,college,Aviotrace Nepal School of Technology,university,27.6995625,85.33631249999999,Baneshwor,1
ChIJvcxfjKUZ6zkRDKTT5coYHoA,college,Global College A Levels,educational_institution,27.6998559,85.3384961,Baneshwor,1
ChIJi9i7RKgZ6zkRJccGQOM7RnY,college,Certified College of Accountancy (CCA) – 𝗡𝗲𝗽𝗮𝗹'𝘀 𝗳𝗶𝗿𝘀𝘁-𝗲𝘃𝗲𝗿 𝗕𝗹𝗲𝗻𝗱𝗲𝗱 𝗣𝗹𝗮𝘁𝗶𝗻𝘂𝗺 𝗔𝗽𝗽𝗿𝗼𝘃𝗲𝗱 𝗟𝗲𝗮𝗿𝗻𝗶𝗻𝗴 𝗣𝗮𝗿𝘁𝗻𝗲r,university,27.6919151,85.33089869999999,Baneshwor,1
ChIJyW-vGpsZ6zkRs42O2KfhVUQ,college,स्कूल अफ जियोम्याटिक्स,university,27.6979338,85.3426388,Baneshwor,1
ChIJJ-wX_ZUZ6zkRu3ca_WxBGtU,college,Aims Institute,university,27.6881816,85.3348809,Baneshwor,1
ChIJtynIC5sZ6zkRDMEV4crtZQI,college,Global College of Management,educational_institution,27.7000212,85.3388052,Baneshwor,1
ChIJxUD7U5wZ6zkROlZQtzgUadU,college,College of Development Studies (CDS),university,27.6984919,85.34214639999999,Baneshwor,1
ChIJi-WsVBIZ6zkRsfNiU4tK_80,college,FinT Learning Hub Pvt. Ltd.,educational_institution,27.6880462,85.33507999999999,Baneshwor,1
ChIJNxdtQLkZ6zkR9oY_DyyKNrE,college,Presidential Graduate School | Premium American Degree in Nepal,university,27.6919575,85.3306748,Baneshwor,1
ChIJhwah6pMZ6zkRMAv5ewexiAo,college,Loknath,university,27.6877653,85.33620169999999,Baneshwor|Koteshwor,2
ChIJt2e55pUZ6zkRMxzp0ztQoco,college,CCMA,university,27.68794,85.335329,Baneshwor,1
ChIJ09CtkMwZ6zkRQl6yzdcyc_U,college,Easy Institute,university,27.695686100000003,85.3445117,Baneshwor|Koteshwor,2
ChIJ7U7YgTkZ6zkRL286jR06UQc,college,Mentor korean institute,university,27.6874169,85.3366784,Baneshwor|Koteshwor,2
ChIJo7rD2jQZ6zkRl5lmhWfVmkg,college,Seekshya Academy | ACCA College in Nepal,educational_institution,27.6873959,85.3380887,Baneshwor|Koteshwor,2
ChIJzRojzpkZ6zkRTf9q8ZGSKaI,college,SAIM College,university,27.7004611,85.33909919999999,Baneshwor,1
ChIJDZunL5sZ6zkReRLMHmDiElo,college,Kamal Netra Chuna Muna School,university,27.6974398,85.343831,Baneshwor,1
ChIJRyWl_P0Z6zkRf955Jmv7pyM,college,Koteswwor multiple campus,university,27.6871914,85.33689179999999,Baneshwor|Koteshwor,2
ChIJpQYpTb0X6zkR5ZgVFWIAHUk,college,Nepal Mountain Academy,university,27.6925051,85.3298715,Baneshwor,1
ChIJC87KJ5UZ6zkR7ylmS3zsD4I,college,Milton International College,university,27.6875904,85.33454809999999,Baneshwor,1
ChIJR7soTwIZ6zkRn_gdTEg4xbA,college,Tesla Booster Academy - TESLA BRIDGE COURSE,university,27.6874421,85.3349599,Baneshwor,1
ChIJJ7zjWqMZ6zkRUPz7vvvkWOk,college,Madan Bhandari Memorial College,university,27.6948004,85.3296471,Baneshwor,1
ChIJr0cy5CgZ6zkRIMED2wKwLiY,college,"Gurukul CA Institute, Baneshwor",university,27.6870493,85.3377381,Baneshwor|Koteshwor,2
ChIJiYaFBs4Z6zkRRg2WO0fx_cg,college,Sudip's Room,university,27.699584800000004,85.3327729,Baneshwor,1
ChIJl6ftHwAZ6zkRo-xUKBuXVRA,college,Tech AI College,university,27.6869781,85.3370815,Baneshwor|Koteshwor,2
ChIJzwStG0gZ6zkR1C9gZMjXrPU,college,V. S. International College,university,27.68688,85.3377709,Baneshwor|Koteshwor,2
ChIJhY0VR5QZ6zkRKkuLeSqBfms,college,Nova International College,university,27.686879,85.337767,Baneshwor|Koteshwor,2
ChIJdTgvA74Z6zkRf5drj1BQHPE,college,Liverpool Int´l College,university,27.6873419,85.3345069,Baneshwor,1
ChIJyb1-L5sZ6zkROsn-9debvZo,college,Modern Kanya College,university,27.6979671,85.3440019,Baneshwor,1
ChIJpShYFwAZ6zkRirCHBMv1SVY,college,Maharishi College,university,27.6871213,85.3351228,Baneshwor,1
ChIJlRlHOjgZ6zkRpSnHqtPshWY,college,Stamford College Kathmandu,university,27.6889127,85.34306029999999,Baneshwor|Koteshwor,2
ChIJgYbzxJwZ6zkRRHJvABTfQFQ,college,NCA College of Management - PLATINUM ACCA College in Nepal,university,27.6866915,85.3374537,Baneshwor|Koteshwor,2
ChIJo499uZkZ6zkRNDS6fVIkZ7g,college,Kathmandu Merryland College,university,27.6866867,85.3374597,Baneshwor|Koteshwor,2
ChIJqx5uQZQZ6zkRHhZ5hvKrpwo,college,Asian College of Management & Technology,university,27.686692,85.33797,Baneshwor|Koteshwor,2
ChIJEXndgJIZ6zkRmodoCtaY_hc,college,Lincoln Academy of Culinary and Hospitality Management,educational_institution,27.7011433,85.33584139999999,Baneshwor,1
ChIJpYWjdQAZ6zkRhmpScsuc-vc,college,Le professionnel school of hotel management,university,27.6866407,85.3375033,Baneshwor|Koteshwor,2
ChIJ4av47eEY6zkReudLZfagRWQ,college,SB Computer,university,27.6867505,85.33531760000001,Baneshwor|Koteshwor,2
ChIJpdipEWYZ6zkRUuoqlMn_wd0,college,Gautam rajbhar,university,27.6960671,85.3293011,Baneshwor,1
ChIJH1CYIAAZ6zkR-TptvC-JHK4,college,Nardevi ayurvedic campus,university,27.6919878,85.3291794,Baneshwor,1
ChIJe5OBl_IZ6zkRhTsnNLa6g8U,college,Chakrabarti Habi Education Academy College of Law,university,27.6913744,85.3293836,Baneshwor,1
ChIJVxl07QYZ6zkRdpgp3i07PHc,college,Chakrabarti College of English Language and Literature,university,27.6912628,85.32937659999999,Baneshwor,1
ChIJa9QUTZQZ6zkRIIptzGLwomw,college,CG Institute of Management,university,27.686321,85.336973,Baneshwor|Koteshwor,2
ChIJWV6eKbwZ6zkRcZa1IeTiKVA,college,Kantipur International College,university,27.6883053,85.3313349,Baneshwor,1
ChIJcUwzqaQZ6zkRPKjlCjewPZo,college,Liberty College,university,27.6944171,85.3285052,Baneshwor,1
ChIJDx-VvpcZ6zkRNYUYtqwckHU,college,Shepherd College,university,27.6890906,85.3444154,Baneshwor|Koteshwor,2
ChIJEekUCqgZ6zkRSy85uidZybs,college,Liberty Academic Network,university,27.6938505,85.3283926,Baneshwor,1
ChIJ0dy8rL4Z6zkRplkWUPazQNU,college,Karnali Academy of Health Sciences contact office,university,27.7016923,85.3350358,Baneshwor,1
ChIJn_I6Zp8Z6zkRa0aER-KsIMo,college,Mid-Western University Liasion Office,university,27.7017378,85.334903,Baneshwor,1
ChIJSc0cv6wZ6zkRxmtzNTuYlSI,college,Kathmandu National College,university,27.686117,85.3348903,Baneshwor,1
ChIJ4zSvPpIZ6zkRUCr-mmXi_io,college,Glacier HS School/College,university,27.6875088,85.34305210000001,Baneshwor|Koteshwor,2
ChIJAU9GhZUZ6zkRW-Ha6oDLsck,college,Columbus HSS & College,university,27.686081,85.334896,Baneshwor,1
ChIJsSFQ-KUZ6zkRgXqy0-qFbds,college,HIST MASTER,university,27.6860595,85.3349592,Baneshwor,1
ChIJ1UxFiJwZ6zkR7R582CVUdqY,college,National Academy for Medical Sciences,educational_institution,27.7012184,85.3419419,Baneshwor,1
ChIJcQjZYZwZ6zkRKgwUkd0_v2U,college,Thames International College,educational_institution,27.701392,85.3419578,Baneshwor,1
ChIJLR_0v5UZ6zkRN1_eGVAIuTk,college,Prime Chartered Academy,university,27.6857427,85.3350087,Baneshwor,1
ChIJb9phFn8Z6zkRQ5pIP2-xSqM,college,Shikhar International College,university,27.6857435,85.3350042,Baneshwor,1
ChIJfTJPp54Z6zkRh8FmyqP_eOo,college,New Summit College,university,27.6874749,85.3435824,Baneshwor|Koteshwor,2
ChIJfQpyg5UZ6zkRosAHgd_R-8M,college,Click International College,university,27.685717,85.334822,Baneshwor,1
ChIJPzFqyQ0Z6zkRcrokVcBFPto,college,"मीनभवन भवन परिसर, नेपाल कमर्स क्याम्पस",university,27.6853904,85.3374941,Baneshwor|Koteshwor,2
ChIJ31bYgWoZ6zkRiuyZ8qKgbj0,college,"Youth Red Cross Circle, Nepal Commerce Campus",university,27.6853682,85.3373568,Baneshwor|Koteshwor,2
ChIJsxNYbbsZ6zkRC0l-Z5maOdg,college,Nepal Mega College,educational_institution,27.6916607,85.3280037,Baneshwor,1
ChIJuY35A44Z6zkR71DiCOgMC9o,college,"Shree College of Management,",university,27.6916607,85.3280037,Baneshwor,1
ChIJ6wV5QFoZ6zkRnhc4t_QmbXY,college,Society FinTech,university,27.6974437,85.3284314,Baneshwor,1
ChIJQwgIIwAZ6zkRjQ5s-7XpbHY,college,Glacier International college,university,27.688153,85.3447023,Baneshwor|Koteshwor,2
ChIJleyB8ZYZ6zkR7OeJ_9B0J7w,college,Sambal Academy,university,27.6862495,85.33265349999999,Baneshwor,1
ChIJKzeYjrYZ6zkRHM31USilvLI,college,YETI COLLEGE,university,27.68755,85.3303617,Baneshwor,1
ChIJ06KlbZIZ6zkRGiv6GI7XOws,college,Nepal Education Campus,university,27.6869751,85.3438954,Baneshwor|Koteshwor,2
ChIJrZ8lRgAZ6zkRQwvYN_627O8,college,Kshitij,university,27.6991566,85.3458848,Baneshwor,1
ChIJR10JcpIZ6zkRv_b9nXGr2us,college,Bagmati Community Campus,university,27.686896,85.34400169999999,Baneshwor|Koteshwor,2
ChIJpdxRRAAZ6zkRF9dtdoPGMVY,college,Meahe budha,university,27.702465600000004,85.34145579999999,Baneshwor,1
ChIJqzlbvjMZ6zkRDIDO6HUChQQ,college,Chabahil,university,27.7024657,85.34145579999999,Baneshwor,1
ChIJ_zYyZZMZ6zkRml6d57QLj3Y,college,सान्त्वना कलेज,university,27.6850421,85.3401233,Baneshwor|Koteshwor,2
ChIJXbx-qr8Z6zkR25ZcrrlZbOw,college,Sakshyam boys hostel,university,27.701025,85.3306009,Baneshwor,1
ChIJmz4dXJIZ6zkRY9nFHlGuuPw,college,Theravada Buddhist Academy,university,27.686155300000003,85.34308,Baneshwor|Koteshwor,2
ChIJOfhEq6AZ6zkRkrQ5Ei5J0CE,college,YETI International College,university,27.6874563,85.32981500000001,Baneshwor,1
ChIJnYsc8LsZ6zkRybiJ4G7vivs,college,COUNSELLING PSYCHOLOGY COLLEGE,university,27.688926,85.3284989,Baneshwor,1
ChIJn4P0-YQZ6zkRKJ2bbR6aQF4,college,Nobel College,university,27.6981299,85.34693299999999,Baneshwor,1
ChIJZXtxCS0Z6zkRoIlpQZ3JBG8,college,Sashaula,university,27.6848143,85.34006939999999,Baneshwor|Koteshwor,2
ChIJ746ljDUZ6zkRzr9ciNiG31U,college,Premier College New Baneshowr +2,university,27.6857376,85.3429973,Baneshwor|Koteshwor,2
ChIJ4a9w6bsZ6zkRnJe_wWXXCo4,college,King's College Nepal,educational_institution,27.6890512,85.3279961,Baneshwor,1
ChIJ-5kFxL4Z6zkRTlYCb8aQC1U,college,Kathmandu Columbus School,university,27.6864716,85.330429,Baneshwor,1
ChIJ176tAWwZ6zkRZi_NnuQEJhE,college,Management Building,university,27.703213,85.3409688,Baneshwor,1
ChIJO-T1zNkZ6zkRr3reSIty-WI,college,Pylon Academy Chitwan,university,27.68597,85.34391690000001,Baneshwor|Koteshwor,2
ChIJ____D6EZ6zkR-Ytlw78VEOI,college,Nagarik College,university,27.7021237,85.3310673,Baneshwor,1
ChIJTU85Xf0Z6zkRV1348lIvvwg,college,Rahul G.C,university,27.7021237,85.3310673,Baneshwor,1
ChIJ2bozyYcZ6zkRWsX1e46SFz8,college,GoldenGate International College,university,27.7036136,85.34021469999999,Baneshwor,1
ChIJWeWQd4MZ6zkRGAjLc14CU8Q,college,LiviTech Pvt. Ltd,university,27.6852831,85.33169219999999,Baneshwor|Patan durbar square,2
ChIJE55Z5LsZ6zkRpefvMTvuNlA,college,Kadambari Memorial College,university,27.6872028,85.32897129999999,Baneshwor|Pulchowk,2
ChIJqyhhTLkZ6zkRDdAxiH_Jy7Y,college,सामाजिक कार्य को नेपाल स्कूल,university,27.6871363,85.3289593,Baneshwor|Pulchowk,2
ChIJR8MuPeIZ6zkRly6_Pm04x5w,college,V.S. Niketan College,university,27.6855682,85.3438132,Baneshwor|Koteshwor,2
ChIJS1RjF-_XKqwRpzVXn_ulcms,college,Skill Spark | Best IT training institute in Kathmandu,,27.6841453,85.3333688,Baneshwor|Patan durbar square,2
ChIJ9-vpc9cb6zkRIHaD5Na21xU,college,NextLevel Skills,,27.6841381,85.3333761,Baneshwor|Patan durbar square,2
ChIJkUYpm44Z6zkRj3ffTEwMNbA,college,Baneshwor Multiple Campus,university,27.6891378,85.3479432,Baneshwor|Koteshwor,2
ChIJr0h2AGQZ6zkRUZ42ldGiFyU,college,Golden Gate International College White wing,university,27.7040411,85.340841,Baneshwor,1
ChIJNy9XkA8Z6zkRqPHJKj4rvHk,college,Kaajiko Kitchen,university,27.704069200000003,85.3409609,Baneshwor,1
ChIJKyIa6L8Z6zkRxKU-kJtq8bE,college,Gyan Niketan H. S. School,secondary_school,27.683881000000003,85.333592,Baneshwor|Patan durbar square,2
ChIJU4gD5r8Z6zkRlpOs_1yjQ8E,college,Medhavi College (मेधावी कलेज),university,27.6836147,85.3338165,Baneshwor|Patan durbar square,2
ChIJuRfh8NUZ6zkRwIWHJOWi9Rg,college,Wepro Technology Pvt. Ltd.,university,27.6864391,85.3463252,Baneshwor|Koteshwor,2
ChIJE32CEKgZ6zkRiQaU7hto8ew,college,Human Resource Development And Research Institute,university,27.6899738,85.32577549999999,Baneshwor|Pulchowk,2
ChIJR0lEiNYZ6zkRfASy1XJFdJY,college,WELHAMS GROUP OF INSTITUTIONS,university,27.6866641,85.3280179,Baneshwor|Pulchowk,2
ChIJi0b_upkZ6zkRFpDtGUotYq0,college,Welhams College,university,27.6866366,85.3280041,Baneshwor|Pulchowk,2
ChIJHYDq14UZ6zkRWBiYNRF6Ezk,college,Central College,university,27.6971178,85.34937649999999,Baneshwor,1
ChIJGxehLPgZ6zkRy6YqW1F8dAU,college,Reliable College | Cheapest BBA MBA in Kathmandu Nepal,university,27.6874952,85.34765709999999,Baneshwor|Koteshwor,2
ChIJMxN2nrwZ6zkR5HvhHEQkSs4,college,फिनिक्स कलेज अफ म्यानेजमेन्ट,university,27.7041375,85.3321023,Baneshwor,1
ChIJ9cPoyw0Z6zkRTzYrWifimvg,college,Room,university,27.6885048,85.32630789999999,Baneshwor|Pulchowk,2
ChIJbTyvLMwZ6zkR-h_TK_gWmPQ,college,CONSCIOUS ENLIGHTENED,university,27.6850439,85.345278,Baneshwor|Koteshwor,2
ChIJP2qywKYZ6zkRBjslqB_4stk,college,PRESTIGE COMPUTER TRAINING CENTER,university,27.7018968,85.3281968,Baneshwor,1
ChIJSTUC4MMZ6zkRqRbO8pu2fbI,college,Universal College,university,27.704438900000003,85.33230859999999,Baneshwor,1
ChIJaXyuEMkZ6zkRtKoW2qD38Fk,college,New baneshwor,university,27.6849027,85.3452428,Baneshwor|Koteshwor,2
ChIJz____w8Z6zkRjfSHQGz9ec0,college,Padmashree College,university,27.6872402,85.34783580000001,Baneshwor|Koteshwor,2
ChIJz1kKJQAZ6zkRFY2QkHpfU0U,college,Kathmandu national media college,university,27.7014816,85.3275462,Baneshwor,1
ChIJxTRmbo0Z6zkRlyuEyLWnHOQ,college,College of IT & Engineering,university,27.6846805,85.34525649999999,Baneshwor|Koteshwor,2
ChIJfWy9-YsZ6zkRT9qe3z0Z6bk,college,ISMT College,university,27.6887343,85.3491138,Baneshwor|Koteshwor,2
ChIJC_hI8b8Z6zkR95qgef5djrI,college,Laligurans Rastriya College (LRC),university,27.6828687,85.33341659999999,Baneshwor|Patan durbar square,2
ChIJfS71EIMZ6zkRqwL01M9oLFA,college,Orchid International College,university,27.7022808,85.3465647,Baneshwor,1
ChIJl4aJnkAZ6zkRHJV8OAjqUAg,college,Kathmandu Multiple College,university,27.704391,85.3432127,Baneshwor,1
ChIJAQAAaY0Z6zkRljGCZgEagIs,college,Center For Innovative Technology,university,27.6845006,85.3454395,Baneshwor|Koteshwor,2
ChIJuQVEGwAZ6zkR6wN4oWeKLO0,college,Divya College,university,27.6854453,85.3467146,Baneshwor|Koteshwor,2
ChIJA5dFabUZ6zkROVFb6hL8q0M,college,Kaicho Group,university,27.682129,85.33616409999999,Baneshwor|Koteshwor|Patan durbar square,3
ChIJzRojzpkZ6zkR4oMJw1c4d-8,college,Sunway College Kathmandu,university,27.7055835,85.3343087,Baneshwor,1
ChIJPyXWDoMZ6zkR06v0XNvT5P0,college,Shikshantar College,university,27.7024684,85.3468652,Baneshwor,1
ChIJpc-lzaAZ6zkRe5jyWa3Sng8,college,Sagarmatha College,university,27.703664,85.3293518,Baneshwor|Durbar Marg,2
ChIJ49Yh9fQZ6zkRpWGYczsNark,college,"LBEF CAMPUS, 1st IT College of Nepal",university,27.7054986,85.3334472,Baneshwor,1
ChIJbRHQW4wZ6zkRNB_Er43fJpc,college,Pentagon Int'l College,university,27.6863192,85.34801420000001,Baneshwor|Koteshwor,2
ChIJY8TiRTkZ6zkRbH7Qd1KLLTs,college,"Modern Higher Boarding School,bhaktpur",university,27.6933098,85.3510656,Baneshwor|Koteshwor,2
ChIJq6pqNL8Z6zkR7hq2HDMM7_Q,college,SV College,university,27.6840529,85.3293714,Baneshwor|Patan durbar square|Pulchowk,3
ChIJDVNZeUsZ6zkRO3bOYEIbi6U,college,"The London College, Kathmandu",university,27.6862569,85.3480789,Baneshwor|Koteshwor,2
ChIJn9bepUIZ6zkRxq27tzE9F3Q,college,AVS College,university,27.6911996,85.3508366,Baneshwor|Koteshwor,2
ChIJucicIYkZ6zkR9h1eJWZsCGQ,college,Yala Peak College Of Business Management,university,27.6915,85.350943,Baneshwor|Koteshwor,2
ChIJtaZqOQAZ6zkRvrAnbC8vLDs,college,Dream skills assessment,university,27.6884048,85.3247437,Baneshwor|Pulchowk,2
ChIJb_A0Ap8Z6zkR23CDQX-HXwg,college,Orchid College of Management and Technology,university,27.7020384,85.3482505,Baneshwor,1
ChIJwdfYC6AZ6zkRI4BmBLclEuA,college,Lord Buddha Education Foundation- LBEF College (The First IT College of Nepal),university,27.706127,85.3332587,Baneshwor,1
ChIJD4CCpqcZ6zkRE8f42kSpM5s,college,Platinum Management College,university,27.7026169,85.3263011,Baneshwor|Durbar Marg,2
ChIJv2Xcj7AZ6zkR8Cw8xCQLQ-I,college,Polygon college,university,27.6900839,85.3232578,Baneshwor|Pulchowk,2
ChIJObduJgAZ6zkRMNkgjuU8AWU,college,Panchthar hostel,university,27.7072413,85.3387831,Baneshwor,1
ChIJI7Fnbl0Z6zkRv8Lueiwm8mY,college,Kumar Basnet,university,27.7065026,85.3425675,Baneshwor,1
ChIJ___P84IZ6zkRky3vd_yLmTM,college,Pyramid International College,university,27.704525200000003,85.3467715,Baneshwor,1
ChIJgTIzT40Z6zkRlvI4SE08t8g,college,Himalayan White House Int´l College,university,27.683490400000004,85.34691389999999,Baneshwor|Koteshwor,2
ChIJa3h01ZkZ6zkRoi01Mm2lenI,hospital,Bharosa Hospital Pvt.Ltd,hospital,27.694354,85.3370236,Baneshwor,1
ChIJMcjpHgAZ6zkRvs__8mONlI0,hospital,Bharosa Pharmacy,medical_center,27.6946324,85.337125,Baneshwor,1
ChIJ59ZvUQAZ6zkRWZyLwnN-9Ys,hospital,Phoenix pharmacy,medical_center,27.6927825,85.3367748,Baneshwor,1
ChIJ1asVtJkZ6zkR9RXhXEIPn2c,hospital,Pulse Neuro Center,hospital,27.6960428,85.33713929999999,Baneshwor,1
ChIJ87x4tJkZ6zkRyIOipIfXHKs,hospital,Pulse Health Care & Diagnostics Pvt Ltd,hospital,27.6960968,85.33709379999999,Baneshwor,1
ChIJrwLYU5YZ6zkRBRVcNH-Ke_I,hospital,universal polyclinic pvt ltd,hospital,27.6909683,85.33643719999999,Baneshwor,1
ChIJUc_MCZkZ6zkRtfQ6ywdfah8,hospital,Venus Hospital,hospital,27.6972168,85.33765179999999,Baneshwor,1
ChIJpfaJKZoZ6zkRQsn77JGj1VE,hospital,Meditrust Pharmacy,hospital,27.696927,85.3395693,Baneshwor,1
ChIJzcMpGAAZ6zkRl_QiA2Xa4kc,hospital,Panini Ayurved Pharma,medical_center,27.6908333,85.3347536,Baneshwor,1
ChIJM80qZgAZ6zkRSduH7V5p1go,hospital,New Baneshwor,hospital,27.6916627,85.3409531,Baneshwor|Koteshwor,2
ChIJ1Roh3l8Z6zkRRQ4FnQyXqBE,hospital,ismile dental clinic,hospital,27.6911206,85.33379579999999,Baneshwor,1
ChIJuekB12kZ6zkRFnqUbTpNLKg,hospital,Pharnacy,medical_center,27.6915196,85.3420486,Baneshwor|Koteshwor,2
ChIJm6_QC2kZ6zkRqy0-ivsLkWM,hospital,Krishna mahara,hospital,27.6915196,85.3420486,Baneshwor|Koteshwor,2
ChIJHbF7P5EZ6zkRvnrdG7apSvo,hospital,health service,hospital,27.6900582,85.3405713,Baneshwor|Koteshwor,2
ChIJ_-nZGr0Z6zkRKp4UUjE5c0Y,hospital,Double Health House,medical_center,27.6919646,85.332231,Baneshwor,1
ChIJ95-gC5YZ6zkRjvw2k17pS08,hospital,Central Optical,hospital,27.6886286,85.3354276,Baneshwor,1
ChIJXWd7LQAZ6zkRs7UMR0zhj2E,hospital,Raptor Office,medical_center,27.6907165,85.3431837,Baneshwor|Koteshwor,2
ChIJIRBk1oAZ6zkR5QuJQO5F4vk,hospital,Max Meditech System,hospital,27.6877416,85.3367758,Baneshwor|Koteshwor,2
ChIJW0WPZBQZ6zkR0ZRDx_e6W1o,hospital,Hospitality Consultant In Nepal,consultant,27.6877579,85.3364227,Baneshwor|Koteshwor,2
ChIJI-BaYAEZ6zkRly7nCwWJY1U,hospital,Jeet Medical Hall,medical_center,27.6976552,85.33138489999999,Baneshwor,1
ChIJZS0RRQAZ6zkRXWvL4bFnCNI,hospital,Shankhmul Road New Baneshwor,medical_center,27.687049,85.335419,Baneshwor|Koteshwor,2
ChIJmc74PgAZ6zkR7UtfMO1OI6s,hospital,Emergency आपत्कालीन सेवा,hospital,27.6868651,85.3387345,Baneshwor|Koteshwor,2
ChIJdZNg4IQZ6zkR2KCshq8R_bI,hospital,Central Health care Dental and medical superspeciality hospital,medical_center,27.6866907,85.338096,Baneshwor|Koteshwor,2
ChIJV74oSgAZ6zkRuiTJPupH36E,hospital,Sahari Swasthya Prabandhan Kendra (Ward 10),hospital,27.6917241,85.3291722,Baneshwor,1
ChIJcxXFx5MZ6zkRmVYr8XlycEk,hospital,Nepal Korea Skin & Medical Center Pvt. Ltd.,hospital,27.6871823,85.3413156,Baneshwor|Koteshwor,2
ChIJZxUOdQAZ6zkRZ4_EvORAffU,hospital,Oncology Department क्यान्सर विभाग,hospital,27.6865493,85.3396783,Baneshwor|Koteshwor,2
ChIJp61sCOoZ6zkRQGNS1kxXZcE,hospital,Krishma Pharmacy,medical_center,27.7006884,85.3416551,Baneshwor,1
ChIJn8GadpQZ6zkR7dsEu9rdFQ0,hospital,Civil Service Hospital of Nepal,hospital,27.6863031,85.3388038,Baneshwor|Koteshwor,2
ChIJw50wZZQZ6zkRwRD4Nn4_krc,hospital,Ward Block of the hospital,hospital,27.6861675,85.338779,Baneshwor|Koteshwor,2
ChIJk8CAjaMZ6zkRzvgxm_r6Obk,hospital,Dr. Pradip and Dr. Suraj,hospital,27.6982184,85.32977369999999,Baneshwor,1
ChIJy-WIcAAZ6zkR5dr3l10BUIQ,hospital,Urology & Kidney Hospital,hospital,27.6971886,85.3457645,Baneshwor,1
ChIJi0vmfJwZ6zkR9GZlp_5L94g,hospital,Newton Polyclinic and Diasnostic Center,hospital,27.7009831,85.3419378,Baneshwor,1
ChIJEcuocgAZ6zkRm9H48qKJz9s,hospital,Civil Service Hospital Surgical Block,hospital,27.6858001,85.33876719999999,Baneshwor|Koteshwor,2
ChIJoWWanesZ6zkRvdfJdcafIjk,hospital,Anugraha Medical Center,medical_center,27.6870346,85.3426082,Baneshwor|Koteshwor,2
ChIJ-xSADzEZ6zkRrJpbQMa3Qxk,hospital,Siddehesor bachanalaya and sewa kendra स्वास्थ्य सेवा केन्द्र,hospital,27.6889547,85.34497580000001,Baneshwor|Koteshwor,2
ChIJs6CENQAZ6zkRfvjU03u1ArE,hospital,Tapasya Pharmacy,medical_center,27.7001128,85.343876,Baneshwor,1
ChIJGe10KQAZ6zkRhYFXP1w7iWs,hospital,Budhasubba Pharma,medical_center,27.6891791,85.3452566,Baneshwor|Koteshwor,2
ChIJq6hng5UZ6zkRUvRnPO7oMfU,hospital,Cangjie Treatment Service Center Pvt. LTD.,medical_center,27.685756,85.3348549,Baneshwor,1
ChIJg9f3QYUZ6zkRQv-lItdsNwc,hospital,Frontline Hospital,hospital,27.7025058,85.33844719999999,Baneshwor,1
ChIJ97xTAgAZ6zkRXucKNzkkkAo,hospital,Shree om kareshwor health care,medical_center,27.692434,85.346955,Baneshwor|Koteshwor,2
ChIJ5ZNRBHkZ6zkRiWhSu-o__no,hospital,Institute of Natural Health,hospital,27.7020813,85.3409866,Baneshwor,1
ChIJUaKLZv8Z6zkRFo3s4CtEQG8,hospital,Keshav Ayurveda Hospital,hospital,27.6952492,85.3471596,Baneshwor|Koteshwor,2
ChIJUcWaObsZ6zkR36hSOerj4f0,hospital,Healthy Life National Medical Center Pvt. Ltd,medical_center,27.6930959,85.32753029999999,Baneshwor,1
ChIJafFY15UZ6zkRubI8QgF4YEY,hospital,KEN Center,hospital,27.6864072,85.3425591,Baneshwor|Koteshwor,2
ChIJq0hVuKEZ6zkReSeqM_JmxL8,hospital,Miron Medical Hall,medical_center,27.7020096,85.33286969999999,Baneshwor,1
ChIJE6TjWQAZ6zkRWOeR-TovciA,hospital,XCEL,medical_center,27.6942614,85.3476364,Baneshwor|Koteshwor,2
ChIJ8fwLdZ8Z6zkRzrRkRNSqObI,hospital,Damak Dental Hospital,hospital,27.702889,85.3354459,Baneshwor,1
ChIJ809pCwAZ6zkRU0KC80JnSiA,hospital,Excel international Pvt ltd,medical_center,27.69415,85.347673,Baneshwor|Koteshwor,2
ChIJ-YNttZwZ6zkRVv3Z4X4yYbY,hospital,Gopal Bhagat Pradhan Memorial Hospital,hospital,27.7023594,85.3332222,Baneshwor,1
ChIJOafoNgAZ6zkRkEU1k-aL95Q,hospital,J N B health care pvt Ltd,medical_center,27.6867385,85.3303742,Baneshwor,1
ChIJjZtQEQAZ6zkR-hs4zofdVEY,hospital,Rawali pharma link,medical_center,27.7003188,85.3287153,Baneshwor,1
ChIJcfIrt58Z6zkRIdqnMnyiiKA,hospital,Swacon International Hospital,hospital,27.7041699,85.33640989999999,Baneshwor,1
ChIJ-Xfktp8Z6zkR3VZqQoaVrCQ,hospital,FUTURE VISION CLINIC,hospital,27.704206,85.336411,Baneshwor,1
ChIJzSkMUAAZ6zkRNGY0b0mMNps,hospital,Kathmandu International Hospital,hospital,27.686441,85.3455559,Baneshwor|Koteshwor,2
ChIJaT3CH40Z6zkR_hZrznDIpGg,hospital,Aalimah Diagnostic Center,medical_center,27.7039949,85.3412194,Baneshwor,1
ChIJpc1USYQZ6zkRkH-BrllHBUA,hospital,Hope Hospital,hospital,27.6982685,85.348321,Baneshwor,1
ChIJH-3EeI0Z6zkRMzMxsyy2YdA,hospital,Kantipur Hospital,hospital,27.6855939,85.3447983,Baneshwor|Koteshwor,2
ChIJY0vrRKAZ6zkRKvKQSWiO2gI,hospital,Shanta Global Pathology pvt ltd.,hospital,27.7038805,85.3323568,Baneshwor,1
ChIJSSeFl6IZ6zkRUYcTkif2_cc,hospital,"Ayurveda and Alternative Medicine Hospital, Kathmandu",hospital,27.6909326,85.34919649999999,Baneshwor|Koteshwor,2
ChIJV5CnDY0Z6zkRBC2hRF22v-U,hospital,Empire Diagnostic Center & Dental Hospital Pvt Ltd,hospital,27.686156,85.3460747,Baneshwor|Koteshwor,2
ChIJm2Ue174Z6zkRdjlEqg0uCVk,hospital,Amazon Pharmacy,medical_center,27.6871979,85.32760080000001,Baneshwor|Pulchowk,2
ChIJMzIikTUZ6zkRLeu7B_DA8jQ,hospital,MediCure Pharmacy and Cosmetic Mart,pharmacy,27.6861496,85.34612829999999,Baneshwor|Koteshwor,2
ChIJra-1lNQZ6zkRjU4mzP1DmKo,hospital,Himalayan Ayurveda Medical Science College And Hospital,hospital,27.6867306,85.3279965,Baneshwor|Pulchowk,2
ChIJObcpp08Z6zkRQh3-zgCTxJM,hospital,MERO PHYSIOTHERAPY,hospital,27.686697700000003,85.3279584,Baneshwor|Pulchowk,2
ChIJeRosD40Z6zkR-AcV3Wmk7Co,hospital,Dental Tinkune Nepal,hospital,27.6864162,85.34651749999999,Baneshwor|Koteshwor,2
ChIJc2-YOgAZ6zkRswAbNiFppUQ,hospital,Harihar Health Care Pvt. Ltd,pharmacy,27.6830337,85.3351201,Baneshwor|Koteshwor|Patan durbar square,3
ChIJeSv5Md4Z6zkRzRDI_uQTTr0,hospital,Home physiotherapy,hospital,27.7019198,85.32811219999999,Baneshwor,1
ChIJ1brXm78Z6zkRipLzskOnRAw,hospital,Samriddhi Health Service,hospital,27.6834981,85.3321644,Baneshwor|Patan durbar square,2
ChIJTcaYcDsZ6zkRxWRxuNB1yG8,hospital,Dr. Binay Kumar Rauniyar- Cardiologist in Nepal,doctor,27.7049638,85.33331129999999,Baneshwor,1
ChIJDxZpYgAZ6zkRqc6p5PvMItU,hospital,Unicorn Medical Center Pvt.Ltd,medical_center,27.6974958,85.3498467,Baneshwor,1
ChIJoc8TeYYZ6zkR90nI45a3j0w,hospital,Merit Multicare Medical Center Pvt. Ltd.,hospital,27.6971107,85.3500833,Baneshwor,1
ChIJ-Q6Dnp0Z6zkR2O1sY0nya5c,hospital,Shree Kunta Polyclinic & Health Care Center P Ltd,hospital,27.705031,85.341855,Baneshwor,1
ChIJc3vHPnMZ6zkRpG-_YcvlT2I,hospital,Nutrif care,medical_center,27.6832857,85.331456,Baneshwor|Patan durbar square|Pulchowk,3
ChIJ49uYXwAZ6zkRe4NEgItfmdY,hospital,Cornerstone Pharmacy,medical_center,27.6880304,85.3255543,Baneshwor|Pulchowk,2
ChIJmwHl1g8Z6zkRZxia2ZIZS_I,hospital,सिंहदरबार वैधखाना विकास समिती,hospital,27.7007223,85.3259395,Baneshwor,1
ChIJlZxUSJ0Z6zkRF0wAXLY9D0k,hospital,Sewa Kendra Leprosy Relief,hospital,27.7049182,85.3441405,Baneshwor,1
ChIJqwB-MjQZ6zkRMlHCBT1h_20,hospital,PRASHANTI HEALTH CARE CENTER PVT. LTD,medical_center,27.6967836,85.3511924,Baneshwor,1
ChIJxyMGC7oZ6zkR6vBKMLgFQqU,hospital,Dikshya Pharmaco,pharmacy,27.689339600000004,85.3241256,Baneshwor|Pulchowk,2
ChIJCbusNLEZ6zkRr65Bk0hNVHg,hospital,Akhanda Medical Center Pvt.Ltd,medical_center,27.7058297,85.3424946,Baneshwor,1
ChIJa89cfJ0Z6zkRqM-Rk0FWDqE,hospital,Akhanda Medical Center Pvt. Ltd,medical_center,27.7058836,85.3425184,Baneshwor,1
ChIJyakcDwAZ6zkRd8_TbteG42w,hospital,Bhawanipur pharmacy,medical_center,27.6991298,85.3510005,Baneshwor,1
ChIJL16TX8EZ6zkRJTPLLVCVp4M,hospital,Chadani Medical and Diagnostic Pvt. Ltd.,medical_center,27.699123,85.3510211,Baneshwor,1
ChIJC7sPpBUZ6zkR-YiRi3oCWPc,hospital,Shah Nirajan Bikram,hospital,27.6991378,85.3510904,Baneshwor,1
ChIJuV4JJLAZ6zkRn28yYt47QJ0,hospital,Suderpaschmi Pvt.ltd,hospital,27.6934912,85.3224005,Baneshwor,1
ChIJN44dV4EZ6zkR0KQuJW8PdN4,hospital,Alisha Poly Clinic Pvt.Ltd.,medical_center,27.701116,85.350014,Baneshwor,1
ChIJkc-edaYZ6zkRUU29lVLXmQw,hospital,bishowa jyoti khanal,hospital,27.7056136,85.3448262,Baneshwor,1
ChIJfyX4SKMZ6zkRf9Kbdzud0m8,hospital,Auric Healing Nepal,hospital,27.7059878,85.33066579999999,Baneshwor|Durbar Marg,2
ChIJBV_A0HcZ6zkRZILRNeULKF0,hospital,Akash Bhairav ​​Medical Center Prof. Lee,medical_center,27.7066452,85.34252359999999,Baneshwor,1
ChIJfeYVFwAZ6zkR4fSi7UAG2X0,mall,Prince Mart Pvt. Ltd. - Mid-Baneshwor,shopping_mall,27.6940962,85.3372462,Baneshwor,1
ChIJKURURWcZ6zkRc3aAXz_mKt0,mall,Mantra In-N-Out Square,shopping_mall,27.6931588,85.33688699999999,Baneshwor,1
ChIJL9covZcZ6zkRSGPAj2kYiUU,mall,Magic and Aaros,shopping_mall,27.6926782,85.3362022,Baneshwor,1
ChIJUW-zCOkZ6zkRnadg7FRw22s,mall,Eyeplex Mall,shopping_mall,27.6922999,85.33640109999999,Baneshwor,1
ChIJ5ZmtJrgZ6zkRCEbyAU-Y8hY,mall,Alpha Men's Wear,clothing_store,27.6922755,85.33639099999999,Baneshwor,1
ChIJGRa3OTkZ6zkRLBsbbipKUyw,mall,WeeMumsy,shopping_mall,27.6955071,85.3387415,Baneshwor,1
ChIJi_VsDL0Z6zkRXox-LHuL36s,mall,Drink Mart,shopping_mall,27.6925248,85.3357865,Baneshwor,1
ChIJAx0fKkUZ6zkRO0Xt0frhYh0,mall,Kaziwears,shopping_mall,27.6922328,85.3357,Baneshwor,1
ChIJKYV-82AZ6zkR6bcBsrVCkfc,mall,C & M Building,shopping_mall,27.6915776,85.33614829999999,Baneshwor,1
ChIJXUZUIrgZ6zkRUUnvUjiSMME,mall,Ktm Kids shop,shopping_mall,27.6913459,85.33771689999999,Baneshwor,1
ChIJMQE-s6sZ6zkRbWC8MY2aERs,mall,easy kinmel online shop,shopping_mall,27.6968026,85.3380128,Baneshwor,1
ChIJGysf-ZYZ6zkRZa-rTzbZl4o,mall,सस्तो सस्तो,shopping_mall,27.690900300000003,85.33701169999999,Baneshwor,1
ChIJCSKDUZYZ6zkRhkLr_cmTBIo,mall,"SB LIQUOR CENTER, NEW BANESHWOR, KTM",shopping_mall,27.690934,85.33638719999999,Baneshwor,1
ChIJp3cGbJoZ6zkRtnmtv4_cPnA,mall,Goldstar Shoes Collection,shopping_mall,27.6953346,85.3408568,Baneshwor,1
ChIJp3IlAQgZ6zkRVfYVTPFV2tE,mall,New piece collection,shopping_mall,27.6907871,85.33587419999999,Baneshwor,1
ChIJcQ_cz5YZ6zkRmRJgzfqNfzk,mall,Mero Mart Nepal Baneshwor Branch,shopping_mall,27.6906982,85.3389298,Baneshwor|Koteshwor,2
ChIJUxudfAAZ6zkRbGZDWOKcteE,mall,Ak mall,shopping_mall,27.6929674,85.341445,Baneshwor|Koteshwor,2
ChIJx5rpEpkZ6zkRvSBERvdsS34,mall,Pick & pack Hukkas,shopping_mall,27.6980775,85.3381325,Baneshwor,1
ChIJkxmEyasZ6zkRF0i4rsyKZl8,mall,Red Horse Enterprises,shopping_mall,27.6919964,85.34176900000001,Baneshwor|Koteshwor,2
ChIJa7Qa5lUZ6zkRFKBMD7tsemg,mall,Madhu Ratna Sadan,shopping_mall,27.6900896,85.3348575,Baneshwor,1
ChIJoQGSSGYZ6zkRObTy2g_dEFQ,mall,My Mini Mall,shopping_mall,27.6898551,85.3394583,Baneshwor|Koteshwor,2
ChIJ7-qP9JoZ6zkRg9QLLRWtGnQ,mall,Nasocheko Bajar,shopping_mall,27.6960605,85.34232659999999,Baneshwor,1
ChIJ4QWCCb0Z6zkReoFGPx_bIeg,mall,Hamroluga,shopping_mall,27.691386,85.3326599,Baneshwor,1
ChIJ5SoWTQAZ6zkR2rwKXzfjYnQ,mall,Jay Nepal Restaurant Distributors,shopping_mall,27.6911613,85.342339,Baneshwor|Koteshwor,2
ChIJLbswpocZ6zkR5BjephMZt-g,mall,Kalika Store,shopping_mall,27.6976196,85.341583,Baneshwor,1
ChIJX3JKXpkZ6zkRp8Y3h5l7dYw,mall,Noskart.com,shopping_mall,27.6987778,85.33989629999999,Baneshwor,1
ChIJmzrfMaMZ6zkR_-iD0rcLQU8,mall,Shop Mantra Nepal,shopping_mall,27.6945772,85.3311109,Baneshwor,1
ChIJO4YFo5EZ6zkRLCC39FZLp6k,mall,Kathmandu Electronics,shopping_mall,27.6903179,85.3426066,Baneshwor|Koteshwor,2
ChIJQQL3TJkZ6zkRrH0Us29TR9M,mall,Vishwa Vinayak Recondition House,shopping_mall,27.7000129,85.3386074,Baneshwor,1
ChIJs_h1PZkZ6zkR9ZtXKkwbyGs,mall,Good Luck Tailors And Shirting Suiting Center,clothing_store,27.6896662,85.34254980000001,Baneshwor|Koteshwor,2
ChIJLyWTEJ0Z6zkRHpX1JlYwBcc,mall,Sagarmatha Metal Concern,shopping_mall,27.7001658,85.33891009999999,Baneshwor,1
ChIJOQOs55UZ6zkRGKiQqo8F6Jc,mall,ABS Fashion,shopping_mall,27.6877926,85.3354827,Baneshwor,1
ChIJf6e7GN8Z6zkRPCLmTo-yBms,mall,NB Center - Naya Baneshwor Center,shopping_mall,27.6877344,85.3355845,Baneshwor,1
ChIJOcQo2JoZ6zkRv7JtHxmpHbs,mall,Akt Stationery,shopping_mall,27.6972392,85.3438851,Baneshwor,1
ChIJEQRa548Z6zkRO_5zlFKbcNQ,mall,Baneshwor Spa Swimming Pool,swimming_pool,27.6932055,85.3448397,Baneshwor|Koteshwor,2
ChIJ1cQq5pMZ6zkROWzjGOZBwUU,mall,All Flags Tours and Travels Pvt. Ltd.,shopping_mall,27.6878216,85.3405921,Baneshwor|Koteshwor,2
ChIJ0-q7fVwZ6zkRvQARiFtQ-_A,mall,"US Fashion Wear, New Baneshwor",shopping_mall,27.6873812,85.335422,Baneshwor,1
ChIJ6ZChSKYZ6zkR7SHPJ7gmJKY,mall,E Mart Nepal,shopping_mall,27.6925208,85.32928679999999,Baneshwor,1
ChIJfQnAKI4Z6zkRDygE9GSnaVs,mall,Ujjwal Store,shopping_mall,27.6909727,85.3449372,Baneshwor|Koteshwor,2
ChIJl8qiNwAZ6zkRM0fpW23PRWM,mall,ANGEL STATIONARY AND GENERAL STORES,shopping_mall,27.6964375,85.3294375,Baneshwor,1
ChIJhWjsG5wZ6zkRHAkptbd7U90,mall,Hero or zero clothing store,shopping_mall,27.7012453,85.3398411,Baneshwor,1
ChIJG8sce5wZ6zkRzQlsfS5xp74,mall,Soulmates Enterprise Pvt. Ltd,shopping_mall,27.700877,85.34157859999999,Baneshwor,1
ChIJn2u0vY8Z6zkRl79OxL0XMFE,mall,sarala store,shopping_mall,27.6928251,85.3461899,Baneshwor|Koteshwor,2
ChIJ1YEGUWEZ6zkROmVUJpXBwZY,mall,Sagarmatha online shopping (Baby Stores),shopping_mall,27.6863134,85.33503999999999,Baneshwor,1
ChIJY3PtQxwZ6zkR2otxBX5Vx0A,mall,99 STOP SHOP,shopping_mall,27.6992036,85.34409149999999,Baneshwor,1
ChIJSwjEn54Z6zkRHXZ_Zlg83n8,mall,Shree Airlines,shopping_mall,27.7017376,85.33934409999999,Baneshwor,1
ChIJR0cabJwZ6zkRy-ZkU9TYO8k,mall,BEST BUY Shopping Centre ( old baneshwor),shopping_mall,27.701295,85.3410571,Baneshwor,1
ChIJPRyHeVEZ6zkRwiah7EguG0k,mall,the_sweetlime,shopping_mall,27.6865372,85.33385249999999,Baneshwor,1
ChIJ0THHsL8Z6zkRsrasgEG0d_g,mall,Bandhu Deal,,27.6870359,85.34230289999999,Baneshwor|Koteshwor,2
ChIJKUm5ZKIZ6zkRw4gmX8Y6JSY,mall,Classified wears,shopping_mall,27.7000785,85.33101409999999,Baneshwor,1
ChIJfSSEWZsZ6zkR0lTTdvHBZbY,mall,Collective Family Store,shopping_mall,27.7000009,85.3438417,Baneshwor,1
ChIJCTVaKL4Z6zkRVpgO2Qr0trQ,mall,Ghimire Complex,shopping_mall,27.6860037,85.3341854,Baneshwor,1
ChIJW3A-LIIZ6zkRakk8xdmnANY,mall,Badge99,shopping_mall,27.6999501,85.3442077,Baneshwor,1
ChIJJX2e_TIZ6zkR6_2tT3slf3U,mall,Dealmandu dot com,electronics_store,27.6914565,85.3281773,Baneshwor,1
ChIJYSGKUY4Z6zkRMHwmB9qwad4,mall,Katwal Kirana Shop,shopping_mall,27.6911867,85.34658019999999,Baneshwor|Koteshwor,2
ChIJq6Qjb9QZ6zkRPDtwcjbQs3k,mall,Smartcare online,shopping_mall,27.6868827,85.3431191,Baneshwor|Koteshwor,2
ChIJqUCf_KMZ6zkRqy-kyxgWzOk,mall,Digitrust Enterprises,shopping_mall,27.699454,85.3296721,Baneshwor,1
ChIJx9fQeQAZ6zkRtuYl3ufqMkw,mall,Samyra Fancy Collecation,shopping_mall,27.6907383,85.3467137,Baneshwor|Koteshwor,2
ChIJoxN5AjoZ6zkRMBvNEclLbOM,mall,Sabin Store,shopping_mall,27.6917919,85.34711829999999,Baneshwor|Koteshwor,2
ChIJMQJvPgAZ6zkRbqjslg2jlQU,mall,Friends,shopping_mall,27.7009382,85.3439006,Baneshwor,1
ChIJmb74vYQZ6zkRDKgi2sNyU3g,mall,Mega Shop,shopping_mall,27.699358,85.3459199,Baneshwor,1
ChIJQ5VK9pwZ6zkRCReyAHwfji4,mall,Golden Butik,shopping_mall,27.7023171,85.3420946,Baneshwor,1
ChIJE_HVfgAZ6zkRHy5vsCUjde4,mall,ABO,shopping_mall,27.7032661,85.3363116,Baneshwor,1
ChIJkUpKuiwZ6zkR-nR59yiMpNg,mall,Bhitri Bazar,shopping_mall,27.6866941,85.3305079,Baneshwor,1
ChIJ_RERfwAZ6zkRo2O5lw5Y2Aw,mall,My Family Store,shopping_mall,27.7021965,85.3320765,Baneshwor,1
ChIJBxcCIbsZ6zkRdsV8BIZFeMs,mall,Broadcast Traders,shopping_mall,27.6926768,85.3267108,Baneshwor,1
ChIJpYqG0pUZ6zkRbWKddmYNySk,mall,Shree Maitidevi Mata Grill Udhyog/metal workshop,general_contractor,27.7026421,85.33261329999999,Baneshwor,1
ChIJ76Wag58Z6zkRh7yOIqqScOs,mall,Mazzako Deal,shopping_mall,27.7033322,85.3347199,Baneshwor,1
ChIJu99We0oZ6zkR43X8SY3Lkkg,mall,Chaulagain Kirana Store,shopping_mall,27.6851071,85.3419938,Baneshwor|Koteshwor,2
ChIJz4-QYwAZ6zkRdqW5vg1T6Cs,mall,Bhariya Dai Online gallery,shopping_mall,27.6842759,85.3390477,Baneshwor|Koteshwor,2
ChIJpdl32L8Z6zkRIqIaGuUvqf0,mall,Grt,shopping_mall,27.6845011,85.3343519,Baneshwor,1
ChIJHfDyhZ8Z6zkRLw8tzfHeXXI,mall,Biker Accessories,shopping_mall,27.7036783,85.3346734,Baneshwor,1
ChIJVVVVTKAZ6zkR7IvvIUE4Chs,mall,गुप्तेस्वर स्टोर्स,shopping_mall,27.703087,85.3325208,Baneshwor,1
ChIJfb18P3AZ6zkRRhrfS3wjNWU,mall,Fusion Store,shopping_mall,27.6843891,85.3335628,Baneshwor|Patan durbar square,2
ChIJqzAFWgAZ6zkRkGxAJEP7_fo,mall,Shankhamul Tower,shopping_mall,27.6841094,85.3334002,Baneshwor|Patan durbar square,2
ChIJWaDJR6AZ6zkRKwy2KZswVcg,mall,sulavzon,shopping_mall,27.7037167,85.3328975,Baneshwor,1
ChIJOULX-28Z6zkREXXYJ_Ya1qM,mall,Secular,shopping_mall,27.6903557,85.3260382,Baneshwor,1
ChIJn9IfKJUZ6zkRxHmTrwZg0lM,mall,Gurung Store,shopping_mall,27.6832842,85.33691549999999,Baneshwor|Koteshwor,2
ChIJF8j3Jj4Z6zkRig-O-38TC2I,mall,WOM | Women Over Men,shopping_mall,27.6845612,85.331632,Baneshwor|Patan durbar square,2
ChIJj7Opv6wZ6zkRGpGUm0_NY7E,mall,Lamrin House,shopping_mall,27.7033106,85.3311341,Baneshwor,1
ChIJ7w-ESgwZ6zkR8IBR8JINj1A,mall,Naaptol Bazaar,shopping_mall,27.7040172,85.33253479999999,Baneshwor,1
ChIJXZMalr8Z6zkRMNvkZwVP2tk,mall,mini_market,shopping_mall,27.6838479,85.3326355,Baneshwor|Patan durbar square,2
ChIJn3faW0gZ6zkROBTRRwygf8c,mall,HAMRO KINMEL BAZAR,shopping_mall,27.6839413,85.33232989999999,Baneshwor|Patan durbar square,2
ChIJtSJT1Y4Z6zkRLNdo8W2p3rk,mall,Mansaroar shopping Center,shopping_mall,27.6874612,85.34749140000001,Baneshwor|Koteshwor,2
ChIJ4SHOQaAZ6zkRZNOVK4F9h4c,mall,OpticProduct Distributors,store,27.7042512,85.33278969999999,Baneshwor,1
ChIJe_7fskYZ6zkRSzPCAvD1tzI,mall,Smartskarts Nepal Pvt Ltd,shopping_mall,27.6945742,85.34997779999999,Baneshwor|Koteshwor,2
ChIJ5w9DsusZ6zkRVMSfxyDJnXI,mall,Kush Import & Export,shopping_mall,27.6830293,85.3404353,Baneshwor|Koteshwor,2
ChIJ9583fQAZ6zkRs-vYID2lSYQ,mall,Ajeema meat supplier,shopping_mall,27.7046035,85.3330702,Baneshwor,1
ChIJTWaptEEZ6zkRCQCs54PNrbo,mall,Deepson shoe center,shopping_mall,27.7041131,85.33163019999999,Baneshwor,1
ChIJAZpQa1QZ6zkRMFK9F1W9xfA,mall,RB Online Service,shopping_mall,27.7016268,85.3275683,Baneshwor,1
ChIJCQyB2aYZ6zkR-R7nsBJvyKg,mall,FashionVastra,shopping_mall,27.7023991,85.32836089999999,Baneshwor,1
ChIJZ2hm1MEZ6zkRIIplGtMD_u4,mall,Maa General Store stationery Cyber,shopping_mall,27.7044283,85.3432294,Baneshwor,1
ChIJ_zHIPLoZ6zkRlSPk-Sc3F54,mall,arjun pokharel pvt ltd,shopping_mall,27.6888212,85.3254978,Baneshwor|Pulchowk,2
ChIJcwccYAAZ6zkRQH_EC2Dt9uI,mall,Banesor,shopping_mall,27.6855417,85.3466337,Baneshwor|Koteshwor,2
ChIJw9gLVp4Z6zkRSROxI8GsdRs,mall,Angels plaza,shopping_mall,27.68273,85.3329377,Baneshwor|Patan durbar square,2
ChIJn5pEAY0Z6zkRSt_dupoZ578,mall,Shrestha Sanitary and Hardware,hardware_store,27.685418,85.346825,Baneshwor|Koteshwor,2
ChIJP0rPqewZ6zkRpavy4AFx9WI,mall,न्यू पलान्चोक भगवती सप्लायर्स / New palanchok bhagawati suppliers,shopping_mall,27.6821358,85.339542,Baneshwor|Koteshwor,2
ChIJqSHYKKcZ6zkRwJ9HBBkoSDg,mall,Everest Wears And Clothing,shopping_mall,27.703117,85.32864339999999,Baneshwor|Durbar Marg,2
ChIJW_ccr4sZ6zkRSiDTRVwAXZg,mall,The Obelisk Store NEPAL,shopping_mall,27.682581700000004,85.3330904,Baneshwor|Patan durbar square,2
ChIJM9oU9MMZ6zkRrxVGhUmGQMA,mall,Sinamangal,shopping_mall,27.6964797,85.3509804,Baneshwor|Koteshwor,2
ChIJQwJg2eoZ6zkRcLcsE8FbvRM,mall,Ujal Kirana Pasal,shopping_mall,27.6815548,85.33656049999999,Baneshwor|Koteshwor|Patan durbar square,3
ChIJ1RYHq5IZ6zkRpv1efEkLk1Y,mall,Monika Group | False Ceiling in Nepal,general_contractor,27.6829872,85.3444121,Baneshwor|Koteshwor,2
ChIJq2eovuwZ6zkRjG1rUOQ9bEM,mall,Satyal Bajeko Puja Pasal,shopping_mall,27.6816452,85.34048969999999,Baneshwor|Koteshwor,2
ChIJSSMSvYYZ6zkRszDIYDyNgek,mall,Kafle Cold Store,shopping_mall,27.6993009,85.350556,Baneshwor,1
ChIJDxRt4YwZ6zkRCn_4UQujuT0,mall,shree ganeshaya namo,shopping_mall,27.6846355,85.3474054,Baneshwor|Koteshwor,2
ChIJ_zWp568Z6zkRDmlKlnhB-3E,mall,Marina Vaptzarova,shopping_mall,27.6943139,85.32279059999999,Baneshwor,1
ChIJQd5uBigZ6zkR0xu8Lgf-xEE,mall,Classic,shopping_mall,27.7070521,85.3377783,Baneshwor,1
ChIJAVDdf5wZ6zkRWldW662Iw-o,mall,Sharada Bhawan,shopping_mall,27.7068099,85.3337554,Baneshwor,1
ChIJL3Nhq6cZ6zkRsAQXDyXxN5I,mall,Hakimi Glass House,shopping_mall,27.7027305,85.3261345,Baneshwor|Durbar Marg,2
ChIJIQO4haMZ6zkRJmqArG47GgI,mall,D.B. Optical,shopping_mall,27.6805816,85.3392988,Baneshwor|Koteshwor,2
ChIJI8MLZgAZ6zkRJ16ZIstVhts,office,Janaki Polychem Pvt Ltd.,corporate_office,27.6939846,85.3371921,Baneshwor,1
ChIJNwWYbgAZ6zkRmjXE2zQYKnI,office,E.V. Ride Pvt. Ltd,corporate_office,27.693996,85.3371775,Baneshwor,1
ChIJbxWKXwAZ6zkRempi1fHyn7k,office,Generation Next Communication,corporate_office,27.6940223,85.33717860000002,Baneshwor,1
ChIJT2wgbAAZ6zkR8N_vpNvkpCQ,office,Bhimsaria Group,corporate_office,27.6940523,85.3371851,Baneshwor,1
ChIJf6PQcu4Z6zkRX0s8CR6zjss,office,"राष्ट्रिय कृषक समूह महासंघ, नेपाल (NFGF Head Office)",corporate_office,27.6939904,85.3378147,Baneshwor,1
ChIJHzk5CwAZ6zkRDSnWfEoc-tI,office,Golden Nepal Marketing Pvt.ltd,,27.6944431,85.3373479,Baneshwor,1
ChIJg9TbmfsZ6zkRz_N22MrZX1w,office,Knowledge Network Solutions,corporate_office,27.6944693,85.337277,Baneshwor,1
ChIJY6jwXgAZ6zkRUeGleIE0iCc,office,Agri Direct Global Pvt. Ltd.,corporate_office,27.6945572,85.3376025,Baneshwor,1
ChIJq-54GwAZ6zkRCjwKrEDcaU8,office,Purak Asia,corporate_office,27.693617,85.33803209999999,Baneshwor,1
ChIJWbmGHQAZ6zkR_z-JKtS6CdA,office,D.B Business Consultants Pvt. Ltd.,corporate_office,27.6932961,85.33801539999999,Baneshwor,1
ChIJMcieVMkZ6zkR0k19VXdWmJo,office,Yambu Engineering Services Pvt. Ltd.,corporate_office,27.6932956,85.33806750000001,Baneshwor,1
ChIJzRojzpkZ6zkR31E1a5Eh2PA,office,NC Softs,corporate_office,27.6950307,85.3372353,Baneshwor,1
ChIJc0R-bSUZ6zkRpZUmFk5A9bk,office,Guru technology pvt ltd,corporate_office,27.6950307,85.3372353,Baneshwor,1
ChIJwf61IAAZ6zkRUp1wrziyIAw,office,Kataho Nepal,corporate_office,27.6950308,85.3372353,Baneshwor,1
ChIJ53sV9GoZ6zkRo5QVMvFdE-k,office,Enarad,corporate_office,27.6950735,85.3370537,Baneshwor,1
ChIJZ2nWzpkZ6zkRfqvt5ducLXE,office,Api Technology Pvt. Ltd.,,27.6953653,85.3373336,Baneshwor,1
ChIJr4fKxpkZ6zkRRHfEhJ6mAUw,office,IdeaBox Pvt. Ltd.,corporate_office,27.6954625,85.3378237,Baneshwor,1
ChIJ_3UI5WQZ6zkRcB3yc10-gLo,office,P.S.G. & Associates | Chartered Accountants,accounting,27.6955292,85.3370132,Baneshwor,1
ChIJW9fdHAAZ6zkRZtsElXkLJWI,office,Loktantrik Adibasi Janajati Mahasang Nepal,corporate_office,27.6949144,85.33904249999999,Baneshwor,1
ChIJOyLQK-MZ6zkR3lTnB12z0mI,office,Mid Solu Hydropower Ltd.,corporate_office,27.6943695,85.3394896,Baneshwor,1
ChIJg_MXKgAZ6zkR8PVVUWn22lY,office,Miyotel Networks Pvt. Ltd.,corporate_office,27.6915912,85.3378816,Baneshwor,1
ChIJtxhgHpcZ6zkR77dqPtN6Bg0,office,PRESTIGE ASSOCIATES,corporate_office,27.6915627,85.33792609999999,Baneshwor,1
ChIJgRf0VAAZ6zkRbeGgmJTakTk,office,Lp Medtech Pvt Ltd,corporate_office,27.6915529,85.3379298,Baneshwor,1
ChIJ6YnQ_pcZ6zkRWG3rcDZsR4Q,office,Buddha Himal Travels,corporate_office,27.6939742,85.3345817,Baneshwor,1
ChIJQUsAZDIZ6zkRMIc0Y9tkCYI,office,Nepal Bharat Maitri sangh,corporate_office,27.6939783,85.3345437,Baneshwor,1
ChIJA4PaWxYZ6zkRZbj8pJlS_jI,office,Sanchargriha,corporate_office,27.6953215,85.33493709999999,Baneshwor,1
ChIJ_U7RQwAZ6zkR5v7NCXnJ8OE,office,Siddhartha Pharmaceuticals Pvt. Ltd Marketing office,corporate_office,27.6913675,85.3391769,Baneshwor,1
ChIJxyS-NroZ6zkR7UH399tPEfI,office,Satyawati Cable Car - Corporate Office,corporate_office,27.691266,85.3389811,Baneshwor,1
ChIJyZxNEQAZ6zkR12FmRePAXRQ,office,Live Pharmaceuticals PVT LTD,corporate_office,27.6913637,85.3391817,Baneshwor,1
ChIJyaL0UHAZ6zkREoy-bilQICk,office,बिस्वास नेपाल(Faith Nepal) NGO,corporate_office,27.6908698,85.3380518,Baneshwor,1
ChIJhTN4QRwZ6zkRD7H37jNNV2U,office,Kharel house,corporate_office,27.6910407,85.3387395,Baneshwor,1
ChIJiRjQDpcZ6zkRSeVLGal4-HI,office,Global Dynamic Pvt. Ltd.,corporate_office,27.6909459,85.3363105,Baneshwor,1
ChIJYc6DcLkZ6zkRbOV6XNtsv08,office,Ejobs Nepal Pvt Ltd,corporate_office,27.690942000000003,85.3362993,Baneshwor,1
ChIJ_yks2pYZ6zkRBCblK_Jn94E,office,Shop Mates Creation,corporate_office,27.691008000000004,85.33867769999999,Baneshwor,1
ChIJd88zYwAZ6zkR93F7BL3QYLE,office,OUT STUDY BANESHWOR,corporate_office,27.6907953,85.33711,Baneshwor,1
ChIJo8Oj_ZAZ6zkRgQBcp9U3hT8,office,IFS Nepal,corporate_office,27.6939481,85.3337197,Baneshwor,1
ChIJh4ZI3LYZ6zkRmHUYwGvGP5k,office,Decoration Nepal,,27.6907509,85.3381678,Baneshwor,1
ChIJZYT0JrEZ6zkRbKEA6v9aBrg,office,One Cover Pvt Ltd,corporate_office,27.6938847,85.3412826,Baneshwor|Koteshwor,2
ChIJiy7ShJAZ6zkREZBvDFeHQAw,office,Ski And Snowboard Foundation Nepal,corporate_office,27.6938844,85.3413403,Baneshwor|Koteshwor,2
ChIJGThGOpIZ6zkRZLFSu3nwIAc,office,Complete Corporate Solution Nepal Pvt. Ltd.,service,27.6907022,85.33894939999999,Baneshwor,1
ChIJT2Ues6IZ6zkRnu89Jc2TL2Q,office,Bibhanshu Brothers Pvt. Ltd.,corporate_office,27.6942636,85.333305,Baneshwor,1
ChIJo7DnWToZ6zkR0JpKIrrobfs,office,SAH Construction & Consultant Pvt. Ltd.,corporate_office,27.6959511,85.33394,Baneshwor,1
ChIJdwAxk1QZ6zkRZmCLic-4ru8,office,NexLogiQ I.C.T Service Pvt. Ltd.,corporate_office,27.6947046,85.3414315,Baneshwor,1
ChIJ1aD4TzgZ6zkR3Uf1AbxIQj4,office,Jai Services Pvt.Ltd Cleaning Company,corporate_office,27.6975948,85.3381321,Baneshwor,1
ChIJgaIgeqwZ6zkR2XWdX7Ah0Lo,office,Mayahold Group,corporate_office,27.6903403,85.3390132,Baneshwor,1
ChIJ87c3mZkZ6zkRE5E_lY9lFCc,office,ABGS Group Pvt. Ltd.,corporate_office,27.6979018,85.3378417,Baneshwor,1
ChIJFUBfAwAZ6zkRVAYzTvHBCOw,office,Citizen Infotech,corporate_office,27.6979415,85.3377029,Baneshwor,1
ChIJhaAw5X0Z6zkRMPsw_I5_UDQ,office,Himali Hydro Fund Ltd.,corporate_office,27.6940726,85.3419955,Baneshwor|Koteshwor,2
ChIJO2L3G5cZ6zkRQap7GfhscWA,office,SathSath,corporate_office,27.6942058,85.342005,Baneshwor,1
ChIJ9XdPBgAZ6zkRH81oGoIYWO0,office,DCPL,corporate_office,27.6941729,85.3327442,Baneshwor,1
ChIJe7jOq9sZ6zkROkI0v6IOdwI,office,Hookkaah Bar,corporate_office,27.6942423,85.3327054,Baneshwor,1
ChIJeatillAZ6zkRU0ipEBEq7Ew,office,Yogmandu Yoga,yoga_studio,27.6980158,85.33858049999999,Baneshwor,1
ChIJAw8ARFUZ6zkRhuQ6ZD9m5cI,office,R sapkota & Associates,corporate_office,27.6979189,85.3390861,Baneshwor,1
ChIJ2ez3t5YZ6zkRMCbp3glyM0M,office,Southern Asia Busines House,corporate_office,27.6899364,85.3389262,Baneshwor,1
ChIJYdpxgJoZ6zkRXhpshJ8Grjg,office,Media Plan Pvt. Ltd,,27.6947805,85.3421447,Baneshwor,1
ChIJBarP5U4Z6zkRIvXt0GXGatk,office,H1B Envision Global,corporate_office,27.6909859,85.3338468,Baneshwor,1
ChIJb9XPUgAZ6zkRu80Sgn-aRVw,office,Glenmark Nepal,corporate_office,27.6940436,85.33249029999999,Baneshwor,1
ChIJdQdqncwZ6zkRvvVQY9hzqnA,office,"Asian Academy for Peace, Research, and Development",corporate_office,27.6924253,85.3327894,Baneshwor,1
ChIJg8RodmsZ6zkRp0W8HSMbUVs,office,Om Megashree Pharmaceuticals Limited,corporate_office,27.6941544,85.3324635,Baneshwor,1
ChIJTcpzE6UZ6zkRbe2w-1BpX3U,office,RPM HOLDINGS,corporate_office,27.6898218,85.3389661,Baneshwor,1
ChIJk8ra23oZ6zkRCuwcyYh9HZU,office,RPLS & Associates,corporate_office,27.6911821,85.3335268,Baneshwor,1
ChIJvWId5B4Z6zkRO6S0HloE844,office,Adwork Agency Nepal,corporate_office,27.696936,85.3336977,Baneshwor,1
ChIJ1wJnYJoZ6zkRI5urgfJkLPk,office,Nepal Web Technology,corporate_office,27.6958237,85.341915,Baneshwor,1
ChIJVRsbkJgZ6zkRhO6L46aq7gc,office,Sulabh Basket,corporate_office,27.6978609,85.3349968,Baneshwor,1
ChIJKTVk6WUZ6zkR7jkug9yRRdY,office,Q & Q Press,corporate_office,27.6956566,85.3326855,Baneshwor,1
ChIJ2y31ZqsZ6zkRFw8g5htgS-w,office,"Career Yarn, Centre For Learning and Coding Pvt. Ltd",corporate_office,27.6984307,85.338098,Baneshwor,1
ChIJg5frctkZ6zkR21v-avQNquQ,office,Green Engineering & Environmental Solutions (GREEN Solutions),corporate_office,27.6896368,85.3388822,Baneshwor,1
ChIJVTsat5YZ6zkRgtUz2pS3F5U,office,Opal Technique Pvt. Ltd,corporate_office,27.6896478,85.33892589999999,Baneshwor,1
ChIJtWv4AgAZ6zkRw4Gm40OuTUw,office,Slime studio,corporate_office,27.693749,85.34249799999999,Baneshwor,1
ChIJz1LDVwAZ6zkRL7ZOYUsc_Xk,office,HerbalBeing,corporate_office,27.6930981,85.33234569999999,Baneshwor,1
ChIJG6un6JgZ6zkR-Bmc6Xeb8Cc,office,Aayam Creation Pvt. Ltd,corporate_office,27.6985208,85.3369171,Baneshwor,1
ChIJl_wCUwAZ6zkRViOoYgEBIAc,office,Entegra,corporate_office,27.6928404,85.3423984,Baneshwor,1
ChIJVYNTIIoZ6zkR90_lOn-KyHU,office,Palpali Sangam / पाल्पाली संगम,corporate_office,27.6913495,85.33288379999999,Baneshwor,1
ChIJpf49vFcZ6zkRkWW_kqxBXIk,office,Law Chamber and Research Centre,corporate_office,27.6958956,85.3323714,Baneshwor,1
ChIJr0CH7SAZ6zkRALrz1m_dyZc,office,SJVN Nepal Projects,corporate_office,27.6893856,85.3391886,Baneshwor,1
ChIJE5dVIJkZ6zkR68jGAnOnxgI,office,PPCR:BRCH:AMIS,corporate_office,27.6988276,85.3370533,Baneshwor,1
ChIJD-StvFYZ6zkREwsKxN1kuuE,office,CHFN,corporate_office,27.6929417,85.3317941,Baneshwor,1
ChIJr79gvpgZ6zkR9Gaq68s40rQ,office,डेल्टा कोर प्रा लिमिटेड (delta core pvt ltd ),corporate_office,27.6987248,85.33547089999999,Baneshwor,1
ChIJzXS4ttUZ6zkRnCMN-6sm40Q,office,SMEC International Pty. Ltd,corporate_office,27.6898903,85.3338703,Baneshwor,1
ChIJO-I8HAAZ6zkRHffvkh63LVs,office,"Subrat S. & Associates, Chartered Accountants",corporate_office,27.6949672,85.3316984,Baneshwor,1
ChIJ2YajFQAZ6zkRE-M6gE_alC8,office,Trust Bridge,corporate_office,27.6989304,85.3389629,Baneshwor,1
ChIJzY-MQwAZ6zkRnYzxf9OlHWU,office,Ama Dablam,corporate_office,27.6988268,85.3354246,Baneshwor,1
ChIJ3878AQAZ6zkReR6rT1V8JAo,office,Sahaj Job Service & Training Center Pvt.Ltd.,corporate_office,27.6986828,85.3397811,Baneshwor,1
ChIJjyUrkWgZ6zkRVXuNBpUf0bA,office,Global Impacts Private Limited,corporate_office,27.6955682,85.3318092,Baneshwor,1
ChIJCZhvQwAZ6zkR43QbO1F6SbY,office,Gyawali niwas,corporate_office,27.6915576,85.34263469999999,Baneshwor,1
ChIJPaLQ5SMZ6zkR1EY-6Uu2eNg,office,AFFON,corporate_office,27.6900874,85.3414694,Baneshwor,1
ChIJJ5a6I6AZ6zkRYUFwp9uz8_M,office,Elixir life science Pvt.ltd,corporate_office,27.6988408,85.3397737,Baneshwor,1
ChIJqcTHh9wZ6zkRzdvNVC5xa90,office,Environment Protection and Study Center (ENPROSC),corporate_office,27.6990501,85.33558889999999,Baneshwor,1
ChIJkz2vKr0Z6zkRplHcUIGVrfk,office,Pragya Sound Music Studio,corporate_office,27.6937657,85.3312435,Baneshwor,1
ChIJyYALujkZ6zkRSEe6hrVVDEA,office,Companions for Amphibians and Reptiles of Nepal,corporate_office,27.6992147,85.33573849999999,Baneshwor,1
ChIJuU51oUsZ6zkR6FYJLlkxrwQ,office,Adistalo Nepal private limited,manufacturer,27.6965781,85.34285059999999,Baneshwor,1
ChIJIT7jg8cZ6zkRIhw5FNPODEw,office,Orgware Construct Pvt.Ltd,corporate_office,27.6993901,85.3361742,Baneshwor,1
ChIJxWIY2xgZ6zkRbW8PtqxOwEw,office,YA Engineering Consultancy,corporate_office,27.6950791,85.34357179999999,Baneshwor|Koteshwor,2
ChIJi4YZKAAZ6zkRmzchkpw56-w,office,Balephi Energy Limited,corporate_office,27.6889561,85.3341413,Baneshwor,1
ChIJXZ9iLQAZ6zkR0ziKJmEKCcs,office,Learn Key Education Pvt ltd,corporate_office,27.6996596,85.3384495,Baneshwor,1
ChIJ0dbpXS0Z6zkRgQLlt3RJwd0,office,Onecarz,corporate_office,27.6985839,85.3413413,Baneshwor,1
ChIJcR3sZKYZ6zkRP-xCA7XpAq8,office,Federation of Nepalese Petroleum Transport Entrepreneurs,corporate_office,27.6897025,85.3329218,Baneshwor,1
ChIJuQonxuEZ6zkRFwq5Hmal0IA,office,Asia Recruitment Manpower Associates Nepal,corporate_office,27.69858,85.341415,Baneshwor,1
ChIJzUqsKgAZ6zkRg-oYKAVb728,office,Organic Bio Fertilizer pvt ltd,corporate_office,27.693854,85.33075,Baneshwor,1
ChIJMXGzfLwb6zkRp6lQowdBPDE,office,Shopkey Online pvt.ltd,corporate_office,27.6968918,85.3316134,Baneshwor,1
ChIJIboWTyYZ6zkRVoaICm8RR9c,office,GBH group pvt ltd,corporate_office,27.6909641,85.3431528,Baneshwor,1
ChIJm1RwcQAZ6zkRMxNXhsUGdkM,office,Sushrum logistic pvt. Ltd,corporate_office,27.6906683,85.33162109999999,Baneshwor,1
ChIJ3zViqHUZ6zkRXNKZNfwmIZk,office,CIL-Kathmandu,corporate_office,27.6904509,85.34300019999999,Baneshwor,1
ChIJ1a2iShEZ6zkRrqeIGuWU-dE,office,Orajil Engineering Consultant Pvt.Ltd,corporate_office,27.6979339,85.3426384,Baneshwor,1
ChIJv9jwAwAZ6zkRdjG7NUTd5ak,office,Aeroscript Innovations Pvt. Ltd.,corporate_office,27.6950319,85.3442306,Baneshwor|Koteshwor,2
ChIJJba0PwAZ6zkRvWTCV909As8,office,Bhimasen gola marga,corporate_office,27.6899573,85.3426831,Baneshwor,1
ChIJA8oB3hcZ6zkR1xQaObCTMoY,office,सहकारी सारथी,corporate_office,27.6904964,85.3431866,Baneshwor,1
ChIJNRBd8JsZ6zkR8QwrJe_y95w,office,Sea Link Freight Pvt. Ltd,corporate_office,27.6996498,85.3401986,Baneshwor,1
ChIJj2SxnYcZ6zkR9oh5TC_Cm6s,office,Aarushree Life Sciences Pvt. Ltd.,corporate_office,27.6929494,85.34434399999999,Baneshwor|Koteshwor,2
ChIJozLB9ZYZ6zkROghpM0oe_lk,office,LeadX Nepal,corporate_office,27.6942317,85.3302971,Baneshwor,1
ChIJQ2WSaQAf6zkRnjgaszL1AFM,office,Wisdom Hub International Pvt. Ltd.,corporate_office,27.6899184,85.3428148,Baneshwor,1
ChIJwUfvOMcZ6zkRRk0kI46tOyI,office,Paperclip,,27.6976036,85.33154780000001,Baneshwor,1
ChIJ0TGJpe8Z6zkRzPQl_BXuV9k,office,Yolfa Group of Companies Pvt. Ltd.,corporate_office,27.6953677,85.34441319999999,Baneshwor|Koteshwor,2
ChIJ_724vkQZ6zkR4lwuOqzrCkU,office,SSEE P.Ltd,corporate_office,27.7000021,85.3397126,Baneshwor,1
ChIJOTmYM5QZ6zkRMnT6bd0pKok,office,Nepal satellite telecom (hello nepal),corporate_office,27.6875758,85.3372426,Baneshwor,1
ChIJyykihfcZ6zkRE9IZ4_2jA4c,office,Janatapati,,27.6899686,85.3317466,Baneshwor,1
ChIJ-8EADAAZ6zkRZB0_A3ONrCA,office,SRB PRIVATE LIMITED ( SRB ENTERPRISES ),corporate_office,27.687556,85.3374601,Baneshwor,1
ChIJxUcYKQAZ6zkRerz3-TpjbRc,office,DL Land,corporate_office,27.689404000000003,85.33229209999999,Baneshwor,1
ChIJhyDdjNkZ6zkR_BCdOkytolc,office,Freeman Engineering Consultancy Pvt. Ltd.,corporate_office,27.6945302,85.3446312,Baneshwor|Koteshwor,2
ChIJm3Kcxb0Z6zkRZpXADG0CJhQ,office,Mednet,corporate_office,27.6892341,85.3324229,Baneshwor,1
ChIJnXxWmUMZ6zkR79IngqubLIQ,office,MAC Assurance,corporate_office,27.6979966,85.3316837,Baneshwor,1
ChIJsQh1LAEZ6zkRaBfS-bCHZww,office,Unilever Nepal Limited,manufacturer,27.6892314,85.3323969,Baneshwor,1
ChIJrRSWVhUZ6zkRATjjxy5YhWI,office,Chiya Gang,corporate_office,27.7004276,85.3378311,Baneshwor,1
ChIJ0SJx1p4Z6zkR1kgxysWWQ2c,office,Wedding Dream NEPAL,corporate_office,27.7005121,85.33702699999999,Baneshwor,1
ChIJ71tWC5sZ6zkRleNvzTvWyn8,office,Vevo Nepal,corporate_office,27.6988152,85.3423629,Baneshwor,1
ChIJX4arBG4Z6zkRfCekvnOnzr0,office,Sustainable Solutions for Energy & Environment Pvt. Ltd,corporate_office,27.7001889,85.33978060000001,Baneshwor,1
ChIJzYkZZvcZ6zkRjMuYtT-QKZk,office,Himal Info Tech Pvt. Ltd,corporate_office,27.693163,85.3447746,Baneshwor|Koteshwor,2
ChIJN-Tnyr0Z6zkRsqYXl507umU,office,walkintalk,corporate_office,27.6895704,85.331814,Baneshwor,1
ChIJ4X-DHhoZ6zkR6zpLknsaANE,office,Nuptse Technology,corporate_office,27.6977486,85.3312538,Baneshwor,1
ChIJ6QEEYgAZ6zkRRnGTOWykDiA,office,Infolink pvt ltd,corporate_office,27.6976873,85.331198,Baneshwor,1
ChIJZYBxdgAZ6zkRaHzgSyea92k,office,Rich Himalayan Hills,corporate_office,27.6995537,85.3414212,Baneshwor,1
ChIJCScrQgAZ6zkRTyrzoEfgR1s,office,Leading Nepal manpower,corporate_office,27.693206,85.34483999999999,Baneshwor|Koteshwor,2
ChIJl8xA-AEZ6zkRnJDSndSjDL0,office,Purple Sky Engineering Consult,corporate_office,27.6892878,85.3320299,Baneshwor,1
ChIJQfYNDy8Z6zkRUylluJsc_nc,office,Gozza Interiors,corporate_office,27.6892883,85.3320183,Baneshwor,1
ChIJK8QZzjYZ6zkRPWPHG7GaY5c,office,Perfect Legal Service,corporate_office,27.6975416,85.3310046,Baneshwor,1
ChIJ6W2mxVMZ6zkRe1EjMkvTMvw,office,Nagarik Stock Dealer Company Ltd.,finance,27.6872713,85.33645489999999,Baneshwor,1
ChIJh2UhMaIZ6zkRn1mxPS6huiI,office,EC Studio,corporate_office,27.6989375,85.33218749999999,Baneshwor,1
ChIJwTzB154Z6zkRraRXS1Q9ktY,office,OneSolutionNepal,corporate_office,27.7007274,85.3369409,Baneshwor,1
ChIJe9LWTZ8Z6zkRuw4W8RK3gNM,office,S.M.T. Construction (P.) LTD,corporate_office,27.700398,85.3349558,Baneshwor,1
ChIJUTF0iaQZ6zkRSKGG-V5lNL8,office,Greet Nepal Tours and Travels,corporate_office,27.6893377,85.3317345,Baneshwor,1
ChIJzQqgZQwZ6zkRyY6GcfGLLF4,office,"Shikar Insurance, New Baneshwor",corporate_office,27.687172000000004,85.3362497,Baneshwor,1
ChIJp6wbd2gZ6zkRuRD27boPVVM,office,Infotech Communication,corporate_office,27.6997298,85.34171479999999,Baneshwor,1
ChIJ2Ui-1r0Z6zkRqragop6fygU,office,Indreni World,corporate_office,27.6887438,85.332115,Baneshwor,1
ChIJh0aPNrwZ6zkRKjceLsBDPOs,office,Rida Incorporated Pvt. Ltd.,corporate_office,27.6895206,85.3311708,Baneshwor,1
ChIJsdv-cZsZ6zkRPp1SN3WWZCw,office,Nepal Central Fishery Cooperative Union,corporate_office,27.6992911,85.3426511,Baneshwor,1
ChIJUxqOCCEZ6zkRoUuFBmhcNAg,office,Turbo Media Pvt. LTD,corporate_office,27.7000641,85.34163459999999,Baneshwor,1
ChIJrbdQ9pkZ6zkR70f9V4eDbKo,office,Finbiz Solution Pvt. Ltd.,corporate_office,27.6976169,85.33040849999999,Baneshwor,1
ChIJRbtWdJIZ6zkRAJxAh5GjyNE,office,इच्छुक सांस्कृतिक प्रतिष्ठान,corporate_office,27.7005588,85.3341724,Baneshwor,1
ChIJk47gCQAZ6zkRcawIkUW43Jk,office,Pariskrit Recruitment Overseas Pvt. Ltd.,corporate_office,27.6868001,85.3366538,Baneshwor,1
ChIJk_JKyM4Z6zkRO7elzXOkRv8,office,DGBA Associates,corporate_office,27.6977897,85.3304883,Baneshwor,1
ChIJYVoDW4UZ6zkR2cuhp3Gg5M0,office,Madan Shah House,corporate_office,27.6951507,85.34542870000001,Baneshwor|Koteshwor,2
ChIJkZrUPmkZ6zkRnOG82Eiy1Ow,office,Multiple Medicine Distributors Pvt. Ltd.,corporate_office,27.690661400000003,85.34467889999999,Baneshwor,1
ChIJfb6xLbwZ6zkRKGv7u7iR1YA,office,Alfa Beta Institute,consultant,27.688875,85.3315251,Baneshwor,1
ChIJJwUzN5gZ6zkRZUJOo78v45I,office,eHub Nepal,corporate_office,27.7001801,85.3416474,Baneshwor,1
ChIJ6REFkqAZ6zkRGfqmieH2Nn8,office,Buzzketing Networks PVT. LTD,corporate_office,27.6888483,85.3315105,Baneshwor,1
ChIJH9nXRwAZ6zkRiejWqGpMt3c,office,Pi Group Nepal,corporate_office,27.6959626,85.34529719999999,Baneshwor,1
ChIJDT39AgAZ6zkRrofOmsOJDuk,office,Regmi Room Rental,corporate_office,27.6995996,85.3426602,Baneshwor,1
ChIJU4Ks8wYZ6zkRSqIZvPky3W8,office,Human Practice Foundation Nepal,corporate_office,27.69432,85.34566319999999,Baneshwor|Koteshwor,2
ChIJwWk9nVgZ6zkRVImo8V4h6Ho,office,Dignity Initiative,corporate_office,27.6942562,85.32904429999999,Baneshwor,1
ChIJI5lpTzAZ6zkRz9EARmuQhHw,office,Remit Hydro Limited,corporate_office,27.688867,85.3434293,Baneshwor,1
ChIJg4UDsbIZ6zkRJolfy04Np_8,office,kumari nirman pvt.ltd,corporate_office,27.686675200000003,85.3359524,Baneshwor,1
ChIJD63TRAsZ6zkRfsgykQmQxdU,office,Pharma care international Private limited,corporate_office,27.7013906,85.3375951,Baneshwor,1
ChIJR7tmGwAZ6zkRb-HaOwXNrWI,office,Liminal healthcare pvt ltd,corporate_office,27.6992073,85.3314177,Baneshwor,1
ChIJZ0c2qqIZ6zkRY_0l1wbQGt8,office,Shangrila Informatics Pvt. Ltd,corporate_office,27.7006448,85.3336047,Baneshwor,1
ChIJp2wgLAAZ6zkREmRDBwJ5toU,office,"Aashirbad tower आशीर्वाद टावर, बानेश्वर",corporate_office,27.6864727,85.3378621,Baneshwor,1
ChIJy-zwYwAZ6zkRN6oC0JIsoD0,office,Shiva Shankar Hydro Investment Ltd,corporate_office,27.6864574,85.33800389999999,Baneshwor,1
ChIJO7wl-5AZ6zkRww17ZzFhysY,office,One Tree I.T. Services,corporate_office,27.7000062,85.33228299999999,Baneshwor,1
ChIJV0Vye7wZ6zkRcRKdSXEPZbw,office,रोलिङ्ग प्लान्स प्रा. लि. (हेड कार्यालय),corporate_office,27.6905804,85.3297519,Baneshwor,1
ChIJk0fB5F8Z6zkRmVC1LP59VNs,office,MultiCare Surgical,corporate_office,27.701534700000003,85.3377512,Baneshwor,1
ChIJtZww9rsZ6zkRyXB5NfRLpHE,office,Rolling Nexus Pvt. Ltd.,corporate_office,27.6905659,85.3297218,Baneshwor,1
ChIJOZSirXQZ6zkR9wi_l2xLReo,office,Royal Surgical And Medicines Pvt. Ltd (RSMPL),corporate_office,27.6945997,85.3459409,Baneshwor|Koteshwor,2
ChIJ2aoLohgZ6zkRZp3AkdJ7NUg,office,Masterclass Event Management Pvt. Ltd.,corporate_office,27.7014805,85.3390257,Baneshwor,1
ChIJ6_lkKS4Y6zkRY3EED-ygp0c,office,B.R.S.S. & ASSOCIATES | Chartered Accountants,corporate_office,27.6948036,85.3287453,Baneshwor,1
ChIJdQ-m9mMZ6zkRcUZRVhYY8hg,office,White Horse Int. Pvt Ltd.,corporate_office,27.6863003,85.3362176,Baneshwor,1
ChIJ1cWW6p4Z6zkR3AdXlGu2usM,office,Nepal Midas foods pvt Ltd,corporate_office,27.7016722,85.3380707,Baneshwor,1
ChIJEaF_LDUZ6zkRmWRO42ZP0BE,office,Aaviskar Technology,corporate_office,27.6948833,85.32869029999999,Baneshwor,1
ChIJGVCHUbsZ6zkRMoguEOy95f0,office,Avvocato Sunhil Studio,corporate_office,27.6936412,85.328622,Baneshwor,1
ChIJoUbYy9kZ6zkRmIGg3VOtR5Y,office,Hospital Service Nepal Pvt.Ltd.,corporate_office,27.69994,85.34308999999999,Baneshwor,1
ChIJe--g3R0Z6zkRhi38CHSUYvs,office,TERAKOYA Academia Inc.,corporate_office,27.6887248,85.3439939,Baneshwor,1
ChIJCesbFj8Z6zkRndDvsJbDbsQ,office,Auditing,corporate_office,27.7017632,85.3363261,Baneshwor,1
ChIJwfWysqQZ6zkRkhXRpglBaFk,office,Nepal MotorCycle Federation,corporate_office,27.6940001,85.3285023,Baneshwor,1
ChIJaXjuf8sZ6zkRqE_rK1xoibY,office,TAI Inc,corporate_office,27.6887726,85.3440529,Baneshwor,1
ChIJn8CjMu4Z6zkRgzIEnonTD-w,office,Innovate Tech,,27.6861182,85.338077,Baneshwor,1
ChIJ521WYVUZ6zkRYgCh_wx20s4,office,VZeal Technologies & Online Services Pvt. Ltd.,corporate_office,27.7003858,85.33222479999999,Baneshwor,1
ChIJcas5bLwZ6zkRNYpCt4tRp-A,office,Epress Road,corporate_office,27.6931849,85.34629919999999,Baneshwor|Koteshwor,2
ChIJpaP1saQZ6zkRNdUn519LYyA,office,Niraula Law Chamber & Co,corporate_office,27.6943604,85.3284142,Baneshwor,1
ChIJNwFVdoEZ6zkRC1hkCtsDbpw,office,Sancheti Tea,corporate_office,27.6956531,85.3461717,Baneshwor,1
ChIJkwZXmJ4Z6zkRQEK7gq5y8dU,office,Gulmi Overseas,corporate_office,27.7018105,85.33895079999999,Baneshwor,1
ChIJs8aFzIQZ6zkRgrRbK2IGla0,office,Narendra Pradhan and Associates,corporate_office,27.6985336,85.3447736,Baneshwor,1
ChIJUXpjZQAZ6zkRy1W9PTcVT90,office,Digo Solutions Pvt.Ltd,corporate_office,27.6858739,85.3367286,Baneshwor,1
ChIJvY-s5RgZ6zkR31cWMweGUd8,office,Business Brainz,corporate_office,27.6955756,85.3284035,Baneshwor,1
ChIJr04KXgAZ6zkRzhZkr6Ubr5o,office,Shanti Nagar Business Park,corporate_office,27.6885104,85.3441801,Baneshwor,1
ChIJU8KjegAZ6zkRe7JL-K9tYNs,office,Juri incorporate pvt ltd,corporate_office,27.6938364,85.3282037,Baneshwor,1
ChIJiXBw_WMZ6zkRMIW4RenFCL4,office,International Bloom Traders,corporate_office,27.7002397,85.343221,Baneshwor,1
ChIJR9pQdAAZ6zkRpH9MorTTzjA,office,Saffron Global Consultancy,corporate_office,27.7006471,85.3426154,Baneshwor,1
ChIJAffEnJwZ6zkRZWct52F0PiI,office,Juice Group Pvt Ltd,corporate_office,27.7005754,85.3427368,Baneshwor,1
ChIJ2TsqFQAZ6zkRKUFCmY4_a5I,office,Grafiqo,corporate_office,27.6887377,85.3444394,Baneshwor,1
ChIJI5J5TLsZ6zkRgUTM4CtSLpY,office,Barah Multipower,corporate_office,27.693758400000004,85.3281774,Baneshwor,1
ChIJ0_gMvPwZ6zkRLcERHV1Kshs,office,Nakshatra Techno Hub Pvt Ltd,corporate_office,27.688624800000003,85.34445389999999,Baneshwor,1
ChIJT_okZAAZ6zkRMOharn4NMbw,office,PKC & Associates Chartered Accountants,corporate_office,27.6892195,85.3450235,Baneshwor,1
ChIJH6Q_sogZ6zkRF-xg58ps6V8,office,Workmandu,corporate_office,27.6886067,85.3444908,Baneshwor,1
ChIJwYGjHZIZ6zkRaMZnJIeDqtA,office,Photo Galaxy,service,27.6889092,85.34477079999999,Baneshwor,1
ChIJ_35PLM8Z6zkR0Tv1RvOwK9o,office,Medi Solution International,corporate_office,27.6885958,85.34454319999999,Baneshwor,1
ChIJbcaaQAAZ6zkRxYzNI5d68bM,office,Axis media and marketing pvt.ltd,corporate_office,27.6937839,85.3279909,Baneshwor,1
ChIJ-4-gBo4Z6zkRUGElJHsYCQ0,office,TRAVELLERS POINT TOURS & TRAVELS PVT. LTD.,corporate_office,27.689096,85.3450335,Baneshwor,1
ChIJpVNkcQAZ6zkRzRqYEjXE-uQ,office,FranGlobal Nepal,corporate_office,27.689665700000003,85.3292838,Baneshwor,1
ChIJu1qUZKQZ6zkRmRgAC3cyMbw,office,Barun Hydropower Company Ltd,corporate_office,27.6949673,85.32799639999999,Baneshwor,1
ChIJDxMUSLsZ6zkRs1EMpUXa1Dk,office,Siuri Nyadi Power Limited,corporate_office,27.693328,85.3279122,Baneshwor,1
ChIJ9Tw9UpQZ6zkRIkXHAtLNrhU,office,Danphe Software Labs,corporate_office,27.6950105,85.3279433,Baneshwor,1
ChIJA87upksZ6zkRoEorqttePcU,office,delight electrical engineering pvt.ltd,corporate_office,27.6886427,85.3447613,Baneshwor,1
ChIJpy4kBAAZ6zkRy-HijSj1-Z4,office,Nexshift Media and Events,corporate_office,27.6855341,85.3368429,Baneshwor,1
ChIJ6Ue2FQgZ6zkRI9jFCOpZZ10,office,ZENO Enterprises,corporate_office,27.6855201,85.3368239,Baneshwor,1
ChIJA_d5cBUZ6zkRxvVp9OCxQvQ,office,Ecarts,corporate_office,27.6905594,85.3286304,Baneshwor,1
ChIJ322-TgAZ6zkRpcbZ7YBuXFc,office,National Security Institute,corporate_office,27.695114,85.346862,Baneshwor|Koteshwor,2
ChIJpT_5LgAZ6zkR-5gofaP_iiA,office,Tech Parivartan,corporate_office,27.695123400000003,85.3468623,Baneshwor|Koteshwor,2
ChIJl0vMrq4Z6zkRAzuqjHp46cI,office,saralbooks,,27.6862532,85.3333636,Baneshwor,1
ChIJnXCyli4Z6zkRbcKSXYQfK9Y,office,International job link pvt ltd,embassy,27.7000522,85.3440912,Baneshwor,1
ChIJCc-JWJsZ6zkRUzKB35SzqGw,office,WhPedia Education Pvt. Ltd.,corporate_office,27.7003022,85.34382389999999,Baneshwor,1
ChIJKxTClKQZ6zkRYFcHRDdHbpQ,office,Chahana Media Pvt. Ltd,corporate_office,27.6956696,85.32793989999999,Baneshwor,1
ChIJq0uScgAZ6zkRy5Rhcwb9Ttg,office,Legal Operation Forum,corporate_office,27.6956587,85.3279338,Baneshwor,1
ChIJcyw4SwAZ6zkRH37M3C4_Mhs,office,Dayaram Tower (Building),corporate_office,27.6856327,85.3352565,Baneshwor,1
ChIJe8vF8zEY6zkR-1rK3EsL0uE,office,Whetstone Associates,corporate_office,27.6861877,85.3333282,Baneshwor,1
ChIJOfyLbQAZ6zkRJtlR7xj9dRc,office,Nawaraz,corporate_office,27.6919128,85.3467809,Baneshwor|Koteshwor,2
ChIJkVjkYQAZ6zkRsyCpxG3CSRY,office,Suren food,corporate_office,27.6954024,85.34692799999999,Baneshwor,1
ChIJmcp-DKQZ6zkRkyfDMSwBmF0,office,CDC Group Pvt. Ltd.,corporate_office,27.6987507,85.329343,Baneshwor,1
ChIJS8CtN7sZ6zkRXYxXB9DvjQ8,office,Ngadi Group Power Ltd.,corporate_office,27.6933978,85.3277105,Baneshwor,1
ChIJJU5hMJ0Z6zkR7yRBHnXvraE,office,Aarati Sadan,corporate_office,27.6947825,85.32773069999999,Baneshwor,1
ChIJAyj7HLQZ6zkR6MUNTwQnyp0,office,Bijeta International Painting & Decorative Pvt. Ltd.,corporate_office,27.7004096,85.3438018,Baneshwor,1
ChIJlbAZrL8Z6zkRgtJKzwXRfDY,office,All Asia manpower,corporate_office,27.690127,85.3460724,Baneshwor,1
ChIJqxRZOAAZ6zkR5PBotXzp_P0,office,Upper Kabeli Hydro Project,corporate_office,27.7023823,85.33950689999999,Baneshwor,1
ChIJyTOjOm4Z6zkRBhtC3zZm0wY,office,Meitu Paints Head Office,corporate_office,27.6963288,85.3467546,Baneshwor,1
ChIJe9JN2dQZ6zkRhcYeGtIP344,office,Mr & Miss Nepal For Disability,corporate_office,27.6986117,85.32916469999999,Baneshwor,1
ChIJ7YiDUeEZ6zkRuqMCsyEqYA4,office,AD voice pvt.ltd,corporate_office,27.6916154,85.3279737,Baneshwor,1
ChIJe9RpFQAZ6zkRoRYjdj44xGA,office,Momo Sansar,corporate_office,27.6954585,85.3470085,Baneshwor,1
ChIJ1YMHAQAZ6zkR9bZfvv0d1JY,office,Research and Development Centre (RDC) - Nepal,corporate_office,27.6932202,85.32763779999999,Baneshwor,1
ChIJ057cKQAZ6zkRvJiW-i2kowU,office,Pashupati Trade Link Pvt. Ltd.,corporate_office,27.6912712,85.328074,Baneshwor,1
ChIJIcupp5wZ6zkRjgenM6FlWik,office,Safeland Overseas Pvt. Ltd,corporate_office,27.7005065,85.3438292,Baneshwor,1
ChIJQWY7JwAZ6zkRN1ptxIiIj8M,office,Peace,corporate_office,27.7005065,85.3438292,Baneshwor,1
ChIJQx7RGoIZ6zkRLfxGJA9F6uI,office,Aarambha Engineering and Development Initiatives Pvt. Ltd.,corporate_office,27.698274,85.328824,Baneshwor,1
ChIJuwhUjL0Z6zkRQ7i0DoRzdfQ,office,Lexis & Legis Law Associates,consultant,27.69784,85.32856000000001,Baneshwor,1
ChIJTVPb_aAZ6zkRt8mUl3iXiwc,office,Optima Services,corporate_office,27.6943476,85.34722889999999,Baneshwor|Koteshwor,2
ChIJdWH1WQAZ6zkRWc087xGgYsY,office,phedikhola hydropower,corporate_office,27.6862891,85.33265639999999,Baneshwor,1
ChIJPfqx6BAZ6zkRaU2pednZXao,office,Kshitij Trade International,general_store,27.6988849,85.329218,Baneshwor,1
ChIJ7waJC88Z6zkRtFuBkmzXZSo,office,Madani Media Network Pvt. Ltd.,corporate_office,27.686241400000004,85.33261,Baneshwor,1
ChIJh5VYC6QZ6zkRTrOe3uz1VtA,office,Community Empowerment and Social Justice (CEmSoJ) Foundation,corporate_office,27.6983531,85.3287682,Baneshwor,1
ChIJT1JcLQAZ6zkRSVHZHp_HXf4,office,R &A Health & Hygiene Pvt.Ltd.,corporate_office,27.6854484,85.3399293,Baneshwor|Koteshwor,2
ChIJl42leIIZ6zkRiTVjCRi6ZFw,office,Indreni Builders,corporate_office,27.6854462,85.3399283,Baneshwor|Koteshwor,2
ChIJrXZdbQAZ6zkRpyM_MILa_C0,office,Peace Energy Company Ltd. (Hydro),corporate_office,27.7025857,85.3394824,Baneshwor,1
ChIJz1n6LcIZ6zkRaj7q7GdTyQs,office,Technology for Development Nepal (T4D Nepal),non_profit_organization,27.6987966,85.32903999999999,Baneshwor,1
ChIJIXHylPgZ6zkRDzXVsE7i4XU,office,Imperial Law Associates,consultant,27.6985343,85.3288176,Baneshwor,1
ChIJ7b0cSgAZ6zkRKuy35SKbOxk,office,Life Science Meditech Pvt.Ltd,corporate_office,27.6950459,85.34734230000001,Baneshwor|Koteshwor,2
ChIJld6SJyYZ6zkRt5jdwmMyiMw,office,Padaii Nepal Pvt. Ltd,corporate_office,27.6953148,85.34733229999999,Baneshwor,1
ChIJ7_WqjKMZ6zkR5DwTj1WcL54,office,Energy Overseas Pvt.Ltd,corporate_office,27.6989913,85.3290584,Baneshwor,1
ChIJYxBAGAAZ6zkRfcmlqcuZR6s,office,IME Remittance,corporate_office,27.6988587,85.328929,Baneshwor,1
ChIJp0tQzc4Z6zkRsLYUIcIx2k0,office,Nepali freelancer,corporate_office,27.7028799,85.3382068,Baneshwor,1
ChIJxyzZ3YMZ6zkRg4m-E4us_FU,office,Sahara Law Firm (सहारा ल फर्म),corporate_office,27.69327,85.3272442,Baneshwor,1
ChIJHwKYUZgZ6zkRgiGG9eromxk,office,Jay Maa Medical,corporate_office,27.6934754,85.34756519999999,Baneshwor|Koteshwor,2
ChIJnR2ZplQd6zkRf2eUzxuiAPw,office,"Nepal Electricity Authority, Budhanilkantha Sub-Distribution Centre",corporate_office,27.6850261,85.3390426,Baneshwor|Koteshwor,2
ChIJgflU_6MZ6zkR5mjuJgpU_4E,office,Nepal Eventwalas,corporate_office,27.6995163,85.32917719999999,Baneshwor,1
ChIJ5S4Q0cAZ6zkR3TdtLkercIo,office,Jaya Durge Engineering & Construction Pvt Ltd,corporate_office,27.6927045,85.34764009999999,Baneshwor|Koteshwor,2
ChIJ22NmitUZ6zkRGMDjUAGZNvc,office,Ekata Bhawan,corporate_office,27.6891468,85.3461986,Baneshwor,1
ChIJqeWxBwAZ6zkRFUFqAZjsYM0,office,Ivara Innovation,corporate_office,27.6937109,85.3477949,Baneshwor|Koteshwor,2
ChIJ0y_LzPYZ6zkRTt7hSDZanZA,office,Research & Development Foundation (RNDF),corporate_office,27.7024708,85.34140269999999,Baneshwor,1
ChIJnVndkQMZ6zkRZ4qcee9P6xk,office,Sana Kisan Bikas Laghubitta Bittiyasanstha Ltd Central Office,corporate_office,27.6901884,85.3278638,Baneshwor,1
ChIJb5mz-AkZ6zkRWaGbkOSi65Q,office,Education Diet,corporate_office,27.7029963,85.3351806,Baneshwor,1
ChIJn08K4N8Z6zkRoC8vPIkNF6E,office,Karnali Jalsrot Limited,corporate_office,27.6994673,85.328936,Baneshwor,1
ChIJN7kRUAAZ6zkRNON7KFEZ6iM,office,Pro International Manpower,corporate_office,27.703215,85.33882,Baneshwor,1
ChIJN3QS8REZ6zkRCMBCU0_kZ4U,office,Purple Fox event,corporate_office,27.6994527,85.32882269999999,Baneshwor,1
ChIJzZOpSroZ6zkRJyYqxxlpkS8,office,Innovative Traverse Pvt.Ltd(Engineering Consulting Service),corporate_office,27.6928549,85.3479012,Baneshwor|Koteshwor,2
ChIJtb91RUYZ6zkRQAIRozBWMt8,office,Merojob Parking,corporate_office,27.6854843,85.3419545,Baneshwor|Koteshwor,2
ChIJk1oDBpcZ6zkRFwSzqCeaTAw,office,Samrajya Multimedia Studio-SMS,corporate_office,27.6857524,85.3425479,Baneshwor,1
ChIJ1aXGSr4Z6zkR_JiMOxnZA5M,office,Aayush And Co,corporate_office,27.6854345,85.3328604,Baneshwor,1
ChIJR_4XQAAZ6zkR-dTP6bj-U5Y,office,Smartx Tactive Pvt Ltd,corporate_office,27.7032126,85.33528659999999,Baneshwor,1
ChIJHygPDAAZ6zkREFAs_heJcKw,office,Bgkhabar,corporate_office,27.6848143,85.34006939999999,Baneshwor|Koteshwor,2
ChIJN-cl1aEZ6zkRRdCWmOxIcno,office,Mobile Application Solutions Pvt. Ltd.,corporate_office,27.7029611,85.3341154,Baneshwor,1
ChIJiXG7EAAZ6zkRhYuAUg8bFnE,office,SHIVAM CEMENT LIMITED,corporate_office,27.6933521,85.3267067,Baneshwor,1
ChIJhxAlTJwZ6zkRityKMiGu7SI,office,Roshan Lab,corporate_office,27.7028295,85.3411754,Baneshwor,1
ChIJ03DnZzgZ6zkRJEqNoDS1MFI,office,Nepal Telecom Babarmahal (नेपाल टेलिकम बबरमहल),corporate_office,27.6913605,85.3270115,Baneshwor,1
ChIJ09g8LtsZ6zkRd2G0SuCFPJg,office,Orgiance Tech Nepal,corporate_office,27.6856782,85.342826,Baneshwor,1
ChIJValhfwAZ6zkRSNFoCF9dma8,office,SEWA coperative,corporate_office,27.6892485,85.3468089,Baneshwor,1
ChIJ9c0hxs8Z6zkRRh_-C55YH_g,office,Advance Education & Innovative Research Center (AEIRC),corporate_office,27.6905038,85.3272578,Baneshwor,1
ChIJLe5MHnAZ6zkRgnUBlG9Kbvw,office,Paywell Nepal Pvt. Ltd.,corporate_office,27.6995493,85.328538,Baneshwor,1
ChIJP09DTJwZ6zkR3JhyP9tbQf4,office,Millenia Global Pvt.Ltd.,corporate_office,27.7029817,85.3412017,Baneshwor,1
ChIJ19G0HFQZ6zkRfGR9ekn0GVs,office,Zest Ideology Saving & Credit Co-operative Ltd.,corporate_office,27.7032301,85.3343276,Baneshwor,1
ChIJQYle4rsZ6zkRYM0SUIBp5cw,office,Rastriya Prasaran Grid Co Ltd,corporate_office,27.6882744,85.3285431,Baneshwor,1
ChIJqZD6s1MZ6zkRB2snR6FnGrk,office,Seto Ganesh Saving and Credit Co-operative Ltd.,corporate_office,27.7032869,85.33430010000001,Baneshwor,1
ChIJD5kPhJ8Z6zkRLqUjGLnN8O8,office,VisaDirect Migration and Education Services,corporate_office,27.7033938,85.3346723,Baneshwor,1
ChIJbWaOSQAZ6zkRtm0VRxqMLeo,office,Atlantic Holidays,corporate_office,27.7031959,85.3408659,Baneshwor,1
ChIJyePZEwAZ6zkR6PqLjgTLVCA,office,Subodh P. & Associates,corporate_office,27.684771,85.3336944,Baneshwor,1
ChIJqdGH3K4Z6zkRrMzdyjE4mEA,office,Company Darta Kendra,corporate_office,27.7003131,85.3290191,Baneshwor,1
ChIJud8TfgAZ6zkR61DGh0eRCA0,office,Camp For Nepal,corporate_office,27.688408300000003,85.34660339999999,Baneshwor,1
ChIJW3s3VgAZ6zkREyMQRsu-m8I,office,Bistra Pharma Link Pvt Ltd,corporate_office,27.698695,85.3472001,Baneshwor,1
ChIJizUdKQ4Z6zkRQrXWWHHpiCM,office,APAR,corporate_office,27.6845942,85.333671,Baneshwor,1
ChIJ76ws0YAZ6zkRqugx_g7HtUo,office,Nepdemy Education Pvt. Ltd,corporate_office,27.6844471,85.334181,Baneshwor,1
ChIJPzoDZIMZ6zkRFIBYLInYkGY,office,Idea Vest Pvt. Ltd.,corporate_office,27.698728,85.3472201,Baneshwor,1
ChIJH6jOy50Z6zkRFLjk9VYLVow,office,Sonapur Minerals & Oil Ltd. (Head office),corporate_office,27.7034786,85.3405909,Baneshwor,1
ChIJnUa22r8Z6zkRO2lsp8Gs2nw,office,Engineering Adda Nepal,corporate_office,27.6845811,85.3336815,Baneshwor,1
ChIJjR4FKwAZ6zkR_1pKFDOwQXM,office,Matrinagar,corporate_office,27.6996555,85.3281387,Baneshwor,1
ChIJxS3uLUoZ6zkRQUNo3TsAd9U,office,Tayal Group,corporate_office,27.703557,85.34061109999999,Baneshwor,1
ChIJEYh91VMZ6zkR6jGrMUCa5TI,office,Kamla Polythene & Plastic Ind. Pvt. Ltd,manufacturer,27.6852831,85.33169219999999,Baneshwor,1
ChIJd9kXyHUZ6zkRV3q5kBwu11A,office,TUNDI SHEC JV,corporate_office,27.6979782,85.32698839999999,Baneshwor,1
ChIJH6mqb5kZ6zkRUMyqifRQEgU,office,Computer Based Exam Center,corporate_office,27.6906981,85.3266474,Baneshwor,1
ChIJjZmkfpIZ6zkRXTdq6M031Hc,office,Prabhu Complex,corporate_office,27.6859902,85.3443302,Baneshwor,1
ChIJry0rOS0Z6zkRQi9R00P1C_g,office,Grab Eat pvt. Ltd.,corporate_office,27.6847553,85.3327365,Baneshwor,1
ChIJXc_YtNoZ6zkR1liHLvfG9Sk,office,Arches Solution,corporate_office,27.6996558,85.32796719999999,Baneshwor,1
ChIJNzPJW3MZ6zkRgPR3YKupmb8,office,Siddhartha Trading House Limited,corporate_office,27.6852191,85.3316637,Baneshwor,1
ChIJS1xsXwAZ6zkRpESgBECX5Z4,office,Harihar Law Firm & Research Center,corporate_office,27.6890349,85.3274203,Baneshwor,1
ChIJ6-hm8oUZ6zkRLfYrFGr4UtQ,office,PDP Nepal,corporate_office,27.695323,85.34868589999999,Baneshwor|Koteshwor,2
ChIJqSEbbgAZ6zkR3bLJJ5kaUR0,office,ProjectNexus,corporate_office,27.6891131,85.34739379999999,Baneshwor,1
ChIJd1ufZQAZ6zkR9pUpE28gUic,office,Ravija enterprises,corporate_office,27.6838538,85.3382006,Baneshwor|Koteshwor,2
ChIJMbJZDQAZ6zkR4wF_N-Voldo,office,Pioneer Group,corporate_office,27.7029824,85.3426915,Baneshwor,1
ChIJMRLbBQAZ6zkRAQaFqREgN6I,office,North Summit Hydro Limited,corporate_office,27.6904161,85.32658690000001,Baneshwor,1
ChIJRxuvXAAZ6zkRTigyt6TuimQ,office,Rani Films,corporate_office,27.689045,85.3272805,Baneshwor,1
ChIJM9tX278Z6zkRA2fO2aQMYNE,office,Wedding Sansar,corporate_office,27.684292100000004,85.3336849,Baneshwor,1
ChIJ8Q_UfgAZ6zkR5rEIgZk4soo,office,Panacea,corporate_office,27.7026985,85.3314214,Baneshwor,1
ChIJY-EJf5IZ6zkR6AEO5gBUe30,office,Jagdamba Cement,corporate_office,27.6859341,85.34452739999999,Baneshwor,1
ChIJa4J11KkZ6zkRIQSQ8rYB4dY,office,KTM Techies Pvt. Ltd.,corporate_office,27.6842808,85.33365769999999,Baneshwor,1
ChIJvR92f5IZ6zkRl58Vb0I1diI,office,Sarbottam Cement Limited,corporate_office,27.6859353,85.3445763,Baneshwor,1
ChIJV_e0f5IZ6zkRqwYJLERsLGs,office,KVDA Office,corporate_office,27.6858545,85.3444796,Baneshwor,1
ChIJgWbwsZ0Z6zkRQVwBbGugstw,office,Ishwari Travels And Tours,corporate_office,27.7036379,85.3412676,Baneshwor,1
ChIJx96iXrkZ6zkRMmcc-LuzhLg,office,ikauda inc,corporate_office,27.6877995,85.3280966,Baneshwor|Pulchowk,2
ChIJSVnzSmwZ6zkRJ5UYNCCEIPA,office,TechSathi,corporate_office,27.6902023,85.3265814,Baneshwor,1
ChIJK8kjAgwZ6zkRAUHq4qUGG5I,office,360 Transport Solution,corporate_office,27.7037996,85.34073269999999,Baneshwor,1
ChIJYxK2BwAZ6zkRdKtEJURzNVg,office,Ghatal Wires Industries Pvt. Ltd.,corporate_office,27.7041264,85.3391896,Baneshwor,1
ChIJJQBnw78Z6zkROUUHjKz1lw0,office,Glaze Entertainment Studio,corporate_office,27.6842092,85.3335809,Baneshwor,1
ChIJJQBnw78Z6zkRTKxZ0rXRoDQ,office,Jupiter Consortium,corporate_office,27.6842092,85.3335809,Baneshwor,1
ChIJkRz75dYZ6zkRPhXsLhGuyII,office,Clicksdom,corporate_office,27.6930544,85.34899539999999,Baneshwor|Koteshwor,2
ChIJRU4GmZ4Z6zkRgkNj320Fero,office,Nepalikart Pvt. Ltd.,corporate_office,27.6852751,85.34369699999999,Baneshwor,1
ChIJ70VYaVcZ6zkR2kJwK4yZRz0,office,Tamrakar bhushan,corporate_office,27.684812500000003,85.3319375,Baneshwor|Patan durbar square,2
ChIJHe6ghqAZ6zkRJfSX_sFo6F8,office,Target Mainpower,corporate_office,27.6985078,85.3479294,Baneshwor,1
ChIJA5HDWfQZ6zkRzNH_XnBsEKs,office,BSP Proficiency Pvt ltd,corporate_office,27.6846976,85.342961,Baneshwor,1
ChIJexHLAp0Z6zkRZE5nlMlaynk,office,Manokamana Modern Engineering Pvt. Ltd,corporate_office,27.7033502,85.3426868,Baneshwor,1
ChIJM8ukcEgZ6zkRH1OUVl3UXuQ,office,Toreva Pharmaceuticals Pvt. Ltd.,corporate_office,27.7038831,85.34131149999999,Baneshwor,1
ChIJqbNlp0EZ6zkRxzn2d6jkUP8,office,Yashodhara Sadan,corporate_office,27.6846287,85.33186189999999,Baneshwor|Patan durbar square,2
ChIJlUYeEwAZ6zkRSy1IwaDOYa8,office,Sagarmatha Multi Service Pvt Ltd,corporate_office,27.6848861,85.3436115,Baneshwor,1
ChIJ3ZFgBL8Z6zkR7j7QLXxMnCA,office,Jaya Buland Nirman Company,corporate_office,27.6848409,85.3312246,Baneshwor|Patan durbar square,2
ChIJUS2eLgAZ6zkRL1hD0V0SD_k,office,मेचीमहाकाली लिगल सर्भिस/Mechhimahakali Legal Service,corporate_office,27.69045,85.3260406,Baneshwor,1
ChIJyxTvTEAZ6zkRzbXJt1zhtSg,office,Mebhu online store- Logistic Dept.,corporate_office,27.7039388,85.33319259999999,Baneshwor,1
ChIJ70jASwAZ6zkRRmCdzIqVoxE,office,K and B Legal Service Center/के एण्ड बि लिगल सर्भिस सेन्टर,corporate_office,27.6904274,85.3260268,Baneshwor,1
ChIJvXJ048UZ6zkRSae4A6mauCA,office,Brand Worth,corporate_office,27.6853885,85.3445347,Baneshwor,1
ChIJvbw6-CYZ6zkRBLlSH8osc50,office,ULPU Skins,corporate_office,27.6833564,85.3387371,Baneshwor|Koteshwor,2
ChIJoZFAULoZ6zkR_LU_Aa-jpPg,office,Star Force Security Pvt.Ltd.,corporate_office,27.6903335,85.3260304,Baneshwor,1
ChIJ6QWLfo0Z6zkRL2MZ3FT5f0E,office,Brajeshwori Group,corporate_office,27.6854761,85.34480599999999,Baneshwor,1
ChIJ37Iy0pwZ6zkR52PcWhk4_DY,office,Gatishil Overseas Pvt.Ltd.,corporate_office,27.7027522,85.3443527,Baneshwor,1
ChIJYcvtVgAZ6zkRVhBFxdEGxJ0,office,Skyline Park Chowk,corporate_office,27.6872913,85.3278515,Baneshwor|Pulchowk,2
ChIJ0wG0Wd4Z6zkRR2cXVSi-ZD4,office,Yadav and Yadav Group Pvt. Ltd.,corporate_office,27.6847982,85.343744,Baneshwor,1
ChIJl0lVWkkY6zkR_X4Pjwj1gYE,office,United Engineering Solutions Pvt. Ltd.,corporate_office,27.6842795,85.3427598,Baneshwor|Koteshwor,2
ChIJZXxHAAAZ6zkRibFsVrxl1n8,office,Hive Trading and Sourcing Pvt. Ltd.,corporate_office,27.6842581,85.33200670000001,Baneshwor|Patan durbar square,2
ChIJ6SMFKwMZ6zkRll4i61coT4U,office,युनाइटेड ईन्जिनियरिङ् सोलुसन्स प्रा. लि.,corporate_office,27.684256,85.34285109999999,Baneshwor|Koteshwor,2
ChIJ_QlCZW8Z6zkRSseyKrY3p-U,office,Siddhagadi Enginners & Builders Pvt. Ltd.,corporate_office,27.6850928,85.3445334,Baneshwor,1
ChIJjUdnC00Z6zkR2mSXA7I7HEw,office,Alpha Teds Technology Pvt Ltd,corporate_office,27.7040852,85.3328267,Baneshwor,1
ChIJsxexl1IZ6zkRrLdW6btDDHQ,office,AHI,corporate_office,27.6858733,85.32912689999999,Baneshwor|Pulchowk,2
ChIJqRdrF-MZ6zkRXN7cF7hGn8w,office,Garage Inc. HQ,corporate_office,27.685435,85.3296787,Baneshwor|Pulchowk,2
ChIJaSZCrJoZ6zkR5BfQRaaCw-M,office,United World Manpower Pvt. Ltd.,corporate_office,27.6986504,85.3485188,Baneshwor,1
ChIJ3drQYfsZ6zkRZT4XFWNAsS4,office,Peoples Hyropower Pvt Ltd,corporate_office,27.687108,85.3277691,Baneshwor|Pulchowk,2
ChIJyehqEp4Z6zkR8zP-4FgC2qE,office,Baba Print World (P) Ltd,corporate_office,27.7048357,85.3387841,Baneshwor,1
ChIJH1GreesZ6zkRyW6wICgOakI,office,Yuktee Management,corporate_office,27.6968185,85.3493262,Baneshwor,1
ChIJj-OsBdcZ6zkRPGBtFKx0y14,office,Infrastructure Research and Design Atelier Pvt. Ltd.,corporate_office,27.7040814,85.332622,Baneshwor,1
ChIJef0XNgAZ6zkRRi_sSXsP1T4,office,Job Placement Manpower,corporate_office,27.6987625,85.3485156,Baneshwor,1
ChIJ0UoE6B8Z6zkROkPsZBTD-Qg,office,GNC,corporate_office,27.6852311,85.3298571,Baneshwor|Pulchowk,2
ChIJrU2G3ucZ6zkRjkMWNkWBDYs,office,Elite HR Solution,corporate_office,27.6983829,85.3487351,Baneshwor,1
ChIJ9SFmRAAZ6zkRaugjhJGcCp4,office,The River Complex,corporate_office,27.7037826,85.342996,Baneshwor,1
ChIJM-eLbqEZ6zkRnTCZDxOLO-s,office,AERA Consultant (P.) Ltd.,corporate_office,27.6899856,85.32578269999999,Baneshwor,1
ChIJwy-LqOMZ6zkR3GWf512L86c,office,sky cable tv pvt ltd,corporate_office,27.7049627,85.33646619999999,Baneshwor,1
ChIJF6T1oA4Z6zkRmvf0SNzwjVA,office,Insurance Bazaar,corporate_office,27.703945,85.3318963,Baneshwor,1
ChIJCc0JuZQZ6zkRyBt9LbEySKo,office,IBSYS Nepal/ Sudarsan TV Network,corporate_office,27.7050414,85.3387715,Baneshwor,1
ChIJeRu9zc4Z6zkRVPpii0Ha8xI,office,DoHoot Media,corporate_office,27.6982059,85.3490303,Baneshwor,1
ChIJiw32IwAZ6zkR3-ed1NjSBbQ,office,Federation of sudi Samaj Nepal,corporate_office,27.7040034,85.3429268,Baneshwor,1
ChIJ2xaAniAZ6zkRL-jcMcn14K0,office,Samartha International Infosolutions Pvt Ltd,corporate_office,27.687064600000003,85.3274141,Baneshwor|Pulchowk,2
ChIJU-Kk2YcZ6zkRanh3mk-hsEg,office,"A.I. Associates, Chartered Accountants",corporate_office,27.6846914,85.3445072,Baneshwor,1
ChIJHWbBXQAZ6zkRdfg0dyyMZNA,office,Sunrise H.R. Solution Pvt.Ltd.,service,27.697693,85.3493857,Baneshwor,1
ChIJHxGNK7kZ6zkRrY7KXEfrh-c,office,Lamputer Media,corporate_office,27.6855535,85.32889349999999,Baneshwor|Pulchowk,2
ChIJN7sfhMwZ6zkR_sZoDs9tDog,office,Sutra For Leaders (सुत्र फर‌ लिडर्स),corporate_office,27.6857723,85.3286145,Baneshwor|Pulchowk,2
ChIJc4hmzHMZ6zkRIrPHi9-HLXM,office,JOB PLUS CAREERS OVERSEAS PVT.LTD.(ORCHID OVERSEAS PVT. LTD.),service,27.7051653,85.33899269999999,Baneshwor,1
ChIJKbPzAWAZ6zkRU_LBOnA-rx8,office,Vriya Technology Pvt. Ltd.,corporate_office,27.682662,85.3369712,Baneshwor,1
ChIJedPuvpIZ6zkRoROY8NjiKfc,office,AKARA MATERIALS TESTING LAB,corporate_office,27.6840001,85.3435535,Baneshwor,1
ChIJvZmaqI0Z6zkRZyJTIk9LUWw,office,Dial Up Media Pvt. Ltd.,corporate_office,27.686059,85.3466077,Baneshwor,1
ChIJU4fmJ0MZ6zkRRx_hilyQauo,office,EverestKart,corporate_office,27.6873823,85.3269071,Baneshwor,1
ChIJXS6xta4Z6zkRMlbId91uIhY,office,Best Business Solution Nepal Pvt. Ltd.,consultant,27.6842755,85.3441292,Baneshwor,1
ChIJ00mdoeMZ6zkRbB4WhJxlv_w,office,Axis Investment and Development Pvt Ltd,corporate_office,27.688320500000003,85.3485505,Baneshwor|Koteshwor,2
ChIJTUBVH4wZ6zkR5Kcy83ZuQro,office,Nepal Meditech & Surgitech,corporate_office,27.6883196,85.34855879999999,Baneshwor|Koteshwor,2
ChIJ_ZvzxpgZ6zkROwPoE5KrwvI,office,Eworks Nepal,corporate_office,27.6870321,85.3271532,Baneshwor,1
ChIJaz_Yg58Z6zkRwJX1uQfBp4s,office,Technomaze & Brainwave ICT,corporate_office,27.7051799,85.33494329999999,Baneshwor,1
ChIJMXDeOHsZ6zkRz4Nvw1GguV4,office,Alphateds : A Data Company in Nepal,corporate_office,27.7051799,85.33494329999999,Baneshwor,1
ChIJV4-7cQAZ6zkRE4aaMBMrUvc,office,Axis Medibiz,corporate_office,27.6881545,85.3485741,Baneshwor|Koteshwor,2
ChIJHYblbpMZ6zkRI3vhAASqyk8,office,Guna airlines,corporate_office,27.6962584,85.3501191,Baneshwor|Koteshwor,2
ChIJH8sL-SIZ6zkRdK2UWBVpmEU,office,Anima Shrestha,corporate_office,27.6979435,85.3495793,Baneshwor,1
ChIJj7szgEAZ6zkRuAzlKxHJyZw,office,Legal Links & Consultancy,corporate_office,27.687148,85.326897,Baneshwor,1
ChIJ_36tK4QZ6zkRK63aibXqDaI,office,Himal danphe logistics Pvt. Ltd.,corporate_office,27.6978647,85.34961349999999,Baneshwor,1
ChIJmeBtW_8Z6zkRa6YwL2DboR0,office,Gajabko,corporate_office,27.7003703,85.32656449999999,Baneshwor,1
ChIJp4PdYwAZ6zkR_Ymapl5Vumk,office,Notary Public 123,corporate_office,27.6935107,85.32431389999999,Baneshwor,1
ChIJ4SIeGD8Z6zkRz0xJOoHvPN4,office,NREMCN,corporate_office,27.6935108,85.32431389999999,Baneshwor,1
ChIJMwfqRjoZ6zkRISDnzy4WcB0,office,Business Solutions,corporate_office,27.6934785,85.32431040000002,Baneshwor,1
ChIJ4f27QyYZ6zkRdLok-CcxUeg,office,Lovely Engineering Consultant Pvt. Ltd,corporate_office,27.6841525,85.3444935,Baneshwor,1
ChIJ5z4YZQAZ6zkRRD-2qK8oDac,office,RajShree sinamangal ktm,corporate_office,27.6977047,85.3498506,Baneshwor,1
ChIJx-jJf5IZ6zkRDXDod6QHirI,office,काठमाण्डौँ उपत्यका विकास प्राधिकरण,corporate_office,27.7001842,85.32616449999999,Baneshwor,1
ChIJ_cPZ3FYZ6zkRKoJui4GUgUM,office,Royal Pharmaceuticals pvt ltd.,corporate_office,27.7031127,85.34573089999999,Baneshwor,1
ChIJf0KJxOcZ6zkRR8HSH6GCG6Q,office,Bhairab International Manpower Service Pvt. ltd,corporate_office,27.7029038,85.34601529999999,Baneshwor,1
ChIJYVMjbAAZ6zkRmS08BzCedS8,office,Sripurnachandi Enterprises,corporate_office,27.704307900000003,85.33104379999999,Baneshwor,1
ChIJRzkWjaAZ6zkRdDbWFAZ5gr0,office,Yoursmedia,corporate_office,27.7044552,85.3311926,Baneshwor,1
ChIJ32dqK-UZ6zkRCu-oc3JJ2Gk,office,scubenepal,corporate_office,27.7043283,85.3309252,Baneshwor,1
ChIJQX-820MZ6zkRwNyrNzZ5Zh4,office,Nightmare Games,corporate_office,27.7014103,85.34779329999999,Baneshwor,1
ChIJUaySexMZ6zkRhRT1DpaAerg,office,Techno Food Consult Pvt Ltd,corporate_office,27.6895325,85.34982540000001,Baneshwor|Koteshwor,2
ChIJWfoF-TkZ6zkRGPNV7dxMWwE,office,Dinesh Nepali,service,27.6881408,85.3491052,Baneshwor|Koteshwor,2
ChIJ9_M3np0Z6zkRmORZf3yppjs,office,SARP Consultancy,corporate_office,27.6847305,85.328859,Baneshwor|Pulchowk,2
ChIJmxskEIQZ6zkRyn0DNHcqT0w,office,RACE International HR,corporate_office,27.702645,85.34660319999999,Baneshwor,1
ChIJySIVubgZ6zkRIlO-8qXgtYw,office,3 Star Boys hostel,corporate_office,27.686631700000003,85.3267212,Baneshwor,1
ChIJrzlU2_EZ6zkRznnyFMIWtG4,office,Pentagram Technical Engineering Consultancy Pvt. Ltd. (PTEC),corporate_office,27.7059045,85.3367418,Baneshwor,1
ChIJ730tOncZ6zkRudb8apULoGw,office,Green Care Resource Centre,corporate_office,27.6852625,85.34667379999999,Baneshwor,1
ChIJBZSxGlEZ6zkRfSCrywwk6Nc,office,Bhul Bhulaiya,corporate_office,27.6854555,85.34694879999999,Baneshwor,1
ChIJIYjjWAAZ6zkRb9OMlw8iByU,office,Stravence Consulting Pvt Ltd,corporate_office,27.6978726,85.3501986,Baneshwor,1
ChIJdZHc0LgZ6zkR8n_eh14o5B8,office,SSL FREIGHT PVT LTD,corporate_office,27.6846263,85.3288415,Baneshwor|Pulchowk,2
ChIJDxkneQAZ6zkRQrGBaJkIPm8,office,KD One,corporate_office,27.6978467,85.3502244,Baneshwor,1
ChIJcdN-fQAZ6zkRWMTYz5vN7yE,office,Sarokar Kendra Nepal,corporate_office,27.684639500000003,85.32878509999999,Baneshwor|Pulchowk,2
ChIJ4dZD6ugZ6zkRVj9wUARPY-Y,office,Vidhi Traders,corporate_office,27.705517,85.3335883,Baneshwor,1
ChIJ3wb6mtoZ6zkRbiSzG3dEWXA,office,PRIME HR International Pvt. Ltd.,corporate_office,27.7001504,85.34903779999999,Baneshwor,1
ChIJnTGO9KAZ6zkRwfEVFBxKydc,office,Sun N Fun Holidays,corporate_office,27.7045357,85.3307246,Baneshwor,1
ChIJgZ2Y_QYZ6zkRcO3-yAkU6qA,office,MEE Engineering Solution Pvt. Ltd.,corporate_office,27.6849412,85.3465441,Baneshwor,1
ChIJJbD-FwAZ6zkR7AB7vThtmSU,office,Manpower Agency Nepal,corporate_office,27.699604,85.349555,Baneshwor,1
ChIJi8fqOwAZ6zkRZkhlH0Av2VU,office,Friendship and Cooperation Recruitment Pvt. Ltd,corporate_office,27.699641,85.34953399999999,Baneshwor,1
ChIJpyOCNfcZ6zkR_y3QM0cEWPY,office,Ziko Enterprises,corporate_office,27.6874151,85.34896599999999,Baneshwor|Koteshwor,2
ChIJecBmAAAZ6zkR5hhuelODkq4,office,Global Dynamic Nepal,corporate_office,27.699628900000004,85.3495533,Baneshwor,1
ChIJMQ18GgAZ6zkRr8uwTuqah88,office,Imadole,corporate_office,27.704984,85.3315039,Baneshwor,1
ChIJV5ItIgAZ6zkRWkyH_fwIkGg,office,Infinity cargo freight a& Forward,corporate_office,27.6900831,85.3504809,Baneshwor|Koteshwor,2
ChIJMQPeXAAZ6zkRJLdlkocOfCk,office,Himalayan Legal,corporate_office,27.7036982,85.32886180000001,Baneshwor|Durbar Marg,2
ChIJmcZNp4YZ6zkRT1xknnJ40fM,office,Volar Enterprises Pvt Ltd,corporate_office,27.6994803,85.3498458,Baneshwor,1
ChIJmR5pNwQZ6zkRihQM3nksjt4,office,A-one builders,corporate_office,27.6859894,85.34802309999999,Baneshwor,1
ChIJt1I19YYZ6zkR3wl_MOR4oeU,office,Binay Company,corporate_office,27.6980058,85.35056399999999,Baneshwor,1
ChIJ6yiAD6MZ6zkR3vAyFpbibQw,office,Nepal Research Forum,association_or_organization,27.681997300000003,85.33352029999999,Baneshwor,1
ChIJMRwo-sUZ6zkRoENjLhhlFdg,office,A & S Associates & Chartered Accountants,corporate_office,27.6815245,85.3391705,Baneshwor|Koteshwor,2
ChIJtQBuuAcZ6zkRuYCEQmEbKfI,office,Avant Techs Pvt. Ltd.,corporate_office,27.7060519,85.3336403,Baneshwor,1
ChIJNeIKag4Z6zkRDcnZufqBNn8,office,Grand Overseas,corporate_office,27.7052127,85.3436241,Baneshwor,1
ChIJ8YLqbAAZ6zkRuSNqKfgu9Io,office,PrimeLogic Hub,corporate_office,27.68857,85.3502226,Baneshwor|Koteshwor,2
ChIJ6XqMooYZ6zkRsEHlkXVE-AA,office,Omega Consultants Pvt. Ltd,corporate_office,27.6991901,85.3503138,Baneshwor,1
ChIJE5UIHKcZ6zkRcDOIy6O6d_k,office,Hydro Tunnelling and Research Pvt Ltd,corporate_office,27.7030754,85.3274929,Baneshwor|Durbar Marg,2
ChIJVU9KONQZ6zkRvo6PCZwZxO0,office,Expert Business | Best Business Consultant in Nepal,consultant,27.6881278,85.35011539999999,Baneshwor|Koteshwor,2
ChIJy3CmDwAZ6zkRf2dJ6AR6FSo,office,Vroom Nepal,corporate_office,27.6879576,85.35002109999999,Baneshwor|Koteshwor,2
ChIJsx0xi90Z6zkRla2gMIjcUnA,office,Shree Bhagat Construction Pvt. Ltd.,corporate_office,27.6816486,85.33377089999999,Baneshwor,1
ChIJ8SqEHwAZ6zkRbOhdvGoPFtg,office,GP Group Of Companies,corporate_office,27.7059612,85.3421398,Baneshwor,1
ChIJdaag2ewZ6zkR1wUegZlqZrM,office,Nepal Digital Cable Pvt. Ltd.,corporate_office,27.6818283,85.3418069,Baneshwor,1
ChIJv80494sZ6zkRszYbNbTjASI,office,Norbrik Nepal Pvt. Ltd,corporate_office,27.6879634,85.35011659999999,Baneshwor|Koteshwor,2
ChIJYUgpWcAZ6zkRnMPhfYElK4E,office,Nepal development consultants,consultant,27.681703,85.33324789999999,Baneshwor,1
ChIJO7DsLH8Z6zkRpp3ArojPvME,office,सामुदायिक भवन तिनकुने Samudayik Bhawan Tinkune,corporate_office,27.6817297,85.34164120000001,Baneshwor,1
ChIJmUKQfmcZ6zkR2rhdx5ALSnA,office,bimalchand,corporate_office,27.6811969,85.3388555,Baneshwor|Koteshwor,2
ChIJWaNRJgAZ6zkRLRyKLd8L7p4,office,Lumbini press,corporate_office,27.6812865,85.34016009999999,Baneshwor|Koteshwor,2
ChIJAQAAUJ0Z6zkRdjQWwRc7ue8,office,San Marco Group,corporate_office,27.7054408,85.34405,Baneshwor,1
ChIJMVpPZQAZ6zkRcxPRXGkJB4w,office,Gau Besi Logistics Inner Office,corporate_office,27.7054697,85.3439891,Baneshwor,1
ChIJ1TC6w4oZ6zkRKZx7yR7Pt-k,office,Advocate Ojaswi Gautam,corporate_office,27.7054697,85.3439891,Baneshwor,1
ChIJL9NvigoZ6zkREoZRmdxSNO8,office,Diyo IT Solution Pvt. Ltd.,corporate_office,27.6815398,85.33335199999999,Baneshwor,1
ChIJBRcQk-MZ6zkRg38Yv1jhMvU,office,Ground Zero-ग्राउन्ड जिरो,corporate_office,27.682079,85.3431543,Baneshwor,1
ChIJ8c6ij6kZ6zkR-xYoQ2KHlcU,office,Jugad production,corporate_office,27.681059,85.3362099,Baneshwor|Koteshwor|Patan durbar square,3
ChIJl3icfwAZ6zkRbyYXonyQQtg,office,NDM Corporate Solutions,corporate_office,27.6897138,85.3235581,Baneshwor|Pulchowk,2
ChIJnQCQpdoZ6zkRHzUbLRPwlmw,office,NNBC,corporate_office,27.6936017,85.32273550000001,Baneshwor,1
ChIJ8-lx5owZ6zkRJjxqeefJzY8,office,Forever Aadijor Traders,corporate_office,27.6847575,85.3477802,Baneshwor|Koteshwor,2
ChIJkwUgXQkZ6zkRlaYKAa296K4,office,Aakashi Entertainment Pvt. Ltd,corporate_office,27.6814854,85.3331065,Baneshwor,1
ChIJi6_tewAZ6zkRsV1V9Q6w_fo,office,Connect World Service,corporate_office,27.6899121,85.3233815,Baneshwor|Pulchowk,2
ChIJ6U7R8YsZ6zkRr7NOh-twGo8,office,Annapurna Media Network (AMN),corporate_office,27.6878638,85.3504009,Baneshwor|Koteshwor,2
ChIJ6fUB54wZ6zkRCYqTHzl0MVs,office,B. K. Power Developer Pvt. Ltd.,corporate_office,27.6845355,85.3476306,Baneshwor|Koteshwor,2
ChIJlwEX7osZ6zkRKg2mvr8_LYQ,office,Annupurna Tower,corporate_office,27.6878556,85.3504584,Baneshwor|Koteshwor,2
ChIJvfWF978Z6zkRJw_WcXPt2oE,office,The Annapurna Express,corporate_office,27.6878481,85.35046419999999,Baneshwor|Koteshwor,2
ChIJv2iHIAAZ6zkRkzu1ai8jhHU,office,Paradise Human Resource Pvt.Ltd,corporate_office,27.7020337,85.3490599,Baneshwor,1
ChIJ0dSJyxEZ6zkRafuqNzEHB9g,office,Kandel's house,corporate_office,27.7031906,85.3267936,Baneshwor,1
ChIJ94l-ir8Z6zkRueazi50LbEM,office,Apple International Pharmaceuticals Pvt. Ltd.,corporate_office,27.6810739,85.3342619,Baneshwor,1
ChIJXVU4KswZ6zkRyQbm_XHQY3E,office,inCube Technologies,corporate_office,27.6810724,85.33421899999999,Baneshwor,1
ChIJaTun3sgZ6zkRWIYzB4tpRMY,office,Sound of music nepal,corporate_office,27.6815985,85.332095,Baneshwor,1
ChIJNzXaZwAZ6zkRAsPCj4jLcfA,office,mankamana marg hattisar kathmandu,corporate_office,27.6841667,85.3474167,Baneshwor|Koteshwor,2
ChIJO42cl8MZ6zkRN8_4pp5tzIM,office,E-nation Service Pvt. Ltd.(Ghar Subidha),corporate_office,27.6815421,85.3425183,Baneshwor,1
ChIJN7deEwAZ6zkR4phZp56pq7Q,office,Oliniwas,corporate_office,27.6816247,85.34279939999999,Baneshwor,1
ChIJMyliKQAZ6zkRkpEbpVCNFXw,office,KOTESHWOR Sringkhala Galli,corporate_office,27.6807642,85.3387267,Baneshwor|Koteshwor,2
ChIJSxu0JAAZ6zkRSlEjf0Nlgaw,office,Proshore Nepal Pvt Ltd,corporate_office,27.6843861,85.3477936,Baneshwor|Koteshwor,2
ChIJa9PEDHQZ6zkRK-kORQHFrTM,office,Paneru Home,corporate_office,27.6807227,85.33596089999999,Baneshwor|Koteshwor|Patan durbar square,3
ChIJ_yrzMuIZ6zkR5xP5q5K-1dM,office,Nepal Can Code,,27.684373,85.34779189999999,Baneshwor|Koteshwor,2
ChIJwRDrjAEZ6zkR6mPBMRBmFBI,office,Magic Trade,corporate_office,27.6841366,85.3475433,Baneshwor|Koteshwor,2
ChIJQzVyUukZ6zkRX4l_LU10e18,office,Pk medical,corporate_office,27.7014404,85.3498733,Baneshwor,1
ChIJv1JwyaQZ6zkRIep7mIn2xCw,office,Branding Bee,corporate_office,27.6946298,85.32230729999999,Baneshwor,1
ChIJvyQlPQAZ6zkR_zMNPbecX04,office,Building,corporate_office,27.6844934,85.34807409999999,Baneshwor|Koteshwor,2
ChIJ4-JmIL4Z6zkR5VI9U1SUVyY,office,Logline Production,corporate_office,27.6815476,85.3315531,Baneshwor|Patan durbar square,2
ChIJJ-4-0nwZ6zkR6Ybr5RbDJ78,office,Sushmit Group,corporate_office,27.6843091,85.3479705,Baneshwor|Koteshwor,2
ChIJP7ocqacZ6zkREZWYrFcoW1I,office,Akar Print Link Service Private Limited,corporate_office,27.7032284,85.3263319,Baneshwor,1
ChIJ6_GA7-oZ6zkRTdsDl9pqw40,office,Bel Innovations Inc.,corporate_office,27.680511,85.33623469999999,Baneshwor|Koteshwor|Patan durbar square,3
ChIJzYZR35kZ6zkRQszbFImj05g,school,Happy Home Kinder World International Pre-School,school,27.6943143,85.33785929999999,Baneshwor,1
ChIJ8aIX1JkZ6zkRiEenGCx9K48,school,EBA Kathmandu Bartender's Academy,educational_institution,27.6945652,85.3371583,Baneshwor,1
ChIJybjdOcAZ6zkRF8gJIr3KG6I,school,Shemrock Baneshwor,school,27.694017700000003,85.3366198,Baneshwor,1
ChIJSdObQYEZ6zkRkdkPXS2Qsg0,school,EuroKids Baneshwor,preschool,27.693855,85.3384323,Baneshwor,1
ChIJDzpSNAAZ6zkRl_QAB_zwLSY,school,Divine,school,27.6930242,85.3366826,Baneshwor,1
ChIJ897IbJcZ6zkRxj1CeID9JkU,school,"St. Paul Steiner Academy, Montessori Block",preschool,27.6928741,85.3377529,Baneshwor,1
ChIJEScaipcZ6zkRTxNHeApdjdg,school,Kathmandu Xavier's Public School,secondary_school,27.6940321,85.3358477,Baneshwor,1
ChIJ2RTmbSAZ6zkRT4kCbgGCVvs,school,Global Next Consultancy,educational_institution,27.6953914,85.3365171,Baneshwor,1
ChIJac9qV5cZ6zkRNttvbExBYTY,school,Kathmandu Shikshalaya,school,27.6942871,85.3392368,Baneshwor,1
ChIJoaEmPZgZ6zkRCQ0qZcnUCtE,school,Parijat Viddhya Punja Secondary School,school,27.69492,85.33581939999999,Baneshwor,1
ChIJyWkDtpkZ6zkROrteM8nC-ko,school,Ratna Rajya Sec. School,school,27.6957117,85.33742819999999,Baneshwor,1
ChIJR1R5DAAZ6zkROnDEjy7q9Dg,school,Bethesda Graceland Academy,school,27.6958269,85.336635,Baneshwor,1
ChIJy6ym2AsHUwIRrxPVehjdEXQ,school,Gyanshree School,preschool,27.6946742,85.3350478,Baneshwor,1
ChIJuyWDzhoZ6zkRZS_Oct7tzRA,school,PD SMART EDUCATION,school,27.6921897,85.3359275,Baneshwor,1
ChIJ9bIlUvIZ6zkR1jGK-8EMR_k,school,footmas,school,27.6962454,85.3371736,Baneshwor,1
ChIJhY25rpcZ6zkRRPhx9909pd0,school,Total Physical Fitness Center,fitness_center,27.6916944,85.33656739999999,Baneshwor,1
ChIJV4TaMpgZ6zkRX5rQpDD2-sc,school,International Kindergarten,school,27.6963348,85.3369921,Baneshwor,1
ChIJT5HxM5cZ6zkRMn6x2pdihoc,school,Venus Bright Montessori Kindergarten,school,27.6931613,85.3401114,Baneshwor|Koteshwor,2
ChIJaQaSt5AZ6zkRfHZlodolh58,school,High Himalayan Academy,school,27.6931542,85.3401135,Baneshwor|Koteshwor,2
ChIJJSjp9zoZ6zkRiDC5IagJjtM,school,Center of Children with Intellectual Disabilities,school,27.6913616,85.3373019,Baneshwor,1
ChIJ--zKvJAZ6zkR8QwZNwgYpQg,school,Kathmandu Pragya Kunja School,primary_school,27.6935781,85.3404398,Baneshwor|Koteshwor,2
ChIJydSRj5kZ6zkR1ntu9574Zg4,school,Valley View English School - Montessori Block,school,27.6965132,85.3389115,Baneshwor,1
ChIJzUanZgAZ6zkR20oc5iRquw0,school,Pugu jaan,primary_school,27.6970617,85.33823079999999,Baneshwor,1
ChIJWawa8GQZ6zkRMiPrc4YRYd0,school,Sun Shine Secondary Boarding School,school,27.6921033,85.3404558,Baneshwor|Koteshwor,2
ChIJRSI7KJoZ6zkRSFemywbVUD8,school,Valley View School,school,27.696679,85.3395099,Baneshwor,1
ChIJOY6wdAAZ6zkRPguZ9iTUI-g,school,Kathmandu Pragya Kunja School (ECD Block),preschool,27.6921181,85.3405509,Baneshwor|Koteshwor,2
ChIJI1v-EQAZ6zkRYMLkk-jlpdg,school,YMS EDUCATION,educational_institution,27.6909926,85.3355729,Baneshwor,1
ChIJuZOU05cZ6zkRoQ1HUhedQI4,school,Spring Bud Preschool,preschool,27.6915239,85.3346808,Baneshwor,1
ChIJCV_z7kgZ6zkR6O4HYC6apl4,school,Moral Academy,preschool,27.6936853,85.341262,Baneshwor|Koteshwor,2
ChIJj1gxe5gZ6zkR-IlGYYEPH7k,school,Bal Vatsalya Day Care & Pre-school,preschool,27.696649,85.3349229,Baneshwor,1
ChIJi4c4Y5gZ6zkRYcIxyNG0m90,school,Learning Hands Preschool And Daycare,school,27.696899400000003,85.3349107,Baneshwor,1
ChIJF0bnb5oZ6zkRZtYci1219Zk,school,Montessori Kid’s World School,school,27.6951875,85.3413281,Baneshwor,1
ChIJbZQuOJYZ6zkRa_HNPPZ4AZI,school,Shangri-La Hotel Training Center,educational_institution,27.690640400000003,85.3353549,Baneshwor,1
ChIJsVmFyaIZ6zkRrLGBEH5QetI,school,"Pathshala Nepal Baneshwor, Kathmandu",primary_school,27.6944665,85.3328554,Baneshwor,1
ChIJHc-7qRoZ6zkRGggnVyj5AJM,school,Zumbandu Fitness,health,27.6979246,85.3384572,Baneshwor,1
ChIJQ4dmQ5oZ6zkR2rOAEGh43GM,school,Happy Kids Kindergarten,school,27.6960949,85.3413201,Baneshwor,1
ChIJv03fMdUZ6zkR8_AzAZTTKDk,school,Pathshala Middle School Block,school,27.6926242,85.3329163,Baneshwor,1
ChIJ-xCgIpEZ6zkROiPn2Pl1org,school,Scottish Hospitality Academy,,27.6910076,85.3407211,Baneshwor|Koteshwor,2
ChIJ6zStHZEZ6zkRG1RqYl6lFLA,school,Rayners High School,secondary_school,27.691194,85.341188,Baneshwor|Koteshwor,2
ChIJI41ofaoZ6zkRa9YNx7TFsv8,school,Chaitanya Sanskar Shikshyalaya,school,27.6964933,85.341405,Baneshwor,1
ChIJCcIkk5oZ6zkRa5UR4GD1lNM,school,St. Paul Steiner Academy,school,27.6958237,85.341915,Baneshwor,1
ChIJSfFmI5YZ6zkR3f_EXGpCihU,school,ARUNDEEP ACADEMY,school,27.6901541,85.3348123,Baneshwor,1
ChIJZz0JS4gZ6zkRwPojO-XbLPw,school,Vedanta School,preschool,27.6932798,85.3323477,Baneshwor,1
ChIJSQaZO7AZ6zkRlT0fj9c-rlo,school,Shree Sankhu Primary School,school,27.6967199,85.3414195,Baneshwor,1
ChIJX_d6mpgZ6zkR8gZH3_3oCYs,school,Riverdale Int'l Montessori School,school,27.6980864,85.3349132,Baneshwor,1
ChIJOYehSAcZ6zkRpBD4SvD_6SY,school,bibhuti boarding school,secondary_school,27.6951044,85.3426356,Baneshwor|Koteshwor,2
ChIJWcadgGYZ6zkRe8jjq_vMcLM,school,Danfe Hospitality and Training,school,27.6915196,85.3420486,Baneshwor|Koteshwor,2
ChIJZwupOAMZ6zkR7GUyfIUSghM,school,Hospitree International Pvt. Ltd.,school,27.6915196,85.3420486,Baneshwor|Koteshwor,2
ChIJVWwo3KIZ6zkRoWOF3wza4W4,school,New Shrine Academy High School,secondary_school,27.6952966,85.3320973,Baneshwor,1
ChIJG_N8QJEZ6zkR_gy7r-5EJfs,school,Shree Bhimsengola Secondary School,school,27.6899574,85.3407157,Baneshwor|Koteshwor,2
ChIJJ8LTvFYZ6zkRAgU7d3c3Sng,school,S.S. Hospitality Solution Pvt Ltd,school,27.6893811,85.33512139999999,Baneshwor,1
ChIJOb-7m3gZ6zkRs98mnGjyYhg,school,Periwinkle Kids World,preschool,27.6974867,85.3331864,Baneshwor,1
ChIJVc69A9EZ6zkR7H1LIiRo18I,school,"Highland Beans Coffee ,New Baneshwor, Kathmandu",food_store,27.6891384,85.3350464,Baneshwor,1
ChIJO6G42ZgZ6zkRA-58V6pip2w,school,Kidzee - Baneshwor,preschool,27.6992462,85.3366454,Baneshwor,1
ChIJw-oqG20Z6zkR5mPD-1_3bM4,school,Step by Step International School,primary_school,27.6992469,85.3366518,Baneshwor,1
ChIJjcIxVNMZ6zkRF3FCz8IPZc0,school,Peace Point Boarding School,school,27.6961464,85.34291630000001,Baneshwor,1
ChIJuVmyKwAZ6zkRLKHpZEqmEUc,school,Chaitanya Sanskar Shikshyala -Montessori Block,school,27.6951857,85.343285,Baneshwor|Koteshwor,2
ChIJXU7mXOcZ6zkRH-yRbGV_XNs,school,Geetkar Sangh Nepal,school,27.6916967,85.33175659999999,Baneshwor,1
ChIJN4N8L5kZ6zkRSP2fOXeEO6Y,school,Bodhi Batika International Montessotri Pre-school,preschool,27.69943,85.337333,Baneshwor,1
ChIJlaUaL6MZ6zkRB6hIh5B7Xws,school,Canvas Boarding High School,school,27.6947802,85.3312656,Baneshwor,1
ChIJSZ4RfgAZ6zkR50nO3_NCfcY,school,Naruto Japanese Consultancy,school,27.688732,85.3355346,Baneshwor,1
ChIJKeR70LwZ6zkRwBQHT8cBWCI,school,"Millsberry International Pre-school, Baneshwor",school,27.693151000000004,85.3312578,Baneshwor,1
ChIJkxR5VRAZ6zkRGJojJTM1YqA,school,Sher Saud,school,27.692218,85.33135279999999,Baneshwor,1
ChIJU7ilaaIZ6zkRhpoe9iRT-O0,school,Steiner Academy,school,27.6982266,85.3328562,Baneshwor,1
ChIJddEQWpgZ6zkRzYxls7CqgSg,school,Riverdale Int'l Montessori School,school,27.695235,85.343865,Baneshwor|Koteshwor,2
ChIJl98jZJEZ6zkRhwadsWBM9aE,school,EPS School,school,27.6889932,85.34110749999999,Baneshwor|Koteshwor,2
ChIJJxyZ174Z6zkRMr64MB5dCGc,school,Global School of Science,school,27.699694,85.3395341,Baneshwor,1
ChIJn9Dm6WsZ6zkRhBqfvm1m5FI,school,Caregiver Academia - Best Caregiver Training Center,,27.690143,85.34267299999999,Baneshwor|Koteshwor,2
ChIJewn7WNsZ6zkR4oym2J9RFSI,school,Nobel Academy,school,27.6898981,85.3323081,Baneshwor,1
ChIJcfpQQQsZ6zkR43JG0muCVAQ,school,Valley View School - Senior Block,school,27.6984399,85.3421003,Baneshwor,1
ChIJw84r3poZ6zkRSRAyeAwfDJA,school,Reliance Residential School,secondary_school,27.6971443,85.3433974,Baneshwor,1
ChIJqznaApAZ6zkR3z6KxgurUW4,school,The Acme Academy,secondary_school,27.6938533,85.344493,Baneshwor|Koteshwor,2
ChIJWf0XC08Z6zkRs6y9_AHBKNY,school,Asuka multiple consultancy pvt.ltd,school,27.6880311,85.3348932,Baneshwor,1
ChIJIW_4n00Z6zkR_HJhoPsosxg,school,Navankur Pre-school,preschool,27.6998478,85.3347026,Baneshwor,1
ChIJ6axfojkZ6zkRi7_NamJudps,school,Wee Kids Preschool,preschool,27.7002539,85.3383537,Baneshwor,1
ChIJp6_8RZsZ6zkRsevZHuiBf90,school,Axis International Secondary School,government_office,27.6955765,85.3443219,Baneshwor|Koteshwor,2
ChIJayN0VdAZ6zkRFMCf2J4yaok,school,Highland Beans Barista Coffee School,school,27.6879376,85.3350736,Baneshwor,1
ChIJ2y9lSZkZ6zkRX2F0NaN2bKU,school,Montessori Kinderworld,school,27.7000663,85.33535119999999,Baneshwor,1
ChIJ2YrdCKMZ6zkRSqzTdQdigXM,school,Occidental Public School,secondary_school,27.6964079,85.3307008,Baneshwor,1
ChIJHxyB4o8Z6zkR5X0O8WEukTc,school,GYAN SAGAR ENGLISH HIGH SCHOOL,secondary_school,27.6936551,85.34462289999999,Baneshwor|Koteshwor,2
ChIJr6lSqyQZ6zkRGdLdOzV1QII,school,Little Elly Nepal,school,27.7003554,85.33804549999999,Baneshwor,1
ChIJ4_wsnOAZ6zkR1W0bXqXz3m8,school,Delight Multiple Academy Pvt. Ltd,school,27.6878494,85.3349018,Baneshwor,1
ChIJ9ceIDGUZ6zkRoJraM0qBoUw,school,Glacier International School (school block),school,27.6894178,85.34274830000001,Baneshwor|Koteshwor,2
ChIJuzxh2JoZ6zkRFhZ8vTwvgPs,school,Sano Sansar Child Care,child_care_agency,27.6974074,85.3438458,Baneshwor,1
ChIJYXN8z3QZ6zkRvIEijHTj23g,school,Rudramati Primary School,primary_school,27.6983251,85.3315673,Baneshwor,1
ChIJ_0lyhZsZ6zkR9WtQKAq9Ko4,school,Kathmandu National School,primary_school,27.6997666,85.3414707,Baneshwor,1
ChIJ0VxEwpUZ6zkRC5lzxIcXd_E,school,Kidsland Montessori Pre School,school,27.6872362,85.3354007,Baneshwor,1
ChIJExUZCAAZ6zkRlm8zEXnxG1A,school,Shristi Academy,primary_school,27.6993206,85.332372,Baneshwor,1
ChIJNxdiNZQZ6zkR4ZQz2rwhsdQ,school,Excel Academy of Tourism and Hotel Management,educational_institution,27.6869889,85.33715529999999,Baneshwor|Koteshwor,2
ChIJDwuB-z8Z6zkR0pAuvb_0Yz8,school,Deaf Student's Hostel,school,27.6968394,85.34457499999999,Baneshwor,1
ChIJyVg6dKMZ6zkROTp3HeZMsVk,school,Nepal Mega School,school,27.6965372,85.32985459999999,Baneshwor,1
ChIJ5QFPWAAZ6zkRur0qZxBBYuE,school,Nihon Yume Educational Consultancy Pvt.Ltd,educational_institution,27.700061500000004,85.34164240000001,Baneshwor,1
ChIJGR9B65UZ6zkREKVVzstMKL4,school,CAPITAL INT'L ACADEMY,school,27.6869749,85.3353801,Baneshwor|Koteshwor,2
ChIJV-5nr54Z6zkRWzlSFqEJQdA,school,City Academy,school,27.7013179,85.338719,Baneshwor,1
ChIJnR3ct5oZ6zkRJt4A-3u3wfo,school,Indradhanush H. S. School,secondary_school,27.698743,85.3438561,Baneshwor,1
ChIJaa44UhwZ6zkRZoKCkSAn1OI,school,Riverdale Iris Florets,school,27.7013901,85.3387492,Baneshwor,1
ChIJaxOkYFAZ6zkROGW3IsICJao,school,Benry International Academy Pvt. Ltd,school,27.6866654,85.3351074,Baneshwor,1
ChIJf0Uvu6MZ6zkRUrY_09nLvL4,school,"ankur pre school and child care center, anamnagar",school,27.6978199,85.33000990000001,Baneshwor,1
ChIJ2XoZMI4Z6zkRc7hZ1rs3zyc,school,Mom's Montessori,school,27.691007100000004,85.34530389999999,Baneshwor|Koteshwor,2
ChIJIWdsEQAZ6zkRN4o-YWIes2U,school,Kavya college,secondary_school,27.6893364,85.3305034,Baneshwor,1
ChIJcex-u54Z6zkREr36D6JuCTk,school,Cambridge Public High School,school,27.7015634,85.3383607,Baneshwor,1
ChIJReVoXWgZ6zkRkWpCeeyxS3A,school,Happy Kids Kindergarten,school,27.6953523,85.3288767,Baneshwor,1
ChIJcV2mq4gZ6zkRN08QAFsBmpE,school,Lapis Japanese Language School,school,27.7010625,85.3409375,Baneshwor,1
ChIJxYyl3aEZ6zkR-_34OAMpR-Y,school,Dantakali Marga,school,27.701296600000003,85.33394299999999,Baneshwor,1
ChIJBf-gvY8Z6zkRwJtywL-VVcM,school,Asha Mandir English High School,secondary_school,27.6926881,85.3462725,Baneshwor|Koteshwor,2
ChIJK9j60iYZ6zkRVoUOI_DSOI0,school,Sano Paila Montessori,preschool,27.6920625,85.3461875,Baneshwor|Koteshwor,2
ChIJOZAyHO4Z6zkRZxSNTs0QCcM,school,Kavya School +2 Block,school,27.6888573,85.3303157,Baneshwor,1
ChIJSRLGyoQZ6zkRzTX9hzWiCXc,school,Butterfly Play School,school,27.6988697,85.3447041,Baneshwor,1
ChIJa-T6wyYZ6zkRL9CnRQep7x4,school,Raj Beauty Academy & Make-up Studio,makeup_artist,27.6881826,85.33085439999999,Baneshwor,1
ChIJuSMJUZsZ6zkRf6sOBSFss38,school,International Hotel Training School (IHTS),school,27.6998401,85.3441062,Baneshwor,1
ChIJ1wd2SaYZ6zkR_RakOv-p0kQ,school,Edumark Education Foundation Pvt Ltd,school,27.690902,85.3285701,Baneshwor,1
ChIJsd3EYoUZ6zkRR_90JkdUNWQ,school,Babylon National School,school,27.6944248,85.34684179999999,Baneshwor|Koteshwor,2
ChIJhbMq56MZ6zkRYGUR2_1DR4o,school,Asian Public School,government_office,27.6995995,85.3302499,Baneshwor,1
ChIJBZowo9YZ6zkR-FVES4em_zA,school,"Aged Care & Caregiver Training Center, Kathmandu, Nepal - Caregiver Academia",,27.6915395,85.3282165,Baneshwor,1
ChIJ3wRUcI4Z6zkRqSeis3bV3_M,school,ATC- Hospitality Management Institute,school,27.6914802,85.32823619999999,Baneshwor,1
ChIJUTtHGB0Z6zkRX_k-2IfiWX8,school,Blue Academy,school,27.6966911,85.3282698,Baneshwor,1
ChIJnWRMjLsZ6zkRODgpT0VIMdo,school,The Glammer Education Nepal,,27.6899085,85.32868220000002,Baneshwor,1
ChIJhUQiegAZ6zkRUz3KI1uS9zI,school,Asha Boarding School (+2 Block),school,27.68619,85.34189409999999,Baneshwor|Koteshwor,2
ChIJETaCYjYZ6zkRkWsNBaQK43Q,school,Amar Adarsha Aawashiya Madhyamik Vidhyalaya,secondary_school,27.6981682,85.3460381,Baneshwor,1
ChIJE8We_IwZ6zkRoB05c6qyB4A,school,Kathmandu Columbus School (+2),school,27.6870845,85.331193,Baneshwor,1
ChIJX_rHfU8Z6zkRaUty_4fUkB4,school,Shreeprada Kendriya School,educational_institution,27.6870517,85.3311806,Baneshwor,1
ChIJfYF816EZ6zkRBjaq2Xk-sHg,school,Triveni Public School,school,27.7023248,85.33406029999999,Baneshwor,1
ChIJRTVDCZIZ6zkRs2WsZr0LmNQ,school,Koseli School,secondary_school,27.6875031,85.34431119999999,Baneshwor|Koteshwor,2
ChIJxX4Ha2gZ6zkR6ciPpDXdvf0,school,Fun World Pre School & Baby Care Center,school,27.6915156,85.3470605,Baneshwor|Koteshwor,2
ChIJ_yjOfo8Z6zkRpgNegL3eZ7s,school,Ambeshwori Daycare &Montessori,school,27.694338,85.3474531,Baneshwor|Koteshwor,2
ChIJRwphgI4Z6zkRdHw7iljKLpA,school,Emile Academy International,school,27.6907959,85.3468783,Baneshwor|Koteshwor,2
ChIJp6g3cpIZ6zkRXm63csNvi6o,school,Siddheshwor Secondary School,school,27.6868524,85.34373339999999,Baneshwor|Koteshwor,2
ChIJWasXrucZ6zkRKXjeoPO6Eu0,school,"Shree Pashupati Bhawan Secondary School Gwani, Darchula",school,27.6861783,85.3316251,Baneshwor,1
ChIJST_JMk8Z6zkRpeUvGTDKvdw,school,The Art Of Espresso Academy | Barista coffee school | Barista Training school | Best Coffee School | Barista Training,,27.7030344,85.33499959999999,Baneshwor,1
ChIJQ1Sb740Z6zkRxScHNKmFXek,school,Orion International College,school,27.6879282,85.3454184,Baneshwor|Koteshwor,2
ChIJU3OvmWgZ6zkRzrozY3AWvrY,school,Everest Barista and Training School,school,27.7030163,85.3344992,Baneshwor,1
ChIJ_5-VfAAZ6zkRyOtXlsUiXQw,school,Purple Home International Preschool,school,27.7031907,85.3396782,Baneshwor,1
ChIJy0BgY44Z6zkRRVms5CR0fR4,school,New Dirghayu Secondary Boarding School (न्यू दिर्घायू सेकेन्डरी बोर्डिङ्ग स्कूल),school,27.6895483,85.3468712,Baneshwor|Koteshwor,2
ChIJ97_w9ZIZ6zkRBsMr6dNL00o,school,V.S. Niketan Secondary School,primary_school,27.6856749,85.3428689,Baneshwor|Koteshwor,2
ChIJG9tdyr8Z6zkRvqvNhqUgqdg,school,KMC School,school,27.6851419,85.3330348,Baneshwor,1
ChIJx5MnWLkZ6zkRkEQMJP0tgWg,school,South Point Boarding,school,27.687981,85.328715,Baneshwor,1
ChIJqdWmq6YZ6zkRsqRggDE8Wgg,school,City Montessori International School and Teacher Training Center,school,27.7001396,85.32888729999999,Baneshwor,1
ChIJrxCgBScZ6zkRrys1SB7_G8c,school,Durga Cottage Gardening Institute,farm,27.7027932,85.3323376,Baneshwor,1
ChIJmSPcPqEZ6zkRWx29L6Z4eQk,school,Shree Balbihani Montessori School,school,27.701623,85.33010949999999,Baneshwor,1
ChIJRTm3HysZ6zkRYAht7mKVBOM,school,Gravity Boy's Hostel,school,27.7030275,85.3325868,Baneshwor,1
ChIJXYGdPpUZ6zkRDhsKe8wRi_o,school,Royal Kinder Castle Day Care & Pre- School,school,27.6841441,85.3350932,Baneshwor|Koteshwor,2
ChIJx069A50Z6zkRIJRhVwMwxCo,school,Sewa Sadan School,school,27.702943800000003,85.3425903,Baneshwor,1
ChIJIeswG_cZ6zkRz0QGDUfymCM,school,Gyan niketan junior block,primary_school,27.6842973,85.33396839999999,Baneshwor|Patan durbar square,2
ChIJ9QWn2RMZ6zkRlEnkJjVD76A,school,Siddharth Dhungana (SD),primary_school,27.693579,85.3488307,Baneshwor|Koteshwor,2
ChIJx71QTCMZ6zkRLMRJG0ZJHic,school,UV Pre-School,preschool,27.6853827,85.34367449999999,Baneshwor|Koteshwor,2
ChIJOe__DQAZ6zkR7oDQlns_51g,school,Ajay home,school,27.6837234,85.3370111,Baneshwor|Koteshwor,2
ChIJWTUc1csZ6zkRSe7atSPezfo,school,Paragon Public School Junior Block,primary_school,27.700595,85.346206,Baneshwor,1
ChIJ9_4ysZ0Z6zkRze-GEsal1X0,school,DESH TILAK HIGH SCHOOL,secondary_school,27.7036928,85.3410942,Baneshwor,1
ChIJ3SoH8JUZ6zkR5fMK4EuEY8k,school,Kavya School,secondary_school,27.6863191,85.32958649999999,Baneshwor|Pulchowk,2
ChIJS_9_QZUZ6zkRhVN8GIE3A9E,school,Birat Boarding School,school,27.6837365,85.3354538,Baneshwor|Koteshwor,2
ChIJPfyuGJMZ6zkRdZuPyj3rWPs,school,Nestling Montessori And Child Care,preschool,27.6843593,85.342046,Baneshwor|Koteshwor,2
ChIJ_WZgQuAZ6zkRiKSQHS7fzm0,school,Liverpool montessori,school,27.6835062,85.33624999999999,Baneshwor|Koteshwor,2
ChIJ-ycAJKAZ6zkRHe-0yn_iBgY,school,Nepalese Farming Institute,farm,27.7040417,85.3339742,Baneshwor,1
ChIJ2fsojBwZ6zkR7OrkSoXEGls,school,JapNep,school,27.6875476,85.32793749999999,Baneshwor|Pulchowk,2
ChIJDfeYJXAZ6zkRxSaR-bvtIP0,school,G.Star Consulting and Training Center,school,27.6875132,85.3279244,Baneshwor|Pulchowk,2
ChIJsYleQoQZ6zkRDYlCSmn5ZTg,school,Nepal Everest Montessori School,school,27.6987678,85.3481077,Baneshwor,1
ChIJzYAgxFMZ6zkR-SLr59vR8XM,school,Ultimate Lifting Club,sports_activity_location,27.6852314,85.3443365,Baneshwor|Koteshwor,2
ChIJu8_1nYcZ6zkRpQrh_35cIkI,school,Shikshantar School,primary_school,27.7012508,85.3462484,Baneshwor,1
ChIJWZ8GMqEZ6zkR5ZwvBFdB_rs,school,Sarthak Montessori House,school,27.7021368,85.3294272,Baneshwor,1
ChIJzcbHNQMZ6zkR4sAvIGJAc0Q,school,Babyflower Montessori,school,27.6979304,85.3487866,Baneshwor,1
ChIJG61lfY0Z6zkRtfzR0f8YqWc,school,Kautilya Secondary School,secondary_school,27.6851734,85.34458359999999,Baneshwor|Koteshwor,2
ChIJn0gKDZ4Z6zkRUZahE0xEXic,school,AKSHAMALA VIDYA SADAN,,27.704756,85.338914,Baneshwor,1
ChIJZRLCzZQZ6zkRKPHRK_QJSFQ,school,लिभरपुल मा. वि. /कलेज,school,27.6831193,85.3362863,Baneshwor|Koteshwor,2
ChIJ_13hpJkZ6zkRIK8A3nvC1aE,school,Welhams Pre School,preschool,27.6865505,85.328169,Baneshwor|Pulchowk,2
ChIJnbVOA7YZ6zkRXEdPQhOIDEI,school,Merge Home Tuition,educational_institution,27.6829898,85.3356342,Baneshwor|Koteshwor|Patan durbar square,3
ChIJZQlp0YUZ6zkRaIRw9zQd2Yw,school,Brookfield Academy Sinamangal,school,27.6971303,85.34937219999999,Baneshwor,1
ChIJS0MLK7oZ6zkRP3s_o92Xgn4,school,Srijanshil Boarding School,school,27.688098,85.326437,Baneshwor|Pulchowk,2
ChIJozVltw4Z6zkRo3h46IdFUxI,school,Samrridhi secondary boarding school,school,27.7052221,85.3359947,Baneshwor,1
ChIJmU2pSYwZ6zkRrYWimov7X_4,school,Apple International School,school,27.6874139,85.3478337,Baneshwor|Koteshwor,2
ChIJo9TsL98Z6zkRvoZEl8KhhIk,school,Minju Collection,school,27.7035249,85.33049849999999,Baneshwor,1
ChIJExyWMZMZ6zkRnJ5Zw22SCCE,school,Euro Kids Montessori,school,27.6831627,85.34129779999999,Baneshwor|Koteshwor,2
ChIJvbQeSYwZ6zkRw2JHgiZxMUM,school,PENTAGON INTL BOARDING SCHOOL,school,27.6870969,85.3476567,Baneshwor|Koteshwor,2
ChIJ4_xXTYwZ6zkRixKMj7QXMZQ,school,Pentagon Montessori,preschool,27.686567300000004,85.347177,Baneshwor|Koteshwor,2
ChIJjcpSC78Z6zkRv9R-bhL_poU,school,Innovative English School,school,27.6838086,85.33149379999999,Baneshwor|Patan durbar square|Pulchowk,3
ChIJOY5E9RwZ6zkRtGvrCCHKUbE,school,"Trive I Public High School, maitidevi",primary_school,27.7051799,85.33494329999999,Baneshwor,1
ChIJOXx4dNcZ6zkRjSmmE_Q-l4U,school,Saraswoti Kunj School,school,27.7051799,85.33494329999999,Baneshwor,1
ChIJrze6wqAZ6zkRUya0PiXUFOE,school,SAB public School,school,27.703618,85.3303652,Baneshwor,1
ChIJMzW6wqAZ6zkRuPA0YkQK3z4,school,Suryodaya Secondary School,school,27.7036202,85.3303653,Baneshwor,1
ChIJ5azCcwAZ6zkR5VcdqxHAIFU,school,Marvellous English Boarding School,school,27.7044627,85.33212329999999,Baneshwor,1
ChIJawoolY0Z6zkRyhSYtmYdnMM,school,Ace Higher Secondary School,school,27.6914261,85.3500373,Baneshwor|Koteshwor,2
ChIJMd-wbrkZ6zkRbhiVlcR3pH8,school,National Academy High School,secondary_school,27.6829507,85.33331749999999,Baneshwor|Patan durbar square,2
ChIJ956Jv_cZ6zkRDR_mguHKznw,school,Apple Montessori School,school,27.6873547,85.3481255,Baneshwor|Koteshwor,2
ChIJ06YJHgAZ6zkR9cwhr-C2e6s,school,Kinder Joy Pre School,school,27.6842082,85.34445269999999,Baneshwor|Koteshwor,2
ChIJ9dB0W24Z6zkRfPNWtgAf14I,school,Kakshalaya Kindergarten School,educational_institution,27.7029124,85.3290253,Baneshwor,1
ChIJAQBAIoMZ6zkRomWGhq99Cmg,school,Nepal Path-Finder Co-Ed School,school,27.7028939,85.3458431,Baneshwor,1
ChIJbfZuq-wZ6zkRxIEw6jQJphA,school,V.S. Angels' World,school,27.6852703,85.3461696,Baneshwor|Koteshwor,2
ChIJKZ-2VH4Z6zkRwV31LZ-lAFk,school,Tutors Nepal,school,27.6878979,85.3486621,Baneshwor|Koteshwor,2
ChIJl59OnMgZ6zkRUOrJ6cmbLj8,school,Baba Batika English Boarding School bijaya chowk gaushala,school,27.7029221,85.34594109999999,Baneshwor,1
ChIJg4tRcYYZ6zkR-6lzvEbEXKY,school,Bridgewater Int'l H.S. School,school,27.6964473,85.3503468,Baneshwor|Koteshwor,2
ChIJcTcxdgAZ6zkRLys1AMTTOI0,school,Ace School,school,27.6914515,85.3503549,Baneshwor|Koteshwor,2
ChIJb-d6JJwZ6zkRPOEnQlc0tQQ,school,Sungava Montessori School,school,27.6836991,85.34407379999999,Baneshwor|Koteshwor,2
ChIJNx_33tgZ6zkRrxAL-Krx_8c,school,Jana ekata margha,school,27.6834529,85.3305516,Baneshwor|Patan durbar square|Pulchowk,3
ChIJp63QVZ4Z6zkRj91sVUcWaVU,school,Bimal music instruments official ( World's First Digital Brand ),manufacturer,27.697002,85.35066359999999,Baneshwor,1
ChIJUUEXSaQZ6zkRqK6GP36Nn2A,school,"Vinayak Shanti Niketan , Thapathali",primary_school,27.6881451,85.32518259999999,Baneshwor|Pulchowk,2
ChIJkd4PcJoZ6zkRuWGIXtGREV4,school,Annapurna Vinayak School Block B,school,27.690877500000003,85.3508537,Baneshwor|Koteshwor,2
ChIJlbyR_KYZ6zkRrif8qI_G7a4,school,ASPHODEL PUBLIC SCHOOL,school,27.7025901,85.3274098,Baneshwor|Durbar Marg,2
ChIJmUEtUA4Z6zkRb43hfg7O1fc,school,Little Kingdom Child Development Center,school,27.7054084,85.3320231,Baneshwor,1
ChIJy4cMpoMZ6zkRdtJoludQbJ0,school,Midland E.B. School,school,27.7026049,85.34742750000001,Baneshwor,1
ChIJb2r-SacZ6zkRavYIyJt5BOQ,school,Maitidevi Boarding School,secondary_school,27.703615900000003,85.3285767,Baneshwor|Durbar Marg,2
ChIJOQJ3Nb8Z6zkRh5WDHKDqb3s,school,Swapna Vatika School,school,27.6838321,85.329279,Baneshwor|Patan durbar square|Pulchowk,3
ChIJqc4SLksZ6zkRCdHYeJqSBx8,school,Triton secondary school,school,27.6829774,85.34392199999999,Baneshwor|Koteshwor,2
ChIJW4mPMFUZ6zkRPbDH0EJ93Uw,school,Rainbow Kids International School,preschool,27.6816553,85.3353999,Baneshwor|Koteshwor|Patan durbar square,3
ChIJsSDZyrgZ6zkRmBXP18IBet0,school,SV Academy,school,27.6839398,85.3290725,Baneshwor|Patan durbar square|Pulchowk,3
ChIJqTwfV4kZ6zkRbXBh03k1vWU,school,NASA National Secondary School,school,27.6891463,85.35036389999999,Baneshwor|Koteshwor,2
ChIJjTotqroZ6zkRJIovO09BKkE,school,Kids Paila Montessori,school,27.6895948,85.3505804,Baneshwor|Koteshwor,2
ChIJd4D49bkZ6zkRMRKH5d-7hQk,school,Rosebud School Junior Block,primary_school,27.6879544,85.3249838,Baneshwor|Pulchowk,2
ChIJoQmmWX4Z6zkRmN08Qt-dGJI,school,Gaming Club | 8MBets Nepal,school,27.6825019,85.34315540000001,Baneshwor|Koteshwor,2
ChIJqaVKBAAZ6zkRXRa-eGpDxrw,school,Loyola Secondary School,school,27.691332600000003,85.35125839999999,Baneshwor|Koteshwor,2
ChIJDwKXh1MZ6zkRmeRnW5zYBNc,school,Pixel Media & Multi-Media Training Academy,,27.6826623,85.3311007,Baneshwor|Patan durbar square|Pulchowk,3
ChIJBbpHPY0Z6zkRUFGu8XSs1BM,school,Bal Shikshya Uddhan Pre School,preschool,27.6842682,85.3465305,Baneshwor|Koteshwor,2
ChIJh0yDRAAZ6zkRyfSepwAuspY,school,Care English Boarding School,school,27.7026991,85.3476937,Baneshwor,1
ChIJ_VWrPY0Z6zkRoHOu4wNYJ64,school,Passion International Education (Japanese Language School),consultant,27.6841875,85.3464375,Baneshwor|Koteshwor,2
ChIJS3XI9LkZ6zkRLGrvO2Dvc1s,school,Rosebud School,school,27.6873363,85.3251394,Baneshwor|Pulchowk,2
ChIJAQDAgogZ6zkRX8Dz-VjM0-s,school,Guheshwori school,secondary_school,27.6946815,85.3518169,Baneshwor|Koteshwor,2
ChIJJyZlwoIZ6zkRBQJsNt0Ydsg,school,Happy Kids Montessori,school,27.7043264,85.3458828,Baneshwor,1
ChIJAQAQlIYZ6zkRWSU2QlVuycE,school,Mount Olives E.B. High School,secondary_school,27.6988083,85.3508079,Baneshwor,1
ChIJOeguUaYZ6zkRo1Q85iaCTvo,school,The Spangle Boarding High School,school,27.7022268,85.326229,Baneshwor|Durbar Marg,2
ChIJF00mnggZ6zkRwmAkoUkd0kg,school,Ved Pathshala,preschool,27.683529,85.345908,Baneshwor|Koteshwor,2
ChIJqZ6cC_MZ6zkRcNLFsuiFa6k,school,Shiksha sankar pratisthan,school,27.702660500000004,85.3481453,Baneshwor,1
ChIJWb-zi7QZ6zkRQ4Bsf6eP4Ys,school,Sana Tara Montessori,preschool,27.698027000000003,85.3512623,Baneshwor,1
ChIJUTjOT7kZ6zkRH5dsa0yCY0E,school,Kathmandu Bakery Training Center,school,27.6879222,85.35035409999999,Baneshwor|Koteshwor,2
ChIJGVAQGqcZ6zkRj3bw5qMToDo,school,Montessori Children's House,preschool,27.7037507,85.3276355,Baneshwor|Durbar Marg,2
ChIJo6drx4MZ6zkR7_l6glLLwXc,school,Nepal Music Center ( Nepal Sangeet Vidhyalaya ),educational_institution,27.7024552,85.3486211,Baneshwor,1
ChIJV1RVRXgZ6zkRDEGaUaZWKZg,school,Sathya Sai School,school,27.704272,85.3464891,Baneshwor,1
ChIJ3cx_NAAZ6zkRjJ_GOH-nUiU,school,J.K. Educational Consultancy Pvt. Ltd.,school,27.7022544,85.3258793,Baneshwor|Durbar Marg,2
ChIJ0xf8WZ0Z6zkR84FI0A9gsYg,school,Shambhavi School,school,27.7057697,85.3441141,Baneshwor,1
ChIJ55WJDAAZ6zkRtwarYTwPmS4,school,Himalayan White House Int´l School,school,27.6840373,85.3473534,Baneshwor|Koteshwor,2
ChIJHTN2CQAZ6zkRyPXXCyNAL9s,school,Teresa Academy,secondary_school,27.7041569,85.34700339999999,Baneshwor,1
ChIJg9-vCKcZ6zkRWxeMApp8158,school,Kathmandu Japanese Language Institute,school,27.7034899,85.3268332,Baneshwor|Durbar Marg,2
ChIJBZ5K7bAZ6zkRL6rNv5NDrGE,school,Annapurna English Secondary School,school,27.6897308,85.3518211,Baneshwor|Koteshwor,2
ChIJNyb2b8ob6zkRt5SL3FGspkQ,bank,"Durbar ATM Lounge ,Bhaktapur- Durbar Square",bank,27.6719257,85.4286371,Bhaktapur durbar square,1
ChIJMWqtca8a6zkRwJqrhly-Reg,bank,Samuhik SACCOS,bank,27.6703149,85.42798549999999,Bhaktapur durbar square,1
ChIJ68PcTa4a6zkRoU_23CzJnII,bank,Himalayan Bank Limited,bank,27.671919,85.430089,Bhaktapur durbar square,1
ChIJ3ZTpxJgb6zkRMa2Cc2Tc1k8,bank,Bhaktapur Jilla Bachat Sangh,bank,27.6709939,85.4298429,Bhaktapur durbar square,1
ChIJYwZxRkAb6zkRN37JkbvRd2g,bank,Itachhenbinayak SACOSS,bank,27.6709939,85.4298429,Bhaktapur durbar square,1
ChIJsSgCYasb6zkR9Tsovii8m04,bank,Paripurna Multipurpose Co. Ltd,bank,27.673872900000003,85.4272013,Bhaktapur durbar square,1
ChIJn6K1_2Ib6zkREY3NlFkGkps,bank,Our Youth Group (N.B.G),bank,27.673872900000003,85.4272013,Bhaktapur durbar square,1
ChIJ_2lEfgAb6zkRiPFExKADd40,bank,Aastha Saving and Credit Society Ltd. आस्था वचत तथा ऋण सहकारी संस्था लि.,bank,27.669582,85.4281537,Bhaktapur durbar square,1
ChIJq6VbpyQb6zkReSbxfZ1qFcQ,bank,Century Bank (Sukuldhoka Bhaktapur Branch),bank,27.6726404,85.4309344,Bhaktapur durbar square,1
ChIJKcVqFa4a6zkR66TMLvlu6FA,bank,Laxmi Sunrise Bank Ltd. Bhaktapur Branch (SukulDhoka),atm,27.6726204,85.43110659999999,Bhaktapur durbar square,1
ChIJt5I7W0wb6zkRQ_8ibDB5asY,bank,Mega Bank Nepal,bank,27.6726474,85.4311074,Bhaktapur durbar square,1
ChIJyYYyVF4b6zkRruqAqTL1w3A,bank,"Sangam Saccos , Bhaktapur",bank,27.669264,85.4291882,Bhaktapur durbar square,1
ChIJBw_pbK4a6zkR5b6dZp7kv-A,bank,NMB Bank Limited,bank,27.6724355,85.43155709999999,Bhaktapur durbar square,1
ChIJ8VGIDAAb6zkRpvNI9m3g_Ow,bank,Global IME Bank,bank,27.6727121,85.42458859999999,Bhaktapur durbar square,1
ChIJ1XkUXpAb6zkRqRyrhFH0ow8,bank,Khwpoa Savings and Credit Cooperatives,bank,27.6751856,85.4296607,Bhaktapur durbar square,1
ChIJA5BCOAQb6zkRXSU8CeVV3ho,bank,Subhakamana Saving and Credit Cooperatives Ltd. Byasi Service Counter,bank,27.6754579,85.4297438,Bhaktapur durbar square,1
ChIJKetkncQb6zkRsE_6Pr-PBNc,bank,Kumari Bank Ltd. Byasi Branch,bank,27.6756102,85.4303872,Bhaktapur durbar square,1
ChIJC7TClKQa6zkRaCEtrsIyrss,bank,Kumari Bank (Ittachhen-Napukhu Bhaktapur Branch),bank,27.672056,85.4232274,Bhaktapur durbar square,1
ChIJh4Tzl3ob6zkR4zY5TL6yGFY,bank,Siddhartha Bank Gapali Suryabinayak,bank,27.6676367,85.4265248,Bhaktapur durbar square,1
ChIJbY6kIrIa6zkR9XcO88LSGjg,bank,थालाछें बचत तथा ऋण सहकारी संस्था लिमिटेड,bank,27.6742856,85.4327744,Bhaktapur durbar square,1
ChIJN2I2l6Qa6zkR-zch265Llmw,bank,Agricultural Development Bank Ltd. Bhaktapur Branch,bank,27.6719441,85.4227128,Bhaktapur durbar square,1
ChIJWzfooWMb6zkRBcAu69kTMIM,bank,Nepal Bank Limited,bank,27.6715784,85.4223191,Bhaktapur durbar square,1
ChIJ18sSnKYa6zkR1oz3HzsTzTs,bank,Kuber Saccos,bank,27.6675869,85.423819,Bhaktapur durbar square,1
ChIJowCWW6Ya6zkRv55RinUY74s,bank,Sanima Bank Ltd. Suryabinayak Branch,bank,27.665662500000003,85.4273906,Bhaktapur durbar square,1
ChIJfRAwyJAb6zkRJ8gO4GKJJSo,bank,प्राइम कमर्सियल बैंक लिमिटेड,bank,27.6656426,85.4298249,Bhaktapur durbar square,1
ChIJL2fzDLYb6zkRZriiBvn5OHg,bank,Garima Bikash Bank Ltd,bank,27.6659465,85.4249225,Bhaktapur durbar square,1
ChIJBfw2WaYa6zkRjh6rBhDJaCg,bank,Global IME Bank Limited,bank,27.6659625,85.4247031,Bhaktapur durbar square,1
ChIJ2SbdzH0b6zkRvt5PexwujvY,bank,Kumari Bank Limited,bank,27.6659625,85.42457809999999,Bhaktapur durbar square,1
ChIJR4wBs1ob6zkReoAZcOIake0,bank,Samyukta Multipurpose Cooperative Ltd.,bank,27.6652346,85.42714149999999,Bhaktapur durbar square,1
ChIJW-oe3Skb6zkRN24KPkv1d2I,bank,Citizens Bank Suryabinayak Branch,bank,27.6653521,85.4263555,Bhaktapur durbar square,1
ChIJv1UAOqYa6zkRJ7MU2xMwfZE,bank,NIC ASIA Bank Bhaktapur Branch,bank,27.6653855,85.4261822,Bhaktapur durbar square,1
ChIJmboIh6ga6zkRG7K4ii9lNXY,bank,गुण बचत तथा ऋण सहकारी संस्था लिमिटेड,bank,27.6651643,85.42768319999999,Bhaktapur durbar square,1
ChIJTTaBKKYa6zkRL9JlYU9T4xA,bank,Rastriya Banijya Bank,bank,27.6651531,85.4278333,Bhaktapur durbar square,1
ChIJa2PiV2ob6zkRDRe_N9G7Jpo,bank,"Muktinath Bikas Bank Limited, Suryabinayak Branch",bank,27.6653125,85.4254375,Bhaktapur durbar square,1
ChIJi0yatKca6zkRG2nSB59vvOI,bank,Nepal Investment Bank Limited,bank,27.6651875,85.4256875,Bhaktapur durbar square,1
ChIJQy3sV6Ya6zkRBXzQsTBY-Vg,bank,NMB Bank Limited,bank,27.6654375,85.42468749999999,Bhaktapur durbar square,1
ChIJkXiDMKYa6zkR-w5PQClRzwY,bank,Prabhu Bank Limited,bank,27.6659967,85.42342359999999,Bhaktapur durbar square,1
ChIJWQNTxKYa6zkRdpUpoxjoHtE,bank,Surya Shakti Co-operative,bank,27.6660912,85.42293599999999,Bhaktapur durbar square,1
ChIJUy_m56Ya6zkRgFbIXK_z1Jw,bank,Everest Bank Ltd. Bhaktapur Branch,bank,27.6654375,85.42339059999999,Bhaktapur durbar square,1
ChIJr-iFs6ca6zkRZTll9m3THBs,bank,Bhaktapur District SACCOS,bank,27.6641754,85.4295811,Bhaktapur durbar square,1
ChIJ0QnjjJMb6zkRg2_A6-JDfFo,bank,Machhapuchhre Bank,bank,27.6655125,85.4228594,Bhaktapur durbar square,1
ChIJUevGmFcb6zkRKv11xZ_VfQs,bank,Nabil Bank Suryabinayak Branch,bank,27.6654125,85.42298439999999,Bhaktapur durbar square,1
ChIJmVqsV6sa6zkRB-FKSh4il9Q,bank,Sharad Saving Co-operative,bank,27.6681888,85.4368902,Bhaktapur durbar square,1
ChIJ8ydlzx4b6zkRKup_2Dpbe2U,bank,Jimmewari Multipurpose Co-operative Ltd.,bank,27.6657895,85.4212289,Bhaktapur durbar square,1
ChIJHWQRG_wb6zkR8_duXghr6pc,bank,Kumari Bank,bank,27.668414100000003,85.4371154,Bhaktapur durbar square,1
ChIJBUaJFKsa6zkR775XQuPawg4,bank,Sukunda Saving & Credit Co-operative,bank,27.666637700000003,85.435941,Bhaktapur durbar square,1
ChIJ8XHNS_ob6zkRM7dZFbT84fo,bank,Nepal Bank ltd. Suryabinayak Ghalate,bank,27.6656829,85.42121519999999,Bhaktapur durbar square,1
ChIJMR25zQIF6zkRciiVHBAB5aM,bank,Prime Bank Chyamasingh Bhaktapur,bank,27.6725038,85.4380771,Bhaktapur durbar square,1
ChIJX0HRDv4F6zkRaSBnFXJQexE,bank,Ambe Savings & Credit Co-operative Ltd,bank,27.6698038,85.4378043,Bhaktapur durbar square,1
ChIJyRWh9Q4b6zkRtxBGgFqFeu4,bank,Rastriya Banijya Bank ( राष्ट्रिय वाणिज्य बैङ्क ),bank,27.6756611,85.4372588,Bhaktapur durbar square,1
ChIJP1aHt1IF6zkRO85N6d2ZcYM,bank,Jyoti Bikash Bank Limited,bank,27.671153,85.4381233,Bhaktapur durbar square,1
ChIJUY9weAAb6zkRSbEvXrzWFnE,bank,Kamana sewa bikas bank,bank,27.6666607,85.43617689999999,Bhaktapur durbar square,1
ChIJzyHOUKsa6zkRpBj7v3jyz6U,bank,Heet Saving & Credit Co-operative,bank,27.6677971,85.4370793,Bhaktapur durbar square,1
ChIJz0HgGhEb6zkR3JTgkFVhJj8,bank,Global IME Bank Limited,bank,27.6771552,85.4365291,Bhaktapur durbar square,1
ChIJR8IZ0LgF6zkR0-ZPuCtOkXg,bank,Shangri-la Development Bank Limited,bank,27.6773768,85.4372607,Bhaktapur durbar square,1
ChIJ986xIwAb6zkRXTQ202EZLfQ,bank,Sarbashree SAAKOSH,bank,27.6642456,85.42117669999999,Bhaktapur durbar square,1
ChIJv2lCYU0F6zkR8MJrnwoFUjE,bank,Bhaktapur Bachat,bank,27.6745358,85.4390908,Bhaktapur durbar square,1
ChIJYzMxm1IF6zkR3SKjR-Fz4QA,bank,"Siddhartha Bank Ltd. Kamalbinayak, Chyamhasingh Branch",bank,27.6735949,85.439405,Bhaktapur durbar square,1
ChIJu0UVy7cF6zkRV7Hr-Uapr7Q,bank,Susandesh Multipurpose Co-operative Limited,bank,27.6661946,85.43757850000001,Bhaktapur durbar square,1
ChIJfR-qe64F6zkR_DKxmzZmAg4,bank,Mahalaxmi Bikas Bank Limited,bank,27.6776007,85.43783839999999,Bhaktapur durbar square,1
ChIJLXdbxFIF6zkRIlBJksce6JM,bank,Central Finance Ltd.,bank,27.6736591,85.4397548,Bhaktapur durbar square,1
ChIJiUBpFLAa6zkRgvtfXqAtiMQ,bank,Muktinath Bikas Bank Limited,bank,27.6779053,85.4379807,Bhaktapur durbar square,1
ChIJN2aJ-OQb6zkRyq7_ViO-DGM,bank,chitizmultipurposesaving,bank,27.6634863,85.4209781,Bhaktapur durbar square,1
ChIJhXtjhFoF6zkR6WmD8NaRzis,bank,National Cooperative Bank Limited,bank,27.6779441,85.4387091,Bhaktapur durbar square,1
ChIJV5oiSqsF6zkRU99S-0fzuxo,bank,Yogadan Savings and Credit Cooperatives Limited.,bank,27.6735582,85.4409467,Bhaktapur durbar square,1
ChIJhRsV_uEF6zkRDRh3wAOYE-I,bank,Mega Bank Nepal,bank,27.675171,85.4406628,Bhaktapur durbar square,1
ChIJMYGnCOEF6zkRhsmmtQlt--w,bank,"Laxmi Sunrise Bank, Kamalbinayak Branch",bank,27.6782898,85.4395,Bhaktapur durbar square,1
ChIJRWNJqrwb6zkRB9vjJ0tkQUQ,bank,Jaya Bhawani SACCOS,bank,27.6673168,85.41531429999999,Bhaktapur durbar square,1
ChIJ4V3hK7Ma6zkRwimJ6y1jz1Y,bank,Nepal Bank Ltd. Kamalbinayak Bhaktapur Branch,bank,27.6785223,85.4404204,Bhaktapur durbar square,1
ChIJtw5dlKQa6zkRWQUG4afl3k8,bus_stop,Mini Buspark,bus_stop,27.672,85.4231779,Bhaktapur durbar square,1
ChIJE5LkkbEa6zkRxNlLae6PS98,bus_stop,Mahakali Bus Stop,bus_stop,27.6758949,85.43173,Bhaktapur durbar square,1
ChIJd-t7h6Qa6zkRRheshoHnzh0,bus_stop,Bhaktapur Mini Buspark,bus_stop,27.67081,85.42254,Bhaktapur durbar square,1
ChIJ29MzL7Ia6zkRxCaJVqALbmU,bus_stop,Dekocha Changu Narayan Bus Stop,bus_stop,27.676364300000003,85.4327399,Bhaktapur durbar square,1
ChIJ4e1iOLIa6zkRFYiilfD3x8M,bus_stop,Mahalaxmi Bus Stop,bus_stop,27.6761341,85.4336235,Bhaktapur durbar square,1
ChIJBxDXSKYa6zkRdfZ6fVJn1R0,bus_stop,ढोलेश्वोर महादेव बस बिसौनी,bus_stop,27.6655581,85.42566719999999,Bhaktapur durbar square,1
ChIJ34t0B_cP6zkRslazQudMtLc,bus_stop,Bhatey Dhikoor Bus Stop,bus_stop,27.6781785,85.4320881,Bhaktapur durbar square,1
ChIJw8duSKYa6zkR_5N2wGtnO84,bus_stop,Surya Vinayak Bus Stop,bus_stop,27.6657081,85.424425,Bhaktapur durbar square,1
ChIJA_Iiwasa6zkRRSGepNG8k2k,bus_stop,आदर्श बसस्टप,bus_stop,27.6664713,85.4334949,Bhaktapur durbar square,1
ChIJla_-5KYa6zkRBhTgEqEjp9A,bus_stop,Kathmandu Bus Stop,bus_stop,27.6656154,85.4238725,Bhaktapur durbar square,1
ChIJ60Kl3KYa6zkRUkLd4b90BMM,bus_stop,Bus gundu,bus_stop,27.6656297,85.4230839,Bhaktapur durbar square,1
ChIJxcZ3ILMa6zkRJ88jpTnr6iM,bus_stop,Kamal-Vinayak Bus Stop,bus_stop,27.6770959,85.43638229999999,Bhaktapur durbar square,1
ChIJU-kkzrIa6zkRWv79YbK-iWA,bus_stop,Kamal-Vinayak Bus Park,bus_stop,27.6763685,85.4372112,Bhaktapur durbar square,1
ChIJT-_Su1IF6zkRWnqfaAh6CWU,bus_stop,Chaymasing - Kalanki Bus Stop,bus_stop,27.6731695,85.43836979999999,Bhaktapur durbar square,1
ChIJtzZNulIF6zkR61Z5Duh-5r4,bus_stop,Chyaamasing - Ratna Park Bus Stop,bus_stop,27.6732621,85.4383618,Bhaktapur durbar square,1
ChIJlaKQfFIF6zkRQO-XJOqJWzI,bus_stop,Chaymasing Bus Stop,bus_stop,27.6734497,85.438363,Bhaktapur durbar square,1
ChIJ81ubNKsa6zkRL37u7R_SUkE,bus_stop,Jagati Bus Stand,bus_stop,27.666541,85.4374402,Bhaktapur durbar square,1
ChIJmfFwhlIF6zkR4eXHNUg1NAM,bus_stop,Tathali Nala Bus Stop,bus_stop,27.6736488,85.439846,Bhaktapur durbar square,1
ChIJU5_Y4qEa6zkRO8MaEZ6wDtA,bus_stop,Chundevi Bus Stop,bus_stop,27.6668816,85.41708109999999,Bhaktapur durbar square,1
ChIJbTVPMQAb6zkRfy2oVi4PCEU,cinema,Rudranarayan sah,movie_theater,27.674783400000003,85.42737900000002,Bhaktapur durbar square,1
ChIJ__8PJ6Ua6zkRKj3o459Wt2o,cinema,NavaDurga Chitra Mandir,movie_theater,27.6728228,85.4247815,Bhaktapur durbar square,1
ChIJRXqXU0ob6zkR77bn7-uv8wY,cinema,ख्वह्र दीप ध्वाखा,event_venue,27.6696203,85.4349731,Bhaktapur durbar square,1
ChIJkd4xObMa6zkRbeyOXxxuiYQ,cinema,कमल विनायक सिनेमा हल,movie_theater,27.678331,85.43662119999999,Bhaktapur durbar square,1
ChIJF7LXTK4a6zkRp13JENG1DQI,clinic,Bhaktapur Dental Home,dental_clinic,27.671946,85.429851,Bhaktapur durbar square,1
ChIJ_XWjNK4a6zkRTuxQKz92QX4,clinic,Bhaktapur Model Clinic & Research Center Pvt. Ltd.,medical_clinic,27.6728285,85.42984539999999,Bhaktapur durbar square,1
ChIJ4x2kHrAa6zkRKEoqFin1LgY,clinic,General Clinic,medical_clinic,27.6741301,85.42820809999999,Bhaktapur durbar square,1
ChIJAXtd_Gsb6zkRmCecSMnRt1o,clinic,Paropakar clinic pvt Ltd,medical_clinic,27.6748464,85.42730979999999,Bhaktapur durbar square,1
ChIJex9cRNEb6zkR86yNsV1kRsc,clinic,Khandadevi Dental Clinic (K.D.C),dental_clinic,27.6748464,85.42730979999999,Bhaktapur durbar square,1
ChIJ4fX4OgAb6zkRxKANHFWHTZg,clinic,KRITAM HEALTH CARE PVT.LTD SURYABINAYAK -08,medical_clinic,27.6748464,85.42730979999999,Bhaktapur durbar square,1
ChIJP7Cl4qQa6zkRWWktvJ-Bu-8,clinic,जिवन्त स्वास्थ्य सेवा सदन प्रा. लि.,medical_clinic,27.6716289,85.4246572,Bhaktapur durbar square,1
ChIJS7dg8iUb6zkRdEQoGSy8KvY,clinic,Comfort Dental,dental_clinic,27.6751808,85.4278877,Bhaktapur durbar square,1
ChIJrVjUM-Ab6zkRiGwBBPHoITw,clinic,Indrayani dental home Pvt. Ltd.,dental_clinic,27.6727561,85.4243765,Bhaktapur durbar square,1
ChIJl3Zc0yhSQ2sRJUkOWM9N7f8,clinic,Unipath Bhaktapur,medical_clinic,27.672291,85.42413160000001,Bhaktapur durbar square,1
ChIJeR37wsQF6zkRKjKRrKPHiuw,clinic,Bramhayeni Polyclinic & Pharmacy,medical_clinic,27.6752631,85.43003739999999,Bhaktapur durbar square,1
ChIJhUGQCQAb6zkRG2HwA-wkKiw,clinic,Siddhita Health Care Pvt. Ltd.,medical_clinic,27.6691695,85.4251125,Bhaktapur durbar square,1
ChIJb5HUVK8a6zkRX7BX5jYZqS4,clinic,Ramamandira eye treatment kendr,medical_clinic,27.6680952,85.4274423,Bhaktapur durbar square,1
ChIJVzr4UwAb6zkR5197b_Wg_Xw,clinic,Happy smile dental clinic,medical_clinic,27.6674726,85.4267623,Bhaktapur durbar square,1
ChIJu3d9zDEb6zkRIKwgw5gAeFA,clinic,Bhaktapur polyclinic,medical_clinic,27.6719342,85.422781,Bhaktapur durbar square,1
ChIJ1Ve0IKgb6zkRwUUi61kR30s,clinic,Dental Service - Clinic One Bhaktapur,dental_clinic,27.6675463,85.42593169999999,Bhaktapur durbar square,1
ChIJaZpalGsb6zkRH7LMWnJpnE8,clinic,Dental World Clinic Pvt. Ltd.,dental_clinic,27.6674267,85.42619859999999,Bhaktapur durbar square,1
ChIJDdaohaQa6zkRfHG2hWeoOI8,clinic,ॐ P.M. Hall,medical_clinic,27.6713119,85.4225951,Bhaktapur durbar square,1
ChIJid86VQAb6zkRY3nZl8BmlCs,clinic,Premier Dental Suryabinayak - 015924538,dental_clinic,27.667254,85.42603520000002,Bhaktapur durbar square,1
ChIJD0CIFQAb6zkReJZN_JiXsT4,clinic,SEWAA DENTAL HOME,dental_clinic,27.6713143,85.42230099999999,Bhaktapur durbar square,1
ChIJCU90kEHp6SgRLMQUqWmnRIA,clinic,Bhaktapur Cancer Hospital: Dr. Bishnu Shrestha,doctor,27.6731991,85.42232229999999,Bhaktapur durbar square,1
ChIJdyWanaQa6zkR1S1cVldQ4sc,clinic,Rose Dental Care Private Limited,dental_clinic,27.6713039,85.4219627,Bhaktapur durbar square,1
ChIJcV0TY6Ma6zkRvBZx9N3kRko,clinic,Siddha pokhari clinic,medical_clinic,27.671608,85.4218439,Bhaktapur durbar square,1
ChIJVT4aY6Ma6zkRdMGXxq2HNBU,clinic,Prime dental clinic pvt.ltd,dental_clinic,27.6716249,85.42180719999999,Bhaktapur durbar square,1
ChIJ1bSJRKwa6zkR1bu-Uv1SCyw,clinic,Health Clinic Operated By Siddhi Ganesh Saving And Cooperative Pvt. Ltd,medical_clinic,27.670125,85.43417800000002,Bhaktapur durbar square,1
ChIJb73tRKwa6zkRDIuvmLdtjLw,clinic,Siddhi Poli Clinic,medical_clinic,27.6701445,85.4341977,Bhaktapur durbar square,1
ChIJd_nHZ6Ya6zkReEYai3du3KU,clinic,Munankarmi forme and dentala Clinic,medical_clinic,27.666616,85.425226,Bhaktapur durbar square,1
ChIJgQ0HR6Ya6zkRlbM8oiMRyqw,clinic,Start Dental Clinic,dental_clinic,27.6659879,85.4258633,Bhaktapur durbar square,1
ChIJ0-cpN2TeYmIRhj9n_MPMEgk,clinic,Smile Nest Dental Clinic,dental_clinic,27.6658447,85.4263845,Bhaktapur durbar square,1
ChIJWRzcLY7CrmYRNH8KwqQ25gg,clinic,Biraj Dental Bhaktapur -4( Suryabinayak),dental_clinic,27.665782,85.42662,Bhaktapur durbar square,1
ChIJMdwD8TEb6zkRdJMuQBhYPEU,clinic,भक्तपुर डायबिटिज थाइराइड एन्ड एन्डोक्राइन क्लिनिक,medical_clinic,27.6659241,85.4258072,Bhaktapur durbar square,1
ChIJAw7tk6Ya6zkRbeu6zdLEP98,clinic,Shiddhi Memorial Hospital's Satelite Health Center,government_office,27.6666939,85.4237608,Bhaktapur durbar square,1
ChIJCW-6DaMa6zkRZLvDD9hu_PI,clinic,एक्युपर्‍ेसर अकुपंचर तथा फिजियोथेरापी क्लिनिक,medical_clinic,27.6712283,85.4205901,Bhaktapur durbar square,1
ChIJR9NOoHkb6zkR06T5IPnExRk,clinic,HPN Clinic,medical_clinic,27.6659564,85.4247077,Bhaktapur durbar square,1
ChIJQ8mQKTAb6zkRA7587T7d2Co,clinic,Suryavinayak Optical,medical_clinic,27.6653392,85.425551,Bhaktapur durbar square,1
ChIJPxFmgwIb6zkReH624mZnHQY,clinic,सामुदायिक स्वास्थ्य केन्द्र,medical_clinic,27.6654541,85.425116,Bhaktapur durbar square,1
ChIJo70EcqMb6zkRZ2COUtMwZFc,clinic,Nova Smile Care Dental Suryabinayak branch,dental_clinic,27.6655064,85.42491079999999,Bhaktapur durbar square,1
ChIJwejuVqYa6zkRkL5bz236F7Q,clinic,Suryavinayak Dental Care,dental_clinic,27.6654943,85.4248763,Bhaktapur durbar square,1
ChIJF6i0q2ob6zkRYGclOqZJOLw,clinic,Children Care Bhaktapur,medical_clinic,27.6706495,85.4201496,Bhaktapur durbar square,1
ChIJoXnPsyUb6zkRduAlFbiiT_k,clinic,Bhaktapur Barahi Optical,medical_clinic,27.6654578,85.4246905,Bhaktapur durbar square,1
ChIJKV1xdgAb6zkR7oUHKNY0xOA,clinic,Smile Impress Dental Suryabinayak Branch,dental_clinic,27.6655011,85.42424050000001,Bhaktapur durbar square,1
ChIJxzvBaAAb6zkRBZxNsCpUJK4,clinic,Comfort Health Care Pvt.Ltd.,medical_clinic,27.6648312,85.4258741,Bhaktapur durbar square,1
ChIJxyjdZwAb6zkRh3dgqWDV45o,clinic,Look.co,medical_clinic,27.6677984,85.43515119999999,Bhaktapur durbar square,1
ChIJtw2Z8fgb6zkRR8AOSoc4ruQ,clinic,Physioghar Physiotherapy Clinic,medical_clinic,27.677464,85.43419019999999,Bhaktapur durbar square,1
ChIJbTCpT_Ub6zkRakazjK80Un4,clinic,Aashakiran Psychological Counseling And Autism Care Center,medical_clinic,27.6643255,85.42640159999999,Bhaktapur durbar square,1
ChIJTabKen8b6zkR3EL7qQ6MFwY,clinic,"Nirvana Physiotherapy & Wellness Center, Bhaktapur | Ayurvedic Therapy | Osteopathy | Naturopathy",medical_clinic,27.6644186,85.42580799999999,Bhaktapur durbar square,1
ChIJCccK-K0a6zkRs8FafsdKdI8,clinic,Bhaktapur Homeopathic Medical College,educational_institution,27.675947,85.43595900000001,Bhaktapur durbar square,1
ChIJOaoDr6kb6zkR1TqRdT1jEyw,clinic,"Subhakamana Dental Care,Pandubazar,Bhaktapur",dental_clinic,27.6653987,85.42299709999999,Bhaktapur durbar square,1
ChIJGa2FLAAb6zkR_iHfPl5G4Ow,clinic,Himalaya Dental Care Bhaktapur,dental_clinic,27.6639422,85.4293945,Bhaktapur durbar square,1
ChIJ_a3Gr0Ab6zkRNVK7G4dBlls,clinic,Samrridha dental clinic & eye care center Pvt ltd,medical_clinic,27.666188,85.4352572,Bhaktapur durbar square,1
ChIJwbIfRQAb6zkRuOJliIi6ec4,clinic,Om Sanjeevani Pharma,medical_clinic,27.6636788,85.42570959999999,Bhaktapur durbar square,1
ChIJT3EKOFcF6zkRswPXMh2gGuY,clinic,Khwopa Diagnostic centre kamalbinayak bhaktapur,medical_clinic,27.671771000000003,85.43804689999999,Bhaktapur durbar square,1
ChIJcdRnvnob6zkRtxtXmUp1o08,clinic,"Binayak Optical | Best Place for Eye Care & Stylish Sunglasses, Frame",medical_clinic,27.6647816,85.4223875,Bhaktapur durbar square,1
ChIJ4xkVQIQZ6zkR-BdK7N6mcbA,clinic,Khwopa Optical and Eye clinic,medical_clinic,27.6734813,85.4379826,Bhaktapur durbar square,1
ChIJQXQYAKIb6zkRammxVNN4YmQ,clinic,Nawadurga Dental Clinic | Dentist in Bhaktapur,dental_clinic,27.6756978,85.4372217,Bhaktapur durbar square,1
ChIJV0Wy0Twb6zkRRez6HD7dNQo,clinic,"Total Care Dental Clinic, Chyamasingh - 8, Bhaktapur",dental_clinic,27.6721053,85.438352,Bhaktapur durbar square,1
ChIJ0QP-IAAb6zkREAuYvVVlPg0,clinic,Simrik Dental Clinic,dental_clinic,27.6768195,85.4371098,Bhaktapur durbar square,1
ChIJhVfg07Ia6zkRBqh4LTfk0v0,clinic,Paramjyoti International Pvt. Ltd,medical_clinic,27.6766688,85.4372343,Bhaktapur durbar square,1
ChIJ5V0Hzpgb6zkRFYPw6J5I2a8,clinic,Khwopa Pharmacy and Clinic (खोपो फार्मेसी एन्ड क्लिनिक),medical_clinic,27.6768323,85.43714399999999,Bhaktapur durbar square,1
ChIJiV3txZkb6zkRuxnRmXYLJpA,clinic,National Eye Clinic Optical,medical_clinic,27.6769018,85.43710039999999,Bhaktapur durbar square,1
ChIJH7m_1rIa6zkRsLfjoMI2ubc,clinic,Trishakti Hardware Center,dental_clinic,27.6768228,85.437164,Bhaktapur durbar square,1
ChIJdXY0rjMb6zkRq1YZ74AJPuQ,clinic,Bhaktapur Health Concern Pvt. LTD. (Kamalbinayak Branch),medical_clinic,27.6769675,85.4370704,Bhaktapur durbar square,1
ChIJp0dOgmQb6zkRKcuQwm7ANmk,clinic,Om Dental and Implant Centre ( ओम डेन्टल एन्ड इम्प्लन्ट सेन्टर),dental_clinic,27.6638741,85.4220527,Bhaktapur durbar square,1
ChIJ____G1MF6zkRRIfwbOzOc1c,clinic,Harina Medico clinic,medical_clinic,27.6709633,85.4391693,Bhaktapur durbar square,1
ChIJrRM6ED0F6zkRzTjm3cesVXM,clinic,"Total Care Dental Clinic ,Jagati -8 Bhaktapur",dental_clinic,27.6662253,85.4374213,Bhaktapur durbar square,1
ChIJE7a5Mqsa6zkRnAYk8zapjNo,clinic,Bhaktapur Swastha Clinic,dental_clinic,27.6661939,85.4375827,Bhaktapur durbar square,1
ChIJJWwpJwAF6zkRHMQAzpulgdk,clinic,Devaki Physiotherapy And Rehabilitation Centre Pvt Ltd,medical_clinic,27.6739544,85.439454,Bhaktapur durbar square,1
ChIJSQYbNgAF6zkRpx50a6h104A,clinic,Smile Tech Dental clinic,dental_clinic,27.673635200000003,85.43953470000001,Bhaktapur durbar square,1
ChIJZYWGfccF6zkRIbppuQ4VDL0,clinic,"Dentocare Nepal Dental Clinic, Kamalbinayak branch",dental_clinic,27.6777323,85.437725,Bhaktapur durbar square,1
ChIJNepe5iEF6zkRVcy0MuIzEk4,clinic,Namaste Khwopa Physiotherapy Clinic,medical_clinic,27.6728628,85.4396822,Bhaktapur durbar square,1
ChIJN4EFTgAF6zkR7WmsOXk7xBA,clinic,Vision Optical,medical_clinic,27.6739403,85.4395765,Bhaktapur durbar square,1
ChIJKQpGOecF6zkRGyb8gquR4oQ,clinic,Dental Clinic,dental_clinic,27.6777758,85.4378766,Bhaktapur durbar square,1
ChIJHRvXyVEF6zkRR7Cnh-ncR50,clinic,Milestone Health Clinic,medical_clinic,27.673548800000003,85.4401733,Bhaktapur durbar square,1
ChIJfZWaBAAF6zkRMTWDVUJw-3U,clinic,Milestone dental clinic,dental_clinic,27.6737075,85.44024600000002,Bhaktapur durbar square,1
ChIJcTtKu6IF6zkRf5T1Ja2-TkU,clinic,Mediland dental clinic,dental_clinic,27.6778279,85.43869459999999,Bhaktapur durbar square,1
ChIJ9ZQwJwAF6zkRBPIIV3SJef8,clinic,Re-Smile Dental Clinic,dental_clinic,27.6781639,85.4386877,Bhaktapur durbar square,1
ChIJhZr4fp4b6zkRWWv9x5zUGhI,clinic,Jhaukhel Clinic,medical_clinic,27.6841433,85.43035119999999,Bhaktapur durbar square,1
ChIJAUhosLoF6zkREATisPnXqeo,clinic,Barahi dental clinic,dental_clinic,27.6739362,85.441863,Bhaktapur durbar square,1
ChIJoZHYsioF6zkRJUFqhbCgG0Q,clinic,Khwopa tilganga optical Kamalbinyak,medical_clinic,27.6782922,85.44083979999999,Bhaktapur durbar square,1
ChIJS1R1SukF6zkRBadfhrxwhv0,clinic,Alfa Dental Home,dental_clinic,27.678437,85.44122250000001,Bhaktapur durbar square,1
ChIJcecNAwAb6zkRczgbRulAkfU,college,Ashmi tamang,university,27.670994,85.4298429,Bhaktapur durbar square,1
ChIJidVWImMb6zkRnG7hpj7ym-4,college,Education minister science and technology,university,27.6709939,85.4298429,Bhaktapur durbar square,1
ChIJUXgYTzob6zkRqbMQpYx_d_s,college,Silwal house near SS college,university,27.6709939,85.4298429,Bhaktapur durbar square,1
ChIJCbvHU6ka6zkR_rExav66IhA,college,Aadarsha Azad College,university,27.6679931,85.4319817,Bhaktapur durbar square,1
ChIJLf1wj_Ub6zkRPgJURtnrzCw,college,BMC BBA Block,university,27.6698504,85.4218693,Bhaktapur durbar square,1
ChIJYeQVlaMa6zkRHSx4RwGKG4o,college,Bhaktapur Multiple Campus,university,27.6698151,85.4214853,Bhaktapur durbar square,1
ChIJK9MDEFgb6zkR7kefJe-PIYA,college,BMC Computer and Science Office,university,27.6689445,85.421577,Bhaktapur durbar square,1
ChIJk31VcQAb6zkR9kWnaqQlX4o,college,स्व.वि.यु भवन,university,27.6697991,85.4209875,Bhaktapur durbar square,1
ChIJS_E-WtQb6zkR5Cp3sy1k7HI,college,BMC Bsc. Csit Block,university,27.6688451,85.4213352,Bhaktapur durbar square,1
ChIJl3Acy6Ab6zkRSkeMOLb4YVc,college,BMC BBM/BIM/BCA Block,university,27.6697816,85.42060959999999,Bhaktapur durbar square,1
ChIJk2njFj0b6zkR-seTMv_K460,college,Khwopa College (TU Affiliated),university,27.678014,85.4324319,Bhaktapur durbar square,1
ChIJa7cUjVob6zkRH2taVUkhBuo,college,Iwamura College of Health Science (Nursing Unit),university,27.6649571,85.4259719,Bhaktapur durbar square,1
ChIJlefudkcb6zkRhwVqsXJYRrA,college,Nepal Innovation Centre,university,27.6709235,85.4363431,Bhaktapur durbar square,1
ChIJy7PPEAAb6zkRt5tuX1oK0Os,college,BMC Basketball Court,university,27.668975,85.4203313,Bhaktapur durbar square,1
ChIJ6ce1ynQb6zkRMQ52Miyy4w4,college,ICH COLLEGE [INSTITUTE OF COMMUNITY HEALTH],university,27.6703725,85.41958020000001,Bhaktapur durbar square,1
ChIJVVWF6rIa6zkR7Y2LI8y9REM,college,Saraswathi Vidyagraha,university,27.6757599,85.4362276,Bhaktapur durbar square,1
ChIJDxp5XAAF6zkRjuenoSqarQg,college,Khec library,university,27.6709871,85.4392,Bhaktapur durbar square,1
ChIJY1D0G1MF6zkRzKE-mg7nye4,college,Khwopa College of Engineering,university,27.6709871,85.4392,Bhaktapur durbar square,1
ChIJC4GYbE0F6zkRfGQY-AhNDts,college,Bagiswori College,university,27.675307,85.4390974,Bhaktapur durbar square,1
ChIJG-aj9FIF6zkRk8WQaWFyVbs,college,Neo Fusion Computer Institution,university,27.6727413,85.43983659999999,Bhaktapur durbar square,1
ChIJSa0UHFMF6zkR3HjEKS3H2K0,college,Khwopa Engineering College(Block A),university,27.67096,85.4399895,Bhaktapur durbar square,1
ChIJt5yYzpka6zkRHIanOoWiUI4,college,Sainik School for Bachelor Studies,university,27.6727143,85.414011,Bhaktapur durbar square,1
ChIJH6X2kRIR6zkRingYCWvu7aA,college,PATHIBHARA TUITION AND COMPUTER INSTITUTE,university,27.6625397,85.4376381,Bhaktapur durbar square,1
ChIJO_j-mCMb6zkRWGQReFFjI6E,hospital,Rajendra suwal,hospital,27.6709939,85.4298429,Bhaktapur durbar square,1
ChIJh6mjnxIb6zkRzMEDzlI0ASY,hospital,Janta Clinic Pathology,hospital,27.6709939,85.4298429,Bhaktapur durbar square,1
ChIJRdQOvg0b6zkRQBvZt3vlFKY,hospital,amar sanjivini,medical_center,27.6709939,85.4298429,Bhaktapur durbar square,1
ChIJkTy_TAAb6zkRBI3NEPi0whY,hospital,UHC BYASI,medical_center,27.6740775,85.429153,Bhaktapur durbar square,1
ChIJpxJF-q4a6zkRU3sfq5B4Jmo,hospital,जनस्वास्थ्य सेवा केन्द्र,medical_center,27.6705363,85.4303762,Bhaktapur durbar square,1
ChIJbQAAOaUa6zkRRYgyygD4MTQ,hospital,Laxmi optical,hospital,27.672638600000003,85.425015,Bhaktapur durbar square,1
ChIJu-HrSQAb6zkRNLNYdhKCLBA,hospital,Sukhi paribar hospital,hospital,27.6748464,85.42730979999999,Bhaktapur durbar square,1
ChIJb1xYPQAb6zkRB3rnMaxuwnc,hospital,Ayu Pharmacy,medical_center,27.6748464,85.42730979999999,Bhaktapur durbar square,1
ChIJuSMFgsob6zkRMiv9M_9Nlgk,hospital,National Center for Rheumatic Diseases,hospital,27.6714791,85.4241699,Bhaktapur durbar square,1
ChIJO7sf3qUa6zkRo-tqcGYxWx0,hospital,Tathali Health Post,hospital,27.6680403,85.42616129999999,Bhaktapur durbar square,1
ChIJ9V2zkoUb6zkRdBsk6DBdTTQ,hospital,Dr.Lalpathlabs CC Bhaktapur,hospital,27.6732109,85.42276450000001,Bhaktapur durbar square,1
ChIJV2fYcgAb6zkR31s9dUCjT84,hospital,Medico Sewa Pharmacy,medical_center,27.6710756,85.4224496,Bhaktapur durbar square,1
ChIJMSrsWaMa6zkR8Q9vJt1c1e0,hospital,Human Organ Transplant Centre (Shahid Dharma Bhakta Hospital),hospital,27.6726092,85.4223054,Bhaktapur durbar square,1
ChIJRT5cCQAb6zkRcQCjaDVURYI,hospital,Khancha Health Post,medical_center,27.6714812,85.4340587,Bhaktapur durbar square,1
ChIJEcoScwAb6zkRQCQcPQ7Dnxw,hospital,Bhaktapur Hospital,hospital,27.6725668,85.4221436,Bhaktapur durbar square,1
ChIJzwOjXqMa6zkRdEpmL-gU1S0,hospital,Bhaktapur Hospital भक्तपुर अस्पताल,hospital,27.6719188,85.42203169999999,Bhaktapur durbar square,1
ChIJE9wz410b6zkR43UyMGItdB0,hospital,Koju Ayurveda Pharma PILES PATHARI UPACHAR KENDRA,hospital,27.6717015,85.4219782,Bhaktapur durbar square,1
ChIJjQOxAawa6zkR3c8cByBgaK4,hospital,Siddhi Memorial Women and Children Hospital,hospital,27.6683346,85.43268619999999,Bhaktapur durbar square,1
ChIJH9H5aawa6zkRH_JxgVvJvcA,hospital,Charity Donation Department,hospital,27.6696888,85.4339208,Bhaktapur durbar square,1
ChIJH1OmfgAb6zkRIDrVKHfGe74,hospital,Bekhal Health Post,medical_center,27.6759951,85.4335828,Bhaktapur durbar square,1
ChIJr_ujm3kb6zkRqkblvDmYZzc,hospital,Urban Vogue Nepal,medical_center,27.6652214,85.42753979999999,Bhaktapur durbar square,1
ChIJ3VJxOb0b6zkRedM2c8my2S8,hospital,Siddhi Pathology Lab,hospital,27.6655012,85.42466809999999,Bhaktapur durbar square,1
ChIJNUE7BHUb6zkRTiXqRE3G9no,hospital,chandeshwori health care pvt.ltd.,hospital,27.6701412,85.42022089999999,Bhaktapur durbar square,1
ChIJyT8OOQAb6zkRvUeHcvE0Pn0,hospital,Sipadol medical hall,medical_center,27.6662112,85.43299189999999,Bhaktapur durbar square,1
ChIJ7a996aYa6zkRedicDkt0vaI,hospital,Malla Medical,pharmacy,27.666033,85.4234852,Bhaktapur durbar square,1
ChIJrQuYq6ca6zkR3sF-3oh52pQ,hospital,Suryabinayak Polyclinic,hospital,27.664818200000003,85.425057,Bhaktapur durbar square,1
ChIJQ2Ckxy4b6zkRXTw8CI2tkNc,hospital,Rasila Medical Shop,medical_center,27.6676503,85.4355989,Bhaktapur durbar square,1
ChIJpVOOzjkb6zkRRHmMJVYWhQQ,hospital,Bhaktapur Physiotherapy Clinic,hospital,27.6691227,85.4376187,Bhaktapur durbar square,1
ChIJacH6vwkb6zkRX_Q0wYPhRIA,hospital,Suryabinayak Municipal Hospital,hospital,27.6654523,85.435313,Bhaktapur durbar square,1
ChIJaUHhA3Eb6zkRR5z_tc5h3Is,hospital,Chaangu Narayan Polyclinic,medical_center,27.6668117,85.4366264,Bhaktapur durbar square,1
ChIJiTleQwAb6zkRtY1FFV99WzY,hospital,Madceare pharmacy,medical_center,27.6641107,85.42201039999999,Bhaktapur durbar square,1
ChIJIRHFYAAb6zkRNy9OwpLMF6o,hospital,Pandubazar Bhaktapur,medical_center,27.6640724,85.42171789999999,Bhaktapur durbar square,1
ChIJfQLCsLsa6zkR5k2_nxjxro0,hospital,"Khwopa Tilganga Eye Hospital, Bhaktapur",hospital,27.6735799,85.4391378,Bhaktapur durbar square,1
ChIJXQPeFMcF6zkRF6OLHjJyswk,hospital,Khwopa Hospital,hospital,27.6742045,85.4390592,Bhaktapur durbar square,1
ChIJjxPS5aUb6zkRvhe5AWGZbCM,hospital,Spark Ortho Neuro Center,hospital,27.6659344,85.41921579999999,Bhaktapur durbar square,1
ChIJ6YTapC0F6zkRtHXuz86q0yU,hospital,Smarika Pharmacy,medical_center,27.6665881,85.43769929999999,Bhaktapur durbar square,1
ChIJZ9-b_OYF6zkR9ynfsl_noUg,hospital,Shubhalav Healthcare,medical_center,27.6755978,85.4393388,Bhaktapur durbar square,1
ChIJOTdFHQAb6zkRIKs3VXSI11Q,hospital,THEENG PHARMACY,medical_center,27.6646266,85.41921579999999,Bhaktapur durbar square,1
ChIJg0RWtTgF6zkRgbNt46iID4I,hospital,Janani Medical Hall,medical_center,27.6656225,85.43886169999999,Bhaktapur durbar square,1
ChIJpdaX0pga6zkRJDFDIfIokV0,hospital,dakoju Polyclinic,medical_center,27.6677548,85.4148731,Bhaktapur durbar square,1
ChIJKbkdwOob6zkR2XeR0DS84V8,mall,Tah Pukhu Groceries,shopping_mall,27.6710639,85.4281955,Bhaktapur durbar square,1
ChIJqTwusa8a6zkR5tR-MYHEnOc,mall,Sarada Pashmina Showroom,shopping_mall,27.6721116,85.42939299999999,Bhaktapur durbar square,1
ChIJv1eOeK8a6zkRnlM6K1bcYV0,mall,Changu Narayan Handicraft,shopping_mall,27.6708926,85.4276933,Bhaktapur durbar square,1
ChIJX3hHsa8a6zkRBPICodvq1K4,mall,Bishnu Handicrafts & Antiques,shopping_mall,27.6720727,85.4294874,Bhaktapur durbar square,1
ChIJFbQEU64a6zkRRPtvZeJ51ZU,mall,Laxmi Metal Store,shopping_mall,27.6716636,85.4294522,Bhaktapur durbar square,1
ChIJcRPgg3Ab6zkRGRFWlaIOAT8,mall,Gifts from Nepal,shopping_mall,27.6709939,85.4298429,Bhaktapur durbar square,1
ChIJP6WoM6Ib6zkR3hkq74yCkGI,mall,Bhomi Special Khuwa Kulfi,shopping_mall,27.6727855,85.4260845,Bhaktapur durbar square,1
ChIJKS6b-a4a6zkRbon8HC6Cbvs,mall,Bhagawati Jutta Pasal,shopping_mall,27.6707418,85.43028699999999,Bhaktapur durbar square,1
ChIJXW2MCaUa6zkRjvzT_I0Rs3Q,mall,R.R. Thread Shop,shopping_mall,27.6709766,85.4255599,Bhaktapur durbar square,1
ChIJnWECSwAb6zkRbSw3bag1pzs,mall,"Sashish Home ,Shree Barahi dahi vandar",shopping_mall,27.6707789,85.4255271,Bhaktapur durbar square,1
ChIJR9ggpKUa6zkRKMnZWsCWL-Q,mall,Amar Kirana Store,shopping_mall,27.6705042,85.4255301,Bhaktapur durbar square,1
ChIJVVVVYa4a6zkR2gEhv33tfU0,mall,Brass And Copper Antique Goods,shopping_mall,27.6714414,85.4313779,Bhaktapur durbar square,1
ChIJF0Br5Q8b6zkR_WJj2butr80,mall,blessing collectin center,shopping_mall,27.6685263,85.4277697,Bhaktapur durbar square,1
ChIJW6bGdK4a6zkRNeE7YwVtLfc,mall,Kritika Store,shopping_mall,27.6724978,85.43217659999999,Bhaktapur durbar square,1
ChIJiUMUSrAa6zkRJ19xtq4fz60,mall,Ma Kumari Hardware,shopping_mall,27.6754078,85.42963429999999,Bhaktapur durbar square,1
ChIJt7kTzKUa6zkRSSc7sx3nWgE,mall,Shree Barahi Ajima Enterprises,shopping_mall,27.6689485,85.42491059999999,Bhaktapur durbar square,1
ChIJW6hVra4a6zkRQZttJbISrDY,mall,Himat Books station,shopping_mall,27.6681127,85.4316551,Bhaktapur durbar square,1
ChIJZ3omCDUb6zkRFd5CmxlYSYk,mall,Ranjana Fancy Collection,shopping_mall,27.6670271,85.4270279,Bhaktapur durbar square,1
ChIJ6Xf5714b6zkRTzmDeaHs2tY,mall,Ram Devi Complex,shopping_mall,27.6672491,85.42602079999999,Bhaktapur durbar square,1
ChIJyeamQK8b6zkR3SXUk9IgdNA,mall,LAXMI STORE @ Kalopati,shopping_mall,27.6755767,85.42366659999999,Bhaktapur durbar square,1
ChIJ87OilR4b6zkRmavaAoq61NQ,mall,Suryabinayak Furniture,shopping_mall,27.6666402,85.4256089,Bhaktapur durbar square,1
ChIJXWK3mhYb6zkRwFI6sQUqPsA,mall,The Comfort Zone,shopping_mall,27.6665902,85.4256159,Bhaktapur durbar square,1
ChIJ1YR7ObIa6zkRNyte3vsc9OE,mall,Mahalaxmi Store,shopping_mall,27.676046,85.4333489,Bhaktapur durbar square,1
ChIJo2k9RqYa6zkRx_XBts71WDQ,mall,Suryabinayak Electronics,shopping_mall,27.6659466,85.4257329,Bhaktapur durbar square,1
ChIJJTvlw6Ya6zkRDEEJMfS3ito,mall,PM Store,grocery_store,27.6654806,85.4229866,Bhaktapur durbar square,1
ChIJwQWSPwAb6zkRrBxkVEqn9Q8,mall,Deepti Khadhyanna Store,grocery_store,27.6643895,85.4242039,Bhaktapur durbar square,1
ChIJwTuzF3Eb6zkRFIhHmik2N-c,mall,Nagarkoti Complex,shopping_mall,27.664554,85.422449,Bhaktapur durbar square,1
ChIJMTuyP6sa6zkRJlwzVq2HCPg,mall,Jay Sambhu Dahi Pasal,shopping_mall,27.6666997,85.4363505,Bhaktapur durbar square,1
ChIJFy84JgAb6zkRMK4i9mFYScs,mall,Yunisha Fancy Store,shopping_mall,27.6676566,85.437087,Bhaktapur durbar square,1
ChIJgUueJy0b6zkRzlAoj33zfL4,mall,Krishna Bazaar Jagati,shopping_mall,27.6677597,85.4372839,Bhaktapur durbar square,1
ChIJKXs38okb6zkRDHv5xjptnOY,mall,Surya Home Appliances,shopping_mall,27.6638848,85.4229972,Bhaktapur durbar square,1
ChIJO__5GKEa6zkRSCCrjdW9Fiw,mall,Chhatra Kirana Store,shopping_mall,27.665337800000003,85.4206884,Bhaktapur durbar square,1
ChIJZe0WzqAa6zkRjBm6G-9njkE,mall,Unique Mini Store,shopping_mall,27.6640406,85.4217108,Bhaktapur durbar square,1
ChIJ4Twta8oF6zkRGaN9gXRqyZQ,mall,Khusi Plaza Bhaktapur,shopping_mall,27.6731138,85.4392951,Bhaktapur durbar square,1
ChIJwx7rkw4F6zkRy6bxwRvHhN4,mall,Lila Laxmi Store (Ladies and Gents Collection),shopping_mall,27.6736586,85.4397936,Bhaktapur durbar square,1
ChIJaVjCQfwF6zkR9xc6TMFey9k,mall,Bramhayani Market,shopping_mall,27.6731307,85.4400601,Bhaktapur durbar square,1
ChIJ018ZBhoF6zkRZBXEmawnPyM,mall,Aasa store,shopping_mall,27.6658323,85.4385526,Bhaktapur durbar square,1
ChIJE7jUXEwF6zkRnfISBxxdNzc,mall,Khoteja Store,shopping_mall,27.6783905,85.4397931,Bhaktapur durbar square,1
ChIJ-WBQPp4F6zkRC_X0xeDZMWU,mall,Mata dakshinkali store,shopping_mall,27.6784776,85.44005899999999,Bhaktapur durbar square,1
ChIJU_ORVQAR6zkRBMuQKG62Veo,mall,Rani Kirana passl,shopping_mall,27.6625397,85.4376381,Bhaktapur durbar square,1
ChIJ5WAVVdEb6zkRHGDK48f1psg,office,Hyaunmikha poultry Traders,corporate_office,27.6711163,85.4288586,Bhaktapur durbar square,1
ChIJW8xuBwAb6zkRK_kLvA1CQ7k,office,Gayatri office,corporate_office,27.670994,85.4298429,Bhaktapur durbar square,1
ChIJoXT-1lQb6zkRTQ5dtWdoC2c,office,A.B. Furniture,corporate_office,27.6709939,85.4298429,Bhaktapur durbar square,1
ChIJqVotBrEb6zkRJVhucod4Ja0,office,Deepak sunar,corporate_office,27.6709939,85.4298429,Bhaktapur durbar square,1
ChIJGxKaDvMb6zkRCxaPtpmJpkY,office,कल कल ग्रुप प्रा. लि..,corporate_office,27.673872900000003,85.4272013,Bhaktapur durbar square,1
ChIJnX2-qroa6zkRouPY7XsWCu4,office,Santulit dana udhyog,corporate_office,27.6739074,85.4271682,Bhaktapur durbar square,1
ChIJTXzxq7oa6zkReZ0BeqYcYZQ,office,Khwopa Feed Pvt. Ltd.,corporate_office,27.6738722,85.4269281,Bhaktapur durbar square,1
ChIJxXCDcAAb6zkRMo3g2OfJX5Q,office,Boktupur.santir hat,corporate_office,27.674766,85.42739790000002,Bhaktapur durbar square,1
ChIJfyuXGgAb6zkRmFCtBXNyRBE,office,Lokeshwor SACCOS,corporate_office,27.6726922,85.42498309999999,Bhaktapur durbar square,1
ChIJZxSpGwAb6zkRaK0hIJNWgUU,office,Prabesh phuyal,corporate_office,27.6748464,85.42730979999999,Bhaktapur durbar square,1
ChIJj3Uh57ob6zkRFfV4t75p4Hc,office,Cosmic Saving & Credit Co-opt.Ltd.,corporate_office,27.6728794,85.4249373,Bhaktapur durbar square,1
ChIJU47gBK4a6zkR3sJE3eBFdrA,office,Bhaktapur Chess Association,corporate_office,27.6734914,85.4318383,Bhaktapur durbar square,1
ChIJhRde_DEZ6zkRyvoKtzGNsEs,office,Pixel Production Nepal,corporate_office,27.674592,85.4251421,Bhaktapur durbar square,1
ChIJR89vf64a6zkReC1_9Wqbopk,office,Jayabhimsen Saccos,corporate_office,27.6713823,85.43235849999999,Bhaktapur durbar square,1
ChIJc0PZOvAb6zkRBeCjpnvWMA8,office,Sunibha,corporate_office,27.6718626,85.4324705,Bhaktapur durbar square,1
ChIJr0P18LEa6zkRyx8_diAcS_0,office,Shramajivi Saving & Credit Co-operative Limited,corporate_office,27.6747205,85.43187309999999,Bhaktapur durbar square,1
ChIJNTeDAbIa6zkRyIZNk6WZPTo,office,"Laxmi Chiura Udhog, Jatti Chiura",corporate_office,27.6742975,85.4326103,Bhaktapur durbar square,1
ChIJP1oWsKQa6zkR3NbkFL22Rgw,office,NEA (Bhaktapur Distribution Center),corporate_office,27.6732481,85.4227482,Bhaktapur durbar square,1
ChIJ57kuPwAb6zkRzISikwvWbKI,office,JANASMRITI SACOOS,corporate_office,27.6754929,85.42414199999999,Bhaktapur durbar square,1
ChIJ1af_hyYb6zkRmBoPkYjmDio,office,Barahipeeth,corporate_office,27.6674862,85.4252752,Bhaktapur durbar square,1
ChIJCS2fBvEb6zkRSpYQYNQcxAY,office,Siddhi Ganesh Press,corporate_office,27.673057,85.4340745,Bhaktapur durbar square,1
ChIJGWyVlK0a6zkRANfu4XBzXRA,office,Siddhi Ganesh Saving & Credit Co-operative,corporate_office,27.6732523,85.4340823,Bhaktapur durbar square,1
ChIJz38Tuq0a6zkRSsFbJ4TBLR0,office,Trekking House Pvt. Ltd,corporate_office,27.6719121,85.43426989999999,Bhaktapur durbar square,1
ChIJ390Vm6cb6zkR5OIUuDrXRQs,office,JuJu Event Pvt. Ltd.,corporate_office,27.6752432,85.43318359999999,Bhaktapur durbar square,1
ChIJKRU54WUb6zkRrmiWr1E41DQ,office,NEFSCUN Suryabinayak Sewa Kendra,corporate_office,27.666552300000003,85.4272409,Bhaktapur durbar square,1
ChIJSYqe114b6zkRCLuYgWNMFic,office,Sanchit saving & cerdit co-operative ltd.,corporate_office,27.66626,85.4283983,Bhaktapur durbar square,1
ChIJzQ1JlKYa6zkRs68X15GjdXA,office,BIT Solutions,corporate_office,27.6661054,85.4252669,Bhaktapur durbar square,1
ChIJESNOwRwb6zkRrkcOAYUHScA,office,Nawal Cooperative,corporate_office,27.6668303,85.4327164,Bhaktapur durbar square,1
ChIJu6XmDgAb6zkRFEASkcH63fI,office,Dati Bhaila Multipurpose Pvt. Ltd.,corporate_office,27.6682876,85.421632,Bhaktapur durbar square,1
ChIJCWsEAKka6zkR9g0Rp_imqdc,office,National Microfinance Bittiya Sanstha Limited,corporate_office,27.6651343,85.42992989999999,Bhaktapur durbar square,1
ChIJz8Y2r6ca6zkRSgW_0h--iJk,office,Griha Saving and Credit Co-operative Ltd.,corporate_office,27.6654504,85.42469729999999,Bhaktapur durbar square,1
ChIJb7jUXpIb6zkR1OiItW9Qkzs,office,Sahridayata Society Nepal,corporate_office,27.676665,85.4349201,Bhaktapur durbar square,1
ChIJ9cvf0aYa6zkRes-XHqX2Euw,office,Instant Service Pvt. Ltd,corporate_office,27.6660462,85.42254249999999,Bhaktapur durbar square,1
ChIJx1lVcJAb6zkRFwmHZI36vgo,office,Subhakamana Saving & Credit Co-operative Ltd. (Head Office),corporate_office,27.6645003,85.4252235,Bhaktapur durbar square,1
ChIJVXjsSgAb6zkR0CZ0Ah8Yx0g,office,Maheswaristhan,corporate_office,27.6709461,85.4371638,Bhaktapur durbar square,1
ChIJx28rZNsb6zkRHm2ZTzv0Qy8,office,himalayan saving and credit co operative bhaktapur,corporate_office,27.664163,85.4258607,Bhaktapur durbar square,1
ChIJlX-VVqYa6zkREVQkBSpZveA,office,Siddhilaxmi Co-operative Ltd,corporate_office,27.663995900000003,85.4261339,Bhaktapur durbar square,1
ChIJI-I_2kAb6zkRfg7mMZHiyvM,office,Dattatraya Design Prepress,corporate_office,27.667174,85.4360038,Bhaktapur durbar square,1
ChIJYbWJDQAb6zkRl0j8gxlVuC0,office,Milestone Software Pvt ltd,corporate_office,27.6636375,85.4261406,Bhaktapur durbar square,1
ChIJh7-Xh7Ub6zkRpQovnv7J5e0,office,Dreamy Destiny,corporate_office,27.6772118,85.4359751,Bhaktapur durbar square,1
ChIJ2xB_STwb6zkR2UuQ-EUBJcc,office,Ryams Eecovan,corporate_office,27.6759635,85.4368661,Bhaktapur durbar square,1
ChIJo0ABGwAb6zkRjNut_PLdM3w,office,Shreem Infotech Private Limited,corporate_office,27.6657448,85.42125039999999,Bhaktapur durbar square,1
ChIJXcsfmAYb6zkRMLsf5IZ1BX0,office,Nabin Agriculture Co-Operative Ltd,corporate_office,27.6671827,85.4363367,Bhaktapur durbar square,1
ChIJqarRDz4F6zkR-AoPpTZk8_c,office,Better Livings Pvt. Ltd,corporate_office,27.671771000000003,85.43804689999999,Bhaktapur durbar square,1
ChIJ-zpTxq0b6zkRElQ-5FAzUvc,office,Katunje sahakari Ltd.,corporate_office,27.66578,85.42097100000001,Bhaktapur durbar square,1
ChIJv1weAIgF6zkRWBYV3-ZcTtw,office,Techno Smart Nepal Pvt. Ltd.,corporate_office,27.6751638,85.43756379999999,Bhaktapur durbar square,1
ChIJgYEMHKMb6zkR23A7tBKWkQA,office,KEDAR Furniture,corporate_office,27.680984,85.42741889999999,Bhaktapur durbar square,1
ChIJyWDgkpQF6zkRfBf48jMoFLQ,office,ExploreIT,corporate_office,27.6715374,85.43832789999999,Bhaktapur durbar square,1
ChIJo1ir-C8b6zkR7_gMfc6tgEE,office,Nepal Hand Knit,corporate_office,27.6644357,85.4337628,Bhaktapur durbar square,1
ChIJ3Qi-h5cF6zkRpBYNubd4SoU,office,Samikshyasoft Pvt. Ltd.,corporate_office,27.6756165,85.4375879,Bhaktapur durbar square,1
ChIJ1443grwb6zkREKfCDCHHeSw,office,Brothers Recondition Hub(Bro Enterprises),corporate_office,27.6665746,85.41950589999999,Bhaktapur durbar square,1
ChIJ17FcuKgb6zkRhWhl5hZLsgo,office,Sainik school Bursar Office,corporate_office,27.6710108,85.41750789999999,Bhaktapur durbar square,1
ChIJmeykDqEa6zkRDs875y83kGE,office,Chautari Saving and Credit Co-operative,corporate_office,27.6659273,85.41981439999999,Bhaktapur durbar square,1
ChIJ-d0T2lIF6zkRcqBH_WWGdOI,office,Synergetic Erca Consulting Pvt. Ltd,corporate_office,27.6718681,85.43894019999999,Bhaktapur durbar square,1
ChIJ08U3qtIF6zkRsW6UgQV-HBQ,office,milan's home,corporate_office,27.6709633,85.4391693,Bhaktapur durbar square,1
ChIJq6qqpqEa6zkRYIaLyMdpdzI,office,Himal Complex,corporate_office,27.665923300000003,85.4192104,Bhaktapur durbar square,1
ChIJF8RJa1MF6zkRLAoz0SdCIkQ,office,S.P Handicraft Export & Import,corporate_office,27.6698329,85.4390923,Bhaktapur durbar square,1
ChIJAUUYw1IF6zkRYWXESbSixDI,office,Karuna Suppliers,corporate_office,27.6699689,85.4391716,Bhaktapur durbar square,1
ChIJTxrU6x0F6zkRnpPVVYzdyYI,office,Anusewak Multipurpose Saving & Credit Cooperative,corporate_office,27.6736125,85.4393594,Bhaktapur durbar square,1
ChIJP82ORwAF6zkRGyXM3-fm4OQ,office,Aayansh Investment &Trade Hub pvt.ltd,corporate_office,27.6740502,85.43947709999999,Bhaktapur durbar square,1
ChIJPehyVlIF6zkREqWSJD87TIk,office,Laxmi Wood Curving,corporate_office,27.6717671,85.4402222,Bhaktapur durbar square,1
ChIJX297B5ca6zkRQesPKtFbmEo,office,Surya Wood Carving & Furnitures,corporate_office,27.6758305,85.4167633,Bhaktapur durbar square,1
ChIJCZ3jAkEF6zkRQepOOgArHPE,office,ACCESS REAL ESTATE,corporate_office,27.6760948,85.439359,Bhaktapur durbar square,1
ChIJ0eYZD00F6zkRxYhTB8Xrcow,office,Siddhi Ganesh Service Centre KamalBinayak,corporate_office,27.6763367,85.4397461,Bhaktapur durbar square,1
ChIJBYkKejEF6zkRrVgj-srycWA,office,Yatu Ganesh Sewkendra,corporate_office,27.6763367,85.4397461,Bhaktapur durbar square,1
ChIJUYWLE3IF6zkRJxrB6GyLSEU,office,Jay Seramankali Real Estate Company Pvt. Ltd.,corporate_office,27.666147,85.4389224,Bhaktapur durbar square,1
ChIJx65HMwAF6zkR0HbxAYhY6P8,office,Haratimata Developer’s,corporate_office,27.675574,85.440359,Bhaktapur durbar square,1
ChIJ7ydNvsUF6zkRtaP9xTx7bRA,office,Suwal lekhapadi,corporate_office,27.6753973,85.4406444,Bhaktapur durbar square,1
ChIJXwqGkWkF6zkR03vJ_iJVXqI,office,GarudKunda Lekhapadhi,corporate_office,27.6752147,85.4408897,Bhaktapur durbar square,1
ChIJzdK7UAAF6zkRUJ8fG3eQ5ao,office,Bhaktapur,corporate_office,27.6757262,85.4407691,Bhaktapur durbar square,1
ChIJI63JaJAF6zkRZcqsIRD0lW8,office,Anantalingeswor Lekhapadi,corporate_office,27.6757658,85.4410601,Bhaktapur durbar square,1
ChIJKTyTQQAF6zkRo1_cBchmfrc,office,Innovative law chamber,corporate_office,27.6739625,85.4418594,Bhaktapur durbar square,1
ChIJ38TTIj0F6zkRsE0sEv7m3-w,office,Sagacity Engineering consultant,corporate_office,27.6757912,85.4415382,Bhaktapur durbar square,1
ChIJs5sKPscF6zkR-dt3whLWHFg,office,Aaramva Trade Online Shopping Pvt. Ltd.,corporate_office,27.6738219,85.4423266,Bhaktapur durbar square,1
ChIJ2QhJHAAF6zkRievpkRkXTX8,office,Everest Banke Ltd.,corporate_office,27.6783263,85.44063829999999,Bhaktapur durbar square,1
ChIJAYPbRzoF6zkR-hIthEbPD2k,office,Lupa Saving & Credit Cooperative,corporate_office,27.6783222,85.44087329999999,Bhaktapur durbar square,1
ChIJmRBJAQAF6zkR0QSpsFJdD3g,office,Sahayak lekhapadhi sewa,corporate_office,27.6758106,85.44220729999999,Bhaktapur durbar square,1
ChIJg-hSia8a6zkRXjclHq8uIs8,school,Bal Mandir School,primary_school,27.6719265,85.4274701,Bhaktapur durbar square,1
ChIJjUwh768a6zkR_DqR9AVVMME,school,Shree Padma Secondary School,school,27.6727274,85.4273205,Bhaktapur durbar square,1
ChIJEXSTySQb6zkRis6e23VK8qU,school,Jagriti School,school,27.6725807,85.4269453,Bhaktapur durbar square,1
ChIJ9aydSa4a6zkRvgTgUq0G8Dk,school,Vidyarthi Niketan School - Bhaktapur,school,27.6721365,85.42978810000001,Bhaktapur durbar square,1
ChIJE2a20K8a6zkRy0L3p-wfOIM,school,Sharada Secondary School,government_office,27.6734999,85.42913449999999,Bhaktapur durbar square,1
ChIJ_ypnRAAb6zkRsYynabk3aB0,school,Gatthaghar,school,27.6709997,85.4298171,Bhaktapur durbar square,1
ChIJkeVa4d0b6zkRlPnM-VPfvbA,school,Stress Management,school,27.6706528,85.4267196,Bhaktapur durbar square,1
ChIJyzD7BaIb6zkRkXtObSfwox8,school,"Dekocha, Bhaktpur",school,27.670994,85.4298429,Bhaktapur durbar square,1
ChIJB_uij5Yb6zkRsx52jHRaTwo,school,Ramfal medical stores,secondary_school,27.6709939,85.4298429,Bhaktapur durbar square,1
ChIJcfeK-PEb6zkRingHfWqiFzU,school,भागक्य सेकेन्डरी स्कुल,secondary_school,27.6709939,85.4298429,Bhaktapur durbar square,1
ChIJxbiGVKUa6zkR_sQoOsxtQeI,school,Jaycees English School,school,27.6736511,85.4269509,Bhaktapur durbar square,1
ChIJWyyKKF0b6zkRc1PzAoivls8,school,Piano Kotha,school,27.673872900000003,85.4272013,Bhaktapur durbar square,1
ChIJSXVnwdMb6zkReqqSk_5wUQU,school,Baby bunny montessori,preschool,27.6738731,85.4272014,Bhaktapur durbar square,1
ChIJU4Agaa4a6zkRQFXzzHN9KdU,school,Destiny Tuition Centre,school,27.671988,85.4313619,Bhaktapur durbar square,1
ChIJv49-3NAb6zkRQBvlKLbO4Vk,school,ANKUR SHIKSHYALA,preschool,27.6748464,85.42730979999999,Bhaktapur durbar square,1
ChIJh95SZAAb6zkRPogTKqJ9Bpk,school,Pratyusha Kids Zone,school,27.673296,85.4250476,Bhaktapur durbar square,1
ChIJI0JkRwEb6zkRDKHPqAcSlsQ,school,Medha Secondary School,secondary_school,27.6708989,85.4249715,Bhaktapur durbar square,1
ChIJt_Lh_aQa6zkR92kzTUjCDhw,school,Future Star English School,secondary_school,27.6712289,85.4245736,Bhaktapur durbar square,1
ChIJcwWy8KUa6zkR93Q3bSYyN9A,school,Tara Secondary School,school,27.6687839,85.4269626,Bhaktapur durbar square,1
ChIJy0E776Ua6zkR2C312efDzyM,school,श्री जनसेवा प्राथमिक विद्यालय,primary_school,27.6689,85.4263656,Bhaktapur durbar square,1
ChIJpXWpxK4a6zkR7jzjjHt90tc,school,Dyola Primary School,primary_school,27.6691694,85.43047829999999,Bhaktapur durbar square,1
ChIJk8H2KK8a6zkRCmaHHO1MSgQ,school,Shree Bharati Primary School,primary_school,27.6687,85.429643,Bhaktapur durbar square,1
ChIJmdCTU68a6zkRNFdFzgy57hk,school,Shanti Niketan School,primary_school,27.6683452,85.42768360000001,Bhaktapur durbar square,1
ChIJ582MLLsa6zkRZTGlPwovs14,school,Himalayan Glory English School,secondary_school,27.6738973,85.4242467,Bhaktapur durbar square,1
ChIJRWSilpIb6zkR5qoHbSSb-z0,school,Smart Era tution center,educational_institution,27.671739,85.43254089999999,Bhaktapur durbar square,1
ChIJywv0VQAb6zkRpeQD5qoGxB4,school,Shree Basic School श्री आधारभूत विद्यालय,primary_school,27.6734994,85.4324365,Bhaktapur durbar square,1
ChIJafAhT7Aa6zkRe_1nyxv-26k,school,Holy Garden English Secondary School,school,27.675965,85.4294723,Bhaktapur durbar square,1
ChIJhR4_y6Ua6zkR0RT6ti0DjKU,school,Child Heaven Pre-School,preschool,27.6691274,85.4247273,Bhaktapur durbar square,1
ChIJEaR6ubEa6zkR4i95Y1SWaOg,school,Prabhat School,primary_school,27.6757616,85.4306625,Bhaktapur durbar square,1
ChIJf_18-a0a6zkRm_xhM9Xh0i4,school,The Rising English Secondary School,school,27.6733111,85.4328498,Bhaktapur durbar square,1
ChIJ0VkX0qUa6zkRMZ6cy_BQb5A,school,Glitter Future (Secondary) School,secondary_school,27.6685794,85.4249608,Bhaktapur durbar square,1
ChIJMQtILKwa6zkR7G8WqBkOV60,school,Shree Nabin Lower Secondary School,school,27.6707692,85.4329436,Bhaktapur durbar square,1
ChIJa8a306Ua6zkR0hs6hqhs3Z4,school,Shree Sarda Primary School,primary_school,27.6684436,85.4249031,Bhaktapur durbar square,1
ChIJb26Sr7Ea6zkRqjrIc10kg-g,school,Prabhat English Higher Secondary School (Block B),school,27.676218,85.43035809999999,Bhaktapur durbar square,1
ChIJX8HnL5Ub6zkReGtY_X1Wc8k,school,जाेरपाटी माध्यमिक विद्यालय,secondary_school,27.6723979,85.4228803,Bhaktapur durbar square,1
ChIJE6Iq1Wcb6zkRHCagE-wUjMs,school,Dreams Animation Academy & Studios,,27.6674822,85.42696099999999,Bhaktapur durbar square,1
ChIJAxMnQaQa6zkRkWm628P3Otc,school,Zenith English Sec. School,secondary_school,27.6695516,85.423642,Bhaktapur durbar square,1
ChIJI5QtZgAb6zkRK0kwOn_YNQI,school,The Great Beginning Education Foundation (Pre School),preschool,27.6669158,85.4276983,Bhaktapur durbar square,1
ChIJQXvY0Ekb6zkRnymiMmdE-mk,school,KIDS Educare Nepal,school,27.6716255,85.42224949999999,Bhaktapur durbar square,1
ChIJzXKM5boa6zkROqDC1oE_Mfs,school,Everest English School,school,27.676376,85.42474899999999,Bhaktapur durbar square,1
ChIJOzrPNaQa6zkRaHZH3UZ89Yk,school,Gyan Tara English Secondary School,secondary_school,27.6681374,85.424071,Bhaktapur durbar square,1
ChIJw52IU6ka6zkR1YC7bTHlnMA,school,Adarsha Azad Higher Sec.School,school,27.6679894,85.4319764,Bhaktapur durbar square,1
ChIJl4R4gKQa6zkRf0epWP39z4Y,school,Seraph World Pre - School,preschool,27.6708385,85.4221894,Bhaktapur durbar square,1
ChIJ48nqSKwa6zkRiuYRXu6T0oU,school,Sooryodaya Secondary School,secondary_school,27.6704593,85.4339449,Bhaktapur durbar square,1
ChIJ4ZytGaYa6zkRHMPiwIHOFkg,school,Demos School,school,27.6667586,85.4267163,Bhaktapur durbar square,1
ChIJG6RBvdkb6zkRmIkSslP7kmg,school,Child care,school,27.6712259,85.4341863,Bhaktapur durbar square,1
ChIJRWzCgKYa6zkRLF5BVEI2R90,school,Bright Star English School,school,27.6675922,85.4245538,Bhaktapur durbar square,1
ChIJ8w1dE6Ya6zkRZLv-SS-iE3c,school,Child Care and Development Center,school,27.666904,85.4260395,Bhaktapur durbar square,1
ChIJjZdzoqga6zkRPEZPona_93c,school,Minerva English School,school,27.666564,85.4276457,Bhaktapur durbar square,1
ChIJN9tNPLIa6zkRhGX9h8hLlEI,school,Shree Hansa Bahini Basic School,primary_school,27.6755938,85.4331948,Bhaktapur durbar square,1
ChIJ30HXg6Ma6zkRPYFTPR9w4gE,school,Pentagon Open School,secondary_school,27.6705774,85.4218015,Bhaktapur durbar square,1
ChIJL4t_agAb6zkRj1AChWKtz4c,school,"Kamalbinayak-10, Bhaktapur",primary_school,27.6757318,85.43311369999999,Bhaktapur durbar square,1
ChIJsx7Dg6Ma6zkRkLyfzipsVo4,school,NR.Secondary School,secondary_school,27.6704694,85.4217939,Bhaktapur durbar square,1
ChIJfemocAAb6zkRn5MU2ewECTE,school,Hostel Basu,secondary_school,27.6775416,85.4302587,Bhaktapur durbar square,1
ChIJw4EoWKka6zkRffJ1RBRxV6U,school,PROXIMA INTERNATIONAL ACADEMY,secondary_school,27.667432,85.43227800000001,Bhaktapur durbar square,1
ChIJoxQVaawa6zkROnvmhxrRwWc,school,Shree Bal Sewak Lower Sec. School,secondary_school,27.669432300000004,85.4341396,Bhaktapur durbar square,1
ChIJzeiI79Ab6zkRLRntznv29R4,school,भक्तपुर,secondary_school,27.6764293,85.43270299999999,Bhaktapur durbar square,1
ChIJjz3pm6Ya6zkRQ9Yxf4-jfxE,school,MVA - Mahendra Vidya Ashram Bhaktapur Pvt. Ltd.,school,27.6673333,85.42388509999999,Bhaktapur durbar square,1
ChIJvf0Y9qsa6zkR4U80j5Rm-OE,school,Chandeshworee Basic School,primary_school,27.6685976,85.43381029999999,Bhaktapur durbar square,1
ChIJUVkk8K8a6zkRs_ZsjHiNrb8,school,Golden Gate English Secondary School,secondary_school,27.67759,85.4310296,Bhaktapur durbar square,1
ChIJ7xApx50b6zkRvYn5VIM8nkk,school,Goden Gate Kids' Villa,school,27.6777709,85.4307883,Bhaktapur durbar square,1
ChIJs_PVX6Ya6zkR4aBJK-FZ184,school,Shining Students' Acadamy,school,27.6664551,85.42477199999999,Bhaktapur durbar square,1
ChIJsRoV57Aa6zkRDaZT7jT0O0I,school,Basu seondary school,school,27.6782499,85.42938699999999,Bhaktapur durbar square,1
ChIJLyFmYX0b6zkRalxdNzjFk3I,school,Suryabinayak Mini Krishi Farm,farm,27.6657136,85.42733600000001,Bhaktapur durbar square,1
ChIJSd7miqYa6zkRujV6nMcTSgg,school,सेक्रेड हार्ट एकेडेमी,school,27.666504,85.4245397,Bhaktapur durbar square,1
ChIJG0Qu5Ksa6zkRBsqcv2mQAR4,school,Vidhya Arjan English Secondary School,secondary_school,27.6671338,85.43283540000002,Bhaktapur durbar square,1
ChIJU2EQGaQb6zkRtNbnvN_QS2E,school,स्लाश एजुकेशन फाउण्डेसन प्रा.लि.,educational_institution,27.6659578,85.4253128,Bhaktapur durbar square,1
ChIJ6X95fK0a6zkR9QqZlDo0Xlc,school,Dattatraya Lower Secondary School,secondary_school,27.67379,85.4354319,Bhaktapur durbar square,1
ChIJZ5xWdKQa6zkR-7y_6PWruw0,school,Sunshine National School,secondary_school,27.6685867,85.4214808,Bhaktapur durbar square,1
ChIJ-QVdV7Ia6zkRzD6oXQo2yR0,school,Dynamic Tution Center,school,27.6763116,85.4347493,Bhaktapur durbar square,1
ChIJRwVPXFob6zkRZYnv7qFMhP0,school,Khwopa Secondary School,school,27.6778469,85.4330416,Bhaktapur durbar square,1
ChIJNzdDhasa6zkRoPBibWCEyF8,school,Wiseland Sec.School,secondary_school,27.6675149,85.4346474,Bhaktapur durbar square,1
ChIJt-AnVLIa6zkRhhZqN-MEzG0,school,जेन्युइन माध्यमिक विद्यालय,school,27.6770749,85.4342358,Bhaktapur durbar square,1
ChIJj_vofgAb6zkR5-Wp_-TeONE,school,Satprayas Special Needs School Nepal,school,27.6667513,85.4222296,Bhaktapur durbar square,1
ChIJo8DuCQcb6zkR7YUOdySPQAY,school,Adarsha Japanese Language Institute,school,27.6666808,85.4339468,Bhaktapur durbar square,1
ChIJd17oGHcb6zkRdtdkM9DirTU,school,Kikampa Montessori International,school,27.6647404,85.4302258,Bhaktapur durbar square,1
ChIJbTB9t6Ma6zkR6_jOl4RCLAY,school,Little World English Secondary School,secondary_school,27.6696545,85.4199713,Bhaktapur durbar square,1
ChIJBSqSb-wb6zkRyNKkjzlmgLA,school,Prasadi Pathshala Montessori School,school,27.6659218,85.43335929999999,Bhaktapur durbar square,1
ChIJV8Gq21gb6zkRs589sknYQE4,school,Care kinder world,school,27.6774557,85.43429130000001,Bhaktapur durbar square,1
ChIJh5Xh8rIa6zkRPZuZ5Kqp_88,school,Mount Valley English Secondary School,secondary_school,27.6759807,85.4356293,Bhaktapur durbar square,1
ChIJxfFWd6sa6zkRLeRsgpU3Bl4,school,Vidhya Vikash Sec.Boarding School,secondary_school,27.6676646,85.43539539999999,Bhaktapur durbar square,1
ChIJ9duBaqcb6zkRn2SB2nn4NYQ,school,विद्यालय,secondary_school,27.6664326,85.42161480000001,Bhaktapur durbar square,1
ChIJbzkhwLIa6zkRz7yB5tJIrjM,school,Saraswati English School,school,27.675735000000003,85.4362819,Bhaktapur durbar square,1
ChIJLY2JsvEb6zkRwdbvrFx2T3g,school,Trillium Montessori Kinderworld And Training Centre,preschool,27.6645277,85.42433919999999,Bhaktapur durbar square,1
ChIJI2h1AJ4b6zkRiHOZ4wniL0A,school,Image secondary school,school,27.6679048,85.4361339,Bhaktapur durbar square,1
ChIJd86Y1awa6zkRNNrRwd9_rgo,school,Samaj Sudhar Secondary School,school,27.6711793,85.43733859999999,Bhaktapur durbar square,1
ChIJFdUs09Ib6zkRWPDR1m7N5Sk,school,New Jersey Preschool Bhaktapur,preschool,27.6679531,85.4362787,Bhaktapur durbar square,1
ChIJv8ECCysb6zkRrgHJNSpzkCY,school,SAMB Suping Block,secondary_school,27.6735347,85.4188611,Bhaktapur durbar square,1
ChIJZ429QCAb6zkR9rbsaoI0Cb4,school,Stepup Hospitality Management,school,27.6636788,85.42570959999999,Bhaktapur durbar square,1
ChIJmVffdbMa6zkRE7ThtWjy0jA,school,Himalaya English Sec.School,school,27.678790900000003,85.4342171,Bhaktapur durbar square,1
ChIJh18J_6Ya6zkRDpW5NvbnxhA,school,AJ School,secondary_school,27.6646266,85.4225146,Bhaktapur durbar square,1
ChIJSeDkZjMP6zkRd07rERBa0gk,school,Ruby Valley School,school,27.6631334,85.4261028,Bhaktapur durbar square,1
ChIJPXdYKvAF6zkR6L3PfN5WMZ0,school,Kon Japanese Language Institute,school,27.6724583,85.4384724,Bhaktapur durbar square,1
ChIJ27G-uqIa6zkRKpecoF2ux0U,school,Sainik Awasiya Mahavidyalaya - Bhaktapur,school,27.6709416,85.4177728,Bhaktapur durbar square,1
ChIJVTIjLQAb6zkRYWlRHO4-nNA,school,Karma Hospitality,school,27.6629418,85.4261432,Bhaktapur durbar square,1
ChIJcU53T00F6zkR3XujEk7mlYU,school,Amarjyoti Montessori,primary_school,27.6751161,85.43817419999999,Bhaktapur durbar square,1
ChIJPdj-YwAb6zkRpIrQkHh-N6g,school,Amarjyoti Gyankunja,primary_school,27.6754056,85.438107,Bhaktapur durbar square,1
ChIJu1LD4FIF6zkRXpyMIQkosUQ,school,Khwopa Hostel,service,27.6715877,85.4390592,Bhaktapur durbar square,1
ChIJi766ERUF6zkRtAJAAeKF3uM,school,Prowess Academy English Secondary School,school,27.667697,85.4380207,Bhaktapur durbar square,1
ChIJMRFlAN0b6zkR4tArrzNO0VI,school,Students' Academy,school,27.6652974,85.4198732,Bhaktapur durbar square,1
ChIJJdlTG6oa6zkRBOMPDGbAGpM,school,Little Treasures Montessori,preschool,27.6625333,85.43262709999999,Bhaktapur durbar square,1
ChIJLeZzCAAb6zkRDrN1MbOKtXw,school,Himalayan Academy Boarding School,primary_school,27.6755699,85.4171709,Bhaktapur durbar square,1
ChIJMaT5g_wF6zkRcfseTdl_Kjs,school,Kamal Binayak Kinder School,preschool,27.6781339,85.43751549999999,Bhaktapur durbar square,1
ChIJ20JMSUkF6zkRHtnmio2JsYA,school,Bhim Aadarsha Basic School,primary_school,27.6692042,85.4397979,Bhaktapur durbar square,1
ChIJNwdNfAAb6zkR4TLRbvpD1I0,school,"EuroKids, Suryabinayak",preschool,27.6635858,85.43567019999999,Bhaktapur durbar square,1
ChIJWeOnHOEb6zkRXjDkM2hlFdo,school,Gehendra house sainik school,secondary_school,27.6738563,85.41610709999999,Bhaktapur durbar square,1
ChIJk9-7BAAb6zkR99RT_I3jhKU,school,Gundu English Secondary school,school,27.662261200000003,85.4229402,Bhaktapur durbar square,1
ChIJ9QQSM7Ma6zkRvHSEIdDr4Yg,school,Manakamana English Secondary School,school,27.6783436,85.4381422,Bhaktapur durbar square,1
ChIJwbFeUJ8a6zkRHEMe_SeAqFE,school,शान्ति - निकेतन अावसीय माघ्यमिक विद्यालय,primary_school,27.6670023,85.4164833,Bhaktapur durbar square,1
ChIJ95IWt1IF6zkR_aaWv2H-I5c,school,Khwopring English Secondary School,secondary_school,27.6708389,85.4409883,Bhaktapur durbar square,1
ChIJ9eqtA00F6zkRUThq_yvpha4,school,Paragon Acedemy,school,27.6771264,85.43971599999999,Bhaktapur durbar square,1
ChIJ4anjhVcR6zkRCeamFLgBYOE,school,Mamti National Academy,primary_school,27.6617003,85.42180309999999,Bhaktapur durbar square,1
ChIJX9bodagP6zkRUe0LY0dsIZk,school,Jyoti Gyan Academy secondary school,school,27.660325,85.4260357,Bhaktapur durbar square,1
ChIJq1DPFNcF6zkRzlhv9t8NQOQ,school,Morning Glory Kindergarten,preschool,27.670386500000003,85.44152350000002,Bhaktapur durbar square,1
ChIJlSoxJUIR6zkR4nVroWwPGxs,school,Apex Boarding High School,school,27.65994,85.42577399999999,Bhaktapur durbar square,1
ChIJZaWCtZK3GIYRtruz2qct234,school,Bhaktapur Maple School,school,27.6599338,85.4258096,Bhaktapur durbar square,1
ChIJoya0UDMF6zkRmaLBkBWm-FY,school,Lisha English Secondary School,school,27.6733164,85.4423558,Bhaktapur durbar square,1
ChIJv63RGlEP6zkRvvuzxZYb-90,school,We Kids School,preschool,27.6612573,85.42054329999999,Bhaktapur durbar square,1
ChIJoYmBfwAR6zkR0Bny-eCjLWM,school,National Basic school worlang,primary_school,27.6625397,85.4376381,Bhaktapur durbar square,1
ChIJA_nq2VMF6zkRcldKFXL-lc4,school,Bal Vikash English Secondary School,secondary_school,27.6706248,85.4424652,Bhaktapur durbar square,1
ChIJW-KgMzwF6zkRgWKYOIvZm0o,school,Global Life School,school,27.6774145,85.44134969999999,Bhaktapur durbar square,1
ChIJ1-FeKpka6zkRwaTtQ5AlA6g,school,Wings Montessori,school,27.6678143,85.4142732,Bhaktapur durbar square,1
ChIJPYP2hJUF6zkRIMPPznrsVm8,school,"Samata Shikshya Niketan, secondary school",school,27.6787289,85.4406393,Bhaktapur durbar square,1
ChIJFbSPMPzH6zkRTabezVqgPyE,school,Setidevi Basic School,primary_school,27.6628717,85.4175995,Bhaktapur durbar square,1
ChIJHTRvNkwF6zkRSTQriTZw0q4,school,Neologian Academy,school,27.6776934,85.4415406,Bhaktapur durbar square,1
ChIJiYlO_ggQ6zkRQ7PDJCwVxt0,school,Mount Everest School,school,27.6588812,85.4248061,Bhaktapur durbar square,1
ChIJOUP5Rdob6zkRb0E6cx-ckGY,bank,Gurkhas Finance Limited,bank,27.7207425,85.36176999999999,Boudha stupa,1
ChIJ2dwFCrMb6zkRTKgmwf16hvk,bank,"Kamana Sewa Bikas Bank Limited, Boudha Branch",bank,27.7209165,85.36044989999999,Boudha stupa,1
ChIJHZ8w7tob6zkRd37tELG87Qw,bank,Laxmi Sunrise Bank,bank,27.7205817,85.3633507,Boudha stupa,1
ChIJy6KJJtob6zkRjN0Ow2C_UQI,bank,Ideal Society SACCOS,bank,27.7204703,85.3604591,Boudha stupa,1
ChIJ32_d7tob6zkRhzcfD5Pn9e8,bank,Machhapuchchhre Bank Limited,bank,27.7206325,85.36356200000002,Boudha stupa,1
ChIJr148EO8b6zkRqXIi-hHzJio,bank,Nalapani Multipurpose Co-op,bank,27.7205355,85.36368759999999,Boudha stupa,1
ChIJHXHLyNob6zkRXC7YQL2hPVw,bank,Siddhartha Bank | Bouddha,bank,27.7201566,85.36025029999999,Boudha stupa,1
ChIJO-KfWtob6zkRXc_WgPOmhXI,bank,Prabhu Bank Limited,bank,27.7199885,85.3636605,Boudha stupa,1
ChIJt-O8w9ob6zkRbDJdZ1YIm5s,bank,Mega Bank,bank,27.7206087,85.3645853,Boudha stupa,1
ChIJoV6MJzEb6zkRW-VrbGtCK8E,bank,Kunphen SACCOS,bank,27.7206382,85.3646281,Boudha stupa,1
ChIJP7sPSgEZ6zkRZeVBp4_NryI,bank,Himalayan Bank Limited,bank,27.720441,85.36479489999999,Boudha stupa,1
ChIJnzrAjnsb6zkR7rrbDv6_SmY,bank,Rastriya Banijya Bank,bank,27.720186,85.3590637,Boudha stupa,1
ChIJ_YS0EMUb6zkRNtRrduulA0Y,bank,Nabil Bank Limited,bank,27.720214,85.3651046,Boudha stupa,1
ChIJX5A7yUQb6zkRtv6hjEnDAOE,bank,Kumari Bank Limited,bank,27.7205632,85.36553239999999,Boudha stupa,1
ChIJRznGJMUb6zkRB2x-8Nhqjw8,bank,Nepal Investment Mega Bank,bank,27.7209048,85.3660269,Boudha stupa,1
ChIJW53Itdkb6zkR9h-PhDN6uFA,bank,NIC ASIA Bank Bouddha Branch,bank,27.7200625,85.35793749999999,Boudha stupa,1
ChIJRX1bBMUb6zkRF4cyCR2AxrQ,bank,Citizens Bank International Limited,bank,27.7211478,85.3674267,Boudha stupa,1
ChIJCzqX1wUZ6zkRokBm78qPjF8,bank,Laxmi Sunrise Bank Limited,bank,27.7246678,85.3575735,Boudha stupa,1
ChIJUwufqcUb6zkRK1RuDE4cJzE,bank,Global IME Bank Limited,bank,27.7212252,85.368028,Boudha stupa,1
ChIJ3Qst8Fgb6zkRLu9e801krc0,bank,Ekikaran Multipurpose,bank,27.724012,85.3561589,Boudha stupa,1
ChIJl-MCssUb6zkRGVO-ctpFq6o,bank,SwarnaLaxmi Multipurpose Cooperative Limited,bank,27.7213148,85.3685848,Boudha stupa,1
ChIJg2yUztIb6zkRpg1KC9rjYCI,bank,Sanima Bank Limited,bank,27.72133,85.368676,Boudha stupa,1
ChIJmyGOdhsb6zkRSStIwibTghQ,bank,Nabil Bank,bank,27.7270446,85.364601,Boudha stupa,1
ChIJ84s5u2IZ6zkRazlI0Er5Xsk,bank,Kathmandu Multi-purpose Co-op,bank,27.719247,85.3542729,Boudha stupa,1
ChIJC08bD5IZ6zkRDaOSkmgL5i0,bank,Artha Sampada Multipurpose Co-op,bank,27.719022,85.3539523,Boudha stupa,1
ChIJA05ar98b6zkRwHpmyFUfDDs,bank,Agricultural Development Bank Ltd. Kapan Branch,bank,27.7274498,85.3569839,Boudha stupa,1
ChIJo8lFEt4b6zkRC47FFGOjGDc,bank,Scholar sahakari,bank,27.728927,85.3593313,Boudha stupa,1
ChIJ3dbus8Ub6zkRxWew3YtO3i4,bank,Prabhu Bank,bank,27.7211974,85.3710018,Boudha stupa,1
ChIJGROWr-0b6zkR6PliRyxnT64,bank,Kantipur SACCOS,bank,27.7214935,85.3712453,Boudha stupa,1
ChIJYd110GIZ6zkRRGCO4l5r2l8,bank,Standard Charted Bank,bank,27.7189626,85.3529309,Boudha stupa,1
ChIJ_RTJ22IZ6zkRZZQtEuZ9nXA,bank,Swachchhanda SACCOS,bank,27.7191598,85.35271329999999,Boudha stupa,1
ChIJoQp-KGMZ6zkRB98MZYcu9E4,bank,Nepal SBI Bank Ltd,bank,27.7191673,85.35266570000002,Boudha stupa,1
ChIJ4--8w9ob6zkRoI5G0MBARy8,bank,Nepal Investment Mega Bank Limited (NIMB),bank,27.7192289,85.35253589999999,Boudha stupa,1
ChIJBW0Nm2EZ6zkRCaTjbigDrmw,bank,Nepal Investment Mega Bank Limited (NIMB),bank,27.725007,85.3529877,Boudha stupa,1
ChIJ2aYam2EZ6zkR8zrRv6Rn4Q0,bank,Nepal Investment Mega Bank Limited (NIMB),atm,27.72504,85.35296,Boudha stupa,1
ChIJnyMxJ2MZ6zkRupzs2QXukhk,bank,Guheshwori Merchant Banking & Finance Ltd,bank,27.7192538,85.3522441,Boudha stupa,1
ChIJLWTcgmEZ6zkRNe4QcqF-R-I,bank,"Citizens Bank International Limited, ATM",atm,27.7247072,85.35255719999999,Boudha stupa,1
ChIJa-zagmEZ6zkR6pTh9OsET9I,bank,Citizen Bank International Ltd.,bank,27.7247286,85.3524872,Boudha stupa,1
ChIJ4-IxWmMZ6zkRbCgAlzX07IU,bank,Prime Commercial Bank Ltd.,bank,27.7194422,85.3519956,Boudha stupa,1
ChIJ6c3TB5Ib6zkRV6_ACeY1VxM,bank,Sanima Bank,bank,27.7132508,85.3667176,Boudha stupa,1
ChIJWxAd9XoZ6zkRkap21wPtmO8,bank,Agricultural Development Bank Ltd. (Chabahil Branch),bank,27.7190186,85.3519162,Boudha stupa,1
ChIJs8ZKeGEZ6zkR4sGyK5phXzs,bank,Sara Bikash SACCOS,bank,27.7246579,85.352193,Boudha stupa,1
ChIJHQNfrFQZ6zkRazhp83E7XyE,bank,Everest bank ATM,bank,27.714354,85.3549598,Boudha stupa,1
ChIJ42GlajUZ6zkRYj0nGDWDFWk,bank,Laxmi Sunrise Bank Kumarigal Branch,bank,27.7143015,85.3549182,Boudha stupa,1
ChIJqWXg3mMZ6zkRefjBrwI5NSI,bank,Sindu Sagar Saving and Credit Co-operative Ltd.,bank,27.7238195,85.3513737,Boudha stupa,1
ChIJXbxXa2QZ6zkRDKrkrSXBstI,bank,Jyoti Bikash Bank Limited,bank,27.7240552,85.3514314,Boudha stupa,1
ChIJD0vN8N8b6zkRylQAfHOyFsY,bank,Lumbini Bikas Bank Limited,bank,27.7291358,85.35528839999999,Boudha stupa,1
ChIJ8b3ROGMZ6zkRBgswDS4iugQ,bank,Ahwahan Multipurpose Co-op,bank,27.719229,85.351218,Boudha stupa,1
ChIJy4vFGpsZ6zkRNBZxg4koLYk,bank,Atharva Multipurpose Co-op,bank,27.7189602,85.3510276,Boudha stupa,1
ChIJe3jbBscb6zkRJV_EuxDLPUo,bank,Jyoti Bikash Bank Limited,bank,27.72208,85.3733535,Boudha stupa,1
ChIJSZnhWmMZ6zkRGfygSUIJOwU,bank,Prabhu Bank Limited,bank,27.7191091,85.3507285,Boudha stupa,1
ChIJCQ_CBscb6zkR9rPa5d0WGoE,bank,Mukti Saving & Credit Co-operative Ltd,bank,27.7221105,85.3734678,Boudha stupa,1
ChIJ25a3QmMZ6zkR1JA6eU3C1M0,bank,Nikhil Darshan SACCOS,bank,27.719515,85.350481,Boudha stupa,1
ChIJK37hRGMZ6zkRHsmYC0UaumA,bank,Suncity SACCOS,bank,27.7190566,85.3505576,Boudha stupa,1
ChIJQ6jI3ocb6zkR-MdEYIliDbQ,bank,Siddhartha bank,bank,27.7309563,85.356722,Boudha stupa,1
ChIJKfMwXWMZ6zkROuQupFDTAiY,bank,Sanima Bank Ltd. Chuchchepati Branch,bank,27.7194197,85.3500811,Boudha stupa,1
ChIJB1t0WWMZ6zkRIA3awQQfB7E,bank,Gautamabudhda SACCOS,bank,27.719051,85.350053,Boudha stupa,1
ChIJyf4_qtQb6zkRzw-J9AclkIo,bank,Nepal Investment Mega Bank ATM,atm,27.721962200000004,85.3741199,Boudha stupa,1
ChIJufC9VWMZ6zkRGAD0BEzird4,bank,Namaste Nepal Multipurpose Co-o,bank,27.7185835,85.35009140000001,Boudha stupa,1
ChIJHXSmnWQZ6zkRd4gScdvfmPo,bank,Sunaulo Lumbini Saving And Credit Cooperative Ltd.,bank,27.7200444,85.3496246,Boudha stupa,1
ChIJ47jCRmMZ6zkRculrAAbdR2Y,bank,Nepal Investment Mega Bank Limited,bank,27.7183277,85.3499789,Boudha stupa,1
ChIJv7dRC2QZ6zkR_3gLlunhTJY,bank,Siddhartha Bank | Saraswatinagar,bank,27.7225491,85.3493472,Boudha stupa,1
ChIJm_E7rGQZ6zkRhJN-_ocs8aM,bank,Everest Bank Ltd.,bank,27.7183896,85.3493804,Boudha stupa,1
ChIJiyxqCn4Z6zkR3snto-Mt6eg,bank,Manamanakamana Co-operative,bank,27.7123286,85.35385819999999,Boudha stupa,1
ChIJLVnYOgAb6zkRbRzTq-g0utA,bank,"Kumari Bank Limited, Jorpati, Narayantar",bank,27.7219125,85.3750781,Boudha stupa,1
ChIJL82fsmQZ6zkRfrapLJl4tSI,bank,NMB Bank Limited,bank,27.718212,85.349131,Boudha stupa,1
ChIJPU1hrWQZ6zkRd_XAKK0rB1s,bank,Comm Kumari Bank Limited,bank,27.718268,85.34910719999999,Boudha stupa,1
ChIJp8vZs2QZ6zkRB7T4ESWLmRo,bank,Campus SACCOS,bank,27.718438,85.348947,Boudha stupa,1
ChIJi1UKgMcb6zkRVAacKnxuK78,bank,Everest Bank Ltd.,bank,27.7219038,85.3756513,Boudha stupa,1
ChIJC-oyS3sZ6zkRocAVrbxctjE,bank,Goodwill SACCOS,bank,27.7180747,85.3487272,Boudha stupa,1
ChIJu2awMgAb6zkRPAK3pBhBW_s,bank,Sanima bank faika branch,bank,27.7335433,85.3626134,Boudha stupa,1
ChIJaXxLtGQZ6zkRd0oIwPnclo0,bank,सिन्धु-काठमाडौं बचत तथा ऋण सहकारी संस्था लि.,bank,27.718322,85.3486351,Boudha stupa,1
ChIJZ0Mefrgb6zkRWQJ5v9g13f0,bank,Siddhartha Bank Limited.,bank,27.7219017,85.3758809,Boudha stupa,1
ChIJkX4RXMYb6zkRQRWMCeGkDcQ,bank,Agricultural Development Bank Ltd. Jorpati Branch,bank,27.7219312,85.3764696,Boudha stupa,1
ChIJw4Rx0LIZ6zkR3KRDm-Gzs94,bank,Maijubahal,bank,27.7170932,85.34822679999999,Boudha stupa,1
ChIJP_El3OQZ6zkRULdUk-Bmbvg,bank,Arthasiddi Multipurpose Co-op,bank,27.7170591,85.3482318,Boudha stupa,1
ChIJ-Qx-MnsZ6zkRyAwcv9RDWAk,bank,Compass Saving and Credit Co.ltd,bank,27.7178937,85.3478597,Boudha stupa,1
ChIJEcTnOhFcAEkR8pa3DkmOe0w,bank,lympia mutipurpose co-operative td,bank,27.7170227,85.34814949999999,Boudha stupa,1
ChIJeTpG1LQZ6zkR_UkqjHMR_O4,bank,"Kamana Sewa Bikas Bank Ltd, Chabahil Branch",bank,27.719972,85.3473633,Boudha stupa,1
ChIJ3WUYLnsZ6zkRk9D7U1IPMeY,bank,Chandra Vinayak SACCOS,bank,27.717594,85.3478289,Boudha stupa,1
ChIJSXj6krgb6zkR2EhqVZVzGsw,bank,Swadeshi Laghubitta Bittiya Sanstha Limited,bank,27.7226941,85.37686219999999,Boudha stupa,1
ChIJGQAe4XgZ6zkR8E-RHMOQrrM,bank,Muktinath Bikas Bank Ltd. Chabahil Branch,bank,27.722124,85.3469523,Boudha stupa,1
ChIJD_y2KnsZ6zkRxliASfp33Uk,bank,Global IME Bank Limited,bank,27.7180238,85.347212,Boudha stupa,1
ChIJ8Y6gSdob6zkRyPVTH-aj0-g,bus_stop,Bauddha Bus Stand,bus_stop,27.7207062,85.3617498,Boudha stupa,1
ChIJcVhk8N4b6zkRjIQktg7iFDU,bus_stop,Mahankal Oralo Chowk Bus Stop,bus_stop,27.7266408,85.3582844,Boudha stupa,1
ChIJF_oBsc8b6zkR81tuqMAbto8,bus_stop,Old Bipul Chowk Bus Stop,bus_stop,27.71631,85.3670526,Boudha stupa,1
ChIJWfTHu2IZ6zkRcDilXbWQ4JA,bus_stop,Hayat Regency,bus_stop,27.7192212,85.3540763,Boudha stupa,1
ChIJszK-qN8b6zkRK4t4fMNa5SY,bus_stop,Bhrikuti Chowk Bus Stop,bus_stop,27.7273791,85.3570077,Boudha stupa,1
ChIJsTJkE94b6zkRVPTt5l2CUCU,bus_stop,Tenzing Chowk,bus_stop,27.7287847,85.35919229999999,Boudha stupa,1
ChIJWxO2PWMZ6zkRnerlyrrqUcA,bus_stop,CHUCHEPATI BUS STOP,bus_stop,27.719477,85.3514989,Boudha stupa,1
ChIJ8feu_8Yb6zkRLrq6YWD_O9A,bus_stop,Jorpati,bus_stop,27.7217839,85.37265939999999,Boudha stupa,1
ChIJM-LwAMcb6zkRRR9rT9382k0,bus_stop,Lions Lab,bus_stop,27.721948,85.3732309,Boudha stupa,1
ChIJDzO6_98b6zkRgd5BK0i0m_c,bus_stop,Milan Chowk Bus Stop,bus_stop,27.7298532,85.3550618,Boudha stupa,1
ChIJzc11cmAZ6zkRk5LfIPocqYU,bus_stop,Pancha Kumari Bus Stop,bus_stop,27.7291339,85.3534993,Boudha stupa,1
ChIJN7R1cmAZ6zkRZQ1KrdIs3G8,bus_stop,Milan Chowk Bus Stop,bus_stop,27.7292168,85.3534457,Boudha stupa,1
ChIJnUWz8mAZ6zkRG6Mll0hUChA,bus_stop,Narayan Chowk Bus Stop,bus_stop,27.728416700000004,85.3517935,Boudha stupa,1
ChIJkwD412AZ6zkRr2m3sUlW0ys,bus_stop,Kapan SaatTaley Chowk Bus Stop,bus_stop,27.7269565,85.35044429999999,Boudha stupa,1
ChIJg5Juiscb6zkRe5slx01Puus,bus_stop,Mother Hyolmo Bus,bus_stop,27.720683,85.3755719,Boudha stupa,1
ChIJ138wM3sZ6zkRXrZAg0YSu1Y,bus_stop,Shanti Goreto Bus Stop,bus_stop,27.7178807,85.3479297,Boudha stupa,1
ChIJc_0YVWMZ6zkRcigdf-bxMjY,cinema,FCube Cinemas,movie_theater,27.7183323,85.35000509999999,Boudha stupa,1
ChIJl2GutpUZ6zkRPvWXKX7Rzec,cinema,20D Cinema,movie_theater,27.7182937,85.3500172,Boudha stupa,1
ChIJH-_xStob6zkRaBTg3LdqwbA,clinic,Old Tibetan Singing Bowl Shop,medical_clinic,27.7213301,85.361547,Boudha stupa,1
ChIJuTPqBgAb6zkRA-qSr9Ipu1I,clinic,Boudha Eye Care and Optical Center,medical_clinic,27.7208074,85.3615446,Boudha stupa,1
ChIJ5aAlN2cb6zkR1BafWiUZysA,clinic,Kantipur clinic pvt. ltd,medical_clinic,27.7207115,85.3622839,Boudha stupa,1
ChIJAYN3SbYb6zkReUhfm04CaEU,clinic,Stupa Dental Studio - Dental Clinic in Kathmandu,dental_clinic,27.7205496,85.3618498,Boudha stupa,1
ChIJHcqJR9ob6zkR3BRd1akZRWY,clinic,Clear Vision Optical & Eye Clinic,medical_clinic,27.7206044,85.36149619999999,Boudha stupa,1
ChIJxaRzPgAb6zkRBNT2ao3_Zdk,clinic,A1 pharmacy,medical_clinic,27.7206553,85.3625058,Boudha stupa,1
ChIJlx-qMdob6zkROOfNR_EAVzU,clinic,Siddhartha Dental Clinic,dental_clinic,27.7208552,85.3609161,Boudha stupa,1
ChIJH8E9KZkb6zkRp4YCWBJkpqc,clinic,Aarogya Maxillofacial and DENTAL Care Pvt. Ltd.,dental_clinic,27.7204292,85.3627434,Boudha stupa,1
ChIJR8GWcRcb6zkRiGGNrlF8JNE,clinic,KARMA PHYSIOTHERAPY AND REHABILITATION CENTER,medical_clinic,27.7204795,85.3628817,Boudha stupa,1
ChIJrX42OQAb6zkRLtOlBcokBuQ,clinic,Good Smile Dental,dental_clinic,27.720313,85.362624,Boudha stupa,1
ChIJhcpYo4Ub6zkRlzqxeJGpsH8,clinic,Smart Eyes,medical_clinic,27.7204364,85.3629354,Boudha stupa,1
ChIJSU1W8Nob6zkRgqogxjD73pg,clinic,Manjushree Acupuncture Treatment Centre,medical_clinic,27.72061,85.3631807,Boudha stupa,1
ChIJk1-tEgAb6zkRH5JiftrkLYM,clinic,Perfect Crown Dental Clinic,dental_clinic,27.7205156,85.36076910000001,Boudha stupa,1
ChIJVyKFbgMb6zkRAary4vLXRUw,clinic,Maratika Sorig Healing Center - Traditional Tibetan Medicine,medical_clinic,27.7227544,85.36174849999999,Boudha stupa,1
ChIJr5_aSPYb6zkRgWru2Rb83cw,clinic,Buddha Tibetan Herbal,medical_clinic,27.7202826,85.36289090000001,Boudha stupa,1
ChIJ5y8W9Nob6zkRZNdlUIHlzDA,clinic,Chinese Dental Clinic,dental_clinic,27.720322,85.3629579,Boudha stupa,1
ChIJhX0uUgAb6zkRNr1rJk6k95E,clinic,"Ideal Dental Care | Dental Clinic in Boudha, Kathmandu",dental_clinic,27.7203755,85.36321869999999,Boudha stupa,1
ChIJyeK_PFMb6zkRcUZTZ7Sp8iY,clinic,Shambhala complex Royal dental,dental_clinic,27.7205856,85.36035969999999,Boudha stupa,1
ChIJZ7WeOAAb6zkR14qB3Ykcw_g,clinic,Stella optical house,medical_clinic,27.7202868,85.36336790000001,Boudha stupa,1
ChIJf_jZ22Ub6zkRehfIBRzkxbI,clinic,Lotus skin and Hair Clinic,skin_care_clinic,27.7203487,85.3601257,Boudha stupa,1
ChIJcc-dvtgb6zkRoDZlfzXMQOc,clinic,Aura life Physiotherapy and Acupuncture center,medical_clinic,27.7228823,85.3603478,Boudha stupa,1
ChIJ8_25Ydgb6zkRe1zhMqdAKuc,clinic,New chhorten optical house,medical_clinic,27.7205865,85.3641061,Boudha stupa,1
ChIJT2dAztob6zkRPv3P8bZtmqM,clinic,स्तुपा सामुदायिक अस्पताल दन्त विभाग,dental_clinic,27.7207148,85.3648837,Boudha stupa,1
ChIJgchZl18b6zkRBocCFbufX94,clinic,Dento Sphere Pvt. Ltd.,dental_clinic,27.7201702,85.3591689,Boudha stupa,1
ChIJk-OECeMZ6zkRNQ0V-Ptl7ts,clinic,Blurkart,medical_clinic,27.7203693,85.3586816,Boudha stupa,1
ChIJwd-kai4Z6zkRTVyw74IhEXQ,clinic,Nice Smile Dental Care Pvt.LTD,dental_clinic,27.720490100000003,85.36525100000001,Boudha stupa,1
ChIJx3uSFdkb6zkR-ejuqrPvKPg,clinic,Roma Clinic,medical_clinic,27.7227117,85.35858689999999,Boudha stupa,1
ChIJh8PcFdkb6zkRFUxHHFGpRv0,clinic,Nimi Eye Clinic,medical_clinic,27.722688,85.358553,Boudha stupa,1
ChIJ97jah2AZ6zkRNJWXGikBNEc,clinic,Swodhyan,health,27.7181293,85.3625793,Boudha stupa,1
ChIJhzrXkXob6zkRP3A4oOnXlZM,clinic,Dental Park,dental_clinic,27.7203183,85.35839709999999,Boudha stupa,1
ChIJ77KRu9kb6zkRfzjMNdAxxME,clinic,Vision Concern Eye Clinic and Optical - Boudha,medical_clinic,27.7202834,85.35838419999999,Boudha stupa,1
ChIJw4eLNQAb6zkRp6WpfVbNXNU,clinic,Annapurna Dental Multi-speciality center,dental_clinic,27.7202011,85.36559319999999,Boudha stupa,1
ChIJw2vRXgAb6zkRLXdmrrMxL08,clinic,Pema Sorig Clinic पेमा सोरिग क्लिनिक པདྨ་གསོ་རིག་སྨན་ཁང་།,medical_clinic,27.7243416,85.3641076,Boudha stupa,1
ChIJD7aU5bob6zkR6gzUh2cKUYo,clinic,Angel's Dental Clinic,dental_clinic,27.7181251,85.3598785,Boudha stupa,1
ChIJx4DMtdkb6zkRwhBOyVElkJU,clinic,Neem Kanti Dental Clinic,dental_clinic,27.719961,85.35786499999999,Boudha stupa,1
ChIJg4u8ghIb6zkRNQGhtfR6-0M,clinic,Om Samyog Dental Clinic,dental_clinic,27.7198822,85.35766199999999,Boudha stupa,1
ChIJRXbHYQAb6zkRZ8B2DkkqYdg,clinic,Hung Odare CHU,medical_clinic,27.7201786,85.3663608,Boudha stupa,1
ChIJk6rIQY4Z6zkRUBp14Bu-WSw,clinic,Lookscart,store,27.7208022,85.3665929,Boudha stupa,1
ChIJJan17_0b6zkRR4DOqrGjPMs,clinic,Khushi Dental Clinic Pvt. Ltd.,dental_clinic,27.7207928,85.3665934,Boudha stupa,1
ChIJ1Z2jF8Ub6zkRZxZXNJ_T0p8,clinic,Buddha Natural Thermal Therapy Centre,medical_clinic,27.720763,85.3667189,Boudha stupa,1
ChIJNUZu8Lob6zkRJzRH4r3mHVY,clinic,Biotech Health Care,medical_clinic,27.7198511,85.366723,Boudha stupa,1
ChIJFwqFFxgb6zkRe46cD1evvOI,clinic,Sampurna Dental Clinic,dental_clinic,27.7210537,85.36708229999999,Boudha stupa,1
ChIJd7zXFdAb6zkR7kZSVmmuY10,clinic,"Smile The Dental Clinic, Kathmandu",dental_clinic,27.7172539,85.3643046,Boudha stupa,1
ChIJXxwRSSwb6zkRf3mfxfAMiPE,clinic,Dr Kunsang diagnostic centre,medical_clinic,27.7241341,85.3661923,Boudha stupa,1
ChIJQzSDkS0b6zkRvdEUeaCYbpc,clinic,KCCS Skin Hair and Laser Clinic Pvt. Ltd.,skin_care_clinic,27.7197996,85.35687899999999,Boudha stupa,1
ChIJVbm64gIb6zkRe_HsZ4QfZ9E,clinic,Sahara Mind,medical_clinic,27.718857,85.36664669999999,Boudha stupa,1
ChIJvUfhaAAb6zkR9tr2CjQPopE,clinic,Stupa Dental Care,dental_clinic,27.7261105,85.36353969999999,Boudha stupa,1
ChIJEbu0YQAb6zkR9vT6IsbN9ms,clinic,Ramhiti bouudha,dental_clinic,27.7261319,85.3635674,Boudha stupa,1
ChIJBZD0q8zpUSARNWZkW6MQg6A,clinic,Mahankal Dental Care Center,dental_clinic,27.7242977,85.35717439999999,Boudha stupa,1
ChIJgfFkwh8b6zkRyna1GtRLoCc,clinic,Platinum Dental Clinic pvt.Ltd.,dental_clinic,27.7262801,85.36377139999999,Boudha stupa,1
ChIJD7Vpojob6zkREGnfs9hFDpo,clinic,Dental polyclinic,dental_clinic,27.7181785,85.3667557,Boudha stupa,1
ChIJ8ZsZWQAb6zkRywR5RE367B4,clinic,Monlam Dental Care,dental_clinic,27.7258573,85.36525209999999,Boudha stupa,1
ChIJxdU1soAb6zkRrknvuPMH7ks,clinic,Vajra Dental Care,dental_clinic,27.7212776,85.3680947,Boudha stupa,1
ChIJ6WXL4NIb6zkRrlTXpQ4-sfE,clinic,Sajhedari Optical Center,medical_clinic,27.7217916,85.3682621,Boudha stupa,1
ChIJA_MeOgAb6zkRNV_7sIx9sk4,clinic,New Tibetan Optical and Eye Care Center,medical_clinic,27.7211036,85.3683933,Boudha stupa,1
ChIJSXU_JjEb6zkR7uLdVyTbQXQ,clinic,Sitaram Polyclinic,medical_clinic,27.7249223,85.3566802,Boudha stupa,1
ChIJYbehwkQb6zkRedlbsBZUink,clinic,KMVC (Kantipur Mobile Veterinary Clinic & Pet Shop),veterinary_care,27.7269806,85.3639661,Boudha stupa,1
ChIJUXXPdwAb6zkR2BI1cWn2gyU,clinic,Tanaduk Sowa-Rigpa Traditional Clinic,medical_clinic,27.723263300000003,85.3555248,Boudha stupa,1
ChIJy86fUlYb6zkRoEcBP6GKkpI,clinic,Samaj Dental Boudha-Jorpati,dental_clinic,27.7212089,85.3688789,Boudha stupa,1
ChIJIUyELskb6zkRsEfXDr3xXh0,clinic,Eyemate Clinic Boudha,medical_clinic,27.7271153,85.3646584,Boudha stupa,1
ChIJefXXoNcb6zkRITt95-32j_k,clinic,parity Clinic,medical_clinic,27.716584,85.3573909,Boudha stupa,1
ChIJL8rx5UYb6zkR6kjMEVQJWOo,clinic,Sutra Diagnostics Pvt Ltd,medical_clinic,27.7193158,85.3551385,Boudha stupa,1
ChIJkx79SgAb6zkR4JsSFQCDuxM,clinic,Yogini Health Center,medical_clinic,27.7244463,85.3684631,Boudha stupa,1
ChIJIQbbdU2yd08RrzNw-41F6ks,clinic,EASY DENTAL-BEST DENTAL,dental_clinic,27.7222693,85.3540008,Boudha stupa,1
ChIJ_7TJCbYb6zkRGP0l18oWsis,clinic,Union Family Health Care Centre Pvt. Ltd.,medical_clinic,27.7142193,85.3602666,Boudha stupa,1
ChIJKxryHxMb6zkRNAgIlJlENS0,clinic,OM KAPAN DENTAL,dental_clinic,27.7272936,85.3569785,Boudha stupa,1
ChIJsyxNUe8b6zkRBvavk80jB_I,clinic,Aaradhya chasma pasal tatha aankha clinic,medical_clinic,27.7270201,85.36730810000002,Boudha stupa,1
ChIJ0VuT_CMb6zkR6fWY5Il4ntU,clinic,Ayurvedic Massage And Treatment,health,27.7273603,85.35698409999999,Boudha stupa,1
ChIJGfrHEgcb6zkRcKcPiuRHDl4,clinic,Jimmewar Medical Hall,medical_clinic,27.7160995,85.36787849999999,Boudha stupa,1
ChIJQUFpCgAb6zkRFiGyIldhwuw,clinic,‍Aroma Optical,medical_clinic,27.7274482,85.35698699999999,Boudha stupa,1
ChIJTR2vqN8b6zkR7V9wV_AuhPg,clinic,May review Poly Clinic,medical_clinic,27.7274718,85.3569371,Boudha stupa,1
ChIJK1MTIgAb6zkRQcWfZHtpjUs,clinic,Your Doctor’s clinic,medical_clinic,27.7285164,85.3590837,Boudha stupa,1
ChIJlQqrqN8b6zkRd4-JSOrwoaU,clinic,Clinic may review dentala,dental_clinic,27.7275013,85.35687279999999,Boudha stupa,1
ChIJc1WpMQAb6zkRAvYOOsA9_Sw,clinic,Padma Smile Dental Clinic,dental_clinic,27.7265802,85.36819849999999,Boudha stupa,1
ChIJqeCARt4b6zkRklLq6GOTfjk,clinic,V. Zone Optical,medical_clinic,27.7283088,85.3583584,Boudha stupa,1
ChIJGUzpeMYb6zkRbZdNxJpQ30c,clinic,Mother akyupersara Therapy,medical_clinic,27.721254,85.370565,Boudha stupa,1
ChIJh2mEV5Ab6zkROs3ILIgF34g,clinic,Padmayani Optical and Eye Care,medical_clinic,27.7266737,85.3682266,Boudha stupa,1
ChIJb88TecYb6zkR_eAj-l8Mjrs,clinic,Rakchya and Clinics,pharmacy,27.721248000000003,85.3706859,Boudha stupa,1
ChIJkfoHr1Qb6zkRUcsZwZXkgUU,clinic,Chandeshwari chasma ghar Tinchuli,medical_clinic,27.7267779,85.3682431,Boudha stupa,1
ChIJR1capcMb6zkREUDz0z9CIK4,clinic,Eye Sight Optical & Eye Clinic,store,27.7266864,85.3684662,Boudha stupa,1
ChIJldUlesYb6zkRGcwqY8pu_fg,clinic,Lord Buddha Opticals,medical_clinic,27.721136,85.3708039,Boudha stupa,1
ChIJu76CdgAb6zkRGt4WEeeIWTo,clinic,Toni Ayurveda medical,medical_clinic,27.7211757,85.3708154,Boudha stupa,1
ChIJbYzWhC8b6zkRk0WiG5O18DE,clinic,Chamunda therapy center,medical_clinic,27.7212424,85.3710043,Boudha stupa,1
ChIJxxUw3HYZ6zkRT-u1obniwZs,clinic,Smart Dental Hub,dental_clinic,27.7212826,85.352869,Boudha stupa,1
ChIJpandaQAb6zkRvxcLRsQutqc,clinic,New sunrise optical,medical_clinic,27.721332,85.371073,Boudha stupa,1
ChIJx4LLSNYb6zkRcPwH_9nIYFY,clinic,Aarambha Pharmacy and Doctor's Clinic,,27.7148053,85.3565802,Boudha stupa,1
ChIJH6QqY8Yb6zkRpyJB_AHBxu0,clinic,Siddartha Chasma Ghar,medical_clinic,27.7215666,85.37110969999999,Boudha stupa,1
ChIJk5ToYsYb6zkRrhxCtBL_kp0,clinic,कोइराला पोलिक्लिनिक एण्ड डाइग्नोस्टिक सेन्टर प्रा. लि.,medical_clinic,27.721622,85.371201,Boudha stupa,1
ChIJW97k8Tob6zkRC_Op7FRgOas,clinic,Gokarneshwor Dental Clinic,dental_clinic,27.7217418,85.371234,Boudha stupa,1
ChIJwbUj_BLXyoURjYfVqRV6Re8,clinic,Aarogya Well Care Clinic,medical_clinic,27.7208564,85.3712281,Boudha stupa,1
ChIJ879Hs4Yb6zkRSrXGYyw-z6o,clinic,Healthy Muskan Dental Clinic,dental_clinic,27.7213352,85.37127960000001,Boudha stupa,1
ChIJf4qyoqYb6zkRCo9TCfYE2Hs,clinic,DDMC-Doctor’s Dental Multispecialty Clinic,dental_clinic,27.7294949,85.36425009999999,Boudha stupa,1
ChIJE4BhUAAb6zkRdNayC-LO-FI,clinic,Ramnagar Clinic and Diagnostic Centre,medical_clinic,27.729493,85.36443200000001,Boudha stupa,1
ChIJBWOWT8Ab6zkRHYwgQsiwQZk,clinic,Nawa Chamunda Dental Clinic,dental_clinic,27.7213378,85.3714329,Boudha stupa,1
ChIJrfdF2WIZ6zkRjRCDKq0SfyU,clinic,China Great Wall Hospital,medical_clinic,27.7191267,85.3527699,Boudha stupa,1
ChIJFUCUEwAb6zkRxBHyo47F1f0,clinic,"Khushi Dental Clinic, Tinchuli",dental_clinic,27.7270028,85.3691327,Boudha stupa,1
ChIJx7CDZLcb6zkR-v-WXad9sdw,clinic,Sonova Healthcare Pvt. Ltd,hospital,27.7280082,85.3558687,Boudha stupa,1
ChIJy2LMMc8b6zkR4jdO4Gndttk,clinic,Himchuli Medical,medical_clinic,27.7167073,85.3702541,Boudha stupa,1
ChIJmbOiFAAb6zkRrqKPsYilXUA,clinic,Zirconia Dental Pvt. Ltd.,dental_clinic,27.7143708,85.3560715,Boudha stupa,1
ChIJH9WBNgAb6zkRnMp3HP_vSV8,clinic,Sajha Metro Dental Clinic,dental_clinic,27.7215785,85.3718973,Boudha stupa,1
ChIJ5TrvFh8b6zkR-pu5CrssCaQ,clinic,Sarweshwor Urban Health Centre,medical_clinic,27.713505,85.36681039999999,Boudha stupa,1
ChIJ36qDy54b6zkR3Dbk1zXp9tw,clinic,Sarweshwor Dental Home,dental_clinic,27.7135161,85.3668495,Boudha stupa,1
ChIJ1xsapdgZ6zkRDcPMpAvy3CE,clinic,Texsas Medical Center Pvt. Ltd,medical_clinic,27.7192423,85.3518753,Boudha stupa,1
ChIJTzQMWnYZ6zkRZmObUU8uDQU,clinic,Jolly Family Dental Care,dental_clinic,27.7191166,85.3518823,Boudha stupa,1
ChIJM2JnEQAb6zkRJmv4dH9zRTA,clinic,ARYA TARA SOWA RIGPA CLINIC & THERAPY CENTER,medical_clinic,27.7304947,85.363995,Boudha stupa,1
ChIJW0ZqZ0Qb6zkR9Wdy3xrTRz8,clinic,Puja dental clinic,dental_clinic,27.7213583,85.3724881,Boudha stupa,1
ChIJ0bGJbAAb6zkRbkCbU3MK8qA,clinic,Jorpati Polyclinic Pvt. Ltd. Dental Unit,dental_clinic,27.7217649,85.372542,Boudha stupa,1
ChIJHbH39N8b6zkRSWLittR_65k,clinic,Samuchit Pharmacy,medical_clinic,27.7287081,85.3551751,Boudha stupa,1
ChIJvR6CZ1sb6zkRNVeAZBFvTH0,clinic,Samarpan Samaj Nepal Drug/Alcohol Treatment & Rehabilitation Center,health,27.7307915,85.360727,Boudha stupa,1
ChIJhfyGHgAb6zkRrsGYwA3LQbg,clinic,Prasthan Pharmacy,medical_clinic,27.7214969,85.37268050000002,Boudha stupa,1
ChIJsdnpYmEZ6zkRQ9zbjTQWwsA,clinic,Sampurna Optical House,medical_clinic,27.7241746,85.35163879999999,Boudha stupa,1
ChIJ8XZZTgAZ6zkR8uSn2eR6pR4,clinic,Luv Kush Dental care,dental_clinic,27.7143064,85.35468259999999,Boudha stupa,1
ChIJTRhG998b6zkRTBqZs9-MwlA,clinic,Dantapur Dental Care PVT LTD,dental_clinic,27.7291713,85.3552952,Boudha stupa,1
ChIJ0dHoHgAb6zkRLK4CrfFgJxc,clinic,SARCHINS MULTI SPECIALITY HEALTHCARE PVT.LTD,hospital,27.7309964,85.36505269999999,Boudha stupa,1
ChIJCfwd1VcZ6zkRICc6jVpMR7U,clinic,Chasham pasal -Chuchepati,store,27.719601200000003,85.35058629999999,Boudha stupa,1
ChIJxYcKEi4b6zkRQ8bmBiI1lfc,clinic,Vajra Dental & Implant Centre,dental_clinic,27.7317625,85.362128,Boudha stupa,1
ChIJNWRc7Zkb6zkRmwRz8W46zls,clinic,Sherpass,medical_clinic,27.7263026,85.3723326,Boudha stupa,1
ChIJaePIehgZ6zkRl2Tb56dyIiA,clinic,"Adwait Smile Center, Chuchepati, Chabahil",dental_clinic,27.7191921,85.3502891,Boudha stupa,1
ChIJZ6zjAOAb6zkRcJnOPkFCv_s,clinic,दन्त क्लिनिक,dental_clinic,27.7301664,85.3551784,Boudha stupa,1
ChIJl2xMOvgb6zkRTLQOgoYamhg,clinic,Urban Health Promotion Center - Boudha KMC 06,medical_clinic,27.7315785,85.36533949999999,Boudha stupa,1
ChIJAWBZUwAZ6zkRAlLbDBJS3ng,clinic,"Saraswotinagar ,Kathmandu",medical_clinic,27.7231185,85.350037,Boudha stupa,1
ChIJ9SHiW2MZ6zkRQYzDA8Qf4LE,clinic,Solukhumbu Dental Clinic,dental_clinic,27.719136,85.3501033,Boudha stupa,1
ChIJNVp2dgAb6zkR52_pUU9mZlQ,clinic,Ghatraj Dental Clinic,dental_clinic,27.7320999,85.3593878,Boudha stupa,1
ChIJ70neGQAb6zkRS07haZzutvQ,clinic,Wellbeing Advisor Pvt. Ltd,medical_clinic,27.7324225,85.3617606,Boudha stupa,1
ChIJyVweURUZ6zkR0W4SUaDMY0s,clinic,Community Dental Clinic (CDC Nepal),dental_clinic,27.7127204,85.3542071,Boudha stupa,1
ChIJnXzcgRIb6zkR4ovJ__bBtI4,clinic,Ghataraj Clinic,medical_clinic,27.732185,85.35926959999999,Boudha stupa,1
ChIJjY1XHQAZ6zkR2KthkhuqIH4,clinic,Sumeru Dental Care,dental_clinic,27.7184725,85.34982769999999,Boudha stupa,1
ChIJbeKmsGUZ6zkRVkNDCNvy9UQ,clinic,Dynamic Health Care & Rehabilitation Centre,medical_clinic,27.7225723,85.3494381,Boudha stupa,1
ChIJyevjzo8Z6zkR_ANDPmAUZHI,clinic,Nawa Buddha Dental Care Pvt. Ltd,dental_clinic,27.7187551,85.3497209,Boudha stupa,1
ChIJ117KxUQZ6zkRfCoqFckRsSA,clinic,Urban Health Promotion Center,medical_clinic,27.7154063,85.3511072,Boudha stupa,1
ChIJ7Q9HQ0EZ6zkRSDZV8FWkCpg,clinic,Aroma optical,medical_clinic,27.729999900000003,85.35363780000002,Boudha stupa,1
ChIJHSFhVAAZ6zkRuvDPUB7eViU,clinic,"Dirghayu Dental - Narayan Chowk, Kapan",dental_clinic,27.728434,85.35182379999999,Boudha stupa,1
ChIJ11qQrWYZ6zkRAgswouwHJgg,clinic,Panchayan Pharmacy,medical_clinic,27.7246812,85.349592,Boudha stupa,1
ChIJl85GEo8Z6zkR1rzrvCihyGo,clinic,Optic Eyes Clinic & Optical Chabahil,medical_clinic,27.7184348,85.34946029999999,Boudha stupa,1
ChIJ_ee-4mMZ6zkR7qw3D_XttSQ,clinic,Ojash Physiotherapy,medical_clinic,27.712069,85.354332,Boudha stupa,1
ChIJWwQK5mob6zkR3hofzzjphMM,clinic,Sunkoshi Dental Clinic,dental_clinic,27.7221684,85.34893489999999,Boudha stupa,1
ChIJ63pYfSkZ6zkRW21CdRsw9zA,clinic,Bright vision eye care centre and optical,medical_clinic,27.7222506,85.3488555,Boudha stupa,1
ChIJTS4MAgAZ6zkRGDQnNbKpgxM,clinic,Celebrate pharmacy,medical_clinic,27.7120378,85.3540451,Boudha stupa,1
ChIJPbegKCwZ6zkRGlEDVSmBvwo,clinic,Mid Chabahil Dental Care Center,dental_clinic,27.718626300000004,85.3490523,Boudha stupa,1
ChIJv1apeMcb6zkR6e_8ZS-vkeA,clinic,श्री दिप अप्टिकल तथा अाखाँ उपचार केन्द्र्,store,27.7219156,85.37523879999999,Boudha stupa,1
ChIJLbl_WlAZ6zkR3yLvhAuOkmQ,clinic,Nepal Pain Clinic Pvt.Ltd,doctor,27.7137616,85.35177689999999,Boudha stupa,1
ChIJja7CY6kZ6zkRwd7Ky1yFCLE,clinic,Abirath Enterprises,medical_clinic,27.7266981,85.35002,Boudha stupa,1
ChIJE8x4Uscb6zkRc_exjPdvoTI,clinic,संगीनी हेल्थ क्लिनिक,pharmacy,27.724599,85.3749859,Boudha stupa,1
ChIJe4XDBgAb6zkRhPvQsTj55e4,clinic,iShine Opticals & Eye Care Center,medical_clinic,27.7333743,85.3622128,Boudha stupa,1
ChIJRbmATQAb6zkRlw8IlPTeTPw,clinic,Ditoxs japanese therapy center,medical_clinic,27.7259163,85.374498,Boudha stupa,1
ChIJY4XZVwAb6zkRTIN19p3f7yA,clinic,Gotatar,medical_clinic,27.7137113,85.3724198,Boudha stupa,1
ChIJS8yHNhsZ6zkRzz_-qbFKsNQ,clinic,Gunja Pharmacy,pharmacy,27.714834900000003,85.3504588,Boudha stupa,1
ChIJ_egGHgAb6zkRSPqUosABvE8,clinic,Nageshwor Dental Home,dental_clinic,27.7290378,85.37299329999999,Boudha stupa,1
ChIJ34_MyqAb6zkReVZpsbm6tx8,clinic,SkyNeel Dental Clinic Pvt. Ltd.,dental_clinic,27.7218678,85.3759753,Boudha stupa,1
ChIJQw7Qp7gb6zkRGZkPzpbCN2M,clinic,Shimazu Dental Clinic,dental_clinic,27.7239022,85.3758079,Boudha stupa,1
ChIJy5_AsvAb6zkRA_exA5tfZhc,clinic,Boudha Dental Care,dental_clinic,27.7126781,85.3721699,Boudha stupa,1
ChIJZVqCshkZ6zkR7Lq_ODoVeCw,clinic,New Life Health care,medical_clinic,27.7144506,85.350105,Boudha stupa,1
ChIJpaEXxBUb6zkRWdtvWLSWOxE,clinic,New kist opticals and watch center,store,27.7339584,85.3628742,Boudha stupa,1
ChIJgwBAFFoZ6zkR389i-qgrfUg,clinic,Mental Treatment Rehabilitation Center,medical_clinic,27.717112,85.3484179,Boudha stupa,1
ChIJlZdGBgAZ6zkRIklyXR_kMNk,clinic,Bishal eye clinic and chasma Ghar,medical_clinic,27.7165662,85.3484943,Boudha stupa,1
ChIJcRqtxwwZ6zkRcerSj407ruY,clinic,Om Samyag Dental Clinic,dental_clinic,27.7142795,85.3496936,Boudha stupa,1
ChIJIf3kHgAb6zkRPaouwba0fMA,clinic,Radha-Krishana OPtical & Eye Clinic,medical_clinic,27.7160514,85.3755395,Boudha stupa,1
ChIJQ33VJ2UZ6zkRTeBhxI4jmg4,clinic,H Everest Dental Clinic Pvt.Ltd.,dental_clinic,27.7187312,85.3471629,Boudha stupa,1
ChIJlYMi-SUb6zkR86ghKNcFmIw,college,Master of Buddhism and Peace Studies (MBPS),university,27.7209694,85.36251899999999,Boudha stupa,1
ChIJrYfpRdob6zkRP4qqc3ccHwI,college,Stupa Language & Computer Institute,university,27.7205637,85.36179949999999,Boudha stupa,1
ChIJgV1zh2Yb6zkROpV5J5iGiMc,college,尼泊尔胜观静心小院 ShengGuan Mindful Peace Yard,non_profit_organization,27.7223888,85.3610738,Boudha stupa,1
ChIJrR1nJw8b6zkRwdpUwe47Gf0,college,Kumari Engineering College,university,27.7223098,85.3594107,Boudha stupa,1
ChIJC0X8otkb6zkRF9swzXF3icQ,college,Xavier International College (Bachelor & Master Degree),university,27.7208437,85.3588288,Boudha stupa,1
ChIJ5Y6LAMcb6zkR057Et6Lt9xg,college,Kumari English Boarding School / KEBS College,university,27.7223573,85.358897,Boudha stupa,1
ChIJ0RkJf9sb6zkRQUeFBaBY7jo,college,Ka-Nying Shedrub Ling Monastery,place_of_worship,27.7242089,85.3628421,Boudha stupa,1
ChIJ6YOXftsb6zkRsWLKdh-INxo,college,Rangjung Yeshe Institute राङ्जुङ् बौद्ध विद्यापीठ,university,27.7240396,85.363492,Boudha stupa,1
ChIJD-hVMTwb6zkRAz3IyvfLK1M,college,"Boudha, Pipalbot",university,27.7202821,85.3651881,Boudha stupa,1
ChIJA0SnmlUb6zkRiMuoqgW2Mdc,college,Dharmachakra Library of Rangjung Yeshe Institute,university,27.7247464,85.36190909999999,Boudha stupa,1
ChIJRbXe2N8b6zkRtztMGE7UR7s,college,Balche chok,university,27.7236869,85.36474319999999,Boudha stupa,1
ChIJe26XR8Ub6zkRVwlzMdP1ZXg,college,Ages Graded English HSS/College,university,27.7199867,85.36605259999999,Boudha stupa,1
ChIJ9bEJ6Gkb6zkR3p705Rt_pRk,college,Naaya aayam,university,27.7210538,85.36708259999999,Boudha stupa,1
ChIJnbflB5kb6zkRUK9rGvnl45U,college,Royalty College,university,27.718941,85.3666829,Boudha stupa,1
ChIJD1LNCNgb6zkRzYuGjr_B2gU,college,Kumari college,university,27.719037900000004,85.3570878,Boudha stupa,1
ChIJBwxLNf4b6zkRw-7PjB9WH2I,college,Arunima college,university,27.7171596,85.3588413,Boudha stupa,1
ChIJ19rcHAAb6zkReSil0o0h3uI,college,"Nepal Akshaya College, Mahakal",university,27.7264671,85.3599342,Boudha stupa,1
ChIJTwkXW8Qb6zkR814aCorvnFw,college,Samata College,university,27.7226273,85.3680661,Boudha stupa,1
ChIJDbPCVHcb6zkRFlMqa8EU5aE,college,Patitar pharmacy,university,27.7159123,85.36404,Boudha stupa,1
ChIJN-cCssUb6zkRgjwso27d85E,college,Bajra International College,university,27.7213736,85.36884669999999,Boudha stupa,1
ChIJb0u84ygb6zkRsjcYLEBiLSw,college,"Joseph College, Mahankal Oralo, Shantinagar, Kathmandu",university,27.7266654,85.3582785,Boudha stupa,1
ChIJa5X1zgYb6zkRaufN6uiVvuk,college,Nepal akshaya college,university,27.7272735,85.3579867,Boudha stupa,1
ChIJJdO_kKMb6zkRTxT2wQ5q6d8,college,Joseph College / International Joseph public School,university,27.7273289,85.35798419999999,Boudha stupa,1
ChIJ__dOGgAb6zkRTqNdWA1peAg,college,Samye Sowa-Rigpa Traditional Institute,university,27.7284141,85.36466229999999,Boudha stupa,1
ChIJZ3lTRQkZ6zkRZ9uAZ_FGqXE,college,Outset Education Foundation,university,27.7257644,85.3542796,Boudha stupa,1
ChIJuX94QQAZ6zkRIbnWkhhMktY,college,Aadim College of Management & IT,university,27.720337500000003,85.35238160000002,Boudha stupa,1
ChIJq11MMwAb6zkR-c9VhNgtS80,college,Aayush Bhai ko ghar,university,27.716308800000004,85.36976229999999,Boudha stupa,1
ChIJLY0U2cUb6zkRg_fxYDUC9Bo,college,Kutumba College-Centennial School,university,27.7213407,85.371675,Boudha stupa,1
ChIJG7ZiZOkb6zkR_H3p5ERndsA,college,S. R Media and Educational pvt Ltd,university,27.7280546,85.3557058,Boudha stupa,1
ChIJJfPa9M4b6zkROblCEB6XcLs,college,Charles Darwin Academy,school,27.7143867,85.3680718,Boudha stupa,1
ChIJCaH2pn8Z6zkRdTL6PEGtAhk,college,Pranav Badu APF,university,27.7244444,85.35187909999999,Boudha stupa,1
ChIJAQBAZsEb6zkREjuuYwoFmmg,college,Porong Monastery School,university,27.726411,85.3710255,Boudha stupa,1
ChIJN7GD9cYZ6zkRoLZ7W_yA3Mk,college,Ravi Ranajn patel,university,27.7228954,85.3509007,Boudha stupa,1
ChIJLXqDA30Z6zkR30AHLWvE9F8,college,Satya Sai Academy,university,27.715811400000003,85.3526732,Boudha stupa,1
ChIJhbh9TDIb6zkR1d4Hlf6teGU,college,Lympia National School and College,university,27.7167947,85.3723187,Boudha stupa,1
ChIJ--7DPQAb6zkR0DqOnbVmmXs,college,Buddha,university,27.7308593,85.3573742,Boudha stupa,1
ChIJwZ3CaqEb6zkREyjHGD7Si6w,college,Navaraj Pandey,university,27.7298377,85.35514979999999,Boudha stupa,1
ChIJKfV879sb6zkRW9pLh0amloU,college,Stupa Hostel,university,27.7200722,85.3736299,Boudha stupa,1
ChIJ35YZbLgZ6zkRHTtGU7iVOxA,college,Manaslu World College,university,27.7188484,85.35029089999999,Boudha stupa,1
ChIJ0xT1Q-Eb6zkR1rdgvxsJwxM,college,Timeline school & college,university,27.7157853,85.3722313,Boudha stupa,1
ChIJ_-p6m2QZ6zkRFqHGucEiaGQ,college,Lumbini Academic College,university,27.7195208,85.3498291,Boudha stupa,1
ChIJ-RPiT8Yb6zkRklXDmQG_nkc,college,Shanti Adarsa Secondary,secondary_school,27.7177655,85.37358909999999,Boudha stupa,1
ChIJ0ZkLZsQZ6zkRu5NYscz08no,college,Chuchepati,university,27.7183195,85.3499898,Boudha stupa,1
ChIJzapQ-1Ab6zkRFAJv6-c_bCY,college,Rakesh Khadka,university,27.732417,85.3586627,Boudha stupa,1
ChIJd9QobaUZ6zkRddw2tfzGcE4,college,Vinayak Siddha College (VS College) -Bachelor Building,university,27.7179632,85.3495293,Boudha stupa,1
ChIJieF4pesZ6zkRSGnYS7Qynj8,college,sewa international educational center,university,27.7183542,85.3493166,Boudha stupa,1
ChIJ__9vZmQZ6zkRY5CMSCEZeOY,college,OM Institute,university,27.7215993,85.3487897,Boudha stupa,1
ChIJy7ZGB2AZ6zkRq5RG5RiHPkk,college,"Reliance College - Best College in Chabahil, Kathmandu",university,27.7225933,85.3486958,Boudha stupa,1
ChIJOUD27ZAZ6zkRJkeoRw1sQiE,college,Om nursing campus,university,27.7217868,85.3485218,Boudha stupa,1
ChIJzYNwSQAZ6zkRJ9RCzl7uvT0,college,St. Lawerence College/Bachelor Block,university,27.7177976,85.3490573,Boudha stupa,1
ChIJmSRlfhEb6zkRTCjuVpAgCoY,college,Jugal Nawa Gurukul,university,27.7323738,85.3565078,Boudha stupa,1
ChIJBajIwc0Z6zkRwoi7euMjBXc,college,Lumbini College of Buddhism and Himalayan Studies,university,27.7165105,85.3493809,Boudha stupa,1
ChIJuUZRTP0Z6zkR7qnXFDBfHm0,college,Sarah Adhikari,university,27.7275386,85.3494164,Boudha stupa,1
ChIJSYlaqbgb6zkRS5_Q2nV15tg,college,Nepal Ebenezer Theological seminary,university,27.7244792,85.3759189,Boudha stupa,1
ChIJy2CbbQAZ6zkRLhsCkxj50Zw,college,Nyaythm hotel management training college,university,27.7178382,85.34772490000002,Boudha stupa,1
ChIJM1X7gsAb6zkRyjJ5l2y9G04,college,Sowa Rigpa International College,university,27.7271423,85.3754826,Boudha stupa,1
ChIJM2gGtGUZ6zkRB-QYO_Vwrwk,college,RHESC अकुपञ्चर कलेज,university,27.722057,85.34692600000001,Boudha stupa,1
ChIJTUTJKXsZ6zkR3QJTN1RB4bg,college,Saint Francis International Education,consultant,27.717685,85.347393,Boudha stupa,1
ChIJxexcWtsZ6zkRWFMWo6ppBLM,college,openvision education foundation,university,27.7174091,85.3474416,Boudha stupa,1
ChIJ92bGWtob6zkRWk9MDvVpK28,hospital,Bauddha Skin Clinic &Cosmetic Laser Center,hospital,27.7204658,85.3620847,Boudha stupa,1
ChIJ6ark8dob6zkR5ov6eqjLAMs,hospital,Bouddha Stupa Pharmacy,medical_center,27.7203972,85.36334459999999,Boudha stupa,1
ChIJH24-iQob6zkRHDG4AnFEaFE,hospital,Sahasra pharmacy.,medical_center,27.7197042,85.3613991,Boudha stupa,1
ChIJJbdmlKMb6zkRdo6GT75wMQE,hospital,Sowa Rigpa wellness Centre,health,27.7234465,85.3608033,Boudha stupa,1
ChIJbVJmc9kb6zkRmK1jE7LpUrI,hospital,Craniosacral Therapy,hospital,27.721731,85.3589307,Boudha stupa,1
ChIJ5XdH2o0b6zkRuhG9lBzGLgU,hospital,CMS Pharmacy,medical_center,27.720192,85.3590191,Boudha stupa,1
ChIJ636Jy9ob6zkRPJx-f44YBUQ,hospital,सामुदायिक शहरी स्वास्थ्य क्लिनिक,community_center,27.72044,85.3650749,Boudha stupa,1
ChIJNeFs8csb6zkR2vqadhSKFVw,hospital,KHDC,hospital,27.7202288,85.35799899999999,Boudha stupa,1
ChIJyUMOxQob6zkRwPLuAEWJplY,hospital,ENT services by Dr Dhiraj bishankha MS ENT & HNS,medical_center,27.721298,85.357548,Boudha stupa,1
ChIJO06_TgAb6zkRYh-coOA6L5w,hospital,Tulip Medicine Distributor Pvt.Ltd,medical_center,27.725957,85.3600764,Boudha stupa,1
ChIJPXyVksQb6zkRaWQ2THyyifY,hospital,Tibetan Medical & Astrology Ltd,hospital,27.7231745,85.3671607,Boudha stupa,1
ChIJK3CcDdMb6zkRY31PpVFN8sY,hospital,Dispensary Nepal Fondation,medical_center,27.7162018,85.36087049999999,Boudha stupa,1
ChIJRQmbqcUb6zkRx-1YwFTXIg4,hospital,Thapa Medical Hall,medical_center,27.7212278,85.3680302,Boudha stupa,1
ChIJXQu4CwAb6zkRH_VSVhFUBQk,hospital,Mahankal Pharmacy and Health Care Center,medical_center,27.7240268,85.3562671,Boudha stupa,1
ChIJd04hssUb6zkRkTOmzds59DQ,hospital,Samata Aayurved Treatment Center,medical_center,27.7213218,85.3686235,Boudha stupa,1
ChIJ6TpTrkgb6zkR9TN4vWUKsDE,hospital,Control medical,medical_center,27.7152655,85.36012410000001,Boudha stupa,1
ChIJm_1UGQAb6zkRA929O-qjq1Y,hospital,Bhojpur medical hall,medical_center,27.7151038,85.3632523,Boudha stupa,1
ChIJybnfEAAb6zkRwaOwOC33sEo,hospital,Rajjico pharmacy,medical_center,27.7163656,85.36640659999999,Boudha stupa,1
ChIJW0bjrtcb6zkR7opz9mA8bg4,hospital,Samata Hospital,hospital,27.7160785,85.3573574,Boudha stupa,1
ChIJ_1Vsb8cZ6zkRfdYmisKR3lM,hospital,Nima Gombu Recident,hospital,27.7242964,85.35453439999999,Boudha stupa,1
ChIJnUruTAAb6zkR746HYAj1yNw,hospital,Khyolmarutsi Sorig Medical Clinic,medical_center,27.7267295,85.36817169999999,Boudha stupa,1
ChIJh9t-r8Mb6zkR-4P3dD0XiT8,hospital,Mandala Poly Clinic & Research Center,hospital,27.7268181,85.368361,Boudha stupa,1
ChIJuY87kcYb6zkRXD5RFzNfvPE,hospital,Primary Health Center,medical_center,27.722789,85.37132100000001,Boudha stupa,1
ChIJA54FeQAb6zkRBYECrFj74VM,hospital,Nirvarata Pharmacy,medical_center,27.718917,85.37113719999999,Boudha stupa,1
ChIJdz5PYcYb6zkRf-SpvxHEdsg,hospital,Sambandha Ausadhi Pasal,pharmacy,27.721365,85.371572,Boudha stupa,1
ChIJKTCCYMYb6zkR_w6j0YXFOas,hospital,Jorpati Polyclinic Pvt.Ltd.,hospital,27.7215634,85.37173829999999,Boudha stupa,1
ChIJ023H0hsb6zkRKuCzr6TLMmQ,hospital,Love Kush Polycilnc and Diagnosting Center,hospital,27.7149945,85.3549843,Boudha stupa,1
ChIJJZfNpeQb6zkRDmBNo3IFrQY,hospital,Lina Pharmacy,medical_center,27.7295338,85.35753249999999,Boudha stupa,1
ChIJOSko3Gsb6zkRMS-WNoZziCo,hospital,Sarwamangalam Medical,medical_center,27.7131194,85.36614150000001,Boudha stupa,1
ChIJH5ercQAZ6zkRwYDOXIJa12U,hospital,Rabin Medical Center,medical_center,27.7204608,85.3516131,Boudha stupa,1
ChIJNVzrc84b6zkRROqkCLW_OV4,hospital,Sarbeshwor Medical,medical_center,27.7132636,85.3668339,Boudha stupa,1
ChIJC80wO2MZ6zkRU7xoc1r9v8w,hospital,Step Health Pvt Ltd,hospital,27.719177,85.351705,Boudha stupa,1
ChIJ2y-YFwAb6zkR5T1-kQTvie0,hospital,Nayabasti agrata health care,medical_center,27.7163053,85.37083229999999,Boudha stupa,1
ChIJy8eSYwAb6zkRajnxlL15tDI,hospital,Nayabasti Agrata Health Care PVT. LTD.,medical_center,27.7159382,85.3706454,Boudha stupa,1
ChIJbYObAQAb6zkRh0oFk_G1vqo,hospital,Gokarneshwor-5 behind ward office,medical_center,27.7214978,85.3726798,Boudha stupa,1
ChIJ00-SRgAZ6zkRqHISmakgI-A,hospital,Chawahil chuchchepati,hospital,27.720187300000003,85.35126059999999,Boudha stupa,1
ChIJU60Bj84b6zkRcQv11ajyCn0,hospital,Khadka Pharmacy,medical_center,27.7137014,85.36833109999999,Boudha stupa,1
ChIJdWS_j84b6zkR1luuu0mW8zM,hospital,Chaturbhujeswor Medicine Center,medical_center,27.7137948,85.3684907,Boudha stupa,1
ChIJy0z8cwAb6zkRu0diXCwHqdw,hospital,Sarchin International Hospital and Research center pvt ltd,hospital,27.7308505,85.3649738,Boudha stupa,1
ChIJdbtCR2MZ6zkRrp-e0M9qCKw,hospital,Chabahil Poly Clinic,hospital,27.719179,85.35108400000001,Boudha stupa,1
ChIJQXuuRWMZ6zkRqOMyZNaDaCA,hospital,Kantipur homiyopyathi,medical_center,27.71903,85.3506379,Boudha stupa,1
ChIJY0EtcwAb6zkRtIxZhLe2h3A,hospital,BISWO AYURVEDIC BHAWAN,medical_center,27.7297939,85.35514479999999,Boudha stupa,1
ChIJpassYQAb6zkRXK95cHwyS6I,hospital,Chowk pharmacy,medical_center,27.7301979,85.3551945,Boudha stupa,1
ChIJEw2tDwAZ6zkRHGKuFAFuYEY,hospital,saira polyclinic and pharmacy,hospital,27.7231438,85.3499768,Boudha stupa,1
ChIJFcZJTQAb6zkROki9OnGM4FE,hospital,Hyangla Medical hall+,medical_center,27.7193589,85.37391749999999,Boudha stupa,1
ChIJ1afBxH0Z6zkRsRUkaV29a6U,hospital,Mandip Gaire Plastic Surgery,hospital,27.713189300000003,85.3532573,Boudha stupa,1
ChIJgaTlsIMZ6zkR1nRVFNqQaDI,hospital,Janata swasthya kendra,hospital,27.7154089,85.3510944,Boudha stupa,1
ChIJkfpZbWQZ6zkR7N63N_qJzoA,hospital,Sarashwati Medical Hall,hospital,27.7224451,85.3491602,Boudha stupa,1
ChIJu8bl9HwZ6zkR2G-OGj2CiHI,hospital,Amics Health Centre,hospital,27.715088,85.35112199999999,Boudha stupa,1
ChIJrbWAu8Eb6zkRS1lGEiqlRhE,hospital,Jai Buddha Medical Hall,medical_center,27.728571,85.372079,Boudha stupa,1
ChIJZ2wuQGQZ6zkRATRbF009xF0,hospital,rubshna opticals,hospital,27.7222657,85.34845469999999,Boudha stupa,1
ChIJa9HfAnsZ6zkRHb7Ckiep0W0,hospital,hira basnet,hospital,27.7165021,85.3485462,Boudha stupa,1
ChIJe2PeQAAZ6zkRLCNp3DKzzTI,hospital,Dr Sudip Parajuli,hospital,27.7165662,85.3484943,Boudha stupa,1
ChIJp8QgUb8b6zkRwT0gFtFCWDo,hospital,indra lama,hospital,27.7253803,85.3760119,Boudha stupa,1
ChIJeyEVUQAb6zkRZAVw46XPhA4,hospital,R’s House,medical_center,27.721559,85.37672599999999,Boudha stupa,1
ChIJybfs2vwb6zkRATCTU3nSh24,hospital,अलकापुरी पुनस्थापना केन्द्र,hospital,27.7109199,85.3711577,Boudha stupa,1
ChIJZQZUN2gb6zkRms3yu_loCNQ,mall,Dorje Handmade,shopping_mall,27.7211912,85.36251659999999,Boudha stupa,1
ChIJs_Byb3gb6zkRyz0zWz7i8O8,mall,SS BRAND SILVER SHOP,shopping_mall,27.7217571,85.36242419999999,Boudha stupa,1
ChIJcZacWtob6zkRMkNcKisaE24,mall,Namo Buddha Opticals,shopping_mall,27.7207434,85.3621228,Boudha stupa,1
ChIJk2hPV9ob6zkRiCpIsCTj0M8,mall,kc shoe,shopping_mall,27.720793500000003,85.3624724,Boudha stupa,1
ChIJ1W94Qtwb6zkRQB5SkIMVBF8,mall,Chhyorten Namsum Thangka Gallery,shopping_mall,27.7215204,85.36095999999999,Boudha stupa,1
ChIJQbumD_8b6zkRgWFnMrtz5Ns,mall,"Erke,humtto multi showroom",shopping_mall,27.720724,85.36072659999999,Boudha stupa,1
ChIJS4UI7tob6zkRpDGR1KeWwkQ,mall,Supreme Nepal Anime Store,shopping_mall,27.7204346,85.3629306,Boudha stupa,1
ChIJt2KxlBMb6zkRIVDh5eHQQRc,mall,Serta Cloth Shop,shopping_mall,27.7226657,85.36252789999999,Boudha stupa,1
ChIJ-TkATAIb6zkR2IP8BrMP_bw,mall,THE LOOKS FASHION WEAR,shopping_mall,27.7205874,85.3632313,Boudha stupa,1
ChIJJ_0PNzEb6zkRbpgb3smVEa8,mall,4k store(clothing for new generations),shopping_mall,27.7205463,85.36380190000001,Boudha stupa,1
ChIJT75xiNkb6zkRRWZ1AmxIFbQ,mall,Black Cat,shopping_mall,27.7206103,85.36002429999999,Boudha stupa,1
ChIJGT_Bj9kb6zkRI1SvzGPGaXw,mall,Yolmo Lungta,shopping_mall,27.720524,85.35955109999999,Boudha stupa,1
ChIJfVuJpxMb6zkRD1EeWa6r5Ts,mall,Tamang Plaza,shopping_mall,27.7205906,85.3644801,Boudha stupa,1
ChIJAVHZ3nwb6zkR30YOZQ6FSgc,mall,Dreams Collection ‘’Sang_Crpa’’,shopping_mall,27.720497,85.35941299999999,Boudha stupa,1
ChIJT0cgAQAb6zkRlV_DsETGv4k,mall,Gole fancy,shopping_mall,27.7205808,85.364626,Boudha stupa,1
ChIJJz3_cNsb6zkRCXZoRJ43W_A,mall,Phulbari Complex,shopping_mall,27.7236148,85.36341250000001,Boudha stupa,1
ChIJCxHWitsb6zkRvHgiEo8pvWk,mall,ROKPA Workshop,shopping_mall,27.7241751,85.36144540000001,Boudha stupa,1
ChIJ4cxy_iYb6zkR_Q0or1ruhxA,mall,Kalimpong/Subash handicrafts workshop,tibetan_restaurant,27.723551,85.3642263,Boudha stupa,1
ChIJ1XuVvdkb6zkR0_X3zBVSNH8,mall,Hishi Arcade,shopping_mall,27.7203667,85.3587276,Boudha stupa,1
ChIJVX-dutsb6zkRR60O_gncokM,mall,A. R. Handicraft Pvt. Ltd.,shopping_mall,27.724032,85.36382440000001,Boudha stupa,1
ChIJOXTEsGgb6zkRoaxmKCPm8yg,mall,SHIVRUPAM COMPLEX,shopping_mall,27.7244364,85.3641456,Boudha stupa,1
ChIJAT1LTKUZ6zkRaBjrlzvlCGM,mall,Shopway Mart Pvt.Ltd.,food_delivery,27.7181046,85.3601719,Boudha stupa,1
ChIJfTazN9kb6zkRY8t_1ru9Gh8,mall,H-Mart Nepal,shopping_mall,27.724562100000004,85.3642631,Boudha stupa,1
ChIJHcdDO8Ub6zkRJS1LPcPnI_0,mall,R.N. Electric Suppliers,shopping_mall,27.7207798,85.3662083,Boudha stupa,1
ChIJJ-d0p9wb6zkRz4NBjA-hWcQ,mall,Ratna Statue House,shopping_mall,27.7245275,85.36450549999999,Boudha stupa,1
ChIJh6IUv6cb6zkRcHpywn63jV8,mall,KFC Top Sports & Trekking Collecation,shopping_mall,27.7212981,85.3575479,Boudha stupa,1
ChIJyWxkn1Qb6zkRhtrPJEur49k,mall,Salaka Shop,shopping_mall,27.7212981,85.3575479,Boudha stupa,1
ChIJL1ERVgAb6zkRENxH0Kn78Xw,mall,S.S Shoes & Fancy Huh,shopping_mall,27.720975,85.3664459,Boudha stupa,1
ChIJcwBtr9wb6zkRNBb2j6yuzFY,mall,Fulbari,shopping_mall,27.7249553,85.364721,Boudha stupa,1
ChIJ132GWwAb6zkRc07vW1_uz-c,mall,"Moosto.com,Boudha",shopping_mall,27.7208644,85.3668457,Boudha stupa,1
ChIJL0vhRQAb6zkRjZuRaCCzs6k,mall,99 Shopping Bouddha,shopping_mall,27.7211975,85.366922,Boudha stupa,1
ChIJUfYieAAb6zkRTS1NY-rkGq8,mall,Nee Fashion Factory,shopping_mall,27.7257767,85.36291340000001,Boudha stupa,1
ChIJRXd3N9cb6zkRYBI7C2LDjNI,mall,राङरिसा ब्रदर्स स्टोर,shopping_mall,27.7167538,85.3595302,Boudha stupa,1
ChIJ0d5y98Qb6zkRSe2dIpgLVFI,mall,Buddha Mala Collection center Pvt.ltd.,shopping_mall,27.7224473,85.3676852,Boudha stupa,1
ChIJPTgsesUb6zkRHQ2MA_Dz65I,mall,Ashirwad Bhawan,shopping_mall,27.7244772,85.356896,Boudha stupa,1
ChIJy-EVeMUb6zkRPA_jcFSJNks,mall,everest dressup,shopping_mall,27.7193466,85.36778910000001,Boudha stupa,1
ChIJEdULR7Ub6zkRqLym-7dQkv0,mall,Guragain Store,shopping_mall,27.72692,85.3629356,Boudha stupa,1
ChIJi3mtPQAb6zkRzVkAtzzWO7Y,mall,Triple Seven,shopping_mall,27.7257615,85.3662425,Boudha stupa,1
ChIJV7Xuby4b6zkRWYapWDr5NZc,mall,Subha Dulal Store,shopping_mall,27.7272569,85.3627255,Boudha stupa,1
ChIJf6HE794b6zkRWpJVbaTXRps,mall,Aqua space,shopping_mall,27.7264058,85.35831519999999,Boudha stupa,1
ChIJyyxfyu4b6zkRI-8AxidQKLQ,mall,Melung Mart,shopping_mall,27.7154255,85.3602891,Boudha stupa,1
ChIJtwg5ETgb6zkR90LYlOJxZK0,mall,U B Cosmetics,shopping_mall,27.7151231,85.3615207,Boudha stupa,1
ChIJIe6u3OMb6zkRr1TfCGi0j-M,mall,Authentic Handicrafts,shopping_mall,27.7250171,85.35582409999999,Boudha stupa,1
ChIJoduN08Ub6zkR1kaorJ_yW8E,mall,U R Collection Center,shopping_mall,27.721463900000003,85.37010420000001,Boudha stupa,1
ChIJq3RjaWIZ6zkRqoil9_PemWU,mall,कृष्ण किशन चिसो स्टोर,service,27.7222047,85.3538193,Boudha stupa,1
ChIJtxAarWIZ6zkRmfKk8pZ3ur0,mall,Sasot Store,shopping_mall,27.7183805,85.3544802,Boudha stupa,1
ChIJyRkTW0Eb6zkRGFijy-bsvxA,mall,SENSA The Urban Sanctuary,shopping_mall,27.7270408,85.3566969,Boudha stupa,1
ChIJdxYeK8cb6zkRoEtLFafP5R8,mall,Quality Products,shopping_mall,27.7276492,85.357635,Boudha stupa,1
ChIJBb3oG2IZ6zkR3F_7n3FjFrU,mall,Shakuntala Store,shopping_mall,27.7236458,85.35399009999999,Boudha stupa,1
ChIJ6X3vbwAZ6zkR5F64odlGpsk,mall,Maharajgung,shopping_mall,27.7213492,85.3534545,Boudha stupa,1
ChIJ22DnVWkb6zkR93-Qa3zGhmk,mall,PATHIBHARA FASHION HOUSE,shopping_mall,27.7274943,85.35696519999999,Boudha stupa,1
ChIJ2dZLJ8Qb6zkRBzMlfLZUtmI,mall,Dolkar Grocery,shopping_mall,27.7228083,85.37035449999999,Boudha stupa,1
ChIJa4hFQnYb6zkRXcpZaoCt8_8,mall,Tara Digital,shopping_mall,27.7137788,85.3615141,Boudha stupa,1
ChIJwb6fUAAb6zkR8FFzCvua7K4,mall,Aadhishree cosmetics,shopping_mall,27.7287874,85.3591817,Boudha stupa,1
ChIJETTY3-8b6zkRt7hWr1E0nYo,mall,828 Suppliers,shopping_mall,27.7288892,85.3595352,Boudha stupa,1
ChIJZSHItGcZ6zkRyAAh_0Gtpj4,mall,Annapurna Shopping,shopping_mall,27.7261692,85.3549125,Boudha stupa,1
ChIJZajc8Q0Z6zkRGtJ-TPRoVlE,mall,Ash Shoping,shopping_mall,27.7261692,85.3549125,Boudha stupa,1
ChIJSaOP2GEZ6zkRxumEJMwEYrI,mall,Md Cloth Shop 786,shopping_mall,27.7261692,85.3549125,Boudha stupa,1
ChIJnzhWvwAb6zkRQA7w2OcTpBs,mall,ढक तराजु पसल,shopping_mall,27.721287,85.3708571,Boudha stupa,1
ChIJBWv4nswb6zkR8-bWd7l-iWY,mall,Telemart Nepal,shopping_mall,27.7134813,85.3631298,Boudha stupa,1
ChIJNx-shS4b6zkRNJQUb3WncwE,mall,Mata Shree Enterprises,shopping_mall,27.7293379,85.36004969999999,Boudha stupa,1
ChIJA3jsKgwb6zkR6XPiH25uGVw,mall,Jailaxmi Jewellers,shopping_mall,27.721512,85.37123849999999,Boudha stupa,1
ChIJAatJgMYZ6zkROksWRXdK5bY,mall,Stuff Chuchepati - best iphone repair shop in kathmandu nepal,shopping_mall,27.7191744,85.3529569,Boudha stupa,1
ChIJFyiOWAgb6zkRq0csNmQ1P7U,mall,Timal kirana pasal,shopping_mall,27.7249214,85.3706502,Boudha stupa,1
ChIJb55Q2WIZ6zkRkII1gcF5SoU,mall,Sunkoshi Craft Pashmina,shopping_mall,27.7191672,85.3526713,Boudha stupa,1
ChIJPwIkR90b6zkRRdxZR0fUofc,mall,Lady care beauty parlor,shopping_mall,27.7296272,85.364425,Boudha stupa,1
ChIJvcIsyaYb6zkRNsp1QlLaABQ,mall,Ratna lal Bread and Puff shop,shopping_mall,27.7139658,85.3562425,Boudha stupa,1
ChIJ11QCUgAb6zkRFeD_qX6PWao,mall,September Shine,shopping_mall,27.7304745,85.363958,Boudha stupa,1
ChIJ-WAEYdsb6zkRodbf5-c_B-g,mall,Sungava Lamichhane store,shopping_mall,27.7298144,85.35734959999999,Boudha stupa,1
ChIJiXGM9N8b6zkRH5iyKlcr5Rg,mall,Triveni Shopping Complex,shopping_mall,27.7286779,85.35519239999999,Boudha stupa,1
ChIJdSGuVcYb6zkR57K2lmn6W8M,mall,Kapil Ashutosh Puja Samagri Pasal,shopping_mall,27.7216061,85.3728391,Boudha stupa,1
ChIJIWRpIjIb6zkR1RmtvG7p95I,mall,Chhimeki Mart Pvt. Ltd.,shopping_mall,27.7308267,85.3650124,Boudha stupa,1
ChIJYYWDzM4b6zkRpk-ybMUF_VI,mall,Nisha Boutique and Saree House,shopping_mall,27.7295826,85.355409,Boudha stupa,1
ChIJM3QqhFYb6zkRNGWjxvuAppw,mall,Milan Sanitary Enterprises,shopping_mall,27.7217281,85.37348829999999,Boudha stupa,1
ChIJXZYXJckb6zkRhCQnzXwj7Zw,mall,Dibya Meat Shop & Suppliers,shopping_mall,27.7152706,85.37122269999999,Boudha stupa,1
ChIJlf2y2nMb6zkRtmaTQfMoAa8,mall,Laliguras online shop,shopping_mall,27.7298377,85.35514979999999,Boudha stupa,1
ChIJZ4FGybAb6zkRT8qDqPAmBdA,mall,Krijala's Collection,shopping_mall,27.7298377,85.35514979999999,Boudha stupa,1
ChIJJUetoJgZ6zkRdoV1tcVS5rw,mall,Ash Memory Zone & Online Store,shopping_mall,27.7231616,85.3503618,Boudha stupa,1
ChIJvZhIznoZ6zkR7FuwesU5WD0,mall,Panchawati Khadya store,shopping_mall,27.7235197,85.350425,Boudha stupa,1
ChIJmRsTAOAb6zkR--2tvbpob00,mall,तिरुपति थैला अनि जुत्ता हाउस,shopping_mall,27.7300501,85.3550389,Boudha stupa,1
ChIJ2dEoDOcb6zkRh-zy-fsdy0I,mall,New Ganesh Store,shopping_mall,27.732014900000003,85.36222529999999,Boudha stupa,1
ChIJZSqBAeAb6zkR1FlTqmc8_rg,mall,Aastha Shoe Centre,shopping_mall,27.7303201,85.3550635,Boudha stupa,1
ChIJv_mj-98b6zkRYuvNPMf8f4Y,mall,MNS Mini shop,shopping_mall,27.731455,85.3571477,Boudha stupa,1
ChIJUXZJVmMZ6zkRJ7eIMyJ4uKM,mall,Mahalaxmi Fancy & Shoe Center,shopping_mall,27.7217496,85.37435029999999,Boudha stupa,1
ChIJN3y-eroZ6zkRkrcVIK712Wo,mall,MYMY Smart Buy,shopping_mall,27.718099,85.3500612,Boudha stupa,1
ChIJe1lwVGMZ6zkRr9wqv-8_kTM,mall,KL Tower,business_center,27.718475200000004,85.3498633,Boudha stupa,1
ChIJveIe2yAZ6zkRVdCSPt-d8e8,mall,Trade Sansar,shopping_mall,27.7160355,85.3508634,Boudha stupa,1
ChIJLToFqWQZ6zkRieIcqJvunwE,mall,Shubha Sai Jewellery Center,shopping_mall,27.7184695,85.3497107,Boudha stupa,1
ChIJl6wBqWQZ6zkRubHQ6TUP-Io,mall,Shubha Sai Gahana Center,shopping_mall,27.7186817,85.3495422,Boudha stupa,1
ChIJ5f7l-5YZ6zkRs2mdyerfUmo,mall,Deuti Organics Jumla,grocery_store,27.7262844,85.3503884,Boudha stupa,1
ChIJF5uVceMZ6zkRJ82MrIEri4E,mall,Panchakumari Mini Market(पञ्चकुमारी मिनी मार्केट),shopping_mall,27.7290143,85.3522796,Boudha stupa,1
ChIJLeJ_lyIb6zkRZwHSO1p4nso,mall,Ojaswi Collection,shopping_mall,27.7328488,85.3621083,Boudha stupa,1
ChIJSYUTGaMb6zkR2ZSq7m7Oyi4,mall,Naya Ghare Shopping Centre,shopping_mall,27.7328714,85.3619294,Boudha stupa,1
ChIJpdHI8Asb6zkRe0u97AwAnxw,mall,Dream House Super store,shopping_mall,27.7123455,85.3703175,Boudha stupa,1
ChIJcYCIsmQZ6zkRRT2C2zYQkAw,mall,Chabahil Central Complex Pvt. Ltd.,shopping_mall,27.7182296,85.3492144,Boudha stupa,1
ChIJvQBn_fUb6zkR-X3fsbxE9iY,mall,"Narayan kunja,Kapan",shopping_mall,27.733323,85.3605637,Boudha stupa,1
ChIJVc1wP3wZ6zkRJLM6t1UzMI0,mall,3B Sports (Quality Sports Wear & Goods),shopping_mall,27.7137611,85.3512779,Boudha stupa,1
ChIJo8USPAAb6zkR7jkUY8Esj58,mall,Fatik Bazaar,shopping_mall,27.7216324,85.3756599,Boudha stupa,1
ChIJJWv0lXcZ6zkRxnjP_vIPM5s,mall,smart gallery,shopping_mall,27.7219532,85.3478413,Boudha stupa,1
ChIJWUbgh-oZ6zkRMvB6Aj48lC0,mall,ShopHill Trade Link,shopping_mall,27.721973,85.3478152,Boudha stupa,1
ChIJMclszGQZ6zkRKg7EsVAk2F4,mall,Shree Nama Taremam Saranam Jewellery Shop,shopping_mall,27.7183315,85.3481134,Boudha stupa,1
ChIJHc10DwAZ6zkRPrh4BAKe_uw,mall,Charkhal dillibazar,shopping_mall,27.7165662,85.3484943,Boudha stupa,1
ChIJT7vdBWcZ6zkRXGqhoYsVk6E,mall,Run Shoes(Shoe Palace),shopping_mall,27.7179166,85.34790330000001,Boudha stupa,1
ChIJsdMQI90Z6zkRtGGKO9W8-vk,mall,Calico,shopping_mall,27.7176648,85.34793069999999,Boudha stupa,1
ChIJm2R0mvMZ6zkR8UBXvOWvfro,mall,Sajilo Online Shopping,shopping_mall,27.7175349,85.3476713,Boudha stupa,1
ChIJaWZEiXsZ6zkRAsOtYv_nOzg,mall,Lovely Green Mart,shopping_mall,27.7140883,85.3494831,Boudha stupa,1
ChIJa3rFTtob6zkRCTVW3ktuKJQ,office,Sara Enterprises,corporate_office,27.720966800000003,85.3616993,Boudha stupa,1
ChIJ8bM-UHgb6zkRznzrRn8Hf8Y,office,Explore Dolpo Treks & Expeditions,corporate_office,27.7208155,85.36243429999999,Boudha stupa,1
ChIJY1Ecg6Qb6zkRuYvbXiMecbY,office,Namgyal Export Pvt. Ltd,corporate_office,27.7211096,85.3611289,Boudha stupa,1
ChIJq94oyY4b6zkRAKOlc0ROKf4,office,Pancha Kumari Multi Purpose Co-operative,corporate_office,27.7204511,85.361018,Boudha stupa,1
ChIJP0zcC9sb6zkRLdDU5EBT5tA,office,UDS Gaming,corporate_office,27.7226196,85.3629505,Boudha stupa,1
ChIJkx3Dhygb6zkRPfTYx_PPF6s,office,Tech Computer Pvt Ltd,corporate_office,27.7202976,85.3632315,Boudha stupa,1
ChIJe_dfawAb6zkRchEM5zCZ18U,office,Aradas services pvt.ltd,corporate_office,27.7202845,85.3633766,Boudha stupa,1
ChIJUV1NlsIb6zkRwtFZWsWd9pk,office,Yangrima Technologies,corporate_office,27.7202634,85.3633898,Boudha stupa,1
ChIJjXZZFNob6zkR4pr6yeOQftE,office,Natural Trips Pvt. Ltd,corporate_office,27.7197199,85.3612812,Boudha stupa,1
ChIJPXDM6uQb6zkRvjy40FlUkXk,office,Homex Design and Engineering pvt.ltd,corporate_office,27.7196951,85.3613201,Boudha stupa,1
ChIJOTGKHPob6zkRdbWMD_KGwyM,office,Child Awareness Centre Nepal ( CACN ),association_or_organization,27.7196542,85.3612967,Boudha stupa,1
ChIJy1_eGtob6zkRVAUa79kbY6Q,office,Vibrant Holidays Pvt. Ltd. (Tour & Travels),corporate_office,27.7192983,85.3606387,Boudha stupa,1
ChIJn0bCIFcb6zkR3ozUpDWi22w,office,Print Express Nepal Pvt.Ltd,corporate_office,27.7204186,85.3652367,Boudha stupa,1
ChIJhQnIWgAb6zkRodndAfhm4sc,office,𝙋𝙝𝙪𝙡𝙗𝙖𝙧𝙞,corporate_office,27.72418,85.3641447,Boudha stupa,1
ChIJ5yCQGwAb6zkRCDCUBrKmMyg,office,中铁二局尼泊尔分公司,corporate_office,27.722598,85.365545,Boudha stupa,1
ChIJjR_Qttkb6zkRWFkX5m3LcCA,office,Mountain Global Treks & Expedition,corporate_office,27.7202259,85.3579814,Boudha stupa,1
ChIJ3_SLSj8b6zkRZxX-T8Qcmtc,office,Ticketing Counter for all kinds.,corporate_office,27.7177632,85.3608895,Boudha stupa,1
ChIJa2WoiVob6zkRB0X69I43b9M,office,Customandu services,corporate_office,27.7212981,85.3575479,Boudha stupa,1
ChIJy3wbkmAb6zkRSgoLieQwAaI,office,Pavitra Jhyarung Khasore,corporate_office,27.717363,85.363231,Boudha stupa,1
ChIJ8YZ5IQMb6zkRsQhFuO1p2RU,office,Nepal Industrial Automation,corporate_office,27.7176351,85.3642394,Boudha stupa,1
ChIJgwGLVQAb6zkRaF9XX4PNv_I,office,Utpala It Solutions,corporate_office,27.7256423,85.3629831,Boudha stupa,1
ChIJsXcAVQAb6zkRC-dKw1IH3fc,office,STO Express Boudha,corporate_office,27.7254893,85.3597747,Boudha stupa,1
ChIJD1ItSKUb6zkRHnMKZqldhws,office,BuildNep Construction,corporate_office,27.7168565,85.36171019999999,Boudha stupa,1
ChIJA85xfaMb6zkRzazh0M20qNg,office,united insurance,corporate_office,27.7210538,85.36708259999999,Boudha stupa,1
ChIJ2Uljuykb6zkRRwH2MD4Jp0o,office,Namaste Supply Chain Pvt Ltd,corporate_office,27.7259955,85.36050709999999,Boudha stupa,1
ChIJ7zQYfGob6zkRETD-203nPpE,office,Himalayan Everest Insurance,corporate_office,27.7209367,85.36736619999999,Boudha stupa,1
ChIJJTBaHwAb6zkRLH7n8cInkv8,office,Samata Mahankal,corporate_office,27.724536,85.3574799,Boudha stupa,1
ChIJA-j6Jtwb6zkRL3TcGziPfME,office,Universal Link Software,corporate_office,27.7262881,85.360325,Boudha stupa,1
ChIJGTGnAfgb6zkRJ1XF89H7Rrc,office,Anugraha Bhawan,corporate_office,27.7171358,85.3656264,Boudha stupa,1
ChIJkSYNTgAb6zkRFhOqHLvpshc,office,ARIS.Co,corporate_office,27.7159749,85.3619975,Boudha stupa,1
ChIJT9qdmiwZ6zkRo96N_qe0aIs,office,"Buddha Courier and Cargo Service - Boudha,Tusal",corporate_office,27.718701,85.3565704,Boudha stupa,1
ChIJwfclJFsb6zkRHYavJL8sIFc,office,Elite Management Consultancy Pvt. Ltd.,corporate_office,27.7242928,85.3567095,Boudha stupa,1
ChIJ4YbHkOYb6zkRhWNSEVWh2FM,office,Aadima - Online Shopping Nepal,corporate_office,27.7220242,85.36819489999999,Boudha stupa,1
ChIJS7J0SgAb6zkRORc1KbHJDFE,office,Glorious Church Boudha,corporate_office,27.7158781,85.3609934,Boudha stupa,1
ChIJYwWFQF0b6zkRLY2XC58BOCE,office,B.B.K.K. TRADERS PVT. LTD,finance,27.7159003,85.3639598,Boudha stupa,1
ChIJu0ejjUIZ6zkRh-0bETab2ow,office,Guardian International Educational Consultancy,corporate_office,27.7265296,85.3649186,Boudha stupa,1
ChIJf8-uidYb6zkRabsu3WcLV7g,office,Tarapunj Multipurpose Co-Operatives Limited,corporate_office,27.7238958,85.3560213,Boudha stupa,1
ChIJN6e0A9Eb6zkRZeWVLL6ZHpU,office,Visit Nepal Treks & Expedition Pvt. Ltd,corporate_office,27.7154537,85.3622907,Boudha stupa,1
ChIJJ0ChhiYb6zkRI-Sd6xhMldw,office,Nepfleek,corporate_office,27.7264409,85.35816899999999,Boudha stupa,1
ChIJDSQ73psZ6zkRr4RNpbSyH9U,office,Burger Group Pvt.ltd,corporate_office,27.7152248,85.3614489,Boudha stupa,1
ChIJu798gbQb6zkRq0FAt7qD0ng,office,Himalayan Sherpa Buddhist Culture Protection Society,corporate_office,27.726587,85.3657528,Boudha stupa,1
ChIJNYBtKgAb6zkR7b0KTNbc3lw,office,"Nautalle, Bagmati Nagar Planning, Boudha 6",corporate_office,27.7153862,85.3601223,Boudha stupa,1
ChIJi_z1dmIZ6zkRWpQx-jToPP4,office,People's Alliance Saving & Credit Co-operative Ltd.,corporate_office,27.7222728,85.3548714,Boudha stupa,1
ChIJJRmSN8Qb6zkRKsLimXNcxI0,office,हिमालय कला गलैँचा,corporate_office,27.7223716,85.3690802,Boudha stupa,1
ChIJwUvP9d4b6zkREA5k5vpXpHk,office,Auro Technology Consuling LLC,corporate_office,27.7270688,85.3585864,Boudha stupa,1
ChIJT5ZtdNcb6zkR4SCbXmCvjJA,office,Nidhi Shakti Pvt.Ltd.,corporate_office,27.7192921,85.355025,Boudha stupa,1
ChIJCwu0_94b6zkRZTJIRfisywc,office,sajjanmahila saving & credit,corporate_office,27.7267902,85.3578801,Boudha stupa,1
ChIJC4CAAt8b6zkRXLf5mZod3NM,office,Nepal Airlink,corporate_office,27.7265855,85.357542,Boudha stupa,1
ChIJg4-JEHsZ6zkR3S0Q30vmZcQ,office,वैदिक सनातन नेपाल,corporate_office,27.7229207,85.35479289999999,Boudha stupa,1
ChIJmUXaJAAZ6zkR2iGbnVzLpHQ,office,ArkNova Structures,corporate_office,27.7192687,85.35470110000001,Boudha stupa,1
ChIJ9XJ7g3kb6zkRu05uJmCR-eg,office,Wild Yak Group,corporate_office,27.7281664,85.3615784,Boudha stupa,1
ChIJfc28IPEb6zkRDncwpCsyWJI,office,Zulu Universe Pvt Ltd,corporate_office,27.7150625,85.3590625,Boudha stupa,1
ChIJ7UHcztEb6zkRQFFX2UYsRto,office,The Women's Foundation of Nepal,corporate_office,27.714769900000004,85.36455780000001,Boudha stupa,1
ChIJKdk8IAAb6zkRcUv0O0GIqOo,office,Subham's parking,corporate_office,27.716543,85.3561185,Boudha stupa,1
ChIJy4LGxJQb6zkRF-PuicoyiPg,office,Santosi Tool सन्तोषी टाेल,corporate_office,27.7150117,85.3655651,Boudha stupa,1
ChIJUbxdCzgZ6zkRt59eGSUM2O4,office,Vianet Communications-Chabahil,corporate_office,27.7191634,85.3540909,Boudha stupa,1
ChIJRRNqQtUb6zkRZ5EvBlfZW1g,office,Tech Solution The CLAY Private Limited,corporate_office,27.716451,85.3558643,Boudha stupa,1
ChIJ55fDqN8b6zkRb4MgHk55UBE,office,Ojaswi Nepal Community Welfare Coorparation,corporate_office,27.7276392,85.35732240000002,Boudha stupa,1
ChIJL4dpAZoZ6zkRg1QKnT1pobA,office,World Sherpas Nepal treks & expediton,corporate_office,27.7248743,85.35447599999999,Boudha stupa,1
ChIJo9Kha94b6zkRWyaAYZp6Od8,office,दुधकुण्ड बचत तथा ऋण सहकारी संस्था लि.,corporate_office,27.7284551,85.35907650000001,Boudha stupa,1
ChIJxfy3XGIZ6zkRgpt5WtEm960,office,"Aqua Hundred Depot, Mahankal, Chuchepati",corporate_office,27.7218813,85.35345459999999,Boudha stupa,1
ChIJqZdeEgAZ6zkRwca0hizQPIk,office,Universal Peace Santuary- Boudha Office,corporate_office,27.7218533,85.3534165,Boudha stupa,1
ChIJw-f7WN8b6zkRaRlZnfEQhxQ,office,Rolwaling Excursion Pvt.ltd,corporate_office,27.7256154,85.35483239999999,Boudha stupa,1
ChIJ0fZ6E94b6zkRcwZBFvjbc-s,office,नवाेदय सेभिङ्ग एण्ड क्रेडिट सहकारी संस्था लि.,corporate_office,27.7288146,85.3591957,Boudha stupa,1
ChIJva51E94b6zkRsAKtFYT-a5g,office,जीवन ज्याेति बचत तथा ऋण सहकारी संस्था लि.,corporate_office,27.7288417,85.35923120000001,Boudha stupa,1
ChIJi0N46sMb6zkRVxceyGm0eXk,office,Ashok Export,corporate_office,27.7268406,85.3683508,Boudha stupa,1
ChIJq5qCxp4b6zkRqHUa6btY5UU,office,Sankta wine office,corporate_office,27.7142461,85.3657499,Boudha stupa,1
ChIJryTMYAAb6zkR0W62t37E2II,office,Love home,corporate_office,27.7269623,85.368933,Boudha stupa,1
ChIJR9zeZcYb6zkRAB1DBUHE0dk,office,Era Print Support & Suppliers,corporate_office,27.721139200000003,85.37141729999999,Boudha stupa,1
ChIJX-2jdgAb6zkRSDeFwDqw8c4,office,khabarvoice,corporate_office,27.7148845,85.3679368,Boudha stupa,1
ChIJl9EldgAb6zkRbyHKh0b5Xso,office,Princess movies,corporate_office,27.7280911,85.35607759999999,Boudha stupa,1
ChIJawuHR6wb6zkRMVEcPZrKSi4,office,KONGDU TOWER,corporate_office,27.7270101,85.36922919999999,Boudha stupa,1
ChIJn21xGN4b6zkRT0tHa1BidFQ,office,उमङ्ग बचत तथा ऋण सहकारी संस्था लि.,corporate_office,27.7295165,85.3588686,Boudha stupa,1
ChIJzWpL-d0b6zkROmKPbUEkbH8,office,Sahara International Investment Pvt Ltd.,corporate_office,27.7298962,85.36048389999999,Boudha stupa,1
ChIJp848XsYb6zkRpEmTb7v_qVs,office,Charity Expedition Nepal,corporate_office,27.7215367,85.37179499999999,Boudha stupa,1
ChIJF-N7i8Qb6zkRcBmnBGlUDHU,office,Ama La Remittance Private Ltd,corporate_office,27.7215367,85.37179499999999,Boudha stupa,1
ChIJ74zWVQAZ6zkRFnU6lp3U1Bs,office,Anmup,corporate_office,27.7226713,85.3521787,Boudha stupa,1
ChIJD5R1apIb6zkRP8ILLyt5U7E,office,Prana Tech Pvt. Ltd.,,27.7126602,85.3615784,Boudha stupa,1
ChIJOxuKn-Ub6zkRCk2lBRw6HsE,office,RA (Mahesh k poudel ),corporate_office,27.7176158,85.3711819,Boudha stupa,1
ChIJxXxH7eMb6zkREMIJIdXCiAs,office,B Construction Pvt. Ltd.,corporate_office,27.7291162,85.3566939,Boudha stupa,1
ChIJW-X0AtIb6zkR_9w-vJ5QHh8,office,"Hyangla, Inc.",corporate_office,27.7126824,85.3648034,Boudha stupa,1
ChIJX1i6qr0Z6zkRLzq1dva7yyI,office,United Insurance Boudha Branch,corporate_office,27.720688,85.3517095,Boudha stupa,1
ChIJ6y-GomEZ6zkRU8j809JRPjo,office,Ascent Himalayas,travel_agency,27.7257249,85.35288,Boudha stupa,1
ChIJW9YnRUEb6zkRgQt7-_AQSco,office,IDEA For Nepal,corporate_office,27.7129384,85.3578988,Boudha stupa,1
ChIJt3-H098b6zkR8VFMoHZv5qA,office,ब्रदरहुड बहुउद्देशीय सहकारी संस्था लि.,corporate_office,27.7297223,85.3573424,Boudha stupa,1
ChIJW_Ez0d8b6zkRhA6tNV6t2lM,office,साँझेदारी नेपाल बचत तथा ऋण सहकारी संस्था लि.,corporate_office,27.7296708,85.3571181,Boudha stupa,1
ChIJgQgXemEZ6zkRrJ74V3tDdgg,office,Sabin Pharma House,corporate_office,27.7246907,85.35201119999999,Boudha stupa,1
ChIJO7y52-kZ6zkRaf64EIQdQ5U,office,Leela News Dot Com,corporate_office,27.7164131,85.35292539999999,Boudha stupa,1
ChIJ5zFQJAAZ6zkRpnPCR0aVDX0,office,B Bhattarai and Company,corporate_office,27.7169059,85.3525684,Boudha stupa,1
ChIJWdCQe9UZ6zkReG1HO2ZcoaE,office,Leela Khabar,corporate_office,27.7161218,85.35294209999999,Boudha stupa,1
ChIJr_I6uX4Z6zkRf1pPpZXSlHk,office,एफएम रेडियो,corporate_office,27.7161188,85.35294239999999,Boudha stupa,1
ChIJZ428NGQb6zkRIWjHYYI5Lw8,office,KEVA PHARMACEUTICALS PVT. LTD.,corporate_office,27.712065,85.35940219999999,Boudha stupa,1
ChIJwxc0Hd8b6zkRqrrUWLYPzo0,office,Aayo Khabar,corporate_office,27.7117853,85.3621422,Boudha stupa,1
ChIJnag_TWMb6zkR0TceBC7F-4I,office,Panchakanya Sadan,corporate_office,27.7120558,85.3592845,Boudha stupa,1
ChIJ33LBeJAb6zkRWExqz-NFsxQ,office,DAI (Da Investment Pvt. Ltd.),corporate_office,27.7119277,85.3596361,Boudha stupa,1
ChIJkzX5TAAb6zkRScjKqQl8jyE,office,CAPS ENTERTAINMENT,corporate_office,27.7175702,85.3721488,Boudha stupa,1
ChIJLdQ1D9Ib6zkR_qGpp3bJ7js,office,"BRBIP site office,kalika",corporate_office,27.7119213,85.3649532,Boudha stupa,1
ChIJgShWYwAZ6zkRL2E44Ro9bcQ,office,sanima reliance life insurance ltd chabahil branch,corporate_office,27.7191355,85.35100349999999,Boudha stupa,1
ChIJnVuIo2cb6zkRU66otsNYRh4,office,Keysberry,corporate_office,27.7313196,85.360858,Boudha stupa,1
ChIJyYbQj_Mb6zkRHxyz8Ex880s,office,Panta IT Software Solutions,corporate_office,27.7132809,85.36856809999999,Boudha stupa,1
ChIJnTpudgAb6zkRqrb5GroJMk4,office,Vasu Adventures Pvt. Ltd.,corporate_office,27.7309716,85.3652226,Boudha stupa,1
ChIJt5aWVQAb6zkR9cFDyLxsDUU,office,HFM,corporate_office,27.7298946,85.368138,Boudha stupa,1
ChIJBaTS3cIZ6zkRMfno3A4A7iI,office,The Scribblers,corporate_office,27.720074,85.3505493,Boudha stupa,1
ChIJ_cuceuAb6zkRGEdD-MCVmSo,office,Himalayan Wild Treks Pvt.ltd,corporate_office,27.7306738,85.3568911,Boudha stupa,1
ChIJFXpKUgAZ6zkRiVaenRZPq6A,office,Shanvi Motors,corporate_office,27.7240026,85.3506402,Boudha stupa,1
ChIJI7sCtYUb6zkRzG_KpP4PUGg,office,Esprit montagne treks and expeditions,corporate_office,27.7136955,85.3697712,Boudha stupa,1
ChIJZQb5aWMZ6zkRk2_gZIp3aMA,office,World IT Explore Pvt. Ltd.,corporate_office,27.7193094,85.35044649999999,Boudha stupa,1
ChIJm94PZIsb6zkRtOC8699w_2Q,office,KMC fire birgrade ramhiti,corporate_office,27.7314319,85.3650481,Boudha stupa,1
ChIJb1jTWmMZ6zkROYnfzVXc_9M,office,Ideal Management Pvt. Ltd.,corporate_office,27.7189677,85.3504748,Boudha stupa,1
ChIJT5P_EwAZ6zkRdtRLifloDzc,office,"Saraswatinagar, Chabahil",corporate_office,27.7233888,85.3503224,Boudha stupa,1
ChIJ_yxjKcMb6zkRLEh8-1jwTSU,office,Basuki Co-Operative,corporate_office,27.713925900000003,85.3702473,Boudha stupa,1
ChIJ2yDcDwAZ6zkRGyJeKPm9udY,office,Albatross Educational Hub Chabahil,corporate_office,27.7192615,85.35033829999999,Boudha stupa,1
ChIJ0anOdgAb6zkRJkV1SG6ftEw,office,Divya Jwoti Institute,corporate_office,27.7219955,85.37390529999999,Boudha stupa,1
ChIJUcPiQQAb6zkR2-ZpDnUUcXY,office,Basistha Bhawan,corporate_office,27.7302403,85.3550604,Boudha stupa,1
ChIJtdLkNzsb6zkRqdUNeKGp5Qs,office,Bibishikha Traders,corporate_office,27.7160428,85.37246689999999,Boudha stupa,1
ChIJcZKssNwZ6zkRUBP1Rvr-JfA,office,Leela Solution,corporate_office,27.7154814,85.351545,Boudha stupa,1
ChIJs5gAPQAZ6zkR4TidS8wXvBc,office,EN Conglomerate,corporate_office,27.7189642,85.34985189999999,Boudha stupa,1
ChIJ02rL57cZ6zkRHCdrQ5a9Hqs,office,RK Mainali,corporate_office,27.7141078,85.3525891,Boudha stupa,1
ChIJucvUNtIZ6zkRZKB0y6lcbGk,office,S.Electrical & Electronic Pvt. Ltd.,corporate_office,27.7172556,85.35026529999999,Boudha stupa,1
ChIJC8BgiBkZ6zkRj3SJc4syWcs,office,R.B. RECRUITMENT SERVICE PVT LTD,corporate_office,27.7191865,85.3496052,Boudha stupa,1
ChIJNSuz2uAb6zkRkTekNaT76Mw,office,Life Vision Co-operative Ltd.,corporate_office,27.732357,85.3594674,Boudha stupa,1
ChIJvzB_3awb6zkRfokG70UVuTw,office,शब्दघर,corporate_office,27.7107128,85.3580884,Boudha stupa,1
ChIJiQ8tlR8Z6zkRqRFZCSBNKSA,office,The Peniac,corporate_office,27.7231639,85.3494365,Boudha stupa,1
ChIJM40vNwAZ6zkRIQqUxkb_nlM,office,Sworankan studio🎙️,corporate_office,27.723058,85.3493527,Boudha stupa,1
ChIJsdr8BAAb6zkRvFHAGO-09nA,office,Kanjirowa Saving and Credit Corporative,corporate_office,27.7319879,85.3575315,Boudha stupa,1
ChIJ6R42DgAZ6zkRLFZUaTDzhQY,office,Mizuho Consultancy Pvt.Ltd.,corporate_office,27.718831,85.34950599999999,Boudha stupa,1
ChIJ3eTkjV8Z6zkRJnMjIxkdLOA,office,HUBA Office,corporate_office,27.727342,85.3510463,Boudha stupa,1
ChIJLYuYIaYZ6zkRkTfmLrk8LQ4,office,977 Ventures Pvt. Ltd.,corporate_office,27.7233631,85.34931519999999,Boudha stupa,1
ChIJ722jO6IZ6zkRMYnlRk49xzk,office,Delight Color Hub,corporate_office,27.7276364,85.3512034,Boudha stupa,1
ChIJmeUUJqQZ6zkR47O1TERZ-X8,office,Bariko Coffee,corporate_office,27.7326578,85.3598085,Boudha stupa,1
ChIJjRqGCQAb6zkR5PpTU78pvl4,office,Go To Himalaya Treks,corporate_office,27.7313507,85.3683156,Boudha stupa,1
ChIJL88pawAZ6zkRuO4z3BnFkIQ,office,EVEN CARE LIFE SCIENCE PVT. LTD.,corporate_office,27.7188288,85.3493201,Boudha stupa,1
ChIJE07Jo6gZ6zkRMwzyAjKFjhY,office,"JBRH & Co, Chartered Accountants",corporate_office,27.7231662,85.3490652,Boudha stupa,1
ChIJkz2LcgAZ6zkRQdLCue-T6nI,office,Bishal Trade tower,corporate_office,27.7269998,85.3504244,Boudha stupa,1
ChIJR9qfbGQZ6zkRPLgbri2BLrU,office,Life Tours And Travel,corporate_office,27.7223926,85.3488169,Boudha stupa,1
ChIJf-wWa2QZ6zkRi2PdxgXQOuo,office,ma chandeshwori investment pvt.ltd,corporate_office,27.7223823,85.3487236,Boudha stupa,1
ChIJ8w9kUQAZ6zkRq0Xcn_e-Kuk,office,Rudraashaktee Group,corporate_office,27.7155824,85.3503411,Boudha stupa,1
ChIJqztYy5YZ6zkRGLwvcyHUJeY,office,Arkx Innovation Pvt. Ltd.,corporate_office,27.7116408,85.35431919999999,Boudha stupa,1
ChIJobTolHsZ6zkRkCy55AwxVyI,office,Studio Soundmill,corporate_office,27.7130077,85.3524017,Boudha stupa,1
ChIJBU_yBwAb6zkRaWkBog7_o70,office,Rastiya nach Ghar,corporate_office,27.7326306,85.3574466,Boudha stupa,1
ChIJQSxUOAAZ6zkRVAoFyBsa1is,office,Baron Meditech Solution Pvt. Ltd.,corporate_office,27.7179041,85.349014,Boudha stupa,1
ChIJjx9C-XkZ6zkRrN-W2R7C4NY,office,Unitech IT Solution Pvt. Ltd.,corporate_office,27.7180735,85.34895689999999,Boudha stupa,1
ChIJ2wZcs2QZ6zkRm1Lh8T616TY,office,lost in kathmandu/online degital marketing company,corporate_office,27.7180718,85.3489008,Boudha stupa,1
ChIJV5sAVQAZ6zkRPBxr6acXf1c,office,Tanka Karki consulting firm,corporate_office,27.7286697,85.35112769999999,Boudha stupa,1
ChIJu4UKwpIZ6zkR_AAxxxuISCI,office,BRBIP & HPCIDBC Offices,corporate_office,27.7112722,85.3545628,Boudha stupa,1
ChIJb-BfQo8b6zkRwFCv0lDvpEU,office,Sipalu Nepali Network,corporate_office,27.7328006,85.35755639999999,Boudha stupa,1
ChIJ560xG9AZ6zkRc453nz8ldQw,office,Gyan Laxmi savings and cooperative,corporate_office,27.7289965,85.351294,Boudha stupa,1
ChIJEWQq8nsZ6zkRoRxdejjN2Hg,office,GIS Pvt. Ltd.,corporate_office,27.7137618,85.35127159999999,Boudha stupa,1
ChIJr1iYRwAb6zkRA_PJeDHN99Q,office,sunkoshi media,corporate_office,27.7129807,85.37190389999999,Boudha stupa,1
ChIJa80VQCQb6zkR9ScIZedesOw,office,Naniram Bhawan,corporate_office,27.7130746,85.37204249999999,Boudha stupa,1
ChIJMf7aSnsZ6zkR7nDtmiPaUjg,office,unitech education,corporate_office,27.7180051,85.34859949999999,Boudha stupa,1
ChIJ2RQ-dwUZ6zkRjwDiHHlLqM4,office,Anamol Multipurpose Co-operative Ltd.,corporate_office,27.7180299,85.3485844,Boudha stupa,1
ChIJfxSSiQ0Z6zkRJOYGMODUxLQ,office,Innovative Interior P.Ltd.,corporate_office,27.7279573,85.350158,Boudha stupa,1
ChIJd7APTOwZ6zkRQuvnvcjWoko,office,Shreejan Dai's Place,corporate_office,27.7256145,85.3487423,Boudha stupa,1
ChIJC4E_ZZYb6zkR__lQaGSc3YA,office,AMDA Nepal (Association of Medical Doctors of Asia-Nepal),corporate_office,27.7239353,85.3757127,Boudha stupa,1
ChIJJ_4GGyob6zkRStF-dbpaS7c,office,L P TYRE & AUTO PARTS CENTER,corporate_office,27.7136559,85.3729791,Boudha stupa,1
ChIJdYscRHsZ6zkRbVaYWz1VLhE,office,Jurist Link Law Firm,corporate_office,27.717172,85.34863969999999,Boudha stupa,1
ChIJs7r8MgAZ6zkRSSmXherwsmo,office,Golden Birds Group pvt ltdnepaliharulaithagnecompanipaisalutnekamgarne,corporate_office,27.7256706,85.348653,Boudha stupa,1
ChIJqbRlTLoZ6zkRbwQ56r6f2Tg,office,R. S. Enterprises Pvt. Ltd.,corporate_office,27.7280592,85.3499314,Boudha stupa,1
ChIJx1dbJgAZ6zkR5QcdNpHVIkc,office,Hotel Pokhara Village & Spa (Sales Office),hotel,27.7286231,85.3502905,Boudha stupa,1
ChIJjbRqTgAZ6zkRbzZwSegG5d0,office,Dream Vacation Holidays,corporate_office,27.7292789,85.35082899999999,Boudha stupa,1
ChIJu2gwqQkZ6zkReEVTC5ihquo,office,Angarakshak Security Pvt.Ltd.,corporate_office,27.7221115,85.3476724,Boudha stupa,1
ChIJBb_NzGQZ6zkRqmjs42ut-c4,office,DBA Soft Tech,corporate_office,27.7180716,85.348069,Boudha stupa,1
ChIJNeAyM3sZ6zkRMxb-z53Uwxg,office,Marmat sewa,corporate_office,27.7180488,85.348073,Boudha stupa,1
ChIJW-M7eAAZ6zkRtqCey1Jzm_M,office,Vedanta Publication Pvt. Ltd.,corporate_office,27.7223222,85.3475737,Boudha stupa,1
ChIJe9_fInAZ6zkR6e2-WWm0zzA,office,Technosys Innovation Center,corporate_office,27.7136567,85.3504524,Boudha stupa,1
ChIJZbjoTFwZ6zkRbSAvEctTDdk,office,Arch Analytics,corporate_office,27.7165021,85.3485462,Boudha stupa,1
ChIJ14s-KwAZ6zkRqGEyutAJXmw,office,Chabahil bhagawati marga,corporate_office,27.7165662,85.3484943,Boudha stupa,1
ChIJJduBFuIZ6zkRiip59zwGGXQ,office,Landmark Complex,corporate_office,27.7165662,85.3484943,Boudha stupa,1
ChIJgRtNQQAb6zkR5kPBeY4T-Gw,office,Creative Innovation,corporate_office,27.7218763,85.3765734,Boudha stupa,1
ChIJ2cGOVLwZ6zkRkS6rcJs4-Ck,office,Margeen Media & Events,corporate_office,27.717195,85.3480452,Boudha stupa,1
ChIJy24w6vcZ6zkRHpvfXMtI6PE,office,Daju Bhai Law Firm,corporate_office,27.7221875,85.34706249999999,Boudha stupa,1
ChIJ49r3jvIZ6zkRoy0OMAYDYHk,office,Suvedas Tech Pvt.Ltd.,corporate_office,27.7206062,85.3469966,Boudha stupa,1
ChIJW2Fo9EQZ6zkRzVK3vmBd3Q4,office,Kadambari Multinational Group Pvt. Ltd.,corporate_office,27.7258298,85.3478274,Boudha stupa,1
ChIJw-fvi3sZ6zkRXKlK9Y4RdX0,office,Scientiology Volunter Ministers Headquaters,corporate_office,27.7140469,85.3494583,Boudha stupa,1
ChIJCeGuRgAZ6zkRa3dTq9DBqUw,office,Nepal Adventure Academy,corporate_office,27.718452900000003,85.3472998,Boudha stupa,1
ChIJF6QO1mQZ6zkR_SojL8uIg2Q,office,ATR Learning center,corporate_office,27.7184543,85.347297,Boudha stupa,1
ChIJd1C8DAAZ6zkRBZ5us_KPyVY,office,Nepal Buddhist News,corporate_office,27.7201117,85.3469772,Boudha stupa,1
ChIJnbXtHgAb6zkR5MJy9vydgJk,office,Pasang Lama,corporate_office,27.7273768,85.3753685,Boudha stupa,1
ChIJEfintmUZ6zkR1vtMwt5EPY0,office,श्रीजनशिल सेभिङ्ग एण्ड क्रेडिट सहकारी संस्था लि.,corporate_office,27.7220869,85.3468924,Boudha stupa,1
ChIJb3nO6fkZ6zkRFqlk9NwVxjg,office,AastaSiddhi Jyotish Sewa,corporate_office,27.7140845,85.3492945,Boudha stupa,1
ChIJx8RpKmUZ6zkRLXy6LbZem1Q,office,Ujyalo Sampad Savings & Credit Co-operative Ltd.,corporate_office,27.7182731,85.34724489999999,Boudha stupa,1
ChIJgZyjPl4Z6zkR4MadLaHCuhk,office,Aarohan Saving And Credit,corporate_office,27.7309999,85.351339,Boudha stupa,1
ChIJcwBd6J0b6zkRMcSX4Uwce5Q,school,Pure Healing Bowl Center,health,27.7213124,85.3624734,Boudha stupa,1
ChIJcSNFVNob6zkRQqy7bM7Gy_4,school,TIBETAN LANGUAGE CENTER.,school,27.7210836,85.362454,Boudha stupa,1
ChIJR7GVXPQb6zkRx0in4T5GN78,school,Tipling Dragon House,school,27.7213372,85.3625924,Boudha stupa,1
ChIJhcXZy9sb6zkR_Wb7Hs9Zpik,school,Boudha Retreats,yoga_studio,27.7211266,85.3611686,Boudha stupa,1
ChIJeaZsC-ob6zkRqmIPSQbIzcI,school,Soma Hospitality Training & Institute,school,27.720316900000004,85.3601383,Boudha stupa,1
ChIJD-SUrdwb6zkR9wd5j-6jzoM,school,Mahendra Boudhha Higher Secondary School,school,27.7232659,85.3635429,Boudha stupa,1
ChIJodWmvdob6zkRF7mcBCa27_M,school,Nilkantha Secondary Boarding School,school,27.7197959,85.3641766,Boudha stupa,1
ChIJCyWgXNkb6zkRDQggk572Q98,school,Learning Tree Montessori,school,27.7231696,85.3595649,Boudha stupa,1
ChIJ7UDfEtkb6zkRF1HRz-rpe5o,school,Kumari Awasiya Secondary School,school,27.7222481,85.35877459999999,Boudha stupa,1
ChIJt4PytdMb6zkRNm_KeQTsgXQ,school,Tharlam Manjushree school,school,27.7228288,85.36490479999999,Boudha stupa,1
ChIJi9PogaQb6zkRE3TOrJ-CeX4,school,Utpala Academy of Hospitality Management,school,27.724434,85.3623677,Boudha stupa,1
ChIJ-Y-LYaUb6zkRmKXcDcM794E,school,INSTITUTE OF SPANISH STUDIES,service,27.7212981,85.3575479,Boudha stupa,1
ChIJaV65V8Eb6zkRiUS_XFIp0ow,school,Laxman Rai,school,27.7212981,85.3575479,Boudha stupa,1
ChIJaSRxM9cb6zkRAJ-U0IPFwo0,school,Buddha Pashupati Academy,secondary_school,27.717368,85.3597345,Boudha stupa,1
ChIJxYkrVWcb6zkRgRKmaM_dFeQ,school,Sneha Kids Home,preschool,27.7191481,85.36652099999999,Boudha stupa,1
ChIJo6M3ud4b6zkRPfMxhwtMIUw,school,SIT Nepal: Tibetan and Himalayan Peoples,educational_institution,27.7253134,85.3590603,Boudha stupa,1
ChIJUQIRE8Ub6zkRRQ4tlhenVj4,school,Kantipur Academy High School,school,27.7201835,85.3671146,Boudha stupa,1
ChIJRRcBYsUb6zkR57IzjARtB0Q,school,Children's Garden School,school,27.7187571,85.36648989999999,Boudha stupa,1
ChIJk_plkQwb6zkRKDBOGu_vwCo,school,Royalty Secondary School,school,27.7189759,85.3668564,Boudha stupa,1
ChIJ27ycYTwb6zkRpn12SdFJo54,school,Ramailo Bal Sansar School,primary_school,27.7260678,85.3597518,Boudha stupa,1
ChIJjXQbTwAb6zkRkPp74BQsurY,school,Kathmandu,school,27.7262577,85.363733,Boudha stupa,1
ChIJ_1GxKNgb6zkRoMnTyg5d3ks,school,Mission Public School,government_office,27.718627700000003,85.35698289999999,Boudha stupa,1
ChIJL-5C5MAb6zkRy3mEWFC3d3g,school,Kid's Hut Pre-school & Kindergarten,preschool,27.7265158,85.3606739,Boudha stupa,1
ChIJF99BnX0Z6zkRJkd85-xa3nI,school,Shristi School,school,27.7187148,85.3567683,Boudha stupa,1
ChIJ92DAJdgb6zkRpSdrgJ92BHc,school,Kidzee Boudha,school,27.7187096,85.3567589,Boudha stupa,1
ChIJd6zQttkb6zkRrWh-bCgKAwo,school,Xavier International Montessori School,school,27.7186885,85.3566827,Boudha stupa,1
ChIJE5R2VsQb6zkREX2ibRHg3Ho,school,Lord Buddha Secondary School,school,27.7220283,85.36798329999999,Boudha stupa,1
ChIJX_RF51Ib6zkRCiUMY_hdXq0,school,Mountain Kidz School & Hostel,preschool,27.719513700000004,85.367651,Boudha stupa,1
ChIJZ6CGJ98b6zkRuAZ89omDUGw,school,Arunima Shikshya Sadan Secondary School,school,27.7251094,85.357528,Boudha stupa,1
ChIJ0dt2uNwb6zkRV42xEjK2NL4,school,Shree Mangal Dvip Boarding School,school,27.7262265,85.3646583,Boudha stupa,1
ChIJm1KO1gEb6zkRj6rJ8Ub83oc,school,Vedanam Pre School,school,27.7161799,85.3638215,Boudha stupa,1
ChIJA1TDJtgb6zkRN7Mk37h70CQ,school,Kids Villa International Pre-school,preschool,27.7185307,85.3566089,Boudha stupa,1
ChIJ8wM85t4b6zkReHvpyBZviGs,school,Shree Jana Kalyana Secondary School,school,27.7259384,85.35812469999999,Boudha stupa,1
ChIJH9SMfW8b6zkRxwY44QuHETY,school,Nawa Jaagriti Madhyamik Vidhyalaya,secondary_school,27.7270602,85.3629442,Boudha stupa,1
ChIJ7TaO29wb6zkRQMXQ-7ADoC4,school,Manasowar Academy,preschool,27.7268716,85.36432959999999,Boudha stupa,1
ChIJOzKkWyIb6zkR7w5rQg0YJrg,school,Yummy Choice Khaja Ghar,school,27.7173238,85.3668119,Boudha stupa,1
ChIJDQouTYAb6zkRXaN938k89gg,school,Aama montessori pre-school,school,27.715680700000004,85.3640672,Boudha stupa,1
ChIJGdq8qcEb6zkRWFFskjhFiCg,school,Aarya Tara Association,preschool,27.7252082,85.3566781,Boudha stupa,1
ChIJ0Xjz1c8b6zkRg_T8ajZFrnQ,school,Lords Light Academy (LLA),school,27.7164221,85.3659326,Boudha stupa,1
ChIJkwC7tMUb6zkRvhdLWA5Z1ow,school,Saraswati Secondary School,school,27.721619,85.3688969,Boudha stupa,1
ChIJC1ZGkMUb6zkRivbuMA0hupc,school,SARBANAM SHIKSHYALAYA,school,27.7195641,85.36888739999999,Boudha stupa,1
ChIJX3U64CEb6zkR4wqssQ19cTY,school,Kiddie Kinder Gartain,school,27.7171827,85.3677818,Boudha stupa,1
ChIJv696zz4b6zkRJXFs5Et4TUo,school,Progressive Secondary School,school,27.722377,85.3544374,Boudha stupa,1
ChIJwWVbJ9cb6zkRBQfdmJDxgAs,school,Indrawati Public School,secondary_school,27.7150181,85.35906179999999,Boudha stupa,1
ChIJIZahlxcb6zkRHLcaKf6bruE,school,Shree Nava Jagriti School,school,27.7282178,85.3634812,Boudha stupa,1
ChIJyfvp5cUb6zkRl-2yx_wNU5U,school,Arun Jyoti Vidya Mandir,primary_school,27.7198078,85.3699132,Boudha stupa,1
ChIJlfgR4soZ6zkRl6EI5oa8rNY,school,Brewing Barista’s By (chamcha cafe and barista training centre),school,27.718389100000003,85.3544819,Boudha stupa,1
ChIJBYVVCN8b6zkR-4aiOKehLA8,school,Bhrikuti Secondary School,secondary_school,27.7270039,85.3566352,Boudha stupa,1
ChIJyZNNHGIZ6zkR6Heo6UWghfM,school,Himsheela Boarding School,school,27.7239301,85.3541363,Boudha stupa,1
ChIJj8nlMzsb6zkR-smLAbORHNo,school,Ankuram Academy Preschool & Day care center,preschool,27.7145429,85.3588789,Boudha stupa,1
ChIJ4air3H0Z6zkRqIbyPwKyioE,school,Om Sai Montessori,school,27.717046000000003,85.3552145,Boudha stupa,1
ChIJb4ZIJ9Yb6zkRGcIU3aVG7-E,school,Mahan Siddhartha High School,school,27.7154567,85.35690919999999,Boudha stupa,1
ChIJmT8tHLQb6zkRL5xpY97Rkeo,school,Lord Buddha Institute,school,27.7214677,85.3704448,Boudha stupa,1
ChIJD_F4ct8b6zkRm1bAr11AeQc,school,Apex Life School,school,27.72663,85.35563479999999,Boudha stupa,1
ChIJ_2SbL5gZ6zkR31xDVVk53Fc,school,Maijubahal 7 Kathmandu,school,27.718233,85.354033,Boudha stupa,1
ChIJxaThpcMb6zkR5t4zn10vq9U,school,Manjushree Montessori & Day Care Centre,school,27.726698,85.3682089,Boudha stupa,1
ChIJ9YKf89gb6zkRO_J6EJbh5PU,school,kids haven kindergarten school,school,27.7137227,85.3627479,Boudha stupa,1
ChIJ8WSqWH0Z6zkRV5B1J2PeRXM,school,Shram Rashtriya Secondary School,secondary_school,27.7170829,85.3547,Boudha stupa,1
ChIJRSQJk0sb6zkRNeNTihZX4Xg,school,Bishnu Bimala Kunja,school,27.7156303,85.3678099,Boudha stupa,1
ChIJj-Y19TIb6zkRj77rvmtedbI,school,Sahara Montessori Pre-School,school,27.7290376,85.36366,Boudha stupa,1
ChIJpaOTK58b6zkRo1OH2u-pAkg,school,Kids' Cosmos English Preschool and Day Care,school,27.726379,85.3551572,Boudha stupa,1
ChIJXfPq9GEZ6zkRunWWC5BFch4,school,Holy Spirit Pre Primary School,preschool,27.7243615,85.3537595,Boudha stupa,1
ChIJuwt7xcIb6zkRUiaOlJuyCRY,school,Srongtsen Bhrikuti Boarding High School,school,27.72801,85.3667227,Boudha stupa,1
ChIJL4Ow6sMb6zkR47SwHI2vI1c,school,Genesis Academy,school,27.7260278,85.36912919999999,Boudha stupa,1
ChIJoy5QUuQb6zkRvhocB__SVGQ,school,CITY HEART SCHOOL,primary_school,27.7136886,85.3638383,Boudha stupa,1
ChIJBb9oNX0Z6zkRc6AQW9C1e0U,school,Rivera International Academy,school,27.7183266,85.3536993,Boudha stupa,1
ChIJoU6jjogZ6zkREmVP7Q_YWaM,school,"Eurostar Montessori Chuchchepati, Chabahil",school,27.7192386,85.35333,Boudha stupa,1
ChIJO8fQTc8b6zkRAgX0t2dxekU,school,Buddha Academy Boarding School,school,27.7182495,85.3702993,Boudha stupa,1
ChIJtVhJ054Z6zkRq01hnk5aZLI,school,Sumeru Akademiya,secondary_school,27.7257644,85.3542796,Boudha stupa,1
ChIJMzL6qcYb6zkRsKL8wRi-4so,school,Manjushree Community School,school,27.7242503,85.3705239,Boudha stupa,1
ChIJbUz8NdYb6zkR15OflSzv1dc,school,Aakash Ganga International Academy,school,27.7149905,85.3562161,Boudha stupa,1
ChIJyRRYCcwb6zkRLmuKFSi02FI,school,bal bagaicha,primary_school,27.7158825,85.3688166,Boudha stupa,1
ChIJj8LYYgAZ6zkRzju9Tocp2m0,school,Sagarmatha Educational Academy secondary block,school,27.725554,85.3539342,Boudha stupa,1
ChIJtSdvKwAZ6zkRY7tdrDR_yWA,school,St. Julian School,school,27.725554,85.3539342,Boudha stupa,1
ChIJl0B_xGEZ6zkRXXJ5_CWnxC8,school,Golden Peak High School,school,27.7259588,85.3541726,Boudha stupa,1
ChIJDSSUqxYZ6zkRErHFUeTYrV8,school,Grace Montessori School,preschool,27.7177481,85.35354889999999,Boudha stupa,1
ChIJ67r4ynwb6zkRjlno5L7adn4,school,Manjushree Montessori and daycare centre,preschool,27.7269623,85.368933,Boudha stupa,1
ChIJx0LqZ30Z6zkRYhzGWUoLYxA,school,New Kids Home Preschool,preschool,27.7165612,85.35418039999999,Boudha stupa,1
ChIJD_cVZt0b6zkRuDKBTAuEn70,school,Boudha Children Heaven Boarding School,school,27.7297897,85.36265999999999,Boudha stupa,1
ChIJvTr2lsYb6zkRFIo73s4ELPw,school,Kessang Primary School,primary_school,27.7229029,85.3713052,Boudha stupa,1
ChIJhSrQbcYb6zkRNajUea64rU8,school,"Centennial High School,Jorpati, Kathmandu",government_office,27.7210573,85.37147999999999,Boudha stupa,1
ChIJ07riNGIZ6zkRkBHsC2asBJQ,school,Kathmandu Vidya Mandir (KVM),school,27.722774,85.3524967,Boudha stupa,1
ChIJtc4tdAAb6zkR76Vpe0mwQ9g,school,Gyanmala English High School (Old building),school,27.7292751,85.3655538,Boudha stupa,1
ChIJq6qqan0Z6zkRfgzC_Rnkka4,school,Capital Montessori Training Center,school,27.7167798,85.3536735,Boudha stupa,1
ChIJY73DBS8b6zkR_g3onCUhRB0,school,Nesting Preschool,school,27.7134604,85.358037,Boudha stupa,1
ChIJnb9oanYZ6zkRwZseEhboecI,school,Aadim Gurukul School,preschool,27.7190766,85.3524517,Boudha stupa,1
ChIJkYZnHTgb6zkRZPValCYMIPI,school,Ritamvara Pre Montessori School,preschool,27.7171276,85.3705585,Boudha stupa,1
ChIJSaugqGMZ6zkRdarxFweHXrE,school,Elite Grand School,primary_school,27.7212452,85.3520556,Boudha stupa,1
ChIJiX1fzT0Z6zkRYKNi-MKrVlI,school,Little Wonders School,preschool,27.7280181,85.3553202,Boudha stupa,1
ChIJqxyIi3wZ6zkR1u7jHUrVb-c,school,Prerana English Boarding Higher School,school,27.7152935,85.35453919999999,Boudha stupa,1
ChIJN0o1PsYb6zkRgxy3CB3kMaI,school,Bidhya Sagar English Boarding School,school,27.7200856,85.3719868,Boudha stupa,1
ChIJkyU1kw4b6zkRqDf_dpsrjl4,school,Shram School Chowk,school,27.7139404,85.3562565,Boudha stupa,1
ChIJ5dPRg_Mb6zkR4ME5WOlDriU,school,Swasthani Academy Kathmandu,school,27.7213761,85.37211889999999,Boudha stupa,1
ChIJ7X9V_XsZ6zkR1-4I2IznJ-c,school,Supreme International High School,school,27.7179527,85.35252,Boudha stupa,1
ChIJy9n6l-MZ6zkR5pfLOLhEtbw,school,Aarogya pre school,school,27.7162594,85.3534671,Boudha stupa,1
ChIJkzdEfnYb6zkRZH5fVTsiY8I,school,Sinko Int’l Academy Pvt.Ltd. Jorpati,school,27.7213757,85.37228189999999,Boudha stupa,1
ChIJCyIMWsYb6zkROV40FkhQ_Ig,school,Galaxy Institute,educational_institution,27.721312500000003,85.37231249999999,Boudha stupa,1
ChIJYYq2i3sZ6zkRSSN7JLEFuYw,school,Hilary English High School,secondary_school,27.7181733,85.3521284,Boudha stupa,1
ChIJyx7EXGMZ6zkRiKAnDJY3a60,school,Samurai Education Foundation (Japanese Language School),consultant,27.7221172,85.3515019,Boudha stupa,1
ChIJXa_INR4b6zkR3X3lWmBMmkI,school,Sambotta High School,secondary_school,27.7285897,85.3685817,Boudha stupa,1
ChIJjxi1tA8b6zkRRwrLm1spOBs,school,Mother’s Day care,primary_school,27.7268052,85.3705284,Boudha stupa,1
ChIJkwc_SU0Z6zkRg0gtT9BiCn8,school,Aadim National College,educational_institution,27.7187538,85.3517894,Boudha stupa,1
ChIJNRs14WAZ6zkR2fFkfwHYfi0,school,Sagarmatha Educational Academy(Primary Wings),primary_school,27.7265783,85.3530743,Boudha stupa,1
ChIJDVI813wZ6zkR81UKBYHtGlc,school,Riviera Primary Block,school,27.7175702,85.3521873,Boudha stupa,1
ChIJOzplxGUZ6zkRXFtSHmHxL8o,school,Creative Kids Pre-School,school,27.7253732,85.35224439999999,Boudha stupa,1
ChIJAQAA8d8b6zkRwjlq5cs3fug,school,Princeton Academy,school,27.7291414,85.3556414,Boudha stupa,1
ChIJjcltBH0Z6zkR7M2QRQJyhVY,school,S. S. Academy an English Medium High School,secondary_school,27.7170005,85.35223859999999,Boudha stupa,1
ChIJMQtjpOAb6zkR0xq4svdohJ0,school,Prashanti Academy,school,27.7306431,85.35883319999999,Boudha stupa,1
ChIJFfi7fs4b6zkRmuHVnsGwKow,school,First Step School,preschool,27.713080700000003,85.3676248,Boudha stupa,1
ChIJGzdF4HwZ6zkRx5nERFBDQPU,school,New English Secondary School,secondary_school,27.7170255,85.3519821,Boudha stupa,1
ChIJe3jxdWMZ6zkR_g_jAGxOjmk,school,Nirman Nepal Residential School (Lollipops),primary_school,27.7210891,85.3508178,Boudha stupa,1
ChIJVQwjo8cZ6zkRPopgRdm4dtU,school,Mine home,school,27.7288639,85.3546034,Boudha stupa,1
ChIJRavvR2MZ6zkRIOxGe7Dtkoo,school,Disneyland Pre-School,preschool,27.718943,85.351041,Boudha stupa,1
ChIJn2n8CI4b6zkRKTHxdGdqWKs,school,Ekatajames College,school,27.7156421,85.3711788,Boudha stupa,1
ChIJ5fYeln0Z6zkRzm4eV_R6z28,school,Elixir Academy,school,27.7141762,85.3540616,Boudha stupa,1
ChIJm8cNL8kb6zkRBA7jd524iE8,school,Susanskar Academy,school,27.7153406,85.37103730000001,Boudha stupa,1
ChIJO8n5LM8b6zkRTS1Js9V5rWA,school,एकता जेम्स इङ्गलीस एकेडेमी,school,27.7155625,85.3713125,Boudha stupa,1
ChIJYxG4VIwZ6zkR88xbpvMorUM,school,Little Wonderland Pre School,preschool,27.7143574,85.3702113,Boudha stupa,1
ChIJdf0gOHwZ6zkRMIyMJyhR1nA,school,Mokshada School,secondary_school,27.7130145,85.355448,Boudha stupa,1
ChIJIdraTwAb6zkRclPlBzZNtoc,school,Gyanmala School New Building ज्ञान माला स्कुल नया बिल्डिङ,school,27.7307523,85.3665195,Boudha stupa,1
ChIJOXExFMEb6zkRbjkWqs1mDz8,school,Wits Academy,secondary_school,27.726381900000003,85.3719971,Boudha stupa,1
ChIJ-39MCn0b6zkRPHoxSyezbkI,school,Ritamvara Boarding School,school,27.7175676,85.3726377,Boudha stupa,1
ChIJyYdrTIcZ6zkRQCIWTXO_8VA,school,Bhavishya pre primary school,preschool,27.7196171,85.350529,Boudha stupa,1
ChIJJwA0YccZ6zkRmMzzL9aQzYg,school,Wee Kids Preschool,preschool,27.7157267,85.352239,Boudha stupa,1
ChIJ54Gj4-cb6zkRDtN3wm_-HLI,school,Kailash Bodhi Sec. School,secondary_school,27.7313505,85.3649889,Boudha stupa,1
ChIJL1plC-Ab6zkRTtCF4Mrv-8o,school,Bal Uddhar Secondary School,school,27.7302981,85.3560143,Boudha stupa,1
ChIJ0TzGJMkb6zkRF5I5TO3GGBQ,school,Merryland English School,school,27.7152224,85.3713471,Boudha stupa,1
ChIJKXpKBwwb6zkRZ3wfOCd9kL0,school,Ekata james school junior,primary_school,27.7129575,85.3688573,Boudha stupa,1
ChIJq-EcBWAZ6zkRgRmKk-9igJg,school,Joseph High School,secondary_school,27.729587100000003,85.3546142,Boudha stupa,1
ChIJ06p4N8kb6zkRJStjTOawhac,school,Timeline International Academy,secondary_school,27.714733,85.37108599999999,Boudha stupa,1
ChIJF1W9QgAZ6zkRx13ZaUqToXM,school,Manaslu World School,school,27.7188883,85.3504244,Boudha stupa,1
ChIJpRaCeWEZ6zkRWBfS1DQNcXM,school,Elite Kids' Zone,school,27.7257611,85.35105349999999,Boudha stupa,1
ChIJN0e5CQAZ6zkRoW0ZgixuhzY,school,Aarambhik Preschool,preschool,27.7224828,85.3500484,Boudha stupa,1
ChIJwadbp4cb6zkRnUJJlaYLRr8,school,Upsilon National School,school,27.712604700000004,85.3688741,Boudha stupa,1
ChIJg2IN0ysb6zkRppMsekzyh5s,school,Gokarneshwor World School,preschool,27.7211769,85.3740572,Boudha stupa,1
ChIJH5ytoOcb6zkRufXhXOVR7l0,school,Kapan Tabala School,educational_institution,27.7321262,85.3625692,Boudha stupa,1
ChIJYQdqUmMZ6zkRpgVenwqTuTA,school,Praxis International Academy,school,27.7184361,85.3502603,Boudha stupa,1
ChIJ_ZRQNnsZ6zkRFpkHx9J6NYE,school,Zenith Zone Kinder Garten,preschool,27.7215816,85.34965179999999,Boudha stupa,1
ChIJS5maYAQZ6zkRk2Xm1TDA97Q,school,Kohakuswimacdemy,school,27.7131696,85.3699907,Boudha stupa,1
ChIJPRp7_V8Z6zkRxONx-_YuUpU,school,Reliance International Academy,secondary_school,27.7300081,85.3544026,Boudha stupa,1
ChIJQZAqU2EZ6zkRJskQEo_jmh8,school,Saraswati Academy English School,school,27.7239902,85.34994669999999,Boudha stupa,1
ChIJKWXJTnQZ6zkRIDgj8Z35eTk,school,ILLC Education Consultancy,school,27.7192086,85.34980709999999,Boudha stupa,1
ChIJN22zuucb6zkRj1gNHYk2mkY,school,Little Moon School,school,27.7323252,85.3631709,Boudha stupa,1
ChIJWdqCiRcZ6zkR1rnVPuDssig,school,Mahamati prannath Sanskrit bidhyapith,secondary_school,27.722389,85.3495062,Boudha stupa,1
ChIJO9gbU2QZ6zkRkU5CrH-f1wc,school,Ku City Hss/college School Wings / Kathmandu Utkristha Campus,secondary_school,27.7260287,85.3505151,Boudha stupa,1
ChIJ4-zyteAb6zkRK2qxSOcPoK0,school,Ghataraj Memorial School(GMS),primary_school,27.7322711,85.3592333,Boudha stupa,1
ChIJY50Wzlwb6zkR6NtaxpBziiQ,school,"Zenith School, Nayabasti, Gokarneshwor-05",school,27.7122077,85.36919000000002,Boudha stupa,1
ChIJAyx9BV8Z6zkRFQf59ZlskM0,school,Baalaark Pre School,preschool,27.7284235,85.3520657,Boudha stupa,1
ChIJO6V9v8Eb6zkRNBWWxfFZ-KM,school,"Springville Preschool, Nayabasti, Nepal",preschool,27.7121297,85.3690949,Boudha stupa,1
ChIJgx2h9WsZ6zkRhvZiPG8M1UU,school,Nepal College Of Hospitality Management and Culinary,school,27.7273018,85.3511087,Boudha stupa,1
ChIJrcATlnoZ6zkRv0X0WVdq4yo,school,Kathmandu Unified City School (KU),school,27.7261699,85.35041319999999,Boudha stupa,1
ChIJW-Eokccb6zkRVQesW2gLjMY,school,ALCHEMIST ACADEMY Secondary School,secondary_school,27.7209272,85.374676,Boudha stupa,1
ChIJQTlxi3kZ6zkR2DA1ExU5RH0,school,Kathmandu Int´l School,school,27.7131541,85.3532225,Boudha stupa,1
ChIJ__-_3OAb6zkRJIgRb487j_E,school,Joonkiri Primary School,school,27.732412,85.3590815,Boudha stupa,1
ChIJLY9PRXsZ6zkRhr2O9pMFzHw,school,Bishwa Shiksha Sadan Secondary School (Montessori Based School) बिश्व स्कुल,school,27.7175023,85.34988419999999,Boudha stupa,1
ChIJOZXOy8Ab6zkRm0KUvQ-cw2E,school,Shangri-La Public School,school,27.7250999,85.37406949999999,Boudha stupa,1
ChIJKVlUqGYZ6zkRl4MSD_8CmKA,school,Nepal Vidhya Sadan,primary_school,27.7241151,85.3493037,Boudha stupa,1
ChIJUd_okIMZ6zkRHWfw6VIDXcI,school,Kids Home Montessori,school,27.7141061,85.3518596,Boudha stupa,1
ChIJO9dsruIb6zkRR8kT-owyQDA,school,Pushpalal Memorial School,school,27.7327961,85.3597223,Boudha stupa,1
ChIJC5nfl2QZ6zkRRhSW1aEioKo,school,Springtree A Pre-School,school,27.719562,85.3490235,Boudha stupa,1
ChIJmRn_Pswb6zkRxpUyyzBL9JA,school,Shining Star Shiksha Sadan,secondary_school,27.711639,85.369,Boudha stupa,1
ChIJF-r8upYZ6zkR4DvmoiqxYCY,school,Pathibhara Academy(Pathibhara Educational Network),educational_institution,27.7185161,85.34909080000001,Boudha stupa,1
ChIJeYmn2t4Z6zkRlCwxzudlgTM,school,Roshna Barista Academy,,27.7183852,85.3491286,Boudha stupa,1
ChIJyRsamtkb6zkRPAWgzh19cQM,school,Xavier International School,school,27.716514,85.34987459999999,Boudha stupa,1
ChIJvdezscYb6zkRnVEYLsAlumA,school,Real Kids Home,preschool,27.7267758,85.37378199999999,Boudha stupa,1
ChIJHXCjfgAZ6zkRMTndGPB73qw,school,Mr.Samurai Education Consultancy,school,27.7184515,85.34898799999999,Boudha stupa,1
ChIJW38mpFQZ6zkRAduT-Xbr8bU,school,Smile Education Center STUDY IN JAPAN Right path to your Future Our dream is your smile,school,27.7184821,85.3489591,Boudha stupa,1
ChIJZVjRYnwZ6zkRQI5Pw4ksBDY,school,Kinderland,preschool,27.7150671,85.35046009999999,Boudha stupa,1
ChIJRwf-N-Ab6zkRMqoDpiik1Es,school,Jugal school,school,27.7323211,85.3562833,Boudha stupa,1
ChIJa-bD6mAb6zkRqqFLSQXAXk0,school,Shree Balkumari Secondary School,government_office,27.7332858,85.36482,Boudha stupa,1
ChIJ1X-vK2cZ6zkR8_DptkxYyGc,school,pathivara community,school,27.7271122,85.34960769999999,Boudha stupa,1
ChIJNYOW9OYb6zkR3mbrnamE5Ws,school,Trijyoti Secondary School,school,27.7337611,85.3627617,Boudha stupa,1
ChIJdy-k52QZ6zkRAWXa0InJlG4,school,Vinayak Secondary School,secondary_school,27.7200022,85.3480213,Boudha stupa,1
ChIJzXF9Ml4Z6zkRHEM3fqxCx5E,school,Reliance Public School,primary_school,27.7304393,85.3523313,Boudha stupa,1
ChIJkwRxfLgb6zkRxW_3iaU3-Wo,school,Ambassador Academy Block 'A',school,27.721582,85.376057,Boudha stupa,1
ChIJFXTzU04b6zkRmep68N3EFQo,school,Bal Sarathi School,primary_school,27.7094338,85.3576665,Boudha stupa,1
ChIJ6XXMALgb6zkRQUG6n32DOF8,school,East Pole Secondary School,secondary_school,27.7197033,85.3759907,Boudha stupa,1
ChIJpYdcn7gb6zkRh4zVekg2fOs,school,Balbatika English Boarding School,school,27.7233404,85.37608949999999,Boudha stupa,1
ChIJuXWhisAb6zkRD7ZqSk2A3p8,school,Holy Angels' Public School,secondary_school,27.727693,85.3744049,Boudha stupa,1
ChIJT0BdIXcb6zkR6j21uhaL6is,school,chhahari shikshya sadan school,school,27.7250892,85.375705,Boudha stupa,1
ChIJ31kGJ58b6zkRP4lILOLlVD4,school,Budhanilkatha 12 Ganesh Thapachowk,school,27.734097,85.36069529999999,Boudha stupa,1
ChIJk359H-sb6zkRsyrU9bOolnI,school,"Hamro Sunshine School, Simaltar",primary_school,27.7332056,85.36775759999999,Boudha stupa,1
ChIJZWp2Py6Jx2cRUIhL9Q7tU94,school,Bal Gyanpunja,preschool,27.7234303,85.3474861,Boudha stupa,1
ChIJAd1DNP0b6zkRNAylmkw39hk,school,Spring Bud Montessori School,school,27.734038,85.3585222,Boudha stupa,1
ChIJd5nWNmcZ6zkR9npFqyyfv2M,school,Golden Garden International Academy,school,27.7280244,85.3492958,Boudha stupa,1
ChIJJazpkiIb6zkRo2GckMJhzCE,school,Mount Summit Boarding School,school,27.7187413,85.3763304,Boudha stupa,1
ChIJ61qpAakb6zkRvqm6eiNgOCs,school,Eureka ChildCare & Devlopment Center(CDC),school,27.7343992,85.3616435,Boudha stupa,1
ChIJ2T1rX2MZ6zkRyML24crNFVM,school,VS College-Vinayak Siddha College (+2 Block),secondary_school,27.7182996,85.3476166,Boudha stupa,1
ChIJuciDCOQb6zkR24v3Loj0Azg,school,Balapushpika Kindergarten,school,27.7265636,85.3754998,Boudha stupa,1
ChIJM62tvb4Z6zkR1oQs415Xk9k,school,Shree Somsarala Ved Vidyaashram,educational_institution,27.71387,85.3498171,Boudha stupa,1
ChIJ3bCEKHcZ6zkR-tWonF-pmJs,school,KMS INSTITUTE [सम्पूर्ण भाषा तथा कम्प्युटर कक्षा एकै ठाउँमा],educational_institution,27.7174176,85.3475031,Boudha stupa,1
ChIJB0Ru7QMZ6zkR4qyGJ-E1Xl8,bank,आदित्य बचतऋण सहकारी,bank,27.712529,85.318091,Durbar Marg,1
ChIJcSjX8AMZ6zkRgr0uWaVpCX8,bank,"Rastriya Banijya Bank Ltd.,",bank,27.7120975,85.31841720000001,Durbar Marg,1
ChIJSyehagAZ6zkRxsryIMeaI3s,bank,Himalayan Bank Ltd. Hiti Durbar Branch,bank,27.7130721,85.3188868,Durbar Marg,1
ChIJ18Bs5AMZ6zkRm47R71A0Sh4,bank,Nepal Investment Mega Bank Limited,bank,27.7116747,85.3176939,Durbar Marg|New Road,2
ChIJQXbQsFlKro4R4OmbG3Z7XK8,bank,Indrakamal Multi-purpose cooperative ltd.,bank,27.7116009,85.3174461,Durbar Marg|New Road,2
ChIJibXREQQZ6zkRhBA1bEWFJW0,bank,World Bank Nepal Office,bank,27.7124019,85.3193806,Durbar Marg,1
ChIJKc9GYQEZ6zkRr6xEOVgMS5k,bank,Mahalaxmi Bikas Bank ATM,atm,27.7113078,85.31732509999999,Durbar Marg|New Road,2
ChIJ_6fIVQEZ6zkRSyhntium5ak,bank,देव: विकास बैंक लिमिटेड,bank,27.7110502,85.3185783,Durbar Marg|New Road,2
ChIJLTtoWgEZ6zkRGEfrVTytEc4,bank,BR Multipurpose Co-op,bank,27.7106434,85.31804489999999,Durbar Marg|New Road,2
ChIJE2g8UwEZ6zkRSiUxdvav0N0,bank,Nabil Bank Limited,bank,27.7106453,85.3186417,Durbar Marg|New Road,2
ChIJ88FA9zQZ6zkRzh0588zXSVM,bank,Mahalaxmi Bikash Bank Limited,bank,27.7104263,85.3171287,Durbar Marg|New Road,2
ChIJ1frwQgEZ6zkRClYbTR4YFoc,bank,Shubhachesta SACCOS,bank,27.710297,85.317612,Durbar Marg|New Road,2
ChIJwal2TwEZ6zkRR0ZnXljJu70,bank,United Finance Limited,bank,27.7102645,85.31820549999999,Durbar Marg|New Road,2
ChIJd0LcRAQZ6zkRt98yGAJlnIE,bank,Amardeep SACCOS,bank,27.713396,85.32057739999999,Durbar Marg,1
ChIJ_zAT0gYZ6zkRnMmvnKYV6DQ,bank,Citizens Bank Int´l Ltd.,bank,27.7132837,85.3206798,Durbar Marg,1
ChIJT4HMQwIZ6zkRVawMrAbj4dg,bank,Global IME Bank Limited,bank,27.7129205,85.31503959999999,Durbar Marg|New Road,2
ChIJxX8NIwIZ6zkREth_Qv1GWJg,bank,Nepal Investment Mega Bank Limited (NIMB),bank,27.7098439,85.3190789,Durbar Marg|New Road,2
ChIJS5mwS2IZ6zkRY2wU888Fg38,bank,Reliance Finance Limited,bank,27.7100617,85.31977859999999,Durbar Marg,1
ChIJLRNugwYZ6zkRTwrqRI2bDRs,bank,Janasanchar SACCOS,bank,27.710988,85.320846,Durbar Marg,1
ChIJQ4N0FQAZ6zkRl56Jgb0QqzM,bank,"Citizens Bank, Kamaladi",bank,27.7095018,85.31840629999999,Durbar Marg|New Road,2
ChIJo_i1lQYZ6zkRkvmbGtA07CM,bank,Global IME Bank Limited,bank,27.7099875,85.3203241,Durbar Marg,1
ChIJSX7UX1AZ6zkR5Ltoz2T7FVU,bank,Global IME Bank Limited,bank,27.7090303,85.3181458,Durbar Marg|New Road,2
ChIJt9clkwEZ6zkRF9UDjUlVFPE,bank,NMB Bank Limited,bank,27.7101137,85.31492209999999,Durbar Marg|New Road,2
ChIJ88qV7QEZ6zkRYJlLJdiDz3M,bank,Siddhartha Bank Limited,bank,27.7102585,85.3146928,Durbar Marg|New Road,2
ChIJMXNR2AUZ6zkR1QSpi9a4B7g,bank,Laxmi Sunrise Bank Limited,bank,27.7114194,85.32205309999999,Durbar Marg,1
ChIJUxCb7gEZ6zkRWGkpOHoebbI,bank,Pashupati SACCOS,bank,27.710109,85.3145639,Durbar Marg|New Road,2
ChIJt_ObYgYZ6zkRDBXJBonPlsY,bank,Goodwill Finance Ltd.,bank,27.7104998,85.32171009999999,Durbar Marg,1
ChIJXedgfmEZ6zkR2BYqRWESPvc,bank,Mega Bank Nepal Limited,bank,27.7136196,85.3222902,Durbar Marg,1
ChIJvZMM1iEZ6zkRgGJpXv6oPOo,bank,"Laxmi Sunrise Bank Ltd., Kantipath Branch",bank,27.7098272,85.3146476,Durbar Marg,1
ChIJGxyAIAIZ6zkRA0Nh2RfxYG4,bank,Prabhu Bank Limited,bank,27.7097641,85.3144586,Durbar Marg,1
ChIJkZ8Igf0Y6zkR5RYZGpJi-WA,bank,"Himalayan Bank Limited, Head Office",bank,27.708732,85.3198527,Durbar Marg|New Road,2
ChIJi8ggICcZ6zkR3qduBrzfvWw,bank,Mega Bank ATM,atm,27.71173,85.3133,Durbar Marg|New Road,2
ChIJL2a6TC8Z6zkRudz1_jpIjQE,bank,Sanima Bank Limited,bank,27.708921600000004,85.3153379,Durbar Marg,1
ChIJ5aySUQAZ6zkRvO4f2JaGQMI,bank,Nabil Bank,bank,27.7082104,85.3173961,Durbar Marg|New Road,2
ChIJ3YUXef0Y6zkRByPt3ZrEy1U,bank,Rastriya Banijya Bank ATM,atm,27.7142431,85.31328099999999,Durbar Marg,1
ChIJfx79xfsZ6zkRIMtLRV_91dc,bank,"Kamana Sewa Bikas Bank, Bhotahiti",bank,27.7141294,85.313227,Durbar Marg|New Road,2
ChIJ2zlUagAZ6zkRx5oHb7J4iXk,bank,NIC ASIA Bank Kamaladi Branch,bank,27.7084417,85.319847,Durbar Marg|New Road,2
ChIJ4e8-krEZ6zkRL5-kFXx4akg,bank,NIC ASIA Bank Corporate Office,bank,27.7084409,85.3198574,Durbar Marg|New Road,2
ChIJRwlz7SYZ6zkR-nxU2d1Qsl8,bank,NIC Asia Bank - KMC Extension Counter,bank,27.7096177,85.32178259999999,Durbar Marg,1
ChIJE56Te_0Y6zkRT3U75xrQ6IM,bank,Rastriya Banijya Bank,bank,27.7143714,85.3132254,Durbar Marg,1
ChIJ19mwCgkZ6zkRG0L0zs1q22w,bank,NMB Bank Limited,bank,27.7132974,85.3232219,Durbar Marg,1
ChIJy8HLWQAZ6zkR5VsUm8k49EI,bank,"Prabhu Bank, Kamaladi Branch",bank,27.7082018,85.31981619999999,Durbar Marg|New Road,2
ChIJQTNcINLy46UR5YbQR2vFKtM,bank,Nepal SBI Bank Limited,bank,27.7080386,85.3192555,Durbar Marg|New Road,2
ChIJcbYel_0Y6zkRPLIDfdV8K_k,bank,Tri-Kali SACCOS,bank,27.7130557,85.3125573,Durbar Marg|New Road,2
ChIJ4XIcl_0Y6zkR6_tPJjJjksc,bank,Agricultural Development Bank Limited,bank,27.7129916,85.3125373,Durbar Marg|New Road,2
ChIJPapqlf0Y6zkRklUgK944ClI,bank,Nepa SACCOS,bank,27.7125772,85.3124114,Durbar Marg|New Road,2
ChIJWamQRmMZ6zkRj051Qyaw1jY,bank,"Everest Bank Limited, Jamal Branch",bank,27.7089495,85.314145,Durbar Marg|New Road,2
ChIJNW-00_4Z6zkR_BO7JCajFmY,bank,Global IME Bank Limited,bank,27.7138142,85.3124237,Durbar Marg|New Road,2
ChIJDx89wyAZ6zkR7zALT05lLuE,bank,Bodhisatyo SACCOS,bank,27.7075867,85.3187653,Durbar Marg|New Road,2
ChIJWyuyv_0Y6zkRyVyd2dHDrLA,bank,Laxmi Sunrise Bank Ltd. Jyatha Branch,bank,27.7124144,85.312229,Durbar Marg|New Road,2
ChIJPx451hwZ6zkRPEBXJIqkpKU,bank,Civic SACCOS,bank,27.717473,85.316277,Durbar Marg,1
ChIJg03_bf0Y6zkR2z8w9bQuF94,bank,Kumari SACCOS,bank,27.7146615,85.31262319999999,Durbar Marg,1
ChIJE38bZ3IZ6zkRHbUsMbDbbUg,bank,Euro Multipurpose Co-op,bank,27.7144317,85.31242999999999,Durbar Marg,1
ChIJ60e6u_0Y6zkRbn8NlTmlPQU,bank,NIC ASIA Bank Thamel Branch,bank,27.7129375,85.3120625,Durbar Marg|New Road,2
ChIJ18kKD_0Y6zkRzsZcoOH44kg,bank,NMB Bank Limited,bank,27.714776,85.3124715,Durbar Marg,1
ChIJq_07c_0Y6zkRbXYPVR9W1tc,bank,Euro SACCOS,bank,27.7144273,85.3123099,Durbar Marg,1
ChIJPbDpbf0Y6zkRTOSfFviv5_U,bank,NIC Asia Bank ATM,atm,27.7144564,85.3123183,Durbar Marg,1
ChIJJyyUpwEZ6zkR-NvtVrEchbQ,bank,Samjhana Sahakari,bank,27.7084698,85.31404669999999,Durbar Marg|New Road,2
ChIJuR9gwQAZ6zkRqHUY2Y9tCmo,bank,Agricultural Development Bank Limited,bank,27.707182,85.31768079999999,Durbar Marg|New Road,2
ChIJtTz_QAYZ6zkR-vYSh3daBUI,bank,Jyoti Bikash Bank Limited,bank,27.7103148,85.3236992,Durbar Marg,1
ChIJkVB4RP0Y6zkR1mZ3QWSmUAw,bank,Tilicho SACCOS,bank,27.71578,85.312782,Durbar Marg,1
ChIJ90VLolUY6zkRxbb-zcIJf-M,bank,Nepal Investment Mega Bank,bank,27.7182121,85.318084,Durbar Marg,1
ChIJ0zmCoBwZ6zkRf0cs-_tosmo,bank,Sanasui SACCOS,bank,27.718323,85.3187839,Durbar Marg,1
ChIJnRlayf0Y6zkRmGRULjjO-qU,bank,Chetana SACCOS,bank,27.7122008,85.3114092,Durbar Marg|New Road,2
ChIJu5zZXeMZ6zkROew5yaHCeWI,bank,Laxmi Sunrise Bank Limited,bank,27.7116459,85.3244782,Durbar Marg,1
ChIJKWVfhIcZ6zkR2yhUGRIHEMk,bank,Machhapuchhre Bank,bank,27.7144177,85.3115816,Durbar Marg,1
ChIJj4LClAAZ6zkROyH8NPc8tHE,bank,Nilakamala SACCOS,bank,27.706689,85.317289,Durbar Marg|New Road,2
ChIJIW3_A_0Y6zkRAMBjT7yu0Sk,bank,Prabhu Bank Limited,bank,27.714001,85.311374,Durbar Marg,1
ChIJK68dPB0Z6zkR5t3UIuU_7vs,bank,Prabhu Bank Limited,bank,27.7180583,85.31501790000002,Durbar Marg,1
ChIJbXgb0_0Y6zkRXKkIBEW2VBo,bank,Maitripura SACCOS,bank,27.7115063,85.3111907,Durbar Marg|New Road,2
ChIJTRTp1P0Y6zkR5b1zsR6ygvE,bank,Sri Sai SACCOS,bank,27.711286,85.3111965,Durbar Marg|New Road,2
ChIJY83d1P0Y6zkRYq2g7lX4Wqw,bank,Sathi SACCOS,bank,27.7110817,85.3111883,Durbar Marg|New Road,2
ChIJT3g-dg8Z6zkR7L9_vlLgmws,bank,Macchapuchchhre Bank Limited,bank,27.71428,85.3248409,Durbar Marg,1
ChIJiw_d1P0Y6zkRi5ZELiSAKyU,bank,Monestry SACCOS,bank,27.7111876,85.31101249999999,Durbar Marg|New Road,2
ChIJM7Hy0v8Y6zkRHyKf2SZim9o,bank,Alive SACCOS,bank,27.7080307,85.3130108,Durbar Marg|New Road,2
ChIJUVhxHQAZ6zkRtxdYGFSunmo,bank,Nepal SBI Bank Ltd. Commercial Branch,bank,27.7176492,85.31334269999999,Durbar Marg,1
ChIJp6ofjg8Z6zkRr5Pn85Vw2a0,bank,Nepal Investment Mega Bank Limited,bank,27.7152816,85.3246747,Durbar Marg,1
ChIJ03H_7gEZ6zkRlsUNT8kvlv4,bank,MonyGram Multipurpose Coop,bank,27.7100621,85.31113069999999,Durbar Marg|New Road,2
ChIJN02voggZ6zkRYJz4tMqUQa4,bank,Prime Commercial Bank Central Office,bank,27.7099254,85.32476559999999,Durbar Marg,1
ChIJ7Z6uMssZ6zkRuMQe9i8l0iM,bank,Global IME Bank Limtied,bank,27.7078507,85.3127976,Durbar Marg|New Road,2
ChIJvTL9Mf0Y6zkRe2Owbj9ty8g,bank,"Everest Bank, ATM",bank,27.716424,85.3118473,Durbar Marg,1
ChIJJZFqpQAZ6zkR0VuW2EMHYHg,bank,Milenium SACCOS,bank,27.70598,85.3180709,Durbar Marg|New Road,2
ChIJ7_iy0P8Y6zkRrMqwTGnqE28,bank,Nepal Cooperative,bank,27.707432,85.313289,Durbar Marg|New Road,2
ChIJ0f-wJgAZ6zkRIogimEAkTP0,bank,Neju Guru SACCOS,bank,27.7074989,85.3131293,Durbar Marg|New Road,2
ChIJgTSEzv8Y6zkRlcqakNlHvjg,bank,Prime Commercial Bank Limited,bank,27.7077104,85.3128349,Durbar Marg|New Road,2
ChIJhUHn4fwY6zkR8a5yyPPP520,bank,Siddhartha Bank | Thamel,bank,27.7151457,85.3109774,Durbar Marg,1
ChIJbX4GUwcZ6zkRl5WdfWaADnc,bank,Kumari Bank Limited,bank,27.705908,85.31921,Durbar Marg|New Road,2
ChIJ6ROpmaMZ6zkRqJDvzIe8A18,bank,Riddhi Siddhi Multipurpose Co-op.,bank,27.7101686,85.31081119999999,Durbar Marg|New Road,2
ChIJHfPYUwcZ6zkR4J90qCpUBLY,bank,Everest Bank Limited,bank,27.7058861,85.3190716,Durbar Marg|New Road,2
ChIJZ4sNW_wY6zkRRj-BdagfD2w,bank,Nepal Investment Mega Bank,bank,27.7133903,85.31024169999999,Durbar Marg|New Road,2
ChIJJ56nt_8Y6zkRNVpsvJDTg0M,bank,Jeevandrishti SACCOS,bank,27.7076746,85.3125092,Durbar Marg|New Road,2
ChIJqVHZWwcZ6zkRU1H9pm3Bg50,bank,Bidhyut Karmi Cooperative,bank,27.7058571,85.31966229999999,Durbar Marg|New Road,2
ChIJb_zG_ggZ6zkRmv3esApIOVo,bank,Kashmira SACCOS,bank,27.7058432,85.31965210000001,Durbar Marg|New Road,2
ChIJs6DangAZ6zkRb1bCzBGqgUE,bank,Shram Jyoti SACCOS,bank,27.7056375,85.31730089999999,Durbar Marg|New Road,2
ChIJ90VLolUY6zkR6SkSenGIA14,bank,Nepal Investment Mega Bank,bank,27.707296,85.3128079,Durbar Marg|New Road,2
ChIJW1eexf8Y6zkR1cJlGFsoB3c,bank,Ashtamangal Multipurpose Co-op,bank,27.7072831,85.31280489999999,Durbar Marg|New Road,2
ChIJ65vUjvMZ6zkRx7l8ak30JFs,bank,sewamulak saving and credit co-operative ltd.,bank,27.717229,85.3239428,Durbar Marg,1
ChIJmfNDTGAZ6zkRBqpHoIyl3nI,bank,Babira Multipurpose Co-op,bank,27.717229,85.3239428,Durbar Marg,1
ChIJq6qqqhoZ6zkRVUAY4QMThXs,bank,SUBHAMILAN MULTIPURPOSE COOPERATIVE,bank,27.717229,85.3239428,Durbar Marg,1
ChIJF6JgZLUZ6zkR6AQzAooYmu4,bank,Aphanta SACCOS,bank,27.717229,85.3239428,Durbar Marg,1
ChIJuZUgjj0Z6zkRMVIkiwiEPw4,bank,Nepal Investment Mega Bank Limited Baneshwor Branch,bank,27.7172479,85.3239474,Durbar Marg,1
ChIJT1qLnv4Z6zkRqpxvo27jRUU,bank,Aarogya SACCOS,bank,27.7196628,85.31839,Durbar Marg,1
ChIJqW5imRwZ6zkRQ_9JTMIp1OM,bank,Standard Chartered Bank Nepal Limited,bank,27.7156941,85.3252802,Durbar Marg,1
ChIJc3W9lAcZ6zkR2akbXRmZK4k,bank,Surya Multipurpose Co-op,bank,27.7066949,85.32255719999999,Durbar Marg,1
ChIJr5-Em_4Y6zkR3z8eH1Qa5m4,bank,Subista SACCOS,bank,27.7104887,85.3101569,Durbar Marg|New Road,2
ChIJ_xlCZ68Z6zkR8M2vxFOLHNU,bank,NIC ASIA Bank Dallibazar Branch,bank,27.7069338,85.3231363,Durbar Marg,1
ChIJDzTI1vwY6zkRSxGHUrzqpJY,bank,Mega Bank Nepal Ltd.,bank,27.7162113,85.31078819999999,Durbar Marg,1
ChIJA2j4PfwY6zkROurL0LZXCw8,bank,Money Saver SACCOS,bank,27.7120129,85.3097112,Durbar Marg|New Road,2
ChIJnfjN6QcZ6zkRSdt5hG9R6rE,bank,Nepal Bank Ltd. Dillibazar Branch,bank,27.7068593,85.32316089999999,Durbar Marg,1
ChIJjzHzVQwZ6zkRC1qD_uzuHY4,bank,Rajikhushi SACOOS,bank,27.7056257,85.3206261,Durbar Marg|New Road,2
ChIJd_Nl2_cZ6zkR3nRVOsHOq1M,bank,Sanima Bank Ltd Head Office,bank,27.7144761,85.3260456,Durbar Marg,1
ChIJ9UPY2vwY6zkRDSp7AuwsSAc,bank,Jyoti Bikash Bank Limited,bank,27.7158791,85.3104589,Durbar Marg,1
ChIJXeLgrf8Y6zkRCzJywb2SkT4,bank,Jyoti Bikash Bank Limited,bank,27.7077346,85.3116046,Durbar Marg|New Road,2
ChIJLWP84w8Z6zkRPEEzrXexZ1o,bank,Pride SACCOS,bank,27.7169231,85.32498179999999,Durbar Marg,1
ChIJe2oZqh0Z6zkR9JxVitM7Hmw,bank,Paurakhi SACCOS,bank,27.7200492,85.3158431,Durbar Marg,1
ChIJHYRw8eQY6zkR3VqnJwq3i8U,bank,TULADHAR,bank,27.7180467,85.3241348,Durbar Marg,1
ChIJhRAb7gcZ6zkR-w3yGshWadc,bank,Nepal Investment Mega Bank Limited,bank,27.706264,85.3229669,Durbar Marg,1
ChIJxSMnjQcZ6zkRxZCTTr5azdU,bank,Our Desire SACCOS,bank,27.706055,85.3226119,Durbar Marg,1
ChIJZ6MxowAZ6zkROsu3HfYc6zg,bank,Bright SACCOS,bank,27.7051621,85.3205144,Durbar Marg|New Road,2
ChIJCQZq1akZ6zkRhMiiWPCb1aw,bank,Nepal SACCOS,bank,27.7053791,85.3213188,Durbar Marg,1
ChIJr40q8gcZ6zkRx8pwhBcOcvI,bank,Agriculture Development Bank Limited,bank,27.7061773,85.3229976,Durbar Marg,1
ChIJxaF5rQ8Z6zkRJgemVPMFtGA,bank,Global IME Bank Limited,bank,27.7150978,85.3263983,Durbar Marg,1
ChIJNRSIAv8Y6zkRccctKYbhGCY,bank,NAFIN SACCOS,bank,27.7078225,85.3108754,Durbar Marg|New Road,2
ChIJHZNIUQcZ6zkR8CoL9b-12tM,bank,Green Line SACCOS,bank,27.7051556,85.3209339,Durbar Marg|New Road,2
ChIJ6wjBoBsZ6zkRrWMvicMW3dk,bank,Keshar SACCOS,bank,27.720366,85.31973889999999,Durbar Marg,1
ChIJUyaF5f4Y6zkRslfu-ItgtOs,bank,Param SACCOS,bank,27.7086647,85.310193,Durbar Marg|New Road,2
ChIJl-HlLAAZ6zkRghQIe20DI_I,bank,Nepal Investment Mega Bank (NIMB) - Gairidhara Branch,bank,27.7173399,85.3252115,Durbar Marg,1
ChIJV0AziAcZ6zkRno8YeMmssvE,bank,Prime Commercial Bank Limited,bank,27.705545,85.3221678,Durbar Marg,1
ChIJiZSsWBwZ6zkRB-CsmuXkq7A,bank,Santulit Multipurpose Co-op,bank,27.7080457,85.31056869999999,Durbar Marg|New Road,2
ChIJTVodigcZ6zkRrXTsa4rboJs,bank,Prime Commercial Bank ATM,atm,27.7055299,85.3222885,Durbar Marg,1
ChIJmb_Np_4Y6zkRmp0ZwhWJyMw,bank,Janadev SACCOS,bank,27.7107106,85.30913079999999,Durbar Marg|New Road,2
ChIJ3b8Y96kZ6zkR83VJAKyQWvA,bank,Nagarik Aahwan SACCOS,bank,27.704516,85.31900979999999,Durbar Marg|New Road,2
ChIJ8TW22vwY6zkRXYEGbR9kUVM,bank,Global IME Bank Limited,bank,27.7163771,85.30979339999999,Durbar Marg,1
ChIJcXrVqf4Y6zkRQhMTVcmz4zA,bank,Lajaga: SACCOS,bank,27.710884,85.308928,Durbar Marg|New Road,2
ChIJ6ZSMFgAZ6zkRywPOqXO9wWA,bank,Hami EK SCO,bank,27.7180793,85.3110792,Durbar Marg,1
ChIJA-JQKLsZ6zkRN0W8DMq-c3M,bank,Siddhartha Capital Limited.,bank,27.7160729,85.3264176,Durbar Marg,1
ChIJH7ynFCsZ6zkRbRTxedMvHyU,bank,Nabil Bank Limited Thamel Branch,bank,27.7110172,85.30880200000001,Durbar Marg|New Road,2
ChIJX0WUAs8Z6zkRK2SGaLdD9Qs,bank,Tourism Development Saving & Credit Co-operative Ltd.,bank,27.7155671,85.3091965,Durbar Marg,1
ChIJ_8rcrQ8Z6zkRDATZlNAjJGQ,bank,Kumari Bank Limited,bank,27.7149497,85.3269874,Durbar Marg,1
ChIJDXrhHaoZ6zkRjcblEnnJhIg,bank,Shree Amar Prahari Pariwar Multipurpose Co-op,bank,27.7042833,85.3187118,Durbar Marg|New Road,2
ChIJlzaTAPwY6zkRGXOuC3fCWVs,bank,Harabhara SACCOS,bank,27.711118,85.308531,Durbar Marg|New Road,2
ChIJ-Z5TIOMY6zkRViY6n2r3fOM,bank,Nepal SBI Bank Ltd,bank,27.7181365,85.3106885,Durbar Marg,1
ChIJye1ujmcZ6zkRlA2SCm8N-S8,bank,Everest Bank Limited,bank,27.7172493,85.3260186,Durbar Marg,1
ChIJx0Ib_wcZ6zkRjmdpXBo7G5g,bank,Janak Pashupati SACCOS,bank,27.705692,85.3237539,Durbar Marg,1
ChIJEW3J2wkZ6zkRZlm6_71MPNI,bank,Citizens Capital Limited,bank,27.705867500000004,85.3242217,Durbar Marg,1
ChIJ06EneI0Z6zkRrZ7m79RxvOA,bank,Parimal SACCOS,bank,27.7108043,85.30828,Durbar Marg|New Road,2
ChIJ_-CwAQgZ6zkRb4a6UmTmHo0,bank,Citizens Bank International Limited,bank,27.7057176,85.3241292,Durbar Marg,1
ChIJEcVnOAgZ6zkRBFiKn5-uVXU,bank,Shree Investment & Finance,bank,27.7070333,85.32571039999999,Durbar Marg,1
ChIJ2UbqRQAZ6zkRAHXRF6O04eE,bank,Rastriya Banijya Bank,bank,27.7212181,85.3202835,Durbar Marg,1
ChIJY2VZzUUZ6zkRmA1b3E9FX2s,bank,Mega Bank Nepal,bank,27.7175358,85.32637559999999,Durbar Marg,1
ChIJlV1a9f8Y6zkRyxs12wOJsGY,bank,Taleju SACCOS,bank,27.705184,85.312375,Durbar Marg|New Road,2
ChIJyygvXlUY6zkRx3aIKK66r30,bank,Buddhatwo multipurpose co operative ltd,bank,27.7049506,85.3126056,Durbar Marg,1
ChIJs35bNSYZ6zkRuV1TH4wuWrc,bank,Swadeshi Multipurpose Co-operative Ltd,bank,27.7120173,85.3281683,Durbar Marg,1
ChIJe7ZZ_qkZ6zkRJx2OuzguJww,bank,Moneyplus SACCOS,bank,27.7044359,85.3223861,Durbar Marg,1
ChIJBdTBQAkZ6zkRspMnSGqUBEs,bank,Bee SACCOS,bank,27.7104134,85.32794779999999,Durbar Marg,1
ChIJN5ayewYZ6zkReVssQukXgTc,bank,Siddhartha Bank | Head Office,bank,27.7164828,85.3273741,Durbar Marg,1
ChIJmVy-pA4Z6zkRdRM_EE6cCzs,bank,Agricultural Development Bank Limited,bank,27.7118469,85.3283325,Durbar Marg,1
ChIJUe95ReMY6zkRxLZtDUvVbFs,bank,Madhya Marsyangdi Multipurpose Coop.,bank,27.7175552,85.3091809,Durbar Marg,1
ChIJKX2zsw4Z6zkR0rhzltQ3qXQ,bank,Nirdhan Utthan Laghubitta Bittiya Sanstha Limited,bank,27.711825800000003,85.32840589999999,Durbar Marg,1
ChIJ1fyJBagZ6zkRkbz67L9GLIM,bank,Option SACCOS,bank,27.7047882,85.3236153,Durbar Marg,1
ChIJEWNvtkEZ6zkRzkPwXVws7Qo,bank,Global IME Bank Limited,bank,27.7097418,85.3079822,Durbar Marg|New Road,2
ChIJOzGiZi0Z6zkR_y28Z1kHjOM,bank,Uchcha Shikhar Multipurpose Co-operative ltd,bank,27.7045291,85.3127361,Durbar Marg,1
ChIJR9Y31OcZ6zkRzwk_dkWQQ5I,bank,Citizen bank ATM,bank,27.7098107,85.3280075,Durbar Marg,1
ChIJ31q3WlUY6zkRSHFeEqBV8_U,bank,Krijan Multipurpose Co-Op,bank,27.7045156,85.31273689999999,Durbar Marg,1
ChIJXesCOPkY6zkR-19faezUn-M,bank,Nepal Bank Ltd.,bank,27.7094298,85.3080121,Durbar Marg|New Road,2
ChIJW7U-E-MY6zkRQspl4zNWlc0,bank,Janata Multipurpose Coop.,bank,27.7186569,85.3098033,Durbar Marg,1
ChIJtdRUzgkZ6zkR8kxqmQVq9vI,bank,Gurkhas Finance Ltd.,bank,27.707991300000003,85.3272519,Durbar Marg,1
ChIJ6QC4P_8Y6zkRMrrLr4n2vBE,bank,Nagad SACCOS,bank,27.7066658,85.3096796,Durbar Marg|New Road,2
ChIJX-_fWKgZ6zkRJ6njD6JFCks,bank,Easy Way SACCOS,bank,27.703243,85.3196401,Durbar Marg|New Road,2
ChIJAzeVZlUY6zkRewV-Pe-moWo,bank,Aangan SACCOS,bank,27.704678,85.312085,Durbar Marg,1
ChIJGQKk1QkZ6zkRE7nDOzLzvoQ,bank,Nasa SACCOS,bank,27.7065684,85.3262568,Durbar Marg,1
ChIJTfTyN0kZ6zkRTbu6hmdlfLk,bank,Udayashree SACCOS,bank,27.7032639,85.3201423,Durbar Marg|New Road,2
ChIJWwAbZFUY6zkREJMAuENTEkQ,bank,Drabyalav Saving & Credit Co-operative Ltd.,bank,27.7047066,85.3119093,Durbar Marg,1
ChIJEcKMP_8Y6zkRqpQVYyOx68Q,bank,Global IME Bank Limited,bank,27.7065759,85.3095615,Durbar Marg|New Road,2
ChIJC03nowkZ6zkRE5d7P_fF1J4,bank,Lumbini Bikas Bank,bank,27.708149,85.327597,Durbar Marg,1
ChIJU1okQagZ6zkRiXYy5QtcUys,bank,Pabhu Bank Limited,bank,27.7038113,85.3223988,Durbar Marg|New Road,2
ChIJjVwIcv0Y6zkR8jSWF2IVICk,bank,Digo Paryatan SACCOS,bank,27.718583,85.309421,Durbar Marg,1
ChIJr4wq9acZ6zkRayquBv60na0,bank,Swastishree Multiple Co- operative Ltd,bank,27.7054114,85.32521679999999,Durbar Marg,1
ChIJq-81xVUY6zkROtI1mdNf6Zw,bank,Siddhartha Bank | Newroad Gate,bank,27.703829,85.3133616,Durbar Marg|New Road,2
ChIJ7V3HQf8Y6zkRThunTbobO9o,bank,Pasa Multipurpose Co-op,bank,27.706276,85.3096923,Durbar Marg|New Road,2
ChIJnS-nbuMY6zkRA6NZacdyg9o,bank,Rural Development SACCOS,bank,27.718649000000003,85.3094129,Durbar Marg,1
ChIJmbWRxBsZ6zkR8n036WqyAU4,bank,NIC ASIA Bank Lazimpat Branch,bank,27.7220732,85.3204456,Durbar Marg,1
ChIJJeI5YuMY6zkRKqwv-9P1cCE,bank,Sanima Bank Ltd,bank,27.7186791,85.3093915,Durbar Marg,1
ChIJH8R0R7sZ6zkR_pmbj4xwd6I,bank,NIC ASIA Bank Chhetrapati Branch,bank,27.70902,85.307745,Durbar Marg|New Road,2
ChIJj4YckH4Z6zkRuDW1VWAuFYM,bank,Himalayan Bank Ltd. Dillibazar Branch,bank,27.7075078,85.3273569,Durbar Marg,1
ChIJYzlEQlUY6zkRiI58eo9hOf8,bank,Carribean SACCOS,bank,27.7041759,85.3124095,Durbar Marg|New Road,2
ChIJm7y0a6gZ6zkRz2CI3fU6wOc,bank,Machhapuchchhre Bank Limited,bank,27.703811100000003,85.32278939999999,Durbar Marg,1
ChIJ3zQEb-MY6zkR80v2lcPQzd8,bank,Citizens Bank International Limited,bank,27.7187016,85.30923279999999,Durbar Marg,1
ChIJcfatFOIY6zkRpD0KUaenKMw,bank,Maa Indrayani Multipurpose Co-Operative Ltd,bank,27.7212647,85.31261049999999,Durbar Marg,1
ChIJUaqZQVUY6zkRKdhnJAeuHs8,bank,Shree Lav SACCOS,bank,27.704019,85.3124627,Durbar Marg|New Road,2
ChIJmxhxc-MY6zkRZAdRxhI7nYA,bank,Gauley SACCOS,bank,27.719298100000003,85.3096479,Durbar Marg,1
ChIJl4yT1BsZ6zkROfAprpx9M9E,bank,Jana-Jagriti Consumer Co-op,bank,27.720099800000003,85.3254997,Durbar Marg,1
ChIJ8XBhQFUY6zkR7MnKEsLUY5Q,bank,Palija Swa: SACCOS,bank,27.7038243,85.3124835,Durbar Marg|New Road,2
ChIJJ5huQ-QY6zkRBVP-4r7KAhI,bank,Sakura Saving & Credit Co-Operative Ltd.,bank,27.7194745,85.3096673,Durbar Marg,1
ChIJFzDsa1UY6zkRmajzFzjJyxo,bank,Axis SACCOS,bank,27.7040053,85.3120637,Durbar Marg|New Road,2
ChIJLVEF3REZ6zkRii5_LGWAqq4,bank,Laxmi Sunrise Bank Limited,bank,27.7177554,85.3277753,Durbar Marg,1
ChIJ7-V8guMY6zkRz9lHLb9fMFM,bank,Pragatipath SACCOS,bank,27.7196101,85.3097602,Durbar Marg,1
ChIJO7TdY-MY6zkRzww2VAOaMDE,bank,Ample SACCOS,bank,27.7185217,85.3086715,Durbar Marg,1
ChIJdQXIeuMY6zkR9qSAMkwnYAw,bank,Prime Commercial Bank Ltd,bank,27.7188634,85.30895319999999,Durbar Marg,1
ChIJY6idQFUY6zkRqLWLPukJsVo,bank,Mani Ganesh SACCOS,bank,27.703680400000003,85.3124677,Durbar Marg|New Road,2
ChIJCcSg9mcZ6zkRDMIPtPZnbi8,bank,Machhapuchchhre Bank Limited,bank,27.7186417,85.30869849999999,Durbar Marg,1
ChIJfYEpfQkZ6zkR2izdU-dtggs,bank,Rastriya Banijya SACCOS,bank,27.7093539,85.32898019999999,Durbar Marg,1
ChIJZU_fKB0Z6zkRRA8Zy2EEMs4,bank,Siddhartha Bank | Old Baneshwor,bank,27.7226569,85.32078969999999,Durbar Marg,1
ChIJn8n8CeYZ6zkRUZVExIrnxTI,bank,Divyagyan Multipurpose Co-op,bank,27.7037924,85.311767,Durbar Marg,1
ChIJlbN6clUY6zkRB49U_30bJAI,bank,Prime Commercial Bank Ltd.,bank,27.7037945,85.311739,Durbar Marg,1
ChIJwaQLNsMZ6zkRHdqEBeEUaXs,bank,Lotus Tower,bank,27.7037151,85.3118824,Durbar Marg|New Road,2
ChIJ11SnkrEZ6zkR6TkR2XMg2RI,bank,Nepal Bank Limited,bank,27.7185445,85.308289,Durbar Marg,1
ChIJibifX6gZ6zkRc1XoFQULU2Y,bank,NMB Bank Limited,bank,27.7028642,85.32229470000001,Durbar Marg|New Road,2
ChIJ4aASVhAZ6zkRSpBadtuEcFI,bank,Karyasambridi SACCOS,bank,27.720159,85.3261809,Durbar Marg,1
ChIJedzFT_8Y6zkR7peNozVqp7g,bank,Business Development SACCOS,bank,27.7057915,85.3089655,Durbar Marg|New Road,2
ChIJf7dUwlIZ6zkR2VHxBPBGccI,bank,Hastantaran Multi-Purpose Co-op,bank,27.7031541,85.3128109,Durbar Marg|New Road,2
ChIJWc-HguMY6zkRPC7VGDW7tUA,bank,Himalayan Bank Limited,bank,27.7196864,85.3090716,Durbar Marg,1
ChIJueOSPVUY6zkR6sBvMobE3yM,bank,Abhimat SACCOS,bank,27.7031703,85.3124934,Durbar Marg|New Road,2
ChIJj0PYyAsZ6zkRvAwSyaAoXM8,bank,Nepal Investment Mega Bank Limited,bank,27.7093461,85.3294202,Durbar Marg,1
ChIJdcK1AQ4Z6zkRcIk08ZfhNmg,bank,Padmakara SACCOS,bank,27.7173316,85.32886719999999,Durbar Marg,1
ChIJs17g_qgZ6zkRBSTZRRKwI_0,bank,Gauraki SACCOS,bank,27.702344,85.321612,Durbar Marg|New Road,2
ChIJu3cPfgAZ6zkRc5zD9Wc_dqA,bank,Nabil bank atm,bank,27.7025836,85.3225011,Durbar Marg|New Road,2
ChIJN9e3COQY6zkR0jQvXQ1qcwE,bank,Uni SACCOS,bank,27.720091,85.3091534,Durbar Marg,1
ChIJaxcZElUY6zkR7RujpBaCJTw,bank,CG Money Remit,bank,27.7032912,85.3117434,Durbar Marg|New Road,2
ChIJScrEDVUY6zkRDcPO_ii_7i0,bank,Samaya SACCOS,bank,27.7032961,85.3115686,Durbar Marg|New Road,2
ChIJRSFlhOMY6zkRw9m2U_jVwro,bank,Lakuri SACCOS,bank,27.7202648,85.3090197,Durbar Marg,1
ChIJR0yTleMY6zkRqs8mnBwRwpQ,bank,Comfort SACCOS,bank,27.720879000000004,85.309687,Durbar Marg,1
ChIJVVLw7VUY6zkR9YH1FvfquLM,bank,NIC ASIA Bank New Road Bishal Bazar Branch,bank,27.7043125,85.3095625,Durbar Marg,1
ChIJEw9ThOMY6zkRqwbTU4BQTgY,bank,Bigyalaxmi SACCOS,bank,27.7202262,85.30877,Durbar Marg,1
ChIJt5n-JlUY6zkRPa2DF-2rK_g,bank,Airline Staff SACCOS,bank,27.7024419,85.3127579,Durbar Marg|New Road,2
ChIJq1Qy9qgZ6zkRzD7OBfdHAUk,bank,Jaya Bindawasini Multipurpose Co-op,bank,27.7020564,85.3221708,Durbar Marg|New Road,2
ChIJv-lU6PgY6zkReHQCF4r272s,bank,Buddha SACCOS,bank,27.706988,85.307011,Durbar Marg|New Road,2
ChIJcfxVwPgY6zkRZItMcWahYFE,bank,Pagoda Multipurpose Coop,bank,27.706546,85.3073007,Durbar Marg|New Road,2
ChIJc9oM_1UY6zkR8cwXHsOdOGo,bank,Tarini SACCOS,bank,27.705015,85.3086124,Durbar Marg|New Road,2
ChIJMYn3gRkZ6zkRayrEQjZgyLM,bank,Machhapuchchhre Bank Limited,bank,27.7235096,85.3213892,Durbar Marg,1
ChIJjb_rhhkZ6zkRp8XmvYwDx0k,bank,Garima Bikas Bank Limited,bank,27.7234888,85.3218899,Durbar Marg,1
ChIJ7byVqPgY6zkRLZow5YwErak,bank,Square SACCOS,bank,27.7052859,85.3078741,Durbar Marg|New Road,2
ChIJy6GQ6lUY6zkRuC3wEl2icMI,bank,Machhapuchchhre Bank Limited,bank,27.703685,85.309608,Durbar Marg,1
ChIJhbRcp6cZ6zkRH6utZmmir_4,bank,Alaranda SACCOS,bank,27.703726,85.326505,Durbar Marg,1
ChIJe6At7KgZ6zkRFuKsKdvICC8,bank,"Rastriya Banijya Bank Ltd., Putalisadak Branch",bank,27.7016311,85.3224254,Durbar Marg|New Road,2
ChIJlUhN8uQY6zkR6gpn1A0YKso,bank,Janajyoti SACCOS,bank,27.7189748,85.3069142,Durbar Marg,1
ChIJx50vpPgY6zkR2FAmTIoLhaI,bank,Asha SACCOS,bank,27.7054064,85.30754569999999,Durbar Marg|New Road,2
ChIJvehKiuMY6zkRVcvXX1eJoiU,bank,Divyalaxmi SACCOS,bank,27.7209198,85.30859149999999,Durbar Marg,1
ChIJzflk8eQY6zkRA3OkTVvRxYs,bank,Avinash SACCOS,bank,27.7190293,85.30680459999999,Durbar Marg,1
ChIJbxKLoeYY6zkRY4FesFykmzg,bank,Unified SACCOS,bank,27.717208,85.3056932,Durbar Marg,1
ChIJC6an9uQY6zkRM_VGClm5sqM,bank,Gorkha SACCOS,bank,27.7192829,85.3068286,Durbar Marg,1
ChIJcdW49uQY6zkRg_xZSnGhLj0,bank,Madhushri SACCOS,bank,27.719293,85.30676500000001,Durbar Marg,1
ChIJF1GQyz4Z6zkRgVRW4M6Y6TU,bank,NMB Bank Limited,bank,27.7172563,85.3054715,Durbar Marg,1
ChIJ7RGbkIgZ6zkRhEkXjVYx7iQ,bank,Nepal Investment Mega Bank Limited,bank,27.7176632,85.3056436,Durbar Marg,1
ChIJbxZZnKgZ6zkRrqGCJdkHMTI,bank,Niyamit SACCOS,bank,27.7016955,85.3237505,Durbar Marg,1
ChIJkZ-wHgAZ6zkRYjxYBWFnfl4,bank,द्योला सहकारी,bank,27.711891,85.3043653,Durbar Marg|New Road,2
ChIJvcUGz1QY6zkRcfETiRs48mU,bank,GORKHA SACCOS,bank,27.7013143,85.3129956,Durbar Marg|New Road,2
ChIJtawacIUZ6zkRw8uUwkpAub0,bank,"Global IME Bank Limited, Putalisadak Branch",bank,27.7009375,85.32193749999999,Durbar Marg|New Road,2
ChIJ2UvUorsZ6zkRIMYzcSxyVFY,bank,Asta SACCOS,bank,27.7031885,85.3092241,Durbar Marg,1
ChIJg8bnhNoZ6zkRGjfRFDfBwp8,bank,Prime Commercial Bank,bank,27.701127,85.32263549999999,Durbar Marg,1
ChIJhXQ8xlUY6zkRGV6g6XapP7U,bank,Nepal Bank Limited,bank,27.7029223,85.3095426,Durbar Marg,1
ChIJo84KpEsZ6zkRrIQKXiYtfRQ,bank,"Kamana Sewa Bikas Bank Ltd, New Road KTM Branch",bank,27.7018263,85.311098,Durbar Marg,1
ChIJvxLYq1UY6zkRLKv1upjdulQ,bank,Nabil Bank Limited,bank,27.7018294,85.31104619999999,Durbar Marg,1
ChIJRVWpV1QY6zkRye4_sAWP97g,bank,Bhatritwa Bikash SACCOS,bank,27.7017673,85.3111485,Durbar Marg,1
ChIJ90VLolUY6zkRW5aQZnc2S1U,bank,Nepal Investment Bank Limited,bank,27.703644,85.308246,Durbar Marg|New Road,2
ChIJL_e5wPkY6zkR1IzJbwWukMs,bank,Rochak SACCOS,bank,27.7089466,85.30451459999999,Durbar Marg|New Road,2
ChIJYZXa8VUY6zkRIpEquS91AQM,bank,"Rastriya Banijya Bank Ltd., Main Branch",bank,27.703489,85.3082522,Durbar Marg|New Road,2
ChIJwWvfz1UY6zkRhaV4p_A2ILs,bank,Hatemalo SACCOS,bank,27.702739,85.309102,Durbar Marg|New Road,2
ChIJeYInVlQY6zkRioB0hYxP0C4,bank,Mega Bank Nepal Limited,bank,27.7016172,85.31096629999999,Durbar Marg,1
ChIJ_d9SvBkZ6zkRDKyI1P6wmyM,bank,Nepal Bank Ltd,bank,27.724652,85.3222679,Durbar Marg,1
ChIJ43SwmFUY6zkRJAIAw6V2uLU,bank,NIDC Development Bank Limited,bank,27.7034519,85.3081442,Durbar Marg|New Road,2
ChIJazAp0FUY6zkROUwo6g7GL9I,bank,Univest SACCOS,bank,27.702694,85.30908,Durbar Marg|New Road,2
ChIJh2AEcRIZ6zkRjPVYGjRRxLc,bank,Rastriya Banijya Bank,bank,27.71798,85.330923,Durbar Marg,1
ChIJJfnkSeUY6zkR3DRDssYW_TQ,bank,Hamro Abhiyan SACCOS,bank,27.717012,85.3045449,Durbar Marg,1
ChIJt08HROQY6zkR2OJArRIjlsQ,bank,Dwarika SACCOS,bank,27.7206501,85.30683599999999,Durbar Marg,1
ChIJE1_VBuUY6zkRhswevOoNHts,bank,Surya Tara SACCOS,bank,27.7193315,85.30569369999999,Durbar Marg,1
ChIJG53o0VUY6zkRRjL4OI_gEds,bank,Deva Bikas Bank ATM,atm,27.7025606,85.30904819999999,Durbar Marg|New Road,2
ChIJs5v00VUY6zkRdADJzMPtIMY,bank,Akshobhya Buddha SACCOS,bank,27.7025613,85.30904559999999,Durbar Marg|New Road,2
ChIJszDEm_oY6zkR6omYcHOGwPI,bank,Sonitya SACCOS,bank,27.7145945,85.3036978,Durbar Marg|New Road,2
ChIJKxkQE1YY6zkR5LirwX8g9x8,bank,Lovely SACCOS,bank,27.703663,85.3076006,Durbar Marg|New Road,2
ChIJJ_SnF_0Y6zkRAQ1Ivmo2QTE,bank,Karmath SACCOS,bank,27.7240433,85.31141009999999,Durbar Marg,1
ChIJo-EuAeUY6zkR7ArrY9MXWFY,bank,Yojana Multipurpose Coop,bank,27.7193469,85.3055705,Durbar Marg,1
ChIJO4u_sfoY6zkR6Lqs-DX23Ks,bank,Laxmi Sunrise Bank Limited,bank,27.716088,85.3039539,Durbar Marg,1
ChIJeSxMK30Z6zkRRkn_9a_ZsiE,bank,Rohan Enterprises,,27.7217959,85.3077469,Durbar Marg,1
ChIJCybkBuUY6zkRnWApdWWc28A,bank,Sahas SACCOS,bank,27.7193549,85.3055066,Durbar Marg,1
ChIJK8ZcVVgZ6zkR-vctM1GoPvQ,bank,Prabhu Bank Limited,bank,27.7085559,85.3318875,Durbar Marg,1
ChIJDxXjtlUY6zkRCNvFb4Xp7Tc,bank,Brihat Multipurpose Coop,bank,27.7024634,85.3088157,Durbar Marg|New Road,2
ChIJgT82bFYY6zkRi1kt0GxFgEE,bank,River City SACCOS,bank,27.703364,85.30761419999999,Durbar Marg|New Road,2
ChIJx31UVU1VkzkR-3eD1Ze5UVc,bank,"Global IME Bank Limited, Khusibu Branch",bank,27.7148125,85.3034375,Durbar Marg|New Road,2
ChIJVb2gnfoY6zkRY4Y-XijP-68,bank,Newa Quest SACCOS,bank,27.714542,85.303377,Durbar Marg|New Road,2
ChIJX6r8bAsZ6zkR1xGqKE63s98,bank,"Kamana Sewa Bikas Bank Limited,Gyaneshwar,Kathmandu/Main Branch",bank,27.7102772,85.3325062,Durbar Marg,1
ChIJU0JtGagZ6zkRJxcyvdQcBn4,bank,Sajilo Sewa Accounting Service Pvt. Ltd.,service,27.714812,85.33255489999999,Durbar Marg,1
ChIJJXkgQ6UZ6zkR56YYZMNBnCc,bank,Tisa SACCOS,bank,27.7025544,85.3084803,Durbar Marg|New Road,2
ChIJvbq3W6gZ6zkRA_72F18KVSk,bank,Kumari Bank Limited,bank,27.6999054,85.3217688,Durbar Marg|New Road,2
ChIJNWJW1FUY6zkRWgYpCrb0oHs,bank,Shree Harati Ma & Credit Co-operative Limited,bank,27.7023308,85.30864799999999,Durbar Marg|New Road,2
ChIJ54AzvYcZ6zkRjGiRJbqnmp4,bank,Mahalaxmi Bikash Bank Ltd.,bank,27.7220247,85.3075437,Durbar Marg,1
ChIJh7IcMDcZ6zkRRnWFUOxYNZo,bank,Mahalaxmi Bikas Bank Ltd.,bank,27.7190624,85.3309795,Durbar Marg,1
ChIJ9zBYMlQY6zkRc787q5-EH6M,bank,Punji Bikash SACCOS,bank,27.7019367,85.3091839,Durbar Marg|New Road,2
ChIJSRaOLR4Z6zkR3rjp9ILjt7k,bank,Prime Commercial Bank Ltd,bank,27.725448,85.3142309,Durbar Marg,1
ChIJRyp5GSkZ6zkRzFTelXO4CqA,bank,Nabil Bank,bank,27.7251822,85.32283389999999,Durbar Marg,1
ChIJ503KG-QY6zkRVywtz9TPI28,bank,Broadway SACCOS,bank,27.7220495,85.3073579,Durbar Marg,1
ChIJI_sUSuUY6zkRePby8RkkQtM,bank,Lali Gurans Saving And Credit Co-operative,bank,27.7176334,85.30403299999999,Durbar Marg,1
ChIJewTWRVQY6zkRkt2d6HYWSYQ,bank,Sugat SACCOS,bank,27.701239,85.31012439999999,Durbar Marg,1
ChIJVeRxBxEZ6zkR3kCJrTXIzf8,bank,Divya Shanti SACCOS,bank,27.710806400000003,85.3030028,Durbar Marg|New Road,2
ChIJqeE5UuEY6zkRlqGCDStH4wQ,bank,Mhepi SACOOs,bank,27.723172,85.3086999,Durbar Marg,1
ChIJTz5eqmUZ6zkRkyU6HVHH6x0,bank,Jagatjanani SACCOS,bank,27.7025559,85.30797319999999,Durbar Marg|New Road,2
ChIJv4fFEAAZ6zkR1B_kWCGDGBc,bank,Maligaon Kumari Bank Limited,bank,27.7140893,85.3330146,Durbar Marg,1
ChIJLSI8K1QY6zkRk2r8cQ9MHy0,bank,Mega Dream Multipurpose Co-op,bank,27.7020401,85.30861759999999,Durbar Marg|New Road,2
ChIJjZCErPAY6zkRqJBIJJGXB7U,bank,Bonus SACCOS,bank,27.7108547,85.3029316,Durbar Marg|New Road,2
ChIJgbcRK1QY6zkRP-1_CsNWUJQ,bank,ICFC Finance Ltd.,bank,27.7020302,85.3086165,Durbar Marg|New Road,2
ChIJkVCAQdUZ6zkRw1t3vlUdeBQ,bank,Green Valley SACCOS,bank,27.7018728,85.3087881,Durbar Marg|New Road,2
ChIJMx2dfFYY6zkRL-xhEOMtdtU,bank,Easy Savings and Credit Cooperatives Limited.,bank,27.7024108,85.30801880000001,Durbar Marg|New Road,2
ChIJ1dyRi1QY6zkR5AJsf21A-lk,bank,Palpasa SACCOS,bank,27.7004905,85.311298,Durbar Marg|New Road,2
ChIJkXSOi1QY6zkRz9t_KBRPY6E,bank,Jyoti Bikash Bank Ltd,bank,27.7004894,85.31129729999999,Durbar Marg|New Road,2
ChIJQ5x_rgUZ6zkRp5A7YfhItPU,bus_stop,Jai Nepal Hall,bus_stop,27.7136845,85.32170239999999,Durbar Marg,1
ChIJcXZZrgUZ6zkR76UF9f7FmTo,bus_stop,Ramayan Barai,bus_stop,27.7136798,85.3218097,Durbar Marg,1
ChIJkWdSZQYZ6zkRdbkrOlQYvSo,bus_stop,Hattisar Bus Stop,bus_stop,27.710582,85.3219866,Durbar Marg,1
ChIJ9VNRpQEZ6zkRUKZuzLL4V_U,bus_stop,JAMAL BUS STOP,bus_stop,27.708941,85.3155819,Durbar Marg|New Road,2
ChIJb65gwQEZ6zkR7Yrpx7QMwwM,bus_stop,Kanti Path Bus Stop,bus_stop,27.7093455,85.3145993,Durbar Marg|New Road,2
ChIJhTmWsAEZ6zkRSHVI24-RakQ,bus_stop,Jamal Bus Stand,bus_stop,27.7088477,85.315322,Durbar Marg|New Road,2
ChIJXapGiQUZ6zkRqfiyo7K_7dY,bus_stop,Nag Pokhari Bus Stand,bus_stop,27.713327,85.3236124,Durbar Marg,1
ChIJCeNsKx0Z6zkRr1mVCyXXQhQ,bus_stop,Lainchaur Bus Stop,bus_stop,27.7171347,85.3150722,Durbar Marg,1
ChIJo45vQgAZ6zkRMioH4COmx2c,bus_stop,Ratnapark Bus Stop,bus_stop,27.706768,85.3153569,Durbar Marg|New Road,2
ChIJcwJzaAAZ6zkR_n9KyyidcL4,bus_stop,Ratna Park Micro Bus Stop,bus_stop,27.7067319,85.3153475,Durbar Marg|New Road,2
ChIJxUvrPwAZ6zkRMlLKiGw-FxQ,bus_stop,Ratna Park Bus Stop,bus_stop,27.7067801,85.3147485,Durbar Marg|New Road,2
ChIJQYVNpOIY6zkRJj9cjWLuWj0,bus_stop,ASCOL,bus_stop,27.7178106,85.31318,Durbar Marg,1
ChIJKfPutxoZ6zkRbyaOBR5yW_Q,bus_stop,Narayanhiti Palace Museum North Gate Rd Bus Stop,bus_stop,27.7178758,85.3227237,Durbar Marg,1
ChIJP3SRnAAZ6zkRR_m8sagzq4g,bus_stop,Bhaktapur Mini Buspark,bus_stop,27.705608,85.316963,Durbar Marg|New Road,2
ChIJnVKT6gcZ6zkR7Gxw-UYU6HY,bus_stop,Putali Sadak,bus_stop,27.706874,85.32277169999999,Durbar Marg,1
ChIJVTaJweIY6zkR1W1kxl5hMBw,bus_stop,Thamel Bus Stop,bus_stop,27.7181822,85.31201229999999,Durbar Marg,1
ChIJ79CvrQ8Z6zkRvAevTOcb6wU,bus_stop,Narayan Chaur Bus Stop,bus_stop,27.7149874,85.32637419999999,Durbar Marg,1
ChIJ7Wzv9AcZ6zkRB04GQojeNxw,bus_stop,Putali Sadak,bus_stop,27.705736,85.3227759,Durbar Marg,1
ChIJtaS5lhsZ6zkRTBiysjXN81c,bus_stop,Lazimpat,bus_stop,27.7210521,85.3198086,Durbar Marg,1
ChIJW_RtcuMY6zkRlJeZZI2sOlw,bus_stop,Sorhakhutte Bus Stop,bus_stop,27.718999,85.3095178,Durbar Marg,1
ChIJCWgFc-MY6zkRAkZQ8imZF58,bus_stop,Naya Bazar,bus_stop,27.7191814,85.3096178,Durbar Marg,1
ChIJq-0CgA4Z6zkRQWyRitPgdBE,bus_stop,Naxal Bus Stop,bus_stop,27.7144555,85.3291234,Durbar Marg,1
ChIJtdRUzgkZ6zkRx3BIoJ9G57Y,bus_stop,Charkhal Bus Stop,bus_stop,27.7065471,85.3270294,Durbar Marg,1
ChIJtfxqdOMY6zkRL1hmPeE5Rxw,bus_stop,Sorhakhutte Bus Stop,bus_stop,27.7194134,85.3095379,Durbar Marg,1
ChIJAbMaf6cZ6zkR2rPkvJ7QE7I,bus_stop,Dillibazar,bus_stop,27.705404,85.3266692,Durbar Marg,1
ChIJ3-_8q6sZ6zkRxG8f3GlGWJw,bus_stop,Tundikhel Bus Stop,bus_stop,27.7020182,85.3165487,Durbar Marg|New Road,2
ChIJE10yK1UY6zkRqYmXlOzORLg,bus_stop,NAC Bus Stop,bus_stop,27.702504,85.3135183,Durbar Marg|New Road,2
ChIJ07dXK6sZ6zkRjVVKN-3cnWI,bus_stop,New Road Micro Stand,bus_stop,27.7019089,85.31365400000001,Durbar Marg|New Road,2
ChIJmURNoqsZ6zkR-nkfxkHIqJ0,bus_stop,Bus Stand,bus_stop,27.7010855,85.316648,Durbar Marg|New Road,2
ChIJkVJ1oqsZ6zkR2P0b70Gq_hQ,bus_stop,Bhrikuti Mandap Bus Stop,bus_stop,27.7009082,85.3166109,Durbar Marg|New Road,2
ChIJVZQA9OQY6zkRQXig-Vbbxng,bus_stop,Phalphul Bus Stop,bus_stop,27.7192329,85.3068504,Durbar Marg,1
ChIJPaa-9A0Z6zkRrOuaSfCbE50,bus_stop,Tangaal Bus Stand,bus_stop,27.7171644,85.33035790000001,Durbar Marg,1
ChIJfY6xvKgZ6zkRaCBU15C4U3o,bus_stop,New Plaza Bus Stop,bus_stop,27.7008179,85.32329229999999,Durbar Marg,1
ChIJW7amCeUY6zkR340RHxE0xhM,bus_stop,Gitanjali Bus Stop,bus_stop,27.7193659,85.3049996,Durbar Marg,1
ChIJQYUnV6sZ6zkRW8h2WY0tV7M,bus_stop,Shahid Gate Bus Stand,bus_stop,27.6996693,85.31410869999999,Durbar Marg|New Road,2
ChIJS6E-V6sZ6zkRM0HznUhNfGM,bus_stop,Bus Stop,bus_stop,27.699653,85.314168,Durbar Marg|New Road,2
ChIJEYP1bqsZ6zkRs1WtMpZ3Dio,cinema,Durbar Cinemax managed by QFX,movie_theater,27.7122793,85.3174615,Durbar Marg,1
ChIJh-P7tQYZ6zkRcm3PDME2Eoo,cinema,"QFX Cinemas, Rising Mall",movie_theater,27.709791,85.319091,Durbar Marg|New Road,2
ChIJRe0trgUZ6zkRt2a_uy9hffo,cinema,Jai Nepal Cinema Hall,movie_theater,27.7134679,85.3216455,Durbar Marg,1
ChIJmepT-WkZ6zkREZzgDXRFcjE,cinema,Bishwojyoti Cineplex,movie_theater,27.7089534,85.3153001,Durbar Marg|New Road,2
ChIJN5UdZ_0Y6zkRCyNR-05Y_Lw,cinema,QFX Cinemas Chhaya Center,movie_theater,27.7153004,85.3132463,Durbar Marg,1
ChIJH8QSbosZ6zkRFhzvKDkKwRg,cinema,Moomin Valley,movie_theater,27.717229,85.3239428,Durbar Marg,1
ChIJPVV3aXQZ6zkRirIWJ09phJo,cinema,Tanklal Thapa,movie_theater,27.7201179,85.3157627,Durbar Marg,1
ChIJ80Uy4ggZ6zkRzVpyYnxM7B0,cinema,8D CINEMA,movie_theater,27.70961,85.32630200000001,Durbar Marg,1
ChIJv3DLAQAZ6zkRC9cAedSVOtQ,cinema,Flyover Entertainment,movie_theater,27.7097631,85.3267544,Durbar Marg,1
ChIJm-GgHQkZ6zkRgZPZ2SOJWcQ,cinema,City Centre,shopping_mall,27.7095785,85.3266862,Durbar Marg,1
ChIJeeyYHgkZ6zkRXt_MZC518x8,cinema,Big Movies,movie_theater,27.70968,85.326776,Durbar Marg,1
ChIJVyu86tIZ6zkR8YZgGTkAUWA,cinema,yog movie garden,event_venue,27.7168171,85.3076341,Durbar Marg,1
ChIJY3YW9b0Z6zkRicdCkQO98dQ,cinema,Ranjana Cineplex,movie_theater,27.7044418,85.31030969999999,Durbar Marg|New Road,2
ChIJERCfQJwZ6zkRFits_0hDLiM,clinic,Aavaran Skin and Hair Clinic,medical_clinic,27.7125601,85.3175795,Durbar Marg,1
ChIJSRjcpm8Z6zkR-VDRSd5b5Dg,clinic,Ananeke Beauty Salon,beauty_salon,27.7122217,85.3174678,Durbar Marg,1
ChIJXawnqAYZ6zkRAzETlWVxqkc,clinic,Aatmaalaya Holistic Health Home,massage_spa,27.711116,85.319434,Durbar Marg,1
ChIJX0Z5m3gZ6zkRT13Gr7QbO0o,clinic,Lookscart,store,27.7106732,85.3185008,Durbar Marg|New Road,2
ChIJH7vymWkZ6zkRStwKZDUsmmo,clinic,"National IVF center ,Kathmandu Nepal | Best Center |Best Doctor",medical_clinic,27.7111672,85.3147063,Durbar Marg|New Road,2
ChIJn2A0_sUZ6zkR1YSVYPdkpyc,clinic,The perfect smile Ortho-Dental Clinic,dental_clinic,27.710477,85.31514609999999,Durbar Marg|New Road,2
ChIJWwKAgyoZ6zkRTKGMd2pbQv8,clinic,DentaLife Oral Concern - Dental Clinic,dental_clinic,27.7105795,85.31469159999999,Durbar Marg|New Road,2
ChIJcQc5vQ0Z6zkRbKzrJMW7OEA,clinic,"Nepa Cosmetic Plastic Surgery | Skin Aesthetics, Plastic Cosmetic Surgery and Hair Transplant Kathmandu",skin_care_clinic,27.7092631,85.3165537,Durbar Marg|New Road,2
ChIJA5obmawZ6zkRRewsdBTC_xI,clinic,Dristi The Vision Eye Center,medical_clinic,27.7104893,85.314661,Durbar Marg|New Road,2
ChIJ_UEqoQEZ6zkRIi-op4GBx8k,clinic,Emami Nepal,manufacturer,27.7093232,85.3160709,Durbar Marg|New Road,2
ChIJ_5nBztwZ6zkR2InmXffpVoQ,clinic,Dental Arch,dental_clinic,27.709766700000003,85.31508099999999,Durbar Marg|New Road,2
ChIJA5TXLAAZ6zkRmItkaWSEYo4,clinic,Healthway Dental Care,dental_clinic,27.7105414,85.3218567,Durbar Marg,1
ChIJ9SCAd5gZ6zkRV_WNqjboJvU,clinic,"Dr. Kanchan Dahal | Best Psychiatrist in Nepal | Depression, Anxiety & Mental Wellness | Headache & Migraine Specialist",doctor,27.708959,85.3153236,Durbar Marg|New Road,2
ChIJsdOJziYZ6zkRtp9cuwNJQn0,clinic,Dr. Pratik Bachhar,doctor,27.708959,85.3153236,Durbar Marg|New Road,2
ChIJxTyCHBsZ6zkRpEWyAvQPrNo,clinic,Shree Subhashree Dental Care Pvt.Ltd,dental_clinic,27.7103145,85.3221634,Durbar Marg,1
ChIJP2FSIdAZ6zkRuvnu7G-ze24,clinic,Hitex Optical Frame Store,medical_clinic,27.7103145,85.3221634,Durbar Marg,1
ChIJISNzsu4X6zkR4P8wN6Qxxt0,clinic,Dr. Nisha Prosthodontist | Dental Care | Dentist in Kathmandu,dentist,27.7088951,85.3153111,Durbar Marg|New Road,2
ChIJuVdc_tgZ6zkRcTbQkr3a9es,clinic,NIHS - Nepal International Health Services | Best Clinic in Kathmandu | Liver Transplant | Hair Transplant | Skin Clinic,medical_center,27.7088462,85.3152906,Durbar Marg|New Road,2
ChIJpdWPtwEZ6zkRQZgQblhpqUU,clinic,Lenscraft Optical and Contact Lens,medical_clinic,27.7088523,85.3150151,Durbar Marg|New Road,2
ChIJGXglyAEZ6zkR2KgZNiHQq2A,clinic,Optic Palace,medical_clinic,27.708834900000003,85.314847,Durbar Marg|New Road,2
ChIJoY1PuDwZ6zkRtVL5AG4OoYY,clinic,Sleep Lab Center Pvt. Ltd.,medical_clinic,27.7079119,85.3182873,Durbar Marg|New Road,2
ChIJW-xqpQEZ6zkRpmtbBvhV5oY,clinic,OPTO LENS,medical_clinic,27.7100948,85.3133974,Durbar Marg|New Road,2
ChIJJTTpIQAZ6zkRneEASreoy4M,clinic,Dent Inn dental clinic,dental_clinic,27.7078507,85.3196418,Durbar Marg|New Road,2
ChIJ1SsALwEZ6zkRJr031Cnf8Dw,clinic,Dent Inn,dental_clinic,27.7078371,85.31963809999999,Durbar Marg|New Road,2
ChIJv7RgEP4Y6zkR4tCy-Ead0Vg,clinic,Jyatha Dental Clinic,dental_clinic,27.7101367,85.3128689,Durbar Marg|New Road,2
ChIJM3h93v0Y6zkRla1fmbFZomU,clinic,New Buddha Clinic & Pharmacy,medical_clinic,27.7113353,85.3120962,Durbar Marg|New Road,2
ChIJ_8lV2_kZ6zkRIG2_F0xsqUI,clinic,Maitreya Bodhi Home Care & Clinic,medical_clinic,27.7068049,85.3188206,Durbar Marg|New Road,2
ChIJB8f7lBoZ6zkR-zVuoj5WVKU,clinic,Lotus Mindfulness and Relaxation Services,health,27.7134174,85.3112414,Durbar Marg|New Road,2
ChIJa6QbF_0Y6zkRetkORUVfRTU,clinic,Metro Health Ployclinic,medical_clinic,27.7151385,85.3117839,Durbar Marg,1
ChIJH5lfO9sZ6zkRp302K5AgKCo,clinic,Kinesiology Physiotherapy,medical_clinic,27.7163563,85.31255589999999,Durbar Marg,1
ChIJD7uIqjsZ6zkROh1CD1P4vcc,clinic,Dent Care Plaza,dental_clinic,27.7182434,85.3151,Durbar Marg,1
ChIJWRW0UmIZ6zkRAckA2tZachY,clinic,STD Treatment Clinic Thamel,medical_clinic,27.7161109,85.3121501,Durbar Marg,1
ChIJeWwmxrUZ6zkR-N6JWBgH_B4,clinic,Nirvaan Health Home,medical_clinic,27.7063269,85.31808199999999,Durbar Marg|New Road,2
ChIJW80sorgZ6zkR2ynwJrN8R4k,clinic,Danta chikitsalaya dental clinic,dental_clinic,27.7183434,85.3209481,Durbar Marg,1
ChIJB3EAXfwZ6zkRBJQSPHkefMA,clinic,Acharya Mahashraman Elite Physiotherapy Center,medical_clinic,27.715646,85.3244046,Durbar Marg,1
ChIJz7czm-oZ6zkRl59zQxLY8Zc,clinic,KalpaBrikshya Health Foundation,medical_clinic,27.7076354,85.3226646,Durbar Marg,1
ChIJXwStYyoZ6zkRvNQVGwd_2Es,clinic,Decode Genomics and Research Center Pvt. Ltd.,medical_clinic,27.7061462,85.3167567,Durbar Marg|New Road,2
ChIJCRqLEx0Z6zkRD722aaDieh8,clinic,Ying Yang Natural Therapy Pvt Ltd,medical_clinic,27.7188172,85.31513389999999,Durbar Marg,1
ChIJtQT3ptkZ6zkRvs2rrNWVCO0,clinic,Agrim Dental And Multi-speciality Clinic Thamel,dental_clinic,27.713119,85.3104286,Durbar Marg|New Road,2
ChIJa6qwTAAZ6zkR1yE32caFxMY,clinic,Dental Clinic Galli,dental_clinic,27.7130625,85.3104219,Durbar Marg|New Road,2
ChIJCXtbJwAZ6zkRjzrn6QA3GBI,clinic,Annapurna Oral and Dental Clinic,dental_clinic,27.70709,85.31365400000001,Durbar Marg|New Road,2
ChIJBRMRUwAZ6zkRcmKz5XEPaTI,clinic,Angel Homeopathic and Orthoneuro Physiotherapy Pvt Ltd,medical_clinic,27.718678,85.3146581,Durbar Marg,1
ChIJE3VYhPEZ6zkRVPsfqhfOBik,clinic,Gums & Giggles Dental Clinic,dental_clinic,27.7089484,85.32444380000001,Durbar Marg,1
ChIJizZzpAAZ6zkR3FzWeUPSd5M,clinic,SIFA CLINICAL LABORATORY,medical_clinic,27.705795,85.317848,Durbar Marg|New Road,2
ChIJoZtFSUQZ6zkR_LBj8RhjjlE,clinic,Joyash Pharma,pharmacy,27.7168035,85.3117327,Durbar Marg,1
ChIJBaemlWUZ6zkR08LLjFx29qQ,clinic,Lavana Skin and Hair Clinic,doctor,27.7163442,85.3245807,Durbar Marg,1
ChIJdXCRO_wY6zkRtsXfHpIvWEg,clinic,Herbal Oil BODY TREATMENT,medical_clinic,27.711907,85.31012,Durbar Marg|New Road,2
ChIJT6Q7p3YZ6zkRlDyUvUOL_oc,clinic,Urban Health Promotion Center Ward No. 26,medical_clinic,27.7195454,85.3169724,Durbar Marg,1
ChIJF9VvQgAZ6zkRUZkZRrR18wU,clinic,Abishak thapa,medical_clinic,27.7172479,85.3239474,Durbar Marg,1
ChIJC5WLlQ8Z6zkRrHX9iweugmg,clinic,Vatsalya Natural IVF & Fertility Center - Best IVF Centre in Kathmandu,medical_clinic,27.715692,85.3253538,Durbar Marg,1
ChIJk82eCwAZ6zkRlf8jRo1U3zc,clinic,Oral and Dental Clinic,dental_clinic,27.706563,85.3225034,Durbar Marg,1
ChIJq_-hHEAZ6zkR_vssBfWd724,clinic,Holistic Healthcare Clinic (Homeopathy),medical_clinic,27.7198494,85.318621,Durbar Marg,1
ChIJDWvEbTMZ6zkRIp4AAGkxP44,clinic,The Dental Pavilion,dental_clinic,27.7063133,85.322426,Durbar Marg,1
ChIJtzYUxdcZ6zkR0MqWlxAabM0,clinic,Salang basanta,medical_clinic,27.7157195,85.3100158,Durbar Marg,1
ChIJ1Uz07_4Y6zkRC-bTMxleqBg,clinic,DGB FAMILY DENTAL CLINIC,dental_clinic,27.7088267,85.31034129999999,Durbar Marg|New Road,2
ChIJ0UwNqv8Y6zkRRcegqim0mfc,clinic,Royal Dental Home,dental_clinic,27.707759,85.3110739,Durbar Marg|New Road,2
ChIJB9Cy7_4Y6zkRzn4J1fpP4Z0,clinic,G DENTAL CARE & LAB,dental_clinic,27.7088643,85.31018639999999,Durbar Marg|New Road,2
ChIJidQEYUkZ6zkR-2F5BRHC-dw,clinic,"Dental clinic with Dr. Ajay Rajbhandari, MD",dental_clinic,27.7086739,85.31027069999999,Durbar Marg|New Road,2
ChIJl-H0iwcZ6zkRmtt-tjtPf4Y,clinic,Kathmandu Ultrasound Clinic,medical_clinic,27.7057208,85.3222861,Durbar Marg,1
ChIJG9H0GBwZ6zkRzmxnFg6d2Bw,clinic,Dr.Swikriti Karmacharya,doctor,27.7204135,85.3194074,Durbar Marg,1
ChIJv0_guTQZ6zkR_Y3S-RykBeo,clinic,Baliyo dant banaune,dental_clinic,27.7087619,85.3101498,Durbar Marg|New Road,2
ChIJlZXXc7QZ6zkRiTxxp2KqOW0,clinic,Brain And Neuroscience Center Nepal (BANC Nepal),medical_clinic,27.7204863,85.3194479,Durbar Marg,1
ChIJy4tLtAgZ6zkRq8xys6bQb94,clinic,Fatima Healing Center,medical_clinic,27.7119364,85.3269655,Durbar Marg,1
ChIJkeczAv8Y6zkRww6TMbwWK2M,clinic,Aerala and dentala Care,dental_clinic,27.7078402,85.31072619999999,Durbar Marg|New Road,2
ChIJZ1a85f4Y6zkRm4x47dgpNcU,clinic,Making strong teeth,dental_clinic,27.7086084,85.31014019999999,Durbar Marg|New Road,2
ChIJL72y5_wY6zkRtxGftmVIp4k,clinic,Zen Spa,spa,27.7156094,85.3094426,Durbar Marg,1
ChIJvY2L-v8Y6zkRH0Hpo8Y-ZjU,clinic,Kohinoor Medical Hall and Clinic,pharmacy,27.7057447,85.3130218,Durbar Marg|New Road,2
ChIJx3n14_4Y6zkR3Yw6dpU9oOE,clinic,शहर दन्त क्लिनिक,dental_clinic,27.7083172,85.3101109,Durbar Marg|New Road,2
ChIJOYHp4_4Y6zkREKnSyCEIr_8,clinic,STAR DENTAL LAB,dental_clinic,27.7082928,85.3101033,Durbar Marg|New Road,2
ChIJtUSKHWwZ6zkROaXiI7opgGc,clinic,Well Dental Clinic,dental_clinic,27.705715200000004,85.3129579,Durbar Marg|New Road,2
ChIJZ0RJHf8Y6zkRaumRBmTTx6U,clinic,DENTAL LINK CLINIC,dental_clinic,27.7079424,85.3103434,Durbar Marg|New Road,2
ChIJ13GKUg4Z6zkR4AQbsuOGyYc,clinic,Swasti Skin Laser & Hair Transplant Clinic,medical_clinic,27.7149451,85.32686919999999,Durbar Marg,1
ChIJVS2BiZQZ6zkRDh2Hnwl0rEg,clinic,Visionkart Optical & Clinic Pvt.Ltd,medical_clinic,27.7055268,85.3227167,Durbar Marg,1
ChIJqQmkOuMY6zkRG9brjOELpXo,clinic,Basecamp Trekking Guide,travel_agency,27.7175435,85.3104592,Durbar Marg,1
ChIJtS_tCCwZ6zkRkzU9rRMGVcQ,clinic,Smile hub Dental Clinic,dental_clinic,27.7130183,85.3273305,Durbar Marg,1
ChIJ497Z8P8Y6zkReRXEbwOBnrc,clinic,SP Dental Clinic,dental_clinic,27.7055887,85.3127762,Durbar Marg|New Road,2
ChIJV_ihHvIZ6zkRYSQS0aocztY,clinic,MY DENTIST THE DENTAL CLINIC,dental_clinic,27.705933400000003,85.3121844,Durbar Marg|New Road,2
ChIJHflyfwAZ6zkRQb-3ZHqahV4,clinic,Vitavie Aesthetics & Anti-Aging Clinic,skin_care_clinic,27.716049100000003,85.3266474,Durbar Marg,1
ChIJ8_OwlxsZ6zkR-TLf0oiPVQE,clinic,Rani Ayurveda,medical_clinic,27.7208544,85.32003309999999,Durbar Marg,1
ChIJHfvhFbwZ6zkRz6w7HCk0uu4,clinic,International Medicare Kathmandu : Traveler's Health Clinic Kathmandu,hospital,27.7114023,85.3084222,Durbar Marg|New Road,2
ChIJm4D1-PsY6zkRP19hrIzuVf0,clinic,Venus Dental Clinic,dental_clinic,27.711416,85.3083599,Durbar Marg|New Road,2
ChIJmYHRdPwY6zkRgZjgl5fhsJI,clinic,Vision Care Optical,medical_clinic,27.7139771,85.3083748,Durbar Marg|New Road,2
ChIJBxpU8_8Y6zkRozsD3szEkXk,clinic,Hope X-ray Clinic,medical_clinic,27.7054913,85.3123828,Durbar Marg|New Road,2
ChIJ-Tru8_8Y6zkRtWOhHX7OTaY,clinic,Trisuli X-ray clinic,medical_clinic,27.7053897,85.3125261,Durbar Marg|New Road,2
ChIJqzQXYCQZ6zkRHU7Qu9ow2Og,clinic,Bhagwati Medical Center,medical_clinic,27.7155929,85.3085887,Durbar Marg,1
ChIJHTnPWLEZ6zkR9i0FDanS0LA,clinic,Hira Salon,beauty_salon,27.7094507,85.3274585,Durbar Marg,1
ChIJRc-X-5oZ6zkRIrl9BHC7sLE,clinic,Mata Manakamana Arogya clinic,doctor,27.7046253,85.322614,Durbar Marg,1
ChIJKerN5PsY6zkRyNhM2lQ2ba8,clinic,Noor Optical,medical_clinic,27.7113285,85.30785089999999,Durbar Marg|New Road,2
ChIJIcjQB3UZ6zkR6p73NrvEc2U,clinic,Kumari pathi,dental_clinic,27.7214885,85.32003519999999,Durbar Marg,1
ChIJ37AgfMAZ6zkRVxRIr6UzHwE,clinic,Online Counseling Nepal,medical_clinic,27.7055373,85.3244545,Durbar Marg,1
ChIJ96jVJKoZ6zkR3ETLsZRp6Lc,clinic,Oro Dental&Orthodontic Clinic,dental_clinic,27.7034055,85.3179765,Durbar Marg|New Road,2
ChIJlQUVXwAZ6zkR0bDYk2FmzQM,clinic,"Janachikitsalaya galli, Nhyokha - 25 ward",medical_clinic,27.7083113,85.3087494,Durbar Marg|New Road,2
ChIJddzUDAAZ6zkRake_bCAs-BA,clinic,Divya optical 👀,medical_clinic,27.7045356,85.3127782,Durbar Marg|New Road,2
ChIJieaGQeMY6zkRaGqeyyWaK7Q,clinic,न्युन शुल्क दन्त चिकित्सालय,medical_clinic,27.718065,85.309433,Durbar Marg,1
ChIJpc9dKTYZ6zkRy6614CrqfCc,clinic,Back To Life Manul And Physiotherapy Center,medical_clinic,27.7180738,85.3094275,Durbar Marg,1
ChIJM-LCHnIZ6zkR13E05w7t9w4,clinic,Dr. Arun Kumar Gupta (वरिष्ठ बाथ रोग विशेषज्ञ),medical_clinic,27.7159129,85.327837,Durbar Marg,1
ChIJ0U8zPgAZ6zkRqNQ_U-VQWQM,clinic,Gurudev Pharmacy,medical_clinic,27.7045519,85.3126352,Durbar Marg|New Road,2
ChIJRZlKtgkZ6zkRpLtsgLakeWU,clinic,Siddhi Polyclinic Health Service (P) Ltd.,medical_clinic,27.7073779,85.3267419,Durbar Marg,1
ChIJb64HbOMY6zkRfBOac-oGWIU,clinic,Rajesh Pharmacy,pharmacy,27.7185942,85.30945349999999,Durbar Marg,1
ChIJOyMEYQAZ6zkR0HEwMbafiAQ,clinic,Zenith Dental Clinic,dental_clinic,27.7052631,85.3250487,Durbar Marg,1
ChIJ352SQxAZ6zkR0ud9j-Eg4zY,clinic,Namuna surgical house,medical_clinic,27.7085278,85.3080556,Durbar Marg|New Road,2
ChIJS5T8cgAZ6zkRUKFydDXrf_0,clinic,Prabhu Rishi Ayurved,medical_clinic,27.722159,85.32051810000002,Durbar Marg,1
ChIJUyclIaYZ6zkRqvbYgxHfov8,clinic,Derby International Pvt. Ltd DERBY MEDIA,,27.7032349,85.3212721,Durbar Marg|New Road,2
ChIJ0wzTegAZ6zkRlX8PW614Ahg,clinic,Jayin eye and skin center,medical_clinic,27.7191713,85.3096744,Durbar Marg,1
ChIJUZcxpgEZ6zkRsRERCgozI2Q,clinic,Volunteer in Nepal - Medical Treks & Teaching Volunteer Tours,tour_agency,27.7191713,85.3096744,Durbar Marg,1
ChIJFVa7RLQZ6zkR_7-uovycXt4,clinic,Fheal Counseling Hub Pvt. Ltd.,medical_clinic,27.7184227,85.327073,Durbar Marg,1
ChIJJy34dggZ6zkRJL3EBubVNsU,clinic,Nakshhetra Eye Care,medical_clinic,27.718668,85.3088597,Durbar Marg,1
ChIJoxK6nKcZ6zkRDVkU516hqU4,clinic,Marie Stopes Centre - Putalisadak,medical_clinic,27.7030968,85.32180269999999,Durbar Marg|New Road,2
ChIJzaAdewkZ6zkRYyBNYpLQwAU,clinic,sayapatri pharmacy,medical_clinic,27.7091777,85.3287045,Durbar Marg,1
ChIJEX5VoAkZ6zkRY1yY28joGhA,clinic,Lookscart,store,27.7063549,85.3269593,Durbar Marg,1
ChIJI1P-mOMY6zkRwj0zVfbWHtU,clinic,Dental Garden,dental_clinic,27.7198284,85.3098072,Durbar Marg,1
ChIJSysJe-MY6zkRA30X4aMHXb8,clinic,पिपल्स डेन्टल कलेज एण्ड हस्पिटल,university,27.719115,85.3089572,Durbar Marg,1
ChIJ0SBV1_gY6zkRZFsCkFPdZwQ,clinic,कादम्‍बिनी आयुर्व‍ेदिक उपचार क्लिनिक,government_office,27.707562,85.3078149,Durbar Marg|New Road,2
ChIJFeOy-t8Z6zkRfyHpvhS4M1Q,clinic,ERA INTERNATIONAL HOSPITAL Pvt. Ltd.,hospital,27.7193177,85.3091199,Durbar Marg,1
ChIJZTjHn8gZ6zkRJO2BOMZJDHE,clinic,Dirghayu Dental Clinic,dental_clinic,27.7196875,85.3094375,Durbar Marg,1
ChIJM9pkpiQZ6zkRVBS2aAD2Ngg,clinic,SwetaKali Suvida Dental Pvt.Ltd,dental_clinic,27.7074453,85.3078137,Durbar Marg|New Road,2
ChIJqZByQrIZ6zkRdyxI-2vUaEk,clinic,Sambhavya Group,medical_clinic,27.7228684,85.31981189999999,Durbar Marg,1
ChIJN6Vq2vgY6zkRJWRv4E51big,clinic,Dentala clinic and lab facilities,dental_clinic,27.707455,85.30774939999999,Durbar Marg|New Road,2
ChIJd-lIX_8Y6zkRI8ThKrBFCko,clinic,dentala Clinic,dental_clinic,27.7051385,85.3094584,Durbar Marg|New Road,2
ChIJQ7RUmOMY6zkRjpF23p5nTAw,clinic,Jasmine ayurveda,medical_clinic,27.7202538,85.30959519999999,Durbar Marg,1
ChIJD8rZmIoZ6zkRrcI_KwXN0Y4,clinic,Human Health Care Polyclinic,medical_clinic,27.703438,85.31182729999999,Durbar Marg|New Road,2
ChIJoeddlDAZ6zkRhNHIudGE5ls,clinic,Magical Creation Sound Healing Centre,medical_clinic,27.7215011,85.31115059999999,Durbar Marg,1
ChIJCwnjqE0Z6zkRaU6lHBWxdc8,clinic,New Lotus Optical,medical_clinic,27.7051465,85.3267073,Durbar Marg,1
ChIJqXHQ3D0Z6zkRtX0eRkjF9w4,clinic,Studio Dentale,dental_clinic,27.7122,85.3301034,Durbar Marg,1
ChIJWRrCWv8Y6zkR9wXLP2wWGlM,clinic,Wellness Health Pathology,doctor,27.7054898,85.3088556,Durbar Marg|New Road,2
ChIJuwwxQEQZ6zkR4Vzy-yZTBl4,clinic,Mudra Therapy,medical_clinic,27.7149533,85.3061003,Durbar Marg|New Road,2
ChIJL83k730Z6zkRRN8BkFQhFmQ,clinic,Psychosocial Counselor - Helping and Smiling,medical_clinic,27.708457,85.30642519999999,Durbar Marg|New Road,2
ChIJVT_zllUY6zkRMJZy7w68PRE,clinic,DENTAL CLINIC,dental_clinic,27.7038916,85.3102134,Durbar Marg|New Road,2
ChIJITFtAFYY6zkRS3_pnWm2-JY,clinic,Tarani Health Center,medical_center,27.705488,85.308352,Durbar Marg|New Road,2
ChIJt7PZwPgY6zkRtNv6hS5uiH4,clinic,Treatment loses jandisa,medical_clinic,27.706547,85.3074297,Durbar Marg|New Road,2
ChIJzxaq9RkZ6zkR4YYQxBnWT0g,clinic,KATHMANDU PHYSIOTHERAPY CLINIC PVT LTD,medical_clinic,27.7229922,85.3228323,Durbar Marg,1
ChIJSz-ATQAZ6zkRj1YUSSn0ZWE,clinic,Piles Treatment Center,medical_clinic,27.7204475,85.3088619,Durbar Marg,1
ChIJT1eNvxsZ6zkRA6PCvYk7nFs,clinic,Vision Concern Eye Clinic and Optical - Lazimpat,medical_clinic,27.7233708,85.32176109999999,Durbar Marg,1
ChIJhXuH0pAZ6zkRnbbkbcIWwOM,clinic,Indaram Health,medical_center,27.7233179,85.3220901,Durbar Marg,1
ChIJT-nQ6uMY6zkRAEI84bSzjlA,clinic,Kumari Community Health Centre,medical_clinic,27.7211894,85.30962579999999,Durbar Marg,1
ChIJibtjIFUY6zkRk0N8IPsIhMM,clinic,Sankata dentala penarilipha Center,dental_clinic,27.7023483,85.3124507,Durbar Marg|New Road,2
ChIJDyBFaQAZ6zkRO96c7rJT1bs,clinic,Subha Ultrasound and Fetal Medicine Clinic,medical_clinic,27.7018425,85.3221877,Durbar Marg|New Road,2
ChIJd0_5UAAZ6zkRm7IBQEJ_HxE,clinic,Jaya gosaikunda diabetes thyroid kidney home Pvt. Ltd,medical_clinic,27.7027293,85.3115303,Durbar Marg|New Road,2
ChIJ8fcN6uMY6zkR9VJXw-tuDCI,clinic,Navasmrti Polyclinic Pvt Ltd,medical_clinic,27.7214447,85.3097399,Durbar Marg,1
ChIJMRgGIr4Z6zkRqJuVV_IwBLA,clinic,DARPAN Skin & Hair Clinic,skin_care_clinic,27.7178041,85.30642399999999,Durbar Marg,1
ChIJr6ve2-QY6zkR67u3tHmxFw8,clinic,Mahaguthi Polyclinic Pvt.Ltd,medical_clinic,27.7176706,85.306254,Durbar Marg,1
ChIJ8_umdgAZ6zkR2EVTluA7Qdg,clinic,Antarman counselling centre,medical_clinic,27.7034167,85.31007749999999,Durbar Marg|New Road,2
ChIJI4FkAwUZ6zkRi7sdh6DyPCE,clinic,Monohara Mulpani Health Center,medical_clinic,27.7034167,85.31007749999999,Durbar Marg|New Road,2
ChIJEffdi-MY6zkRK6inMpExjEI,clinic,Binod Opticals,medical_clinic,27.7207867,85.30873749999999,Durbar Marg,1
ChIJu-F7GwAZ6zkRAzuiunkZu9A,clinic,Ashim Dental Care Home,dental_clinic,27.7192305,85.30720509999999,Durbar Marg,1
ChIJu2BWzg0Z6zkRP-MscrMcEoQ,clinic,The Skin Clinic By Dr. Jebina Lama,skin_care_clinic,27.7162893,85.3305633,Durbar Marg,1
ChIJIUlfDb8Z6zkRwTZa5vgt8FE,clinic,We Care Eye Center,health,27.7208299,85.3084732,Durbar Marg,1
ChIJ1dfE8-QY6zkRxddCgGsTSvo,clinic,DRISHYAM OPTICAL & EYE CLINIC,medical_clinic,27.7190321,85.3068019,Durbar Marg,1
ChIJr2U9PvoY6zkRhs7byyqoj1I,clinic,Seamus dentala,dental_clinic,27.711932,85.304621,Durbar Marg|New Road,2
ChIJq5IjPvoY6zkRLFUJQSnkWXY,clinic,सेमस फिजियो थेरापी सेवा एक्यूपंचर सेवा,medical_clinic,27.711949,85.30459900000001,Durbar Marg|New Road,2
ChIJ4Uu8orkZ6zkRZXklPd_hJas,clinic,RB Diagnostic Kathmandu,medical_clinic,27.7087765,85.330655,Durbar Marg,1
ChIJMXXvBAAZ6zkR-X99_F2Jed4,clinic,RB physiotherapy center,medical_clinic,27.7088855,85.3307006,Durbar Marg,1
ChIJJRiUaRgZ6zkRsOqQYYZAIhk,clinic,Luna Eyewears,wholesaler,27.703654,85.3091228,Durbar Marg|New Road,2
ChIJm4GN7j0Z6zkRW9Kwzb4SWXo,clinic,Padshala Online Store,,27.7210601,85.30850269999999,Durbar Marg,1
ChIJgRI6bQAZ6zkRWfecwkgtYXg,clinic,Koteshwor Kathmandu,medical_clinic,27.7035891,85.30919039999999,Durbar Marg|New Road,2
ChIJSTyg0EcZ6zkRjycyDuUBXcA,clinic,(KPL) Kathmandu Pathlab & Diagnostic Center Pvt.Ltd,medical_lab,27.717772,85.3057982,Durbar Marg,1
ChIJ82w4B1UY6zkRef5nKpDMelU,clinic,JAYA GOSAIKUNDA LABORATORY & CLINIC,pharmacy,27.702337300000003,85.31105289999999,Durbar Marg|New Road,2
ChIJ89bCagAZ6zkRDcsGNAAhNx0,clinic,Kaldhara,dental_clinic,27.717694500000004,85.3056951,Durbar Marg,1
ChIJS5z14QwZ6zkReTobSS82LnQ,clinic,Elite Physiotherapy and Wellness Clinic,medical_clinic,27.7184881,85.3061018,Durbar Marg,1
ChIJSfpoz1QY6zkRaftjQDKaxcE,clinic,CHINESE CHARMING Skin Care & Facial Center,skin_care_clinic,27.7014202,85.3128947,Durbar Marg|New Road,2
ChIJBz0BFjwZ6zkRNTt3RR1xrEI,clinic,Dipti Ayurveda Pharma,medical_clinic,27.7081801,85.3052526,Durbar Marg|New Road,2
ChIJ09S4CxIZ6zkRNZKpphMQoDQ,clinic,BEAUTYCLUBS,beauty_salon,27.717616,85.3304129,Durbar Marg,1
ChIJwYuQTUoZ6zkRT0NlL1poUWY,clinic,IMANUYAL PHARMACY,medical_clinic,27.7047826,85.3075428,Durbar Marg|New Road,2
ChIJK9CekvkY6zkRWmf9Z8ZX1Xk,clinic,Yosh Natural Therapy Clinic,medical_clinic,27.7099223,85.30444550000001,Durbar Marg|New Road,2
ChIJM_m4GQAZ6zkR9m4GVNqgAnk,clinic,Siddhi Poly Path Lab (New Road Center),doctor,27.7031594,85.30896279999999,Durbar Marg|New Road,2
ChIJZWuYAOUZ6zkRi6hUSihbhbY,clinic,sundhara dental clinic,dental_clinic,27.702639,85.309651,Durbar Marg|New Road,2
ChIJVWCmpVsZ6zkRNooQi5r_bD8,clinic,Nilaya Dental Pvt. Ltd,dental_clinic,27.7017651,85.31101989999999,Durbar Marg|New Road,2
ChIJWbzuUVQY6zkRljGUE4ty43A,clinic,Purpelo,skin_care_clinic,27.701818000000003,85.3107399,Durbar Marg|New Road,2
ChIJ7-9jLQYZ6zkR1P8cU91WNDg,clinic,Nilaya PHYSIOTHERAPY Center,medical_clinic,27.7162099,85.3043125,Durbar Marg,1
ChIJVX6xuvoY6zkREWHCtg7Axh0,clinic,Swastik Dental Home,dental_clinic,27.7157855,85.3040628,Durbar Marg,1
ChIJWTiu0FUY6zkRMVUdKwWDmUI,clinic,Skin Clinic Newroad,skin_care_clinic,27.7027607,85.30879159999999,Durbar Marg|New Road,2
ChIJK1leOFUZ6zkRXjXUkOxd3gQ,clinic,Shine dental,dental_clinic,27.7246891,85.31321659999999,Durbar Marg,1
ChIJK5xneGEZ6zkRh3riN5ENtc0,clinic,Shangrila Dental Clinic,dental_clinic,27.7186394,85.33072709999999,Durbar Marg,1
ChIJJ1insjMZ6zkRozu3GEc7Vro,clinic,Hope Child Development Center Pvt. Ltd,medical_clinic,27.7233229,85.3259415,Durbar Marg,1
ChIJYa6cdAAZ6zkRZvx_6gFmzN4,clinic,Sattwa Mind Clinic,medical_clinic,27.701075,85.3116177,Durbar Marg|New Road,2
ChIJp2S3IgAZ6zkR9PVltuNptMg,clinic,Urban Health Promotion Center - Sundhara KMC 22,medical_clinic,27.7009797,85.31168450000001,Durbar Marg|New Road,2
ChIJXwkG0VUY6zkR2Es2IWRaz3Q,clinic,New Road Dental Service.,dental_clinic,27.7025372,85.30885359999999,Durbar Marg|New Road,2
ChIJMzq4Rq8Z6zkRdcItaKVKkOw,clinic,Galaxy optical and eye clinic,medical_clinic,27.7193439,85.3055208,Durbar Marg,1
ChIJTeSaMwAZ6zkRJZ4kcYLVpDY,clinic,GHL Khusibu,medical_clinic,27.7153736,85.303675,Durbar Marg,1
ChIJV-WMLO8Z6zkRyuEgcdoO4mg,clinic,Netradham Eye Care Center - Khusibu Branch,medical_clinic,27.7159598,85.30376179999999,Durbar Marg,1
ChIJoeIhPmoZ6zkRuwmLfal6G4M,clinic,Hope Ayurveda Clinic,medical_clinic,27.7047972,85.3061803,Durbar Marg|New Road,2
ChIJdzjQCgAZ6zkRXAvb8lXy42s,clinic,Kapurdhara,dental_clinic,27.7253076,85.3143917,Durbar Marg,1
ChIJCRFGQhIZ6zkRDzYTiC11W1s,clinic,K-Lab,health,27.719073,85.33084199999999,Durbar Marg,1
ChIJf-RfCpQZ6zkRNgzIUw0OrG8,clinic,MedEx Neo Clinic,medical_center,27.7190164,85.3308823,Durbar Marg,1
ChIJmwBB7VQY6zkRPVn_ZfsdUGE,clinic,Swastha Dental Clinic Pvt Ltd,dental_clinic,27.7007785,85.3115902,Durbar Marg|New Road,2
ChIJtzF4gPAY6zkR-C6NuQA-QA4,clinic,इन्‍दर्‍ायणी अप्टिकल एण्ड आई किल्निक,medical_clinic,27.713608,85.303157,Durbar Marg|New Road,2
ChIJxfpgKgIZ6zkRTH2-5RaxoPw,clinic,Tooth Healers Dental Clinic,dental_clinic,27.7005785,85.3119402,Durbar Marg|New Road,2
ChIJdf-kIwAZ6zkRl4ExwDfkVL4,clinic,Health care pharma and diagnostic centre,medical_clinic,27.7087775,85.3037238,Durbar Marg|New Road,2
ChIJHZTnNgAZ6zkR7siNVaSFWrU,clinic,Easy Smile Dental Clinic,dental_clinic,27.7220316,85.30750019999999,Durbar Marg,1
ChIJu9PNLR4Z6zkR6IQxHgP-XFQ,clinic,Eyetech Eye Clinic,medical_clinic,27.725381,85.3141249,Durbar Marg,1
ChIJPeVe8VsZ6zkR8xpno76-pcg,clinic,Mantrana | The Center for Counseling & Consultation,consultant,27.7116854,85.3027735,Durbar Marg|New Road,2
ChIJK8hQOGMZ6zkRZ2P8H6aMG7w,clinic,Counseling Psychology Nepal (CPN - Dhalko),health,27.7116791,85.302773,Durbar Marg|New Road,2
ChIJKdIxKAAZ6zkRFYPcxNgQBeg,college,Certified college of accountancy,university,27.7088369,85.3186298,Durbar Marg|New Road,2
ChIJl7MyUAAZ6zkRtgsGp85hP30,college,Utkrishta Shikshalaya मा वि,university,27.7102285,85.321463,Durbar Marg,1
ChIJs75GO10Y6zkRVaJ2UrKBeuc,college,Kathmandu Academy of Toursim and Hospitality (KATH),university,27.712175,85.3223941,Durbar Marg,1
ChIJfxQ728UZ6zkRxlz381_NY-0,college,IIMS MBA,university,27.7121414,85.3224058,Durbar Marg,1
ChIJwykS0wgZ6zkReSYG3EuOKbQ,college,Department of Environment Science,university,27.7088045,85.31624579999999,Durbar Marg|New Road,2
ChIJvYPjJQAZ6zkR6JA2f3IjTz8,college,Department of Physics - Trichandra multiple campus,university,27.708728,85.31631019999999,Durbar Marg|New Road,2
ChIJ_yam5AEZ6zkRjDimHmu8j6s,college,Sphere Institute Of Technology,university,27.7102888,85.3139458,Durbar Marg|New Road,2
ChIJ6wKo9oIZ6zkRRDR8-l0OOiQ,college,Department of Botany,university,27.7087085,85.31577879999999,Durbar Marg|New Road,2
ChIJy8nxxbwZ6zkRcVJxBWxKUKY,college,star skill hub nepal pvt.ltd,university,27.7103145,85.3221634,Durbar Marg,1
ChIJEQW3rwEZ6zkRYBMJ9hyanxs,college,Department Of Microbiology Trichandra,university,27.708725,85.31559519999999,Durbar Marg|New Road,2
ChIJtzgKwsEZ6zkRhh_au0Ob9Oc,college,Saraswati Sadan,university,27.7080742,85.3166093,Durbar Marg|New Road,2
ChIJcafHD_kZ6zkRfQg3opbdxow,college,Department of Geography,university,27.7078279,85.3170353,Durbar Marg|New Road,2
ChIJc_LV_QAZ6zkR-b1jykpjLeY,college,Tri-Chandra Multiple Campus,university,27.7079166,85.3165616,Durbar Marg|New Road,2
ChIJiwnSDgAZ6zkRJtuZB7FRUEA,college,मामाहरुले झुक्याउने ठाउँ,university,27.7103147,85.3129457,Durbar Marg|New Road,2
ChIJAz_CzgAZ6zkRX1MQ5--EjeU,college,UNIVERSAL COLLEGE OF MEDICAL SCIENCES & UCMS COLLEGE OF DENTAL SURGERY,university,27.7073537,85.31847909999999,Durbar Marg,1
ChIJHX07HaIZ6zkReePM5d9buk0,college,Department of Statistics,university,27.7073762,85.3169174,Durbar Marg|New Road,2
ChIJ33tGMJEZ6zkRO9lFhBfA8p0,college,"Model Institute of Technology, (MIT) Nepal",university,27.7081128,85.3214557,Durbar Marg,1
ChIJJ8sn7gAZ6zkR__cIiYXuLGo,college,Department of Geology,university,27.7072329,85.3168769,Durbar Marg|New Road,2
ChIJP4nhoCwZ6zkRgLljVks094w,college,Shree Ganesh Multiple College,university,27.7099653,85.312317,Durbar Marg|New Road,2
ChIJZfhwfAAZ6zkRQJXShyQXM4I,college,Kausar Room,university,27.7104238,85.3118787,Durbar Marg|New Road,2
ChIJL-muvwAZ6zkREiY4j5RUGPs,college,Excel Ishan-Nepal,consultant,27.706701,85.317309,Durbar Marg|New Road,2
ChIJ9aSjhg8Z6zkRIaMtaE5Bh5A,college,Little Estella College,clothing_store,27.714813900000003,85.3242729,Durbar Marg,1
ChIJD0pEcA8Z6zkRayTBQR0W8NA,college,Eternal Spring Academy,clothing_store,27.7136558,85.3247294,Durbar Marg,1
ChIJG_c7oFIZ6zkR3JAnbxpyTQc,college,My college,university,27.7065583,85.31893509999999,Durbar Marg,1
ChIJrzzJUSIZ6zkRq0QgECGSMuw,college,Kamal,university,27.7143536,85.3113133,Durbar Marg|New Road,2
ChIJKY3TFx0Z6zkRh0P2682MPaM,college,Kathmandu Nist College,university,27.718445,85.3154139,Durbar Marg,1
ChIJ5yrmSokZ6zkRS55VQAZI1yM,college,NIST Higher Education,university,27.7185809,85.31553989999999,Durbar Marg,1
ChIJbQeAJwAZ6zkRu4f0vEmFG4g,college,Lalitkala Campus,university,27.7074945,85.3137034,Durbar Marg|New Road,2
ChIJhc8b-IQZ6zkRCZ3asBA-xhw,college,Lincoln International College,university,27.708656,85.32361279999999,Durbar Marg,1
ChIJXVgDEecZ6zkRzrjUHmEAhMY,college,National College of Food Science and Technology NIST,university,27.718626200000003,85.31544199999999,Durbar Marg,1
ChIJw7SsQwcZ6zkR2RR2pupt46Y,college,साहारा स्‍कुल अफ हस्‍पिटालिटी म्‍यानेज्मेन्‍ट एण्‍ड टुरिजम नेपाल,university,27.706348,85.3199219,Durbar Marg,1
ChIJazJxSg8Z6zkRxhLQkJLGVB4,college,किष्ट कलेज तथा मा.वि.,university,27.711803300000003,85.32526969999999,Durbar Marg,1
ChIJn0YYjQ8Z6zkRSOfGO27mb1s,college,"Delhi Paramedical and Management Institute, Nagpokhari Marg, Kathmandu, Nepal",university,27.7157002,85.3244814,Durbar Marg,1
ChIJUxHqPuIZ6zkRnMOB0iYUAjc,college,Nepal Cyber Tech (NCT) - Top Tech Company,university,27.7060564,85.31775139999999,Durbar Marg,1
ChIJZ80J-9MZ6zkRI48xdCr_dRk,college,Charles Baudelaire Institute,university,27.7188595,85.3204294,Durbar Marg,1
ChIJ_R6iUx0Z6zkRizMwWqF7uhc,college,NIST College,school,27.718266,85.313991,Durbar Marg,1
ChIJP8tmcxUZ6zkRi1aHfJoUXQY,college,RED Academy,educational_institution,27.7059288,85.3186537,Durbar Marg,1
ChIJmelBWwcZ6zkRpI-VoQ3luNc,college,"Gurukul CA, Bagbazaar",university,27.7061886,85.3202111,Durbar Marg,1
ChIJa6BDzWM7kX4RPA_rlQckPEg,college,Nimesh Tamang,university,27.7132479,85.3103962,Durbar Marg|New Road,2
ChIJo-P72eUZ6zkRSr2Diml1jvE,college,Kathmandu Model College (KMC),educational_institution,27.7058966,85.31860209999999,Durbar Marg,1
ChIJk9owrwAZ6zkRU_PCyxbdxYM,college,MICROLINK INSTITUTE,university,27.7057889,85.3180639,Durbar Marg,1
ChIJPRWgGgAZ6zkRaZ2RZbmCtZE,college,next goal academy ram sir (ko korean bhasha),university,27.7058786,85.3192838,Durbar Marg,1
ChIJ6XevHgAZ6zkRcKZZ5WLnb3M,college,Nursing Campus NAM,medical_center,27.7067697,85.3138961,Durbar Marg|New Road,2
ChIJ5WvwvOIY6zkRt18XiuC-_rM,college,Amrit Campus,university,27.717759,85.31280149999999,Durbar Marg,1
ChIJ7ftvYgAZ6zkRjkIZ5y3gdTY,college,"IOST, Amrit Campus",university,27.7178071,85.3128206,Durbar Marg,1
ChIJGzkYqmcZ6zkR5_RvLRvhpik,college,Pritty Shah,university,27.7097433,85.310846,Durbar Marg|New Road,2
ChIJIU-ceo4Z6zkR5hYwTY2RgrA,college,Jabbar ali,university,27.7079708,85.32385839999999,Durbar Marg,1
ChIJ_WC-UvcZ6zkRiDOfGvqNuFY,college,St.xavier Institute Mama,university,27.7057091,85.31920000000001,Durbar Marg,1
ChIJJeS2epQZ6zkR-C1JQhpEJ6A,college,Worldlink Education Center,university,27.7058172,85.3198306,Durbar Marg,1
ChIJb8dreo8Z6zkRVggzFtodn54,college,Prep,university,27.7058174,85.3199499,Durbar Marg,1
ChIJ3QRzjScZ6zkRgGqc61c7TM8,college,Ktm,university,27.717229,85.3239428,Durbar Marg,1
ChIJeW2NuMIZ6zkR3d09ovfut5Y,college,Babul Babu,university,27.717229,85.3239428,Durbar Marg,1
ChIJ0agxPcsZ6zkR81KlSXl9I0A,college,Kathmandu medical College international admission office,university,27.7056417,85.31897149999999,Durbar Marg,1
ChIJw0K5lCgZ6zkRI-AMzUJfSOI,college,"BHOLA HOUSE,KTM",university,27.7172479,85.3239473,Durbar Marg,1
ChIJIXwu9kEZ6zkRihiQymzxl1k,college,Hathmunda,university,27.7172479,85.3239473,Durbar Marg,1
ChIJ7zmKD68Z6zkRXqEIrK3G-ec,college,"Usain bolt..,.",university,27.7172479,85.3239473,Durbar Marg,1
ChIJafIysoIZ6zkRKEQ-Z-pv9J8,college,Granada Korean laungage,university,27.7172479,85.3239473,Durbar Marg,1
ChIJlzVKxvUZ6zkRL_4hxeqQNcc,college,ArpanaBasnet,university,27.7172479,85.3239473,Durbar Marg,1
ChIJNRDiPgAZ6zkRj8Uwk3r03XY,college,Mahanagarpalika,university,27.7172479,85.3239474,Durbar Marg,1
ChIJP5cFdAAZ6zkRjCXsbIRpDRE,college,Sanish demo,university,27.7172479,85.3239474,Durbar Marg,1
ChIJYY2zQgAZ6zkRi7ja7qUeRVw,college,Shahir shahi,university,27.7172479,85.3239474,Durbar Marg,1
ChIJ9a2NHQAZ6zkRBjFqDvFyp9I,college,Shreesha,university,27.7172479,85.3239474,Durbar Marg,1
ChIJ4VnNMCIZ6zkRgPpWw8VO8BY,college,Ganeshman singh memorial polytechnic institute,university,27.7172479,85.3239474,Durbar Marg,1
ChIJ5_qocAAZ6zkRKCxSgnUqA_4,college,MS_SM_SR,university,27.7172479,85.3239474,Durbar Marg,1
ChIJha3cfwAZ6zkRigcrjDERdwU,college,Danish,university,27.7172479,85.3239474,Durbar Marg,1
ChIJ4ezcEAAZ6zkRJerB_Q3MDbI,college,Dheilbajar,university,27.7172479,85.3239474,Durbar Marg,1
ChIJrTVkTEEZ6zkRWbosWS6R6_Q,college,Ranibari,university,27.7172479,85.3239474,Durbar Marg,1
ChIJu7VbEwAZ6zkRzp_sQTCUo3o,college,Padma nath,university,27.7172479,85.3239474,Durbar Marg,1
ChIJ__-P-HAZ6zkRr_YSu4yYYVU,college,Cosmopolitan SS College,university,27.7172479,85.3239474,Durbar Marg,1
ChIJtfEsUwAZ6zkRnCQXAaaHXog,college,Amrit Campus Second Block,university,27.7182324,85.3129541,Durbar Marg,1
ChIJOQK2dagZ6zkRui8oe438pw4,college,Heidel Press Pvt. Ltd.,university,27.7062175,85.3218622,Durbar Marg,1
ChIJr1k8ddMZ6zkRUQHSEcZ_XDQ,college,Skill Block- Islington college,university,27.7082443,85.32453249999999,Durbar Marg,1
ChIJ_0T3jAgZ6zkRzH_NapcrRF0,college,Kumari Block - Islington College,university,27.708991,85.3250989,Durbar Marg,1
ChIJxbNMQwgZ6zkRLVHSQW0a3x8,college,Islington College,university,27.7089944,85.325193,Durbar Marg,1
ChIJwagkJs8Z6zkR2pVvlVdYOxk,college,"Kathamandu ,dhobidhara",university,27.7068658,85.32329299999999,Durbar Marg,1
ChIJN3hKcR0Z6zkRwhPPh3nvlgk,college,Silver Mountain School of Hotel Management,educational_institution,27.7194225,85.3145006,Durbar Marg,1
ChIJR5aO36kZ6zkRIFvxTYeg_1c,college,Institute of Banking and Management Studies,educational_institution,27.705386,85.320188,Durbar Marg,1
ChIJg18_79dZciIRMpjh_pag35Q,college,Binaya Educational & Communication,university,27.7132217,85.3265663,Durbar Marg,1
ChIJB91t84YZ6zkRVU4oPaOJLlg,college,Binaya Educational & Communication,university,27.7132217,85.3265665,Durbar Marg,1
ChIJUaxgrgsZ6zkRDUOcYguchgY,college,Nepal College of Travel and Tourism Management - NCTTM,university,27.7179977,85.3242748,Durbar Marg,1
ChIJP5jNAWcZ6zkRz0nrwNNpW9I,college,University of Nepal (UNepal),university,27.7179866,85.32444009999999,Durbar Marg,1
ChIJkzY9FCAZ6zkRy7c3rg99z9w,college,Islingtn College 'Alumni Block',university,27.7083689,85.3254874,Durbar Marg,1
ChIJzzuufrMZ6zkR7y0SBdhm6dU,college,Punam,university,27.7067292,85.3239928,Durbar Marg,1
ChIJPRRRHPYZ6zkRs4kVtRvEfbA,college,Rocky Sharma,university,27.7046582,85.31943749999999,Durbar Marg|New Road,2
ChIJxcf-VaUZ6zkRXzQD-Q9QgH4,college,Golku pakha,university,27.7191801,85.3126788,Durbar Marg,1
ChIJPWFbKagZ6zkRAxo436nT9nc,college,IT Park Inc.,university,27.7051431,85.3217301,Durbar Marg,1
ChIJPVVF5-IY6zkR3AJeWuantqY,college,Coral Tech Private Limited,university,27.7183336,85.3113376,Durbar Marg,1
ChIJzcCDmvwY6zkR1Cc5ZlZUScA,college,National College of Computer Studies,university,27.714711,85.3090079,Durbar Marg|New Road,2
ChIJdQhHJkYZ6zkRlxaavuUX6x4,college,Nepal Block Islington College,university,27.7085427,85.3260681,Durbar Marg,1
ChIJgRGHJ4kZ6zkRznNzJcTagPM,college,Sushma acharya,university,27.7043337,85.3174849,Durbar Marg|New Road,2
ChIJmXqM3vgY6zkRotpr_jc6X60,college,Scholars Academy,educational_institution,27.7114604,85.3085109,Durbar Marg|New Road,2
ChIJLXxItzkZ6zkRBtHP093Uvq0,college,"JD Institute of Fashion Technology - Kathmandu, Nepal",,27.7082404,85.3261623,Durbar Marg,1
ChIJkTG0YvsY6zkR_A5wimAND8E,college,People's Campus,university,27.714382,85.3086046,Durbar Marg|New Road,2
ChIJUTuFcgAZ6zkR-HMKFuxLgAc,college,Koleg,university,27.714639,85.308657,Durbar Marg|New Road,2
ChIJCVsR--4Z6zkR2sTkNrv0R0Y,college,Kathmandu Don Bosco College,university,27.7204753,85.3216478,Durbar Marg,1
ChIJfdRwYuIY6zkR2XXe3nfLdJ4,college,Everest College of Multiple Studies,university,27.719797000000003,85.31274049999999,Durbar Marg,1
ChIJ2wY1ivsY6zkRcBh4_t-k2iw,college,सरस्वती आवसिय उच्च माध्यमिक विद्यालय,school,27.712374,85.3083132,Durbar Marg|New Road,2
ChIJb_wXc7QZ6zkRM_b1DZXTlIQ,college,Seed Financial Academy- Nepal's First Platinum Approved ACCA College,university,27.7062342,85.3244245,Durbar Marg,1
ChIJcaEGVAAZ6zkRIHO1YvFwKfI,college,Lead to Japan,university,27.7059226,85.32404869999999,Durbar Marg,1
ChIJqXiD4eIY6zkRRX9sCBUbq9Q,college,Saraswati Multiple Campus,university,27.718515,85.3109076,Durbar Marg,1
ChIJmWxy1UYZ6zkRCWMoqUJ1YjQ,college,Seek International Education Services,consultant,27.7159078,85.30868339999999,Durbar Marg,1
ChIJ08mDfY8Z6zkRn65Mh-ILykI,college,Scodus Innovations,university,27.7172909,85.3264935,Durbar Marg,1
ChIJQaiMOwgZ6zkRLkMuUCvDdAo,college,National Integrated College,university,27.7068189,85.32562349999999,Durbar Marg,1
ChIJ2WPVIR0Z6zkRaOq1CBxoAr4,college,Ascol hostel,university,27.7213288,85.3149142,Durbar Marg,1
ChIJvzhCmJkZ6zkRUHL1d_zmrjQ,college,NTP College,university,27.7065736,85.32584299999999,Durbar Marg,1
ChIJf5f4pgkZ6zkR1GrH-z83luQ,college,The Times International College,university,27.7082336,85.3273162,Durbar Marg,1
ChIJK9WcqncZ6zkRU6zYZ17QJ78,college,RK University - Info Center,university,27.7043335,85.32296540000002,Durbar Marg,1
ChIJ0_IxkakZ6zkRdj77KPu_Pj8,college,Oxford Academic Foundation,educational_institution,27.7031866,85.3194299,Durbar Marg|New Road,2
ChIJ131O-H4Z6zkRBsQNQ5o0xJU,college,Study law laxya,university,27.7031845,85.3194638,Durbar Marg|New Road,2
ChIJpWZtV2gZ6zkRDcMpWKr9x_A,college,BBA block,university,27.7127462,85.30719069999999,Durbar Marg|New Road,2
ChIJpdxrXq4Z6zkR5AgCB_E1p1s,college,Sujan boys hostel,university,27.703463900000003,85.32114729999999,Durbar Marg|New Road,2
ChIJOQHl1qQZ6zkRtWG1ZMjZOfs,college,Come college,university,27.707602,85.3272169,Durbar Marg,1
ChIJCWd-UJcZ6zkRrfzR5GdnCb4,college,Nirajan Upadhayay,university,27.718583400000004,85.3094211,Durbar Marg,1
ChIJP50gmPsY6zkRLJbLDTZfzoE,college,Public Youth Campus,university,27.7133053,85.3070532,Durbar Marg|New Road,2
ChIJpxrSUagZ6zkRmTAVQiryFBU,college,Shanker Dev Campus,university,27.7035142,85.3218101,Durbar Marg|New Road,2
ChIJZ8LbnM0Z6zkR3WQBJ11zOmU,college,Serving Nation Enterprises,store,27.7031875,85.3209375,Durbar Marg|New Road,2
ChIJoQYcZuMY6zkRSq1qpWxBlgs,college,Manamohan Memorial College,university,27.7184905,85.3090792,Durbar Marg,1
ChIJVzfsnakZ6zkRTjJvWjuecew,college,Ratna Rajya Campus (Nepal Manabiki Campus),university,27.7029141,85.31992509999999,Durbar Marg|New Road,2
ChIJLUJjpA4Z6zkReml_qVAeGt4,college,ACE O Level,university,27.7121772,85.32908619999999,Durbar Marg,1
ChIJMWgQElgZ6zkRp4KJdRRpeTw,college,IIMS College Gate A,educational_institution,27.7133351,85.3290856,Durbar Marg,1
ChIJX96SbagZ6zkRflzjxIEzotY,college,Kantipur City College,university,27.703777,85.3231442,Durbar Marg,1
ChIJ4xZYiQcZ6zkROt25aELcSyw,college,Modern Nepal College,university,27.7207459,85.31138849999999,Durbar Marg,1
ChIJ641Ry5kZ6zkRwhPBDbwMSHs,college,Kathmandu University Department of Music Sama Center Samar Nikunja,university,27.7099751,85.3289664,Durbar Marg,1
ChIJQUEoKwgZ6zkRrQevZHWa28Q,college,RSTCA Corporate Training,university,27.705759500000003,85.3264916,Durbar Marg,1
ChIJiakNe-MY6zkRQ4wt9zr0WcM,college,People's Dental College & Hospital,university,27.7191253,85.30899459999999,Durbar Marg,1
ChIJrV9RE7wZ6zkRth7zfz46nAg,college,Balmiki Vidyapith Ground,university,27.7025687,85.3207955,Durbar Marg|New Road,2
ChIJGWC62RsZ6zkRjVokb7BVFlc,college,CONCORDE ACADEMY,university,27.7226962,85.3206034,Durbar Marg,1
ChIJ4ZoIJggZ6zkRRIwGQEXSPCs,college,CBM College,,27.7058432,85.3268193,Durbar Marg,1
ChIJLRcbnakZ6zkR4WOqa0LKkYo,college,Nepal Law Campus,university,27.7022933,85.319448,Durbar Marg|New Road,2
ChIJv9w0gqkZ6zkRAf4CU8uJTxE,college,Bishwo Bhasa Campus of International Languages,university,27.7022238,85.3191413,Durbar Marg|New Road,2
ChIJBba1n6kZ6zkR8QIZNtKcn-M,college,Ratna Rajyalaxmi Campus,university,27.7022903,85.319794,Durbar Marg|New Road,2
ChIJ1UpMLQAZ6zkRqKFBiNysdFI,college,My IELTS,university,27.7029036,85.32233579999999,Durbar Marg,1
ChIJj0B1LQAZ6zkR7p9dQu--1qA,college,Gyan Lekh,university,27.7029036,85.32233579999999,Durbar Marg,1
ChIJ15LhTQMZ6zkRn1qPSDML4F4,college,Samiha Education Hub,university,27.7029035,85.32233579999999,Durbar Marg,1
ChIJ9aE1ws0Z6zkRkmwYMl2VmME,college,Pragati Institute,university,27.7029521,85.3226646,Durbar Marg,1
ChIJR6fpV6gZ6zkR8ANVXrtpros,college,Vsmart Aacdemy-Kathmandu,university,27.7025951,85.3219489,Durbar Marg|New Road,2
ChIJZVLAZKgZ6zkRAC2f8LbUmn4,college,Chuki Consultancy & Language Center Pvt. Ltd.,consultant,27.703051,85.3232209,Durbar Marg,1
ChIJ48O8-KgZ6zkRLRNMttg8HlY,college,CAI Pvt. Ltd,university,27.702492,85.321766,Durbar Marg|New Road,2
ChIJ8-lJy1AZ6zkRe6AnJw0KffE,college,Dillibazar kanya campus,university,27.7049315,85.32637030000001,Durbar Marg,1
ChIJNzhGDKkZ6zkR0Ycx-1zjX2E,college,Balmiki Campus (Sanskrit college) वाल्मीकि विद्यापीठ,university,27.7020383,85.32034890000001,Durbar Marg|New Road,2
ChIJJeNX4OwZ6zkRQVAdz9m31Mo,college,Tebahal,university,27.703177,85.3120091,Durbar Marg|New Road,2
ChIJH7tVIOIY6zkRLNWdZel9bb4,college,Atlantic Int´l College,university,27.7223282,85.31261080000002,Durbar Marg,1
ChIJXYAG-agZ6zkRGv9OmxVOqz4,college,Sunsari Technical College,university,27.702328,85.3218409,Durbar Marg|New Road,2
ChIJKxDNxqcZ6zkRytWd6ECWBHg,college,Trinity Int'l College,university,27.7037843,85.32517589999999,Durbar Marg,1
ChIJDR6DiOQY6zkR5F4cOYhiHCI,college,Sigma College,university,27.7191747,85.3078421,Durbar Marg,1
ChIJQVfa5W0Z6zkR6e1wDGSSJ2U,college,Herald College Kathmandu,university,27.7118521,85.33053609999999,Durbar Marg,1
ChIJaSww4AkZ6zkRych9q5BZ530,college,"Softwarica College, Block C",university,27.7057244,85.32796739999999,Durbar Marg,1
ChIJ0Z-W4wkZ6zkRdTWQy4FnHzE,college,sangraula bhawan,university,27.705961,85.3283079,Durbar Marg,1
ChIJEU34qXIZ6zkRrA5HvIZ7alI,college,Sauravko College,university,27.7122696,85.3308074,Durbar Marg,1
ChIJb9fBI_4Z6zkRjMUVfJ10wgs,college,Herald College HCK Block,university,27.712368,85.3308706,Durbar Marg,1
ChIJ8fxVpWcZ6zkRnF2OO233UDk,college,ANJALI BOYS HOSTEL,university,27.702208,85.3233832,Durbar Marg,1
ChIJlcOhGTQZ6zkRamCcCOUXz0c,college,Rungta Group of Institutions Nepal Info Center,university,27.702208,85.3233832,Durbar Marg,1
ChIJI3QRCQAZ6zkRGkUOYchfc5o,college,New millennium college,university,27.7167585,85.3300311,Durbar Marg,1
ChIJ____P6kZ6zkR9Y02P-yA0UM,college,valmikee vidhyapith,university,27.7010353,85.3201043,Durbar Marg|New Road,2
ChIJUYhAOgoZ6zkRMsUktnsy2F8,college,Galaxy Public School,government_office,27.7079263,85.33048,Durbar Marg,1
ChIJh1G4JQUZ6zkRmdQkueH_Mz0,college,URBANA School of Science,educational_institution,27.7008515,85.32088279999999,Durbar Marg|New Road,2
ChIJ-3Cw_bwZ6zkRtr0GPaqZkaA,college,Siksha O Anusandhan University,university,27.7010879,85.32200499999999,Durbar Marg,1
ChIJe9doMt8Z6zkRHlQ0llvQ9uU,college,"BMS College of Engineering, Bangalore, Nepal office",university,27.7017932,85.31138639999999,Durbar Marg|New Road,2
ChIJ0_gtihUZ6zkRuIGBKYGoa5U,college,xyz coll,store,27.7005619,85.32093019999999,Durbar Marg|New Road,2
ChIJIx-qdAoZ6zkRFVwOrYLv63Q,college,Softwarica College of IT and E-Commerce,university,27.7061384,85.3299792,Durbar Marg,1
ChIJVUdlDwAZ6zkRiWFGVkTXdDs,college,Raushan,university,27.7009251,85.32289639999999,Durbar Marg,1
ChIJ642ZvqgZ6zkRU66IzrRuZ_U,college,Galaxy AuPair & Consultancy Pvt. Ltd,university,27.7009447,85.3229581,Durbar Marg,1
ChIJazamTwAZ6zkRXuBcADo7zuM,college,University of Nepal Development Board,university,27.712086000000003,85.3322317,Durbar Marg,1
ChIJxcEvaQoZ6zkR_0rueVZoyLE,college,Mid-Valley International College,educational_institution,27.7067584,85.33067319999999,Durbar Marg,1
ChIJNfqkJx4Z6zkRdFVQnhcIl8o,college,bless College,university,27.7247828,85.313728,Durbar Marg,1
ChIJycyWM4wZ6zkRv5lqI6qHjZ8,college,Himalayan WhiteHouse International College - WhiteHouse College of Management & Technology,university,27.7000448,85.32054620000001,Durbar Marg|New Road,2
ChIJIbe72-EY6zkRjVC7URSEsQw,college,DIT University,university,27.7246891,85.3132167,Durbar Marg,1
ChIJG1ERabCHkGgRHX1lgfGuy1A,college,Phoenixvajra,university,27.7158559,85.3037564,Durbar Marg,1
ChIJx9UeAwsZ6zkRsDgpEhixwbg,college,Kautilya College,university,27.708952,85.332268,Durbar Marg,1
ChIJPebhHOUY6zkRLp67_3iizLI,college,Ganesh Himal Technology Pvt. Ltd.,university,27.7203724,85.3057941,Durbar Marg,1
ChIJy2mmPCAZ6zkR_NlPsJ-81Z8,college,Navodit College,educational_institution,27.7251756,85.3125206,Durbar Marg,1
ChIJAaRp8wEZ6zkRovp1XQGfd3o,hospital,Grande City Hospital Pvt. Ltd.,hospital,27.7111011,85.31480619999999,Durbar Marg|New Road,2
ChIJ93c1JQAZ6zkRwNy7Xfo8zM4,hospital,Helping hospital,hospital,27.7088369,85.3186298,Durbar Marg|New Road,2
ChIJie8-kI8Z6zkRPMuE72wZN-4,hospital,Dr. Deepak Rauniyar | Best ED Specialist in Nepal | Erectile Dysfunction Treatment | Men’s Health | Prostate & Male Fertility,medical_center,27.708959,85.3153236,Durbar Marg|New Road,2
ChIJi6f4UQAZ6zkRwPnuY7vKsks,hospital,प्राकृतिक अस्पताल,hospital,27.7103145,85.3221634,Durbar Marg,1
ChIJIaDxMAAZ6zkRAj_6p-tF9_4,hospital,Basbari,hospital,27.7103145,85.3221634,Durbar Marg,1
ChIJtXs721sZ6zkRabC1PkUuy6A,hospital,Janabhawana Hospital,general_hospital,27.7175275,85.3159465,Durbar Marg,1
ChIJgV46JgAZ6zkRhIT70y90EuU,hospital,Urban Health Promotion Centre -27 (UHPC),medical_center,27.708955,85.31339849999999,Durbar Marg|New Road,2
ChIJJ8u_MAAZ6zkRN4K_xa6RkS4,hospital,tanlachi pharmecy,medical_center,27.7101923,85.31207859999999,Durbar Marg|New Road,2
ChIJrdGCTwAZ6zkRr3si3FWQakk,hospital,Thamel,hospital,27.7142389,85.311328,Durbar Marg|New Road,2
ChIJ_8japRwZ6zkR5H1Fv3IiMoc,hospital,Dantachikitsalaya dental clinic (Dr. Smita shrestha),hospital,27.7182318,85.3209029,Durbar Marg,1
ChIJLQMz_UMZ6zkR3C4AQx57cJU,hospital,Sahari awastha kendra,hospital,27.7182916,85.31497039999999,Durbar Marg,1
ChIJq6qqqhoZ6zkRhr68j4QfDRk,hospital,Roshan Tamang Homa,hospital,27.717229,85.3239428,Durbar Marg,1
ChIJteD62vIZ6zkRS3YM91ywgMA,hospital,Citizen name Anita aale,hospital,27.717229,85.3239428,Durbar Marg,1
ChIJq7KK5OwZ6zkR9Nez4lxF6wY,hospital,Mandali Pharmacy,medical_center,27.7172479,85.3239473,Durbar Marg,1
ChIJVZNLdaoZ6zkRXHtMbZvOrUA,hospital,Greek Clinic,medical_center,27.705251,85.3174839,Durbar Marg|New Road,2
ChIJK7LkUPUZ6zkRFzFDDh3-tGo,hospital,Samitivej Hospitals: Nepal Representative Office,health,27.716292,85.310752,Durbar Marg,1
ChIJz3teEs8Z6zkRpYFe88jtlHU,hospital,Bir Hospital Surgical Block,hospital,27.7061772,85.31382029999999,Durbar Marg|New Road,2
ChIJbYHf4qYZ6zkRc9fdX-4Jjj4,hospital,Hansraj Diagnostic Center,hospital,27.7063074,85.313012,Durbar Marg|New Road,2
ChIJK9vz-v4Y6zkRE5GAXtCfqaM,hospital,Dwarika Dental Clinic,hospital,27.7086349,85.310525,Durbar Marg|New Road,2
ChIJGeEj2uIY6zkR-S8DQ9uMREo,hospital,Thamel 24hr Pharmacy and Hospital,hospital,27.7176762,85.3113833,Durbar Marg,1
ChIJaVO1ZhwZ6zkRkhEtRp5q-FQ,hospital,CIWEC Hospital Pvt. Ltd.,general_hospital,27.7204,85.317739,Durbar Marg,1
ChIJFWlTSjgZ6zkRgvrP8hfAao0,hospital,Kathmandu Dry Eye Center,medical_center,27.7173748,85.324978,Durbar Marg,1
ChIJCyA3_P8Y6zkRvAaR6dNxxPw,hospital,Bir Hospital,hospital,27.7056125,85.3137698,Durbar Marg|New Road,2
ChIJcwJFwOIY6zkRIY4qaZL3DoY,hospital,Overseas Friendship International Hospital 华侨友好医院,hospital,27.7183104,85.3117149,Durbar Marg,1
ChIJkWnnAAAZ6zkRYPtDSwdilHw,hospital,Department of Nephrology and Transplant Medicine,hospital,27.7056873,85.3133588,Durbar Marg|New Road,2
ChIJsRAURAAZ6zkRWKv2sw4VNgg,hospital,"Dharma Chakra Gali, Bagbazar",medical_center,27.7046582,85.31943749999999,Durbar Marg|New Road,2
ChIJxX6nMgAZ6zkRf7hxR4kIDZE,hospital,Mahaboudha pharma,medical_center,27.7058251,85.3128243,Durbar Marg|New Road,2
ChIJ-aVY5okZ6zkR4t-nhP3HFxY,hospital,Hemo - Dialysis Bir Hospital,hospital,27.705639,85.31300100000001,Durbar Marg|New Road,2
ChIJNWcKRgAZ6zkR1csWS0wg6Gg,hospital,Pinash upachar kendra chettrapati /sinus cure,hospital,27.7112473,85.3087748,Durbar Marg|New Road,2
ChIJSX_a2VMZ6zkRcXflXAdWglA,hospital,Kathmandu ENT Hospital Pvt. Ltd.,hospital,27.7037368,85.3182659,Durbar Marg|New Road,2
ChIJS-zbQgAZ6zkR2u2sJRBenHs,hospital,Janchikitsalaya Health Care,hospital,27.7087421,85.30888720000002,Durbar Marg|New Road,2
ChIJS40PQskZ6zkRFuiXrX_5xn8,hospital,Bir Hospital Cardiology Centre,hospital,27.70481,85.31297839999999,Durbar Marg|New Road,2
ChIJg5dSIaoZ6zkRUj1-xywSfHk,hospital,Community Urban Health Clinic,medical_center,27.703536,85.31850600000001,Durbar Marg|New Road,2
ChIJQ0lsGZwZ6zkRfMwEr-BPwfY,hospital,Dr. Sudeep Khanal,medical_center,27.7215031,85.3200837,Durbar Marg,1
ChIJyUPNWPsY6zkRgmFlE4dczyc,hospital,Dharahar Pharmecy,medical_center,27.7155798,85.3082531,Durbar Marg,1
ChIJtchqUFUY6zkRDQgj6GHmD_M,hospital,Nims group pvt ltd || Bir hospital mahankal road branch,medical_center,27.7044375,85.3130625,Durbar Marg|New Road,2
ChIJWbMvQgkZ6zkRo5_B3XD7m_w,hospital,BYKS PHARMA,medical_center,27.7101287,85.32810239999999,Durbar Marg,1
ChIJ_brAYQAZ6zkR60UFvQ4IL20,hospital,Isha pharmacy,medical_center,27.7045395,85.3126413,Durbar Marg|New Road,2
ChIJQTnYvAUZ6zkRcyEBzrctcrc,hospital,Orthopaedic surgeon,hospital,27.7040065,85.31359959999999,Durbar Marg|New Road,2
ChIJI6JDbPoZ6zkR4nLmR5wKSvw,hospital,MARK International Kidney Centre,hospital,27.720457,85.3239603,Durbar Marg,1
ChIJH9chWwkZ6zkRYI-JyJol2Dk,hospital,Himal hospital,hospital,27.710568,85.3284891,Durbar Marg,1
ChIJJdSrhxAZ6zkRea7joz8Mj0Y,hospital,Kriti Medical Hall,medical_center,27.720386,85.32446,Durbar Marg,1
ChIJJSQVNlUY6zkRb-PnWWwMc0g,hospital,Sri Tribhubana-Chandra Military Hospital,hospital,27.703722,85.31327759999999,Durbar Marg|New Road,2
ChIJobx4BwAZ6zkR9u3ZHX8NjGY,hospital,APEX MULTISPECILITY HOSPITAL,hospital,27.7061595,85.3093789,Durbar Marg|New Road,2
ChIJOaF96FkZ6zkR7hU091zcRYU,hospital,Anamiwa Health and Wellness,medical_center,27.7225266,85.319741,Durbar Marg,1
ChIJm18T1QkZ6zkR2VVzzbyrx8I,hospital,Click Heat,medical_center,27.7056091,85.326315,Durbar Marg,1
ChIJazxBLqgZ6zkRdB0aCcJzibM,hospital,Dental,hospital,27.7075732,85.3079613,Durbar Marg|New Road,2
ChIJ26PYOwAZ6zkRvfCR31GB33Q,hospital,Subash,hospital,27.706791,85.327456,Durbar Marg,1
ChIJ-3LkXQAZ6zkRXVkB-fBXtnI,hospital,Aura pharmacy,medical_center,27.7026029,85.3203238,Durbar Marg|New Road,2
ChIJ7SngQzEZ6zkRVbHHY3UnlLI,hospital,Kathmandu Model Hospital,hospital,27.7025533,85.32008610000001,Durbar Marg|New Road,2
ChIJ-UmuhrcZ6zkREkagtoHagT4,hospital,Segun health foundation,hospital,27.7029035,85.32233579999999,Durbar Marg|New Road,2
ChIJVbdJSU0Z6zkR0oPSY9ARM3s,hospital,Shreetesh don,hospital,27.7029598,85.3225336,Durbar Marg|New Road,2
ChIJQXE3CgAZ6zkRwTnADlwh4b4,hospital,Patanjali Store Nepa,medical_center,27.7042544,85.31085499999999,Durbar Marg|New Road,2
ChIJobnJy_gY6zkRWqPKpJJ5oF4,hospital,Itumbah Free Clinic,medical_center,27.7065921,85.3081318,Durbar Marg|New Road,2
ChIJv4UFdgAZ6zkR25oXVSV9ayg,hospital,Urban Health Promotion Center Ward-17,medical_center,27.7135384,85.3056433,Durbar Marg|New Road,2
ChIJiX7oleMY6zkRqtsH1xkyT-A,hospital,Medicap Pharmacy & Clinic,pharmacy,27.720833,85.3096729,Durbar Marg,1
ChIJ4RO8uBYZ6zkRX26Xo2FbUF8,hospital,Travel and Mountain Medicine Center,hospital,27.7165433,85.3061733,Durbar Marg,1
ChIJJVkMbXAZ6zkRwXnF6wvbH9c,hospital,नेपाल कार्डियो डाईबेटिज एण्ड थाईराईड सेन्टर,hospital,27.7235524,85.3210308,Durbar Marg,1
ChIJ6-9Gs6IZ6zkRMV8cU70EVeU,hospital,Suman rc,hospital,27.7233089,85.3138231,Durbar Marg,1
ChIJkxIJmIMZ6zkRi6MjojEO1Fg,hospital,Medical Station,medical_center,27.7232343,85.31357080000001,Durbar Marg,1
ChIJOzIgAvkY6zkRZLDI5pgQkj0,hospital,Nardevi Ayurvedic Pharma,pharmacy,27.7078807,85.30629160000001,Durbar Marg|New Road,2
ChIJXz252FQY6zkRhvvtHaec6dw,hospital,Shiv Tantric consultation and treatment service,medical_center,27.7021616,85.3126769,Durbar Marg|New Road,2
ChIJqxDW2-MY6zkRoqWkaamgmk8,hospital,Modern Pharmacy,medical_center,27.7218257,85.310187,Durbar Marg,1
ChIJHT_qegAZ6zkRP02iCpyCaP4,hospital,Gairidhara Naxal,hospital,27.7197479,85.3281727,Durbar Marg,1
ChIJsyC6LwAZ6zkRl7m9SSlgMgw,hospital,Nayanti Medical Hall,medical_center,27.7154646,85.3052941,Durbar Marg,1
ChIJTdL7lPgY6zkRFEUS3dfMJi0,hospital,जेजिअो निःशुल्क स्वास्थ्य क्लिनिक,medical_center,27.706274,85.306968,Durbar Marg|New Road,2
ChIJgwbJawAZ6zkRjcfma9OIslE,hospital,INTERNATIONAL QUALITY HEALTH CARE CENTRE PVT. LTD,medical_center,27.7052298,85.3282888,Durbar Marg,1
ChIJOWbPZgAZ6zkRU3WYTnHlvx8,hospital,Saimon ENT Hospital & Clinic Pvt Ltd,hospital,27.7221611,85.3102155,Durbar Marg,1
ChIJE0v7qvkY6zkRnP8IRtH573Q,hospital,DOTS Clinic,hospital,27.7079385,85.3057259,Durbar Marg|New Road,2
ChIJ1_n0CAAZ6zkRHkRqZTA_kKY,hospital,Pharmacy,medical_center,27.723576,85.3126406,Durbar Marg,1
ChIJcfLiKcoZ6zkRP4W0627T_pc,hospital,Suryodaya Ayurved,medical_center,27.7241024,85.31379129999999,Durbar Marg,1
ChIJVRBULAAZ6zkRYfBexldZeIY,hospital,Goodwill Health Care Center,medical_center,27.7132722,85.30390489999999,Durbar Marg|New Road,2
ChIJOU3ZIB4Z6zkRX3nmVmcoshc,hospital,Sanasaina Medical Hall,medical_center,27.724535,85.313767,Durbar Marg,1
ChIJo3UrXQAZ6zkRboDy-BUBZMk,hospital,Medical,medical_center,27.7242325,85.3125809,Durbar Marg,1
ChIJ490oFAAZ6zkR2Y2nbqep-aw,hospital,Dharmapath,medical_center,27.7026713,85.3090192,Durbar Marg|New Road,2
ChIJZUjLOesZ6zkR_0k9qeVVs7U,hospital,Shubha-ikshya polyclinic,medical_center,27.714944300000003,85.3037982,Durbar Marg|New Road,2
ChIJnfpQmPoY6zkRNb2hVJTs1V4,hospital,Good-Will and Health Care Pvt Polyclinic. LTD.,medical_center,27.714956,85.303794,Durbar Marg|New Road,2
ChIJWfOLSwAZ6zkRpUE8yPfO558,hospital,Kedar Hospital,general_hospital,27.7088753,85.3319106,Durbar Marg,1
ChIJI7V1IQAZ6zkRBiUb-rqsqd8,hospital,कंकेश्वरी मेडीकल हल,medical_center,27.7050593,85.3061128,Durbar Marg|New Road,2
ChIJme28WQAZ6zkRPkJET8zADJM,hospital,त्रिविक्रम फर्मा,medical_center,27.7018859,85.3087319,Durbar Marg|New Road,2
ChIJ5wajlAMZ6zkRfnXUYZIlWYc,mall,Adidas Durbarmarg by Brandhouse,sportswear_store,27.712721,85.317978,Durbar Marg,1
ChIJby54XQEZ6zkR-SFpCI_0MUI,mall,Reebok By Brandhouse,sportswear_store,27.7127509,85.31795919999999,Durbar Marg,1
ChIJK5ZWkgMZ6zkRrtmLC81UmGg,mall,LEVI'S BY BRANDHOUSE,shopping_mall,27.7128012,85.31802599999999,Durbar Marg,1
ChIJR7ZnlQMZ6zkRhiyuxIKrQD0,mall,Mercantile Plaza,shopping_mall,27.712741,85.317534,Durbar Marg,1
ChIJxWZQfSoZ6zkRFmyPDfOWJSM,mall,ALDO SHOES,shopping_mall,27.7129369,85.3176165,Durbar Marg,1
ChIJW0h7_6kZ6zkRfpFduNXzZWM,mall,One Durbar Mall,shopping_mall,27.7130625,85.31768749999999,Durbar Marg,1
ChIJE1Vc0ygZ6zkRFYYu4e1iG2U,mall,Durbar Mall,shopping_mall,27.7122932,85.31746079999999,Durbar Marg,1
ChIJu2IAsXQZ6zkRlUM6Pr_Xnzg,mall,YOYOSO Durbar Marg,store,27.7123359,85.31740099999999,Durbar Marg,1
ChIJi1AH3QMZ6zkRnuLfJ9ltAaI,mall,CAPITOL MALL,shopping_mall,27.7117912,85.3173704,Durbar Marg|New Road,2
ChIJoYm03QMZ6zkRzB1nBwJm-Gw,mall,Shakya Arcade,shopping_mall,27.7116083,85.317341,Durbar Marg|New Road,2
ChIJ5Z5lqJ8Z6zkRydWZ8e-dGkU,mall,Nectar Fashion,shopping_mall,27.7114712,85.31734349999999,Durbar Marg|New Road,2
ChIJNyRoWgEZ6zkRLhr3GcXRpqA,mall,ROOTS FASHION,shopping_mall,27.7106438,85.318044,Durbar Marg|New Road,2
ChIJZRisZgEZ6zkRQ9FSvOAbmkM,mall,Annapurna Arcade,shopping_mall,27.710715,85.31730089999999,Durbar Marg|New Road,2
ChIJs1hsn7wZ6zkRr8anSJ2IAHU,mall,Under Armour Store,shopping_mall,27.7104886,85.3178585,Durbar Marg|New Road,2
ChIJlbUp95cZ6zkRK-4kT8Rk3wM,mall,Times Square Mall,shopping_mall,27.7102906,85.3176498,Durbar Marg|New Road,2
ChIJESzYOx4Z6zkRS1SS_hIbNTI,mall,宇扬国际物流公司 Yuyang International Logistics Company,shopping_mall,27.7102112,85.3182303,Durbar Marg|New Road,2
ChIJyRvcsAYZ6zkRx1rqdrkXTv4,mall,Royal Gems Jewellery (Handicraft),shopping_mall,27.710212,85.31929799999999,Durbar Marg|New Road,2
ChIJx-OV7wgZ6zkRweBzlJqktMo,mall,Barahi Plaza,shopping_mall,27.7134983,85.3150962,Durbar Marg|New Road,2
ChIJ0Ug8tgYZ6zkRXTmIIASH0rs,mall,Bluebird Mart raising mall,shopping_mall,27.7098079,85.31902629999999,Durbar Marg|New Road,2
ChIJeWTnyQYZ6zkR6yB69lgtSPI,mall,Rising Mall,shopping_mall,27.7097442,85.31907020000001,Durbar Marg|New Road,2
ChIJBa_PDQEZ6zkR5RJHpZYWLug,mall,Mayalu Center,shopping_mall,27.7094602,85.3166949,Durbar Marg|New Road,2
ChIJ_9It7AEZ6zkRo0Rgizg62cU,mall,Siddhartha Bhawan,shopping_mall,27.7101247,85.3146596,Durbar Marg|New Road,2
ChIJrS_B5L8Z6zkRNcvlLKZxo0w,mall,Sunglass Store,shopping_mall,27.7089591,85.31532229999999,Durbar Marg|New Road,2
ChIJ3cqQvf0Y6zkRM7vt9N_3CE4,mall,S.Zulfikar,shopping_mall,27.7117338,85.31316749999999,Durbar Marg|New Road,2
ChIJyckgf_0Y6zkRACVGWE0pAfw,mall,Nepal Plaza Thamel,shopping_mall,27.7141695,85.31337719999999,Durbar Marg|New Road,2
ChIJAyNBKtoZ6zkR1hZzlfjTJb8,mall,Fashion Needs,shopping_mall,27.7103145,85.3221634,Durbar Marg,1
ChIJSxLRqEoZ6zkRf1QzxkYm2WY,mall,Nayara Ethnic,shopping_mall,27.7103145,85.3221634,Durbar Marg,1
ChIJBzobn_0Y6zkRoTThEaAqvlk,mall,Discover Himalayan Treks [Pvt]Ltd,travel_agency,27.7134188,85.313125,Durbar Marg|New Road,2
ChIJn865sFMZ6zkRxntsq-LeCaA,mall,Shubhechhya Home,shopping_mall,27.7103145,85.3221634,Durbar Marg,1
ChIJ63HqqeEZ6zkRUYxamObBukE,mall,Testing business 1236,shopping_mall,27.7103145,85.3221634,Durbar Marg,1
ChIJPxMai9gb6zkRvRTQhNrJNPs,mall,Nagarik mart,market,27.7103145,85.3221634,Durbar Marg,1
ChIJHZ4DgkcZ6zkRwF6b4BFHmQQ,mall,M S Dhunga Roda suppliers,shopping_mall,27.7103145,85.3221634,Durbar Marg,1
ChIJNQMduwEZ6zkRS57ayYUl8O4,mall,Bishwojyoti Mall,shopping_mall,27.7088922,85.3153111,Durbar Marg|New Road,2
ChIJRaoWq1MZ6zkRI-RIZMSJ76s,mall,Nepal Cap and Bag House,shopping_mall,27.7101713,85.3136038,Durbar Marg|New Road,2
ChIJlTje9w4Z6zkRlhBgbMzoPQE,mall,Shree Rambadevi Organic Store,shopping_mall,27.7101789,85.31348489999999,Durbar Marg|New Road,2
ChIJ2f6-mP0Y6zkREKJi9PFlsAA,mall,Market Mall,shopping_mall,27.7134709,85.31250039999999,Durbar Marg|New Road,2
ChIJnddgLwAZ6zkRdyYa8St5Guc,mall,M&M Square,shopping_mall,27.7132422,85.3235625,Durbar Marg,1
ChIJjar6wv0Y6zkRdD_pnNNdgOM,mall,Stone House Jewellery Shop,jewelry_store,27.7117815,85.3123418,Durbar Marg|New Road,2
ChIJAQCQ5_0Y6zkRKm_gA9Pbbzk,mall,Jyatha Complex,shopping_mall,27.7115973,85.31236969999999,Durbar Marg|New Road,2
ChIJ824q9ZEZ6zkR5z2mrgoTQis,mall,IT Plaza,shopping_mall,27.7092808,85.3223048,Durbar Marg,1
ChIJ4_sOtisZ6zkRHLlpfanLBW0,mall,MT.everest Electric Scooter,shopping_mall,27.7088015,85.3218655,Durbar Marg,1
ChIJ6b3pGQYZ6zkRqZ_WYFf8FBQ,mall,Sky Teleshop (TV Teleshopping Nepal),shopping_mall,27.7101466,85.3232373,Durbar Marg,1
ChIJI4yYw_0Y6zkRrRXRT1GqNnM,mall,Nepal Trekkers Equipment Service,shopping_mall,27.7119134,85.31205589999999,Durbar Marg|New Road,2
ChIJe-8tbkEZ6zkRL1edPHyYaAc,mall,Shades of paradise,shopping_mall,27.7153402,85.31283409999999,Durbar Marg,1
ChIJFzIyfP4Y6zkRMfRqruGm9ZM,mall,Mountain Guide Trekking Shop,shopping_mall,27.7104895,85.3124768,Durbar Marg|New Road,2
ChIJkx4uc_4Y6zkR8k5pbTZKSbg,mall,G. N. TENT CENTER,shopping_mall,27.7105655,85.3124043,Durbar Marg|New Road,2
ChIJYzhtCQAZ6zkRHLaXEC4UcLg,mall,Yungkuli Store known as Thamel Wholesale,shopping_mall,27.7153568,85.31275529999999,Durbar Marg,1
ChIJyaNQXP0Y6zkROYlMOJ-NPZc,mall,Chhaya Center,shopping_mall,27.7153568,85.31275529999999,Durbar Marg,1
ChIJ7xAwg3cZ6zkRJm4Ey_PLGyA,mall,Himalayan khukuri house,shopping_mall,27.7142627,85.3120706,Durbar Marg,1
ChIJLQJ-PdwZ6zkRNNyzj61dILU,mall,HIMALAYA MARKET GOMA LAXMI,shopping_mall,27.7153843,85.3123573,Durbar Marg,1
ChIJa-PDuF0Z6zkRlA1vuwVb9Ys,mall,DUDUMART,shopping_mall,27.7153902,85.3123293,Durbar Marg,1
ChIJb2eMTT4Z6zkRtWNrY8jDPIA,mall,Happy hemp house,shopping_mall,27.7164538,85.3131758,Durbar Marg,1
ChIJU4eTUBEZ6zkR5-ta1m0uUB4,mall,ECCO NEPAL,shopping_mall,27.7165057,85.31320889999999,Durbar Marg,1
ChIJH3RGQl4Z6zkRSjMMFtA-k6E,mall,Handicraft Village,shopping_mall,27.7124062,85.3114559,Durbar Marg|New Road,2
ChIJW4JjXP4Y6zkRYWKefs5sDsE,mall,New Style Fashion Wear,clothing_store,27.7081704,85.3138006,Durbar Marg|New Road,2
ChIJjxz-6pcZ6zkRF_fazbf1NQw,mall,People's Mart Nepal,shopping_mall,27.7124044,85.311345,Durbar Marg|New Road,2
ChIJHRCX7UoZ6zkRysmh6pcUhoE,mall,Womens skills development organisation handicrafts,shopping_mall,27.7134971,85.3112783,Durbar Marg|New Road,2
ChIJcUpwqv0Y6zkR3Vr5BmDNXjU,mall,New Era Enterprises,shopping_mall,27.7141717,85.311425,Durbar Marg,1
ChIJ1zUMqv0Y6zkRLwbNI_xgF0E,mall,Everest Thanka Shop,shopping_mall,27.7139899,85.3113077,Durbar Marg,1
ChIJfeRVAf0Y6zkRiZNJfHZF5O0,mall,NEPAL HANDLOOM PASHMINA TRADES,shopping_mall,27.7142488,85.3113422,Durbar Marg,1
ChIJxQr0AP0Y6zkRG1-66Hc5Ws4,mall,Fair circle (Woven/women's skills development organisation),shopping_mall,27.713734,85.311202,Durbar Marg,1
ChIJ6fkwEgUZ6zkREJUbGgwWBDw,mall,Saba Handicraft,shopping_mall,27.7131326,85.3110485,Durbar Marg|New Road,2
ChIJbYuerf0Y6zkRQXExvAIYBfI,mall,Thamel Craft and Trade,shopping_mall,27.7133967,85.31101609999999,Durbar Marg,1
ChIJ0ftQjAAZ6zkRKuDE_YJeln8,mall,Laxmi Polyester Plate Makers,shopping_mall,27.7064597,85.31678959999999,Durbar Marg|New Road,2
ChIJfd_D3b4Z6zkRffhS8na5w7k,mall,DNSC,shopping_mall,27.707593,85.3137442,Durbar Marg|New Road,2
ChIJNcRYXQAZ6zkR7TJqJ3R1BkY,mall,collection zone emporium,shopping_mall,27.7080498,85.3130781,Durbar Marg|New Road,2
ChIJF3lPvnsZ6zkRatWaEGxAFwg,mall,SARAAWATI PUJA PASAL,shopping_mall,27.7101929,85.32456669999999,Durbar Marg,1
ChIJLx60lAcZ6zkRFBUt1r3HEoY,mall,Socheko,shopping_mall,27.7097372,85.3243322,Durbar Marg,1
ChIJczBkIv0Y6zkRtu7n7rBkCKU,mall,krembo EVEREST OUTDOOR TREKKING STORE,shopping_mall,27.7154233,85.3115149,Durbar Marg,1
ChIJ6yCT51EZ6zkRVO_iEsThFrg,mall,Kalapatthar Stone Carving,shopping_mall,27.7155962,85.3115456,Durbar Marg,1
ChIJBUgTIv0Y6zkRBUkXgUuiLUI,mall,Umico Garment Industries Pvt. Ltd.,clothing_store,27.7154257,85.3114071,Durbar Marg,1
ChIJ-djKL_0Y6zkRq697bfKdF18,mall,"Road House Audio, Video Shop",shopping_mall,27.7155652,85.31136,Durbar Marg,1
ChIJOxrXOwAZ6zkRshynW4Wgs90,mall,Mountain Gear,shopping_mall,27.7164266,85.311885,Durbar Marg,1
ChIJt7hYWf4Y6zkRxq8X2ALZpsc,mall,Dono mano online store,shopping_mall,27.709353,85.3114294,Durbar Marg,1
ChIJyRYZOPwY6zkR2NP6PaHIWK8,mall,THE MOUNTAIN SPORTS,store,27.7126087,85.31043,Durbar Marg|New Road,2
ChIJ49CTSE8Z6zkR-qPsrfGGTCk,mall,VIVI Kathmandu,bar,27.7151459,85.31097849999999,Durbar Marg,1
ChIJr8s2JwAZ6zkRWtbTUGTGSns,mall,Bhotahity Bags & Suitcases,shopping_mall,27.7070497,85.3137406,Durbar Marg|New Road,2
ChIJ1STK66UZ6zkRZk7K1maw4Mg,mall,Banton wears nepal,shopping_mall,27.7090126,85.3115736,Durbar Marg,1
ChIJZ_W24fwY6zkRi4qKsLVr_Y8,mall,Himalayan Lifestyle Shop,shopping_mall,27.7151482,85.3109534,Durbar Marg,1
ChIJgUEuOPwY6zkRwBAt-oQ-jUs,mall,Megha International,shopping_mall,27.7121811,85.31038,Durbar Marg|New Road,2
ChIJlzqP-PwY6zkRoU9SSVjxZCE,mall,People servicing hand handicraft,shopping_mall,27.7140227,85.31052299999999,Durbar Marg,1
ChIJ95WUb08Z6zkRAEN3GDnKWOQ,mall,Winsome Handicraft,shopping_mall,27.712951500000003,85.31036189999999,Durbar Marg|New Road,2
ChIJjWt8ZYUZ6zkRG1YseOpqBxw,mall,Sajha Bazar Bhawan,shopping_mall,27.7072368,85.3133191,Durbar Marg|New Road,2
ChIJB5GNBIoZ6zkRt4-0uqdx7Aw,mall,Change Fashion,shopping_mall,27.7098063,85.310934,Durbar Marg,1
ChIJTdT0if4Y6zkRFIy7fre0nL0,mall,Mandala Fashion Collection,shopping_mall,27.7098062,85.3109338,Durbar Marg,1
ChIJ3YVFjpUZ6zkRt6tOSSkgtXM,mall,1001 Night Gems,shopping_mall,27.7137869,85.3103666,Durbar Marg|New Road,2
ChIJWdvpxwAb6zkRuyCqOIfhVhs,mall,Classy Wear Store,shopping_mall,27.7088593,85.311492,Durbar Marg,1
ChIJJa-hKP0Y6zkRpd3iywfQiQw,mall,ACE express Travel services ltd.,shopping_mall,27.7160984,85.31125250000001,Durbar Marg,1
ChIJKRUu0_0Y6zkRD3zFWgmUZHA,mall,Oxford Craft Collection & Exporter Wholesaler,shopping_mall,27.7135358,85.31024599999999,Durbar Marg|New Road,2
ChIJ6w4zD-4Z6zkRVeO6rj2bfeo,mall,Variety Stationery,shopping_mall,27.706843000000003,85.313648,Durbar Marg|New Road,2
ChIJ_23lNtoZ6zkRX7ccSvtCVlQ,mall,Ganesh Man Singh Complex,shopping_mall,27.7134042,85.3102009,Durbar Marg|New Road,2
ChIJP39QYgAZ6zkRt8Qp1syjCb4,mall,JP COMPLEX,shopping_mall,27.7126823,85.31011389999999,Durbar Marg|New Road,2
ChIJ-e0H8fwY6zkRgBFdMygXhWo,mall,Summit Trading Store,clothing_store,27.713622,85.3101609,Durbar Marg|New Road,2
ChIJm7QnXeIZ6zkRov1C6xfU6qc,mall,Buddhist Collection,shopping_mall,27.7101962,85.3105343,Durbar Marg|New Road,2
ChIJcfWpltEZ6zkRxE2VTsjgw2Q,mall,All in one shopping,shopping_mall,27.717229,85.3239428,Durbar Marg,1
ChIJq6qqqhoZ6zkR0G4LPLqtVZ4,mall,Jagdamba Foods,shopping_mall,27.717229,85.3239428,Durbar Marg,1
ChIJk1mnMv8Z6zkRo4byli_RUQ8,mall,ONE-CLICK SHOPPING,shopping_mall,27.7172479,85.3239473,Durbar Marg,1
ChIJAYjt4rgZ6zkRmw70Dr5L_8g,mall,GRS Online Shop,shopping_mall,27.7172479,85.3239473,Durbar Marg,1
ChIJHSn5Nb8Z6zkRrzp_Iyv1nI0,mall,Marketingprism,shopping_mall,27.7172479,85.3239473,Durbar Marg,1
ChIJ0QBR5vwY6zkRaReEZnx89PI,mall,Natural Fiber Showroom,shopping_mall,27.7150774,85.3105078,Durbar Marg,1
ChIJjaQt8fwY6zkRolF_6Ui68Fk,mall,Bigyan Traders,shopping_mall,27.7141506,85.3101921,Durbar Marg|New Road,2
ChIJ70BBf-wZ6zkRKBtDaKS2XkI,mall,"The Corner, Thamel",shopping_mall,27.7149577,85.3103932,Durbar Marg,1
ChIJTXk_RYAZ6zkROsSQgyXrzFY,mall,K.G.N Trekking Gears,shopping_mall,27.7120672,85.3098337,Durbar Marg|New Road,2
ChIJx-uYwvwY6zkRlKZCiGvBldo,mall,Sher Bhawan,shopping_mall,27.715224700000004,85.310312,Durbar Marg,1
ChIJTYRqqQAZ6zkRe7FqBW4Vn20,mall,"Fashion Fit Collection City Square,",shopping_mall,27.7053163,85.31880420000002,Durbar Marg|New Road,2
ChIJpa-2cx0Z6zkRLWx-uqlxbBg,mall,JN Pashmina,discount_store,27.719363,85.31473299999999,Durbar Marg,1
ChIJb77Y5f8Y6zkRJ31oh16hKqU,mall,Nirajan Underwear Store,clothing_store,27.706681,85.31309,Durbar Marg|New Road,2
ChIJkQOe6QcZ6zkR04j1V-F95Mw,mall,Star Mall,shopping_mall,27.7068554,85.32316390000001,Durbar Marg,1
ChIJ_55E_qkZ6zkR3vnvN1igcvI,mall,Intime Store,shopping_mall,27.7052418,85.31905809999999,Durbar Marg|New Road,2
ChIJ3djtLEQZ6zkR5_lVcEQFDkE,mall,Mobile Bazar,shopping_mall,27.7065732,85.3230078,Durbar Marg,1
ChIJiaRtBvwY6zkRpRcBKRsw2yM,mall,Siddhartha Collection,shopping_mall,27.7118197,85.3095116,Durbar Marg|New Road,2
ChIJjQvkIagZ6zkRE_QEcg80H0A,mall,TAMRAKAR HOUSE,shopping_mall,27.7090793,85.3104537,Durbar Marg|New Road,2
ChIJ-6jDxvwY6zkR7oz4MJHA5aY,mall,Kathmandu Thamel Nepal,shopping_mall,27.7157195,85.3100158,Durbar Marg,1
ChIJaxXqxvwY6zkRmzyte2wo7jo,mall,Natural tea and coffee house,shopping_mall,27.715723500000003,85.309966,Durbar Marg,1
ChIJFUtcuPwY6zkREvF_LVXzuyg,mall,Nupur Art Gallery Center Pvt. Ltd.,shopping_mall,27.7157303,85.30995050000001,Durbar Marg,1
ChIJO6viP8IZ6zkR6cAnCK_kwxc,mall,Sajilokart,shopping_mall,27.7052539,85.3208109,Durbar Marg|New Road,2
ChIJO7amS5EZ6zkRFsWHeAFg3ps,mall,koseli online store,shopping_mall,27.7053236,85.3210606,Durbar Marg|New Road,2
ChIJg7ppbX8Z6zkR69ZdhBVfhX4,mall,Shahid store,shopping_mall,27.7069471,85.3118442,Durbar Marg|New Road,2
ChIJ94jRZY4Z6zkRuRH9aJGQSmg,mall,Gurkha Pooja Pasal,shopping_mall,27.7073598,85.3112915,Durbar Marg|New Road,2
ChIJVVUVufwY6zkRsF8Ddj2HZVU,mall,Outdoor Clothing and Trekking Gear Shop Nepal,home_goods_store,27.7161334,85.3098555,Durbar Marg,1
ChIJB_Qb-KcZ6zkRTWULEKOGMAk,mall,NEPTRENDS ONLINE STORE,shopping_mall,27.7190133,85.32358699999999,Durbar Marg,1
ChIJBR42P7QZ6zkRFFVRVAioJL4,mall,Chhetrapati Mall,shopping_mall,27.7128873,85.3088113,Durbar Marg|New Road,2
ChIJOdvnZYYZ6zkRRgX2cBmf2nk,mall,Wastosi Trading Concern,shopping_mall,27.7169409,85.3102006,Durbar Marg,1
ChIJy-Q-HgkZ6zkR4Q2vvlTIS1Q,mall,Grabonnepal,shopping_mall,27.7096176,85.3265574,Durbar Marg,1
ChIJo44_S2wZ6zkR7snmtDvLHe0,mall,Bg white house,shopping_mall,27.7044557,85.31895709999999,Durbar Marg|New Road,2
ChIJ1VPO2PQZ6zkRphpkhDCle2Y,mall,Unique Sunglasses,shopping_mall,27.719712,85.32275399999999,Durbar Marg,1
ChIJ-zfFdPwY6zkRE7NB0hOX8Xg,mall,S.K. Handicraft,shopping_mall,27.7125317,85.30861329999999,Durbar Marg|New Road,2
ChIJ6UnVXSYZ6zkRiEnCYDPmb80,mall,KTM TATTOO SUPPLY,shopping_mall,27.7154748,85.3091604,Durbar Marg,1
ChIJDefRDAAZ6zkR_9t_zZayUsg,mall,Chauhan kirana pasal,shopping_mall,27.7201627,85.314009,Durbar Marg,1
ChIJmRyMHagZ6zkR7mn_aS7JDiw,mall,Gyan Shree Mobile,shopping_mall,27.7055291,85.3230808,Durbar Marg,1
ChIJwYY_-yUZ6zkR4wiPsM6q0EM,mall,Kathmandu bazar,shopping_mall,27.7081929,85.3098828,Durbar Marg|New Road,2
ChIJKQilRKoZ6zkRq8UZG2MkcPI,mall,(nepali_kicks),shopping_mall,27.7041538,85.31793929999999,Durbar Marg|New Road,2
ChIJ89cjP4UZ6zkRBobPIvUzbNc,mall,rb magar,shopping_mall,27.7042474,85.31637789999999,Durbar Marg|New Road,2
ChIJj-WazrsZ6zkRz46d3oKfGoY,mall,Popular Online Shopping PVT. LTD.,shopping_mall,27.7082093,85.30965959999999,Durbar Marg|New Road,2
ChIJy_cMo6EZ6zkRm0BrJwjXqqU,mall,Marcus 169 Shop,shopping_mall,27.7056537,85.323925,Durbar Marg,1
ChIJ67duKwAZ6zkRqAq6D2MP9sY,mall,Prestige Time Nepal,shopping_mall,27.707579400000004,85.3099017,Durbar Marg|New Road,2
ChIJbUz9EbUZ6zkRuczokxlls7E,mall,Store,shopping_mall,27.7067398,85.3105463,Durbar Marg|New Road,2
ChIJj5wUQQAZ6zkRKKNBuHQklD0,mall,Kumari Mart,shopping_mall,27.7048995,85.3228571,Durbar Marg,1
ChIJEdJRYA4Z6zkRQx7W20YFt2w,mall,Radha Krishna Complex,shopping_mall,27.7094687,85.3274177,Durbar Marg,1
ChIJG0fyhOsZ6zkRPDyjJp6aPW8,mall,Get in Nepal,shopping_mall,27.7051593,85.3123772,Durbar Marg|New Road,2
ChIJt_UCZgAZ6zkRYGtor2IpwaE,mall,Taleju arcade,shopping_mall,27.7050332,85.3124603,Durbar Marg,1
ChIJlQ6fOpoZ6zkRCMNm0NkyxPI,mall,Vyva,shopping_mall,27.7214885,85.32003519999999,Durbar Marg,1
ChIJYXmTCwkZ6zkRANzknWkNUsA,mall,Aakriti Plaza,shopping_mall,27.7088504,85.3275238,Durbar Marg,1
ChIJJYRVV8UZ6zkRi4i9EmD1cUA,mall,Sab thok bazar,shopping_mall,27.7118814,85.3075298,Durbar Marg|New Road,2
ChIJz2UjwQAZ6zkRNTg0N1DnV4M,mall,SRK FANCY SUPPLIER,shopping_mall,27.7046598,85.31254489999999,Durbar Marg,1
ChIJc9_4UFQZ6zkRGxmkx6DwAVg,mall,Thik size pant,shopping_mall,27.7050498,85.3117482,Durbar Marg,1
ChIJsUM4P5YZ6zkRbDokMO1t20Q,mall,Yoho Nepal Hospitality Pvt. Ltd,shopping_mall,27.7217563,85.3204993,Durbar Marg,1
ChIJka5yQKgZ6zkRkNgFy7TxlcI,mall,New Republic Kitchen & Solar Home,shopping_mall,27.7039968,85.32246359999999,Durbar Marg,1
ChIJp3XlZ1UY6zkRBG-E7Ic3LGo,mall,Chayaswoeistore,shopping_mall,27.7044576,85.31227919999999,Durbar Marg|New Road,2
ChIJMYsdT8gZ6zkRGhQ1VLz8ZXA,mall,Glamorous fashion2066,shopping_mall,27.7114339,85.3287493,Durbar Marg,1
ChIJLf1Fb-MY6zkRGb0hLHGQr2c,mall,VS COMPLEX,shopping_mall,27.7185758,85.3093069,Durbar Marg,1
ChIJE4A-fVwZ6zkR4-7xEMGRXb0,mall,Poddar fancy store,shopping_mall,27.7043152,85.31217199999999,Durbar Marg|New Road,2
ChIJ6UWuhN8Z6zkRAIw3ndrobO0,mall,Rasmila dairy shop,shopping_mall,27.7174006,85.3276606,Durbar Marg,1
ChIJaS-FptkZ6zkRkuZSqfcDT8E,mall,P.P.S Fancy And Cosmetic Pvt. Ltd.,shopping_mall,27.7203654,85.3248594,Durbar Marg,1
ChIJNXXRcIQZ6zkRjXDcs0mwrZg,mall,Like Nepal - Camp's Nepal - Amazing Products - Like Store - Home Gadgets Camping Travel Gift Powered by Like.com.np,,27.7217003,85.31305569999999,Durbar Marg,1
ChIJ25gq3wgZ6zkRoOABt1iKfp4,mall,Puja Impex,shopping_mall,27.7032231,85.3226303,Durbar Marg,1
ChIJxe4UFdoZ6zkR1pQCmrKHUy4,mall,Tripurasundari gold shop,shopping_mall,27.7083818,85.3073974,Durbar Marg|New Road,2
ChIJPy0i1xsZ6zkRCeB7q_BoA38,mall,BLUE MOON SHOPPING CENTER,shopping_mall,27.7226689,85.3208564,Durbar Marg,1
ChIJBSFrWb0Z6zkRXycqzp7hSBY,mall,Nail Art Gallery,shopping_mall,27.7056596,85.30924809999999,Durbar Marg|New Road,2
ChIJJwOyclUY6zkRjliNJvXi_Q8,mall,बिरा कम्प्लेक्स,wholesaler,27.7037999,85.31173489999999,Durbar Marg|New Road,2
ChIJ____W6gZ6zkRqGIfxRmuENA,mall,Silky Ribbons Enterprises,shopping_mall,27.7029035,85.32233579999999,Durbar Marg|New Road,2
ChIJFc9N068Z6zkRGBQpOS3IISE,mall,Singh Arcade,shopping_mall,27.7061816,85.3085076,Durbar Marg|New Road,2
ChIJv9gGCDkZ6zkRRpx5mpqRSkw,mall,SabKura Marketplace,shopping_mall,27.7032631,85.3120059,Durbar Marg|New Road,2
ChIJQ0zg-5YZ6zkR5AtUGQllz-Q,mall,Jeevan Rekha Shopping Centre,shopping_mall,27.7191726,85.30836599999999,Durbar Marg,1
ChIJcxe1SQAZ6zkRQpKV8_g909M,mall,Amrit Imports,shopping_mall,27.7119023,85.3057872,Durbar Marg|New Road,2
ChIJfekOe6cZ6zkRldU78dAyBCg,mall,Timeless Trend Pvt. Ltd.,shopping_mall,27.7052909,85.32702379999999,Durbar Marg,1
ChIJzY54d-MZ6zkRd1rsKE3_tcs,mall,Kaji Bhawan,shopping_mall,27.706512,85.3077687,Durbar Marg|New Road,2
ChIJScrEDVUY6zkRfr4OW9DKMC4,mall,Tuladhar Plaza,shopping_mall,27.7032961,85.3115686,Durbar Marg|New Road,2
ChIJScrEDVUY6zkRALvKatu3z20,mall,Liquor Nepal,shopping_mall,27.7032961,85.3115686,Durbar Marg|New Road,2
ChIJwY90bc4Z6zkR-5BGcDTAUBY,mall,Gworkhu imadol,shopping_mall,27.7032961,85.3115686,Durbar Marg|New Road,2
ChIJbQpsdZAZ6zkRNMnElCwhWKU,mall,seasonals,shopping_mall,27.7032974,85.3115596,Durbar Marg|New Road,2
ChIJfyMmphIZ6zkRK0uZp_KN68s,mall,Salam Nepal,shopping_mall,27.7032974,85.3115596,Durbar Marg|New Road,2
ChIJ9Y5U55gZ6zkRTIdmaWePNI8,mall,Fit imports,shopping_mall,27.7032973,85.3115596,Durbar Marg|New Road,2
ChIJW0WkYtsZ6zkR2jsJvXLvV1c,mall,GB Store,shopping_mall,27.7122326,85.3056569,Durbar Marg|New Road,2
ChIJqRoSMEUZ6zkRMmHmoJA2dwI,mall,Light&Shine Online Sopping Store,shopping_mall,27.7025908,85.31300159999999,Durbar Marg|New Road,2
ChIJ3xyONuEZ6zkR-mhIS4z01Nk,mall,Shree Shyam Arcade,shopping_mall,27.7052066,85.3088219,Durbar Marg|New Road,2
ChIJv23JV_8Y6zkRFtGqLFcgnp8,mall,pooja enterprises,shopping_mall,27.7050716,85.3088806,Durbar Marg|New Road,2
ChIJDeJh6dgZ6zkR219Ia_kkb-U,mall,Modern Computer Pvt.Ltd.,shopping_mall,27.702986100000004,85.3118598,Durbar Marg|New Road,2
ChIJ68v9JlUY6zkR8GWozlZa270,mall,Vape Deals Nepal,store,27.7025428,85.3128266,Durbar Marg|New Road,2
ChIJNYRCx_gY6zkRp3bviR9ycXo,mall,The BaGaB Collection,shopping_mall,27.7064725,85.3075575,Durbar Marg|New Road,2
ChIJf18n5kIZ6zkRzr3DU2swh4s,mall,Sale Sansar,shopping_mall,27.7054506,85.30837749999999,Durbar Marg|New Road,2
ChIJQ_8tjDoZ6zkRy4zMIDtxy8A,mall,Suraj Arcade,shopping_mall,27.7053807,85.30839639999999,Durbar Marg|New Road,2
ChIJ1WHy8VUY6zkRzTEFvJOorcw,mall,Bishal Bazar - Super Market,shopping_mall,27.704298,85.30956789999999,Durbar Marg,1
ChIJQUJ9bwAZ6zkRM6TAE-aIq8I,mall,Sasa Complex,shopping_mall,27.7031905,85.31121279999999,Durbar Marg|New Road,2
ChIJPV6_3lAZ6zkRBsjEyQS4YPU,mall,Game Zone Nepal,shopping_mall,27.7024265,85.3127564,Durbar Marg|New Road,2
ChIJNaXFFO4Z6zkRGJemN6e-Dyc,mall,S & H Store,shopping_mall,27.7064401,85.3286411,Durbar Marg,1
ChIJCxyOfowZ6zkR_JoIWYNcsrA,mall,Murti Plaza,shopping_mall,27.7044558,85.3090835,Durbar Marg|New Road,2
ChIJCzKAkPUZ6zkR-BsmwkMlO1E,mall,Manoj kabari pasal,shopping_mall,27.7073208,85.3065223,Durbar Marg|New Road,2
ChIJh1JVcxkZ6zkR5mphP6H_vS0,mall,Rebel Outfits And Sportswear Ent,shopping_mall,27.7040215,85.3094347,Durbar Marg,1
ChIJY-Ix0VQY6zkRjqe9T_dlpWE,mall,Sankata Bazar,market,27.7018183,85.3133477,Durbar Marg|New Road,2
ChIJkd_T01QY6zkRPHYHkskMveA,mall,Kritika Baby Shop,shopping_mall,27.7018125,85.3133125,Durbar Marg|New Road,2
ChIJC3wiBNkZ6zkR2rpvrx8MCy4,mall,Singing Bowl Store,shopping_mall,27.7061764,85.3069418,Durbar Marg|New Road,2
ChIJCRSHv1kZ6zkRRCpJpBCjaYQ,mall,Regmi Variety Store,shopping_mall,27.7188061,85.3067434,Durbar Marg,1
ChIJuQstZ6cZ6zkR5kbXrvQv0VI,mall,Laxmi Chaurasiya Paan Bhandar,grocery_store,27.7052765,85.3283352,Durbar Marg,1
ChIJoduhBQAZ6zkR4AzIumU5qkk,mall,चाहबेल,shopping_mall,27.7109059,85.33110769999999,Durbar Marg,1
ChIJBSmjcaQZ6zkR_ODMX2GjX60,mall,Nep Hot - Online Shopping in Nepal,,27.702076500000004,85.31194409999999,Durbar Marg|New Road,2
ChIJyWHRfgMZ6zkRp4Kf3TpTqEU,mall,Trioपस:,shopping_mall,27.7216456,85.32662239999999,Durbar Marg,1
ChIJle7uRr0Z6zkRGxl5zVUgWKE,mall,NEW ROAD MALL,shopping_mall,27.7037323,85.3090886,Durbar Marg|New Road,2
ChIJQ5MEHdQZ6zkRHtyCS3lJp30,mall,The Kathmandu Mall,shopping_mall,27.7014746,85.31319979999999,Durbar Marg|New Road,2
ChIJK9HIgbwZ6zkRxZjy5Tech54,mall,Cloud Mart,shopping_mall,27.7210613,85.3084897,Durbar Marg,1
ChIJDy4ZHQAZ6zkR-jaljb9vdng,mall,Global Giftory Pvt Ltd,shopping_mall,27.7177237,85.3056273,Durbar Marg,1
ChIJ97lyGwAZ6zkRMgOe5q2sgDU,mall,Mandala Complex,shopping_mall,27.7177424,85.30558239999999,Durbar Marg,1
ChIJjfIfmqgZ6zkRbNaOt7Kj6co,mall,Fangshui Kendra,shopping_mall,27.7014865,85.323426,Durbar Marg,1
ChIJbS5-xFUY6zkRt9lR_zqxyow,mall,Ratna Plaza,shopping_mall,27.7032026,85.3092475,Durbar Marg|New Road,2
ChIJF8F4w1UY6zkRuZZ5XzBben0,mall,Peanuts Pvt. Ltd.,clothing_store,27.703180900000003,85.30923800000001,Durbar Marg|New Road,2
ChIJ5dLUnagZ6zkREqvQcL-MSvY,mall,"wowktm, wow ktm pvt ltd.",shopping_mall,27.7015162,85.3237442,Durbar Marg,1
ChIJY_MnY-EY6zkRHx-JWtAubsU,mall,Anita Fancy Shop,shopping_mall,27.7228253,85.3103721,Durbar Marg,1
ChIJdVP9tlUY6zkRqRv4CgTXSUc,mall,Gadgets World,shopping_mall,27.7026765,85.3098732,Durbar Marg|New Road,2
ChIJ15-LA4AZ6zkRWyeOcZfIVlY,mall,Rameshwori Store,shopping_mall,27.7143546,85.3042275,Durbar Marg|New Road,2
ChIJB7XKhgwZ6zkR4TVjGquXA4Y,mall,The Mads Fashion Wear,shopping_mall,27.712029,85.33195099999999,Durbar Marg,1
ChIJ4ydtXRQZ6zkRC7ScmDDr_ug,mall,Eve - Best Women's Clothing Store in Kathmandu,womens_clothing_store,27.7183217,85.3306257,Durbar Marg,1
ChIJsZq1uTkZ6zkRQiFVg_q44MI,mall,"M3 Complex, Bhatbhateni",shopping_mall,27.7183579,85.3306379,Durbar Marg,1
ChIJM9G-mugZ6zkRAHjy_P_6uBM,mall,B&TG,shopping_mall,27.7015266,85.3111761,Durbar Marg,1
ChIJAQDQDFYY6zkR_PpeTMP_d1Y,mall,Basantapur Plaza,shopping_mall,27.703527800000003,85.30798229999999,Durbar Marg|New Road,2
ChIJ0wKS3BIZ6zkRpKAek1o7LzM,mall,Samjhauta Fancy Store,shopping_mall,27.7013196,85.3113924,Durbar Marg|New Road,2
ChIJjSiunegZ6zkRQ7U9rFzPlkU,mall,आमा अनलाइन,shopping_mall,27.7169409,85.3044571,Durbar Marg,1
ChIJoSzu0FUY6zkRY3McbofevA8,mall,"Kathmandu, New Road, Kathmandu, Central Region",shopping_mall,27.702729,85.3088486,Durbar Marg|New Road,2
ChIJaxsKQAAZ6zkRwjPKmI5EI78,mall,Sundhara impex,shopping_mall,27.7012478,85.3114062,Durbar Marg,1
ChIJkbNuBzkZ6zkRgUTefQ-M358,mall,Discount Box,shopping_mall,27.7242057,85.3240244,Durbar Marg,1
ChIJ0whgfwAZ6zkRUfeyjZwyDAY,mall,Dharahara Ghar,shopping_mall,27.7010147,85.3116041,Durbar Marg|New Road,2
ChIJc9E9E1YY6zkRZPrLQZ8JIhk,mall,Souvenirs Nepal,art_gallery,27.7035024,85.3076221,Durbar Marg|New Road,2
ChIJt19QBAsZ6zkRus0liwNiM8s,mall,Gyaneshwor Mills,manufacturer,27.7092601,85.3321483,Durbar Marg,1
ChIJUW3YaRIZ6zkRxS4WmANYiDE,mall,Shiva Shakti,clothing_store,27.718917,85.330822,Durbar Marg,1
ChIJDU8YhaMZ6zkRopROtDbPE4w,mall,Himalaya Frozen,shopping_mall,27.7149718,85.30350729999999,Durbar Marg|New Road,2
ChIJQ1nRBeUY6zkRUGhNSmYYN5Q,mall,Mayur Fancy Store,shopping_mall,27.7192372,85.3052222,Durbar Marg,1
ChIJ1ZGktF4Z6zkRlNrdfu9LV34,mall,Hamro pashmina house,shopping_mall,27.703344,85.3074633,Durbar Marg|New Road,2
ChIJyTwSEwAZ6zkR5IuP1cZqp_E,mall,Thai market,shopping_mall,27.6994762,85.3180402,Durbar Marg|New Road,2
ChIJMVybUYEZ6zkR0D5NXKkSP50,mall,Sahantamoni bhandar,shopping_mall,27.704222100000003,85.3065127,Durbar Marg,1
ChIJHwyKOXgZ6zkR4OGkiZJwaPU,mall,Chirstmas Three ( ARCHIES),shopping_mall,27.7015461,85.3097757,Durbar Marg|New Road,2
ChIJ5252XFQY6zkR9skjnAxrFt8,mall,Ekoreanstore,shopping_mall,27.7010641,85.3105788,Durbar Marg,1
ChIJy_juk_sZ6zkRx3GWptMc_es,mall,Little to Legends,child_care_agency,27.7030112,85.30756699999999,Durbar Marg|New Road,2
ChIJcaZQeOwZ6zkRXaD5QIxomEk,mall,Maharjan Business Associates Pvt Ltd (MBA),shopping_mall,27.7026459,85.30792919999999,Durbar Marg|New Road,2
ChIJr9V4w_wZ6zkRrurNVzD7pqk,mall,Exneve,shopping_mall,27.7017937,85.3090682,Durbar Marg|New Road,2
ChIJ5wAQOFQY6zkRSlLRre0z-Xs,mall,Format Bikes Nepal,shopping_mall,27.7013543,85.30977329999999,Durbar Marg,1
ChIJ-f3OLVQY6zkRpM5lNV1kjTI,mall,Fresh Houses Building,shopping_mall,27.7018117,85.3089162,Durbar Marg|New Road,2
ChIJ-cOdMQAZ6zkR5IMIUpB_YQg,office,RBB Securities Company Ltd,corporate_office,27.7119408,85.3180801,Durbar Marg,1
ChIJ8yvON2YZ6zkRVJ02oZ_gAG4,office,Pashupati Annapurna Aashram,corporate_office,27.7132567,85.3186553,Durbar Marg,1
ChIJL9vbJmUZ6zkRPg8ZgJaLSbs,office,Nail Life Art Nepal,corporate_office,27.7116284,85.3173241,Durbar Marg|New Road,2
ChIJHXotSAAZ6zkRP_n9Aegr9EY,office,Asian Center for Development Pvt.Ltd.,corporate_office,27.7114966,85.3191513,Durbar Marg,1
ChIJ4weMUgAZ6zkRXQL--7R8m-U,office,Infinium Networking Private Limited,corporate_office,27.711381,85.31905569999999,Durbar Marg,1
ChIJX1-N_wMZ6zkRT8enJJ9WpFk,office,ISSR INSTITUTE FOR STRATEGIC AND SOCIO-ECONOMIC RESEARCH,corporate_office,27.7112084,85.31879459999999,Durbar Marg,1
ChIJpeJXv_IZ6zkR-xhTJWLeNMc,office,Blue Energy Private Limited,corporate_office,27.7117012,85.3195183,Durbar Marg,1
ChIJmSZuhhEZ6zkRhs5tXgEy9hE,office,Kedia Group,corporate_office,27.7133678,85.3197276,Durbar Marg,1
ChIJ6SPqGonjVk4Rif2gW260qlk,office,OneGate International,corporate_office,27.713508,85.31974199999999,Durbar Marg,1
ChIJQ0_fh3YZ6zkRQTjaJQxVxjI,office,BALEPHI HYDROPOWER LTD.,corporate_office,27.710764,85.31845919999999,Durbar Marg|New Road,2
ChIJdWvrFgQZ6zkRc6Czh80IQnQ,office,Blue Waste To Value Pvt. Ltd.,corporate_office,27.7118195,85.3200932,Durbar Marg,1
ChIJ62XfcQAZ6zkRF3iIJX4dUUs,office,Dolma Consultancy,corporate_office,27.713466,85.3202599,Durbar Marg,1
ChIJGbg9tWYZ6zkRklE0G5Fe_ok,office,Simple Energy Private Limited,corporate_office,27.713472300000003,85.3202687,Durbar Marg,1
ChIJwVFucgAZ6zkREejR43TIXXg,office,Dolma Associates,corporate_office,27.7135479,85.3202993,Durbar Marg,1
ChIJ2W45cwAZ6zkRfndG6gJeYIo,office,Himalaya Bhawan,corporate_office,27.7134093,85.3204478,Durbar Marg,1
ChIJCdY0ASgZ6zkRARsZumTQpfs,office,Kedia Organisation,corporate_office,27.7119929,85.3208482,Durbar Marg,1
ChIJuzVmd5QZ6zkR2AONwkgG2S0,office,Gayatri & Sons Pvt Ltd,corporate_office,27.713425,85.32083639999999,Durbar Marg,1
ChIJW2MMYgAZ6zkRkhJDrSOyPcs,office,Waterflow Technology (WFT),corporate_office,27.7128275,85.3209849,Durbar Marg,1
ChIJA9G1KgAZ6zkRiIBN3HopKis,office,Laminar Tiles,corporate_office,27.7134543,85.3208818,Durbar Marg,1
ChIJS6wilIAZ6zkRXQcel_SUDcE,office,Bajra Showroom,corporate_office,27.712629,85.3211427,Durbar Marg,1
ChIJHQ1BfVgZ6zkRhOT5n6MzRNw,office,トラベルネパール乗り場,corporate_office,27.7118662,85.3143829,Durbar Marg|New Road,2
ChIJ6QF3GQAZ6zkR9VCt0rxLSRY,office,Kamalaya,corporate_office,27.7091948,85.31807409999999,Durbar Marg,1
ChIJXeW8MQEZ6zkRj6AvLoQE-Qs,office,Credit Information Bureau Nepal (CIB Nepal),corporate_office,27.709140100000003,85.31837500000002,Durbar Marg,1
ChIJ6bmOHwAZ6zkRZqXEnLBAgpc,office,City express management pvt.ltd.,corporate_office,27.7126171,85.32192769999999,Durbar Marg,1
ChIJeRSq8wEZ6zkRYUflp8EXX5U,office,World Distribution Nepal Pvt. Ltd.,corporate_office,27.7105527,85.31474879999999,Durbar Marg|New Road,2
ChIJFzj0KQwZ6zkRKIz_n0s0Te4,office,Marvel Techno Plast Pvt. Ltd.,corporate_office,27.7091074,85.3186781,Durbar Marg,1
ChIJI0SO7gcZ6zkRLEInt4sDBOw,office,Karmakilla,corporate_office,27.7104919,85.3147079,Durbar Marg|New Road,2
ChIJL45XFD4Z6zkRrNleTSFEGR0,office,Nepal Niramn Pvt. Ltd,corporate_office,27.7104893,85.3146611,Durbar Marg|New Road,2
ChIJQ3xIkwEZ6zkRJ3ZLX3vWuFg,office,Setikhola Hydropower Pvt. Ltd,corporate_office,27.710074,85.3149529,Durbar Marg,1
ChIJdc664-cZ6zkRRtPw9mqGSOI,office,Bhupati Travels and Tours P Ltd,corporate_office,27.7131274,85.3221793,Durbar Marg,1
ChIJjyftbwAZ6zkRd9ZTmKV7btQ,office,Immersive Nepal Travel Company Pvt lLtd,corporate_office,27.7088922,85.31717119999999,Durbar Marg,1
ChIJHbdkowYZ6zkRF4NhpP9DCO4,office,Summit Trooper Treks & Expedition Pvt. Ltd,corporate_office,27.709047,85.31943749999999,Durbar Marg,1
ChIJncbdXIsZ6zkRYvLGBZ-C0ck,office,Cargo Courier Nepal Pvt. Ltd.,corporate_office,27.7088154,85.31786,Durbar Marg,1
ChIJadhI6wEZ6zkRiJPt3a16LZs,office,博卡拉车站,corporate_office,27.709918700000003,85.3148836,Durbar Marg|New Road,2
ChIJS9gbLwEZ6zkR33ROv9cbZZs,office,IT Himalaya Pvt.Ltd,,27.7087572,85.3182793,Durbar Marg,1
ChIJW3EhNjsZ6zkRfPTM8VxW64w,office,Prabhu Travels,corporate_office,27.7087324,85.3191283,Durbar Marg,1
ChIJB8qokbIZ6zkRULNWR5d7Zwo,office,HIGHLAND DISTILLERY PVT. LTD. (हाईल्याण्ड डिस्टिलरी प्रा. लि.),corporate_office,27.7118784,85.3224571,Durbar Marg,1
ChIJG6oiUS4Z6zkR_Tjz0yaDkqI,office,MV Dugar Group (Corporate Office),corporate_office,27.7107265,85.31385399999999,Durbar Marg|New Road,2
ChIJLx3qeO4Z6zkRM6f_Qh88a1M,office,Cindrella tours and travels,corporate_office,27.713901,85.313338,Durbar Marg,1
ChIJTyEmj98Z6zkRm5O4uYsp11k,office,Model Construction Pvt. Ltd.,corporate_office,27.7150561,85.3138451,Durbar Marg,1
ChIJx04f9lgZ6zkR80giEfyXrMg,office,Nepexim international pvt.ltd,corporate_office,27.7082027,85.31757119999999,Durbar Marg|New Road,2
ChIJ____7_0Y6zkRJ2R5bBXlVLk,office,IDB TRAVEL,corporate_office,27.7117484,85.31302509999999,Durbar Marg|New Road,2
ChIJZVKcBAAZ6zkRkk3riD2F-KY,office,Tech Trek,corporate_office,27.7150477,85.3137289,Durbar Marg,1
ChIJjQVdcBUZ6zkRKeJAufE8S20,office,Allied Workforce Solution & Training Center,corporate_office,27.7082164,85.31698879999999,Durbar Marg,1
ChIJkSu2k5QZ6zkRXdGoNwEDL2k,office,Wanderlust Himalaya Adventures Pvt. Ltd.,corporate_office,27.7132296,85.3129185,Durbar Marg|New Road,2
ChIJ3-GxKC4Z6zkRfcMST8vYLYE,office,Chitawon Co-E Group,corporate_office,27.7125367,85.32308599999999,Durbar Marg,1
ChIJldEpf3MZ6zkRt2AXU_0vQ9U,office,Nefa Treks,corporate_office,27.7142406,85.3130035,Durbar Marg,1
ChIJAQAAQDkZ6zkRAaUKS7R4ED4,office,Australia Awards Nepal Office,corporate_office,27.7078937,85.3181311,Durbar Marg|New Road,2
ChIJ8xtvPgAZ6zkRKLq8H1weDxQ,office,NRN Infrastructure and Development Limited,corporate_office,27.7079152,85.3185294,Durbar Marg|New Road,2
ChIJpWbnEwAZ6zkRv75tKz_3kow,office,Himalaya Wellness Company,corporate_office,27.7079239,85.31882999999999,Durbar Marg|New Road,2
ChIJhw6oP6AZ6zkRiRchlc1hJAY,office,Tourist Express travels and Tours pvt.ltd,corporate_office,27.7101906,85.3133356,Durbar Marg|New Road,2
ChIJEYaInf0Y6zkRQcZ0bZrn3Vw,office,NEON KSK,corporate_office,27.7139296,85.3127712,Durbar Marg,1
ChIJQ-tpcQAZ6zkRhYW_wyJyYL0,office,Mater Trading Company Pvt Ltd,corporate_office,27.7099899,85.313407,Durbar Marg|New Road,2
ChIJj0UmzXkZ6zkRcO5I35WaMdc,office,Mediam Group Nepal,corporate_office,27.7114785,85.32326189999999,Durbar Marg,1
ChIJm4vSCf4Y6zkRb8_xwc7eits,office,E-Net Payment Pvt. Ltd.,corporate_office,27.7109768,85.31280489999999,Durbar Marg|New Road,2
ChIJFTZVIQAZ6zkRxKAKemZZnDM,office,RK Thamel Kathmandu,corporate_office,27.713266,85.31249799999999,Durbar Marg|New Road,2
ChIJkQX6ZM0Z6zkRH368jAogiSM,office,Multinational Development Consultant Pvt. Ltd.,corporate_office,27.7092889,85.3138627,Durbar Marg|New Road,2
ChIJQwMjjh0Z6zkRcuojPLYOiMQ,office,Jaro Kilo Pratisthan Nepal,corporate_office,27.7088372,85.31435259999999,Durbar Marg|New Road,2
ChIJ6wfJyHUZ6zkRfqN-EsgFex0,office,Bond Consultants,corporate_office,27.7092422,85.3138137,Durbar Marg|New Road,2
ChIJpeFObFYY6zkRwDqc8DNmtB8,office,Reliance Spinning Mills Ltd.,corporate_office,27.7076917,85.31895709999999,Durbar Marg|New Road,2
ChIJ4xMxHQAZ6zkRupYIEnlQgNM,office,Nimb ace capital kamaladi,corporate_office,27.7092378,85.32223669999999,Durbar Marg,1
ChIJg2YXCdsZ6zkRye0u8_52Ibc,office,TNT Express Nepal,corporate_office,27.7075458,85.31801759999999,Durbar Marg|New Road,2
ChIJhT_pcAAZ6zkRVR3v1HcABAA,office,Maulakalika Hydropower Company Ltd,corporate_office,27.7075947,85.31893079999999,Durbar Marg|New Road,2
ChIJP8INPgAZ6zkR8IXLVK3ss0w,office,World freight international pvt. ltd,corporate_office,27.7094114,85.3224402,Durbar Marg,1
ChIJyywJQLwZ6zkR_w8QSJvTViQ,office,Jugal himalayan adventures,corporate_office,27.7174891,85.316268,Durbar Marg,1
ChIJI_jKOQAZ6zkRcUjMytJmMjQ,office,Sram Automotive Pvt. Ltd.,corporate_office,27.7092579,85.32233169999999,Durbar Marg,1
ChIJD7eG4fsZ6zkR6cj2OYsao2c,office,Everest Aviation Service Pvt. Ltd,corporate_office,27.7075952,85.31913279999999,Durbar Marg|New Road,2
ChIJvR3iyDwd6zkRz_gE74uqGHo,office,Barahakalika Group Pvt. Ltd.,corporate_office,27.7074509,85.3187734,Durbar Marg|New Road,2
ChIJs5zetIAZ6zkROIpb6AOHUPU,office,Himalayan Capital Limited,corporate_office,27.7089513,85.32216869999999,Durbar Marg,1
ChIJ5cLAwP0Y6zkRRa9weIlk2U0,office,Express Himalaya Travel and Treks,corporate_office,27.7123563,85.3120713,Durbar Marg|New Road,2
ChIJtUMEc_0Y6zkR1FpNzPSQsTA,office,Citizens Freight Pvt.Ltd.,corporate_office,27.7144567,85.3124385,Durbar Marg,1
ChIJnejHfAAZ6zkRqGBFGx-ml0g,office,Yeti Mountain Treks and Expedition,corporate_office,27.713719,85.3121451,Durbar Marg,1
ChIJO1Id_QUZ6zkRNSfFze729ek,office,Saturn Outsource,service,27.7114416,85.3237886,Durbar Marg,1
ChIJoyRe9QUZ6zkR8mEKdLmCJkY,office,Manakamana Darshan Pvt. Ltd.,corporate_office,27.7127807,85.32394459999999,Durbar Marg,1
ChIJ4eapcH4Z6zkRKpEFcPtYsCE,office,海之星国际物流,corporate_office,27.7114974,85.3120895,Durbar Marg|New Road,2
ChIJ0xq8UgAZ6zkRjpyzhlTeBiI,office,Shubha Ratna Complex,corporate_office,27.7122859,85.32398069999999,Durbar Marg,1
ChIJJfrxCv0Y6zkRzPeo6MUQJRM,office,Destination Nepal Tours and Travels,corporate_office,27.7135844,85.312044,Durbar Marg,1
ChIJi0YKBQAZ6zkR4u858viwYBo,office,Eden jungle resort sales office,corporate_office,27.7134103,85.3119736,Durbar Marg,1
ChIJm2xvOwcZ6zkRt0zYA8U6vyk,office,FOCUSONE Payment Solutions,corporate_office,27.7074445,85.3197321,Durbar Marg|New Road,2
ChIJ0ScDOQAZ6zkRfSJOs-F0jEA,office,Silk Business Tower,corporate_office,27.7114899,85.3239346,Durbar Marg,1
ChIJyQI4TR0Z6zkRhr7kZDvPT2s,office,nasa international export & import cargo pvt .ltd,corporate_office,27.7169747,85.3142903,Durbar Marg,1
ChIJkeZL8ZIZ6zkRV7b3Rya2avI,office,Janta Cable Industries Pvt. Ltd.,corporate_office,27.718067,85.31890899999999,Durbar Marg,1
ChIJbZ9NpOIY6zkRB-xGaS6LvLs,office,Metro Park Building,corporate_office,27.7180804,85.31894179999999,Durbar Marg,1
ChIJZ8CmagAZ6zkRIsO2IGshaxw,office,Music Cloud Recording Studio,corporate_office,27.707286,85.319717,Durbar Marg|New Road,2
ChIJLVkowRwZ6zkREQ-bYx0F7Ao,office,Economic Policy Incubator,corporate_office,27.718083,85.3190683,Durbar Marg,1
ChIJaTiY780Z6zkRh2fCB98B_gw,office,Sulmondo Design Consultancy,corporate_office,27.7159872,85.31295759999999,Durbar Marg,1
ChIJJ7i6RMQZ6zkRGH2cJ81mjH4,office,Kumari Capital Limited,corporate_office,27.7137934,85.3241697,Durbar Marg,1
ChIJ9TIRKwAZ6zkRzuwo9Ey9Dro,office,Horizon Trade and Investment P.L.,corporate_office,27.7100402,85.3236239,Durbar Marg,1
ChIJk9ahXxsZ6zkRh6uR6kSMy2s,office,Asian Developement Bank,corporate_office,27.7181898,85.3189956,Durbar Marg,1
ChIJ0aMRlAsZ6zkRsI5CD6zYAf4,office,Fly in Nepal,corporate_office,27.7160058,85.3128574,Durbar Marg,1
ChIJS2EAW-QZ6zkReYw3Bc8YMVs,office,Rasilography,corporate_office,27.711937,85.311622,Durbar Marg|New Road,2
ChIJcUkFRf0Y6zkRvyNXuwzmNKg,office,Sauraha Tour Package,corporate_office,27.716006300000004,85.31285510000001,Durbar Marg,1
ChIJJWCeoAgZ6zkREIJRUj6iwGg,office,AKHolidays Tours and Treks Pvt. Ltd.,corporate_office,27.7102339,85.3238208,Durbar Marg,1
ChIJ4cgZUg8Z6zkRplNr9V3IsFY,office,Recent Nepal Pvt. Ltd.,corporate_office,27.7119379,85.3243687,Durbar Marg,1
ChIJ_Sj4dkAZ6zkRD4tpnaap_6A,office,Mott MacDonald Ltd. Nepal,corporate_office,27.7182624,85.3188721,Durbar Marg,1
ChIJz7z6bQAZ6zkRd54GtBpfctM,office,Nepal Development Public Limited (NDP),corporate_office,27.7182624,85.3188721,Durbar Marg,1
ChIJSfdGWwAZ6zkR78-Jv4FZEOA,office,EG Group of Companies,corporate_office,27.7182624,85.3188721,Durbar Marg,1
ChIJM5p0AQAZ6zkR-B6-loe1RoI,office,Luyuan Nepal,corporate_office,27.714435,85.3241288,Durbar Marg,1
ChIJEXDRU_0Y6zkR9ahu8Erb68U,office,Review Nepal Travel and Tour,corporate_office,27.7165395,85.31319769999999,Durbar Marg,1
ChIJK77EI5EZ6zkRbDrfk8HDaxE,office,Mansarobar Saving & Credit Co-operative Ltd.,corporate_office,27.7088261,85.31294849999999,Durbar Marg|New Road,2
ChIJn0XM1yEZ6zkRWfVwdc4Vqs0,office,Temple Tree Resort & Spa (Corporate Sales Office),corporate_office,27.7179866,85.320634,Durbar Marg,1
ChIJo29KOrkZ6zkRMZpU9XbOWu8,office,Durbar Engineering Design and Consults Pvt. Ltd.,corporate_office,27.7136999,85.32450419999999,Durbar Marg,1
ChIJM5qZJgAZ6zkRguAV8OtSnWA,office,Taj nepal,corporate_office,27.7122392,85.3246384,Durbar Marg,1
ChIJZUe8JQAZ6zkRfRF_DJKkJdI,office,In Nepal Hikes Treks and Tours Pvt Ltd,corporate_office,27.713188400000003,85.3113075,Durbar Marg,1
ChIJxXKzPh0Z6zkRYeCL0Md2kdY,office,Hathway Investment Nepal Ltd.,corporate_office,27.7180555,85.3151816,Durbar Marg,1
ChIJQ901hg8Z6zkRIUtxQ0vEuUg,office,Presidential Immigration,corporate_office,27.7148164,85.3242587,Durbar Marg,1
ChIJzeGKtP0Y6zkRZqCfgCBLwZ4,office,bestone 百事通,corporate_office,27.7127067,85.31118839999999,Durbar Marg,1
ChIJ5cNXfe0Z6zkR-4SHtPsimds,office,The Culture resort -sales and reservation,corporate_office,27.7135934,85.3112574,Durbar Marg,1
ChIJE39hPBsZ6zkRIPEqjwUIiHA,office,Royal Express Cargo Pvt. Ltd./ Virat Global Pvt. Ltd / SF Express Nepal,,27.7181932,85.32054500000001,Durbar Marg,1
ChIJ2WyBPBsZ6zkRYGB_uYDIgc0,office,Hotel Mystic Mountain,corporate_office,27.7181924,85.320607,Durbar Marg,1
ChIJg4tdS-IZ6zkRqI4ljvG45ks,office,Unifun Nepal,corporate_office,27.713651,85.3247603,Durbar Marg,1
ChIJg-KCs_0Y6zkRA4BlmeHk7NM,office,Rapport Travels and Tours Pvt. Ltd,corporate_office,27.7140762,85.3111926,Durbar Marg,1
ChIJpf0-YR0Z6zkR4u4cDl2hykk,office,Hamrakura,corporate_office,27.7097331,85.32427129999999,Durbar Marg,1
ChIJ7eaOnQ8Z6zkRHoo6vw5olm8,office,Quest Infra P. Ltd.,corporate_office,27.7143399,85.3248114,Durbar Marg,1
ChIJRRJvdg8Z6zkRnYvpIF7cWvM,office,Quest Travels & Hospitality Solutions Pvt Ltd,corporate_office,27.7142199,85.32487619999999,Durbar Marg,1
ChIJp5D4FHAZ6zkRWJOGuPbdEJk,office,N.K.S.C.O Consulting Group Pvt. Ltd.,corporate_office,27.7185176,85.32053739999999,Durbar Marg,1
ChIJvZa_cFwZ6zkR1MZjtYfAWqU,office,Prabal Thapa Architects,corporate_office,27.7143226,85.32488239999999,Durbar Marg,1
ChIJXXquMREZ6zkRLt6CT9DrAHg,office,Mailung Khola Jal Vidhyut Company Limited,corporate_office,27.7186092,85.3203462,Durbar Marg,1
ChIJ9zt9U64Z6zkRYS2spMeU7l4,office,Ncell ICON - Ncell Head Office,corporate_office,27.7181491,85.314358,Durbar Marg,1
ChIJVRnuxsYZ6zkR_6hx4MzzPzg,office,Lincoln Saving And Credit Co-operative ltd.,corporate_office,27.7079386,85.31280579999999,Durbar Marg|New Road,2
ChIJUU9kFhsZ6zkRCHHmN6_xj3I,office,Nepal Foundation,corporate_office,27.7187958,85.320422,Durbar Marg,1
ChIJDWKDZgAZ6zkRftwPjnrjV1A,office,Top One IT solution pvt.ltd,corporate_office,27.7084736,85.32371979999999,Durbar Marg,1
ChIJO5IGKAAZ6zkRr8s-qNCoJiY,office,Sam Saving And Credit Co-operative Ltd,corporate_office,27.707431,85.3132894,Durbar Marg|New Road,2
ChIJCXsI7AcZ6zkRvAgC4AztDTg,office,KulLabs (Kul Techno Lab and Research Center),corporate_office,27.7099995,85.32487340000002,Durbar Marg,1
ChIJE1WNdN4Z6zkR2oQYxd7Ku2s,office,MG Group Nepal,corporate_office,27.7059649,85.318647,Durbar Marg|New Road,2
ChIJnYzTYwAZ6zkRYCROVcfJtes,office,Artha Dabali Media Pvt.Ltd.,corporate_office,27.7187624,85.31503119999999,Durbar Marg,1
ChIJD05NCOQZ6zkRG419E4p2YGo,office,Escenza Wellness Nepal,corporate_office,27.7193074,85.3180727,Durbar Marg,1
ChIJ_zUv9mwZ6zkRuXEBdVhS2ao,office,SQL Helps Pvt. Ltd.,corporate_office,27.7081461,85.3236411,Durbar Marg,1
ChIJiQ9VVwcZ6zkR9kxykkCTR20,office,Success Abroad Study | Best Consultancy for Japan,consultant,27.7058745,85.3186492,Durbar Marg|New Road,2
ChIJix5FCt0Z6zkRpmISKuoQF1k,office,Shiva Complex,corporate_office,27.7179404,85.32268409999999,Durbar Marg,1
ChIJjwrofAAZ6zkR3uSGLxl9OJo,office,Tirra,corporate_office,27.709519,85.32483429999999,Durbar Marg,1
ChIJ-Q3vqFAZ6zkRuFrhfI-k-O4,office,Above & Beyond Travels Pvt.Ltd,corporate_office,27.717951,85.32281909999999,Durbar Marg,1
ChIJ3Xf7pDEZ6zkRi2mcRi9N0zg,office,UNITED CARGO OF SOUTH ASIA (UCSA),service,27.7171701,85.3121752,Durbar Marg,1
ChIJ888vyuIY6zkRQwGrOipHfpg,office,Trek To Teach,corporate_office,27.7171728,85.3121755,Durbar Marg,1
ChIJITtB6g8Z6zkRWEHFQVcEqWw,office,The Bastion,corporate_office,27.712075,85.310237,Durbar Marg|New Road,2
ChIJ2VMLDQAZ6zkRiPDZibaZ_ls,office,"Avenue Education Consultancy, Putalisadak Branch",corporate_office,27.7074671,85.3231666,Durbar Marg,1
ChIJ98TGqAAZ6zkRh7xEW8L8Lx8,office,Acura Education Consultancy,corporate_office,27.705656,85.3182021,Durbar Marg,1
ChIJtX17-QMZ6zkRz-ah_5EK_jE,office,SHARE GURUKUL,corporate_office,27.7184707,85.313727,Durbar Marg,1
ChIJi61WcRQZ6zkRKW09c7TPwkw,office,Topline Printing House,corporate_office,27.7189664,85.3147376,Durbar Marg,1
ChIJ-YHUrYYZ6zkRo8rVBd-8zl4,office,Sunrise Trade Concern,corporate_office,27.7098643,85.310726,Durbar Marg,1
ChIJwdisVgcZ6zkRrN26Bwc6a44,office,Chandeshwori Network's P. Ltd(CN/CEC),corporate_office,27.7056903,85.3190508,Durbar Marg,1
ChIJQ9eSYwsZ6zkRH2NI5ppdx4M,office,Bright Brick Enterprises,corporate_office,27.717229,85.3239428,Durbar Marg,1
ChIJq6qqqhoZ6zkRsxQ79nUVk-g,office,NepIndia,corporate_office,27.717229,85.3239428,Durbar Marg,1
ChIJ__PpHCwZ6zkRuzW0SBaHA1s,office,koshi camp pvt. ltd.,corporate_office,27.717229,85.3239428,Durbar Marg,1
ChIJP8XYaxwZ6zkRj02Xe-iViGM,office,Prestige H.r soluti (p) ltd,corporate_office,27.717229,85.3239428,Durbar Marg,1
ChIJq6qqqhoZ6zkRfJdhDVdiIsg,office,Dhruv Signage,corporate_office,27.717229,85.3239428,Durbar Marg,1
ChIJzUAA1r8Z6zkRVeiWEZ0ODTk,office,Tic tok,corporate_office,27.717229,85.3239428,Durbar Marg,1
ChIJZXt7e2MZ6zkR4vxWxKX6Gl0,office,PHOTO STUDIO MULTI RECORDS,corporate_office,27.7134316,85.32585189999999,Durbar Marg,1
ChIJ9Vf-GAAZ6zkRb3HVudlnjF8,office,Canada Ambesy Nepal 🇳🇵,corporate_office,27.719646,85.31792399999999,Durbar Marg,1
ChIJ5fCc5uwZ6zkRebtbo3-EJBk,office,Anamnagar,corporate_office,27.7172479,85.3239473,Durbar Marg,1
ChIJJaO3M3oY6zkRvaZFU57OJ9w,office,Revachi international Pvt ltd,corporate_office,27.7172479,85.3239474,Durbar Marg,1
ChIJq6qqqhoZ6zkR4JsmnkHM55g,office,Fly 2 College,corporate_office,27.7172479,85.3239474,Durbar Marg,1
ChIJ0wVZ-2sZ6zkRkzp1kcJpoio,office,Beauty plus corporate office,corporate_office,27.7172479,85.3239474,Durbar Marg,1
ChIJKU8nEAAZ6zkR-bSMizulvVs,office,Kalpana Nawraj Poudel,corporate_office,27.7172479,85.3239474,Durbar Marg,1
ChIJUVnd1PsZ6zkRLgL_HCKAcGg,office,Sukra Bhawan,corporate_office,27.7169546,85.31171289999999,Durbar Marg,1
ChIJnQATMV0Z6zkRkM1smpXUXoc,office,Asniz International Pvt.Ltd,corporate_office,27.7141559,85.3101834,Durbar Marg,1
ChIJ61gjdj4Z6zkRx4OedFGIMU4,office,Brihaspati Sadan,corporate_office,27.7073366,85.3232867,Durbar Marg,1
ChIJHcMj_wcZ6zkRZU1tHbFdfds,office,Pacific Education & Visa Services,educational_institution,27.7073195,85.3232757,Durbar Marg,1
ChIJI6Iy-QwZ6zkRYJA2IGCTHpg,office,navigateoutdoor,corporate_office,27.716937100000003,85.3116244,Durbar Marg,1
ChIJN6n_ouYZ6zkRM-7ctX852ds,office,Remit station,corporate_office,27.7077768,85.3120801,Durbar Marg|New Road,2
ChIJixfCtwYZ6zkRbEx1Rd7esEQ,office,Storm Communications Nepal Pvt. Ltd.,corporate_office,27.7197201,85.3180442,Durbar Marg,1
ChIJeTCfr2kZ6zkRCnZWr3mOYUY,office,Salam Air Kathmandu Office,corporate_office,27.7197027,85.3187796,Durbar Marg,1
ChIJpeZKmYYZ6zkRI5Pg2EEJmGs,office,Sejong Education Consultancy,corporate_office,27.7055514,85.319152,Durbar Marg,1
ChIJdzF-PvwY6zkRYSwn58S0cMU,office,Experience Nepal Treks & Expedition,corporate_office,27.7118335,85.30995539999999,Durbar Marg|New Road,2
ChIJ5SPJ3KUZ6zkR5I4Uw4An6fw,office,KUSH TECHNOLOGIES (P.) Ltd,corporate_office,27.7197487,85.31842449999999,Durbar Marg,1
ChIJIwdl62EZ6zkRFvX5PtBWCyc,office,Holiday Advisor Pvt. Ltd,corporate_office,27.7172204,85.3117822,Durbar Marg,1
ChIJ16O5ZzYZ6zkROdkUBYZU16Y,office,NH GROUP GLOBAL,corporate_office,27.7197633,85.3184679,Durbar Marg,1
ChIJmbQWaAAZ6zkRarZcEL2Fp4s,office,Sangrila books,corporate_office,27.7054336,85.3180629,Durbar Marg,1
ChIJS_0DOQAZ6zkRvXh8g-JFW1k,office,S.S Legal Pvt. Ltd.,corporate_office,27.7087292,85.3249605,Durbar Marg,1
ChIJA9PhcwAZ6zkRoYLX5hIFqYo,office,Shuva Apartments & Land Development Co,corporate_office,27.7167302,85.3248009,Durbar Marg,1
ChIJ3a07KQAZ6zkR7GgaFEobm_0,office,Mega We Care Nepal,corporate_office,27.7066915,85.313071,Durbar Marg|New Road,2
ChIJDVob6AcZ6zkRmwFseSjMlBg,office,Apply Ghar Education Consultancy,corporate_office,27.7069395,85.32326379999999,Durbar Marg,1
ChIJbYg-6AcZ6zkRJxQYhoeXLRA,office,SKY Consultancy,corporate_office,27.7069085,85.3232232,Durbar Marg,1
ChIJ8yof56EZ6zkRNAZGAVKPL1Y,office,Om Printers,service,27.7054643,85.3199601,Durbar Marg,1
ChIJ4bjVJAAZ6zkRsdaguhGoAuM,office,"Narayanhiti Palace Museum, Uttar Dhoka Road,",corporate_office,27.7178396,85.32392519999999,Durbar Marg,1
ChIJPXqU5wcZ6zkRSbqFC9r_hUI,office,PRK Corporation,finance,27.7068952,85.3233995,Durbar Marg,1
ChIJNf4An0EZ6zkRSSDfqO4W0YY,office,Interior Design Nepal,general_contractor,27.7184562,85.3233458,Durbar Marg,1
ChIJUep0xOIY6zkRUF6B5iwFkE8,office,N.D. Investment Pvt. Ltd.,corporate_office,27.7179201,85.3119198,Durbar Marg,1
ChIJZzHGE0MZ6zkR81-3sZrSYVQ,office,Hamro Sahayog,corporate_office,27.7077714,85.311425,Durbar Marg|New Road,2
ChIJAS4kac0Z6zkR4LRb5pgxQpI,office,happykarmatravels,corporate_office,27.7180661,85.31194250000001,Durbar Marg,1
ChIJl3aTdUEZ6zkRjQF1v7WRUV0,office,Tours And Trek Nepal,corporate_office,27.7149158,85.30972249999999,Durbar Marg,1
ChIJxXoJZQAZ6zkRuYWYacHD5xM,office,ING Tech,corporate_office,27.7079496,85.32491,Durbar Marg,1
ChIJCSLIRgAZ6zkR_fI2d7SRnww,office,Mantra Digital,corporate_office,27.7185245,85.3235675,Durbar Marg,1
ChIJX-8EWAAZ6zkRJxnK3_3lI48,office,Image Channel Corporate Office,corporate_office,27.7203723,85.3184201,Durbar Marg,1
ChIJM7m_ZAAZ6zkRZPqKXXysD2Y,office,Solar Farm Ltd,corporate_office,27.7193077,85.3134479,Durbar Marg,1
ChIJt0eFKgAZ6zkR9zRx0STZ7g0,office,NK Purifier,corporate_office,27.7116536,85.3092218,Durbar Marg|New Road,2
ChIJQaU8HhAZ6zkRIDH57muSkTE,office,Engineers For Nepal,corporate_office,27.7173672,85.3250133,Durbar Marg,1
ChIJg4jwo_cZ6zkRLeCdVz3nSbk,office,K M House,corporate_office,27.7203931,85.3190631,Durbar Marg,1
ChIJqUlRk-IY6zkRsdSLPF8Z_uY,office,"Better Jobs, Nepal",corporate_office,27.7187125,85.3124018,Durbar Marg,1
ChIJn676WAAZ6zkRXOPoPNYLp3c,office,Outdoor Nepal - Printing Service,corporate_office,27.7180766,85.3116012,Durbar Marg,1
ChIJ5beBEvwY6zkROfVYnD-6E6o,office,Club Sunrise,corporate_office,27.7121867,85.3091031,Durbar Marg|New Road,2
ChIJf1DKtwUZ6zkRhLbBbX4hSes,office,"Orbit Earthworks & Trading Pvt. Ltd., Dhobighat",corporate_office,27.717412,85.325007,Durbar Marg,1
ChIJuQiqnBsZ6zkRFhekrm0f3pY,office,ME Travel and Tours,corporate_office,27.7203836,85.3194549,Durbar Marg,1
ChIJk2bXv_8Y6zkRhHN8p5ZFfaI,office,Aryatara Saving &co.operative .Ltd,corporate_office,27.706634,85.31205020000002,Durbar Marg|New Road,2
ChIJ5eEkR40Z6zkR6WMAO2MO2Nw,office,Future First Technology Nepal,corporate_office,27.7205233,85.3189615,Durbar Marg,1
ChIJ4Vm4xakZ6zkR9FCTJnSyKig,office,Landmark Enterprises Pvt. Ltd,corporate_office,27.7049333,85.3204282,Durbar Marg,1
ChIJAQAA8KkZ6zkRvZvDqP-OZ18,office,Websanjal (P) Ltd.,corporate_office,27.7046901,85.31943670000001,Durbar Marg|New Road,2
ChIJh5fTL5UZ6zkRb5wDdFwPnkg,office,SAM Engineering Solutions Pvt. Ltd.,corporate_office,27.7046901,85.31943670000001,Durbar Marg|New Road,2
ChIJm0MiYfwZ6zkRSwEAGtxcyfE,office,Event Point & Rafting (EEPR),corporate_office,27.7204629,85.3198501,Durbar Marg,1
ChIJO81nWAgZ6zkR-nmPpu-o764,office,Sagun Ply,corporate_office,27.7084178,85.32582769999999,Durbar Marg,1
ChIJheJ1GwAZ6zkRU1EsSUGdtkI,office,Magniment Information Technology (ToolMetics),corporate_office,27.7207406,85.31850639999999,Durbar Marg,1
ChIJYxY3h_sY6zkR27U-9KzTR2w,office,SigolWide Freight Pvt. Ltd.,corporate_office,27.71253,85.30876789999999,Durbar Marg|New Road,2
ChIJ2wWYFAgZ6zkRsmJRp_83sSI,office,Siddartha Marg,corporate_office,27.7044576,85.3180917,Durbar Marg|New Road,2
ChIJabeJHKoZ6zkRueI9v-IyO6Y,office,Delight World Tours & Travel (P.) Ltd,corporate_office,27.7044512,85.3185211,Durbar Marg|New Road,2
ChIJ8QqDC_wY6zkR8ak3JwTDs34,office,Everest Himalaya Art and Craft,,27.712144,85.3087441,Durbar Marg|New Road,2
ChIJNQyJSrkZ6zkRjn4gMS2RJXQ,office,key nepal,corporate_office,27.7112473,85.3087748,Durbar Marg|New Road,2
ChIJ03xGERAZ6zkRJb6pInhScrI,office,Continental Trading Enterprises Pvt. Ltd,corporate_office,27.7182741,85.3247997,Durbar Marg,1
ChIJlSj-9B0Z6zkRfMswWLUMGec,office,LEAD Nepal,corporate_office,27.7207015,85.3159021,Durbar Marg,1
ChIJryIMLoIZ6zkRAs8RoTB8ZxM,office,"Paknajol Marga, Chhetrapati, Kathmandu",corporate_office,27.711760100000003,85.3085811,Durbar Marg|New Road,2
ChIJQdR5HAAZ6zkREueB7Q8MVSg,office,Design M,corporate_office,27.7042349,85.31908349999999,Durbar Marg|New Road,2
ChIJuwOJoP8Y6zkR6wttLIse58k,office,K-Bazar,corporate_office,27.7067617,85.3110804,Durbar Marg|New Road,2
ChIJUdzX4MwZ6zkRnsDhI3DSTfA,office,BUSHIDO HQ,corporate_office,27.7139812,85.3085277,Durbar Marg|New Road,2
ChIJazHA4P4Y6zkRV5N5FLtm2kI,office,Mertz Creation Studio,corporate_office,27.708296,85.3097301,Durbar Marg|New Road,2
ChIJ_bSrg_wY6zkRMhFTaCDYNQI,office,SULA Vineyards Nepal,corporate_office,27.714382,85.30860430000001,Durbar Marg|New Road,2
ChIJt3y7rPwY6zkR5eZRaXf2NFM,office,Redcliff Technology,corporate_office,27.7117347,85.30843259999999,Durbar Marg|New Road,2
ChIJx6nguOUZ6zkRs0VlMmzwh7I,office,Dhir Sadan Building,corporate_office,27.7142288,85.30855489999999,Durbar Marg|New Road,2
ChIJ55GZ1hcZ6zkRdVWBKlVkU80,office,Indian Pension Camp,corporate_office,27.7178449,85.3103885,Durbar Marg,1
ChIJ4cNRkRsZ6zkRfA9RcM3-5Ko,office,Executive Consulting Engineering & Planners,corporate_office,27.7210953,85.3197096,Durbar Marg,1
ChIJ9bsnRz4Z6zkRNyVdmAEf9NM,office,IT Mining Co. Pvt Ltd,corporate_office,27.7112806,85.3083393,Durbar Marg|New Road,2
ChIJmQaRlhsZ6zkRS8FDjGswYSk,office,JICA (Japan International Cooperation Agency) Nepal Office,corporate_office,27.7210277,85.3202219,Durbar Marg,1
ChIJV03ejLsZ6zkRRExjwVITr-w,office,Sahara Business Group Pvt.Ltd.,corporate_office,27.721055,85.3201188,Durbar Marg,1
ChIJp-QDloIZ6zkR8ziMxfJoPVE,office,Shakti Business House,corporate_office,27.7210629,85.3156059,Durbar Marg,1
ChIJFSFYhUAZ6zkRfdmpXEnm_sw,office,Joshi Bhawan,corporate_office,27.7108768,85.3082466,Durbar Marg|New Road,2
ChIJRRaFpq4Z6zkRRHdPtJxSPtk,office,National Association of Rafting Agents (NARA),corporate_office,27.7155331,85.30858719999999,Durbar Marg,1
ChIJVWRwWgAZ6zkRmLLpiPjfmy4,office,Mostima House,corporate_office,27.7214064,85.3186498,Durbar Marg,1
ChIJAQAAbOMY6zkREhKKfm5lYj8,office,Lhotse Adventure,corporate_office,27.7180256,85.31008150000001,Durbar Marg,1
ChIJ3RKyvvwY6zkRt7EKeJh7fXY,office,Kathmandu Adventures Travel and Tours,corporate_office,27.7152369,85.3083331,Durbar Marg,1
ChIJa8H_UeMY6zkRfr1fLjtZSPo,office,日本・ネパール友好センター,corporate_office,27.7170752,85.3091769,Durbar Marg,1
ChIJFakSrAsZ6zkRkuvm87ybKpQ,office,Horizon Construction Pvt. Ltd,corporate_office,27.7047102,85.322828,Durbar Marg,1
ChIJf3uqaJUZ6zkR2xg1DSI58vM,office,TREXIF INC. NEPAL PVT. LTD,,27.7128898,85.32813139999999,Durbar Marg,1
ChIJmQc78mEZ6zkRSrIi5DbAW8Y,office,K G Tower,corporate_office,27.7213875,85.32022669999999,Durbar Marg,1
ChIJb6Yl_aIZ6zkR6JniYdvTkh0,office,Softed Group,corporate_office,27.704957300000004,85.323452,Durbar Marg,1
ChIJIZdjlpgZ6zkRPlipi0ZmXRU,office,Philippine Airlines Nepal,corporate_office,27.7214885,85.32003519999999,Durbar Marg,1
ChIJ2QRNIaoZ6zkRmWtXRRxDuxU,office,Aajako Khabar आजको खबर,corporate_office,27.7035388,85.31851689999999,Durbar Marg|New Road,2
ChIJm-q2Ox8Z6zkRilNjDwxMy1I,office,Thakuri Sahayog Sanjal- ठकुरी सहयोग संजाल,corporate_office,27.7126382,85.3282368,Durbar Marg,1
ChIJF5DfltgZ6zkRSfHcKlBVmSI,office,"Nabil Bank, Bhedasing",corporate_office,27.7070423,85.3098495,Durbar Marg|New Road,2
ChIJ8WjUX1UY6zkRiGXJKf0DW5g,office,Pick & Pay NP,corporate_office,27.704983,85.3123492,Durbar Marg|New Road,2
ChIJkXj1YQsZ6zkR0A6w87sjMjs,office,KL Dugar Group,corporate_office,27.7084537,85.3271273,Durbar Marg,1
ChIJAWyiU-MY6zkRvCS_Snek0KM,office,Sunrise Adventure Trek & Expedition P. Ltd,corporate_office,27.7169437,85.3088429,Durbar Marg,1
ChIJuzuewRsZ6zkRjUgVXTzLAlY,office,Donaldson Filtration Solutions,corporate_office,27.7215998,85.3200614,Durbar Marg,1
ChIJi010XlUY6zkR-hsWmr_sh1Q,office,Janamaitree Sahakari,corporate_office,27.7048166,85.3124488,Durbar Marg|New Road,2
ChIJw7kB7r8Z6zkR34gES5bCbHc,office,Raindrop Inc.,,27.7207535,85.3228383,Durbar Marg,1
ChIJjRtzBAAZ6zkRloSPD8Ck4cI,office,B.k redaymade saplayars,corporate_office,27.7050975,85.31194459999999,Durbar Marg|New Road,2
ChIJLTepug4Z6zkRJOUKUCA8n8c,office,Solve & Solution Pvt. Ltd.,corporate_office,27.7123528,85.3283901,Durbar Marg,1
ChIJ8_tA0f4Y6zkRW55xmYmZOao,office,Glacier I.T Solution Trading Pvt Ltd,corporate_office,27.7081672,85.3088288,Durbar Marg|New Road,2
ChIJI_uII9cZ6zkRpOwJk3alqds,office,Mission Star Education Consultancy Pvt. Ltd. KTM,corporate_office,27.7034547,85.31945019999999,Durbar Marg|New Road,2
ChIJ7ScswBsZ6zkRMDT7nBi4E-s,office,GreatWall Trading Co. Pvt. Ltd.,corporate_office,27.7216712,85.3200872,Durbar Marg,1
ChIJRY9bXpAZ6zkRRXjt0hSMQH0,office,Gems Consultancy Naxal,corporate_office,27.7126102,85.32845789999999,Durbar Marg,1
ChIJ4fFDflAZ6zkR1WVQ0OPEF7k,office,East West Enterprises Pvt Ltd,corporate_office,27.720677,85.3127033,Durbar Marg,1
ChIJXbucSwAZ6zkRm_fIk6iRGmY,office,P K traders,corporate_office,27.7215291,85.3148624,Durbar Marg,1
ChIJRdypP6gZ6zkROHPvpmvM650,office,Universal Law Concern Pvt. Ltd.,corporate_office,27.7041836,85.32250839999999,Durbar Marg,1
ChIJHUkoIQAZ6zkREJZ4m2WGcOU,office,Energia Creations,corporate_office,27.7118741,85.30745449999999,Durbar Marg|New Road,2
ChIJc41CJqQZ6zkRryKGETl-PDM,office,Worldwide Trading Co. Pvt. Ltd.,corporate_office,27.7217557,85.3201455,Durbar Marg,1
ChIJC5wAgkIZ6zkRXcJ_h87qvgA,office,Paryatak Yatayat Byabasayi Bikas Saving And Credit Cooperative ltd.,corporate_office,27.7122778,85.3285217,Durbar Marg,1
ChIJ4WKRbtMZ6zkRMx_m7GABjlk,office,Foundation House ..,corporate_office,27.721464800000003,85.3145675,Durbar Marg,1
ChIJL-S-MwAZ6zkRVepcyQ8CWb4,office,Simjung Company Private Limited,corporate_office,27.712311,85.32856749999999,Durbar Marg,1
ChIJzUDvvLIZ6zkR4Nv0zsTAcpg,office,Ganesh office,corporate_office,27.7040286,85.31360149999999,Durbar Marg|New Road,2
ChIJ9Y2QJeIZ6zkRtXij58hpCD8,office,Vastu Consultant Mahendra,consultant,27.7032971,85.3195258,Durbar Marg|New Road,2
ChIJqwyNgIEZ6zkR4Bf97WElU-w,office,Blue Energy Private Limited,corporate_office,27.707991300000003,85.3272519,Durbar Marg,1
ChIJg2iOoF0Z6zkRNzYewuso_VE,office,C. Brothers Consultant Pvt. ltd.,corporate_office,27.7041607,85.3227189,Durbar Marg,1
ChIJjyW0Z2YZ6zkRwrpNR2FJrZg,office,VIBES Education Foundation,corporate_office,27.703285,85.31962089999999,Durbar Marg|New Road,2
ChIJ____Pw4Z6zkRfIG0TtTy2oY,office,Focus Technology,corporate_office,27.7128976,85.32866109999999,Durbar Marg,1
ChIJs-VceQAZ6zkR8ELS1Fqn32s,office,Krishpan Account Office,corporate_office,27.7210692,85.32288799999999,Durbar Marg,1
ChIJETDxP6gZ6zkRmZ0POUI9aZs,office,Creative Nest,corporate_office,27.7040492,85.3226825,Durbar Marg,1
ChIJETDxP6gZ6zkRO9OZgSzcARQ,office,Creative Point Nepal,corporate_office,27.7040492,85.3226825,Durbar Marg,1
ChIJ507OowkZ6zkRI4DgjrwXvE8,office,ICRA Nepal Limited,corporate_office,27.7082151,85.32756380000001,Durbar Marg,1
ChIJ0TWDbAAZ6zkR3oliMJCBAPc,office,Minko Pharma link Pvt Ltd,corporate_office,27.7103184,85.3074297,Durbar Marg|New Road,2
ChIJFQLhGbAZ6zkRVOkPShNpniU,office,Ibrox International Limited,corporate_office,27.7125321,85.3288426,Durbar Marg,1
ChIJcUKqbOIZ6zkRzOfaG5qwW5A,office,Innov Education Consultancy,corporate_office,27.7040429,85.3229537,Durbar Marg,1
ChIJ_aBneUgZ6zkRm_kI1kTR7Yk,office,Sorhakhutte Kathmandu,corporate_office,27.718583400000004,85.3094211,Durbar Marg,1
ChIJdX7apKkZ6zkR81acv6oe9X8,office,Livenep,corporate_office,27.7032298,85.3205023,Durbar Marg|New Road,2
ChIJMTk2zwkZ6zkRp-EKW64IlZw,office,Orchids Retail/Global Pvt. Ltd.,corporate_office,27.7079202,85.32749550000001,Durbar Marg,1
ChIJrVbSowkZ6zkRvbFwgfSgkQc,office,BK Traders & Suppliers,corporate_office,27.708191,85.3276642,Durbar Marg,1
ChIJiQ5hm64Z6zkRxMx0jku6tAg,office,Blue Lotus Educational Network Pvt. Ltd.,corporate_office,27.7189613,85.3097377,Durbar Marg,1
ChIJJ7UHjRoZ6zkRlPC6bSKkToc,office,YesNepal Internet Pvt. Ltd.,corporate_office,27.70324,85.3206642,Durbar Marg|New Road,2
ChIJnT_DcMkZ6zkReDd3eQb_yUc,office,Fairfield Owner Office,corporate_office,27.7082628,85.32773159999999,Durbar Marg,1
ChIJJ7YCOjsZ6zkR4L2uCJGTDNo,office,micro marketing group,corporate_office,27.7070913,85.30899319999999,Durbar Marg|New Road,2
ChIJhdAGcgAZ6zkRXGFrLpBEGeM,office,Label Plus Pvt. Ltd,corporate_office,27.7040623,85.3231328,Durbar Marg,1
ChIJsbbUAp0Z6zkRTuWbzd8yHRs,office,Goyal Group Nepal,corporate_office,27.708183,85.327716,Durbar Marg,1
ChIJc8tUY8kZ6zkRanHcsHUEf9E,office,Moxy Kathmandu Hotel Owner Office,corporate_office,27.7082958,85.3277833,Durbar Marg,1
ChIJ_byT2lwZ6zkRAwTef0EF8KQ,office,Marriott Owner Office,corporate_office,27.7082429,85.32776009999999,Durbar Marg,1
ChIJoToPPCwZ6zkRZNs3nEFQl-Y,office,Innov Studio Pvt. Ltd.,corporate_office,27.7039811,85.3230368,Durbar Marg,1
ChIJOeclEF0Z6zkRvymadCYMte4,office,Su-Kam Service Center (Surya Roshni Construction Industrial Pvt. Ltd.),corporate_office,27.7099329,85.3285312,Durbar Marg,1
ChIJp8lFDAAZ6zkRIlrq2WK2giY,office,AMAX EQUIPMENTS,corporate_office,27.7039353,85.3229399,Durbar Marg,1
ChIJ5RWuKT0Z6zkR-4ukCUZ3p3A,office,Whitehat events and photography,corporate_office,27.7212675,85.32303619999999,Durbar Marg,1
ChIJO44Aa6gZ6zkRjFTQr1e2zhc,office,Comtec Enterprises,corporate_office,27.7038624,85.3228422,Durbar Marg,1
ChIJBTP5SQAZ6zkRF7-0gpCnSnQ,office,shankharapur pharmaceutical pvt ltd,corporate_office,27.7103577,85.30723859999999,Durbar Marg|New Road,2
ChIJWatmJAAZ6zkR6VhreTzwqoA,office,东方之友顾问公司 Dongfang Zhiyou Consultancy,corporate_office,27.7186769,85.3092803,Durbar Marg,1
ChIJ7_iTPLAZ6zkRI2noe_NQ_48,office,Shambh Printing Press Ramesh P. ARYAL,corporate_office,27.7119186,85.3069144,Durbar Marg|New Road,2
ChIJ3yTUCnwZ6zkRCFdqOhCZJss,office,Dream Destiny Holidays Pvt.Ltd,corporate_office,27.7187294,85.3093012,Durbar Marg,1
ChIJX6aEuQkZ6zkR3a4mVi0o_nU,office,United Cements Limited,corporate_office,27.7074222,85.3273983,Durbar Marg,1
ChIJMUk5MwAZ6zkR9_BcdVJRj_s,office,Sure surgical Pvt Ltd/Gangalal marga Chhetrapati,corporate_office,27.7096002,85.3073855,Durbar Marg|New Road,2
ChIJM6AQ8JMZ6zkRuw_G28Hemms,office,"TCH Housing, Kathmandu",corporate_office,27.7090266,85.30760629999999,Durbar Marg|New Road,2
ChIJlakX1BsZ6zkRnSC4ALb3ezs,office,Rajshree International Travels & Tour Pvt. Ltd.,corporate_office,27.7222258,85.3205605,Durbar Marg,1
ChIJBfsFb-MY6zkRxMeQryoElRw,office,Dream Destiny Group Of Companies.,corporate_office,27.7187328,85.3091962,Durbar Marg,1
ChIJRZtCwFgZ6zkR2RunPNpEdFk,office,ORPHIX NEPAL,research_institute,27.7138855,85.3290607,Durbar Marg,1
ChIJ8TlW3hEZ6zkRnh2HWmOr8vA,office,Anurama Saving And Credit Co-operative Ltd.,corporate_office,27.7175468,85.32767009999999,Durbar Marg,1
ChIJu9oCMPsY6zkR-af4qViYX-k,office,Boss Adventure (P) LtD,corporate_office,27.7221692,85.31485459999999,Durbar Marg,1
ChIJzcWW7lcZ6zkR42XxTMLZZBg,office,NAWA BISHWAS SAVING AND CREADIT COOPERATIVE,corporate_office,27.7063152,85.30925429999999,Durbar Marg|New Road,2
ChIJKV7yGKgZ6zkRvBWNlqoVDww,office,Click International Education Pvt. Ltd,corporate_office,27.7028546,85.32025589999999,Durbar Marg|New Road,2
ChIJLc8EHQwZ6zkRu4m2RsnSuQg,office,MBSD & Associates,corporate_office,27.7124405,85.32927699999999,Durbar Marg,1
ChIJQUC_OxUZ6zkRwrJ4ta4STO0,office,Canon Nepal,corporate_office,27.7034891,85.3226945,Durbar Marg,1
ChIJDacRwOQY6zkRQK8ZemRGOoo,office,Wellness Traders (DXN),corporate_office,27.7186444,85.3089033,Durbar Marg,1
ChIJKXNqut8Z6zkRW9vdTRtwTCc,office,TTA Nepal,corporate_office,27.7186491,85.30889719999999,Durbar Marg,1
ChIJh7_Rxl8Z6zkR24zDS0W0STI,office,Artha Bhumi Saving & Credit Co-operative Ltd,corporate_office,27.7040008,85.3121031,Durbar Marg|New Road,2
ChIJYzmPEQAZ6zkRGdNvMKOBZf0,office,Development Consultancy Center,corporate_office,27.7097133,85.32885209999999,Durbar Marg,1
ChIJXWvVCOIY6zkRFp6A_DvrZYk,office,celebrity management nepal,corporate_office,27.7218284,85.3133048,Durbar Marg,1
ChIJg2VabRoZ6zkRb10PxD8_ATg,office,Guthi,corporate_office,27.721597,85.3232591,Durbar Marg,1
ChIJUxU1OGsZ6zkRB83WsQMW8Gc,office,Sewa Suvidha Multipurpose Coop Ltd.,corporate_office,27.7039957,85.31190699999999,Durbar Marg|New Road,2
ChIJSV18QgAZ6zkRj9EkcMRc2es,office,Office,corporate_office,27.7140516,85.3293216,Durbar Marg,1
ChIJ_4IrLgAZ6zkRLZfYyihvVlQ,office,JCIPL,corporate_office,27.7140409,85.32932559999999,Durbar Marg,1
ChIJN6J3Z4UZ6zkR3mAoP2Jkfb8,office,Speedwell Educare Pvt. Ltd,corporate_office,27.7033233,85.32261980000001,Durbar Marg,1
ChIJQ-xbZcsZ6zkRnJkMxfVHrLI,office,Jagdamba Alco Bev Pvt Ltd,corporate_office,27.7141597,85.32931119999999,Durbar Marg,1
ChIJVae3Ib4Z6zkR2KYx3sVxQLQ,office,Success Educational Consultancy pvt ltd,corporate_office,27.7033239,85.3226462,Durbar Marg,1
ChIJd9WuQBUZ6zkRAFE4G7tNZL8,office,INA SUPPLIERS,corporate_office,27.7188715,85.3087618,Durbar Marg,1
ChIJ3-gHkKcZ6zkRhdHAA4ow9GI,office,Rb Tower,corporate_office,27.7226049,85.32068939999999,Durbar Marg,1
ChIJc0e8DxIZ6zkR0wvHtx1dRg8,office,Sumire Tours & Travels Pvt. Ltd.,travel_agency,27.7185909,85.308504,Durbar Marg,1
ChIJVVVuLAwZ6zkRSYv413pe0WY,office,Jagdamba Motors Pvt. Ltd.,corporate_office,27.7142127,85.3294631,Durbar Marg,1
ChIJi_Kd0g0Z6zkRXo31MzTUVfc,office,MV Dugar Group (Head Office),corporate_office,27.7142371,85.3294612,Durbar Marg,1
ChIJ_z9dHsMY6zkRRS2vF-C0eRY,office,Force Motors Nepal,corporate_office,27.718211,85.3277409,Durbar Marg,1
ChIJpexxOwAZ6zkRpmxTmLj9548,office,Across The Himalayas Treks Pvt. Ltd.,corporate_office,27.716994,85.3074335,Durbar Marg,1
ChIJv996RgAZ6zkR68GrZ2nJvkM,office,Our travel,corporate_office,27.7219466,85.3229772,Durbar Marg,1
ChIJGzobFBoZ6zkRWT5U-LWSvzw,office,Lunza Nepal Oragnaization,corporate_office,27.7219529,85.3229782,Durbar Marg,1
ChIJKRq_ibEZ6zkR-cjr7JEw5Rw,office,Laxman Babu Bhawan,corporate_office,27.7141063,85.3295302,Durbar Marg,1
ChIJRU8CY2oZ6zkRSYPwG1ReVVc,office,Digital Transformation System Corporation,corporate_office,27.7069021,85.3277363,Durbar Marg,1
ChIJ62qqMgAZ6zkRB5ZO70I7h_U,office,Market Promotion Concern (MPC),corporate_office,27.7211745,85.3246672,Durbar Marg,1
ChIJ9_apdgAZ6zkRIz8XuEllSeY,office,Mahindra Dugar - Naxal,corporate_office,27.7142869,85.32958939999999,Durbar Marg,1
ChIJoZJHO80Z6zkRIQsDdMttwU0,office,Nepal Commertial Recovery Service,corporate_office,27.7220662,85.32292199999999,Durbar Marg,1
ChIJ6359LgAZ6zkRKNm8hoXVns4,office,Smart cleaning solution Pvt ltd,corporate_office,27.7088931,85.32900169999999,Durbar Marg,1
ChIJlakX1BsZ6zkRCDpYJOvQ7l0,office,The Thunderide Co. Nepal Enduro Tours,corporate_office,27.7226731,85.3211827,Durbar Marg,1
ChIJlakX1BsZ6zkRswlxGMHCt4M,office,Nepal Enduro Tour,corporate_office,27.7226731,85.3211827,Durbar Marg,1
ChIJ1-0D0JAZ6zkR5BjTdbM1IeU,office,Next Gen Digital Pvt. Ltd.,corporate_office,27.718784,85.3084342,Durbar Marg,1
ChIJi_6B1Z8Z6zkR0HGUOVmMznM,office,Magnetic Orange Entertainment,corporate_office,27.7080649,85.3073302,Durbar Marg|New Road,2
ChIJL3IfZgAZ6zkROJ1agSKGPdU,office,Shikhar biz park dilibazar,corporate_office,27.7041415,85.32490399999999,Durbar Marg,1
ChIJcZt-FAAZ6zkRKKqTUywEXQE,office,Sakrim law chamber,corporate_office,27.7041415,85.32490399999999,Durbar Marg,1
ChIJd7dY1BsZ6zkR9Oi1r32k_rM,office,Mutual Trade and Investment Pvt. Ltd.,corporate_office,27.7226759,85.3211827,Durbar Marg,1
ChIJiVNeWQYZ6zkRRtfnAkaQX08,office,Bira Complex,corporate_office,27.7037095,85.3117585,Durbar Marg|New Road,2
ChIJs6idFFUY6zkR3q3e2yAhxL8,office,Pals Commercial intarapraaijeja,corporate_office,27.7035542,85.31198950000001,Durbar Marg|New Road,2
ChIJ8RKSFFUY6zkRFONcOALRV_o,office,Hama International Trade concern,corporate_office,27.7035522,85.3119892,Durbar Marg|New Road,2
ChIJbzNItNYZ6zkRSw06nXq-6iY,office,Oasis International Business,corporate_office,27.7031862,85.3127288,Durbar Marg|New Road,2
ChIJO7YSVQAZ6zkRP4yvpHcKuho,office,R.S. NEPAL TRAVEL & TOURS PVT LTD,corporate_office,27.7187906,85.3083438,Durbar Marg,1
ChIJqRFEAg4Z6zkRHukmZZqiCeM,office,Netfiniti Pvt. Ltd.,corporate_office,27.7173944,85.3285673,Durbar Marg,1
ChIJ6Zws83wZ6zkRMuHdsfB4efw,office,Educate Nepal Initiative,corporate_office,27.7223463,85.32258569999999,Durbar Marg,1
ChIJMS0IPyIZ6zkRBPOKoRjRPWk,office,Legal Linkage,corporate_office,27.702944,85.32283369999999,Durbar Marg,1
ChIJD2ybFAAZ6zkRYQVLmmHrmFk,office,Sanskriti Complex,corporate_office,27.7032277,85.31233150000001,Durbar Marg|New Road,2
ChIJK3fzW6oZ6zkRMwFzsaBSfTs,office,Tourist Service Center,corporate_office,27.7020235,85.3169061,Durbar Marg|New Road,2
ChIJee6XE1UY6zkRnH50zmzHUGw,office,Artha Bridhi SACOS,corporate_office,27.7034323,85.31182299999999,Durbar Marg|New Road,2
ChIJa5EE_REZ6zkRPJHY6_CmAjc,office,ONovato Language Center,corporate_office,27.7176202,85.3286313,Durbar Marg,1
ChIJMzorRRcZ6zkRZrtDZmL418k,office,Medico Nepal,corporate_office,27.7176669,85.328651,Durbar Marg,1
ChIJV8esRgsZ6zkRdsZLu-19MGw,office,Rycon Group Pvt Ltd,corporate_office,27.717331,85.328867,Durbar Marg,1
ChIJswJ3GwAZ6zkR2ZoZ_U0wPvw,office,Kings it Enterprisea,corporate_office,27.7031981,85.31206670000002,Durbar Marg|New Road,2
ChIJC6O0GwAZ6zkRZMcDa-pMgCA,office,Sagarmatha complex,corporate_office,27.7124017,85.3301788,Durbar Marg,1
ChIJUQEU2JMZ6zkRWROxGQUlS_c,office,Sujal Foods Pvt. Ltd.,corporate_office,27.712496400000003,85.3301833,Durbar Marg,1
ChIJn9GjdjAZ6zkRKuNyeAl1apk,office,"Laxmi Group Pvt. Ltd., Corporate Office",corporate_office,27.7126372,85.3301883,Durbar Marg,1
ChIJA1aosKcZ6zkRNLqMjk8bjoo,office,Gold Spot Nepal Pvt. Ltd.,corporate_office,27.7055855,85.30864629999999,Durbar Marg|New Road,2
ChIJM3h-nxEZ6zkR3vZvxZbJNDs,office,Webpreneurs Hub,corporate_office,27.7030132,85.3237383,Durbar Marg,1
ChIJv1nawZoZ6zkRM7R5dJ7jKBQ,office,Stantec ETP,corporate_office,27.7227565,85.32244469999999,Durbar Marg,1
ChIJp7611ikZ6zkRG0H5iRaDtDg,office,HarekSamachar,corporate_office,27.7032961,85.3115686,Durbar Marg|New Road,2
ChIJwRHFDVUY6zkRVPue6BwlO6E,office,E Deal Nepal,corporate_office,27.7032974,85.3115596,Durbar Marg|New Road,2
ChIJYS5QJAAZ6zkRn1YzQjegMY4,office,Ja printing press,corporate_office,27.7032973,85.3115596,Durbar Marg|New Road,2
ChIJ60TdxqcZ6zkRARSB9Bx72Ds,office,Trinity Alumni Association Nepal,corporate_office,27.7036704,85.3250578,Durbar Marg,1
ChIJTUR_KwwZ6zkRpnb6Y9FiOzo,office,Shanker Group,corporate_office,27.7171698,85.32919079999999,Durbar Marg,1
ChIJn-wwbgAZ6zkRbCdADHZPq9s,office,Lomus Digital office,corporate_office,27.7184942,85.32839419999999,Durbar Marg,1
ChIJSecocrIZ6zkR7vHpRqeaJKI,office,Desh Darshan Bus Sewa,corporate_office,27.718737,85.307712,Durbar Marg,1
ChIJ9WXBKwwZ6zkRlGp_Yhjj8rs,office,Jagdamba Steels Ltd.,corporate_office,27.7171438,85.3292352,Durbar Marg,1
ChIJFz1jhOMY6zkRZNLFqkcZhLI,office,Nayabazar Online Store,corporate_office,27.7200683,85.3088989,Durbar Marg,1
ChIJ-5igUH4Z6zkRuvlxFYPKgAY,office,Baby Network,corporate_office,27.718293,85.3073395,Durbar Marg,1
ChIJlZ2rLlUY6zkR0L09n3aN1G4,office,Nepal Airlines Corporation,transportation_service,27.7023776,85.3133292,Durbar Marg|New Road,2
ChIJm9B5XAAZ6zkR9JWJSzKe-bM,office,Ansa Education Foundation Pvt.Ltd,corporate_office,27.70189,85.320956,Durbar Marg|New Road,2
ChIJAZHNlmQZ6zkRJYysDANBOTw,office,Index Nepal Company - Smart Board in Nepal,corporate_office,27.7028165,85.3122077,Durbar Marg|New Road,2
ChIJMamfBKkZ6zkRrfTsSsBfs5w,office,Youth Career Education Foundation Pvt. Ltd.,corporate_office,27.7018854,85.32105349999999,Durbar Marg|New Road,2
ChIJoaDJ5wcZ6zkR3w9kKIpBpGs,office,SG Prints,corporate_office,27.7018817,85.3210924,Durbar Marg|New Road,2
ChIJ5QZQJwAZ6zkRgrxCvdZf7nk,office,Uni Savin,corporate_office,27.7203521,85.3090173,Durbar Marg,1
ChIJPZnuSOMY6zkRzWxAun6nk6I,office,Dynamic Positions pvt. ltd,corporate_office,27.7185466,85.32861249999999,Durbar Marg,1
ChIJrZ1eTAAZ6zkRiLFvHs54q0Y,office,Aerawat Corp Private Limited - Corporate Campus,corporate_office,27.7230227,85.3224444,Durbar Marg,1
ChIJj5owYAAZ6zkR9GaBnRn5USI,office,Musa Logistics Nepal HQ,corporate_office,27.7036024,85.3105598,Durbar Marg,1
ChIJD6qihhkZ6zkR0VX88YbkodY,office,Nepal Agribusiness Innovation Centre (NABIC),corporate_office,27.7195138,85.3278977,Durbar Marg,1
ChIJIemLHxoZ6zkRIcYGtIRDym4,office,Highlander Rescue Services Pvt. Ltd.,corporate_office,27.7229879,85.32268359999999,Durbar Marg,1
ChIJrRgpDQAZ6zkRbjA_qiFn8Pc,office,Xcend Tech,corporate_office,27.722565,85.323746,Durbar Marg,1
ChIJ3Wwnz6cZ6zkRNBRVES_5kJU,office,Eliot education consultancy pvt.ltd.,corporate_office,27.703201,85.3248759,Durbar Marg,1
ChIJD_XyEiYZ6zkR2ECN0vdOt5c,office,Career Coach Nepal,corporate_office,27.7203125,85.30868749999999,Durbar Marg,1
ChIJqeznZWUZ6zkRRdpP3Ft9h1g,office,Padashala Incorporation,corporate_office,27.7205021,85.3088727,Durbar Marg,1
ChIJfUmfcAAZ6zkRYYsWRXnrJGM,office,Tata motors commercial vehicles,corporate_office,27.7191207,85.328407,Durbar Marg,1
ChIJl_wxH9gb6zkRQvhfR6ERl14,office,Blockchain Solution by Pratik,corporate_office,27.702178,85.3129957,Durbar Marg|New Road,2
ChIJkbDgesUZ6zkRMfsOOq5eky8,office,Nepal Creative Helping Foundation,corporate_office,27.7115204,85.3052285,Durbar Marg|New Road,2
ChIJd9VlfgAZ6zkRVy29xjYoY8w,office,Navya Design & Construct Pvt. Ltd.,corporate_office,27.7230535,85.32294879999999,Durbar Marg,1
ChIJ-QxG7cQZ6zkRM0gm6_yfqEs,office,Burly Academy of Educational Consultancy,corporate_office,27.7016167,85.3212832,Durbar Marg,1
ChIJjab1WQAZ6zkRuHCsuZpKQa4,office,Metta Tower,corporate_office,27.7015535,85.32110560000001,Durbar Marg|New Road,2
ChIJuc10ZU4Z6zkRSpmNaGLwdxs,office,GO DIGITAL ADVERTISER,corporate_office,27.7034371,85.31028429999999,Durbar Marg,1
ChIJ3f4WqOIZ6zkRJRRqQxasbKM,office,Rama Griha,corporate_office,27.7034242,85.3103024,Durbar Marg,1
ChIJQ0iAQQAZ6zkR-cojVJvgCGM,office,Siddhi Sadan,corporate_office,27.7217214,85.3101498,Durbar Marg,1
ChIJH2jDIQoZ6zkRW1BSaKmqY-E,office,imark Pvt Ltd,corporate_office,27.7072899,85.3294222,Durbar Marg,1
ChIJ44zqYSQZ6zkRgRPKwOdUncs,office,Down Syndrome Society Nepal,corporate_office,27.723866,85.3155032,Durbar Marg,1
ChIJ53HOaJAZ6zkRHOH2cz7_33E,office,Webpoint Technology Pvt.Ltd.,corporate_office,27.7196908,85.32816299999999,Durbar Marg,1
ChIJnT7CPTAZ6zkRf5spmPfcC0Y,office,Hision International Cargo,corporate_office,27.7036566,85.3098625,Durbar Marg|New Road,2
ChIJp9BT9uIZ6zkRLgYUVfQv92Q,office,Aurahimalaya Pvt. Ltd.,corporate_office,27.7228648,85.3238021,Durbar Marg,1
ChIJ93oUAAAZ6zkRLSQvJGG8MUo,office,Binyan Studios,corporate_office,27.704717,85.3274002,Durbar Marg,1
ChIJQUE3TgAZ6zkRpPMMBeJZPf0,office,Suraz Distribution,corporate_office,27.7023627,85.311982,Durbar Marg|New Road,2
ChIJZ1RS62EZ6zkR37Z1CdgAFPw,office,Sodium Innovations Pvt. Ltd.,corporate_office,27.7034167,85.31007749999999,Durbar Marg|New Road,2
ChIJ7TAGXKcZ6zkRQM2CNlnCo-s,office,Avishekgyawali,corporate_office,27.7052959,85.3281265,Durbar Marg,1
ChIJ2TgAo3UZ6zkRs-XpcsOLc48,office,Austin Incorporation Pvt. Ltd. (Dillibazar),corporate_office,27.7065191,85.3291808,Durbar Marg,1
ChIJA4EUHQoZ6zkRZNWgDar1wlI,office,BTV Business Television,corporate_office,27.7065639,85.32921929999999,Durbar Marg,1
ChIJk9g-3EsZ6zkR3Ct5kmOl_5o,office,Parijat saving and credit,corporate_office,27.7184781,85.30658749999999,Durbar Marg,1
ChIJf-VbRAAZ6zkRzNfDebURQbA,office,NLG Insurance Company Ltd. Agriculture Unit,corporate_office,27.7231875,85.3236094,Durbar Marg,1
ChIJXcr1XQAZ6zkR-hcMbWfGy1Q,office,DroidNepal,corporate_office,27.7051379,85.3281377,Durbar Marg,1
ChIJwS3UvtQZ6zkR9bDWnwLnmkQ,office,Beyond Bookkeeping,corporate_office,27.7052943,85.3283124,Durbar Marg,1
ChIJ4_LC_zYZ6zkROy_PgOLNnYM,office,Santoshi Nirman Sewa (P) Ltd,corporate_office,27.7052983,85.3283256,Durbar Marg,1
ChIJjZJnw8kZ6zkRjN_cAN2ARl8,office,pontoon advertising,local_government_office,27.7015427,85.32239829999999,Durbar Marg,1
ChIJ43KOQQAZ6zkRpLSNAhGGsWM,office,Agni Group Sales HQ,corporate_office,27.7173163,85.33013319999999,Durbar Marg,1
ChIJS_CLdAAZ6zkRlT1_T4mlrOo,office,KL Complex,corporate_office,27.7052163,85.32830299999999,Durbar Marg,1
ChIJKXRffgAZ6zkRMtUQ0lt810w,office,Digi Hub,corporate_office,27.7052163,85.32830299999999,Durbar Marg,1
ChIJKW1PbgAZ6zkRsD_RsnmUZIg,office,AMVI HEALTHCARE,corporate_office,27.7049727,85.3280995,Durbar Marg,1
ChIJfZm9cwAZ6zkRgLSWZuzu0go,office,Lumbini Buddha Garden Head Office,corporate_office,27.7186316,85.32944250000001,Durbar Marg,1
ChIJY2BI0GAZ6zkR2lUXIZDvOrY,office,Aster Travels and Tours Pvt. ltd.,corporate_office,27.7185028,85.30636729999999,Durbar Marg,1
ChIJv-u5deQY6zkRo20Wu6N5mjc,office,Priscillas Connection DMC,corporate_office,27.7208505,85.3083346,Durbar Marg,1
ChIJJ6lITmgZ6zkRkpBifKESbSk,office,Linon Printing Press and Stationery,corporate_office,27.7016119,85.3232228,Durbar Marg,1
ChIJd4-wIRIZ6zkRzHyeeb2ltS8,office,Future Manpower Employment,corporate_office,27.7189992,85.3293748,Durbar Marg,1
ChIJ0003-iEZ6zkRlB9pR5Bvlkg,office,Cityvillage,corporate_office,27.7029069,85.30999390000001,Durbar Marg|New Road,2
ChIJ-cpZUKcZ6zkRjw7yM-aleEY,office,Fresh Food Traders,corporate_office,27.705168,85.3286128,Durbar Marg,1
ChIJV-ioHR4Z6zkR9pjxnups7DA,office,Grahafal Jotish office,corporate_office,27.7240077,85.3136176,Durbar Marg,1
ChIJE0G23MYZ6zkRyy7C7RIAF3Q,office,Nabin Prasad Manandhar-Home,corporate_office,27.7027325,85.3102104,Durbar Marg|New Road,2
ChIJf4UisgsZ6zkRNwZRdDA9iuw,office,JKPK CORNER,corporate_office,27.7090012,85.3309587,Durbar Marg,1
ChIJA_60VyEZ6zkRmzGB-1PgRoo,office,"Shyambaba Enterprises, Dilibazar",corporate_office,27.7052012,85.3287139,Durbar Marg,1
ChIJyR1Qyg4Z6zkRcL20M-uOhc0,office,Prism international engineering nepal,corporate_office,27.7010791,85.32202459999999,Durbar Marg,1
ChIJFd_Cr_IZ6zkR4DqJWawe9ZE,office,SANYARA INTERNATIONAL,corporate_office,27.712744,85.30429520000001,Durbar Marg|New Road,2
ChIJKWh6F1wZ6zkRsKTrZkepUk8,office,Glacier Systems Inc.,corporate_office,27.7234225,85.32418140000001,Durbar Marg,1
ChIJExifsgsZ6zkRx07CDZg33ec,office,Inland World Logistics Pvt Ltd,corporate_office,27.7087593,85.3310161,Durbar Marg,1
ChIJS6mMbwAZ6zkRjyLnyqvbJvE,office,Park vacation international,corporate_office,27.7009304,85.3218692,Durbar Marg,1
ChIJj06ZidQZ6zkRGmGtCHdViug,office,"Fair Groups(Pilot, Konica, Terra Motors)",corporate_office,27.7031927,85.3092274,Durbar Marg|New Road,2
ChIJC1Q8JaYZ6zkRPf5_4BGoHbs,office,ERS Nepal Pvt.Ltd,corporate_office,27.7017569,85.3245034,Durbar Marg,1
ChIJQ3Zs8agZ6zkRirqxknkpRhk,office,ICM Overseas,corporate_office,27.7013007,85.3234282,Durbar Marg,1
ChIJP9nnC-QY6zkRRpHuOJvvz64,office,Nepal Travel Master,corporate_office,27.7214336,85.3082225,Durbar Marg,1
ChIJ9VRBmKgZ6zkRV8amsf77u2E,office,Sahara Education Foundation,corporate_office,27.7011615,85.3233875,Durbar Marg,1
ChIJY70DPhEZ6zkRa5Jjvx9Ajh0,office,Microtech M & E Pvt. Ltd.,corporate_office,27.7218756,85.3273552,Durbar Marg,1
ChIJr3jUvn4Z6zkRxOU86RlKDdY,office,FNPJ Nepal,corporate_office,27.7001261,85.3180419,Durbar Marg|New Road,2
ChIJ7W18HWwZ6zkREAMBB9tr4sY,office,"LAKME NEPAL , SUHANI AND SUMITRA",corporate_office,27.7065289,85.3056543,Durbar Marg|New Road,2
ChIJtVRFFREZ6zkRXdjW5ifktPk,office,Mandala Graphics,corporate_office,27.7215889,85.3277767,Durbar Marg,1
ChIJyeDbIB4Z6zkRlK_jYn2b7KQ,office,BrandLance Asia pvt.ltd,corporate_office,27.7245352,85.3137627,Durbar Marg,1
ChIJgUCuOgAZ6zkRWG7ScQY-P-Y,office,Godaan Service Pvt Ltd,corporate_office,27.7079991,85.3310928,Durbar Marg,1
ChIJR4TtfQAZ6zkRUDUoj2tZ668,office,SS Exim,corporate_office,27.7141795,85.30394760000001,Durbar Marg|New Road,2
ChIJzVjGsWIZ6zkRLNpuFEdaGns,office,Tech World Distribution Pvt. Ltd,corporate_office,27.7024013,85.3097824,Durbar Marg|New Road,2
ChIJSdLzDFYY6zkRQ9ZjPjitNnA,office,Durbar Square Money Exchange,corporate_office,27.7036914,85.30802949999999,Durbar Marg|New Road,2
ChIJjR4jiasZ6zkRdq6CW3cmZ6Y,office,Foodieplace,corporate_office,27.7051383,85.32933480000001,Durbar Marg,1
ChIJSf_MvdUZ6zkRH0hPqUqse9k,office,S needs wducation cosultancy,corporate_office,27.7011754,85.3237863,Durbar Marg,1
ChIJb3_LcgAZ6zkRVjLvRlySmx0,office,Smartmove Nepal,corporate_office,27.722433,85.3267908,Durbar Marg,1
ChIJhReIfQAZ6zkRHg--YxqKUD8,office,Jupiter Net,corporate_office,27.7066576,85.3054817,Durbar Marg|New Road,2
ChIJ6yHIMgAZ6zkR6UD2qy_Qabs,office,RB Consulting Group,corporate_office,27.701081400000003,85.3236563,Durbar Marg,1
ChIJox2qdwAZ6zkRjf98bA5bd1Q,office,Paper Cloud Architects,corporate_office,27.7172479,85.33118669999999,Durbar Marg,1
ChIJA6zFUqcZ6zkR6VynEpRX4CM,office,Nepal Cancer Cure and Herbs Research Pvt. Ltd.,corporate_office,27.705131100000003,85.3294384,Durbar Marg,1
ChIJjw8SNuUY6zkRF8-tFRvKI4A,office,BaeTeen Magazine,corporate_office,27.7169845,85.3046063,Durbar Marg,1
ChIJj2ydNBcZ6zkRgmYdWhzGaHg,office,晨辉基础建设服务有限公司,corporate_office,27.7232806,85.3255712,Durbar Marg,1
ChIJibnEFgAZ6zkRfte6KBYynuE,office,Creative Mill Pvt. Ltd.,corporate_office,27.7052705,85.32956899999999,Durbar Marg,1
ChIJmZrxEgAZ6zkRnVh3LqgutP8,office,Kumari Head Office,corporate_office,27.7184393,85.330663,Durbar Marg,1
ChIJb9xt15sZ6zkRPLKDSZTsMF4,office,Bajra Complex,corporate_office,27.7009524,85.3236283,Durbar Marg,1
ChIJzbplsqAZ6zkRjdCaqmxKurs,office,CART INFOTECH SYSTEM CONCERN,corporate_office,27.7048518,85.3293111,Durbar Marg,1
ChIJj9QSfgAZ6zkRrlp4SxS29Z4,office,Hiraya Complex,corporate_office,27.7133912,85.3036307,Durbar Marg|New Road,2
ChIJCWfw6noZ6zkRfA6482LG3Co,office,Varosa Courier & Cargo Pvt. Ltd.,corporate_office,27.7012513,85.3114147,Durbar Marg,1
ChIJ59JEKgAZ6zkRLKBwGZ-LkDs,office,Swarnim Medical Center,corporate_office,27.7012187,85.311449,Durbar Marg,1
ChIJIbe72-EY6zkRQtW2NokjwVc,office,Kartik international,corporate_office,27.7246891,85.3132167,Durbar Marg,1
ChIJL0SsrOoZ6zkRGyXdJ9P-OAc,office,Wolf Offices,corporate_office,27.7246891,85.31321659999999,Durbar Marg,1
ChIJWSOWm_oY6zkRSS8TI2w2TNY,office,Paisley Designs,corporate_office,27.7145973,85.30367989999999,Durbar Marg|New Road,2
ChIJXSGNQQAZ6zkR_CjoCY0mM6E,office,ABS Complex,corporate_office,27.7203046,85.3295364,Durbar Marg,1
ChIJUWXPgPoY6zkRf7q8KG85Qak,office,inknLink,corporate_office,27.7137598,85.30355809999999,Durbar Marg|New Road,2
ChIJh0qxOQAZ6zkRPzVyFPp7suc,office,Kathmandu Collab,corporate_office,27.7173397,85.33146789999999,Durbar Marg,1
ChIJ--M2egAZ6zkRiCBvFl4-LOU,office,华商总会,corporate_office,27.7151679,85.30371799999999,Durbar Marg,1
ChIJJ5HK9MgZ6zkRsBrPhMonOfs,office,Erika Travel and Tour,corporate_office,27.7217959,85.3077469,Durbar Marg,1
ChIJDR0TfkkZ6zkR6WAZbA4D3r4,office,Arc Education Consultancy Pvt. Ltd.,corporate_office,27.7007428,85.3237582,Durbar Marg,1
ChIJA-6oIQAZ6zkRyTuhFMv-Vrs,office,Saathimart corporate Office,corporate_office,27.7245584,85.3236027,Durbar Marg,1
ChIJL1E00KgZ6zkRDxl5OEDMrjs,office,UA - Network,corporate_office,27.7001242,85.3218761,Durbar Marg,1
ChIJLdPdQOUY6zkRc3Hs9Bl44Io,office,Alpine house,corporate_office,27.7177676,85.3045293,Durbar Marg,1
ChIJ3UNfEPcZ6zkRw6YH-BmpctM,office,Sundar Fasco Automobile Co,corporate_office,27.7101418,85.30358729999999,Durbar Marg|New Road,2
ChIJGzp5BOYY6zkRfAbR3WSxNPM,office,Thamel Transport Service Pvt. Ltd.,corporate_office,27.7172113,85.30426229999999,Durbar Marg,1
ChIJC3edOOQY6zkRtUTKulL1mKA,office,Womens Law Firm,corporate_office,27.7209603,85.30671339999999,Durbar Marg,1
ChIJYXhbp6gZ6zkR2cu-HExI94I,office,People's Medical College,corporate_office,27.7007222,85.32391969999999,Durbar Marg,1
ChIJs4e-7fQZ6zkRP_aC05h_GXk,office,R. Cube Trading Pvt. Ltd.,corporate_office,27.7007152,85.3239229,Durbar Marg,1
ChIJMeMaQg0Z6zkRNr5-lJvKr8g,office,Regaliz Nepal Pvt Ltd,corporate_office,27.7179445,85.3045645,Durbar Marg,1
ChIJ06xK2SwZ6zkRcDSuxZi4s6E,office,Gamer Mansion,corporate_office,27.714943800000004,85.30350519999999,Durbar Marg,1
ChIJc2X0BBEZ6zkRyHPF7RsqZMs,office,Amar Construction Pvt.Ltd,corporate_office,27.7192573,85.3306183,Durbar Marg,1
ChIJB3krU4EZ6zkRto5zuYIE7u4,office,AAMA TV,corporate_office,27.717175500000003,85.3041926,Durbar Marg,1
ChIJC48cZAAZ6zkRrK07KzAL3qQ,office,TWC,corporate_office,27.7091953,85.3037705,Durbar Marg|New Road,2
ChIJjZCNOAAZ6zkRCYghMUu_ts8,office,NclexHub Pvt. Ltd.,consultant,27.7007264,85.3240308,Durbar Marg,1
ChIJi_cTFgAZ6zkRjSaX7_FxISY,office,Guidant Solution Pvt. Ltd.,corporate_office,27.7163796,85.3038689,Durbar Marg,1
ChIJe6hkbGwZ6zkRX0JENttZKS0,office,Umbrella Solutions,corporate_office,27.7146059,85.3034101,Durbar Marg|New Road,2
ChIJzzZQqwkZ6zkRxzuVJmrznTg,office,Shree Swarna Enterprises,corporate_office,27.706731,85.3047995,Durbar Marg|New Road,2
ChIJlwhjn_oY6zkR-fSbU1dAeoA,office,Revas Group Pvt. Ltd.,corporate_office,27.7151036,85.3034812,Durbar Marg,1
ChIJg07ZzjYZ6zkR0xB7PrAylhY,office,HARMONY TRAVELS AND TOURS P.LTD.,corporate_office,27.7031037,85.3078361,Durbar Marg|New Road,2
ChIJmYutBSkZ6zkRsq4TSOeLb1Y,office,Tech One Global Nepal Pvt. Ltd.,corporate_office,27.714265,85.30332070000001,Durbar Marg|New Road,2
ChIJhWSZM0cZ6zkRqNV5FEIfr0Q,office,HGPL Nepal,corporate_office,27.7225448,85.3275738,Durbar Marg,1
ChIJwUTkXAgZ6zkR6SF5HZyHe7E,office,Enet Traders Nepal Pvt. Ltd,corporate_office,27.7143931,85.3033332,Durbar Marg|New Road,2
ChIJTbvXc7UZ6zkRdU4chyjZTnc,office,Handan Sinoma Construction Nepal Pvt Ltd,corporate_office,27.7209498,85.32935499999999,Durbar Marg,1
ChIJV4FH_IsZ6zkRIIzcNGOQiys,office,A-Roll,corporate_office,27.7211344,85.32920589999999,Durbar Marg,1
ChIJEdhlqb8Z6zkRCgopGlz47Cc,office,Integrated Investment Pvt. Ltd.,corporate_office,27.7168638,85.30395829999999,Durbar Marg,1
ChIJCcJiKQAZ6zkRWZXsCB3BGME,office,Mr ram paratap nishad ji,corporate_office,27.704222100000003,85.3065127,Durbar Marg|New Road,2
ChIJlbSr9m0Z6zkRCb29g8K3Ey8,office,Khukuri Agro Farms pvt ltd,corporate_office,27.704222100000003,85.3065127,Durbar Marg|New Road,2
ChIJm3FsXgAZ6zkRU2Uca6gJbNw,office,"Unique Law Firm , Notary Public",corporate_office,27.6997381,85.3214161,Durbar Marg|New Road,2
ChIJtS2nUPEZ6zkRkwgPqR4LEIo,office,Anps Design & More,corporate_office,27.7221076,85.30754999999999,Durbar Marg,1
ChIJfw55GRoZ6zkRApEbJAJcmE0,office,Valor Craft Nepal,corporate_office,27.7097135,85.3033635,Durbar Marg|New Road,2
ChIJX8tnlOoZ6zkRg_XuKTqZJ9c,office,RARE Solutions PVT LTD,corporate_office,27.7006759,85.31142229999999,Durbar Marg,1
ChIJVXSUT6MZ6zkR9aR19hjEqQI,office,Cloud Tech Solutions Pvt. Ltd.,corporate_office,27.721118,85.32948789999999,Durbar Marg,1
ChIJNRISuqAZ6zkRGyZiHO306Xs,office,टर्बो मिडिया प्रा. लि.,corporate_office,27.70465,85.3299801,Durbar Marg,1
ChIJ82MBggIZ6zkRy6VOVezlrz4,office,Yonko,corporate_office,27.7164538,85.3035884,Durbar Marg,1
ChIJ5xzNHAAZ6zkR_ArB3G4kqAQ,office,Saket textile industries office,corporate_office,27.7120115,85.3029615,Durbar Marg|New Road,2
ChIJxzkjQuUY6zkRnksTGRF0JCA,office,Alternative Technology,,27.7179796,85.3042232,Durbar Marg,1
ChIJf41Q8ToZ6zkRfRudwqJes88,office,Salt Five Brand Consulting,corporate_office,27.7230864,85.32724209999999,Durbar Marg,1
ChIJzWy_bwAZ6zkR2EN9jXf5jBA,office,Kantipur Law Associates,corporate_office,27.6996727,85.32150060000001,Durbar Marg|New Road,2
ChIJMUSbEYYZ6zkRFfh2igngowo,office,GL enterprises,corporate_office,27.701051,85.310479,Durbar Marg,1
ChIJTeip4gsZ6zkRY8Z2Jyxr6JI,office,Automobuy,manufacturer,27.7246944,85.3115673,Durbar Marg,1
ChIJc2EQ2zwZ6zkR6oUMiCbQ9aw,office,Healingbowl(R) Singing bowls & sets,corporate_office,27.7226744,85.3080461,Durbar Marg,1
ChIJV9E2VYYZ6zkRrIeKFjJFm30,office,Haidullah Malik,corporate_office,27.7162842,85.30343889999999,Durbar Marg,1
ChIJm0c23hUZ6zkR6_jsTwsW_wU,office,"Deyko society , tapinta",corporate_office,27.7105049,85.3030349,Durbar Marg|New Road,2
ChIJQ64XegAZ6zkROOGB6MsceF4,office,Wityantra Fintech Pvt ltd,corporate_office,27.7245465,85.3248243,Durbar Marg,1
ChIJ1-GaVFQY6zkRTlQ3txuR-zg,office,Santonza Group | Nepal,corporate_office,27.7018528,85.3089627,Durbar Marg|New Road,2
ChIJGelCNgAZ6zkRj8j26gMMNTc,office,Rijal S. Associates,corporate_office,27.7171231,85.30372849999999,Durbar Marg,1
ChIJIwfXFmgZ6zkR8RW0pzqbCc0,office,Everest Insurance Newroad Kathmandu,corporate_office,27.7020757,85.30862959999999,Durbar Marg|New Road,2
ChIJQ6qiaeUY6zkRditV7a5-ZYk,office,Adieu holidays,corporate_office,27.7181758,85.3041706,Durbar Marg,1
ChIJzeK1H68Z6zkRI6SVijobfoQ,office,Nandanandan Developers Pvt. Ltd.,corporate_office,27.6996083,85.32175,Durbar Marg|New Road,2
ChIJTR1SX7YZ6zkRtL6ATXihy04,office,Suyogya Enterprises Pvt. Ltd.,corporate_office,27.7109963,85.3028997,Durbar Marg|New Road,2
ChIJO-wznlgZ6zkRGiLNOWUyHEc,school,Nar Memorial Boarding School,primary_school,27.712864900000003,85.3205545,Durbar Marg,1
ChIJIb4RTQEZ6zkRdNkTyp5IqMY,school,AJISAI Business (Japanese) Language Institute & Consultancy,consultant,27.7100136,85.3182098,Durbar Marg|New Road,2
ChIJTyaLnwEZ6zkRaySPv8Iet88,school,बाैद्धिक अपाङ्ग र अभिभावकहरूकाे राष्ट्रिय संघ,school,27.709679,85.3161229,Durbar Marg|New Road,2
ChIJN6ZrkwEZ6zkRIyU1ut4MkBk,school,Airline Ticketing Training Centre,,27.7112542,85.321986,Durbar Marg,1
ChIJsQh1LAEZ6zkRx7JQioCTF2Y,school,Malpi Int'l School,school,27.70866,85.318558,Durbar Marg|New Road,2
ChIJo63rCkYZ6zkREvx3_f1pPnk,school,Artistic Coffee School,,27.7097282,85.3145816,Durbar Marg|New Road,2
ChIJc2hnAP4Y6zkRxRy35-TWsdc,school,Albert Einstein Academy B.H.S,school,27.7109283,85.3134836,Durbar Marg|New Road,2
ChIJtTuaKQAZ6zkRNTt4PtssAyQ,school,Krishna,school,27.7103145,85.3221634,Durbar Marg,1
ChIJteDxF1sZ6zkRi1D8xandNes,school,PureSatisfy,school,27.7103145,85.3221634,Durbar Marg,1
ChIJn_TFcwAZ6zkR0IM4kGNuSCg,school,Kamal,school,27.7103145,85.3221634,Durbar Marg,1
ChIJ8TEY69EZ6zkRkGOeevg7sMQ,school,Sano Sansar Pre School,school,27.7103145,85.3221634,Durbar Marg,1
ChIJ6_rCBa8Z6zkRTTEOVY5omS8,school,Mt Everest nihongo center,school,27.7103145,85.3221634,Durbar Marg,1
ChIJC2OwDgAZ6zkRCplhNH6S7N0,school,king way tower,secondary_school,27.7083325,85.3165499,Durbar Marg|New Road,2
ChIJPdwX5QYZ6zkRuTzQXeIPay0,school,Nepal Academy,association_or_organization,27.7087441,85.32092159999999,Durbar Marg,1
ChIJh82N6DYZ6zkROpv65GobWnQ,school,Temple Tiger Group of Companies,school,27.7077121,85.3175129,Durbar Marg|New Road,2
ChIJaZX-If4Y6zkRbAJlYFnJ1d4,school,Annapurna Sec. School,school,27.7095519,85.3133194,Durbar Marg|New Road,2
ChIJ0YGRIf4Y6zkRw_R8qgH4-bQ,school,Annapurna Preprimary Wing,preschool,27.7094782,85.3133527,Durbar Marg|New Road,2
ChIJVeA_wwAZ6zkRzdb7encbzNs,school,Guitar institute Of Anil Shahi,school,27.707436,85.3177369,Durbar Marg|New Road,2
ChIJxTbvGo0Z6zkRdT2crD3za-g,school,Noor Barista Training School,school,27.7120597,85.31207529999999,Durbar Marg|New Road,2
ChIJgZahRwAZ6zkRIbPY-g07wW8,school,bad futsal turf,secondary_school,27.7074728,85.3192396,Durbar Marg|New Road,2
ChIJtXZfzQAZ6zkRbygN81V4v4E,school,"Uniglobe SS/College, Kamaladi",secondary_school,27.7072433,85.3189558,Durbar Marg|New Road,2
ChIJk8oD7bMZ6zkRt0q1WJ7KpLw,school,Uniglobe School,primary_school,27.7077483,85.3207496,Durbar Marg|New Road,2
ChIJFU-WdP0Y6zkReIzxjTjkIxY,school,Thamel Babu's Tattoo & School,store,27.7150669,85.31240919999999,Durbar Marg,1
ChIJ8bP5CW0Z6zkRUweqYGv9srs,school,Paidal Yatra treks,school,27.7153902,85.3123293,Durbar Marg,1
ChIJbX_RBTcZ6zkRUWjWbAWnlt8,school,CARE Hospitality,school,27.7143488,85.32417939999999,Durbar Marg,1
ChIJWdGRHrgZ6zkRO241o24cXn4,school,Shree Sanskrit Secondary School,secondary_school,27.7079356,85.31411109999999,Durbar Marg|New Road,2
ChIJg_EpLAAZ6zkR0VBrhyD7ZSc,school,Durbar High School (Bhanu Secondary School),school,27.7077169,85.31404789999999,Durbar Marg|New Road,2
ChIJ2YmnnwYZ6zkRcO8KQYbPxuY,school,The Authentic Culinary Class,school,27.7160838,85.3124102,Durbar Marg,1
ChIJb2tSRv4Y6zkRlT2OA-lYbH8,school,त्यौड माध्यमिक विद्यालय,school,27.7090481,85.3123878,Durbar Marg|New Road,2
ChIJq6q6lQAZ6zkRLwogazHDsUM,school,Kathmandu Model Higher Secondary School,secondary_school,27.7065344,85.3174353,Durbar Marg|New Road,2
ChIJBU0VSw8Z6zkR-zjUYRJ0Ghs,school,SHREE KAMAL PRIMARY SCHOOL,primary_school,27.711524,85.3250109,Durbar Marg,1
ChIJjS_21wgZ6zkRd1c5pUHS4eE,school,Shreeyantra Foundation (Shemrock),preschool,27.7095045,85.3243633,Durbar Marg,1
ChIJ2QQ6FR0Z6zkRw9jqG5n0OYk,school,Aadarsha Yogahari Higher Sec. School,secondary_school,27.718521,85.3149569,Durbar Marg,1
ChIJd2m9WB0Z6zkRnK6IaPUS9R4,school,Shanti Vidyagrih Secondary School,school,27.7178792,85.31361,Durbar Marg,1
ChIJR_UiDx8Z6zkRgbHDXXpsnss,school,"Pearl international coffee school, lazimpat",coffee_roastery,27.7189008,85.3206052,Durbar Marg,1
ChIJm9w4DA8Z6zkRb-WRmh1xd6g,school,Shree Nandi Ratri Secondary School,school,27.713887,85.325503,Durbar Marg,1
ChIJBwmUXx0Z6zkRqkJDBRR9_lM,school,Janaknath Memorial Secondary School,school,27.7182728,85.3137162,Durbar Marg,1
ChIJAYTzaMMZ6zkRekuyydh4Qns,school,Koselee Prakashan,school,27.7057788,85.3181879,Durbar Marg|New Road,2
ChIJA8PHx7EZ6zkRZ31IFfemNG0,school,Nepali Bass Cover Home Sessikn,school,27.7083683,85.31179540000001,Durbar Marg|New Road,2
ChIJ6R7KnoQZ6zkR-XYr9JUQo-c,school,Hitachi Abroad Study Pvt. Ltd.,consultant,27.7057296,85.31910429999999,Durbar Marg|New Road,2
ChIJo1S5XgcZ6zkRc356BKiEWaA,school,HAKONE JAPANESE LANGUAGE SCHOOL,educational_institution,27.7057091,85.31920000000001,Durbar Marg|New Road,2
ChIJmQbOyT8Z6zkRStgrDaAOG3E,school,SRR boys,preschool,27.717229,85.3239428,Durbar Marg,1
ChIJr-_7iJ4Z6zkRR2cv9e1H6Yw,school,Shree Gagalphedi Sec School,school,27.717229,85.3239428,Durbar Marg,1
ChIJ89h0jasZ6zkRnbh0hgR71og,school,Noida gov school,school,27.717229,85.3239428,Durbar Marg,1
ChIJwUmIYsMZ6zkRMXKMhOs493o,school,Hamro Jaanch,school,27.717229,85.3239428,Durbar Marg,1
ChIJGxsGHDoZ6zkRqd7GvzJy7Z8,school,Active Kids Montessori,school,27.717229,85.3239428,Durbar Marg,1
ChIJVVckhV8Z6zkR5ba05gr8T6o,school,Bhojghar ko coffee & cake,school,27.717229,85.3239428,Durbar Marg,1
ChIJe01iohIZ6zkROt_QcNgPAqw,school,एभरेष्ट मा.वि.,secondary_school,27.7185004,85.3136521,Durbar Marg,1
ChIJJ84KI9EZ6zkRZdMmGOp69vo,school,Marg Darshan high school,secondary_school,27.7172479,85.3239473,Durbar Marg,1
ChIJf6hPl60Z6zkRPP8gKIEMcK0,school,"Hanumanghat, Chikhu",secondary_school,27.7172479,85.3239473,Durbar Marg,1
ChIJVWKQa-IZ6zkRv1jB2uID5OI,school,ABC SHOPPING CENTER NEPAL,department_store,27.7172479,85.3239473,Durbar Marg,1
ChIJG_hd9OwZ6zkR7JN9r0gPfVk,school,V.S.Niketan Montessori,school,27.7172479,85.3239473,Durbar Marg,1
ChIJXSzzJAAZ6zkR5NcNHwWfSSo,school,Thankot tayel gar,preschool,27.7172479,85.3239474,Durbar Marg,1
ChIJffmSHqQZ6zkRaoGRCqsjRKk,school,ritrovo culto degli adoratori di Maradona,primary_school,27.7172479,85.3239474,Durbar Marg,1
ChIJmxYLaTMZ6zkRR3bVH1D8YUw,school,मदन चोक,school,27.7172479,85.3239474,Durbar Marg,1
ChIJ6yPJYzwZ6zkRNUIDYuP4Pns,school,विपना,primary_school,27.7089397,85.31115229999999,Durbar Marg|New Road,2
ChIJoa07RacZ6zkRm8TPLO1ej28,school,Orient Consultancy Pvt.Ltd,school,27.7058186,85.3202123,Durbar Marg|New Road,2
ChIJgXHxwAcZ6zkRAHa2ssNmBMM,school,Kaleidoscope Music Academy,educational_institution,27.707016900000003,85.32286669999999,Durbar Marg,1
ChIJ____W6gZ6zkR465DTiv5dHo,school,Minnano Wakaba International Education Pvt. Ltd.,school,27.7067763,85.3226562,Durbar Marg,1
ChIJld8JIvwY6zkRnp2408pH8zo,school,Shanti Shikshya Mandir ( Model Community School with Digital Equipped Manner ),school,27.7112149,85.31003319999999,Durbar Marg|New Road,2
ChIJW_n5QPwY6zkRKmUnqiPQbGI,school,Juddhodaya Public High School,government_office,27.7123113,85.3097928,Durbar Marg|New Road,2
ChIJw3J8Ru4Z6zkRmLI3eLyExZ0,school,Deutsch Sprachzentrum,educational_institution,27.7056495,85.3204793,Durbar Marg|New Road,2
ChIJm0Ov-oB_3K4ReQJXcj0MlsE,school,Learn Korean with Bibek (LKWB),educational_institution,27.7052375,85.3190681,Durbar Marg|New Road,2
ChIJgz3GYgcZ6zkRBUkx12kdyzQ,school,global star academy,school,27.7055324,85.3207594,Durbar Marg|New Road,2
ChIJJV3KFqoZ6zkRuU_51nKSs-0,school,Family Holidays Nepal,school,27.7177028,85.3113506,Durbar Marg,1
ChIJEQoVVwcZ6zkRVEalSUOvSIk,school,Munich International Education Pvt. Ltd.,consultant,27.7053505,85.321092,Durbar Marg,1
ChIJsWb0BKoZ6zkR39abiqdap54,school,Siddhartha Public Academy,school,27.7047228,85.3180404,Durbar Marg|New Road,2
ChIJNQnCAqoZ6zkRlYxTNsby83A,school,Pramudita Pre School,preschool,27.704723,85.318687,Durbar Marg|New Road,2
ChIJmWGziwcZ6zkRJ9rs_zKnyfw,school,IIFT Kathmandu - School of Fashion & Interior Design,,27.7057048,85.3223628,Durbar Marg,1
ChIJN_v4vv4Y6zkRmuvjkoYYmJE,school,Prabhat Secondary School,school,27.7096602,85.30957289999999,Durbar Marg|New Road,2
ChIJmTaNdYUZ6zkRBJbWqkWPCA8,school,"Dreamland Education foundation ,Bagbazar",school,27.7046901,85.31943670000001,Durbar Marg|New Road,2
ChIJ6wt43akZ6zkR3nRiXpcl1Go,school,Royal Public School,government_office,27.7048084,85.32018099999999,Durbar Marg|New Road,2
ChIJZW1MjXkZ6zkRQWON5gr2Dws,school,amir khan,secondary_school,27.7046582,85.31943749999999,Durbar Marg|New Road,2
ChIJYxfZVuwZ6zkRnnIzLPOKmbw,school,SAKURA JAPANESE LEARNING CENTER PVT.LTD,school,27.7046582,85.31943749999999,Durbar Marg|New Road,2
ChIJMRTy7YgZ6zkRiiztOOst8BQ,school,Classic Fitness Academy Nepal,health,27.7095239,85.3264537,Durbar Marg,1
ChIJVWcHLcMY6zkRNhu3dbETh9c,school,Yatra International Language Academy,educational_institution,27.7181672,85.31120299999999,Durbar Marg,1
ChIJLTdz02AZ6zkRvhjUfIkpWG4,school,Tipeeka coffee & Barista school (kathmandu putalisadak Chowk),,27.7055625,85.3226875,Durbar Marg,1
ChIJAQBw7uIY6zkRP0IDM-KC7Po,school,Pragya Higher Secondary School,secondary_school,27.7188979,85.31196580000001,Durbar Marg,1
ChIJT3ee-AgZ6zkR5KzWr7sEa1c,school,E-Edge Education,school,27.708549,85.326122,Durbar Marg,1
ChIJ55-yyvwY6zkRTGiROpIMiFY,school,Magic Expedition and Tours,travel_agency,27.716704,85.30983499999999,Durbar Marg,1
ChIJTfP2MOMY6zkRQ8_RkKMFt6I,school,Global Treks Nepal | Trekking & Tour Operator in Nepal,tour_agency,27.7173115,85.3102315,Durbar Marg,1
ChIJie9hsP4Y6zkRSg1_n4r2aYg,school,Kanya Mandir Higher Sec. School,school,27.7099789,85.3090344,Durbar Marg|New Road,2
ChIJJXPgmhZKl6cRra7eIDaZIE4,school,Focus Education & Consultants Pvt. Ltd.,consultant,27.7055693,85.3231188,Durbar Marg,1
ChIJUU35-AcZ6zkRN5dDfKhAGUE,school,Asagao Japanese Language School,educational_institution,27.7057048,85.3233829,Durbar Marg,1
ChIJ5RNvHf8Y6zkRCQMAPfdP-LQ,school,Laya GUITAR CLASS,school,27.7078675,85.3101143,Durbar Marg|New Road,2
ChIJnabWMwkZ6zkReqEZKCf-qPQ,school,Blue Butterfly Pre School,preschool,27.711162,85.3273739,Durbar Marg,1
ChIJR0iKCgAZ6zkRYIwhGuXNVO4,school,NCCS Secondary School,secondary_school,27.7147609,85.308718,Durbar Marg|New Road,2
ChIJHc3kkf8Y6zkRAluZYI454-Y,school,Shree Mahankal Secondary School,government_office,27.7059711,85.31195199999999,Durbar Marg|New Road,2
ChIJEQu_dvwY6zkRKFul1DTX14U,school,Nepal Yubak Secondary School,school,27.714869,85.3085998,Durbar Marg|New Road,2
ChIJ73imRPgZ6zkRW1XVo2aKH8Y,school,A.Nail Art Pvt.Ltd,nail_salon,27.7149733,85.3085906,Durbar Marg|New Road,2
ChIJaRGhfOIY6zkRmWxJICzJss0,school,"Everest Secondary Boarding School, Galkopakha, Thamel",school,27.7200209,85.3128213,Durbar Marg,1
ChIJl41pU_kY6zkRYw8bOVwWGYQ,school,Kanya Mandir U. Ma. Vi. Nyokha,school,27.7104552,85.3083209,Durbar Marg|New Road,2
ChIJ1YLjFuMY6zkRvhiKgKvB1Z0,school,Siddhi Ganesh Secondary School,government_office,27.7184523,85.3104979,Durbar Marg,1
ChIJv3DsURoZ6zkR25euxBDh62M,school,Xavier Academy,school,27.7208,85.321758,Durbar Marg,1
ChIJIbj4eRAZ6zkR17-Es5G0wrs,school,Creative Model Academy Boarding School,school,27.719476,85.3242789,Durbar Marg,1
ChIJc9mMU7AZ6zkRUkY7apszLTE,school,American Language Center and Education Abroad,educational_institution,27.7110757,85.3278685,Durbar Marg,1
ChIJuVCnY_sY6zkRs8wJD0YeDik,school,Nepal Yuvak Madhyamik Vidhayala,school,27.7147136,85.308144,Durbar Marg|New Road,2
ChIJ76d8ANMZ6zkRxJ8LtOQq8ls,school,Sindhupalchok,secondary_school,27.7200675,85.32357900000001,Durbar Marg,1
ChIJpVAzhxoZ6zkRke1A-uCXnDg,school,ANUPAM VIDYA SADAN Secondary Boarding School,government_office,27.7200478,85.3236359,Durbar Marg,1
ChIJa6VxiqkZ6zkRX3Ept3y8Vd4,school,Shaheed Shukra Secondary School,school,27.7036629,85.31882379999999,Durbar Marg|New Road,2
ChIJW73iStQZ6zkREF2pMGtYRlE,school,Rajesh Vocal House Pvt. Ltd.,educational_institution,27.7157066,85.3084343,Durbar Marg,1
ChIJ23fxf3YZ6zkR5zLmRM9U5-8,school,NIME Training Academy,,27.704893400000003,85.3233649,Durbar Marg,1
ChIJ979J4_sY6zkR0oPACWFMKMM,school,Om Education Academy,school,27.7112544,85.3076875,Durbar Marg|New Road,2
ChIJ12Wb5-sZ6zkR06KBTwyHFRU,school,ZTO EXPRESS (中通快递),primary_school,27.7113795,85.3076658,Durbar Marg|New Road,2
ChIJO9qQnRQZ6zkRPzL1JM8UMHo,school,Institute of Modern Studies,consultant,27.7159129,85.327837,Durbar Marg,1
ChIJfSkYdwAZ6zkR_5Ue1QPlMg0,school,Naxal,secondary_school,27.7159129,85.327837,Durbar Marg,1
ChIJIw2mc5AZ6zkRs8xhdS2iu68,school,Topa International Education Center,school,27.7033254,85.3191944,Durbar Marg|New Road,2
ChIJkd6IgAcZ6zkRb1UkPMu7vu0,school,Koizora International Language Academy,school,27.7033008,85.3191171,Durbar Marg|New Road,2
ChIJt4NkaooZ6zkRaYhHVvJFdM8,school,VETERAN Career Academy,school,27.7033375,85.3197969,Durbar Marg|New Road,2
ChIJC9gE-AcZ6zkR1nCurC_w7wQ,school,glossaPREP,educational_institution,27.7054106,85.324855,Durbar Marg,1
ChIJu2Zg9qcZ6zkRdqNHxcYULI0,school,International Concept Of Mental Arithmetic System,school,27.705399,85.32485290000001,Durbar Marg,1
ChIJZS6SkjYZ6zkRndybZuxdcG8,school,Watasino Education Consultancy - Sorhakhutte,school,27.7188257,85.309783,Durbar Marg,1
ChIJn-S24KUZ6zkRUJBHusYAKPc,school,Mumbai Mehandi Training Center,school,27.707602,85.3272169,Durbar Marg,1
ChIJgdMUxOIY6zkREgXoSL-Rrhc,school,Nepal Japan Counselling Centre Pvt. Ltd.,consultant,27.7190389,85.3098072,Durbar Marg,1
ChIJWzXCj6kZ6zkR3Pz9q9soMTo,school,Shubhangi Educational Consultancy Pvt. Ltd.,consultant,27.7032289,85.3206996,Durbar Marg|New Road,2
ChIJk9DEus4Z6zkRzbextx4F1BI,school,Sylphi Foundation Nepal,association_or_organization,27.7119401,85.30705259999999,Durbar Marg|New Road,2
ChIJa8MCeRwZ6zkRa0WucQrudiM,school,Sesame World Pre- School,school,27.7211359,85.32325279999999,Durbar Marg,1
ChIJXYETc7AZ6zkR8ySRUBFToZk,school,Edumate Campus,school,27.719119,85.3261375,Durbar Marg,1
ChIJ5ZW3p-QY6zkRriYTW7LXh5c,school,Neelgiri School,school,27.7174572,85.3084173,Durbar Marg,1
ChIJhyC3G0sZ6zkRsNB2ZYABzpg,school,Oshin Foundation Pvt. Ltd.,consultant,27.7039555,85.3231447,Durbar Marg,1
ChIJ89W9XvsY6zkRiExDGgc3Iao,school,Kathmandu Sport Climbing Center,sports_activity_location,27.7159721,85.3074196,Durbar Marg,1
ChIJa8LwdOMY6zkRKlTnOnEufnU,school,Nikko Japanese Language School,consultant,27.7193316,85.30967299999999,Durbar Marg,1
ChIJOZ79Hw4Z6zkRVB6u8ANQ1rg,school,Gurukul National Montessori,preschool,27.717372,85.327867,Durbar Marg,1
ChIJO8YLpf0Z6zkRkHJP-PoUtq0,school,Transnational Academy,school,27.7186218,85.3088381,Durbar Marg,1
ChIJSXXs7gAZ6zkRJhJcIKYWqnU,school,R.C. Books & Stationery,book_store,27.7186699,85.30885669999999,Durbar Marg,1
ChIJvUPCruMY6zkRCm81gU7mH3I,school,National Star High School,secondary_school,27.720133,85.3103443,Durbar Marg,1
ChIJa9ZREKUZ6zkRoQqiW27OHfE,school,TUITION CLASSES GRADE 1 TO 12,secondary_school,27.708843,85.30733219999999,Durbar Marg|New Road,2
ChIJtUw4fgAZ6zkRLz1tdH29Flc,school,Happy feet Montessori,school,27.7037838,85.3237149,Durbar Marg,1
ChIJayeo3xUZ6zkRnPNeh_n4MRI,school,Sagol International Education & Consultancy,consultant,27.7028821,85.3219368,Durbar Marg|New Road,2
ChIJhWSehqcZ6zkRlqPgBJNlOfs,school,Padma Kanya Bidhyashram Secondary School,school,27.7052453,85.3261927,Durbar Marg,1
ChIJHX1WmOMY6zkRe7a56nldw18,school,Sandra Namuna Baikalpik vidhalaya,secondary_school,27.7200243,85.309772,Durbar Marg,1
ChIJmSWw2XUZ6zkRisHeMi5Na-0,school,Waseda Educational Consultancy,school,27.7196762,85.30938359999999,Durbar Marg,1
ChIJ36hJYAAZ6zkRf3QWn6nbevM,school,"New Star Montessori training center,putalisadak",school,27.7031103,85.3227584,Durbar Marg,1
ChIJ0cbkFvkY6zkRmhjYeczfLyM,school,Shree Bhakta Vidhyashram Secondary School,secondary_school,27.7089296,85.3069606,Durbar Marg|New Road,2
ChIJNxQgpSgZ6zkRsh31gPVBD0s,school,Fairyland apsara bhumi secondary boarding school(FLABS),school,27.7206242,85.3255052,Durbar Marg,1
ChIJ9drRZwAZ6zkRL8VlBKIEQAI,school,Lalpurja Academy,school,27.71956,85.3091725,Durbar Marg,1
ChIJqbulUQAZ6zkRYLBCAU2ppSU,school,Dil,secondary_school,27.7214034,85.324339,Durbar Marg,1
ChIJ25Y3i5QZ6zkR2nLhTcC50_0,school,Kthamandu,school,27.7029036,85.32233579999999,Durbar Marg,1
ChIJpyY-NpAZ6zkR13-G8Qqb8CA,school,JK restaurant and fast food,school,27.7029035,85.32233579999999,Durbar Marg,1
ChIJ-56BXrgZ6zkRhFTUcfOzALQ,school,Chabahil,school,27.7029035,85.32233579999999,Durbar Marg,1
ChIJbzgL2FYZ6zkRtvCO-i_LKbQ,school,smart agriculturist,farm,27.7029035,85.32233579999999,Durbar Marg,1
ChIJIz25j3AZ6zkR2ABR7Caye1w,school,Trinity Girls Hostel,secondary_school,27.7041415,85.32490399999999,Durbar Marg,1
ChIJyQI2fREZ6zkREwKlo9sFu3w,school,NEW LEERA Higher Secondary Boarding School,secondary_school,27.7217381,85.3237475,Durbar Marg,1
ChIJa94jCxoZ6zkRXYPOqiVdEHA,school,Angel's Kingdom Kindergarten,school,27.721773,85.3237498,Durbar Marg,1
ChIJ-9jhOGUZ6zkR25gB59eVAP4,school,Kamyak Kids Zone (pre school),school,27.7032396,85.3233121,Durbar Marg,1
ChIJ7WFaE1UY6zkRRq1SXsEjXRk,school,Himalaya Secondary School,secondary_school,27.70361,85.311801,Durbar Marg|New Road,2
ChIJt9476zsZ6zkREOAneSaNOMQ,school,Artistry Academy,body_art_service,27.7201002,85.30961289999999,Durbar Marg,1
ChIJcyokF_kY6zkRoT2y8LdOb6U,school,United Tuition Center,school,27.7087833,85.3068873,Durbar Marg|New Road,2
ChIJdaFG6ykZ6zkRpjCMQhhxsWs,school,Mini Kids Montessori,preschool,27.7216935,85.32399749999999,Durbar Marg,1
ChIJzVsPmeQY6zkRiyT31jOqNUg,school,Sigma High School,secondary_school,27.718387,85.3079836,Durbar Marg,1
ChIJh0o54M0Z6zkRZuGqiolP5DA,school,Koffee Academy - Best barista school for coffee training,educational_institution,27.7025081,85.3219412,Durbar Marg|New Road,2
ChIJa7NFICUZ6zkRqOBoUzi2MPU,school,Small Heaven School,school,27.7101812,85.3061051,Durbar Marg|New Road,2
ChIJ2V80Yn0Z6zkRu89wbQyQl9Y,school,Whitefield Elementary School,primary_school,27.7112745,85.3058477,Durbar Marg|New Road,2
ChIJL9GHdG4Z6zkRFFSRx26g-hI,school,Om Mamata Day Care & Pre School,school,27.7198422,85.3088181,Durbar Marg,1
ChIJiQcTNgwZ6zkRWCVqwaiKvmI,school,Nepal Academy of Fine Arts,school,27.7141145,85.3301721,Durbar Marg,1
ChIJLRoLLRcZ6zkR6r3ekdNmeFY,school,Naya Paila Pre-School,primary_school,27.721886,85.3244678,Durbar Marg,1
ChIJR41V8-QZ6zkRotwL_u1kS4w,school,Central Public Boarding School,school,27.7146458,85.3057832,Durbar Marg|New Road,2
ChIJqYSMNfoY6zkRWdAXjHP2hVg,school,Casa Montessori Pre-School,school,27.712149600000004,85.3055607,Durbar Marg|New Road,2
ChIJty08eqcZ6zkRWi3j3_UF-pk,school,Vijay Smarak Secondary School,government_office,27.7050026,85.3269487,Durbar Marg,1
ChIJy-GhXwAZ6zkRMMH0cWR_U9Q,school,Greenwood Children Home pre School,school,27.7234177,85.3155555,Durbar Marg,1
ChIJaUxAKqgZ6zkR8rsnVtyRaXo,school,Logik Sprachzentrum | German language school,educational_institution,27.7021515,85.3222189,Durbar Marg,1
ChIJRXgyQGYZ6zkRmwfeCzEWu_U,school,RISING ACADEMY,school,27.7032153,85.3247568,Durbar Marg,1
ChIJV4JrLQoZ6zkRIfP2GRSJdiU,school,Creative Hand Knit Wears,store,27.708549,85.32970499999999,Durbar Marg,1
ChIJYdfXSLkb6zkRYSEZR6ibfhg,school,Rai School,primary_school,27.714618800000004,85.3304471,Durbar Marg,1
ChIJRfQNb38Z6zkR5YUDVOM2ebo,school,Pragya Secondary School,school,27.7230796,85.31295039999999,Durbar Marg,1
ChIJ8_8xiYwZ6zkRB2PgljcoZ4Y,school,"Central secondary school for the Deaf, Naxal, Kathmandu",association_or_organization,27.7145788,85.3306539,Durbar Marg,1
ChIJETDxP6gZ6zkRoL_vPQQt2Kg,school,Sarbottam Montessori Training Center,school,27.702208,85.3233832,Durbar Marg,1
ChIJl-In7bAZ6zkRXnldHvsYMio,school,"Digo, Courage Carrier Tution Institute",secondary_school,27.7237423,85.3211726,Durbar Marg,1
ChIJQ-06ywsZ6zkRAlx7XB2QfCM,school,Kids Campus,school,27.70873,85.330212,Durbar Marg,1
ChIJ5xBXQUEZ6zkRwiBSYMqri-E,school,Akarui International Educational Consultancy Pvt. Ltd.,consultant,27.7205625,85.3085625,Durbar Marg,1
ChIJ-3VD5qgZ6zkR2dA0D6hItKk,school,Padmodaya Secondary School,school,27.701470500000003,85.3216515,Durbar Marg|New Road,2
ChIJkQohdFEZ6zkRi7Iy4TBBTmU,school,Austin Academy,school,27.7067213,85.3293142,Durbar Marg,1
ChIJPWGk4gkZ6zkRrJWWRb4FlWA,school,Himalayan Academy,secondary_school,27.7239078,85.3147412,Durbar Marg,1
ChIJ5xGf-GkZ6zkRQsree2K_puI,school,Urbana International School,secondary_school,27.7011191,85.3209576,Durbar Marg|New Road,2
ChIJBSqzlvgY6zkRVTV0DgUQ18Y,school,Kanya Secondary School,school,27.7059363,85.30689199999999,Durbar Marg|New Road,2
ChIJZzxT7-MY6zkRLMLkOQtt5sQ,school,ELIPHSS PRE PRIMARY WING,preschool,27.721844,85.309417,Durbar Marg,1
ChIJ6zQ1BN0Z6zkRs4-zGg9bqVU,school,Dididai School Bal Mandir Naxal,school,27.7140655,85.331442,Durbar Marg,1
ChIJw3CXkvkY6zkRAEahsZoEv9Q,school,Swarnim Shiksha Sadan Secondary School,school,27.7098994,85.30470389999999,Durbar Marg|New Road,2
ChIJLQOCrfkY6zkRnoYkY53b2R0,school,Jaljala Shishu Sadan Secondary School,school,27.7085824,85.30511740000001,Durbar Marg|New Road,2
ChIJJ7UywHIZ6zkRKFlGN4-EZmE,school,Nepal Academy of Music and Drama,school,27.7133253,85.3316746,Durbar Marg,1
ChIJfz5k_RkZ6zkRkzis8vT3z9c,school,Chandratara School,primary_school,27.7236895,85.3239201,Durbar Marg,1
ChIJa-TGyfoY6zkRMIWIvqIADiM,school,Whitefield Shrine School,school,27.7161058,85.30464289999999,Durbar Marg,1
ChIJl8yJVgwZ6zkRCQb4dNwQeVc,school,Brihaspati Vidyasadan School,school,27.7142534,85.3317594,Durbar Marg,1
ChIJ6S0rKcoZ6zkR7V6dLLlm5ik,school,Nepal National Basic School (Nepal Rashtriya Aadharbhut Vidhalaya),school,27.7117239,85.3040639,Durbar Marg|New Road,2
ChIJp0Sq5z4Z6zkRwV9jCnAslOI,school,mini kids academy,school,27.7238023,85.32395849999999,Durbar Marg,1
ChIJO1idCRkZ6zkRtxDvaDS6U-w,school,Kendriya Vidyalaya Kathmandu,school,27.7245298,85.32177639999999,Durbar Marg,1
ChIJL1ajifgY6zkRCJYJSHOf__4,school,Next Generation Residential Academy,secondary_school,27.7059616,85.3060856,Durbar Marg|New Road,2
ChIJa9HV_h0Z6zkRg1SPfIfdhiU,school,Best's Montessori Samakhusi,primary_school,27.7240197,85.3123449,Durbar Marg,1
ChIJA1eKQwAZ6zkRsPWPR6pdDCg,school,महावै गाउँ पालिका वडा नं. ७,school,27.7069494,85.3051871,Durbar Marg|New Road,2
ChIJ3xlBjQwZ6zkRMmC9n8GcsJI,school,Kathmandu English School,school,27.7130536,85.33231599999999,Durbar Marg,1
ChIJUYDpYvgY6zkRT4gLg_nYoho,school,श्री अरुणोदय नि.मा. विधालय,secondary_school,27.7058163,85.3057876,Durbar Marg|New Road,2
ChIJ33S_HwAZ6zkRzyjwQ_y_mfs,school,Sarvagya Shiva Baba School,primary_school,27.7180211,85.3048826,Durbar Marg,1
ChIJf_EAdQ0Z6zkROemzgu1v_lU,school,Tangal Secondary School,school,27.7161473,85.3318832,Durbar Marg,1
ChIJ1yD3gPoY6zkRsP25UxfvJw0,school,Academy Of Sacred Hearts,secondary_school,27.7137369,85.3034828,Durbar Marg|New Road,2
ChIJO4EieFYY6zkRZO8Z_5Cyyhg,school,Balsewa Secondary School,school,27.7028632,85.3084137,Durbar Marg|New Road,2
ChIJFy2FQREZ6zkR8SwkLGBonFE,school,माउन्ट गौरी शंकर विद्यालय (Mount Gauri Shankar School),school,27.72192,85.32812,Durbar Marg,1
ChIJkwSdemQZ6zkRc-FNSGERwlY,school,Kathmandu Association of the Blind - KAB,school,27.699671,85.3179629,Durbar Marg|New Road,2
ChIJscvP8KgZ6zkRrkzAN0JnrFU,school,Shaping Minds Group - Education for All (Pvt). Ltd.,consultant,27.7007284,85.3239093,Durbar Marg,1
ChIJqUIC-AoZ6zkRmeVYWX5AMu0,school,Sai Shiksha Niketan High School,secondary_school,27.7080106,85.3317239,Durbar Marg,1
ChIJk2HkJxUZ6zkRPo0_QGLK2JY,school,Kopila Cottage Pre School,school,27.7232644,85.32645230000001,Durbar Marg,1
ChIJHXu7XuQY6zkRHKKEVVPjEZk,school,Sadhana's Mamta Happy Home And Pre-school,school,27.7202548,85.3059028,Durbar Marg,1
ChIJn3tAVuPBqqwRbrmbe6O2ooE,school,Mother's Pride Preschool Lazimpat,preschool,27.724756100000004,85.32368439999999,Durbar Marg,1
ChIJhQUo3BkZ6zkRVwd5fM0RjH4,school,BEST'S ELEMENTARY SCHOOL,school,27.724775,85.323635,Durbar Marg,1
ChIJJ5u8DuUY6zkRRnZW2IekRSQ,school,Bright Field Education Academy(Secondary Block),school,27.7192054,85.30499909999999,Durbar Marg,1
ChIJS8fgqsQZ6zkRbKGwrR-INAA,school,Navodit School Montessori block,primary_school,27.7252693,85.31304159999999,Durbar Marg,1
ChIJi_raAfoY6zkRAq4pIPFp5Co,school,New Zenith English School,school,27.7108557,85.3029414,Durbar Marg|New Road,2
ChIJMSekSQIZ6zkRVQZq7vE4pe0,school,Guitar Music Store,store,27.7013,85.30978189999999,Durbar Marg|New Road,2
ChIJsdBStwoY6zkRdtkDOWruafk,bank,Kipu SACCOS,bank,27.677382500000004,85.27510389999999,Kirtipur,1
ChIJ--vbkQ0Z6zkRhIsXye-_tXM,bank,Darshan SACCOS,bank,27.6757361,85.27650659999999,Kirtipur,1
ChIJSeWtVz0Z6zkRXvqcKX51JZ8,bank,Jyoti Bikash Bank,bank,27.6751309,85.27683999999999,Kirtipur,1
ChIJCScaEhUZ6zkRRbfzT2jJcd0,bank,Nabil Bank Limited,bank,27.6747683,85.277203,Kirtipur,1
ChIJj2kBqA4Y6zkRM5B1SejlV2E,bank,Agricultural Development Bank Ltd. Kritipur Branch,bank,27.6748191,85.27793199999999,Kirtipur,1
ChIJk771pw4Y6zkRRuxyMY0nKVE,bank,Program SACCOS,bank,27.6746574,85.2781109,Kirtipur,1
ChIJ0RD4ng4Y6zkRoFLL3MnrQm4,bank,Everest Bank Ltd. Kirtipur Branch,bank,27.6745626,85.2788796,Kirtipur,1
ChIJN8XJK-AZ6zkRS8s_UKPp1BQ,bank,NIC ASIA Bank Tyanglaphat Branch,bank,27.6815664,85.2792959,Kirtipur,1
ChIJdQ5VnA4Y6zkRgok-69kUdc8,bank,Nepal Investment Bank Limited,bank,27.6745437,85.27929780000001,Kirtipur,1
ChIJBYZmJg4Z6zkRD2M_3tVnZRc,bank,"Machhapuchchhre Bank Limited, Kirtipur Branch",bank,27.6745405,85.27929809999999,Kirtipur,1
ChIJkewfB-IZ6zkRtmns2-5hLQY,bank,Global IME Bank Limited,bank,27.6743117,85.2793262,Kirtipur,1
ChIJtRQCky4Z6zkRo-YEXEGbMHc,bank,Kumari Bank limited kirtipur Branch,bank,27.67475,85.2801327,Kirtipur,1
ChIJ0QpKQCAZ6zkROez7ZPd60s8,bank,Muktinath Bikas Bank,bank,27.6743135,85.2794976,Kirtipur,1
ChIJ7VHOfzcZ6zkRUT-gQM7SeAY,bank,"Sanima Bank, kirtipur branch",bank,27.6748081,85.2802718,Kirtipur,1
ChIJjf3mng4Y6zkRvFMJrER3Dkc,bank,NIC ASIA Bank Kirtipur Branch,bank,27.6745119,85.280035,Kirtipur,1
ChIJ7d6-HQwY6zkRIJlP-EXQTk8,bank,Rastriya Banijya Bank,bank,27.6743141,85.2798378,Kirtipur,1
ChIJiTH1awkY6zkRgmDIdar7HW4,bank,Lu ja SACCOS,bank,27.6734017,85.2757795,Kirtipur,1
ChIJH46lew4Y6zkRqMpI9qcpQX4,bank,"Citizens Bank International Limited, ATM",bank,27.6742918,85.2804494,Kirtipur,1
ChIJZyuyew4Y6zkRyUjXGN7kdV8,bank,Uma Maheshwor SACCOS,bank,27.6741262,85.2808015,Kirtipur,1
ChIJVe30-w4Y6zkRhzWQQsL-CoM,bank,Jai Vaishnodevi SACCOS,bank,27.6722076,85.2796759,Kirtipur,1
ChIJkyozs9r7lDkRQYOW8Z2TsV8,bank,Global IME Bank Limited,bank,27.6881023,85.2695316,Kirtipur,1
ChIJK_rcRW4Y6zkRWqKLBsn0A14,bank,Amrit Multipurpose Co-op,bank,27.6895377,85.2809037,Kirtipur,1
ChIJq-gU_N8j6zkRy0kFZ6uNRxU,bank,Muktinath Bikas Bank Ltd. Dhungeadda,bank,27.6893193,85.2710183,Kirtipur,1
ChIJz4d5xncY6zkRp6307kXwr4s,bank,Tinthana SACCOS,bank,27.6900592,85.27321090000001,Kirtipur,1
ChIJOQGdfJ0i6zkRkn1QpmzYeiM,bank,Duppa Sudvab SACCOS,bank,27.689756,85.2719329,Kirtipur,1
ChIJH0AcRm4Y6zkRjVlvZPpbhwE,bank,Shobhayaman SACCOS,bank,27.688818,85.284155,Kirtipur,1
ChIJZ0uaSG4Y6zkRpei5bc6E9rU,bank,Aadarsa Ganesh SACCOS,bank,27.6890081,85.2850242,Kirtipur,1
ChIJHev3XNkj6zkRi45yjFYCLAE,bank,Laxmi Sunrise Bank Limited,bank,27.6873408,85.2664315,Kirtipur,1
ChIJFYN4-G4Y6zkRVTele4rdp6w,bank,Hariom SACCOS,bank,27.6890158,85.28520859999999,Kirtipur,1
ChIJfY3nQ2UY6zkRCS0tQZVi9GI,bank,"Sanima Bank, Kalanki Branch",bank,27.6904555,85.2827736,Kirtipur,1
ChIJC542AgwY6zkRMXKuWmJcgi0,bus_stop,Naya Bazar,bus_stop,27.6748802,85.277811,Kirtipur,1
ChIJZec9eQ4Y6zkRq3D_I04Lgf8,bus_stop,Panga Dobato Bus Stop,bus_stop,27.6745591,85.2804065,Kirtipur,1
ChIJPdWWAhMY6zkRBPTQoEiF03Y,bus_stop,University,bus_stop,27.6785162,85.28523109999999,Kirtipur,1
ChIJLXVZG7kZ6zkRNuiZmJ4VCZc,cinema,Kirtipur Cineplex,movie_theater,27.6714984,85.2787512,Kirtipur,1
ChIJAQCwGA8Y6zkR0pkRk5hqQag,cinema,Krishna Cine Vision,movie_theater,27.6714148,85.27875449999999,Kirtipur,1
ChIJpw4RSgAj6zkRZePXvEO1iHg,cinema,Kathamandu,movie_theater,27.674365,85.269785,Kirtipur,1
ChIJy4X0_gsY6zkRWew14K2cqVE,clinic,Kirtipur Optical & Eye Clinic Pvt.Ltd.,medical_clinic,27.6763392,85.276054,Kirtipur,1
ChIJgYhcDAAZ6zkRvOehEL7z7DM,clinic,Rudra polyclinic Pvt Ltd,medical_clinic,27.6755882,85.27667629999999,Kirtipur,1
ChIJPTKUGG0Z6zkRcymQ3WKUp3Y,clinic,Paliphal HealthPost,medical_clinic,27.678063,85.273772,Kirtipur,1
ChIJn3gxLQAZ6zkRVuAbiZ2RYUA,clinic,Aaju Dental Care,dental_clinic,27.6779769,85.2735982,Kirtipur,1
ChIJHfIBWW4Z6zkR0ZOwVLSgwGM,clinic,Aayam Eye Clinic And Optical Center,medical_clinic,27.6773741,85.28038099999999,Kirtipur,1
ChIJzXDZDbwZ6zkR9A-CLwCKlMA,clinic,MAYA Dental Clinic,dental_clinic,27.6747586,85.27755859999999,Kirtipur,1
ChIJp-6j2VkZ6zkRdSfDtysWqmU,clinic,Aajudhya: Baaghbhairav Ayurvedic Pharma,medical_clinic,27.674766,85.27836359999999,Kirtipur,1
ChIJ6-dDVAAZ6zkRvLrBagUTjGs,clinic,Lifeline polyclinic and diagnostic center,medical_clinic,27.6771452,85.2810566,Kirtipur,1
ChIJdZ0yVM4Z6zkRHSNpPceT0bk,clinic,Shree Ganesh Optics &Eye Care,medical_clinic,27.6745707,85.27860299999999,Kirtipur,1
ChIJY4yTBAAZ6zkR9aAOFzf5oT0,clinic,Manoshwas,medical_clinic,27.6813846,85.27909439999999,Kirtipur,1
ChIJxdQuBgAZ6zkRZsdL7228tjo,clinic,Ugratara swasthya clinic pvt ltd,medical_clinic,27.6813275,85.2793098,Kirtipur,1
ChIJJ-iaawAZ6zkR7qRW_C1OuTw,clinic,Protsahan nepal rehabilitation centre,medical_clinic,27.6796321,85.280951,Kirtipur,1
ChIJ-_GfVxUZ6zkR7GgzcQAbcNQ,clinic,Kipoo Samaj Dental,dental_clinic,27.6750316,85.2799368,Kirtipur,1
ChIJe2BbfgAZ6zkR-NTrgIefZbk,clinic,Laskush Dental Clinic,dental_clinic,27.6747526,85.2800027,Kirtipur,1
ChIJq7H0HEEZ6zkRhVRjRWdu-10,clinic,Kirtipur Ultrasound Clinic,medical_clinic,27.6748162,85.2802691,Kirtipur,1
ChIJD_ImdQAZ6zkRE73t1Iy79co,clinic,Diamond Dental Clinic,dental_clinic,27.6749605,85.2804477,Kirtipur,1
ChIJIfaXupQZ6zkRve9TX42yNBk,clinic,KIRTIPUR PHYSIOTHERAPY REHABILITATION CENTER,medical_clinic,27.6741669,85.27932779999999,Kirtipur,1
ChIJbe2qowsY6zkRLWwxzF4k46M,clinic,Nabin pharma,medical_clinic,27.6748679,85.28041789999999,Kirtipur,1
ChIJKeU_7XoZ6zkR931E7wnkX8I,clinic,Kirtipur Aakha Upachar Kendra,medical_clinic,27.6745483,85.2800427,Kirtipur,1
ChIJ44N0XpcZ6zkRX7bNIkQqotg,clinic,Optical,medical_clinic,27.6748105,85.28041209999999,Kirtipur,1
ChIJ9V14UwAZ6zkRsWgjBrgWYrk,clinic,Life Serve Pharmacy,medical_clinic,27.6748105,85.28041209999999,Kirtipur,1
ChIJz2EdMAAZ6zkRn2F1KSDqyWI,clinic,Chadani Chowk,medical_clinic,27.6748105,85.28041209999999,Kirtipur,1
ChIJn6gE2A0Y6zkRfiGL47tiSeA,clinic,कीर्तिपुर अोरल डेन्टल प्रा.लि,service,27.674956200000004,85.2806027,Kirtipur,1
ChIJB7iZXF0Z6zkR3uJqB0gDink,clinic,millennium aesthetics,dentist,27.6811444,85.2810353,Kirtipur,1
ChIJS3Lsew4Y6zkRzoxYScFycC8,clinic,इन्द्र मेडिकल हल एण्ड पोलिक्लिनिक प्रा.लि. (Indra Medical Hall and policlinic Pvt. Ltd.),medical_center,27.6742215,85.2801934,Kirtipur,1
ChIJGwHxV9oj6zkRwjjRdRGer6w,clinic,"Bajrang Medical Hall, Kirtipur (Hanumanghat)",medical_clinic,27.6733286,85.28031059999999,Kirtipur,1
ChIJ_Q0ZMgAZ6zkRLdJTkAmevz4,clinic,H One Korean Therapy,medical_clinic,27.6735058,85.28079149999999,Kirtipur,1
ChIJH_bBx8sj6zkRHct9Y5912Pw,clinic,"Bahiri gaun health post,Salyansthan",medical_clinic,27.6752978,85.2697852,Kirtipur,1
ChIJSfSgDwAZ6zkRDiNSoHnqJ14,clinic,Sarva dental care,dental_clinic,27.6705822,85.27926269999999,Kirtipur,1
ChIJMeaSRwAZ6zkRYAXmS0i2ocg,clinic,Mikha Optic Center,medical_clinic,27.6705066,85.279974,Kirtipur,1
ChIJG1W2HQAZ6zkR5tN2-3lZzZ4,clinic,Balkumari Clinic,medical_clinic,27.6694948,85.2778879,Kirtipur,1
ChIJy6XcQgAZ6zkRfkPVknrIFiA,clinic,The Kathmandu dental care,dental_clinic,27.6700968,85.2809917,Kirtipur,1
ChIJy-E3qeYZ6zkROszSlCE8RFo,clinic,Sambhavya foundation,medical_clinic,27.68739,85.27680099999999,Kirtipur,1
ChIJ2eG_IVwj6zkRfiP8k1HkxBE,clinic,R S Dental: Multispeciality Clinic,dental_clinic,27.6701435,85.2709751,Kirtipur,1
ChIJ6dG9ygoZ6zkRp3Y-tsBQQBM,clinic,Friends Clinic & Pharmacy,pharmacy,27.6680765,85.2788895,Kirtipur,1
ChIJRaSiBgAZ6zkRUzjrWC0-Si0,clinic,Manoshwas Therapy Center,medical_clinic,27.6875246,85.2831125,Kirtipur,1
ChIJ9zE2bwAZ6zkRfCrhsowaDUw,clinic,Physiozone,medical_clinic,27.6883558,85.2814824,Kirtipur,1
ChIJbXFPvH0Z6zkRProvOUrHJmE,clinic,Subas Dental Clinic,dental_clinic,27.6874997,85.2699033,Kirtipur,1
ChIJQW2_PgUZ6zkRRn8ydICy6Dw,clinic,Prime Dental Clinic,dental_clinic,27.688739,85.2842467,Kirtipur,1
ChIJN8INpSoZ6zkRrf1jBwk5k1U,clinic,Subarna Nepal,medical_clinic,27.6909285,85.277401,Kirtipur,1
ChIJh565egAZ6zkR2h_o0SWzs5o,clinic,POOJA MEDICAL DIAGNOSTIC CENTER Pvt. Ltd.,medical_clinic,27.6904162,85.2827612,Kirtipur,1
ChIJ98UK1IsZ6zkRWLupfsNJAbs,clinic,Pranavi fertility clinic,medical_clinic,27.6904315,85.2827555,Kirtipur,1
ChIJp0Sz89kZ6zkRj4dEvz62N4Q,college,Amar Dhami,university,27.674889,85.2778141,Kirtipur,1
ChIJa-VqoA0Y6zkRTptvifeBSj4,college,Shahid Smarak College,university,27.677675,85.28112180000001,Kirtipur,1
ChIJhe5al68Z6zkR3fpS-HQU7hE,college,"Construction Site of Central Department of Library and Information Science, TU",university,27.678507900000003,85.28178489999999,Kirtipur,1
ChIJf9UHSwAZ6zkR-3gNONTQWkU,college,New Central Department of Management,university,27.6789377,85.2818431,Kirtipur,1
ChIJf55TcswZ6zkRrc1SplVsGNs,college,SOMU Thapa,university,27.6748105,85.28041209999999,Kirtipur,1
ChIJMUDtcw4Y6zkRN_detWZmJl8,college,Asian College,university,27.674623,85.2809781,Kirtipur,1
ChIJa8xiP7kZ6zkRcrObdom0bMc,college,𝐂𝐞𝐧𝐭𝐫𝐚𝐥 𝐃𝐞𝐩𝐚𝐫𝐭𝐦𝐞𝐧𝐭 𝐨𝐟 𝐈𝐧𝐭𝐞𝐫𝐧𝐚𝐭𝐢𝐨𝐧𝐚𝐥 𝐑𝐞𝐥𝐚𝐭𝐢𝐨𝐧𝐬 𝐚𝐧𝐝 𝐃𝐢𝐩𝐥𝐨𝐦𝐚𝐜𝐲 (𝐂𝐃𝐈𝐑𝐃),university,27.6804819,85.2819129,Kirtipur,1
ChIJ3SLKUw0Y6zkRIBJXFApXNAk,college,Master's in Interantional Relation and Diplomacy,university,27.6804432,85.282039,Kirtipur,1
ChIJrUzhgfEZ6zkRnhzBgLWueS0,college,Master’s Program in Counseling Psychology,university,27.6804198,85.2822492,Kirtipur,1
ChIJd-GHKdIj6zkRTfIDjTzfxSA,college,SSIT Institute - Computer Training Center,educational_institution,27.6734713,85.2804012,Kirtipur,1
ChIJsw8QrBIY6zkRRa2F9f8-W4A,college,"Central Department of Anthropology (CDA), Tribhuvan University",university,27.6804866,85.2828174,Kirtipur,1
ChIJMwF7CC0Z6zkRQc_G5I7vefo,college,Arjun Basni ghar,university,27.6722722,85.2765268,Kirtipur,1
ChIJK8-0Gp0Z6zkRP3Qo8GaYO5Q,college,"Central Department of Population Studies, Tribhuvan University",university,27.6818203,85.28230549999999,Kirtipur,1
ChIJtebwCcUZ6zkRbDf36Nr2vkA,college,Governance and Anti- Corruption Studies,university,27.6813142,85.2828679,Kirtipur,1
ChIJm5f1Mm4Y6zkR261MBcsRjAw,college,हिमालयन कलेज अफ एग्रिकल्चरल साइन्सेज एण्ड टेक्नोलोजी (HICAST),university,27.6782969,85.26982079999999,Kirtipur,1
ChIJ6dj_-cQZ6zkRwHX2ah18FB4,college,Department of Mathematics Education,university,27.6821728,85.2824936,Kirtipur,1
ChIJJx8MHvYZ6zkR6xU2GbPwh00,college,"Master's of Business Management , CDM",university,27.6795805,85.28397620000001,Kirtipur,1
ChIJa7P5L7YZ6zkRev-diQCMQRI,college,Center Department of Buddhism Study,university,27.6807001,85.28357419999999,Kirtipur,1
ChIJsxHT2jMZ6zkR9pJhKLTaBjk,college,Tribhuvan University ( Humanities And Social Sciences Block ),university,27.681016,85.2834625,Kirtipur,1
ChIJ4YOKpFcZ6zkRCWFYnW6c_dw,college,Lalitkala Campus Kirtipur Department,university,27.6768979,85.2848118,Kirtipur,1
ChIJN_sFTQAZ6zkR9S754jH68YQ,college,Department of ICT,university,27.6826049,85.28314859999999,Kirtipur,1
ChIJAQAAQW0Y6zkRRVONw5qiPSo,college,College Of Education,university,27.6820539,85.2837253,Kirtipur,1
ChIJk5hOYM4Z6zkRXRMEicFxalc,college,त्रि वि क्रितिपूर,university,27.6800918,85.28485359999999,Kirtipur,1
ChIJqb1MSXYZ6zkRPB0aCtd_GrI,college,Tribhuwan University Professor Quarter 1,university,27.683815400000004,85.2827707,Kirtipur,1
ChIJpQt-9isZ6zkRL9I6_VDQJqM,college,"Central Department of Library and Information Science, TU",university,27.6810435,85.2851419,Kirtipur,1
ChIJy7w5aW4Z6zkRGEjmLwQJp3E,college,Dean office Faculty of management,university,27.6841769,85.28271459999999,Kirtipur,1
ChIJFRi7awkZ6zkRZL_JHToo4co,college,TU Art and Clay Art section,university,27.6829383,85.2844432,Kirtipur,1
ChIJ206voTAZ6zkRQMsTVEBF9NQ,college,Ayurveda Campus and Teaching Hospital Girl's hostel,university,27.6707252,85.28137029999999,Kirtipur,1
ChIJrbPUBRIZ6zkRC1RIIGzuGoA,college,maraseni group of industries,university,27.6858471,85.2804632,Kirtipur,1
ChIJzVFGcwAZ6zkRo30PKQRhwoQ,college,Tribhuvan University Press,university,27.6833756,85.28436440000002,Kirtipur,1
ChIJdyzeEgAZ6zkRo0TWitR_ceQ,college,Tribhuvan University Central Library Main Gate,university,27.6816728,85.2856096,Kirtipur,1
ChIJTdBmTosZ6zkRIsvBGyt3kDg,college,"मानविकी तथा सामाजिकशास्त्र संकाय, खेलकुद विज्ञान स्नातकाेत्तर कार्यक्रम",university,27.6790416,85.2874557,Kirtipur,1
ChIJy4WyXdAZ6zkRUdk8Z7kKRKo,college,"Master’s Program in Sports Science, TU,Kirtipur",university,27.679025,85.2874583,Kirtipur,1
ChIJn3VlwG0Y6zkR4Ssm3YWXXgk,college,KCRE CAS-TU,university,27.6850084,85.2840891,Kirtipur,1
ChIJrfyyU0Mj6zkRTu7sRSxKXB0,college,"Department of International Relations and Diplomacy (DIRD), TU",university,27.6743255,85.26711399999999,Kirtipur,1
ChIJB-ZPZGkZ6zkR7TFsMAkHSkE,college,Science Block,university,27.6821666,85.28783779999999,Kirtipur,1
ChIJC3ba0RQY6zkRqpR2eFCT0ts,college,Tribhuvan University,university,27.6801744,85.2889569,Kirtipur,1
ChIJpcaBagAZ6zkRt5GRGYCUM3w,college,Shivanagar,university,27.6860977,85.2858725,Kirtipur,1
ChIJZ97z7GAZ6zkR6_rMfCYEkgY,college,IAAS LAB,university,27.6753965,85.2909711,Kirtipur,1
ChIJxWz3MAAZ6zkRRu9EzXjVj8M,college,TU field,university,27.6832327,85.2902908,Kirtipur,1
ChIJI1kQzW8Y6zkRkUu4ESSHASw,college,Himalayan College of Agriculture Science & Technology Hicast(Old Building),university,27.689666000000003,85.283355,Kirtipur,1
ChIJFcHjpBAZ6zkRs2orwvaehqY,college,Capital Info Tech,university,27.6896138,85.2845916,Kirtipur,1
ChIJv2UvAv4Z6zkR3F_rU66rsCg,hospital,Medquest Diagnostics Center Pvt. Ltd.,medical_center,27.6763992,85.27608459999999,Kirtipur,1
ChIJJbmwlrkZ6zkRakQtTRysMKQ,hospital,Reyan Medical Hall,medical_center,27.6783171,85.2732279,Kirtipur,1
ChIJwXjG3vkZ6zkRjBk4DgriwOM,hospital,Kriti Polyclinic,hospital,27.676998,85.28096169999999,Kirtipur,1
ChIJYe-FJQAZ6zkRTET28WjtNps,hospital,Ugratara Polyclinic,hospital,27.6813846,85.27909439999999,Kirtipur,1
ChIJxfpUI3MY6zkRbIbSWui6oiQ,hospital,Baidik Ayurbedic Sewa Pvt.ltd,hospital,27.6817103,85.27935649999999,Kirtipur,1
ChIJo5MzKQAZ6zkRdtdLo2TqCpM,hospital,Anjali Medical,medical_center,27.6818495,85.2794313,Kirtipur,1
ChIJ-_i-3A0Y6zkRDRoeN5G5jSU,hospital,our everest kennel,hospital,27.6755218,85.2810433,Kirtipur,1
ChIJ_5S53g0Y6zkRDR_NAGgMqz8,hospital,Health Care Clinic,medical_center,27.6751131,85.2810288,Kirtipur,1
ChIJRZcZnwUZ6zkRJGXPB60VCB8,hospital,Kirtipur health and wellness center Pvt.ltd,medical_center,27.6730748,85.27967489999999,Kirtipur,1
ChIJFWr2NgAZ6zkRule0X9TWBeA,hospital,"Urban Health Center, Nagaun",medical_center,27.6729777,85.2744353,Kirtipur,1
ChIJwSuTcnUY6zkR0MYu662Pf5c,hospital,Nepal Cleft & Burn Center,hospital,27.6827174,85.2734471,Kirtipur,1
ChIJA8wtu0cZ6zkRjpRJU-5SHiY,hospital,Sarthak Vet Pharma,hospital,27.6728759,85.2740116,Kirtipur,1
ChIJK5NPGgAZ6zkRP_gmpRFpw0c,hospital,Kirtipur Health Post( Swastye Chauki),hospital,27.6735277,85.2812936,Kirtipur,1
ChIJVXj62SgZ6zkRBoDrQSbQPC4,hospital,कीर्तिपुर सामुदायिक स्वास्थ्य केन्द्र (Jana Polyclinic),hospital,27.6734524,85.28128389999999,Kirtipur,1
ChIJ-QEpRM8Z6zkRtNmZx6M3TcQ,hospital,Health Center,hospital,27.6780101,85.2858141,Kirtipur,1
ChIJA4TTUQAj6zkRCfIykETo8Lg,hospital,James Pharmacy,medical_center,27.6718183,85.2705895,Kirtipur,1
ChIJ3ykXXUAj6zkRAqFOkZrDeMQ,hospital,Salyansthan health post,hospital,27.6775625,85.2667656,Kirtipur,1
ChIJaSclMAYY6zkRhrM2MgfhD7g,hospital,Panga Health Post,hospital,27.6683684,85.2752921,Kirtipur,1
ChIJPbxO-0kj6zkRbn2BLcXRvbA,hospital,"Department of Dravyaguna Vigyan, Ayurveda Campus & Teaching Hospital",hospital,27.6698631,85.2704641,Kirtipur,1
ChIJ6UJ4YgAZ6zkRcq9SgegtoTc,hospital,Aarambha Health Service Center,medical_center,27.669345300000003,85.28383989999999,Kirtipur,1
ChIJh9yesxMZ6zkRiN_700jtmE8,hospital,Tribhuwan University Ayurveda Teaching Hospital,hospital,27.6767512,85.2893718,Kirtipur,1
ChIJweceo2cj6zkR6tPmfXDmVUo,hospital,Nuwakot District Hospital,hospital,27.6866145,85.26894949999999,Kirtipur,1
ChIJY_VdtNMj6zkRjV551f2JNO8,hospital,SHUKLAFATA MEDICAL Hall PRIVATE LIMITED,medical_center,27.6879374,85.2698455,Kirtipur,1
ChIJX9dEegAj6zkRYPd5G5RWcLM,hospital,New Tinthana Health Post,medical_center,27.6861829,85.2670921,Kirtipur,1
ChIJu3KIfcoj6zkRBxQeSOuMUL8,hospital,Kshitiz Medical Hall,medical_center,27.689252600000003,85.27111839999999,Kirtipur,1
ChIJ8dLaSW4Y6zkRi6zEfOOd97I,hospital,A.P.S. Birthing Center,hospital,27.689058000000003,85.2839205,Kirtipur,1
ChIJbfI6W1cZ6zkR_gbigNpNMpE,hospital,Medanta Ayurved Hospital,hospital,27.6874349,85.28649879999999,Kirtipur,1
ChIJCYhAOpUj6zkR84hlkKqOVRk,hospital,Yugin Pharmacy,medical_center,27.6873079,85.26662290000002,Kirtipur,1
ChIJbdiIAAwY6zkRko9_-gQEHgk,mall,MOHAN TAILORING CENTRE.,shopping_mall,27.6748402,85.2773825,Kirtipur,1
ChIJK20YagAZ6zkRCpny4S4kzeQ,mall,khansi bazar,shopping_mall,27.6783465,85.2732402,Kirtipur,1
ChIJQ1EXBeAZ6zkRpuDQM9DXxyM,mall,Busni Online Store,shopping_mall,27.6744804,85.273625,Kirtipur,1
ChIJU1VVVQEY6zkREDAkWZL-e58,mall,P.POWER COMPUTER P.LTD,shopping_mall,27.6750267,85.2811062,Kirtipur,1
ChIJTe59DAgZ6zkRs6n89tRCgh8,mall,"S.K. Building , एस. के बिल्डिङ",shopping_mall,27.6742939,85.2802828,Kirtipur,1
ChIJHUzL3Q0Y6zkRDcr_z0l_yls,mall,Ajar Store,shopping_mall,27.6737468,85.2798596,Kirtipur,1
ChIJ78tiYgAZ6zkRLgnR10uLZhc,mall,Sudurpaschim fancy store,shopping_mall,27.6736665,85.27996759999999,Kirtipur,1
ChIJfaFGy-kZ6zkRYDKyh2rGpB4,mall,Malika Shopping Point,shopping_mall,27.6832566,85.27775779999999,Kirtipur,1
ChIJ-5daRQAZ6zkRKCzwsAiMt0E,mall,Basu kirana store,shopping_mall,27.6723399,85.2767315,Kirtipur,1
ChIJd31flIsZ6zkRbXZJhsUJSrM,mall,Hidden Liquor Shop,shopping_mall,27.6739196,85.281534,Kirtipur,1
ChIJaW1RIPoZ6zkRUHhb-yhUJyQ,mall,Niuto Store,department_store,27.6734735,85.28193759999999,Kirtipur,1
ChIJF5KsXg8Z6zkR3qhe2XBrSAs,mall,Rajit Maharjan,shopping_mall,27.6712263,85.2802332,Kirtipur,1
ChIJ9UT7oSEj6zkRHUly7DNZmEM,mall,Paudel Puja Samagri Tatha Dairy Pasal,shopping_mall,27.6696359,85.27023779999999,Kirtipur,1
ChIJ2wiGLNYZ6zkRjxBM0aHA6Fk,mall,NEW CK TRADERS,shopping_mall,27.6886901,85.2789669,Kirtipur,1
ChIJjdzGNQAj6zkRVr46FMnYt_M,mall,खड्का किराना पसल (पुष्पा स्टोर) KHADKA KIRANA PASAL(PUSHPA STORE),shopping_mall,27.669256,85.2692946,Kirtipur,1
ChIJTzouWh4j6zkR8ULOGjuGtws,mall,Swaad Chautary Agro Pvt. Ltd.,shopping_mall,27.6895275,85.2721108,Kirtipur,1
ChIJdSLyzEEZ6zkR_xIJSkpNVcU,mall,Trithunga Complex,shopping_mall,27.6902979,85.27378689999999,Kirtipur,1
ChIJQXpL9VgZ6zkR6MAELeJtIb8,mall,"Gambhir Kirana Pasal, Panga Jaru Place",shopping_mall,27.6656553,85.27350779999999,Kirtipur,1
ChIJ99fy39IZ6zkRsoZ-4Dt8NJc,mall,PANT NIWAS,shopping_mall,27.6652556,85.2736176,Kirtipur,1
ChIJs-Z_GQAZ6zkRNjkADo24Uzg,mall,KAMBY COMPLEX,shopping_mall,27.690391,85.2825596,Kirtipur,1
ChIJ-xZvo6kZ6zkRz_-mnS9zLeA,office,Fab Tech,corporate_office,27.6784706,85.27758310000002,Kirtipur,1
ChIJm4KO0i0Z6zkREw_g_IBt-wU,office,Auto Printing Press,corporate_office,27.6784848,85.277774,Kirtipur,1
ChIJp8UqZQAZ6zkRC1tKmeSKRR4,office,"Central CCTV Station | D.B.S. Technology Nepal Pvt. Ltd.: CCTV CAMERA, SECURITY PRODUCTS AND IT SOLUTION",corporate_office,27.6764371,85.276065,Kirtipur,1
ChIJLZu1pQwY6zkRG6xHsh7T6vM,office,धलमेंदर क्लनिंग सेन्टर,corporate_office,27.6797075,85.2778543,Kirtipur,1
ChIJXdKGugwY6zkRha0_pDEbywU,office,B N L,corporate_office,27.6798368,85.2782208,Kirtipur,1
ChIJjfFymw4Y6zkRneIcVRBVILw,office,WorldLink Communications Ltd. (Kritipur Branch),corporate_office,27.675671500000004,85.2765775,Kirtipur,1
ChIJMYJI0gsY6zkRZd0haFq5X70,office,OVESEAS NEPALESE INVESTMENT CO.LTD,corporate_office,27.6752599,85.2751224,Kirtipur,1
ChIJ7dvnvVoZ6zkRAH_4IVDIXG8,office,Nikunj Group Pvt Ltd,corporate_office,27.6748924,85.27795189999999,Kirtipur,1
ChIJXW9O5SEZ6zkRJdZ2Ik-Pg30,office,Nepal Life Insurance,corporate_office,27.6745416,85.27856919999999,Kirtipur,1
ChIJmZvQQFcj6zkRqYsnXm69ywg,office,Nani Multipurpose Company Pvt. Ltd.,corporate_office,27.6742128,85.2769352,Kirtipur,1
ChIJMY9degoY6zkRbmPuXoA9iis,office,Loo: Jaa: Aluminium Fabricator,corporate_office,27.6768435,85.2727068,Kirtipur,1
ChIJuywyQWoZ6zkR_vJ4YKaob6w,office,ARC Nepal,corporate_office,27.6742126,85.2781443,Kirtipur,1
ChIJV_D9x6QZ6zkRnDbep4VNScY,office,Omitya Trading Pvt.Ltd,corporate_office,27.6760814,85.2729952,Kirtipur,1
ChIJtbeFFAAZ6zkRKyB5xltQLms,office,ITech Office Support,corporate_office,27.6756415,85.2805826,Kirtipur,1
ChIJnSGBL3MY6zkRM5D-wo5mmZA,office,Shanaya Beauty Parlour & Cosmetic,corporate_office,27.681436,85.2795371,Kirtipur,1
ChIJmwrFEwAZ6zkR1Nap9_wlYvM,office,Khanal Tower,corporate_office,27.6797311,85.2725504,Kirtipur,1
ChIJhdAnPgAZ6zkR8mhs8fIR90s,office,Aarush Multi Traders,corporate_office,27.6758067,85.2728665,Kirtipur,1
ChIJMYqdGwAZ6zkRPWLUOyuJHlA,office,"Sajilo Net, Kirtipur Branch",corporate_office,27.6751336,85.28052129999999,Kirtipur,1
ChIJexzaZAAZ6zkRhN2YSpk_1yA,office,Kirtipur,corporate_office,27.6748105,85.28041209999999,Kirtipur,1
ChIJ-6iK0esZ6zkRgU9wjW7oFn4,office,Dhaulagiri Natural Foods and Herbs Pvt. Ltd,corporate_office,27.6813469,85.2805891,Kirtipur,1
ChIJT_OKMwAZ6zkRmZW5aPajq6o,office,Philip Chaudhary Room,corporate_office,27.6738402,85.27456939999999,Kirtipur,1
ChIJHTYHL9YZ6zkRaWzfeaOswNM,office,PGPL HQ,corporate_office,27.6734734,85.2756203,Kirtipur,1
ChIJyc2vfg0Y6zkRgXS_JGE8cqA,office,Kirtipur BDS 4 SRT,corporate_office,27.6781227,85.2823018,Kirtipur,1
ChIJebxs9X8Z6zkRpf9SrpJFycw,office,"Asian Life Insurance Kirtipur Sub-Branch kathmandu, Nepal",corporate_office,27.6750243,85.2810974,Kirtipur,1
ChIJzazKeAAZ6zkRdGmez5skMUw,office,Praban Station,corporate_office,27.6832493,85.2773208,Kirtipur,1
ChIJR-XHKiIZ6zkRFlXuOXoW8tU,office,Bir Business Complex,corporate_office,27.6741968,85.281303,Kirtipur,1
ChIJ1YV6YAAZ6zkRePV6j9b8KoQ,office,TNL Pvt. Ltd.,corporate_office,27.6838441,85.2776069,Kirtipur,1
ChIJ6b_yv-4j6zkRlzfnUv3X3DQ,office,Aayam Skill Development Center,corporate_office,27.6758541,85.2708013,Kirtipur,1
ChIJWUTsFQAZ6zkRoGG3wRWPiLQ,office,Kirtipur merchant,corporate_office,27.683729300000003,85.2787416,Kirtipur,1
ChIJCQ650lQZ6zkR2dydOEFG--Y,office,Santosh bhattarai,corporate_office,27.6718551,85.2748665,Kirtipur,1
ChIJH50UIwAZ6zkRRXdM1Kh8eYE,office,Mahila Sambriddhi,corporate_office,27.6832785,85.2814915,Kirtipur,1
ChIJLyurbxYZ6zkR_NpILs2yN18,office,PB HOMES,corporate_office,27.683555700000003,85.2811759,Kirtipur,1
ChIJKU81VwAZ6zkRgauBL7iTmzY,office,IME LIFE INSURANCE COMPANY LIMITED,corporate_office,27.6720501,85.2727692,Kirtipur,1
ChIJwcwKtQ8Y6zkRRrmwLLI10Tw,office,CSD Consult Pvt. Ltd.,corporate_office,27.6716941,85.2811328,Kirtipur,1
ChIJg9Okql8Z6zkRCaM8dHSekiI,office,Deuje Station,corporate_office,27.6719064,85.28167429999999,Kirtipur,1
ChIJlYbHWW4Y6zkR9tjQ8Tl5VZU,office,Hariom Saving & Credit Co-operative Ltd,corporate_office,27.6847032,85.28116440000001,Kirtipur,1
ChIJ____L3QY6zkRT_X37g8OKgs,office,Shubhatara Udhyog,corporate_office,27.685634600000004,85.2753913,Kirtipur,1
ChIJb8gjPwAZ6zkRzfP-d_N98qY,office,Codexo Tech,corporate_office,27.6857915,85.2780255,Kirtipur,1
ChIJo8VR2qQj6zkRVwcki4RZ1L0,office,.,corporate_office,27.6732907,85.2698209,Kirtipur,1
ChIJUUkAzk0Z6zkRrBBX2tbC5vg,office,panga multipurpose cooperative ltd,corporate_office,27.6705321,85.2797294,Kirtipur,1
ChIJTyCsmIcZ6zkRpglhEU-GQUc,office,Civic Developmental Services Pvt. Ltd,corporate_office,27.6703686,85.27971579999999,Kirtipur,1
ChIJqbZeIAAZ6zkRtT-RGrU3NNw,office,Autism Sanjal,corporate_office,27.6703582,85.2733507,Kirtipur,1
ChIJCe-pAwAZ6zkRZzLsBhqQwsg,office,Panga needle felt,corporate_office,27.6699906,85.2800554,Kirtipur,1
ChIJm73oEAAj6zkRhe7HfQXcQjw,office,Culers Building,corporate_office,27.683675,85.269536,Kirtipur,1
ChIJVTl4wd4j6zkRRVy0fcauV34,office,National park office dhakal chaur sector,corporate_office,27.6845537,85.2697941,Kirtipur,1
ChIJiWuQYcsZ6zkRlkEJnFgCrSQ,office,Garapare Tower,corporate_office,27.6695775,85.2809568,Kirtipur,1
ChIJxch-0xgZ6zkRbtHzeZ0DhA4,office,Continental Groups pvt.ltd,corporate_office,27.6870807,85.2743263,Kirtipur,1
ChIJubJNdwAZ6zkRC1rsvuI6qdQ,office,Continental trading and contracting pvt.ltd,corporate_office,27.6871693,85.2743146,Kirtipur,1
ChIJ_____6Mi6zkR5kAuay0cnbw,office,The Healer journal,corporate_office,27.6743255,85.26711399999999,Kirtipur,1
ChIJwzvnYwUY6zkR6iCidd09WVQ,office,Pragati Mosaic Tiles,corporate_office,27.6687138,85.2809486,Kirtipur,1
ChIJz-mCIwAZ6zkRvJyoiSlaSrA,office,Gocodec Pvt. Ltd,corporate_office,27.6870866,85.28180569999999,Kirtipur,1
ChIJWzTvCAAj6zkRKmIkY3tn2qY,office,Diyo Nepal,corporate_office,27.6843708,85.2674329,Kirtipur,1
ChIJGcwzSAAZ6zkRcgyjl0-XfrU,office,Pashupati Business Organizers,corporate_office,27.6885492,85.27852109999999,Kirtipur,1
ChIJtSVcRv8j6zkRgf0y9NPwAC4,office,JSMJ Smart Homes Pvt. Ltd.,corporate_office,27.6861371,85.2689372,Kirtipur,1
ChIJg0Iz0pYZ6zkRsXdFI8rcAEI,office,Purnima Khadya Suppliers,corporate_office,27.6888497,85.278539,Kirtipur,1
ChIJX5U2HgAZ6zkRhsqK_yM1_XI,office,Power Solution Twenty Four Seven Private Limited,corporate_office,27.6865245,85.28560019999999,Kirtipur,1
ChIJZaa4aQAj6zkRX_ntgaZRB7o,office,Indu Designs and Associates,corporate_office,27.6698313,85.2678557,Kirtipur,1
ChIJjZvQJCcj6zkRbAYSS6TvWoM,office,parth plywood traders,corporate_office,27.6876316,85.2696539,Kirtipur,1
ChIJtS-Jsm0Z6zkRBFIwTd4f4IY,office,Stc auto pvt ltd,corporate_office,27.6895199,85.2748751,Kirtipur,1
ChIJS6pp6SIj6zkRF9jqwF1CqnI,office,Eco business house,business_center,27.6883086,85.2706766,Kirtipur,1
ChIJ92LBT9MZ6zkRpFm80XdekH0,office,ABC HR PVT. LTD.,corporate_office,27.6705186,85.2873006,Kirtipur,1
ChIJhVWIb_MZ6zkRKaPmxTPkHH8,office,Bhardwaj Multipurpose Company Pvt. Ltd.,,27.6686559,85.2685774,Kirtipur,1
ChIJ7ft5fwAj6zkRsozeuqLvsOc,office,Suva aashirbad,corporate_office,27.6687509,85.2684415,Kirtipur,1
ChIJ3allGB0Z6zkRr4xXAAqeQoM,office,Pathivara devi trade link,corporate_office,27.6895086,85.28109189999999,Kirtipur,1
ChIJP23TsdcZ6zkREdsrEXOHDtY,office,Inception of Development,corporate_office,27.687563500000003,85.28560370000001,Kirtipur,1
ChIJc69yXJki6zkRa9JXZRJpOqA,office,Hikari Tours pvt. ltd,corporate_office,27.6855672,85.2660458,Kirtipur,1
ChIJURG_waMZ6zkRxYYX8VK2kuo,office,Kamana Automotive Pvt Ltd,corporate_office,27.6899004,85.2730337,Kirtipur,1
ChIJPbizAkYZ6zkRPhyIEd14Puo,office,AST.PVT.LTD,corporate_office,27.690755,85.278245,Kirtipur,1
ChIJueF17XAY6zkRBO2bwe7cQKo,office,Sai Baba Gas Udhyog,corporate_office,27.6906549,85.2793022,Kirtipur,1
ChIJrd_dLA8Z6zkRSNMU1rzYxM4,office,R A Creations,corporate_office,27.6902901,85.2811965,Kirtipur,1
ChIJfQ7CR3AY6zkR_IAb-j_x98c,office,Nepal Monetary Solutions (NMS),corporate_office,27.6902901,85.2811965,Kirtipur,1
ChIJNRUjaQAZ6zkRQ3YrvmwVwzk,office,Koti Homes Nepal,corporate_office,27.6905291,85.2815701,Kirtipur,1
ChIJYWU50xYZ6zkRZ0GcxsoP1Zg,office,Nepal Machhamasu Byabasayi Sangh,corporate_office,27.6893324,85.2845375,Kirtipur,1
ChIJdfFvKgAZ6zkRzCLUvOmE-4w,office,Highland media and studios,corporate_office,27.690313600000003,85.2823441,Kirtipur,1
ChIJu1jsWLwZ6zkRQD-Ox_Tb-VU,office,chaupaya kharid birik sewa,corporate_office,27.6894004,85.2844916,Kirtipur,1
ChIJr9fQ8G4Y6zkRNZ_Q6c1FVeQ,office,Jaya Mata Radhika Transport pvt ltd,transportation_service,27.6888719,85.2854547,Kirtipur,1
ChIJ0XBkegAj6zkR7tX2o_0CszM,office,Class 11,corporate_office,27.689,85.2686325,Kirtipur,1
ChIJf-BFAAAZ6zkRYjOG9rrVcwk,office,Yugsa Holdings Pvt Ltd,corporate_office,27.6891625,85.28514059999999,Kirtipur,1
ChIJ7WMVOJAZ6zkR0U8LYZlo8Ss,office,Ayat Digital Private Limited,corporate_office,27.6866285,85.288482,Kirtipur,1
ChIJQ5P-ZW4Z6zkRyUtybeio02M,office,Heritage Flooring Carpet Industries Pvt. Ltd. Heritage Business Complex,corporate_office,27.691462800000004,85.2771866,Kirtipur,1
ChIJveghBwAZ6zkRtxz6fIYezOM,office,Genetica Laboratory Pvt. Ltd.,corporate_office,27.6904637,85.28271989999999,Kirtipur,1
ChIJZ0Y34mQj6zkR_HF9VKw70F4,office,HICAAP Pvt Ltd,corporate_office,27.6890366,85.2682229,Kirtipur,1
ChIJ5bogK7IZ6zkRjgmlTtpQI1k,office,Garima vu sewa kendra,corporate_office,27.6907537,85.28201949999999,Kirtipur,1
ChIJvQPISAsY6zkRUu1LymePErU,school,Hill - Town Secondary School,government_office,27.6798125,85.2764375,Kirtipur,1
ChIJDR2y_zsa6zkRVU1nyIQD5ws,school,Mangal Secondary School,school,27.677946,85.2795448,Kirtipur,1
ChIJdT5L5QsY6zkRuAv8_4_ZBUA,school,Kirtipur Sec. School,secondary_school,27.6754679,85.2766328,Kirtipur,1
ChIJHac5fcEZ6zkR5ZVhzq-z4YA,school,Kirtipur Tuition Center,school,27.675302700000003,85.27711389999999,Kirtipur,1
ChIJE2_HXuYZ6zkRfVxcWBReel0,school,बैष्णवी माध्यमिक विद्यालय,secondary_school,27.678173,85.2738196,Kirtipur,1
ChIJv2tqx50Z6zkRO9iz_3_OOgU,school,Gorakhnath Secondary School,school,27.6755892,85.2786469,Kirtipur,1
ChIJy6IXy04Z6zkRxcyPZ60sC84,school,दिक्षान्त कलेज सुकेधारा,school,27.6764051,85.2799319,Kirtipur,1
ChIJ10oI3gsY6zkRgfIEbQrv6aQ,school,Turners Pathshala,school,27.675021,85.276077,Kirtipur,1
ChIJAQAQiAoY6zkR1DI7epmujWI,school,Vishwo Rastriya Madhyamik,school,27.6775267,85.2729344,Kirtipur,1
ChIJ37mkOwoY6zkRSKUMkGMMZbA,school,Angel Academy Boarding School,school,27.6756393,85.27390439999999,Kirtipur,1
ChIJT28cWgkY6zkR6WMal2EN4c0,school,Creative Academy,secondary_school,27.6743236,85.27654590000002,Kirtipur,1
ChIJz0bt3QsY6zkRoYdMz7rK6EM,school,Shemrock Simrik Int'l Pre-School,preschool,27.6745742,85.2752486,Kirtipur,1
ChIJ9Y5Wug0Y6zkRhwoDCQX4Oo4,school,Nepal Association of the Hard of Hearing,association_or_organization,27.6768087,85.2810118,Kirtipur,1
ChIJuRa3mJQZ6zkRUTuBx4v6qCI,school,Kriti Secondary Boarding School,school,27.6742159,85.27745,Kirtipur,1
ChIJYWCQVFUZ6zkRRiS-DY6mzWo,school,Bright Star montessori School,preschool,27.6741594,85.2783256,Kirtipur,1
ChIJvSVOgF8Z6zkRnPVJGOFacAQ,school,EuroKids Kirtipur,preschool,27.6759788,85.2729035,Kirtipur,1
ChIJjzcOmQ4Y6zkRoEEuw-HKP20,school,Star Pre School,school,27.6741304,85.27868649999999,Kirtipur,1
ChIJUU2dJwoY6zkR2bKwx3DPe5k,school,Pushpa Sadan Boarding High School,secondary_school,27.6746239,85.27396689999999,Kirtipur,1
ChIJKTi7aDsZ6zkRDPZUpARvFjI,school,Balbatika Sansar Preschool (Little Einsteins Kirtipur),preschool,27.6736887,85.27599909999999,Kirtipur,1
ChIJFze-93kZ6zkR0WUZpdAEfgc,school,South Valley English Secondary School,school,27.6756246,85.2726535,Kirtipur,1
ChIJ2zjgdQ8Z6zkRsi1dv61vozo,school,Star Montessory Pre School,preschool,27.6752647,85.27281049999999,Kirtipur,1
ChIJK9kduigZ6zkRCBcZZ2j3Nv4,school,Nepalbhasa Academy,school,27.682437,85.2746069,Kirtipur,1
ChIJZ4qgbNwZ6zkR3IjRNh-dDsk,school,Amico Int'l Education Center Pvt. Ltd.,consultant,27.6749596,85.2812029,Kirtipur,1
ChIJybnlaAAZ6zkRsbKTujB8lkY,school,"River Valley High School Chikhu,kirtipur",secondary_school,27.6728956,85.2780579,Kirtipur,1
ChIJI-1UdXMY6zkRWqP1pgXnn8k,school,little steps preschool kIRTIPUR,school,27.6834301,85.2784579,Kirtipur,1
ChIJd5AkUeYZ6zkRk2hN2HNB5p0,school,Kirtipur English Boarding High School,school,27.6827049,85.2806398,Kirtipur,1
ChIJ6wq3TWIZ6zkRKFiRCtxJBUo,school,Geeta Pathashala,school,27.6727061,85.2740439,Kirtipur,1
ChIJf66I2J8i6zkR7WypqbldYmI,school,Indrayani Primary School,primary_school,27.6824229,85.2721181,Kirtipur,1
ChIJiR56MAAj6zkRQUeni7zRnAc,school,Kathmandu,school,27.676031,85.2704121,Kirtipur,1
ChIJVVVVVRIY6zkRipt_tWgWlZc,school,Kagyu Institute of Buddhist Studies,lodging,27.6828666,85.2722355,Kirtipur,1
ChIJmZFOsxIY6zkRoZwOJWHnxNI,school,"Clock Tower, T.U.",secondary_school,27.680739600000003,85.2835101,Kirtipur,1
ChIJwziHUbwZ6zkRf-Dr7xtinHA,school,Little Bud School (Pre-Primary),school,27.6839402,85.2805798,Kirtipur,1
ChIJEX9s9UgZ6zkRxks3HE0l9Vc,school,Lok Adarsha Academy,school,27.6839646,85.2806981,Kirtipur,1
ChIJk56l3XkZ6zkRbBnVXKD_tXc,school,Prayas Pre-School and Training Center,preschool,27.6733256,85.2825639,Kirtipur,1
ChIJOyCpfA4Y6zkRiVAfYwzkZZw,school,Mt. Marigold School,secondary_school,27.6719184,85.2809217,Kirtipur,1
ChIJGT-pYSQZ6zkRl_92TcynKNs,school,TIKSS Montessori,school,27.6839653,85.2815081,Kirtipur,1
ChIJUQ884CQZ6zkRHm2wXlzq-7s,school,CC Academy Montessori Based School,school,27.6851251,85.2753066,Kirtipur,1
ChIJ535SEA4Y6zkRJCPpWVEmTq4,school,Kipoo Newa English School,preschool,27.6723987,85.28201609999999,Kirtipur,1
ChIJOYV2zHMY6zkReZc3EzfDSJk,school,Varnamala Preschool,preschool,27.6854461,85.2799029,Kirtipur,1
ChIJrRHMEg8Y6zkRHc3cYczQnvw,school,Nawa Jyoti School,primary_school,27.6703582,85.2791931,Kirtipur,1
ChIJ-5zM2g8Y6zkRYhmZrMWsm9E,school,Panga Secondary School,school,27.6710701,85.2820684,Kirtipur,1
ChIJLzCCij8Z6zkRYWf4cTzvTJY,school,Shree Vaishnabi Secondary School (Block B),school,27.6721989,85.28382309999999,Kirtipur,1
ChIJ9WeNxMMZ6zkRi40POmFEXxA,school,Innovation School Panga,primary_school,27.6697674,85.27999489999999,Kirtipur,1
ChIJL4qP8dAj6zkRH8TIfLqaTyg,school,Salyansthan Secondary School,school,27.6761618,85.26705450000001,Kirtipur,1
ChIJc4s2rXYY6zkRRjjD4qaSyjE,school,Land Mark Secondary School,school,27.6870526,85.2774014,Kirtipur,1
ChIJ9cDQ39QZ6zkR6WteoFIhZVE,school,HAPPY HOUR PRE SCHOOL & CHILD CARE CENTER,preschool,27.6870535,85.2774262,Kirtipur,1
ChIJw2ks0z8j6zkRTrbq-H_OTI4,school,Smart Kids Academy,preschool,27.6700985,85.27207419999999,Kirtipur,1
ChIJJbEhgSMZ6zkRiNh96MeEFCE,school,Makoons Preschool Kirtipur 1 Kathmandu,primary_school,27.6867285,85.2809134,Kirtipur,1
ChIJNVia_z4j6zkRiA7DSIAUxWI,school,Sanskar Vatika School,school,27.6709309,85.26985189999999,Kirtipur,1
ChIJJYZHGw8Y6zkRY-f2MST5BxE,school,Janasewa Secondary School,school,27.6682296,85.2748414,Kirtipur,1
ChIJPQm4fwAj6zkRukAxQgfHMGE,school,Bishnudevi school (New),school,27.6846408,85.2683668,Kirtipur,1
ChIJd9pqxKci6zkRoWgw4V3-tfo,school,Rarahil Memorial School,school,27.6695881,85.2707078,Kirtipur,1
ChIJIf_Qm78Z6zkR945b4Fo8IrQ,school,Janasewa Secondary School (Main Entrance),school,27.6680764,85.27485209999999,Kirtipur,1
ChIJbw8aSZwi6zkRo8s-gw87aJM,school,Merry Home Montessori,school,27.6853659,85.2688755,Kirtipur,1
ChIJC0AZbCYZ6zkRyqhs3tSHjLk,school,Happy Hour Pri-primary School,school,27.688526,85.27859649999999,Kirtipur,1
ChIJjU5YaMwZ6zkRSNLtPoYZW5M,school,Janasewa Secondary School (Back Entrance),school,27.6675585,85.2748331,Kirtipur,1
ChIJcybeVgUY6zkRoSPfso-6Igg,school,Ujjwal Shishu Niketan Academy,school,27.668326800000003,85.2820259,Kirtipur,1
ChIJZw220OYj6zkR21VlZWyK-go,school,मेरीहाेम मन्टेे्श्व्वरी,school,27.6855233,85.2678315,Kirtipur,1
ChIJTT7yn70Z6zkRJCiZ1CV7h1g,school,Syangja,primary_school,27.6880466,85.2826996,Kirtipur,1
ChIJJxvg-_kZ6zkR3q0i2XmX608,school,Sunbeam Montessori School,school,27.6666879,85.2755971,Kirtipur,1
ChIJ27_NHAAj6zkRq_ILIXPXZX0,school,Bishnudevi school Upper Gate,school,27.6837009,85.2656682,Kirtipur,1
ChIJUasR1HAY6zkRSdTTaEJWuSQ,school,Saugaat Montessori School,school,27.6896598,85.2777412,Kirtipur,1
ChIJWZpA-xIZ6zkRGFtQXQ-klpE,school,Kashyap Academy,school,27.6896249,85.2787943,Kirtipur,1
ChIJ_QodV3Yj6zkRlXkRJwm2h4E,school,Shine Pre-School,preschool,27.6674116,85.27117489999999,Kirtipur,1
ChIJLXkanp0i6zkRvza6H5ajA5w,school,Sundarban School Of Science,school,27.688907200000003,85.2714792,Kirtipur,1
ChIJk6ZHLfgj6zkRAXYeCz2BKRQ,school,"Mark music studio ,Tinthana",school,27.6857974,85.2664321,Kirtipur,1
ChIJ5YH-miwj6zkROqD2kQ3yG-A,school,Rising Lotus Academy,school,27.6818717,85.26390219999999,Kirtipur,1
ChIJcW4xAJwi6zkRdYTeHZNlvKY,school,Shree Bishnudevi Secondary School,government_office,27.68278,85.2641914,Kirtipur,1
ChIJE1IUJOQZ6zkRngfGPYtpmLg,school,"F1 InfoTech, Kirtipur Kathmandu",school,27.6692012,85.2865319,Kirtipur,1
ChIJK2E1CZwi6zkRkvYHlKwbev0,school,Prime English Secondary School,secondary_school,27.6870791,85.2673629,Kirtipur,1
ChIJobNeuksj6zkRhg-3yYX6BkA,school,Bishnudevi Seconday School Gate,school,27.6827959,85.26382339999999,Kirtipur,1
ChIJPcZlaQAZ6zkRFa0uP8J1H5M,school,जनपथ मार्ग,school,27.6906905,85.279996,Kirtipur,1
ChIJrRZ_9XAY6zkR5XefhOil1C0,school,Janapath Secondary School,school,27.6907409,85.2800579,Kirtipur,1
ChIJpxh4J5Qj6zkRKzTX0wKqF-4,school,Happy Home Montessori,school,27.6677906,85.2675356,Kirtipur,1
ChIJzQ7UVsIZ6zkR8qwIgsqzQ1Q,bank,NIC ASIA Bank Koteshwor Branch,bank,27.6827375,85.34916079999999,Koteshwor,1
ChIJIfKwsYwZ6zkROVOYWn84Y9g,bank,Prabhu Bank Limited,bank,27.6833345,85.34889419999999,Koteshwor,1
ChIJt1yKjvMZ6zkR4y26CrqnpIg,bank,Jyoti Bikash Bank Limited,bank,27.6833232,85.34888529999999,Koteshwor,1
ChIJZc2UdgAZ6zkRtkGgL1OtY34,bank,Nepal Investment Mega Bank Limited,bank,27.6819804,85.3492417,Koteshwor,1
ChIJVyggRfMZ6zkRF4ikgp4mldQ,bank,"Kumari Bank Limited, Koteshwor Branch",bank,27.6820473,85.3491023,Koteshwor,1
ChIJ73DlzIwZ6zkREQNByduVDq8,bank,Shrestha Yojana SACCOS,bank,27.6830626,85.34820470000001,Koteshwor,1
ChIJiW1DVQAZ6zkRpJJYAz-4gzE,bank,NIMB Bank Pvt. Ltd.,bank,27.6817173,85.349069,Koteshwor,1
ChIJMYrJB1MZ6zkR2qrOrWlvNPg,bank,Mahalaxmi Bikas Bank ltd.,bank,27.6807096,85.3480508,Koteshwor,1
ChIJoz9GDvMZ6zkR6HnJKfSSsUc,bank,Deepsewa,finance,27.6807922,85.3478135,Koteshwor,1
ChIJ3zL9d_MZ6zkRpgJ8y2pQ0Ec,bank,Samabriddhi Saving & Credit Co-operative Ltd,bank,27.6800728,85.349116,Koteshwor,1
ChIJcV_ldfMZ6zkRs1QZUDUEcp8,bank,Readers SACCOS,bank,27.680091,85.3487899,Koteshwor,1
ChIJ9-MVnfMZ6zkR6Bnpq18A48s,bank,Antique Saving & Credit Cooperative,bank,27.6799904,85.3490807,Koteshwor,1
ChIJ-9JgjE4Z6zkRrs4wf1uIdXQ,bank,Kamiyabi Multipurpose Co-op,bank,27.6795571,85.3492108,Koteshwor,1
ChIJbxeRkPMZ6zkReV9gmjgkZ40,bank,Citizens Bank International Limited,bank,27.6794087,85.3489208,Koteshwor,1
ChIJsbJpmvMZ6zkRQGJL3kJyPfw,bank,Housing SACCOS,bank,27.679397,85.348941,Koteshwor,1
ChIJ_9MxYPAZ6zkR4hpVIYehyrU,bank,Nepal Bank Limited,bank,27.6791848,85.3492942,Koteshwor,1
ChIJvWF5kfMZ6zkRG_ndbguKv5A,bank,Agricultural Development Bank Ltd.,bank,27.6790518,85.3488349,Koteshwor,1
ChIJMw-ylvMZ6zkR7BCRyp8hA_Q,bank,Peoples' Multipurpose Co-op,bank,27.6790533,85.34882619999999,Koteshwor,1
ChIJKR0fkvMZ6zkR-avTjbS5UU4,bank,Global IME Bank Limited,bank,27.67872,85.3488363,Koteshwor,1
ChIJDa0bvPMZ6zkRqqGqmN2rlJc,bank,Prime Commercial Bank Limited,bank,27.6791181,85.3472652,Koteshwor,1
ChIJs7S5qz0Z6zkRebT5AOrs_-M,bank,Nabil Bank Limited,bank,27.6789232,85.34725230000001,Koteshwor,1
ChIJo3tgqYgZ6zkRCoN1D8jsqRc,bank,Sanima Bank Limited,bank,27.6791232,85.3462839,Koteshwor,1
ChIJe-rp2fMZ6zkRmvOCMTl2A6I,bank,Helix SACCOS,bank,27.6773286,85.3479076,Koteshwor,1
ChIJpahSJvIZ6zkROTP3ngpP-tw,bank,Shuva Shanti SACCOS,bank,27.677189,85.3464108,Koteshwor,1
ChIJOccjWyEZ6zkRjyxSFzwwEEs,bank,Barahi Multipurpose Co-op,bank,27.6787496,85.34395459999999,Koteshwor,1
ChIJHfhf1KUZ6zkR-X1INoNo4Lo,bank,Doleshwor Multipurpose Co-op,bank,27.6788988,85.3434226,Koteshwor,1
ChIJTdMTxmEZ6zkRT4sy0ZzicEk,bank,Rastriya Banijya Bank,bank,27.6764778,85.34646219999999,Koteshwor,1
ChIJIx_6cgAZ6zkR2K94C0Ppvvo,bank,Janasachetan Kathmandu Service Center,bank,27.6760965,85.3537656,Koteshwor,1
ChIJPwyQ-vEZ6zkR4WkQOaprTpk,bank,Him SACCOS,bank,27.6764034,85.34520049999999,Koteshwor,1
ChIJN_hDgP4Z6zkRNExzF9gyMN0,bank,Everest Bank,bank,27.6751718,85.35136039999999,Koteshwor,1
ChIJ_fz7ke0Z6zkRDPVwgIVgZJc,bank,Suyogya SACCOS,bank,27.6789818,85.34190360000001,Koteshwor,1
ChIJ_afdMScZ6zkRb43r5s4qKm4,bank,Global IME Bank Limited,bank,27.6743745,85.35159689999999,Koteshwor,1
ChIJOe6QY7QZ6zkRi8HXc-N560A,bank,Siddhartha Bank Ltd Narephat,bank,27.674168,85.35169619999999,Koteshwor,1
ChIJb8RBK-wZ6zkREzdMx-W7EV8,bank,Karmatara SACCOS,bank,27.6771631,85.34209919999999,Koteshwor,1
ChIJiT8MSTwZ6zkRpwbrpFQ6cEU,bank,Ekikrit friendship saving and credit co operative,bank,27.6743738,85.35320689999999,Koteshwor,1
ChIJRzhk7h0Z6zkRDbAY5uie1mQ,bank,KUMARI BANK LIMITED NAREPHAT,bank,27.6739257,85.35164259999999,Koteshwor,1
ChIJtVmrGfcZ6zkRfbhi-oE3gxI,bank,Aatmabal SACCOS,bank,27.6737787,85.3512272,Koteshwor,1
ChIJsWOmGzAb6zkRACxLk2WzZ78,bank,Harshid Multipurpose Co-operative LTD,bank,27.6742313,85.3558418,Koteshwor,1
ChIJs03hMWAb6zkRvHaplZ739C0,bank,"Jyoti Bikash Bank Limited, PepsiCola",bank,27.6891512,85.3606021,Koteshwor,1
ChIJ_fqa9yMa6zkRPNtSOs5UDOU,bank,NIC ASIA Bank Pepsicola Branch,bank,27.6894375,85.3610625,Koteshwor,1
ChIJ0XaD1gsb6zkRqguT3VmYBic,bank,Lohakilthali Mata SACOSS,bank,27.6777489,85.36182939999999,Koteshwor,1
ChIJe5wjCiMa6zkRz4QizU5FaHc,bank,Nepal SBI Bank Ltd.,bank,27.6875792,85.36278279999999,Koteshwor,1
ChIJ29YUw6Ub6zkRCJuC1OJMi30,bank,"Kamana Sewa Bikas Bank Ltd, Lokanthali Branch",bank,27.6745763,85.3596735,Koteshwor,1
ChIJL8eVgBwa6zkRKXYvGdjN32Y,bank,Sajilo SACCOS,bank,27.674485,85.359895,Koteshwor,1
ChIJB1GKgBwa6zkRpwlYcYBrHaM,bank,अारजन बचत तथा ऋण सहकारी संस्था लि.,bank,27.674483,85.359961,Koteshwor,1
ChIJ8Rfv8REZ6zkR3m9-nhV3SGo,bank,Laxmi Sunrise Bank Atm,bank,27.6711795,85.3536697,Koteshwor,1
ChIJtzcBx7YZ6zkRN3izZIpTuR8,bank,Prime Commercial Bank Limited,bank,27.6956463,85.35354509999999,Koteshwor,1
ChIJS70gEQAb6zkR3XJoy_zkFfg,bank,Global IME Bank Limited,bank,27.6744316,85.3603041,Koteshwor,1
ChIJmdeGdxsa6zkRTNtJeMh-xBY,bank,Kumari Bank Limited,bank,27.6744757,85.3605998,Koteshwor,1
ChIJ5xmfaFIZ6zkRdF4PdlJejsc,bank,Balmiki saving and credit co-operative Ltd.,bank,27.6960831,85.3523882,Koteshwor,1
ChIJ98CmAAAb6zkRV1tyFgHNfyk,bank,"Dibya Marga, Lokanthali",bank,27.6724641,85.3584973,Koteshwor,1
ChIJkdeZ_wwZ6zkRj0CbpMlACTw,bank,माइलस्टोन बचतऋण सहकारी,bank,27.6726791,85.34089829999999,Koteshwor,1
ChIJlYpQwhka6zkRIk1BedIqupg,bank,Indrakamal Saving & Credit Co-Operative Ltd.,bank,27.679375300000004,85.36452709999999,Koteshwor,1
ChIJeSWg7vMZ6zkRRjAEEpAM4Rk,bus_stop,Koteshwor Bus Stop,bus_stop,27.678207,85.3489089,Koteshwor,1
ChIJGa72RyAa6zkRPlvGbVcu2N8,bus_stop,Saraswoti Nagar Bus Stop,bus_stop,27.6849223,85.3568897,Koteshwor,1
ChIJYwie7PYZ6zkRvcRzhDFtjgo,bus_stop,Jadibuti Bus Stop,bus_stop,27.675625,85.351416,Koteshwor,1
ChIJa2DTWvYZ6zkRDD0e7ySbab8,bus_stop,Jadibuti Bus Stop,bus_stop,27.6751172,85.35329279999999,Koteshwor,1
ChIJwcZT_yMa6zkRuuCr8FtNFb8,bus_stop,Pepsicola,bus_stop,27.6888506,85.3602497,Koteshwor,1
ChIJPQjerO8Z6zkRnasNjPDxupo,bus_stop,अमरावती मार्ग बस बिसौनी,bus_stop,27.6738892,85.342513,Koteshwor,1
ChIJ-T7drO8Z6zkRrdHnhh8Hdsc,bus_stop,BALKUMARI BUS STAND,bus_stop,27.673892,85.342497,Koteshwor,1
ChIJBVLNnBsa6zkRmvUw7Xawd98,bus_stop,लोकन्थली बस बिसौनी,bus_stop,27.6749629,85.35974619999999,Koteshwor,1
ChIJL3yg-IcZ6zkRHbbisGv2c_c,bus_stop,Sinamangal Bus Stop,bus_stop,27.6953248,85.35496359999999,Koteshwor,1
ChIJsZvShSQa6zkRP9ZRnmk1V8s,bus_stop,Sai Ram Chowk Bus Stop,bus_stop,27.6898849,85.3630822,Koteshwor,1
ChIJf1BOqKPyri4RshDx-4dofnE,clinic,CENTER FOR ADVANCED DENTAL AND AESTHETIC CARE,dental_clinic,27.6838335,85.3487332,Koteshwor,1
ChIJz3D5n0wZ6zkR1RXR06ykFd0,clinic,PPE SET,medical_clinic,27.6831242,85.3481929,Koteshwor,1
ChIJk_NT4ZUZ6zkRMDJkEjVAFzE,clinic,Subham Polyclinic and Diagnosis Center Pvt Ltd,health,27.6815769,85.3492189,Koteshwor,1
ChIJBW0R7PEZ6zkRuSPHcYgvQWY,clinic,Janasewa Diagnostic & Medical Center,medical_clinic,27.6814471,85.34913139999999,Koteshwor,1
ChIJuRTd__IZ6zkRM-UYp9cc73Q,clinic,PICS Nepal,medical_clinic,27.6828899,85.3474152,Koteshwor,1
ChIJZZgtcfMZ6zkR5fRRNjLzL-Y,clinic,Shubha Sudha Dental,dental_clinic,27.6805452,85.34930779999999,Koteshwor,1
ChIJdcuRDMIZ6zkRYBWm50rud_4,clinic,NAVA JYOTI SUNGLASS HOUSE & EYE CARE CENTER,medical_clinic,27.6799992,85.34933459999999,Koteshwor,1
ChIJQTi0AvMZ6zkRd4bvtqhk42M,clinic,Peris Medical Hall,medical_clinic,27.6807532,85.34728799999999,Koteshwor,1
ChIJ3ZazhfMZ6zkRM4gNe0uHeiU,clinic,जनहित डेण्टल केयर सेन्टर,dental_clinic,27.679496,85.3493709,Koteshwor,1
ChIJ1wBw_vIZ6zkRMpFVAmSNfB4,clinic,Jiangxi Beauty Parlor And Skin Care Center,beauty_salon,27.6803129,85.3471301,Koteshwor,1
ChIJob7Yyqob6zkR30fiUjhnnto,clinic,Painfix Physiotherapy And Weight Loss Center,medical_clinic,27.6804037,85.34698139999999,Koteshwor,1
ChIJ5wxFmvMZ6zkRMDRymM98Xl8,clinic,Soft & Shine Skin Care Centre,skin_care_clinic,27.679445,85.34894290000001,Koteshwor,1
ChIJiSKSHgAZ6zkRl7W0DxptUtc,clinic,Smart smile dental clinic,dental_clinic,27.6791388,85.34935689999999,Koteshwor,1
ChIJJ3kQjvMZ6zkRwZf3hHeiK4c,clinic,बिराज डेण्टल हस्पिटल प्रा.लि.,dental_clinic,27.6789673,85.34916,Koteshwor,1
ChIJH2d9vPMZ6zkRUuDi4MXlpCw,clinic,civil dentala,dental_clinic,27.679105,85.348219,Koteshwor,1
ChIJtR9xsi8Z6zkRMTZsNJm09Y0,clinic,Ace Dental Pvt. Ltd.,dental_clinic,27.6788957,85.34906950000001,Koteshwor,1
ChIJtaalRwAZ6zkRcXp_wuZpxxQ,clinic,Astitwa Smile Care pvt. Ltd,dental_clinic,27.6806791,85.345788,Koteshwor,1
ChIJNY4V5pAZ6zkRwkf6_HeVkGU,clinic,OM CHABAHIL DENTAL KOTESHWOR PVT.LTD,dental_clinic,27.6788072,85.34897389999999,Koteshwor,1
ChIJwwMTi_oZ6zkROScaIDUF0P8,clinic,"सगोत्री डेन्टल केयर होम ,कोटेश्वर काठमाडौं",dental_clinic,27.6785133,85.3484082,Koteshwor,1
ChIJcao9Kdsb6zkRYjxWZTrwdiA,clinic,Roiels Travel,travel_agency,27.6827948,85.35563959999999,Koteshwor,1
ChIJleWPNwAZ6zkRZqpyZVICaDw,clinic,Niko Dental And Aesthetics,dental_clinic,27.6792061,85.34651149999999,Koteshwor,1
ChIJwRBOd_QZ6zkRDAohbk4I9rs,clinic,shree laxmi chasma pasal clinic,medical_clinic,27.6790045,85.34673110000001,Koteshwor,1
ChIJ9Q1mXAAZ6zkRCf7vYD-ZklA,clinic,Seti opi marg,dental_clinic,27.6789083,85.3467471,Koteshwor,1
ChIJBd8nRfIZ6zkR0oKhT0D483s,clinic,Upakar National Health Care Center,medical_clinic,27.679127,85.3462847,Koteshwor,1
ChIJzbirZgAZ6zkRBJ_WsW7ZSlw,clinic,Vision Station,medical_clinic,27.679126,85.3462449,Koteshwor,1
ChIJs9avLwAZ6zkRdRltdrrKwOk,clinic,Saisa Dental Clinic,dental_clinic,27.6788663,85.3464328,Koteshwor,1
ChIJH9ib6PMZ6zkRTjHrBbSFkBo,clinic,Himalaya Diagnostic Clinic Pvt Ltd,hospital,27.6778685,85.3487808,Koteshwor,1
ChIJ6-YN3fMZ6zkRkQa7Ra2OiPM,clinic,Best place to make your teeth and Treatment Center,medical_center,27.6777023,85.3484125,Koteshwor,1
ChIJNeIM3fMZ6zkRZeWUQenRVFM,clinic,Surya Janasewa Poly Clinic Pvt. Ltd. & Dental Service Center,hospital,27.6776983,85.3484256,Koteshwor,1
ChIJPeRHLfQZ6zkRPuNfBBGbWO4,clinic,Sujata medical and clinic,medical_clinic,27.677877,85.35234,Koteshwor,1
ChIJA3sRDogZ6zkRn8uH1ehAmmE,clinic,Tri City Dental Clinic,dental_clinic,27.6778225,85.3473774,Koteshwor,1
ChIJfS82xH0Z6zkRS-IF6Qh_Sc4,clinic,Dr. Subodh Thapa,dental_clinic,27.6776791,85.3470286,Koteshwor,1
ChIJ_YG-IwAZ6zkRdM7Odon-_HI,clinic,Lensart Nepal,medical_clinic,27.6773665,85.3479176,Koteshwor,1
ChIJxSpcmvMZ6zkRhrJYCEgLaBY,clinic,Advance oral dental hospital,service,27.6779066,85.3464643,Koteshwor,1
ChIJ14UrJgAZ6zkRouJHIsRQa_Y,clinic,Welcare Family clinics Pvt. Ltd.,medical_clinic,27.678696,85.3450306,Koteshwor,1
ChIJZ-Q5QgAb6zkR9POH6eDex80,clinic,kathamandu,medical_clinic,27.685889,85.3568705,Koteshwor,1
ChIJE0zgfPYZ6zkRTFYUPqboj8o,clinic,Public Eye Clinic,medical_clinic,27.6766298,85.35252,Koteshwor,1
ChIJ4ffpu-0Z6zkRpRGX14E6RAw,clinic,Shrijanshil Health care Diagnostic Center,medical_center,27.6787316,85.3438973,Koteshwor,1
ChIJgYglQl8Z6zkRB6O_zVJV-lo,clinic,Homoeopathic Sagarmatha Clinic,medical_clinic,27.6796985,85.342888,Koteshwor,1
ChIJC2hCwCcZ6zkRHxJr5URe9wQ,clinic,Bulbule medical hall,medical_clinic,27.6787733,85.34360219999999,Koteshwor,1
ChIJYeM9bDcZ6zkRMHW366VWJvs,clinic,Alive Swasthya Clinic Koteshwor,medical_clinic,27.676584,85.3464372,Koteshwor,1
ChIJu9-1j_EZ6zkRrML09XJaBAM,clinic,अलाईभ पोलिक्लिनिक एण्ड डाईग्नोस्टिक प्रा. लि.,medical_center,27.676401,85.346428,Koteshwor,1
ChIJv45QjUMZ6zkRyreiXDVMXkM,clinic,New Raja saloon,medical_clinic,27.6787432,85.3430783,Koteshwor,1
ChIJM37_HAAZ6zkRFcCxx7zIt7g,clinic,Ganinath pharmacy and healthcare,medical_clinic,27.6789713,85.3426477,Koteshwor,1
ChIJwWWA2RcZ6zkRPSn8SYkzqok,clinic,Agrata Health Care Private Limited,medical_clinic,27.677201,85.34447,Koteshwor,1
ChIJg17YkvEZ6zkR-oZihdHeOn8,clinic,K33 Hairhotel Koteshwor,medical_clinic,27.676104700000003,85.3460187,Koteshwor,1
ChIJWVZIIUwZ6zkRSE75ba0MDDU,clinic,Mark Formulation pvt ltd Office,medical_clinic,27.6759238,85.3537612,Koteshwor,1
ChIJ_1V0yJMZ6zkRiW-ry2jTpA8,clinic,"Mountain International Medical Center, Prof. Lee",medical_clinic,27.6872142,85.3413762,Koteshwor,1
ChIJ6S8ovWAZ6zkR8R540mzQlLI,clinic,Nepal star Healthcare & Diagnosti Center (P.) Ltd.,medical_clinic,27.6755536,85.345937,Koteshwor,1
ChIJqbTyLI8Z6zkRx-EhAZa0shA,clinic,Health and Health Nepal Pvt. Ltd.,medical_clinic,27.6755536,85.345937,Koteshwor,1
ChIJS946RAAZ6zkRQxZosONE_ug,clinic,pramod Pharma,medical_clinic,27.6755536,85.345937,Koteshwor,1
ChIJb7ZJc0Ab6zkR3V7JWtxNUIc,clinic,"Sunrise Oral & Dental Clinic ""In Home Dental Service""",dental_clinic,27.6745999,85.35172399999999,Koteshwor,1
ChIJP_c8cXAZ6zkRaKKoPedRygE,clinic,New Tilganga Optical And Eye Care Center,medical_clinic,27.6746772,85.35259719999999,Koteshwor,1
ChIJX7HRGZ8b6zkRXXHAlQcFaLQ,clinic,Chashma pasal -jadibuti,medical_clinic,27.6744434,85.3517659,Koteshwor,1
ChIJrQJm3vEZ6zkRaxddRQKpPc0,clinic,Bhuju Everest Dental Clinic,dental_clinic,27.6753972,85.3448636,Koteshwor,1
ChIJZ1ip4vYZ6zkRN-tSfbV39Qo,clinic,Nepal Physiocare Pvt. Ltd.,medical_clinic,27.674306200000004,85.3517459,Koteshwor,1
ChIJ232vdjUZ6zkR8kFCMnp0bXA,clinic,Surya Janasewa Health care Pvt. Ltd,medical_clinic,27.6753345,85.34487050000001,Koteshwor,1
ChIJc5Q0xwAZ6zkRNmFKljMwmsg,clinic,Eyemart Nepal - Eye clinic & Optical Store,medical_clinic,27.679754,85.33991549999999,Koteshwor,1
ChIJo4GvKnoZ6zkRy2cvOnEjzQs,clinic,Nepal family planning sangh,medical_clinic,27.6742009,85.3534279,Koteshwor,1
ChIJW9w6rEAZ6zkRK08lEiHxcwc,clinic,Radhe dental care,dental_clinic,27.6797041,85.33993009999999,Koteshwor,1
ChIJqesJrPkZ6zkRBAJMTVm0-ME,clinic,Mikha Eye Care,medical_clinic,27.6736653,85.3516215,Koteshwor,1
ChIJRxfKgewZ6zkRYhetb8hK3d8,clinic,Balkrishna Polyclinic And Diagnostic Center,medical_clinic,27.6799332,85.3395417,Koteshwor,1
ChIJqV79eQAZ6zkRNkrHzKI2Gvo,clinic,Satya Sai Physiotherapy and Yoga Clinic,medical_clinic,27.6728708,85.35255320000002,Koteshwor,1
ChIJvekF1vgZ6zkRQ1YzEE2e44M,clinic,Tej Eye Care and Health Support Center,medical_clinic,27.67464,85.34291499999999,Koteshwor,1
ChIJ74jv_yMa6zkRBhBS47eZxoY,clinic,Shining Dental Clinic Pvt.Ltd,dental_clinic,27.689165400000004,85.3601585,Koteshwor,1
ChIJY25zSQoZ6zkRD6eNASm3k6k,clinic,आरभ क्लिनिक एन्ड डायग्नोष्टिक सेन्टर,medical_clinic,27.679309300000003,85.3386529,Koteshwor|Patan durbar square,2
ChIJvZdkTNsZ6zkR8KH0oV-IBOo,clinic,Moms Care Polyclinic Pvt. Ltd.,doctor,27.6779286,85.33928110000001,Koteshwor|Patan durbar square,2
ChIJ91ZsYxka6zkRhc8zmM66D68,clinic,Lokanthali Healthpost,medical_clinic,27.6756297,85.35877049999999,Koteshwor,1
ChIJlaioz2AZ6zkRrwr8LpLGNXk,clinic,"Applied Homeopathy Home (Dr. Sachita Yadav Khadga), Khadga House",medical_clinic,27.6723464,85.34949399999999,Koteshwor,1
ChIJnWbp-CMa6zkRac8skw_IvkE,clinic,Lalupate Polyclinic Pvt. Ltd.,medical_clinic,27.6891232,85.36057500000001,Koteshwor,1
ChIJwc6Vh0Ub6zkR_PWdpIFOjPQ,clinic,Dipika pharmacy & diagnostic center Pvt.Ltd.,medical_clinic,27.6818682,85.36250729999999,Koteshwor,1
ChIJueAlAJob6zkRkALTuubxNOo,clinic,Swastik Samaj Dental Care Clinic,dental_clinic,27.687239400000003,85.3619391,Koteshwor,1
ChIJFdAUJAAb6zkRCesE6wJQxV0,clinic,Gurans Health Care Pvt. Ltd.,medical_clinic,27.6872483,85.361964,Koteshwor,1
ChIJlfTzMbYZ6zkRlFQPO4aSpM8,clinic,AIMS Dental Clinic,dental_clinic,27.6720366,85.35043929999999,Koteshwor,1
ChIJF5JQjgAZ6zkRuZ8Y40YdMPw,clinic,Priority Health Clinic and Medical Centre Pvt.Ltd,medical_clinic,27.6719747,85.34862749999999,Koteshwor,1
ChIJrzQmtO8Z6zkR8dOAvHLA3i8,clinic,Srijansheel Polyclinic Pvt Ltd,medical_clinic,27.6736158,85.34315959999999,Koteshwor,1
ChIJN07CVwAb6zkR5WwYfqlVrZ4,clinic,Sindur Pharmacy,pharmacy,27.6728286,85.35533480000001,Koteshwor,1
ChIJbaEvsu8Z6zkRMViwKJUicdA,clinic,Jemas Pharmacy And Clinic,medical_clinic,27.6736431,85.3428436,Koteshwor,1
ChIJ71h2oAgZ6zkRfZFFaaWrTfE,clinic,Family Dental Wellbeing,dental_clinic,27.6727735,85.3555124,Koteshwor,1
ChIJB0OKaOMb6zkRufIM5KCk_4U,clinic,Manohara Healthcare/Dental,dental_clinic,27.6781248,85.36179109999999,Koteshwor,1
ChIJCWY8q-8Z6zkR9QYQGi2Whf8,clinic,Prajwal Pharmacy,medical_clinic,27.673868,85.3422015,Koteshwor,1
ChIJL-POqu8Z6zkRvbgwwSnN7sI,clinic,"Sharma pharmacy, lab and clinic dentala",pharmacy,27.6739058,85.34213729999999,Koteshwor,1
ChIJ_fLJXgAZ6zkR7G_PA6jHdAo,clinic,Shiva darsan optical house,medical_clinic,27.6716052,85.3501505,Koteshwor,1
ChIJIfataQAZ6zkRPdVoFyr53uY,clinic,Shiva darsan optical house,medical_clinic,27.6716052,85.3501505,Koteshwor,1
ChIJhRE9A9Eb6zkRHrb8B7PQxEY,clinic,Reactive Physiotherapy And Wellness Private Limited,physiotherapist,27.6726109,85.3554637,Koteshwor,1
ChIJPXuLJC4b6zkR1n_25GhbuXw,clinic,Santosh dai ko ghar,medical_clinic,27.6797588,85.36289579999999,Koteshwor,1
ChIJ1avgfAAZ6zkRf17_e7Iflj0,clinic,Neurotherapy treatment center,medical_clinic,27.6794611,85.3370728,Koteshwor|Patan durbar square,2
ChIJabWkwuEZ6zkRhRuuYzWBDvY,clinic,सूर्य जनसेवा हेल्थकेयर,medical_clinic,27.6712169,85.3502024,Koteshwor,1
ChIJ6SoBqqEb6zkRnugsvyf0Y_Y,clinic,Lunar Dental clinic,dental_clinic,27.6902575,85.3612902,Koteshwor,1
ChIJFemvdwAZ6zkRkT3t71ejyHI,clinic,Jadibuti,medical_clinic,27.6719879,85.3448382,Koteshwor,1
ChIJZ6PUTQAb6zkRZ0HCSx8CHf0,clinic,Lokhanthali chok,medical_clinic,27.6763938,85.36145599999999,Koteshwor,1
ChIJZwspXwAZ6zkRICTDwlfjSBw,clinic,Akshitara,medical_clinic,27.671392,85.35390009999999,Koteshwor,1
ChIJ42X-lBsa6zkRRte96j0XRJY,clinic,Asian Community Dental Care,dental_clinic,27.675903,85.3612529,Koteshwor,1
ChIJXePK7rYb6zkRc0bYtz5iAzw,clinic,Samaj Dental Care Clinic - Pepsicola Chowk,dental_clinic,27.690543,85.36146509999999,Koteshwor,1
ChIJd9J_H1AZ6zkRkS93y9cQDg0,clinic,Accura Diagnostics Pvt. Ltd,medical_clinic,27.6955925,85.3524987,Koteshwor,1
ChIJU7jOWC0b6zkREWJVfqAg9xg,clinic,Sewa samaj dental clinic,dental_clinic,27.6749571,85.3604362,Koteshwor,1
ChIJ867WGgAb6zkRnN-1463GJ-I,clinic,KALPESH AYURVEDA AUSHADHALAYA,medical_clinic,27.6750223,85.3606867,Koteshwor,1
ChIJrWRsG9Ub6zkRBnXYDuOc238,clinic,Lokanthali dental clinic,dental_clinic,27.6751389,85.36091189999999,Koteshwor,1
ChIJ-aj5d0AZ6zkRnTCx_XdBXpQ,clinic,Dental Angels,dental_clinic,27.6955102,85.3539991,Koteshwor,1
ChIJBRccHT8b6zkR362_C0Wow2c,clinic,Krishna jee khadka,medical_clinic,27.6738048,85.359481,Koteshwor,1
ChIJS9TejuwZ6zkRxurY1f0m6bE,clinic,Slavica IVF & Research Center | Best IVF Center in Nepal | IVF Center in Nepal,medical_clinic,27.6954026,85.3545043,Koteshwor,1
ChIJ____rx0a6zkRFBiCLKnhdmU,clinic,Micro Vision Optical - माइक्रो भिजन चस्मा पसल,medical_clinic,27.6710639,85.3538808,Koteshwor,1
ChIJyVGPUAAb6zkREPBVu_gCLh4,clinic,Medical,medical_clinic,27.6714066,85.3550788,Koteshwor,1
ChIJ-THnfQMZ6zkR4PPJO3pQwtg,clinic,Himalaya Chasma Pasal,medical_clinic,27.6710528,85.35389169999999,Koteshwor,1
ChIJiY2gh0MZ6zkR08Pf9gCKcNk,clinic,Mahalaxmi optical Trade,medical_clinic,27.671053,85.353899,Koteshwor,1
ChIJB8nmIvgZ6zkRy8Ssw5eHtjg,clinic,BP Eye Hospital (ENT for Children) and Rehabilitation Services,medical_clinic,27.6709615,85.3536546,Koteshwor,1
ChIJhz1uMQoZ6zkRIglGjqQvNao,clinic,Hardik IVF and Fertility Center | Best IVF Center in Nepal,medical_clinic,27.6958926,85.3528784,Koteshwor,1
ChIJmSOtzIcZ6zkRuApnj5Q89So,clinic,Health Care Diagnostics Pvt. Ltd.,medical_clinic,27.6959541,85.3526431,Koteshwor,1
ChIJt6T8S8wZ6zkRGgVg0DSjqbs,clinic,Crystal Diagnostic Pvt. Ltd.,medical_clinic,27.695967600000003,85.3528644,Koteshwor,1
ChIJu1QqD8AZ6zkRHjzTSLK8zVk,clinic,Dental Academy Nepal,dental_clinic,27.6744133,85.36059329999999,Koteshwor,1
ChIJzdheZwAb6zkRtW5ACZ4RhXU,clinic,Mega Smile Dental Clinic Pvt Ltd.,dental_clinic,27.6738456,85.35997429999999,Koteshwor,1
ChIJMx6RtVUR6zkRzUmGl6lvbuo,clinic,Sakshyam Health Care & Physio Rehabilitation Kathmandu Nepal,physiotherapist,27.6770963,85.3629271,Koteshwor,1
ChIJYxn9SwAb6zkRAT48Olo8lN4,clinic,CARA SKIN & HAIR CENTER,doctor,27.6730315,85.35963,Koteshwor,1
ChIJEcE_rLEZ6zkRKTLDdhfHi_c,college,"IMS College: TU affiliated- BITM/BBA (Tinkune, Kathmandu)",university,27.6826932,85.3485493,Koteshwor,1
ChIJnyVbbwAZ6zkRP3TfAfmJWpA,college,Bagmati Institute Of Technical Science,university,27.6819566,85.34837639999999,Koteshwor,1
ChIJL_M87REZ6zkRkcEKDfBd6HU,college,Insperon Infosys and Technologies,university,27.6810138,85.3492989,Koteshwor,1
ChIJ8WI7IPMZ6zkRXJ0MJSKor7g,college,City Education Foundation,university,27.6815215,85.3472761,Koteshwor,1
ChIJN47szw0Z6zkRaiCTyjgpFaw,college,Rise Kasthmandap Accademy,university,27.6800921,85.3492926,Koteshwor,1
ChIJKTaJ48AZ6zkRhmGfPNOPfIs,college,SAARATECH Institute Pvt. Ltd.,university,27.6800657,85.3491231,Koteshwor,1
ChIJBTt0838Z6zkRXGuTxtvNqF4,college,Triton Institute,university,27.6799843,85.34928359999999,Koteshwor,1
ChIJt5PFn_MZ6zkRNccQKooHHF4,college,Sandeep versatile College,university,27.6799626,85.3486842,Koteshwor,1
ChIJHYPs0M8Z6zkRIEOWqvz1Qyo,college,Indal,university,27.6818467,85.35427399999999,Koteshwor,1
ChIJJXQyRPIZ6zkRW-KKKJjhKsQ,college,Himalaya College,university,27.6796615,85.3470285,Koteshwor,1
ChIJKWPw52QZ6zkRdL9JUaGxZ54,college,R&S mithilanchal boys hostel,university,27.6812426,85.3454501,Koteshwor,1
ChIJS-hrriEZ6zkRS_mkThVVR-0,college,Collage of National Academic Square,university,27.6789216,85.3472413,Koteshwor,1
ChIJTUtzLZQZ6zkRWISODStL1ME,college,Siddhartha Institute of Hospitality.,university,27.679184,85.345742,Koteshwor,1
ChIJ50SxcfIZ6zkRwj-kmHcDu8g,college,AIMS Int'l Academy,educational_institution,27.6789733,85.3451436,Koteshwor,1
ChIJW4giVwAZ6zkRotrcroKthCM,college,Pinnacle Computer World,university,27.6755536,85.345937,Koteshwor,1
ChIJrcEuCwAZ6zkRwH0z_lnYWUs,college,Koteshwor Mahadevsthan Temple,university,27.6755536,85.345937,Koteshwor,1
ChIJ4e40VKAZ6zkRroIkkbEvATQ,college,My All Tips,university,27.6755536,85.345937,Koteshwor,1
ChIJO5EGFgAZ6zkR5FvvtXx8m3w,college,Koteswore,university,27.6755536,85.345937,Koteshwor,1
ChIJh8jlN-wZ6zkRtAdBli-IFYo,college,Valley College of Engineering,university,27.6783125,85.3414375,Koteshwor,1
ChIJe0gDCwUb6zkRPDDzMgDGFiw,college,The Harmony House Boys Hostel,university,27.6761998,85.34298439999999,Koteshwor,1
ChIJuRKFcDkZ6zkRYNj5wO_-dvk,college,Ktm,university,27.676987,85.3418825,Koteshwor,1
ChIJeYZjae4Z6zkRiizI6_peoQ0,college,Mero Education,university,27.6757003,85.3430159,Koteshwor,1
ChIJqxCl_7AZ6zkRG7TOsk0VEqQ,college,College of Applied Sciences CAS,university,27.6742651,85.3438444,Koteshwor,1
ChIJuXGoLQAZ6zkR63zTMzTUXJk,college,Basantapur,university,27.677099700000003,85.33979769999999,Koteshwor,1
ChIJyWsNlAUZ6zkRyvfxCs8v55o,college,"Kriti Marg, Kathmandu 44600",university,27.6748391,85.341709,Koteshwor,1
ChIJDxIxQUw0uGMRtjkf9Jjjwz4,college,Kathmandu Training Center,university,27.6744643,85.34156229999999,Koteshwor,1
ChIJCVYJwu8Z6zkR2PTn2sxq940,college,Capital College & Research Center,university,27.6727832,85.34368260000001,Koteshwor,1
ChIJKd0b7Rsa6zkRKVd0jLcPBHA,college,Samriddhi College,university,27.6761408,85.36118019999999,Koteshwor,1
ChIJoZw2QQAb6zkR1mGob8V7Spc,college,Shikshyalaya College,university,27.6760842,85.3611835,Koteshwor,1
ChIJL6CJGIIZ6zkR6vYnOGjNa0k,college,vela trade concern pvt ltd,university,27.6716709,85.34561529999999,Koteshwor,1
ChIJ__9vHiMa6zkRpvmtHvAe65A,college,Leads Academy,university,27.6865292,85.3637222,Koteshwor,1
ChIJMw1Gq5IZ6zkRl59dpRPeEGI,college,Triton Int´l College,university,27.6759074,85.33854029999999,Koteshwor|Patan durbar square,2
ChIJZe4nKo4b6zkRqS9cyloNyyI,college,Umesh,university,27.6738134,85.35948499999999,Koteshwor,1
ChIJEeVVWgAb6zkRLCdqpPmx5cw,college,Suyasana Home,university,27.6820845,85.3645638,Koteshwor,1
ChIJW92bEAsZ6zkR-sPffcjTf68,college,IGNOU at ICA,university,27.6961896,85.35216299999999,Koteshwor,1
ChIJAcQAzdAZ6zkRtQxSwpQclaI,college,Semlal,university,27.6720609,85.3419409,Koteshwor,1
ChIJMe6MTfMZ6zkRNHUsW35M0D8,hospital,Sudha Polyclinic prali,hospital,27.6827393,85.34913780000001,Koteshwor,1
ChIJW5_hRPMZ6zkRQ76pFfc6EZM,hospital,Kanishka International Health Care Center Pvt,medical_center,27.6820499,85.34910479999999,Koteshwor,1
ChIJJ7mvGA4Z6zkRkWhhyUeOmm4,hospital,Friends pet shop,hospital,27.6812354,85.34929170000001,Koteshwor,1
ChIJERJD-QkZ6zkR3TYYAUC3Q6k,hospital,Astang Aayurvedik Hospital And research center,hospital,27.6805739,85.3493051,Koteshwor,1
ChIJ2zbicPMZ6zkRCi-QdQs9FAk,hospital,Homeopathic Clinic,hospital,27.6805336,85.3490279,Koteshwor,1
ChIJzS7DLe8Z6zkRZcHgmRkeKXw,hospital,कोटी विनायक चश्माघर,hospital,27.6806063,85.3483529,Koteshwor,1
ChIJ3yzzpvIZ6zkRZC478UFZxoI,hospital,Sukarma Medical Hall,hospital,27.6807482,85.3472575,Koteshwor,1
ChIJ6SgeYlkZ6zkRKcuPU-WbJpA,hospital,Anand Ayurbedik upachar kendra,hospital,27.6783717,85.3481128,Koteshwor,1
ChIJM8XJ6PMZ6zkR8LiIX_8kc9Y,hospital,Kantipur Healthy Homes and Care Centre,hospital,27.6778885,85.3487873,Koteshwor,1
ChIJ6SQ7QUcZ6zkR4O-_VEaeBok,hospital,Mona Workshop P.m,hospital,27.6789724,85.3461013,Koteshwor,1
ChIJozSv6PMZ6zkRXwaWnrokM64,hospital,केयरफिट,medical_center,27.6778513,85.34879839999999,Koteshwor,1
ChIJkVjP3_MZ6zkRTFlgA_Jacz0,hospital,Divyajyoti Polyclinic and Medical Center,medical_center,27.67724,85.34845,Koteshwor,1
ChIJERCPuckZ6zkR7v350TgTnD0,hospital,Sirjanshil Physiotherapy Centre,hospital,27.6787496,85.34395459999999,Koteshwor,1
ChIJFXmCj_EZ6zkRbjQH2JhWnC0,hospital,Success Healthcare Center,medical_center,27.6764819,85.3464607,Koteshwor,1
ChIJtyoQ_-0Z6zkRFh5PcqHVnHs,hospital,Vision Poly Clinic1 Pvt Ltd,medical_center,27.6772028,85.3444944,Koteshwor,1
ChIJQaFgs7gZ6zkRPgYjmES-BNU,hospital,Jay govind pharmacy and healthcare,medical_center,27.6789609,85.3426554,Koteshwor,1
ChIJB5gQkvEZ6zkRZ-53-4kRbAU,hospital,Golden Future Nepal,medical_center,27.6761726,85.3461365,Koteshwor,1
ChIJJVYsfwAZ6zkR6MgpdXc0REo,hospital,Shivamrit Healthcare & Diagnostic Center,medical_center,27.680458700000003,85.34146899999999,Koteshwor,1
ChIJp7yo-_YZ6zkRoFsFwogrtRU,hospital,Subhakamana Medical Hall,hospital,27.6747982,85.351914,Koteshwor,1
ChIJE_5t6BLg6jkRuuIZTkBSf0w,hospital,Sahara Polyclinic And Diagnostic Center Pvt.Ltd,hospital,27.6800448,85.34017080000001,Koteshwor,1
ChIJv3trvNsZ6zkRBlhGj_MnmSs,hospital,Jadibuti Health Care Pvt.Ltd,medical_center,27.6741349,85.35181759999999,Koteshwor,1
ChIJN5kfR4gZ6zkRcvb-NuGgcck,hospital,"Dr. Amit Joshi. Arthroscopy and Sports Surgeon, Nepal.",hospital,27.6755519,85.3439794,Koteshwor,1
ChIJ6RKjck0Z6zkR-ERUUFWaQqQ,hospital,Center for Bone and Joint Disease,hospital,27.6755386,85.3439442,Koteshwor,1
ChIJcy97tPcZ6zkRnJvATgW2gw0,hospital,Fpan Valley Branch Fhc,hospital,27.6741262,85.3533887,Koteshwor,1
ChIJh7VoLQAb6zkRk9BYd-eXk_U,hospital,Dr. Rubash Nath Yogi,hospital,27.6893406,85.35981430000001,Koteshwor,1
ChIJ197-Zhwa6zkRhFVV4vO24g4,hospital,Bhaktapur Ideal Homeopathic Center,medical_center,27.6750628,85.35903379999999,Koteshwor,1
ChIJNT7dOQAZ6zkR90Zx_pTg_20,hospital,jalkeshwor medical hall,medical_center,27.6720287,85.34721259999999,Koteshwor,1
ChIJa8ss0N8b6zkRFIysxYMrmn4,hospital,"Manju Aayurved Pharma, Lokanthali Chowk Bhaktapur",medical_center,27.6750171,85.35928439999999,Koteshwor,1
ChIJNxl30-Eb6zkRF1NFXvf3LOc,hospital,Lohakilthali Lab,medical_center,27.6783262,85.3619504,Koteshwor,1
ChIJH08WPgAZ6zkRrBNjkCfGzLQ,hospital,10ML Vines,hospital,27.6720691,85.34618499999999,Koteshwor,1
ChIJUzCAJQAZ6zkRseNGl4hkTdM,hospital,Jalkeshwor Pharmacy Narephant,medical_center,27.6717591,85.3472934,Koteshwor,1
ChIJa7qUAQAb6zkRkkkTFdaDcYc,hospital,Aims Groups Pvt Ltd,medical_center,27.6890606,85.36220879999999,Koteshwor,1
ChIJaXBkE1sZ6zkRi9V8B5YIM9c,hospital,Dr. Laxmi House,hospital,27.6784076,85.3370127,Koteshwor|Patan durbar square,2
ChIJ7yzO3IcZ6zkRSb_1U3YFp5w,hospital,Chamunda Medical Center,medical_center,27.695526,85.35347,Koteshwor,1
ChIJgWEuyqsZ6zkRhn6pd6AHvNc,hospital,AL KHALEEJ MEDICAL CENTER,medical_center,27.6954032,85.35452049999999,Koteshwor,1
ChIJ-QGCVgoZ6zkR4vC-iTdZFPU,hospital,Zeniva Healthcare | Multispeciality Clinic & Digital Health Platform in Nepal,hospital,27.6954078,85.3545138,Koteshwor,1
ChIJm_BxOwAZ6zkR6caayLHySyk,hospital,Bageshwori Polyclinic,medical_center,27.6955484,85.3542361,Koteshwor,1
ChIJbzMhz4cZ6zkRQGl30-wO-ik,hospital,Sinamangal Optical Shop,hospital,27.6958906,85.3527641,Koteshwor,1
ChIJ3ZXzdQAZ6zkRLc9VyNWBQjw,hospital,आँखा अस्पताल,hospital,27.6708286,85.3536331,Koteshwor,1
ChIJgTznruwZ6zkRfNxeucv-V44,hospital,Al Mashoor Diagnostic Center Pvt. Ltd.,medical_center,27.6955598,85.35485609999999,Koteshwor,1
ChIJm9vtdxsa6zkRq4Y-jI5qu7M,hospital,Lokanthali Wellness Clinic,hospital,27.6744895,85.36081410000001,Koteshwor,1
ChIJFxOWLQAb6zkRtvnaAGVhNpM,hospital,Aagya Health Care Pvt Ltd,hospital,27.689842,85.3628827,Koteshwor,1
ChIJtwOCTQAZ6zkRd4KA81m3EW8,hospital,U and P health care center,medical_center,27.6958111,85.3546338,Koteshwor,1
ChIJGzdrYwAb6zkR2zSZ1sxD-Qc,hospital,SAN Hospital,hospital,27.6703448,85.35356469999999,Koteshwor,1
ChIJbbxmNvgZ6zkRWz5e-0yHPOk,hospital,Sagar Pharmacy,medical_center,27.6700865,85.35276879999999,Koteshwor,1
ChIJP7S18BEZ6zkROGRkw-Io7jo,mall,Bom kalin center,shopping_mall,27.6832658,85.34919730000001,Koteshwor,1
ChIJjSo-hfkZ6zkRg6onEz4mAfM,mall,Wallpaper Nepal Pvt. Ltd.,shopping_mall,27.684059,85.3485773,Koteshwor,1
ChIJ26FpewAZ6zkRsVWj7t_W_-M,mall,GHAR SAMMA MARKETPLACE,shopping_mall,27.6841186,85.3480088,Koteshwor,1
ChIJ_5XfOvMZ6zkR76LYxdjmj8s,mall,Nepstyle Online Shopping,shopping_mall,27.6820887,85.34796600000001,Koteshwor,1
ChIJf56qaQAZ6zkR7rHZnZIcbl4,mall,PETAL FLORAL GARDEN,garden,27.6833307,85.3474952,Koteshwor,1
ChIJPflCGAAZ6zkRJ8quvp80nyo,mall,Luga,shopping_mall,27.6805368,85.3492705,Koteshwor,1
ChIJC_xmcfMZ6zkRZwPmyjPA588,mall,Nutan Collection,shopping_mall,27.6805171,85.3488833,Koteshwor,1
ChIJeX8ZbcYZ6zkRZ2cQKJVLXmY,mall,Men’s Room,shopping_mall,27.6804315,85.3491841,Koteshwor,1
ChIJzSSJFQAZ6zkRvAOCR0aRGGc,mall,New royal talors koteshwor ktm,shopping_mall,27.6806412,85.3478301,Koteshwor,1
ChIJSYJSgvMZ6zkRElGbI-pnBrI,mall,Digital Samjhana Color Lab And Studio,shopping_mall,27.6798479,85.3493445,Koteshwor,1
ChIJ-Zn3lyIZ6zkRyafsQ3h_tJ8,mall,Size collection,shopping_mall,27.6790621,85.3485175,Koteshwor,1
ChIJgwF_u_MZ6zkRFTXF0D0_bik,mall,Shrestha Shopping Center,shopping_mall,27.679116,85.348173,Koteshwor,1
ChIJD7kgEAAZ6zkRvSVokw-Ywmo,mall,Bindabasini rojee fence collection,shopping_mall,27.6788044,85.3489646,Koteshwor,1
ChIJsVHYawAZ6zkRJ_FdKqs0BJc,mall,Koteshwor Shopping Center,shopping_mall,27.678833200000003,85.3488011,Koteshwor,1
ChIJ020OThkZ6zkR3MtgRRZQn_I,mall,Chandeshwori Chasmaa Ghar,shopping_mall,27.6789365,85.3475108,Koteshwor,1
ChIJDX0yTPIZ6zkRXlDRoeRD1pc,mall,Koteshwor Vegetables And Fruits Market,shopping_mall,27.6790168,85.3469255,Koteshwor,1
ChIJQTVSZPAZ6zkRd_f4mb2qZVQ,mall,City Tower,shopping_mall,27.6778754,85.348738,Koteshwor,1
ChIJHe-z6ScZ6zkRgEU491sCwhQ,mall,Love Paradise Pvt Ltd - Sex Toy Shop Kathmandu,store,27.6776618,85.3472079,Koteshwor,1
ChIJxVrqn1oZ6zkR8-oaKj6bzzk,mall,AASHISH FASHION HOUSE,shopping_mall,27.6786342,85.3449605,Koteshwor,1
ChIJK9zNghkZ6zkRalf9mXWJGiU,mall,Capital Fashion,shopping_mall,27.6770098,85.3472951,Koteshwor,1
ChIJ21h0lu0Z6zkRzyA4vTmaSTM,mall,Shree Swasthani Store,shopping_mall,27.6788739,85.3434169,Koteshwor,1
ChIJ5VktUesb6zkRxNYhY3F770Q,mall,Bishranti store & Dairy,shopping_mall,27.6876345,85.35721649999999,Koteshwor,1
ChIJYajr-uwZ6zkRUooT6sLOMPU,mall,namaste kirana pasal,shopping_mall,27.6804222,85.3414941,Koteshwor,1
ChIJJY-q7dsZ6zkR-PVAsL2gdnI,mall,SP Jewellers,shopping_mall,27.6790215,85.34212,Koteshwor,1
ChIJ_Y3gcFEZ6zkRkVqTFpTobbw,mall,Sarathi Online Shopping,shopping_mall,27.6755536,85.345937,Koteshwor,1
ChIJq6qq6vEZ6zkRMQ5kYc034rs,mall,हाम्रो रिलायन्स,shopping_mall,27.6755536,85.345937,Koteshwor,1
ChIJBR5eSC4Z6zkRM2srwRUiFCs,mall,RNS Enterprises,shopping_mall,27.6755536,85.345937,Koteshwor,1
ChIJL39IQj0Z6zkRHHW3rduwttY,mall,शहर टावर मल्टी कम्प्लेक्स भवन,shopping_mall,27.6755536,85.345937,Koteshwor,1
ChIJKeTp_m8Z6zkRWOBztxTrR7k,mall,ᴜɴɪꜰɪᴇᴅ ꜱᴛᴏʀᴇ ɴᴇᴘᴀʟ,shopping_mall,27.6755536,85.345937,Koteshwor,1
ChIJF3sAH8wb6zkRsevZbkthyTA,mall,Global house,shopping_mall,27.6882192,85.35938809999999,Koteshwor,1
ChIJz6l8CM0Z6zkR1xJBwO6j5O8,mall,दिदीको तरकारी पसल,shopping_mall,27.6794801,85.3397225,Koteshwor,1
ChIJhWFXk98Z6zkRRcoDuof0Fmo,mall,Kamali Shop,shopping_mall,27.6767314,85.34059069999999,Koteshwor,1
ChIJR02O8u8Z6zkRzvTixwAvYeA,mall,Chaulagain Suppliers,shopping_mall,27.6727444,85.3517883,Koteshwor,1
ChIJnSeSK4eV6zkRyzB1UhQjZAs,mall,Family's Group Mart,shopping_mall,27.6730338,85.3551499,Koteshwor,1
ChIJy9U_Zx0a6zkR0d-0tRTVQfw,mall,New Pashupati Trade Center,shopping_mall,27.673111,85.35538249999999,Koteshwor,1
ChIJOfocBgAZ6zkRAF7293NF08w,mall,12/7 Grocery & Liqor Land,shopping_mall,27.6719613,85.3498997,Koteshwor,1
ChIJwYt34tYZ6zkRSu7aEEwtNNY,mall,Nature super market pvt ltd,shopping_mall,27.6718635,85.3498457,Koteshwor,1
ChIJaTc3s_gZ6zkRYFq-q7MWLTk,mall,Ozaira.com,shopping_mall,27.6738675,85.34220239999999,Koteshwor,1
ChIJoT1ByT8Z6zkRUZQouCbE2nE,mall,Sabjiland Pvt. Ltd.,shopping_mall,27.6727116,85.3561038,Koteshwor,1
ChIJqWLP3hsa6zkRgVTx3R2BEco,mall,Sitaram Kirana Store,shopping_mall,27.677315,85.36165840000001,Koteshwor,1
ChIJ6QQOo40b6zkRieW1VMMYM8s,mall,Heka kitchen store,furniture_store,27.6769057,85.3614822,Koteshwor,1
ChIJ-VW-x-sZ6zkRO5VGWitbIps,mall,Mart Nepal,shopping_mall,27.6781001,85.3376191,Koteshwor|Patan durbar square,2
ChIJBe3V4-8Z6zkRTkhnWdC87zM,mall,Nisha Suddha Masala (Spices),shopping_mall,27.67221,85.344455,Koteshwor,1
ChIJZUV88h4Z6zkRJpYkvCIdTDI,mall,महालक्ष्मी फेन्सी पसल,shopping_mall,27.6713361,85.3473558,Koteshwor,1
ChIJFSpGKz8Z6zkRY6rNFG84yi8,mall,Chakrawoti Devi Store Narephat,shopping_mall,27.6710277,85.3496017,Koteshwor,1
ChIJiZGoAfoZ6zkR1sr0BB_OtK4,mall,Suwidha Kirana Pasal,shopping_mall,27.6710274,85.3496016,Koteshwor,1
ChIJ-3b_Edkb6zkRatmmdNSg6_s,mall,Saugat Store,shopping_mall,27.6890612,85.36250079999999,Koteshwor,1
ChIJgTGuhWEb6zkRPy6--MsOXc8,mall,Sindhupalchok falful and jush centre,shopping_mall,27.6758395,85.36127479999999,Koteshwor,1
ChIJmd8p5ocZ6zkR6xX_IBN-L5s,mall,KTM MART,shopping_mall,27.6954816,85.35413679999999,Koteshwor,1
ChIJE5LKG_gZ6zkRNq2kXQyzLhc,mall,Monsoon Chasma Pasal,shopping_mall,27.6709146,85.3540608,Koteshwor,1
ChIJWXzqAgAb6zkRUBlsVbd7mDI,mall,Star Complex,shopping_mall,27.6895424,85.3629011,Koteshwor,1
ChIJo806eQAZ6zkRQcNSWxhczDE,mall,New shikhar optical,shopping_mall,27.6708217,85.3540536,Koteshwor,1
ChIJecgKksAb6zkRS-qejj08A5A,mall,pranabi,shopping_mall,27.6898095,85.36276769999999,Koteshwor,1
ChIJ32MihyQa6zkRQlz9Z0V9J8U,mall,The Aquarium World pepsicola branch,shopping_mall,27.6897037,85.3628564,Koteshwor,1
ChIJjbAfhyQa6zkRfFtu8V820c0,mall,Express mart,shopping_mall,27.6897094,85.3628815,Koteshwor,1
ChIJV5DtsWgZ6zkRv9DepSSZzl8,mall,Raunak and Riya Enterprises,shopping_mall,27.6711102,85.344622,Koteshwor,1
ChIJPQlPFvgZ6zkRC712mAM9HnQ,mall,Sisakoti Mini Market,shopping_mall,27.6704755,85.35378349999999,Koteshwor,1
ChIJkcScwpcZ6zkRCUMPBuUh5vU,mall,Gadget Sansar,shopping_mall,27.6775325,85.3362944,Koteshwor|Patan durbar square,2
ChIJAXbhg5UZ6zkRrgnUYfI9840,office,APPLYJOB.COM,corporate_office,27.6832658,85.34919730000001,Koteshwor,1
ChIJNQMzAAAZ6zkRiFE4Xmx08OI,office,Limco overseas Pvt.Ltd,corporate_office,27.6828874,85.3489919,Koteshwor,1
ChIJVZADw-wZ6zkR0SJGU9QRskI,office,Whitehat Agency Pvt. Ltd.,corporate_office,27.6835883,85.3488414,Koteshwor,1
ChIJk9doS_MZ6zkRhg-0uo-hwOw,office,Madina Khalipha Manpower Pvt. Ltd,corporate_office,27.6828539,85.3487821,Koteshwor,1
ChIJh3l8EdgZ6zkRZALzETwcSX8,office,Neo-Tech Engineering Pvt. Ltd.,corporate_office,27.6837744,85.3487447,Koteshwor,1
ChIJP_gvv4wZ6zkRPOQbvM9M340,office,Volenath Group Pvt. Ltd.,corporate_office,27.684054900000003,85.3485803,Koteshwor,1
ChIJeQH79KQZ6zkREljpUkKQU74,office,Nepal Can Move (NCM) - Tinkune | National & International Courier Service,courier_service,27.6840943,85.3485257,Koteshwor,1
ChIJpwwNv-kZ6zkR1N0GNECmdTY,office,Shahikhabar,corporate_office,27.6840814,85.3484515,Koteshwor,1
ChIJHS4U0rYZ6zkRrk9EfXfFhPQ,office,Ishworov International SRL Nepal,corporate_office,27.683014000000004,85.3481061,Koteshwor,1
ChIJFRSlZ-0Z6zkR9zMhdOKDfL4,office,Samaya Television HD,corporate_office,27.683266,85.3479562,Koteshwor,1
ChIJH_qXhkcZ6zkR6hLPAzkgNkw,office,Pinnacle Saving And Credit Cooperative Ltd. Service Centre: Tinkune/Koteswhor,corporate_office,27.6832708,85.34780719999999,Koteshwor,1
ChIJzRTTUMQZ6zkRjLwTjbsRYh0,office,KhudraVyapar Pvt Ltd,corporate_office,27.6827339,85.3477571,Koteshwor,1
ChIJO3stH60Z6zkRt_yGyxU5HTs,office,city village saving and credit,corporate_office,27.6815078,85.34848079999999,Koteshwor,1
ChIJu9YwvPgZ6zkRrvE43Jn4KmM,office,Nepali Maids,corporate_office,27.6811819,85.3491509,Koteshwor,1
ChIJdcJeOQAZ6zkRwI_vMzIcNrs,office,Sakar Publication,corporate_office,27.6808388,85.34930849999999,Koteshwor,1
ChIJGdfVevMZ6zkRUgDGEFjgoug,office,Namaste Online Nepal Pvt. Ltd,corporate_office,27.6807674,85.3493064,Koteshwor,1
ChIJOw5ZeaIZ6zkRGTFGMKefC1I,office,Bharosa job & services pvt.ltd.,corporate_office,27.6803984,85.3492272,Koteshwor,1
ChIJw9TPDfMZ6zkReofTL_6pCN0,office,World Wide Engineering Consultancy,corporate_office,27.6806019,85.3482736,Koteshwor,1
ChIJL2wFhfIZ6zkRiOMxqj7e0mc,office,nepalpatranews.com नेपालपत्र न्यूज डट कम,corporate_office,27.6803662,85.34863759999999,Koteshwor,1
ChIJe5KTUfMZ6zkR3Z8cpFBE7Fc,office,B.R.B. Management Service Pvt. Ltd.,corporate_office,27.6805366,85.34805539999999,Koteshwor,1
ChIJ-__-CvMZ6zkRbfAOr-v6WAk,office,Globeex Management,corporate_office,27.6801758,85.3483449,Koteshwor,1
ChIJ31cBzUwZ6zkR7qOZJmcyXDY,office,NAKSHYATRA INCORPORATION,corporate_office,27.6870255,85.3500596,Koteshwor,1
ChIJnxqQqYQZ6zkRVjdk3sPdddM,office,Willim Advance Enterprise,corporate_office,27.6876029,85.3504987,Koteshwor,1
ChIJBZR6cg0Z6zkRLWi4kSaeRt0,office,Bagmati Investment & Enterprises (P) Ltd.,corporate_office,27.6789663,85.34916249999999,Koteshwor,1
ChIJgYQOhGEZ6zkRuZxlC00CrBU,office,Professional Elixier,corporate_office,27.6791398,85.3483595,Koteshwor,1
ChIJv8cTRwAZ6zkRiPpCWJ5ByCY,office,Godhuli Enterprises,corporate_office,27.6804306,85.3461055,Koteshwor,1
ChIJ-ydutmMZ6zkRM8GrvELTbKs,office,AVIC project office,corporate_office,27.6877635,85.3510974,Koteshwor,1
ChIJ88uw4KsZ6zkR4GeeNtVHvXA,office,TIDMC,corporate_office,27.679126,85.3478659,Koteshwor,1
ChIJpSrMumcZ6zkRc67zURMh2XM,office,Leadpath Nepal,corporate_office,27.6787298,85.3487869,Koteshwor,1
ChIJ92r0DOYZ6zkRfQJ11eSMV6s,office,Scientific Business Hub Pvt. Ltd.,corporate_office,27.6787245,85.3482525,Koteshwor,1
ChIJDTU0zv8Z6zkRbGF44u_zb6I,office,Scientific Learning Center's Training Hall,corporate_office,27.678931,85.3472553,Koteshwor,1
ChIJVULZZroZ6zkRhi3euLk64tc,office,Skill Development and Vocational Training Academy Pvt. Ltd.,corporate_office,27.6788728,85.34723249999999,Koteshwor,1
ChIJcWIyTPIZ6zkROzR4q-b1BWM,office,Hamima Travels,corporate_office,27.6790165,85.34692659999999,Koteshwor,1
ChIJ5wSwKgAZ6zkRM2onH-t1KTc,office,Kore health care,corporate_office,27.6803365,85.345101,Koteshwor,1
ChIJU0oNiPIZ6zkRm3TclrjfDuk,office,B's Soft,corporate_office,27.6800146,85.3453139,Koteshwor,1
ChIJM72DkZMZ6zkRTI6surqPB-I,office,RR Tyre Center,corporate_office,27.679053,85.3536397,Koteshwor,1
ChIJQ5quAwAZ6zkR-ZA0ak65_jY,office,Siddhartha Hospitality Corporate Office,corporate_office,27.6791349,85.3458016,Koteshwor,1
ChIJ07BzDAAZ6zkRpvxtFekx50c,office,Overseas Freight Pvt. Ltd.,corporate_office,27.6890327,85.3514163,Koteshwor,1
ChIJ804wSx4Z6zkRTxer0WyDpcY,office,GS Caltex Poqutec EDT,manufacturer,27.6783618,85.35368319999999,Koteshwor,1
ChIJu3MSZQAZ6zkRW68Paa4jdn0,office,BUDINANDA SWOROJGAR MULTIPURPOSE COMPANY,corporate_office,27.6779316,85.34714989999999,Koteshwor,1
ChIJ48A1IyYZ6zkR2mSqzjteWkE,office,One Tree I.T. Services Pvt Ltd,corporate_office,27.6788095,85.345568,Koteshwor,1
ChIJSemWGlAZ6zkR6eiAxMUHGk8,office,Manchester United Supporters' Club Nepal,corporate_office,27.6781591,85.34658809999999,Koteshwor,1
ChIJ-7NaNTYZ6zkRC7EC2GhLzzQ,office,MetroBuilders,corporate_office,27.6804522,85.3437485,Koteshwor,1
ChIJg2pY3xoZ6zkR6d_lcOBu9Ec,office,Kiaan Chemicals Industry pvt.ltd.Nepal Head Office,corporate_office,27.680454,85.3437111,Koteshwor,1
ChIJi8hR3PUZ6zkRdZyI2BDj_2o,office,Salt Trading Corporation Ltd.,government_office,27.6777536,85.3533475,Koteshwor,1
ChIJB7YQVAAZ6zkR9MszuyGlYkk,office,SSN corporation,corporate_office,27.682803,85.34252599999999,Koteshwor,1
ChIJzYI9dQAZ6zkRjl9OAB6Ei1E,office,Nepal Cableways Company Pvt.Ltd.,corporate_office,27.6799808,85.3434259,Koteshwor,1
ChIJ1cmfYQAZ6zkRHQGo4s6eyo8,office,Alembic Pharma Nepal Office,corporate_office,27.6827826,85.3424314,Koteshwor,1
ChIJf8DnCu0Z6zkRFRMsblvIYFw,office,Hostelmandu,corporate_office,27.680003100000004,85.34322089999999,Koteshwor,1
ChIJoY1knaIZ6zkRShVAcXYnIKA,office,Nepware Pvt. Ltd.,corporate_office,27.6792638,85.34364099999999,Koteshwor,1
ChIJA3avWYQZ6zkRmDU3N74V2mo,office,Ghatal House,corporate_office,27.6792515,85.3436463,Koteshwor,1
ChIJm3rGFqAZ6zkR2K_rzrkGGFU,office,DigiClip Tech Solution Pvt Ltd,corporate_office,27.6836334,85.3420889,Koteshwor,1
ChIJ_fz7ke0Z6zkR2Eh6A9bZi4M,office,INTESOL Nepal,corporate_office,27.6787494,85.34395870000002,Koteshwor,1
ChIJNeslWu4Z6zkRH6B_M3Lw4hs,office,Hooligan jot,corporate_office,27.678036,85.3443092,Koteshwor,1
ChIJWfLdcEwZ6zkRQQiy8BZzOIY,office,Jnn enterprises,corporate_office,27.676962,85.3457042,Koteshwor,1
ChIJa8ghI7sZ6zkRudamqCck1Mc,office,Code Comma Gate,corporate_office,27.6778128,85.3441371,Koteshwor,1
ChIJORz86tEZ6zkRUatOFBAJdWc,office,BPO HUB Nepal,corporate_office,27.6838332,85.34135549999999,Koteshwor,1
ChIJz5gDkvEZ6zkRR70uojxTMMw,office,K.R.A Safety Concern,corporate_office,27.6763549,85.34634899999999,Koteshwor,1
ChIJ8-SpMgAZ6zkRJkph8JAcgJw,office,Sajha Infotech,corporate_office,27.677554900000004,85.3442659,Koteshwor,1
ChIJO4rJ_mMZ6zkR6SKjTxx3WdY,office,Redwood Industries Pvt. Ltd.,corporate_office,27.6762258,85.3537193,Koteshwor,1
ChIJKUXuCIkZ6zkR3rFBUyy6lQw,office,Dquirk Pvt. Ltd,corporate_office,27.6910323,85.352102,Koteshwor,1
ChIJQ3szRgAZ6zkRGNApxWr9Lc4,office,Ebin IT Solution,corporate_office,27.6760421,85.3536757,Koteshwor,1
ChIJW3itMbgZ6zkR4-qNUtnue-A,office,Vibgyor NextGen Future Skills,corporate_office,27.6796102,85.3420135,Koteshwor,1
ChIJX_dsqN8Z6zkROwrMUTSJAcc,office,Friends In Renewable Empire (FIRE),corporate_office,27.6911527,85.35186619999999,Koteshwor,1
ChIJpeJikfEZ6zkRi8ZBQDu5lMQ,office,Bangoor Byabasai Sangh Nepal (Pig Enterpreneur Association Nepal),corporate_office,27.676061200000003,85.3462122,Koteshwor,1
ChIJUdbx_MIZ6zkRkgv7p9hC3k8,office,Unique Builders and Suppliers,corporate_office,27.6859038,85.3414354,Koteshwor,1
ChIJaQOFcwAZ6zkReEVpmzxKKFg,office,Tiny Wisdom,corporate_office,27.6858795,85.34141869999999,Koteshwor,1
ChIJ2fLeohwZ6zkRzcSHn0Yy1vI,office,Namaste delivery service,corporate_office,27.6752667,85.351198,Koteshwor,1
ChIJ4cX-ZdYZ6zkR3LidAAd6I1g,office,GMK Groups,corporate_office,27.6815125,85.3410469,Koteshwor,1
ChIJ88QFkDkZ6zkR30pGI8MoFtA,office,Nivix Pharmaceuticals(Kathmandu Office),corporate_office,27.6854343,85.3410957,Koteshwor,1
ChIJ0_66QL_yzi4R3X5zsnUyvbg,office,Alpha,corporate_office,27.6857009,85.34109819999999,Koteshwor,1
ChIJn5vW1d0Z6zkRjeO8ua2UtGY,office,TEAM Corporate Center,corporate_office,27.6913207,85.35225700000001,Koteshwor,1
ChIJ3yU-Xl427SoR2lz4Ms6eos0,office,Alpha Group,corporate_office,27.6856535,85.34107569999999,Koteshwor,1
ChIJDXGvU-wZ6zkRnfDEFaSTyLc,office,Nepa online services p.v.t l.t.d,corporate_office,27.6793014,85.34185860000001,Koteshwor,1
ChIJh2uviWsZ6zkRPLn_UtiZiZQ,office,bikash saving and credit co-operative ltd,corporate_office,27.6799398,85.34143159999999,Koteshwor,1
ChIJJbtLgU8Y6zkR-Fmvc-fxfTo,office,SDPC,corporate_office,27.6917251,85.35090149999999,Koteshwor,1
ChIJH8d2Bu4Z6zkRttOsn72s-4g,office,Suvarambha Manpower Services P. Ltd.,corporate_office,27.6766957,85.34405559999999,Koteshwor,1
ChIJW5wpSxEZ6zkRIH75lZNRCLo,office,Vigor Technologies,corporate_office,27.6796292,85.3413041,Koteshwor,1
ChIJJfYWUwAZ6zkRK13yl1RXzRE,office,Koteswor,corporate_office,27.6755536,85.345937,Koteshwor,1
ChIJW3j9-uMZ6zkRUbCdyKmANm8,office,People's Help Group (PHG),corporate_office,27.6755536,85.345937,Koteshwor,1
ChIJq6qq6vEZ6zkR4U7tUYdsw5o,office,Cidebyte Technologies,corporate_office,27.6755536,85.345937,Koteshwor,1
ChIJrel4CVkZ6zkRZTVT7rZ7TM8,office,Sastoramrobazar,corporate_office,27.6755536,85.345937,Koteshwor,1
ChIJbynGesQZ6zkRkBwlQewbhJw,office,CLEAN SWEAP MULTIPROPOSE PVT. LTD.,corporate_office,27.6755536,85.345937,Koteshwor,1
ChIJM76UWwAZ6zkRmw7k6Gwwvis,office,Sita Gautam house,corporate_office,27.6755536,85.345937,Koteshwor,1
ChIJJQNKegAZ6zkRAUPNTSv_0uI,office,Karma Alytix,,27.6749769,85.3469279,Koteshwor,1
ChIJOZqnCAAZ6zkRZXvYv3mZX9o,office,NIRC(Nepal Inst of Research & Communications),corporate_office,27.6792358,85.3411947,Koteshwor,1
ChIJtW1DMY4Z6zkRJDPe4d7F9Sw,office,Danfe Construction,corporate_office,27.6912171,85.3455362,Koteshwor,1
ChIJ2UmnFZcZ6zkRd2mC9zSNRTA,office,LOGICRA Innovations,corporate_office,27.6783198,85.3412608,Koteshwor,1
ChIJaeyMghsZ6zkRRh2JZEHgwFs,office,D.J. Group of company,corporate_office,27.6751343,85.3451264,Koteshwor,1
ChIJLVfdaAAZ6zkRhmBXb1ZhsZE,office,"Nabin K. & Associates, Kanti Marg, Koteshwor",corporate_office,27.6746253,85.34637269999999,Koteshwor,1
ChIJmX2f8cMZ6zkRdghZoKl_h2g,office,Zedfo Corporate Office,corporate_office,27.6751621,85.34492829999999,Koteshwor,1
ChIJmY-CTkkZ6zkROmIZ-qJQeRY,office,"Khariboat chauki, Koteshower",corporate_office,27.6785093,85.34076019999999,Koteshwor,1
ChIJ-3C8v-sZ6zkRixsfnJx3SWA,office,P&P Digital Network Pvt. Ltd.,corporate_office,27.6738457,85.35124139999999,Koteshwor,1
ChIJ5-vWXwEZ6zkRxqY89dQuteU,office,Sagarmatha Travels & Tour,corporate_office,27.6737539,85.3512591,Koteshwor,1
ChIJj2MnC40Z6zkR6ymnGdmfRFk,office,Spark Technology,,27.6873253,85.36013109999999,Koteshwor,1
ChIJAXaXDQAb6zkRwTQiTOmrmhw,office,Fin Trust Pvt Ltd,corporate_office,27.686437500000004,85.3605625,Koteshwor,1
ChIJ2auC-nYb6zkRPrL9w7otwss,office,"Inland Revenue Office Koteshwor, Pepsicola",corporate_office,27.6864734,85.36060289999999,Koteshwor,1
ChIJvUiSTfAZ6zkROMc41fScBrk,office,Natural Herbs World (P) Ltd.,corporate_office,27.6738574,85.34648399999999,Koteshwor,1
ChIJm0yEnB0a6zkRHjGOcqLtxbw,office,Precast Tiles,corporate_office,27.6747307,85.3557251,Koteshwor,1
ChIJDRplKNsZ6zkRQjRGDqk1gSM,office,Altacit Associates,corporate_office,27.6865839,85.3607576,Koteshwor,1
ChIJPYIEKu4Z6zkR21kwXeZppPY,office,Distinctive Nepal Travels and Tours,travel_agency,27.6743912,85.34472629999999,Koteshwor,1
ChIJxciITQAb6zkRpRGulKNPLRs,office,Chamse Construction Company Pvt Ltd,corporate_office,27.6864163,85.3610317,Koteshwor,1
ChIJo6t_bQAb6zkRXWSqmOlgJ5E,office,"Ghatta Chowk, Pepsicola, Kathmandu-32",corporate_office,27.6861653,85.3611371,Koteshwor,1
ChIJs7X2tnkb6zkRFgKJpaV8IOE,office,Nirajan Dahal - Computer Engineer / IT Consultant,corporate_office,27.6818688,85.3614983,Koteshwor,1
ChIJyWr-Ov4Z6zkRdfWJsp0ZAOw,office,Nepal Center for Contemporary Research,corporate_office,27.6792756,85.33931799999999,Koteshwor,1
ChIJ95lBBBAZ6zkRtyWY_wAcN8E,office,Continue production,corporate_office,27.6749318,85.3432468,Koteshwor,1
ChIJ_cwpUwAZ6zkRnS3DdyVF7Q0,office,Kathmandu,corporate_office,27.676688700000003,85.3408393,Koteshwor,1
ChIJT2VCexkZ6zkR2iLgq8zWSWc,office,ACD Techs Pvt. Ltd.,service,27.6749736,85.342739,Koteshwor,1
ChIJWdM1EAAZ6zkRtdPtn0ZiYRc,office,Delta V logic and solution,corporate_office,27.6751871,85.3423519,Koteshwor,1
ChIJuzNA-WUZ6zkRPXluTzrXQJE,office,Paudel Bhawan,corporate_office,27.6727855,85.3518581,Koteshwor,1
ChIJpeMDNgAZ6zkRjHsShRZ9nLs,office,Darlivo Network Private Limited,corporate_office,27.6783539,85.3393153,Koteshwor,1
ChIJxzoi9CoZ6zkRsWmcpuwKbXY,office,Nepal Mobile Bewasai Mahasang,corporate_office,27.6748987,85.34256789999999,Koteshwor,1
ChIJoa6y-QMZ6zkR6oHflEhcXqU,office,Fedration of Nepal mobile business asocations,corporate_office,27.6747191,85.34282809999999,Koteshwor,1
ChIJb8wTRAAZ6zkRqmgpKbghowk,office,Nepal H.One Fitness Pvt.Ltd,corporate_office,27.678457,85.3391559,Koteshwor,1
ChIJLUxOjZkZ6zkRsrXGrO1nMRc,office,manoj senehang निवास,corporate_office,27.67259,85.35138900000001,Koteshwor,1
ChIJse6TF6kZ6zkRAPKn4BwW29Y,office,Chirkhwa Hydropower Limited,corporate_office,27.6761522,85.3407824,Koteshwor,1
ChIJ3ZBKAXMb6zkRzV35pVqm83s,office,Creation trading incorporated pvt.ltd.,corporate_office,27.6756875,85.3587788,Koteshwor,1
ChIJVTJjoVcZ6zkRmjlEcjLaesc,office,The Public Magazine,corporate_office,27.6771963,85.3398113,Koteshwor,1
ChIJ7QX-Rq8Z6zkRWL3g-avUG-0,office,SEWAJ,corporate_office,27.6789559,85.33870259999999,Koteshwor|Patan durbar square,2
ChIJpWxhOUQb6zkRXpXaQnb_9o8,office,Tribeni trading and suppliers,corporate_office,27.6735435,85.3554867,Koteshwor,1
ChIJMZgC9BkZ6zkRjtAZ5Ytf4VE,office,Vintage Business Advisory Pvt. Ltd,corporate_office,27.6782456,85.3390307,Koteshwor,1
ChIJr5bHumwX6zkRZO-stlWAZY0,office,PVN Books Pvt. Ltd.,corporate_office,27.6795597,85.3617869,Koteshwor,1
ChIJm8OHaO4Z6zkRJ-oJmFvxDvE,office,Codemandu Business Solutions,corporate_office,27.6773733,85.3392789,Koteshwor,1
ChIJv1LtFgAZ6zkRQeZBBKkDxus,office,GR Electronics,corporate_office,27.6751841,85.3411613,Koteshwor,1
ChIJjxNgWQAZ6zkR1x-lq0Noz_0,office,Rajiv Pandit,corporate_office,27.6720366,85.35043929999999,Koteshwor,1
ChIJQ4ZUmPsb6zkRNKb5BbOoKo4,office,Professional Engineers & Builders (Pvt.) Ltd.,corporate_office,27.6766221,85.3604512,Koteshwor,1
ChIJNwU13JAZ6zkR8UF4tm5tgcc,office,Eco Himalayan International Pvt.Ltd,corporate_office,27.6913438,85.3407592,Koteshwor,1
ChIJNSJ51QgZ6zkRPvroDUnLcWY,office,Blanxer Technology Pvt. Ltd.,corporate_office,27.6727089,85.3548646,Koteshwor,1
ChIJdZKsSQIZ6zkRKS_GbjQFW9k,office,NAAS YTG,corporate_office,27.6729893,85.34432699999999,Koteshwor,1
ChIJfc46SAAZ6zkRGCMhSg-AGo0,office,Deu Ghar Pvt. Ltd.,corporate_office,27.6776733,85.3386645,Koteshwor|Patan durbar square,2
ChIJNS3fa0Yb6zkRaDHRrJzbGfc,office,Krish saacos,corporate_office,27.6895255,85.3610072,Koteshwor,1
ChIJ_QtkCSQa6zkRamOFZKU66Ec,office,Purano Sinamangal Saving and Credit Cooperative Ltd,corporate_office,27.6894772,85.3610779,Koteshwor,1
ChIJT1_OYwAb6zkRCLtakBRHIXY,office,Sayeet & Abhiyan Real Estate Pvt. Ltd.,corporate_office,27.6726922,85.3552672,Koteshwor,1
ChIJs29U6usZ6zkRmaXOUurkVS0,office,Basuki Trading Company,corporate_office,27.6780241,85.3383214,Koteshwor|Patan durbar square,2
ChIJc-RlUtEb6zkRXzUpsNGAEKA,office,rdsfmcgroup,corporate_office,27.6728535,85.3557,Koteshwor,1
ChIJuXdDerYb6zkRSGv2SUmborI,office,Bhamisa Food and Beverage Pvt Ltd,corporate_office,27.6725487,85.3551796,Koteshwor,1
ChIJiT8BHQAZ6zkRguFK8wAlbTE,office,DW Pictures,corporate_office,27.6916011,85.3405646,Koteshwor,1
ChIJ7eYgawAZ6zkRAxxMjEUUn-8,office,Benchmark Research and Training Associates,corporate_office,27.6795118,85.3374276,Koteshwor|Patan durbar square,2
ChIJhcQ86Z0Z6zkRUXMeHAgWsdM,office,Aalubaba,corporate_office,27.6944203,85.35447479999999,Koteshwor,1
ChIJ_1n9Q5AZ6zkRnBSFZBCl4Xk,office,"Samyak Consulting Engineers,",corporate_office,27.6912421,85.3401075,Koteshwor,1
ChIJexN6dT4Z6zkR84sA-vglZrM,office,Saurav Everest International Pvt. Nepal.,corporate_office,27.6735502,85.3425175,Koteshwor,1
ChIJEYzcQRUZ6zkRZeV5wwylAl8,office,RTS Complex,corporate_office,27.6733682,85.3428196,Koteshwor,1
ChIJS7nlopcZ6zkRlDgVJ5A5BVA,office,Cosmos Nepal,corporate_office,27.6715853,85.3516511,Koteshwor,1
ChIJeykwwMgb6zkROPxqew5EEkU,office,AV Bionics Pvt. Ltd.,corporate_office,27.6878429,85.36236699999999,Koteshwor,1
ChIJw4UDoiMa6zkRO4earlTzCJM,office,nepalese.news,corporate_office,27.6878092,85.3624006,Koteshwor,1
ChIJ_0zceVwZ6zkRsIjFy4Pnu3s,office,"Prabhu Mahalaxmi Life Insurance Ltd., Old Baneshwor Branch",service,27.6742355,85.3413583,Koteshwor,1
ChIJwZ_nGzkZ6zkRyqhRzKvcBcU,office,Maskey Complex,corporate_office,27.695144900000003,85.3519663,Koteshwor,1
ChIJ8QuK7wAZ6zkRJE5gAVNiDbU,office,White horse recruitment Pvt. Ltd.,corporate_office,27.695157,85.3519839,Koteshwor,1
ChIJDX5TYxka6zkRIeWOdfT_JJw,office,Yuwa Sakti Samuha,corporate_office,27.6779001,85.3620588,Koteshwor,1
ChIJWWfnHgAb6zkRDpM-5Vbtgm0,office,"D Pankaj Associates, Chartered Accountants",corporate_office,27.6797438,85.3629378,Koteshwor,1
ChIJOxolWAAb6zkRcSYsYcNuif4,office,Sunkoshi Industries,manufacturer,27.672205,85.3551451,Koteshwor,1
ChIJJV2_lUQb6zkRsMMa1pTfwc8,office,NepaNet Digital Network Pvt Ltd,corporate_office,27.6875824,85.36275979999999,Koteshwor,1
ChIJ31ETjQoZ6zkRaeTh6XHKfjA,office,Techblogchain Pvt Limited,corporate_office,27.6770237,85.3383731,Koteshwor,1
ChIJbXUuYwAZ6zkRpoq7cieASAY,office,GLOBAL SQUARE I.T. COMPANY PVT. LTD.,corporate_office,27.691397,85.3397705,Koteshwor,1
ChIJ1RlW_QIb6zkRiV_B9ng5GjE,office,Adhish Traders,corporate_office,27.6739981,85.358797,Koteshwor,1
ChIJ1aVHHLoZ6zkRAUCSWkeZNnc,office,Karcher Center Nepal,corporate_office,27.6948005,85.3545711,Koteshwor,1
ChIJ23cBDSMa6zkRFEVpiruABzo,office,Dolce Sugar Sachet,corporate_office,27.6875296,85.3628963,Koteshwor,1
ChIJ3R-eDwAZ6zkRiMdJ-l0HDuQ,office,Rawal Tour and Travels,corporate_office,27.6720057,85.3448602,Koteshwor,1
ChIJPRtmVvsZ6zkRUtrXZR-q7SQ,office,Aspirey Events & Media,corporate_office,27.6719305,85.3450459,Koteshwor,1
ChIJ3zCqbAAZ6zkR4u0QMTykO14,office,WELCOME HOUSE,corporate_office,27.675412100000003,85.3394486,Koteshwor|Patan durbar square,2
ChIJw8oMbK0Z6zkRPWHKXqA2-Iw,office,Anup Shrestha,corporate_office,27.6710891,85.3509595,Koteshwor,1
ChIJCw_yNT0Z6zkRcv9ddudNvOg,office,RDM Consultancy,corporate_office,27.6790764,85.3369364,Koteshwor|Patan durbar square,2
ChIJibKlq54Z6zkRhLBWWGTjbkw,office,The Laundry Park,corporate_office,27.6714942,85.3540127,Koteshwor,1
ChIJIeaWAKQZ6zkRhIwzQZMjJmI,office,Youth Initiative,corporate_office,27.679152,85.3368665,Koteshwor|Patan durbar square,2
ChIJVQRsYCQZ6zkRgSvEiZxqx2I,office,INI Group,corporate_office,27.6923187,85.3403811,Koteshwor,1
ChIJq0mYn20Z6zkRjSsPlfnGNn0,office,PA Group,corporate_office,27.678963300000003,85.33688719999999,Koteshwor|Patan durbar square,2
ChIJ_zE9PAAb6zkRDT5mJ5qTkD8,office,Harati Freelance And IT Services,corporate_office,27.6759475,85.3612677,Koteshwor,1
ChIJ87tuh9cZ6zkREYh5pLrCOsM,office,Apurba Engineering consultancy Pvt.Ltd.,corporate_office,27.6759471,85.3387202,Koteshwor|Patan durbar square,2
ChIJz-IffQAZ6zkRUMNdecZ_QWY,office,GPN Security Force Pvt. Ltd.,corporate_office,27.6713561,85.3539097,Koteshwor,1
ChIJJe8CPwAZ6zkRfWnmHvnGN3Y,office,SHREE NEPALAIR BUSINESS TRAVEL & TOURS,corporate_office,27.6953732,85.35376169999999,Koteshwor,1
ChIJ5Vo3HNgZ6zkRYN2RDuQjcyM,office,New Rainbow Nepal,corporate_office,27.6953747,85.3538131,Koteshwor,1
ChIJl-slAAAZ6zkR4khBFItDNdY,office,Gaganchumbi Air limited,corporate_office,27.695375,85.353962,Koteshwor,1
ChIJq6bxQwAZ6zkRQml0DPPbnxg,office,NepaleseVibe (David's Home),corporate_office,27.6920412,85.3396156,Koteshwor,1
ChIJ56jQgRwa6zkRWuOiJdg4uqw,office,Prabhu Money Tranfer,corporate_office,27.6743383,85.3601085,Koteshwor,1
ChIJ5-fSYgAb6zkRqJrakYjUtY8,office,Office,corporate_office,27.6738134,85.35948499999999,Koteshwor,1
ChIJE5A5TyIZ6zkRazQxHHVdHlo,office,Apple Overseas Pvt Ltd.,corporate_office,27.6955526,85.35402049999999,Koteshwor,1
ChIJeWmNQgAZ6zkRgu5YGy2_rvc,office,sinamangal,corporate_office,27.6954632,85.35435439999999,Koteshwor,1
ChIJh3YRb7QZ6zkR-ggCS05TIPc,office,Airport Enterprises,corporate_office,27.6953841,85.3546652,Koteshwor,1
ChIJPQpbNwAZ6zkREPP5pj3Uets,office,Crystal View Events,corporate_office,27.6706025,85.34902930000001,Koteshwor,1
ChIJAfqkBgAZ6zkRNG1J6Qrr-fc,office,Mundhum avation cargo and courier,service,27.6954037,85.35467039999999,Koteshwor,1
ChIJ729gcAAZ6zkRMB1KRBpq354,office,Turkish Cargo - Nepal Office,corporate_office,27.695485,85.3545343,Koteshwor,1
ChIJJ5l8AHgZ6zkRuJS3iVUmEng,office,Teligenz Pvt. Ltd.,corporate_office,27.6916323,85.33890269999999,Koteshwor,1
ChIJryh-8eoZ6zkRxlaZP-khj3s,office,Poudel’s,corporate_office,27.6801143,85.3359332,Koteshwor|Patan durbar square,2
ChIJA6Q9yRsa6zkRUMV-EzqCQ0g,office,ई एन्ड टी नेपाल प्रा। लिमिटेड,corporate_office,27.6764234,85.3622919,Koteshwor,1
ChIJC5be0xEZ6zkRsBGziFloHZQ,office,Rhombus Engineering Solutions Pvt. Ltd,corporate_office,27.6830706,85.3353941,Koteshwor|Patan durbar square,2
ChIJk_tcVwAZ6zkRBkJ5yDTMMVA,office,Raj bhujel,corporate_office,27.6724141,85.3421049,Koteshwor,1
ChIJrQdJPLYZ6zkRj7Yzriog7rc,office,BB Airways,corporate_office,27.6956814,85.3545441,Koteshwor,1
ChIJYbtXZQAZ6zkRpU7glBzXoKc,office,Rathicol,corporate_office,27.6708434,85.3540788,Koteshwor,1
ChIJUWg_a2Mb6zkR3kfBdR57U8w,office,Atharva Invesment Group,corporate_office,27.6895416,85.3629028,Koteshwor,1
ChIJ2VcX8-oZ6zkRSDZgnveEaG0,office,Paramount Dc Tours and Travels,corporate_office,27.6800262,85.3357453,Koteshwor|Patan durbar square,2
ChIJxUw7nu8Z6zkRYUTbigo7UZ8,office,Gray code pvt ltd,corporate_office,27.6722953,85.34204079999999,Koteshwor,1
ChIJPVfdQZUZ6zkRzPSHnjL20mY,office,Starnet Enterprises Pvt Ltd,corporate_office,27.683814200000004,85.3352211,Koteshwor,1
ChIJ-_2rj8oZ6zkRTJcdkUTvTmk,office,Timber Doors Textiles,corporate_office,27.6960015,85.3538873,Koteshwor,1
ChIJk2qW4w8Z6zkR4i770XmuNmo,office,TBI Group Nepal,corporate_office,27.6957862,85.3546949,Koteshwor,1
ChIJMd56KqYZ6zkRvy-3O_IIXh8,office,NDA nepal dental association,corporate_office,27.6737268,85.33980869999999,Koteshwor|Patan durbar square,2
ChIJATG5WQAb6zkRG0jnrer-4bY,office,Dibyashwori Business Solution,corporate_office,27.6742532,85.3608302,Koteshwor,1
ChIJXSCsN8oZ6zkRT8oypIwepcc,office,JB BUILDING,corporate_office,27.6832787,85.3350696,Koteshwor|Patan durbar square,2
ChIJFc1_c-8Z6zkRXQnJVILcGH0,office,Silent Turtle Pvt. Ltd,corporate_office,27.6723158,85.3417228,Koteshwor,1
ChIJySN26FwZ6zkR0W1dTMKLqqs,office,Omama Manpower Pvt. Ltd,corporate_office,27.6965771,85.3508385,Koteshwor,1
ChIJe_razYcZ6zkRbkmdSwRW03s,office,Frontiers Project Management Consultancy Pvt Ltd,corporate_office,27.6719897,85.34221409999999,Koteshwor,1
ChIJgYO-7YcZ6zkRxQh-84RMkGQ,office,Red Sea International Overseas Pvt. Ltd.,corporate_office,27.6960638,85.35422659999999,Koteshwor,1
ChIJnYx0LTwZ6zkR22abR7ZFCg0,office,Chroma International,corporate_office,27.6965978,85.3504031,Koteshwor,1
ChIJO-mSXJIZ6zkRoKlXM8P_XoA,office,Eagle Tech Nepal,corporate_office,27.6872229,85.3643519,Koteshwor,1
ChIJsZcJsfMZ6zkRWhOAn0WDqEw,office,Rajmaya Engineering Consultancy & Construction Pvt Ltd,corporate_office,27.6720729,85.34196159999999,Koteshwor,1
ChIJC2sOTwAZ6zkRTVad7qpOoYc,office,SoniSoft KTM,corporate_office,27.6849719,85.3350323,Koteshwor,1
ChIJp7KodpsZ6zkRL9AbGoLUjqM,office,Andritz Hydro Nepal,corporate_office,27.6852802,85.33506899999999,Koteshwor,1
ChIJv_cGqA4Z6zkRsHIui5cDlas,office,Jodnu Technology Pvt. Ltd.,corporate_office,27.6852369,85.3350377,Koteshwor,1
ChIJB7axdJUZ6zkRRUspRiiAXZM,office,Innox Technomania Pvt. Ltd.,corporate_office,27.6841003,85.3349046,Koteshwor,1
ChIJFfrghO8Z6zkRitZfT_y7DE0,office,Heritage Fashion,corporate_office,27.6716786,85.3425367,Koteshwor,1
ChIJLbMz8JQb6zkRUxm33iTCEqg,office,Chandyo Residence,corporate_office,27.6909805,85.36242519999999,Koteshwor,1
ChIJvW8qSAAb6zkR6TKV7N-3whA,office,Chand Niwas,corporate_office,27.6782132,85.3640052,Koteshwor,1
ChIJecByOgAZ6zkRNpk3GYvEep4,office,Taple industries pvt ltd,corporate_office,27.6716,85.3425824,Koteshwor,1
ChIJha6XzYwZ6zkREGVL8kqbZhs,school,EuroKids Tinkune,school,27.6832701,85.3481975,Koteshwor,1
ChIJgRYlMfMZ6zkRapziJQYRWeU,school,Nava Jyoti H. S. School,secondary_school,27.6823709,85.34831249999999,Koteshwor,1
ChIJ6WTUS6gZ6zkRvvYCDt1DyeE,school,Tartam Hall,school,27.6830132,85.34751390000001,Koteshwor,1
ChIJmUzXI_MZ6zkRAnygghm2K5k,school,Eurostar Montessori,school,27.6816869,85.3475583,Koteshwor,1
ChIJVR8Fco0Z6zkRrw-B0NA_6EU,school,Erasoft Solution Pvt. Ltd.,,27.683053,85.3468797,Koteshwor,1
ChIJlzLi39IZ6zkRlFWHSymgjc4,school,Golden Kings Academy,school,27.68044,85.3492325,Koteshwor,1
ChIJQxvz-2sZ6zkRQNH72wv_QMs,school,Kids Garden Montessori School,school,27.681756,85.3469693,Koteshwor,1
ChIJVx0SVwAZ6zkRoMvc-2qiFJ0,school,Shemrock Koteshwor,preschool,27.6811068,85.34732989999999,Koteshwor,1
ChIJic_bF5wZ6zkRJW3n7BZzyh8,school,"Swarangini Music Academy,Koteswor",school,27.6796214,85.34920679999999,Koteshwor,1
ChIJjWxaqvMZ6zkRzuCRfDL9fic,school,Angel Lord Academy High School,secondary_school,27.6798213,85.3474548,Koteshwor,1
ChIJndiDj_MZ6zkR2dSujQDwAcE,school,Modern Montessori Training Center,school,27.679177,85.34917840000001,Koteshwor,1
ChIJQ6ERNAQZ6zkRRjAnS3BaDmM,school,sarbeshwor basic school,primary_school,27.6821521,85.35476299999999,Koteshwor,1
ChIJV0JLU7cZ6zkRkvyuG6paSFI,school,OJI INTERNATIONAL LANGUAGE CENTER 王子,school,27.678943200000003,85.3493371,Koteshwor,1
ChIJ4xH0dUYZ6zkROAXgwmfMaGQ,school,New Star Montessori Training Center,school,27.6788904,85.34909400000001,Koteshwor,1
ChIJD1SOaPIZ6zkRGKUucUStxAU,school,Good Shepherd School,school,27.6791827,85.3457416,Koteshwor,1
ChIJbw0BgKEZ6zkRfmt17nYxIFY,school,HAPPY KIDS PRE SCHOOL/ Montessori,preschool,27.6785756,85.34656319999999,Koteshwor,1
ChIJQQo_NwAZ6zkRuYtf5KVyFFk,school,Kirat korean language institute,school,27.6776305,85.34842330000001,Koteshwor,1
ChIJtd88l3UZ6zkRPC4soqbh6-Q,school,Lucky home,secondary_school,27.6782889,85.34641859999999,Koteshwor,1
ChIJMRn7OvIZ6zkRVEQq_F_TTcQ,school,Advanced Academy,educational_institution,27.6779044,85.34644860000002,Koteshwor,1
ChIJhZZNeAAZ6zkRwonehGllU_s,school,Arabica Brew Coffee School,,27.6771095,85.34742729999999,Koteshwor,1
ChIJLbFrc-0Z6zkRMOwzMnle1qw,school,Deepika School,school,27.6798449,85.3435839,Koteshwor,1
ChIJdxsMqyMZ6zkRx3v78HgnRJQ,school,DRS School,educational_institution,27.6789611,85.34409149999999,Koteshwor,1
ChIJwejsuhcb6zkRJdlixa3qqY0,school,Shree Saraswati Secondary School,school,27.679,85.356281,Koteshwor,1
ChIJz7z32S0b6zkRfyy0gI01dQs,school,Shree saraswati basic school,primary_school,27.678972,85.35644339999999,Koteshwor,1
ChIJk_RsIEMZ6zkRGkVxR9sXxLo,school,Gaming Club | esewa12 Nepal,school,27.676353,85.347855,Koteshwor,1
ChIJwSysbRgb6zkRti1iDnA3lS4,school,SMART KIDS MONTESSORI,school,27.6845834,85.3587141,Koteshwor,1
ChIJk4PyY5kZ6zkRsej98YYHatU,school,World Awakening Mission,school,27.6865974,85.3583527,Koteshwor,1
ChIJPfSi8ewZ6zkR83FDKljcRcs,school,Koteshwor Saraswati H.S. School,school,27.6803723,85.3412111,Koteshwor,1
ChIJS_-dFyEa6zkR36UCiVPDctY,school,Manank Children's Paradise Secondary School,school,27.68749,85.3582529,Koteshwor,1
ChIJgTXibu4Z6zkRx4SXTAFGypI,school,Nava Jeevan Montessori,preschool,27.677025,85.34350599999999,Koteshwor,1
ChIJ5dBSTuwZ6zkRU6ZvAM3JemE,school,Grammar School/College,secondary_school,27.6787821,85.3417523,Koteshwor,1
ChIJ8w7FvvEZ6zkR8_VUaMe8uek,school,Barnamala Montessori,preschool,27.6753279,85.34616799999999,Koteshwor,1
ChIJudMSBe4Z6zkRzQ40Seu89Q8,school,Tiny Footsteps Pre-school,preschool,27.676352,85.3440679,Koteshwor,1
ChIJy4BHxPEZ6zkRKlMJyJLEHrA,school,Cosmic Int'l Academy,secondary_school,27.6750621,85.34547719999999,Koteshwor,1
ChIJcUDbee4Z6zkROlapQcLoOJA,school,Skylight School,school,27.6766504,85.34272419999999,Koteshwor,1
ChIJn0pMMiIa6zkRxIjtvX2Gisw,school,Nepal Tara School,school,27.6860274,85.3600555,Koteshwor,1
ChIJzwZIjGEZ6zkRZ8qHq63oueA,school,Smart Learning Montessori,school,27.6800328,85.3393725,Koteshwor,1
ChIJ6dNFfOsZ6zkRUA5sn-QDXQc,school,Swarnim Tara Vidya Sadan (स्वर्णिम तारा मा. वि.),school,27.6802374,85.3392118,Koteshwor,1
ChIJP9LEMd8Z6zkRSsFnbWeZHiE,school,काठमाडौं गुरुकुल,school,27.6760855,85.3420192,Koteshwor,1
ChIJZ1XN8gkb6zkRTWREOtZ2zYM,school,Tapobhumi School,school,27.6776916,85.3596264,Koteshwor,1
ChIJmevqQe4Z6zkR_OgjjIBSLS4,school,New Vision Academy,school,27.6751764,85.3429451,Koteshwor,1
ChIJ2SZGP78Z6zkRpPEITN14A2Y,school,Grammar School Bus Parking,school,27.6772195,85.3405597,Koteshwor,1
ChIJQchdRvAZ6zkRPr5lFKTeo_Q,school,TRI-DEVI ENGLISH SECONDARY SCHOOL,school,27.6731348,85.34626829999999,Koteshwor,1
ChIJcyR3h_wZ6zkRJncwcliab0M,school,saakshar montessori,school,27.6725477,85.3496682,Koteshwor,1
ChIJT0-dJwAZ6zkRywE2c3feFf0,school,Himalayan Kids Preschool,preschool,27.6804939,85.3619834,Koteshwor,1
ChIJ-QIObTkZ6zkR8WSWXUvR7FM,school,Euro school Koteshwor,school,27.6727961,85.3459819,Koteshwor,1
ChIJpf8PNbob6zkR-ev6NgWInVk,school,Groove Seed Barista Coffee School,school,27.689447500000004,85.36070149999999,Koteshwor,1
ChIJc1ftbhka6zkRvogwpxpGTUQ,school,NIST School,school,27.6787618,85.3617267,Koteshwor,1
ChIJyW95BTIb6zkReejqXD43uPM,school,Sano Bal Sansar Montessori,school,27.686176000000003,85.3624219,Koteshwor,1
ChIJ88URye8Z6zkRqRCXk3OKZUg,school,Kanjirowa National Secondary School,school,27.6735625,85.3434375,Koteshwor,1
ChIJW7TAyO8Z6zkRsI62TcS1_E0,school,Hebron Public School,school,27.6734614,85.3435849,Koteshwor,1
ChIJtw1WZhwa6zkRINsxPyOegLI,school,Vision Montessori,school,27.6751211,85.35903710000001,Koteshwor,1
ChIJyXgjzW4b6zkRNhRAsbCkl1o,school,OGM SCHOOL / Learning to Lead,primary_school,27.6753233,85.3593495,Koteshwor,1
ChIJzwr8_Rwa6zkRFsf9esTmSfQ,school,Unique Nepal Academy,school,27.674128,85.3578254,Koteshwor,1
ChIJezFCGPAZ6zkRiQ84d6y6T3A,school,New Tulips' School,secondary_school,27.6725777,85.3453126,Koteshwor,1
ChIJGZQMpfAZ6zkRRPwIzl66Grk,school,Kotdevi Public English Sec. School,school,27.6718077,85.3491335,Koteshwor,1
ChIJSdFQV_cZ6zkRh3kDsr05ii0,school,Nepal Central High School,school,27.6717232,85.3502334,Koteshwor,1
ChIJo65n6esZ6zkRENZ3XPZYyl0,school,Phoolbari Montessori Kids World,school,27.6778195,85.3384323,Koteshwor|Patan durbar square,2
ChIJHVey8Pwb6zkRFrtVbC3v9AA,school,Om Gyan Mandir Secondary School,school,27.675049,85.3595524,Koteshwor,1
ChIJmx0zTfwq4agR8gcnMiyRqEc,school,Daily Living,school,27.6776891,85.3381583,Koteshwor|Patan durbar square,2
ChIJ2fKoaxga6zkROBIPwavhmco,school,Urbana Montessori School,school,27.6821445,85.36344729999999,Koteshwor,1
ChIJoTB33Rsa6zkR4GjSBx6Ol6A,school,Erudite Academy Secondary School,school,27.6769737,85.3614692,Koteshwor,1
ChIJPYPojRsa6zkReLc3xgHQ9EQ,school,Tri-Star English Secondary School,secondary_school,27.6756655,85.3606195,Koteshwor,1
ChIJrU0fUEQZ6zkRP1MYEo3kcTc,school,Mahadev Stationery And Communication,store,27.6708719,85.3519385,Koteshwor,1
ChIJeyDtdfAZ6zkRfPV_Ke2YqOU,school,Subash Gurukul National Academy,school,27.6711279,85.3463549,Koteshwor,1
ChIJ32aTdyYZ6zkRfvadZaXnxYg,school,Shankha kids garten,school,27.6782633,85.33663589999999,Koteshwor|Patan durbar square,2
ChIJlzlqKikb6zkRkLxdPf6e8jA,school,NJSN MONTESSORI,school,27.6721463,85.35723,Koteshwor,1
ChIJXyFRmfoZ6zkRi_SXo1lAW9c,school,NJSN High School,secondary_school,27.6707765,85.3462225,Koteshwor,1
ChIJL0sHJwAZ6zkRXUJwypXbQGE,school,Gamvir Samudra Setu Technical school,school,27.6713949,85.34417049999999,Koteshwor,1
ChIJ227dZiQa6zkRi-I_LsCJK8U,school,Liberty Public School,government_office,27.6905132,85.3623131,Koteshwor,1
ChIJBy2bY_Ub6zkRmtDHDfXLxmk,school,Kovida Kids,school,27.6720076,85.3575003,Koteshwor,1
ChIJZVcjHeMb6zkRPvZuZpQ1q2g,school,Career Building International Academy,school,27.6904874,85.3628281,Koteshwor,1
ChIJoTHBxUEb6zkRJeYFiuV8w_s,school,Gateway Montessori,school,27.6884837,85.3640126,Koteshwor,1
ChIJ4Wue9e8Z6zkRpq9jj-mJzKM,school,Gaurishankar English Boarding School (GS College),school,27.671193,85.34344030000001,Koteshwor,1
ChIJMwnrj1YY6zkRsen87BGFG0Y,bank,Na:Bahi SACCOS,bank,27.701419,85.307738,New Road,1
ChIJEXJtk1YY6zkRu5inljEzVQU,bank,Nibodhit SACCOS,bank,27.7010433,85.3072593,New Road,1
ChIJVyh3KVQY6zkRJvEJlLqPrqQ,bank,Metrovest SACCOS,bank,27.7017456,85.30862359999999,New Road,1
ChIJJQ3ap1cY6zkRkJ1guomOKpk,bank,Svarnajyoti SACOOS,bank,27.7021613,85.3052131,New Road,1
ChIJ6fUqmFcY6zkRqlz1pE-Kmdc,bank,Jay Ashok Binayak Saving & Credit Cooperative Ltd,bank,27.7042568,85.3056902,New Road,1
ChIJDSZe0lcY6zkRgd5Am1J9vqQ,bank,Shree Gorokhnath SACCOS,bank,27.704287,85.3056919,New Road,1
ChIJP1snO1cY6zkR6Pg0nFx49vo,bank,Satya Shakti Ganesh SACCOS,bank,27.699973,85.3051629,New Road,1
ChIJISPDTFEY6zkRLRzI-rZEFK8,bank,Kaphalagedi SACCOS,bank,27.6990393,85.3075899,New Road,1
ChIJO-_D0FcY6zkRf1ObI5C_FHs,bank,Sarafi SACCOS,bank,27.7043962,85.3052845,New Road,1
ChIJsTmvnFcY6zkRw1saspRmGek,bank,Bijay Shanti SACCOS,bank,27.7022828,85.3039518,New Road,1
ChIJ5d7lLVEY6zkRzIiIRQto3PU,bank,Bramha SACCOS,bank,27.6987053,85.3064297,New Road,1
ChIJ4VfJ9FUY6zkR7HpdsqmS398,bank,Jyapus Multipurpose Co-op,bank,27.7048102,85.30975819999999,New Road,1
ChIJhXHuilUY6zkR5DZN4w_Z8uc,bank,Inap SACCOS,bank,27.7048514,85.3097672,New Road,1
ChIJ00rJFlUY6zkRBcAxA3KXnKg,bank,"Nepal Finance Limited, New Road Branch",bank,27.7027485,85.311419,New Road,1
ChIJUW2QBVUY6zkR1CvshopbmTI,bank,Laxmi Sunrise Bank Limited,bank,27.7028767,85.3115248,New Road,1
ChIJwcHDX5UZ6zkRKtC3CYmRgVI,bank,Nabil Bank Limited,bank,27.7028242,85.30330479999999,New Road,1
ChIJo9MxEVUY6zkR9ZRe61TIIXc,bank,Sarbari Saving & co operative ltd,bank,27.7028706,85.31154959999999,New Road,1
ChIJk9PHflMY6zkRNOaNP2B5NVs,bank,Global IME Bank Limited,bank,27.7004462,85.3113087,New Road,1
ChIJT7HK_TgZ6zkRi1hMBfYFr2Q,bank,Queen SACCOS,bank,27.7032974,85.3115596,New Road,1
ChIJAao5zekZ6zkRsxpQonGDa98,bank,Dolphin SACCOS,bank,27.7023155,85.3118396,New Road,1
ChIJyQqOpmEZ6zkRzivC2mtZHXM,bank,Nagarik Bharosa Multipurpose Co-Operative Ltd.,bank,27.7023363,85.3118473,New Road,1
ChIJPyZNDP8Y6zkRqf4X0gr8_YE,bank,Janabal SACCOS,bank,27.705512,85.30949360000001,New Road,1
ChIJjVOpZ2MZ6zkR-92WniIdF8k,bank,Durdristi Multipurpose Co-op,bank,27.7021309,85.30286029999999,New Road,1
ChIJGT5uHFUY6zkRBSZSn6QpCZo,bank,Rajakriti SACCOS,bank,27.7025295,85.3120165,New Road,1
ChIJ8z8NgVMY6zkRHOMCZLMlKrI,bank,Goverdhan Sree SACCOS,bank,27.699012,85.31076829999999,New Road,1
ChIJEyoGff8Y6zkRD2Gc4Rx4BMQ,bank,Aditi SACCOS,bank,27.7052421,85.31054309999999,New Road,1
ChIJL3ngsFAY6zkRxtmxxnEi_AM,bank,Shree Bhairab Multipurpose Co-op,bank,27.698783,85.3040345,New Road,1
ChIJF0aF21MY6zkR9SYS9qE3_dw,bank,Bhotebahal SACCOS,bank,27.697311000000003,85.3089,New Road,1
ChIJz907v1AY6zkR6BmMQM3rpy4,bank,Sachet SACCOS,bank,27.6978794,85.3044951,New Road,1
ChIJM23KHVEY6zkRQ_dni1p5pAo,bank,Adventure SACCOS,bank,27.6971875,85.3060192,New Road,1
ChIJpb8gcVMY6zkRiOIMcds1c-Y,bank,Shashi's Co-operative,bank,27.698348,85.311425,New Road,1
ChIJpQSxdlMY6zkRu9Y8SLSxpVM,bank,China Town SACCOS,bank,27.6980869,85.3112264,New Road,1
ChIJYzlacVMY6zkRpTYBGIb2gfk,bank,Hamro Sagol SACCOS,bank,27.698197,85.311407,New Road,1
ChIJ_YSTo1AY6zkR7OCRkYoWyNI,bank,Himalayan Bank Limited,bank,27.697905,85.30378669999999,New Road,1
ChIJ27R7vVAY6zkR87x2fBGPiZQ,bank,Yeshwan SACCOS,bank,27.6976618,85.3041326,New Road,1
ChIJ0Tz3MQIZ6zkRxiD9jXMeC68,bank,Bhagyalaxmi SACCOS,bank,27.697462400000003,85.3043359,New Road,1
ChIJWxLGT_oZ6zkRr9FFBJWsBPY,bank,"Citizens, Mahaboudha Branch",bank,27.7055625,85.3119375,New Road,1
ChIJcSZrPkcZ6zkR1Y15ibgo0cU,bank,Mega Bank ATM,atm,27.6986327,85.3121347,New Road,1
ChIJxZOMxegZ6zkRh-OcktkCdsI,bank,Touchstone Multipurpose Co-op,bank,27.7051915,85.31230269999999,New Road,1
ChIJh2Nr9f8Y6zkR3_sk1JhDJ_Y,bank,Sangalo SACCOS,bank,27.7052559,85.3124275,New Road,1
ChIJBUuGqFQY6zkR5cYjuQgAb7A,bank,Pokhara Finance Ltd.,bank,27.6994848,85.3129948,New Road,1
ChIJtRkNqFQY6zkRRVyp3lbTIGE,bank,Central SACCOS,bank,27.6994147,85.3129661,New Road,1
ChIJfyalCFEY6zkR9n-z5nFy-LY,bank,Rastriya Banijya Bank Ltd. Teku Branch,bank,27.696487,85.30655,New Road,1
ChIJCalo9P8Y6zkRRlBpVC1hgIw,bank,Sunalo Diyalo SACCOS,bank,27.7054315,85.3125463,New Road,1
ChIJkVpItlUY6zkRal91bxdi8EU,bank,Degaa SACCOS,bank,27.7067514,85.31108479999999,New Road,1
ChIJa7sGq1kY6zkRplRCZktNDKo,bank,Saraswati SACCOS,bank,27.7016936,85.3009453,New Road,1
ChIJLfdRjlkY6zkRsiS5I0_sspQ,bank,Shining Star Investment Limited,bank,27.699506,85.3015491,New Road,1
ChIJqQ_aKlIY6zkRtcQhq3y8VmQ,bank,Shrota SACCOS,bank,27.696198,85.30859,New Road,1
ChIJe9yLgwgZ6zkRci9ky1VxBMs,bank,Bodhi SACCOS,bank,27.6960948,85.3068847,New Road,1
ChIJj910nFEY6zkRCyLWVjQ4nxc,bank,Prabhu Bank Limited,bank,27.6960214,85.3069218,New Road,1
ChIJ1R_eI1oY6zkRKmoHbPifShg,bank,Antaranga SACCOS,bank,27.698557,85.301746,New Road,1
ChIJO2Xm7f8Y6zkRBmb2u-Ry5nM,bank,Panas SACCOS,bank,27.7060063,85.3126307,New Road,1
ChIJI8jm7f8Y6zkRIdzY0c3yiTk,bank,Annapurna SACCOS,bank,27.7059972,85.31267869999999,New Road,1
ChIJV3xJ7v8Y6zkR3hUrZjJiwsg,bank,National SACCOS,bank,27.7060105,85.3127579,New Road,1
ChIJMyUiRlMY6zkRCTQ0dNxi0yA,bank,Prabhu Shop Mega Shop Remit,bank,27.6980404,85.3129259,New Road,1
ChIJf0brnxAZ6zkRwk0rT4ASblg,bank,Dheba Saving & credit co-operative Ltd,bank,27.6993579,85.30093149999999,New Road,1
ChIJ1Q38tFkY6zkRKx3bcolM0_w,bank,आश्रय बहुउद्देश्यीय सहकारी संस्था लि.,bank,27.7016887,85.3002751,New Road,1
ChIJyU4rhFEY6zkRm_Jzi1o4xSg,bank,Everest Bank Limited,bank,27.695683,85.30811200000001,New Road,1
ChIJewTiLlIY6zkRLuNdbELAwp0,bank,Laxmi Sunrise Bank Limited,bank,27.6957091,85.30887709999999,New Road,1
ChIJZxoQJVoY6zkRPVwvs5sKCQE,bank,Agni Jwala SACCOS,bank,27.698334,85.3014599,New Road,1
ChIJ6xZNOFMY6zkRE_slJCPBFcU,bank,Civil SACCOS,bank,27.6976863,85.31286399999999,New Road,1
ChIJhwXTSVMY6zkR_E1MXBcIT0c,bank,Hamro Sagarmatha Multipurpose Co-op,bank,27.6978942,85.3131454,New Road,1
ChIJU_l-gFkY6zkREltu4QJW8HE,bank,Sahodar SACCOS,bank,27.698923,85.3008459,New Road,1
ChIJxSMTMFoY6zkR5weTHfKYIOY,bank,Prabhu Bank Limited,bank,27.698107,85.30129,New Road,1
ChIJOXWFeVkY6zkRcds0vYheWgQ,bank,Samuhik Pariwartanseel Women SACCOS,bank,27.699484,85.300403,New Road,1
ChIJe7rg1VsY6zkRJY4CpvfgUWU,bank,Farmer Link Agriculture Co-op,bank,27.6988221,85.3004097,New Road,1
ChIJZ9ElR1IY6zkREaaxzRCZFpA,bank,Nepal SBI Bank Limited,bank,27.6952736,85.30994129999999,New Road,1
ChIJdUPBLmwZ6zkRCD94BvaIW0g,bank,Siddhartha Bank Limited,bank,27.6987561,85.3003131,New Road,1
ChIJMyJATNwZ6zkRPl5AfjHR960,bank,Mega Bank Nepal ATM,atm,27.6948934,85.3069775,New Road,1
ChIJG3gu7VsY6zkReHI1oNp5Dco,bank,Agricultural Development Bank Limited,bank,27.6982408,85.30049079999999,New Road,1
ChIJF8ER0lsY6zkRFXPkq0XdhUo,bank,Sramridhi Samaj SACCOSs,bank,27.6982424,85.3004302,New Road,1
ChIJkx3OZlIY6zkRf_hVj2SPq4Q,bank,Global IME Bank Limited,bank,27.6951134,85.3103505,New Road,1
ChIJ9YUPQlIY6zkR_RXst9VVYlg,bank,Lumbini Bikas Bank,bank,27.6948974,85.3100697,New Road,1
ChIJf5ssJFkY6zkRowZZ7ztHnqw,bank,Fair Deal SACCOS,bank,27.7013665,85.2989357,New Road,1
ChIJIWGT3lsY6zkRdz8P2V-t6-E,bank,Jandhan SACCOS,bank,27.6985841,85.2996086,New Road,1
ChIJcZpm3FsY6zkRV7tr_If9xCc,bank,Prabhu Co-Operative Service,bank,27.6983592,85.29969369999999,New Road,1
ChIJ0cC7Z1IY6zkRVP_aW9hfr2E,bank,Siddhartha Bank | Tripureshwor,bank,27.694726,85.310496,New Road,1
ChIJndH8ZlIY6zkRniKdh7NTiHs,bank,Sanima Bank Ltd.,bank,27.6947426,85.3105602,New Road,1
ChIJb6wOKgAZ6zkRngIC2mhH7uo,bank,Kumari Bank,bank,27.694683,85.3105879,New Road,1
ChIJK0H7YFIY6zkRfpHCmAJoHi4,bank,NMB Bank Limited,bank,27.6946375,85.3106719,New Road,1
ChIJO0C05lsY6zkR-PsaUcT7S3M,bank,Digo Bikash Multipurpose Co-op,bank,27.6984608,85.2991052,New Road,1
ChIJPXMmilIY6zkR0lYB6gMLEzQ,bank,Nepal Investment Mega Bank,bank,27.6945073,85.3111567,New Road,1
ChIJGe4QVloY6zkREqYbzicpM3Q,bank,Sanyukta Safai Jagaran SACCOS,bank,27.6960207,85.3010739,New Road,1
ChIJ5Un86VsY6zkRJEx1ydcXg-I,bank,Prime Commercial Bank Limited,bank,27.6977712,85.2994489,New Road,1
ChIJKXiL5FsY6zkRXCuTlFburMI,bank,Nepal Bank Limited,bank,27.6984681,85.29902589999999,New Road,1
ChIJD__LmXIZ6zkR7hc8M9wj9uA,bank,NIC ASIA Bank Dallu Extension Counter,bank,27.7077818,85.30064709999999,New Road,1
ChIJ_T26-1sY6zkR_cybqQ3RuUQ,bank,Mahalaxmi Bikas Bank,bank,27.6983819,85.2985734,New Road,1
ChIJjfKw-1sY6zkRvyLC-ZgfpHk,bank,Mani SACCOS,bank,27.6983825,85.29857179999999,New Road,1
ChIJw-Gi7FsY6zkRC3qEMHMi1sM,bank,Sujhav Multipurpose Co-op,bank,27.6975099,85.29899759999999,New Road,1
ChIJmy8W-lsY6zkRK23Rl0NGgVI,bank,Prabhavkari SACCOS,bank,27.6980682,85.2984913,New Road,1
ChIJk9LK8FsY6zkRhVARgDORUyE,bank,Everest Bank Limited,bank,27.698033,85.2984503,New Road,1
ChIJ____P2EY6zkRYkMfXXXtHhw,bank,Jeevandrishti Multipurpose Co-op,bank,27.6974693,85.29879489999999,New Road,1
ChIJF4Gj8lsY6zkR5Sltq_JBTjg,bank,Laksmivirata SACCOS,bank,27.6974272,85.2987181,New Road,1
ChIJU7tFh_4Y6zkRfXwg2lwn6so,bank,Citizens Bank International Limited,bank,27.7105641,85.3108445,New Road,1
ChIJrbm1ulIY6zkRsSnuB3hZ7G0,bank,Nepal Bank Limited,bank,27.6941814,85.3128662,New Road,1
ChIJVQkxAlwY6zkROL4QSAxCBMU,bank,Sarim SACCOS,bank,27.6986628,85.29773399999999,New Road,1
ChIJF0PsS_gZ6zkR2ksyJVKqoMg,bank,Muktinath Bikas Bank,bank,27.6939198,85.31255829999999,New Road,1
ChIJf8LgtFUY6zkRT6nyK2hgeyg,bank,Cash SACCOS,finance,27.7105986,85.3115909,New Road,1
ChIJS0B4FlwY6zkRjVJMsQfE_z8,bank,Jhigu Dhuku SACCOS,bank,27.697877,85.2978167,New Road,1
ChIJOxm1l7YZ6zkRI4NgZXy_yBU,bank,NIC ASIA Bank Tripureswor Branch,bank,27.6933125,85.3121875,New Road,1
ChIJb3ItUq0Z6zkRntjmYUrDMos,bank,Nabil Bank Limited,bank,27.6940132,85.3138332,New Road,1
ChIJ8wAAQGEY6zkRbujxUCClO5M,bank,Swarna Laxmi SACCOS,bank,27.698205,85.2971522,New Road,1
ChIJneiRQAkZ6zkRZZt8rUbd7nM,bank,Sumeru SACCOS,bank,27.697736,85.2973821,New Road,1
ChIJYbhpVVsY6zkRHWdW-75kpcQ,bank,Global IME Bank Limited,bank,27.695621100000004,85.29889779999999,New Road,1
ChIJZybkVJcZ6zkRK1Jcet8J-GM,bank,Krijan Multipurpose Co-Op,bank,27.6955923,85.2989018,New Road,1
ChIJ79QpcVwY6zkRtFGis_6TS9s,bank,New Aakash SACCOS,bank,27.696795,85.2977569,New Road,1
ChIJtwOpVa0Z6zkRJk1UaEsv82A,bank,Agricultural Development Bank Limited,bank,27.693645,85.313795,New Road,1
ChIJKXP-cVwY6zkRWBW0JFtw4Jc,bank,Aincho Paincho SACCOS,bank,27.6966794,85.297595,New Road,1
ChIJVUjfcVwY6zkRrpc9L330BCs,bank,Yuva Sreejanshil SACCOS,bank,27.696855,85.297468,New Road,1
ChIJeygmblwY6zkRFTPKoQH_cYQ,bank,Sree Bishnu Multipurpose Co-op,bank,27.69683,85.297451,New Road,1
ChIJr7cefFsY6zkRGZxOAT-geoQ,bank,Sreee Chunneyh Bhairav SACCOS,bank,27.695514000000003,85.298368,New Road,1
ChIJRYRomK4Z6zkR1YCV91b2ubE,bank,Kamana Sewa Bikash Bank,bank,27.6949899,85.2988283,New Road,1
ChIJyyQ9e1sY6zkRpCvMBAhBvC8,bank,Shanti Multipurpose Co-op,bank,27.6952845,85.2984965,New Road,1
ChIJLetcEVwY6zkRQUMtrB0aQO4,bank,Sukrapath Multipurpose Co-op,bank,27.6975463,85.2968394,New Road,1
ChIJ6YaZkYYZ6zkROTnW5_Zb6Gk,bank,Machhapuchhre Bank Limited,bank,27.7092821,85.2990447,New Road,1
ChIJew9Qe1sY6zkRwIcWiCraRFM,bank,Egersibha Multipurpose Co-op,bank,27.695216,85.2984709,New Road,1
ChIJAwdI91sY6zkRv0gIgF4zAO4,bank,Kumari Bank Limited,bank,27.6977722,85.2966466,New Road,1
ChIJ9dBWvPYY6zkRCLd4bLllLUI,bank,Dallu SACCOS,bank,27.7092271,85.2989078,New Road,1
ChIJe1wIqV4Z6zkR4s6_TVPTtVo,bank,Sanima Bank Kuleshwor,bank,27.6949233,85.2987327,New Road,1
ChIJpSNwER4Z6zkRavmwCibS8Jk,bank,"Nepal Finance Limited, Kalimati Extension Counter",bank,27.6974247,85.2965664,New Road,1
ChIJP3x1t_YY6zkRtjITFxMv4Es,bank,Dallu Ekta Saving and Credit Co-operative LTD.,bank,27.709965,85.2993013,New Road,1
ChIJkUjsZ1sY6zkRigj-F2oNS7o,bank,Jalapa Multipurpose Co-op-,bank,27.6945035,85.2987208,New Road,1
ChIJZZq1ofYY6zkR5cBqXE8xOk8,bank,Sri Sharada SACCOS,bank,27.709159,85.298284,New Road,1
ChIJoQNFYq0Z6zkRWQ9P1bWOLZY,bank,Tripureshwor SACCOS,bank,27.6937471,85.3154153,New Road,1
ChIJY2Fa9QEZ6zkRp1u6kpGg40g,bank,Lumbini Bikas Bank Limited,bank,27.7108451,85.314747,New Road,1
ChIJcx0aL1wY6zkRtZ5H5b6xzRQ,bank,Laxmi Sunrise Bank Limited,bank,27.6980637,85.2956791,New Road,1
ChIJH5KvNVwY6zkRngVCBW2Ubes,bank,Sree Saino Multipurpose Co-op,bank,27.697414,85.29572,New Road,1
ChIJa4enrk8Y6zkRZAqiquAExtk,bank,Rediant SACCOS,bank,27.6907009,85.3055425,New Road,1
ChIJhbl28YYZ6zkRgU8Mv9CCHV8,bank,Nabil Bank Limited,bank,27.6907138,85.3053846,New Road,1
ChIJBU8TQwIZ6zkRqOlgtBz-vwI,bank,IME Co-operative Service Ltd.,bank,27.7112531,85.31516529999999,New Road,1
ChIJx0NYlrIZ6zkR399hYwxJa6A,bank,Fortunately SACCOS,bank,27.6925951,85.3150567,New Road,1
ChIJhYgEyl0Y6zkR4aL5ThLhDjw,bank,Pardarsita SACCOS,bank,27.6972885,85.2952123,New Road,1
ChIJ3Szk0eEZ6zkRIo0QwgorKqI,bank,Asian SACCOS,bank,27.692564,85.3154545,New Road,1
ChIJRwTookQY6zkRDj670CH2tWM,bank,Lumbini Bikas Bank,bank,27.6931389,85.2982584,New Road,1
ChIJqcWMrEQY6zkRH7BylWgjRwo,bank,Tripura SACCOS,bank,27.6928434,85.2985118,New Road,1
ChIJ8QQnt10Y6zkRQXL_0WsbA7g,bank,Namo Haarati SACCOS,bank,27.6969349,85.2949841,New Road,1
ChIJ_3Gr8rIZ6zkRD1jMob9hQoQ,bank,Swettara Multipurpose Co-op,bank,27.6921459,85.31554179999999,New Road,1
ChIJ2b9WrkQY6zkRS7het26JSbc,bank,Umamaheshwara SACCOS,bank,27.6924712,85.2986368,New Road,1
ChIJ2b9WrkQY6zkRxnNfQuAh6q0,bank,Mahima Multipurpose Co-op,bank,27.6924712,85.2986368,New Road,1
ChIJZ1n_Pf8Y6zkRH9CrN7qCOKs,bank,Om Shree Sarada Saving and Credit Co-operative Ltd.,bank,27.7129049,85.3009407,New Road,1
ChIJCc5ArEQY6zkRCvv0CkqrZUU,bank,Sathi Sahayogi SACCOS,bank,27.6923903,85.2983684,New Road,1
ChIJB9G_qEQY6zkRh5Qe9slOeTw,bank,Malika SACCOS,bank,27.6924106,85.29833149999999,New Road,1
ChIJo6wi564Z6zkRdQRSBo14_tg,bank,Rastriya Banijya Bank Central Office,bank,27.6980047,85.3209038,New Road,1
ChIJAVZS_UQY6zkR4w4GKJ4Ejbc,bank,Phalphul Multipurpose Co-op,bank,27.690846,85.300664,New Road,1
ChIJKShSwAAZ6zkRyaRM8MxvbP4,bank,Garima Bikas Bank Limited Kuleshwor,bank,27.691938800000003,85.2984634,New Road,1
ChIJWQbmokQY6zkRvWC3Mwj-tdk,bank,Organic Nepal SACCOS,bank,27.6916965,85.2986375,New Road,1
ChIJS9UA8_MY6zkRfpQVyeqtpz8,bank,Riyalaija SACCOS,bank,27.711008,85.2969689,New Road,1
ChIJZ-j5oEQY6zkRA9UQh2sfoK0,bank,Shubha Sandesh SACCOS,bank,27.6920629,85.29804399999999,New Road,1
ChIJ5z3_RwAZ6zkR53Gx5Y337DI,bank,Realize co-operative,bank,27.711089,85.2968843,New Road,1
ChIJ8Z_0oEQY6zkRHGBVsdQd8gE,bank,Sayami SACCOS,bank,27.6917389,85.2982701,New Road,1
ChIJi9VMl10Y6zkR4L427C-gLho,bank,SAARC Multipurpose Co-op,bank,27.6965403,85.29396419999999,New Road,1
ChIJK_mW2_cZ6zkRcb77pzwpmLk,bank,Risheshwor SACCOS,bank,27.6966823,85.29388089999999,New Road,1
ChIJAZ_Hl0QY6zkRhXw7iWQsiAM,bank,Nabil Bank Limited,bank,27.6913837,85.2987109,New Road,1
ChIJ0cOlWa4Z6zkRwP-2E0QoONg,bank,Agricultural Development Bank ltd. Head Office,bank,27.696478,85.32089140000001,New Road,1
ChIJ45U_l0QY6zkRHLrxw7LSt7Q,bank,Subha Lav SACCOS,bank,27.6912009,85.2988295,New Road,1
ChIJBb0n8UQY6zkRo-NDn3eqkxU,bank,Sarbashree SACCOS,bank,27.6905038,85.2998722,New Road,1
ChIJ9183bYcY6zkRny4AFcgIlSo,bank,Sailava Saving & Credit Co-operative Ltd.,bank,27.6965438,85.2935982,New Road,1
ChIJ40FfClEY6zkRRnqukdA6Bhs,bus_stop,टेकु बस बिसौनी,bus_stop,27.6963006,85.30699349999999,New Road,1
ChIJ-zDcX1IY6zkRXm04lTOGuXs,bus_stop,Tripuresvara bus park,bus_stop,27.694889,85.31094390000001,New Road,1
ChIJAV9u3VsY6zkRtd3mXPCjVRE,bus_stop,Kalimati Bus Stop,bus_stop,27.6982725,85.29937919999999,New Road,1
ChIJy-Fbr1IY6zkRSZQY4Z2DOXc,bus_stop,Tripureshwor Bus Stand,bus_stop,27.693898,85.312996,New Road,1
ChIJAY-OWK0Z6zkRaRmNv8qO5U8,bus_stop,Trolly Bus Stand,bus_stop,27.693583,85.314458,New Road,1
ChIJNziGWK0Z6zkRmYyzBiaf6uY,bus_stop,Tripureshwor Bus Stop,bus_stop,27.693558,85.31444239999999,New Road,1
ChIJOXF6AbIZ6zkRTrx_RJKJGR4,bus_stop,Bus Stop,bus_stop,27.693336,85.318603,New Road,1
ChIJr6NW_64Z6zkRg4NLacJ2d7o,bus_stop,BUS STOP,bus_stop,27.696685,85.3210749,New Road,1
ChIJjWmnBK4Z6zkR6-qwbVGVksQ,bus_stop,Thapathali Bus Stand,bus_stop,27.6940539,85.3193824,New Road,1
ChIJA80vjl0Y6zkRiH7EL5q3Vcs,bus_stop,सोल्टीमोड बस बिसौनी,bus_stop,27.6966863,85.2935476,New Road,1
ChIJM3mpDoMZ6zkRWF6r3ISC3Jk,cinema,Mannu Cinema Hall,movie_theater,27.6997315,85.3103824,New Road,1
ChIJn6rV-AQZ6zkRewYqCLYPIuQ,cinema,QFX Cinemas,movie_theater,27.6993366,85.3123786,New Road,1
ChIJTwkkNlMY6zkRHF-vrnJ1PuU,cinema,CDC Cinemas,movie_theater,27.6979362,85.31290539999999,New Road,1
ChIJcRS-JeoZ6zkRjeW5EBAWyrk,cinema,"One Cinemas, Kalimati",movie_theater,27.6977235,85.2966526,New Road,1
ChIJexdgBQAZ6zkRWhMIwDwHTrE,clinic,शहरी स्वास्थ्य प्रवर्धन केन्द्र वडा न.२३,medical_clinic,27.7022273,85.30733169999999,New Road,1
ChIJE7LQpWoZ6zkRzAXCf2b5ZmU,clinic,E-Dental,dental_clinic,27.7013257,85.3077792,New Road,1
ChIJK_W-81gZ6zkRHVZmn3CZm70,clinic,Nepal Physiotherapy Home Care,physiotherapist,27.7001643,85.3063437,New Road,1
ChIJ2zQ4tlYY6zkRIb5muqo7x34,clinic,Lagan Dental Clinic,dental_clinic,27.6995623,85.3071811,New Road,1
ChIJUaBVo9Uf6zkRpxkDeXh83CA,clinic,Care point pharmacy,medical_clinic,27.7005486,85.30518010000002,New Road,1
ChIJ2akUmVcY6zkREafKaxwud5Q,clinic,Bhimsen Pharma,store,27.7024556,85.3042677,New Road,1
ChIJRzFLg1cY6zkRMa1qR2mvbz8,clinic,Su-swasthya Pathlab,medical_clinic,27.702237,85.3039016,New Road,1
ChIJG8cJ-hEZ6zkRnZyO3KJ0w0o,clinic,Kasthamandap Life Care Clinic,medical_clinic,27.6993132,85.3052144,New Road,1
ChIJM9wqglcY6zkROVV-HyobTJg,clinic,Paropakar Central Free Health Clinic,medical_clinic,27.7019824,85.3036714,New Road,1
ChIJdcZOU3AZ6zkRFTB9SfoMm3U,clinic,Urban Health Promotion Center - Bhimsensthan KMC 20,medical_clinic,27.702790600000004,85.30345659999999,New Road,1
ChIJrwqZ2eoZ6zkRGD4LvoOlRjU,clinic,Riyanshi optical and eye clinic,medical_clinic,27.7047268,85.3047575,New Road,1
ChIJBzCFpkEZ6zkRcLpBqp-0ULk,clinic,Sarthak Ayurvedic Pharmacy,medical_clinic,27.7017405,85.30290289999999,New Road,1
ChIJVYw601kY6zkRoya4PxcC06k,clinic,Ayurveda meaningful drug stores and clinics,pharmacy,27.701853,85.30284490000001,New Road,1
ChIJbaORj1QY6zkRoLaMQqJFePw,clinic,D.B Brighter Dental Care Pvt. Ltd.,dental_clinic,27.7000777,85.3115763,New Road,1
ChIJO5utPAAZ6zkReOavuk9rwpE,clinic,Ear nose throat clinic,medical_clinic,27.6978126,85.30917170000001,New Road,1
ChIJH1eqk-YZ6zkRL4pdhTsdYHQ,clinic,Urban Health Promotion Center,medical_clinic,27.697976,85.3048697,New Road,1
ChIJW8QRRwAZ6zkRyQKJc113coU,clinic,Dental and Gum Care Clinic,dental_clinic,27.6981711,85.30434149999999,New Road,1
ChIJSWEvuVAY6zkRnkSlg64-mLQ,clinic,Namaste Eye Center P. Ltd,medical_clinic,27.6980479,85.304429,New Road,1
ChIJ5ePTuFAY6zkRIrdzbYfehBI,clinic,Youth Eye Service,medical_clinic,27.6980437,85.30443509999999,New Road,1
ChIJZ3pxZuUZ6zkR51A-_xuQ_ts,clinic,Buddhamai Physiotherapy and Rehabilitation Center,medical_clinic,27.6980823,85.30415789999999,New Road,1
ChIJh9VYD7UZ6zkRRFe1J2HhcsY,clinic,MR Dental Care,dental_clinic,27.7012575,85.3018294,New Road,1
ChIJH3ZYegAZ6zkRR0hban9Qevg,clinic,Confidental Care,dental_clinic,27.6973843,85.3046756,New Road,1
ChIJL5IIjicZ6zkRsOqPVblTXHY,clinic,Tahachal optical and eye clinic,medical_clinic,27.7017238,85.3013265,New Road,1
ChIJ____blMY6zkRVPaVgU6me8k,clinic,Nepal Apitherapy Association,medical_clinic,27.6982354,85.31184909999999,New Road,1
ChIJfayOklAY6zkRG_BEtFqJC24,clinic,sanjivani Clinic,medical_clinic,27.696904,85.304433,New Road,1
ChIJM5NoqlkY6zkR-L3xVFXO03s,clinic,Diamond Optical & Eye Clinic,medical_clinic,27.7015709,85.3007829,New Road,1
ChIJQaSNNSIZ6zkRJKTNP-T2Kwo,clinic,Ultra Scan Clinic,medical_clinic,27.6959825,85.3072463,New Road,1
ChIJdZYFoVEY6zkReK39aQsrKNY,clinic,VALLEY DENTAL CLINIC,dental_clinic,27.6959711,85.30695539999999,New Road,1
ChIJN0HjCAAZ6zkRjtlqzmVEofM,clinic,Health Post,medical_clinic,27.7064882,85.30255249999999,New Road,1
ChIJ9xoWUm0Z6zkRZp7Yg1tl9SQ,clinic,Urban Health Promotion Center-19 (शहरी स्वास्थ्य प्रवर्द्धन केन्द्र-१९),medical_clinic,27.7065322,85.3025724,New Road,1
ChIJz0YjyXcZ6zkRau_kmKOndB4,clinic,Tahachal dental care Pvt ltd,dental_clinic,27.7016554,85.3003051,New Road,1
ChIJ3XAKoDcZ6zkRetNkduhpXRA,clinic,One Dental Home,dental_clinic,27.6988782,85.3008121,New Road,1
ChIJ_yPUjg8Z6zkRDLL8hDXHC-4,clinic,Love Your Teeth Dental Clinic,dental_clinic,27.7016561,85.29986509999999,New Road,1
ChIJ5dB1nFEZ6zkRvfQZpxa_IW0,clinic,"SMILE CRAFT DENTAL CLINIC,Kathmandu",dental_clinic,27.6987746,85.3003369,New Road,1
ChIJ3QnC0lsY6zkRzcFcH0d7MPE,clinic,Yadav and Umesh Medical Hall,pharmacy,27.6982581,85.30059969999999,New Road,1
ChIJu9ihQFIY6zkRjgPGTlZm6Fk,clinic,The Liver Clinic,consultant,27.695143,85.309595,New Road,1
ChIJufbsIQAZ6zkRN0HuqrTrzwc,clinic,Shuva kalyan dental clinic,dental_clinic,27.6981934,85.3005759,New Road,1
ChIJPR9uXFIY6zkRbgBNjv1fWkM,clinic,Tripura Eye Clinic,medical_clinic,27.69517,85.310608,New Road,1
ChIJPR9uXFIY6zkRqC-1fsCyEyg,clinic,The Dental Venue P. Ltd.,dental_clinic,27.69517,85.310608,New Road,1
ChIJV95TCQAZ6zkR1-bx941M25A,clinic,Prime Plus Dental Clinic,dental_clinic,27.7085452,85.3030484,New Road,1
ChIJQxoTSwAZ6zkRgjRyD-gC5o8,clinic,Kmc ward 13 clinic,medical_clinic,27.7012762,85.2988515,New Road,1
ChIJI8RDWAAZ6zkRleeVj_34MWE,clinic,Urban Primary Health Care UPHC-13,medical_clinic,27.7012892,85.2988304,New Road,1
ChIJC9qQ21sY6zkRckj4mN-lczY,clinic,New members were Dental Care Clinic,dental_clinic,27.698381,85.299784,New Road,1
ChIJn1br3lsY6zkRd1JetPFIx28,clinic,हिमाल होमियोप्याथिक क्लिनिक,medical_clinic,27.6985909,85.2996064,New Road,1
ChIJT2ND1LYZ6zkR7pJCuJ4PMB4,clinic,DENTAL MAX FACE CLINIC PVT LTD,dental_clinic,27.6985751,85.29961159999999,New Road,1
ChIJ-Ul2LsIZ6zkRRT4g7j5Y5n4,clinic,Hamro Oral and Dental Clinic Block 'B',dental_clinic,27.6983884,85.299685,New Road,1
ChIJpY8Z4VsY6zkRlo7ssM6yeB0,clinic,Pharmaceutical sobhi,medical_clinic,27.6986069,85.2992709,New Road,1
ChIJKR6XBlIY6zkRZMjun7qCmpU,clinic,Pararvarisa child care center,medical_clinic,27.6936311,85.3089107,New Road,1
ChIJT03eXSYZ6zkR5mn8RkyVgGQ,clinic,RK Eye Care Center,medical_clinic,27.7080281,85.3006947,New Road,1
ChIJJ1BZ5VsY6zkR3Zgfit2mLPE,clinic,Subidha Womens' Clinic,medical_clinic,27.698134600000003,85.2988278,New Road,1
ChIJ6VRu-lsY6zkRWKtA-MAi15g,clinic,KALIMATI ULTRASOUND CLINIC,medical_clinic,27.6981074,85.2984894,New Road,1
ChIJI0vtmlIY6zkR92C8OVa6jPs,clinic,Eye Care Foundation,medical_clinic,27.694068,85.3117999,New Road,1
ChIJpaP3VQAZ6zkRnEJ05lex05c,clinic,Sanjeevani Optical And Eye Care Center,medical_clinic,27.7094625,85.3017656,New Road,1
ChIJF0DlrUMZ6zkRh6sEUcVLy08,clinic,Dallu power spects shop,medical_clinic,27.709499,85.3015491,New Road,1
ChIJjZO5_lsY6zkReS-OwXIoo7g,clinic,Sukhi Pariwar Clinic,medical_clinic,27.6981298,85.29807919999999,New Road,1
ChIJ8xapYacZ6zkR0uWcatY3Cho,clinic,Chiropractic and Manual Therapy Centre - Tripureshwor,chiropractor,27.6938939,85.3125768,New Road,1
ChIJVyAxIaMZ6zkRHK1fQD6ZPUc,clinic,Regain Spine and Sports Clinic,medical_clinic,27.6945061,85.31389539999999,New Road,1
ChIJHam71ZYZ6zkRVOrvQsUPJ5s,clinic,Navaratna Ayur Healthcare & Research Hospital,health,27.6944721,85.3139514,New Road,1
ChIJ68qmwvYY6zkR83tZUXHDijY,clinic,Swastik Dental Home Pvt. Ltd.,dental_clinic,27.7090571,85.3000489,New Road,1
ChIJExQEUq0Z6zkRbXUTqXtZJyw,clinic,K33 Hairhotel Tripureswor,medical_clinic,27.6942059,85.3139393,New Road,1
ChIJBSq4PVwY6zkR8T58D4lojsc,clinic,RAJBHANDARI DENTAL CLINIC PVT.LTD.,dental_clinic,27.6977024,85.29748529999999,New Road,1
ChIJVU7hj1sY6zkRV_p_6eVgJ3Q,clinic,Kalimati Veterinary Clinic and Research Centre,medical_clinic,27.6966143,85.2981593,New Road,1
ChIJQbPDKQAZ6zkROBkvmULLL7s,clinic,Raj Dental Clinic - Dallu Branch,dental_clinic,27.7099935,85.300342,New Road,1
ChIJ-SfqqbIZ6zkRUFCiaPqD20s,clinic,Parbat Opticals,medical_clinic,27.6934228,85.3140159,New Road,1
ChIJWT6KZbgZ6zkRRMxJ7UFKl0M,clinic,Ganapati Optical,medical_clinic,27.6934666,85.3141126,New Road,1
ChIJqxEl-_IZ6zkRfVVDlzRN-bo,clinic,Janaki lens Crafters ( जानकी चस्मा पसल ),medical_clinic,27.6936736,85.3144403,New Road,1
ChIJu8-MWK0Z6zkRaWy4oY3oRnE,clinic,NEW SAKURA EYE CLINIC,medical_clinic,27.6936447,85.314458,New Road,1
ChIJr5fyWK0Z6zkRagR0U4Nm7VA,clinic,Dirgh - Jeevan Health Care & Research Center Pvt. Ltd.,doctor,27.6936445,85.3144676,New Road,1
ChIJ1yGyqbIZ6zkRNHxRwi_7AUI,clinic,एभरेस्ट अप्टिकल/Everest optical,store,27.693351,85.31411779999999,New Road,1
ChIJI4dKakwZ6zkRMP9EXHLpv9U,clinic,Sharada Dental Clinic,dental_clinic,27.6999807,85.29544039999999,New Road,1
ChIJtbK7WK0Z6zkRHZ2K2erZOZg,clinic,Rapti Optical,medical_clinic,27.693192,85.314926,New Road,1
ChIJr8uZo7IZ6zkRgZldtu1FHNw,clinic,Sunrise optical,store,27.6930281,85.31469039999999,New Road,1
ChIJA-gbfa0Z6zkR8d_Ir9WO6ek,clinic,DENTAL & PHYSIOTHERAPY,dental_clinic,27.6936329,85.31568659999999,New Road,1
ChIJnVqkpLIZ6zkRzXy3y2y8seU,clinic,Rotary Community Clinic,medical_clinic,27.69285,85.3145629,New Road,1
ChIJQ9pceV4Y6zkRk7-k9CpEubQ,clinic,Clinic at Four,research_institute,27.69904,85.295132,New Road,1
ChIJQ3PYtrIZ6zkRSxExsBQobC0,clinic,"Nepal Netra Jyoti Sangh, Tripureshwor",medical_clinic,27.6923713,85.3141085,New Road,1
ChIJ6_rgr3QZ6zkRgDY4_lCB8L4,clinic,ks international,medical_clinic,27.6929246,85.3150833,New Road,1
ChIJXW3ONgAZ6zkRBlB0cL-EVZw,clinic,Lomus trade pvt ltd,store,27.6933841,85.31574169999999,New Road,1
ChIJU9Kfm7IZ6zkR8A_uhsvWLek,clinic,NAVAJYOTI NETRALAYA,medical_clinic,27.693088300000003,85.31547880000001,New Road,1
ChIJ-_gAbbAZ6zkR6c6o-2jW-KI,clinic,Clove Dental Clinic,dental_clinic,27.6936031,85.2986633,New Road,1
ChIJNU411lgZ6zkRwtzT7uEG1Qc,clinic,Chhetrapati Family Welfare Centre,medical_clinic,27.7102134,85.2984306,New Road,1
ChIJyXbvmrIZ6zkRjQk6ogPSBTc,clinic,Uniglobal Eye Care Pvt. Ltd.,medical_clinic,27.6929392,85.3155474,New Road,1
ChIJ30idj7IZ6zkR_eZHeWcUS40,clinic,Real Diagnostic Suppliers,medical_clinic,27.6927914,85.31572,New Road,1
ChIJv1QviK0Z6zkRoS1IBa7VSw4,clinic,SAFEWAY REVIVE CENTRE,medical_clinic,27.6936038,85.31696439999999,New Road,1
ChIJeZwpyjEZ6zkRmLxwQAR1XRg,clinic,Gusingal Medical Hall,medical_clinic,27.6901329,85.30912099999999,New Road,1
ChIJt194A8QZ6zkRwfOJwzYzA_E,clinic,Tahachal marg Kathmandu Nepal,dental_clinic,27.7012908,85.2939148,New Road,1
ChIJobwhkjA5iAURVbu0M9E7qsk,clinic,Samaj Dental Kuleshwor,dental_clinic,27.6931636,85.2982573,New Road,1
ChIJJbeW8rIZ6zkR1DFVJxc-yIE,clinic,Kathmandu Oral Dental Clinic,dental_clinic,27.691982000000003,85.315617,New Road,1
ChIJT8jSq0QY6zkRCcWRswCNA7Y,clinic,Swastik Dental Home Pvt. Ltd.,dental_clinic,27.6926449,85.2982736,New Road,1
ChIJnYlBWmcZ6zkRnVI7KWSqzw8,clinic,Smile Avenue Dental Clinic,dental_clinic,27.6919703,85.2987655,New Road,1
ChIJRRj3vTYZ6zkRi4x067JaUGM,clinic,Ramir Dental Clinic,dental_clinic,27.6967843,85.2944089,New Road,1
ChIJf_oYcgAZ6zkRbR6AgYM5hss,clinic,Physio and Manual Therapy Clinic,medical_clinic,27.6918902,85.29882239999999,New Road,1
ChIJ01nyvEQY6zkR6iK3VtM59D0,clinic,acupuncture clinic,medical_clinic,27.691791,85.298885,New Road,1
ChIJdznCgd0Z6zkRppfiSASJwhI,clinic,Shubhashree IVF Clinic,medical_clinic,27.6970864,85.29414039999999,New Road,1
ChIJi2mTotMZ6zkRw7qZVJkr1VY,clinic,Deepkamal Dental Care,dental_clinic,27.7107998,85.296996,New Road,1
ChIJj1ChvrEZ6zkR9XmiCYpDwjg,clinic,Bright Line Dental Care,dental_clinic,27.6919491,85.298504,New Road,1
ChIJx8z0vUQY6zkRONlrrb9qT2M,clinic,pediatric Clinic,medical_clinic,27.6915823,85.2990049,New Road,1
ChIJXZMqHQAZ6zkRiu-kGPA7y7I,clinic,Kalimati Dental Clinic,dental_clinic,27.6969823,85.2941065,New Road,1
ChIJJS8h504Y6zkRlJG325PJqpc,clinic,VSO Nepal,medical_clinic,27.6890824,85.30631079999999,New Road,1
ChIJlXmXP0IZ6zkRwPOiaCViyMQ,clinic,Samparka Dental Clinic,dental_clinic,27.6968895,85.2938763,New Road,1
ChIJyxm4reYZ6zkRx74s9oB_QeY,clinic,"Jamtse Sorig Healing Centre, Bhagwan Pau",medical_clinic,27.7117092,85.29722489999999,New Road,1
ChIJF7uRgrYZ6zkRClaa2w8MZes,clinic,Saudi Nepal Medical Centre साउदी नेपाल मेडिकल सेन्टर,medical_clinic,27.6913827,85.3165136,New Road,1
ChIJvy6BxUwY6zkRAdL08dRKFGI,clinic,NIGHTINGALE HEALTH CARE,medical_clinic,27.6896048,85.31296739999999,New Road|Pulchowk,2
ChIJ89kKm6TfZyMRp5A5IgmV8GE,clinic,TruSmile Dental Care,dental_clinic,27.6909685,85.29894589999999,New Road,1
ChIJR1efDZcZ6zkREJzRZ95bFSg,clinic,Manoshastra Counseling And Research Center,medical_clinic,27.689275100000003,85.3120353,New Road|Pulchowk,2
ChIJW9sECtgZ6zkRHKqE5YzDVbI,clinic,EASEMED NEPAL P.LTD,medical_clinic,27.6914275,85.31679559999999,New Road,1
ChIJ8Zt-V38Z6zkRRDiUvsiuq84,college,Center room house,university,27.7006825,85.3078826,New Road,1
ChIJt5qeJloY6zkR96YmEnfBvP0,college,Jubilant College,educational_institution,27.698575,85.301613,New Road,1
ChIJKTMYq1EY6zkR0wpyTfz9iuQ,college,BMET Training Centre,university,27.6959263,85.305955,New Road,1
ChIJXa1v8lgY6zkRjfm_jFtO1M4,college,Mahendra Ratna Campus,university,27.7032162,85.300393,New Road,1
ChIJ9csdgFoY6zkRxjVCvIUGYYA,college,Capitol Hill College,university,27.696012000000003,85.30327729999999,New Road,1
ChIJ-2wKZLAZ6zkRAD_agnRavW4,college,System Bull information and communication technology college,university,27.6961683,85.30280350000001,New Road,1
ChIJp_GgUIYZ6zkRWuy0uS2QItg,college,Kalanki,university,27.7049642,85.2999038,New Road,1
ChIJBc0ANHAZ6zkR50qnWyTuCrg,college,Chagal Marg Kath-15,university,27.7063521,85.3006407,New Road,1
ChIJz_20ZlIY6zkRDmTA3IbfIUk,college,DELIGHT INT'L COLLEGE,university,27.6945854,85.31064459999999,New Road,1
ChIJzyY_aAAZ6zkRe36kZY-rV7A,college,Grand advance hotel training for Management College for hospitality training,university,27.6978043,85.2994537,New Road,1
ChIJ4y6TVVkY6zkRGelLwR6a5Eo,college,GS College,university,27.6989643,85.2983928,New Road,1
ChIJkdzcLtIZ6zkRHVal5_NZiNs,college,Dakchyata International School and College,university,27.6988966,85.2983691,New Road,1
ChIJ_XOL8FsY6zkR-axqa8-uyCg,college,Premium CA Classes,university,27.6981327,85.2985376,New Road,1
ChIJW1CTawAZ6zkR8munZ4owgqk,college,Kathmandu engineering college get,university,27.6991494,85.29757239999999,New Road,1
ChIJEetJRQAZ6zkRVj8reBh5r2k,college,National Taekwondo Association-Nepal,university,27.6947805,85.3142167,New Road,1
ChIJu7nNoF4Y6zkR8dxviDKkfOc,college,Basketball Court,university,27.6989082,85.2970282,New Road,1
ChIJFaXBDFwY6zkRqgN-iSFy_Qk,college,Gillette College,university,27.6974229,85.297693,New Road,1
ChIJXXejaVwY6zkR8PQ1LWTCT-4,college,Kathmandu Campus,university,27.6965162,85.2970496,New Road,1
ChIJAQAAza0Z6zkRpupKd_LPAgQ,college,Electrical and Mechanical Engineering Directorate (EMED),university,27.69638,85.3179837,New Road,1
ChIJK8uWEIEZ6zkRbSHOr_GyqU8,college,Home Tuition Kathmandu - HTK,educational_institution,27.7024928,85.29500759999999,New Road,1
ChIJYW7Rs10Y6zkRpi8Dyv2zwkg,college,Kathmandu College of Central State,university,27.6967352,85.2952282,New Road,1
ChIJbbS_QQAZ6zkRfE1CuemCOxg,college,Pachkumari mandir ghusinggal Chowk,university,27.6897403,85.3072414,New Road,1
ChIJ40_a2TMZ6zkRIggJ21EWjtQ,college,A Hall Thapathali Engineering College,university,27.6948983,85.3187943,New Road,1
ChIJ_1jXTqUZ6zkRC2ixVnEr_ZY,college,Mechanical Department Thapathali Campus,university,27.694426,85.3185101,New Road,1
ChIJ534KDfQY6zkRIpmxfCMtWyA,college,Geetamata Community College,university,27.7100055,85.29658909999999,New Road,1
ChIJn1RAu20Z6zkRK6P_Bh90nT8,college,National Institute of Engineering and Technology,educational_institution,27.6903075,85.3126188,New Road|Pulchowk,2
ChIJMz-rGvEY6zkR4dKVcMD2oN8,college,Bijeswori Secondary School,school,27.7127372,85.2999761,New Road,1
ChIJ2WjACK4Z6zkRDAZt9tG-dQQ,college,"IOE, Thapathali Campus",university,27.6944375,85.3190625,New Road,1
ChIJoYbGMAAZ6zkRIMOCfb9jG8o,college,F-Block,university,27.6948265,85.319446,New Road,1
ChIJY5V0ebMZ6zkRI-oVjhbKN08,college,Dibyabhumi Multiple College,university,27.6893909,85.3101338,New Road|Pulchowk,2
ChIJ9z1abLIZ6zkRxYr_Vh-hntQ,college,Everest College,educational_institution,27.692643,85.317594,New Road,1
ChIJrVTKdJQZ6zkRD9JetsjjjWs,college,Kalimati-13,university,27.6905909,85.3001652,New Road,1
ChIJX1WVkrEZ6zkR3pcPMUtf_qs,college,"The British College, Kathmandu",university,27.6933152,85.3189045,New Road,1
ChIJGe81O10Y6zkRitildbHCSlA,college,Nepal Academy of Tourism and Hotel Management,school,27.694361,85.29487429999999,New Road,1
ChIJyXfdegAZ6zkRGsDMXAJ-IgQ,hospital,jhochhen,medical_center,27.7015282,85.3079669,New Road,1
ChIJZ1URDwAZ6zkRy5-aiy3rNr8,hospital,Urban Health Promotion Center-21,medical_center,27.700235700000004,85.3078415,New Road,1
ChIJRY1BhFcY6zkRhrem5rhh-Ic,hospital,Bhimsen Poly Clinic,hospital,27.7023059,85.30432909999999,New Road,1
ChIJ_7gnugsZ6zkR9xEdkTHCfPY,hospital,Hyumat Social Urban Health Clinic,hospital,27.6995348,85.3040956,New Road,1
ChIJ-fYiQQAZ6zkRm2lkm3_ibt0,hospital,Nitesh pharmacy,medical_center,27.698793,85.3038493,New Road,1
ChIJxwsA21oZ6zkRWU3AqziYWic,hospital,Kathmandu Neuro & General Hospital,general_hospital,27.6989731,85.3112888,New Road,1
ChIJHZc0L1YZ6zkRRGIlaoGBwaY,hospital,Spino pharma and Diagnostic Centre pvt. Ltd,medical_center,27.7038746,85.3025096,New Road,1
ChIJv_GIp1QY6zkRjibtxnr7PRc,hospital,Upakar Polyclinic Pvt. Ltd,hospital,27.69933,85.312861,New Road,1
ChIJ613qhlkY6zkRnn7pW-WKsIQ,hospital,Weapons medical solution,medical_center,27.6991595,85.3011355,New Road,1
ChIJkb1ArlEY6zkRW9llXmZShb0,hospital,Sukraraj Tropical & Infectious Disease Hospital,hospital,27.695529,85.30629499999999,New Road,1
ChIJh3NWSwAZ6zkRPQNjY2jD23c,hospital,Teku Hospital Gate,hospital,27.6950672,85.30721790000001,New Road,1
ChIJr4m4dwAZ6zkRc3eb5zfitDE,hospital,Sukraraj Tropical & Infectious Disease Hospital Gate,hospital,27.6948829,85.3070081,New Road,1
ChIJq6qqelAY6zkREO_Eu8wPnMM,hospital,Jana Swastha Sakha Prayog Shala,hospital,27.6953642,85.30390369999999,New Road,1
ChIJ4x-75VIY6zkR0BAeRgOzy00,hospital,Central Biology Production Lab (CBPL),hospital,27.695751500000004,85.3118902,New Road,1
ChIJtQLgDAAZ6zkRktU41hBakv8,hospital,Urban Health Promotion Center Ward 13 Tahachal,medical_center,27.7012908,85.29883339999999,New Road,1
ChIJp5tg3FsY6zkRGJyHgJczcCk,hospital,Sathya Sai Dental Hospital Pvt siradi,hospital,27.6983478,85.2996972,New Road,1
ChIJsbSh4EcZ6zkR2NTql7_4GiM,hospital,Veterinary Complex,hospital,27.6946142,85.3115775,New Road,1
ChIJ5UrvZFIY6zkRMOaoRDksD74,hospital,Blue Lotus Hospital,hospital,27.694234,85.310597,New Road,1
ChIJs2T0__YY6zkRCmHcHYzOaeM,hospital,Rabin Pharmacy Garcho Marg,medical_center,27.7076715,85.3006328,New Road,1
ChIJDRTE_PYY6zkR2CapovNBJDs,hospital,MediServ Pharmacy,pharmacy,27.7081834,85.3004929,New Road,1
ChIJ4YDtFicb6zkRIG5FxHUk-kA,hospital,BHELU SIMRIK MEDICARE CENTER,medical_center,27.7093737,85.3016262,New Road,1
ChIJG8EdrF4Y6zkRV0aIzfH5qcI,hospital,Nepal Anti-Tuberculosis Association,association_or_organization,27.6993441,85.2975438,New Road,1
ChIJ83WcbQAZ6zkR9gw6jiNmBDQ,hospital,Nepal T.B Hospital,hospital,27.6994431,85.29740749999999,New Road,1
ChIJAzkceQAZ6zkRa9AGOBtfAf8,hospital,Dharti pharmacy,medical_center,27.708964500000004,85.3002277,New Road,1
ChIJwV7DPVwY6zkRSw0LkN-Yzac,hospital,Advance Oral Hospital,hospital,27.6979292,85.2972198,New Road,1
ChIJ8_7JQwAZ6zkRF84V1z7e1Rw,hospital,Haque medical hall,medical_center,27.6977094,85.2973224,New Road,1
ChIJkwIGbgAZ6zkRW_k6OHESxXY,hospital,Sewa medical store,medical_center,27.7095337,85.3000483,New Road,1
ChIJb5pd7G4Z6zkRbsboNOZ46XM,hospital,Third eye optical,store,27.6934323,85.313915,New Road,1
ChIJ1VfyrLIZ6zkRAMWh1BBSlL0,hospital,Nepal Eye Hospital,hospital,27.6933205,85.31386940000002,New Road,1
ChIJvcLIWAAZ6zkRfqbJ5qxSR68,hospital,Nepal,hospital,27.6933205,85.31386940000002,New Road,1
ChIJ5wcOqLIZ6zkRhXRO1MeAAJI,hospital,Bangkok Hospital,hospital,27.6934059,85.3141986,New Road,1
ChIJzbtiYa0Z6zkRUeh9OVTgtm8,hospital,Blue Cross Hospital,hospital,27.6938746,85.31517199999999,New Road,1
ChIJd7MwRhEZ6zkRpe7AZI_XQNw,hospital,Trimet Suppliers,hospital,27.6928277,85.3152172,New Road,1
ChIJD_dAfAAZ6zkRG80C0Gfs5-0,hospital,Nepalaya Polyclinic P Ltd,medical_center,27.7103977,85.29776389999999,New Road,1
ChIJvZB1jrIZ6zkR7avvjWsLm8Y,hospital,BIO RE- ASSEMBLE,hospital,27.692465,85.315654,New Road,1
ChIJz_XsCfQY6zkRBSwCqd9Nj5U,hospital,Seti Pharma,hospital,27.7104242,85.29720449999999,New Road,1
ChIJFzFHpUQY6zkRuHwPb7XaUiE,hospital,Tiwari Polyclinic,hospital,27.6922206,85.2987806,New Road,1
ChIJqV8al0QY6zkRXWBftfVUheo,hospital,मधुमेह तथा थाईरोइड उपचार केन्द्र,medical_center,27.6912634,85.2988111,New Road,1
ChIJ5e5alMIZ6zkRjCoGMEfkCUk,mall,The E-Market Nepal,shopping_mall,27.7018777,85.3077273,New Road,1
ChIJ8Qs0mJEZ6zkRDB9JdADfktg,mall,Ezeekart Nepal,shopping_mall,27.7014744,85.30760719999999,New Road,1
ChIJL8GQWFYY6zkR2maLSKT5poQ,mall,AR Business Pvt. Ltd.,shopping_mall,27.7020831,85.3067547,New Road,1
ChIJDYeW3XoZ6zkRR_njLL2F85k,mall,Cherryland_ktm (Fashion Of Kids),shopping_mall,27.701461,85.3078957,New Road,1
ChIJO3_HUVYY6zkRnc4-3HcEOJU,mall,#Martin Icecream Shop Dee Mart,shopping_mall,27.7025824,85.3061788,New Road,1
ChIJIcP1JVQY6zkRPn7sADSVA8U,mall,Uzma Fashion Nepal,shopping_mall,27.7013679,85.30891919999999,New Road,1
ChIJU65CagAZ6zkRsy0t6NOsxLs,mall,Yangal Mall,shopping_mall,27.7004283,85.3076104,New Road,1
ChIJj85H7awZ6zkRveGGzvfI1jU,mall,Mirae Avenue,shoe_store,27.7002689,85.3079063,New Road,1
ChIJT20-vFYY6zkRUSJJxLHhuO0,mall,Sankata Consumer Co-Operativ Shop,wholesaler,27.7001737,85.30751970000001,New Road,1
ChIJweYs_6UZ6zkRumT61KJ_f8w,mall,Galz wear,shopping_mall,27.703245,85.30571719999999,New Road,1
ChIJF2PbtFUY6zkRaZEfbkC1fn4,mall,Tamrakar Complex,shopping_mall,27.7023069,85.31003749999999,New Road,1
ChIJ42oFng0Z6zkR_f8Ew6lMIVY,mall,santa store,shopping_mall,27.700690200000004,85.3041459,New Road,1
ChIJFZ1CgVcY6zkRwmxNVC-n1fE,mall,Dore Daiko Kapada Pasal,shopping_mall,27.7021153,85.3035617,New Road,1
ChIJpWRwFQAZ6zkRNVO4cVD0NaE,mall,Tufan 99 shop,shopping_mall,27.700408600000003,85.31115930000001,New Road,1
ChIJ7U-kJgAZ6zkRkUyYL9EcCxU,mall,Sundhara Business Park,shopping_mall,27.699174900000003,85.3102011,New Road,1
ChIJJ7jbKgAZ6zkREri1ax0yLwE,mall,iss complex,shopping_mall,27.698356,85.308577,New Road,1
ChIJqZ5AP1EY6zkRMRH-iM0qIJY,mall,Newa Masala Pasal नेवा मसला पसल,shopping_mall,27.6979304,85.30707679999999,New Road,1
ChIJO2g_iC0Z6zkRuzCy5BW18Z8,mall,Ganesh arcade,shopping_mall,27.6979353,85.30685,New Road,1
ChIJmQWaFDsZ6zkRMkfY9PRvR8k,mall,bal kumari fensi,shopping_mall,27.7055251,85.30997169999999,New Road,1
ChIJq1H0tG8Z6zkRApVzvtUWFNk,mall,Beyond Education Kathmandu,shopping_mall,27.700028,85.3116835,New Road,1
ChIJOcPvdwAZ6zkR-XcNdKCe8r0,mall,Bhotebahal Plaza,shopping_mall,27.6981389,85.3095082,New Road,1
ChIJ5Z2YGgAZ6zkRKMsFa1iLqBo,mall,Raute Pasal,shopping_mall,27.6972448,85.3067221,New Road,1
ChIJWbQ8BAAZ6zkRQ3gmjDY02xU,mall,Mohan garment,shopping_mall,27.6971589,85.30808189999999,New Road,1
ChIJOeNBZIQZ6zkRSO8SueGbht8,mall,epasalnp,shopping_mall,27.6983169,85.311506,New Road,1
ChIJI-kvbwAZ6zkRE5t6LP0TL4w,mall,Chinatown Shopping Center,shopping_mall,27.6983912,85.3116254,New Road,1
ChIJuyOQkXsZ6zkRdwLaFH0gkZo,mall,Civil Mall Office,shopping_mall,27.6992328,85.3124098,New Road,1
ChIJx5t2AgUZ6zkR5mYFHsypvy8,mall,Nilu collection,shopping_mall,27.7061558,85.31128249999999,New Road,1
ChIJf4cjOEMZ6zkRcIBKob1bOtg,mall,Hashtag store civilmall,shopping_mall,27.6993242,85.312709,New Road,1
ChIJQbehk8YZ6zkRv7DK6VuCROc,mall,Karunamaya Store,shopping_mall,27.7064665,85.3108793,New Road,1
ChIJg8HBoFQY6zkRdrZdwLzhS4Y,mall,Civil Mall,shopping_mall,27.6994841,85.31300209999999,New Road,1
ChIJO54fjf8Y6zkRgHB2bhk1c9A,mall,A RUSH TIME CENTER,shopping_mall,27.7056632,85.312179,New Road,1
ChIJabLpllkY6zkRGVkwmo1bE0M,mall,DOLAKHA kalincoka food home,shopping_mall,27.7000674,85.30150479999999,New Road,1
ChIJR_-7mf8Y6zkRYo7fgbXSLtE,mall,Rushma Impex Kalash Arcade Masa Galli,shopping_mall,27.7063365,85.31158099999999,New Road,1
ChIJD354q1kY6zkR2WQujrCWYMg,mall,Women's Era,shopping_mall,27.7017238,85.30099829999999,New Road,1
ChIJmW3fCDYZ6zkRxr_yN6d-vTo,mall,Amol Recharge Center,shopping_mall,27.6997145,85.3015155,New Road,1
ChIJl06lq1kY6zkReX-OdwDQy1E,mall,Tahachal Enterprises,shopping_mall,27.7015708,85.3008667,New Road,1
ChIJCxV8l_8Y6zkRbdxzrbk2L2I,mall,Deluxe collection,shopping_mall,27.7064426,85.3117165,New Road,1
ChIJu4jdlv8Y6zkRQ7kG11YyzH0,mall,Ozal Fashion,shopping_mall,27.7063189,85.3118862,New Road,1
ChIJVaUkHUkZ6zkR6MHvh-5D1ps,mall,Super Online Bazar,shopping_mall,27.7060642,85.3122755,New Road,1
ChIJAQAA8P8Y6zkRzPAtTu434Ok,mall,Pashupati watch center,shopping_mall,27.7059074,85.31293269999999,New Road,1
ChIJq9O9VAAZ6zkRcALPdYEhw3M,mall,Rr fashion52,shopping_mall,27.7059074,85.31293269999999,New Road,1
ChIJAQAA8P8Y6zkRvS9dGHRESg8,mall,Gyan Handicraft Industries,shopping_mall,27.7059074,85.31293269999999,New Road,1
ChIJP4QCOFMY6zkRr21Hy-OOaVM,mall,KENT MULTITRADE PVT. LTD,shopping_mall,27.6978209,85.3129739,New Road,1
ChIJZ6h3voEZ6zkRzlWK1OEm6R0,mall,CTC Mall,shopping_mall,27.697834,85.31312609999999,New Road,1
ChIJuUNpgFkY6zkRHC3EzcYbXYg,mall,Shree Dairy Kalimati Sales Outlet,shopping_mall,27.6989347,85.30086589999999,New Road,1
ChIJMQKoXuEZ6zkRH1vz3MP1Lkw,mall,Aafnaideal Online Shopping Center Pvt. Ltd.,shopping_mall,27.696205400000004,85.3039149,New Road,1
ChIJcezntz0Z6zkRNHFZlaaP3x0,mall,Lakshya Trading Pvt. Ltd,shopping_mall,27.6954273,85.3081387,New Road,1
ChIJmV_k48cZ6zkRaeu52t829zU,mall,IDEA 3D HOUSE,shopping_mall,27.6977042,85.3130938,New Road,1
ChIJaZzBiFEY6zkRsv1n-5qAUuE,mall,Om Shiv Suppliers & Enterprises,shopping_mall,27.6953908,85.3082002,New Road,1
ChIJ3wuj5iEZ6zkRDmVu0bnCKtA,mall,16’s Reborn Gift Center,shopping_mall,27.701495,85.29968799999999,New Road,1
ChIJz_Mk1VsY6zkR2uCbieYZ-pg,mall,Nayasaman,shopping_mall,27.698846,85.300479,New Road,1
ChIJrTRG1FsY6zkR83RwGzx6ppY,mall,Dibya Impex (Tailor),tailor,27.6986852,85.30020030000001,New Road,1
ChIJw0y81VsY6zkRFxXsUDh4W4E,mall,Smart Concept,shopping_mall,27.6985751,85.29961159999999,New Road,1
ChIJT96yZlIY6zkRYQ3qCSOuDI8,mall,Malla Complex,shopping_mall,27.6945787,85.3107184,New Road,1
ChIJkywGwlsY6zkRPFQYNZQZAhU,mall,Abba Complex,shopping_mall,27.6981188,85.2995361,New Road,1
ChIJKygAAG8Z6zkRPiLxnrp_4nM,mall,nepal express shop,shopping_mall,27.6985153,85.29863519999999,New Road,1
ChIJdwB6IYkZ6zkRBwRaefwBSx0,mall,My Wow Nepal,shopping_mall,27.6985323,85.2986054,New Road,1
ChIJxTCu-1sY6zkRugBRH3bjfMg,mall,Chandi Complex,shopping_mall,27.6983833,85.2985691,New Road,1
ChIJcVy5oFQY6zkR3xLUM5dqOAE,mall,Heena Cashmere,manufacturer,27.6945783,85.31323119999999,New Road,1
ChIJT8kaNz8Z6zkRZkakPGFaNqg,mall,Raina collection,shopping_mall,27.7088614,85.30024490000001,New Road,1
ChIJWSelBx8Z6zkR6fT7YOJSvfM,mall,Raina clothing store,shopping_mall,27.7089522,85.3002649,New Road,1
ChIJNWuhNQAZ6zkR3sNu6Urrqmw,mall,Bhuwan Raj Manandhar ( जीवन दाईया पस:),shopping_mall,27.6978179,85.29778619999999,New Road,1
ChIJG1_XKvwY6zkRe-1ZwACC1Vw,mall,Caravanbone Craft,shopping_mall,27.711088200000003,85.3109935,New Road,1
ChIJxRPDr1IY6zkRlZFZ2UEo43w,mall,United World Trade Center,business_center,27.6939837,85.3137654,New Road,1
ChIJJS7PAIIZ6zkRPz02KtHzgps,mall,Craftlaya,shopping_mall,27.7109257,85.31213749999999,New Road,1
ChIJxUmF0CsZ6zkRdmjfE0A2b0w,mall,IGTA香港莫桑钻南唐珠宝尼泊尔分公司9862711111,shopping_mall,27.7114282,85.31105720000001,New Road,1
ChIJCSFBuxoZ6zkRXgnEFb8Lmmg,mall,Nikhil Auto car music center,shopping_mall,27.6953125,85.2989375,New Road,1
ChIJWclZm1sZ6zkR-ARje_HC80U,mall,SS Cosmetic,shopping_mall,27.6975984,85.2970033,New Road,1
ChIJm9V052AZ6zkRz1y4Hgy6zXA,mall,The Fab Nepal,shopping_mall,27.6936397,85.3144282,New Road,1
ChIJLQ_vgVwY6zkRtTUEFxEpXwk,mall,Store,shopping_mall,27.6955829,85.2980625,New Road,1
ChIJX8azJyEZ6zkRff2h-TNBIXQ,mall,Kalimati Trade Centre,shopping_mall,27.6979996,85.2962141,New Road,1
ChIJTbRj8VwY6zkRY9Bujx9DYNo,mall,Sauji Store,shopping_mall,27.6940557,85.2984432,New Road,1
ChIJofCb_FsY6zkRUbW60kkSFdw,mall,FJ STORE,shopping_mall,27.6953698,85.296458,New Road,1
ChIJx0c1ri0Z6zkRz92pxtITxU0,mall,Tulsidhara Tracksuit Center,shopping_mall,27.7102411,85.2977445,New Road,1
ChIJ1SPxrW8Z6zkRjem52zFecRA,mall,Nepal Steam Wallet Shop,shopping_mall,27.6901665,85.30897320000001,New Road,1
ChIJQ1iR40sZ6zkRPmhgc8whZ0A,mall,Dailys Mart,shopping_mall,27.7120354,85.2993596,New Road,1
ChIJNwVQaW0Z6zkR4hhT6IL9kjk,mall,Sapaneshwor Dairy,shopping_mall,27.6897572,85.3092709,New Road|Pulchowk,2
ChIJ70B0jU4Y6zkRNH8O8qDshSY,mall,Bijay Jenral Store,shopping_mall,27.6896323,85.307271,New Road,1
ChIJuYGvV0MY6zkRNOEm57_gLjM,mall,Rk Car Decor,shopping_mall,27.6916766,85.2989442,New Road,1
ChIJLVJvOwYZ6zkRQPusdGTAJMU,mall,Nikhil auto car,shopping_mall,27.691612700000004,85.2989635,New Road,1
ChIJV2t5gFwZ6zkR2iZ7h_l0AjU,mall,DS Stationary & Gift Center,shopping_mall,27.6892443,85.3090134,New Road|Pulchowk,2
ChIJk9xCA4IZ6zkR2YPjIcyZIhc,mall,Ramro Lagyo,shopping_mall,27.7136327,85.30101789999999,New Road,1
ChIJMxzKhVYY6zkRDxeSDFyEnnc,office,Shakya Cards,corporate_office,27.7017533,85.3080781,New Road,1
ChIJJbebewAZ6zkRcNLzpsRR_-Q,office,Om bahal,corporate_office,27.7015282,85.3079669,New Road,1
ChIJDdmuGhIZ6zkRUFaPH2-f9gc,office,Duluwa Outdoors,corporate_office,27.7027032,85.307324,New Road,1
ChIJO_mKqOYZ6zkROeTJsiYWo9E,office,United Navin,corporate_office,27.7012901,85.3073071,New Road,1
ChIJXf-Vl6kZ6zkRgzDDTpsp9cM,office,Mahabir Security Service Pvt. Ltd,service,27.7010481,85.30819939999999,New Road,1
ChIJ2e6aUz0Z6zkRsRdeD8nSxlw,office,Renko pen and stationery Pvt Ltd_Kathmandu,corporate_office,27.7008893,85.3063126,New Road,1
ChIJadAzRAAZ6zkRRuqpzTq00Bo,office,pau de galli,corporate_office,27.7026417,85.30573559999999,New Road,1
ChIJgabNTCEZ6zkRyj7VOqx6ufo,office,Abhinna Multipurpose Coopeartive Limited,corporate_office,27.7018202,85.30949280000002,New Road,1
ChIJh2rmSVQY6zkRzwgtPvDeb0I,office,Aqua Hundred Depot R.B.Complex shop # 222,corporate_office,27.7017147,85.3097853,New Road,1
ChIJRWONOjUZ6zkR_5hkvqqvY3Y,office,Samudaya Multipurpose co-operative Ltd. (Branch),corporate_office,27.7020926,85.3098442,New Road,1
ChIJHwJiylcY6zkRuydMDPpe4AE,office,Campaign to Rebuild Kasthamandap,corporate_office,27.7035279,85.3057267,New Road,1
ChIJaQC5e_EZ6zkROkfMBYZkD9k,office,New Dynamic Travels and Tours PLC,corporate_office,27.7021779,85.3098644,New Road,1
ChIJP-KdMAAZ6zkRciCugsanWXQ,office,Rathi Electrical,corporate_office,27.6997015,85.3076662,New Road,1
ChIJE5-cEzYZ6zkRpR6bHd8F2j4,office,Lakhe Aaju Travels Pvt ltd,corporate_office,27.7004704,85.30496710000001,New Road,1
ChIJcXj30VcY6zkRcV7QiMVpeJM,office,Techom,,27.704237,85.305533,New Road,1
ChIJNT0jHQAZ6zkR1FpPg2k4s8o,office,Shree Ganesh Offset Press,corporate_office,27.6991241,85.30934669999999,New Road,1
ChIJ___Cw_EZ6zkR8vDdBQMYJKI,office,Team Asia Nepal Pvt Ltd.,corporate_office,27.7027801,85.31123869999999,New Road,1
ChIJAy3aBVUY6zkR4Ab-pnMM1ss,office,Hygienic LiveStock,corporate_office,27.7027505,85.31142659999999,New Road,1
ChIJq84c1lkY6zkRhPjmuJU1R3M,office,Renault Service Center,corporate_office,27.7015528,85.3032632,New Road,1
ChIJ9VCYza4Z6zkR2Du9qeADiOY,office,R. P. Bhattarai & Company,corporate_office,27.7023927,85.31183229999999,New Road,1
ChIJPXXwj1QY6zkRWI9JdTX9RrU,office,Q-see Nepal,corporate_office,27.700081,85.3115673,New Road,1
ChIJJdlGCwAZ6zkR7aw2B_JrtFE,office,Renesola Light Aryan enterprises,corporate_office,27.6984793,85.3098917,New Road,1
ChIJo08Qg-cZ6zkRIIYAEv1rr6U,office,Technical Associate,corporate_office,27.6990854,85.31081119999999,New Road,1
ChIJJygHkFQY6zkRVRtfAeQL8Ec,office,cctv nepal,corporate_office,27.7001005,85.3117443,New Road,1
ChIJcRKsIFAZ6zkRQFXMQ_oPh2E,office,GlossyGirls Makeup Studio,corporate_office,27.6999597,85.31166160000001,New Road,1
ChIJDSoPnFMY6zkRHfKkyQX05GQ,office,NG Electricals Pvt. Ltd. - KTC Group,corporate_office,27.6985644,85.31051049999999,New Road,1
ChIJvbpwjwAZ6zkRx_F21XYdxsA,office,"""नापित झिगु गुठी समाज """,corporate_office,27.6996257,85.30324499999999,New Road,1
ChIJPe38ZP8Y6zkRo3o1SvYLg1w,office,Kriti Textiles Pvt.Ltd.,corporate_office,27.7056993,85.31025310000001,New Road,1
ChIJFyhXCQAZ6zkRzk_UYjWJFjc,office,"cable,wire,mcb,lights",corporate_office,27.6981228,85.3101106,New Road,1
ChIJU5BgG4wZ6zkRHa6chpHIgxE,office,.लिसंस्था सहकारी कृषि नायल,corporate_office,27.6980021,85.30493299999999,New Road,1
ChIJU7SOegAZ6zkROpmdbjYEyGU,office,Ganaune khola,corporate_office,27.7017174,85.3022785,New Road,1
ChIJtfXdeP8Y6zkRvETFDuwibuk,office,Lunmadi Ajima Bullion Company Pvt. Ltd.,corporate_office,27.7054652,85.3108939,New Road,1
ChIJOS97Yg4Z6zkRt7qd-uzpZIY,office,Bencardo Galleria Pvt. Ltd.,corporate_office,27.6984278,85.30377800000001,New Road,1
ChIJSUhTn1AY6zkRmdVhRgc9ptg,office,..,corporate_office,27.6980767,85.3041602,New Road,1
ChIJEYG6XQAZ6zkRLC5tr5D5ELw,office,Sur Sansar Media,corporate_office,27.6987384,85.30322699999999,New Road,1
ChIJP6K8KQAZ6zkRcAoK8xsB4Xo,office,Cosmitech International Pvt. Ltd.,corporate_office,27.6972092,85.30602859999999,New Road,1
ChIJ3TvbYJkY6zkRXicrWaP1xCw,office,Kumari Trading House,corporate_office,27.7017444,85.301707,New Road,1
ChIJyfGStFkY6zkR1WtsW3dRXe4,office,Tankeswar Cooperatives,corporate_office,27.7017321,85.3017032,New Road,1
ChIJ6eS6Lx4Z6zkRacHXikmaOjw,office,Lal Trading Complex,corporate_office,27.7017376,85.3016938,New Road,1
ChIJK0ELiE0Z6zkRg4vobZuqU8s,office,A To Z Kasthakala(p.) Ltd,corporate_office,27.6970773,85.3091986,New Road,1
ChIJceyAWwAZ6zkRQBjsORUUJFk,office,KS Cargo PVT. LTD.,corporate_office,27.6984562,85.3117169,New Road,1
ChIJlzTXm3sZ6zkRIdhLdiEemaQ,office,Power zone Trade Link,corporate_office,27.6970441,85.3054272,New Road,1
ChIJhW4J6pUZ6zkRwfdodfXdoRE,office,Nhugupala saving and credit co-operative limited,corporate_office,27.6976401,85.3040783,New Road,1
ChIJH_WwEusZ6zkRf4orD2wZc34,office,Nepalaya Infosys Pvt.Ltd,corporate_office,27.7034335,85.3016026,New Road,1
ChIJDbSwYacZ6zkR13pWAWkp5ck,office,Messe Everest Pvt. Ltd,corporate_office,27.6981351,85.31186029999999,New Road,1
ChIJeV22blMY6zkRyhRXxRHvkLM,office,Green Technology,corporate_office,27.6982084,85.31196179999999,New Road,1
ChIJ8_4JbVMY6zkRtRLac4eFD3o,office,CTL Pharmaceuticals PVT. LTD.,corporate_office,27.6981508,85.3119566,New Road,1
ChIJ-59u4g4Z6zkRqpdcSS3yfaM,office,Ram Janaki Complex BM,corporate_office,27.704048200000003,85.30148849999999,New Road,1
ChIJh9l88FAY6zkRcuavoYdIBGo,office,Ambe Complex,corporate_office,27.6966819,85.30518339999999,New Road,1
ChIJJdKnf1EY6zkRu0pNtMNQfGk,office,Quest Pharmaceuticals Marketing Office,corporate_office,27.6963581,85.30857209999999,New Road,1
ChIJOac8QiQZ6zkRmjaq8gbEu2o,office,KAMIYABI BAHUDHESHIYA SAHAKARI SANSTHA,corporate_office,27.7056976,85.3124157,New Road,1
ChIJSawBJdgZ6zkRpSn_6gO8ttg,office,Lenden Sewa Pvt. Ltd.,corporate_office,27.6965918,85.3051451,New Road,1
ChIJE_UndQAZ6zkR5lFCJVM6_sE,office,Ropa investment Pvt LTD,corporate_office,27.6983186,85.3124627,New Road,1
ChIJD0wBSAAZ6zkRVR8mnVOtvMU,office,Home,corporate_office,27.6966757,85.304334,New Road,1
ChIJ_ZhxYwAZ6zkRrW2EbE-khms,office,Rishap trade concern,corporate_office,27.6960531,85.3084937,New Road,1
ChIJJYOKfwAZ6zkRTjDqO7w-ur0,office,Tewa Tower,corporate_office,27.6959792,85.3069208,New Road,1
ChIJ68UaMXsZ6zkRbnB4N5Rh7lQ,office,D'Architects and Associates,corporate_office,27.6959195,85.3076104,New Road,1
ChIJ5-MUoVEY6zkRJLqJ0qk1Tx8,office,"Mahalaxmi Mobiles Pvt. Ltd., Tewa Tower, Teku",corporate_office,27.6959326,85.3069299,New Road,1
ChIJZReBslMY6zkRAvWfcsiedIA,office,Business Advisory Service Pvt. Ltd.,corporate_office,27.6964517,85.3103664,New Road,1
ChIJX2qbhFEY6zkRPKJMh5yvm5U,office,"Gautam Rupak Associates, Chartered Accountants",corporate_office,27.6958269,85.30793469999999,New Road,1
ChIJ34d6g1EY6zkRm7e6oqCwnzI,office,Dahua Technology (Nepal),corporate_office,27.6958039,85.3079235,New Road,1
ChIJU6GWhFEY6zkRrF9yHBoo_aA,office,E Three Sales and Services Pvt. Ltd,corporate_office,27.6957852,85.3079231,New Road,1
ChIJq6qqelAY6zkRBggpUtXpiYU,office,Dakali Industrial Marketing Pte. Ltd.,corporate_office,27.6974842,85.3025778,New Road,1
ChIJzQqS2-EY6zkRsdeYzUu89ME,office,CMS Group,corporate_office,27.6957143,85.3073024,New Road,1
ChIJ749CfUoZ6zkRDCH7eFqRHUc,office,Aashraya Bhawon,corporate_office,27.7015663,85.30033949999999,New Road,1
ChIJkSB8LwAZ6zkRGDLo3ZtJRVE,office,Taku,corporate_office,27.695704,85.3072509,New Road,1
ChIJra8PIPUZ6zkRqGVWmo6e_LM,office,Okhati Health Software,corporate_office,27.6956951,85.3078421,New Road,1
ChIJVcFGrxkZ6zkRk0-tMT3QoKw,office,Narhari Aryal & Associates,corporate_office,27.6956373,85.3080358,New Road,1
ChIJz4ObqyIZ6zkRkZ5-AvjZ8Zg,office,Association Of Pharmaceutical Producers Of Nepal,corporate_office,27.695613,85.307662,New Road,1
ChIJb6g49BAZ6zkR8OMzRoSH49M,office,Calcgen Nepal,corporate_office,27.6979556,85.3130845,New Road,1
ChIJs6dykG8Z6zkRGCoR_tREHBg,office,"Jeunesse, KTM, Nepal",corporate_office,27.6961466,85.30418190000002,New Road,1
ChIJZUq5pG0Z6zkRHHgEFBhpbyU,office,Nepal foreign trade association,corporate_office,27.695465,85.3079332,New Road,1
ChIJPaUSaQAZ6zkR6tYZR8vdZl8,office,Tiandy Nepal Office Hitech International,corporate_office,27.6977936,85.313166,New Road,1
ChIJLR7kh1AY6zkR7By3wtnuxMg,office,Gemini Solutions Nepal Pvt. Ltd.,corporate_office,27.696156,85.3039028,New Road,1
ChIJyT9yMFoY6zkRAbyxBhttVuM,office,Shivshakti imp exp,corporate_office,27.6980851,85.3013069,New Road,1
ChIJ08VD2vcY6zkRlE7NRKLDmkc,office,NEW KALPANA TRADERS ALUMINIUM,corporate_office,27.7063128,85.3016546,New Road,1
ChIJKaY3XAAZ6zkR7djJ7pIprFs,office,Careers Nepal Job Placement Pvt.Ltd,corporate_office,27.6987245,85.3007331,New Road,1
ChIJMT7f2SAZ6zkRbFaGLgjjcKE,office,Asian Technology Pvt. Ltd.,corporate_office,27.6985008,85.3008012,New Road,1
ChIJMwVXZlAY6zkRgWNCwKlMDXQ,office,RewNet Consultants Pvt Ltd.,corporate_office,27.6955534,85.30438459999999,New Road,1
ChIJu8TYC_4Z6zkRkFrklCaE1MY,office,Blitz Media,corporate_office,27.6957312,85.31095049999999,New Road,1
ChIJs8tNxfUZ6zkRdMQEBdysfJE,office,Elixir Consulting Pvt. Ltd.,corporate_office,27.6947349,85.30838039999999,New Road,1
ChIJaWyMmBUZ6zkROBxrQxpeE6I,office,Ebl touch 24,corporate_office,27.6953642,85.30390369999999,New Road,1
ChIJq6qqelAY6zkRZd1LeM8-96w,office,Prathamic Swasthya Sewa Punarjagaran Mahasakha Teku,corporate_office,27.6953642,85.30390369999999,New Road,1
ChIJR7e3T2EZ6zkRyVGv1qoLITg,office,"Jeunese Global, Kathmandu, Nepal",corporate_office,27.6953916,85.3037059,New Road,1
ChIJqcB8YAAZ6zkRPhg7cFhck4U,office,Creative Business Enterprises,corporate_office,27.6954213,85.3036107,New Road,1
ChIJr8fqukEZ6zkR6bPcHa7ZnOQ,office,SAARC_RSU,corporate_office,27.6954538,85.3114251,New Road,1
ChIJKS-qbCEZ6zkRCDgdBYReWEY,office,NCI-Nepal,corporate_office,27.6948175,85.3050493,New Road,1
ChIJSXxYa7sZ6zkRNlUigOiSQTI,office,"Nepal Qatar Chamber of Commerce, Industry and Trade",corporate_office,27.7013674,85.29893729999999,New Road,1
ChIJB__1LfgZ6zkRV3Hxw2JJ2VI,office,Geoland Holidays Pvt.Ltd.,corporate_office,27.6981244,85.3000472,New Road,1
ChIJWTNI2VsY6zkRdomxznubOHo,office,smart nepal travels & tours pvt. ltd,corporate_office,27.6986261,85.29969009999999,New Road,1
ChIJUyBkSFwZ6zkRroJQCK_IeA4,office,Omnibluetech Pvt. Ltd.,corporate_office,27.6943359,85.306883,New Road,1
ChIJTXaf3lsY6zkR6-yzG_s9bUA,office,Max Advertising Pvt. Ltd.,corporate_office,27.6985856,85.2996186,New Road,1
ChIJbUwuHwAZ6zkRcWcoG-ks1IM,office,Prime Renewables Pvt.Ltd,corporate_office,27.6946178,85.3099982,New Road,1
ChIJJ9kV9lEY6zkRdmno8J_A9A8,office,Web Works Nepal Pvt ltd,corporate_office,27.694300400000003,85.3084456,New Road,1
ChIJV6qnVM4Z6zkR1nXkN_A-OM4,office,Trending Technology Pvt.Ltd,corporate_office,27.7012762,85.2987107,New Road,1
ChIJoy4e0S4Z6zkRSOHJiY9ngYo,office,Arthabrikshya Management Nepal Pvt. Ltd.,corporate_office,27.6942282,85.3090347,New Road,1
ChIJJ7JVagAZ6zkR_MvuzozCkGY,office,Kimberlite Commerce pvt. Ltd,corporate_office,27.6955669,85.3022075,New Road,1
ChIJn_4SQAAZ6zkRp1FsQxyzJSM,office,Vista nepal pvt ltd,corporate_office,27.6943057,85.31001400000001,New Road,1
ChIJBw7551EY6zkR5Pu7ChSzuWg,office,LA & ASSOCIATE,corporate_office,27.693972,85.3071729,New Road,1
ChIJrwfhCwAZ6zkRY6HCsyRkNK8,office,Shyam Krishna Corporate,corporate_office,27.7038904,85.2985028,New Road,1
ChIJET9zDDIZ6zkRyBH9OyQd1QE,office,Vision International Pvt Ltd,corporate_office,27.701444,85.2981937,New Road,1
ChIJ____P2EY6zkRDsgDsNBjZZI,office,Mani Mahal Saving And Credit,corporate_office,27.6984461,85.2990511,New Road,1
ChIJS-rbLgAZ6zkRxRXgZcIOWNE,office,New standard offset printing press,corporate_office,27.6962375,85.30057160000001,New Road,1
ChIJu1y45VsY6zkR8yVRJugWwXE,office,swajan,corporate_office,27.6982202,85.29888849999999,New Road,1
ChIJ54_mEvcY6zkR9ImoaqoaphY,office,Nepal Max Technologies Pvt. Ltd.,electronics_store,27.7091521,85.3022731,New Road,1
ChIJK557sLQZ6zkRgxkZ3POGJRI,office,TeamXL Nepal (Team Excellence Nepal Pvt. Ltd.),corporate_office,27.7091834,85.3022853,New Road,1
ChIJzxo7dQAZ6zkRJaEi2rocK8k,office,Himalayan Life Insurance Limited Kalimati Branch,corporate_office,27.6975569,85.2990196,New Road,1
ChIJH44SdAAZ6zkRUvLXQpMuby8,office,General Business Management Pvt. Ltd,corporate_office,27.698058,85.2985793,New Road,1
ChIJOWfcGfcY6zkRn59Q0U3SIZ8,office,Phye Gan Pvt Ltd,corporate_office,27.7089477,85.3012821,New Road,1
ChIJC0Le_N4Z6zkRtRGGS8prj20,office,Karya Enterprises Pvt. Ltd.,corporate_office,27.6972774,85.29886210000001,New Road,1
ChIJidcqVTkZ6zkR76tPSR3v98k,office,KK Agro Group,corporate_office,27.6948737,85.3135365,New Road,1
ChIJmeBrYQAZ6zkRq78ubwVj06A,office,Zivah International Pvt. Ltd.,corporate_office,27.694119,85.31226840000001,New Road,1
ChIJ__8vPPcY6zkRXYQznaQcJjQ,office,HAMRO SHRAMDHAN MULTIPUPOSE CO-OPERATIVE LTD,corporate_office,27.709420700000003,85.30173169999999,New Road,1
ChIJu7tBGF4Y6zkRn__nU_b14WI,office,City Express Media Pvt. Ltd.,corporate_office,27.69823,85.2982023,New Road,1
ChIJE60zPU4Z6zkRisQSp62hriE,office,DEViNiWAS,corporate_office,27.7094786,85.30175059999999,New Road,1
ChIJF5v-bxkZ6zkR7mU3Puh3FRw,office,सवारी परिक्षण कार्यालय VFTC,corporate_office,27.6941576,85.30241330000001,New Road,1
ChIJkU_OySoZ6zkR26Z4dJob9u0,office,Kabra Group,corporate_office,27.6945914,85.3132791,New Road,1
ChIJM198kXYZ6zkRTGcrf_4HxIg,office,Kwality Nepal,corporate_office,27.6946723,85.3134486,New Road,1
ChIJ-eUKbwAZ6zkRC9FekIfd4xQ,office,Hillbird co- Operative LTD.Kalimati,corporate_office,27.6967837,85.299018,New Road,1
ChIJlT1ZA-YZ6zkRCh23njrZeT0,office,Nepal Lube Oil Limited,corporate_office,27.6939836,85.3125278,New Road,1
ChIJD7Gv8AkZ6zkRB2uGRIeU3Es,office,Ramesh Corp.,corporate_office,27.6947916,85.3139217,New Road,1
ChIJ2-mLKyAZ6zkRLGBtum6F_04,office,Ramesh Tower,corporate_office,27.6947916,85.3139217,New Road,1
ChIJx4btyOIZ6zkRyqtdERdePe8,office,BNJ Tower,corporate_office,27.6946656,85.3138092,New Road,1
ChIJo3GYkRsZ6zkRTg4x9jrsnGU,office,Web Marketing Nepal,corporate_office,27.700987,85.2970268,New Road,1
ChIJgchzEQAZ6zkRCDSH_YptaPs,office,B.M.C. Business Solutions Pvt. Ltd. (बि.एम.सी. बिजनेस सोलुसन्स प्रा. लि.),corporate_office,27.6935375,85.3117031,New Road,1
ChIJCVpfCgAZ6zkR5EP8RL3ZWDg,office,Teku Dovan,corporate_office,27.6936469,85.3028655,New Road,1
ChIJZ-8O4OgZ6zkRJaMEccGcYhE,office,Metro Market office- Dallu,corporate_office,27.7085922,85.3000474,New Road,1
ChIJYeYpJAAZ6zkRYrN26lyy4xQ,office,RIVA Spring Water,corporate_office,27.694304,85.3132957,New Road,1
ChIJd04FdAAZ6zkRP1qCu3KxQ-M,office,Dermelite Innovation Pvt Ltd,corporate_office,27.697107,85.2984433,New Road,1
ChIJGSc1rlIY6zkR4yS3wGKZg0g,office,"Upper Arun HEP, NEA",corporate_office,27.6941244,85.3131405,New Road,1
ChIJN_J14msZ6zkRDNEYe4S4oQs,office,Mangalam Group,corporate_office,27.693892,85.3127432,New Road,1
ChIJ31yXNisZ6zkR9jnwH5TFkqc,office,Kiran Agro Park Pvt Ltd,corporate_office,27.6957253,85.29956159999999,New Road,1
ChIJg2nS3J4Z6zkRrAkxVbHL6GE,office,Manakamana Refrigeration Trading Pvt. Ltd.,corporate_office,27.6978767,85.2978899,New Road,1
ChIJs76csuwZ6zkRe58XwvRk--A,office,A.L Logistics Nepal Pvt. Ltd.,corporate_office,27.694391,85.3138721,New Road,1
ChIJQ2d8S6YZ6zkRXFnr4hAErx0,office,Companynp,corporate_office,27.6942037,85.3135916,New Road,1
ChIJp4lWhFsY6zkRcZA25uSuDJI,office,Nimbus International Co.Pvt.Ltd.,corporate_office,27.6964251,85.2986061,New Road,1
ChIJTb4pr3oZ6zkRKXbgbBqye3U,office,Admana Technology Pvt. Ltd.,corporate_office,27.6933877,85.312375,New Road,1
ChIJ067yEzMZ6zkRfYNI5MUnTwY,office,Gillette school offset press(kalimati),corporate_office,27.6972579,85.2979087,New Road,1
ChIJk2oBUq0Z6zkRUrCaIKE9eyU,office,Suri Khola Hydropower Pvt. Ltd,corporate_office,27.694214,85.31393,New Road,1
ChIJB8xxYE0Y6zkRT2OTHjnF1PI,office,VMI GROUP tripureshwor,corporate_office,27.6933205,85.31229259999999,New Road,1
ChIJL81LDlwY6zkRHZFINmMupJY,office,Kalika Road Carrier Pvt.Ltd.,corporate_office,27.6977847,85.2975345,New Road,1
ChIJg5oRNqEZ6zkRRo8k4LDNdco,office,CIIN International Qualifications,corporate_office,27.6940054,85.31378529999999,New Road,1
ChIJFTpuZE0Y6zkRLxLuITNQAKk,office,Viswa Deep Multiple campus,corporate_office,27.6930161,85.31189789999999,New Road,1
ChIJ4T-WBcMZ6zkRBkFEcF50tf8,office,AEROSAN-Office,corporate_office,27.698103,85.29713579999999,New Road,1
ChIJrZvJBQAZ6zkRIejirdAyG7Q,office,Telecombix Nepal Pvt Ltd,corporate_office,27.6978702,85.2971998,New Road,1
ChIJx8zrxU8Y6zkRd_bhxKivdfk,office,Pasalshop,corporate_office,27.6921675,85.3051424,New Road,1
ChIJ7U9P75QZ6zkROiEEaGNUst8,office,Daibagya house,corporate_office,27.7064995,85.3175682,New Road,1
ChIJu6I8KQAZ6zkRlHa6ZwsoOLs,office,Ratna International/8 Peaks Health Care,corporate_office,27.7002355,85.296264,New Road,1
ChIJvYPaJjIZ6zkRFCNtHtDFyLg,office,Sabda Consultancy & Abroad Study Pvt Ltd.,corporate_office,27.705971,85.317863,New Road,1
ChIJ1xGXvQAZ6zkR0NfYwCQMN-k,office,STS Education Service Pvt. Ltd.,corporate_office,27.706604,85.31758839999999,New Road,1
ChIJ0XpSkyEZ6zkRHaJufFwp9mk,office,Universal Wings Marketing Center Pvt. Ltd.,corporate_office,27.6935683,85.3138153,New Road,1
ChIJ59_VFgAZ6zkR2_z0c_8OYk0,office,Adcores Private limited,corporate_office,27.707059800000003,85.3173975,New Road,1
ChIJmf7xrFwZ6zkRC8XA9IfCADc,office,CREST MICRO LIFE INSURANCE,corporate_office,27.6918319,85.3070755,New Road,1
ChIJQyW32wEZ6zkRqXJfxD3yak8,office,Nuclear Industry Jinhua Construction Engineering Company Nepal Private Limited,corporate_office,27.7113093,85.31209299999999,New Road,1
ChIJMyDHLAAZ6zkRxQOeX3Wwhp4,office,Manokamana electric parts (kathmandu branch ),corporate_office,27.7007084,85.29595619999999,New Road,1
ChIJQ44vZwAZ6zkR44Ao_VACdDw,office,Kisan Agro Chemicals,corporate_office,27.696985200000004,85.29718659999999,New Road,1
ChIJT9wuw4YZ6zkRYx0dvIf8tDs,office,A and A Network Pvt Ltd,corporate_office,27.6934624,85.3141471,New Road,1
ChIJ5eN3fpIZ6zkRziCoAYlAHSo,office,Sailabha Tower,corporate_office,27.7092138,85.2989529,New Road,1
ChIJRzOPEikZ6zkRsJI9o9TZ3pI,office,Hara Bhara Sahakari Sanstga,corporate_office,27.7100394,85.2999273,New Road,1
ChIJoWLY4PgZ6zkR7htM5KsJIwc,office,Mountain Hydro Nepal Limited,corporate_office,27.7007262,85.295631,New Road,1
ChIJ59z3eQAZ6zkRJ_D0p6nOTeA,office,KD law firm,corporate_office,27.6931646,85.3144343,New Road,1
ChIJF-sz8bIZ6zkRSZWtLvUglwc,office,Guthi Sansthan,corporate_office,27.6927716,85.3139411,New Road,1
ChIJkXaDb4YZ6zkRtoSiHnG1wgY,office,दिल तता: छें Dil Tataa Chhye,corporate_office,27.6945948,85.2984254,New Road,1
ChIJy67NjRYZ6zkRuHxIIhNEJBg,office,Rajdhani Nursery Ari House,corporate_office,27.7084066,85.2974085,New Road,1
ChIJv6_C4dKaZqoRlu4M_exFd10,office,Mote Consultancy Services,corporate_office,27.7013658,85.2950462,New Road,1
ChIJq5ylMPQY6zkRL8yuIqf9omE,office,eCreation Nepal,corporate_office,27.7082484,85.29716950000001,New Road,1
ChIJCe1O9AEZ6zkRc1WVK8yTWCc,office,White Hat Digital,corporate_office,27.7109557,85.3147128,New Road,1
ChIJsXBryE0Y6zkRaJI1IvrVOjY,office,Smart Rental,corporate_office,27.6910897,85.3096547,New Road,1
ChIJY2Ec-VYZ6zkR2nQxe7nVgkQ,office,Engineers World Pvt. Ltd.,corporate_office,27.690928,85.30942770000001,New Road,1
ChIJ6SE228MZ6zkRuIOWGHOKy_s,office,ABP Energy Pvt. Ltd.,corporate_office,27.7110754,85.315124,New Road,1
ChIJpZKiz0EZ6zkRcaIt2ngqaSA,office,ESA Consult,corporate_office,27.6971275,85.29585469999999,New Road,1
ChIJq_NSbREZ6zkRE1prpQwBPKg,office,Nava Prabhat Co-operative Pvt. Ltd.,corporate_office,27.6905587,85.3076537,New Road,1
ChIJJxg2bn4Z6zkR7bVFAiJDTwo,office,Jupiter Nepal,corporate_office,27.6970995,85.29573719999999,New Road,1
ChIJB8dXZQAZ6zkRDksQ50T9J2w,office,Kuleshwor office,corporate_office,27.6935517,85.2986562,New Road,1
ChIJxx2ArEwY6zkRGIgVvS-coEo,office,GTrack Nepal,corporate_office,27.6905362,85.3081172,New Road,1
ChIJSxPZFwAZ6zkRQbW4jBL_ZyA,office,N & S Partners Private Limited,corporate_office,27.690531000000004,85.30570689999999,New Road,1
ChIJpdMORwcZ6zkRCX-xyKYO31M,office,SHRISTI media Pvt. Ltd. Advertising & Media House,corporate_office,27.706735,85.31962,New Road,1
ChIJt4KLyr0Z6zkRkyamMfRGOk0,office,Gadgets In Nepal Pvt Ltd.,service,27.6990901,85.294521,New Road,1
ChIJzxD4cQAZ6zkRoGIG5yTCvtM,office,Urja Global,corporate_office,27.7116341,85.3152842,New Road,1
ChIJE-0yVFsY6zkRwwHjaeqP1VA,office,ITPF,corporate_office,27.6932541,85.29827879999999,New Road,1
ChIJ58p4NQAZ6zkRf-qKsegwnQM,office,Renew Holdings,corporate_office,27.7116799,85.3152918,New Road,1
ChIJs6l0HwAZ6zkRcGH7vOEQPzQ,office,Garment Gear Pvt. Ltd.,corporate_office,27.7117003,85.3152952,New Road,1
ChIJd0PhnGIZ6zkRdSmYdGRfOok,office,DomainsNp,corporate_office,27.7029491,85.3209595,New Road,1
ChIJmRWC9A8Z6zkRrZd2OIY59lI,office,Seven Hills Private Limited,corporate_office,27.7031965,85.3209437,New Road,1
ChIJDcwdVQAZ6zkRhlNhceTzHFI,office,Nebula Mobility Pvt Ltd,corporate_office,27.7069519,85.3199805,New Road,1
ChIJB4IReAAZ6zkR74GEtOdiA04,office,The Gestalt Nepal Infotech PVT. LTD,corporate_office,27.7125591,85.3005938,New Road,1
ChIJRVJDQwAZ6zkRbsdnEyXIpuc,office,United Laboratories Nepal Pvt.Ltd,corporate_office,27.6926481,85.2985932,New Road,1
ChIJrWkHXAAZ6zkRty_O0s8ACOE,office,Insurance Protective Services,corporate_office,27.7103198,85.3175026,New Road,1
ChIJu6F02i0Z6zkRPzg-b1bsZVM,office,Gandaki International Travels P Ltd,corporate_office,27.7103021,85.3175919,New Road,1
ChIJsVjE460Z6zkR4DeG625Xx5g,office,"Department of Mechanical, Automobile and Electronics Engineering",corporate_office,27.6946967,85.3185757,New Road,1
ChIJb3n8MV4Y6zkR8JM2m12sQpg,office,NMHDA,corporate_office,27.7012515,85.2935783,New Road,1
ChIJ3Wd4agcZ6zkRtVpDWU6EC5Q,office,Avanish Group,corporate_office,27.7069015,85.3201675,New Road,1
ChIJJa4g4agZ6zkRfd5DbfAMJmc,office,E.S.L. Global Pvt Ltd,corporate_office,27.7023663,85.32132349999999,New Road,1
ChIJ_XkAQQAZ6zkR1kMB7boY41Q,office,Devyani Internation Nepal Pvt Ltd,corporate_office,27.7106799,85.31728869999999,New Road,1
ChIJw4aHD1AZ6zkR2cjduc9mah0,office,Square Infosys Pvt. Ltd,supplier,27.689663,85.3095654,New Road,1
ChIJYZTEouoZ6zkRaza7Jz0zPYo,office,care electric repair center,corporate_office,27.6923908,85.2983673,New Road,1
ChIJe_6Gc-gZ6zkRZRk5DFmtV9k,office,Invision Traders Pvt. Ltd.,corporate_office,27.7104197,85.3179277,New Road,1
ChIJzxa1Vg8Z6zkR1RjFCcrgHKk,office,Big 'A' Consulting.,accounting,27.7105197,85.3178685,New Road,1
ChIJT-NeCa4Z6zkR6v6gOsq10vc,office,Machine and Fabrication Lab Thapathali Campus,corporate_office,27.6947573,85.31904639999999,New Road,1
ChIJS9t3qnwZ6zkR2LmSeYVNyhc,office,中国商品配送中心 China Commodity Distribution Center,corporate_office,27.7102061,85.31828879999999,New Road,1
ChIJyefbbAAZ6zkRHhGdGAs6h0Y,office,WAPCOS Ktm office,corporate_office,27.6894045,85.3058964,New Road,1
ChIJR_vRWNsZ6zkR8C9XdZDWNAs,office,Om Sai Baba Suppliers (OSBS),wholesaler,27.7003618,85.2932119,New Road,1
ChIJXTDog3EZ6zkRQeYOz8nWwYU,office,"Hamro sagarmatha ,Dallu sewa kendra",corporate_office,27.7105401,85.29668749999999,New Road,1
ChIJdSqgJ0IY6zkRNVq6USpHbyI,office,Purvamart Pvt. Ltd.,corporate_office,27.6892137,85.30596650000001,New Road,1
ChIJH8g1MwAZ6zkRZxp1gqknKp8,office,Prakash impex,corporate_office,27.6892506,85.3053479,New Road,1
ChIJBwBidSMZ6zkRiSX09DtynCc,office,Daram khola hydro energy limited,corporate_office,27.6924888,85.31738080000001,New Road,1
ChIJb7ZXdgAZ6zkRh0Wf2XAtanE,office,Swastik Roadlines,corporate_office,27.6921015,85.2979082,New Road,1
ChIJ400utwYZ6zkRijymc40_fKE,office,IMS Group,corporate_office,27.7107177,85.3184984,New Road,1
ChIJZUffll0Y6zkRYaQLWoZJzQQ,office,"Lalwani & Associates, Chartered Accountants",corporate_office,27.6966259,85.29390819999999,New Road,1
ChIJVVVVlbAZ6zkR_QF9eSUHCJU,office,S. P. & T. Consultants Pvt. Ltd.,corporate_office,27.6925059,85.3176804,New Road,1
ChIJj6QHqXIZ6zkRARl5MYQXTRs,office,Balbhadra saving and Credit company ltd,corporate_office,27.6910408,85.2991534,New Road,1
ChIJ9XGQ0CwZ6zkRDDdDoo0yNzk,office,Shivalaya saving n credit co.ltd,corporate_office,27.6917387,85.2980493,New Road,1
ChIJgSkbFQAZ6zkRNHWnzXGfa_U,office,Lawyers & Lawyer's Associates,consultant,27.6925166,85.31788139999999,New Road,1
ChIJi_pqfQAZ6zkRLNd96Z-U3NM,office,Misumi Nepal Pvt. Ltd.,corporate_office,27.692784300000003,85.3182092,New Road,1
ChIJE5DeTAAZ6zkROQXbdjXAUAM,office,Zeta Labs,corporate_office,27.6911836,85.29872069999999,New Road,1
ChIJt03bXyQZ6zkRWEtgAY4udD8,office,"Mahindra Showroom, Agni Incorporated Pvt.Ltd.",corporate_office,27.6928951,85.3183681,New Road,1
ChIJ5YWr1DkY6zkR2YFbzzkZMVo,office,Shangrila Spiritis Pvt Ltd,corporate_office,27.6887068,85.30890819999999,New Road|Pulchowk,2
ChIJmyi565oZ6zkR838OpSH45c0,office,Naradh Tech Pvt Ltd,corporate_office,27.6886784,85.3086798,New Road|Pulchowk,2
ChIJBxDsYgAZ6zkRc7WPzfXjd8s,office,Tasheer VSC Nepal,corporate_office,27.6926222,85.3182521,New Road,1
ChIJNzfleqIZ6zkRpWBINh3psR8,office,Nautilus Group,corporate_office,27.6895133,85.3129678,New Road|Pulchowk,2
ChIJcfNc8_gZ6zkRgPwrSl-Ot1g,office,Siloo sadan,corporate_office,27.6928378,85.296274,New Road,1
ChIJSzTZFQAZ6zkRzyNfN2pfcMs,office,Hyundai Nepal,corporate_office,27.692437500000004,85.3181719,New Road,1
ChIJdx-QWuoZ6zkR0DZKHZTEnjo,school,SoundScape Nepal,store,27.7020107,85.3078855,New Road,1
ChIJXYZY-VYY6zkRcFpKRIlKPM0,school,Shitu parathamika School and Development kendr,primary_school,27.7016208,85.30624580000001,New Road,1
ChIJ__-KOFYY6zkRZV-xPh30qx4,school,Nava Adarsha High School,secondary_school,27.7035914,85.3066358,New Road,1
ChIJoXAHA1QY6zkRLsGCG3BTTKQ,school,Gautam High School,educational_institution,27.7000661,85.308334,New Road,1
ChIJjfq2QFQY6zkRYXRtkPEMPUw,school,Nepal Adarsha Secondary School,school,27.700777,85.3095946,New Road,1
ChIJM4NVEFcY6zkR6gQit2c2Vac,school,Shree Kumari Secondary School,school,27.7010372,85.304998,New Road,1
ChIJ2VpUBVQY6zkRd6GqySsKc7w,school,Green Peace Co-Ed School,secondary_school,27.6999517,85.3089177,New Road,1
ChIJ29yDMFcY6zkRxsNhfljTZVc,school,Shree Nawayug Secondary School,school,27.6997492,85.3050851,New Road,1
ChIJAYRX61cY6zkRsRK2Wvg8Ml8,school,The Rolling Stones School,school,27.7035523,85.3041928,New Road,1
ChIJLe55i1cY6zkRx6tbdR8yNWY,school,Kalash Vidya Mandir,school,27.703228,85.303567,New Road,1
ChIJk0uU81cY6zkR5JEoHYWlgHc,school,ASHRAYA VIDHYA SADAN,primary_school,27.703653,85.303674,New Road,1
ChIJIcyLAVgY6zkRVfVePVq_p2A,school,Shanti Nikunja Sec. School,school,27.7046753,85.304414,New Road,1
ChIJqcyqf1cY6zkR-eMNvty3GJo,school,Paropakar Adarsha High school,school,27.7018263,85.3030557,New Road,1
ChIJdy6nH1gY6zkRRn5fd6HW0Zo,school,Namuna E.B. School,school,27.7035211,85.3031591,New Road,1
ChIJoaFLKBsZ6zkRwvJ7d6P-JEU,school,Kuleswor mavi,school,27.6997642,85.311451,New Road,1
ChIJm-4GVQAZ6zkRBAghViF8ogM,school,Shisa ko Ghar (Prachanda dai ko),school,27.700028,85.3116835,New Road,1
ChIJ07IJ9ysZ6zkR2V9jylwwQFw,school,Sankhamul,school,27.6999597,85.31166160000001,New Road,1
ChIJ9bxIfd4Z6zkRVBJhewPUA94,school,Rastriya Adharbhut Vidyalya,primary_school,27.6993505,85.3035945,New Road,1
ChIJj7vRTFcY6zkRXXhq6ecyi-g,school,Shree Saraswati Niketan Ma. Vi.,school,27.6988698,85.3040477,New Road,1
ChIJRQqf4FAY6zkROLmwe0qmp0s,school,Mini Land Sec. School,school,27.697597,85.3056299,New Road,1
ChIJQT_T0H0Z6zkRXaO0tcEHZBA,school,For study purposes,school,27.7038542,85.302486,New Road,1
ChIJn30rvlkY6zkRBQYXYmMYLpI,school,नील बाराही मा. वि.,school,27.7004124,85.3017733,New Road,1
ChIJTTpPulkY6zkROyMrw7jGv2M,school,New Florence Int'l Boarding School,school,27.7009787,85.30156319999999,New Road,1
ChIJX7WnzVMY6zkRjFfOtpN1Rrk,school,Morning Glory High School,secondary_school,27.696461,85.30921409999999,New Road,1
ChIJs5OiJ1gY6zkRony1Z2TIrpQ,school,Jubilant School,school,27.6986344,85.3016237,New Road,1
ChIJgSxhKPgY6zkRnvDBhFT2RM8,school,श्री कंकेश्वरी नि. माध्यामिक विधालय,secondary_school,27.7071314,85.3033638,New Road,1
ChIJp4o5s1MY6zkR2y6y_jA5dm4,school,Mrigashira World School (Deep High School),secondary_school,27.6960968,85.31015149999999,New Road,1
ChIJqRivYJcZ6zkRHHv4rA66A4s,school,Blooms Academy Chovar Branch,school,27.705305000000003,85.3008193,New Road,1
ChIJyTbbelAY6zkRsOvuGc8Wz34,school,Laxmi Sikshya Sadan Secondary School,secondary_school,27.6955847,85.30402219999999,New Road,1
ChIJ_zgD6TkZ6zkRGLQQM6aRHms,school,Creation Japanese Language Center,school,27.6986837,85.30025409999999,New Road,1
ChIJx-2vCfcY6zkRqEPmgHbQnZ8,school,Jagat Sundar Bwonekuthi Secondary School,school,27.7074444,85.3017964,New Road,1
ChIJ4Uw-SVoY6zkREni_akG6Ieg,school,Kumudini Kunj Pre-school At A Glance,preschool,27.6963274,85.3017679,New Road,1
ChIJ0V8gYFoY6zkRdYbWxabz8uc,school,Kumudini Kunj Secondary School,school,27.6961279,85.3019637,New Road,1
ChIJC3fZucAZ6zkRtgvMdlGzw80,school,Shree Chamunda English Boarding High School,school,27.7056114,85.2998471,New Road,1
ChIJY3I32VsY6zkRekv25mOaPVA,school,Koumyou International Language Academy,school,27.6985898,85.2996912,New Road,1
ChIJLSjzsvcY6zkRYAir--QV5lc,school,Divya Gyan Secondary School,school,27.7068527,85.3007413,New Road,1
ChIJpyj5HfYY6zkR5JPtCZvXe0M,school,New Little Flower English School,school,27.7047321,85.299065,New Road,1
ChIJCV3afAAZ6zkR1MBXBq5v6xk,school,Lagankhel,primary_school,27.7056437,85.2992316,New Road,1
ChIJD1Y6OKUZ6zkRgdfdiy1PCI4,school,Montessori Kinderworld Tahachal,preschool,27.7011424,85.29815909999999,New Road,1
ChIJKQu_NFkY6zkRLCpu2irY9oM,school,Jana Jyoti English Sec. School,school,27.700563,85.29818,New Road,1
ChIJC9iDP6wZ6zkRu7Ihm4FFIXs,school,Merit Academy,school,27.6980219,85.2991209,New Road,1
ChIJkVWlD1AY6zkRRlOFKe9D-Ns,school,Shree Mahendra Saraswati Sewa Adharbhut Bidhyalaya,school,27.6940307,85.3037447,New Road,1
ChIJZf5-EvYY6zkRAcqAp_wRmM8,school,Mount Glory English Boarding High School,secondary_school,27.705959,85.298767,New Road,1
ChIJLQdtwlsY6zkRReIozR098dM,school,Special Japanese Language and Computer Institute,school,27.6980438,85.2984831,New Road,1
ChIJC4P--VsY6zkRnDRT0XT75Y0,school,Everest Music Training,school,27.6980808,85.2984263,New Road,1
ChIJSU5LH-QY6zkRJroUpPkGgoQ,school,"Balapan Preschool and Daycare, Dallu",preschool,27.709504,85.3015623,New Road,1
ChIJ5_UJBtYZ6zkROSoomDRy5xw,school,Champs' World Preschool,preschool,27.7067446,85.29857640000002,New Road,1
ChIJaSJCmlsY6zkR4oqF0ir0QEI,school,UCMAS Abacus Nepal,educational_institution,27.6965441,85.2989502,New Road,1
ChIJbWtFJPcY6zkR2BUzi6SQhUI,school,Buddha Jyoti Academy,primary_school,27.7094347,85.3010798,New Road,1
ChIJuZnw1_YY6zkRnIXMAv4A6zk,school,National Children´s Academy Nepal,secondary_school,27.7096201,85.3008653,New Road,1
ChIJ7Qk1CwAZ6zkRaecX-Ka1_HA,school,RS,primary_school,27.697787200000004,85.29769619999999,New Road,1
ChIJ02tQdlsY6zkRKIDz5OYjslo,school,Holy Smile Pre School,preschool,27.6953116,85.2992594,New Road,1
ChIJVVUV7F4Y6zkR-zIGhPeMHlw,school,Bernhardt Secondary School,secondary_school,27.7004974,85.2964131,New Road,1
ChIJg7GzElwY6zkRoA6Lr8DYJGU,school,Gillette International Boarding Secondary School,government_office,27.6973455,85.2974431,New Road,1
ChIJH1MK0PUY6zkROvmvaRk-W0I,school,Aastha School,primary_school,27.7069157,85.29756619999999,New Road,1
ChIJl7u3ZU0Y6zkRszZ1H2Bxt6s,school,Vishwa Niketan Sec. School,school,27.6927906,85.3120845,New Road,1
ChIJm6STb18Y6zkR_txkylX9LRo,school,"Millsberry International Pre-school, Tahachal",school,27.7038027,85.2962058,New Road,1
ChIJq81GlvYY6zkRHT7jj0hGACk,school,Vidyodaya English Secondary School,secondary_school,27.7089621,85.2990047,New Road,1
ChIJ3zlXYq4Z6zkR6E2bmVEFaT4,school,"Nightingale College, Block-F ( Grade: 11 & 12)",school,27.6917208,85.30758720000001,New Road,1
ChIJAQAAMGAY6zkRHOXLcbYPO-M,school,SHEMROCK Little Harvard,preschool,27.7007197,85.2958037,New Road,1
ChIJDV22Y6sZ6zkRqQu2H-NpXEM,school,Nightingale College (10+2),school,27.691626,85.3077546,New Road,1
ChIJURULa18Z6zkRMTLlU_RTvYc,school,Mitra High School,secondary_school,27.6948729,85.2988041,New Road,1
ChIJvTiQpPAY6zkRr6exXdqFbBs,school,CFA Tuition Center Nepal,school,27.711694400000003,85.3027604,New Road,1
ChIJf1R-nPUY6zkRqJcfSG8IHOo,school,Future Star English Secondary School,school,27.7054977,85.2961502,New Road,1
ChIJE4Hnfl8Y6zkRCKI9_YvNaoE,school,Sun Ed SUNDARBAN EDUCATIONAL CHILD CARE CENTRE,preschool,27.704315,85.295717,New Road,1
ChIJZwnNsVsY6zkRXUcGaBMAlXY,school,Seraphims' Public School,school,27.6964937,85.29707909999999,New Road,1
ChIJY7vAeAAZ6zkR7wykblXzhtc,school,Purna kalash Montessori,preschool,27.7086405,85.2978294,New Road,1
ChIJCxGfu-UZ6zkRi7SMLOl_Q_A,school,Kathmandu Valley Pre School,school,27.7022277,85.2952354,New Road,1
ChIJ_6GF-IIZ6zkRMIcQiVCT9yM,school,Kidzee Sanepa,preschool,27.6912429,85.3060081,New Road,1
ChIJY2_2UfEY6zkRfTQvr1ASLo8,school,New Arunodaya English Secondary School,school,27.7106742,85.2994605,New Road,1
ChIJ1cI-fPUY6zkRG0NQ5GFC9s8,school,First Step Montessori Garden,school,27.704825,85.29513290000001,New Road,1
ChIJ__9TTlwY6zkRYrWXdgkonxc,school,Sai Nilayam Higher Secondary School,school,27.6967113,85.2959889,New Road,1
ChIJZyuQS14Y6zkR1c2hhyBL9XI,school,Holy Vision H. S. School,school,27.7015648,85.29450419999999,New Road,1
ChIJtVV0upcZ6zkR1rXss6pPKls,school,Shree sathya sai center tahachal,school,27.7002748,85.2943847,New Road,1
ChIJ7xNr8VwY6zkRSHGks7Wzp30,school,School,secondary_school,27.6954508,85.29643,New Road,1
ChIJF-9e__MY6zkRpew1_YPTlvA,school,TRIRATNA PRE-PRIMARY BLOCK & BOYS HOSTEL,preschool,27.7105122,85.2978826,New Road,1
ChIJJfcE_XIZ6zkRxAPitJn1NEo,school,AKKU KA SCHOOL,preschool,27.6899736,85.307487,New Road,1
ChIJU8EYwEQY6zkRe5BzUctDb1w,school,Kuleshwar Secondary School,school,27.6911034,85.3015755,New Road,1
ChIJMd4od7IZ6zkRCi5b5pVZfnI,school,त्रिपुरा माध्यमिक विद्यालय,school,27.693273,85.316999,New Road,1
ChIJu2e5EIsZ6zkR0IwciD3GFt4,school,Blooming edu care pre school,preschool,27.6898292,85.30872289999999,New Road,1
ChIJPS6b5BwZ6zkRwV-jLfg0dwE,school,Open house secondary school,school,27.7120354,85.2993596,New Road,1
ChIJ6RIB410Y6zkRVCRugEmSkxM,school,Jana Prabhat Sec.School,school,27.6984037,85.2939889,New Road,1
ChIJCRU1xMwZ6zkRPIt5T6L01YU,school,Overseas Educational Centre,school,27.7022841,85.3215402,New Road,1
ChIJ5dPfQQQZ6zkRPs9ayCKNALg,school,Mojhid,school,27.7120354,85.2990045,New Road,1
ChIJdwsWBU8Y6zkR-Zwi41DLD90,school,Radiant Readers' Acadmey,primary_school,27.689611,85.30551679999999,New Road,1
ChIJb-wNEPEY6zkRRPczZqmHIIY,school,Bijeswori Secondary School - FINE ART ( grade 11 & 12 ),educational_institution,27.7127181,85.3000064,New Road,1
ChIJYVM68UwY6zkRt8OuE9CsNPQ,school,Nagarjuna Kid's World,school,27.6896909,85.3106306,New Road|Pulchowk,2
ChIJC-Yk9QcZ6zkRhd6KFucabXQ,school,Kathmandu Montessori Training Center-Putalisadak - (Opposite to Shanker Dev Campus)- BEST ECD Training,school,27.7027361,85.3217068,New Road,1
ChIJB5_Es1wY6zkRNvogvhGasSk,school,Global Valley School,school,27.6934482,85.2967635,New Road,1
ChIJT1S1aFwY6zkRoc0LyHRFCrI,school,Tripura Secondary School,school,27.6960998,85.2945443,New Road,1
ChIJg6U5W0wY6zkROJ2Hc7cTc-k,school,Nagarjun Academy School,school,27.6894319,85.3104579,New Road|Pulchowk,2
ChIJ63yfX6gZ6zkRL0VQemGEAdg,school,BEST's MONTESSORI TRAINING CENTRE,school,27.6951209,85.294923,New Road,1
ChIJES-Wy1wY6zkR_bKbXt8XUDs,school,Best Montessori International School,school,27.693156,85.296573,New Road,1
ChIJpVFvkUMY6zkROIBpUuoe0yE,school,ACTON PRE-PRIMARY SCHOOL,primary_school,27.6921847,85.297493,New Road,1
ChIJC3H6xEwY6zkRwHJtoh0JFCQ,school,Nightingale School,secondary_school,27.6896637,85.3126928,New Road|Pulchowk,2
ChIJ0Ztzw_MY6zkRP0ILiUTWoJ4,school,Bijeshwori Gyan Mandir Sainik Mahavidyalaya,school,27.7125954,85.2984099,New Road,1
ChIJBdLCT0MY6zkRyb1wrDEtqq0,school,AvantGarde Boarding School,school,27.692205,85.29728539999999,New Road,1
ChIJQyxQ8UwY6zkR5A-R72ol5nw,school,Elsie Kindergarten,school,27.6891634,85.31138899999999,New Road|Pulchowk,2
ChIJs5XdmsUZ6zkR6ihsak2jvvU,bank,Layeku SACCOS,bank,27.673957,85.3246829,Patan durbar square|Pulchowk,2
ChIJnXAjgMUZ6zkRS1qJsbz6pXg,bank,Sikharadip SACCOS,bank,27.6734301,85.32405399999999,Patan durbar square|Pulchowk,2
ChIJp_S8PwAZ6zkRM3pmWSJz_zA,bank,Global IME Bank Limited,bank,27.6736005,85.3237858,Patan durbar square|Pulchowk,2
ChIJdc-0GAgZ6zkRP-EcLc2ilf0,bank,Nible bank,bank,27.6746324,85.32468659999999,Patan durbar square|Pulchowk,2
ChIJl7DSYooZ6zkR8oaZrd1QLZQ,bank,Manikeshav Narayan SACCOS,bank,27.6746936,85.3257497,Patan durbar square|Pulchowk,2
ChIJ-zChcM8Z6zkRH3YoTzGfqik,bank,Jai Bhimsen SACCOS,bank,27.673769,85.323301,Patan durbar square|Pulchowk,2
ChIJST6aY_YZ6zkRFP4EHxyPuaU,bank,Sathibhai SACCOS,bank,27.6742561,85.3233296,Patan durbar square|Pulchowk,2
ChIJ99Oj8t4Z6zkRWhZ-2IBDWK8,bank,"Nabil Bank Limited, Mangalbazar Branch",bank,27.6752062,85.3247574,Patan durbar square|Pulchowk,2
ChIJpQRSO8UZ6zkRbKIdIBudqBc,bank,Yuva SACCOS,bank,27.6715712,85.3258255,Patan durbar square|Pulchowk,2
ChIJaT2ABc8Z6zkRpeVVup0oHN0,bank,Nepal Bank Limited,bank,27.6738426,85.3222322,Patan durbar square|Pulchowk,2
ChIJHSg5VcUZ6zkRE8coinNGlTw,bank,Urja SACCOS,bank,27.6708447,85.3242369,Patan durbar square|Pulchowk,2
ChIJW-5b-cUZ6zkRFnRLocz1ac0,bank,Basubarna SACCOS,bank,27.676061,85.32432879999999,Patan durbar square|Pulchowk,2
ChIJ-eBragAZ6zkRBuxlcZSx_hs,bank,Siddhartha Bank,bank,27.6710162,85.3265066,Patan durbar square|Pulchowk,2
ChIJvXLoN4kZ6zkR7y8_rhI9ceI,bank,Ratnakar SACCOS,bank,27.6739121,85.3219596,Patan durbar square|Pulchowk,2
ChIJAagTV8UZ6zkRzabSEujgi3g,bank,Prabhu Bank ATM,atm,27.6707801,85.32406379999999,Patan durbar square|Pulchowk,2
ChIJZ1Z8w8UZ6zkRWYEd4NzVO9g,bank,Luza: SACCOS,bank,27.675973400000004,85.3261689,Patan durbar square|Pulchowk,2
ChIJdwVR0cQZ6zkRNXLBWY7VH_o,bank,Yala Multipurpose Co-op,bank,27.6708797,85.3267534,Patan durbar square|Pulchowk,2
ChIJjePJwS4Z6zkR_ho0irZMaqI,bank,Kumari Bank Limited Tangal Branch,bank,27.6705036,85.3238727,Patan durbar square|Pulchowk,2
ChIJqXolA88Z6zkR3vwq5JL47HQ,bank,Laxmi Sunrise Bank Limited - Gabahal Branch,bank,27.6739571,85.3215702,Patan durbar square|Pulchowk,2
ChIJmWnuQsUZ6zkRC2BSkAAHQ8Q,bank,Agricultural Development Bank Limited - Mangalbazar Branch,bank,27.6704116,85.3271037,Patan durbar square|Pulchowk,2
ChIJadky5c4Z6zkRGL3Do_a5pRI,bank,Palpasa Saving & Credit Co-operative Ltd.,bank,27.673959000000004,85.320849,Patan durbar square|Pulchowk,2
ChIJy3xBB9AZ6zkR5Rhq3OvgJ7U,bank,Luckysree SACCOS,bank,27.6697919,85.3239696,Patan durbar square|Pulchowk,2
ChIJYw821M8Z6zkRKJBMy2yuvKk,bank,Sree Chandi SACCOS,bank,27.6705717,85.3216288,Patan durbar square|Pulchowk,2
ChIJpfm7RtUZ6zkR74kg9IR2fLA,bank,Laxmi Bank Limited - Patan Branch,bank,27.6699668,85.32786109999999,Patan durbar square|Pulchowk,2
ChIJkwAkK9AZ6zkRv_fmdZDK6ko,bank,Artisans Multipurpose Co-op,bank,27.670190700000003,85.3216017,Patan durbar square|Pulchowk,2
ChIJYwBRzlIZ6zkRhkWRACw44xM,bank,Nilgiri SACCOS,bank,27.66899,85.32530849999999,Patan durbar square|Pulchowk,2
ChIJ0SqfmNoZ6zkREaomCFT1liU,bank,Lagankhel SACCOS,bank,27.668956,85.3243739,Patan durbar square|Pulchowk,2
ChIJr5shDdAZ6zkRhpoWuP5hv9g,bank,Vee Exim SACCOS,bank,27.6690102,85.3235061,Patan durbar square|Pulchowk,2
ChIJ7SMElM4Z6zkRedGh039msBE,bank,Padmavati SACCOS,bank,27.6742858,85.31987889999999,Patan durbar square|Pulchowk,2
ChIJJWbtvsgZ6zkRymAIROk5DME,bank,Ta:nani SACCOS,bank,27.677628,85.32288609999999,Patan durbar square|Pulchowk,2
ChIJDb4y09EZ6zkRsI-49DlKiFE,bank,Nabil Bank,bank,27.6699828,85.32137759999999,Patan durbar square|Pulchowk,2
ChIJSxuzLNAZ6zkRPxvrJ98jgqE,bank,Goodwill SACCOS,bank,27.6699082,85.32140780000002,Patan durbar square|Pulchowk,2
ChIJF2wtscQZ6zkRPgJjdnxt2rc,bank,"Nabil Bank Limited, Chyasal Branch",bank,27.67501,85.330066,Patan durbar square|Pulchowk,2
ChIJOfzjzncZ6zkRqvLpWsED8EM,bank,Janapriya Multipurpose Co-op,bank,27.6701258,85.3210251,Patan durbar square|Pulchowk,2
ChIJ6dGc09EZ6zkRoY9r0WaNhpc,bank,Subidha SACCOS,bank,27.669922,85.321202,Patan durbar square|Pulchowk,2
ChIJgcRMT-UW6zkRTz9L08zLhJE,bank,Siddhartha Bank | Kumaripati,bank,27.6708178,85.32035839999999,Patan durbar square|Pulchowk,2
ChIJD6vs4c0Z6zkRerk4aQctIjM,bank,Panchashil Multipurpose Co-op,bank,27.6719649,85.3197618,Patan durbar square|Pulchowk,2
ChIJR1YJCtoZ6zkRfRYzH2fp6mg,bank,राष्ट्रिय सहकारी बैंक,bank,27.6692561,85.32208659999999,Patan durbar square|Pulchowk,2
ChIJzUFU4rkZ6zkR4W9SOoCj71c,bank,Sanima Bank Limited,bank,27.6690994,85.3223546,Patan durbar square|Pulchowk,2
ChIJf60QONAZ6zkRimHmcNYSdNM,bank,Prime Commercial Bank Ltd. Patan Branch,bank,27.6690087,85.3224582,Patan durbar square|Pulchowk,2
ChIJl4ltNtAZ6zkRsoclNCj3b48,bank,Rastriya Banijya Bank,bank,27.6691898,85.32207489999999,Patan durbar square|Pulchowk,2
ChIJ4-M_ZvQZ6zkRx2dMb_ir_uM,bank,Shipkala SACCOS,bank,27.6682947,85.3250735,Patan durbar square|Pulchowk,2
ChIJzxKs8toZ6zkRzilyXl0-a8o,bank,Hamro Namuna SACCOS,bank,27.668251,85.32526800000001,Patan durbar square|Pulchowk,2
ChIJ45wuKWIZ6zkRtLlJ-lyFyyI,bank,"Shangri-la Development Bank, Kumaripati Branch",bank,27.6707101,85.3200316,Patan durbar square|Pulchowk,2
ChIJpdBXEM4Z6zkRR6ADXHRU1mg,bank,NMB Bank Limited,bank,27.6705987,85.3200794,Patan durbar square|Pulchowk,2
ChIJazw6NlUZ6zkRq7OPDU2KmWc,bank,Jhee Multiple Co-operative,bank,27.6753924,85.3195051,Patan durbar square|Pulchowk,2
ChIJD_l7Dc4Z6zkRe3VUhU98Kxg,bank,Lalitpur City SACCOS,bank,27.6715516,85.31941139999999,Patan durbar square|Pulchowk,2
ChIJk77jSNAZ6zkRM8WYRalEhpI,bank,Jeevankunj SACCOS,bank,27.66865,85.3218749,Patan durbar square|Pulchowk,2
ChIJLwFUStAZ6zkR_2aT_ikRGVM,bank,Nepal Investment Mega Bank,bank,27.668684,85.321631,Patan durbar square|Pulchowk,2
ChIJ4aeSCc4Z6zkRpVsS7OH3dQ0,bank,Citizens Bank International Limited,bank,27.6714298,85.3190983,Patan durbar square|Pulchowk,2
ChIJJYx1eMMZ6zkRYi-EWZLVUa8,bank,Dainik SACCOS,bank,27.6712756,85.3191425,Patan durbar square|Pulchowk,2
ChIJkwgrK8wZ6zkRGk4495KE83I,bank,NAWAKANTIPUR M.P. CO-OPERATIVE,bank,27.6731718,85.3186405,Patan durbar square|Pulchowk,2
ChIJQ_fDoNQZ6zkRYT_VwivBIyk,bank,Hamro SACCOS,bank,27.6679303,85.3265729,Patan durbar square|Pulchowk,2
ChIJk7cUMdAZ6zkRB5ci-BhmX1A,bank,Nepal Finance Limited,bank,27.6679101,85.3265247,Patan durbar square|Pulchowk,2
ChIJw_dCD84Z6zkRqHmqma5ymQ4,bank,Star SACCOS,bank,27.671056000000004,85.319188,Patan durbar square|Pulchowk,2
ChIJ9YMeHMkZ6zkRyAXg-TAvU60,bank,Siddhartha Bank | Patan,bank,27.677836900000003,85.3209246,Patan durbar square|Pulchowk,2
ChIJ9fsgHMkZ6zkR9Z75lF0nSmk,bank,Manemandap Saving And Credit Cooperation Ltd.,bank,27.6780151,85.3211535,Patan durbar square|Pulchowk,2
ChIJncBmCs4Z6zkR1C2J2U1VgQU,bank,नव ललित बहुउद्देश्यीय सहकारी संस्था लि.,bank,27.6715424,85.3188629,Patan durbar square|Pulchowk,2
ChIJhTe9HcwZ6zkROiqfnWzaM4I,bank,Sevenseas Handicraft SACCOS,bank,27.6750834,85.31875529999999,Patan durbar square|Pulchowk,2
ChIJ5R4H_24Z6zkRI3faCf96MlE,bank,Garima Bikas Bank Ltd. Kumaripati Branch,bank,27.6710759,85.319017,Patan durbar square|Pulchowk,2
ChIJJT1rTtAZ6zkRv9oqYk7_Big,bank,Sammunaat SACCOS,bank,27.668337,85.32179099999999,Patan durbar square|Pulchowk,2
ChIJt-NXftAZ6zkR5kM150iGWm0,bank,Jwala Nhayakan SACCOS,bank,27.6676586,85.3237812,Patan durbar square|Pulchowk,2
ChIJg4QYB9sZ6zkR-0YK0RI0Kg4,bank,Lalitpur District SACCOS,bank,27.6677487,85.32696039999999,Patan durbar square,1
ChIJqVjw4M0Z6zkRBItan1y69QA,bank,Global IME Bank Limited,bank,27.671623,85.31861839999999,Patan durbar square|Pulchowk,2
ChIJi_8HqtsZ6zkRpgyr_BRinWY,bank,Naya Tara SACCOS,bank,27.6676052,85.32676330000001,Patan durbar square,1
ChIJq5nY480Z6zkRtORL5aROG0c,bank,Pashupati SACCOS,bank,27.671342,85.318575,Patan durbar square|Pulchowk,2
ChIJ-QITwKkZ6zkR-po63TrBOUc,bank,Lumanti SACCOS,bank,27.6687164,85.3294631,Patan durbar square,1
ChIJmydRrdEZ6zkRZe8IPD0Q-28,bank,Laxmi Bank Limited,bank,27.6681279,85.3213164,Patan durbar square|Pulchowk,2
ChIJWeetfNoZ6zkRY8xsdCDJC4o,bank,Teacher's Development SACCOS,bank,27.667197,85.3245879,Patan durbar square|Pulchowk,2
ChIJ52IA2UkZ6zkR8Xz2-wz7rHA,bank,Muktinath Bikash Bank,bank,27.6718146,85.31810329999999,Patan durbar square|Pulchowk,2
ChIJ8b2UZNoZ6zkRAEQstm_AKjM,bank,Lalitpur Multipurpose Co-op,bank,27.6670796,85.3246873,Patan durbar square|Pulchowk,2
ChIJpb_Bws0Z6zkROMXuzlQEC7Q,bank,Ananta SACCOS,bank,27.6718133,85.3180754,Patan durbar square|Pulchowk,2
ChIJO9DKfNAZ6zkRMg5PRr20Dfs,bank,Global IME Bank Limited,bank,27.6678464,85.3214639,Patan durbar square|Pulchowk,2
ChIJdd63hNAZ6zkRW4OdFdVCkic,bank,Everest Bank Ltd. Lagankhel Branch,bank,27.667111,85.3237979,Patan durbar square|Pulchowk,2
ChIJUZvtrjcZ6zkR6N0fkpIXplM,bank,Tridev SACCOS,bank,27.6670487,85.32417679999999,Patan durbar square|Pulchowk,2
ChIJ3fYiedoZ6zkRzrO_BoiOWSI,bank,Laxmi Sunrise Bank Ltd. Lagankhel Branch,bank,27.6670527,85.3239299,Patan durbar square|Pulchowk,2
ChIJsdq6j48Z6zkRykyRLEQHS_M,bank,Stambha SACCOS,bank,27.6670328,85.32396969999999,Patan durbar square|Pulchowk,2
ChIJ4W35cEgZ6zkREKb_gS74NDc,bank,Kamana Sewa Bikash Bank Limited Kumaripati,bank,27.6718516,85.3179186,Patan durbar square|Pulchowk,2
ChIJ3dCyhkcZ6zkReQNnmSuajZo,bank,Pumori SACCOS,bank,27.6668468,85.3243292,Patan durbar square|Pulchowk,2
ChIJJfylwM0Z6zkRg3JAgSXUDuc,bank,Sahayatri SACCOS,bank,27.6720731,85.31743999999999,Patan durbar square|Pulchowk,2
ChIJl-CucdoZ6zkRMmLZ4XaYvU0,bank,Appolo Multipurpose Coop,bank,27.666571,85.32447049999999,Patan durbar square,1
ChIJP4IR7dwZ6zkRd5xnK3l9-0s,bank,Swaniga SACCOS,bank,27.6685702,85.3305326,Patan durbar square,1
ChIJFSVLvs0Z6zkR0zLwE44ArHM,bank,Machhapuchchhre Bank Limited,bank,27.6717323,85.317324,Patan durbar square|Pulchowk,2
ChIJq6oa59wZ6zkRhk84mGOAz90,bank,Freedom SACCOS,bank,27.6688836,85.3310427,Patan durbar square,1
ChIJeUtJAdEZ6zkRRsa6Gt8o3M8,bank,United Education SACCOS,bank,27.667108,85.321077,Patan durbar square|Pulchowk,2
ChIJeVEmBNEZ6zkR37S22vno5lc,bank,Lalitpur Consumer Cooperative Ltd.,bank,27.6670212,85.32094,Patan durbar square|Pulchowk,2
ChIJiR75kVYZ6zkR0fcb9yrxEtw,bank,Dhanalakshmi SACCOS,bank,27.6659031,85.3238562,Patan durbar square,1
ChIJJT0mM7QZ6zkR9fN5xo3LTg4,bank,Machhapuchchhre Bank Pulchowk,bank,27.677439,85.317587,Patan durbar square|Pulchowk,2
ChIJDwTfbMcZ6zkRfMvU0T35QrI,bank,Manidwon SACCOS,bank,27.6808631,85.3273612,Patan durbar square|Pulchowk,2
ChIJWVsVDNQZ6zkRG2PuShZNv34,bank,Hello Nayan SACCOS,bank,27.6665184,85.3209644,Patan durbar square|Pulchowk,2
ChIJIcD-NdAZ6zkRQoCBMOK2jCk,bank,Maatri SACCOS,bank,27.665635,85.3244957,Patan durbar square,1
ChIJr1_b19EZ6zkRWkyECzCESp4,bank,Kumari Bank Limited,bank,27.6721495,85.3163161,Patan durbar square|Pulchowk,2
ChIJ1eMZiMwZ6zkRllyy5Gc6cCw,bank,Gainwell SACCOS,bank,27.6752602,85.3164168,Patan durbar square|Pulchowk,2
ChIJBX87Cs0Z6zkRZko9pNwmrvs,bank,Laligurans SACCOS,bank,27.6719322,85.3161567,Patan durbar square|Pulchowk,2
ChIJMe6l8ecZ6zkRZRI4SzheHdU,bank,Jor Ganesh Saving & Credit Cooperative Ltd,bank,27.66999,85.3333198,Patan durbar square,1
ChIJ41bkd9oZ6zkRjSScV5XkveU,bank,Yupgram SACCOS,bank,27.673027,85.3157141,Patan durbar square|Pulchowk,2
ChIJQ39NfAAZ6zkR6-XTMNIpDCM,bank,Rastriya Banijya Bank Limited (RBBL),bank,27.6671547,85.331183,Patan durbar square,1
ChIJu_f_gMwZ6zkRBKGteJ2g6hA,bank,Guna Multipurpose Co-op,bank,27.6758376,85.3160254,Patan durbar square|Pulchowk,2
ChIJRcRdI8oZ6zkRKc9zidoCqIw,bank,Kanchan Development Bank,bank,27.679841,85.31897,Patan durbar square|Pulchowk,2
ChIJI_U9Ds0Z6zkRqFzjlF2_6hM,bank,Doleshwor Multipurpose Co-op,bank,27.6720432,85.31563829999999,Patan durbar square|Pulchowk,2
ChIJAZ9z7swZ6zkR5HMS_abN8EU,bank,Alkapuri SACCOS,bank,27.6741276,85.31550969999999,Patan durbar square|Pulchowk,2
ChIJAZ9z7swZ6zkRQPYOSfnUANw,bank,Narasimha SACCOS,bank,27.6741276,85.31550969999999,Patan durbar square|Pulchowk,2
ChIJu1Asf8sZ6zkRdEtOp7bclqI,bank,Carina SACCOS,bank,27.6764381,85.3160978,Patan durbar square|Pulchowk,2
ChIJlatoncsZ6zkRxVO3RtYXMdw,bank,Namaste Shuv SACCOS,bank,27.676866,85.31624800000002,Patan durbar square|Pulchowk,2
ChIJK29GIugZ6zkR7Akh2zNl2po,bank,Shree Bhola Ganesh Saving & Credit Cooperative Ltd,bank,27.6724014,85.3346787,Patan durbar square,1
ChIJPYhcdssZ6zkR8hjpMhzb7h4,bank,Shree Laligurans Multipurpose Co-op,bank,27.6769819,85.3160037,Patan durbar square|Pulchowk,2
ChIJh7YPl4MZ6zkRNgS3ea-vSO8,bank,Maa baglamukhi sahakari,bank,27.6813904,85.32904429999999,Patan durbar square|Pulchowk,2
ChIJgWRYncwZ6zkRwcGtAuhvaHU,bank,Sumeru SACCOS,bank,27.6760247,85.31546960000001,Patan durbar square|Pulchowk,2
ChIJ60ZI68oZ6zkRbWk3kOtF3rg,bank,Everest Bank Ltd. Pulchowk Branch,bank,27.678036,85.316501,Patan durbar square|Pulchowk,2
ChIJgZ0LpN0Z6zkRcfyeJB_bwRk,bank,Nepal SBI Bank Limited,bank,27.667128,85.332049,Patan durbar square,1
ChIJc4UNWSsZ6zkREO1M-H94fGY,bank,Shree Pinnacle SACCOS,bank,27.6725149,85.3149913,Patan durbar square|Pulchowk,2
ChIJIZWsY8sZ6zkRW7gZIw_xZKo,bank,Career SACCOS,bank,27.6761657,85.3153671,Patan durbar square|Pulchowk,2
ChIJezhPdN0Z6zkRLyjMTATCNCU,bank,Global IME Bank Limited,bank,27.6680357,85.33322439999999,Patan durbar square,1
ChIJHXCSccsZ6zkRJkhCspC-JLA,bank,Puchwo SACCOS,bank,27.6770919,85.3156736,Patan durbar square|Pulchowk,2
ChIJ744SwTIY6zkRgqzOLR9ue6c,bank,NIC ASIA Bank Jawalakhel Branch,bank,27.6722478,85.31483399999999,Patan durbar square|Pulchowk,2
ChIJ6-14C8sZ6zkR4P7Ezyjo-6Y,bank,डायनामिक वचतऋृण सहकारी,bank,27.6776902,85.3159319,Patan durbar square|Pulchowk,2
ChIJEW92118Z6zkR5ZYzOpZb1b4,bank,"Prime Commercial Bank, Pulchowk",bank,27.6781031,85.3161954,Patan durbar square|Pulchowk,2
ChIJaew9qmEZ6zkRFkzOjCsWpNU,bank,Nepal Investment Mega Bank (NIMB),bank,27.6806337,85.3312723,Patan durbar square|Pulchowk,2
ChIJKQMGbSkZ6zkRtqiRkEuiMZ8,bank,Pratibha Saving and Credit Co-operative Ltd.,bank,27.6652303,85.3203757,Patan durbar square,1
ChIJbYjHn8wZ6zkRuk5jdHmLIBE,bank,Neel Baarahi SACCOS,bank,27.675889,85.315028,Patan durbar square|Pulchowk,2
ChIJVdgYqMsZ6zkRB9oI-2B1cMs,bank,Pragati SACCOS,bank,27.6783013,85.316214,Patan durbar square|Pulchowk,2
ChIJ_ZxVhMwZ6zkR2WeswfJxqwg,bank,Global IME Bank Limited,bank,27.674608400000004,85.31468699999999,Patan durbar square|Pulchowk,2
ChIJf6LgX8sZ6zkRUJaS4vaHNLc,bank,Tapai Hamro SACCOS,bank,27.6758928,85.314903,Patan durbar square|Pulchowk,2
ChIJRdiXJ80Z6zkRVyT1fII86Ms,bank,Nepal SBI Bank Ltd. Patan Branch,bank,27.6729361,85.3144039,Patan durbar square|Pulchowk,2
ChIJQzqLCUEZ6zkR-QCJLM1Aluk,bank,Delight Multipurpose Co-op,bank,27.6725168,85.3143832,Patan durbar square|Pulchowk,2
ChIJHcnTU8oZ6zkRbjFcomkEkoI,bank,NIC ASIA Bank Pulchowk Branch,bank,27.6793189,85.31666799999999,Patan durbar square|Pulchowk,2
ChIJ5-IiSEsZ6zkRydph5jVGqEE,bank,Kantipur SACCOS,bank,27.6734615,85.31422769999999,Patan durbar square|Pulchowk,2
ChIJwwymXhoZ6zkRP5jd7VEwzyI,bank,Nepal Finance limited,bank,27.6818345,85.3199228,Patan durbar square|Pulchowk,2
ChIJwZkWJc0Z6zkROhV2kwwgKWE,bank,Standard Chartered Bank,bank,27.6738527,85.3142033,Patan durbar square|Pulchowk,2
ChIJfS-D5o4Z6zkRHoe9v9C2_d4,bank,"Kamana Sewa Bikas Bank Limited , Gwarko",bank,27.6663716,85.332354,Patan durbar square,1
ChIJrZTWRMoZ6zkR-2ccvm9lhGE,bank,Guheswori Merchant Banking & Finance Ltd .,bank,27.6798463,85.3168385,Patan durbar square|Pulchowk,2
ChIJ8zkZYsAZ6zkRYTY4WTASb3w,bank,Prabhu Bank Limited,bank,27.681058,85.3317154,Patan durbar square|Pulchowk,2
ChIJJ3lcCB8Z6zkRpbM6n7_PjZc,bank,Laxmi Bank,bank,27.6783809,85.3155973,Patan durbar square|Pulchowk,2
ChIJEbEAKQEZ6zkReiS7SSaEIBQ,bank,Prabhu Bank Limited,bank,27.6728666,85.31403189999999,Patan durbar square|Pulchowk,2
ChIJQZRmAtwZ6zkRkA8N6oq-Ct8,bank,Siddhartha Bank Ltd. Gwarko (B & B Extension Counter) Branch,bank,27.6645949,85.3299361,Patan durbar square,1
ChIJcbV-C_YZ6zkRYl9rnLsd3ts,bank,Nawa Udaya Multipurpose Co-op,bank,27.6723038,85.3139568,Patan durbar square|Pulchowk,2
ChIJRx8fYsAZ6zkRaUwWY4GaB_Q,bank,Galkot Ghumte Multipurpose Co-op,bank,27.681316,85.331785,Patan durbar square|Pulchowk,2
ChIJpXD698oZ6zkRRQQN0yD3Gag,bank,Rastriya Banijya Bank,bank,27.6797669,85.3162629,Patan durbar square|Pulchowk,2
ChIJ35yEzSgZ6zkRMK2-lxcimh4,bank,Citizens Bank Limited - Gwarko Branch,bank,27.665035000000003,85.3312486,Patan durbar square,1
ChIJ85LxWMoZ6zkR0_SelbAgPR8,bank,Nepal Investment Mega Bank Limited,bank,27.679731,85.3161849,Patan durbar square|Pulchowk,2
ChIJs1B_aOgZ6zkR01Ch1PYEDWM,bank,Deprosc Laghubitta Bikas Bank Ltd.,bank,27.6721247,85.33627899999999,Patan durbar square,1
ChIJSRJSZugZ6zkRom8-V7Uw0I8,bank,Dristi Multipurpose Co-op,bank,27.6721068,85.33635939999999,Patan durbar square,1
ChIJO4hBbMoZ6zkRzXK39BOA3Vk,bank,Himalayan Bank Ltd. Patan Branch,bank,27.681079,85.31733,Patan durbar square|Pulchowk,2
ChIJieSq5coZ6zkRvnCFYTfkIqg,bank,Everest Bank IRN,bank,27.6794605,85.3153846,Patan durbar square|Pulchowk,2
ChIJvbc0gd0Z6zkRKLrBmfV3Xbk,bank,Prabhu Bank Limited,bank,27.6683404,85.3355204,Patan durbar square,1
ChIJLxhB4rUZ6zkRAYQLCrZ1_m0,bank,Nabil Bank Limited - Pulchowk Branch,bank,27.6816742,85.3173918,Patan durbar square|Pulchowk,2
ChIJCWM6icoZ6zkRXiOXW3yZdXw,bank,Standard Chartered Bank,bank,27.6809131,85.3159467,Patan durbar square|Pulchowk,2
ChIJLVCK9J4Z6zkRBUmhREvSGcM,bank,Machchhapuchchhre Bank ATM,bank,27.671476,85.31255159999999,Patan durbar square|Pulchowk,2
ChIJu0Yjo9YZ6zkRkzcrnVuOC-o,bank,Narahari SACCOS,bank,27.663182,85.319373,Patan durbar square,1
ChIJiZMqlTIY6zkRTuhyldg8mg4,bank,Subekshhya Multipurpose Co-op,bank,27.671695,85.312286,Patan durbar square|Pulchowk,2
ChIJ_6AYlTIY6zkRwzmQj_-cbWc,bank,Mega Bank,atm,27.671408,85.31219899999999,Patan durbar square|Pulchowk,2
ChIJCwIYlTIY6zkR0XNgQXO13pg,bank,Nepal Investment Mega Bank Limited,bank,27.6713939,85.31220130000001,Patan durbar square|Pulchowk,2
ChIJwQOZoucZ6zkR61OkQr3BwNY,bank,Machhapuchchhre Bank,bank,27.6693519,85.33719839999999,Patan durbar square,1
ChIJUZI33rUZ6zkRJy70YANb5uQ,bank,Citizens Bank International Limited,bank,27.683574,85.3185769,Patan durbar square|Pulchowk,2
ChIJ90wroN0Z6zkRoLNgCS66AKk,bank,Everest Bank Ltd. Gwarko Branch,bank,27.6655878,85.3351182,Patan durbar square,1
ChIJF9y36K8Z6zkRb2KNa3CTO24,bank,WEAN Multipurpose Co-op,bank,27.6621376,85.32014219999999,Patan durbar square,1
ChIJwe5voj4Z6zkRblldJt71AaM,bank,EBL ATM IMADOL,bank,27.6655341,85.33538639999999,Patan durbar square,1
ChIJ2xhsnNYZ6zkRIxb_s4r4EdM,bank,Vijaya Multipurpose Co-op,bank,27.6624493,85.3190005,Patan durbar square,1
ChIJKWhXM4IZ6zkR6kk5WhNgN1c,bank,Sanima Bank,bank,27.6709689,85.3385505,Patan durbar square,1
ChIJDw_rS-cZ6zkRvEVeBerH9eY,bank,Hari Om Multipurpose Co-op,bank,27.665241,85.335334,Patan durbar square,1
ChIJ073GFeYZ6zkR3UidgbDkaLA,bank,Citygram Multipurpose Co-op,bank,27.6697388,85.3382785,Patan durbar square,1
ChIJfYeXgtYZ6zkROr3WL7KU4lk,bank,Miteri SACCOS,bank,27.6621744,85.3188235,Patan durbar square,1
ChIJmcz-JxQZ6zkR6Rau9Iygtb8,bank,Citizens Bank International Limited,bank,27.6629313,85.3167813,Patan durbar square,1
ChIJo1Kkq-gZ6zkR8p1XLL9_rNU,bank,Nabil Bank Limited Balkumari Branch,bank,27.6711614,85.339226,Patan durbar square,1
ChIJEcHxfy0Y6zkR13sNr8qb3D0,bank,United Multi Purpose Co-op,bank,27.669932,85.31107290000001,Patan durbar square|Pulchowk,2
ChIJYzM1BuYZ6zkRo1E_0O0FlFQ,bank,Global SACCOS,bank,27.6703026,85.33926629999999,Patan durbar square,1
ChIJD98QLNQZ6zkRt3SVqJE461Y,bank,Green House SACCOS,bank,27.661771,85.318412,Patan durbar square,1
ChIJYzM1BuYZ6zkRC4g2qZLFZTw,bank,Biswo SACCOS,bank,27.6703257,85.33930749999999,Patan durbar square,1
ChIJRZy1PeEZ6zkRr4o8EE9dY20,bank,Ankur SACCOS,bank,27.6649306,85.33624329999999,Patan durbar square,1
ChIJW6bbCOYZ6zkRZvF-uh-sJDE,bank,Sree Samuhik Sewa Multipurpose Co-op,bank,27.6700616,85.3392777,Patan durbar square,1
ChIJA6ryDHQZ6zkRnRQiv7Eweu4,bank,Samar Saving and Credit Co-operative Ltd.,bank,27.6854433,85.31909309999999,Patan durbar square|Pulchowk,2
ChIJ2XzXYiIZ6zkR0yQvNwvnvVc,bank,Sanima Bank Limited -Thasikhel Branch,bank,27.6625983,85.31618519999999,Patan durbar square,1
ChIJl2-i9dQZ6zkRH2OrlkxAshU,bank,Pratibha Multipurpose Co-op,bank,27.662636,85.316125,Patan durbar square,1
ChIJ37yvXnoZ6zkRxy3NpBMK2HY,bank,Hilltop Junar Investment Branch Office,bank,27.6600478,85.32391229999999,Patan durbar square,1
ChIJC3356SwY6zkRXK9VoSjE1Q8,bank,Muktinath SACCOS,bank,27.6659952,85.3123016,Patan durbar square,1
ChIJP0sAbsUZ6zkRAb7-wlLyPtw,bus_stop,Mangal Bazar,bus_stop,27.6726484,85.32491979999999,Patan durbar square|Pulchowk,2
ChIJa-mhJs4Z6zkRspUJ-inaSEY,bus_stop,Kumaripati Agnishal,bus_stop,27.6706587,85.320484,Patan durbar square|Pulchowk,2
ChIJFTjbk9oZ6zkRJzXoq97P8gM,bus_stop,Prayag Pokhari,bus_stop,27.6685126,85.3249672,Patan durbar square|Pulchowk,2
ChIJycEyTNAZ6zkRH1ZXTg-FK_s,bus_stop,Patan Hospital Bus Stop,bus_stop,27.6683439,85.3216529,Patan durbar square|Pulchowk,2
ChIJ-1CzdMwZ6zkRuK7qFhX6-2I,bus_stop,TOURIST BUS PARK,bus_stop,27.675764,85.317497,Patan durbar square|Pulchowk,2
ChIJ6-ncCM0Z6zkRFiLyy6LqLJM,bus_stop,Manbhawan Bus Stop,bus_stop,27.6721328,85.3159534,Patan durbar square|Pulchowk,2
ChIJH00mnssZ6zkRgbjl1BOOnno,bus_stop,Pulchowk,bus_stop,27.6767823,85.316171,Patan durbar square|Pulchowk,2
ChIJ6UVYEM0Z6zkRlMZ3Xi1g70s,bus_stop,Manbhawan,bus_stop,27.672205,85.3154062,Patan durbar square|Pulchowk,2
ChIJM_B1sd0Z6zkRwuHrDBEaOpY,bus_stop,Gwarko Bus Stop,bus_stop,27.666858,85.3321,Patan durbar square,1
ChIJ-YD9sN0Z6zkRxhL1UfiU9UU,bus_stop,ग्वार्को,bus_stop,27.6668304,85.3321983,Patan durbar square,1
ChIJ34XcpN0Z6zkRefpBYM_cTVM,bus_stop,ग्वार्को,bus_stop,27.6671298,85.3325524,Patan durbar square,1
ChIJSaSXP-gZ6zkRYk3iwIJlL18,bus_stop,Bakumari Chyasal Bus Stop,bus_stop,27.672409,85.335517,Patan durbar square,1
ChIJnWcdJc0Z6zkRb274BvQO7nI,bus_stop,Jawalakhel Bus Stop,bus_stop,27.6724331,85.3144276,Patan durbar square|Pulchowk,2
ChIJa7naLs0Z6zkR_jFqLPoSWl8,bus_stop,Jawalakhel Bus Stop,bus_stop,27.6724723,85.3141164,Patan durbar square|Pulchowk,2
ChIJNYTDHLYZ6zkRzh3U5sto8GE,bus_stop,Engineering Campus Bus Stop,bus_stop,27.6822289,85.3195064,Patan durbar square|Pulchowk,2
ChIJrUG3o94Z6zkRKGp4_ji4UOI,bus_stop,B And B,bus_stop,27.6643106,85.33022369999999,Patan durbar square,1
ChIJ1_QTbcoZ6zkRSqSqbO8dISM,bus_stop,HariharBhawan,bus_stop,27.6810722,85.31739739999999,Patan durbar square|Pulchowk,2
ChIJJ75JZuoZ6zkRvUYd07eIWPw,bus_stop,Partner city maikarovasa Park,bus_stop,27.6789864,85.3355064,Patan durbar square,1
ChIJne6iYtcZ6zkRRTcqAiCebko,bus_stop,Patan Industrial Estate,bus_stop,27.6624633,85.32392689999999,Patan durbar square,1
ChIJkT_SJ9kZ6zkRO7prjIf_cF0,bus_stop,बोदीग्राम बस बिसौनी,bus_stop,27.661965,85.3284482,Patan durbar square,1
ChIJpSvCIuYZ6zkRCNVrRJGxWL0,bus_stop,खरीको बोट,bus_stop,27.6702513,85.3380713,Patan durbar square,1
ChIJLdOnYNQZ6zkRg7jG98v63xo,bus_stop,थसिखेल बस बिसौनी,bus_stop,27.6628717,85.3164876,Patan durbar square,1
ChIJifITXtQZ6zkRNNYohkk_cNA,bus_stop,Thasikhel Chowk,bus_stop,27.662842,85.31643,Patan durbar square,1
ChIJP25xWNMZ6zkR1dZ5-InpJ24,bus_stop,कुसुन्ती बस बिसौनी,bus_stop,27.6642751,85.3143844,Patan durbar square,1
ChIJ2eRZ8iwY6zkRQaSi7-ocQLQ,bus_stop,कुसुन्ती बस बिसौनी,bus_stop,27.6653328,85.31313480000001,Patan durbar square,1
ChIJGR_I0tUZ6zkRd4LLBSlh6Ck,bus_stop,Mahalaxmisthan Chowk,bus_stop,27.661415,85.3182269,Patan durbar square,1
ChIJ8fDLL7QZ6zkRmkx4gE1Vveo,bus_stop,Jwagal Chowk Bus Stop,bus_stop,27.6854496,85.31824309999999,Patan durbar square|Pulchowk,2
ChIJv5v1jA8Z6zkRVaMELxeoZKc,cinema,TeamQuest Pvt Ltd,corporate_office,27.676884,85.3171488,Patan durbar square|Pulchowk,2
ChIJL8Snl8sZ6zkRDe-mZCHzi-c,cinema,"QFX Cinemas, Labim Mall",movie_theater,27.6771855,85.3169181,Patan durbar square|Pulchowk,2
ChIJkRrgLgAZ6zkR0qc-X_WMpwk,cinema,Brothers Motion Pictures Pvt. Ltd.,,27.6652968,85.3287251,Patan durbar square,1
ChIJyUGjht0Z6zkRT4qkrh0OM5k,cinema,Guna Cinema,movie_theater,27.6677089,85.3339957,Patan durbar square,1
ChIJqZrkCAAZ6zkRcgaHiDWZE1E,cinema,Guna Cinema Complex,movie_theater,27.6663423,85.3330053,Patan durbar square,1
ChIJwy3dSAAZ6zkRYJKphcLXxDU,cinema,Chill ville,movie_theater,27.676576,85.31313480000001,Patan durbar square|Pulchowk,2
ChIJSUhgvBoZ6zkRjZaFgb7hZm4,clinic,Niramaya Diagnostics Pvt. Ltd,medical_clinic,27.6729664,85.3243789,Patan durbar square|Pulchowk,2
ChIJdxlbWSsZ6zkRJ8d35zJitDc,clinic,Muskaan Dental Inn,dental_clinic,27.6732734,85.32413760000001,Patan durbar square|Pulchowk,2
ChIJ46DgOx0Z6zkRtXSwkMWR-5w,clinic,SASS Community Dental Clinic,dental_clinic,27.6732136,85.3236356,Patan durbar square|Pulchowk,2
ChIJDQNGFcUZ6zkRcUDc7SmG4J8,clinic,Mira Dental Clinic,medical_clinic,27.672007,85.325294,Patan durbar square|Pulchowk,2
ChIJz_u4EwAZ6zkRh6gbQ7Dptyc,clinic,Dental Durbar,dental_clinic,27.6719118,85.3248854,Patan durbar square|Pulchowk,2
ChIJ41gMU0QZ6zkRRSlm7ubM3TE,clinic,Smile sparkles dental clinic,dental_clinic,27.6737067,85.32305629999999,Patan durbar square|Pulchowk,2
ChIJVTB4c88Z6zkR73dvfgrM4hE,clinic,Amatya Dental Clinic,dental_clinic,27.6732845,85.3227883,Patan durbar square|Pulchowk,2
ChIJ7WM4KgAZ6zkRhPNOz8XjJyE,clinic,Ilanani Physiotherapy Center,medical_clinic,27.6754894,85.324428,Patan durbar square|Pulchowk,2
ChIJQ4NpWM8Z6zkR7nASV_Kdjd0,clinic,Siddhi Medical Hall,pharmacy,27.675378,85.3239868,Patan durbar square|Pulchowk,2
ChIJS2AKbq0Z6zkRXB8IP192lFc,clinic,Bodhi Dental Clinic,dental_clinic,27.6725243,85.3273086,Patan durbar square|Pulchowk,2
ChIJAw8KvM4Z6zkR6RPyQi0UNxg,clinic,Nemkul Optical Works,medical_clinic,27.6739015,85.3225523,Patan durbar square|Pulchowk,2
ChIJM97YHuQZ6zkRL2VGU2OIaxw,clinic,Shree Ram Pharma And Clinic,medical_clinic,27.671056900000004,85.3257982,Patan durbar square|Pulchowk,2
ChIJ0e8_ddYZ6zkRowA_H20X06U,clinic,शिव तान्त्रिक,medical_clinic,27.6719229,85.32725599999999,Patan durbar square|Pulchowk,2
ChIJ8TKQ08UZ6zkRYevmd9D9bmg,clinic,Medical Shop,medical_clinic,27.6759496,85.3262434,Patan durbar square|Pulchowk,2
ChIJuwqbWR0Z6zkR5I3K5Kvzsy8,clinic,Brush and Floss Dental Clinic,dental_clinic,27.674088800000003,85.3216233,Patan durbar square|Pulchowk,2
ChIJ1dezqtoZ6zkRmjYelMpSSqY,clinic,मेरी स्वास्थ्य सेन्टर,medical_clinic,27.670407,85.3240129,Patan durbar square|Pulchowk,2
ChIJcbUHANAZ6zkRVMm0jzXVeKQ,clinic,Shrestha Denture Service,dental_clinic,27.6703818,85.3239686,Patan durbar square|Pulchowk,2
ChIJdfo-0ocZ6zkRpA-oOj7hvC4,clinic,Oracle Dental Clinic,dental_clinic,27.6744591,85.3214568,Patan durbar square|Pulchowk,2
ChIJwR061MkZ6zkRkdJid3mBA9g,clinic,HARATI DENTAL HOME,dental_clinic,27.6701723,85.3263755,Patan durbar square|Pulchowk,2
ChIJkZo7ztoZ6zkRPuChAxj0Qmo,clinic,PRAGYANANDA SMRITI HEALTH CLINIC,medical_clinic,27.6700182,85.3258328,Patan durbar square|Pulchowk,2
ChIJmW3iYFcZ6zkRCATYR0ImFsk,clinic,Eye Q Optical Gabahal,store,27.6741091,85.3211514,Patan durbar square|Pulchowk,2
ChIJ__rw5p4Z6zkRE0zzZRCIFbc,clinic,Miram Clinic,medical_clinic,27.6712321,85.32182019999999,Patan durbar square|Pulchowk,2
ChIJbezt6M4Z6zkRHOFumnHgLpE,clinic,Merospecs and eyewear,medical_clinic,27.6744973,85.3206421,Patan durbar square|Pulchowk,2
ChIJVRIo70gZ6zkRupvXpWB4NJI,clinic,Aesthetic and dental studio,dental_clinic,27.6735341,85.3204032,Patan durbar square|Pulchowk,2
ChIJpVtiYZEZ6zkRFjBT1JVL-vQ,clinic,Yala Health Care,medical_clinic,27.6746307,85.3294255,Patan durbar square|Pulchowk,2
ChIJUQ290GUZ6zkRt6L9dY-ryQ4,clinic,Family Smile Dental Clinic ( Care Center ),dental_clinic,27.6699542,85.3278806,Patan durbar square|Pulchowk,2
ChIJD82XKskZ6zkRQVjQvUZRGr8,clinic,Family Welfare Service,medical_clinic,27.6762281,85.32132460000001,Patan durbar square|Pulchowk,2
ChIJtxW784gZ6zkRF5AeE5mggoI,clinic,B & B Optical Center & Eye Clinic,store,27.6693545,85.3232259,Patan durbar square|Pulchowk,2
ChIJq6mJKtAZ6zkRoCetK3X4prY,clinic,Smile Plus Dental Care,dental_clinic,27.67024,85.32162819999999,Patan durbar square|Pulchowk,2
ChIJ8fLRjGYZ6zkRD4VoWTddvGE,clinic,Gabahal Dental Clinic,dental_clinic,27.6745352,85.3201684,Patan durbar square|Pulchowk,2
ChIJ35aQFToZ6zkRu8UIJFVeNXY,clinic,Famous Dental Clinic,dental_clinic,27.6691422,85.3235545,Patan durbar square|Pulchowk,2
ChIJnxujCtAZ6zkRfCdmNAb75jU,clinic,SHIVA SHAKTI DENTAL CLINIC HOME,dental_clinic,27.6690291,85.3239609,Patan durbar square|Pulchowk,2
ChIJ12Cm7WYZ6zkRCeOjiQA1qjw,clinic,Physio Nepal,medical_clinic,27.6695079,85.3222086,Patan durbar square|Pulchowk,2
ChIJG_xNw18Z6zkRemHbeUfzwWE,clinic,The Vision Expert,medical_clinic,27.6696547,85.3217355,Patan durbar square|Pulchowk,2
ChIJLZ28-GUZ6zkRWJDsg-QNQss,clinic,Expert Clinic,medical_clinic,27.6693443,85.3222025,Patan durbar square|Pulchowk,2
ChIJd2w6mdoZ6zkRF1cwIddCAvs,clinic,"Patan Acupuncture Clinic, Prayagpokhari, Lagankhel, Lalitpur",medical_clinic,27.6686993,85.3241882,Patan durbar square|Pulchowk,2
ChIJmf1qBeIZ6zkR1U4PDbbFa00,clinic,Expert Dental Clinic,dental_clinic,27.6693191,85.3222183,Patan durbar square|Pulchowk,2
ChIJvZMMvs4Z6zkRXEj9VXZwh7Q,clinic,LOTUS AYURVEDA CLINIC,medical_clinic,27.674761000000004,85.319785,Patan durbar square|Pulchowk,2
ChIJ64l409EZ6zkRNv-hAuQ4i3A,clinic,ANU'S DENTAL HOME PVT LTD,dental_clinic,27.669936,85.321218,Patan durbar square|Pulchowk,2
ChIJs3P8oS4Z6zkRb5vocwC2TA0,clinic,Muskan Dental Care,dental_clinic,27.6687786,85.3232536,Patan durbar square|Pulchowk,2
ChIJg8NbLgAZ6zkRXBpcZzs6R3E,clinic,The Best Optical Shop,medical_clinic,27.6685126,85.3249672,Patan durbar square|Pulchowk,2
ChIJTa8eXQAZ6zkRe7EUQDZKpGA,clinic,Fortune Dental Clinic,dental_clinic,27.6684873,85.325256,Patan durbar square|Pulchowk,2
ChIJzYwaHbAZ6zkREFJX-Thlyog,clinic,BellaDent Dental Clinic and Implant Center,dental_clinic,27.6689007,85.3217831,Patan durbar square|Pulchowk,2
ChIJNZr7LhIZ6zkRCHF2Biz8SmE,clinic,Jaye globle medical,medical_clinic,27.6683322,85.3229849,Patan durbar square|Pulchowk,2
ChIJq2wdNtAZ6zkRoM3hRhEestg,clinic,"DermaDent Nepal Hair transplant Centre, Skin Esthetic Lasers & Cosmetic Surgery Centre, Dental Clinic & Implant Centre",medical_clinic,27.668868300000003,85.32162699999999,Patan durbar square,1
ChIJhR4FStAZ6zkR1cOmoiYJHiM,clinic,Patan Dental Clinic,dental_clinic,27.6688382,85.3216637,Patan durbar square|Pulchowk,2
ChIJF-TzVQAZ6zkRAFrog7u5tyI,clinic,SUDRISHTI EYECONIC,medical_clinic,27.6687347,85.3218385,Patan durbar square|Pulchowk,2
ChIJm_nDJTYZ6zkR5pMUfQr1-xs,clinic,LUNIVA DENTAL CLINIC,dental_clinic,27.6705192,85.3197161,Patan durbar square|Pulchowk,2
ChIJPaH5pc4Z6zkR97dUMEmCkkY,clinic,Family Health Clinic,medical_clinic,27.6753712,85.3191456,Patan durbar square|Pulchowk,2
ChIJoWjYllgZ6zkR0AU1GtXlyCU,clinic,Smile Studio Dental Clinic,dental_clinic,27.6685546,85.3219026,Patan durbar square,1
ChIJl25Ls5AZ6zkRjHFiqRxZ5G0,clinic,Danta Sewa,dental_clinic,27.6679097,85.3264688,Patan durbar square|Pulchowk,2
ChIJAVSRIAAZ6zkReB5b_ODXous,clinic,Healing Ranibow Nepal.,medical_clinic,27.668631200000004,85.3215941,Patan durbar square,1
ChIJWcXmAdsZ6zkRLDMAK2FlogM,clinic,Gentle Care Dental Clinic,dental_clinic,27.6678877,85.326567,Patan durbar square|Pulchowk,2
ChIJq87oTtAZ6zkRK4J72TJIXOU,clinic,PATAN OM POLYCLINIC,medical_clinic,27.6684375,85.3218125,Patan durbar square,1
ChIJJT1rTtAZ6zkRxRaAEPCWF1Y,clinic,Well Care Diagnostic Center,medical_clinic,27.6684145,85.3218233,Patan durbar square,1
ChIJFe2BlIcZ6zkRfW6ggvPc83A,clinic,Ratnadeep ENT clinic,medical_clinic,27.6764025,85.3194809,Patan durbar square|Pulchowk,2
ChIJ8zOoHskZ6zkRpdwBAIFDUg0,clinic,Lumanti Dental Clinic,dental_clinic,27.6779838,85.32110569999999,Patan durbar square|Pulchowk,2
ChIJ67OmTNAZ6zkRNo2kRlARaOE,clinic,Better Smiles The Dental Care (दन्त हेरविचार क्लिनिक),dental_clinic,27.668509,85.3214411,Patan durbar square,1
ChIJS4tQaQAZ6zkR9ZfzxLvz22k,clinic,Agni Dental and Implant Center (Lagankhel),dental_clinic,27.6682889,85.32182639999999,Patan durbar square,1
ChIJr10rGwAZ6zkRkKX1DEdfkgg,clinic,Dynamic Dental - Dental Clinic in Lalitpur,dental_clinic,27.6716533,85.3185584,Patan durbar square|Pulchowk,2
ChIJr9mO3c0Z6zkRJFNUaGuhDbU,clinic,Perfect Dental Care Center-Braces and Clear Aligners,dental_clinic,27.6716385,85.31855829999999,Patan durbar square|Pulchowk,2
ChIJX7UdQQAZ6zkRyOewkWcZDLQ,clinic,Happy Space Nepal,medical_clinic,27.6783606,85.32879419999999,Patan durbar square|Pulchowk,2
ChIJ3WWfQ-gZ6zkRnwlQ-sHlEFA,clinic,A Dente Home,dental_clinic,27.669952,85.3192304,Patan durbar square|Pulchowk,2
ChIJG9nBxf8Z6zkRs31okHgL4W0,clinic,Pro Dental Care,dental_clinic,27.6699286,85.31921659999999,Patan durbar square|Pulchowk,2
ChIJNa5u3c0Z6zkRJg2scZipHhg,clinic,Braces the Dental Clinic,dental_clinic,27.6717715,85.31822919999999,Patan durbar square|Pulchowk,2
ChIJPRa4l9sZ6zkRA20y3jm9KLc,clinic,Sydney Dental Clinic Nepal,dental_clinic,27.670551,85.3187643,Patan durbar square|Pulchowk,2
ChIJb4yhRDwZ6zkRjHOQC_XrBdA,clinic,Oral and Dental Care,dental_clinic,27.6672846,85.32369229999999,Patan durbar square|Pulchowk,2
ChIJ4VyOWckZ6zkRmlWcERvkZXk,clinic,HARDIC HEALTH CARE,medical_clinic,27.6769077,85.3191496,Patan durbar square|Pulchowk,2
ChIJM4tIwIcZ6zkRzvXFYs2aeD8,clinic,Patan Private Clinic,medical_clinic,27.66847,85.3206331,Patan durbar square|Pulchowk,2
ChIJ_fOydbIZ6zkR-LV0zh7zCtI,clinic,Noor Optical,medical_clinic,27.6718372,85.31807239999999,Patan durbar square|Pulchowk,2
ChIJnT0OLAAZ6zkRPk4FTgugmBg,clinic,Nepal Center of Nuclear Medicine,medical_center,27.6709191,85.3183349,Patan durbar square|Pulchowk,2
ChIJXz0he9oZ6zkR4edbB0sM6ik,clinic,HRL & Clinic,medical_clinic,27.6669375,85.3245625,Patan durbar square|Pulchowk,2
ChIJO62QBQAZ6zkRo8QOlSydRKY,clinic,Classic Dental Care,dental_clinic,27.6669642,85.3241674,Patan durbar square|Pulchowk,2
ChIJ4WHdetoZ6zkRnhUuudwPGeI,clinic,Mr. gaebindasrama hospital,government_office,27.6669244,85.3245565,Patan durbar square|Pulchowk,2
ChIJ47e8etoZ6zkR9Ql0xp0t9Ew,clinic,PATAN EYE CARE CLINIC,medical_clinic,27.6669044,85.32456499999999,Patan durbar square|Pulchowk,2
ChIJNTMObAYZ6zkR0MBJOceKd4w,clinic,Parag Cardiologist,medical_clinic,27.6670714,85.3268859,Patan durbar square,1
ChIJE-gnvgzqtYsRnY0A86e4eNg,clinic,National Gastro Liver Center,doctor,27.667565,85.3215701,Patan durbar square|Pulchowk,2
ChIJ7yDiV9AZ6zkRsOb0t2-a2JM,clinic,SAJHA DENTAL CARE PVT. LTD.,dental_clinic,27.667387,85.32197400000001,Patan durbar square|Pulchowk,2
ChIJQ1vNVAAZ6zkRdetlVyugnoU,clinic,Yachu Lagankhel,medical_clinic,27.6672873,85.3221398,Patan durbar square|Pulchowk,2
ChIJl5CrRgAZ6zkR0VGA6xEjRSc,clinic,Inus Health Care and Diagnostic Center,medical_clinic,27.6754619,85.33217510000001,Patan durbar square|Pulchowk,2
ChIJe76_DrcZ6zkRFgL8oxt_1v4,clinic,"Sparsh Dental Pulchowk, Lalitpur",dental_clinic,27.6769838,85.3185565,Patan durbar square|Pulchowk,2
ChIJ-_8-AC8Z6zkRicJJ7sgNaG0,clinic,Family dental home,dental_clinic,27.6667155,85.3239088,Patan durbar square|Pulchowk,2
ChIJb0VtOLS8zAsRnhQtRaFCCXg,clinic,Precision Dental Clinic,dental_clinic,27.6684548,85.3303978,Patan durbar square,1
ChIJ8YnXTV0Z6zkRVXcF2HzhEeM,clinic,Spine Care and Sports Rehab Physiotherapy clinic,physiotherapist,27.6798134,85.3220097,Patan durbar square|Pulchowk,2
ChIJ1wwIC8kZ6zkRogPI9fWzG8U,clinic,Clinic Of Dr.Sundar Mani Dixit,medical_clinic,27.6789307,85.3202499,Patan durbar square|Pulchowk,2
ChIJq6qq6tAZ6zkRPOseWx8D4HE,clinic,Lagankhel Dental Clinic,dental_clinic,27.6664454,85.3236964,Patan durbar square|Pulchowk,2
ChIJf6aSu80Z6zkRcMMmTY5Um2k,clinic,Patan Community Eye Care Center,medical_clinic,27.672073,85.317092,Patan durbar square|Pulchowk,2
ChIJUz52UQAZ6zkR2KU6BslukL4,clinic,AGNI DENTAL (SHANKHAMUL) 🦷,dental_clinic,27.6793513,85.3294688,Patan durbar square|Pulchowk,2
ChIJ-_CPvVwZ6zkRQHivA1-jHsM,clinic,Dr. Anagha Pradhan Malla Obstetrician - Gynecologist,medical_clinic,27.6671097,85.3210911,Patan durbar square|Pulchowk,2
ChIJa3VpcpIZ6zkRQExzFQM6Okw,clinic,Aawaj Speech and Hearing Centre,medical_clinic,27.6744453,85.316974,Patan durbar square|Pulchowk,2
ChIJ40vl7tAZ6zkRya2Wh-cLjFI,clinic,Kamal Pharmacy,pharmacy,27.6665656,85.3222315,Patan durbar square|Pulchowk,2
ChIJQ7gSDiwZ6zkRrGgx7dM-hdA,clinic,Valley Star Dental Plaza,dental_clinic,27.676623700000004,85.3326446,Patan durbar square,1
ChIJWbt6MQAZ6zkRInbJaZhG8Mk,clinic,Eyemate Clinic Shankhamul,medical_clinic,27.6796863,85.3297003,Patan durbar square|Pulchowk,2
ChIJWUlcr0gZ6zkRfwD2baNnuRE,clinic,Oro Plus Dental Clinic,dental_clinic,27.6766854,85.3172998,Patan durbar square|Pulchowk,2
ChIJz4OEEwAZ6zkRQ-qxab45et0,clinic,Project Green Circle Wellbeing,medical_clinic,27.6766568,85.3172651,Patan durbar square|Pulchowk,2
ChIJy4zTEscZ6zkR54_VJW29dBg,clinic,Ashoka Polyclinic,medical_clinic,27.6807666,85.32733069999999,Patan durbar square|Pulchowk,2
ChIJ18bId-UZ6zkRKIe2TCXRDxk,clinic,Patan International Optical,medical_clinic,27.6672639,85.33016339999999,Patan durbar square,1
ChIJ18sEHtEZ6zkR7Sl5ikvqhjA,clinic,Yosas Clinic,medical_clinic,27.6663755,85.32105159999999,Patan durbar square|Pulchowk,2
ChIJgzZGENEZ6zkRuA1V4KnSzZ4,clinic,Kathmandu Eye Centre,medical_clinic,27.6670023,85.3198074,Patan durbar square|Pulchowk,2
ChIJ9QxOp80Z6zkRdk99ghZlO8M,clinic,Oral Dental Home,dental_clinic,27.671966200000004,85.31619479999999,Patan durbar square|Pulchowk,2
ChIJH7rvapsZ6zkRoph4Ufxtr1c,clinic,Ananeke Beauty Salon & Spa,beauty_salon,27.6772197,85.3170664,Patan durbar square|Pulchowk,2
ChIJc7TmCQAZ6zkRnZKONLWedKo,clinic,Diverse Way Clinic,medical_clinic,27.6807767,85.32880759999999,Patan durbar square|Pulchowk,2
ChIJ0U6nAs0Z6zkRY-tu3qyDiJ8,clinic,Aawaj Speech and Hearing Centre,medical_clinic,27.6734933,85.31580679999999,Patan durbar square|Pulchowk,2
ChIJ3eFtf8sZ6zkR3gN-uZexbcw,clinic,PRADHAN'S DENTAL CLINIC,dental_clinic,27.6762398,85.3162431,Patan durbar square|Pulchowk,2
ChIJ0Qc7OIoZ6zkRRkrSSrqRQis,clinic,Advance Breast Clinic,medical_clinic,27.6730482,85.3156284,Patan durbar square,1
ChIJ_xeecKUZ6zkRKDjqLt75_b4,clinic,De'Cure Speciality clinic,dental_clinic,27.6658484,85.3208846,Patan durbar square|Pulchowk,2
ChIJUXnox0EZ6zkRuXmHpeNy9II,clinic,SAMYAG DRISHTI EYE CENTRE,medical_clinic,27.6719076,85.31567969999999,Patan durbar square|Pulchowk,2
ChIJARmbOaoZ6zkRwULGQ5_OUOM,clinic,Ganpati health Care Pvt.Ltd,medical_clinic,27.6706261,85.3340121,Patan durbar square,1
ChIJDaLlagAZ6zkRAHxGNWppqdA,clinic,Asrik healthcare,medical_clinic,27.6762069,85.3159779,Patan durbar square,1
ChIJSeBIUFwZ6zkRR1SnXLrWcro,clinic,National Chest Center,medical_clinic,27.6728245,85.31542,Patan durbar square,1
ChIJhTaY06qC0gwRF5bD6-9HGOc,clinic,Yala Physiocore,medical_clinic,27.6741688,85.31542139999999,Patan durbar square|Pulchowk,2
ChIJv8MFJOgZ6zkRQFke88F-y9s,clinic,Nepal Dental Association,dental_clinic,27.6726432,85.3346547,Patan durbar square,1
ChIJiZi-fwAZ6zkRLX_qWQ1IW5M,clinic,Vaidehi Dental And Community Clinic,dental_clinic,27.6753171,85.31553799999999,Patan durbar square|Pulchowk,2
ChIJv2AsANgZ6zkR2lkNZncPd7A,clinic,AGNI DENTAL & IMPLANT CENTER (Pulchowk),dental_clinic,27.6760059,85.315676,Patan durbar square,1
ChIJWVmByKgZ6zkRn_7C5fncLUc,clinic,Blurkart,medical_clinic,27.676309,85.3157452,Patan durbar square,1
ChIJ-5mr2TEY6zkRDZLR7Tv56E4,clinic,32smiles-a complete dental care,dental_clinic,27.6694771,85.3162329,Patan durbar square|Pulchowk,2
ChIJk9gZ9bIZ6zkRFv1eHWahUZc,clinic,Alka Dental Home,dental_clinic,27.6746156,85.31527249999999,Patan durbar square|Pulchowk,2
ChIJIY3TsFIZ6zkR1ifYbzwdW5g,clinic,Hello dental clinic,dental_clinic,27.6759674,85.33439010000001,Patan durbar square,1
ChIJQ7wJd8sZ6zkRpVOtMZWn1mw,clinic,Kapil Dental Clinic,dental_clinic,27.6768716,85.3159694,Patan durbar square|Pulchowk,2
ChIJObVe6swZ6zkR45C6fickoKE,clinic,Guheshwori Dental Multispeciality and Implants Hub,dentist,27.6742976,85.3151362,Patan durbar square|Pulchowk,2
ChIJgxtc6swZ6zkRKWXYR1uUKNs,clinic,नवयुग फार्मसी,medical_clinic,27.6742888,85.3150829,Patan durbar square|Pulchowk,2
ChIJ66f2fMsZ6zkRfgYXfOdBp_E,clinic,"My Dental Clinic, Pulchowk, Lalitpur,Nepal",dental_clinic,27.6759134,85.31543649999999,Patan durbar square,1
ChIJJwWTrd0Z6zkRmqSo4Yl68zo,clinic,Community Vision Care - Eye Care Center,medical_clinic,27.6670879,85.3321467,Patan durbar square,1
ChIJ5zfxlswZ6zkR1uRstDX4xhU,clinic,Yash Opticare,medical_clinic,27.6749369,85.3150351,Patan durbar square|Pulchowk,2
ChIJq3CwagAZ6zkRi-PabcJ2WUI,clinic,Smile Studio,dental_clinic,27.6824312,85.32593299999999,Patan durbar square|Pulchowk,2
ChIJLfSoLr4Z6zkRJcJLX-wRTxo,clinic,Dentistree The Dental Clinic,dental_clinic,27.6714817,85.3149815,Patan durbar square|Pulchowk,2
ChIJpcTGbq4Z6zkRn-6jY-gHxBg,clinic,Alka IVF Center,medical_clinic,27.6746398,85.3148389,Patan durbar square|Pulchowk,2
ChIJOarjOdEZ6zkRjhpNcw2uB4Q,clinic,परिवार नियोजन संस्थागत क्लिनिक,medical_clinic,27.6652059,85.320334,Patan durbar square,1
ChIJyStGYoQZ6zkRM80e4mpFWXo,clinic,Axis Physiotherapy Pvt. Ltd.,medical_clinic,27.6781523,85.316133,Patan durbar square|Pulchowk,2
ChIJz1fvBgzDyaYR48-J9JRhM4g,clinic,Scion Fertility Centre Pvt. Ltd,medical_clinic,27.678595200000004,85.316386,Patan durbar square|Pulchowk,2
ChIJd7refaMZ6zkRh2166cUGleI,clinic,GENESIS COUNSELING,medical_clinic,27.6684026,85.3339773,Patan durbar square,1
ChIJNUfgQwAZ6zkR7Ei_tewffRg,clinic,Skin & Hair Hub Nepal,skin_care_clinic,27.6785659,85.3160936,Patan durbar square|Pulchowk,2
ChIJAymMYKgZ6zkRHXcCUzWOZJM,clinic,Upatyaka Pathology & Clinic Pvt. Ltd.,medical_clinic,27.6735389,85.31435069999999,Patan durbar square|Pulchowk,2
ChIJbZhbBwAZ6zkRrf71aVSBdOs,clinic,RAY-BAN Store Kipa Eyewear,store,27.6725124,85.31437629999999,Patan durbar square|Pulchowk,2
ChIJv2snFCsZ6zkRvuNztn5IFFU,clinic,Sumeru Diagnostics Pvt Ltd,medical_clinic,27.6764629,85.314852,Patan durbar square|Pulchowk,2
ChIJg0P5u90Z6zkRi1hA4DOlc0Q,clinic,Bal Pharmacy,government_office,27.666724,85.3326653,Patan durbar square,1
ChIJIaGQCPEZ6zkRsiVTUqpOy7c,clinic,Lalitpur Eye Care Center,store,27.6725838,85.3142483,Patan durbar square|Pulchowk,2
ChIJkUyKmlwZ6zkRU7pim1UlAnI,clinic,Suppliers International Pvt. Ltd.,medical_clinic,27.6791422,85.3336733,Patan durbar square,1
ChIJl3ps2ZYZ6zkRIK9-AoBs1mo,clinic,Dr Lal PathLabs – Patient Service Centre,medical_clinic,27.6811271,85.3314335,Patan durbar square|Pulchowk,2
ChIJX2AQ4ckZ6zkR5C3BfVfObNw,clinic,Dental Avenue,dental_clinic,27.6818308,85.3198061,Patan durbar square|Pulchowk,2
ChIJjUxrzswZ6zkR9FtF9tqMyAU,clinic,Samyak Diagnostic,medical_clinic,27.6739355,85.3141718,Patan durbar square|Pulchowk,2
ChIJLwv7P3sZ6zkR11TWpQTAe1o,clinic,Dr Lal PathLabs – Patient Service Centre,medical_clinic,27.6797234,85.31683609999999,Patan durbar square|Pulchowk,2
ChIJfWp853kZ6zkRv7NGMc2dHgo,clinic,Clinic One Kathmandu Ultrasound,medical_clinic,27.6738737,85.31414749999999,Patan durbar square|Pulchowk,2
ChIJsdTFOgAZ6zkRxCsq4YD9yQA,clinic,Clear Sight optical,medical_clinic,27.6732747,85.31411709999999,Patan durbar square|Pulchowk,2
ChIJJxCPiOcZ6zkRUi0Tur7pV90,clinic,Tooth Fairy Dental Clinic,dental_clinic,27.668636,85.334462,Patan durbar square,1
ChIJ8VbKWsoZ6zkRwQd_UgW9TzE,clinic,Homoeopathic Sagarmatha Clinic,medical_clinic,27.6797997,85.31683830000001,Patan durbar square|Pulchowk,2
ChIJS0xIwF0Z6zkREix8fj-UAXc,clinic,Dr. Ekta Malla Rana,doctor,27.6738131,85.31407809999999,Patan durbar square|Pulchowk,2
ChIJ6dkvzswZ6zkRbJOhxOK3eOo,clinic,Clinic One,medical_clinic,27.6738369,85.3140724,Patan durbar square|Pulchowk,2
ChIJ4yx7OwcZ6zkR8AlYLcHSXns,clinic,Kist Opticals and Watch Centre,wholesaler,27.6664404,85.3326429,Patan durbar square,1
ChIJ7cxgLs0Z6zkRT8YsdRbS6jU,clinic,Samaj Dental Jawalakhel,dental_clinic,27.6723547,85.31402419999999,Patan durbar square|Pulchowk,2
ChIJa3dtegAZ6zkRG4fb-4GK_ww,clinic,OUR VISION OPTIC,medical_clinic,27.6727984,85.3139786,Patan durbar square|Pulchowk,2
ChIJEVsLzswZ6zkRBkBUiVRXpQQ,clinic,JAWALAKHEL EYE CLINIC,medical_clinic,27.673837,85.313963,Patan durbar square|Pulchowk,2
ChIJvbf6TVoZ6zkR4mxZa1bGuc8,clinic,Deep Optics And Eye Care,medical_clinic,27.6672957,85.316271,Patan durbar square|Pulchowk,2
ChIJyTc0LI8Z6zkRoZzErnn7nOo,clinic,ANOVA Skin & Hair Clinic - Hair Transplant in Nepal,doctor,27.6728121,85.313896,Patan durbar square|Pulchowk,2
ChIJRV_7T9H7lDkRVmlPO-X8gE8,clinic,Dr. Parash Poudel,doctor,27.6672796,85.3162693,Patan durbar square|Pulchowk,2
ChIJ-RHYOs8Z6zkRxD0KrWHkMCg,clinic,ENT Healthcare,medical_clinic,27.6814111,85.3317031,Patan durbar square|Pulchowk,2
ChIJYWVLtR0Z6zkR0poiwJ-CAC8,clinic,Dr Deepa Chudal Clinic,doctor,27.681410300000003,85.3317259,Patan durbar square|Pulchowk,2
ChIJtTT2IZMZ6zkRRhBIoyXG3VI,clinic,"Dr Vikash Paudel, Dermatologist",doctor,27.6813285,85.33184949999999,Patan durbar square|Pulchowk,2
ChIJd9x7bMoZ6zkR6r4-gSpJnZs,clinic,Homeopathic Pharmacy and Clinic,medical_clinic,27.6807027,85.3172641,Patan durbar square|Pulchowk,2
ChIJWaqd6t0Z6zkRtw2tEd0JvxY,clinic,Kailash Dental Clinic,dental_clinic,27.6662194,85.3330773,Patan durbar square,1
ChIJGS4EQAsX6zkRSOSLspt9B_A,clinic,Eye Health Coach Nepal,consultant,27.6632782,85.3242197,Patan durbar square,1
ChIJETaaXncZ6zkRIsLRCwa-Jjw,clinic,Women Health Clinic,medical_clinic,27.6803741,85.3333761,Patan durbar square,1
ChIJvyh6UQAZ6zkRQx3biHU8rK8,clinic,Dr Rupa Jha clinic gyne,medical_clinic,27.6803771,85.33342909999999,Patan durbar square,1
ChIJx78A5oEZ6zkRKOamOi4zQp0,clinic,Lalitpur Medical Center,medical_clinic,27.6662094,85.33329049999999,Patan durbar square,1
ChIJDQBvd7QZ6zkRGtOL4AkYARM,clinic,Nepal Academy of Psychology,medical_clinic,27.678913,85.3151231,Patan durbar square|Pulchowk,2
ChIJvzbRStkZ6zkRQBai5QSNi94,clinic,Orthoplast Rehab Center Pvt. Ltd.,medical_clinic,27.6636886,85.3293353,Patan durbar square,1
ChIJFbNvy0kY6zkR0WXmmRrbiX4,clinic,Shakya Acupuncture Healing Clinic,medical_clinic,27.6799695,85.31580249999999,Patan durbar square|Pulchowk,2
ChIJK9idpC0Z6zkR8UhNKzL4s1g,clinic,Hopeful Horizons Nepal - Center for Wellbeing,medical_clinic,27.677208500000003,85.3139482,Patan durbar square|Pulchowk,2
ChIJ2b0TSwAZ6zkRr6ZqnN75CJI,clinic,Anvi Dental Clinic,dental_clinic,27.6657807,85.3334694,Patan durbar square,1
ChIJd9Nvra4Z6zkRsodYdwIm-mU,clinic,Dr sumit singh maharjan,medical_clinic,27.6786031,85.3144296,Patan durbar square|Pulchowk,2
ChIJd60Wt-AZ6zkRVaSJr7Je364,clinic,Sight Savers Eye Clinic and Opticals,medical_clinic,27.6785996,85.3144073,Patan durbar square|Pulchowk,2
ChIJq6zqwdkZ6zkRUw82opz4Zew,clinic,Door step health services ( homecare ),medical_clinic,27.6635151,85.33005109999999,Patan durbar square,1
ChIJaTlxB84Z6zkR4uy8EDjxeec,clinic,Nepal Physiotherapy & Rehabilitation Centre,medical_clinic,27.6717014,85.3371648,Patan durbar square,1
ChIJBcY2zccZ6zkR7htgavkPzh0,clinic,Advance Dental Care & Multispeciality Center,dental_clinic,27.6783459,85.3140038,Patan durbar square|Pulchowk,2
ChIJfcQkD4gZ6zkRcavF0r84NOk,clinic,Janani Fertility Clinic,medical_clinic,27.6824326,85.3180405,Patan durbar square|Pulchowk,2
ChIJp55tDQAZ6zkRCeBdbC-q0xk,clinic,Signal International Pvt. Ltd.,medical_clinic,27.6825112,85.3178461,Patan durbar square|Pulchowk,2
ChIJi6ixLyi0rkwRCjEs8zcJklg,clinic,Dr Jaswan Shakya | Plastic Surgeon,doctor,27.6826447,85.3177458,Patan durbar square|Pulchowk,2
ChIJrxeHMdgZ6zkRfMEPfjGbzJM,clinic,De Ni Healing Clinic,medical_clinic,27.6687057,85.3133993,Patan durbar square|Pulchowk,2
ChIJeUgROccZ6zkRUEinbIM9fF8,clinic,Nepal E.N.T Center Pvt Ltd,medical_clinic,27.6827903,85.3178283,Patan durbar square|Pulchowk,2
ChIJccUZ4bUZ6zkR6xWfxPlTpWk,clinic,Lalitpur Dental House,dental_clinic,27.6832022,85.31856599999999,Patan durbar square|Pulchowk,2
ChIJScnq2bUZ6zkRJlcrowbTqvM,clinic,Public Lalitpur Dental Clinic Pvt. Ltd.,dental_clinic,27.6832429,85.3185623,Patan durbar square|Pulchowk,2
ChIJmc3tQv0Z6zkRSracf-ABbpc,clinic,Lions Dental Service Center,dental_clinic,27.6830997,85.31829069999999,Patan durbar square|Pulchowk,2
ChIJr6Bo6jIY6zkRGU12vE3dDdo,clinic,DENTAL IMAGING CENTER,medical_clinic,27.6717261,85.3122647,Patan durbar square|Pulchowk,2
ChIJ81VA-yIb6zkRilm9Yg-Al2E,clinic,Nova Dental and aesthetic clinic,dental_clinic,27.6686175,85.3369694,Patan durbar square,1
ChIJXzHacQAZ6zkRQJDQ72uUBjQ,clinic,Nova dental,dental_clinic,27.6686139,85.3370199,Patan durbar square,1
ChIJ-TxOXQAZ6zkRO8umAfrDZ1g,clinic,Family Planning Association of Nepal,medical_clinic,27.6814859,85.3154591,Patan durbar square|Pulchowk,2
ChIJZcjHhBEZ6zkRqpck_R21SbI,clinic,Lalitpur dental service center,dental_clinic,27.6835002,85.3181912,Patan durbar square|Pulchowk,2
ChIJvx4j3bUZ6zkRzDq3C9PS5cU,clinic,Elisa House Pvt. Ltd.,medical_clinic,27.6835441,85.3182145,Patan durbar square|Pulchowk,2
ChIJc-5OF9QZ6zkR_8mxc-aqArQ,clinic,Laxman Pharmaceuticals,medical_clinic,27.663265,85.3180795,Patan durbar square,1
ChIJD9zXam8Z6zkRCqg22iZa2NE,clinic,Ikeba Dental Clinic,dentist,27.6734343,85.3116172,Patan durbar square|Pulchowk,2
ChIJM7drmUUZ6zkRwMATOU1bADA,clinic,Alive physiotherapy clinic,medical_clinic,27.6653367,85.33490250000001,Patan durbar square,1
ChIJ21FJPJoZ6zkRhJtRzQm75Lo,clinic,Alright Dental Care Pvt. Ltd.,dental_clinic,27.6704335,85.3117647,Patan durbar square|Pulchowk,2
ChIJ12JRVAAZ6zkRmNHvR4lcNxk,clinic,A Grade German Homeo patchy Clinic,medical_clinic,27.6840331,85.31824139999999,Patan durbar square|Pulchowk,2
ChIJ88k0iWAZ6zkRTeAdEIPItI8,clinic,Dr. Sabin's Dental Clinic Pvt. Ltd.,dental_clinic,27.684124,85.3181915,Patan durbar square|Pulchowk,2
ChIJTXq_DQAZ6zkRe_mf-PM_dGY,clinic,Sajha Dental Care Mahalaxmisthan branch,dental_clinic,27.6622534,85.3191064,Patan durbar square,1
ChIJk-09PDEjzG8RFawGegTcoLs,clinic,Karunya Mental Health Unit,medical_clinic,27.6623202,85.3189374,Patan durbar square,1
ChIJ58P7QQAZ6zkRL43gr4mhf6I,clinic,Aakar Mental Health Counseling,medical_clinic,27.6611472,85.32359710000001,Patan durbar square,1
ChIJ5ab0YWq-sYcRutteYOUkwMI,clinic,Karunya Health Care Pvt. Ltd.,medical_clinic,27.6622969,85.3189232,Patan durbar square,1
ChIJ-0XU1FUY6zkR4_vWtfdPnto,clinic,Kumari Dental Care,dental_clinic,27.6783083,85.31212909999999,Patan durbar square|Pulchowk,2
ChIJEyxqA78Z6zkR9OtOo8EaXtU,clinic,Helios Hospital,general_hospital,27.6709322,85.31122669999999,Patan durbar square|Pulchowk,2
ChIJ11Z8d8gZ6zkR3fFpVdT7kJE,clinic,पाणीनी आयुर्वेद प्रा लि,medical_clinic,27.6651981,85.3355706,Patan durbar square,1
ChIJs-zBHlAZ6zkRPvWy0sSkFAo,clinic,National Eye Clinic,medical_clinic,27.6652033,85.33559,Patan durbar square,1
ChIJpatiQ_QZ6zkRyw24Jv3SWgQ,clinic,Hamro Aayurved (पाणीनि आुयुर्भेद),medical_clinic,27.6652051,85.3355922,Patan durbar square,1
ChIJcy1GirYZ6zkRzfccby17up8,clinic,एक्‍युपर्‍ेसर सेन्टर,medical_clinic,27.6850553,85.3198942,Patan durbar square|Pulchowk,2
ChIJfaRC98gZ6zkRrQQCtPK0iXw,clinic,MBS Transformer,medical_clinic,27.6824162,85.3152083,Patan durbar square|Pulchowk,2
ChIJ7_n9H5EZ6zkR17Io6wujpfA,clinic,Thasikhel Veterinary Clinic,medical_clinic,27.6629916,85.3170383,Patan durbar square,1
ChIJCUCYWGMZ6zkRaUSSqKqziOs,clinic,Janaki Dental clinic,dental_clinic,27.6702046,85.3387551,Patan durbar square,1
ChIJmSoIQboZ6zkREV1YFlSbUzk,clinic,Swasthya Dental and Wellness Center,dental_clinic,27.664899,85.31435719999999,Patan durbar square,1
ChIJ7zh0dN0Z6zkRaCH12xQhuws,clinic,Aims Physiotherapy,physiotherapist,27.6711387,85.3391181,Patan durbar square,1
ChIJeTVeNwAZ6zkRN2GxbOJgkf0,clinic,Bisan care,medical_clinic,27.6618825,85.3189086,Patan durbar square,1
ChIJtccXZwAZ6zkRLMo1CGRhA_w,clinic,Mega Smile Dental Clinic Pvt Ltd.,dental_clinic,27.6853456,85.3198422,Patan durbar square|Pulchowk,2
ChIJX6tSF18Z6zkRsCeNNsH7sh8,clinic,Nepal Public Health Association,medical_clinic,27.6853499,85.3198417,Patan durbar square|Pulchowk,2
ChIJX4QNBS0Z6zkROdLglPjEcGo,clinic,Ganeshman Singh Memorial Chasma Ghar | Eye Clinic in Lalitpur,medical_clinic,27.6618053,85.318748,Patan durbar square,1
ChIJ25RcKdQZ6zkRYKqRiWUk6SY,clinic,TM Dental Clinic,dental_clinic,27.661870900000004,85.3185337,Patan durbar square,1
ChIJx9myTWEZ6zkRHCYJ6h09ils,clinic,Kasturaba Dental Care,dental_clinic,27.665056000000003,85.3360713,Patan durbar square,1
ChIJX-gPx1kZ6zkRr_cF6pt-ApA,clinic,Soothe Services Contact Office,medical_clinic,27.6659448,85.31310870000002,Patan durbar square|Pulchowk,2
ChIJ68zAdMsZ6zkRSV3cQkxtVgQ,clinic,Garima Health Clinic,medical_clinic,27.6651604,85.3362981,Patan durbar square,1
ChIJkzOJYgAZ6zkRIoLq4ku8Swk,clinic,Laser wave physiotherapy clinic,medical_clinic,27.6651032,85.33641229999999,Patan durbar square,1
ChIJG_rbkbIZ6zkRnk8ZoMVk3N0,clinic,OXYMED TRADELINK,store,27.6861436,85.3215257,Patan durbar square|Pulchowk,2
ChIJlyAd7PMZ6zkR3sYz5wX39XA,clinic,Nozomi Oral and Dental Care,dental_clinic,27.6854555,85.3190108,Patan durbar square|Pulchowk,2
ChIJ7zfHhvEZ6zkRkwLiF88zkTg,clinic,"Dr. Basanta Maharjan: Consultant Orthopedic, MSK Onco, Hand and Reconstructive Microsurgeon",medical_clinic,27.6632134,85.3346998,Patan durbar square,1
ChIJcW6i9dQZ6zkRbbG89F4r_wU,clinic,partibha Polyclinic,medical_clinic,27.662635,85.3161229,Patan durbar square,1
ChIJp8Iuk5MZ6zkRAqrVb4I5R3c,clinic,Dr Suresh Adhikari’s Mental Health Clinic,doctor,27.6854828,85.3185319,Patan durbar square|Pulchowk,2
ChIJ_WnAGgAZ6zkRnerkTrbFSTo,clinic,Wellness Care Pvt. Ltd,medical_clinic,27.6610788,85.3191114,Patan durbar square,1
ChIJVfiXF98Z6zkRTKzXhB2KGn4,clinic,Happy Minds,medical_clinic,27.678708,85.31113119999999,Patan durbar square|Pulchowk,2
ChIJow5pewAZ6zkRrS__25JfveE,clinic,Nims Clinic Imadol Branch,medical_clinic,27.6646721,85.3364811,Patan durbar square,1
ChIJZWnvYa0Z6zkRk2qS8L6Y1lQ,clinic,Bluecross Dental Clinic,dental_clinic,27.664871,85.3366774,Patan durbar square,1
ChIJMzTAPQAZ6zkRO1OkNVAaHQc,college,IT Group Of Nepal,university,27.6727432,85.3253203,Patan durbar square|Pulchowk,2
ChIJ7To1dakZ6zkRoxqSXxgm3KY,college,young picasso,university,27.6726992,85.32696849999999,Patan durbar square|Pulchowk,2
ChIJmfgqWsUZ6zkRO-pC0Vfk6JU,college,Sugata Buddhist College,university,27.6713873,85.32414059999999,Patan durbar square|Pulchowk,2
ChIJjWzIlsQZ6zkRuWB4t7jhM1k,college,Shree Shanti H. S. School,secondary_school,27.672511,85.328147,Patan durbar square|Pulchowk,2
ChIJ1WVs1s8Z6zkRA7reH7FNn4k,college,Moonlight Secondary School (Moliss),school,27.670449,85.3217545,Patan durbar square|Pulchowk,2
ChIJyxbHd14Z6zkROVJhjWU4Css,college,Able infotech,university,27.67044,85.32159,Patan durbar square|Pulchowk,2
ChIJgVpPRc4Z6zkR2f79UdkuDzA,college,Kantipur Valley College (KVC),university,27.6721964,85.3202709,Patan durbar square|Pulchowk,2
ChIJ5ThLQs4Z6zkR0pnjSiAyuiQ,college,Plan Academy,university,27.67224,85.3202419,Patan durbar square|Pulchowk,2
ChIJc9zDK9AZ6zkRneM_hAOnvxc,college,Grand Academy,university,27.670081900000003,85.32167609999999,Patan durbar square|Pulchowk,2
ChIJSVGeTRUZ6zkRXwCjpbsYneQ,college,HDNP,university,27.6766879,85.3216277,Patan durbar square|Pulchowk,2
ChIJGf-WicoZ6zkRSJmiEMUpi4k,college,NHDP Office,university,27.6765779,85.3214493,Patan durbar square|Pulchowk,2
ChIJN9PMOM4Z6zkRNhGMdd7iqwY,college,TechAxis - Best IT Training Institute in Nepal,,27.6715711,85.32039189999999,Patan durbar square|Pulchowk,2
ChIJD9TZKNAZ6zkReH8w6dt6Byk,college,Rolwaling College,university,27.6703554,85.32125710000001,Patan durbar square|Pulchowk,2
ChIJAfQTT5QZ6zkRWCXRSIGwmBw,college,CAFODAT COLLEGE,university,27.6722753,85.3199662,Patan durbar square|Pulchowk,2
ChIJe8__YxkZ6zkRcM-WLw4GXZk,college,Citizen College,university,27.6692274,85.32269579999999,Patan durbar square|Pulchowk,2
ChIJR9fbltAZ6zkR03zLIJM02go,college,NIMS College,university,27.6714616,85.3201112,Patan durbar square|Pulchowk,2
ChIJ71BQZM4Z6zkRCzW-6q9-_ZA,college,Caspian Valley College,university,27.6726918,85.31964049999999,Patan durbar square|Pulchowk,2
ChIJ-V-DBNoZ6zkRgVzvKuAvdbA,college,Nirvana College,university,27.6713733,85.3200073,Patan durbar square|Pulchowk,2
ChIJQY_29NYZ6zkRayx5s0GfLNI,college,SooraAcharya Academy,university,27.6714096,85.3199828,Patan durbar square|Pulchowk,2
ChIJuc7S-ggZ6zkR2TOI40Sl4ow,college,Salen Mobile Guru Training Center,university,27.6684434,85.3252091,Patan durbar square|Pulchowk,2
ChIJ98gm3X0Z6zkRmg1YWJDoDwo,college,"Patan Multiple Campus, Department of Rural Development (RD)",university,27.6779066,85.32229029999999,Patan durbar square|Pulchowk,2
ChIJvWVU6cgZ6zkRGrogTtQa_RI,college,Patan Multiple Campus (Science & IT),university,27.6780605,85.32233930000001,Patan durbar square|Pulchowk,2
ChIJSW6wPYgZ6zkRP_jHovbpfVM,college,Readers Network Nepal,university,27.6699427,85.3204068,Patan durbar square|Pulchowk,2
ChIJRyP1IwAZ6zkRVK9T2zn3byA,college,PUBOSS +2,university,27.6699427,85.3204068,Patan durbar square|Pulchowk,2
ChIJPesC99EZ6zkRN2RruXPH6Ds,college,Omega College,university,27.6697527,85.3204971,Patan durbar square|Pulchowk,2
ChIJmUI0ECAZ6zkRO47daUNKUbc,college,Mega Valley College,university,27.671856,85.3191346,Patan durbar square|Pulchowk,2
ChIJKcGKG-wZ6zkRA1Yh6MeghHw,college,Supernova College,university,27.6716519,85.3190781,Patan durbar square|Pulchowk,2
ChIJXae7c84Z6zkRJO6rKWy5omA,college,Mega National College,university,27.6716464,85.31907509999999,Patan durbar square|Pulchowk,2
ChIJhW3Kd9AZ6zkRjOikvFYEBUs,college,Bluebird Secondary School and College,university,27.6702738,85.3195452,Patan durbar square|Pulchowk,2
ChIJYX0JBcsZ6zkREWoXh6GD0GY,college,VIRINCHI COLLEGE,university,27.6727033,85.3185455,Patan durbar square|Pulchowk,2
ChIJP1OBseQZ6zkRPOsZctj5Ezc,college,NIIT Lalitpur Branch,university,27.6712431,85.3189008,Patan durbar square|Pulchowk,2
ChIJoeQa-80Z6zkReltf9I6c_bI,college,"Advance Academy, Lalitpur",university,27.6708433,85.318891,Patan durbar square|Pulchowk,2
ChIJQQny74wZ6zkRc2xsNxW84BI,college,Swoyambhu International College,university,27.6674583,85.3262428,Patan durbar square,1
ChIJZRX9WesZ6zkR6PmhXK3g4PI,college,British Model College,university,27.6793769,85.3262573,Patan durbar square|Pulchowk,2
ChIJu7uIWZIZ6zkRmo4GWuJlp2s,college,"Microsoft Silverlight Computer Institute, Lagankhel",,27.6676011,85.3227599,Patan durbar square|Pulchowk,2
ChIJS4JMdVAZ6zkRRAGJhYpD2ks,college,Prime CA Lagankhel,university,27.667179,85.3263789,Patan durbar square,1
ChIJycYUWNAZ6zkR0x4D7OrCJa4,college,पाटन स्वास्थ्य विज्ञान प्रतिष्ठान,university,27.6682998,85.3205665,Patan durbar square|Pulchowk,2
ChIJp-H17HwZ6zkRGb9v0_zWZrs,college,BCA Department (Patan multiple campus),university,27.6788364,85.32107979999999,Patan durbar square|Pulchowk,2
ChIJ2cUbma8Z6zkRRQ0ogsVK-vc,college,Vedas College,university,27.6727807,85.3177484,Patan durbar square|Pulchowk,2
ChIJfd_KRgAZ6zkRdpqXehm_19k,college,Pinnacle College(BBM/BBS/CA),university,27.669628000000003,85.31898129999999,Patan durbar square|Pulchowk,2
ChIJTbYNNcwZ6zkRWyvkRBAnkT4,college,Aberdeen International College,university,27.6732311,85.31757979999999,Patan durbar square|Pulchowk,2
ChIJFbSwea8Z6zkR7aYbdkeE5UE,college,Economics Building (Patan multiple campus),university,27.6795636,85.3219422,Patan durbar square|Pulchowk,2
ChIJtSkYEooZ6zkRQRM3aXZjXBg,college,Republica College,university,27.6699165,85.31844819999999,Patan durbar square|Pulchowk,2
ChIJH0B-AwAZ6zkRsvjpaGOHIKk,college,Roman Shrestha,university,27.6793171,85.3211824,Patan durbar square|Pulchowk,2
ChIJ1cWTq0EZ6zkRHlR79heP4Rw,college,"Humanities and social science building, Patan multiple campus",university,27.6792162,85.320988,Patan durbar square|Pulchowk,2
ChIJX0dGDNEZ6zkR1pZ6pf5CKU8,college,Pinnacle College (BSc. Microbiology)/ Pinnacle Technical College (Pharmacy),university,27.6665592,85.3248546,Patan durbar square,1
ChIJ6VTWXhcntawR8RUXu2x7cM0,college,MEGA College Purbanchal,university,27.6702996,85.31804509999999,Patan durbar square|Pulchowk,2
ChIJx88bDwAZ6zkRj22H1JgnbJ4,college,AIMS COLLEGE PARKING,university,27.6664818,85.3250802,Patan durbar square,1
ChIJMRsgaQAZ6zkRBuUHCVWkkuM,college,"School of Public Health, PAHS",university,27.6683429,85.3195319,Patan durbar square|Pulchowk,2
ChIJ4dYkrckZ6zkRys9_uGgK3o8,college,International Buddhist Tzu Chi Foundation,university,27.6796736,85.321275,Patan durbar square|Pulchowk,2
ChIJ-0xykdAZ6zkRuEelE9vJKYI,college,Namuna Machhindra College,university,27.6664657,85.32307209999999,Patan durbar square|Pulchowk,2
ChIJD0roqRcZ6zkRTBPRZ37c5F0,college,Koinonia Leadership Institute of Nepal (KLIN),university,27.6688293,85.31876369999999,Patan durbar square|Pulchowk,2
ChIJoYLJlZYZ6zkR2giGiZ5Y3C4,college,United College,university,27.6692449,85.3183779,Patan durbar square|Pulchowk,2
ChIJ-zTPpckZ6zkR5cXad2qohJE,college,Patan Multiple Campus (BCA),university,27.6799023,85.32137689999999,Patan durbar square|Pulchowk,2
ChIJo6lMTcgZ6zkRI_QAwKAns-s,college,Patan Administrative Block,university,27.679941,85.3214338,Patan durbar square|Pulchowk,2
ChIJw2vaQdoZ6zkRpmo7tuZHD6E,college,Aims international college,university,27.6658927,85.32510289999999,Patan durbar square,1
ChIJcf5ce-QZ6zkRvgwJkZFxJes,college,Center for Leadership and Entrepreneurship,educational_institution,27.6667741,85.3208283,Patan durbar square|Pulchowk,2
ChIJ9SsWDNEZ6zkRgcFQVTrTYgc,college,Campion Academy,,27.666922,85.32032600000001,Patan durbar square|Pulchowk,2
ChIJ-TJxDAAZ6zkRfgtSdBkCSq4,college,Oxbridge foundation for global studies,university,27.6719195,85.3164571,Patan durbar square|Pulchowk,2
ChIJqVNd1p0Z6zkRpSTOFCmhXiM,college,Kathmandu,university,27.6659534,85.3226706,Patan durbar square,1
ChIJhXiCi8EZ6zkRLo2XgfHsB0I,college,Himalaya College of Engineering,educational_institution,27.6770118,85.3327667,Patan durbar square,1
ChIJyXu9gcoZ6zkRNWK1ZkchDdk,college,Kathmandu,university,27.6810498,85.32684599999999,Patan durbar square|Pulchowk,2
ChIJdakviswZ6zkRNGi5YNuvgjw,college,Sagarmatha Secondary School,school,27.6746437,85.316249,Patan durbar square|Pulchowk,2
ChIJN1zHLnUZ6zkRH3F3QVHS3Bw,college,School,university,27.6683808,85.33192609999999,Patan durbar square,1
ChIJ7817mMEZ6zkRfPMNdgcsOH8,college,Shramik Shanti Campus,university,27.6781743,85.3323253,Patan durbar square|Pulchowk,2
ChIJBVZcbtoZ6zkRx_7XrftdgiY,college,Pinnacle Academy College (+2 Building),school,27.6667102,85.3198697,Patan durbar square|Pulchowk,2
ChIJofrvAhEZ6zkRhDlZ_dsebJ4,college,CUBE Education,consultant,27.6737175,85.31585609999999,Patan durbar square|Pulchowk,2
ChIJqz2WEKcZ6zkRMtw6AmHfuhw,college,Green book publication,university,27.6757103,85.3338074,Patan durbar square,1
ChIJl_gBN64Z6zkRZH_eky63lG0,college,Chakupat Campus Road,university,27.681637,85.3253028,Patan durbar square|Pulchowk,2
ChIJ25NcGdoZ6zkR5mkGC07VZiI,college,Nesfield International College,university,27.6651268,85.3249969,Patan durbar square,1
ChIJ3c3IzskZ6zkRH0JUiESEaHg,college,"Exam Control Office, Institute Of Engineering (pangre ghar)",university,27.6810594,85.3210165,Patan durbar square|Pulchowk,2
ChIJhdDLWgAZ6zkR2uitBLyzi78,college,"Chemical Engineering Lab, Pulchowk Campus",university,27.681793,85.32335479999999,Patan durbar square|Pulchowk,2
ChIJSSnQbAAZ6zkRSihJvakaiAQ,college,New Kaushal college,university,27.6794525,85.3317912,Patan durbar square|Pulchowk,2
ChIJURzZls0Z6zkR_ETRe0bu8Cc,college,प्रसादी एकेडेमी,university,27.6705136,85.3159214,Patan durbar square|Pulchowk,2
ChIJCxKsYtEZ6zkRORC18dnsBGk,college,Nepal Open University (नेपाल खुला विश्वविद्यालय),university,27.6667558,85.3188318,Patan durbar square|Pulchowk,2
ChIJAShoRd0Z6zkRZ9itZTs_Vkk,college,Kathmandu University School of Management,university,27.6699275,85.3338989,Patan durbar square,1
ChIJo3i7wbgZ6zkRTKFqEkK1wYk,college,Lumbini Buddhist University,university,27.6782363,85.31685279999999,Patan durbar square|Pulchowk,2
ChIJWYQqD90Z6zkRyLjtRozI7Yw,college,Quest International College,university,27.6680698,85.3328768,Patan durbar square,1
ChIJTyXZkaIX6zkR9-oMVWH-mkI,college,Ojashwi College,university,27.6677553,85.33273,Patan durbar square,1
ChIJDSBIZhQZ6zkRsHSi9T0kuE0,college,Lalit,university,27.6823384,85.3263554,Patan durbar square|Pulchowk,2
ChIJKyWfGMoZ6zkRu6JcrQ-g_qY,college,"Department of Architecture, Pulchowk Campus",university,27.6805127,85.3183696,Patan durbar square|Pulchowk,2
ChIJd-XyFhoZ6zkRwGpcMeSg2PM,college,Caspian College for Management & Information Technology (CCMIT),university,27.6655279,85.3195013,Patan durbar square|Pulchowk,2
ChIJXyGg9UAZ6zkRydFg0Gqby_8,college,"Lalitpur NIST College, Management Block",university,27.6687745,85.3340837,Patan durbar square,1
ChIJK-O1UwAZ6zkRaRuxSo5d46Q,college,"Chyasal, lalitpur",university,27.676469,85.334974,Patan durbar square,1
ChIJp8qCFjMZ6zkRAz4Z0ScfpNE,college,NBK Smriti Bahuprabidhik Sikhhyalaya,university,27.6654762,85.3193064,Patan durbar square|Pulchowk,2
ChIJCaxk0LcZ6zkR3_Pm_08tuc8,college,Institute of Enginnering ईञ्जीनियरिङ्ग अध्ययन संस्थान,university,27.6810531,85.3185314,Patan durbar square|Pulchowk,2
ChIJB2flTtEZ6zkR2To5wRIwkj4,college,Bright Vision International College,university,27.6648138,85.3202494,Patan durbar square,1
ChIJG0l2G8oZ6zkRrY87TGb2wGE,college,Office of the Dean,university,27.681039,85.31841600000001,Patan durbar square|Pulchowk,2
ChIJ3xqfwksZ6zkRJ4UD0axM6Sc,college,"Heavy Lab, Pulchowk Campus",university,27.6821143,85.3203285,Patan durbar square|Pulchowk,2
ChIJt5649ssZ6zkR7OMzx4o8G5U,college,"Institute of Engineering, Pulchowk Campus",educational_institution,27.6811119,85.31841399999999,Patan durbar square|Pulchowk,2
ChIJLQKIplcZ6zkROEQsHPxq-dw,college,Pulchowk Campus ICT Tower,university,27.6819462,85.3195355,Patan durbar square|Pulchowk,2
ChIJc8N6LPkZ6zkRB1qWYUQW9Mc,college,Skill Shikshya - Best IT Training Institute in Nepal,,27.6814198,85.33172139999999,Patan durbar square|Pulchowk,2
ChIJDWCdNxoZ6zkRTRHeCC1LTtA,college,Basic science block,university,27.6663423,85.3330053,Patan durbar square,1
ChIJb2DmzC4Z6zkRvroZT3iWXeY,college,University Enterprise Center,university,27.6818091,85.3187397,Patan durbar square|Pulchowk,2
ChIJ9YlEArYZ6zkRMettoc_jkN8,college,ICTC Building,university,27.6820926,85.3192258,Patan durbar square|Pulchowk,2
ChIJd_oiAMoZ6zkRSCsFTD6TVN0,college,"Department of Electrical, Electronics and Computer Engineering",university,27.6818583,85.31875939999999,Patan durbar square|Pulchowk,2
ChIJRaBWCQAZ6zkRtdY2bdkQ-1I,college,Hamro class 080BCTCD,university,27.6818325,85.3186913,Patan durbar square|Pulchowk,2
ChIJG962ZeMZ6zkRcGnuPNZMmdY,college,"NIST College, Lalitpur",university,27.6691528,85.3354789,Patan durbar square,1
ChIJeVjw6UoY6zkRgp70n-zzFMU,college,National Institute of Science Lalitpur NIST,corporate_office,27.6691522,85.3354793,Patan durbar square,1
ChIJox9EXawZ6zkRkdYQl15n7kY,college,Department of Applied Sciences and Chemical Engineering,university,27.6829479,85.3203443,Patan durbar square|Pulchowk,2
ChIJY0LsR7YZ6zkRf_I2u8NFNwM,college,Center for Energy Studies,university,27.6831632,85.32084549999999,Patan durbar square|Pulchowk,2
ChIJLQFzBLYZ6zkR0ACv7R422rs,college,"IOE, KOICA ICT Center",university,27.6824171,85.31903059999999,Patan durbar square|Pulchowk,2
ChIJN52yOk4Z6zkR0n7OlfObk1g,college,"Department of Science and Humanities, Pulchowk Campus",university,27.6830893,85.3201598,Patan durbar square|Pulchowk,2
ChIJrURB-bUZ6zkRL4Bi16AmT9A,college,"Department of Electrical Engineering,Pulchowk Campus",university,27.6822407,85.318404,Patan durbar square|Pulchowk,2
ChIJx-yVFY8Z6zkRwvXBDQ4AzdE,college,"Public Health Lab, Pulchowk Campus",university,27.6831044,85.3201253,Patan durbar square|Pulchowk,2
ChIJG_jZclcZ6zkRJL6Q0QLdOVI,college,CIDS,university,27.6830152,85.3199042,Patan durbar square|Pulchowk,2
ChIJNws7dgAZ6zkRGsEzliBY2_4,college,G Block Department of Applied Sciences and chemical engineering,university,27.6831725,85.3201592,Patan durbar square|Pulchowk,2
ChIJOxU-UW8Z6zkRqjha7dHSVW0,college,"BLOCK F, Pulchowk Campus",university,27.682849,85.3193496,Patan durbar square|Pulchowk,2
ChIJ86hXPZEZ6zkR37JEqXYrSM8,college,"Central Material Testing Laboratory, Pulchowk Campus",university,27.6824845,85.3186236,Patan durbar square|Pulchowk,2
ChIJ42UkrjkZ6zkRpuvi8nF5VfY,college,Electrical Club Pulchowk Campus,university,27.6823243,85.31828740000002,Patan durbar square|Pulchowk,2
ChIJuwijCwAZ6zkRs-6KKmx6Q2Q,college,Embark College,university,27.6827075,85.3189029,Patan durbar square|Pulchowk,2
ChIJX0Q_6YQZ6zkR_j0qy5OZEGI,college,Lumbini International Academy of Science and Technology - LIAST,university,27.6674298,85.31475979999999,Patan durbar square|Pulchowk,2
ChIJ3Ww3BAAZ6zkRiuzOz0f2Eko,college,Career Academy (Entrance Preparation/ Tuition classes),university,27.6755172,85.3129352,Patan durbar square|Pulchowk,2
ChIJvQot2dIZ6zkR7IPrg-1cTOA,college,National Multiple Higher Secondary School,university,27.6674432,85.3145845,Patan durbar square|Pulchowk,2
ChIJzwHYxt4Z6zkR0Tkxo_m6hUo,college,Kathmandu College of Management,,27.6631552,85.32996159999999,Patan durbar square,1
ChIJ26AR7K0Z6zkRKXs0qAlG8GA,college,Sudha Sagar Collage,university,27.6658849,85.334755,Patan durbar square,1
ChIJK2irprcZ6zkRqwJJtXaaYgo,college,Asian College of Medical Science & Technology,university,27.6846587,85.32234009999999,Patan durbar square|Pulchowk,2
ChIJefcKY4IZ6zkRN8br0Z0cVmQ,college,निम्स्ट कलेज,school,27.6682724,85.33702699999999,Patan durbar square,1
ChIJ8UPrR4gZ6zkRmM4pWyrJnvk,college,Consultancy,university,27.667035,85.3363832,Patan durbar square,1
ChIJZb5jemYZ6zkRrMNHhJVhC_Y,college,Bridge course team,university,27.666811000000003,85.31367829999999,Patan durbar square|Pulchowk,2
ChIJeWrmfwAZ6zkRZ8pxsl2XvTU,college,NIMST College,university,27.6683165,85.3376443,Patan durbar square,1
ChIJ419Kr-gZ6zkRtsZ49M0APZY,college,Nepal College of Information Technology,educational_institution,27.6713817,85.3387383,Patan durbar square,1
ChIJkXK63r0Z6zkRM8LYh1coqrg,college,Himalayan Institute of Science & Technology,university,27.66275,85.33236869999999,Patan durbar square,1
ChIJKfYM_IcZ6zkRfexjznH_0vA,college,Cosmos College of Management and Technology (Block B),university,27.6620063,85.318947,Patan durbar square,1
ChIJR25izVTveQgR8ZbCoi7S5i0,college,TEJ Center,university,27.6850734,85.318561,Patan durbar square|Pulchowk,2
ChIJN3dTOsUZ6zkRXpjgaBtCeac,college,Patan International College,university,27.6844258,85.31699429999999,Patan durbar square|Pulchowk,2
ChIJ_42brbUZ6zkRo4nndSa4pBI,college,Patan College For Professional Studies,university,27.6844602,85.317011,Patan durbar square|Pulchowk,2
ChIJp31iqdoZ6zkRn53iVOcrBf8,hospital,patan heart clinic patko,hospital,27.6743426,85.3243859,Patan durbar square|Pulchowk,2
ChIJoa2EqdoZ6zkRWgUn2tSbBk4,hospital,Ram Pharma,medical_center,27.6718438,85.3249037,Patan durbar square|Pulchowk,2
ChIJY78fpVwZ6zkRbadsEQfoah8,hospital,Smarika pharmacy,medical_center,27.675931400000003,85.3262427,Patan durbar square|Pulchowk,2
ChIJK3f2QwAZ6zkRzaDIjL7hlgo,hospital,Abhay Upachar Kendra Patan,medical_center,27.6714687,85.3226814,Patan durbar square|Pulchowk,2
ChIJjQhQzs8Z6zkR_LPESDTF5uk,hospital,DR. RAM CHHAYA MAN AMATYA,hospital,27.671228,85.321821,Patan durbar square|Pulchowk,2
ChIJp82pMpkZ6zkRWjl-8Vz0e_c,hospital,Kumbeshwor medical hall,medical_center,27.6768888,85.32601369999999,Patan durbar square|Pulchowk,2
ChIJpZIidAAZ6zkRYQTiEM375Cg,hospital,Jagnath medical hall,medical_center,27.6771856,85.32409559999999,Patan durbar square|Pulchowk,2
ChIJBV_0c90Z6zkR_zdielV0HPM,hospital,urusha pharma,medical_center,27.6766114,85.32752219999999,Patan durbar square|Pulchowk,2
ChIJRX38DtAZ6zkRouCZ5LgI7xQ,hospital,Nepal Veterinary Distributor,veterinary_care,27.669648700000003,85.323596,Patan durbar square|Pulchowk,2
ChIJr0_rPNAZ6zkRKDltysTIrOo,hospital,DIYAS HOSPITAL PVT.LTD,hospital,27.6707802,85.32118249999999,Patan durbar square|Pulchowk,2
ChIJW4O_MQgZ6zkRnj3HbWRS0TY,hospital,Accu Life Pharmacy Pvt. Ltd.,medical_center,27.6693893,85.3231223,Patan durbar square|Pulchowk,2
ChIJSVpaD9AZ6zkRxTYYPH5npPA,hospital,Banglamukhi Medical Center,medical_center,27.6691785,85.3234693,Patan durbar square|Pulchowk,2
ChIJKcWBxJgZ6zkRihk3Q0Apch8,hospital,Dr. Kenison Shrestha's MindCare Clinic,medical_clinic,27.6695554,85.3222467,Patan durbar square|Pulchowk,2
ChIJXdSJBAAZ6zkRsh0OuC4hMZE,hospital,Tisha pharmacy,medical_center,27.6698175,85.3281988,Patan durbar square|Pulchowk,2
ChIJB8DcIwAZ6zkR-boBaX4K2fg,hospital,Cosmic pharmacy,medical_center,27.6688058,85.3252753,Patan durbar square|Pulchowk,2
ChIJcyOZFwAZ6zkRoxH_GFC0v2k,hospital,All Nepal Pharmaceuticals,medical_center,27.6688072,85.3242992,Patan durbar square|Pulchowk,2
ChIJa1mDFVoZ6zkR5JwOBQAKR0s,hospital,New Vision optical,hospital,27.6686645,85.3243849,Patan durbar square|Pulchowk,2
ChIJ43d0F84Z6zkR8NbW47nwbb8,hospital,NAHUNDA WELL WOMEN CLINIC,medical_center,27.671100000000003,85.319902,Patan durbar square|Pulchowk,2
ChIJk_zpEQAZ6zkRImbhCCVYmZY,hospital,VISION MEDI SALES P. LTD.,medical_center,27.6680329,85.3261898,Patan durbar square|Pulchowk,2
ChIJL0sWHAAZ6zkRa5dU8EY_-Ko,hospital,InsuCare Nepal,medical_center,27.6687544,85.3217021,Patan durbar square|Pulchowk,2
ChIJHaQ_SQAZ6zkR0UumQ0mQ29E,hospital,Varun Ayurveda Pharma,medical_center,27.668240500000003,85.322761,Patan durbar square|Pulchowk,2
ChIJmxDPTtAZ6zkRuEpNBwKfQYI,hospital,रचना हाड जोर्नी तथा नशा उपचार केन्द्र,medical_center,27.668414400000003,85.3218246,Patan durbar square|Pulchowk,2
ChIJ0VI8WtAZ6zkRUP0XMVNJ7ms,hospital,Mental Hospital,hospital,27.6679404,85.32223019999999,Patan durbar square|Pulchowk,2
ChIJBXtzxGkZ6zkRCFrRhvQKbGM,hospital,MMTP,hospital,27.6680774,85.32190059999999,Patan durbar square|Pulchowk,2
ChIJm5gmUdAZ6zkRMyWJxnDiMJU,hospital,Lagankhel Tangal-12,hospital,27.6679059,85.3219326,Patan durbar square|Pulchowk,2
ChIJ__YIZQAZ6zkRDM7nrvzLUZM,hospital,Yala Swasthya Sewa Kendra,hospital,27.6768264,85.31910719999999,Patan durbar square|Pulchowk,2
ChIJkY-TSAAZ6zkRHdm0NUXYXkc,hospital,Department of Dermatology,hospital,27.6687057,85.32010439999999,Patan durbar square|Pulchowk,2
ChIJca-bvtEZ6zkRL3lkCFg9iUg,hospital,Patan Hospital,hospital,27.668302,85.3205683,Patan durbar square|Pulchowk,2
ChIJWe0A6cEZ6zkRqLKImLWJ1UE,hospital,Aaditya Ayurvedic Ausadhalaya,medical_center,27.6672085,85.32200399999999,Patan durbar square|Pulchowk,2
ChIJLat5F7gZ6zkRBnYhUGIkXpA,hospital,Lalitpur Physiotherapy Clinic,hospital,27.6800363,85.32642539999999,Patan durbar square|Pulchowk,2
ChIJT57NdtoZ6zkRO2k3z22ELcs,hospital,"Patan Heart Clinic ,Lagankhel (Lalitpur General Practice Clinic)",hospital,27.6665365,85.3242707,Patan durbar square,1
ChIJqWm-914Z6zkRPs5Bwa1hBdQ,hospital,"Dr. Lal Pathlabs, Lagankhel",hospital,27.6664793,85.32367479999999,Patan durbar square|Pulchowk,2
ChIJjQEt7MwZ6zkRUoehL3_saCE,hospital,"Laser Therapy Clinic, Lagankhel",hospital,27.6663712,85.324209,Patan durbar square,1
ChIJ97PXR_oZ6zkR7jYOg2M98w4,hospital,Time Medicare Clinic & Pathlab,hospital,27.6672025,85.3211583,Patan durbar square|Pulchowk,2
ChIJrduu6hMZ6zkRKesPWWYQpyU,hospital,"Urban Health Center-9, Lalitpur",hospital,27.6789033,85.3302995,Patan durbar square|Pulchowk,2
ChIJV3JXCgAZ6zkR2qWOWuPbBCg,hospital,Muna Veterinary Hospital Pvt. Ltd.,hospital,27.6660469,85.3238573,Patan durbar square,1
ChIJZTCgfwAZ6zkRJN2g4HUvesI,hospital,Shifa Pharmacy Near KUSUM Lalitpur,medical_center,27.670107,85.332625,Patan durbar square,1
ChIJm5gmUdAZ6zkRxtuEHbyAUTM,hospital,laliguras vet pharma,hospital,27.665904,85.3238713,Patan durbar square,1
ChIJpY7SbwAZ6zkRiKMWxDVoXLg,hospital,Patan International Hospital,hospital,27.6672263,85.3300197,Patan durbar square,1
ChIJix1fDMoZ6zkRCA-Q-jJr4n0,hospital,Doctor Smile Dental Care Centre Pvt Ltd,hospital,27.676719,85.3172378,Patan durbar square|Pulchowk,2
ChIJORilRZwZ6zkRhVCyPiS7noM,hospital,Lalitpur Polyclinic,hospital,27.6659615,85.3226701,Patan durbar square,1
ChIJObuvIs0Z6zkRtT_hQWBGcQM,hospital,Royal Ayurveda,medical_center,27.6722102,85.31577829999999,Patan durbar square|Pulchowk,2
ChIJAYEoD80Z6zkRUDZy9CbQPwA,hospital,HIMALAYAN AYURVEDA MEDICAL HOSPITAL,hospital,27.6722205,85.31576919999999,Patan durbar square|Pulchowk,2
ChIJ_0mvVQAZ6zkR2VQzZdrSVk0,hospital,Sankhamul audio therapy,hospital,27.6808878,85.3289467,Patan durbar square|Pulchowk,2
ChIJkRKSWgAZ6zkRuoDUR7n1IAQ,hospital,Sparsha nepal ost sankhamul,medical_center,27.6810017,85.3287142,Patan durbar square|Pulchowk,2
ChIJ0QDrv_EZ6zkR9y8dJVIuUN0,hospital,REBOUND PHYSIOTHERAPY AND WELLNESS,hospital,27.6754794,85.315792,Patan durbar square|Pulchowk,2
ChIJuzoVRgAZ6zkR05HdrImX7y8,hospital,Saiba Medical Center,medical_center,27.6755042,85.3157919,Patan durbar square|Pulchowk,2
ChIJMf1VHgAZ6zkRRvLiubZfXCc,hospital,Tirupati health care pvt. ltd,medical_center,27.6706198,85.33400809999999,Patan durbar square,1
ChIJy-Sn7cwZ6zkR9UAyOhJLc0o,hospital,SURYODAYA MEDICAL CENTER PVT.LTD.,medical_center,27.6743252,85.3154852,Patan durbar square|Pulchowk,2
ChIJt9YMHc0Z6zkR3p3ViwGxXR8,hospital,Kidoz Child Health Center - Paediatric,hospital,27.6730031,85.3153354,Patan durbar square|Pulchowk,2
ChIJq1zidssZ6zkRNd9C8T3XqSM,hospital,Shanti Pharma,medical_center,27.6768774,85.3160778,Patan durbar square|Pulchowk,2
ChIJXTmpii0Y6zkRJTY_yjOX8Z4,hospital,Alka Hospital Pvt. Ltd.,hospital,27.6741796,85.3151963,Patan durbar square|Pulchowk,2
ChIJdZbeGV8Z6zkRkdXosagKk6g,hospital,Aadhya Neuro and Multispeciality Center,hospital,27.6675156,85.3325704,Patan durbar square,1
ChIJC_ri30sZ6zkRmFEPEJvRM78,hospital,GNP Hospital Pvt.Ltd,hospital,27.6675083,85.33256879999999,Patan durbar square,1
ChIJP2JIqbIZ6zkRl5dtCm4mb2Q,hospital,"B&B Hospital, Gwarko (Baidya & Banskota)",general_hospital,27.664921,85.3292584,Patan durbar square,1
ChIJQ6X92swZ6zkR-TfxjfdurbI,hospital,Hamro Dental Clinic,hospital,27.6742923,85.31456340000001,Patan durbar square|Pulchowk,2
ChIJ7WjeOOgZ6zkRIM1AXiT-3uE,hospital,Lalitpur Blood Bank,hospital,27.6733387,85.3355802,Patan durbar square,1
ChIJaUExlo9J6zkRP5rzP9bKH2c,hospital,Turant Call Pvt. Ltd.,corporate_office,27.6808648,85.3314359,Patan durbar square|Pulchowk,2
ChIJ70G8oMwZ6zkRBdMLzI7zd2s,hospital,Sumeru City Hospital,hospital,27.675899,85.3147285,Patan durbar square|Pulchowk,2
ChIJf78jXgAZ6zkR2QNs3nR-BkQ,hospital,Nirvana Pharmacy,medical_center,27.6757954,85.3145728,Patan durbar square|Pulchowk,2
ChIJa2cclt0Z6zkR8fglasBn0uU,hospital,Global Hospital,hospital,27.666616200000004,85.33259939999999,Patan durbar square,1
ChIJhfLO6VAZ6zkRzw-w9nHwe80,hospital,Aloki Care Home & Rehabilitation Center,service,27.6719485,85.3143049,Patan durbar square|Pulchowk,2
ChIJmYUP18wZ6zkR1mpd6zT3xk8,hospital,National Hospital,hospital,27.6732438,85.3141486,Patan durbar square|Pulchowk,2
ChIJFVOqNgAZ6zkRdivJiFXUFW0,hospital,Aayan life sciences,medical_center,27.672858,85.3140348,Patan durbar square|Pulchowk,2
ChIJyTAnJPQZ6zkRpeR2V_CVlSw,hospital,Vaccination Clinic,medical_center,27.6738595,85.3139453,Patan durbar square|Pulchowk,2
ChIJd1VE9KQZ6zkRY9mPArVvBNY,hospital,Tulsi Multi Speciality Clinic,doctor,27.6672107,85.3162909,Patan durbar square|Pulchowk,2
ChIJq6qq6t0Z6zkR_cJ4KZmipyE,hospital,miracle himalayan adventures traveo and tours,hospital,27.6663423,85.3330053,Patan durbar square,1
ChIJqZoeJ0oZ6zkRyrySA3k8Yhg,hospital,B&B Skin and Aesthetics Clinic,hospital,27.6663423,85.3330053,Patan durbar square,1
ChIJb52cXesZ6zkRdfoJrSjhef8,hospital,SOTRAN Nepal,hospital,27.676674,85.3356914,Patan durbar square,1
ChIJ4yOzHp0Z6zkRznOkGK25CWk,hospital,राष्ट्रिय वाथरोग केन्द्र,hospital,27.6725006,85.3136821,Patan durbar square|Pulchowk,2
ChIJd0MZv7cZ6zkREHIOJu0UkK0,hospital,Dr Surendra Acharya Oral and Maxillofacial Surgeon/Craniomaxillofacial Surgeon,hospital,27.6644172,85.33075079999999,Patan durbar square,1
ChIJ60IJQQQZ6zkR_hCdKuZqVXs,hospital,Jana Kalyan Medical Hall,medical_center,27.6778584,85.33579639999999,Patan durbar square,1
ChIJsVjrUDMY6zkRZxylxHpaR1U,hospital,Lalitpur Heart Clinic,hospital,27.6754466,85.31298319999999,Patan durbar square|Pulchowk,2
ChIJX8jmjNMZ6zkRBnU3z9E_zRY,hospital,Hospice Nepal,hospital,27.6648655,85.3174281,Patan durbar square,1
ChIJCY2pN9gZ6zkRoTtCu-0telo,hospital,Srijana Medical Hall,medical_center,27.6644044,85.3324458,Patan durbar square,1
ChIJEypmtK4Z6zkRte4RJdFEUq0,hospital,Balkumari,medical_center,27.6692093,85.3371148,Patan durbar square,1
ChIJNXPfDucZ6zkRx8WOwvUKRCQ,hospital,Safal Hospital - Physiotherapy and Migraine Hospital,hospital,27.6675452,85.3365285,Patan durbar square,1
ChIJ7XORii4Z6zkRNZQaUrN3OXU,hospital,Lalitpur Three Tesla MRI & Diagnostic Center Pvt.Ltd.,hospital,27.6681202,85.3130925,Patan durbar square|Pulchowk,2
ChIJoR-Xs8gZ6zkRGv2MrdyEkiM,hospital,"Dr. Neeraj Singh, MD, DM",doctor,27.6706462,85.3116878,Patan durbar square|Pulchowk,2
ChIJVb_gUCxVkzkRQw4ckd5vDME,hospital,Dr Vikash Paudel Skin Clinic,doctor,27.6623373,85.3191621,Patan durbar square,1
ChIJHym_-bYZ6zkRXydr2em38EQ,hospital,Purnima Medical,hospital,27.6851737,85.3208126,Patan durbar square|Pulchowk,2
ChIJvXhSENwZ6zkRaltX90eWf10,hospital,Health Education and Line pact-Nepal,hospital,27.6620539,85.31869979999999,Patan durbar square,1
ChIJRZs6DaAZ6zkRnzG9GbcSdA0,hospital,Alfa Diagnostic Lab,medical_center,27.6651132,85.33582419999999,Patan durbar square,1
ChIJW66DPQAZ6zkRak7n5af2wd4,hospital,sushila celinic,medical_center,27.685231,85.31962,Patan durbar square|Pulchowk,2
ChIJVxAbKtQZ6zkRtpG8lMkYu2U,hospital,Ganeshman Singh Hospital,hospital,27.661808,85.318744,Patan durbar square,1
ChIJTfVHTPEZ6zkR6GfpTJs6roY,hospital,Dr Rakshya Koirala,hospital,27.661628,85.318578,Patan durbar square,1
ChIJCUtfr5YZ6zkRRTCUVZOKlsk,hospital,Lalitpur Metro City Hospital,hospital,27.6634769,85.3147745,Patan durbar square,1
ChIJ6dzAmcUZ6zkRcRFQceh3Slg,mall,Asta Mangal Art And Craft,shopping_mall,27.6741086,85.3250108,Patan durbar square|Pulchowk,2
ChIJ4d8AmcUZ6zkRCXnFLnyVU1w,mall,Om Handicrafts,museum,27.674169,85.3250779,Patan durbar square|Pulchowk,2
ChIJ26nmlMUZ6zkRdety9jwip7w,mall,Keywest Handicraft Enterprises,shopping_mall,27.6747526,85.325063,Patan durbar square|Pulchowk,2
ChIJ_x-3x8UZ6zkR2W6uGHh-mfs,mall,Everest Tea Shop and Handicrafts,tea_store,27.675043100000003,85.32593399999999,Patan durbar square|Pulchowk,2
ChIJI-DhCukZ6zkRez_VQb2UR0Q,mall,Bajra Sister Handicraft,shopping_mall,27.6750527,85.325929,Patan durbar square|Pulchowk,2
ChIJR4lLvsUZ6zkRCdS22YYrRSQ,mall,Himalayan Hallmark Pashmina & Cashmere,shopping_mall,27.6752413,85.3260074,Patan durbar square|Pulchowk,2
ChIJw0K5y8UZ6zkR9BlwJFnYpIQ,mall,Everest Thanka(Exporter),shopping_mall,27.67515,85.32632439999999,Patan durbar square|Pulchowk,2
ChIJ3-hrdagZ6zkRypt3rwmjsYs,mall,Shekhar Music & Repair Home Chakrabahil- Naba.,store,27.6708947,85.32461359999999,Patan durbar square|Pulchowk,2
ChIJldJJV8UZ6zkRv1V9gK6huo8,mall,HamroPasal,shopping_mall,27.6709666,85.32413319999999,Patan durbar square|Pulchowk,2
ChIJj7jrVcUZ6zkRPZgzRyXTLyc,mall,SHOES GARDEN,shopping_mall,27.6706905,85.3239751,Patan durbar square|Pulchowk,2
ChIJmV8vG88Z6zkREw8IwEw5QDU,mall,Harsha Hera Handicraft,shopping_mall,27.6739326,85.3218281,Patan durbar square|Pulchowk,2
ChIJ2d0wVcUZ6zkR_srezckmVl0,mall,Like Fashion Wear,shopping_mall,27.6704811,85.3240787,Patan durbar square|Pulchowk,2
ChIJB8yIVX8Z6zkR3uYXw6TiN7E,mall,P.F.C,shopping_mall,27.6704792,85.3238659,Patan durbar square|Pulchowk,2
ChIJ_Z5uLAAZ6zkRXb5NDd5-qRA,mall,New Om Tradars,shopping_mall,27.6699494,85.3237231,Patan durbar square|Pulchowk,2
ChIJe5_v8ioZ6zkRNlVdexeXGas,mall,Laxmi Khadya Bhandar,shopping_mall,27.677014000000003,85.324552,Patan durbar square|Pulchowk,2
ChIJh748vs4Z6zkRYhid-Dhx_oI,mall,विजय स्टोर,shopping_mall,27.6743357,85.32101469999999,Patan durbar square|Pulchowk,2
ChIJqaLPDcgZ6zkRsSEH_uF_ykA,mall,Mahalaxmi Chappal Bhandar,shopping_mall,27.6697762,85.32365779999999,Patan durbar square|Pulchowk,2
ChIJuS-yKEUZ6zkRBQIqcJ4flO0,mall,tritan fashion,shopping_mall,27.6717037,85.321073,Patan durbar square|Pulchowk,2
ChIJwTOoFa8Z6zkRHQXK7GcYvjM,mall,काजबटन पसल,shopping_mall,27.6702967,85.3223841,Patan durbar square|Pulchowk,2
ChIJQYz6qXYZ6zkRbd2wNZoFOB4,mall,kaaj Botom And Readymet Shop,shopping_mall,27.6702827,85.3223711,Patan durbar square|Pulchowk,2
ChIJdWha0goZ6zkRIfJsSbp6Anc,mall,Botomholl Radeymet Shop,shopping_mall,27.670282,85.3223708,Patan durbar square|Pulchowk,2
ChIJeb2MMlAZ6zkRfaYWZf9LshA,mall,Styletime,service,27.676386500000003,85.32193389999999,Patan durbar square|Pulchowk,2
ChIJXVLbbsoZ6zkR9b2gwxDXegM,mall,Asal plaza,shopping_mall,27.6743909,85.3204186,Patan durbar square|Pulchowk,2
ChIJnYwl1dEZ6zkRfr1HPCKXnNk,mall,Collective Family Store KPT,shopping_mall,27.6702484,85.3213736,Patan durbar square|Pulchowk,2
ChIJDyNjFGgZ6zkRchD4rB5A0Aw,mall,Indigo fashion house,shopping_mall,27.6702556,85.32134839999999,Patan durbar square|Pulchowk,2
ChIJAaL8hxsZ6zkRo6DhkET6NJ4,mall,Boll Bam Bhada senter,shopping_mall,27.6688357,85.32393119999999,Patan durbar square|Pulchowk,2
ChIJ-RXM2pUX6zkRK-BYxCn4p4U,mall,Menzo online hub,clothing_store,27.6700219,85.3213056,Patan durbar square|Pulchowk,2
ChIJUf8tCAAZ6zkRCRs431IPDAU,mall,Puntay,shopping_mall,27.6701986,85.32097499999999,Patan durbar square|Pulchowk,2
ChIJCf_8bNAZ6zkRyhiNz9fCYlg,mall,NM Bhawan,shopping_mall,27.6688138,85.32315179999999,Patan durbar square|Pulchowk,2
ChIJ8SKNQMUZ6zkRcamdxmS5mps,mall,Kishor Handicraft,shopping_mall,27.6688879,85.3274003,Patan durbar square|Pulchowk,2
ChIJ2yk6s9oZ6zkR8OdCKhFhvNE,mall,Nawa Buddha mobile,shopping_mall,27.668306,85.3248741,Patan durbar square|Pulchowk,2
ChIJF0VZQtsZ6zkRC60MMv2ZfU8,mall,Matina Store,shopping_mall,27.6692021,85.3282881,Patan durbar square|Pulchowk,2
ChIJfR7jcIoZ6zkRx8p-vacunQw,mall,Dipesh Handicrafts,shopping_mall,27.6685813,85.3270806,Patan durbar square|Pulchowk,2
ChIJgR35a9AZ6zkRKgtYw-_thMs,mall,RR kapada pasal,market,27.6684804,85.3229681,Patan durbar square|Pulchowk,2
ChIJ415PJ84Z6zkRn2dyfjIsKdo,mall,Center Point,shopping_mall,27.6707614,85.3198785,Patan durbar square|Pulchowk,2
ChIJD_Uy7MkZ6zkR5F1jUWDfoec,mall,S and s fancy shop lagankhl,shopping_mall,27.6683265,85.32289229999999,Patan durbar square|Pulchowk,2
ChIJd4pnKAAZ6zkRHUAjZguW5Lc,mall,Valley Mart 99,shopping_mall,27.6680149,85.32580229999999,Patan durbar square|Pulchowk,2
ChIJx7yeDs4Z6zkR_g2Epmpx-jM,mall,Sovereign Square,shopping_mall,27.6714747,85.3190539,Patan durbar square|Pulchowk,2
ChIJtVmwDmgZ6zkRMk9sVaeJMj0,mall,NOMO Buddha mobile,shopping_mall,27.6681959,85.3283211,Patan durbar square,1
ChIJHxS7KwAZ6zkRT_y1_Y6y5dY,mall,Snacks soul,shopping_mall,27.6674125,85.3244844,Patan durbar square|Pulchowk,2
ChIJXc-ztacZ6zkRGX2E1NOqnO4,mall,Complex,shopping_mall,27.6679059,85.3219326,Patan durbar square|Pulchowk,2
ChIJJ108rdEZ6zkR9mLMa_J080M,mall,Patan Opticals,shopping_mall,27.6680878,85.3213079,Patan durbar square|Pulchowk,2
ChIJe1FPq7cZ6zkRhigtLrHO5V0,mall,LABA BHAWAN,shopping_mall,27.671777,85.3181792,Patan durbar square|Pulchowk,2
ChIJQXZFUAAZ6zkRUu2itkrZlAU,mall,Anta X-tep Showroom,shopping_mall,27.6678503,85.32164970000001,Patan durbar square|Pulchowk,2
ChIJ288MetoZ6zkRk0KoYOaTu8o,mall,Shiddhi Binayak Aalu Pyaj Vandar ..,shopping_mall,27.6668006,85.3242574,Patan durbar square|Pulchowk,2
ChIJjW2o1NIZ6zkRXQpYjK5GT1U,mall,Bubblegum Manbhawan,shopping_mall,27.671924500000003,85.3176379,Patan durbar square|Pulchowk,2
ChIJq6rq-dAZ6zkRNZKmrHS6M-Q,mall,Shajha Kinmel Kendra,shopping_mall,27.6671593,85.3219414,Patan durbar square|Pulchowk,2
ChIJ0-imEsoZ6zkROZTtRvBTp-0,mall,Nepalese de Collection,shopping_mall,27.6747818,85.3173695,Patan durbar square|Pulchowk,2
ChIJOy_WAcYZ6zkRWWBfaCX_y38,mall,ABK Traders,shopping_mall,27.6671589,85.3283792,Patan durbar square,1
ChIJQ1C6fAAZ6zkRgKL8EDiGT7M,mall,PIQ,market,27.6664113,85.327214,Patan durbar square,1
ChIJqZckRi8Z6zkRZQ5TOXflnTg,mall,Rabina Cosmetics And Parlor,shopping_mall,27.680597,85.32690029999999,Patan durbar square|Pulchowk,2
ChIJqfRT9UEZ6zkRRE-kCK70zqU,mall,Paramount Plaza,shopping_mall,27.6796063,85.3296944,Patan durbar square|Pulchowk,2
ChIJc00yJQAX6zkRRh_cAV7XXLY,mall,PK Complex,shopping_mall,27.6672411,85.3300314,Patan durbar square,1
ChIJV7DxG_8Z6zkRC2YONYnDR-k,mall,Indra Rai Karna pasal,shopping_mall,27.6675846,85.3191903,Patan durbar square|Pulchowk,2
ChIJkZgUEQAZ6zkRSevMsZeyJcg,mall,Avenue88 Mall,shopping_mall,27.6721267,85.3162988,Patan durbar square|Pulchowk,2
ChIJCxDPhMkZ6zkRSR8YN7UKI1U,mall,OMNI Group,shopping_mall,27.6795422,85.31940469999999,Patan durbar square|Pulchowk,2
ChIJXb4QkcsZ6zkRon8A4eyZqLM,mall,Giordano,shopping_mall,27.6770264,85.3170589,Patan durbar square|Pulchowk,2
ChIJOWStHesZ6zkRC3Tjzv2JFrs,mall,Labim Mall,shopping_mall,27.6771166,85.3170766,Patan durbar square|Pulchowk,2
ChIJPxD9mcsZ6zkRqyJ5kzIzbeA,mall,US POLO ASSN,shopping_mall,27.6771761,85.3168456,Patan durbar square|Pulchowk,2
ChIJX2td_MwZ6zkRT6pG0_3rpSY,mall,The Deuce Nepal,shopping_mall,27.6733569,85.3157591,Patan durbar square|Pulchowk,2
ChIJ9aJpvh4Z6zkREQp1hH9r0ZE,mall,Bhairav Trade Concern,shopping_mall,27.676525,85.3163987,Patan durbar square|Pulchowk,2
ChIJN-K7ebMZ6zkRwJ-ptalASeg,mall,Obsession Cosmetics Kumaripati,shopping_mall,27.672017,85.3157214,Patan durbar square|Pulchowk,2
ChIJt82WZt4Z6zkRDSUsE5o6g24,mall,Makshya Bhawan,shopping_mall,27.6719679,85.31571190000001,Patan durbar square|Pulchowk,2
ChIJP0oo3IgZ6zkRACl5nWg68kQ,mall,Mahalaxmi marga,shopping_mall,27.6658984,85.3206634,Patan durbar square|Pulchowk,2
ChIJB1MxS9wZ6zkRBCvnbXUXfHc,mall,Devendra Ticket Booking Counter,shopping_mall,27.6659542,85.32996039999999,Patan durbar square,1
ChIJ2cQan1cZ6zkRspOAtYQvciQ,mall,BBQ Coal or Koila Store,shopping_mall,27.6647233,85.3244923,Patan durbar square,1
ChIJk1ZYmXwZ6zkRWoer0mKc2uM,mall,GroCart Nepal,shopping_mall,27.6818117,85.3213074,Patan durbar square|Pulchowk,2
ChIJb_oC-dkZ6zkRbp6kqHmS1U0,mall,Batuk Bhairab Mini Mart,shopping_mall,27.664378,85.32448520000001,Patan durbar square,1
ChIJX6tpwcwZ6zkRI1j60Nes17g,mall,"Anmol Enterprises IT, Stationery and whiteboards",shopping_mall,27.6741968,85.3146807,Patan durbar square|Pulchowk,2
ChIJC3dmGfYZ6zkRYQLQmUKrOoQ,mall,Sasimo Fashion House,shopping_mall,27.6724252,85.3146873,Patan durbar square|Pulchowk,2
ChIJ_6nMPM0Z6zkRPbMr4KBHwPI,mall,Miniso Nepal,shopping_mall,27.672226,85.3146656,Patan durbar square|Pulchowk,2
ChIJNWqBBc0Z6zkR4VxmchQJYEw,mall,Citywalk,shopping_mall,27.6722552,85.3145558,Patan durbar square|Pulchowk,2
ChIJ-8X2ZQAZ6zkRjtBH2mmBrVQ,mall,Ashwin vai,shopping_mall,27.6664843,85.3325718,Patan durbar square,1
ChIJvyLTefHJlDkRtsJO7r1snb4,mall,Mazzako Shopping Pvt.Ltd,shopping_mall,27.6689735,85.3351406,Patan durbar square,1
ChIJ2VAtwN0Z6zkRtoZ3sOaNO44,mall,SHREE GORAKHNATH JWELLERS,shopping_mall,27.6661157,85.3328504,Patan durbar square,1
ChIJi3jo0t0Z6zkRjWdG7M1PfbU,mall,R.G.S Store,grocery_store,27.6651994,85.3318405,Patan durbar square,1
ChIJwWTSZugZ6zkRo90_ltfE4fk,mall,dhamala plastic store,shopping_mall,27.6720665,85.3365103,Patan durbar square,1
ChIJoYPQod4Z6zkRhK1Zw3Nhfs0,mall,Filtec Nepal Pvt. Ltd,shopping_mall,27.6643861,85.33074549999999,Patan durbar square,1
ChIJu3Qt9hIZ6zkRZsjamrv6VvE,mall,Nirdeep doll house & Training center,shopping_mall,27.6643592,85.33072899999999,Patan durbar square,1
ChIJm88KPkQZ6zkROxEU8P5rGS8,mall,MBSH Nepal,shopping_mall,27.6784173,85.31461519999999,Patan durbar square|Pulchowk,2
ChIJzz6LmxEZ6zkRTj_KAa2YSRA,mall,GLORY ARTS,shopping_mall,27.6644011,85.3187914,Patan durbar square,1
ChIJJ97s58kZ6zkRbuSRmG6dxZY,mall,Loozaa Stationery,wholesaler,27.6818671,85.31772640000001,Patan durbar square|Pulchowk,2
ChIJd2kEmbcZ6zkRFXhVvEciHD0,mall,Jwagal Chowk,shopping_mall,27.6842871,85.32304069999999,Patan durbar square|Pulchowk,2
ChIJZbeNpMIZ6zkRif4vHf6vHEw,mall,WE empowering women by SAARC Shop,shopping_mall,27.67872,85.31382200000002,Patan durbar square|Pulchowk,2
ChIJW1GFZAkZ6zkR0UHb1ODUW4A,mall,Mangaldeep Collection,shopping_mall,27.670183,85.31261200000002,Patan durbar square|Pulchowk,2
ChIJLR_17ywZ6zkRrqEdN_4GvCY,mall,"Aashika Kapda pasal Gwarko,Imadol,Lalitpur",shopping_mall,27.665342,85.33479659999999,Patan durbar square,1
ChIJn5fTSMEZ6zkRinX7091YGoY,mall,101 Deals Np,shopping_mall,27.6627089,85.3311224,Patan durbar square,1
ChIJS6Su8tYZ6zkR8Wt0x8HGlvA,mall,District Cooperative Union Ltd,shopping_mall,27.6622085,85.320098,Patan durbar square,1
ChIJ9-0omaAZ6zkRfGA0SWmPzo0,mall,"Moosto.com, Balkumari",shopping_mall,27.6707289,85.3384502,Patan durbar square,1
ChIJpUKXTwAZ6zkRvMcd_XI03zo,mall,Pasa Newas,shopping_mall,27.6654604,85.33556109999999,Patan durbar square,1
ChIJb_DBFuYZ6zkRtEfoT1eHkVo,mall,"Anjali Hair Cutting, Barber Shop",shopping_mall,27.6699282,85.33841799999999,Patan durbar square,1
ChIJy4HZhTQY6zkR64JutXBgghw,mall,Alina's Store,shopping_mall,27.6764439,85.3113707,Patan durbar square|Pulchowk,2
ChIJ4xroagcZ6zkRIgo6xl5g_aI,mall,Chetman Store,shopping_mall,27.6852394,85.3205692,Patan durbar square|Pulchowk,2
ChIJHbUiJOcZ6zkRuBByrc3St2E,mall,Danfe Fashion,shopping_mall,27.6659709,85.3365096,Patan durbar square,1
ChIJ045QHfcZ6zkRPRXvB2TA0q4,mall,MJ International (Nepal) Pvt.Ltd,shopping_mall,27.678532,85.3117958,Patan durbar square|Pulchowk,2
ChIJ0172l1cZ6zkRjBaBMfxAH18,mall,KM Liquor Store,liquor_store,27.6605994,85.3238318,Patan durbar square,1
ChIJleFzhMcZ6zkRa1YjiUoo87Q,mall,Manmay Enterprises Ghoriwala Mart Balkumari,shopping_mall,27.6695502,85.3390543,Patan durbar square,1
ChIJKTzwMN4Z6zkRgDqoIyP1OiY,mall,Diya Markting,shopping_mall,27.6625726,85.3334418,Patan durbar square,1
ChIJky6b_hUZ6zkRtRc78MokFEU,mall,Kupondole Central,shopping_mall,27.685094000000003,85.31808509999999,Patan durbar square|Pulchowk,2
ChIJkfHIl9QZ6zkR2ipoMtH8x0A,mall,Bhawani Mart,shopping_mall,27.6634173,85.3150919,Patan durbar square,1
ChIJPWc7v-AZ6zkR7ba_cVKlCKI,mall,Maya Store(juice &All Grocery Item),shopping_mall,27.663818,85.3355529,Patan durbar square,1
ChIJP23MMbQZ6zkRYeszgYRDJJw,mall,Mahaguthi Craft with Conscience,store,27.6853976,85.31808749999999,Patan durbar square|Pulchowk,2
ChIJszwEecUZ6zkRx2wZ9bpFpkY,office,WallStreet Investment & Trading Co. Ltd,corporate_office,27.673133,85.3244721,Patan durbar square|Pulchowk,2
ChIJCWOpdAAZ6zkR2dfVSv__lPY,office,Control ticket,corporate_office,27.6727354,85.3250067,Patan durbar square|Pulchowk,2
ChIJxe7N7hEZ6zkRPWp6B3qvYXg,office,Awake Tech Solution,corporate_office,27.6740207,85.3264848,Patan durbar square|Pulchowk,2
ChIJOyNSYc8Z6zkR95DoSO59yOs,office,tulaja bhawani saving and credit co-operative limited,corporate_office,27.6744187,85.32363,Patan durbar square|Pulchowk,2
ChIJvcw_YEoZ6zkRgh-2deNxvRo,office,Kalash Cooperative organization,corporate_office,27.6717784,85.3250284,Patan durbar square|Pulchowk,2
ChIJ17nL2LUZ6zkRZQzXT0Ykkho,office,13 Steps Designer,corporate_office,27.6751163,85.3245355,Patan durbar square|Pulchowk,2
ChIJjZdTPMUZ6zkRKxpVEiNEfaM,office,Visual Arts,corporate_office,27.6717276,85.3256877,Patan durbar square|Pulchowk,2
ChIJGU7nFooZ6zkRWNWjqR1XwX4,office,"Naksa Deparment, Lalitpur Metropolitan City",corporate_office,27.6746077,85.32346650000001,Patan durbar square|Pulchowk,2
ChIJ38gwSssZ6zkRr4-dK6zuNKA,office,马恒达4S店,corporate_office,27.6718261,85.3276491,Patan durbar square|Pulchowk,2
ChIJD34VefAZ6zkRZtqDcdj4lwM,office,Jeevak's Home,corporate_office,27.6763352,85.32470620000001,Patan durbar square|Pulchowk,2
ChIJrd3YbwAZ6zkRfdtEE73d7JI,office,Rbb mangalbazar,corporate_office,27.6709093,85.32683399999999,Patan durbar square|Pulchowk,2
ChIJyZ_QiIsZ6zkRiiUUcTFlsJ4,office,August Mountain Travels And Tours Private Limited,corporate_office,27.6749227,85.32790399999999,Patan durbar square|Pulchowk,2
ChIJNVNMIwAZ6zkR5daJ5BGXsHk,office,Rudolph Corporate Services,corporate_office,27.6726579,85.321567,Patan durbar square|Pulchowk,2
ChIJXYyIhFEY6zkRFxbmQlDY-mU,office,Ship Logistics Nepal Pvt. Ltd.,corporate_office,27.6726576,85.32153880000001,Patan durbar square|Pulchowk,2
ChIJp3YCGb0Z6zkRKZ2X_5zEsAQ,office,MAPLE YAK PVT. LTD.,corporate_office,27.6724452,85.3214514,Patan durbar square|Pulchowk,2
ChIJAQBAHs8Z6zkRknwRQXb48Qc,office,Creative Point Nepal,corporate_office,27.6744591,85.3214568,Patan durbar square|Pulchowk,2
ChIJ_-To0doZ6zkRErUUOH_Teiw,office,Third Eye Business Group Pvt. Ltd.,corporate_office,27.6700875,85.325977,Patan durbar square|Pulchowk,2
ChIJdV1PQL0Z6zkRqA74PRmJfmk,office,Panda Multi Services Pvt. Ltd,corporate_office,27.6696801,85.3246125,Patan durbar square|Pulchowk,2
ChIJf5U2Ws4Z6zkRe0HP1XDvv6A,office,Digital MICR Solutions Pvt Ltd,corporate_office,27.6727332,85.3207446,Patan durbar square|Pulchowk,2
ChIJiy_eGwAZ6zkRMSQGvLuUuUQ,office,Ren Luxe,corporate_office,27.6749461,85.3208811,Patan durbar square|Pulchowk,2
ChIJA1mBnm4Z6zkRRLWJXyhpMAY,office,Cargo Channel Pvt Ltd,corporate_office,27.6705424,85.3282874,Patan durbar square|Pulchowk,2
ChIJ6aFXTR4Z6zkR46mnJZaxY9k,office,Rosemary consaltancy,corporate_office,27.6711958,85.3210617,Patan durbar square,1
ChIJs57EFyEZ6zkRYDJkaLqy3mw,office,Crab Tech Pvt. Ltd,corporate_office,27.674369,85.3204646,Patan durbar square|Pulchowk,2
ChIJ28Mgrc4Z6zkRrEs-vly67k4,office,UB World Trade Pvt.Ltd,corporate_office,27.669344400000004,85.32355249999999,Patan durbar square|Pulchowk,2
ChIJn-UC8PsZ6zkRIJsbowNH1i8,office,Mega Multipurpose Co-operative Ltd.,corporate_office,27.6695146,85.322775,Patan durbar square|Pulchowk,2
ChIJWyf1O3QZ6zkRvSaFY3vttes,office,Gogrihamart,corporate_office,27.6746161,85.3201775,Patan durbar square|Pulchowk,2
ChIJWUbSBgAZ6zkRXCcTY4-ZUwk,office,Silver Law Associates,corporate_office,27.6701118,85.32160449999999,Patan durbar square|Pulchowk,2
ChIJ05lzYBcZ6zkRMFflBmJiJLA,office,north east interior,corporate_office,27.6691868,85.323287,Patan durbar square|Pulchowk,2
ChIJUVV-QM4Z6zkRMxEFFuD8_ro,office,Smarttel Office,corporate_office,27.6717775,85.3202353,Patan durbar square,1
ChIJVzpZDPUZ6zkR_K8onMymd48,office,King business group,corporate_office,27.6689235,85.3237274,Patan durbar square|Pulchowk,2
ChIJIerIX_cZ6zkRZE8ykzIA1aQ,office,Any country holidays pvt.Ltd,corporate_office,27.6700001,85.3213993,Patan durbar square|Pulchowk,2
ChIJN68yQgAZ6zkRrUMMRn3s5o4,office,KM Complex Lagankhel,corporate_office,27.6693756,85.3222383,Patan durbar square|Pulchowk,2
ChIJjz8XBOMZ6zkRoW3V4j4bUIU,office,Vpn foods,corporate_office,27.6773456,85.32790380000002,Patan durbar square|Pulchowk,2
ChIJ_Vy4LNAZ6zkROPlC7I0kWLg,office,Out Door Nepal Travels Pvt. Ltd,corporate_office,27.669892,85.32142449999999,Patan durbar square|Pulchowk,2
ChIJO5x-ddAZ6zkRXbAJ7Oe4ri0,office,Prayag Saving And Credit Co-operative Society Ltd,corporate_office,27.66873,85.3240237,Patan durbar square|Pulchowk,2
ChIJWxyBW6AZ6zkR3cE5XyVBWSg,office,Ekata Multipurpose Co-Operative Society Ltd.,corporate_office,27.671459,85.3201055,Patan durbar square,1
ChIJL7yfQcMZ6zkR4Ml16ojOVCc,office,Alpha Enterprises Pvt. Ltd (Omega Air Conditioner),corporate_office,27.671924500000003,85.33017319999999,Patan durbar square|Pulchowk,2
ChIJ7zFUp8EZ6zkRiM0jaXezSk4,office,kumari marg,corporate_office,27.6722556,85.3196739,Patan durbar square,1
ChIJ6SlomNoZ6zkR1Os8j48FAWg,office,Arise Tech IT Solution,corporate_office,27.6685572,85.3245146,Patan durbar square|Pulchowk,2
ChIJwep8aGoZ6zkRP_dokLL5rEM,office,Che&Co,corporate_office,27.6722308,85.31967,Patan durbar square,1
ChIJRbD3HKIZ6zkRBiEBt4Czq8o,office,Samudaya Multipurpose Co-operative Ltd,corporate_office,27.6685206,85.32497769999999,Patan durbar square|Pulchowk,2
ChIJvyIBbdAZ6zkRlRwrSilzzgU,office,Four Square Engineering Solution,corporate_office,27.6687681,85.3232488,Patan durbar square|Pulchowk,2
ChIJuYWVF8AZ6zkR7f_HY6htrUk,office,Sambodhi,corporate_office,27.6684742,85.3251425,Patan durbar square|Pulchowk,2
ChIJyc8uvc4Z6zkR0OBdIpLoAoI,office,B Motorcycle Workshop,corporate_office,27.6746924,85.3196163,Patan durbar square|Pulchowk,2
ChIJj0r97NoZ6zkRddG145g-arU,office,Naulo Bihani Saving & Credit Co-Operative Ltd.,corporate_office,27.6684692,85.3253744,Patan durbar square|Pulchowk,2
ChIJO2kHg0YZ6zkRIKRyByEGlh4,office,NISAF Research,corporate_office,27.6758164,85.32990079999999,Patan durbar square|Pulchowk,2
ChIJBQvDZ0UZ6zkRWhVQ-gpfy7Q,office,Shera Nepal,corporate_office,27.6691374,85.3220479,Patan durbar square|Pulchowk,2
ChIJB_PRhc4Z6zkRNvdJAJzOhyg,office,Axis Consult,corporate_office,27.6735848,85.3192558,Patan durbar square|Pulchowk,2
ChIJqaMIHQAZ6zkRBkKA41SKkss,office,Bhol Station,corporate_office,27.6727867,85.330732,Patan durbar square|Pulchowk,2
ChIJGfTr3SUZ6zkRGusKCrlXAQ8,office,"Devi Arts, Shreebahal",corporate_office,27.6749667,85.31944399999999,Patan durbar square|Pulchowk,2
ChIJMU6wEs4Z6zkR8EYfY2wqxvU,office,पशुपति इन्जिनियरिङ र बिल्डर्स प्राइवेट लिमिटेड,corporate_office,27.6717044,85.3194853,Patan durbar square,1
ChIJt5vD030Z6zkRltEn6CkLUS4,office,NortEast Interior,corporate_office,27.6682584,85.32581619999999,Patan durbar square|Pulchowk,2
ChIJT0qwb9AZ6zkRp4KnMhQ4IPE,office,China Trade Centre,corporate_office,27.6683449,85.3231952,Patan durbar square|Pulchowk,2
ChIJixArz7kZ6zkRvCOD22fg-Cg,office,Premium It Solutions,corporate_office,27.6699427,85.3204068,Patan durbar square,1
ChIJsegwTzIZ6zkRBguvXB9aiEY,office,kantipur###,corporate_office,27.6699427,85.3204068,Patan durbar square,1
ChIJ9QGsHs4Z6zkRIiyhFfsJJpc,office,Smart Pay Pvt Ltd,corporate_office,27.6706227,85.3198001,Patan durbar square|Pulchowk,2
ChIJsQ75d9sZ6zkR_gotLxOgYvk,office,Nepal Mandal Televison,corporate_office,27.6778342,85.3214285,Patan durbar square|Pulchowk,2
ChIJsaazH8kZ6zkRGYAA3A2PyAA,office,Ropeway and Cablecar Pvt Ltd Office,corporate_office,27.6778237,85.3212686,Patan durbar square|Pulchowk,2
ChIJKXSsI38Z6zkRL28kvIGMshI,office,Mero Real Estate,corporate_office,27.6679583,85.3261855,Patan durbar square|Pulchowk,2
ChIJY0z8tIYZ6zkR9y_DVylX8QQ,office,Archway Nepa Consultant pvt. Ltd.,corporate_office,27.6678915,85.3265371,Patan durbar square|Pulchowk,2
ChIJdy_gCM4Z6zkRkXxYivTs858,office,VIRAL NEPAL,corporate_office,27.6711744,85.3190259,Patan durbar square|Pulchowk,2
ChIJ13LNT8oZ6zkRvIpz-qzMGSw,office,Adda by Business Veins Pvt. Ltd.,corporate_office,27.6786864,85.3224395,Patan durbar square|Pulchowk,2
ChIJZ2631s0Z6zkRZewWYeff_6Q,office,Acclaim Technology,corporate_office,27.6727285,85.31850519999999,Patan durbar square|Pulchowk,2
ChIJfc8ZP8kZ6zkRyz8WB7XnDk8,office,Health Communication Capacity Collaborative (HC3) Nepal Project,corporate_office,27.67738,85.32022669999999,Patan durbar square,1
ChIJNwPbn5gZ6zkRZbHGBPaAMh8,office,Ghar Expert,corporate_office,27.6739214,85.31845129999999,Patan durbar square|Pulchowk,2
ChIJzVE5OQAZ6zkRUtFekGtEP7c,office,nü cosmetics (Indrakamal International Pvt Ltd),cosmetics_store,27.679223500000003,85.3248131,Patan durbar square|Pulchowk,2
ChIJszWj2sYZ6zkRCtu8cHVTQO8,office,Geovisualization Engineering & Spatial Technologies,corporate_office,27.6675603,85.3245006,Patan durbar square|Pulchowk,2
ChIJwcHwT8kZ6zkRxNKb_7Mcc4o,office,Ashviana Corporation Pvt. Ltd.,corporate_office,27.6768869,85.3196566,Patan durbar square,1
ChIJ8a_RbRkZ6zkRE51aJlWQwr0,office,PalmMind IT Consultancy,corporate_office,27.6743789,85.3184534,Patan durbar square|Pulchowk,2
ChIJgcvmFvwZ6zkR_1L7gDY8dNI,office,Breakthrough ACTION Nepal Project,corporate_office,27.6770475,85.3197919,Patan durbar square,1
ChIJd8KJZPoZ6zkRPuUjd3NSR-I,office,Lab Infra tech Pvt.ltd.Lalitpur,corporate_office,27.6788945,85.3273722,Patan durbar square|Pulchowk,2
ChIJX7ifMgAZ6zkRV_PxkcLyPVs,office,Amatyalaya,corporate_office,27.6789289,85.3227165,Patan durbar square|Pulchowk,2
ChIJN61KrxYZ6zkRoaxL_3doagM,office,Gav's Designs & More Pvt. Ltd,corporate_office,27.6790823,85.32319129999999,Patan durbar square|Pulchowk,2
ChIJzbO40uIZ6zkRHDBIi9H4xjA,office,Airflow chakupat branch,corporate_office,27.6792973,85.32569289999999,Patan durbar square|Pulchowk,2
ChIJd0ya4W4Z6zkRLinYfno1Ph0,office,CESIF Nepal (Centre for Social Innovation and Foreign Policy),corporate_office,27.6692791,85.32010749999999,Patan durbar square,1
ChIJ35fyr9QZ6zkRetMIItrlMZ4,office,JHUCCP,corporate_office,27.676904600000004,85.3195263,Patan durbar square,1
ChIJ8SE_h8wZ6zkRsMQZYHJvZZA,office,CYPHER TECHNOLOGY PVT. LTD,corporate_office,27.6689275,85.3205085,Patan durbar square,1
ChIJsbYDZGsZ6zkRYxnBPgEFx2U,office,UNOPS Nepal,corporate_office,27.6770413,85.319609,Patan durbar square,1
ChIJ9d5aRckZ6zkRzoQFeZ3Zev8,office,Oasis Complex,corporate_office,27.6771183,85.31967159999999,Patan durbar square,1
ChIJm_XzvnkZ6zkRsmk1cDoAmLE,office,Vaishnavi Infotech Pvt Ltd,corporate_office,27.6757525,85.31873999999999,Patan durbar square|Pulchowk,2
ChIJz6azVAAZ6zkRY8HRPzZHcys,office,Lopho Tech Pvt. Ltd.,corporate_office,27.6759066,85.3187392,Patan durbar square|Pulchowk,2
ChIJGTWKBgAZ6zkR-UOm_Zo8Gi4,office,PlantSat,corporate_office,27.6795369,85.3241568,Patan durbar square|Pulchowk,2
ChIJD24zZAAZ6zkRy-tV80PE648,office,Grasen Ev,corporate_office,27.6766549,85.3309822,Patan durbar square|Pulchowk,2
ChIJgzlQMwAZ6zkR8Btf1mZWwZs,office,Abacus Insights Nepal,corporate_office,27.6792465,85.3225282,Patan durbar square|Pulchowk,2
ChIJOcOXOwAZ6zkRtSOz5xYuNzk,office,Meromoto Assured,corporate_office,27.678941700000003,85.328267,Patan durbar square|Pulchowk,2
ChIJu_8afAAZ6zkReGNsE8W1z8c,office,Oometo Partners Lagankhel City Branch Office,corporate_office,27.6670808,85.32398479999999,Patan durbar square|Pulchowk,2
ChIJE2WP6ncZ6zkRA79rdSiHO-A,office,Delta Multimedia Production,corporate_office,27.6677252,85.3215908,Patan durbar square,1
ChIJI5SE0sUZ6zkRpgZhT3eCFJ8,office,educorenepal,corporate_office,27.6783068,85.32973659999999,Patan durbar square|Pulchowk,2
ChIJG3en958Z6zkRSwDYuPIUigY,office,LUNKHUSI TOLE SANGH,corporate_office,27.6677916,85.3286212,Patan durbar square,1
ChIJuUfyTZUZ6zkR0O1Y67QO_4g,office,CHDS Nepal,corporate_office,27.6699232,85.318795,Patan durbar square|Pulchowk,2
ChIJLVGw8MIZ6zkRAd1Od4tQuUc,office,Mascot Associate,corporate_office,27.6732363,85.3324085,Patan durbar square,1
ChIJsQ_KZX4Z6zkRcLP0hedLj2E,office,Inland Revenue Office Lalitpur 2,corporate_office,27.6674919,85.3216941,Patan durbar square,1
ChIJcenIjjMZ6zkRsZDRPd9X2_c,office,MMS Multipurpose Pvt.Ltd,corporate_office,27.6791794,85.32130099999999,Patan durbar square|Pulchowk,2
ChIJeUeF0MwZ6zkRtY50UaRiwUs,office,Muse Education & Migration Services Pvt Ltd,corporate_office,27.6696647,85.3187227,Patan durbar square|Pulchowk,2
ChIJp8BrRwAZ6zkRhzE9bNny2_4,office,Outline Marketing,corporate_office,27.6754765,85.3322205,Patan durbar square|Pulchowk,2
ChIJEUR2SZcZ6zkR5kXZmnsP_qI,office,Mobilepay,corporate_office,27.6684747,85.3301699,Patan durbar square,1
ChIJf2ZXUgAZ6zkRYGjv4WisYv8,office,Guide International,corporate_office,27.6676697,85.3209122,Patan durbar square,1
ChIJh2IkIscZ6zkRt1NcyB2_52g,office,Vishakha Construction,corporate_office,27.6797742,85.3280015,Patan durbar square|Pulchowk,2
ChIJ_X6vdsgZ6zkRQXLqSuMQgxw,office,Shanti Griha,corporate_office,27.6802328,85.3237358,Patan durbar square|Pulchowk,2
ChIJXfSjR7wZ6zkR7A6hM4GrDz4,office,"Lukushi, Mu-Nani",corporate_office,27.6677938,85.3296846,Patan durbar square,1
ChIJDwcGIQAZ6zkRP-1GK7o1bSo,office,Nivix Pharmaceuticals Ltd.,corporate_office,27.6754938,85.3326787,Patan durbar square,1
ChIJ8TaubAAZ6zkRgTAalQ3u6XU,office,NDC,corporate_office,27.6754938,85.3326787,Patan durbar square,1
ChIJI6_ILscZ6zkRWCDlruR7Xkg,office,EBCG,corporate_office,27.6797766,85.3287072,Patan durbar square|Pulchowk,2
ChIJP1P-agAZ6zkRSt4yqhKHsMM,office,Swastik Design & Printing Suppliers Pvt. Ltd.,corporate_office,27.6753383,85.3328263,Patan durbar square,1
ChIJCQDY_K0Z6zkRrsuEZmrrBqs,office,Sustainable Solutions,,27.6667592,85.3281725,Patan durbar square,1
ChIJGRc1ycoZ6zkRfKaavCrnSc8,office,Digital Anka Pvt. Ltd.,corporate_office,27.680552,85.3237739,Patan durbar square|Pulchowk,2
ChIJo4NHlVYZ6zkRq0h4kDWaIko,office,Tactical Solutions,corporate_office,27.6806069,85.3242606,Patan durbar square|Pulchowk,2
ChIJ40-2KwAZ6zkRW8yoig8QC1M,office,Foneinsure Pvt. Ltd,corporate_office,27.6786237,85.31919429999999,Patan durbar square|Pulchowk,2
ChIJXTcBfAAZ6zkR9bS97hBB-IY,office,Bhul dhila,corporate_office,27.6716801,85.33308869999999,Patan durbar square,1
ChIJBcdCXgAZ6zkRMTKDXQfNu1A,office,Brothers lekhapadhi,corporate_office,27.6660362,85.324151,Patan durbar square,1
ChIJv4ySo4oZ6zkRp1BUlHyT8rQ,office,FoneNxt,corporate_office,27.6787275,85.31909030000001,Patan durbar square|Pulchowk,2
ChIJ7UFbjs0Z6zkRg8-H3Z-wLuk,office,Accelerating Investment and Infrastructure in Nepal - (AIIN),corporate_office,27.6707852,85.317071,Patan durbar square|Pulchowk,2
ChIJs56acdwZ6zkRnxd2RhaorrY,office,Sinohydro Bureau 7 Co.Ltd,corporate_office,27.6698359,85.317546,Patan durbar square|Pulchowk,2
ChIJM4M8KwAZ6zkRy1mdgxMt39Q,office,Firiri Ventures,corporate_office,27.6682277,85.3188576,Patan durbar square|Pulchowk,2
ChIJxR31m8cZ6zkRl5yNPhp8U38,office,MarcoNepal Creative Agency,corporate_office,27.6808467,85.3260942,Patan durbar square|Pulchowk,2
ChIJYzRuo8kZ6zkR9H4quJtdn8A,office,Himalayan Job Explorer Pvt. Ltd,corporate_office,27.6796848,85.3203556,Patan durbar square,1
ChIJMynIjs0Z6zkRBuAU86dXFjw,office,YCO Pvt. Ltd.,corporate_office,27.6705989,85.31709389999999,Patan durbar square|Pulchowk,2
ChIJBctg3O0Z6zkRUJj5lZRG1_Y,office,E&T Nepal Pvt Ltd,corporate_office,27.6809205,85.3242526,Patan durbar square|Pulchowk,2
ChIJybRP-BMZ6zkRD_AhriGSN5Y,office,Archio Design Pvt Ltd,corporate_office,27.680972,85.3247851,Patan durbar square|Pulchowk,2
ChIJ40u9E34Z6zkRfAHF5aIRg_U,office,Tattva Farms HQ,corporate_office,27.6787542,85.3188965,Patan durbar square|Pulchowk,2
ChIJvYvqeU0Z6zkRt6avtakMlSM,office,leads innovation,corporate_office,27.6792775,85.31943249999999,Patan durbar square|Pulchowk,2
ChIJNf_9-8sZ6zkRE5eP7d1GrtI,office,Angel's Associates Pvt. Ltd.,corporate_office,27.6659615,85.3226701,Patan durbar square,1
ChIJ4VNYDQAZ6zkRe02p-kSnUA0,office,Dhan lama,corporate_office,27.6659534,85.3226706,Patan durbar square,1
ChIJbXxnUwAZ6zkRZhgDvV43t2M,office,Lagankhel,corporate_office,27.6659534,85.3226706,Patan durbar square,1
ChIJg7iGEQAZ6zkRdzBgGRKS9Xs,office,Lukhunsi,corporate_office,27.6672317,85.3303146,Patan durbar square,1
ChIJ9eBaTBkZ6zkRIWBF0TQLYmk,office,Nexsus Engineering Consultancy,corporate_office,27.6663511,85.3212234,Patan durbar square|Pulchowk,2
ChIJpWG6yNsZ6zkRmNxvbfHEWNs,office,TSN Corporation,corporate_office,27.6658181,85.32713849999999,Patan durbar square,1
ChIJOe7HVAAZ6zkRI-QelpFsrb0,office,Balkumari saptakhel,corporate_office,27.6734571,85.33384600000001,Patan durbar square,1
ChIJoyVnp9AZ6zkREtB5PNVi98I,office,RB Technology,corporate_office,27.6655754,85.32396969999999,Patan durbar square,1
ChIJBywo51YZ6zkR7hZYg60maaw,office,Kiran Lekhapadi Center Lalitpur,corporate_office,27.665554600000004,85.3239734,Patan durbar square,1
ChIJHYT197MZ6zkRy2LdksBrKiM,office,Lalitpur Electricity Billing Office,corporate_office,27.6659492,85.3219331,Patan durbar square|Pulchowk,2
ChIJNQ-9gNMZ6zkRn7gfpJ7Ef8M,office,Shell Engineering Consultancy Pvt. Ltd.,corporate_office,27.6813082,85.3257311,Patan durbar square,1
ChIJU6wzNcEZ6zkRfzAgPXRelZw,office,The Crazy Studio Pvt. Ltd.,service,27.673799,85.3160455,Patan durbar square,1
ChIJj86K7vUZ6zkR-zO91lWvG1U,office,KBC Nepal Studio,corporate_office,27.6769879,85.3329986,Patan durbar square,1
ChIJUcD1A_4Z6zkRVGKXCytdcFM,office,Peepalbot lekhapadai kendra,corporate_office,27.6655077,85.324007,Patan durbar square,1
ChIJNVi9kccZ6zkRb6SfVa_nZII,office,Padhna Jane,corporate_office,27.6813365,85.3256615,Patan durbar square,1
ChIJ_a62LwAZ6zkRZGwseBsdFHk,office,Roy Group of Company Pvt. Ltd.,corporate_office,27.675275,85.316239,Patan durbar square|Pulchowk,2
ChIJPUSF5n8Z6zkRx6slYlU5Xp0,office,S&S Engineering Consultancy Pvt. Ltd.,corporate_office,27.6724903,85.31604279999999,Patan durbar square,1
ChIJATtcCQAZ6zkRJOWENvF9Pxo,office,Lagankhel Visa Services,travel_agency,27.6663213,85.3208025,Patan durbar square|Pulchowk,2
ChIJgWdXcQAZ6zkR-y_JNSe4wfI,office,NexGen Innovations Pvt. Ltd,corporate_office,27.6752043,85.3162026,Patan durbar square|Pulchowk,2
ChIJzzY7jbEZ6zkRVbNYScYAa5Y,office,NEA Engineering Company Ltd,consultant,27.6804786,85.3207254,Patan durbar square,1
ChIJXbFnFAAZ6zkRby2oV87Qq3c,office,Lawpath Kathmandu,corporate_office,27.6741667,85.31597219999999,Patan durbar square|Pulchowk,2
ChIJuR1oWAAZ6zkRY7DNAYIbnB4,office,Fenix Innovations,corporate_office,27.6788297,85.3183103,Patan durbar square|Pulchowk,2
ChIJlSP2t1YZ6zkRWsZkknaEzvI,office,"SMCA Associates, Chartered Accountants",corporate_office,27.6741404,85.3159592,Patan durbar square|Pulchowk,2
ChIJAQAAQNIZ6zkRrJfSujkM1X4,office,OFFBEAT TRAILS Pvt. Ltd.,corporate_office,27.6687373,85.31757429999999,Patan durbar square|Pulchowk,2
ChIJ7WrBTSwZ6zkR1Ae6psJ9e9g,office,Adventure Bhumi Pvt. Ltd.,corporate_office,27.6670556,85.3193774,Patan durbar square|Pulchowk,2
ChIJP8Z6R90Z6zkR47NrgAdkp4Y,office,KAYO International,corporate_office,27.6697305,85.3331177,Patan durbar square,1
ChIJhbydHTIZ6zkRTlyFKdwq2_M,office,PTE Class Nepal,corporate_office,27.6737219,85.3158435,Patan durbar square,1
ChIJwe0AfgAZ6zkR8eAV1p-_XnY,office,NTTC,corporate_office,27.6801552,85.33010349999999,Patan durbar square|Pulchowk,2
ChIJ1dsLaQAZ6zkROCVHZGL2Fmo,office,SuryaJyoti Life Insurance manbhawan,corporate_office,27.6708134,85.3161524,Patan durbar square,1
ChIJ39ImhskZ6zkRwsb_6lqvIEk,office,Nepal Cylinders Ltd,corporate_office,27.6797586,85.3190132,Patan durbar square|Pulchowk,2
ChIJdamzSQAZ6zkRckPVnwQJOJ0,office,Dream Big Workshop Software Company,corporate_office,27.680897,85.32903139999999,Patan durbar square|Pulchowk,2
ChIJczJuQ5UZ6zkR-siNujiSoUc,office,Inorins Technologies,corporate_office,27.6658977,85.3208836,Patan durbar square|Pulchowk,2
ChIJaSW_xPgZ6zkRrcN-qprFzAQ,office,Worldlink Manbhuwan branch,corporate_office,27.6708619,85.3160111,Patan durbar square,1
ChIJX0_EYgAZ6zkRa9E8t1Ccu5k,office,Urja,corporate_office,27.6798411,85.3189701,Patan durbar square|Pulchowk,2
ChIJR7rNR3cX6zkR0tVNaUOVPXM,office,Shailung Construction Company,corporate_office,27.6703792,85.316181,Patan durbar square,1
ChIJpfOBi5MZ6zkRcWL884i2T10,office,IEI Industrial Engineering International Pvt. Ltd.,,27.6775772,85.3332188,Patan durbar square,1
ChIJOVdKDNwZ6zkRL58tpIOw5sc,office,Supra Services Pvt. Ltd.,service,27.6659999,85.32952890000001,Patan durbar square,1
ChIJT9xy6e0Z6zkRFIjNuEFv_9s,office,ललितपुर जिल्ला बचत तथा ऋण सहकारी संघ लिमिटेड,corporate_office,27.665793800000003,85.3208452,Patan durbar square|Pulchowk,2
ChIJ0T4IgNIZ6zkRz1j9D0y8sqY,office,TBSU Helvetas,corporate_office,27.6701141,85.3162023,Patan durbar square|Pulchowk,2
ChIJH7X7ockZ6zkRIos5LBJrmrA,office,Panchakanya Group,corporate_office,27.6798217,85.31878770000002,Patan durbar square|Pulchowk,2
ChIJSREEgNIZ6zkRCjDrD-_wuew,office,Magic Bus Nepal,corporate_office,27.6701392,85.3161829,Patan durbar square|Pulchowk,2
ChIJ13LNT8oZ6zkR67Wj3pVxkjw,office,TARA ARTS,corporate_office,27.6755157,85.3157399,Patan durbar square,1
ChIJRV01FwAZ6zkRqY8SreY-WDE,office,JK Central,corporate_office,27.6728256,85.3154301,Patan durbar square,1
ChIJa1_wHM0Z6zkR9KPVWzfAi4c,office,Needle Weave Pvt. Ltd,corporate_office,27.6728319,85.31542940000001,Patan durbar square,1
ChIJ60ezEIUZ6zkRlZtd8iDM0zs,office,Shailung Group Of Companies,corporate_office,27.6700432,85.3161775,Patan durbar square|Pulchowk,2
ChIJOw5sJtoZ6zkRzMFVF5GZ1AA,office,SWOG Office,corporate_office,27.6649098,85.3257582,Patan durbar square,1
ChIJH5scTAAZ6zkRryJsGgDlxh8,office,Forall Manufacturing Pvt. Ltd,corporate_office,27.6729943,85.3153648,Patan durbar square,1
ChIJLThasQoZ6zkRlubCY-WXohI,office,Hawapani Nepal हावापानी नेपाल,corporate_office,27.6818698,85.326522,Patan durbar square,1
ChIJUZf2DHcZ6zkRCldUT3vH8F8,office,U. Dhungana & Co.,corporate_office,27.6740412,85.31532349999999,Patan durbar square|Pulchowk,2
ChIJp2Mb4jcZ6zkR8QcVr3fbUfs,office,R.Gupta & Associate's,corporate_office,27.6754579,85.3155448,Patan durbar square,1
ChIJ4bRaPAAZ6zkR2Ov-X_uGglw,office,Urja Tila,corporate_office,27.6698215,85.3161169,Patan durbar square|Pulchowk,2
ChIJ1b6hirMZ6zkRdWWprhE89XE,office,srtechsoft,corporate_office,27.6703732,85.33414549999999,Patan durbar square,1
ChIJ9zbgQQAZ6zkRyTTdmf5PmEg,office,Snow Feed Roselle,corporate_office,27.666598,85.3189477,Patan durbar square|Pulchowk,2
ChIJ38Bqr4QZ6zkRbp8TpBpTtNs,office,Hotel Narayani,corporate_office,27.6782363,85.31685279999999,Patan durbar square|Pulchowk,2
ChIJKR-shJQZ6zkRDgHdjYMWD88,office,F1ARL,corporate_office,27.6782363,85.31685279999999,Patan durbar square|Pulchowk,2
ChIJqfcQMAAZ6zkRyZDdklEHaHA,office,Anurag'office,corporate_office,27.6820167,85.3262848,Patan durbar square,1
ChIJnRjz__YZ6zkRdIjK66yTeWE,office,MM Traders,corporate_office,27.6647484,85.3240491,Patan durbar square,1
ChIJk-sDKgAZ6zkRtT_6JdSgUag,office,Centegic Tower,corporate_office,27.6664004,85.3191377,Patan durbar square|Pulchowk,2
ChIJezCLTAAZ6zkRNqWMBeNhOCA,office,General medical supplyers,corporate_office,27.671499,85.3153057,Patan durbar square,1
ChIJha5BVmoZ6zkR4Nx6r1K3lDk,office,Ko Banchha Crorepati Office काे बन्छ कराेडपति,corporate_office,27.6772904,85.33391739999999,Patan durbar square,1
ChIJP_UeYQAZ6zkRuMK-zP9v2Jw,office,SYS STUDIO,corporate_office,27.6746792,85.3348475,Patan durbar square,1
ChIJpZG3JOgZ6zkRmQBxvNVTSec,office,Nepal Yatayat Byabasai Rastriya Mahasangh,corporate_office,27.6726666,85.3349391,Patan durbar square,1
ChIJLQGVDQAZ6zkR-_XTnC0estM,office,Nepal Show,corporate_office,27.6820746,85.3269699,Patan durbar square,1
ChIJw3df-hUZ6zkReIyq4dfPNOY,office,"Advertising in Use, Pvt. Ltd",corporate_office,27.6804656,85.3310364,Patan durbar square|Pulchowk,2
ChIJK3UeYgAZ6zkRavIWuRsb0iw,office,P.R. Gabion Wires Pvt. Ltd.,corporate_office,27.6726448,85.3349733,Patan durbar square,1
ChIJhVgWzqEZ6zkRJzC3UJxwOFY,office,"Telemko Autolink (70mai, Botslab)",corporate_office,27.6676696,85.33267740000001,Patan durbar square,1
ChIJsXvADgAZ6zkRfkIINqAOLJ0,office,Himalayan Food International Pvt.Ltd,corporate_office,27.6815513,85.3209399,Patan durbar square,1
ChIJ79bVWN0Z6zkRzlXrx9iIT10,office,Kusom Placement Cell,corporate_office,27.6697573,85.33420970000002,Patan durbar square,1
ChIJxUJZniIZ6zkRMTnHSnNwfsA,office,Himalayan Distillery Ltd.,corporate_office,27.6712862,85.3151949,Patan durbar square|Pulchowk,2
ChIJLe-DZRAZ6zkRXQlHbHcev1c,office,best Paani Pvt. Ltd,corporate_office,27.6678207,85.3329316,Patan durbar square,1
ChIJ4WMEaqEZ6zkRuxGjdPiiDqk,office,MSCCSPL,corporate_office,27.6676523,85.33281,Patan durbar square,1
ChIJ65BHC8sZ6zkRCbGTom0P_jk,office,Biraj Print Support,corporate_office,27.6775285,85.3159609,Patan durbar square,1
ChIJ93xKI3kZ6zkRwdP1XdHSAHU,office,Mahalaxmi Metal Industry,corporate_office,27.664419,85.3257951,Patan durbar square,1
ChIJfxffaYwZ6zkRPkynWufARRE,office,Maharjan Stone Carving,,27.6715266,85.3349605,Patan durbar square,1
ChIJMSZUSUcZ6zkRPidAlDN0f4I,office,South Asian Engineering Consultancy,corporate_office,27.6754441,85.3349217,Patan durbar square,1
ChIJ9USX74IZ6zkRQ9FE2y26Lco,office,Med Dent Nepal,corporate_office,27.6824239,85.3259613,Patan durbar square,1
ChIJXaeUucIZ6zkRnTEoIvhoixk,office,Digiage media,corporate_office,27.6818969,85.3213457,Patan durbar square,1
ChIJk8eRgzEZ6zkRLYgvUGtiev4,office,Padma Group of Companies,corporate_office,27.6816278,85.3205917,Patan durbar square,1
ChIJkVh86igZ6zkRwfkH0Gq14kc,office,Goldmine Business Group Pvt. Ltd.,,27.6815982,85.3205045,Patan durbar square,1
ChIJ-5KUebgZ6zkRmChdxVWaD40,office,Integrated Group Nepal,corporate_office,27.6824937,85.3259866,Patan durbar square,1
ChIJFyrSdsEZ6zkRCGwT4775bPY,office,Sumeru/A2,corporate_office,27.6814688,85.32016139999999,Patan durbar square,1
ChIJx7YudQAZ6zkRdoB8SFem9No,office,OneSky,corporate_office,27.6784472,85.3163551,Patan durbar square,1
ChIJP-u-cQAZ6zkRWQatkMQ9Ecc,office,P.K. Acharya and Associates,corporate_office,27.6642375,85.3244844,Patan durbar square,1
ChIJk_2LGwAZ6zkRp3SQceOdo2E,office,3DI Teachers Hostel,corporate_office,27.6692557,85.3342455,Patan durbar square,1
ChIJtXOcTQAZ6zkRIJ6WqRKO5ww,office,HAMRO ONLINE SERVICE,corporate_office,27.6698887,85.33458399999999,Patan durbar square,1
ChIJv_lZYowZ6zkRuH3jqam-r4w,office,The Storytellers,corporate_office,27.6825816,85.3257625,Patan durbar square,1
ChIJFXPGY90Z6zkRSVw-DN0oBqA,office,Kamala Complex Gwsrko Ringroad,corporate_office,27.668869,85.33408999999999,Patan durbar square,1
ChIJ6_9yWAAZ6zkRC5hqZQPwaUY,office,STL International Pvt.Ltd.,corporate_office,27.6739165,85.3354353,Patan durbar square,1
ChIJpSMFDcsZ6zkRxcxaW8_OAys,office,Caravan Bag Supplier,corporate_office,27.6776075,85.3156899,Patan durbar square,1
ChIJC__BGgAZ6zkRt8uhhWKKnTM,office,AirCharge Nepal,corporate_office,27.6681191,85.3335987,Patan durbar square,1
ChIJYVXab9AZ6zkRyXitd-_DYyM,office,Ashirbad Paints Pvt. Ltd.,corporate_office,27.6812399,85.330709,Patan durbar square|Pulchowk,2
ChIJz-GzgvIZ6zkR0_NjKjjfRII,office,Path finder travel and tours pvt ltd,corporate_office,27.673136600000003,85.31445339999999,Patan durbar square|Pulchowk,2
ChIJG3qbSAAZ6zkRfCMa4bBdx7I,office,Maa baishno devi S & CCO,corporate_office,27.665013700000003,85.32031669999999,Patan durbar square,1
ChIJb74olFUZ6zkRhVGtxtcdMEw,office,Purnendu Productions Pvt. Ltd,corporate_office,27.6804706,85.3319255,Patan durbar square,1
ChIJF-qm6LgZ6zkRkMayUL7ItQc,office,shubhecha,corporate_office,27.6733829,85.3144192,Patan durbar square|Pulchowk,2
ChIJk35nUQAZ6zkRIKzlKoF4vLI,office,Manbhawan,corporate_office,27.6681127,85.3162602,Patan durbar square,1
ChIJZYNHQQwZ6zkRDmlC5QHfR2k,office,Amnil Technologies,corporate_office,27.6681044,85.31626349999999,Patan durbar square,1
ChIJy_ZtD88Z6zkRRguAG_dxbEw,office,New generation engineering consultancy,corporate_office,27.6739624,85.33559029999999,Patan durbar square,1
ChIJ2by4JQAZ6zkRRiRxENEyNQ8,office,Noon Resources,corporate_office,27.6735715,85.3143633,Patan durbar square|Pulchowk,2
ChIJz-_WYgYZ6zkRn7E9DvWsrBM,office,eSewa Ltd.,corporate_office,27.6790701,85.3164882,Patan durbar square|Pulchowk,2
ChIJCRR5MM0Z6zkRsHpYiWfVh-0,office,General Trade International Pvt. Ltd.,corporate_office,27.6728416,85.3143334,Patan durbar square|Pulchowk,2
ChIJP0zUvDcZ6zkREasFgzc0xX8,office,Buuzz Nepal HQ,corporate_office,27.6781659,85.3157502,Patan durbar square,1
ChIJX0djvmwZ6zkRtIZkV1y6Cm4,office,Nepasoft Solution Pvt. Ltd,corporate_office,27.6783273,85.31579909999999,Patan durbar square,1
ChIJj32ZLgAZ6zkRhRfTQ_jh9Fc,office,Redstone,corporate_office,27.6656856,85.3186741,Patan durbar square|Pulchowk,2
ChIJNfLBQwAZ6zkRgMK4sFYfW_w,office,Kitab Haru,corporate_office,27.6811734,85.33124200000002,Patan durbar square,1
ChIJkyPzMBcZ6zkRmdj9Tmlk3Zk,office,Shantika Lagi Sajha Abhiyan Nepal (SSAN),corporate_office,27.6648138,85.3202494,Patan durbar square,1
ChIJ53w9U5wZ6zkRIslrhfwFC78,office,Asterix Solution Pvt. Ltd.,corporate_office,27.6652455,85.3306454,Patan durbar square,1
ChIJ7WfTUgAZ6zkRuD1_bkN_pyI,office,APB Partnets Kathmandu,corporate_office,27.681108,85.331406,Patan durbar square,1
ChIJPbKIsckZ6zkR1a5qkT_8snU,office,aadinath saving and credit co-operative ltd,corporate_office,27.665157,85.3304981,Patan durbar square,1
ChIJuT9dCgAZ6zkRKswRbbAYX1A,office,Muktinath EXIM,corporate_office,27.6818309,85.3198063,Patan durbar square,1
ChIJL7OS6lcZ6zkRyJQDeKft2BU,office,Advance Professional Training And Recruitment Center Pvt.Ltd,corporate_office,27.6811286,85.3314429,Patan durbar square,1
ChIJIxw-QAAZ6zkRSf7WY604-LQ,office,HETERO LABS NEPAL,corporate_office,27.6738642,85.3141572,Patan durbar square|Pulchowk,2
ChIJv8SIYgAZ6zkRl2Np9_srtIM,office,Investors Platform Pvt. Ltd,corporate_office,27.6813014,85.3312103,Patan durbar square,1
ChIJuZDdT9EZ6zkRHIHQEc7Y6hI,office,CO SITE,corporate_office,27.6650599,85.319465,Patan durbar square,1
ChIJw9eZ7JkZ6zkRiG6ctPiieeI,office,Annapurna Real Estate,corporate_office,27.672931,85.31405629999999,Patan durbar square|Pulchowk,2
ChIJcQ9sbgAZ6zkRvEh53uf8diU,office,Surita multiple propose Pvt.ltd,corporate_office,27.6658601,85.3319391,Patan durbar square,1
ChIJSyFPeY8Z6zkRQd5hnUCm5Ys,office,Advalent Nepal,corporate_office,27.6679486,85.3158753,Patan durbar square,1
ChIJK6YczswZ6zkRP_9p5eL0sY0,office,Future Works Building Solutions,corporate_office,27.6737723,85.31398779999999,Patan durbar square|Pulchowk,2
ChIJi-6mCwAZ6zkRCCpO2Qy6UIA,office,"Chakupat-10 Lalitpur, Nepal",corporate_office,27.6828777,85.3276592,Patan durbar square|Pulchowk,2
ChIJAQAAwMcZ6zkRY0ZEkGI-aho,office,Medic Mobile Nepal,non_profit_organization,27.6830696,85.3266696,Patan durbar square|Pulchowk,2
ChIJw-i84ssZ6zkR61e2X52xCj4,office,Galli maps,corporate_office,27.6795404,85.316392,Patan durbar square|Pulchowk,2
ChIJizNiRgAZ6zkR5DyqSh3bL3s,office,Aerawat Corp,corporate_office,27.678707,85.315649,Patan durbar square|Pulchowk,2
ChIJ2TEjfAAZ6zkRLTFoUfOQKvA,office,RxPIN Spectrum Pathways,corporate_office,27.678707,85.3156487,Patan durbar square|Pulchowk,2
ChIJvRHH6UgZ6zkRHewMVtbFyZI,office,Shree Ganga Traders,corporate_office,27.6832129,85.3260083,Patan durbar square,1
ChIJj4tkZzwZ6zkRZ8IUvo5mQnU,office,Nepdemy,corporate_office,27.677187300000003,85.33527380000001,Patan durbar square,1
ChIJXx21Td8Z6zkRo1KzKpk0laU,office,The Nepal Initiative,corporate_office,27.6783036,85.3153336,Patan durbar square|Pulchowk,2
ChIJHWy1NsAZ6zkRdw55JlUuEns,office,Elemech International Pvt. Ltd.,corporate_office,27.6800099,85.3333016,Patan durbar square,1
ChIJNw9NGwAZ6zkRQIBewpmWovk,office,FIRST CLASS CONSULTANT AND CONSULTANCY PVT. LTD.,corporate_office,27.6645756,85.31996439999999,Patan durbar square,1
ChIJ79kQ4oAZ6zkRzZdta2joeiI,office,Machineer Technology Pvt. Ltd.,corporate_office,27.6803566,85.3329504,Patan durbar square,1
ChIJlUi3a7QZ6zkR0TVdi58IbyE,office,InfraSoft Solutions | Enterprise IT solutions in Nepal,corporate_office,27.6830748,85.32744439999999,Patan durbar square|Pulchowk,2
ChIJvbfM3CMZ6zkR9HX0v4bwvFM,office,Esewa Money Transfer,corporate_office,27.6792571,85.3159609,Patan durbar square,1
ChIJ42cLUcoZ6zkRg5aaYx6i2gw,office,F1SOFT Group Tower,corporate_office,27.6792652,85.3159372,Patan durbar square,1
ChIJs5hzcAAZ6zkR7WTxlH_IZwM,office,KUL Solution Pvt. Ltd.,corporate_office,27.6831763,85.3273169,Patan durbar square|Pulchowk,2
ChIJMZFni5YZ6zkR-ehVTDA5p9M,office,Imperium Engineering Consultancy,corporate_office,27.6663423,85.3330053,Patan durbar square,1
ChIJuZoqhgYZ6zkRNtuTl4bEOYQ,office,Success Services Multipurpose Company Prv.LtD,corporate_office,27.6661079,85.3328473,Patan durbar square,1
ChIJC3hWIgAZ6zkRvrXzOftOjPU,office,Premier Healthcare Nepal Pvt Ltd,corporate_office,27.682013,85.33091519999999,Patan durbar square,1
ChIJWe5rVtEZ6zkR_9wM1GTEZCI,office,BKM Frozen Food,corporate_office,27.6648424,85.318889,Patan durbar square,1
ChIJvRKCpLoZ6zkRK3zSW2Sloi0,office,Avartan,corporate_office,27.6785897,85.3151468,Patan durbar square|Pulchowk,2
ChIJF5nYv-cZ6zkRy2jftNFLnyk,office,Lalitpur Brick Industry Association,corporate_office,27.6696361,85.33573030000001,Patan durbar square,1
ChIJu2Nj3oMZ6zkRiap4CPJN5Io,office,Kaarya Productions,corporate_office,27.6836144,85.32416219999999,Patan durbar square|Pulchowk,2
ChIJo0dzbOoZ6zkRusVXfAkWMg8,office,Innovative pharma lab,corporate_office,27.6783009,85.3351753,Patan durbar square,1
ChIJqUNEdy4Z6zkRktPqQIREXWs,office,Women Development Training Center,corporate_office,27.6701425,85.31393279999999,Patan durbar square|Pulchowk,2
ChIJP5JhWc4Z6zkRInUsi8dTpL8,office,NextGen Solutions,corporate_office,27.6771984,85.31409479999999,Patan durbar square|Pulchowk,2
ChIJm4PjgVQY6zkROd8N8t-vLts,office,CoSys Software,corporate_office,27.6791966,85.315253,Patan durbar square|Pulchowk,2
ChIJ66cSTZgZ6zkR4HJ8ukuNg74,office,Balaram’s House,corporate_office,27.6837279,85.3263815,Patan durbar square|Pulchowk,2
ChIJ-Ry3MAAZ6zkRmLveAvoYqTI,office,Urban Nepal Consulting Pvt.Ltd,corporate_office,27.6633994,85.32826209999999,Patan durbar square,1
ChIJz1mtyQwZ6zkRdvoZRwSD3Vg,office,Future Enterprises Runit,corporate_office,27.6837933,85.3238748,Patan durbar square|Pulchowk,2
ChIJuS3773gZ6zkRMclxZu30IM4,office,Dangol’s House,corporate_office,27.666158,85.33350999999999,Patan durbar square,1
ChIJ121bgsAZ6zkR7SMbzPZd01U,office,Uniview UNV Nepal - Techno Vision,corporate_office,27.6822716,85.3312579,Patan durbar square,1
ChIJixKXTAAZ6zkR86wKTR8T290,office,DigititUp Agency Pvt. Ltd.,corporate_office,27.6838663,85.3238745,Patan durbar square|Pulchowk,2
ChIJC2TRJBEZ6zkRuxvzlrm3Y6M,office,Verity Distribution Pvt.Ltd.,corporate_office,27.6640565,85.33046399999999,Patan durbar square,1
ChIJ7XSejhoZ6zkRvdoz7IetOkw,office,BNG GROUP PVT.LTD,corporate_office,27.6823151,85.33132119999999,Patan durbar square,1
ChIJbe_VTZIZ6zkR3peOQtDTuWs,office,Red Circle Creative Solutions,service,27.6838984,85.324124,Patan durbar square|Pulchowk,2
ChIJneeG__UZ6zkRxfJPRNDX-5E,office,S.P. Enterprises,corporate_office,27.6786552,85.33531289999999,Patan durbar square,1
ChIJzQNPkyQZ6zkR4BiLu7uUCAA,office,Heal Society Of Nepal,corporate_office,27.6644011,85.3187914,Patan durbar square,1
ChIJj_4RHQAZ6zkROSitHZY7rh4,office,EK Ra Sunya Inc,corporate_office,27.6711614,85.3366873,Patan durbar square,1
ChIJway4IQAZ6zkRxB6maEROG8A,office,TDR Mukti Block B,corporate_office,27.6780989,85.3142811,Patan durbar square|Pulchowk,2
ChIJEVYGzjIY6zkR2ua6eDYBs8E,office,Nepal GIS Society,corporate_office,27.6701568,85.3136047,Patan durbar square|Pulchowk,2
ChIJye3gYtIZ6zkRa6KITMIYw0c,office,Silk Group,corporate_office,27.6696187,85.3362172,Patan durbar square,1
ChIJky7VaAAZ6zkR9eWFDFt2pPI,office,Incybrix Security Technology,corporate_office,27.6652197,85.3326658,Patan durbar square,1
ChIJi-wlh-oZ6zkRJEvI9183YeA,office,Archiconcept Pvt.Ltd,service,27.679665,85.334762,Patan durbar square,1
ChIJkU-KNX0Z6zkR2LKvDZfpwpM,office,Nepali Hands ( Udhami Nepali Pvt.Ltd,corporate_office,27.6832267,85.3297838,Patan durbar square|Pulchowk,2
ChIJScIXlt4Z6zkRPL0YtbwDqhs,office,SKP International Pvt. Ltd,corporate_office,27.6637839,85.3304672,Patan durbar square,1
ChIJY_3XutkZ6zkRe78YoT_3zxU,office,Gahana Sansar,corporate_office,27.662627,85.32586049999999,Patan durbar square,1
ChIJXa0AuuUZ6zkR2c-_fctOXLE,office,Male International,,27.6629056,85.3279025,Patan durbar square,1
ChIJ8WgCeQAZ6zkRztQOM0mHAtM,office,Baruns Jung villa,corporate_office,27.6650017,85.3327236,Patan durbar square,1
ChIJY6CKSbEZ6zkRkLQxSn6aZjg,office,Namaste Chiya Industry,corporate_office,27.665875,85.3161933,Patan durbar square|Pulchowk,2
ChIJYV6_enYZ6zkR9IMhV57h7Yo,office,Albelo Multi Trading Pvt.Ltd.,corporate_office,27.6843068,85.3243528,Patan durbar square|Pulchowk,2
ChIJZ1lDJbgZ6zkRzT7BBGqMhSM,office,Incode Technology pvt ltd,corporate_office,27.6843269,85.3244505,Patan durbar square|Pulchowk,2
ChIJabD2hr4Z6zkRvUzLbHadyfw,office,Dharatee Meditech Pvt. Ltd.,corporate_office,27.6798187,85.3350485,Patan durbar square,1
ChIJFRBVDfkZ6zkRQKdblDzTZf0,office,GrowBiz Management Pvt. Ltd,corporate_office,27.6637022,85.33082639999999,Patan durbar square,1
ChIJwxV8lWMY6zkRbZYWJ6tLmwI,office,Mahakali Mechi Technologies & Suppliers Pvt Ltd,corporate_office,27.6783275,85.3138963,Patan durbar square|Pulchowk,2
ChIJfQCofEIZ6zkRLbel2DQC1OI,office,Brick Consult Pvt. Ltd,corporate_office,27.6843823,85.32392100000001,Patan durbar square|Pulchowk,2
ChIJYwy95DwZ6zkRWOrVbY_Xe60,office,Maitri Holdings Services Pvt Ltd,corporate_office,27.6783833,85.3138851,Patan durbar square|Pulchowk,2
ChIJDURolGYZ6zkRKkI16tnDK_E,office,RVWRMP,corporate_office,27.6666504,85.31508029999999,Patan durbar square|Pulchowk,2
ChIJTeFGBzgZ6zkRtxNBfXv1sYI,office,Tribal Ace pvt. Ltd,corporate_office,27.6831706,85.33097409999999,Patan durbar square,1
ChIJ99nemEcZ6zkRaO9oC4rCV-o,office,Tech Pro Pvt Ltd,corporate_office,27.683209800000004,85.3190467,Patan durbar square|Pulchowk,2
ChIJJ6-fcwAZ6zkRODg8QRNZBic,office,Samakoshi,corporate_office,27.668014,85.33608699999999,Patan durbar square,1
ChIJL5BMexAZ6zkRUDMai35q6NE,office,SS Bhawan,corporate_office,27.6690257,85.33664739999999,Patan durbar square,1
ChIJqeihCgAZ6zkRKmuZUqD-Mig,office,Medi-Dent Enterprises,corporate_office,27.6700374,85.3371739,Patan durbar square,1
ChIJkdrvHDIY6zkRdS6OmE0UGcU,office,IDMC Pvt. Ltd.,corporate_office,27.670126300000003,85.3127646,Patan durbar square|Pulchowk,2
ChIJy6_T6k8Z6zkRuPNzxwbXgXw,office,KG Technologies pvt. ltd,corporate_office,27.6632933,85.3307943,Patan durbar square,1
ChIJfzkbEzsZ6zkROKfu7NzK33w,office,Nepal Integral Mission Society,corporate_office,27.6778077,85.3368835,Patan durbar square,1
ChIJ-_fQGm4Z6zkRHpB0ySsvfgI,office,DWOKO Nepal,corporate_office,27.6833041,85.331503,Patan durbar square,1
ChIJxfdvgC0Y6zkRVvJNzwBDHyE,office,NETTV Pvt. Ltd.,corporate_office,27.6715412,85.3122081,Patan durbar square|Pulchowk,2
ChIJj8eHt_EZ6zkRfiwFe-FVlks,office,BMS Nepal,corporate_office,27.6848881,85.3246018,Patan durbar square|Pulchowk,2
ChIJK20UmjIY6zkR-dlfm8TLhcs,office,स्टिल टावर (Steel Tower),corporate_office,27.6702964,85.31239719999999,Patan durbar square|Pulchowk,2
ChIJ1YEfu2cZ6zkRBUVoZ0Q2jcc,office,Lama Architects & Associates Pvt. Ltd,corporate_office,27.6638045,85.3176584,Patan durbar square,1
ChIJX-uYqeEZ6zkRROSqRj0QB_E,office,Creative Ideas Nepal,corporate_office,27.6839269,85.3305814,Patan durbar square|Pulchowk,2
ChIJWZOmeCIZ6zkR18gHVbTOgqo,office,BN Engineering Consultancy,corporate_office,27.6846864,85.32182929999999,Patan durbar square|Pulchowk,2
ChIJnSKNARcZ6zkRS3B38tnEj5o,office,JaguarLogistic,corporate_office,27.6702278,85.312332,Patan durbar square|Pulchowk,2
ChIJ45jQIOYZ6zkRP2kEBlAvlDc,office,"Kathmandu Upatyaka Khanepani Ltd., Balkumari Branch",corporate_office,27.6707522,85.3378223,Patan durbar square,1
ChIJH5BKSgAZ6zkRAVohvegaS9k,office,Capital tree,corporate_office,27.6674561,85.31365,Patan durbar square|Pulchowk,2
ChIJJ86VULYZ6zkRJKjCDDS8ziw,office,Himawanti Nepal,corporate_office,27.684486300000003,85.320793,Patan durbar square,1
ChIJqSCXJgAZ6zkRiGVZnGOq6XU,office,International Documents Hub Pvt Ltd,corporate_office,27.682833,85.33300589999999,Patan durbar square,1
ChIJ1cmVmEcZ6zkRd4QbgG9Kwlw,office,郭哥经常去的土建设计院,corporate_office,27.6828491,85.33299079999999,Patan durbar square,1
ChIJq4G-MAAZ6zkRgIqGpTMBkJk,office,SEEPORT Consultancy,corporate_office,27.684660800000003,85.3205986,Patan durbar square,1
ChIJid2lXrYZ6zkRsAjZs6eO4E4,office,Air Zone Travel,corporate_office,27.6845975,85.3203613,Patan durbar square,1
ChIJ5eJfCD4Z6zkR13eUI9Wycwg,office,R K commercial,corporate_office,27.6823621,85.3339326,Patan durbar square,1
ChIJtU4u2gYZ6zkRmFah3x5I6jQ,office,Asterisk Solutions Private Limited,corporate_office,27.6653997,85.33503449999999,Patan durbar square,1
ChIJtZIvTJMZ6zkRUxK2YZDR6L4,office,Medikoma Technologies Pvt. Ltd.,corporate_office,27.6829774,85.3331068,Patan durbar square,1
ChIJDc53HxcZ6zkRg7OFYjEfe-8,office,Grofatafat Pvt Ltd,corporate_office,27.6819616,85.31553919999999,Patan durbar square,1
ChIJW02IGQAZ6zkRjNPQ5GJ-CQo,office,LASA Nepal private limited,corporate_office,27.6627003,85.3311054,Patan durbar square,1
ChIJwR_vJQAZ6zkRjkKxx6AHnd8,office,Dhungedhara kathmandu,corporate_office,27.6840965,85.33114429999999,Patan durbar square,1
ChIJOa0QYpoZ6zkR2fVHNDQPIho,office,Danphe Multipurpose private limited,corporate_office,27.6617471,85.32166629999999,Patan durbar square,1
ChIJCelr2TQY6zkRjGrPRdxF4hg,office,CG Square,corporate_office,27.678535,85.3127036,Patan durbar square|Pulchowk,2
ChIJL9riGwAZ6zkRywS9zL8RXCM,office,PROJECT ENGINEERING CONSULTANCY AND RESEARCH (P) LTD. (PRECAR),corporate_office,27.6846004,85.33003339999999,Patan durbar square|Pulchowk,2
ChIJLW7uMdMZ6zkRm63RDHZovQk,office,MaDRA,corporate_office,27.6661587,85.3141146,Patan durbar square|Pulchowk,2
ChIJj3nk2zQY6zkR9ZqUyU2sxvo,office,CG Holdings,corporate_office,27.6785255,85.312635,Patan durbar square|Pulchowk,2
ChIJ-Yx9PwAZ6zkRuMuc-JfjrKg,office,Kanchanjangha Tea Estate And Research Center Private Limited,corporate_office,27.6621245,85.3199523,Patan durbar square,1
ChIJK00WYSgZ6zkRFkqYo1QKYjE,office,Miracle Super Foods,corporate_office,27.6668314,85.3134831,Patan durbar square|Pulchowk,2
ChIJjeP4ELwZ6zkRewYOQ8K_Sh4,office,Life Sciences Solutions,corporate_office,27.6770968,85.3380646,Patan durbar square,1
ChIJqyYUawAZ6zkR6LztnnUOhto,office,The Malla Incorporate Pvt Ltd,corporate_office,27.6823118,85.33436789999999,Patan durbar square,1
ChIJBbGyaC0Y6zkRX2luSmxrBbo,office,IMC Worldwide,corporate_office,27.6692444,85.3120079,Patan durbar square|Pulchowk,2
ChIJN9y9QwAZ6zkRkcHIcWfxTXM,office,Ghumte Engineering PVT.LTD,corporate_office,27.684555,85.33067539999999,Patan durbar square|Pulchowk,2
ChIJhcDbWwAZ6zkRnC62UmE0Ruw,office,Treemia Trading,corporate_office,27.684292900000003,85.3186779,Patan durbar square|Pulchowk,2
ChIJg0zv900Z6zkRfoM1gI6xIwo,office,Sarbham Technology,,27.6850239,85.32058440000002,Patan durbar square,1
ChIJFSaaM9MZ6zkRqJJKPWQpwFo,office,kusunti Youth Club,corporate_office,27.6661301,85.3138164,Patan durbar square|Pulchowk,2
ChIJU03fNwAZ6zkR4WEOOyRinuA,office,Griha Engineering and Property Valuers Pvt. Ltd.,corporate_office,27.6851221,85.32082670000001,Patan durbar square,1
ChIJ-emEiycZ6zkRhgruJC8x-Oc,office,Dhungana Multipurpose,corporate_office,27.6708092,85.338574,Patan durbar square,1
ChIJ6XcWRF4Z6zkR2MrNJPqmyuI,office,Fast Contact Construction Company,corporate_office,27.6652507,85.335408,Patan durbar square,1
ChIJjwktDiwZ6zkRq3gVkBGq120,office,Ramailo Tech,corporate_office,27.667771,85.3373594,Patan durbar square,1
ChIJERNJ8h8Z6zkRjF3-gEzlQgM,office,Swachchha Urja Bikas (SUB) Pvt. Ltd. (स्वच्छ ऊर्जा विकास प्रा.लि.),corporate_office,27.6851004,85.3205407,Patan durbar square,1
ChIJf5trbx0Z6zkRfWBJcIVR7b4,office,WINGS EDUCATION Pvt.Ltd.,corporate_office,27.6834772,85.3330928,Patan durbar square,1
ChIJuwlahEoZ6zkR-KIczg13jpQ,office,Friends in High Places,corporate_office,27.6783075,85.3121821,Patan durbar square|Pulchowk,2
ChIJ22TJTQAZ6zkRVRvX61Omiog,office,NETTV Office,corporate_office,27.665515,85.3142168,Patan durbar square,1
ChIJn5KpWr8Z6zkRv9srCUUONTs,office,Bhaskar Herbaceuticals Pvt. Ltd.,corporate_office,27.670937,85.33871789999999,Patan durbar square,1
ChIJT9vPIwUZ6zkRpr0kfyLTvwI,office,Global Accounting Pvt. Ltd.,corporate_office,27.6836479,85.3329582,Patan durbar square,1
ChIJO-HFDv0Z6zkRuQd0AwK6DEI,office,Attend Pvt Ltd,corporate_office,27.6846733,85.3190554,Patan durbar square|Pulchowk,2
ChIJ3Zo4-XUZ6zkR-LmpaHlXMfw,office,Organization Development Support,corporate_office,27.6613596,85.32145899999999,Patan durbar square,1
ChIJ1edGvS8Z6zkRHzMtmYCi4xM,office,崇教真光ネパール Sukyo Mahikari Nepal,corporate_office,27.6622092,85.3187993,Patan durbar square,1
ChIJuTWOfVQZ6zkRhUV0vLQPqjo,office,Venturetwo,corporate_office,27.6850868,85.3199293,Patan durbar square,1
ChIJc6SFXQAZ6zkRV3XbkgWLnQ4,office,CREATRIX TECHNOLOGOES,corporate_office,27.6850307,85.31975659999999,Patan durbar square,1
ChIJB2hW5aMZ6zkRazmiKJSsVUo,office,MY Trade Center,corporate_office,27.6794715,85.3373696,Patan durbar square,1
ChIJe2LAfg0Z6zkRvyQVQGnhSNI,office,Sam Events,corporate_office,27.6823806,85.3151383,Patan durbar square,1
ChIJtS8ByywY6zkR-TgqeBTpa68,office,Kriyasheel Kreations,corporate_office,27.6659877,85.3135947,Patan durbar square|Pulchowk,2
ChIJ7zU7i7YZ6zkRLmLQzm8mtZk,office,SubWay Nepal Engineering Consultancy,corporate_office,27.6851236,85.3200041,Patan durbar square,1
ChIJB9l1yywY6zkRskZJNDCs9EA,office,Associate Travel,corporate_office,27.6659812,85.31355479999999,Patan durbar square|Pulchowk,2
ChIJs7kxfC0Y6zkRcmm70n9MnYM,office,Rural Access Program,corporate_office,27.6697913,85.311406,Patan durbar square|Pulchowk,2
ChIJQSNhfTYY6zkRipOaELuVADk,office,Build Up Nepal,corporate_office,27.664507,85.31494289999999,Patan durbar square,1
ChIJTTfBOgAZ6zkRC57h5wkcnpQ,office,ProCircle Business Consultants Pvt. Ltd.,corporate_office,27.6715723,85.310935,Patan durbar square|Pulchowk,2
ChIJD0PG0UsZ6zkR7PBBMGdOvFI,office,Botsplash Technologies Pvt. Ltd.,corporate_office,27.6716932,85.31091219999999,Patan durbar square|Pulchowk,2
ChIJ_e5LFAAZ6zkRUrR1YT_d-rY,office,Kupandole Jugwal Lalitpur,corporate_office,27.6851767,85.319958,Patan durbar square,1
ChIJh_u-JwAZ6zkRNI_22lv1Oic,office,Sekhai skill & language training center,corporate_office,27.6824128,85.3150586,Patan durbar square,1
ChIJpZa2EbUZ6zkRHC0x3mSybSI,office,Asteroid venture Pvt. Ltd.,corporate_office,27.6832275,85.3160934,Patan durbar square,1
ChIJRU21MXAZ6zkRhZzgNMA0Drc,office,TechInherit Pvt. Ltd.,corporate_office,27.6833842,85.33378689999999,Patan durbar square,1
ChIJI68Yn5UZ6zkRzKqCukzeWRI,office,Tea City,corporate_office,27.6658344,85.3135198,Patan durbar square|Pulchowk,2
ChIJpRdeZKMb6zkROO6EY3h012I,office,Mero Rating,corporate_office,27.6832283,85.3340841,Patan durbar square,1
ChIJq9iRyiwY6zkRoGUxKRiLVas,office,The Himalayan Connections,corporate_office,27.6657843,85.31352260000001,Patan durbar square|Pulchowk,2
ChIJScrEDVUY6zkRDWq4BwQYmww,office,Lucky Productions Pvt. Ltd.,corporate_office,27.6618226,85.3189475,Patan durbar square,1
ChIJB9U94NEZ6zkRWqo6pXTlKZ0,office,Dewdrop Water Treatment Services Pvt. Ltd.,corporate_office,27.6681664,85.338139,Patan durbar square,1
ChIJC2OZUQAZ6zkR7Bsu5tPXjgg,office,SCSS Consulting,corporate_office,27.6719577,85.3106631,Patan durbar square,1
ChIJy6NUnfMZ6zkRwgD1_PbtvAQ,office,代表处办公室,corporate_office,27.6770875,85.3110995,Patan durbar square|Pulchowk,2
ChIJMTbxl9YZ6zkRI3wEsHSaj3w,office,Cepad Hydro Consultants,corporate_office,27.6620789,85.3180344,Patan durbar square,1
ChIJmbFCOgAZ6zkRxjFdhTanEUw,office,Mabilung Energy,corporate_office,27.6840044,85.31670199999999,Patan durbar square|Pulchowk,2
ChIJgf40BQAX6zkRRJuBQ07lUzA,office,Shivani Biotech Pvt Ltd,corporate_office,27.6640655,85.3350801,Patan durbar square,1
ChIJDfxyJuAZ6zkRcLxHMUHS5GQ,office,TATUS Pvt. Ltd,consultant,27.6619226,85.31826749999999,Patan durbar square,1
ChIJ9_fVskQZ6zkRT8YQfcbxWTY,office,Collection Point (Hero Service Center),corporate_office,27.6637122,85.3347477,Patan durbar square,1
ChIJlwPBWdcZ6zkRhqrdIvL7hlM,office,A7 Visuals,corporate_office,27.6833793,85.3156164,Patan durbar square,1
ChIJYbZoEAAZ6zkRPGEPURIx8QA,office,ROE Network,corporate_office,27.6604345,85.32602750000001,Patan durbar square,1
ChIJyUV4ZwAZ6zkRlNz0BohdbwQ,office,农业发展,corporate_office,27.6717391,85.31043249999999,Patan durbar square,1
ChIJDxRHJBoZ6zkRUO_kCd5Cx1o,office,Marbs Creation,service,27.6617554,85.3184531,Patan durbar square,1
ChIJ4ydM3fQZ6zkRjJ_grjItyic,office,East China Hydropower Company,corporate_office,27.6717264,85.3104329,Patan durbar square,1
ChIJS5pqt18Z6zkRzNn8XqLuTrE,office,sachidananda palace,corporate_office,27.6659915,85.33708109999999,Patan durbar square,1
ChIJi52AHwAZ6zkRa-dz4V_CIJA,office,Mobile Finance Technology Pvt. Ltd.,corporate_office,27.6842453,85.31671279999999,Patan durbar square|Pulchowk,2
ChIJCR5rKXEZ6zkRcVUdN4qX2QQ,office,Alliance for Prosperity,corporate_office,27.6749386,85.3102186,Patan durbar square|Pulchowk,2
ChIJe1s8QQAZ6zkRYvEltrxkYFw,office,Fewa Technologies,corporate_office,27.6839745,85.3161143,Patan durbar square,1
ChIJMzdD1kIZ6zkRr2Lne0VfMoU,office,Nepa Hima Trade Link Pvt. Ltd.,corporate_office,27.6826262,85.3143127,Patan durbar square,1
ChIJkZLwBQAZ6zkRwlHlJ3WnAU0,office,Lalitpur Dolahiti,corporate_office,27.6626629,85.3161552,Patan durbar square,1
ChIJNySkljMY6zkR0LeUTx4ygtk,office,ICT For Agri Pvt. Ltd,corporate_office,27.6746834,85.3100212,Patan durbar square|Pulchowk,2
ChIJ7VVsldEZ6zkRj3PdmWylBaQ,office,Jagat,corporate_office,27.6629815,85.3156101,Patan durbar square,1
ChIJlxO_t4oZ6zkRNv9BQx1j-Wk,office,Lotus Bioscience Nepal Pvt Ltd,corporate_office,27.6605624,85.3291517,Patan durbar square,1
ChIJa30t8rgZ6zkR5IBbxEmays4,office,Celltronic Telesolutions,corporate_office,27.6628538,85.3157432,Patan durbar square,1
ChIJpZa2EbUZ6zkR2Ziyp9gfJI8,office,My 🏠,corporate_office,27.6838321,85.3154656,Patan durbar square,1
ChIJCyCYSgEZ6zkRYYp7Hop_RtA,office,National Institute of Contemporary Studies,corporate_office,27.6838301,85.3153502,Patan durbar square,1
ChIJC4IQQQAZ6zkRT8dyR8ETfag,office,Cosmic Innovation Center (CIC),corporate_office,27.6839598,85.31552719999999,Patan durbar square,1
ChIJl-csqMUZ6zkRlkoDt-c_Nkg,school,Adarsha Kanya Niketan Higher Secondary School,school,27.6736353,85.3259532,Patan durbar square|Pulchowk,2
ChIJ87OfSgAZ6zkRbSJ3GPKst_0,school,Lalit LS School-Saugal,school,27.6716156,85.32711429999999,Patan durbar square|Pulchowk,2
ChIJR39kw8QZ6zkR4ITOO_gMcQk,school,Lalit Bikas Nimna Madyamik Vidyalaya,school,27.671661,85.3273009,Patan durbar square|Pulchowk,2
ChIJr5kDlN0Z6zkRCCJ8XoebdsM,school,Doremi pre-school,preschool,27.6706605,85.3263161,Patan durbar square|Pulchowk,2
ChIJHZV4JM8Z6zkRwIg7z7xImho,school,Horizon English School,secondary_school,27.6749974,85.3219687,Patan durbar square|Pulchowk,2
ChIJM-avqs8Z6zkR_EHqyhpqY0s,school,Hilaros Montessori Pre - School,school,27.673245700000003,85.3214409,Patan durbar square|Pulchowk,2
ChIJ0xDxrM8Z6zkRL_3rAOsi86Y,school,Purnachandi Boarding Secondary School,school,27.673002,85.3214285,Patan durbar square|Pulchowk,2
ChIJ-bfgsNoZ6zkRFDb23HSbgsU,school,श्री मिननाथ आदर्श शिक्षा सदन नि. मा. वि,government_office,27.6698735,85.3248783,Patan durbar square|Pulchowk,2
ChIJNyHThpMZ6zkRs8dWBPirqh8,school,Room,school,27.6728075,85.3208981,Patan durbar square|Pulchowk,2
ChIJb_6wbcQZ6zkRjXRBkw_RhuM,school,Shramik Shanti Secondary School श्रमिक शान्ति माध्यमिक विद्यालय,government_office,27.6744736,85.3290081,Patan durbar square|Pulchowk,2
ChIJP8LW2egZ6zkREnki1gVypnA,school,Bhassara Sec. School,school,27.6730186,85.32044549999999,Patan durbar square|Pulchowk,2
ChIJx03DJ9AZ6zkRkA7zk1secco,school,Y.M.B.A International Buddhist School,school,27.6702481,85.3220758,Patan durbar square|Pulchowk,2
ChIJ664uWQAZ6zkRV6BSNOloBwk,school,Open School (Yasodhara Open School),school,27.6693083,85.3259255,Patan durbar square|Pulchowk,2
ChIJP4pZYcYZ6zkRT8oXG6ifOc0,school,Kumbeshwar Technical School,,27.677504,85.32629,Patan durbar square|Pulchowk,2
ChIJGcQv3doZ6zkR06M6843ULek,school,Shree Yashodhara Bauddha Secondary School,school,27.6691765,85.3259341,Patan durbar square|Pulchowk,2
ChIJZwOv0cgZ6zkR0s2wFKRf5dI,school,Badya Shiromani Gharana,school,27.6767682,85.3218804,Patan durbar square|Pulchowk,2
ChIJd7i2rMQZ6zkRCInBaaU3Dl4,school,Shree Gyan Mandir School,school,27.6708249,85.32898229999999,Patan durbar square|Pulchowk,2
ChIJ0RGlb8MZ6zkR_LNyK9Pfke4,school,Shubha Kamana Secondary Boarding School,school,27.6726766,85.3298895,Patan durbar square|Pulchowk,2
ChIJha3VldoZ6zkRzA1dQh0m3GU,school,SHREE BALKUMARI ENGLISH SECONDARY SCHOOL,secondary_school,27.668984,85.325093,Patan durbar square|Pulchowk,2
ChIJ_doodAAZ6zkRuJFJ4FioeUo,school,Private SEE Coaching (Open School) Tuition,school,27.6691918,85.32345959999999,Patan durbar square|Pulchowk,2
ChIJbRbbZbgZ6zkRFPBkEBGLV88,school,"Excel Institute - Computer Institute, English Language, Private SEE, SEE tuition, Computer course in Lagankhel",educational_institution,27.6691901,85.3234597,Patan durbar square|Pulchowk,2
ChIJv_V2Ag4Z6zkR79Rd5mkWUQU,school,Subhakamana school,school,27.6723085,85.3298633,Patan durbar square|Pulchowk,2
ChIJkwvKc8MZ6zkRRWdbi1UDScI,school,Lalit Kalyan Kendra Lower Secondary School,secondary_school,27.6729956,85.3301678,Patan durbar square|Pulchowk,2
ChIJ7V8o54_4i2AR9pyvyiIgk8A,school,Hotelogy Academy Kumaripati,school,27.6697515,85.3217032,Patan durbar square|Pulchowk,2
ChIJfZE8lsgZ6zkR9GI_jkoNyWc,school,New Sumnima secondary school,school,27.6777818,85.32313169999999,Patan durbar square|Pulchowk,2
ChIJPQDzf7MZ6zkRGgZjm1Oppa4,school,Nirvana Montessori,school,27.6714006,85.3200669,Patan durbar square|Pulchowk,2
ChIJr7QQxscZ6zkRpHYmguktfkk,school,Ouzo Bakery School,school,27.6693153,85.3221336,Patan durbar square|Pulchowk,2
ChIJgcMiMBoZ6zkREXNrUGODKbU,school,V. S. P School (Vidhya Sagar Public School),school,27.6753328,85.3300501,Patan durbar square|Pulchowk,2
ChIJYUC-bccZ6zkRs3LhQh04jLs,school,Ni-laa Montessori V. S. P School,school,27.6750119,85.33021269999999,Patan durbar square|Pulchowk,2
ChIJV9jINtAZ6zkRL1DvTOdwujU,school,Pragati Adarsh English School,school,27.6692135,85.3217925,Patan durbar square|Pulchowk,2
ChIJJZxOFZkZ6zkRYF1zUcqbQBs,school,Lalitpur Swopna Sansar School,primary_school,27.6765772,85.3295151,Patan durbar square|Pulchowk,2
ChIJRzuoCvUZ6zkRDMQJKw8zDNg,school,Boost Stride Academy,,27.6682821,85.3248788,Patan durbar square|Pulchowk,2
ChIJr2jXc8gZ6zkR3TqwwXii8m8,school,Mitra School,school,27.6785976,85.32466289999999,Patan durbar square|Pulchowk,2
ChIJUTJyGc4Z6zkR4AOqEI6Y46M,school,Testing,educational_institution,27.6708125,85.3198125,Patan durbar square|Pulchowk,2
ChIJBfMfn84Z6zkRv8ALKcS2aFQ,school,Lotus Academic College,school,27.6745234,85.31916869999999,Patan durbar square|Pulchowk,2
ChIJj49ZEM4Z6zkRvIF9Tg2YMho,school,"JEF - Jasper Education Foundation - CMAT, KUUMAT, PUMAT, BCA, BSc.CSIT,..Entrance Preparation",educational_institution,27.6711101,85.31962089999999,Patan durbar square|Pulchowk,2
ChIJB-3wD8MZ6zkRFLCSOY7u0tc,school,Early Kids Home,school,27.6728816,85.33096359999999,Patan durbar square|Pulchowk,2
ChIJ7c5AMbkZ6zkRzFm1F5JEvok,school,Asami Education,school,27.6716468,85.31924409999999,Patan durbar square|Pulchowk,2
ChIJb5e6hqUZ6zkR8-_a9RR_rn4,school,Chakupat,school,27.678484,85.322918,Patan durbar square|Pulchowk,2
ChIJVS9IhU4Z6zkRcDAurkU4jVQ,school,Blooming Kids Pre School and Day Care,school,27.678484,85.322918,Patan durbar square|Pulchowk,2
ChIJvZGK2rQZ6zkRS66JEFDCDMk,school,Eden Garden Secondary Boarding School,school,27.678688,85.3235011,Patan durbar square|Pulchowk,2
ChIJKSteRyAZ6zkR8S9cWqo-WSA,school,BabyStar Pre-school,school,27.6787052,85.3228836,Patan durbar square|Pulchowk,2
ChIJjxY1q-UZ6zkR5Q_SNthyjw8,school,Little Scholars Kindergarten and Daycare,school,27.6708202,85.31930890000001,Patan durbar square|Pulchowk,2
ChIJg9xmD84Z6zkRxVvX2Uudri0,school,Manaslu International Education,consultant,27.6710368,85.3191808,Patan durbar square|Pulchowk,2
ChIJTZ7akQUZ6zkRA25oilRpgtg,school,Star Kids Montessori,school,27.6747179,85.3186303,Patan durbar square|Pulchowk,2
ChIJ5RelcQAZ6zkRhHf_ftSZK7A,school,Patan High School,secondary_school,27.6783673,85.32150060000001,Patan durbar square|Pulchowk,2
ChIJvWZwzhEZ6zkRfIUwUmadI4A,school,Moral Sikha Academy,school,27.6726784,85.3315646,Patan durbar square,1
ChIJqZhMycYZ6zkRmLzOMt4209E,school,Little City Kids Home,school,27.678265,85.3287469,Patan durbar square|Pulchowk,2
ChIJv3GkSmwZ6zkRfRSHpRuNCd8,school,Masterchef Hotel Training Center,school,27.6676321,85.3234454,Patan durbar square|Pulchowk,2
ChIJ01mgKswZ6zkRko9zzm6lYwI,school,VIDYA VIKASH BOARDING HIGH SCHOOL,school,27.6741553,85.3183485,Patan durbar square|Pulchowk,2
ChIJg9oqTK0Z6zkR2hyROsT2WxM,school,Childent Talent Montessori School,school,27.6674411,85.3244514,Patan durbar square|Pulchowk,2
ChIJTdHJxUQX6zkRHfiIq95zc6Y,school,Little Flowers Public School,school,27.6786098,85.3283538,Patan durbar square|Pulchowk,2
ChIJ40hkJcwZ6zkRYKHccjg8EPQ,school,Bal Vinod Secondary School,secondary_school,27.673926,85.318252,Patan durbar square|Pulchowk,2
ChIJiRGgfYQZ6zkRDpVlQB9moVM,school,Omega secondary school,school,27.670255,85.31914979999999,Patan durbar square|Pulchowk,2
ChIJqwT9_MUZ6zkRMZzoy9oTdMM,school,Shree Chandee Adarsha Saral Secondary School,secondary_school,27.6794442,85.3238774,Patan durbar square|Pulchowk,2
ChIJfVLCdFkZ6zkRgAeV1UZmX20,school,Nirvana Secondary School,school,27.6708929,85.3186772,Patan durbar square|Pulchowk,2
ChIJVVWVVtoZ6zkRl_JZVoaakdg,school,National Children's School,school,27.6673006,85.3261411,Patan durbar square,1
ChIJ3ZewKe8Z6zkR00Ug_US5ftg,school,"Ristretto Barista Coffee School, Kumaripati",school,27.6717016,85.31828569999999,Patan durbar square|Pulchowk,2
ChIJvbJgqdsZ6zkR22FJfy8dMFM,school,Bal Vikas Secondary School,school,27.6673288,85.3268878,Patan durbar square,1
ChIJxcEidBUZ6zkRLV_3yMVo7o8,school,Milestone School,school,27.6670463,85.3256451,Patan durbar square,1
ChIJR91jtsYZ6zkRIgZ2PSmzeK8,school,Chandani Secondary English School,school,27.6780625,85.3299375,Patan durbar square|Pulchowk,2
ChIJ2aNhIDgY6zkRjFh-kb29LgE,school,Evolution School,school,27.6706031,85.3185031,Patan durbar square|Pulchowk,2
ChIJyXJ2-ssZ6zkRrR8pc3wLsqE,school,Madan Smarak Secondary School,school,27.6760805,85.3184362,Patan durbar square|Pulchowk,2
ChIJrf4T-sIZ6zkR2D28IvoToUc,school,Universal Secondary English School,school,27.673199,85.3322999,Patan durbar square,1
ChIJOyUiNcwZ6zkRNZYcV5Gw8_s,school,GYAN-SHIKHA B. HIGH SCHOOL,secondary_school,27.6732114,85.3176766,Patan durbar square|Pulchowk,2
ChIJHeG2r9sZ6zkRBwcUXGXd2jY,school,Unique Model Academy,primary_school,27.6671551,85.3270229,Patan durbar square,1
ChIJCTsvSoMZ6zkR0IMi0NfAQpw,school,Manasukh Dhvani | Online Music School in Nepal,educational_institution,27.6758036,85.31817730000002,Patan durbar square|Pulchowk,2
ChIJt0WKFqoZ6zkRiJWSTzsxOyY,school,Himari Japanese Language School,school,27.6718342,85.3178327,Patan durbar square|Pulchowk,2
ChIJHS6N5cgZ6zkRtJE1qzfXFqo,school,Patan Secondary School,school,27.679061,85.3211457,Patan durbar square|Pulchowk,2
ChIJWYHQEEEZ6zkR_iVvrMEVne4,school,Education Without Boarder,school,27.6791794,85.32130099999999,Patan durbar square|Pulchowk,2
ChIJSzMhw8IZ6zkRMTWfM80BaeI,school,Oracle English Medium School,school,27.6719464,85.3324464,Patan durbar square,1
ChIJ_RhSkHMZ6zkRM61DSEdcafM,school,Unnati Secondary School,school,27.6664271,85.3251449,Patan durbar square,1
ChIJq0ycIfsZ6zkRm4N9CgItrSc,school,Line Academy,educational_institution,27.675125,85.3172302,Patan durbar square|Pulchowk,2
ChIJ070ZMAAZ6zkRIQh2OtmVVhY,school,Home town,secondary_school,27.6754938,85.3326787,Patan durbar square,1
ChIJqyfbRMwZ6zkRnM2r2RaLgU4,school,Smile Kindergarten,preschool,27.674029,85.3169427,Patan durbar square|Pulchowk,2
ChIJlUDhlLgZ6zkRuWkmIk5nr1o,school,Heaven's Kindergarten,school,27.6804154,85.3266349,Patan durbar square|Pulchowk,2
ChIJ6RQh_c0Z6zkRSccn_Fe62wA,school,United Academy,educational_institution,27.6696081,85.3181244,Patan durbar square|Pulchowk,2
ChIJ_wctXAAZ6zkRMA0wRsFEEMs,school,Happy Hour Montessori,school,27.6663874,85.32719089999999,Patan durbar square,1
ChIJa4kkXMwZ6zkRp9iH_yNLScU,school,Lovely Home Jawalakhel,school,27.6738179,85.3167922,Patan durbar square|Pulchowk,2
ChIJnwc5tzIZ6zkR5fFsG66oaNc,school,IGK Pre-school,primary_school,27.6804859,85.3227055,Patan durbar square|Pulchowk,2
ChIJ7RezedwZ6zkRzwsXXIIj6Ew,school,श्रमजित किशोर माध्यामिक विद्यालय,secondary_school,27.667072,85.329296,Patan durbar square,1
ChIJVVWVUMwZ6zkRx5OF0gXA9u0,school,Shikhar Boarding School,school,27.673814,85.3165308,Patan durbar square|Pulchowk,2
ChIJ-U8KeswZ6zkRQSQA_us4I1A,school,TRI-PADMA VIDYASHRAM SECONDARY SCHOOL,secondary_school,27.6755591,85.3168728,Patan durbar square|Pulchowk,2
ChIJK4OIGtEZ6zkRGtK1CqGKw28,school,Academy of Culinary Arts and Hospitality Management,,27.6668098,85.32083469999999,Patan durbar square|Pulchowk,2
ChIJkwZUVswZ6zkR4kiWCAFzPhk,school,Cubby Care Pre House,school,27.673677800000004,85.3164675,Patan durbar square|Pulchowk,2
ChIJ5TeKoNEZ6zkRbXb5xuzor7s,school,Campion School,school,27.667,85.32034809999999,Patan durbar square|Pulchowk,2
ChIJdzTJsNMZ6zkRjucfvmXXQKA,school,The Rising School,school,27.6663104,85.328296,Patan durbar square,1
ChIJi0Mek9sZ6zkRaUIq44En9Yg,school,Baal Vidhya Griha,preschool,27.6662877,85.3282974,Patan durbar square,1
ChIJYW8lcxMZ6zkRD266IjgKhWc,school,The Little Lambs Pre School and Day Care,preschool,27.6657208,85.3258577,Patan durbar square,1
ChIJUTyTn5wZ6zkRnmjI9vZwWhY,school,"Niharika Public School, Lunkhusi, Gwarko",school,27.6668232,85.32983,Patan durbar square,1
ChIJg-1kWdwZ6zkRxeKdTDj6MQc,school,Prabhat Higher Secondary School,school,27.6675007,85.3309235,Patan durbar square,1
ChIJk3EIsYcZ6zkRw0NufxnkJWs,school,Hamro Kids Zone pre school,school,27.6695263,85.33276769999999,Patan durbar square,1
ChIJE0Cr9okZ6zkRpsVSzGZbxTs,school,JoshiGroup,primary_school,27.6710982,85.33354399999999,Patan durbar square,1
ChIJ3yoe_sIZ6zkRFrsNfUcYPpM,school,Nava Vidya Mandir School/नव विद्या मन्दिर स्कुल,school,27.6754737,85.3336449,Patan durbar square,1
ChIJlZavEN0Z6zkRkqJ9OQHHoHE,school,Bal Deeksha Sadan Secondary School,government_office,27.6688193,85.3324581,Patan durbar square,1
ChIJfaha8swZ6zkRfOzZNRHXgoQ,school,Prerana Kids Courtyard,preschool,27.674311,85.315699,Patan durbar square|Pulchowk,2
ChIJi1fa7ycZ6zkRnerR6niRKQk,school,Baby Zone Pre-School and Child Care,preschool,27.6742363,85.3156557,Patan durbar square|Pulchowk,2
ChIJzzJPCgAZ6zkR_zcBlRMY91M,school,Evolve IT Hub,,27.6658963,85.3208726,Patan durbar square|Pulchowk,2
ChIJV_qnJ8oZ6zkRdnbQdHaFtds,school,National Aviation Academy,school,27.6798224,85.3189749,Patan durbar square|Pulchowk,2
ChIJZcTTjdcZ6zkR_4qsZv8hTuo,school,Springbells Montessori Day Care,school,27.6676932,85.3179825,Patan durbar square|Pulchowk,2
ChIJNUQXOmUZ6zkRp-McD46MaJk,school,"Gyanodaya secondary school ,pulchowk",school,27.6782363,85.31685279999999,Patan durbar square|Pulchowk,2
ChIJDw6OA4gZ6zkRj3O9Zo3sD_0,school,Shining star pre school,preschool,27.6744875,85.33473099999999,Patan durbar square,1
ChIJw9KePdEZ6zkRk1W6xyjvYr0,school,Lalitpur Madhyamik Vidyalaya (LMV),secondary_school,27.6656778,85.32045889999999,Patan durbar square|Pulchowk,2
ChIJT8xNyIIZ6zkRFQTNJMyLKLM,school,Sayapatri (Marigold) School,school,27.6651609,85.328648,Patan durbar square,1
ChIJlZkj-tsZ6zkRDI2Ioocs0rQ,school,Marigold Boarding High School,secondary_school,27.66516,85.3286478,Patan durbar square,1
ChIJWdIE2X0Z6zkRlYdiFxlKuR4,school,Future Stars High School,school,27.6725652,85.3149885,Patan durbar square|Pulchowk,2
ChIJTXPTutQZ6zkRD3nibNBfDeo,school,Shree Lamanagi Lower Secondry School,school,27.6673005,85.33235049999999,Patan durbar square,1
ChIJr6rFFM0Z6zkRxjRHwJ1D7Pk,school,Aksharaa Kindergarten,school,27.6716428,85.31501790000002,Patan durbar square|Pulchowk,2
ChIJX1horKwZ6zkRX4QhtB0jJLo,school,Bihani Kiran Pre School,school,27.6691517,85.33397769999999,Patan durbar square,1
ChIJEeN5u7AZ6zkRbEgDS4bncTU,school,Dreamz Sano Sansar School,preschool,27.664325,85.324466,Patan durbar square,1
ChIJv0dZUx4Z6zkRMt2yYoam47I,school,Shakya Animation,educational_institution,27.6820882,85.3282512,Patan durbar square|Pulchowk,2
ChIJz5V4DlkZ6zkR76nrm2fDH8k,school,Hair n Shanti Unisex salon & Academy,beauty_salon,27.6722305,85.31464860000001,Patan durbar square|Pulchowk,2
ChIJqStRoZ4Z6zkR1lxNUO7dEcc,school,Takshashila Play Group and Nursery,preschool,27.6652504,85.3301841,Patan durbar square,1
ChIJMzJhpaQZ6zkR9QqZE0nPG-s,school,Technical Training & Research Institute (TTRI),school,27.6654858,85.3193277,Patan durbar square|Pulchowk,2
ChIJReJQjh8Z6zkRMFkD262IDOI,school,"St. Xavier's School Jawalakhel, Main Gate",secondary_school,27.6741522,85.3142321,Patan durbar square|Pulchowk,2
ChIJKRlqRwAZ6zkR0gQjFQlFImk,school,Petals Angels Child Care and Pre-school,preschool,27.6716468,85.3356391,Patan durbar square,1
ChIJ-eC3Rs0Z6zkRpKGSLqH6awE,school,Gate House,secondary_school,27.6745331,85.3141639,Patan durbar square|Pulchowk,2
ChIJ7Z0eStEZ6zkRrEe2Ds0ktIQ,school,Oxbridge International Secondary School,government_office,27.6647187,85.3201662,Patan durbar square,1
ChIJJZ5M-IYZ6zkRDs4w2Z2RiJc,school,AIA Complex,secondary_school,27.6806078,85.3327111,Patan durbar square,1
ChIJ36oTpNIZ6zkR2vQtYeS-iVc,school,Ullens Kindergarten,school,27.6699704,85.314443,Patan durbar square|Pulchowk,2
ChIJER3IASgZ6zkRlwlBYfPmeAI,school,Smart Care Boy's Hostel,government_office,27.6663423,85.3330053,Patan durbar square,1
ChIJsR0UZwAZ6zkROohiOHRpcjY,school,SXJ Children Park,secondary_school,27.6747282,85.3138037,Patan durbar square|Pulchowk,2
ChIJZRdPRcsZ6zkRay6Pf_QVlYQ,school,Shramik Bal Bigyan School,school,27.6767668,85.3143405,Patan durbar square|Pulchowk,2
ChIJXXr9VboZ6zkRcoBTjqH-gG4,school,school,school,27.6791296,85.3344256,Patan durbar square,1
ChIJL6MeSDMY6zkRkL-uxKbO1nQ,school,St. Xavier's School,school,27.6743367,85.3135422,Patan durbar square|Pulchowk,2
ChIJaQ_nFcAZ6zkRU30MLlW5hII,school,Neric Academy नेरिक एकेडेमी,secondary_school,27.6806006,85.3331494,Patan durbar square,1
ChIJu1P9H60Z6zkRriQ9VdDlTYY,school,Eurokids Jawalakhel - Secondary Kindergarden/Montessori/Best Pre-School in Lalitpur Patan,preschool,27.6754234,85.3134862,Patan durbar square|Pulchowk,2
ChIJp1O0QV8Z6zkRbTkDq5hh1vo,school,Sinchahiti Mahila Viddyalaya,school,27.6634693,85.32866489999999,Patan durbar square,1
ChIJFY23QLgZ6zkR7odejTrRHGU,school,Kids Merryland Secondary School,school,27.6839269,85.3253084,Patan durbar square|Pulchowk,2
ChIJFUfXm80Z6zkRS1PX0IN5wx0,school,Shree Choina Bina Guru Ganesh Adharbhut Bidyalaya,school,27.6644011,85.3187914,Patan durbar square,1
ChIJIw-959IZ6zkRQBW1htWYGvQ,school,Adarsha Vidya Mandir,secondary_school,27.6673854,85.3150758,Patan durbar square|Pulchowk,2
ChIJkSx3UDMY6zkRZ9PN4Xmi0RI,school,Alpha's High School,secondary_school,27.6752734,85.3130563,Patan durbar square|Pulchowk,2
ChIJpf2bO9sZ6zkR1HiKe9XODWg,school,Shemrock Keen Kiddies Preschool,school,27.6782763,85.3140078,Patan durbar square|Pulchowk,2
ChIJXavRnOoZ6zkRmFJ1owAUP-g,school,Heartland Montessori,school,27.6803266,85.33449019999999,Patan durbar square,1
ChIJ5_kLUwAZ6zkRjqmhESk-P_4,school,SVM High school,secondary_school,27.6679678,85.3142778,Patan durbar square|Pulchowk,2
ChIJRYVgyQcZ6zkR0eksyn7ezHs,school,Little Hearts Kids Zone,school,27.663733,85.33091089999999,Patan durbar square,1
ChIJn8so7S4Z6zkRRtlXzarRo48,school,Glide City Skate Park,sports_complex,27.6845229,85.32478820000001,Patan durbar square|Pulchowk,2
ChIJx-1fymoZ6zkRnkI6VSfPXVM,school,Aakav kindergarten,school,27.664886,85.3168992,Patan durbar square,1
ChIJ_W0yhwsZ6zkRMqv2DCzPdvQ,school,Iota Academy,school,27.665532400000004,85.3342734,Patan durbar square,1
ChIJ5zojmlAZ6zkRzCHlkira11s,school,SXJ Basketball Court 2,school,27.6751755,85.3121243,Patan durbar square|Pulchowk,2
ChIJt08qNy0Y6zkR3ysSihIJRz8,school,Children's Garden pre-school,preschool,27.6682301,85.3131918,Patan durbar square|Pulchowk,2
ChIJW0OgpNIZ6zkR4qaRjJm8ny8,school,Genesis International Preschool & Daycare Center,preschool,27.6661097,85.3146922,Patan durbar square|Pulchowk,2
ChIJ8R4iXAAZ6zkRpvMIiXH6WOY,school,SXJ South Gate Parking Area,secondary_school,27.6747407,85.31181230000001,Patan durbar square|Pulchowk,2
ChIJx3QOAwAZ6zkRqHGc_3EDUhE,school,SXJ Basketball Court 3,secondary_school,27.6752798,85.3118958,Patan durbar square|Pulchowk,2
ChIJA9AcfwAZ6zkR3lVnrV9s6LU,school,SXJ Basketball Court 1,secondary_school,27.6743443,85.3117134,Patan durbar square|Pulchowk,2
ChIJuyA5eTMY6zkRHcv4AyWZaTs,school,St. Mary's Sec. School,school,27.6758556,85.3117401,Patan durbar square|Pulchowk,2
ChIJXwBT2N4Z6zkRCo2ejFkoOuI,school,एन्फा एकेडेमी,school,27.6620203,85.329907,Patan durbar square,1
ChIJe0YiejMY6zkRjfHNt8mrfrU,school,St Mary's Primary School,primary_school,27.6752926,85.3114081,Patan durbar square|Pulchowk,2
ChIJa7S1NdMZ6zkRh8UyI-l7GdU,school,Landmark Academy [Aroma (B)- Block],school,27.6660149,85.31401129999999,Patan durbar square|Pulchowk,2
ChIJXwZiS4KgGaARdyOtVAEnFPo,school,Sincere Pre School & Child Care Centre,preschool,27.6630675,85.317111,Patan durbar square,1
ChIJCRaWRdMZ6zkR8cqK7Z6wCF4,school,Daisy Pre-school Child Care,preschool,27.665229000000004,85.314345,Patan durbar square,1
ChIJ7cRjgtYZ6zkRi6cdv2GBUMM,school,Caribbean Secondary School,school,27.6619521,85.3188946,Patan durbar square,1
ChIJUdkkt98Z6zkR2wrHEQ545UM,school,Hospitality World Campus,educational_institution,27.6700857,85.3111922,Patan durbar square|Pulchowk,2
ChIJ6cx5eQAZ6zkR4AyzK4S54ig,school,St.Mary´s school west Gate,school,27.6761121,85.3110135,Patan durbar square|Pulchowk,2
ChIJTxxDf2IX6zkRBwTsKG3vHEM,school,United School,primary_school,27.6650117,85.33584859999999,Patan durbar square,1
ChIJSZsKOqAZ6zkRiVQGN3ynA1A,school,Ekantakuna Marg,school,27.670418,85.310954,Patan durbar square|Pulchowk,2
ChIJz9b09TQY6zkRtV1gu-X0piE,school,Kathmandu Jazz Conservatory,educational_institution,27.6775932,85.31106559999999,Patan durbar square|Pulchowk,2
ChIJK7gZYmIX6zkReCUT9RQKs4A,school,Reliable Students' School,primary_school,27.6603847,85.32358239999999,Patan durbar square,1
ChIJF1VVlUcY6zkRRr4cA62bbBU,school,Surshala Music Academy,educational_institution,27.6837359,85.31582259999999,Patan durbar square|Pulchowk,2
ChIJFduwkTMY6zkRBIDCgnA_AEA,school,Buttercups Kinderworld,preschool,27.674971,85.3102017,Patan durbar square|Pulchowk,2
ChIJCcF62asZ6zkRypIyfSpahjg,school,"KRIPS Pre-School, Satdobato, Lalitpur",preschool,27.6601644,85.3255119,Patan durbar square,1
ChIJBy389TQY6zkRRsCed28cZRk,school,"Hansol International Academy, Jamsikhel",school,27.6776877,85.3108331,Patan durbar square|Pulchowk,2
ChIJezeE32oZ6zkR2sHaYrvP-II,school,Stepping Stones,preschool,27.6835581,85.3153734,Patan durbar square|Pulchowk,2
ChIJm615kdQZ6zkRCCg9QBigRmw,school,Machhapuhhre International Pre School,preschool,27.663226,85.31538800000001,Patan durbar square,1
ChIJj4mK4tEZ6zkRbGsCWAfyDlw,school,Kidzee Satdobato,school,27.6601703,85.32636099999999,Patan durbar square,1
ChIJKf2J6iwY6zkRhC_fe1phrmE,school,Kidland School,school,27.6660376,85.3122454,Patan durbar square,1
ChIJ21HRZ7QZ6zkRK1mYCKh-r_Y,bank,Global IME Bank Limited,bank,27.6858118,85.3175979,Pulchowk,1
ChIJkYyz3TQZ6zkR7AdMqFiL0Nc,bank,Unique SACCOS,bank,27.685743100000003,85.3161695,Pulchowk,1
ChIJD0O3RQMZ6zkRuXm_S-zjz9A,bank,Kumari Bank Jhamsikhel branch,bank,27.6772048,85.3093808,Pulchowk,1
ChIJzcsiFDQY6zkRkInl2mqpxXY,bank,Khutruki SACCOS,bank,27.6770054,85.30938379999999,Pulchowk,1
ChIJDVmOUpIZ6zkRbk2kwCjOM2o,bank,Jyoti bikas Bank,bank,27.6778125,85.3091875,Pulchowk,1
ChIJ28R8P7QZ6zkR1YyVrbFsnjE,bank,Ilum Multipurpose Co-op,bank,27.6861192,85.3174701,Pulchowk,1
ChIJ5U1YW3IZ6zkRZYboWhMJMWI,bank,KAVYA MONEY EXPRESS,bank,27.6859725,85.3158219,Pulchowk,1
ChIJjUu3proZ6zkRFDkwawmrbW4,bank,Nepal Bank limited Jhamshikhel branch,bank,27.6771164,85.3091324,Pulchowk,1
ChIJFyxNaLQZ6zkRxeXgGCjUJj0,bank,Dolphin SACCOS,bank,27.6864163,85.3170133,Pulchowk,1
ChIJkXNQOl0Z6zkRRYPcOjDnI8M,bank,Sanima Bank Ltd. Kupandole सानिमा बैंक लिमिटेड कुपण्डोल शाखा,bank,27.68644,85.3170284,Pulchowk,1
ChIJOTwEwLYZ6zkRB2_SV1iUCdk,bank,Silver SACCOS,bank,27.6863777,85.32020519999999,Pulchowk,1
ChIJSwYx0bUZ6zkRe2DE2dLGOg0,bank,Central Finance Ltd.,bank,27.6871107,85.31739499999999,Pulchowk,1
ChIJZcLYl7QZ6zkRE6TS1muDnRE,bank,Sarvoday SACCOS,bank,27.686815,85.31491299999999,Pulchowk,1
ChIJs7ud_jMY6zkRaEZr07id5hk,bank,Public SACCOS,bank,27.6754105,85.3086553,Pulchowk,1
ChIJr89uE7QZ6zkR9xzQO186Tz0,bank,Om Shiva Multiple Coop,bank,27.687042800000004,85.3194704,Pulchowk,1
ChIJb29kWS8Z6zkRXxa9ja1hgU4,bank,Nabil Bank Limited,bank,27.6864058,85.31279529999999,Pulchowk,1
ChIJ8RA0eLQZ6zkRjcU3gWfauT0,bank,Kailash SACCOS,bank,27.6875677,85.31689569999999,Pulchowk,1
ChIJ0_mpCcwZ6zkR5dcmKG2E1pE,bank,Jewels SACCOS,bank,27.6708152,85.3227699,Pulchowk,1
ChIJ96iLQUIZ6zkRmo8_5JHvRSw,bank,Laxmi Sunrise Bank,bank,27.6886275,85.3134868,Pulchowk,1
ChIJK5nuuUkY6zkR3cZwwue6_SM,bank,Prabhu Bank Limited,bank,27.683314,85.306572,Pulchowk,1
ChIJc7gqfTgZ6zkRk_i48evAmgA,bank,Dharmeswor Multipurpose Co-op.,bank,27.6887435,85.3218279,Pulchowk,1
ChIJ_9N8takZ6zkR8EBvIAVNa_Q,bank,"Laxmi Bank Limited, Sanepa Branch",bank,27.6849214,85.30721919999999,Pulchowk,1
ChIJ57JhuEwY6zkR9_TK9xz2-BQ,bank,Kaumari SACCOS,bank,27.6889984,85.3128065,Pulchowk,1
ChIJG5pnCjIY6zkRRtIgELZG3IM,bank,Uttarganga SACCOS,bank,27.6700479,85.3095565,Pulchowk,1
ChIJz2h4ckkY6zkRPWjl2N0KubI,bank,Tourism Co-op,bank,27.6852869,85.3073014,Pulchowk,1
ChIJIf4XdsoZ6zkRMqRxV-nTABM,bank,Maneshwori SACCOS,bank,27.689405500000003,85.32266829999999,Pulchowk,1
ChIJAQDQNLIZ6zkRujYpPq6Pysk,bank,NMB Bank Limited,bank,27.6907579,85.3178741,Pulchowk,1
ChIJPU-wd7EZ6zkR0DDw3NgLgns,bank,"Nepal rastra bank , Banking Department & Currency Management Department",bank,27.6906344,85.3195667,Pulchowk,1
ChIJdT7oS7IZ6zkR_xHt_NkPfUY,bank,Citizens Bank International Ltd.,bank,27.6910447,85.3172599,Pulchowk,1
ChIJUen0JeYZ6zkRfhxJjyKbzoM,bank,Global IME Bank Limited,bank,27.6911652,85.3187738,Pulchowk,1
ChIJudKQlPcZ6zkR1MXRUFGKGu8,bank,Janata Capital Limited,bank,27.6916329,85.3185883,Pulchowk,1
ChIJOa9rJrIZ6zkRF0wiX5_mOUg,bank,Mahalaxmi Bikas Bank Limited,bank,27.6916667,85.3184718,Pulchowk,1
ChIJU843eLQZ6zkRlXRZyqZoNiE,bus_stop,Kupondole Bus Stop,bus_stop,27.6875974,85.3167751,Pulchowk,1
ChIJiTVBgLMZ6zkRXiAbmofW-Gk,bus_stop,Kupondole Bus Stop,bus_stop,27.6878413,85.31630249999999,Pulchowk,1
ChIJp-7-NrIZ6zkRDFwTEimMkZM,bus_stop,Thapathali Bus Stop,bus_stop,27.6912335,85.3176744,Pulchowk,1
ChIJVcfoNwUZ6zkRcXBvkl_MNfY,clinic,MILESTONE - The Pediatric Physiotherapy Center,medical_clinic,27.676017100000003,85.3162287,Pulchowk,1
ChIJjW7Sf8wZ6zkR9l1SQJOhrxY,clinic,Guna Eye Care,medical_clinic,27.6758724,85.3162979,Pulchowk,1
ChIJSzHPhswZ6zkRsGw5FFvRLMY,clinic,UDAYA DENTAL SERVICE CENTER,dental_clinic,27.6755487,85.3161027,Pulchowk,1
ChIJFzRWhMwZ6zkRsCYC5X0Kobk,clinic,Kriti Opticals,medical_clinic,27.675486,85.3157289,Pulchowk,1
ChIJyUFZpIEZ6zkRvDC0lVPd0xI,clinic,Project LOUD,medical_clinic,27.6753002,85.3161822,Pulchowk,1
ChIJp89EUjnBgSkRbQW3qe5ShgA,clinic,Project LOUD,medical_clinic,27.6752828,85.316217,Pulchowk,1
ChIJB3uoPrQZ6zkRt5C1ZMaW1dg,clinic,Meraki Dental Studio,dental_clinic,27.6758234,85.31495509999999,Pulchowk,1
ChIJQ0Kp1LsZ6zkRm2xPDlKhWrk,clinic,Teeth Weavers Dental Clinic,dental_clinic,27.6759019,85.3147259,Pulchowk,1
ChIJ9Td9oMwZ6zkR-Ci5WJw3Y88,clinic,SUMERU OPTICALS,wholesaler,27.6758995,85.3146027,Pulchowk,1
ChIJX9nhpzYX6zkR_rlSsBFtLVY,clinic,Smile by Dr Kareen - Dental Clinic,dental_clinic,27.6757247,85.3145108,Pulchowk,1
ChIJH93x2LYZ6zkRPE_WNg980Yk,clinic,Nirvana Wellness Clinic Pvt.. Ltd,medical_clinic,27.6731311,85.3170462,Pulchowk,1
ChIJ1QDCBAAZ6zkRC_p8wFkjBto,clinic,Ardent Dental Care Pvt Ltd,dental_clinic,27.6785615,85.31074900000002,Pulchowk,1
ChIJyf8AC6IZ6zkRgeddVr6Zmis,clinic,Dental craft,dental_clinic,27.6809705,85.3109183,Pulchowk,1
ChIJh-ybs9sZ6zkR9jxGEHK6qSg,clinic,"The Midnight Aesthetics - skin, hair and laser clinic",skin_care_clinic,27.6836987,85.3126118,Pulchowk,1
ChIJfbpkBQAZ6zkRVm6WxmI1Jeo,clinic,Nepal Kidney Hospital,medical_clinic,27.6820369,85.3110322,Pulchowk,1
ChIJd9lU9ksZ6zkRkV7ixLYbkIM,clinic,AaRuS Physio,medical_clinic,27.6823997,85.3111928,Pulchowk,1
ChIJTV4PdwAZ6zkR_BgvWrfdEzM,clinic,Gestalt Institute Nepal,medical_clinic,27.6819449,85.3107533,Pulchowk,1
ChIJc_nSbhUZ6zkRmlDTmY8i4OE,clinic,Veda Dental Clinical Services Pvt. Ltd,dental_clinic,27.6855069,85.3179591,Pulchowk,1
ChIJzQNJtQYZ6zkRsvZAH1Qsh3A,clinic,Shisu Clinic,medical_clinic,27.6834357,85.3119104,Pulchowk,1
ChIJx6NQaTQY6zkRtnkCDfERSW4,clinic,Nepal NCD Alliance and Nepal Heart Clinic,medical_clinic,27.6770704,85.3098622,Pulchowk,1
ChIJ83dFekoY6zkRTYyrU-QEnjI,clinic,"Creative Arts Therapy, Nepal",medical_clinic,27.6821886,85.31049879999999,Pulchowk,1
ChIJ29X0wbQX6zkR0XneIg8IImA,clinic,VISION HUB,medical_clinic,27.6715071,85.318299,Pulchowk,1
ChIJp8BvqaIZ6zkRBQehbAHoHGw,clinic,Peaceful Therapy,spa,27.6855405,85.3138386,Pulchowk,1
ChIJQTgOUcAZ6zkRR2UHr382PyQ,clinic,Nuga Best,medical_clinic,27.6863891,85.3168295,Pulchowk,1
ChIJP7l4caEZ6zkR46oqoBTX4Ak,clinic,R & R Dental Care and implant centre,dentist,27.6865472,85.3175534,Pulchowk,1
ChIJkwL-QQAZ6zkRW9lSJvfBrmA,clinic,Cura Health,medical_clinic,27.6862181,85.3149142,Pulchowk,1
ChIJYzYcbCQZ6zkR1-VyE2eJ7GU,clinic,Studio Dentale,dental_clinic,27.6791508,85.30861689999999,Pulchowk,1
ChIJvRngRwAZ6zkRiyzadtzL9MM,clinic,Kupandol lalitpur,dental_clinic,27.6862654,85.314841,Pulchowk,1
ChIJD7x4VgAZ6zkR3TD2lVwwN9c,clinic,Excel Dental Clinic,dental_clinic,27.6825311,85.309601,Pulchowk,1
ChIJ5feti9oZ6zkR_2BydrEQ0rw,clinic,Arovia Health Care,medical_clinic,27.6747216,85.30949439999999,Pulchowk,1
ChIJZfM3MU8Z6zkRbOdkWMSGAtA,clinic,Lumbini Dental Clinic,dental_clinic,27.6869362,85.31722359999999,Pulchowk,1
ChIJU4c1CgAZ6zkRqZIR4Uczw3o,clinic,Hamro Ghar,medical_clinic,27.677813,85.30823339999999,Pulchowk,1
ChIJb_DFF2gZ6zkRseVyY1yJ_gI,clinic,MAYA IVF Clinic | Trusted Fertility Center in Nepal,medical_clinic,27.6865493,85.32115859999999,Pulchowk,1
ChIJ7a7OSc4Z6zkRan9zTw3vQNk,clinic,National Eye & Cosmetic Surgery Center,medical_clinic,27.6866118,85.3210306,Pulchowk,1
ChIJ6xK8hLQZ6zkRp8mV-nx-hhY,clinic,Orthopedica अर्थोपेडिका,medical_clinic,27.6872924,85.31567679999999,Pulchowk,1
ChIJxcGbgbMZ6zkRGPHKY3LES88,clinic,Netradham Eye Care Center - Kupondole Branch,medical_clinic,27.6874798,85.31648469999999,Pulchowk,1
ChIJ1QJxLuAZ6zkRBwxw-e57YBk,clinic,"वडा स्वास्थ्य केन्द्र Ward Health Center , Lalitpur Metro Ward No 3",medical_clinic,27.6776983,85.307484,Pulchowk,1
ChIJ0ej7HaAZ6zkRNnlscplZ-y4,clinic,BIDH Management,corporate_office,27.687194400000003,85.3143587,Pulchowk,1
ChIJ31tVR3wZ6zkRXZk5MThlrcY,clinic,Kumaripati Dental Clinic,dental_clinic,27.6705455,85.32166749999999,Pulchowk,1
ChIJNSkrSD0Z6zkRdGB6ADn0pAw,clinic,sewa dental studio,dental_clinic,27.6876551,85.3168328,Pulchowk,1
ChIJx6DJOwAZ6zkRwmfEvMY-SNw,clinic,Yala Clinic and Pharmacy,medical_clinic,27.6878171,85.3162341,Pulchowk,1
ChIJDdG6QQAZ6zkR75Q8iTzajhY,clinic,RegCell Nepal,medical_clinic,27.6878198,85.3162321,Pulchowk,1
ChIJJySEXAAZ6zkRISRJtnxFE94,clinic,Purna Ganga Bhawan (PG Bhawan),dental_clinic,27.6878223,85.316234,Pulchowk,1
ChIJy7T9M9UX6zkRGSde_6AVKFE,clinic,Sunshine Dental Care,dental_clinic,27.6878607,85.3162416,Pulchowk,1
ChIJbYl8UAAZ6zkRUeWCPLvn8ro,clinic,Sudanta Dental Care Pvt. Ltd,dental_clinic,27.6879072,85.3161027,Pulchowk,1
ChIJ64LEQXgZ6zkRwxN0grESetI,clinic,Teeth Savers Dental Clinic,dental_clinic,27.6873236,85.3135721,Pulchowk,1
ChIJxxvecMQZ6zkR6PHyrGUwPnQ,clinic,Dental Pearl Clinic,dental_clinic,27.687996100000003,85.3160369,Pulchowk,1
ChIJK876s4gZ6zkRr9k3lHDzCIo,clinic,Pacific Multispeciality Clinic,medical_clinic,27.6880716,85.3163951,Pulchowk,1
ChIJWTsXeCxtDqERTiPuOAxg0ps,clinic,Risaa IVF Nepal,medical_clinic,27.6880949,85.3163783,Pulchowk,1
ChIJB26jgIgZ6zkRPxM_g-ZeuGU,clinic,Pacific Dental Clinic,dental_clinic,27.6881088,85.31641719999999,Pulchowk,1
ChIJn-t8WwAZ6zkRGmd-75eq6gc,clinic,Physiocare,medical_clinic,27.68821,85.3163139,Pulchowk,1
ChIJ4YQaaqkZ6zkRB2bXzd9Jdt0,clinic,Manobhawana Psychological Counseling Centre,medical_clinic,27.6878081,85.3138161,Pulchowk,1
ChIJC9rb_akZ6zkRbb0DVzVIA90,clinic,Absolute Aesthetics Lalitpur,skin_care_clinic,27.6826656,85.30747939999999,Pulchowk,1
ChIJ06Nhj0kY6zkRfGM0XRIQkeo,clinic,Smileweavers Dental Clinic,dental_clinic,27.6837917,85.3079352,Pulchowk,1
ChIJ2ftZD7UZ6zkRYTvw6TJcD2I,clinic,Dr. Dilip Das - Dentist (MDS) - Glow Skin & Dental Clinic,dental_clinic,27.6783118,85.306304,Pulchowk,1
ChIJu75Qj5YZ6zkRBwTUSHRssSk,clinic,Glow Skin & Dental Clinic,skin_care_clinic,27.6782738,85.3062762,Pulchowk,1
ChIJL4ToNbcZ6zkRTc96d8Cpwdg,clinic,Glister Dental Home Pvt.Ltd.,dental_clinic,27.687622,85.322599,Pulchowk,1
ChIJTwXvQrMZ6zkRF1m3LdAW8Pc,clinic,फेमिल्री Dental सोलुसन,dental_clinic,27.6885407,85.31484739999999,Pulchowk,1
ChIJT0JNGZkZ6zkRIFUpJg9OUmo,clinic,Cozy Cubs Baby Store - Best baby clothing store in lalitpur,clothing_store,27.6695649,85.32243609999999,Pulchowk,1
ChIJw0TCETkZ6zkREl3LhtXAZr8,clinic,Smile Please Dental Clinic,dental_clinic,27.6800149,85.30613450000001,Pulchowk,1
ChIJ5fXrCQAZ6zkRvtwuSGSGeR0,clinic,Lalitpur dental services center 🦷🦴,dental_clinic,27.6871995,85.3106616,Pulchowk,1
ChIJy4MSqjkZ6zkRzgjHTGvgEGM,clinic,Inner Sight Nepal,massage,27.6830069,85.30663720000001,Pulchowk,1
ChIJW2JbPtAZ6zkRKWYdIUuI_K0,clinic,Himalaya Dental Care And Multispeciality Clinic Private Limited,dental_clinic,27.6690584,85.3223368,Pulchowk,1
ChIJQyKS60kY6zkRCdwNZpV8bUM,clinic,International Club,sports_activity_location,27.6830038,85.3065757,Pulchowk,1
ChIJ1ahKdFEZ6zkRF9pf4Hacgmo,clinic,Precious Ultrasound & Doppler Center Pvt. Ltd,medical_clinic,27.6891399,85.3204785,Pulchowk,1
ChIJswGGedwZ6zkRM54qWvKyoGQ,clinic,thapathali,medical_clinic,27.689633,85.3172304,Pulchowk,1
ChIJsR_iKgAZ6zkRWTntYuLtjSM,clinic,"Machindra Nath Sadak Uttaar, Bhanimandal, Lalitpur-4",medical_clinic,27.6719256,85.307739,Pulchowk,1
ChIJg8VPuaMK_ocR0Byfq0qTKHQ,clinic,Vatsalya Lalitpur Clinic - Best IVF Centre In Lalitpur,medical_clinic,27.6718345,85.3077246,Pulchowk,1
ChIJ-7Dc3ZEZ6zkRGOVxvuGU26s,clinic,Dr. Ninadini Pain Clinic,doctor,27.6898578,85.3192811,Pulchowk,1
ChIJmZE6VVkZ6zkRMovITmoV3qE,clinic,Moms Medicare Clinic Pvt. Ltd.,doctor,27.6900063,85.3175454,Pulchowk,1
ChIJjTv-TAAZ6zkRa7dHVOAYyyg,clinic,Blood hospital 2,hospital,27.669324900000003,85.3103229,Pulchowk,1
ChIJdwYLSEFyaIcRt63wfA_588E,clinic,TRX Physiotherapy and Chiropractic Centre,medical_clinic,27.6900462,85.3177149,Pulchowk,1
ChIJq-Z4WGkZ6zkRcsDR9IAri3c,clinic,Norvic IVF Center,general_hospital,27.6900083,85.3186456,Pulchowk,1
ChIJlxH3ZvAZ6zkRllQatrNChec,clinic,Dr Sumit Acharya. Nephrologist and Kidney transplant Physician,doctor,27.689948,85.3192486,Pulchowk,1
ChIJX_7QbEkY6zkRv0zph2Oay7g,clinic,Partner Medical Hall,medical_clinic,27.6854407,85.30717949999999,Pulchowk,1
ChIJn8kj3oEZ6zkRFAop65yu_Zg,clinic,Doctor Teeth Dental Clinic,dental_clinic,27.6851646,85.3067719,Pulchowk,1
ChIJfcefiJAZ6zkRTkczb3PRdcQ,clinic,Dr Prabhakar Pokhrel,medical_clinic,27.6693043,85.309806,Pulchowk,1
ChIJMzUIYAAZ6zkRB6M1Y5vp0fs,clinic,Arkham Asylum Psychiatria,medical_clinic,27.6679903,85.32262469999999,Pulchowk,1
ChIJ9VebCvywtqUR1TQpDqktBZ4,clinic,KPC Oro Dental Clinic,dental_clinic,27.6903248,85.3180454,Pulchowk,1
ChIJPxvCm_QZ6zkR9Pnsa8w5FC0,clinic,Central Business Park Building Management Committee,medical_clinic,27.689405500000003,85.32266829999999,Pulchowk,1
ChIJC0pbPQAZ6zkRmq9qTrBLuXU,clinic,Moms care pharmacy,medical_clinic,27.689405500000003,85.32266829999999,Pulchowk,1
ChIJ_ZaOWV4Z6zkRAXgDV5oZDes,clinic,Manobhavana,medical_clinic,27.6709498,85.3076797,Pulchowk,1
ChIJMcsqCDIY6zkRPo1AShFiCz8,clinic,The Shine Dental Clinic,dental_clinic,27.6828179,85.30518699999999,Pulchowk,1
ChIJNbM1vKQX6zkRRwQWegVKkLw,clinic,Revive Psychosocial Counseling and Wellbeing Center,medical_clinic,27.6696638,85.3091728,Pulchowk,1
ChIJK239eUAZ6zkRyNjfnmJBgO8,clinic,JC MCH Women’s Clinic,medical_clinic,27.6903826,85.3181706,Pulchowk,1
ChIJn2HIMAAZ6zkRTEjnPCeqlpo,clinic,Sacts,medical_clinic,27.6904545,85.3182538,Pulchowk,1
ChIJtZ5DmpgZ6zkRcRzxfXBzPm0,clinic,Life Active Physiotherapy Centre,medical_clinic,27.6901743,85.3210142,Pulchowk,1
ChIJ27tkZNAZ6zkRdSm852zRVII,clinic,Samudayik Dental Hospital Pvt.Ltd,dental_clinic,27.667879,85.3231282,Pulchowk,1
ChIJXXCiYYMZ6zkRFhC6TsEzZbs,clinic,Janata Dental Pvt Ltd,dental_clinic,27.6677562,85.3230276,Pulchowk,1
ChIJN95mLAAZ6zkRGeovwLvZLrc,clinic,Tuyou Dental Care,dental_clinic,27.6708885,85.30717890000001,Pulchowk,1
ChIJEdtga8wZ6zkRlIzOh6E85T4,clinic,Chhahari Nepal for Mental Health,medical_clinic,27.6706563,85.307293,Pulchowk,1
ChIJqfEhJr4Z6zkRsAzFhQzpSCU,clinic,Psychology Care Centre,medical_clinic,27.6707553,85.3071089,Pulchowk,1
ChIJETLpCAAZ6zkRxvxMFrbM-ak,clinic,Lisah Dental,dental_clinic,27.6876875,85.3081875,Pulchowk,1
ChIJhbDfuEkY6zkRmf8BK4gEOwo,clinic,Shambhu Physio Care Sanepa,medical_clinic,27.6847444,85.3054476,Pulchowk,1
ChIJlWRs-YoZ6zkRVfvf6wBvLok,clinic,Basic Health Center (आधारभूत स्वास्थ्य केन्द्र सानेपा),medical_clinic,27.6862114,85.3064313,Pulchowk,1
ChIJC8aRIZ8Z6zkRTHdaZ4gZQ4E,clinic,Nepkids,child_care_agency,27.6833604,85.30442980000001,Pulchowk,1
ChIJD8a65bsZ6zkRQ5KfFDcr5AQ,clinic,Mero Hospital - heal at home,health,27.6872903,85.3278193,Pulchowk,1
ChIJEXYwcPYZ6zkRviQAUx6p3tU,clinic,Evaj clinic,medical_clinic,27.6823576,85.3037016,Pulchowk,1
ChIJv01FSq8Z6zkRmCv7uLdWz54,clinic,Healthy Minds Nepal,medical_clinic,27.6691813,85.30760169999999,Pulchowk,1
ChIJZb50VLAZ6zkRJsDs0xE56_Q,clinic,Centre for Mental Health & Counselling -Nepal (CMC- Nepal) मानसिक स्वास्थ्य तथा परामर्श केन्द्र,medical_clinic,27.6911474,85.3216917,Pulchowk,1
ChIJ__80skoY6zkRBS_IhISAk2c,college,Shree LBEF Vidhyapeeth,university,27.6826797,85.31336929999999,Pulchowk,1
ChIJEw9y6esZ6zkRqy0nHwblU5s,college,Alka institute of medical science,university,27.6760199,85.30996909999999,Pulchowk,1
ChIJEWywDGgX6zkRNapVhM8Asn0,college,Alka Health Institute College,university,27.676009,85.3099502,Pulchowk,1
ChIJ_3p99jEY6zkRqMfWly-XE_0,college,South Asia Institute,university,27.6848945,85.31155419999999,Pulchowk,1
ChIJQ6w63AAZ6zkRsNS3ODF6T_g,college,Academy for IT Engineering,university,27.6869421,85.3180848,Pulchowk,1
ChIJC1lmerQZ6zkRTMEKTnXy_7c,college,PLC Learning Center Pvt. Ltd. & Engineering Concern,university,27.6872309,85.31678529999999,Pulchowk,1
ChIJfT7o6XoZ6zkRiSjSVTbAQeU,college,Paropakar Nursing Campus,university,27.6873284,85.3185405,Pulchowk,1
ChIJBeKz5jMY6zkRaZ5pDb0aynY,college,DAV College,secondary_school,27.674608,85.3087949,Pulchowk,1
ChIJDVHX3jMY6zkRQYEgPPRlwn0,college,Dav School,school,27.6739027,85.3085517,Pulchowk,1
ChIJE_ZFPosZ6zkR2_8D01Ds3X0,college,The Westminster College,university,27.6878921,85.3160802,Pulchowk,1
ChIJ0SwzaEsY6zkRRyDzGzBRvv8,college,Campion College,university,27.6868637,85.31241089999999,Pulchowk,1
ChIJD5KknioZ6zkRpo06FMgx5l0,college,Km tech nepal,university,27.6882111,85.31624819999999,Pulchowk,1
ChIJcYjkVrcZ6zkRT0lNJXxlmT4,college,Himalayan college of Geomatic Engineering and LRM (GIT),university,27.6872704,85.323599,Pulchowk,1
ChIJVWIBn0wY6zkRQyUq8b3bZoQ,college,International College of Hospitality & Management,university,27.687794,85.312181,Pulchowk,1
ChIJ35hjcjIY6zkRRPngSRdS7dU,college,Asian College Of Management- ACM,university,27.6707916,85.3097684,Pulchowk,1
ChIJASq8KwYZ6zkRFHh01scyp_U,college,Asian College of Higher Studies,university,27.6706686,85.3097231,Pulchowk,1
ChIJYT3M3TcY6zkR6BhcILceVsA,college,Lalitpur Nursing Campus,university,27.6813945,85.30557830000001,Pulchowk,1
ChIJR-F3aQAZ6zkRUFvIsoKb634,college,Patan Academy of Health Sciences,university,27.6813517,85.3055437,Pulchowk,1
ChIJJXjx_MEX6zkR05gAt_TRi8E,college,The Open Institute for Social Science,university,27.6874205,85.3092283,Pulchowk,1
ChIJ9b8y0DAY6zkR7lGHNfYYVlU,college,Bhadra Ghale Multiple Campus,university,27.6750965,85.30526549999999,Pulchowk,1
ChIJV2qR7zEY6zkRpimCchjvb74,college,ECEC Innovation in Education,university,27.6706926,85.3077445,Pulchowk,1
ChIJ361oxTEY6zkRmD_jVFIUakw,college,DAV College of Management,university,27.6711103,85.3072863,Pulchowk,1
ChIJVVVVVUgY6zkRhDoXujnLLCk,college,"Lumbini Buddhist University, Sanepa",university,27.6844577,85.3058185,Pulchowk,1
ChIJvUSdQLkZ6zkR6T59y4hyV60,college,Everest Engineering College,university,27.6834375,85.3052431,Pulchowk,1
ChIJ41VJbgAZ6zkRZHM_Nv-lZTw,college,Queens College of Law & Management,university,27.6698114,85.3083631,Pulchowk,1
ChIJkzodeQAZ6zkR9VqzKpHOYLM,college,Himalayan School of Outdoor Recreation,university,27.6884431,85.30904310000001,Pulchowk,1
ChIJ11XNfUgY6zkR5Vn3kZkMS2w,college,Star Academy,university,27.6837587,85.3041102,Pulchowk,1
ChIJ92rrkrEZ6zkRgnj0zwGzwHQ,college,SEA Engineering Academy,university,27.6916909,85.3191792,Pulchowk,1
ChIJ480g0jkY6zkRt9RX6wiU9M8,college,MICD,university,27.6781339,85.3027345,Pulchowk,1
ChIJ22_WxYwZ6zkRQQ2TT8TM_dc,college,Araniko College of Business and Technology,university,27.670718,85.30561519999999,Pulchowk,1
ChIJ8S4PEz0Z6zkRag2VZYDp2Do,college,Spark College,university,27.6707171,85.3055995,Pulchowk,1
ChIJQz3lFtAZ6zkRYmr4KIV3eg8,college,Modern Technical College,university,27.6813141,85.3028499,Pulchowk,1
ChIJgwSMUTsZ6zkRhZWb9IW7TNw,hospital,Sitaram,medical_center,27.6862181,85.3149142,Pulchowk,1
ChIJuYXfKwAZ6zkRr35LOs44K5o,hospital,Sapphire Aesthetics,medical_center,27.6864768,85.321229,Pulchowk,1
ChIJX7wuHgAZ6zkROpVTnnfn0mU,hospital,Birat Business Complex,association_or_organization,27.6865783,85.321097,Pulchowk,1
ChIJgcsgWAAZ6zkRk5t3UGD0mqk,hospital,PMWH IVF center,hospital,27.6872955,85.3186411,Pulchowk,1
ChIJM5zdBwAZ6zkR-eFDiv1F3FY,hospital,Shuddhigram Nepal (HIIMS Shuddhigram),hospital,27.6814829,85.30805699999999,Pulchowk,1
ChIJh03RgLMZ6zkR965v97AB52A,hospital,Medanta hardjorni tatha nasa upchar kendra,hospital,27.6878954,85.316508,Pulchowk,1
ChIJ6-mPNwAZ6zkRSSLj_D6nJKA,hospital,Paropakar Maternity & Women's Hospital Kupondole परोपकार प्रसूति तथा स्त्रीरोग अस्पताल कुपण्डोल,hospital,27.6882518,85.3169073,Pulchowk,1
ChIJPbNqdQAZ6zkRg8a9Ugn5CZc,hospital,"परोपकार पर्स्तुति तथा महिला रोग अस्पताल ,कुपनडोल शाखा",hospital,27.6884012,85.316969,Pulchowk,1
ChIJQQie1WsZ6zkRZagxrWxGXps,hospital,"Heera Homeopathic Clinic & Pharmacy Kupondol-10, Lalitpur",medical_center,27.6883662,85.3148336,Pulchowk,1
ChIJq7xQdrMZ6zkR7CIo6RKdS88,hospital,Family Health Division,hospital,27.6886285,85.3159355,Pulchowk,1
ChIJT4-lTFcZ6zkRqa5krD0ATPo,hospital,Sarvanga Swasthya Sadan Pvt.Ltd,hospital,27.6871995,85.3106616,Pulchowk,1
ChIJzU4bEwAZ6zkRIWpwxYiIPBE,hospital,Prasuti griha,hospital,27.689348,85.318921,Pulchowk,1
ChIJxf2tDAAZ6zkRB0PCFP2XmbA,hospital,इमरजेन्सी भवन,hospital,27.6893933,85.3185355,Pulchowk,1
ChIJWx5737MZ6zkRBTcmUwMK2io,hospital,Paropakar Maternity & Women's Hospital,hospital,27.6894575,85.3190719,Pulchowk,1
ChIJUWVmoBgR6zkR4UqpwaR9klw,hospital,Dr. Shekhar Poudel – Gastroenterologist & Hepatologist,doctor,27.6895451,85.31876849999999,Pulchowk,1
ChIJ7Z-PEDEY6zkRvdIsZNx4o64,hospital,Divine Path Healing Center,medical_center,27.6736588,85.3065341,Pulchowk,1
ChIJ_x7-MTcZ6zkRUZp28USd3yQ,hospital,Alka Hospital 2 wing 2 Ekantakuna,hospital,27.669758,85.30973259999999,Pulchowk,1
ChIJj_ykSAAZ6zkRrX-8jtyRluM,hospital,SUBIKA PHARMACY,medical_center,27.669924,85.30946899999999,Pulchowk,1
ChIJmZNSY7EZ6zkRuQ-sNEd_LlI,hospital,Norvic International Hospital,hospital,27.68994,85.3189355,Pulchowk,1
ChIJyaiyL4sZ6zkR6zUE1aNhNVk,hospital,Dr Achyut Bhakta Acharya Consultant Pulmonologist,hospital,27.6899964,85.3189663,Pulchowk,1
ChIJI0mtpPZQNwMR9MgnChrulKw,hospital,Lomash Health Care Center,medical_clinic,27.6905462,85.31802979999999,Pulchowk,1
ChIJBfBGm2cY6zkR4Azcr9gGbqs,hospital,J and J Health Academy,hospital,27.6912849,85.32015969999999,Pulchowk,1
ChIJ2yMGSzsZ6zkR1YznZ7UsVNc,hospital,Star Hospital,hospital,27.6811965,85.30280069999999,Pulchowk,1
ChIJ-xkNbzYY6zkROq9hTV7s2sc,mall,Timro Conceptstore,shopping_mall,27.6832906,85.3131897,Pulchowk,1
ChIJf8rtnjUY6zkR8kaIivHU-qc,mall,Khusi Mart,shopping_mall,27.6807739,85.3106804,Pulchowk,1
ChIJT2XqmjUY6zkRBPXGQAwF_ZQ,mall,Artisans Nepal,shopping_mall,27.6808304,85.31047559999999,Pulchowk,1
ChIJQUnwjEoY6zkR04fisBm0u5w,mall,Candy Heaven,shopping_mall,27.6830059,85.31146269999999,Pulchowk,1
ChIJH7N_6EoY6zkRvVRCQqeBHaM,mall,Green Hills Mart,shopping_mall,27.6837949,85.31214949999999,Pulchowk,1
ChIJt6cxaekZ6zkRcA8Y6YgOjLc,mall,Yala Court,shopping_mall,27.677761,85.309383,Pulchowk,1
ChIJyQLybrQZ6zkR__BmW17-Kgc,mall,Kandevta Complex,shopping_mall,27.6866897,85.3169734,Pulchowk,1
ChIJN27hWy8Z6zkR6ET22zCcFns,mall,Wishmandu,shopping_mall,27.6869589,85.3176881,Pulchowk,1
ChIJ2ciScVAZ6zkRw4R9FFCbqLk,mall,MAYABI Fashion with Culture,shopping_mall,27.6871585,85.3166475,Pulchowk,1
ChIJTTmp-IoZ6zkR9PVEwdzdyIM,mall,sujit cold store,shopping_mall,27.6745556,85.30805079999999,Pulchowk,1
ChIJCz6F2rAZ6zkRTfuvA-2a-og,mall,Xiaomi Mobile Head Office,shopping_mall,27.6886865,85.3218962,Pulchowk,1
ChIJ5ea5w80Z6zkR_nOiO4I-vSE,mall,The BAHA,community_center,27.6826133,85.30617149999999,Pulchowk,1
ChIJ05ahbUkY6zkReT8_J7AM2CM,mall,Nibha Family Store (Mini Mart),shopping_mall,27.6850826,85.3072936,Pulchowk,1
ChIJT1dQv0wY6zkRlB7Gzafd6lI,mall,Amin Cold Store,shopping_mall,27.6890471,85.3126257,Pulchowk,1
ChIJeQAAsC0Y6zkR3t5i-ryFSiY,mall,Kunal Furnishing,home_goods_store,27.6699304,85.3094016,Pulchowk,1
ChIJK4at8f4Z6zkRyvHZlhhoTUg,mall,Ranjit Cycles,shopping_mall,27.6901665,85.3176731,Pulchowk,1
ChIJDVb6ENcZ6zkRdd43Dwj_lyM,mall,Police Checking Ahead,shopping_mall,27.689405500000003,85.32266829999999,Pulchowk,1
ChIJg3RtZWMZ6zkRMD_qW2PPHKk,mall,Gravity Nation,shopping_mall,27.674659,85.30489949999999,Pulchowk,1
ChIJL5PNmzkZ6zkR3-MDVUJ1wac,mall,Sanduk Trading Store,shopping_mall,27.6883353,85.30941659999999,Pulchowk,1
ChIJp0ZHiVcR6zkR49sg_3WjT6w,mall,Semblance Nepal,shopping_mall,27.6748134,85.30422349999999,Pulchowk,1
ChIJ2UHkwy0Y6zkRGCARxOwdJiQ,mall,Carpet House Ekantakuna,shopping_mall,27.6681569,85.30942859999999,Pulchowk,1
ChIJG-3QF4kZ6zkRmqALCFJpZ80,mall,Ghatal Kitchen Supply Store,shopping_mall,27.691877,85.319531,Pulchowk,1
ChIJg435j1EY6zkR-Fx61XKvPJY,office,Reliance Group - Nepal,corporate_office,27.6776817,85.3173577,Pulchowk,1
ChIJx7g4eQAZ6zkRJPc3E7K3p0w,office,Blackbox Technologies Pvt Ltd,corporate_office,27.6797375,85.3180823,Pulchowk,1
ChIJp-dquEkY6zkRZwsvGgtLTUM,office,Mewa Developers Ltd.,corporate_office,27.6798436,85.3183787,Pulchowk,1
ChIJ0ZAaU1gZ6zkRzvbgYm5svIs,office,Urja Services Pvt. Ltd.,corporate_office,27.679886,85.3184026,Pulchowk,1
ChIJ5Y0tNsgZ6zkR7amPbhvTkjI,office,Asian Hydropower Ltd.,corporate_office,27.6799053,85.31840969999999,Pulchowk,1
ChIJEWSlEmIZ6zkRA9cS9DFOjhg,office,Samling Power Company Ltd.,manufacturer,27.679908,85.3184107,Pulchowk,1
ChIJu3r3JMoZ6zkRNXHe12DH_9E,office,GO Nepal,corporate_office,27.680062,85.31811660000001,Pulchowk,1
ChIJzUktzEgZ6zkRd0TG7i8EpEA,office,Sajha Bhavan,corporate_office,27.6802469,85.3174153,Pulchowk,1
ChIJhylVYCcY6zkR9WvFZgHGufY,office,Smark One Technology Pvt. Ltd.,corporate_office,27.6759177,85.3187277,Pulchowk,1
ChIJG0KyDMwZ6zkRPeZz1Cg9H9I,office,Aqua Hundred Depot Jawalakhel,corporate_office,27.6756463,85.3175128,Pulchowk,1
ChIJJyvlCMwZ6zkRrI9XjL515Nk,office,Jheegu Cable Net Pvt. Ltd.,corporate_office,27.6756677,85.3180233,Pulchowk,1
ChIJ9_1lXssZ6zkR3DY2ZNN2BaI,office,Punhil Construction Company Pvt. Ltd.,corporate_office,27.6764192,85.3145418,Pulchowk,1
ChIJQ4m_bcwZ6zkR95iFuulsRYY,office,Glamorousicon Nepal,corporate_office,27.6752248,85.3172577,Pulchowk,1
ChIJq22JDAQZ6zkRj7FcD90WsHI,office,OKAYA EV NEPAL,corporate_office,27.6822782,85.3179131,Pulchowk,1
ChIJh8KsNgAZ6zkRzg5TKEouS3Y,office,Robust Trade Pvt Ltd,corporate_office,27.6756488,85.3153383,Pulchowk,1
ChIJs5ZQHuIZ6zkRukzkyfOPOkI,office,IDEA Shop,corporate_office,27.6763453,85.3143941,Pulchowk,1
ChIJ60qAMskZ6zkRM5HyHgKtRJE,office,Everest Knit Craft,corporate_office,27.676359,85.3206865,Pulchowk,1
ChIJJSBLRrkZ6zkR0mC5RQbvACs,office,Trident Business Solutions,corporate_office,27.6756619,85.3151664,Pulchowk,1
ChIJ07Bb-1QZ6zkRDMMWrPx6XDA,office,Himalayas Continental Pvt. Ltd.,corporate_office,27.6758647,85.3148435,Pulchowk,1
ChIJAx-Ka8wZ6zkRen0kepon3Zw,office,Alen photography,corporate_office,27.6749282,85.31730429999999,Pulchowk,1
ChIJqfoctTQY6zkRWwWmkTCppsM,office,Tech Guthi Pvt. Ltd.,corporate_office,27.6772402,85.313513,Pulchowk,1
ChIJ6-kd2_0Z6zkRPXMHsF8A4tA,office,B & B Freight Pvt. Ltd.,corporate_office,27.6825716,85.3181329,Pulchowk,1
ChIJ_QuqHLYZ6zkR2bsdiysCJv8,office,New World Overseas Service Pvt. Ltd,corporate_office,27.6803824,85.32155890000001,Pulchowk,1
ChIJmSl4Gf0Z6zkR0molU5nlOwk,office,Vagari Travels & Tours,corporate_office,27.6758332,85.31422119999999,Pulchowk,1
ChIJocXmejwZ6zkRyarefxpADyI,office,"Population Media Nepal, PMN (PMC-Nepal)",corporate_office,27.6779329,85.3128472,Pulchowk,1
ChIJIwZAancZ6zkRXOLjcDhVTNE,office,VNS Solutions Pvt Ltd,corporate_office,27.6828607,85.31818969999999,Pulchowk,1
ChIJSy0cqcwZ6zkRdbqQ1_POcuo,office,JobKathmandu,corporate_office,27.675713700000003,85.3140966,Pulchowk,1
ChIJD6kNnUgZ6zkRDU0iJG0kIvQ,office,Page One Management (P) Ltd.,corporate_office,27.6744598,85.3171574,Pulchowk,1
ChIJ1fKpLkkY6zkRNmmDGYvhDcA,office,Axis Holiday Nepal Travel & Tours Pvt. Ltd,corporate_office,27.6778083,85.3127835,Pulchowk,1
ChIJpwlG0rMZ6zkRDXLRRl4zi-I,office,Artus,corporate_office,27.675735000000003,85.314,Pulchowk,1
ChIJ8bollLYZ6zkRQ8d_Djacy7c,office,Nepal Energy Foundation,corporate_office,27.6830768,85.3179608,Pulchowk,1
ChIJW8FA00oY6zkRhnshzTqIzjA,office,Briksha Studio,corporate_office,27.6830792,85.3180261,Pulchowk,1
ChIJfX-VLRgZ6zkRHmO0S-G_IhU,office,AnA,corporate_office,27.6809958,85.32194849999999,Pulchowk,1
ChIJPy2fs5IZ6zkR5sBKhTYIwME,office,Nepal Vending Pvt. Ltd.,,27.6833386,85.3174042,Pulchowk,1
ChIJzzIyMjAZ6zkRC6DoiwOpLjo,office,DigiPay Pvt. Ltd.,corporate_office,27.6758103,85.31315839999999,Pulchowk,1
ChIJ6z3XCYkZ6zkREiR03YON3RQ,office,Diagnovision International,corporate_office,27.6827401,85.3139364,Pulchowk,1
ChIJNzcCKwAZ6zkRTiBkUMzLP6o,office,Shubha Nepa Trading Pvt.Ltd.,corporate_office,27.6827548,85.3139111,Pulchowk,1
ChIJgWEkOW0Z6zkRBCz7hQTCfnM,office,Liva Enterprises,corporate_office,27.6810794,85.3226929,Pulchowk,1
ChIJ3QYoPQAZ6zkRo3YSWKzdsmo,office,Mandala Foods Private Limited,corporate_office,27.6840281,85.3182665,Pulchowk,1
ChIJMW33ukoY6zkRqxAUidDpzXg,office,Van Rooy's Hair Lounge,corporate_office,27.682446,85.3127011,Pulchowk,1
ChIJZSwIawAZ6zkRI_6AzoMU6bU,office,Susankya Exim Pvt. Ltd.,corporate_office,27.6843986,85.317599,Pulchowk,1
ChIJlaOBB6IZ6zkRjUSAJ9mLDrM,office,Nexus World (Nepal) Pvt ltd,corporate_office,27.6843885,85.3179869,Pulchowk,1
ChIJ58vi5jsZ6zkRgW2djm5lQ18,office,"Embassy of Malaysia Kathmandu, Nepal",embassy,27.6827697,85.3129653,Pulchowk,1
ChIJ3Zn2dEMZ6zkRN4xt3uA6DIg,office,Imagine Technology Pvt. Ltd,corporate_office,27.6844028,85.3180637,Pulchowk,1
ChIJXbYx0bUZ6zkR_54sp6oW3u4,office,MULTI Disciplinary Consultants (P) Ltd.,corporate_office,27.6843772,85.31843959999999,Pulchowk,1
ChIJhVmeQYIZ6zkRBvjNQTJzYz4,office,MPercept Lab,corporate_office,27.6810733,85.3234386,Pulchowk,1
ChIJzbn5tUoY6zkRFcTE_4n1xwA,office,Evolution Trading Pvt. Ltd.,corporate_office,27.6831587,85.3133194,Pulchowk,1
ChIJmSysyc0Z6zkRq3r8i-TD7Mc,office,ByProxy Nepal Dot Com Pvt. Ltd. (Blinqlab Direct),corporate_office,27.6726731,85.3175904,Pulchowk,1
ChIJleRSWQAZ6zkR_lYO5IrAagg,office,Remax Nepal Studio,corporate_office,27.6785731,85.3106742,Pulchowk,1
ChIJHd4EUzQY6zkR4tJpmnUWqBU,office,Consulate of Colombia.,corporate_office,27.678639200000003,85.3105898,Pulchowk,1
ChIJM1xwyEoY6zkR6nPl5Ee_0eM,office,Himalayan EcoEnergy Systems Pvt. Ltd,corporate_office,27.6833704,85.3130188,Pulchowk,1
ChIJxz3QJB8Z6zkRS979jInBVaI,office,The Organic Valley Private Limited,corporate_office,27.6833779,85.313011,Pulchowk,1
ChIJq9lkPAAZ6zkR8KlTrhxyRIY,office,ComplianceQuest Nepal Pvt. Ltd.,corporate_office,27.683944600000004,85.3137165,Pulchowk,1
ChIJ-dafUjQY6zkRT6f4339AtVk,office,Sugam Real Estate Service Pvt. Ltd.,corporate_office,27.6786828,85.3104038,Pulchowk,1
ChIJh2xgIwAZ6zkRrx5YZScVZ1o,office,CHAURANGEE COMPLEX,corporate_office,27.6850833,85.31851379999999,Pulchowk,1
ChIJV6XcNbQZ6zkRK1v9Qeogk0M,office,Five Fingers Pvt. Ltd.,corporate_office,27.6851684,85.3175976,Pulchowk,1
ChIJC0dm4noZ6zkRNKuogBlKApY,office,Prem Padma Enterprise Pvt. Ltd.,corporate_office,27.6836884,85.312626,Pulchowk,1
ChIJne9S4agZ6zkRCaKDRGQARfY,office,Shakambhari Trading Concern,corporate_office,27.6852746,85.3183847,Pulchowk,1
ChIJwSpS79gZ6zkR2eL7QonAwo4,office,"Policy Entrepreneurs, Inc. (PEI)",corporate_office,27.6836064,85.31247499999999,Pulchowk,1
ChIJv2_5ZHoZ6zkRwRENaDTh7Nk,office,Incwell Venture,corporate_office,27.6806954,85.31024269999999,Pulchowk,1
ChIJodinSjQY6zkRAUhH-G-wPqU,office,Naxalaya Pvt. Ltd.,corporate_office,27.6786749,85.3098029,Pulchowk,1
ChIJGxdJdAAZ6zkREpiTZFSY95s,office,inDrive Office,corporate_office,27.6855428,85.31818299999999,Pulchowk,1
ChIJd72BWwAZ6zkRQBC6CdnE9So,office,Brand Builder Pvt .Ltd,,27.6836957,85.3121026,Pulchowk,1
ChIJi6XSQQAZ6zkRbDSCieuAUHw,office,SELISE Digital Platforms,corporate_office,27.6839987,85.3122911,Pulchowk,1
ChIJdUM5kvkZ6zkRnWuQ7UsbdMA,office,JOCV dormitory,corporate_office,27.6844502,85.3126433,Pulchowk,1
ChIJORmuEccZ6zkRgKczgZMzQn0,office,Sajilo Broker Limited,finance,27.678865,85.30938719999999,Pulchowk,1
ChIJfZDj57YZ6zkRJnqu3vUhcoE,office,Bent Ray Technologies,corporate_office,27.6813636,85.32503969999999,Pulchowk,1
ChIJz7qhaAAZ6zkRk3aO126IKTQ,office,E-spot International Lalitpur,corporate_office,27.6715603,85.3187308,Pulchowk,1
ChIJzy8ob3QZ6zkResyspk9FTyU,office,Perfect Blends Nepal Pvt Ltd.,corporate_office,27.6777483,85.3093604,Pulchowk,1
ChIJT-XRUAAZ6zkR6imaed2LqV4,office,Radiant Solutions Pvt. Ltd.,corporate_office,27.6848754,85.32188080000002,Pulchowk,1
ChIJ11ukeAAZ6zkRYvfD6a-k7Rs,office,China Overseas Engineering Group (COVEC),corporate_office,27.6846711,85.3126503,Pulchowk,1
ChIJZ5JFJ0sY6zkRIV8o-0ldQUA,office,Rise Events & Advertising,corporate_office,27.6847179,85.3126832,Pulchowk,1
ChIJ5W3oC84Z6zkRlKwlipB5Nc8,office,RSS Technology Pvt. Ltd,corporate_office,27.6714492,85.3190647,Pulchowk,1
ChIJix5QgDIY6zkRvazUZugGUBU,office,Up Everest,corporate_office,27.6845592,85.3226231,Pulchowk,1
ChIJH7P9a84Z6zkRqMoZuJBx6DM,office,GLOBALBIZ EVENT MANAGEMENT COMPANY,corporate_office,27.6713009,85.3180924,Pulchowk,1
ChIJhWDmAh8Z6zkRcjgFjen3I10,office,NT机房,corporate_office,27.6722679,85.3131619,Pulchowk,1
ChIJ-bvHBwAZ6zkRM7uJ6GiGqdE,office,PSR HUB,corporate_office,27.6835803,85.3110801,Pulchowk,1
ChIJ75rrh60Z6zkRKUIDt1g0zuo,office,United Insurance Co. (Nepal) Ltd.,service,27.6713657,85.31924219999999,Pulchowk,1
ChIJOUEZNkgY6zkRYgv6WGpGwec,office,Ktmcouriers pvt. ltd.,corporate_office,27.684406,85.31196349999999,Pulchowk,1
ChIJ69Y1KQAZ6zkRArc8ZkebGZg,office,Barahi Internet Technologies Pvt. Ltd.,corporate_office,27.6711203,85.3176488,Pulchowk,1
ChIJ1WrpKU4Z6zkRwQ0sSsyQdcs,office,Human Rights and Justice Centre,corporate_office,27.6850936,85.32210649999999,Pulchowk,1
ChIJtfyvLEgY6zkRQI4bSSTgnhw,office,JST Corp,corporate_office,27.684443500000004,85.31188209999999,Pulchowk,1
ChIJa501JEsY6zkRLCJFXGfKqgA,office,Nep Link IT Solutions Pvt. Ltd.,corporate_office,27.685116,85.3128801,Pulchowk,1
ChIJa501JEsY6zkRztG8x1MRV8o,office,premier insurance ( medical insurance unit),corporate_office,27.685116,85.3128801,Pulchowk,1
ChIJT01c7DUZ6zkRZD7JNBtpnrc,office,Fourbox - Shop Easy,corporate_office,27.6718746,85.31369269999999,Pulchowk,1
ChIJqVQprM4Z6zkRzlzg0miiXsc,office,Red Circle Creative Solutions Pvt Ltd,corporate_office,27.6710742,85.31770759999999,Pulchowk,1
ChIJXQY2CM4Z6zkRTT200Fij9cM,office,Voest Alpine Technology,corporate_office,27.6711474,85.3188701,Pulchowk,1
ChIJ-_5ZOSoZ6zkRcX81L1oE724,office,HURDEC,corporate_office,27.6718356,85.31362209999999,Pulchowk,1
ChIJo7XKk0YZ6zkRxnWmzfc_DV8,office,道路局 国际事务处理所,corporate_office,27.6854416,85.3216766,Pulchowk,1
ChIJ69eH2zkZ6zkR4v8qi4JLyac,office,Hoop Office,corporate_office,27.6789401,85.3087031,Pulchowk,1
ChIJNVtrhecZ6zkR2oftq9zcY5Q,office,DDG Office,corporate_office,27.6855527,85.3217063,Pulchowk,1
ChIJ5wh0_bYZ6zkR4O-nkX9OlV8,office,Design Code Pvt. Ltd.,corporate_office,27.6853843,85.3222029,Pulchowk,1
ChIJq5MfTnMZ6zkR01dtYRb8mIc,office,Hexamatics Nepal Pvt Ltd,corporate_office,27.6778562,85.30863269999999,Pulchowk,1
ChIJ7Rh9GzQY6zkRQCUJcu4n7-I,office,Grind Adventute,corporate_office,27.6767244,85.3088126,Pulchowk,1
ChIJt_J8dmUZ6zkRgTgqkvJijoc,office,Golden Frog,corporate_office,27.6866981,85.317787,Pulchowk,1
ChIJbwp6g4kZ6zkR6FQvMrMFenc,office,99 Digital Designs,corporate_office,27.6867117,85.3177408,Pulchowk,1
ChIJtXfecwAZ6zkRTrKLT661LkU,office,Amatya Labs,corporate_office,27.67806,85.30842779999999,Pulchowk,1
ChIJl9zc8DMY6zkROA0MqcYAxG0,office,DE-Fort,corporate_office,27.6753409,85.3092231,Pulchowk,1
ChIJ6V_AX2kZ6zkRxUuhymmrBt8,office,Shanti Law Associates,corporate_office,27.6868182,85.3174953,Pulchowk,1
ChIJ70uo8h4Z6zkRnCrB1Ir86vE,office,Bikalpa Engineering Consultancy Pvt. ltd.,corporate_office,27.6868358,85.31770689999999,Pulchowk,1
ChIJiWR_h7cZ6zkRpzSKX5FaUIo,office,RECON Renewable Energy Confederation Nepal Kupondole Branch,corporate_office,27.6845123,85.32398599999999,Pulchowk,1
ChIJcdmyqiMZ6zkRaAd5lDl8toI,office,Green Decisions Consulting,corporate_office,27.685273,85.3230157,Pulchowk,1
ChIJqW0k3C0Z6zkRLmOK6FQE_m8,office,Continental Manpower (Nepal) Pvt. Ltd.,corporate_office,27.6717433,85.3126214,Pulchowk,1
ChIJHfCywLQZ6zkRZuL9Ted0SQ0,office,Line Producer in Nepal,corporate_office,27.6717405,85.31262009999999,Pulchowk,1
ChIJgfCbkwIZ6zkRWAa8v68EdCk,office,Green building nepal,corporate_office,27.6715354,85.3129939,Pulchowk,1
ChIJmcdrPwAZ6zkR84kpIrtW0AA,office,"N. Ghimire & Associates, Chartered Accountants",corporate_office,27.686973,85.3169904,Pulchowk,1
ChIJT6u7fgAZ6zkRXz8LV6T25Qg,office,"TEEC,Nepal",corporate_office,27.68515,85.32341369999999,Pulchowk,1
ChIJieFrSQAZ6zkRmzIjmF6SmVc,office,Nepova Technologies Pvt. Ltd.,corporate_office,27.6870458,85.31812719999999,Pulchowk,1
ChIJh-BtAjQY6zkRwx7ngabKDZw,office,Pagevamp Nepal,corporate_office,27.6762527,85.3084678,Pulchowk,1
ChIJ2ZUlKZ4Z6zkRR97fsf7TtjA,office,Dragon pest control pvt ltd,corporate_office,27.6871112,85.3181484,Pulchowk,1
ChIJAy680GsZ6zkReE2qDfWP0gc,office,Gharelu Utpadan,corporate_office,27.687216600000003,85.31679199999999,Pulchowk,1
ChIJkev0NU0Z6zkRpVMCHVLLhYc,office,Friend Publication Pvt Ltd,corporate_office,27.6872406,85.31677669999999,Pulchowk,1
ChIJ5cybVd4Z6zkR6a8SK3vlPWM,office,Stevand Gurkha Overseas Services Pvt Ltd,corporate_office,27.6791538,85.3077758,Pulchowk,1
ChIJAxNwDwAZ6zkRRPHYCedNVAs,office,Allipse Ecom Pvt. Ltd.,corporate_office,27.6833039,85.30920359999999,Pulchowk,1
ChIJJyNRA_8Z6zkRl0OJHolzQYk,office,STORE 1,corporate_office,27.6857903,85.32332629999999,Pulchowk,1
ChIJNxir978Z6zkRnHGWMa66fyo,office,Ozma Consultancy & Heavy Equipment,corporate_office,27.6776158,85.3076366,Pulchowk,1
ChIJL0mxjjYY6zkRSNB_fdQvujU,office,Hostel Boyzland,corporate_office,27.6782607,85.30754100000001,Pulchowk,1
ChIJp67YtLQZ6zkRYk8p4h8ELHY,office,Square One Research And Training,corporate_office,27.6875057,85.3165617,Pulchowk,1
ChIJtYsycbQZ6zkRFTOq5_LUktg,office,Monaj International Pvt.Ltd,corporate_office,27.6876018,85.3169114,Pulchowk,1
ChIJiy-g8jUZ6zkR8g3VGRPO-do,office,sea Design Pvt.Ltd,corporate_office,27.6810469,85.3273596,Pulchowk,1
ChIJM9xpKAAZ6zkRzi7ekAPgd0M,office,Incepta Healthcare Pvt. Ltd.,corporate_office,27.6854723,85.32428910000002,Pulchowk,1
ChIJh5YoO80Z6zkR504y7noCMGY,office,Mero Discounts,corporate_office,27.6834821,85.30876649999999,Pulchowk,1
ChIJLTovVSMZ6zkRP79iHq12Ou4,office,OCG software pvt Ltd,corporate_office,27.6835103,85.30877749999999,Pulchowk,1
ChIJA8ZVjwEZ6zkRX6vcHoZfH_A,office,NAMLO Innovation Management Pvt. Ltd.,corporate_office,27.6878159,85.3162345,Pulchowk,1
ChIJsxQfl-IZ6zkRop-twfGxZOw,office,UMTC Diversey Nepal,corporate_office,27.6872746,85.3137225,Pulchowk,1
ChIJeTNX0mYZ6zkRCxXRrN-LOOM,office,Model House Nepal,corporate_office,27.6879661,85.3168881,Pulchowk,1
ChIJFcOcf7MZ6zkR2RLAnLl1hQw,office,MAbilitics,corporate_office,27.6879155,85.3161196,Pulchowk,1
ChIJ5350NHUZ6zkRdYbS8wREmYs,office,Ghudi sastha,corporate_office,27.6707457,85.3231191,Pulchowk,1
ChIJB8nTYAYZ6zkRcncePK669ZI,office,Mountain moringa and herbs Nepal,corporate_office,27.673005,85.3089959,Pulchowk,1
ChIJY0ioOgAZ6zkR7oi6am9ryOQ,office,"J. Bhandari & Associate, Chartered Accountants",corporate_office,27.670319900000003,85.31249679999999,Pulchowk,1
ChIJWS3hAMQZ6zkRD8j_ZZMlTD0,office,MOH Project Coordination Unit,corporate_office,27.6810903,85.32786019999999,Pulchowk,1
ChIJTTGfEE4Z6zkRmNLcY3pGnrk,office,Applify Technology Pvt. Ltd.,corporate_office,27.670183,85.31261200000002,Pulchowk,1
ChIJ3VvDf7MZ6zkRsZSGxCS0ask,office,Insight Technology Pvt. Ltd.,corporate_office,27.670183,85.31261200000002,Pulchowk,1
ChIJVWz6jCYZ6zkR_1-eLvoYcSE,office,Niural Nepal Office,corporate_office,27.683947,85.30847159999999,Pulchowk,1
ChIJ7TAgO3sZ6zkRt299K-68HJs,office,Fondazione Albero Della Vita,corporate_office,27.6749151,85.30753059999999,Pulchowk,1
ChIJc-eMfAAZ6zkRIyEGsC7m2Vk,office,Fynova Technologies,corporate_office,27.6725976,85.3091108,Pulchowk,1
ChIJnxqJZOsZ6zkR-2PJwxHcrTg,office,All Hands and Hearts,corporate_office,27.6794764,85.3065759,Pulchowk,1
ChIJozmNAwAZ6zkRkGheyndVRWI,office,Sunaulo home,corporate_office,27.6747556,85.30748270000001,Pulchowk,1
ChIJtRPWK6AZ6zkRtN9ZYJQbXSE,office,Development Alliance Nepal,corporate_office,27.6826335,85.3275815,Pulchowk,1
ChIJb-DcFQAZ6zkR0z0DNLzfePU,office,Marambha Co.,corporate_office,27.6779113,85.3064866,Pulchowk,1
ChIJQZnid7MZ6zkRAQATdZdAiBQ,office,XeneX Media Pvt Ltd,corporate_office,27.688463,85.31628119999999,Pulchowk,1
ChIJs-2hgKMZ6zkRHkoP_49p6lo,office,"Sirjanshil, The Creative Agency",corporate_office,27.681351,85.3281904,Pulchowk,1
ChIJqypmwMwZ6zkRRrJxl1aFC14,office,True North Associates,corporate_office,27.680747,85.3065939,Pulchowk,1
ChIJyw_t6EkY6zkRnrOzm7s-AfE,office,Chaudhary Group,corporate_office,27.6823831,85.307149,Pulchowk,1
ChIJqY8UotwZ6zkRkiIGOeSbHYI,office,Heetaisi Builders And Traders,corporate_office,27.6885537,85.3163454,Pulchowk,1
ChIJEf_6B7cZ6zkRCtSolZQZNjo,office,Group Of Event Entertainers,corporate_office,27.6828666,85.3073335,Pulchowk,1
ChIJP9RP8VAZ6zkRCfbUw4FCXow,office,Ghimire Group Pvt Ltd,corporate_office,27.6783053,85.3062952,Pulchowk,1
ChIJkXQeKEoY6zkR5JfJfSAnNGQ,office,Ghansi Nepal,corporate_office,27.6841771,85.308127,Pulchowk,1
ChIJT5eZa5QZ6zkRPQYjrRlANz4,office,Synergy Tech Pvt Ltd,corporate_office,27.6871822,85.31160179999999,Pulchowk,1
ChIJyQ2ldgAZ6zkRNPslXKytLrU,office,Adda Ghar Thapathali,corporate_office,27.6876222,85.32262460000001,Pulchowk,1
ChIJK01DzswZ6zkRHKUWSPi9mFg,office,Neoteric Nepal Pvt. Ltd.,corporate_office,27.6737629,85.3076497,Pulchowk,1
ChIJ6e_xQrMZ6zkRX74SXDcPBW4,office,Lions Group,corporate_office,27.6884803,85.3147504,Pulchowk,1
ChIJkXh8T7YZ6zkRVti4aVxMfok,office,All Things Nepal,corporate_office,27.6811154,85.3064467,Pulchowk,1
ChIJt3yqojsZ6zkR0K-xOwmwLeI,office,Envelope Motion Pictures,corporate_office,27.6811195,85.3064328,Pulchowk,1
ChIJ0RLdNeYZ6zkRL2ca_AFDMN8,office,Langtang Bhotekoshi Hydro Power Company Pvt.Ltd,corporate_office,27.684075600000003,85.3078304,Pulchowk,1
ChIJQyoXVwAZ6zkRs7re37-Y4YQ,office,Allure Complex,corporate_office,27.6873749,85.31163339999999,Pulchowk,1
ChIJaaXBdgAZ6zkR5uYRTFp2m1A,office,JV consultancy (SAICPL-BOTEK-TMS-GOEC),corporate_office,27.6874046,85.3116579,Pulchowk,1
ChIJoznJDwAZ6zkRU_8l9Do4-UA,office,Avinto Nepal,corporate_office,27.6873959,85.3115849,Pulchowk,1
ChIJDZql67kZ6zkR-QT3eEPdo_s,office,ILC Lalitpur,corporate_office,27.6777111,85.30609059999999,Pulchowk,1
ChIJXxd9CQAZ6zkRNFCnpb-Png0,office,Nest SMS,corporate_office,27.6874661,85.31160179999999,Pulchowk,1
ChIJeRrmaQAZ6zkR5cVrtWImIyk,office,VS Nepal Pvt. Ltd.,corporate_office,27.6872223,85.3238653,Pulchowk,1
ChIJAXgFDy0Z6zkRmft3p_udgFk,office,Baliyo Ventures,corporate_office,27.681672,85.3285696,Pulchowk,1
ChIJl4UNPnIZ6zkRiDARFBwx82k,office,Panthi G. & Associates,corporate_office,27.6814377,85.328649,Pulchowk,1
ChIJb7bJgq8Z6zkRs3fyLIEoIrI,office,Deego Nepal,manufacturer,27.6729917,85.3078422,Pulchowk,1
ChIJf4tmJAAZ6zkRmTbTRbS6nWE,office,Little star Records,corporate_office,27.6812324,85.3287758,Pulchowk,1
ChIJq7sLULoZ6zkRxhDTl8DYCdc,office,Trikaru Design Studio Pvt. Ltd,service,27.6825608,85.3283656,Pulchowk,1
ChIJoRhxHTcY6zkR_rkANxI1IHM,office,Smart Panda Solutions Pvt. Ltd.,corporate_office,27.6776564,85.3058124,Pulchowk,1
ChIJG7d7DkMZ6zkRcSLW_I0awRY,office,DXN Nepal,corporate_office,27.6721338,85.3083776,Pulchowk,1
ChIJES79MuAZ6zkRS3GKHpPsT3s,office,New Bibek Enterprises Pvt. Ltd.,corporate_office,27.6721329,85.3083477,Pulchowk,1
ChIJC6IgTs4Z6zkREZ1F6tJLhrQ,office,Mr solution,corporate_office,27.6827455,85.30658629999999,Pulchowk,1
ChIJ327cLHoZ6zkRB6GMlgG4ZQY,office,Dekiling Carpet Industry,corporate_office,27.6706165,85.30991879999999,Pulchowk,1
ChIJKVF9UwAZ6zkR3SF0moAYPzk,office,Anmol Healthcare,corporate_office,27.6819017,85.3288694,Pulchowk,1
ChIJqf_66XwZ6zkRhsOX7y6-dFk,office,Otech Pvt.Ltd.,corporate_office,27.6795577,85.3056039,Pulchowk,1
ChIJFwtDDAAZ6zkRB6zVr73jSPc,office,Nepal Hydro Works Pvt.Ltd,corporate_office,27.6887149,85.3135479,Pulchowk,1
ChIJyyPVs_YZ6zkR6AYdWzOxUIU,office,Gaurabta Nepal,corporate_office,27.6890223,85.3146888,Pulchowk,1
ChIJw7UDoAYZ6zkR1pPpPAc92Bk,office,Doodhpokhari Chepe Hydropower Pvt. Ltd.,corporate_office,27.688712100000004,85.3133704,Pulchowk,1
ChIJvT0jZhUZ6zkRUH6XZkqutrA,office,Rawa Energy Development Pvt. Ltd.,corporate_office,27.6878207,85.3112554,Pulchowk,1
ChIJAULvCgAZ6zkRPe_pmEYCDF0,office,Sam's One Tree Management Pvt. Ltd,corporate_office,27.683031,85.306488,Pulchowk,1
ChIJs7Jb64IZ6zkRj5RFCC20YtI,office,Aava Global Solutions Pvt. Ltd.,corporate_office,27.6836943,85.3068182,Pulchowk,1
ChIJRRvQCgAZ6zkRByGiJHfwTXw,office,Rumpum office,corporate_office,27.688729,85.3217105,Pulchowk,1
ChIJfYyH2rAZ6zkRf8hpx6zP9oA,office,Sharda Group,corporate_office,27.6886859,85.321862,Pulchowk,1
ChIJbytnEb8Z6zkRd5TlQcUpSiw,office,IoT Incorporation Pvt Ltd,corporate_office,27.6886868,85.3218642,Pulchowk,1
ChIJnc_uy8kZ6zkR8Y1w6jMzDMM,office,The Honorary Consulate of Georgia in Kathmandu,corporate_office,27.6886916,85.32185729999999,Pulchowk,1
ChIJh6o4YQAZ6zkRg0XZ2EK8ACc,office,MAW Vriddhi (Head-Office),corporate_office,27.6837189,85.30680919999999,Pulchowk,1
ChIJ_RamDTUZ6zkRweV1WlGCZpA,office,The British College - Admin Block,corporate_office,27.6885358,85.3223029,Pulchowk,1
ChIJqyu-YwAZ6zkRQf1op0i2tjI,office,Absco Ventures,corporate_office,27.6785381,85.3053681,Pulchowk,1
ChIJ_Qc6zrAZ6zkRbgca6DzNBAc,office,Shakti minerals Pvt.Ltd,corporate_office,27.6887557,85.3218479,Pulchowk,1
ChIJnfmTVy8Z6zkRZ9BPZlpiU3I,office,Kang Hydropower Ltd,corporate_office,27.6887483,85.3131145,Pulchowk,1
ChIJlaDcV4YZ6zkREXs--E8f9aM,office,Simjung Pvt. Ltd,corporate_office,27.6887506,85.31307679999999,Pulchowk,1
ChIJo-suLPcZ6zkR8n6nYZn5njs,office,Nepal Traveller Digital Publication Pvt. Ltd.,corporate_office,27.6840109,85.3067847,Pulchowk,1
ChIJL6D-fQAZ6zkR8g9IL6Cbssc,office,Loadboard Pvt. LTD,corporate_office,27.6713639,85.30837989999999,Pulchowk,1
ChIJCy6tmCMZ6zkREi_MGnYtDH8,office,Open heaven Travel And Treks Pvt.Ltd,corporate_office,27.683282,85.3063056,Pulchowk,1
ChIJEQsGKM4Z6zkRwgCvYntNzII,office,Palsonic,corporate_office,27.6786003,85.3051097,Pulchowk,1
ChIJQxwUfbYZ6zkRkgiGnGFnJ2Y,office,Visions Nepal,corporate_office,27.6852925,85.3074403,Pulchowk,1
ChIJW32KBwAZ6zkRXqWIB2r8Du4,office,The Branding Company Nepal,corporate_office,27.6846559,85.30685340000001,Pulchowk,1
ChIJzQJTOwAZ6zkRVrslGUiUP_g,office,Amber motors,corporate_office,27.684734,85.306834,Pulchowk,1
ChIJreUz3ocZ6zkRgvyyuHOb3IM,office,Informatics Nepal,corporate_office,27.6850659,85.30707369999999,Pulchowk,1
ChIJhx8ZyoEZ6zkRcplvpeZ4HnQ,office,Techshastra pvt ltd,corporate_office,27.6880555,85.324621,Pulchowk,1
ChIJr7BtH5wZ6zkRbWX3jCxn8x4,office,YKK India Private Limited- Nepal,corporate_office,27.6899144,85.31894609999999,Pulchowk,1
ChIJyZZeXgAZ6zkRMglU8DgONgI,office,Lancesoft Nepal Private Limited,corporate_office,27.689995,85.3175605,Pulchowk,1
ChIJBfLDJgAZ6zkRNHDoPXitIG8,office,Saaho Group Pvt. Ltd.,corporate_office,27.6888056,85.3117548,Pulchowk,1
ChIJqd_h9S0Y6zkRyc37_xlnn1s,office,Sabizz Group,corporate_office,27.6699195,85.309435,Pulchowk,1
ChIJiamhDk4Z6zkRaawdvc0ahrE,office,Right to Food Network Nepal (RtFN),corporate_office,27.6835981,85.3059693,Pulchowk,1
ChIJzypmQwQZ6zkRfRkNCYWDRgs,office,Avishkaram Technologies,corporate_office,27.6900279,85.3175978,Pulchowk,1
ChIJi22wpDkZ6zkRbAI-aDCWtq8,office,Verside Productions,corporate_office,27.6698465,85.30951879999999,Pulchowk,1
ChIJZYgjp1MZ6zkRk9R-gGNiD_4,office,Paypoint Nepal,corporate_office,27.6899925,85.3190611,Pulchowk,1
ChIJnW4-t9gZ6zkRf43QWLUkCb8,office,DN Estate Service Pvt.Ltd,corporate_office,27.6698036,85.3094649,Pulchowk,1
ChIJdd8u-EsY6zkRxXffLzQHjvg,office,Midas,corporate_office,27.6873352,85.3090734,Pulchowk,1
ChIJL1FFNQAZ6zkR9DGDLd_SHD0,office,Shree chemicals,corporate_office,27.6892269,85.3225393,Pulchowk,1
ChIJBwczsZ4Z6zkRskh-InUN1_c,office,Omstone Hotel Ltd,corporate_office,27.6876071,85.3093257,Pulchowk,1
ChIJbSjRbL4Z6zkRoTm3o-otfuY,office,Pujapath Pvt Ltd,corporate_office,27.6891172,85.3120422,Pulchowk,1
ChIJD3gQoaoZ6zkRW8-vmbbEA7A,office,Sumukhi Handicrafts,corporate_office,27.6883132,85.3246054,Pulchowk,1
ChIJ5fEHCigZ6zkRMvhb_teX_H0,office,Kreativnepa,corporate_office,27.688256400000004,85.3247224,Pulchowk,1
ChIJM-GqMe8Z6zkRGTDeLNR-UNU,office,SMALL IRRIGATION PROGRAMME (SIP),corporate_office,27.687044500000003,85.3085516,Pulchowk,1
ChIJEamHMr8Z6zkREZPmlpW-EMs,office,Nepal Institute for United Nations and UNESCO,corporate_office,27.6848015,85.3064132,Pulchowk,1
ChIJ_ee7NAAZ6zkRLJFV6H940_4,office,Gabionet office,corporate_office,27.689405500000003,85.32266829999999,Pulchowk,1
ChIJzztANAAZ6zkRhO3Lq7PADqM,office,KMC Corporate Office,corporate_office,27.689405500000003,85.32266829999999,Pulchowk,1
ChIJrTFYZtkZ6zkRpe6PGtUPc28,office,"आर्थिक गणना शाखा , केन्द्रीय तथ्यांक बिभाग",corporate_office,27.689405500000003,85.32266829999999,Pulchowk,1
ChIJh_YfA_IX6zkRjkexv1YR0dQ,office,Pahadi Coffee Pvt. Ltd.,corporate_office,27.6709663,85.3076586,Pulchowk,1
ChIJt5SeDgAZ6zkRJZCbbD9jZX4,office,Black Letter Chambers,corporate_office,27.6887096,85.3243476,Pulchowk,1
ChIJlQ6TgOsZ6zkRGniUIuFkd1w,office,Stalwart Consolidation Pvt. Ltd.,corporate_office,27.6696969,85.3090213,Pulchowk,1
ChIJg77x6zEY6zkRuRwXSHWtJBo,office,NMS Agro Pvt. Ltd.,corporate_office,27.671031,85.3074481,Pulchowk,1
ChIJ_____8gZ6zkRex0nVw7GiKo,office,Namaste Kathmandu Pvt. Ltd.,corporate_office,27.6831959,85.305233,Pulchowk,1
ChIJiVP2rbIZ6zkRRdlcmi0F-sc,office,DADS Logistic Service,corporate_office,27.6746594,85.3048994,Pulchowk,1
ChIJu1fj-X5VkzkRoo-PjDjRLUc,office,Yantrik Prabidhi,corporate_office,27.6757734,85.3044589,Pulchowk,1
ChIJO36a7LAZ6zkR_sq6mA-YCBo,office,Nepal Kanoon Samaj,corporate_office,27.6897628,85.32253820000001,Pulchowk,1
ChIJQ7nLQ7YZ6zkRYDnDC-n7TgE,office,कर्मचारी संचयकोष सञ्चयकर्ता कर्जा विभाग,corporate_office,27.6673916,85.3218656,Pulchowk,1
ChIJwyZWzEoZ6zkRfhfCxHW3Eyw,office,Baliyo Nepal,corporate_office,27.686681,85.3074054,Pulchowk,1
ChIJIaEikDcY6zkRbe_tJiENhRw,office,Nepali Consultancy,corporate_office,27.6793567,85.3039637,Pulchowk,1
ChIJKY6VBQAZ6zkRh4TtK6kjN7w,office,Gulf nepal consulting,corporate_office,27.6894182,85.31133439999999,Pulchowk,1
ChIJ9e-rVEkY6zkRz-hFZ9XI8Qw,office,Simalsoft Technologies,corporate_office,27.687432800000003,85.3081459,Pulchowk,1
ChIJP7JtTAAZ6zkROYH1ixplvfg,office,Peace Love & Art Community,corporate_office,27.6805059,85.30405530000002,Pulchowk,1
ChIJ4TMWwhwZ6zkRG16xjohBS48,office,Cartmade Ecommerce Pvt. Ltd.,corporate_office,27.6867314,85.3072912,Pulchowk,1
ChIJYQ-jm5sZ6zkRguMVizhJT4A,office,SDG Studio,corporate_office,27.6782547,85.303816,Pulchowk,1
ChIJc5wtHgAZ6zkRN-FEnzSx05M,office,Biz Engine Consulting,corporate_office,27.687667,85.3081885,Pulchowk,1
ChIJRfQN16EZ6zkR2F4Pp-FDLYE,office,Tianbo International Myanmar Company Limited (Nepal Branch),corporate_office,27.6786505,85.30373340000001,Pulchowk,1
ChIJaYOP6QsZ6zkRLSi1gz5bvqY,office,Vaastu Bandanaa,corporate_office,27.6895005,85.31106129999999,Pulchowk,1
ChIJMYHSuTAY6zkRr1--T0Cf23o,office,MacWare Nepal Pvt. Ltd.,corporate_office,27.6748438,85.3043905,Pulchowk,1
ChIJsRSHQAAZ6zkRUiKeRHzJ4gQ,office,Amar Architects,corporate_office,27.6723299,85.30565969999999,Pulchowk,1
ChIJ69K9ECMZ6zkRCAXn6FOV7Dc,office,Colussal Education Centre,corporate_office,27.6834618,85.30472329999999,Pulchowk,1
ChIJyceLzh0Z6zkR84OFaggoIa8,office,Varun International,corporate_office,27.6782715,85.303615,Pulchowk,1
ChIJB9YKyOMZ6zkRQRPHCSqTVbA,office,Arketing Studios,corporate_office,27.6869058,85.3071176,Pulchowk,1
ChIJQ38vOAAZ6zkRo0uuUd_UfhQ,office,Spark inc pvt ltd.,corporate_office,27.669042800000003,85.3087961,Pulchowk,1
ChIJf0G5WzMZ6zkRqcXarJNvvT4,office,Titanium Technologies P.Ltd,corporate_office,27.6767808,85.3036753,Pulchowk,1
ChIJE-8PjTcY6zkRxCr_49SAtGo,office,German Development Cooperation,corporate_office,27.6795834,85.30353250000002,Pulchowk,1
ChIJB9uy-D0Z6zkRbvC4I3WfHbc,office,Alltech Biotechnology Nepal,corporate_office,27.6702891,85.3071131,Pulchowk,1
ChIJAfC8rlYZ6zkRNZ5Si_cHQqw,office,Grow Tech Pvt. Ltd,corporate_office,27.689562,85.324438,Pulchowk,1
ChIJoRmWGDgZ6zkRkDUL_RLyM3Q,office,Boiron Homoeo Pharmacy/ Welcome Ayurveda Pharma,corporate_office,27.6669677,85.3223757,Pulchowk,1
ChIJLxamIE0Y6zkRc5m05ADcinw,office,Wedding Dreams Nepal Office,corporate_office,27.6903758,85.312437,Pulchowk,1
ChIJWWiPawAZ6zkR5zmYygfZTJE,office,Konnect Solution Private Limited,corporate_office,27.6750005,85.3040049,Pulchowk,1
ChIJk_NKozwZ6zkR9czepZ8ToE0,office,Golden Tower Tele solution,corporate_office,27.6765834,85.30356859999999,Pulchowk,1
ChIJKRxvLewZ6zkRtws6xbh0xbs,office,Power Point Nepal Pvt. Ltd.,corporate_office,27.6903607,85.3123495,Pulchowk,1
ChIJsXVEQAAZ6zkR039Sbur7Ymw,office,Uddheshya Group,corporate_office,27.6885298,85.3084899,Pulchowk,1
ChIJC3TWNY4X6zkRrCC98H9Mlok,office,YCOTEK,corporate_office,27.6837997,85.30437309999999,Pulchowk,1
ChIJ7wVQCgAZ6zkRNlr95sAfM4A,office,SURABHI TRADING PVT.LTD,corporate_office,27.6747933,85.3038262,Pulchowk,1
ChIJl_lfTJAZ6zkRDdTkkJHfWYs,office,Golchha Organization,corporate_office,27.6781393,85.30313749999999,Pulchowk,1
ChIJ0dySJBUZ6zkRiwe66mCn33M,office,SHIKHA TECH,corporate_office,27.6800059,85.3031898,Pulchowk,1
ChIJB5VOK-wZ6zkRoZekCSfboUE,office,FACT Nepal Pvt Ltd,corporate_office,27.6851673,85.305105,Pulchowk,1
ChIJFYwtZ0gY6zkR5G9Nid762hg,office,EduTech Nepal,corporate_office,27.6840323,85.30442719999999,Pulchowk,1
ChIJlXVuFcEZ6zkRmscNvvBeQLU,office,A.M.D. Soft and Services Pvt. Ltd.,corporate_office,27.6874227,85.32801479999999,Pulchowk,1
ChIJrbLUC3gZ6zkRwXzAFKW-qDM,office,Tiny Codes Pvt Ltd,corporate_office,27.6787397,85.3030831,Pulchowk,1
ChIJPSxySUkY6zkRXfnjXax82Cw,office,HATTIHATTI,corporate_office,27.6687764,85.3084121,Pulchowk,1
ChIJGWBoaAAZ6zkRmlBIF0BrAzc,office,Shangrila Motors Corporate Office,corporate_office,27.6781594,85.3030589,Pulchowk,1
ChIJEURZijcY6zkRn7706dbrtfI,office,GDC Office Kathmandu,corporate_office,27.6812987,85.3033313,Pulchowk,1
ChIJSxGlXbkZ6zkRiIGpgRm8GUo,office,Pahilo Online Trading,corporate_office,27.6876116,85.3279374,Pulchowk,1
ChIJlZ3iGW0Z6zkRMFZ1MJO-hkU,office,Business Plaza,corporate_office,27.6781618,85.30295679999999,Pulchowk,1
ChIJpZuqPZMZ6zkRC6P0bhYhUoE,office,House Of Raj,corporate_office,27.6803191,85.3030557,Pulchowk,1
ChIJ7wx5FsIZ6zkRIgCWHiToM3s,office,Khoji Recruitment Services Pvt. ltd,corporate_office,27.6824898,85.3034667,Pulchowk,1
ChIJY8W5Z7UZ6zkR5e105JUEA0o,office,NACCFL office,corporate_office,27.6756711,85.30322079999999,Pulchowk,1
ChIJ_3qyTLUZ6zkRZgOWoM2wiDY,office,Welthungerhilfe (WHH) Country Office,corporate_office,27.6852432,85.30471899999999,Pulchowk,1
ChIJw4xz2zkY6zkRuurgLtquYYs,office,Sanigad Hydro Pvt. Ltd.,corporate_office,27.6774803,85.30273489999999,Pulchowk,1
ChIJ0eKYpt0Z6zkRh6-RtU2RZ_s,office,Corel pharmaceuticals pvt.ltd,corporate_office,27.6784035,85.3026162,Pulchowk,1
ChIJd6fOyBcZ6zkR17WrRZ5Jfq8,office,BellStone Hi- Tech Nepal Pvt. Ltd.,corporate_office,27.6797667,85.30265969999999,Pulchowk,1
ChIJHZ4Ay4YZ6zkRxjL4EGLuDhE,office,Nexorith Nepal,corporate_office,27.6819802,85.3030766,Pulchowk,1
ChIJM6ubqVkZ6zkR3nh3ngYoXN4,office,Data Hub Admin,corporate_office,27.6854986,85.3047287,Pulchowk,1
ChIJl3Nd52QZ6zkRRqo4Enfor6Q,office,Bihani Overseas & Consultancy,corporate_office,27.6791351,85.3025948,Pulchowk,1
ChIJp4LUTrkZ6zkRFTfTLTuvjsY,office,Urvara Venture,corporate_office,27.6837336,85.3036724,Pulchowk,1
ChIJv4EmzDkY6zkRHaVoUKyg3zs,office,Kalanga Complex,corporate_office,27.677534,85.3025821,Pulchowk,1
ChIJ21p4hEUZ6zkRnTi2palJAYc,office,scig international nepal hydro joint development co pvt ltd,corporate_office,27.6872503,85.3060301,Pulchowk,1
ChIJw2QsWwAZ6zkRk0SUmd1ZoS8,office,Videojet Nepal,corporate_office,27.6770972,85.3025181,Pulchowk,1
ChIJB_UHTN0Z6zkRZrq2HkUtPTg,school,Highland-Park-International-Montessori-Pre-School,preschool,27.6791017,85.3106215,Pulchowk,1
ChIJBTHBzkoY6zkR3_hpEGq9gus,school,Entrust Solutions Nepal,government_office,27.683679,85.31318689999999,Pulchowk,1
ChIJdciBgkoY6zkRSHH5UqkwZQc,school,The British School,school,27.6820289,85.3112258,Pulchowk,1
ChIJJ0jdefgF_ooR31NcOL6WdBU,school,The Math Studio,school,27.6832463,85.3122081,Pulchowk,1
ChIJbVtJLDUZ6zkR2iHv-qaFEnE,school,Divestroke Swimming Academy,sports_school,27.6852392,85.3162258,Pulchowk,1
ChIJtVhJrywZ6zkR18dKpsKTRYc,school,YING HUA LANGUAGE INSTITUTE 英华语言学院,educational_institution,27.6837187,85.3124062,Pulchowk,1
ChIJFR9r70oY6zkRZRe3BmnQkkM,school,Kinderpillar Preschool,preschool,27.6839978,85.3120757,Pulchowk,1
ChIJ21kzlZ8Z6zkRu0zJQNTgKgM,school,Ravibhawan,secondary_school,27.6770999,85.3094969,Pulchowk,1
ChIJBepjJLQZ6zkRPEqbTAABCpY,school,School Of Creative Communications,educational_institution,27.6862688,85.3183258,Pulchowk,1
ChIJT6M8z7QZ6zkRZ-bkKLjaZeE,school,Amar Shishu Vidyalaya,preschool,27.6857276,85.31419939999999,Pulchowk,1
ChIJBW9_i0gZ6zkRjlP4Hp2QsmQ,school,Mickey' International Pre Primary school,school,27.6867556,85.31924149999999,Pulchowk,1
ChIJK0HrljYY6zkRMzyE7QE3Fh0,school,Ideal Model School,school,27.6771217,85.3082093,Pulchowk,1
ChIJlxVHpEsY6zkR5AD97Y9ilaI,school,GEMs Primary Boarding School,school,27.6854335,85.3106328,Pulchowk,1
ChIJoa2mYrMZ6zkRvREE1kRnDyE,school,Pragati Shiksha Sadan Secondary School,school,27.6877068,85.31548629999999,Pulchowk,1
ChIJLy73MPsZ6zkR9lPoIN21VrI,school,Melody Garden,school,27.6722102,85.3094393,Pulchowk,1
ChIJMTwTxUsY6zkRhZvjkqFPiaQ,school,Shree Tika Vidyashram Higher Secondary School,secondary_school,27.6853954,85.3095019,Pulchowk,1
ChIJb5Fe8TYY6zkRx3dJ7drqmGA,school,IPPS,preschool,27.6754382,85.3067373,Pulchowk,1
ChIJGR-TtvEZ6zkRtWuMmjREdaQ,school,Roshani Rasaili,school,27.6877625,85.3228594,Pulchowk,1
ChIJu81XvUkY6zkRLMs-bHRkQOc,school,Maria Montessori House,school,27.6837147,85.3071186,Pulchowk,1
ChIJ3wsvKzkZ6zkRrYfrXXI1W1w,school,Sampada School,school,27.6838944,85.30715520000001,Pulchowk,1
ChIJtXrzbgEZ6zkRvNWxqqV3hgU,school,Montessori Kinderworld,school,27.6726151,85.3077479,Pulchowk,1
ChIJKb8IW4oZ6zkRmYIPJKuY6UY,school,Bluesky Beauty Salon & Academy,beauty_salon,27.6787731,85.3054355,Pulchowk,1
ChIJC2_SYF4Z6zkR3wD47QNEDCk,school,श्री गुह्येश्वरी बाल शिक्षा माध्यमिक विद्यालय,school,27.6886275,85.3220762,Pulchowk,1
ChIJ6R53ltEZ6zkRAOpi5_WQ7qE,school,Little Einsteins - Nepal,preschool,27.6843593,85.3071866,Pulchowk,1
ChIJJ0WFOwAZ6zkRXpRcUMTXyFs,school,Prem,school,27.6895694,85.3178216,Pulchowk,1
ChIJ26S0BpMZ6zkR9km0ScvmvKg,school,Maths tuition class 8-12,secondary_school,27.6756799,85.3056565,Pulchowk,1
ChIJCQgV4ksY6zkRQrmz_NzWGZI,school,Shining Stars School,school,27.6864292,85.3085224,Pulchowk,1
ChIJnxpX1zAY6zkRrHdKsgJLqPY,school,Shree Sanchetana Primary School,primary_school,27.6749442,85.305576,Pulchowk,1
ChIJmabcxLMZ6zkRsEJJOKLX550,school,Eurokids Pre-School,school,27.6898701,85.31863179999999,Pulchowk,1
ChIJ11qRRMQZ6zkRxD-OhxBxu3s,school,Kathmandu,school,27.6853012,85.3070532,Pulchowk,1
ChIJ4eTpkKcZ6zkRr3VIlspDXr0,school,Traibidya Shikchhya Sadan (TRISSA),primary_school,27.6893798,85.3225615,Pulchowk,1
ChIJ4XiUJIUZ6zkRge_aG7obmo8,school,Gaming Club | MJ88 Nepal,school,27.689405500000003,85.32266829999999,Pulchowk,1
ChIJG7v3cQAZ6zkRPklsuZMpEgQ,school,LIFE School,school,27.6743024,85.30511820000001,Pulchowk,1
ChIJcUv_CF4Z6zkRqVcMtx7P4T8,school,Catholic Student Network of Nepal,school,27.6844597,85.3058143,Pulchowk,1
ChIJ4XzR8ZIZ6zkRXWpC85nvSLg,school,Innova World,preschool,27.6865625,85.30743749999999,Pulchowk,1
ChIJ1R1GAEwY6zkRpNQaTviF34k,school,Kathmandu Waldorf Kindergarten,school,27.6875111,85.30834209999999,Pulchowk,1
ChIJ_9CFaDcY6zkR4F50-mbcPlQ,school,Euro Kids Dhobighat,preschool,27.6771349,85.3040173,Pulchowk,1
ChIJ6Qcc5zAY6zkRNsaHhWh6vbg,school,Himalayan International Ideal School,school,27.6708125,85.3070625,Pulchowk,1
ChIJC93bor8Z6zkRFDW2246Eijs,school,Montessori Phoolbari Pre school,school,27.6722295,85.3052315,Pulchowk,1
ChIJGY1TzpUZ6zkR6wOz1hWX58Q,school,Lovely Home Bhanimandal,school,27.670564,85.3063136,Pulchowk,1
ChIJA-1aHz0Z6zkRSDiyXys3oek,school,Baby's Milestones Academy,preschool,27.6822483,85.3032802,Pulchowk,1
ChIJx2NTBZ4Z6zkREZKwZA39KCM,school,Mother's Pride Sanepa,school,27.686857,85.305925,Pulchowk,1
ChIJa2aFSqQZ6zkRF8NDZdvbsXI,school,Radient Montessori school,school,27.6884202,85.30757729999999,Pulchowk,1
ChIJu-vvKRgZ6zkRdE0DwSfLDm4,school,Oxford Educare SchoolBlock-B,school,27.6868387,85.305701,Pulchowk,1
ChIJyZzUzy0Y6zkRMTt6FTktCAU,school,Mahindra Bhrikuti High School,secondary_school,27.6675579,85.30913,Pulchowk,1
