building_type,name,latitude,longitude,building_area_sqm
hospital,Stupa Community Hospital,27.72074621862627,85.36481910499825,544.3
yes,,27.71331296730038,85.34980023996964,113.93
house,Shre Om Bastralaya,27.71311795468213,85.35110695532795,161.44
yes,,27.729125349752152,85.36034864270415,526.05
yes,,27.722976010960778,85.35213938160472,136.14
yes,Sherpa Monastery,27.720938873471948,85.36007755639626,481.1
temple,Baudhanath,27.721435706208474,85.36200444124628,5520.9
hotel,,27.722140318967657,85.35697583430806,9820.72
temple,Shechen Gompa,27.724445865277676,85.36079889914825,363.06
yes,Guheshowari Mata,27.711213100003537,85.35329894999757,65.02
yes,Dibya Fast Food,27.712792505920262,85.35997770595715,100.85
office,Bima Samiti,27.724993874829924,85.34933703978045,315.57
office,Nepal Film Development Corporation,27.724371841083165,85.34885152426347,558.27
yes,Rajdhani Newspaper Press,27.72670198205907,85.3493098308826,321.82
college,,27.72153376432067,85.3487402091427,481.25
school,,27.726613019014657,85.3563202651452,340.29
school,,27.72628232047233,85.35644677682633,275.29
yes,,27.730192650000074,85.35928149999877,93.83
yes,,27.714624150030463,85.35288004999995,218.12
yes,,27.723281199999104,85.35511739998893,93.84
yes,,27.723656750007663,85.35743009999554,154.66
yes,,27.727034624008315,85.37428430880625,98.08
residential,,27.714284198678985,85.35214635148344,98.96
yes,,27.71893287216352,85.34871349053253,76.22
yes,,27.726301207203893,85.34962382491624,120.22
yes,,27.717172224166237,85.35270205948585,110.9
yes,,27.7247552061253,85.37115756559375,140.27
yes,,27.716369006032156,85.35248806461374,48.48
yes,,27.71490439630289,85.3539521663057,84.0
yes,,27.724754300005653,85.35027789999945,102.32
yes,,27.725076950003828,85.37260669999553,88.86
yes,,27.727038390475823,85.3529772233127,100.42
yes,,27.727576529692673,85.37541469883729,86.8
yes,,27.717110133195362,85.35441983278398,141.74
school,,27.726511860534988,85.35305276483287,96.87
yes,,27.73009500000746,85.35894389999945,126.21
yes,,27.714798557819044,85.35407882939417,73.39
residential,,27.71439259979398,85.35225365038953,107.94
yes,,27.722768706920906,85.35444188130384,92.23
yes,,27.728424308478026,85.35671675366473,568.03
yes,,27.725650904941407,85.37208292853312,135.62
yes,,27.7259574509552,85.37222591510704,182.78
yes,,27.725886626824565,85.37529638119666,59.85
yes,,27.716298339843725,85.35398978473036,72.92
yes,,27.71765594237735,85.35402876940711,111.23
residential,,27.713748830012225,85.35185769262264,90.68
yes,,27.723544196583358,85.37292883337554,110.36
yes,,27.72325239999889,85.35525859998383,74.87
yes,,27.728430491493405,85.35651781930193,107.67
yes,,27.723264677929404,85.37364371025089,100.89
yes,,27.725852224653078,85.34961068728589,92.24
yes,,27.727842268520394,85.35476461052019,92.6
yes,,27.71558353111468,85.35395689380576,87.72
yes,,27.724684425812026,85.37494044256026,148.38
yes,,27.730704750009593,85.35903819999761,86.59
yes,,27.716335150004117,85.35406665000686,77.85
yes,,27.715459200001135,85.35392984999513,89.34
residential,,27.714831097052237,85.35214281750166,82.2
yes,,27.726449368791464,85.37261596550691,107.13
yes,,27.724601492245394,85.36945620830235,159.76
school,,27.726388950018055,85.372263849999,284.67
yes,,27.72886097633466,85.35645005380364,130.9
yes,,27.714661401455036,85.35361067131348,116.61
yes,,27.730428374348122,85.35790460788735,119.12
yes,,27.724631763175427,85.34729665779322,142.84
yes,,27.716728300017998,85.35513289999838,197.04
yes,,27.72638970000582,85.35001865000008,86.18
yes,,27.718183950006583,85.35477420000065,93.0
yes,,27.725541550009204,85.37485799999355,93.99
yes,,27.728660980482843,85.35645393947898,98.61
yes,,27.724663242366052,85.3474339198429,136.63
yes,,27.725326528776424,85.37405692035057,97.29
yes,,27.724764046585673,85.37299008131374,117.85
yes,,27.727458000001896,85.35331509999901,80.19
yes,,27.719616525341596,85.34857144606397,121.48
yes,,27.715408749997305,85.35403644998668,126.73
yes,,27.714850533367336,85.35431983295607,126.21
yes,,27.733913700001295,85.35970904998001,225.19
yes,,27.71659140638975,85.35501412647893,150.42
yes,NPN Building,27.725649679782364,85.37365269416641,100.97
yes,,27.72440339674614,85.37011557799113,562.36
yes,,27.726869395678754,85.37368601792149,75.23
yes,,27.72550725595806,85.3733740206855,140.96
yes,,27.72743044097346,85.37341184439191,109.3
yes,,27.727804943024246,85.35497982307984,95.1
yes,,27.717891782075124,85.35270276948302,167.88
yes,,27.721273610058795,85.34911543264812,132.49
yes,,27.725289350008634,85.37207574996008,370.54
yes,,27.7177801191574,85.3528545356336,158.68
yes,,27.724707968331856,85.37129165524637,120.44
yes,,27.728187200004253,85.35703694999816,68.01
yes,,27.724484455706335,85.37148360634508,161.71
yes,,27.716292215576143,85.35470554958265,110.68
yes,,27.728741254853198,85.35744557080083,92.34
yes,,27.715547550006406,85.35409305000034,96.57
yes,,27.716566125863757,85.35449686629785,118.1
yes,,27.73406628165503,85.36009914497866,73.54
yes,,27.724130149711158,85.35764448342071,124.0
yes,,27.727513998643204,85.37478019996446,209.3
yes,,27.71672055001799,85.35531274999698,163.4
yes,,27.725543318891862,85.34748580894376,12.4
yes,,27.71604086407635,85.35087298126066,112.72
yes,,27.71537085000534,85.35419569999887,110.34
yes,,27.718909326186264,85.34909189279696,185.79
yes,,27.7254676416833,85.34769016928183,155.97
yes,,27.73358120001023,85.36004890000414,120.5
yes,,27.71844320659078,85.35575204473017,137.8
yes,,27.72518665000154,85.37223859992342,287.17
yes,,27.727128386957233,85.37436522187657,93.43
yes,,27.7192102366343,85.34888348929918,146.99
yes,,27.733078750009298,85.35917150000337,114.22
yes,,27.724979850007323,85.35032674999928,131.94
yes,,27.724850749711383,85.34774105097173,136.98
yes,,27.71708395000815,85.35521159998795,134.31
yes,,27.734227600004655,85.36086594998997,88.66
mixed_use,,27.716602962495664,85.35555327199212,63.98
yes,,27.72613505001219,85.34976195000253,103.27
yes,,27.724843740575686,85.3479677600304,132.43
yes,,27.726073200003153,85.35330679999157,49.88
yes,,27.721248949992564,85.34862509999844,128.35
yes,,27.72735115000969,85.35060455000254,125.46
yes,,27.734100700003072,85.36030659999906,94.05
college,,27.72250968331287,85.34872275461454,437.3
yes,,27.72731619352184,85.35045096871207,111.71
yes,,27.723856489163094,85.35145857314053,113.45
yes,,27.71830947854981,85.35519451945544,155.12
yes,,27.727306115476917,85.37483046779312,199.62
yes,,27.7244861141916,85.37101431425712,168.03
commercial,,27.732042800010078,85.35648261667397,119.05
yes,,27.72586463023343,85.3500298939843,127.3
yes,,27.730435076760415,85.35878333495883,74.59
yes,,27.71730041324292,85.35403177547161,478.88
yes,,27.72657198138032,85.37290492197418,69.02
yes,,27.724024397557464,85.3580112578888,201.46
yes,,27.726426333752297,85.34939726436811,161.9
yes,,27.72607865206045,85.34961068009487,103.39
yes,,27.726255929685124,85.35042256292012,197.2
yes,,27.717560192609575,85.35457514760596,128.61
yes,,27.727721800012745,85.36966124999611,186.35
yes,,27.727691160112396,85.3547360892039,117.65
yes,,27.724313394238443,85.347227842942,181.31
school,,27.71699289696173,85.35470256527852,210.94
yes,,27.72350706277377,85.35713451799637,122.81
yes,,27.718169425120216,85.3549226303344,123.92
yes,,27.717621890121077,85.35492403919585,229.0
yes,,27.714693116440994,85.35376058249332,55.0
yes,,27.720906724059052,85.34764715964994,115.42
yes,,27.72342941052839,85.35751016680551,117.71
yes,,27.725989195375238,85.35054829633204,242.01
yes,,27.727353046723977,85.37520347909978,210.49
yes,,27.734387180512588,85.36069023645528,149.7
yes,,27.717784979464856,85.35210531245492,222.15
yes,,27.72385247846341,85.35801216326007,191.95
yes,,27.728303769634064,85.35762635552442,79.96
yes,,27.727932278214638,85.35860125938476,138.22
yes,,27.72873304516794,85.35890175402626,195.17
yes,,27.713176850004462,85.35169114999988,71.0
yes,,27.71255375037985,85.35269251557972,74.57
yes,Shambhu Ghar,27.71289981584409,85.3529914028167,67.06
yes,,27.723944292321033,85.3584208638956,176.24
yes,,27.71788973803772,85.3529814704299,129.33
yes,,27.71812387464797,85.35052997330347,113.89
yes,,27.719672800001703,85.34936444999857,105.84
yes,,27.71815975309656,85.35089138839051,149.97
yes,,27.719798100004102,85.34937059999938,84.13
yes,,27.71860375000718,85.35054689999825,115.19
yes,,27.7111800500056,85.35500779999772,214.99
yes,,27.715600630278015,85.35440164172125,72.28
yes,,27.71303831903037,85.35437694904208,98.15
yes,,27.713452928765747,85.35525994182765,129.64
yes,,27.718022760561105,85.35298440388081,202.61
school,,27.72649139122027,85.3573693987395,354.28
commercial,,27.714123517050762,85.35047930145852,108.14
yes,,27.725183100004603,85.35470830000031,72.98
yes,,27.720391072185063,85.34799794302997,147.18
yes,Samsung Plaza,27.71812617601331,85.34971299582169,130.59
yes,,27.71395254448002,85.35048127151462,120.45
hospital,,27.714397750005883,85.35004284999594,96.56
yes,,27.722544203314403,85.35258372425422,105.87
yes,,27.72362988268509,85.35335795803641,63.15
yes,,27.71460097628641,85.35057276060047,102.79
yes,,27.72426779591628,85.35396225354197,152.03
yes,,27.714718346573942,85.35031658468671,96.63
yes,,27.723723367035245,85.35385594618745,109.09
yes,,27.714693594563517,85.35121743226304,101.29
yes,,27.724082133279822,85.35397729732122,118.22
yes,,27.71438225357695,85.35084069678835,135.08
yes,,27.725336398071594,85.35516263065176,86.24
school,,27.726723392222404,85.35687691629407,380.69
yes,,27.719270117256524,85.34819154440429,115.59
yes,,27.720500161112778,85.3478260082898,113.31
yes,,27.719674340509687,85.34824726962813,108.72
yes,,27.714256135964835,85.3506445113755,80.13
residential,,27.713544757708227,85.35300417323718,107.18
yes,,27.720725700004134,85.34793910000087,88.56
yes,,27.719370731331946,85.3482126127387,137.84
yes,,27.719653717070234,85.34833133414382,83.42
yes,,27.71970212845555,85.34811106594178,134.59
yes,,27.71909848605848,85.34819539557611,100.45
yes,,27.720396419507438,85.34777621014963,144.53
yes,,27.714422348288153,85.35057505148694,98.3
yes,,27.71450834999919,85.35018744998553,91.12
yes,,27.719829769836984,85.34822696837284,125.42
yes,,27.714168345709272,85.3501520544079,65.52
yes,,27.714061116288498,85.35027772625544,226.76
yes,,27.71426211984514,85.3503127033722,190.56
school,,27.726442620181285,85.35683470142592,724.48
hospital,,27.72453608603234,85.35987828968938,716.77
yes,,27.724477453715377,85.35941293168611,194.51
yes,,27.72401806871097,85.35930033585568,204.28
yes,,27.723905894602566,85.35920452862807,256.9
hotel,Hotel Harmika,27.72392845000531,85.35969629998607,158.89
yes,,27.72439265000042,85.3600345499589,160.57
yes,,27.725230097602566,85.34779571927187,68.45
yes,,27.725067550008642,85.34775019999977,137.54
yes,,27.72584469999712,85.34802689999218,106.04
yes,,27.725165000010904,85.34777350000489,79.13
yes,,27.725718552220176,85.34819675447528,176.1
yes,,27.725865161513703,85.34792768041287,117.51
yes,,27.725538250007403,85.34834935000184,113.97
yes,,27.725631554591285,85.3481220318699,122.6
yes,,27.72586999999956,85.34781389999557,102.09
yes,,27.726293130889584,85.34820723002782,78.34
yes,,27.72558486353376,85.34822931734593,102.75
yes,,27.725897107852216,85.34762060573408,10.44
yes,,27.72507684586718,85.3479266690579,167.77
yes,,27.725878490303963,85.34771722199638,90.71
yes,,27.725929117827583,85.34851934189057,234.52
yes,Shrestha Store,27.722191713533128,85.34757054461609,133.37
yes,,27.71737336458052,85.35815813485598,71.35
yes,,27.734271076971385,85.35728181029293,1.22
yes,,27.73304243332761,85.35713617281154,49.5
yes,,27.73161649186913,85.35819931899168,76.28
yes,,27.731337700007717,85.3602597000002,105.67
yes,,27.734210194990197,85.3572223128652,77.38
yes,,27.7337710188481,85.35753411093287,76.71
yes,,27.73130758277032,85.35832999779248,62.81
yes,,27.73255311819601,85.35964285362624,123.68
yes,,27.734019467958845,85.35880349346976,55.85
yes,,27.733750350001948,85.3583538999995,65.84
yes,,27.731318580348592,85.35595718512627,64.6
yes,,27.734159169589194,85.35693498560487,0.01
yes,,27.733805593364515,85.35737187007246,50.06
yes,,27.73192060559526,85.35881412644405,71.59
yes,,27.73129335000711,85.36094874999942,116.07
yes,,27.73288764751212,85.35894201767671,60.84
yes,,27.734027500001172,85.3580182499996,41.75
yes,,27.7324784781256,85.35864614158679,79.51
yes,,27.731905098751977,85.35658491671248,66.29
yes,,27.73387670000449,85.3575222499997,72.37
yes,,27.73407909725925,85.35730586888835,101.9
yes,,27.73252344753543,85.35853816942151,46.64
yes,,27.731271642588062,85.35965271796225,75.75
yes,,27.732189948016448,85.36048976730925,106.03
yes,,27.73287518325711,85.35917079130712,41.81
yes,,27.73264010000039,85.35726240000187,61.93
yes,,27.734232400008665,85.35825440000053,44.26
yes,,27.73365520000563,85.35859954999992,87.63
yes,,27.734255163451074,85.3573727964411,81.3
yes,,27.733098400005535,85.3572390499894,66.59
yes,,27.73221220000501,85.35516889999656,59.77
yes,,27.731586250006004,85.36060955000299,92.53
yes,,27.732481792359806,85.3583275715848,100.41
yes,,27.733951014875913,85.35812598226306,55.72
yes,,27.733953731400327,85.35836586248696,55.97
yes,,27.731457963952664,85.35680116139265,100.9
yes,,27.731488600003,85.35528839999998,46.94
yes,,27.731691950003857,85.36007544999708,109.48
yes,,27.732583400013816,85.35932850000428,129.72
yes,,27.732480373075575,85.35785693992632,69.13
yes,,27.732405936270894,85.36023672727477,73.75
yes,,27.734140030644518,85.35887480789935,53.64
yes,,27.733830675218126,85.35838214304606,63.22
residential,,27.73424190000634,85.35916484999514,99.25
yes,,27.733569597733343,85.35726941811531,71.04
yes,,27.732250812496442,85.35531433184944,20.51
yes,,27.731082614580696,85.36014569082204,130.68
yes,,27.732924083478693,85.3586797009643,69.94
yes,,27.73415808955663,85.35703853770589,78.88
yes,,27.734093700009165,85.35837999999977,64.73
yes,,27.73215865000772,85.35892539999928,77.09
yes,,27.731291900004212,85.35672345000019,64.21
yes,,27.730502550004648,85.35980084999824,83.94
yes,,27.733986384875426,85.35726242203357,118.17
yes,,27.73137740000936,85.35633029999984,89.26
yes,,27.730735200005043,85.35964250000157,61.57
yes,,27.732276250005874,85.3608223000038,74.74
yes,,27.73304776784113,85.3588798553179,30.49
yes,,27.733752229713126,85.35692064316912,88.08
yes,,27.734174331277227,85.35734113868851,85.83
yes,,27.734205579388806,85.35813270504664,96.65
yes,,27.732575058861148,85.35804688054688,61.97
yes,,27.731327467968505,85.35821625487786,86.14
yes,,27.733177527869184,85.35735759462453,103.74
yes,,27.732199416200462,85.35504193793851,48.22
yes,,27.731556500004256,85.36015549999917,83.05
yes,,27.73253115000378,85.35820644999832,98.97
yes,,27.731874624756067,85.358630008392,58.43
yes,,27.73207204999998,85.35514190000444,32.56
yes,,27.732656400003314,85.35736379999975,62.2
yes,,27.73356650000528,85.35853695000047,68.72
yes,,27.73137445000808,85.35801205000372,77.78
yes,,27.73262499306998,85.36000001809792,58.7
yes,,27.73402489983642,85.3590811166447,68.29
yes,,27.732238032867922,85.3552546517701,48.32
yes,,27.73271265345129,85.35840271623589,80.83
yes,,27.734121409436426,85.35689120476974,46.64
yes,,27.73369365001406,85.3575100500082,91.82
yes,,27.734020850007408,85.35836974999955,59.49
yes,,27.73204302937948,85.35893081070597,94.4
yes,,27.730388138783688,85.35961527696384,92.68
yes,,27.732832300003768,85.35890480000288,45.6
yes,,27.73367482001169,85.35817761313302,67.71
yes,,27.731651900000116,85.35549144999273,50.96
yes,,27.732358891078334,85.36069635131324,41.04
yes,,27.732996100002158,85.35885600000107,25.18
yes,,27.733727250005987,85.35735780000297,61.91
yes,,27.734136004015973,85.35749913045667,88.71
yes,,27.732092506232302,85.35721828496848,63.49
yes,,27.732562837771223,85.35811297058551,55.86
yes,,27.731380600016504,85.35893910000969,78.23
yes,,27.732443150002165,85.35999864999667,96.85
yes,,27.732927582963587,85.35921604057678,51.47
yes,,27.734171850005396,85.35823724999979,74.78
yes,,27.73249985000366,85.35738504999973,50.18
commercial,,27.732541142556254,85.35609180829432,575.94
yes,,27.714550698548855,85.35865885539567,71.59
yes,,27.714886025575762,85.35925401583775,105.36
yes,,27.71468442690086,85.35871707716454,125.79
yes,,27.713512714129187,85.35924737430065,104.46
yes,,27.714844928578255,85.359082198389,108.77
yes,,27.715095112318988,85.36034148520343,46.42
yes,,27.714086799603713,85.35896597725532,61.81
yes,,27.713376237358933,85.35896667424535,95.42
yes,,27.714148294327465,85.35891510255854,61.25
yes,,27.714081419117758,85.35885562173526,54.84
yes,,27.713637589923646,85.3594707343162,118.66
yes,,27.714321196822993,85.35897307403613,99.16
yes,,27.713604318664082,85.35863099989726,71.62
yes,,27.714768785981924,85.35884440595756,160.04
yes,,27.71468055000512,85.35909544999951,89.42
yes,,27.7135800891943,85.35873549116141,121.18
yes,,27.713933966182108,85.35879585559537,147.02
yes,,27.71387345000584,85.35853575000075,80.46
yes,,27.713533986158,85.35895088600147,199.25
yes,,27.713389500013488,85.35922734999818,115.37
yes,,27.714436382990076,85.35825975768991,152.29
yes,,27.714609232956015,85.35860775390628,80.67
yes,,27.713796256418725,85.35850272847995,101.4
yes,,27.71395924496059,85.3578904679483,63.92
yes,,27.71447490970378,85.35877474490736,73.26
yes,,27.71395081585223,85.35915934146148,62.94
yes,,27.71430969352088,85.35847052458352,122.55
yes,,27.713851550009643,85.35901535000241,101.37
yes,,27.71368910000786,85.35847035000258,91.02
yes,,27.714408084049477,85.35869549316739,73.34
yes,,27.713857272141887,85.35820477267137,87.37
yes,,27.714539084982057,85.35886915088841,147.82
yes,,27.715631185532974,85.3573768266234,149.64
yes,,27.71490291320049,85.36073990148196,80.67
yes,,27.71400152016158,85.36149049472182,122.48
yes,,27.713545950035197,85.36066919999844,200.6
yes,,27.713853709071373,85.36066322908044,81.08
yes,,27.71396981627816,85.35976396701089,103.84
yes,,27.714320200021334,85.36076009999834,173.62
yes,,27.71417230000126,85.35950719999971,74.75
yes,,27.714745525899016,85.361180865819,250.85
yes,,27.714123785514325,85.36092867688184,166.12
yes,,27.713906803227957,85.36081154853122,96.89
yes,,27.713794900004263,85.36094029999937,115.98
yes,Daju Bhai Meat Shop,27.716512250006314,85.35771039999928,99.52
yes,,27.71485728520649,85.36081616484086,101.58
yes,,27.71501036293026,85.36077756113033,102.95
yes,,27.714008535479437,85.35949572467761,83.83
yes,,27.713994256932178,85.36094022781684,91.4
yes,,27.71465752580232,85.36037657748045,240.51
yes,,27.714958867573372,85.3606579026413,136.78
yes,,27.716675132607346,85.35938101611289,79.2
yes,,27.715885472648743,85.35782140982164,134.14
yes,,27.71623494164202,85.35810561701241,78.81
yes,,27.71397127647505,85.35967621170963,91.01
yes,,27.715135200007303,85.36113284999928,160.06
yes,,27.714816994672752,85.36144143105037,181.05
yes,,27.71602767693682,85.3575095513411,115.75
yes,,27.713844192539064,85.35827805815316,32.54
yes,,27.716025739748662,85.35789809773576,131.02
yes,,27.714341499993086,85.36041309999936,87.66
yes,,27.715672452617532,85.35721265221402,83.86
yes,,27.714645161817703,85.3609295249907,30.48
house,,27.716867632052978,85.36994870461655,242.68
house,,27.71672841053025,85.36996463479618,156.34
yes,,27.713047404070934,85.35874540732657,108.86
yes,,27.719625181805036,85.36952168814821,81.37
yes,,27.718571987655974,85.36958401112099,167.79
yes,,27.71677161775817,85.37124412600623,89.34
yes,,27.716789806377903,85.37172899122699,114.99
yes,,27.716718061186466,85.37137141710889,171.09
yes,,27.7168228246524,85.37112119660038,145.42
yes,,27.716951077260894,85.37145596915055,103.66
residential,,27.71648528805657,85.37141822396883,63.02
residential,,27.71630929406738,85.37131669982806,90.93
residential,,27.716393737766538,85.37135845926254,78.02
residential,,27.716394356576092,85.37116705879416,114.39
yes,,27.716020608540088,85.35649846574594,79.85
yes,,27.715824211927846,85.35619863860694,187.3
yes,,27.716333114556516,85.35676365892225,65.18
yes,,27.71658304567791,85.35658025621058,98.51
yes,,27.716683230706746,85.35652445958762,117.3
yes,,27.716014168260685,85.35690983351256,61.36
yes,,27.716029568719552,85.35602593770483,74.74
yes,,27.71556319464507,85.35613050558536,36.98
yes,,27.71563221472429,85.35607154709571,89.23
yes,,27.715637060554982,85.35621541190729,99.06
yes,,27.716029248831788,85.35703598445986,49.58
yes,,27.716163431987184,85.35636428667001,81.78
yes,,27.716186271349862,85.35619468483483,92.53
yes,,27.715854564561987,85.35664834584884,78.34
yes,,27.715870391906606,85.35603298085353,105.93
yes,,27.716112538792135,85.35617008686705,84.88
yes,,27.716090350007306,85.3563354000039,80.45
yes,,27.715715281083217,85.35612521662541,95.93
yes,,27.71676245000528,85.35666575000084,49.69
yes,,27.716105837773757,85.35674306979571,98.46
yes,,27.715905514025785,85.35595239497168,86.28
yes,,27.71612732420315,85.35695879671104,64.31
yes,,27.71638073542302,85.35649545208372,105.61
residential,,27.71637113208682,85.37148479728044,106.12
residential,,27.71665678649942,85.37119286624291,90.11
residential,,27.716243876640686,85.37109307802324,91.26
residential,,27.716314218427005,85.37159378665648,39.35
residential,,27.716279374113586,85.37166519684374,75.67
residential,,27.716046778386207,85.37108427405298,103.3
residential,,27.71620246678901,85.37153790635527,80.12
residential,,27.716204318635683,85.37120517572875,78.29
residential,,27.71653578474258,85.37087354678127,93.64
residential,,27.716402734023553,85.37074256665282,73.59
yes,,27.715777267662393,85.37018850274465,115.15
yes,,27.715859271270496,85.37036977686688,66.76
yes,,27.71646040500107,85.37155253440521,70.19
yes,,27.71658059746178,85.3714756129954,59.53
residential,,27.716458677829255,85.37108749821044,75.07
yes,,27.71661424914602,85.37135878694532,115.95
residential,,27.716469423014022,85.37127807101601,72.31
yes,,27.715808713153226,85.37104068679709,103.27
yes,,27.714821616505827,85.37159391161588,114.61
yes,,27.715023997577095,85.37181446885201,66.64
yes,,27.715074977199396,85.37188708044096,61.21
residential,,27.714974138214245,85.37196470863447,59.51
yes,,27.715134751218148,85.3720177163368,104.58
yes,,27.71518075000703,85.37229209999575,100.07
yes,,27.714781483131542,85.37224589811836,63.05
yes,,27.71502152077819,85.37205333861213,57.85
yes,,27.714965918985136,85.37212521136652,55.29
residential,,27.714858351451333,85.3721259311933,70.27
yes,,27.71395067467677,85.37221350072663,80.48
yes,,27.712824779227688,85.37195656772508,177.93
yes,,27.713225810367916,85.37208966087701,135.51
yes,,27.713100696297033,85.37256564385015,119.02
yes,,27.713196682140573,85.37265573333505,78.6
yes,,27.713286739997784,85.37258274105987,65.06
yes,,27.713186547637637,85.37197305084818,63.27
residential,,27.713360919784115,85.37199825808747,61.98
yes,,27.712964333328543,85.37191359927952,108.11
yes,,27.713529130346302,85.37158182081654,70.55
yes,,27.71345158127514,85.3716265930191,67.07
yes,,27.713603006994354,85.37079108751435,85.43
yes,,27.71429966439035,85.36945458066965,108.18
residential,,27.714504715390426,85.36946745684683,65.33
residential,,27.71444411756011,85.36954840963426,65.35
yes,,27.716751977192988,85.37092315552499,110.04
yes,,27.71596484202218,85.3717970978492,107.76
yes,,27.715682991740746,85.37151693794402,208.03
yes,,27.715218903303036,85.37245421861601,111.93
yes,,27.71539722470801,85.37196689580303,50.51
yes,,27.715118819926438,85.37219573209656,65.15
yes,,27.715109528479324,85.37234222483872,86.53
yes,,27.715220391503454,85.37267049931691,109.74
yes,,27.715108851517012,85.37272291535758,88.61
yes,,27.71502555915587,85.37281519797517,74.52
yes,,27.715268346453833,85.37319512549165,102.33
yes,,27.715049718473427,85.37302224514458,94.11
yes,,27.715239027442262,85.37308338723705,95.93
yes,,27.71551674113267,85.37267741282348,150.08
yes,,27.714800402604293,85.37335349203782,104.06
yes,,27.71529347222512,85.37364047143701,51.81
yes,,27.716175454802716,85.37197486250986,98.07
yes,,27.716120341905125,85.3718529211542,66.86
yes,,27.716352000009508,85.37171485000864,58.14
yes,,27.716247248495165,85.37221225764827,132.02
residential,,27.716517828461708,85.3721838744979,88.61
residential,,27.716462427643204,85.37228291029486,67.69
residential,,27.716373253256908,85.372425445727,77.42
residential,,27.716425427335423,85.37236069999359,48.99
yes,,27.716340854194968,85.37250604154603,59.0
residential,,27.716226259615382,85.37177960147312,59.7
residential,,27.716339537092963,85.37204984646532,75.72
yes,,27.716137670083054,85.37239645645775,83.78
yes,,27.716260903011193,85.37241379675723,76.14
yes,,27.716343672265275,85.37228355046837,62.97
yes,,27.71613003931052,85.37145843057058,75.09
yes,,27.715767805437178,85.37170289236167,69.21
yes,,27.716302664195705,85.37257275623962,63.53
yes,,27.716398948042777,85.37294818010962,118.38
yes,,27.716578019711683,85.37204063916101,125.57
yes,,27.715957917258393,85.37097929050172,76.68
yes,,27.71627802305545,85.37100698252448,70.99
yes,,27.716567442184367,85.37183246239432,88.43
yes,,27.716457611810597,85.37179017986305,81.37
yes,,27.717180280341612,85.37160697284945,110.34
yes,,27.716652839026278,85.37050002068779,82.6
yes,,27.71772895161024,85.37162187181877,65.87
yes,,27.717878986942306,85.37123644836353,86.0
yes,,27.717876401079508,85.37163048491165,75.21
yes,,27.71798576137361,85.37176103113967,66.94
yes,,27.718021396286783,85.37160701135876,111.38
yes,,27.717738368498228,85.37170094904366,55.44
yes,,27.71818871652044,85.37132603631264,79.05
yes,,27.718171630286694,85.37143342213653,55.63
yes,,27.71771530418551,85.37153521944194,74.07
yes,,27.71746570950359,85.37183715012729,82.32
yes,,27.717264704988786,85.3714961323786,87.02
residential,,27.71712152445529,85.37179616297813,63.43
yes,,27.71709473046411,85.37188250630547,61.27
yes,,27.71721428617161,85.3720014741671,81.48
residential,,27.717347095467375,85.37151515048356,82.7
yes,,27.717321412845262,85.3719599428645,62.47
yes,,27.71732856195626,85.3718749846717,63.63
yes,,27.717348307128137,85.37179082504207,70.18
yes,,27.717364035745785,85.37170269033062,56.36
yes,,27.717621885868688,85.37186955070057,88.94
residential,,27.71748705218727,85.37156027495256,54.78
yes,,27.71742440766261,85.37154236025502,50.78
yes,,27.717228823193857,85.37190476705034,49.01
yes,,27.717122558945384,85.37125366228747,84.73
yes,,27.717521317113682,85.37210221367613,59.75
yes,,27.718226486416597,85.37122822691829,86.13
yes,,27.718282570549174,85.37098603147354,114.58
yes,,27.71778197930547,85.3712722113835,92.71
yes,,27.714742249994064,85.3643633499359,249.08
yes,,27.71388068737831,85.36413457339489,106.85
yes,,27.714391867275232,85.35772898409799,73.12
yes,,27.71388125000351,85.3619182499989,120.4
yes,LIC Chabahil,27.71915449933864,85.35273247552402,81.32
hospital,,27.719184870810725,85.35196235351115,108.53
yes,,27.71412608287445,85.36570245168885,133.83
yes,,27.7143597812041,85.35788673758157,151.83
yes,,27.713575663419476,85.36508862644665,125.13
yes,,27.719407250569212,85.35556596181823,275.1
yes,,27.719488280969145,85.35764924658676,402.98
yes,,27.712889374754116,85.36052019743389,95.8
yes,,27.713822850009212,85.35993359999898,88.66
yes,,27.719564656262353,85.35231788322821,359.29
yes,,27.714883272651523,85.36444278340134,99.5
school,,27.7169483146666,85.36104029137549,1888.39
yes,,27.7149179822841,85.36461576074313,288.33
yes,,27.71980171363647,85.36960275153632,96.23
yes,,27.719942432954745,85.36868505249406,96.42
school,,27.719484004801956,85.36918244035056,201.58
yes,,27.719894604965525,85.3696503758535,106.66
yes,,27.719648400004818,85.37063584999656,105.7
yes,,27.719435622721456,85.37057147115415,79.75
yes,,27.71953001331288,85.37059829544634,90.55
yes,,27.71923155772839,85.37099288256849,82.22
yes,,27.71957694649932,85.36981265815464,107.49
yes,,27.7199594801424,85.3685547304598,117.49
yes,,27.720073608198533,85.36938757795295,43.46
yes,,27.719951750021128,85.36946205001085,185.0
yes,,27.717673033338585,85.3727252782819,71.44
yes,,27.71776873866839,85.3728537757461,100.93
yes,,27.71767924565242,85.3729705936163,76.88
yes,,27.7175223241651,85.37292438423219,70.91
yes,,27.717590143333517,85.37285069522372,60.63
yes,,27.71749238152029,85.37301218505972,58.99
yes,,27.71683893600287,85.37280199487006,100.72
yes,,27.717080300005897,85.37281161362051,92.16
yes,,27.71678734121608,85.37288916594,87.08
yes,,27.71711856476956,85.37345477114982,121.19
yes,,27.71682006664191,85.37323797086653,87.09
yes,,27.716729924863294,85.37300352450704,80.3
yes,,27.71669801965417,85.37285930443376,61.28
yes,,27.7167109888025,85.37310852536912,75.76
yes,,27.716590055616603,85.37317540868638,97.73
yes,,27.71670680722816,85.37321898488717,66.11
yes,,27.71684792661582,85.3731350803184,63.73
yes,,27.71681727555446,85.37303016236118,55.56
yes,,27.71687499607156,85.37268635390245,134.17
yes,,27.716503763133346,85.37341301283553,87.75
yes,,27.7164004412312,85.37343700998466,88.52
yes,,27.716446534904083,85.37315457099696,80.96
yes,,27.716520300005566,85.37330609999971,82.53
yes,,27.719172239194407,85.37236594520836,98.94
yes,,27.71853575193418,85.37365588796345,58.8
yes,,27.7186046807689,85.37369335866504,60.46
yes,,27.718659800366797,85.37374584249511,38.38
yes,,27.71914668689026,85.37447832176491,89.88
yes,,27.719026011555414,85.37446631306841,64.47
yes,,27.718743680284547,85.37421324569102,91.23
yes,,27.71864936513801,85.37419779997424,72.43
yes,,27.718601976685196,85.37407762468061,76.73
yes,,27.718500047186243,85.37428046952806,63.76
yes,,27.718976846131344,85.37457048033023,115.84
yes,,27.719297293709687,85.37453070013004,87.48
yes,,27.71927660734434,85.37484354638013,82.8
yes,,27.719063886691877,85.37480292326562,116.72
yes,,27.718633421437595,85.37471223333247,65.73
yes,,27.71930297351004,85.37466564876975,56.83
yes,,27.719769192504938,85.37302360149592,93.48
yes,,27.72020170879511,85.37304548220636,87.1
yes,,27.71993693185333,85.37294103976028,82.38
yes,,27.720246240139787,85.37323213676784,60.94
yes,,27.71910109999743,85.37618609999839,158.1
yes,,27.71899155343273,85.37662206234594,105.22
yes,,27.718955164425907,85.37669865910686,73.0
yes,,27.718935739494672,85.37680356951701,76.46
yes,,27.71919266520051,85.37659425171368,66.26
yes,,27.719093811775636,85.37689983188125,24.91
yes,,27.719398187949913,85.37669709333612,123.09
yes,,27.71934040875913,85.37677416062172,67.8
yes,,27.719321797556535,85.37684918019788,65.59
yes,,27.71930161184465,85.37692489468101,47.67
yes,,27.71928825734333,85.37656963201015,73.42
yes,,27.719456192665383,85.37694498930678,62.24
yes,,27.718562040472438,85.376650661448,90.96
yes,,27.71868065001004,85.37516870000033,114.99
yes,,27.718753773336534,85.3751787566384,91.58
yes,,27.718820104201694,85.37518792727509,95.75
yes,,27.71940107489849,85.37488128038275,126.12
yes,,27.71937556180406,85.37467159505964,63.37
yes,,27.7194432556918,85.37469425405145,88.42
yes,,27.71970160109966,85.3736413662665,97.27
yes,,27.72022453333653,85.37338461628308,42.53
yes,,27.719586734937966,85.37301913007147,74.34
yes,,27.71959701625927,85.37265316540102,71.85
yes,,27.719645780983523,85.37276384436863,64.58
yes,,27.71972378892911,85.37281076014936,70.83
yes,,27.720021581276583,85.37282770384586,104.85
yes,,27.719683063058774,85.37239004325076,90.57
yes,,27.71974925669347,85.37226716687421,81.74
yes,,27.720020311672243,85.37254063769475,52.73
yes,,27.72043139999831,85.37243939999586,32.29
yes,,27.719622818475184,85.37200219160192,97.68
yes,,27.719450027139374,85.37192048677446,81.9
yes,,27.718367988766655,85.37223991012421,92.77
yes,,27.71738587672443,85.37250982793225,78.15
yes,,27.717437378067846,85.37243359969551,72.19
yes,,27.71747977744642,85.37236391266528,80.45
yes,,27.71666218780178,85.37084894944508,70.23
apartments,,27.71541592786303,85.37012393853999,65.82
yes,,27.71596540654798,85.37020824878566,75.01
yes,,27.715584919187613,85.37013212757986,60.16
yes,Narayan Niwas,27.71553605000374,85.37003884999719,48.82
yes,,27.715590166918325,85.37030178179577,58.48
yes,,27.715662654380697,85.36993414009774,105.56
yes,,27.715421354546866,85.36977953228754,57.78
yes,,27.715124356093572,85.36988560814511,69.84
yes,,27.715141957251454,85.37012468203437,77.96
yes,,27.715193373896067,85.36999021153369,56.18
yes,,27.714901500005162,85.36990395000556,100.8
yes,,27.71538912173468,85.36992830130863,48.28
yes,,27.7153684300289,85.36967895807665,69.17
yes,,27.715272787129457,85.36958072261899,58.84
yes,,27.71594657182811,85.36938848413911,74.15
yes,,27.715577364565572,85.36975914098794,45.12
yes,,27.715447769404417,85.37000906655696,49.98
yes,,27.71543404266026,85.3696236453981,47.22
yes,,27.71556978877216,85.36994573648353,54.79
residential,,27.715470024114598,85.36986174495775,62.1
yes,,27.715477484753826,85.36956798229609,50.27
yes,,27.715305495281402,85.36989582962268,41.6
residential,,27.71549653027596,85.36914840769737,65.02
yes,,27.7153942666721,85.36910456923506,77.86
yes,,27.71530177371684,85.36904245785297,77.04
yes,,27.71523252581187,85.36900498364973,41.23
yes,,27.7156777077569,85.36903061490068,92.28
yes,,27.71569911812748,85.36932885573185,77.81
yes,,27.714908804807994,85.36908303040865,38.73
yes,,27.715042170562526,85.36899873848982,70.4
yes,,27.715716371368067,85.36948327889405,49.43
yes,,27.715769794463863,85.36921629453617,97.95
yes,,27.715855926428695,85.36929103149002,116.44
yes,,27.71557335169907,85.36934010227145,64.45
yes,,27.71502970000473,85.36938830000034,68.85
yes,,27.714816668063968,85.36944675286799,85.43
yes,,27.714904950645433,85.36953238330028,72.19
yes,,27.714914500006067,85.36924080000215,79.15
yes,,27.71528865159293,85.3687732007898,83.18
yes,,27.715464519074104,85.3690228968514,44.66
yes,,27.715396776668587,85.36866950795013,91.68
yes,,27.715560333835608,85.3690757251139,46.2
yes,,27.71516090049393,85.36930243992632,60.3
yes,,27.71516926894443,85.36853345650073,69.48
yes,,27.714718922585934,85.36907118412812,73.5
yes,,27.7143043122062,85.36911508755693,78.04
yes,,27.714609599536967,85.36906513361934,78.63
yes,,27.714473184135606,85.36935262890601,64.07
yes,,27.714290133946335,85.36930930800126,60.95
yes,,27.714624071179088,85.36946683532749,54.77
yes,,27.714467465181755,85.36876867907037,75.07
yes,,27.714500979420304,85.36923382974267,90.68
yes,,27.714990666681203,85.36960045008276,58.27
yes,,27.714359200003926,85.36987414999689,65.87
yes,,27.714475901790546,85.36900600972943,72.27
yes,,27.714696000003592,85.36887859999614,77.43
yes,,27.71396425000244,85.37010924998896,109.74
yes,,27.71415959509013,85.3696452088956,50.52
yes,,27.714377300006653,85.37020034999959,107.17
yes,,27.7141894403304,85.37022333178695,135.59
yes,,27.71468245593327,85.36835670311453,116.02
yes,,27.71465413397645,85.3679880194211,63.53
yes,,27.714935855187363,85.36781163839333,159.18
yes,,27.7150941909157,85.36772263952793,86.03
yes,,27.71451139426935,85.36804651013232,238.11
yes,,27.71518654294343,85.3681311260208,92.05
yes,,27.715381879748886,85.36773700769913,83.86
yes,,27.71516494418358,85.36792691743194,56.53
yes,,27.714641795994,85.3677250707563,77.98
yes,,27.714619272801908,85.36810360130566,124.19
yes,,27.71464969964401,85.36786355417058,97.48
school,,27.714432922445212,85.36746816648994,89.41
school,,27.71433257238309,85.36745791080713,71.44
yes,,27.715162038257013,85.36766673751318,49.1
yes,,27.71489520017838,85.36729285033005,75.58
yes,,27.715191302510615,85.36754546098419,61.71
yes,,27.71553185155682,85.36751547792115,62.66
yes,,27.715779568026914,85.36791146019,46.53
yes,,27.714953683360964,85.36693954579336,102.24
yes,,27.71545725675227,85.36747448599593,61.07
yes,,27.716582366886136,85.3707369331911,71.33
yes,,27.71674971172095,85.37066466968894,68.6
yes,,27.71593292445908,85.37003692987129,80.21
yes,,27.71613708833967,85.36978763917885,58.69
yes,,27.716347041924376,85.36948180697084,77.42
yes,,27.71606173324886,85.3694182421423,58.11
yes,,27.716047033848632,85.37031617257794,73.07
yes,,27.716111115223914,85.37025089417017,76.16
yes,,27.715893766673496,85.37056807034985,97.74
yes,,27.715026430205047,85.37019803704011,92.85
yes,,27.714894920710865,85.36967612639353,67.45
yes,,27.71647298107953,85.36909494474199,85.63
yes,,27.716828365821506,85.36867577666195,137.86
yes,,27.716770784778866,85.36919203635247,113.33
yes,,27.716970655975953,85.36919458197767,131.2
yes,,27.71648706154947,85.36889288627486,73.91
yes,,27.71610536077172,85.36949310502762,60.81
yes,,27.71641750577473,85.36853030495412,78.39
yes,,27.717283309836322,85.36781492090527,110.97
yes,,27.717632236000814,85.36796697076667,118.56
yes,,27.71775183180265,85.3680115580895,118.45
yes,,27.71776963596155,85.36743227251222,91.93
yes,,27.717520806381152,85.36791002743367,96.36
yes,,27.717844393037478,85.36780175272952,82.25
yes,,27.718077688196097,85.36860500374445,79.25
yes,,27.717702057826568,85.36836930550831,59.9
yes,,27.717431469649444,85.36787079073599,85.14
yes,,27.717469765744006,85.36802009444509,102.29
yes,,27.716862950857994,85.3682671659335,68.85
yes,,27.71669288757098,85.36786617432661,97.11
yes,,27.71626812837959,85.3679235679318,80.9
yes,,27.71633332470551,85.3676598365037,104.05
yes,,27.71644619759324,85.36748411520522,85.5
yes,,27.71616656656266,85.36806813819794,79.79
yes,,27.71627206938775,85.36807964157472,90.55
yes,,27.7164245535952,85.36772521071562,105.09
yes,,27.71566753245259,85.36782911759612,84.05
yes,,27.715561872177663,85.36786297389115,71.27
yes,,27.715360261093597,85.36795744400776,73.7
yes,,27.715310442671516,85.36786159618404,61.86
yes,,27.715016400007602,85.36699665000474,100.55
yes,,27.715076886605527,85.36706076613982,70.15
yes,,27.714674253257837,85.36709099483086,84.12
yes,,27.714555777292,85.36715881343198,138.6
yes,,27.714141193514827,85.36728857266841,122.02
yes,,27.71440289225883,85.36700391933897,104.82
yes,,27.714267228957933,85.3671953455373,116.22
yes,,27.71421705000151,85.36683789999687,100.94
yes,,27.71450550000072,85.36661884999842,72.14
yes,,27.714767281770335,85.36713742017288,75.12
yes,,27.71482095000056,85.36654984999785,50.31
yes,,27.714635454752045,85.36653162311573,122.48
yes,,27.714558895554745,85.36648175591438,91.72
yes,,27.714535141527126,85.36727317147033,82.47
yes,,27.714830050005833,85.36722354999036,73.33
yes,,27.714601750004352,85.36667365000162,51.9
yes,,27.714243150008425,85.36731820000018,116.04
yes,,27.71463735618331,85.36733202764898,62.81
yes,,27.713951256923572,85.36628593400509,94.31
yes,,27.71573105000779,85.36614539999171,84.85
yes,,27.715645988295012,85.36623473298948,108.89
yes,,27.715846055774815,85.36602057519761,73.16
yes,,27.715780694899028,85.36609824456897,75.33
yes,,27.715676898877888,85.36495624411698,80.22
yes,,27.715329950005927,85.3652892999961,77.64
yes,,27.71429456859245,85.36531306930014,121.58
yes,,27.71365967320699,85.36594577833979,135.55
yes,,27.713497201340164,85.3661295344425,145.49
yes,,27.71464671789975,85.36723409108669,74.71
yes,,27.71278900893754,85.3657404027289,80.82
yes,,27.712156100002957,85.36384624999971,67.14
yes,,27.712646104530045,85.36573507497839,50.92
yes,,27.712743796575193,85.36497979492606,92.87
yes,,27.71275732173314,85.36469034371244,86.82
yes,,27.71312165000552,85.36489614997868,105.57
yes,,27.71354074433435,85.36429768763212,127.89
yes,,27.71462998124776,85.36497960986469,76.15
yes,,27.7152583500033,85.36485370000578,54.32
yes,,27.71404820000211,85.36483874999941,93.15
yes,,27.71373831984223,85.36457370155502,110.85
yes,,27.713894850005502,85.36434065000313,94.53
yes,,27.71252893862196,85.36381406599779,108.15
yes,,27.71500450296048,85.36519576816418,80.4
yes,,27.715112945671788,85.36495036425848,70.53
yes,,27.715109904638997,85.36831099410293,63.56
yes,,27.715640867086016,85.3691314484506,74.85
yes,,27.71569424571476,85.36877025634656,66.87
yes,,27.715470628477572,85.36867193917378,47.69
yes,,27.715247022725535,85.36889205529114,77.77
yes,,27.715274933338346,85.36977668963654,62.38
yes,,27.715267397607825,85.37048423682666,75.23
yes,,27.715291737503424,85.37035319065151,67.14
yes,,27.716150725402244,85.36956260759395,60.09
yes,,27.716271977265286,85.36910938705614,83.47
yes,,27.716095519941074,85.36893332075739,61.65
yes,,27.71632136447221,85.36930843484342,75.45
yes,,27.716639907285554,85.3695952962937,95.26
yes,,27.716435525684897,85.369360985466,70.16
yes,,27.716804096875574,85.36973565218071,108.95
yes,,27.716219888838207,85.36918393333053,73.9
yes,,27.71579261024193,85.36941652725257,76.5
yes,,27.716754550069435,85.36929018160308,85.4
yes,,27.716124889102787,85.3686326489586,85.03
yes,,27.71653531781567,85.36877020816378,69.39
yes,,27.716576946776517,85.36855095213585,90.06
yes,,27.717084757060757,85.36858489636921,85.15
yes,,27.71678256547484,85.36835291601963,54.27
yes,,27.71651421371401,85.36823247370569,61.67
yes,,27.71638351477771,85.36781232797716,41.85
yes,,27.716520256419518,85.3675187403531,58.49
yes,,27.716908249787657,85.36772539437966,62.48
yes,,27.71669340037887,85.3677421257204,46.34
yes,,27.716363365590123,85.36757220017269,89.9
yes,,27.716300530703176,85.3677792140439,70.65
yes,,27.71666323121847,85.36754523949591,59.68
yes,,27.716824516854352,85.3676922182959,42.03
yes,,27.71675067747485,85.36800245778394,99.8
yes,,27.716575987701226,85.36788846523672,94.82
yes,,27.71685364563087,85.36783225799002,61.09
yes,,27.71628769643191,85.36819334721054,57.12
yes,,27.71637158850871,85.36793234206846,108.89
yes,,27.71564344526735,85.36883978995135,56.1
yes,,27.715775724033353,85.36851316917213,54.58
yes,,27.71632665818787,85.36903460408534,68.57
yes,,27.716016535973566,85.36859626990025,72.31
yes,,27.71615045301086,85.3688189857228,48.04
yes,,27.715596273961214,85.3689930202369,63.24
yes,,27.714882400003397,85.36889129999662,63.65
yes,,27.714925300001262,85.36880629999263,73.85
yes,,27.715532322751624,85.36867645829304,55.48
yes,,27.716797546146793,85.36891667141968,96.42
yes,,27.71623654855495,85.36970159104348,167.88
yes,,27.71661023360115,85.36969044277308,74.77
yes,,27.716087426077678,85.36972101673086,59.81
yes,,27.716666015041255,85.36951676966893,59.8
yes,,27.71670870858154,85.3693638894681,85.27
yes,,27.715533341148827,85.36965988756182,48.12
yes,,27.714926020844338,85.3702703388285,113.07
yes,,27.715663912334353,85.37053192232717,49.42
yes,,27.715645800001237,85.37100405000005,19.17
yes,,27.71426396961632,85.37013171386204,120.7
yes,,27.714415036938625,85.37058170239648,101.23
yes,,27.714427444367196,85.36981682729495,45.57
yes,,27.71454321937778,85.36991463484478,68.46
yes,,27.714264735310724,85.36982094310153,71.84
yes,,27.713870664368713,85.3697440016974,94.15
yes,,27.714202366670648,85.36957741284068,58.75
school,,27.7171654000019,85.35227669999627,90.65
yes,,27.718152250000198,85.35823600000006,17.94
yes,,27.718124766369172,85.35812297643963,81.21
yes,,27.71799899999901,85.35817640000029,76.92
yes,,27.708964741159946,85.35645434249919,238.86
yes,,27.70999820559567,85.35812896011518,89.19
yes,,27.7094756185091,85.35789080324716,82.5
yes,SQUARE IT Supports Pvt. Ltd.,27.722175738389158,85.34951613049496,487.96
yes,,27.72180283379273,85.34882365055488,139.14
yes,,27.721897479414725,85.34830804366942,87.6
yes,,27.721737950030302,85.3492935500008,181.82
yes,,27.721851667420196,85.34892894742731,168.32
yes,,27.722015846636154,85.34914197394384,49.0
yes,Engineering,27.7111202117545,85.35460211200036,218.71
yes,,27.71214633347585,85.35432013500467,156.94
yes,,27.712318926919284,85.35407824927012,40.83
yes,,27.7117790478567,85.35470488485572,254.3
yes,,27.712705672458224,85.35353660191261,87.05
yes,,27.71268743736566,85.3550556369962,89.94
yes,,27.712475741649843,85.35487220785367,123.65
yes,,27.712613394252333,85.35481605687302,83.66
yes,,27.712027923577836,85.35446144110767,198.12
yes,,27.712830626416675,85.35420293250618,82.03
yes,,27.71243303231191,85.35403914714378,105.69
yes,,27.71218260259347,85.35414703962275,110.56
yes,,27.712165885873567,85.35399402681394,145.91
yes,,27.7127045132293,85.35494086707084,113.14
yes,,27.712117166994737,85.35443575875301,111.17
yes,,27.71152653254939,85.35501036572346,68.74
yes,,27.71200387734823,85.35421335441265,126.28
yes,Barsha's home,27.712466295926216,85.3529195911752,99.05
yes,,27.7115332519771,85.35488512109947,86.61
yes,,27.711746109222172,85.35507972626617,23.92
yes,,27.711546673245937,85.35470260792903,36.11
yes,,27.7126836760723,85.35372011570455,90.67
yes,,27.71211466236818,85.35415163349002,70.56
yes,,27.71239913202432,85.35428527490322,147.38
yes,,27.71272757396537,85.35401366604997,111.49
yes,,27.71160827267765,85.35432950745835,124.66
school,,27.71576396042124,85.35079450383945,164.01
yes,,27.722083135244837,85.35571954232665,168.46
yes,Barom Gompa,27.723277326389912,85.35926316332875,144.13
yes,,27.722065533312204,85.35534704135262,157.1
yes,,27.722818978426666,85.36482981695126,425.36
yes,,27.72491215325295,85.36122131529258,200.8
yes,,27.725533681128173,85.36124732882755,161.77
yes,,27.724683629673933,85.36580876395838,201.61
yes,,27.72344815641807,85.36220325438939,116.26
yes,,27.72350985001049,85.36567019999929,160.55
yes,,27.726135275689415,85.36199868258934,185.57
yes,,27.724052930429938,85.36520098456562,135.36
yes,,27.725992735535936,85.36397985837407,286.58
yes,,27.724872000007863,85.36381179997704,178.07
yes,,27.72316993950713,85.36707599720647,161.08
yes,,27.7244326000082,85.36200784999733,157.73
yes,,27.723929842241887,85.3671225422258,156.88
yes,,27.72272900001447,85.3553374500235,127.74
yes,,27.72307909301033,85.35578978591177,171.67
yes,,27.72400144443755,85.36535270874,138.89
yes,,27.724631152649394,85.3594144675107,124.46
yes,,27.72367953096969,85.36594606024191,130.13
yes,,27.72504025000636,85.36292569999013,133.46
yes,,27.722987547351597,85.36718111919335,162.11
yes,,27.723380654859056,85.36662995734052,175.48
yes,,27.723726000011634,85.36570774999993,137.23
yes,,27.72445780411075,85.36176688143956,146.44
yes,,27.724912900008857,85.35806339999334,174.65
yes,,27.721931357673796,85.35518444459632,156.12
yes,,27.721811419558676,85.36587602642928,152.63
yes,,27.723274092007753,85.36228702023031,133.55
yes,,27.723679816380443,85.36541953284141,137.99
yes,,27.72370859070116,85.3563769265378,179.35
yes,,27.724721000008426,85.35966985000275,109.31
yes,,27.725731266402565,85.36514085551829,135.68
yes,,27.725281933801803,85.36350164483423,167.14
yes,,27.724409832086312,85.36152557449016,184.72
school,,27.726315037218203,85.36294029401718,115.49
yes,,27.72163892717239,85.36620752578419,147.67
yes,,27.724702500004923,85.3665741499995,136.5
yes,Bero Khyentse Gompa,27.72604995573001,85.36223577547827,215.98
yes,,27.72470872480161,85.35929953105125,237.29
yes,,27.722664200011998,85.36460545000153,135.7
yes,,27.72322675000589,85.36213274999943,100.91
yes,,27.725185565043386,85.36230006813817,223.04
yes,,27.722918970354666,85.3555326866593,158.64
yes,,27.72453225000393,85.36583775000362,166.18
yes,,27.723630003368857,85.36567562693013,118.32
yes,,27.722737699996497,85.36728869996443,127.8
yes,,27.724747850019185,85.3580012000439,86.62
yes,,27.72613490216891,85.36386898364974,166.86
yes,,27.725657026285944,85.3649580209409,150.01
yes,,27.72433075300584,85.36171303185607,163.41
yes,,27.72796882703693,85.34880489142226,130.64
yes,,27.731495041992194,85.35270306969313,97.93
yes,,27.728058500000024,85.34909509999905,100.38
yes,,27.731959097192064,85.35307498211998,92.27
yes,,27.731150850005253,85.35177339999997,84.38
school,,27.727934882837296,85.34897227336212,140.53
yes,,27.73223487259484,85.35287707841067,10.84
school,,27.730732217439424,85.35215147182471,170.66
yes,,27.72885777358046,85.34927890194442,28.85
yes,,27.730837595104884,85.35120993487442,78.87
yes,,27.730669469266783,85.35093016584423,116.08
yes,,27.72806390000247,85.34893969999911,87.51
yes,,27.731537200003526,85.35296479999997,70.27
yes,,27.7312104916869,85.35154341400319,66.58
yes,,27.72804294999859,85.34920674999894,108.13
yes,,27.731442314416675,85.35186868989832,120.24
yes,,27.732070116749316,85.35296144962497,72.23
yes,,27.731042050007407,85.35210730000531,105.4
yes,,27.731206150007417,85.35247695000069,94.1
yes,,27.73072194999819,85.35106560000172,94.11
yes,,27.728595081092028,85.34915437642177,124.31
yes,,27.72209986854899,85.34790031623189,99.49
college,,27.722005056930275,85.34742839992272,132.37
yes,,27.721573824289642,85.34720237663299,79.88
yes,,27.723747225115034,85.3470942605903,140.41
college,,27.721721242972396,85.34727315736546,129.11
yes,,27.722143247372568,85.34772352855038,111.66
yes,,27.72191681054762,85.3478763863218,135.0
yes,,27.722159077208914,85.34764668662149,78.33
yes,,27.72685645001902,85.35061510000524,108.74
yes,,27.728502472850305,85.35132616371867,88.4
yes,,27.727761200006245,85.35111975000459,59.12
yes,Rai Store,27.725742900003198,85.35054499999526,112.38
yes,,27.728280650001942,85.3523625500001,79.17
yes,,27.729084050006726,85.35043925000134,75.76
yes,,27.72905360000672,85.35129699999956,112.12
yes,,27.7290483084513,85.35099367771953,67.3
yes,,27.727826346591467,85.35037221824747,65.88
yes,,27.727846800003444,85.35054749999689,77.15
yes,,27.724862122773832,85.35001766212102,152.93
yes,,27.72558839653551,85.3504356177867,105.77
yes,,27.72869254999827,85.3511666999951,103.99
yes,,27.729146754127726,85.35065117982487,80.02
yes,,27.727757537294366,85.3503380903833,65.44
yes,,27.724345225089614,85.34993279674448,168.42
yes,,27.724432529884208,85.35002661950084,128.45
yes,,27.727497083573123,85.35089062169456,97.82
yes,,27.72312325022981,85.34765793588178,124.94
yes,,27.728706305213542,85.35129697459436,80.3
yes,,27.72910970000202,85.35031669999897,50.1
yes,,27.72828021694408,85.35152428428549,73.63
yes,,27.72754374392906,85.35057406812497,90.1
yes,,27.727947814344418,85.35064017408811,108.43
yes,,27.725378650002046,85.3502934499928,101.23
yes,,27.724939050004803,85.34962059999908,129.68
kindergarten,,27.72899720001522,85.35038465000476,125.46
yes,,27.728943530327218,85.35028938216459,80.42
yes,,27.729169050007116,85.3504903500014,76.63
yes,,27.726856879225227,85.34978890299256,112.44
yes,,27.72620485000804,85.3499821000013,97.15
yes,,27.723634804066887,85.34897435783087,101.35
yes,,27.726238808221694,85.35388665821336,145.42
yes,,27.72526914476551,85.35061751841116,126.39
yes,,27.72571549999655,85.34960350000026,81.9
yes,,27.725721474831477,85.34967305616432,56.03
school,,27.727081289754977,85.34819583591222,90.76
yes,,27.72451821043323,85.34740938392466,120.17
yes,,27.727697785470067,85.35336553989585,78.91
yes,,27.727543474955883,85.35297958869151,124.8
yes,,27.724639172327603,85.3531753425223,109.68
yes,,27.722540954689403,85.34942614778406,288.01
yes,,27.725927080733666,85.35288681946862,87.98
yes,,27.727508837292486,85.35020067548385,110.56
yes,,27.727460493260555,85.35030636850247,92.66
yes,,27.72471119198653,85.34721690736997,17.02
school,Dikshyanta Academy,27.727028000010215,85.34837870000074,146.28
yes,,27.725692454146046,85.34791927937215,137.21
yes,,27.728782950004515,85.3505377999982,111.34
yes,,27.728672950008676,85.35049205000067,117.01
yes,,27.727618370182814,85.35368415799783,93.06
yes,,27.72760605000125,85.35377909999619,114.86
yes,,27.725520966265695,85.35471741158176,76.66
yes,,27.721390341412846,85.34750465965496,126.68
yes,,27.725716449996536,85.34974375000064,69.04
yes,,27.727543175050887,85.3528696586645,95.63
yes,,27.722358450003096,85.34981845000412,80.45
yes,,27.724954264322957,85.3475318458352,186.81
yes,,27.724112326929795,85.34720089552735,70.97
yes,,27.72546500000948,85.35439824998407,105.56
yes,,27.727585054551934,85.34868703191663,83.22
yes,,27.72326704686588,85.34805061237496,112.23
yes,,27.728539999999448,85.35034739999651,104.97
yes,,27.728749304205714,85.35093662768092,119.58
yes,,27.726668700012432,85.3503316000008,99.79
yes,,27.72683622953365,85.35036378814463,154.15
yes,,27.724758625779724,85.34912218940649,67.44
yes,,27.72596552009597,85.3492208378676,94.32
yes,,27.72273361388524,85.35020262640803,76.91
yes,,27.727140994671988,85.35356775047302,135.74
yes,,27.72740478103246,85.3483581639516,77.15
yes,,27.72336326200027,85.34808097514424,113.07
yes,,27.72894050001691,85.35076925000484,143.2
yes,,27.727511321239884,85.35418055389539,112.33
yes,,27.726319950009053,85.3539591500015,133.96
yes,,27.729805700005095,85.3510484999983,112.25
yes,,27.730760600004388,85.3517840000043,78.57
yes,,27.72943580000236,85.35127439999822,102.65
yes,,27.729761194646496,85.35116417297161,87.31
yes,,27.732398743142653,85.35311576864281,13.54
yes,,27.72975303412629,85.35126226778279,61.98
yes,,27.7323482026361,85.3546859836889,157.23
yes,,27.729781789207273,85.35086843679991,123.28
yes,,27.729949440825912,85.35111962451826,102.79
yes,,27.729519516388915,85.35044278262492,67.74
yes,,27.731938566606452,85.35461765082341,121.65
yes,,27.729184271770908,85.35085260867041,102.73
yes,,27.7290431999994,85.3518972999913,96.94
yes,,27.728468450001373,85.3491331000002,117.21
yes,,27.732202926553665,85.35398688680696,103.33
yes,,27.72751025000279,85.34898424999434,116.82
yes,,27.731082450004603,85.35167549999993,78.84
yes,,27.730658552837088,85.35163196705831,97.75
yes,,27.73247517998134,85.35439434399905,60.86
yes,,27.732365378058372,85.35433714239247,73.26
yes,,27.732485450002024,85.3542406499993,59.17
yes,,27.729924104368692,85.35077278036924,83.72
yes,,27.727255400003905,85.34863954999881,116.75
yes,,27.732137500012673,85.35308219998143,127.59
yes,,27.73061890519727,85.35151502489383,84.98
yes,,27.72864303751318,85.3518570627748,78.38
yes,,27.72902125000457,85.35199569999725,98.85
yes,,27.732214050003414,85.3541288999997,59.12
yes,,27.729457691697277,85.35060207020614,91.99
yes,,27.729597682000556,85.3506282447142,78.98
yes,,27.73213219999944,85.35338889999517,80.87
yes,,27.7302884000011,85.35112909999914,100.6
yes,,27.732449000006188,85.35452390000255,57.93
yes,,27.730079600005617,85.35135009999833,67.35
yes,,27.730187375512017,85.35110836101747,93.49
yes,,27.729225869181874,85.35143305424586,102.6
yes,,27.72833850817834,85.34895052253738,89.67
yes,,27.730599225322315,85.35107085682898,96.49
yes,,27.7323474491272,85.35316186624456,65.49
yes,,27.73207184999997,85.35419764999997,66.3
yes,,27.73040442062785,85.35172594139343,145.05
yes,,27.732363004135745,85.35449377985718,93.57
yes,,27.729704400004522,85.35187149999582,92.38
yes,,27.72964910000399,85.35052569999806,77.68
yes,,27.732308422251116,85.35414555621666,72.26
yes,,27.73030685000821,85.35098579999894,85.76
yes,,27.73207475229635,85.3546737165658,93.08
yes,,27.730088642711472,85.35065715968861,88.67
yes,,27.732071525189948,85.35411114348092,68.42
yes,,27.72743185000818,85.34892485000185,72.83
yes,,27.733110608087348,85.35874153266145,61.24
residential,,27.734641459244322,85.35964787749441,65.83
yes,,27.731838800004144,85.35894649999979,58.72
residential,,27.734260580318335,85.35966846585666,90.93
yes,,27.73363245000138,85.35649694999637,51.43
yes,,27.732853631698134,85.35765095738905,60.35
residential,,27.734309115436268,85.35940996176053,75.38
yes,,27.732056500004667,85.35709809999099,72.41
yes,,27.732389300002012,85.3587092499999,56.5
yes,,27.733723800005105,85.35866999999875,84.86
yes,,27.733947350007984,85.35821979999935,69.68
yes,,27.733024582522315,85.35866284794612,52.19
residential,,27.734506300001982,85.35934779999867,72.25
yes,,27.73346109009556,85.35525728919282,108.98
yes,,27.733677950005003,85.35921835000183,65.23
yes,,27.73409460000474,85.35823619999944,44.14
yes,,27.733290395911695,85.35946996858254,60.19
yes,,27.733583150007895,85.35820305000037,79.23
yes,,27.733051250003385,85.35764719999875,73.91
yes,,27.733419154135447,85.3584616277021,80.89
yes,,27.73360991970772,85.35666230964847,59.5
yes,,27.733199750004005,85.35881364999894,69.14
residential,,27.734506555887222,85.35971782929853,131.89
yes,,27.73364085000006,85.35578644999896,85.55
yes,,27.731641200002077,85.35893130000049,93.22
yes,,27.73298679999987,85.35641439999874,75.41
yes,,27.731449824781112,85.35845429337134,64.99
residential,,27.73418395000411,85.35910040000631,55.91
yes,,27.733527078360982,85.35614539134316,76.64
yes,,27.733369400001106,85.35933709999259,68.44
residential,,27.734177900003438,85.35896185000527,44.05
yes,,27.73230553725964,85.35676572208565,76.15
yes,,27.731795059860396,85.358836825843,101.07
yes,,27.73311245000274,85.35793959999383,106.17
yes,,27.733527500007497,85.35929530000294,97.04
yes,,27.73319090481141,85.3585906822429,72.26
yes,,27.73369942613931,85.3593972639793,78.65
yes,,27.73395710000416,85.35801549999961,60.79
yes,,27.732971499999582,85.35943069999502,67.28
yes,,27.732664400004218,85.35781239999979,65.79
yes,,27.733236206037738,85.35845202968916,61.19
residential,,27.73468684082742,85.35934145706969,40.68
yes,,27.732181780464273,85.35870405749357,78.68
yes,,27.73295375047923,85.3562521333786,64.82
residential,,27.73453292752363,85.35916574132602,95.27
yes,,27.731838325684667,85.35840170791762,105.74
yes,,27.73299345000519,85.3560093499992,82.3
yes,,27.734116354932734,85.35802737598935,50.39
residential,,27.73431400000281,85.35973545000135,49.36
yes,,27.73170690001111,85.35790604999858,112.83
yes,,27.732917300007234,85.35968435000296,59.42
yes,,27.734004150005116,85.35895514999613,52.82
yes,,27.73343845000539,85.35824590000026,58.7
yes,,27.733521939262587,85.3583627746901,59.97
yes,,27.733829355965177,85.35827012538023,72.67
yes,,27.732870750004142,85.35835859999838,68.81
yes,,27.733363350006087,85.3591968500043,64.02
yes,,27.73369445000757,85.3580419499992,97.39
yes,,27.732950299779034,85.3572951665979,100.75
residential,,27.73466401592192,85.35952376695566,65.92
yes,,27.7326745000034,85.35679899999741,75.91
yes,,27.733857749904587,85.35885246669973,63.09
yes,,27.73315175000271,85.35867164999691,62.99
residential,,27.734607800007627,85.35975135000082,102.44
yes,,27.731915300003468,85.35895064999968,60.66
yes,,27.73344076613092,85.35708511770893,150.79
yes,,27.731749874243555,85.35915291140059,81.51
residential,,27.7342342000071,85.3594961500059,91.64
yes,,27.733656276598804,85.3564316843856,47.54
yes,,27.733284000291796,85.35905333318706,58.96
yes,,27.733828350001918,85.35809489999968,68.86
residential,,27.734110496472454,85.35903398385038,84.72
yes,,27.73374616636056,85.35927807414703,83.25
yes,,27.73306726771958,85.35880835296243,72.15
yes,,27.734121559007473,85.35793762872176,46.85
yes,,27.733036749998767,85.3574681500055,52.77
yes,,27.733741850006094,85.35652485000256,63.0
yes,,27.733233133348175,85.35934200001576,81.97
yes,,27.732944767624,85.35789825331008,72.15
yes,,27.731866000001805,85.3575935500001,83.42
yes,,27.732993697042293,85.35925851785623,73.72
yes,,27.73360354999827,85.35590129999918,100.96
yes,,27.73282739037564,85.35648103689407,64.95
yes,,27.733832597791658,85.35875788389127,66.26
residential,,27.734484699998443,85.35945339999734,58.69
yes,,27.7336567,85.35568989999886,56.26
yes,,27.7314120000061,85.35863889999958,38.77
yes,,27.73301969999996,85.3563417499987,58.98
yes,,27.734013150010256,85.35822129999904,74.5
yes,,27.73165267444781,85.35838791141047,89.07
yes,,27.733305931367674,85.3595609457532,41.63
yes,,27.733664841161527,85.35827022326269,49.83
yes,,27.733919851524625,85.35876788321465,43.66
yes,,27.733435231120076,85.35768160862554,59.1
yes,,27.733301700000833,85.35823859999918,53.48
yes,,27.733247500001763,85.35872614999377,79.9
residential,,27.734542421874234,85.3595863620163,72.54
yes,,27.73395382482628,85.35792168978804,58.78
yes,,27.732813306761464,85.35844487990246,69.1
yes,,27.733767399998897,85.35619214999923,90.79
residential,,27.73468828895705,85.35925681303593,21.92
yes,,27.73257249206296,85.35766332115028,46.76
residential,,27.73422069709737,85.35899718470377,52.29
residential,,27.734678373664867,85.35943806083105,88.95
yes,,27.73224218153092,85.35880335963563,64.37
yes,,27.73359754999119,85.3592066666764,62.52
residential,,27.734570074230948,85.35945710883462,86.64
yes,,27.73325359643842,85.35630969047305,87.58
yes,,27.733617700003723,85.3593507499998,59.73
yes,,27.734071188687945,85.3581127743801,57.99
yes,,27.731701542142353,85.35773087224972,80.65
yes,,27.732930180634646,85.3595506907641,66.25
yes,,27.733512276224925,85.3584357946315,72.76
yes,,27.732817050005355,85.35798175000038,81.58
yes,,27.734065250006143,85.35889429999604,68.29
yes,,27.733257088141453,85.35837077254244,49.58
yes,,27.732398426334218,85.35860088770141,80.56
yes,,27.732998500001145,85.35737060000737,51.93
residential,,27.734523450000673,85.35925864999886,70.15
yes,,27.73292664993279,85.3559148666641,65.84
yes,,27.732819266401393,85.35739686443986,111.5
yes,,27.731908673377283,85.35788633983636,37.66
yes,,27.73316676629625,85.35721814461084,57.43
yes,,27.73393883441325,85.35891099176735,51.72
yes,,27.73340909999847,85.35835204999795,51.53
residential,,27.734376300008634,85.35966019999258,108.43
yes,,27.731915125632835,85.35907009110603,86.32
yes,,27.73379947394951,85.35817855557693,89.56
yes,,27.73326485000154,85.35926779999133,89.06
yes,,27.73378209999755,85.35610419999905,66.87
yes,,27.733281150002597,85.35916004999504,72.91
yes,,27.733826750000343,85.35800590000005,84.89
yes,,27.731878304068566,85.35723848409009,69.98
yes,,27.733590200003437,85.35807005000258,92.8
yes,,27.732627573870143,85.3566398392354,59.17
yes,,27.72039167925064,85.36273785767126,96.87
yes,,27.71902903957049,85.35815264763609,132.82
yes,Pranamaya Yoga Boudha,27.720585150596104,85.36333747109256,88.58
yes,,27.718894933244002,85.35729049942051,127.36
yes,,27.722037750011193,85.36050465000127,107.26
yes,,27.721766899994417,85.36058369999448,167.11
yes,,27.72176570001218,85.36019545000006,171.09
yes,,27.72195583529832,85.36005516984716,136.58
commercial,,27.721840510536612,85.36145761885514,86.12
yes,,27.721918150004747,85.3602518499946,214.36
yes,Old Dhabzang,27.721902647150735,85.3624943359833,75.77
residential,,27.722019631341084,85.36137063457805,92.91
yes,,27.715378937820056,85.36173954068833,83.38
yes,polangchung samaj kalyan paribar,27.716281331669176,85.36251470457574,91.72
yes,,27.720355023316106,85.36157481699985,285.62
yes,,27.716623620861643,85.3629714884884,89.26
yes,,27.717021893297968,85.36325629550552,160.79
yes,,27.72014832699042,85.36303696579652,78.53
yes,,27.715345200007697,85.36211399999951,101.71
yes,,27.71598879999937,85.36354255000371,53.0
yes,,27.7167304500024,85.3630706499817,92.46
yes,,27.715468026038536,85.36208363995144,108.5
yes,,27.720189588194593,85.3631557274719,61.95
yes,,27.71599654609329,85.3631653660477,110.71
yes,,27.715443638282554,85.36226362508053,110.42
yes,,27.720142769419038,85.36351900098474,173.62
yes,,27.716476100010205,85.36285160001341,82.44
yes,,27.71555454144824,85.36183648324757,141.09
yes,,27.720132453303233,85.36273718362565,111.8
yes,,27.72018368247237,85.36309587074555,37.07
clinic,Smile Dental Hospital,27.720484028631333,85.36162811976824,132.47
yes,,27.71698851568117,85.36345327852551,103.2
yes,,27.71686089617177,85.36315722487667,109.42
yes,,27.726436253450807,85.34791323714977,99.05
yes,,27.726430413203495,85.3478247139414,0.72
yes,,27.726409100221048,85.34799005160988,91.5
yes,,27.726335831658833,85.34812844575892,75.17
college,,27.722246599847153,85.3587375999862,423.49
yes,,27.716280953894753,85.3538712684427,153.47
yes,,27.718141100004438,85.35584610000154,62.81
yes,,27.715897071855736,85.35384113464642,148.84
yes,,27.71601741750192,85.3538096966551,55.23
yes,,27.718105356161054,85.3560064339644,107.34
yes,,27.721608050010612,85.35832295000206,109.79
yes,,27.720995300082464,85.35867435003092,456.35
yes,,27.718518396470678,85.35486566781691,136.37
yes,,27.716616849989936,85.3623557000007,380.09
yes,,27.7186189923094,85.35476058037236,166.1
yes,,27.715301470249074,85.35698318460744,78.15
yes,,27.715775283835036,85.35435205382174,51.1
yes,,27.716835503048635,85.35394925084839,190.34
yes,,27.717761180979114,85.35438761697887,140.24
yes,,27.718361650014785,85.35617250001519,77.6
yes,,27.718178970327084,85.35362852573532,143.93
yes,,27.717395986951693,85.35649790756675,178.1
yes,,27.71619466666194,85.3541528000364,114.07
yes,,27.721639327830474,85.3593925113684,216.03
yes,,27.716209396054825,85.35372248285198,50.57
yes,,27.721119050005367,85.35919089999332,230.99
school,,27.71973612243815,85.36241928956119,200.88
yes,,27.71902433256046,85.35359450301361,91.28
yes,,27.715308500229067,85.35647666656898,64.41
yes,,27.721160552878796,85.35902012185093,210.83
yes,,27.715240350109525,85.35730530897074,107.25
yes,,27.720791932196818,85.35922547390349,144.94
yes,,27.720658128031598,85.36017035353827,119.48
yes,,27.715353691015242,85.35704453321564,106.74
yes,,27.720568770515055,85.3580478127191,106.07
yes,,27.71526146933883,85.35721616404916,107.03
yes,,27.717956950012006,85.35442410000108,72.88
yes,,27.716012478573848,85.35403065994758,125.76
yes,,27.717138558995238,85.35642333098407,159.79
yes,,27.71583359888251,85.35476976323774,91.64
yes,,27.71787914021421,85.3544086555811,153.75
yes,,27.715214750004836,85.3577554499958,85.66
yes,,27.715843950005357,85.35404385000122,77.59
yes,,27.717243972519245,85.35640263554448,111.1
yes,,27.715939869291407,85.35465121044098,69.37
yes,,27.72166260001427,85.35920150000209,159.7
yes,,27.715314432988492,85.35741186278541,53.7
yes,,27.71554010658076,85.35519397955568,88.41
yes,,27.720652349995344,85.36025060000621,74.13
yes,,27.715968001601098,85.35415468352892,57.62
yes,,27.715297430083755,85.3571305007347,108.55
yes,,27.71562055001565,85.35488815000238,163.78
yes,,27.715915524005,85.35409148074994,48.51
yes,,27.71572190000052,85.35503169999724,82.28
yes,,27.717795309265124,85.35327076158156,160.94
yes,sherpa service centre,27.72071991336896,85.3603542389217,191.12
yes,,27.716406249475806,85.35481623163285,133.63
yes,,27.716184800007273,85.3560472000003,86.09
yes,,27.715432250007392,85.35536799999552,97.67
yes,,27.716741595837668,85.35611617072217,110.68
yes,,27.716059400008245,85.35568400000048,93.76
yes,xavier international school and college,27.72046695659944,85.35861957439867,275.3
yes,,27.716162650001326,85.3555434499962,78.84
yes,,27.71596996624832,85.35682715401305,120.27
yes,,27.721429593006597,85.35844897249716,260.16
yes,,27.718907975833343,85.35355936629628,119.07
yes,,27.721281029534907,85.35827729098546,184.88
yes,,27.718895800009324,85.35665520001021,66.06
yes,,27.71534678684081,85.3573058615106,74.82
school,,27.71831801576074,85.35325450452298,117.27
yes,,27.71538307458375,85.35718804880328,108.02
yes,,27.71892533352592,85.35381402219188,79.24
yes,,27.71540458327611,85.35619229040488,76.79
school,,27.715196700005524,85.35615805000158,72.0
yes,,27.718861268805313,85.35378421039475,124.88
school,,27.715110707609334,85.35612185065752,92.76
yes,,27.717650530180542,85.35420413782944,108.43
yes,,27.715504102771828,85.35773628133215,116.77
yes,,27.71805083430343,85.35456965724973,133.07
yes,,27.71803786076789,85.35473044900726,125.7
yes,,27.715429881369413,85.35630302552941,49.3
yes,Sakya Maitreya Lhakang,27.721482150005553,85.36111554999876,150.39
college,Kumari Engineering College,27.722114249965937,85.35901104999796,474.94
yes,,27.71548555000441,85.35624580000213,62.11
yes,,27.721581499991096,85.35858054998715,137.83
yes,,27.72208812090539,85.3600869138358,163.77
yes,,27.71534216113187,85.35625968229266,66.13
yes,,27.72157625002106,85.35880845000071,88.89
yes,,27.717944350000096,85.35425389999673,107.81
yes,,27.71612812822898,85.35409415517965,74.07
yes,,27.717951511985778,85.35483231123992,161.42
yes,,27.7154727500062,85.35689204996719,133.06
yes,,27.721759880185814,85.35954659633181,72.14
yes,,27.715762772084222,85.35640300327802,85.32
yes,,27.718398852462297,85.35482070156915,113.55
yes,,27.716214283124508,85.35426865788861,66.57
yes,,27.71551426883908,85.35634116435656,86.02
yes,,27.715366969673834,85.35638679597928,54.32
yes,,27.721799900003482,85.35897709999962,140.35
yes,Ad Agency,27.716529388058294,85.35405222179467,165.95
yes,,27.71572434992673,85.35649195300199,116.11
yes,,27.72185415001594,85.3584260499987,163.16
yes,Nilgiri Dental (p)Ltd,27.720182399279906,85.35949549387293,102.34
yes,,27.715876652978647,85.35428593240343,76.69
yes,,27.716729248689823,85.35409846727306,196.15
yes,,27.716171782895987,85.35361415359766,132.3
yes,,27.715158149163464,85.35770373359657,52.41
yes,,27.715100766237413,85.35777308938609,77.88
yes,,27.716149901256514,85.35431193373353,91.84
yes,,27.7180893310212,85.3543906962948,73.72
yes,,27.716066400017226,85.3550868500018,154.33
yes,,27.71557283857431,85.35626618580612,83.67
yes,,27.720956605295573,85.35914547798974,209.63
yes,,27.716176143555323,85.3547709923679,91.91
yes,,27.71597599999775,85.35475589999838,88.55
yes,,27.715859697048575,85.35439698617965,129.2
yes,,27.716555149997472,85.35480645000139,61.42
yes,,27.715851660557174,85.3550507912322,137.19
yes,,27.71594444976015,85.35506620026823,105.96
yes,,27.715975577560155,85.35489398805345,126.13
yes,,27.71569873943153,85.35512489457977,83.45
yes,,27.716566477753602,85.35669858701779,94.02
yes,,27.717921934487215,85.35341686908407,142.94
yes,,27.720567849999405,85.35872090000032,45.16
yes,,27.715127500003618,85.3572251999967,83.18
yes,,27.720707949989517,85.36049440001133,64.33
yes,,27.715246825724474,85.35532844135014,110.8
yes,,27.715701052092356,85.35431938199689,80.14
yes,,27.715670750000417,85.3552219499948,70.79
yes,,27.717778708998754,85.35424904855596,128.8
retail,,27.720382134217825,85.35842863225619,384.56
yes,,27.716731796048414,85.3538952293769,208.18
yes,,27.715066250012573,85.35589605001553,100.35
yes,,27.717959249995005,85.35400629999688,156.21
apartments,,27.720768311159564,85.36090092445816,201.7
yes,,27.720504500008044,85.35909090000132,264.37
yes,,27.714772081495816,85.35589545297182,85.35
yes,,27.715913249545316,85.35671711664828,96.41
yes,,27.715030416613605,85.35557665075628,84.83
yes,,27.71500080001013,85.35543540946996,88.96
yes,,27.716077149999894,85.35448740001141,48.11
yes,,27.71542325619465,85.35709107137396,85.66
yes,,27.715631200010126,85.35428280000797,66.56
yes,,27.720759930712287,85.35825577765885,154.9
yes,,27.717049700009955,85.35409865000385,121.5
yes,,27.72077717077858,85.3586488074928,548.46
yes,,27.715127267114955,85.35596383993227,73.22
yes,,27.72074804774106,85.35812075863895,156.19
yes,,27.715942500006314,85.3537156500131,68.95
yes,Lama Wangdu,27.721698233753347,85.35841481780815,168.25
yes,,27.7160061169599,85.35457612088754,80.37
yes,,27.721308985060798,85.35883826876155,234.05
yes,,27.71548040000518,85.35660449999394,106.63
yes,,27.718599744673977,85.35545674447805,137.92
yes,,27.71690615001061,85.35401205000731,98.42
yes,mohan siddartha H.S. school,27.71533402130666,85.35671701594653,168.52
yes,Aarya Chaitya Inn,27.722329639629386,85.36039514554933,168.46
yes,,27.716974267774916,85.35405315831993,117.45
yes,,27.72180390000581,85.35883614999943,106.95
yes,,27.721338226990746,85.35946978919137,273.33
yes,,27.715120676599142,85.35732463391207,76.54
yes,,27.72166033679498,85.35896733221855,171.29
yes,,27.716010500970786,85.35424558803304,49.14
yes,,27.71795545261678,85.35411146388184,164.56
yes,,27.72169394127239,85.35879037961612,98.14
yes,,27.721001441967264,85.35895603875053,240.46
yes,,27.720933826003414,85.35824763709815,236.97
yes,,27.71742825402502,85.35475146361873,172.29
yes,,27.718002829090477,85.35804424588319,55.96
yes,,27.71481550884939,85.35695180461013,94.09
yes,,27.7202743935534,85.36318730388125,92.21
yes,,27.71943159934816,85.35735121523612,76.19
residential,,27.721995835265812,85.36148088239939,89.71
yes,,27.715049814378396,85.35706908726449,74.63
yes,Buddhist Stupa Pharmacy,27.72021081547932,85.36327121220933,141.92
yes,,27.719480643596523,85.35739788112392,69.89
yes,,27.71511119202249,85.35700536611279,58.94
yes,,27.714803284143706,85.35825150197324,74.77
yes,,27.718239800005776,85.35636045000459,68.34
yes,,27.713945274761624,85.35711081218315,114.31
yes,,27.714608879684548,85.35729235355242,140.2
yes,,27.71448900001174,85.3574172499969,187.39
yes,Om development bank,27.720301389672716,85.36310553155359,82.86
yes,,27.71942957618276,85.35751580293412,155.78
yes,,27.714962097755006,85.35704191706112,85.87
yes,,27.713844580822986,85.35705469789862,103.04
yes,,27.71787690932961,85.35773548850061,79.82
yes,,27.714429531356046,85.35710692316535,83.69
yes,,27.717706899285147,85.35752321177836,55.87
yes,,27.71939917200572,85.35693551933396,154.28
yes,,27.71775774987816,85.35754545602948,60.93
yes,,27.718089083188342,85.35626574951146,156.86
yes,,27.71953749660323,85.35724981941514,42.29
yes,,27.718238900002945,85.35719669999821,68.39
yes,,27.7182183721837,85.35813075473988,84.21
yes,,27.71813219442742,85.35722979084406,67.04
yes,,27.71470070988143,85.35744101520177,88.65
yes,,27.714200936661097,85.35775497882109,63.85
yes,,27.714262374260834,85.35775178470129,56.67
yes,,27.714995446259575,85.35732136622632,68.21
yes,,27.714862455705255,85.35748339830516,116.01
yes,,27.71487228244545,85.35718339622694,97.42
yes,,27.714102587417365,85.3581719700899,59.13
yes,,27.718361333167397,85.3580445038412,58.99
yes,,27.714764727814718,85.35702807827612,125.77
yes,,27.715015913025645,85.35714672618658,56.25
yes,,27.71773270306735,85.35780829616832,124.78
yes,,27.718062297490636,85.35755207934301,59.34
yes,,27.718045017489086,85.35746205731245,45.22
yes,,27.71392660000272,85.35796799999899,51.03
yes,,27.718497704883333,85.35661866346055,75.81
yes,,27.714008609120764,85.35685127855592,82.1
yes,,27.717882732421465,85.35748826955259,84.89
yes,,27.717920645792244,85.3578504981213,111.07
yes,,27.714233007600292,85.35794084770089,76.33
yes,,27.717923305771347,85.35761599272777,144.09
yes,,27.717821794959423,85.35756787170247,101.65
yes,,27.718419600004648,85.35814294999989,99.04
yes,,27.71423118629698,85.35785615761854,76.33
yes,,27.718011712443392,85.35779411098204,118.74
yes,,27.718557522047465,85.35801314077699,54.77
yes,,27.718165572833108,85.3570632646595,49.64
yes,,27.71733914531619,85.35803087995593,233.15
yes,,27.7182251494303,85.35784430382952,137.89
yes,,27.71790987996013,85.35803709335117,45.3
yes,Organic World Group,27.7202201699714,85.35527921179127,91.06
yes,,27.71807104218358,85.35794371114893,93.0
yes,sunrise bank,27.720241722848623,85.36334500531309,47.73
yes,,27.717861104332158,85.3570907309177,58.73
yes,,27.72359730763322,85.36153002672094,113.71
yes,,27.729215453512317,85.36164458131977,110.52
yes,,27.729975500002528,85.36311404999753,107.25
yes,,27.723199895437762,85.3609320363289,167.78
yes,,27.72773367866811,85.36074158809554,71.57
yes,,27.729641079490232,85.36117156207479,92.98
school,,27.73006629027826,85.3627066245446,85.74
yes,,27.723507423860774,85.36185896153819,125.96
yes,,27.727923852030127,85.36095108256949,83.61
yes,,27.728404049644645,85.36023065045609,59.86
yes,,27.729628343466405,85.36085029872154,143.63
yes,,27.72940298330856,85.3621862166039,119.2
yes,,27.728335479154982,85.3613381385902,100.99
yes,,27.728391803386927,85.36031659386649,102.53
yes,,27.729519685294242,85.36441015114828,219.58
yes,,27.727801600816186,85.36160298257863,219.11
yes,,27.726311169568458,85.36118145529842,133.34
yes,,27.7282589728756,85.35999835889422,79.83
yes,,27.728890293598248,85.36090910735827,78.12
yes,,27.727587303640945,85.35998388708673,81.48
yes,,27.72664640000443,85.36117540000275,60.47
yes,,27.727786536437616,85.35956742580589,124.35
yes,,27.72775317602239,85.36046148951085,79.1
yes,,27.729238750001553,85.3619063499935,68.79
yes,,27.72789700000433,85.36230729999957,107.85
yes,,27.728768110448634,85.36225161813105,91.13
yes,,27.728990764305944,85.363361478458,114.98
yes,,27.728072652408276,85.36266264471418,170.65
yes,,27.72860543251795,85.36229931302564,106.87
yes,,27.723787005331882,85.36100693204973,172.24
yes,,27.728397418979313,85.36220903823545,189.86
yes,,27.72367432156801,85.36120300698595,219.22
yes,,27.72910862566131,85.36203182817475,76.96
yes,,27.723485617537314,85.3611617365107,63.38
yes,,27.723510181805132,85.36003725373783,119.82
yes,,27.72230860802076,85.35293194064828,104.97
yes,,27.722389972901418,85.35289347587141,168.58
yes,,27.733587276930226,85.36605042703582,93.86
yes,,27.733020235553525,85.36876990225464,126.83
yes,,27.733357624386862,85.36602468573302,56.75
yes,,27.73412477224357,85.36578318449638,58.3
yes,,27.733317491553198,85.36609134635337,114.51
yes,,27.73396966497108,85.36740855919643,137.07
yes,,27.73284994887942,85.36877071818354,89.94
yes,,27.732557694320825,85.36931918205396,129.71
yes,,27.732477017072284,85.36811937213854,86.43
yes,,27.733691581003075,85.3661933540003,76.06
yes,,27.733469327028857,85.36639644613741,68.96
yes,,27.732710416687212,85.36624430106275,97.22
yes,,27.732804966712447,85.36569052843302,60.14
yes,,27.733138768803528,85.36764405866019,133.27
yes,,27.732608550005768,85.36641365000605,77.45
yes,,27.733035531743685,85.36546945421676,52.96
yes,,27.7333214468325,85.36909753443048,5.33
yes,,27.733433611786293,85.36871889630963,149.47
yes,,27.733513633609718,85.36624878561784,126.25
yes,,27.733567981574982,85.36659119261056,119.04
school,,27.733322257356253,85.36773348455986,357.22
yes,,27.732606702666086,85.36865745250935,218.02
yes,,27.732389298731373,85.36803288367649,85.63
yes,,27.733422945601365,85.36715617097259,157.99
yes,,27.73323068455866,85.36602191799484,117.76
yes,,27.7325289582544,85.3669859670994,222.97
yes,,27.734448972199,85.36589777872412,0.67
yes,,27.733087021970807,85.3691860048019,112.18
yes,,27.733652587892603,85.36680771733447,165.61
yes,,27.732735250004403,85.36861369999981,71.36
yes,,27.733006582127537,85.36905453273457,119.36
yes,,27.73234510000347,85.36790169999254,27.64
yes,,27.73337215153067,85.36712247990494,153.4
yes,,27.73375985000165,85.36591114999823,46.25
yes,,27.73282150914206,85.36894161599777,119.12
yes,,27.73265598222941,85.36815909390072,93.51
yes,,27.73325641008606,85.36717855523989,123.94
yes,,27.733015259852046,85.3659229493501,109.61
yes,,27.7328094268699,85.36710043009717,113.8
yes,,27.732577478584442,85.36628376146882,64.57
yes,,27.73229893989829,85.37062690248351,143.54
yes,,27.732571067054955,85.36558246732945,65.79
yes,,27.73292220339766,85.36583239912069,126.4
yes,,27.732806583197053,85.36683975830003,45.16
yes,,27.73303338805592,85.36960174234257,65.23
yes,,27.73282526860193,85.36543291956428,80.27
yes,,27.733173128454663,85.36886796989901,119.0
yes,,27.734563950003338,85.36463194999965,54.0
yes,,27.734276120967134,85.36543336121164,42.72
yes,,27.734305567174776,85.36532777932491,39.56
yes,,27.734306349998178,85.36425079999566,27.45
yes,,27.73388207660335,85.36522192366523,35.69
yes,,27.7346825521187,85.3646995025019,33.52
yes,,27.73390173533108,85.36489572584792,74.32
yes,,27.734450924148938,85.3658620908846,6.56
yes,,27.734622482585255,85.36454430845984,53.09
yes,,27.734077844133108,85.36541336759082,56.2
yes,,27.73441148460508,85.36535543078105,52.29
yes,,27.73437106897082,85.36547205529627,74.39
yes,,27.73463570000021,85.36430159998913,124.06
yes,,27.734286549998412,85.36429969999706,29.93
yes,,27.734639717984987,85.36467816455668,30.92
yes,,27.73399852158713,85.36490211752279,44.98
yes,,27.734012019457417,85.36453538690209,88.23
yes,,27.734662861047624,85.36481450541635,19.45
yes,,27.734072772955237,85.3643968019394,54.75
yes,,27.73411280000206,85.3653083999984,46.8
yes,,27.73470810655698,85.36462108164783,2.09
yes,,27.73424613550272,85.3654995536735,37.44
yes,,27.73432793130295,85.36419194780792,33.12
yes,,27.73404996398046,85.36521102946563,55.38
yes,,27.73448096136675,85.3655941551857,37.62
yes,,27.734343407599095,85.36414421944157,36.23
yes,,27.73388581364686,85.36513762340573,97.72
yes,,27.734398749800604,85.36404138358081,49.22
yes,,27.73445786719622,85.36520860897993,113.72
yes,,27.734280603515902,85.36512385366858,151.41
yes,,27.73439815127911,85.36437907659302,92.97
yes,,27.734462047427794,85.36582826586961,1.49
yes,,27.719174450005788,85.36715955000176,53.41
yes,,27.718458058213013,85.36874647875904,313.61
yes,,27.718843857305547,85.36856162673725,426.58
yes,,27.71924879999578,85.36801484998864,96.43
yes,,27.718682566747184,85.36768688446654,122.28
school,,27.71847603157806,85.36682529651361,127.08
yes,,27.718266300001975,85.368695699996,93.44
yes,,27.719630470482983,85.36824275748624,124.99
yes,,27.718421439097835,85.36895596426666,253.66
yes,,27.718351000001515,85.36858099999924,37.71
yes,,27.719932667917817,85.36819615468174,292.11
yes,,27.719390824703183,85.36832859293978,219.81
yes,,27.71869493913551,85.36899833306093,440.99
yes,,27.717232695283034,85.36927797612728,279.25
yes,,27.717144548808797,85.36621754264618,149.35
yes,,27.720586008564005,85.36419399872872,240.67
yes,,27.72092650497897,85.36482052432034,197.95
yes,,27.720574600962312,85.36389380516117,128.73
yes,,27.721330461190814,85.36616342745133,324.92
yes,,27.721267830928348,85.36658938998734,244.55
yes,,27.716862900011165,85.36720819993509,258.02
yes,,27.72163570000076,85.36447039998495,250.48
yes,,27.720334685367234,85.3647240054974,329.62
yes,,27.721140803905673,85.36533353003807,206.94
yes,,27.734247692956725,85.36454725043413,152.68
yes,,27.732903565511954,85.3681644349618,203.17
yes,,27.73289010000526,85.36787274999452,98.99
yes,,27.733851323551985,85.36647019139393,79.72
yes,,27.73311824183633,85.36808216438149,141.38
yes,,27.732494500007718,85.36594760000389,87.06
yes,,27.732324241522363,85.36416296384382,62.44
yes,,27.733442815101508,85.36574026555223,76.22
yes,,27.73393725000175,85.365872799989,83.32
yes,,27.733785952688727,85.36740586396608,38.76
yes,,27.732295816034828,85.36622353180684,91.68
yes,,27.732254700007815,85.36467714999925,118.23
residential,,27.733708500005857,85.36388374999642,124.7
yes,,27.732592734063925,85.36805944041804,51.59
yes,,27.733680604327922,85.36413824724062,162.02
yes,,27.73344833087163,85.36652872457553,78.28
yes,,27.73369449999972,85.36787910000001,10.36
yes,,27.733130448552227,85.36626658109417,129.42
yes,,27.732417741522095,85.36541635154734,123.28
yes,,27.733923901783058,85.36644032734353,95.48
yes,,27.732283250004656,85.36487265000268,86.35
yes,,27.73329786387214,85.36585370180536,60.91
yes,,27.732512438769934,85.36777665073556,67.04
yes,,27.734127081890026,85.3665246310226,68.6
yes,,27.732902786234227,85.36661958570747,157.28
yes,,27.73223269566792,85.3661576903872,98.26
yes,,27.73240133036315,85.36440488462354,87.1
yes,,27.733107003748692,85.36566045271024,53.98
yes,,27.73224250000227,85.36448930000208,61.48
yes,,27.733688124013348,85.36794944231474,13.55
yes,,27.732379800007294,85.36613065000273,109.59
yes,,27.732356249999786,85.36473594999997,82.61
yes,,27.73244840655385,85.36551121676759,114.93
yes,,27.73308392120761,85.36664899841688,90.65
yes,,27.7338839500053,85.36632350000714,35.77
house,,27.716456300003557,85.37004255000178,26.45
yes,,27.73134600000815,85.35270295000191,98.69
yes,,27.731722550005333,85.35309194999782,80.26
yes,,27.731281368030768,85.35285786212631,48.16
yes,,27.731383362406444,85.3526047725845,67.82
yes,,27.731080711270195,85.35136304904185,21.17
yes,,27.731832200003986,85.35317394999768,51.76
yes,,27.73140255000018,85.35252804999266,73.47
yes,,27.731851550006446,85.35297254999601,83.46
yes,,27.73158585000463,85.35282209999946,87.91
yes,,27.715341901965296,85.35543136750155,84.46
yes,,27.715359016248268,85.35596833270253,73.38
school,,27.715631406377284,85.36400319963998,236.12
yes,Shiva Mandir,27.715291325000862,85.36329373505392,33.63
yes,,27.71532404022773,85.36334652312942,35.15
yes,,27.715531350005914,85.3636013499977,61.8
yes,,27.715661237813503,85.36376278207776,154.72
yes,,27.715471265549116,85.36348654157099,118.08
yes,,27.71721480000298,85.35766359999977,43.35
yes,,27.717321749999453,85.35760299999474,128.94
yes,,27.717072495814765,85.35748547068808,109.63
yes,,27.71717729256628,85.3578053674385,74.37
yes,RB Home,27.712866031353947,85.35775723141477,259.23
yes,,27.717052073718484,85.35796229766586,119.96
yes,,27.71699038485398,85.35788139740109,47.39
yes,,27.716956482979356,85.35799497631108,141.07
yes,,27.717466828578498,85.35813604318228,68.41
yes,,27.71693351748898,85.35745213485849,81.7
yes,,27.717092749998773,85.35739759999646,47.22
yes,,27.717132265553133,85.35719258652057,73.02
yes,,27.716856722933958,85.35698419359225,148.66
yes,,27.716190168379587,85.35736400333191,41.29
yes,,27.71630640947268,85.35740348114358,61.66
yes,,27.71745330444348,85.35736495070483,94.86
yes,,27.717244064269345,85.35738386515618,88.79
yes,,27.71455539972585,85.356720211734,101.68
yes,,27.71520150720151,85.356623251099,78.5
yes,,27.714559389535808,85.35632273771411,64.33
yes,,27.714114769124052,85.35491429197296,117.17
yes,,27.715922386077327,85.35707849084096,92.06
yes,,27.7146798654967,85.35629868113026,155.22
yes,,27.714554750006048,85.35641060000009,91.64
yes,,27.713950881363534,85.35474301619287,131.21
yes,,27.714340617253193,85.35549861559312,54.36
yes,,27.714375050005113,85.35649950000065,72.91
yes,,27.71480435302441,85.35657655385253,116.6
yes,,27.714377735205176,85.35604251395753,145.41
yes,,27.714316033105973,85.35645018925283,69.59
yes,,27.714676553379608,85.35666924761168,92.1
yes,,27.714473156310365,85.355807356738,195.04
yes,,27.714343850005157,85.35669869999879,91.39
yes,,27.71526653484605,85.3566355501425,134.76
yes,,27.7146460734126,85.35606746518665,116.75
yes,,27.714651727149782,85.35618596298207,104.15
yes,,27.71445250000725,85.3564114000041,59.37
yes,,27.71423221851965,85.35653090458167,90.48
yes,,27.71400464917111,85.35456597885138,66.22
yes,,27.71442143770641,85.35547782440258,47.55
yes,,27.714439750005845,85.35557860000532,118.88
yes,,27.71445320778959,85.35674467181308,85.62
yes,,27.715052298892328,85.35680941681038,143.18
yes,,27.71425710148617,85.35640503227286,75.03
yes,,27.71497540067678,85.35673660349711,130.98
yes,,27.71404779423717,85.35653849074343,150.0
yes,,27.71434174431605,85.35618527063575,118.5
yes,,27.714069592000417,85.35634708141043,93.2
school,Pulbhari School,27.72320126977553,85.36373160629525,424.57
school,,27.72683281327571,85.35719186107657,200.17
yes,,27.722042833752447,85.3642271764011,151.48
yes,,27.72003811635722,85.36511430447624,158.0
yes,,27.719617271122733,85.36532730837828,72.56
yes,nabil bank,27.720062977592914,85.36546989452548,196.25
yes,,27.720034232066805,85.36490918361648,112.3
yes,,27.72104197219381,85.364629378239,306.24
yes,,27.719712950004226,85.36549284999788,97.95
yes,,27.71985163643528,85.36491837813867,153.9
yes,,27.71991333494274,85.36521895658973,354.41
yes,,27.719858100002497,85.3650542499959,112.57
yes,,27.719717194962957,85.3653569698692,80.38
yes,,27.721488516422312,85.36447651187272,243.18
yes,,27.72213644660167,85.36447855497829,275.05
yes,,27.721306471692888,85.36454235363068,151.96
yes,,27.720523743311368,85.36552708673509,138.18
yes,,27.720834611567632,85.36571484687761,32.6
yes,,27.720901541241034,85.36446148827292,164.62
yes,,27.721043900012827,85.36485699999886,118.81
yes,,27.720953300007512,85.36592930000033,184.44
yes,,27.720035757278946,85.36527653580397,93.24
school,,27.720280529827516,85.36674364460971,380.38
yes,,27.72028945122513,85.3649853458766,197.5
yes,,27.719843031166274,85.36553278625816,36.97
yes,Kathmandu Municipality Ward No. 6 Office,27.720392624356784,85.3652561616743,180.42
yes,,27.722293500017027,85.3647324000004,81.22
yes,,27.72123142855283,85.36468503196288,286.6
yes,,27.71998071639518,85.36557258079748,200.99
yes,,27.72078058376053,85.36514906195951,224.65
yes,,27.719556379739103,85.36542124225525,93.81
yes,,27.72064370001014,85.36459224999831,152.68
yes,,27.720390510078655,85.36537627456724,151.65
yes,,27.72089082806251,85.36454081899709,115.13
yes,,27.721447856090514,85.36470432705615,134.49
yes,Cafe Terrace D'Stupa,27.721072601758447,85.36248413571863,41.55
yes,,27.722157259028833,85.36432327657002,180.58
yes,,27.721602758900907,85.36461897318479,129.37
yes,,27.72166686211581,85.36522281552556,156.19
yes,nilkantha secondary boarding school,27.719809013861205,85.36415784706608,219.33
yes,,27.717394496354714,85.3501378734473,37.09
school,,27.716751790269818,85.3497379744974,116.31
yes,,27.71714763605297,85.35020383088094,137.84
yes,,27.71721732523335,85.35023324561286,51.43
yes,,27.71733792332861,85.35058855437013,90.44
yes,,27.71727652595191,85.35024164001399,32.84
yes,,27.717180311712312,85.35075543078057,36.25
yes,,27.717224200003155,85.35050729999948,64.5
yes,,27.717227813451814,85.35059652988204,63.61
yes,C7,27.71716490000027,85.3503665999997,48.69
yes,,27.717239071437717,85.35068776317068,71.97
yes,,27.717239450002662,85.3503900499995,59.66
yes,,27.71713921521248,85.3508237331739,67.17
yes,,27.717325329691292,85.3509139139656,136.59
yes,,27.717347900003922,85.35069799999802,130.3
yes,,27.71695762227868,85.35037866335799,87.6
yes,C10,27.717067249997722,85.35077404999863,23.78
yes,,27.71704229386816,85.35034387167588,36.2
yes,,27.717073838794512,85.35071710652123,62.51
yes,,27.716899000001764,85.35054814999921,55.59
yes,,27.716422000001895,85.35023334999937,65.73
yes,,27.716670343217043,85.35063844054362,66.01
yes,,27.716748619059466,85.35036272011314,81.44
yes,,27.71650102368739,85.35024191063226,66.45
yes,,27.716720364200306,85.35057261310806,82.28
yes,,27.71658795000617,85.35046500000006,77.73
yes,,27.71700839724831,85.35094148289267,32.79
yes,,27.716987065147567,85.35056016462626,29.36
yes,,27.71684854898251,85.35091264195448,90.59
yes,,27.716976922908987,85.35064804710684,121.66
yes,,27.716571258207797,85.35089308735141,141.44
yes,,27.716136520712094,85.35109991651683,82.29
school,,27.717112685047095,85.35113474261755,201.11
yes,,27.71687544642994,85.35132976829783,80.25
yes,,27.71608760000605,85.35099715000023,40.86
yes,,27.716968455596408,85.35109009584059,101.55
yes,,27.716307150004752,85.35142604999979,35.75
yes,C18,27.71648169162376,85.3511679920129,198.13
yes,C2,27.716803425881857,85.35145131445404,135.98
yes,C11,27.716723401091944,85.35144420123567,56.72
yes,,27.716631724821745,85.3514067617278,96.86
yes,,27.716414900002597,85.3510465999999,30.33
yes,,27.716337327924375,85.3511877900048,87.53
yes,,27.71622539724462,85.35103671319426,56.04
yes,,27.7160230279657,85.35098232063449,64.21
yes,,27.716287954475966,85.35105307878429,49.52
yes,,27.716927881264315,85.35121914511876,126.14
yes,,27.71593231956456,85.35127733257916,88.39
yes,,27.716060208462316,85.3511174488856,89.0
yes,,27.71637161742449,85.35145229986098,131.71
yes,,27.716451700007024,85.3514804999989,97.4
yes,,27.716469800000848,85.35134874999979,82.98
yes,,27.716084289236726,85.35133342403842,77.71
yes,,27.71623346571284,85.35135739955093,81.96
yes,,27.715885300003368,85.35112014999855,92.83
yes,C16,27.71588315092237,85.35100285165751,121.72
yes,,27.716174134510293,85.35173964999473,41.3
yes,,27.71573418538154,85.35104638739845,123.78
yes,C17,27.71581092890607,85.35150896707903,117.45
yes,,27.71737013911347,85.3502585046673,38.15
school,,27.715768253384994,85.35119553521618,67.51
yes,C6,27.715591966972095,85.35113913367906,74.64
yes,C3,27.717346166226342,85.35044587744369,68.45
yes,C19,27.71734035465425,85.35052022674901,70.21
yes,C9,27.71633940000239,85.35131479999961,51.08
yes,B35,27.71616869999941,85.35073799999847,44.17
yes,C12,27.717038972627382,85.35044450837566,74.65
yes,,27.715385865190974,85.35117402245712,142.95
yes,B10,27.714542785015638,85.34883619403807,0.33
yes,,27.71462002290109,85.34917657523032,103.31
yes,,27.71470308801152,85.34898709663962,85.74
yes,,27.714486417628898,85.34916281754249,36.65
yes,,27.71462590086538,85.3489214494942,101.19
yes,,27.71483273033406,85.34955819771089,58.66
school,,27.714854984978345,85.34970511026648,90.83
yes,,27.71482815765251,85.35012185700452,92.4
yes,,27.714841699998615,85.34981419999635,46.75
yes,B6,27.71486647335566,85.3493252094947,92.4
yes,,27.714744281660185,85.3501167412059,31.51
yes,,27.715296214205488,85.35077142302715,124.29
yes,,27.715424600749337,85.3506715092514,100.77
yes,,27.71534345306181,85.35082687453998,70.91
yes,,27.715077144381503,85.35029668058162,124.87
yes,,27.715483356590035,85.35073440157049,108.07
yes,,27.715423900005433,85.35094510000218,78.06
yes,,27.715202642310363,85.35026212936549,104.65
yes,,27.71522433544438,85.35034926802584,95.14
yes,,27.715100434924338,85.35057462565885,101.74
yes,,27.71510223184285,85.35042463740673,122.08
yes,,27.71533295438721,85.35011939402983,87.08
yes,B23,27.715445676250745,85.35018700973289,45.09
yes,,27.715527694004493,85.3501016261341,114.84
yes,,27.715618366794626,85.35053279526906,58.26
yes,,27.715617711274565,85.35060486633124,63.28
yes,,27.715607366315815,85.35072850240896,60.54
yes,,27.715959150004238,85.35052074999986,60.9
yes,,27.716085884482563,85.3503361532302,99.33
yes,,27.71616644418745,85.35042922045677,106.39
yes,,27.716095242829745,85.35019330495727,69.31
yes,,27.716083162633232,85.35058528189568,128.49
yes,,27.716037758288692,85.35018549564906,55.47
yes,,27.716099265013884,85.35045232940213,83.91
yes,,27.71594962795112,85.35027303713494,121.73
yes,,27.716243700005407,85.35047844999934,103.24
yes,,27.716244866943114,85.35020862867472,84.02
yes,,27.715859183781333,85.35050471426722,47.89
yes,,27.715944368961075,85.35039011601373,116.11
yes,,27.715796803013056,85.35065517949452,78.41
yes,,27.715818519181447,85.35048044897647,43.43
yes,,27.715968169034532,85.35073796350633,56.72
yes,,27.715892115074357,85.35068389675504,89.8
yes,,27.716071064666476,85.35068909991217,114.74
school,,27.724965152630496,85.34859721346372,127.51
college,,27.722693100501665,85.34879663655309,483.92
college,,27.722628148427656,85.34862778175456,136.75
school,Vidya Sadan High School,27.72312592622872,85.35060285907628,94.78
school,,27.7240266454183,85.3519357696619,100.07
school,,27.723989550001246,85.35207170000233,22.55
kindergarten,,27.724357809666465,85.35370907328627,167.44
kindergarten,,27.724286965557727,85.35378981188866,63.27
school,,27.72607800000119,85.354369900003,35.64
school,,27.726050402230577,85.3540434819906,72.22
school,,27.725746650006187,85.35421914998345,56.55
school,,27.725898098561036,85.35384280452907,191.93
school,,27.72413710972108,85.34928132651011,235.4
college,,27.72174606166624,85.34678970113126,38.78
yes,,27.72208408563891,85.3469719768226,242.83
yes,Chapa Ghar,27.7276862918007,85.37512044396469,168.99
school,,27.715265587293032,85.35643848306994,64.11
school,,27.71293911098684,85.35336344529954,197.83
school,,27.713960172393236,85.34957537875005,345.15
school,,27.714676000004044,85.34959804999984,65.07
school,,27.715117982664104,85.35443781932946,87.75
school,,27.71539232754139,85.35456649112724,150.72
school,,27.715325812892697,85.35444482375826,197.5
school,,27.715104570673084,85.35935292756088,167.17
school,,27.71562805606147,85.36420586330482,74.78
school,,27.715368105938516,85.36429833376475,124.22
school,,27.714355800005443,85.35437544999951,82.6
yes,,27.71456344899519,85.35396206990285,36.62
school,,27.714460073131523,85.3540422079755,114.05
school,,27.714737309234803,85.3545040369465,88.29
school,,27.717183550002296,85.35218284999817,73.64
school,,27.717204831893614,85.35204807959838,53.03
house,,27.71710659675402,85.35132113930608,90.36
school,,27.71773015029189,85.34990830797322,62.47
school,,27.717912611061713,85.35134553559801,35.33
school,,27.718472478878052,85.35341648603118,72.33
school,,27.718354447712265,85.3539078686206,142.87
school,,27.71642029205788,85.34943604825885,427.83
school,,27.71646945000954,85.35040679999932,159.88
school,,27.716951137573133,85.3501291268354,161.53
school,,27.716918646460268,85.35024422440209,147.95
school,,27.720176332907435,85.34892747271125,628.65
school,,27.720443975105727,85.3494702152167,214.14
school,,27.71832795172738,85.35037639386734,97.64
hospital,,27.71901761137463,85.35160830502763,148.73
yes,,27.716263761508323,85.35323706606367,154.22
school,,27.715767900001733,85.35275249999833,111.19
yes,,27.716396074478254,85.35326494447717,58.02
school,,27.716398731005263,85.35312951116282,102.38
kindergarten,,27.718433866685093,85.35685527948169,103.67
school,,27.718058999991637,85.36990739999094,95.79
school,,27.71520124999486,85.37135909999736,69.51
school,,27.715263150007903,85.37110564998552,50.61
school,,27.715968700006176,85.36955034998971,59.95
school,,27.71831739043534,85.36997309736256,279.42
school,,27.716369699988014,85.37282549998397,106.73
school,,27.715712200020917,85.3698424499517,88.92
school,,27.71655881151425,85.37268529984708,152.94
school,,27.7158362620873,85.3698366866467,120.5
school,,27.716389141705573,85.37262279250159,129.11
school,,27.71740332220033,85.36993081662867,353.09
school,,27.71630752646601,85.37036676062309,55.49
school,,27.714981050009925,85.37091704998556,110.4
school,,27.718293073717277,85.37044892817855,429.86
school,,27.717664138817025,85.3698073715014,321.84
school,,27.716495150002398,85.37014549999985,38.76
school,,27.717567013115193,85.37030323668536,708.84
school,,27.716432550028838,85.37028355000118,91.78
school,,27.718568853987623,85.37021819867361,398.97
school,,27.714801068819202,85.37101240303863,126.45
school,,27.715085794147928,85.37159663531307,131.79
school,,27.715475070423963,85.37090293166096,91.8
school,,27.715446709309102,85.37112114832888,251.81
yes,Kantipur Academy High School,27.720252549548242,85.36703359416143,402.42
school,,27.72080055000585,85.3702509000004,68.37
school,,27.720024250019243,85.36576765000767,146.88
school,,27.72071495551685,85.37039382674773,41.21
school,,27.720680644388192,85.37023662230868,97.86
school,,27.719460217122485,85.36640145708903,31.84
school,,27.719334700008833,85.3664513000034,110.29
school,,27.720699708228587,85.37051155058293,89.18
kindergarten,,27.71728147604742,85.36715399012722,121.69
school,,27.720472854577277,85.36673251549466,179.87
school,,27.720444350041532,85.36995175000641,155.76
school,,27.72052255004403,85.36996780000732,98.88
school,,27.72032119999861,85.36952774999881,139.31
school,,27.717491174722714,85.36728497866547,220.74
school,,27.719790737558466,85.36574697159124,588.63
school,,27.715271688677117,85.36664576748244,100.22
school,,27.71419407704042,85.36826601135711,98.61
school,,27.71467610000413,85.36776455000043,32.42
school,,27.715093449980348,85.36658569997802,141.62
school,,27.713951543163425,85.36821557395503,59.5
school,,27.714945957257353,85.3663910895086,277.95
school,,27.714139253365634,85.36837473682151,156.2
school,,27.722701666138434,85.35242250616523,90.97
school,,27.722764917542825,85.3526053731289,134.31
school,,27.725742849947032,85.3578835500004,247.51
school,,27.725444139316267,85.35751799831172,487.77
school,,27.725267689668488,85.35710279473636,157.64
yes,,27.725414900008342,85.35710574996178,81.41
school,,27.725517347068322,85.3579127654791,194.06
hospital,,27.72574718056388,85.35763492146128,219.92
yes,,27.72522176655954,85.3574530366241,93.78
yes,,27.725104333786184,85.35734818285054,118.96
yes,,27.725637137222495,85.35770182250087,99.39
school,,27.725857090854372,85.35801637129647,387.38
school,,27.725577084227112,85.35732675074986,167.04
school,,27.723487929659868,85.35536093104167,18.55
school,,27.72320292711378,85.35540491559166,103.44
school,,27.723390700051187,85.35523095004419,209.76
yes,Progressive English Secondary School,27.72337449816606,85.35549139414195,235.17
yes,,27.723104834145563,85.35530184711112,152.83
school,,27.725657773910893,85.36089613613463,569.89
school,,27.72598425596418,85.36333027025765,51.64
school,,27.725874593273428,85.36298237894688,136.79
school,,27.728241404773875,85.36351925229677,257.0
school,,27.72954056038188,85.36270850921198,145.04
school,,27.72990784999448,85.3628633500095,102.91
school,,27.729862682513755,85.3625301783938,169.15
school,,27.730175802774806,85.36295520226905,139.35
school,,27.730542881370347,85.36297923728823,121.76
school,,27.729017018343267,85.36195061660653,44.34
school,,27.729064360340228,85.36173361071724,182.51
school,,27.733424639305156,85.36455533863852,136.03
school,,27.73221545709573,85.36303338280776,41.07
school,,27.73173440191659,85.3634430979316,911.15
school,,27.732219612694855,85.36290360354812,34.32
school,,27.73205730140762,85.3628672335484,106.06
school,,27.73149077205455,85.36313715454519,220.68
school,,27.73155380097555,85.3635760848915,269.23
school,,27.731056058174254,85.36487662020275,72.05
school,,27.731326018879113,85.36528942804111,323.95
school,,27.7310950368532,85.36512899235333,215.13
school,G.S. School,27.7296900759934,85.37011507121527,161.02
clinic,Golmeshowr Pharmacy & Doctor's Clinic,27.726357234706928,85.36388645598362,126.31
school,,27.725908155681093,85.36492877781629,275.1
school,,27.72595425001603,85.36479364978312,305.93
school,,27.726012740603434,85.36462629485419,213.31
school,,27.728224236530085,85.36831457147413,79.27
school,,27.726112937841478,85.36912832733222,66.37
school,,27.725931784112042,85.36902235762567,79.66
school,,27.72601320001321,85.36917980000574,184.81
school,,27.724463683419994,85.3664288969533,274.14
school,,27.722570849992803,85.36783500001802,87.94
school,,27.72280095122466,85.36784166261806,197.5
school,,27.723069050722533,85.3680254741191,130.77
school,,27.722765353153505,85.3679106015348,101.41
school,,27.721974322495928,85.36795898477648,160.42
school,,27.722077483082145,85.36778699989553,192.23
yes,,27.72221023826164,85.36789604492516,84.54
college,,27.721586836096904,85.36885814321126,231.71
yes,,27.72398925173529,85.37060807301563,127.18
school,,27.724359050007646,85.37070669999846,69.96
school,,27.724163453409023,85.37047798635113,277.14
school,,27.72315273504402,85.37116241475005,214.05
school,,27.723186269171308,85.37122887938777,111.49
school,,27.72505573340347,85.37452411700185,234.64
school,,27.725418749993768,85.37451950005084,159.98
school,,27.725418799446718,85.3743290400513,149.39
school,,27.72073811637658,85.3725126803478,105.08
school,,27.720747520562462,85.37264801557865,143.48
school,,27.721077500964892,85.37260758206898,27.01
school,,27.7250018305737,85.37581818381476,56.32
school,,27.72518100861121,85.3757024219071,108.03
school,,27.725131708988624,85.37540027994245,104.81
school,,27.724956622324484,85.37542589993579,133.8
school,,27.728967208507886,85.35840653207774,92.15
school,,27.73093944532525,85.35878330354747,248.96
school,,27.731311572856786,85.35983379157611,732.38
school,,27.73216386831325,85.35920875220503,171.76
school,,27.730938177090607,85.35861481048572,74.84
school,,27.73076411780749,85.35832022473225,94.87
school,,27.728988174753013,85.35833973297844,70.03
yes,,27.73142458933612,85.35962974040001,59.67
school,,27.732484916524516,85.35876904935148,88.54
school,,27.73454361453373,85.36232753849823,181.7
school,,27.734339285969284,85.36267312113759,104.17
school,,27.734694744506335,85.36252045101575,398.09
yes,,27.73044903079702,85.3527821942913,132.84
yes,,27.730872428913276,85.35389534679928,108.16
yes,,27.729102766603372,85.35178400373505,119.08
yes,,27.73094212277308,85.35157186693762,60.95
yes,,27.730368564156926,85.35302857527891,103.98
yes,,27.72952878985302,85.35327377228523,80.02
yes,,27.730020569499157,85.35157309119252,37.59
yes,,27.73080775000508,85.35408269999978,81.91
yes,,27.728536200014513,85.35266344999764,114.04
yes,,27.73010142355003,85.35193353463312,107.27
yes,,27.730491179450322,85.35351854385246,76.08
yes,,27.731924355928975,85.35248436879984,112.12
yes,,27.728288850010266,85.35252849999908,147.3
yes,,27.728524075652317,85.35250486320733,92.21
yes,,27.72900797730206,85.35254783359449,106.15
yes,,27.73027715000722,85.35298445000183,91.49
yes,,27.729615291288052,85.35304037435056,98.02
yes,,27.730627450004164,85.3541033999984,100.18
yes,,27.730301979911257,85.3525812126859,57.83
yes,,27.731003250027925,85.35182749999068,423.46
yes,,27.72961850835141,85.35294592564932,102.26
yes,,27.72944062746539,85.3533889346318,73.19
yes,,27.729346134648825,85.35239770479629,101.64
yes,,27.730834450005386,85.353983600001,67.63
yes,,27.73013011369507,85.35324192591919,89.27
yes,,27.732524069067725,85.35363741265287,123.49
yes,,27.729982950000345,85.35338624999801,99.47
yes,,27.73168818276651,85.35265686549513,130.81
yes,,27.730180730293682,85.35355428841729,175.93
yes,,27.73092752043725,85.3536676650748,115.08
yes,,27.730406400004576,85.35290239999499,128.25
yes,,27.729423100007025,85.35311304998281,133.32
yes,,27.729978849996407,85.35326764999324,158.32
yes,,27.728424200006057,85.35252914999943,95.95
yes,,27.730245275235923,85.35210650944566,180.08
yes,,27.730727100009226,85.35436300000308,109.65
yes,,27.733147943552396,85.3545459125135,114.9
yes,,27.730409352491687,85.35336608185045,83.9
yes,,27.728688098021234,85.35245298221797,129.04
yes,,27.729921870369,85.35296314110919,159.41
yes,,27.731214571245005,85.35165477477057,74.37
yes,Dibya Complex,27.71291784999336,85.35961479999968,149.72
school,,27.730257649701873,85.35611658701318,662.58
school,,27.730608760372057,85.3561323776425,135.52
school,,27.73029233197882,85.35583909305574,180.79
school,,27.729474765242276,85.35442650715373,181.62
school,,27.730899968774967,85.35239061700703,281.14
school,,27.729298953288392,85.35462475830927,175.47
school,,27.728377000004233,85.35470634999633,132.03
school,,27.7273789820475,85.34965793956766,25.96
school,,27.727278077079124,85.34957344117139,133.86
school,,27.7284752500068,85.35473715000072,88.79
school,,27.726613477349694,85.35324014628945,209.46
school,,27.726672193010707,85.35297675575612,64.88
school,,27.719132880862105,85.37544249981582,364.01
school,,27.718874378165506,85.37537325428703,63.75
school,,27.719627807071245,85.37575762756694,656.61
yes,Chinese People Hospital Private Limited,27.720426369739787,85.36181910282531,127.23
school,,27.72648983047968,85.35630603422352,185.86
school,,27.726234658007353,85.35576287318746,74.26
school,,27.727015845508912,85.35688086594595,52.45
school,,27.72698830011471,85.35698049736672,80.59
hospital,,27.721615750000463,85.3766659999994,88.42
school,,27.721444400004334,85.37585334999423,146.3
school,,27.721631458285803,85.37611018757063,223.85
hospital,,27.721602536996574,85.37654541110962,154.82
hospital,,27.721417500021353,85.37651620004748,117.78
school,,27.721419408028975,85.37599506834857,236.88
yes,,27.71289731853365,85.36009513580413,19.52
yes,,27.713051168903803,85.35977527454284,51.82
yes,,27.732539119982622,85.36018713915006,83.67
yes,,27.732544496037004,85.36794619383195,102.01
yes,,27.733137753134667,85.36077978225224,106.64
yes,,27.73433422890895,85.36117729207668,117.74
yes,,27.731088870057217,85.36880774768916,90.03
yes,,27.730664150004614,85.36151099999749,92.43
yes,,27.731681700004373,85.36080434999879,64.4
yes,,27.731187593515564,85.36195904825249,87.93
yes,,27.732981300007037,85.3608297500072,99.11
yes,,27.73052126698172,85.36002450156374,120.21
residential,,27.73345349094901,85.3639259272181,135.72
yes,,27.733412350005498,85.35993619999937,120.44
yes,,27.733225639263793,85.36288517786134,105.01
yes,,27.733764249998316,85.36651869999973,40.07
yes,,27.73208834591038,85.3679198470329,81.38
residential,,27.73389493271528,85.36335892524264,102.84
yes,,27.733559900002106,85.36135054999185,94.37
yes,,27.73128665566765,85.35951997793276,85.8
yes,,27.732899992313218,85.36149827304317,85.49
yes,,27.732349796555635,85.36113533564519,78.47
yes,,27.734477200004203,85.36110609999929,84.27
yes,,27.734607283527005,85.3611659089076,62.26
yes,,27.73228306366606,85.36794909079161,62.64
yes,,27.733016450008066,85.36068550000526,107.01
yes,,27.730705400002982,85.36139964999357,86.8
yes,,27.732929855052635,85.3607735149132,71.87
yes,,27.730732307114593,85.35951537926736,97.1
yes,,27.732712084779248,85.36752797224258,209.45
yes,,27.73361655000366,85.36156814999818,69.51
yes,,27.73056970127519,85.36867048285012,89.94
yes,,27.730711850254217,85.36068393329293,77.21
yes,,27.731338603124975,85.3603910303196,60.89
yes,,27.734576855643326,85.3612290822321,71.66
residential,,27.733393050016453,85.36362325000566,116.58
residential,,27.734076200830984,85.35971353324442,95.97
yes,,27.73193485000206,85.35973704999259,94.64
yes,,27.731877300002196,85.36917039999749,20.47
yes,,27.731747520125097,85.359843255223,117.96
yes,,27.731804968199036,85.360796504819,117.82
yes,,27.733505280736782,85.36052613353216,114.48
yes,,27.731554165968795,85.36217390923684,110.9
yes,,27.732601811252508,85.36007317130667,44.89
yes,,27.731262600006964,85.36854669999971,80.8
residential,,27.733413846782256,85.36332518956551,58.59
yes,,27.733343100008483,85.3610347500032,107.04
yes,,27.732801000002926,85.36148034999947,66.86
yes,,27.730006825055295,85.359711716182,41.85
yes,,27.731375140589215,85.36854464624847,116.73
yes,,27.73250900000002,85.35975549998452,110.1
yes,,27.73085905000575,85.36173585000437,66.04
yes,,27.733026299998503,85.36152209999271,152.81
yes,,27.732812094884316,85.36774212007181,131.2
yes,,27.73103565945162,85.36168534067352,91.39
yes,,27.73469315586629,85.36137138111573,77.7
yes,,27.731047470692143,85.35977439149023,74.87
yes,,27.732030078447405,85.35952709389696,158.41
yes,,27.73013952737354,85.35968728410268,123.81
yes,,27.734235586763514,85.36292332757509,102.18
yes,,27.73209360086328,85.36771223356132,60.49
yes,,27.734384442311907,85.36107867214156,66.29
yes,,27.73411463297035,85.36081428383129,75.69
yes,,27.73060300520694,85.35958882967816,100.75
yes,,27.73317261705499,85.36132415201673,126.36
yes,,27.734316350002988,85.36133379999863,76.63
yes,,27.73259495398538,85.36086466640452,116.07
yes,,27.73147213323098,85.36062669846828,61.48
yes,,27.733028754272322,85.3608926151086,80.83
residential,,27.733326672463907,85.36399029123335,134.76
yes,,27.732108437068714,85.36797769894328,48.1
yes,,27.73223420000381,85.36039909998904,98.44
yes,,27.733268355670695,85.36572180087913,92.13
yes,,27.733621680148286,85.36639850304473,117.99
yes,,27.73430238538558,85.36629339805741,54.75
yes,,27.73065818671452,85.36076940459958,100.06
yes,,27.73085197934948,85.35984344048504,83.59
yes,,27.73347945000625,85.36588685000707,63.75
yes,,27.73386114701794,85.36068566689285,95.24
yes,,27.7340635036717,85.3666011834943,69.16
yes,,27.73214490000701,85.36259870000163,73.94
yes,,27.73226725000976,85.36011550000502,100.75
yes,,27.732681396743697,85.36796466659608,107.54
yes,,27.732471852662208,85.36029133503037,78.07
yes,,27.71678303095505,85.3569930897934,78.78
yes,,27.716607920874992,85.35684253234622,282.01
yes,,27.71354145001954,85.35948689999819,142.29
yes,,27.71295715000682,85.36148999999939,51.09
yes,,27.71277246224107,85.36230073025065,79.33
yes,,27.713821086978097,85.35924284792489,139.52
yes,,27.716563088596505,85.36126232381496,253.56
yes,,27.714372693785403,85.35904451021653,118.41
yes,,27.71325075000019,85.35896504999971,80.89
yes,,27.714318572899103,85.359288376899,91.68
yes,,27.714110475167733,85.35977589344316,180.45
yes,,27.712798409913496,85.36186912945972,115.18
yes,,27.712777400001986,85.36219004999924,185.55
yes,,27.71379897449328,85.35964408868168,146.54
yes,,27.71595665542528,85.35883532391779,61.25
yes,,27.71277835000148,85.36132239999958,97.2
yes,,27.713527004120362,85.35987682511137,72.98
yes,,27.713216855016178,85.361423475158,105.32
yes,,27.71404094613297,85.35855677133263,201.69
yes,,27.713082462770895,85.36097536016435,195.18
yes,,27.7185973236775,85.35398764310173,165.41
yes,,27.718700929640313,85.35401367925485,86.05
yes,Tise Guesthouse,27.722406696929227,85.35838175061753,191.25
yes,,27.7212160913975,85.36073527150019,298.37
yes,,27.719107950003966,85.35472250000059,75.16
yes,,27.724312141721878,85.35907583048382,140.19
yes,,27.722756577752865,85.3586213887667,179.27
yes,,27.723373948522724,85.3588587313192,159.05
yes,,27.72368169495416,85.35919188728883,230.56
yes,,27.72324822085189,85.35938186422935,88.78
yes,Rokpa Childrens Home,27.7241227410901,85.36141170492296,351.2
yes,,27.724397472351573,85.36121971697658,142.76
yes,,27.718999549969528,85.3641761999575,217.38
yes,,27.72155261277418,85.36552695631504,927.26
yes,,27.72138965870798,85.36525551625124,139.12
yes,,27.71800994452865,85.36393251417391,95.32
yes,,27.71880262075783,85.36412215596968,139.95
yes,,27.723857719031447,85.3611789286485,208.65
yes,,27.714614157984,85.36247190583353,83.49
yes,,27.71793721799944,85.36463920351063,95.22
yes,,27.71405384709452,85.36321513329464,82.51
yes,,27.715640850003656,85.36330399999868,48.09
yes,,27.716325204928943,85.36230607567055,59.9
yes,,27.71430335001167,85.3636313499998,103.96
yes,,27.714398750010073,85.36330269999908,65.56
yes,,27.714575500010117,85.36265259999843,104.15
yes,,27.71574802819936,85.36296864059713,43.72
yes,,27.716108253066785,85.36170340206748,87.57
yes,,27.714401250009736,85.3635232499991,49.29
yes,,27.71416311916834,85.36360425733346,75.02
yes,,27.71490883624503,85.36184524881558,130.59
yes,,27.71570005001234,85.3611628999986,70.72
yes,,27.71533381780869,85.36375758394863,154.96
yes,,27.715499388591724,85.36279036737584,78.46
yes,,27.717255756685454,85.36474407592765,128.32
yes,,27.71544316708938,85.36390775138287,94.01
yes,,27.715539395925084,85.36272290640164,92.66
yes,,27.71494770072052,85.36367666629306,71.3
yes,,27.71524445541863,85.3630435280147,82.28
yes,Prakash Dahal House,27.713519177965875,85.36093358829484,102.4
yes,,27.715609602893757,85.36293556163399,104.35
yes,,27.715326689869926,85.36253839350157,122.93
yes,,27.71509575000614,85.36379465000059,90.61
yes,,27.715307100005948,85.36298240000256,102.68
yes,,27.713339753370636,85.36371437571347,123.27
yes,,27.715328866275343,85.36272975246075,73.06
yes,,27.713511849993537,85.36350600000038,156.99
yes,,27.715153136790075,85.3638898754287,110.96
yes,,27.71341142521931,85.36302849326535,98.81
yes,,27.71426689193715,85.36416494591931,98.01
yes,,27.718303986739937,85.36481884655248,255.14
yes,,27.715250279540815,85.36288413679196,68.54
yes,,27.714284600002568,85.36283969999972,74.23
yes,,27.71323373006971,85.36107996208564,156.51
yes,,27.71759315000278,85.36418419999717,103.99
yes,kids heaven kindergarden school,27.713421274774436,85.3625927616759,159.22
yes,,27.71276630000231,85.36332919999938,140.69
yes,,27.714243250012842,85.36389059999891,186.56
yes,,27.714463302075913,85.36286247636924,102.43
yes,,27.715705208847996,85.36144692510383,279.33
yes,,27.714303300002506,85.36350969999937,54.94
yes,,27.714504395150556,85.3632952732863,126.06
yes,,27.713252944634366,85.36048839182921,62.13
yes,,27.718174292269147,85.36507896740942,201.62
yes,,27.714264465198696,85.3575078657478,70.55
yes,,27.71438194033761,85.35731562351168,135.77
yes,,27.714177421280752,85.3574690591382,58.48
yes,,27.71372580000253,85.35557954999976,50.52
yes,,27.713257463400787,85.35476780648546,154.85
yes,,27.71451260000096,85.35302044998977,105.81
yes,,27.715953115346828,85.35311266537494,117.04
yes,,27.712900054823756,85.3542156779476,50.74
yes,,27.713421454413464,85.35538992971995,82.34
yes,,27.7155722775489,85.35326374089142,59.99
yes,,27.713435750956812,85.3551048449836,149.24
yes,,27.715456584806436,85.35316372218637,66.9
yes,,27.71289279284751,85.35534187080891,97.67
yes,,27.713881607699616,85.3551047438323,49.32
yes,,27.713612560632747,85.35554588805721,121.9
yes,,27.713102949444053,85.35529720605419,85.54
yes,,27.71300495003157,85.35526292719136,140.23
yes,,27.712846949997417,85.3543109499925,100.3
yes,,27.713153406129518,85.35505837885025,75.32
yes,,27.7135518025938,85.35545625142463,113.49
yes,,27.71396443008825,85.35511241175077,106.07
yes,,27.71376245300379,85.3551695407785,121.62
yes,,27.712945589711747,85.35487697072494,96.25
yes,,27.713703360538595,85.3557058961413,143.78
yes,,27.713590683028226,85.35454500742824,129.61
yes,,27.715951786801778,85.35299753673797,134.56
yes,,27.71448365051791,85.35319459905953,166.82
yes,,27.71400195656967,85.35521139077407,90.13
yes,,27.713364580454062,85.35456695965284,163.36
residential,,27.713813221000574,85.35307261313406,115.7
residential,,27.714259750004317,85.35231300000724,132.52
residential,,27.7140366000041,85.35219979999945,85.27
yes,,27.714938195179716,85.35237680887052,103.16
residential,,27.713664344231738,85.35302304542253,81.28
residential,,27.713985787699727,85.35235552638274,115.46
yes,,27.713528993625104,85.35278060386642,97.77
yes,,27.714399779862262,85.35244181187753,81.63
residential,,27.71359480000776,85.3526555499944,118.72
residential,,27.71459847815801,85.35226653491341,120.09
yes,,27.7151328464276,85.3524041260215,268.24
yes,,27.71417500757491,85.35442462233327,155.01
yes,,27.714286876196283,85.3524894858991,147.31
yes,,27.713706800007966,85.35319895000035,150.26
yes,,27.714177750006012,85.35422184999939,99.26
yes,,27.715110018241436,85.35515499522744,86.18
yes,,27.714286824046535,85.35424611413885,68.9
yes,,27.71523820000752,85.35506289999994,109.37
yes,,27.715430899218354,85.3556713787755,105.36
yes,,27.71954873574111,85.3570095727024,114.96
yes,,27.714273300004564,85.35389905000008,66.07
yes,,27.71495335000143,85.35408909999877,48.03
yes,,27.716507523300855,85.35337020860275,134.67
yes,,27.71587245480757,85.35462201886659,88.66
yes,,27.71698135000622,85.3535950500005,89.08
yes,,27.713884248539088,85.35376295463358,91.64
yes,,27.71728435000363,85.35328004999937,70.45
yes,,27.717681450009852,85.35318265000275,89.81
yes,,27.719191346295013,85.35239496104552,148.14
yes,,27.719572750004957,85.35260060000003,66.93
yes,,27.721747650001262,85.36031814999703,114.91
yes,,27.716562749987183,85.35352199423983,166.37
yes,,27.71573829153173,85.35444353608766,50.91
yes,,27.717312151305464,85.35343032014983,156.38
yes,"Mega Bank Limited, Chuchepati",27.719154657212222,85.35212805964215,212.18
yes,,27.71923662190075,85.35143795480427,97.5
yes,,27.716791100007455,85.35333414999992,97.02
residential,,27.71365445000241,85.35278324999551,45.84
yes,,27.722961583479588,85.3611295898713,146.32
yes,,27.71635778046123,85.35663017709147,80.84
yes,,27.717500323670155,85.35344360852598,104.52
yes,,27.71714919999969,85.35337449999432,88.97
yes,,27.723368852574882,85.36111058958626,158.51
yes,,27.71596387168171,85.35560516000587,145.17
yes,,27.717617006364105,85.35339492742757,150.8
yes,,27.714710102065776,85.35537075216138,107.84
yes,,27.714500221370816,85.35506690598251,98.35
yes,,27.716676800008564,85.35337429999917,150.29
yes,,27.714808956042006,85.35512342874628,118.8
yes,,27.715548683210287,85.35458075784719,128.5
yes,,27.717616089961346,85.35327682145027,101.55
yes,,27.714773202727713,85.35524458936335,101.95
yes,,27.719471770151237,85.35271034505786,142.36
yes,,27.71721870000199,85.35368499999436,117.05
yes,,27.713974452505177,85.35375135456691,113.9
yes,,27.71567155000332,85.35471614999709,85.86
yes,,27.714594063852267,85.35535295474601,104.79
yes,,27.72153243497162,85.36027080376765,196.63
yes,,27.71727820851423,85.35700858058844,99.45
yes,,27.717742238206828,85.35261645812307,105.7
yes,,27.72145774969981,85.36013898907,121.48
yes,,27.71677704574839,85.35348427214616,119.54
yes,,27.713876150016343,85.35361304999601,123.79
yes,,27.717112098355145,85.35387028362264,98.25
yes,,27.71399381653791,85.35398471679278,66.73
yes,,27.716941727894667,85.35374060297836,103.01
yes,,27.722957915156762,85.36077867912483,125.01
yes,,27.722875367159293,85.35893480786027,135.7
yes,,27.722861169959167,85.36032882266987,100.74
yes,,27.716941301752136,85.3550171438636,238.94
yes,,27.713731238228377,85.3622554739592,75.43
yes,,27.71688175000591,85.35291990000091,65.99
yes,,27.717452775499105,85.35252651236738,136.56
yes,,27.717217400006238,85.35608740000009,95.83
yes,,27.713725626206294,85.36199864565043,71.13
yes,,27.716755050011532,85.35281075000037,112.55
yes,,27.717618699746637,85.35261660167458,55.18
yes,,27.713318697728404,85.36260339543215,138.72
yes,,27.716962221876944,85.35264141253496,171.52
yes,,27.7173594813802,85.35225937548768,96.71
yes,,27.71713765000422,85.35249209999905,79.5
yes,,27.717152643169424,85.35474520342822,72.56
yes,,27.717067554687713,85.3524645302414,72.12
yes,,27.717032191215665,85.3523386734353,81.86
yes,,27.716881500005734,85.35603914999973,93.18
yes,,27.714434550013078,85.36171164999887,84.7
yes,,27.71865427796299,85.35427292065816,197.93
school,New KIDS Home,27.716768048617478,85.35430531709697,149.11
yes,,27.717154220942877,85.35239085608099,71.49
yes,,27.71818329947128,85.35400390188146,205.78
yes,,27.714295509480944,85.36143161663642,74.76
yes,,27.718489569538434,85.35396824064514,104.84
yes,,27.71668320480348,85.35320857828971,136.58
yes,,27.71688153862056,85.35641718663368,46.43
yes,,27.713728809146907,85.36187816210293,135.25
yes,,27.71699320001899,85.3528623000053,135.48
yes,,27.716812422920732,85.35314159656319,138.3
yes,,27.714316818727653,85.36101852665578,172.14
yes,,27.7137693259598,85.36266913834399,46.71
yes,Nagarik Bazaar,27.714075550012602,85.36175534999988,107.28
yes,,27.716956300002817,85.35308854999778,91.11
yes,,27.71684900000437,85.35441199999778,76.34
yes,,27.718165796557113,85.35425114254248,169.79
yes,,27.71388500593641,85.36262843646679,166.86
yes,,27.716879266597292,85.3528000831548,76.49
yes,,27.717415025824284,85.35266608484883,101.75
yes,,27.714299574387496,85.36166685477038,156.47
yes,,27.71714635000608,85.35289285000025,89.32
yes,,27.717174800003985,85.35623429999951,72.18
yes,,27.717279497426272,85.35205805587985,29.44
yes,,27.714445429538923,85.36055863822854,195.37
yes,,27.717138670021086,85.35750491686166,80.0
yes,,27.718962755092097,85.3577573305602,132.7
yes,,27.71324115487859,85.35356589348974,85.6
yes,,27.712702858040412,85.35309539873812,95.04
yes,,27.714462752991803,85.35772694280536,59.84
yes,,27.71287909197145,85.35328762760986,106.15
yes,,27.7129437146996,85.35232865789187,69.03
yes,,27.714823498292727,85.35568193381063,189.62
yes,,27.71381970520962,85.3540613257723,93.2
yes,,27.71296724143526,85.35170776790979,130.44
yes,,27.714680000014148,85.3548441000028,118.46
yes,Astrologer Pandit Ojaraj Upadhyaya Lohani,27.713534331493264,85.35072442323721,88.3
yes,,27.71269699699914,85.35201186831478,72.27
yes,,27.71336788255253,85.35145843382818,120.49
yes,,27.712774496048436,85.35368686989409,99.13
yes,,27.712775088559777,85.35221893193726,85.77
yes,,27.715080316683938,85.35565210218162,75.18
yes,,27.714554383103202,85.3548954461806,85.76
yes,,27.712780302358603,85.35299704292387,102.57
yes,,27.712971113923082,85.35216457616404,91.93
yes,,27.717230269280634,85.35727295930184,151.16
commercial,Vantage Tel PVT. LTD,27.71288240000366,85.3515107499943,100.13
yes,,27.713526205283056,85.35157545857258,132.97
yes,,27.71392494496562,85.35336587926513,156.65
yes,,27.712919897412238,85.35382646878945,135.03
yes,,27.714760555820668,85.3555662322797,44.71
yes,,27.712972756247936,85.3513943005643,76.73
yes,,27.713398805287447,85.3517851974876,80.88
yes,,27.712997718158565,85.35313754040288,161.93
yes,,27.71323332604296,85.35127339248467,120.49
yes,,27.713547118301978,85.3513265590138,58.96
yes,,27.712924755057514,85.3537191553774,119.92
yes,,27.712996158111434,85.35251415509552,96.68
yes,,27.71267664814522,85.35215162520592,81.75
yes,,27.71284894515652,85.35210213482279,76.95
yes,,27.713582528007993,85.35363426190202,92.55
yes,,27.713501859228725,85.35212100443222,211.82
yes,,27.71316242534545,85.352858000589,92.19
yes,,27.713603139679915,85.35099039451643,153.17
yes,,27.713095231126207,85.35375918682986,101.44
yes,,27.71275433073699,85.3528737406914,94.12
yes,,27.712787650005165,85.3520733500023,52.32
yes,,27.71337067616165,85.35161165649986,135.7
yes,,27.71472360000468,85.35581615000018,83.8
yes,,27.71351094553082,85.3519594568775,195.63
yes,,27.712797567807897,85.35380298731661,135.21
yes,,27.71323136007195,85.35393289262359,126.75
yes,,27.713369943404963,85.35035780347073,71.61
yes,,27.71469906789898,85.3556435919552,69.92
yes,,27.71306341574428,85.35256117372047,115.73
yes,,27.713534400001556,85.35146624999707,165.59
yes,,27.71279657184223,85.35171169426388,96.63
yes,,27.714515400003368,85.35519364999487,69.69
yes,,27.71378922207925,85.35331113248479,91.1
yes,,27.71481067747585,85.35545975982888,115.61
yes,,27.713886150001564,85.35392880000025,95.54
yes,,27.713232900013967,85.35145279999998,184.85
yes,,27.713018592076928,85.35235894088954,89.52
yes,,27.713699167329967,85.35338666581984,166.16
yes,,27.712807616906353,85.35257880425449,116.06
yes,,27.71465625002017,85.35508845001048,179.5
yes,,27.71322198820932,85.35088752211408,115.72
yes,,27.714500697688536,85.35468240179823,75.58
yes,,27.71971222614341,85.35681123502945,197.28
yes,,27.714371421583824,85.35452030842313,38.18
yes,,27.714827056470234,85.35455881132616,81.01
yes,,27.71459499669058,85.354741219624,153.55
yes,,27.719572484823,85.35618651370922,54.24
yes,,27.717903154363164,85.35513453561612,253.54
yes,,27.719553782637085,85.35608917148683,112.22
yes,,27.714851620350853,85.35503360413487,44.16
yes,,27.717898187546652,85.35579934337525,185.11
yes,,27.717427312266448,85.35445843526709,211.03
yes,,27.719276633568008,85.35681634203132,145.69
yes,,27.714967850003255,85.35477449999932,57.2
yes,,27.71784560894331,85.35544925604711,187.82
yes,,27.713876629285572,85.35422176307665,126.4
yes,,27.71429450952472,85.35458927204378,117.03
yes,,27.71643487044107,85.35430807469113,170.26
yes,,27.719351073308665,85.35646290810276,179.26
yes,,27.714386600014603,85.35466025000463,59.08
yes,,27.71396111835697,85.35411849009512,123.27
yes,,27.7260277404093,85.3477711712646,78.51
yes,,27.726029146694714,85.34769259504958,47.75
yes,,27.72425224906442,85.34782091644689,99.12
yes,,27.725456306106512,85.34782127955633,113.1
yes,,27.724213294614046,85.34749987026741,168.45
yes,,27.724674999408506,85.3475675595416,91.92
yes,,27.726256782620347,85.3477760917889,46.91
yes,,27.72622939999966,85.34785449999302,82.54
yes,,27.726047294120406,85.34790645460225,127.55
yes,,27.71843819951508,85.34746461677605,211.03
yes,,27.718474871125963,85.34767920796665,66.79
yes,,27.723281521998178,85.34741736603304,109.62
yes,,27.7212330580761,85.34732209856999,164.96
yes,,27.72315150004717,85.34793894999662,121.13
yes,,27.723381055227154,85.34731627820352,120.31
yes,,27.723419007734268,85.34718988027113,71.92
yes,,27.7228382499943,85.34741884999993,243.91
yes,,27.721022121494183,85.3477145619981,153.19
yes,,27.72301860719328,85.34760709544338,94.89
yes,,27.72219004679178,85.34795263001621,35.26
yes,,27.723886706207445,85.34817033941201,205.68
yes,,27.722067114233678,85.34808299032211,124.62
yes,,27.72220725527404,85.34789038623569,45.99
yes,,27.724258929714722,85.35001572916275,162.67
yes,,27.724293173066577,85.34954313803995,312.49
yes,,27.72446084277598,85.34973002628072,193.68
yes,,27.72332192612057,85.34952509168374,127.72
yes,,27.724306945646173,85.35019072741225,166.23
yes,,27.724461640857342,85.3499191190507,138.52
yes,,27.7220826187074,85.34798816279523,98.23
yes,,27.72218740406481,85.34804911359232,123.21
yes,,27.724411627787987,85.349549943772,239.0
yes,,27.722333380115536,85.34872402472904,119.42
yes,,27.72211518262127,85.34781358888027,82.53
yes,,27.7222311491255,85.34781253957631,87.54
yes,,27.72293732166525,85.3489078981646,59.76
yes,,27.721745030218287,85.3480493801666,142.3
yes,,27.721454414833673,85.34792784200685,242.03
yes,,27.72189701456038,85.34798885178675,116.0
yes,,27.721118367759363,85.34722952558784,288.21
yes,,27.720821100010127,85.34722665000183,82.57
yes,,27.720669053724915,85.34774894079574,109.86
yes,,27.721045280507433,85.34748566844779,136.66
yes,,27.7199231500041,85.34735494999933,85.39
yes,,27.719846648406257,85.34722324968595,104.6
yes,,27.719889716899523,85.3470473276332,73.91
yes,,27.721106685266523,85.34740187148053,107.72
retail,,27.718597178444785,85.34914628744067,253.6
yes,,27.719261528348195,85.34706241206825,101.59
yes,,27.71928061634481,85.34919401306001,97.02
yes,,27.71915430432563,85.34762027903238,109.53
yes,,27.71943054941557,85.34790099550676,95.49
yes,,27.719300347768343,85.34907027285915,113.39
yes,,27.719772708982223,85.34836887769218,76.36
yes,,27.719216709837955,85.34781572603985,151.36
yes,,27.71871696794722,85.34725936894363,38.49
yes,,27.719110050002,85.34933039999896,107.61
yes,,27.71966539484832,85.34690396176393,55.23
yes,Everest Dental Clinic,27.718824109188752,85.3471540816439,128.1
yes,,27.719484908482578,85.34870517268436,286.02
yes,,27.719061300007496,85.34916489999966,101.84
yes,,27.7197079500192,85.34721470001062,95.38
yes,,27.718865984118064,85.34927861795121,168.0
yes,,27.72055695000138,85.3468941999957,22.32
yes,,27.718676765378817,85.34933950448291,90.37
yes,,27.718857588163946,85.34950299780343,37.92
yes,,27.72035350743966,85.34712225928367,244.78
yes,,27.719500206666375,85.34927227832887,102.26
yes,,27.719586900006707,85.34808450000106,48.49
yes,,27.719489460520908,85.34743209982902,63.46
retail,,27.71849704930008,85.34901031657523,32.0
yes,,27.71949226275086,85.34884442062415,166.38
yes,,27.719238800005826,85.34931859999932,106.89
yes,,27.719312011485965,85.3474247332756,82.41
yes,,27.719492595320055,85.3482106462787,88.94
yes,,27.719143700009663,85.3490981499992,81.95
yes,,27.7191525740821,85.34948817659647,108.39
yes,,27.71924909238352,85.34720518266136,70.05
yes,,27.719491789007822,85.3489912372168,225.47
yes,,27.719455205062104,85.3494528774751,137.48
yes,,27.718759040201842,85.3494675278791,74.17
yes,,27.71977126468909,85.34703497744415,153.13
yes,,27.71893220547591,85.347367980062,124.77
yes,,27.71888530654593,85.34822231244372,69.98
yes,,27.718936152288435,85.34748777007204,134.35
yes,,27.71918373515218,85.34732477296353,112.74
yes,,27.71940649463208,85.34748253009754,48.01
yes,,27.71895347035387,85.34724197639993,197.36
yes,,27.71993319727723,85.34825841350988,97.8
yes,,27.725147529923785,85.34755096745802,60.59
yes,,27.724309350005147,85.34791285000597,87.36
yes,,27.72454788749942,85.347898169186,104.32
yes,,27.724360565978998,85.34798505279784,88.31
yes,,27.72442765550028,85.34805396579578,39.42
yes,,27.727771778557965,85.34910229084117,78.38
yes,,27.727543250000462,85.34884174999554,68.36
yes,,27.727808799999067,85.3488228499973,63.36
yes,,27.72768250812877,85.34899052690277,104.96
yes,,27.727721050001318,85.34872979999724,91.94
yes,,27.727831734288408,85.34868001835191,98.09
yes,,27.727291299999422,85.34845539999796,89.31
yes,,27.72773735000228,85.34860969999673,97.76
yes,,27.727695528928358,85.34885783627401,126.41
yes,,27.727560269685902,85.34877385472628,58.3
yes,,27.72730403542528,85.34828516724082,20.7
yes,,27.72781879999808,85.348760549997,55.18
yes,,27.727801078848188,85.34900508694885,47.03
yes,,27.72751599999821,85.34849789999222,77.73
yes,,27.727813700004372,85.3489152500001,60.98
yes,,27.7276219840965,85.34846813147408,55.96
yes,,27.727972538864638,85.34870223506618,68.07
yes,,27.725010298463467,85.34737904096912,144.56
yes,,27.72565286565304,85.3487963753088,112.85
yes,,27.725967579534732,85.34806464367263,98.77
yes,,27.72551140883241,85.34852044835402,117.16
yes,,27.725593850004742,85.34853849999956,83.02
yes,,27.725813405880334,85.34848102871982,131.56
yes,,27.72551065882648,85.34863941347078,99.79
yes,,27.725497483946008,85.34878991053567,140.44
yes,,27.725772340681647,85.34861922473972,113.95
yes,,27.72619791079658,85.34796199379188,97.29
yes,,27.728469626171364,85.349723057226,80.41
yes,,27.728408800011096,85.34964545000305,93.98
yes,,27.72960938263521,85.34987152626853,0.77
yes,,27.729817250009095,85.35044720000252,90.03
yes,,27.729243491900846,85.35133421977707,112.68
yes,,27.72938925505278,85.35143057952564,180.15
yes,,27.729270300008853,85.35050735000047,120.64
yes,,27.729202899998295,85.35076529999664,64.72
yes,,27.72924597810857,85.35173314354692,123.28
yes,,27.729496917792847,85.3519059590644,164.87
yes,,27.72930837543646,85.35038929252599,73.62
yes,,27.729431894994573,85.35072857064388,106.32
yes,,27.72890164586938,85.35103322133565,135.66
yes,,27.729614764876874,85.34993438488884,87.91
yes,,27.729412900010875,85.35185165000394,118.5
yes,,27.729042179161183,85.35061833943467,116.2
yes,,27.72886997440174,85.34941941639683,62.25
yes,,27.713646506530146,85.34965390651045,135.52
retail,,27.717811359552403,85.34815206256593,109.39
yes,,27.717765055922854,85.34807386738906,50.96
retail,,27.717622800006726,85.34780339999325,54.39
retail,,27.717869414317025,85.3482411387675,97.8
retail,,27.71771433483478,85.34797689617892,132.23
apartments,,27.717678205616597,85.3473804195133,104.48
yes,,27.71763373411299,85.34934357316972,127.78
yes,,27.717835146926998,85.3491597388839,157.87
yes,,27.71399897366832,85.35039927917687,111.15
yes,,27.714577500007472,85.35037820000548,88.56
yes,,27.714237411306268,85.34993311784443,131.68
yes,,27.714377496405124,85.35049538678643,82.68
yes,,27.714050649609927,85.34996091501694,245.02
yes,,27.714310591779835,85.35073090585217,68.56
yes,,27.714177051675872,85.35059111585281,109.73
yes,,27.71426132678052,85.35019783315445,86.29
yes,,27.713894319243007,85.3503314950705,119.79
yes,,27.713820658289396,85.35010187360848,207.43
yes,,27.71431722221176,85.35056844213686,71.38
yes,,27.714363583430405,85.35065934640613,80.02
yes,,27.71449175000903,85.3504831000087,111.9
yes,,27.714340361566894,85.35027290391525,86.44
yes,,27.714159934967316,85.34985701992025,98.1
yes,,27.714384296584626,85.3502095021159,111.44
yes,,27.71349931235689,85.35054043935544,109.42
yes,,27.713658805283206,85.3503985769768,125.33
yes,,27.71792857156111,85.34883998783724,202.59
yes,,27.718095084559543,85.34905678878914,72.76
yes,,27.7147073655408,85.35056127277717,94.11
yes,,27.71475087888491,85.35069501028596,140.49
yes,,27.71773381052094,85.34877007920734,51.34
yes,,27.71338248020276,85.35065071550851,97.54
yes,,27.71785200030566,85.3483466365646,85.01
yes,,27.7178705257145,85.35005981811972,159.81
yes,,27.717752167912348,85.34836694495597,134.47
yes,,27.718269182541942,85.34923313121709,71.33
retail,,27.717973205325254,85.3487161854001,201.27
yes,,27.71787570763836,85.34853239079926,114.95
yes,,27.7133306418542,85.35045189894193,101.78
yes,,27.71777241555551,85.34859905753645,116.11
yes,,27.717964375982543,85.34949740269143,307.46
yes,,27.715574404764585,85.35021827584447,34.9
yes,,27.71483411410208,85.35052693112944,149.9
yes,,27.714484060740485,85.35077308928648,113.12
yes,,27.714567700416993,85.35069078677297,124.86
yes,Shangrila Journeys trekking & Expedition,27.713427284568876,85.35080819877008,345.84
yes,,27.716449550001634,85.35076839999935,98.85
yes,,27.71351458019485,85.34993473354113,207.02
yes,,27.714960150000017,85.35076945001062,90.5
yes,,27.719618070337447,85.35634385784769,134.12
yes,,27.71938270000535,85.35528015000102,128.87
yes,,27.719535678102172,85.35598010637995,67.37
yes,,27.71938438717785,85.3567766286745,43.52
yes,,27.719238822097132,85.3548695893176,334.79
yes,,27.71956078923035,85.35680358207544,73.01
yes,,27.719385004135287,85.3562252305343,139.1
yes,,27.719054810186723,85.35455238654664,112.19
yes,,27.718952872056445,85.3546889309244,109.95
yes,,27.718611788422283,85.35342262867422,73.19
yes,,27.718943665282403,85.35404955741899,90.43
yes,,27.718809363275643,85.35433301107977,139.54
yes,,27.718597471991526,85.35358645836038,92.73
yes,,27.719154998962647,85.35398397298839,108.95
yes,,27.71862467333421,85.35385634374681,165.39
yes,,27.71872867165811,85.35383275310205,76.3
yes,,27.71919330089384,85.35432663921391,130.73
yes,,27.719080445493955,85.35438001803243,94.34
yes,,27.71881037771613,85.35396308281253,39.14
yes,,27.71856280872781,85.3536775148447,80.96
yes,,27.726597142484053,85.34791100418539,1.34
yes,Bhoj Raj Niwas,27.715196125242546,85.37211566475467,57.46
yes,,27.724535087771883,85.34800852025003,187.99
yes,,27.724252259343736,85.34736762990946,163.12
yes,,27.72501173269128,85.34826800868424,223.33
yes,,27.725238073380112,85.3496960859139,269.73
yes,,27.7275054789779,85.34858574276161,83.6
yes,,27.727466341583582,85.34875357052428,77.49
yes,,27.727452880201458,85.34882809651242,42.91
yes,,27.727487889999466,85.34866442487319,63.05
yes,,27.72615220557979,85.34809278058115,102.69
yes,,27.727321800001818,85.34887944999883,49.82
yes,,27.727340692214746,85.34870317289497,54.74
yes,,27.727287549999378,85.3485346999987,48.78
yes,,27.727333122672327,85.34878965914109,52.73
yes,,27.729453350012868,85.34986840000052,148.26
yes,,27.729272573969634,85.34961036335915,19.01
yes,,27.724058508038105,85.35112742397054,96.43
yes,,27.7239355752129,85.35112439388445,99.83
yes,,27.72440703315477,85.35040443375897,124.87
yes,,27.724719396388775,85.34998902721345,273.24
yes,,27.723832983661833,85.35099958223772,200.42
yes,,27.724558750011305,85.35052394999698,132.41
yes,,27.724673276227183,85.34977299288688,172.27
yes,,27.72464125001225,85.3505085499961,119.29
yes,,27.724601865395226,85.35035011876388,158.87
yes,,27.724315057755923,85.35057302355798,132.07
yes,,27.726581354295412,85.3503165771318,85.78
yes,,27.725877550022673,85.3492972499979,143.22
yes,,27.726004500011605,85.34975090000124,101.72
yes,,27.726878100002935,85.34967979999949,65.79
yes,,27.72592932703898,85.34975008261978,80.82
yes,,27.72680870481978,85.34967062766276,64.62
yes,,27.725926250010684,85.34961319999914,67.01
yes,Laligurans Furniture,27.72600125000113,85.35009894998376,173.31
yes,NMMT,27.72677859997561,85.35005634996674,158.47
yes,,27.726767834136663,85.35013785045352,154.22
yes,Shiva Panchayan Mandir,27.724683634455083,85.34910616806799,46.34
yes,,27.726665699997024,85.34916364999557,55.59
yes,,27.72674670000004,85.34917304999914,31.05
yes,,27.72599364534087,85.34961012521268,99.36
yes,,27.72612948524812,85.34917062388513,70.91
yes,,27.724839300005232,85.34961419999917,125.96
yes,,27.726682750010152,85.34962320000201,71.9
yes,,27.726128650010835,85.34928244999881,107.32
yes,,27.726606871828945,85.34960971018317,101.48
yes,,27.726494599996137,85.3502361999946,76.85
yes,,27.72629622365039,85.34939001651061,176.41
yes,,27.72662870001515,85.3500335500064,65.37
yes,,27.724827525272893,85.349340769073,301.38
yes,,27.72620779932653,85.3501591676345,86.8
yes,,27.726580848051228,85.35002971932211,58.48
yes,,27.72609431837195,85.34999476269766,83.56
yes,,27.72652280000528,85.35013784999904,107.3
yes,,27.726735600013047,85.35035720000087,66.97
yes,,27.72652755000891,85.35000340000224,75.06
yes,,27.726124850010596,85.3501515000014,142.89
yes,,27.72466570000806,85.34930789999984,64.32
yes,,27.726368885024108,85.35021379417833,133.52
yes,,27.72637826639066,85.34916529216723,166.24
yes,,27.725453200271783,85.34938337296096,276.1
yes,,27.724280221290204,85.34927599384042,218.1
yes,,27.72373985000627,85.34823054999931,84.46
yes,,27.723846544867147,85.34839535939443,110.43
yes,,27.723830752452987,85.34858100172998,103.61
yes,,27.72445623457206,85.3491015947062,179.63
yes,,27.723832522433675,85.34829568582782,112.74
yes,,27.72367137652178,85.34823829105189,100.87
yes,,27.72301806164961,85.34853797326095,96.8
yes,,27.72293475000152,85.34899819999936,44.8
yes,,27.723456228485823,85.34694808250632,35.02
yes,,27.723389107043452,85.34694279436637,41.85
yes,,27.72358670000389,85.34719419999959,96.48
yes,,27.723465194014448,85.34907652979533,223.43
yes,,27.723021736269978,85.3486393094646,146.67
yes,,27.722105200013086,85.34832349999594,59.2
yes,,27.722290921947994,85.3469907609121,150.11
yes,,27.722306000009542,85.34729829999927,102.53
yes,,27.72221792411146,85.34825393566065,113.74
yes,,27.722321362842248,85.34824105848867,112.17
yes,,27.72199487992077,85.34765663790687,135.17
yes,,27.722087914606398,85.34824551411957,73.85
yes,,27.721633849191377,85.34746985552812,224.93
yes,,27.72230790041265,85.34682565515524,132.35
yes,,27.722270743036503,85.3471132720033,121.01
yes,,27.721755618864428,85.34761196467996,108.38
yes,,27.72233779076521,85.34781094397984,117.91
yes,,27.72161619740328,85.3470648690144,112.39
yes,,27.7262039000373,85.3492401999967,168.88
yes,,27.720208678274258,85.34686110008502,101.52
yes,,27.720261269308747,85.34699522814697,115.51
yes,,27.72209651883746,85.3468291409812,199.13
yes,,27.720323467254367,85.34693060162385,35.36
yes,,27.720079251291878,85.34719979899961,95.88
house,Gopaju Home,27.718239761646586,85.35314808368835,76.06
yes,,27.711638431487174,85.36861393635753,412.97
yes,,27.71160711598999,85.36837925186693,41.88
yes,,27.711605599992044,85.36817984996296,176.91
yes,,27.712468533121886,85.3661335094614,105.06
yes,,27.711811200001986,85.36742784999483,29.01
yes,,27.71207723838458,85.36678366774316,145.72
yes,,27.71195680000411,85.36744209999749,75.67
yes,,27.71191760000773,85.3672172999805,119.24
yes,,27.711699884994584,85.36683597959409,96.44
yes,,27.712352488329834,85.36720771602005,159.04
yes,,27.712327124550146,85.36780231010619,97.07
yes,,27.712500197984944,85.36718830621977,98.32
yes,,27.71351735259332,85.36830199953503,314.59
yes,,27.713692047016448,85.36833690099192,89.42
yes,,27.713529026460115,85.36890385906045,135.47
yes,,27.713713405646757,85.36889372421466,98.38
yes,,27.71340446904148,85.36885801868415,85.94
yes,,27.713827856056863,85.36880778894252,30.84
yes,,27.714688151972712,85.36966648247203,103.9
yes,,27.713421027172007,85.37103397074804,296.52
yes,,27.713825932035487,85.37078989993186,333.32
yes,,27.713089450015218,85.37174734998952,113.41
yes,,27.713985930682597,85.37162934840569,242.71
yes,,27.71278707178298,85.37061796799819,104.08
yes,,27.712924735945954,85.37063614524962,71.08
yes,,27.712878999995798,85.37107490000786,84.95
yes,,27.712022574556116,85.3654166137182,163.14
yes,,27.712192519962084,85.36597067588525,68.67
yes,,27.712161593156562,85.36590207059636,57.24
yes,,27.71240267575798,85.3665271883421,68.57
yes,,27.712483636221325,85.36637284647833,111.48
yes,,27.71236302830367,85.36677791131213,238.43
yes,,27.71171689805779,85.36642162042682,85.94
yes,,27.711701724977754,85.36651455756304,243.71
yes,,27.71217515000338,85.36664994998699,100.21
yes,,27.712134479781668,85.36651144479274,88.74
yes,,27.71244915001276,85.36681365000824,93.78
yes,,27.712550399300806,85.36688289110727,88.25
yes,,27.712600528768974,85.36764482756172,222.23
yes,,27.712098581638095,85.3675517626251,188.64
yes,,27.71234911824782,85.36701015852091,92.65
yes,,27.71267409999982,85.3664765499941,100.07
yes,,27.71211950063168,85.36729334196505,80.84
yes,,27.71259294990335,85.36597011669538,98.55
yes,,27.71307992541631,85.36600230494679,51.44
yes,,27.71290210000489,85.36611784997737,81.39
yes,,27.712969541091223,85.36625693530858,56.8
yes,,27.71316112328751,85.36663200354612,114.27
yes,,27.712896462865697,85.36790619590543,85.4
yes,,27.71265909831362,85.36747398088728,174.76
yes,,27.71281440000745,85.36802500000654,66.21
yes,,27.712766950006042,85.36811340000459,60.04
yes,,27.712721467682414,85.3682108071488,66.71
yes,,27.712229057292046,85.36796364765753,62.9
yes,,27.71210691671692,85.36799856590648,105.36
yes,,27.71235134999271,85.36811679997967,145.58
yes,,27.713062380250662,85.36698927242435,105.99
yes,,27.712911534190237,85.3673877947694,171.65
yes,,27.712949582218346,85.36754001396467,148.48
yes,,27.712407362902663,85.3691597157426,123.86
yes,,27.71274657748371,85.36915250829033,33.08
yes,,27.71209600110382,85.36889075877089,82.39
yes,,27.712258175513817,85.36931241438838,59.83
yes,,27.712446442415725,85.36943421900553,123.72
yes,,27.71263479607571,85.36947874856837,122.12
yes,,27.712322734347936,85.36895886501604,63.8
yes,,27.71241046678542,85.368594265192,118.62
yes,,27.712365358792503,85.3697537274776,86.63
yes,,27.712904121732336,85.36883198680164,100.24
yes,,27.71308130171119,85.36896407306257,138.21
yes,,27.713075632342832,85.36921076897646,73.61
yes,,27.713192419436663,85.3692654943316,35.43
yes,,27.71309493639623,85.369297713191,55.94
yes,,27.711268999991837,85.36829989999947,93.06
yes,,27.711580850003692,85.36735055000324,51.84
yes,,27.711695927899726,85.36709268485576,76.45
yes,,27.711781880761286,85.36667395126747,68.11
yes,,27.711942678023995,85.36651793817157,101.93
yes,,27.711905433805477,85.36660942767216,96.59
yes,,27.711980197888973,85.36669528588291,72.84
yes,,27.71165257065456,85.36659373050702,239.18
yes,,27.71165101736286,85.36669501111662,28.82
yes,,27.71156074660754,85.36668831880063,165.11
yes,,27.71155724999978,85.36688760000256,35.81
yes,,27.711975700002764,85.3670186499899,68.08
yes,,27.712060395094834,85.36760401059801,93.99
yes,,27.711903868882995,85.36752371249055,115.97
yes,,27.7118553027668,85.36762097816182,152.28
yes,,27.71180160038702,85.36769774783272,94.02
yes,,27.71141475944926,85.36748414167789,369.73
yes,,27.71144167890731,85.367353535986,93.5
yes,,27.71234924013212,85.36733406561419,70.12
yes,,27.718523149999697,85.35086774999728,109.48
yes,,27.717807752769904,85.35112707495249,124.96
retail,,27.718356362298003,85.34936196708838,170.1
yes,,27.718106166394,85.35170166211216,158.1
yes,,27.718679969567027,85.35130064083374,147.83
yes,,27.71823182531373,85.35052198790092,128.74
yes,,27.71859045298772,85.35154563142254,105.41
yes,,27.71778332760698,85.35125240101773,115.26
yes,,27.718123663769173,85.3510452681406,121.91
yes,,27.718244704592188,85.3518799680189,121.51
yes,,27.718223514885228,85.35673483315882,125.63
yes,,27.715638414661004,85.35302813369763,98.99
yes,,27.715856749755723,85.35299552173937,131.61
yes,,27.715814422549148,85.3536618081957,72.52
yes,,27.71801771973061,85.35530487732592,98.97
yes,Worldlink Communications P. Ltd.,27.719126234414386,85.35359632438238,128.72
yes,,27.715748699316197,85.35309703889062,85.96
yes,,27.718389317010864,85.35665803799176,80.01
yes,,27.715665150004654,85.35398635000054,66.16
yes,,27.715744450001644,85.35392674998491,95.98
yes,,27.72129434037633,85.34746180090015,34.71
yes,,27.721186380041477,85.34765440597056,111.22
yes,,27.721235028239654,85.34751291558311,107.66
yes,,27.718915949269846,85.35099089956657,82.41
yes,,27.718891602227256,85.35078627067435,146.21
yes,,27.718982257062514,85.35144561115985,198.63
yes,,27.718463640375347,85.35045264466318,89.0
yes,"Civil Bank Limited, Chuchepati",27.719138891932545,85.3509871082246,97.53
yes,,27.718005804140862,85.35263781195408,123.18
yes,,27.718280937911057,85.35224214741837,173.81
yes,,27.71729849065777,85.35184300128275,75.45
yes,,27.717243769969382,85.35384515874493,106.19
yes,,27.71766705001038,85.35300860000484,70.83
yes,,27.71826399530518,85.35263837067671,84.75
yes,,27.71710396882732,85.3567200667949,128.77
yes,,27.717362112478643,85.35375011363041,98.22
yes,,27.71661375001091,85.3527889000002,110.48
yes,,27.716729056157952,85.35172986616558,102.3
yes,,27.716667050110978,85.35661525120709,91.38
yes,,27.71656400210029,85.35170950250249,191.42
yes,,27.717878484497366,85.35564067558501,79.72
yes,,27.71737701943623,85.3536353604603,65.35
yes,,27.717394493401333,85.35290051966287,115.61
yes,,27.716596078987894,85.35291564222945,91.47
yes,,27.71807095291259,85.35226533436735,132.82
yes,,27.716343149767386,85.3517422501017,129.12
yes,,27.716643428024206,85.35109246200857,126.04
yes,,27.71682966156486,85.35212358700494,142.19
yes,,27.716700650021703,85.3525561499985,111.84
yes,,27.716839202334143,85.35368963111185,97.94
yes,,27.71752004975194,85.35526168925902,101.97
yes,,27.717934143814166,85.35242709055457,234.36
yes,,27.716505700004014,85.35288354999847,90.34
yes,,27.717202678494772,85.35182002556431,99.67
yes,,27.71742839900976,85.35426491212644,94.15
yes,,27.71720268929366,85.35173307294555,81.69
yes,,27.716423349736772,85.35192719736459,67.6
yes,,27.716589342145703,85.35227998007579,141.71
yes,,27.715938974052307,85.35194900572407,106.2
yes,,27.717473240044534,85.3537524209117,60.87
yes,,27.717799049807223,85.35225985061213,75.82
yes,,27.7165194208519,85.3524842598367,144.62
yes,,27.718112599660042,85.35203159310844,133.33
yes,,27.717769301065772,85.350789455757,90.93
yes,,27.71833331920605,85.35271457025326,111.67
yes,,27.71632022119656,85.35207013164035,104.06
yes,,27.717490150008775,85.35180880000189,80.33
yes,,27.71679650000158,85.35242114999038,136.83
yes,,27.718094875686617,85.35265570886743,78.29
yes,,27.718276550002788,85.35209024999666,114.78
yes,,27.71758535002012,85.35292355000792,166.62
yes,,27.71646907903218,85.35668202251577,158.14
yes,,27.717537998071823,85.3551090171275,132.14
yes,,27.71721720733089,85.35451767772624,126.59
yes,,27.71674142745682,85.3562617496278,127.96
yes,,27.71836876939739,85.35089335417072,110.49
yes,,27.717974750007027,85.35648555000019,107.38
yes,,27.717433898920024,85.35330216932715,120.51
yes,,27.71677291306364,85.35162674646494,139.13
yes,,27.717525943781165,85.3562942554941,105.64
yes,,27.716537975335427,85.35188065134655,86.69
yes,,27.71677069874371,85.35366788988429,124.13
yes,,27.716562500001192,85.35301439999583,109.06
yes,,27.71749320324462,85.35203942133218,60.21
yes,,27.71803345454961,85.35141326876806,110.0
yes,,27.717339016534485,85.3551506549314,172.02
yes,,27.718318450004386,85.35107594999603,122.73
yes,,27.716403430713974,85.35202021492758,86.99
yes,,27.715957976665297,85.35208976314574,59.0
yes,,27.71748137907762,85.35366019202515,90.33
yes,,27.716854082788405,85.35201039399215,126.83
yes,,27.716626950010784,85.35250504999898,101.72
yes,,27.716879020579295,85.35354603698973,84.64
yes,,27.718122700302906,85.35191087519803,98.38
yes,,27.716531220880537,85.35276026393001,94.58
yes,,27.71666017786388,85.35184771068286,94.32
yes,,27.717742408251855,85.35089950907354,108.47
yes,,27.717428500025132,85.35181415000537,82.38
yes,,27.716490950006307,85.3521236499999,95.69
yes,,27.71669565000446,85.35235964999772,105.22
yes,,27.716437670599152,85.35271181343121,79.85
yes,,27.71746639999992,85.35384104999882,68.45
yes,,27.717578970742217,85.3522394010774,391.75
yes,,27.716420050003677,85.35232184999946,99.73
yes,,27.718088195713953,85.3521429491641,136.24
yes,,27.716497584225507,85.35657600930786,110.39
yes,,27.717235604242678,85.35119872573705,101.92
yes,,27.716334207650718,85.35194081674712,131.72
yes,,27.716631844628843,85.35126827625636,90.41
yes,,27.718015317953203,85.35163298562333,98.6
yes,,27.714608682633894,85.3533518089172,127.82
yes,,27.717525266011304,85.35271360044356,72.83
yes,,27.715037950002742,85.3519463999953,121.06
yes,,27.718010912279837,85.35082139983552,91.3
yes,,27.71803656538849,85.35193862160071,116.26
yes,,27.71782025065632,85.3517092734805,86.84
yes,,27.71758829408899,85.35272423243791,99.01
yes,,27.718487657861846,85.35174446490328,106.09
yes,,27.718494819607685,85.35149636105172,116.4
yes,,27.718390278661232,85.35202897013112,85.18
yes,,27.71456000000274,85.35348749999554,113.96
yes,,27.717550454410436,85.35257143244823,142.7
yes,,27.71481778880705,85.35348372981406,81.3
yes,,27.71688511506742,85.35179191077044,122.09
yes,,27.717491900007257,85.35127825000157,92.74
yes,,27.714850463813317,85.3533490571309,75.43
yes,,27.717679493415343,85.35185498186219,81.89
yes,,27.71449338299093,85.35281711574082,192.1
yes,,27.717889729651315,85.35185355766103,98.31
yes,,27.717714757352866,85.35177158477624,66.51
yes,,27.71782019864993,85.35492497837161,46.56
yes,,27.71701555365256,85.35168513969218,152.15
yes,,27.71695939675377,85.35150671929645,70.97
yes,,27.71692809999995,85.35325909999416,101.55
yes,,27.716108400005474,85.35249969999937,103.94
yes,,27.716109875087763,85.35235965022926,134.72
yes,,27.71612703459216,85.35198979337322,98.81
yes,,27.71700865000581,85.35335600000131,72.68
yes,,27.717091414020725,85.35144954446633,110.58
yes,,27.717904399998044,85.35459439999812,50.46
yes,,27.71663250000688,85.35193959999906,132.05
yes,,27.7190909040949,85.35671914450656,131.36
yes,,27.716039230969507,85.35208445424809,120.29
yes,,27.718149454699187,85.34762271559855,55.34
yes,,27.718504125078212,85.3473394659572,136.71
yes,,27.71832696681268,85.34790854958422,90.56
yes,,27.718699372036355,85.34782945008077,114.12
yes,,27.718258813129626,85.34762770503602,151.82
yes,,27.718544571281008,85.34781457084428,52.32
yes,Global IME bank,27.71785487850111,85.3474348265214,115.02
retail,,27.717984066663938,85.34788965601052,90.0
yes,,27.718043550003625,85.34761910000026,40.91
yes,,27.718450579507202,85.34779048484125,121.18
yes,,27.71862864818487,85.34742682780544,100.92
yes,,27.71811729872066,85.34740840028513,163.85
yes,,27.718627441264825,85.34771022938796,64.64
yes,,27.718471503543185,85.34758493098556,47.83
yes,,27.71795720701742,85.34757966611195,93.47
retail,,27.717827115349202,85.34759563243655,140.26
yes,,27.718996095544103,85.34777367100486,74.23
yes,,27.719094946774156,85.3478602015164,48.74
yes,,27.718951282765044,85.34706000195916,85.89
yes,,27.718846159015296,85.34733295669402,85.81
yes,,27.71889276632073,85.34768965281214,183.72
yes,,27.719116970385787,85.34743694696807,110.79
yes,,27.718818931900596,85.34741448154048,65.27
yes,,27.718236126643458,85.3474178084785,128.0
yes,,27.719032739421706,85.34764331774288,104.67
yes,,27.718651954320414,85.34715949391996,119.98
yes,,27.71912449205835,85.34701251402099,131.97
yes,,27.71879448070309,85.34803024771885,86.05
yes,,27.718680590247832,85.34763121212912,132.38
yes,,27.71905702322754,85.34801145975027,92.05
yes,,27.71909681925562,85.34715840515945,105.1
yes,,27.71989169637433,85.34752807226324,78.01
yes,,27.719919499997552,85.34743929999668,47.39
yes,,27.720062079542338,85.34734288917299,186.53
yes,,27.719919293275343,85.34716924857493,99.26
yes,,27.719580067459212,85.34753803036142,30.96
yes,,27.719964134821346,85.34767916106532,97.4
yes,,27.72189019543429,85.3476400399156,156.19
yes,,27.71981519768575,85.3474497991003,60.07
yes,"Malpot Karyalaya, Chabahil",27.72195812677741,85.34717164841068,963.04
yes,,27.719786762965168,85.34794507907004,86.75
yes,,27.721833619311635,85.34734250558081,78.06
yes,Omkar Dental,27.718257719099455,85.3472238240863,101.88
yes,,27.71957859250457,85.34706288906459,144.89
yes,kathmandu mahanagarpalika ward 7,27.720041604169722,85.34797210239213,321.23
yes,,27.719785769077866,85.34768028127024,115.25
yes,,27.719065905300276,85.34730027986842,54.84
yes,,27.71979563843761,85.34757111967669,62.46
yes,,27.71841095844986,85.34719182623394,144.71
yes,,27.719713762866885,85.34783498405945,39.16
yes,,27.72009417618782,85.34700707678448,139.77
yes,,27.719525566040343,85.34719576013758,505.92
yes,A.c Complex,27.71808477287987,85.34722259382187,35.99
yes,,27.717907843741166,85.35092362075703,136.28
yes,,27.717620353606957,85.35036595717065,120.98
yes,,27.717828021106616,85.34974193710018,111.43
yes,,27.717491800002502,85.35014170000032,76.12
yes,,27.71739979490163,85.35278196126207,106.24
yes,,27.718256716740054,85.35142030727165,90.27
yes,,27.717257713433895,85.35253907287087,120.85
yes,,27.716854650002087,85.35231724999126,119.08
yes,,27.718385207669616,85.35145094328475,106.64
yes,,27.7167211747074,85.3521160773113,99.49
yes,,27.71699783892248,85.35180628380438,126.57
yes,,27.71694119242852,85.35212725208066,84.25
yes,,27.717095163706194,85.35181822807093,94.81
yes,,27.716698401029333,85.35225151017525,67.4
yes,,27.71844418927944,85.35311148683401,135.75
yes,,27.71748733232996,85.35101595051758,72.85
yes,,27.716952099994703,85.35317039998814,53.64
yes,,27.71659622684092,85.3521453888662,148.48
yes,,27.716011319072365,85.35267482635894,85.39
yes,,27.71821740000466,85.35177330000192,79.52
yes,,27.71670687824079,85.35301018328761,207.75
yes,,27.71608909391686,85.35264240181786,81.76
yes,,27.716967998928627,85.35243365602628,113.99
yes,,27.716399455790793,85.35350241018205,229.93
yes,,27.71768986436163,85.35105890751416,134.12
yes,,27.717074350009845,85.35269780000108,121.06
yes,,27.71867906987326,85.35207836474332,163.98
yes,,27.71731346581898,85.35248132590293,54.81
yes,,27.71842025054017,85.35301147657427,68.17
yes,,27.718270951505687,85.35287172821359,56.83
yes,,27.716515456652342,85.35324071059904,177.15
retail,,27.71812875000517,85.34886549999742,48.11
yes,,27.717732596739516,85.34946222715911,98.08
yes,,27.717810676645854,85.34965424177722,94.19
yes,,27.714750049997527,85.34922284999188,69.97
yes,,27.718624298353745,85.3548986559659,171.12
yes,,27.718800078546906,85.35180734135307,117.11
yes,,27.718594439627992,85.35410008399292,76.24
yes,,27.71836627331652,85.3507238601562,121.04
yes,,27.718502363411496,85.35408902209598,93.34
yes,,27.718441485030542,85.35458771954855,101.67
yes,,27.718403375097907,85.3516595783937,285.42
school,,27.71885670945945,85.35029188262938,82.8
yes,Kumari Bank Limited,27.718955195213915,85.35051632388911,115.73
yes,,27.717492011568748,85.35046391073986,73.49
yes,,27.718824678943008,85.35019934674713,70.59
yes,,27.717561719444543,85.35084967356221,92.71
yes,,27.717600112011034,85.35188731372645,86.34
yes,,27.71766610254448,85.35195929930468,65.16
yes,,27.71524736828212,85.35064180173063,85.96
yes,,27.716294724279553,85.35153018878822,71.67
yes,,27.715863147695952,85.35164529980129,72.41
yes,,27.715184072998014,85.35067297094866,38.54
yes,,27.716253350013513,85.35181139999895,68.37
yes,,27.716029081280716,85.35197036460632,68.18
yes,,27.715648094853535,85.35127213675908,66.19
yes,,27.715559000006543,85.35081850000037,99.56
yes,,27.71731419732132,85.35113219793932,170.51
yes,,27.71500145543151,85.3501033744303,109.69
yes,,27.71523327919029,85.35054503814027,109.78
yes,,27.71534235000172,85.35051425000438,71.14
yes,,27.716203225172222,85.3515353130565,94.16
yes,,27.715924543617692,85.35162523951034,85.55
yes,,27.718718909367055,85.35068828498245,86.96
yes,,27.715698600004963,85.35018519999885,73.08
yes,,27.715687032365473,85.35032785625371,55.18
yes,,27.715396244214656,85.35036822066557,96.42
yes,,27.715524965252143,85.35034084956075,209.94
yes,,27.71767865000282,85.35059499999917,108.54
yes,,27.715371138526297,85.35089188846969,69.09
yes,Baral Oil Store,27.721303734689034,85.37015133661818,54.71
commercial,,27.714510850004228,85.35196014999993,65.5
residential,,27.71445385000677,85.35178559999952,108.55
yes,,27.71550473011924,85.35161510547456,93.32
residential,,27.71454978638763,85.3516843194234,93.51
residential,,27.714311850010507,85.35158265000183,122.18
yes,,27.72055890360105,85.35346255970832,102.82
yes,,27.720573350006067,85.35387140000657,92.11
yes,,27.720947471978057,85.35316992537584,48.67
yes,,27.721016447555687,85.35313358735853,53.05
house,,27.72087455678334,85.35334017977004,77.0
yes,,27.721729332130412,85.35305015087133,64.6
yes,,27.720490819310474,85.35363180778917,72.73
yes,,27.7206523168091,85.35380349870282,67.52
yes,,27.721654900728048,85.35338431688858,71.41
yes,,27.721357050008535,85.35321959999983,133.6
yes,,27.72093316519986,85.35324562873231,93.36
retail,,27.721299313296132,85.35291940056193,156.03
yes,,27.72084400000145,85.35386449999955,30.39
yes,,27.721579942010035,85.35293135559304,120.58
yes,,27.72108845453943,85.35295156649447,157.47
house,,27.720855649999063,85.3534084499955,52.41
house,,27.72080068063546,85.35369043824055,149.03
house,,27.72084920000259,85.35354959999987,42.09
yes,,27.7217003973433,85.35310871447862,46.45
yes,,27.727656093383228,85.3659940304402,99.06
yes,,27.728186180957742,85.36606963312005,218.46
yes,,27.72805483596221,85.3659945143394,259.38
yes,,27.727898200011875,85.36604545000344,110.63
yes,,27.727671173092677,85.36588116956763,142.35
yes,,27.72781855000781,85.36590159999935,130.34
yes,,27.72824346279427,85.36618347418455,92.5
yes,,27.72834154748379,85.36607589836909,72.35
yes,,27.716422916745397,85.36321868478656,92.5
yes,,27.716072267883494,85.36307566681685,77.66
yes,,27.715344750006594,85.36500969999395,79.23
yes,,27.715419450002095,85.36537335000412,67.89
yes,,27.715817200006875,85.36460374999731,104.07
yes,,27.715142491732937,85.36427096739503,50.01
yes,,27.716605999998663,85.36256315000011,132.03
yes,,27.715978471163904,85.36283391630906,93.08
yes,,27.71517510727713,85.36354687585774,205.4
yes,,27.716292500007025,85.36313185000421,77.66
yes,,27.71586800870848,85.36271377670359,81.26
yes,,27.716089454961722,85.36296803273545,110.61
yes,,27.715912855166295,85.3630492857177,61.86
yes,,27.71548424458708,85.36383751693751,88.35
yes,,27.716362563410712,85.36300600962126,98.79
yes,,27.717109172159258,85.36345223421444,39.09
yes,,27.715405850006015,85.3641914499925,113.24
yes,,27.715574845156954,85.36483721501288,51.15
yes,,27.715429965800908,85.36521856207028,53.88
yes,,27.715352450002793,85.36540835000045,52.13
yes,,27.715695033724987,85.3647125061055,80.16
yes,,27.71573461243981,85.36426447349812,407.73
yes,,27.715489433939528,85.36532792617456,73.04
yes,,27.715659058860854,85.36519066482343,157.65
yes,,27.715566100003567,85.36530284999817,44.04
yes,,27.71652156866307,85.36301641302325,80.49
yes,,27.715879583470493,85.36454820513613,87.72
yes,,27.715285266064527,85.36419431348857,122.26
yes,,27.715618181449283,85.36526626212027,28.89
yes,,27.715543695380756,85.36518013203342,113.83
yes,,27.71647494745538,85.36307129773716,92.95
yes,,27.715224928891576,85.36459046608482,98.81
yes,,27.715818049996972,85.36524415002978,40.36
yes,,27.715170851153005,85.36442583268037,89.94
yes,,27.715070596732826,85.36437706828325,121.95
yes,,27.715396103308358,85.36398823267268,115.06
yes,,27.71575221672406,85.3646615957469,95.69
yes,,27.715384808934946,85.36525161902708,66.48
yes,,27.715919032913106,85.36434940995633,127.17
yes,,27.715223499289845,85.36431931712157,96.27
yes,,27.715005617191114,85.36448529944616,134.9
yes,,27.715276686550208,85.36506087755676,114.81
yes,,27.7161966941286,85.36343893601209,88.29
yes,,27.71629058100363,85.36339857621562,86.11
yes,,27.71516083561707,85.3649062902072,99.2
yes,,27.717478229423882,85.36502429051025,102.7
yes,,27.7161346500761,85.36501524993895,294.21
yes,,27.716475025236562,85.36532560725303,129.05
yes,,27.717030200014722,85.36442489999786,281.46
yes,,27.716384685340067,85.3647557934071,88.63
yes,,27.71702715626017,85.36578576564256,84.67
yes,,27.717070968622593,85.36393148219375,97.35
yes,,27.71607325347462,85.36510124311181,233.67
yes,,27.717615050011133,85.36454405000052,152.73
yes,,27.716667209592284,85.36439957385822,147.1
yes,,27.717354558091834,85.36477346768503,162.9
yes,,27.71713230000629,85.36483474999785,109.38
yes,,27.7163034321321,85.36393675689389,99.78
yes,,27.717190684518176,85.36536817029258,96.15
yes,,27.715908383088976,85.36474465078697,52.61
yes,,27.717543900006227,85.36434399999973,100.65
yes,,27.716771050099798,85.36406364999716,736.48
yes,,27.716453773060756,85.36487812466689,64.85
yes,,27.717384066381133,85.36524504612667,82.87
yes,,27.71706785000055,85.36475434999541,46.78
yes,,27.7150630903551,85.36509772996506,170.71
yes,,27.71598086200408,85.36515321957995,100.84
yes,,27.716629700001313,85.36478099999704,64.57
yes,,27.71660935591798,85.36526614824652,192.08
yes,,27.716086318032346,85.36435673923302,107.61
yes,,27.717448781265272,85.36455875532218,192.2
yes,,27.71652829999912,85.36497174999177,46.53
yes,,27.71728614687338,85.3642820996324,162.27
yes,,27.716055791124184,85.36428469172014,123.46
yes,,27.715492350004425,85.36490020000743,84.22
yes,,27.71721855319245,85.36448076193183,185.15
yes,,27.71500535927786,85.36496359306064,70.77
yes,,27.716026978983642,85.3647129731243,288.68
yes,,27.717639271566583,85.36441720913206,128.59
yes,,27.715954019425382,85.36390641026577,94.18
yes,,27.717572967877267,85.36492196535106,38.62
yes,,27.715803696204745,85.36479493310638,129.54
yes,,27.717071421948777,85.36462376427187,71.12
yes,,27.71728759701564,85.36487662777795,48.29
yes,,27.716049993477462,85.36589152634049,76.81
yes,,27.715560624775915,85.36446869433874,260.09
yes,,27.7150826451416,85.36476135399597,65.18
yes,,27.715938449999147,85.36502725002278,113.03
yes,,27.716780418869412,85.36556764895973,204.75
yes,,27.717287343182186,85.36437720604096,162.23
yes,,27.717409404861396,85.36438638691315,152.32
yes,,27.71688171527772,85.36488153178163,136.31
yes,,27.716406301719253,85.36554809128523,115.1
yes,,27.716734599999587,85.36480879999444,74.91
yes,,27.715909152584842,85.36406916162399,53.92
yes,,27.717073775619617,85.36609941569313,154.79
yes,,27.716477032506322,85.36522922279961,119.56
yes,,27.716678896403756,85.36509636753327,118.07
yes,,27.71717293921497,85.3655721695909,85.88
yes,,27.715959144412206,85.36543014937399,239.47
yes,,27.716824749997045,85.36517669999101,113.0
yes,,27.716509449998764,85.36472769999264,55.35
yes,,27.717007743815167,85.36593742470697,79.22
yes,,27.717600754587348,85.36580859308279,94.06
yes,,27.71607980469925,85.36442601802176,48.91
yes,,27.716655337027355,85.36585699194538,117.69
yes,,27.716243096954763,85.3642506008999,126.81
yes,,27.716844703737813,85.3649775494909,94.8
yes,,27.716423224990553,85.36579336099885,80.15
yes,,27.716819945695548,85.36536476978506,115.8
yes,,27.71580638853917,85.36395429080464,140.15
yes,,27.71686264909355,85.36603101227246,79.72
yes,,27.715218402548203,85.36499216721408,62.1
yes,,27.716143220663128,85.36542518524729,210.8
yes,,27.716921800008336,85.36519435000213,78.83
yes,,27.71665340430101,85.36466601295527,77.55
yes,,27.716630765782746,85.36571310907375,75.72
yes,,27.717454250002863,85.36560345000201,99.85
yes,,27.717424365567897,85.3658216314919,133.47
yes,,27.716179688476945,85.36415283948607,109.06
yes,,27.71655739325783,85.36603754253355,155.74
yes,,27.71637457471754,85.36418586378117,73.36
yes,,27.71718175715428,85.36607465670322,106.81
yes,,27.715350422214396,85.36468685833051,101.97
yes,,27.71624583527457,85.36546503133066,414.81
yes,,27.716715142581638,85.36488349159106,94.2
yes,,27.716613552775225,85.3648854779242,64.48
yes,,27.7172068002373,85.36597845977742,65.61
yes,,27.71521590160501,85.36479551681812,80.17
yes,,27.71740585093731,85.36593672417675,187.67
yes,,27.716603824489308,85.36513940116608,41.37
yes,,27.716198905324937,85.36405340647043,87.55
yes,,27.716722891453763,85.36600996256749,58.79
yes,,27.71642080678125,85.36567210647398,107.47
yes,,27.71742176954376,85.36513310478735,98.83
yes,,27.717567887099506,85.36604771758114,82.2
yes,,27.716748150009877,85.36528815000388,72.12
yes,,27.71636204989306,85.36543013631194,183.05
yes,,27.71706660001003,85.36525510000173,112.56
yes,,27.716503712988743,85.3651067128799,141.63
yes,,27.717530592003687,85.36529215340258,129.92
yes,,27.71734073711882,85.3653717222738,109.17
yes,,27.716984112543322,85.36521450480708,79.83
yes,,27.71632435002398,85.3651396999931,236.43
yes,,27.716303388401137,85.36457975256823,73.73
yes,,27.716419005327186,85.36437095731968,56.51
yes,,27.716930272716787,85.3653615800156,137.5
yes,,27.71723375723593,85.36584380882466,68.53
yes,,27.716903658670702,85.36571748247171,137.27
yes,,27.717144068234205,85.36547391817477,100.75
yes,,27.716344600004614,85.36529570000138,149.78
yes,,27.717143858424475,85.3658164782628,115.62
yes,,27.716194479008145,85.36460460524818,93.17
yes,,27.71653214999995,85.36550289999863,67.99
yes,,27.717214099994514,85.36500434999975,101.8
yes,,27.716389550001796,85.36483649999647,59.02
yes,,27.717094606168036,85.36569693429664,99.94
yes,,27.716236566506335,85.3643558858696,139.6
yes,,27.716524841306885,85.36439294400104,108.36
yes,,27.716304100004592,85.36498375000137,149.66
yes,,27.717348749993345,85.3649892999981,106.1
yes,,27.716522023104176,85.36560886359544,126.5
yes,,27.71688454236739,85.36591657382726,114.24
yes,,27.716520755170237,85.36482934347184,47.74
yes,,27.71653334842089,85.36462893938585,143.42
yes,,27.716759519291358,85.36471825449175,119.3
yes,,27.71696303684391,85.36471068877647,110.83
yes,,27.716773637540687,85.36591019085897,114.13
yes,,27.71711831736422,85.36597022431346,113.1
yes,,27.71667972601602,85.36498179687825,89.92
yes,,27.715884815520823,85.3636855932744,73.39
yes,,27.71579444724347,85.36372926999499,72.81
yes,,27.71597674145283,85.3636637332385,59.3
yes,,27.716211768069908,85.36478129851956,246.72
yes,,27.715844100004144,85.36342940000188,95.98
yes,,27.715716000002686,85.36360979999952,75.07
yes,,27.71655778822916,85.36542786138966,106.28
yes,,27.716132350003072,85.36379184999927,31.32
yes,,27.71628813210919,85.36410225321936,230.84
yes,,27.71572531586624,85.36371028338259,62.83
yes,,27.71519501543138,85.36602296817718,74.25
yes,,27.716813162569892,85.36504817634061,60.93
yes,,27.71587380622073,85.36589359434433,75.23
yes,,27.71560236852158,85.36593481125466,57.27
yes,,27.7160293500039,85.36578504999974,102.19
yes,,27.71579617129254,85.3659118407321,49.35
yes,,27.715194500001925,85.36611869999989,68.42
yes,,27.71596527837679,85.3660086164994,67.52
yes,,27.71626366810039,85.36377819638605,133.38
yes,,27.716218194527695,85.36355643834142,109.37
yes,,27.715540827365885,85.365944661318,82.78
yes,,27.715439634873174,85.36594313032052,140.24
yes,,27.716157350005112,85.36600319999904,62.02
yes,,27.716037239848717,85.36599508169857,58.58
yes,,27.715125470010882,85.3658086278054,57.36
yes,,27.71613310000721,85.36586879999822,58.68
yes,,27.715191894687962,85.36576269947855,149.63
yes,,27.715301538043565,85.36604717536508,75.45
yes,,27.716242461217956,85.3657729810332,163.72
yes,,27.71504123721924,85.3654375114163,35.66
yes,,27.716281364857704,85.3658849289138,130.03
yes,,27.71529006001542,85.36597817385886,66.46
yes,,27.71627960841816,85.36599452562263,111.34
house,,27.71891578935553,85.35211502565105,201.6
house,,27.72093999347016,85.35379851931447,68.72
yes,,27.721267246947995,85.35377409641143,358.97
yes,,27.721311776190632,85.35493877275037,475.93
house,,27.72046075001469,85.35640900000442,100.56
house,,27.720197068592036,85.35643051868973,17.94
house,,27.720290681182586,85.3564120477135,27.11
house,,27.721377813900407,85.36024558570143,180.45
house,,27.7212928343152,85.36059567594954,388.25
yes,,27.72000686041165,85.3672932918986,208.63
house,,27.72220370001112,85.36736825000034,101.64
house,,27.722022350005815,85.36747254999823,146.62
apartments,,27.715331694779312,85.37018097098786,79.2
apartments,,27.715265146902397,85.37023676180814,82.85
apartments,,27.715181144430037,85.3702926845886,131.81
apartments,,27.715219311906722,85.37008107290455,98.5
apartments,,27.715459056826333,85.37040138431959,160.01
yes,,27.715438816564596,85.37054510746961,152.91
apartments,,27.715111400921767,85.37047334149595,108.24
yes,,27.71322629553028,85.37402824249997,47.86
yes,,27.712575416479492,85.37341187407547,122.72
yes,,27.713198504035702,85.37227721494284,155.44
yes,White Gompa,27.723873543824958,85.36949805611587,654.37
yes,Tibetan Refugee Centre,27.723113262948946,85.36732306997719,503.58
roof,,27.722184534625857,85.35655367881836,120.06
roof,,27.72173320000258,85.35743669999835,67.57
yes,,27.720360652594927,85.35535453131901,96.38
guardhouse,,27.71960150000057,85.35400070000013,21.92
yes,,27.73044604715721,85.36669927611491,321.36
yes,,27.731010954792918,85.36589138101637,94.21
yes,,27.730794192164172,85.36540971748502,109.64
yes,,27.73059349572741,85.36591572413631,137.62
yes,,27.73042081996943,85.36590983543765,90.34
yes,,27.73175310000711,85.36511360000121,108.59
yes,,27.73163670000742,85.36495135000241,113.8
yes,Ram nagar party palace,27.731279691623758,85.36410407931182,1599.7
yes,,27.71562355828933,85.37300106276822,928.39
yes,,27.730629197741848,85.36344268406272,108.56
yes,,27.71493462298177,85.3509969586624,73.27
yes,,27.715042340292264,85.35098912641064,97.08
yes,,27.71507605849461,85.35107895430137,42.15
residential,,27.71479194994938,85.35160709955227,116.18
yes,,27.714779991521457,85.35094105524533,163.87
yes,,27.714984054247353,85.35087450963721,111.85
yes,,27.714777929557364,85.35081919193729,144.95
yes,,27.714558477880075,85.3508902202866,99.63
yes,,27.71446066487602,85.35094083371652,147.77
yes,,27.715043313865593,85.35116594462497,62.41
yes,,27.71496958535845,85.35114956961459,86.72
yes,,27.71480265001198,85.35108640000071,76.02
yes,,27.714727467784,85.35107929418047,140.61
yes,,27.71462485403095,85.35107756013423,148.55
yes,,27.714440553604717,85.35108079292282,131.99
yes,,27.714469254681664,85.35122462223478,135.59
residential,,27.713870486045355,85.3506086961428,83.47
residential,,27.71375831942717,85.35081792854285,108.9
residential,,27.713747010788584,85.35114676914739,105.19
yes,,27.715580207111227,85.35254992918193,191.93
yes,,27.7156100391524,85.35243807095853,111.92
yes,,27.71554621032369,85.35171066360411,137.27
yes,,27.715593049999853,85.35179900000787,58.94
yes,,27.71563336404502,85.35189688412714,64.85
yes,,27.715602196358788,85.35196051509678,103.28
yes,,27.715648897297775,85.3522344801745,134.45
residential,,27.714197442639318,85.3520394397459,89.64
residential,,27.71435690002088,85.35139450000361,161.06
yes,,27.71421475002126,85.35124701776301,83.59
yes,,27.714847677765807,85.35251242796603,86.7
yes,,27.714322000106815,85.35258847066955,95.51
yes,,27.73142855925147,85.37211459119443,1.71
yes,,27.73105601417363,85.37223365037967,228.22
yes,,27.730672804237766,85.37241447264688,551.31
yes,,27.730132007736156,85.3726361366931,245.19
yes,,27.730154326102593,85.37233956539525,179.6
yes,,27.730457650322425,85.37204472793452,205.5
yes,,27.730451067777544,85.3717586525567,75.64
yes,,27.729816823181668,85.37262810392244,234.51
yes,,27.729680501091366,85.37324301547466,149.53
yes,,27.727812676027764,85.37233432370635,177.59
yes,,27.732563821655365,85.36305926506463,116.62
yes,,27.732750524786432,85.36322677331503,79.98
yes,,27.732602911716622,85.36361192958843,152.56
yes,,27.732779670140722,85.36348794816914,70.89
yes,,27.73269643985224,85.36339712239828,52.9
yes,,27.73251443489303,85.3634548182275,290.03
yes,,27.732682488226665,85.36291259688763,180.65
yes,,27.732359350006327,85.36305819999875,98.4
yes,,27.732558481274648,85.36277263608518,116.11
yes,,27.732279800023807,85.3627327499967,272.16
yes,,27.73249350000176,85.36289490000009,57.33
yes,,27.732117641919057,85.36270762053404,167.5
yes,,27.73193770510562,85.36298379841557,287.56
yes,,27.732517600010613,85.36239925000505,150.5
yes,,27.732653850015474,85.36258150001447,154.83
yes,,27.73294705000645,85.36275894997054,150.95
yes,,27.73287890225193,85.36294903333517,107.84
yes,,27.733091717825143,85.3629803556686,177.78
yes,,27.733171755332716,85.36236209545208,277.14
yes,,27.732862642234274,85.36248426696078,160.67
yes,,27.732532503136916,85.362025276371,89.99
yes,,27.732305800000443,85.36192374999104,82.42
yes,,27.732218550369083,85.3618107293812,82.37
yes,,27.732001073109256,85.36219223641152,107.97
yes,,27.731909205238825,85.36206086879271,149.29
yes,,27.732268905384398,85.36228254180664,87.73
yes,,27.73234947712839,85.36318543482165,54.23
yes,,27.731950584994394,85.36101777921169,271.95
yes,,27.713762215520557,85.35170318285795,162.23
yes,,27.714166100081073,85.35304960000562,180.22
residential,,27.713515953787127,85.35252947910072,135.49
residential,,27.713459743678367,85.35261580284237,72.67
residential,,27.71339130084013,85.35291523297897,114.05
yes,,27.71506743159334,85.35294048663268,67.41
yes,,27.714899418335254,85.35306183917993,71.06
yes,,27.715213499999226,85.35313125000208,69.54
yes,,27.71513059223292,85.35320156728267,112.17
yes,,27.71587450435098,85.35323443892398,162.77
yes,,27.71553184833881,85.3534187000731,73.57
yes,,27.7158155746314,85.35249657336048,56.41
yes,,27.715777010861913,85.35260230919235,210.89
yes,,27.71510220000517,85.35304964999742,51.83
yes,,27.715111700005433,85.35335894999895,68.81
yes,,27.71521985000267,85.35339264999966,57.35
yes,,27.715316351410493,85.35376444713857,86.12
yes,,27.715231332453914,85.35368143412936,37.89
yes,,27.714693817013504,85.35401865479636,49.62
yes,,27.731468830981978,85.35914331514002,151.01
yes,,27.73137756817361,85.35913498327402,151.9
yes,,27.731879749995983,85.35989564998755,100.63
yes,,27.731136223599908,85.36100736298317,154.02
yes,,27.731187867086906,85.36122211381246,87.74
yes,,27.730716145432964,85.36083418542587,87.86
yes,,27.730650800003254,85.36117700000392,35.99
yes,,27.73151029059696,85.36094487078695,118.13
yes,,27.730882650007338,85.36084670000882,64.37
yes,,27.730944082984294,85.36089629583444,91.13
yes,,27.730821421257907,85.36095640887719,112.95
yes,,27.73083346705523,85.36080277364513,71.63
yes,,27.731338094173086,85.36154931947712,136.86
yes,,27.730888876501467,85.36102307798636,155.92
yes,,27.73076133841788,85.36088754215857,67.45
yes,,27.731065298647792,85.36146014812822,127.33
yes,,27.73136884697222,85.36109037027231,166.19
yes,,27.731267708042566,85.36165818119002,85.62
yes,,27.730779016902297,85.36075130507933,69.55
yes,,27.73020898867768,85.36068526479836,260.95
yes,,27.731522700004383,85.36106774999983,67.31
yes,,27.729436500049644,85.372830750036,161.43
yes,,27.729330125769394,85.36308462435221,70.29
yes,,27.720543667193258,85.34978993739813,139.89
yes,,27.720580549995123,85.34968629999004,78.1
yes,,27.718893075886722,85.3483702281619,60.13
yes,,27.718576886295406,85.34839149392465,113.91
yes,,27.71849934123712,85.34827241110553,103.69
yes,,27.718412932741913,85.34826223945883,99.84
retail,,27.718230570545824,85.34820363363384,176.56
yes,,27.718748152717914,85.34926798991123,152.22
yes,,27.719030244871227,85.34949481077881,115.59
yes,,27.718948248905896,85.34944920765759,136.46
yes,,27.719233658673083,85.34948929517836,105.52
yes,,27.71969667905497,85.34953369675603,273.92
yes,,27.71896803419003,85.35231242066811,238.77
yes,,27.719141095124595,85.35260975266924,155.78
yes,,27.719018307845364,85.35098192140237,161.42
yes,,27.724800538392444,85.36723097329208,696.03
yes,,27.721032649308338,85.34797818309116,130.29
yes,,27.720946987738483,85.34805067875,173.72
yes,,27.720757339207236,85.34811403421585,151.95
yes,,27.721092889032995,85.34864148647894,125.13
yes,,27.720876304223637,85.348743926491,127.93
yes,,27.720782550003157,85.34872829999601,108.29
yes,,27.72055660944584,85.34832009437442,126.28
yes,,27.720415615338496,85.34820845022172,192.56
yes,,27.720418073984032,85.34834546352755,112.69
yes,,27.71985487307516,85.34812122397332,49.03
yes,,27.719870750003444,85.3486248499993,97.44
yes,,27.719356360906566,85.3493792783204,49.92
yes,,27.718975250001176,85.34964789999945,30.89
yes,lumbini academy college,27.719360586605934,85.34957288061736,74.99
yes,,27.7192703816771,85.34977363149406,43.28
yes,Prime Bank Limited,27.71908688806878,85.35006506781653,65.02
yes,"Nepal Investment Bank, Chabahil",27.719134286542864,85.35010963730323,127.0
yes,,27.719263140205555,85.34987598789897,105.64
yes,Sanima Bank,27.71929592801806,85.35021399586569,68.07
yes,,27.719364100023878,85.35027750002989,168.37
yes,,27.71946469851638,85.35038988417327,96.16
yes,,27.719520187169074,85.3504327564997,100.44
yes,,27.719633550011118,85.35051675000949,103.56
yes,,27.7198913926047,85.3498573212589,137.57
yes,,27.720177120242585,85.3497926100274,232.58
yes,,27.72004850000637,85.34975145000172,51.33
yes,,27.720078345280733,85.3508259352822,1025.74
yes,,27.720130655704708,85.34954179396625,144.65
yes,,27.732320116486918,85.359730099141,174.44
yes,,27.712787912521833,85.35482847742739,97.55
yes,,27.713613594615197,85.3564793212623,113.6
yes,,27.713302199672423,85.35466060687482,123.37
yes,,27.726923974546068,85.36787176756629,105.23
yes,,27.724130327074747,85.353025105584,577.27
yes,,27.728893900020292,85.36079180000321,154.84
yes,,27.725416767622985,85.35315179309566,178.0
yes,Ascent Himalayas,27.72558955300297,85.35287767587472,263.03
yes,,27.726421556230587,85.3505142800034,89.81
yes,,27.726376480600052,85.35070999995769,99.28
yes,,27.725213746247906,85.34991231588,122.02
yes,,27.72500142271678,85.34987245636125,187.15
yes,,27.725150224544354,85.35007299175307,212.83
yes,,27.725150327166666,85.35038669045258,116.92
yes,,27.724984359594995,85.35001890843074,283.89
yes,,27.723508931592534,85.35092997855376,138.1
yes,,27.72327771583112,85.35080929494349,93.64
yes,,27.723163068579023,85.35087627402453,150.78
yes,,27.72305612226787,85.35087628631756,185.16
yes,,27.722854028119908,85.35030737035083,63.77
yes,,27.722721050408516,85.35168626934308,147.04
yes,,27.722808824727302,85.35129788493637,122.04
yes,,27.72271685000567,85.3511982999956,85.73
yes,,27.7228605000085,85.35114394999164,97.85
yes,,27.722793200024498,85.35045445149925,44.78
yes,,27.722894238408294,85.35095062538795,201.09
yes,,27.72330945693567,85.35135067542811,199.46
yes,,27.7231968508709,85.35112252486775,291.69
yes,,27.723158055767314,85.3617637780315,108.46
yes,,27.726665166612463,85.3537865941651,146.85
yes,,27.73060274832964,85.36189733384644,123.6
yes,,27.729558306708384,85.36219268954804,117.51
yes,Sahitya Sadan,27.72712774996546,85.36375094994428,454.83
yes,,27.729038296069294,85.36375971104431,193.26
house,,27.726035604594827,85.35871123339034,120.53
house,,27.72624219278914,85.35985091870455,450.19
house,,27.726111739058318,85.3594070726721,158.87
house,,27.72673267922914,85.35869611284475,143.43
yes,,27.7232974829316,85.3612310263067,184.76
house,,27.730139050035103,85.35548275000382,440.7
yes,,27.723541518341086,85.37633450989249,145.54
yes,,27.72340674999618,85.37679669997087,284.3
yes,,27.72290025000648,85.37542100000029,97.79
yes,,27.72309710000634,85.37535124999955,103.55
yes,,27.72306619558887,85.37550901888926,110.67
yes,,27.723834881666775,85.37594370754198,70.24
yes,,27.723799217942044,85.37584534693478,74.1
yes,,27.72406160000779,85.37623455002122,85.62
yes,,27.7244501500147,85.37662784999914,180.42
yes,,27.726830850018295,85.3749360000156,183.87
yes,,27.726750500015118,85.37485370002183,107.23
yes,,27.72685056696607,85.37509594297074,49.74
yes,,27.726580147909267,85.37484073408103,75.72
yes,,27.722814081917043,85.3769664477512,89.83
yes,,27.72327341851874,85.37563890860604,117.36
yes,,27.72324151383033,85.37579839744949,64.82
yes,,27.72375733751703,85.37574448949091,107.7
yes,,27.723952367089872,85.37609924690884,123.08
yes,,27.724108050005434,85.3763006500103,78.41
yes,,27.72401816432506,85.37617330579698,83.8
yes,,27.72404293157255,85.37680717799778,79.71
yes,,27.72854160000429,85.35990534999651,88.4
yes,,27.725610006857764,85.37184588190122,150.38
residential,,27.726803657085036,85.37045747141198,219.19
house,,27.725750765163983,85.3712953966379,68.87
university,Rangjung Yeshe Institute,27.72404146771833,85.36343150186721,613.81
yes,,27.725178611512522,85.36269927264152,68.39
yes,,27.729327614078404,85.37209611839165,229.47
yes,,27.722729411561932,85.36439391369957,306.27
yes,,27.725210434377892,85.36391449705093,241.36
yes,,27.729436950663295,85.37193354450285,62.37
yes,,27.724214593403943,85.36282219708018,1853.55
yes,,27.729304199999937,85.37007079995638,227.02
yes,,27.730790286120115,85.37284819259958,21.49
yes,,27.729222553012374,85.37208230449139,77.69
yes,,27.728698312373695,85.37079409794629,568.48
yes,,27.729854699730627,85.37372333723597,150.41
yes,,27.729782900016854,85.3720102499974,191.91
yes,,27.730154446545544,85.37331760194078,162.9
yes,,27.729753486308585,85.37355821996907,260.99
yes,,27.724407359686836,85.36378501242545,594.43
yes,,27.724921499585125,85.36303390982737,497.73
yes,,27.73001094916972,85.37351776761489,451.81
yes,,27.7253194010181,85.36286048306138,72.55
yes,,27.723344783388015,85.37018389575795,451.86
yes,nehang pawo gumba,27.72544545361659,85.36258326415496,303.6
yes,,27.731387588458166,85.35492315540766,259.84
yes,,27.733545190765984,85.35908150558154,397.5
yes,,27.71815552326094,85.36730637934743,196.96
yes,,27.717424111863792,85.36657603579269,287.5
yes,,27.717544375145977,85.36616081114248,64.0
yes,,27.717539982444038,85.36671108850634,53.12
yes,,27.718260081982713,85.36534949599694,107.38
yes,,27.717556555435927,85.36516697835785,96.57
yes,,27.71757991709624,85.36543734887445,86.66
yes,,27.7179968523893,85.3673040269697,211.68
yes,,27.71826620000341,85.36724104999966,87.45
yes,,27.7179412010622,85.36529614350994,72.19
yes,,27.717405799662295,85.36622794144921,103.2
yes,,27.717643377616753,85.36532479150505,57.19
yes,,27.71751597730802,85.36681485304557,91.54
yes,,27.718089354919613,85.36540153188722,154.49
yes,,27.717506983176246,85.36633034694526,121.01
yes,,27.717600249999904,85.36707689998275,56.57
yes,,27.71856524853225,85.36528134342468,152.42
yes,,27.721578888634813,85.34767619802957,69.51
yes,,27.721533801216474,85.34734418835819,164.7
yes,,27.723116715926988,85.36447030645247,505.84
yes,,27.72366259935376,85.36858179019609,223.3
yes,,27.72718660216413,85.36565569484942,390.88
yes,,27.7231485186863,85.36502657851061,460.15
yes,,27.724890600006987,85.36406854998647,151.6
yes,,27.723099750009894,85.36553839999857,182.97
yes,,27.723153716188005,85.36582071732732,295.37
yes,,27.72315766245336,85.365305596263,199.39
yes,,27.723781179098147,85.36734400906744,430.97
yes,,27.71143035187675,85.35329561403448,199.68
yes,,27.712362041358645,85.3526638307805,71.47
yes,,27.711796070781567,85.35260194469366,487.23
yes,,27.72448525000202,85.35173824999869,27.78
yes,,27.725671580227413,85.34931336082303,41.81
yes,,27.731570394657894,85.35224941000949,139.7
yes,,27.731802002296863,85.35223811865849,5.5
yes,,27.731987441213004,85.35262391967329,139.9
yes,,27.73186695839137,85.35257941169924,111.34
yes,,27.731709783434184,85.35236573429572,91.53
yes,,27.732104221851063,85.3526865236343,15.85
yes,,27.73204137635977,85.3527524652563,119.85
yes,,27.731131445639377,85.35264987026007,159.7
yes,,27.73107715479215,85.35242117824843,99.53
yes,,27.73117060836557,85.3522445859396,65.3
yes,,27.730605149998834,85.35246134999709,95.26
yes,,27.73070060000255,85.35258509999726,92.73
yes,,27.73078549637208,85.3527037882979,92.55
yes,,27.730627468018124,85.35265945152192,119.5
yes,,27.73047633389767,85.35257666753367,95.17
yes,,27.730845417452986,85.35191971014295,153.69
yes,,27.730465019549616,85.35182984654165,132.91
yes,,27.730495999998045,85.35192545001382,148.72
yes,,27.730538970901055,85.35201794393436,107.89
yes,,27.73040186243994,85.35152650018468,227.83
yes,,27.73093587846052,85.35132768673462,89.92
yes,,27.730706367153367,85.35120108947699,121.22
yes,,27.730488485072026,85.35123239847258,195.52
yes,,27.73047268871276,85.35109644882097,104.36
yes,,27.73015875380881,85.35040696267265,50.19
yes,,27.730059353012333,85.35039147768697,101.93
yes,,27.73022484836331,85.35073631807191,120.49
yes,,27.730218617784498,85.35092410196141,211.6
yes,,27.730078012628294,85.35088553983482,169.65
yes,,27.730152005863665,85.35124202813209,117.41
yes,,27.73026849999772,85.35123804999935,93.22
yes,,27.72473759327957,85.35585829326038,123.62
yes,,27.729873523656085,85.35069988691619,80.83
yes,,27.72978851426177,85.35066593343348,129.88
yes,,27.729871320036107,85.3509106527869,82.49
yes,,27.72995652889349,85.35124936901913,187.51
yes,,27.72994337473179,85.35135643668222,124.1
yes,,27.730139599998108,85.3517103500016,101.58
yes,,27.73018262625506,85.35146080886722,19.84
yes,,27.730133050011094,85.35157554999712,112.77
yes,,27.730209622457448,85.3515963354359,48.15
yes,,27.730273728148013,85.35181645548388,57.48
yes,,27.730127459376277,85.35207543813986,94.09
yes,,27.72973895253079,85.35081684272338,48.22
yes,,27.7296821453894,85.35078814152922,95.91
yes,,27.729498116632136,85.35089956233928,151.22
yes,,27.729553003686263,85.35136732726946,89.98
yes,,27.729591502564265,85.35169704586437,84.22
yes,,27.729449150863527,85.35170482985241,64.7
yes,,27.72974905000476,85.35214974999958,91.34
yes,,27.729660500004677,85.35215174999963,88.8
yes,,27.729764750004037,85.35227584999978,83.34
yes,,27.729602616229172,85.35235645521378,69.24
yes,,27.72988815000831,85.35226624999868,107.07
yes,,27.729878450001436,85.3521649500001,57.63
yes,,27.729986470154707,85.35222460992335,160.46
yes,,27.730084424501523,85.35223667575625,71.62
yes,,27.730165098761052,85.35223873237922,79.14
yes,,27.73031442549033,85.35224560835164,132.48
yes,,27.7303354271608,85.35239024246977,68.87
yes,,27.7300906828788,85.3524706159411,232.85
yes,,27.73015682532692,85.35266268987124,191.56
yes,,27.73001996906967,85.35266166259848,120.91
yes,,27.729936275646025,85.35253759152555,103.84
yes,,27.72984118297226,85.35246706636963,30.23
yes,,27.729829023394963,85.35267216548162,107.84
yes,,27.729737490430992,85.35256734551687,109.02
yes,,27.72974550000179,85.35268869999973,41.34
yes,,27.729547209553555,85.35247561702549,198.47
yes,,27.729412193545933,85.35233273092146,102.45
yes,,27.729616507806607,85.35261891981254,110.8
yes,,27.729541161807752,85.35267957979268,86.53
yes,,27.72949517442092,85.3527407221728,58.41
yes,,27.729420700013108,85.35283999996841,128.91
yes,,27.72939356779836,85.35251854759508,70.0
yes,,27.729251200007234,85.35272355000517,127.66
yes,,27.72904816614922,85.35274427365542,141.83
yes,,27.729142388975706,85.35250691488503,120.55
yes,,27.72882113756151,85.35180222033382,159.2
yes,,27.728772799688834,85.35208439950176,100.3
yes,,27.728916552318537,85.35195083222581,27.85
yes,,27.72886930000232,85.3519102000008,29.76
yes,,27.728856509150855,85.35199858437377,56.01
yes,,27.728703068664284,85.35196609705551,127.15
yes,,27.728767428609764,85.35262221114917,188.63
yes,,27.728403669810035,85.3516319110949,69.76
yes,,27.728497450003626,85.35146699999791,147.43
yes,,27.72894416606633,85.3514728058572,128.75
yes,,27.728525500009322,85.35164099999928,142.79
yes,,27.72861437660757,85.35142649363895,50.81
yes,,27.72884595001798,85.3507213500047,146.75
yes,,27.728547823722582,85.35017298216721,160.14
yes,,27.728473003839955,85.35024404979713,57.5
yes,,27.72813475448183,85.35061407826544,202.59
yes,,27.727575512208464,85.35003593104527,151.06
yes,,27.727706091989603,85.35022083103269,100.84
yes,,27.727663918124463,85.35032415227059,103.29
yes,,27.727634456008246,85.35039352881621,95.12
yes,,27.727594418583312,85.35047571986128,120.0
yes,,27.727333772422632,85.34997435632502,203.42
yes,,27.727327659877155,85.3501633252208,217.84
yes,,27.72709516301244,85.34988005562082,229.91
yes,,27.72793266392648,85.35084793325586,155.93
yes,,27.727904202800396,85.35104331783533,113.93
yes,,27.72820454123667,85.3520740236125,229.85
yes,,27.728081364521238,85.35179177206622,121.3
yes,,27.72820632952399,85.35181122539448,144.0
yes,,27.728272892335422,85.35192556715363,94.78
yes,,27.72841007136241,85.35188660602674,134.66
yes,,27.72816430000433,85.35221544999905,111.77
yes,,27.728163830664254,85.35246708588159,76.0
yes,,27.728108180536235,85.35269964817185,94.16
yes,,27.728262163825423,85.35266991125683,73.47
yes,,27.728439985813363,85.35272802613937,55.12
yes,,27.72889039450656,85.35127744284999,332.99
yes,,27.722813830171848,85.35284546169824,135.09
yes,,27.72262644786313,85.35290914469769,122.6
yes,,27.722736413074895,85.35277862735452,128.35
yes,,27.722603241859208,85.35337173241497,88.48
yes,,27.72332440687731,85.35296739159695,66.18
yes,,27.722670333127173,85.35355603935521,128.53
yes,,27.72248539990872,85.35324585007582,96.99
yes,,27.732083099999198,85.35401369999735,76.78
yes,,27.732099799998313,85.35391989999685,67.9
yes,,27.73165352775197,85.35294566099162,117.46
yes,,27.731932400008738,85.35327519998995,103.09
yes,,27.731826250006193,85.3533573999892,57.15
yes,,27.731740795134066,85.35325263354457,98.31
yes,,27.731924978437547,85.35285260738179,164.65
yes,,27.731597414942115,85.35311510844903,135.78
yes,,27.731394373516565,85.35289793793811,116.74
yes,,27.731712550001507,85.35281204999987,24.24
yes,,27.731495549980746,85.35360684997407,186.23
yes,,27.731546900002822,85.3538375999947,115.76
yes,,27.731476139619357,85.35397165307421,112.1
yes,,27.73137864931719,85.35374180235743,129.4
yes,,27.731362881316507,85.35386204504218,68.51
yes,,27.731389566942752,85.35406964889368,144.71
yes,,27.73129074333423,85.35414943151133,68.39
yes,,27.731899865828105,85.35367715344825,202.98
yes,,27.73190049999693,85.3538480500079,123.25
yes,,27.73192412144067,85.3539566956615,74.64
yes,,27.731907599996646,85.35405310000357,92.38
yes,,27.731770100005846,85.3539725000003,66.23
yes,,27.731939757709316,85.35430171949055,94.43
yes,,27.731966600000344,85.35439225000573,73.91
yes,,27.73199316049697,85.35447781813824,69.96
yes,,27.732048661837435,85.35456613471422,69.78
yes,,27.73136285000639,85.35346470000354,69.99
yes,,27.731290365631114,85.35355993083144,187.12
yes,,27.73128090000824,85.35342815000352,102.39
yes,,27.731166050006063,85.35322624999968,99.47
yes,,27.731117802671836,85.35305938110233,60.4
yes,,27.731358300006523,85.35332565000509,70.33
yes,,27.73141033769467,85.35321901267902,53.07
yes,,27.731152149999208,85.35342364999416,69.5
yes,,27.730998300006068,85.35336845000148,68.41
yes,,27.73101524999137,85.35348144998301,121.29
yes,,27.731140629146083,85.35351768996213,56.11
yes,,27.731233005509463,85.35368812690248,38.7
yes,,27.73121695000637,85.35379880000045,68.1
yes,,27.731218616643872,85.35401909966635,90.15
yes,,27.731080631246666,85.35424974579968,218.95
yes,,27.73105129998523,85.35392924995294,180.09
yes,,27.730978199993018,85.35357819998178,141.53
yes,,27.73114434143549,85.35373732431579,50.11
yes,,27.731037139979364,85.35370057498791,73.84
yes,,27.730891869089355,85.35379994678141,124.86
yes,,27.730962531708634,85.35404874780241,182.54
yes,,27.73086251105201,85.35448409752306,307.32
yes,,27.73063651671723,85.35451091146776,81.77
yes,,27.730773474479662,85.35417021444368,59.68
yes,,27.73050962807267,85.35412103225194,96.84
yes,,27.730493950001915,85.35422034999726,79.82
yes,,27.731026250002902,85.3529417499978,68.88
yes,,27.73099046865286,85.35304145498836,68.01
yes,,27.730952900002222,85.35313534999796,56.57
yes,,27.730920400000137,85.35322079999489,56.5
yes,,27.730848189174125,85.35331757032533,79.04
yes,,27.730823059167093,85.35341773021905,97.56
yes,,27.730861945682893,85.35293011869042,326.76
yes,,27.730844148616324,85.35313851795401,154.34
yes,,27.730713824013566,85.35315913781143,61.63
yes,,27.730653562119013,85.35326537518758,55.02
yes,,27.730607350008242,85.35313814999891,138.76
yes,,27.73055665000016,85.35284049998684,77.17
yes,,27.73048616102932,85.35298823827907,62.0
yes,,27.73046505000395,85.3530856999967,100.36
yes,,27.73035970000232,85.35323814999457,96.72
yes,,27.73028403473042,85.35330876647562,155.29
yes,,27.730264749999098,85.35315859998765,119.81
yes,,27.730770200001874,85.35350799999655,93.23
yes,,27.730664571578213,85.35360760906701,82.69
yes,,27.730640972927514,85.35372501201947,67.27
yes,,27.730696799993307,85.35385089999721,200.81
yes,,27.73068103054396,85.3539840289,58.1
yes,,27.730532764980843,85.35394134938679,86.31
yes,,27.730206650003776,85.3534077499982,84.07
yes,,27.7227145668918,85.35373504748495,122.81
yes,,27.7227495512742,85.35589274499901,193.0
yes,,27.723356460708672,85.35590369052728,280.04
yes,,27.72285510053107,85.3563037163693,86.5
yes,,27.722809378628114,85.35552595430657,246.84
yes,,27.722986436415468,85.35565605539006,131.86
yes,,27.723155500001763,85.35629684999402,49.24
yes,,27.722434672239476,85.35564992177065,136.23
yes,,27.724041206841548,85.35616591056731,168.82
yes,,27.723833100002913,85.35611024999787,43.21
yes,,27.722797181714906,85.35482556182764,109.18
yes,,27.72406026887261,85.35684064778565,270.48
yes,,27.723442308148705,85.35766741637217,76.93
yes,,27.730076800019926,85.3535380500061,115.33
yes,,27.730106379297748,85.35338183906262,88.41
yes,,27.72997353319151,85.35352141622114,146.5
yes,,27.72985190001218,85.35349265000195,131.2
yes,,27.729738021362902,85.3534674608653,150.69
yes,,27.7297860218811,85.35333845422062,121.65
yes,,27.729798759177758,85.35321942756089,107.4
yes,,27.73018187708165,85.35418204551344,167.46
yes,,27.730031650001475,85.3540428999961,189.51
yes,,27.729942850021462,85.35380355000639,177.02
yes,,27.729817326924277,85.35397174193497,151.96
yes,,27.729763999975958,85.35413414999404,227.93
yes,,27.730059299999205,85.35429694999605,153.1
yes,,27.730242099997827,85.35408674999749,95.48
yes,,27.730265333116574,85.35445558348748,112.06
yes,,27.730237597821663,85.3545886055377,142.48
yes,,27.730148426326803,85.35451481902031,257.97
yes,,27.729818789086135,85.354399676193,155.63
yes,,27.72933174286847,85.3535542803139,89.37
yes,,27.72937985000061,85.35365125001209,101.52
yes,,27.72940870222833,85.35371963422045,72.84
yes,,27.729431593433848,85.35379753055753,73.38
yes,,27.7294614170017,85.3538950334917,82.16
yes,,27.729499050001184,85.35398795000455,103.37
yes,,27.72960241281764,85.35390968080043,94.55
yes,,27.729530530805413,85.35411010830028,117.19
yes,,27.729592582376508,85.35425311285182,100.76
yes,,27.72967170001624,85.35440974998345,126.32
yes,,27.72974030002955,85.35460469997224,175.65
yes,,27.72980916789995,85.35478548768546,87.47
yes,,27.729250303498148,85.35333861876099,139.27
yes,,27.729284900006075,85.35308165000362,70.16
yes,,27.72921944519475,85.35320808124969,121.99
yes,,27.729168417858627,85.35299899726496,150.54
yes,,27.72930423591241,85.35293496131008,110.16
yes,,27.729716295034518,85.35287487522594,101.26
yes,,27.729620759483858,85.35280884681666,96.59
yes,,27.729799879101297,85.35289025670976,108.1
yes,,27.73001657047984,85.35287355842192,109.85
yes,,27.730107950014744,85.35286949999862,107.04
yes,,27.730191650003633,85.3528352999997,45.11
yes,,27.729302109784943,85.35341265639842,44.11
yes,,27.729541350007757,85.35340729999994,98.91
yes,,27.72355698349059,85.35787164346176,84.82
yes,,27.723531992595767,85.35796127861182,83.36
yes,,27.723456034456042,85.35607512140048,77.63
yes,,27.723427640313094,85.35638116220517,69.28
yes,,27.72392150325927,85.35414245433391,82.35
yes,,27.724072680925076,85.35412878855807,60.59
yes,,27.72367760000796,85.3534498999913,77.98
yes,,27.723741399601543,85.3537077174602,184.1
yes,,27.723814347412457,85.35366990586328,180.99
yes,,27.72393273064905,85.35338424594863,142.85
yes,,27.724116411037915,85.35326555647075,72.15
yes,,27.724585300094436,85.35302803999892,195.33
yes,,27.72427127943105,85.35342297727799,113.74
yes,,27.723870062155562,85.35291203094059,116.63
yes,,27.724386450005518,85.3530564999983,84.46
yes,,27.72347823959728,85.35450011087799,213.12
yes,,27.723346298153675,85.35415758229732,56.27
yes,,27.724690650004593,85.35507549999592,68.58
yes,,27.72473085000367,85.35503514999198,43.25
yes,,27.72486167868896,85.35496794333935,134.79
yes,,27.725092943743004,85.35612127074481,52.78
yes,,27.72494413054703,85.35627283696454,59.58
yes,,27.723297500010318,85.35470274998679,138.79
yes,,27.7237455161965,85.35464594827293,154.05
yes,,27.723687750804288,85.35434099387406,88.08
yes,,27.723404454043816,85.35489023459479,117.51
yes,,27.723445741553583,85.35416554792278,106.34
yes,,27.723653329983968,85.35441813963881,82.48
yes,,27.72361811868055,85.35422704375836,86.66
yes,,27.7237878972363,85.35472263420672,65.1
yes,,27.723418100012022,85.35311344998667,98.19
yes,,27.723579259881646,85.35432555963754,129.43
yes,,27.724369509623667,85.35344196286651,70.45
yes,,27.725932550173834,85.3548539161441,61.34
yes,,27.723772500014814,85.35328364998192,90.81
yes,,27.725421785210802,85.35335280462468,109.55
yes,,27.723725606424576,85.3540616970256,212.74
yes,,27.725351782615274,85.35297349799971,91.17
yes,,27.72524930719268,85.35297462654647,96.49
yes,,27.72479701073645,85.3528879434522,107.96
yes,,27.72454177037486,85.35293270453914,117.8
yes,,27.725633918454268,85.35394572010702,145.21
yes,,27.725657200003937,85.35407569999192,34.89
yes,,27.725194290693217,85.35407884510745,101.92
yes,,27.725017421477045,85.35425843539942,145.88
yes,,27.7251325867307,85.35414135421675,119.72
yes,,27.7253653227713,85.35411609756284,129.18
yes,,27.725451206600592,85.35403630092783,93.41
yes,,27.72524538324489,85.3542409530916,119.08
yes,,27.725291175239708,85.35407042343392,65.7
yes,,27.724833824222365,85.35440971124476,96.82
yes,,27.72497705365361,85.35442199555645,51.89
yes,,27.7250280500489,85.35368414996523,618.79
yes,,27.725312588890823,85.35379948083927,188.26
yes,,27.725168366997973,85.3535704198451,320.05
yes,,27.72489223415916,85.3538640859212,288.92
yes,,27.725036499412752,85.35333663293997,130.32
yes,,27.724887188561873,85.35353514756295,171.78
yes,,27.724786354831586,85.3532311212183,123.86
yes,,27.724829419193416,85.3530583583391,98.61
yes,,27.72471285000416,85.35328254999976,69.61
yes,,27.72512407675202,85.35281696649868,93.9
yes,,27.726142043739593,85.35320911444995,67.41
yes,,27.726189507268998,85.3531527161757,123.21
yes,,27.725208650023713,85.35325724997678,215.75
yes,,27.726258646365277,85.35309633898217,79.37
yes,,27.72488819782535,85.35316423907568,91.53
yes,Bodhi Apartment,27.72406335100474,85.35596753361462,83.03
yes,,27.71334553321824,85.36428921328854,182.94
yes,,27.717596984616907,85.37309320332561,58.05
yes,,27.71762243334062,85.37325944355193,86.81
yes,,27.72071201646255,85.37484725433436,158.98
yes,,27.720868655659324,85.37510649705487,195.28
yes,,27.729930900000394,85.36854645000042,110.27
yes,,27.728158294711967,85.3654054966748,161.44
yes,,27.73376826912473,85.36704237560491,144.44
yes,,27.714779150011243,85.35312089999098,109.46
yes,,27.714607484486326,85.35375943232596,170.21
yes,,27.714477050003133,85.35525259999444,67.02
yes,,27.71482368057882,85.35365106275988,179.15
yes,,27.713947065959246,85.35405284827125,80.35
yes,,27.715183888692575,85.35302537276183,98.54
yes,,27.7135366803951,85.35420194169677,80.74
yes,,27.714896411062913,85.35418705920328,87.46
yes,,27.715068549831138,85.35389600452902,106.34
apartments,,27.730052822978937,85.35748393612148,93.6
apartments,,27.73099175000623,85.3570386499932,213.49
apartments,siddhartha bank,27.731056200011874,85.35688245000146,163.39
apartments,,27.72781680107124,85.3559724983936,200.01
yes,,27.72741545000847,85.37541344999877,97.59
yes,,27.727303829697682,85.37542300859897,103.94
yes,,27.727564649999493,85.37497845000648,170.14
yes,,27.727772635446403,85.37488206915643,84.2
yes,,27.727680620194736,85.37494273829454,79.84
yes,,27.72771831601062,85.3752383316493,41.18
yes,,27.7277855029706,85.37528165667608,78.56
yes,,27.72800299969227,85.37496603840262,205.27
yes,,27.727895916395525,85.3752489994408,67.26
yes,,27.727848922990592,85.3750320572133,213.24
yes,,27.727995284578817,85.37513363335367,291.39
yes,,27.729040752367293,85.35500827055479,78.83
yes,,27.728934913512074,85.35436096874088,181.44
yes,,27.729260976859486,85.35498459520471,190.84
yes,,27.729048776313444,85.35490809422551,162.29
yes,,27.72842467863458,85.35311894018028,145.04
yes,,27.728443389732952,85.35300551732853,83.22
yes,,27.728833400563918,85.35385754510146,108.93
yes,,27.72884855002505,85.35430760001756,114.89
yes,,27.72935031682149,85.35423872869339,103.16
yes,,27.7296310300697,85.35316714468965,137.22
yes,,27.73036416396781,85.3538777891786,50.05
yes,,27.730180866021232,85.35390582435144,38.9
yes,,27.731226583931765,85.3548245879038,51.94
yes,,27.731272700006265,85.35461365001302,99.43
yes,,27.73121484416012,85.35453423442152,132.73
yes,,27.730240380967384,85.35494037568257,140.01
yes,,27.730684095971952,85.35526320919914,187.32
yes,,27.7305365645984,85.35374502638419,55.03
yes,,27.72901405000367,85.35322040000285,86.0
yes,,27.728842850017756,85.35331984998967,57.77
yes,,27.73073573450094,85.35453041072014,59.1
yes,,27.727500464843494,85.3556317786273,104.98
yes,,27.7274185300955,85.35553379371424,92.68
yes,,27.72761546931268,85.35537509421536,88.27
yes,,27.714624691677763,85.35755928050875,58.02
yes,,27.714843355776377,85.36225287240303,131.13
yes,,27.7148755001559,85.36264990173687,144.33
yes,,27.714932000008616,85.36215699999839,136.01
yes,,27.714212406659076,85.36458109087978,111.83
yes,,27.71471842901242,85.36456421250702,174.03
yes,,27.714354261885784,85.36557583750886,97.46
yes,,27.714131469945197,85.36657757503883,116.06
yes,,27.71340349189941,85.36662937177921,109.85
yes,,27.713154904039477,85.36717102956825,106.84
yes,,27.713206100586806,85.36675004081897,139.95
yes,,27.713583492428896,85.36697221960269,45.47
yes,,27.713403800001334,85.36702165000082,47.98
yes,,27.713657970198355,85.36660122161734,42.14
yes,,27.713541268648296,85.36636449972733,87.05
yes,,27.713666883349198,85.36684397275835,150.3
yes,,27.713963672891325,85.36744020558814,184.47
yes,,27.713386680183042,85.3678568287829,111.12
yes,,27.712143543287496,85.36825547137957,95.59
yes,,27.71197390365092,85.36816198064878,57.21
yes,,27.712166078566295,85.36816944454543,60.37
yes,,27.712208681128985,85.3680606470926,56.13
yes,,27.712049873406485,85.36850270988525,177.28
yes,,27.711891391603057,85.36883697253592,344.88
yes,,27.71191211512264,85.36867136044553,144.87
yes,,27.7121916153943,85.3686953070745,200.63
yes,,27.712322251801133,85.36868666209733,204.32
yes,,27.71146620710191,85.36969830750999,162.14
yes,,27.71157132419343,85.37009149112264,147.46
yes,,27.724355000008625,85.34761350000792,32.06
yes,,27.724508228781716,85.34815475273136,104.05
yes,,27.72474890000557,85.34793770000127,54.82
yes,,27.72445060002135,85.34926144999802,304.65
yes,,27.724260034143718,85.34910464142636,188.48
yes,,27.723332392887915,85.34935199182776,129.15
yes,,27.716341117728824,85.37537397256446,218.26
yes,,27.720458300131362,85.37656085463102,295.72
yes,,27.71988090001172,85.37501695000367,102.58
yes,,27.720363826337874,85.37698404648923,384.84
yes,,27.721014550009457,85.37591315000837,104.21
yes,,27.720245433728874,85.37595076268799,104.86
yes,,27.719810354572264,85.37529602901994,118.89
yes,,27.7182889569103,85.37615279968638,63.84
yes,,27.7176985499983,85.37582490000258,53.51
yes,,27.720175683129927,85.37673254821684,137.75
yes,,27.720845283296228,85.37595944913556,64.41
yes,,27.720168700011154,85.37607750000943,108.14
yes,,27.71935834090315,85.37581437391309,370.29
yes,,27.721399750004633,85.37634394999597,78.34
yes,,27.719888418812204,85.37543136129332,281.27
yes,,27.720982846245242,85.37568946730262,141.31
yes,,27.718709338033324,85.37668402929152,88.55
yes,,27.721167878075114,85.37507203538813,71.64
yes,,27.720066881218333,85.3762465151544,157.2
yes,,27.719734066990636,85.37527498437659,102.85
yes,,27.721621150000924,85.37644069999808,131.14
yes,,27.720037863496497,85.37688787353089,318.73
yes,,27.719662953841052,85.3752553292308,103.95
yes,,27.72008605000583,85.37579215000287,72.3
yes,,27.721147080114545,85.37514364467147,72.18
yes,,27.71960170000832,85.37556130000247,64.39
yes,,27.719977985400607,85.37681243054881,241.3
yes,,27.719280149993608,85.37602220001007,119.94
yes,,27.720112237492053,85.37592067912541,94.78
yes,,27.71992813876387,85.37518680021576,168.35
yes,,27.721081183145436,85.37596799490993,124.95
yes,,27.720973950008023,85.37610069998865,137.31
yes,,27.720222400003966,85.37514244999593,103.85
yes,,27.71945662915593,85.37598425295882,134.48
yes,,27.720682283113106,85.37596524703453,120.23
yes,,27.720806950006555,85.3750573500067,54.71
yes,,27.721129469793947,85.37679073776586,106.33
yes,,27.71770768137857,85.3758955146086,76.96
yes,,27.721328171741327,85.37626303349589,120.82
yes,,27.717707019526852,85.37597228711064,77.05
yes,,27.720557368559454,85.37652781321488,213.68
yes,,27.72105457140862,85.37619464181742,140.85
yes,,27.720956254629375,85.37534989425482,38.42
yes,,27.719852539849615,85.37622713697704,135.28
yes,,27.719709700368693,85.37545739705202,86.47
yes,,27.72122768135296,85.37679728781386,236.75
yes,,27.720970648155323,85.37528334206917,57.25
yes,,27.72059520080004,85.37603974850609,203.22
yes,,27.720656555493683,85.37581138469125,112.53
yes,,27.71886994670853,85.37546506047728,79.23
yes,,27.719781645912743,85.37620734964308,112.23
yes,,27.719725430362292,85.376147187132,114.68
yes,,27.721114720699536,85.3752312482331,124.67
yes,,27.720353967600225,85.37564774276908,127.58
yes,,27.72039907014902,85.37608839220985,106.59
yes,,27.72005165766218,85.3760327960486,188.03
yes,,27.720942937760327,85.3758522303687,144.5
yes,,27.721049214085863,85.37506291429355,106.26
yes,,27.720503418735504,85.37700608600721,274.38
yes,,27.720576518370834,85.37682382412106,281.72
yes,,27.72082567060903,85.37528834383156,204.43
yes,,27.719689482092697,85.37635445657618,168.54
yes,,27.720399377054598,85.37592345319854,169.9
yes,,27.720331062290814,85.37583451076347,167.22
yes,,27.719542030593797,85.37554011484634,79.9
yes,,27.720235798247003,85.37612132611886,117.46
yes,,27.71966508158309,85.37557105871086,97.51
yes,,27.721238082495887,85.3761841831104,101.68
yes,,27.720158318928007,85.37583668855778,122.43
yes,,27.720137149093112,85.37660574910015,263.72
yes,,27.72055180176568,85.3757411826196,166.68
yes,,27.720757965285927,85.3758737427321,103.82
yes,,27.72042059481469,85.37572007966688,93.14
yes,,27.72090067846007,85.37601996714028,98.59
yes,,27.721636373618583,85.37633588937106,122.66
yes,,27.720268229031483,85.37572077636008,98.13
yes,,27.71771714757324,85.37605650994063,114.9
yes,,27.72107527842009,85.37533448967294,152.05
yes,,27.719772666704703,85.37637821105928,147.21
yes,,27.721192200085074,85.37606042180563,164.45
yes,,27.72061158877764,85.37589377440659,112.64
yes,,27.728122095282885,85.3578351119521,92.95
yes,,27.728939325575745,85.35612271616962,223.46
yes,,27.729345100055813,85.35612470010457,428.88
yes,,27.72942026680135,85.35630460311012,118.81
yes,,27.729515270361283,85.3561482619913,137.08
yes,Dev Darsan Cafe,27.72450506831515,85.34954789637463,168.17
commercial,Pabitra Pani (Underground water supply) company,27.72530810715619,85.34935722560306,331.62
hotel,Shamba Ling Hotel,27.726687683301073,85.3654891067534,411.58
yes,Sidheswori Temple,27.72054776182118,85.37367747406505,330.97
yes,Carpet Factory,27.721145222891565,85.3742223109412,92.94
yes,Gonarkeswor Minicipality Office,27.72154887881997,85.37269536044158,88.47
yes,Hardware Stores,27.721748374985005,85.37359799768683,173.95
yes,Milanchowk Party Venue,27.72995415000358,85.35516864999774,118.44
yes,,27.713888785447562,85.3717834285705,43.75
yes,Nepal Tele Communication,27.733920732818856,85.35944383864393,441.2
yes,Bhandari Niwas,27.73242346483996,85.3606181666652,38.88
yes,Chabahil Futsal,27.72303887045211,85.34795741052717,513.43
yes,Top Ten Momo Center,27.724173500040685,85.3495425999977,168.75
yes,,27.730451714974762,85.3619608342767,77.72
yes,,27.72831810357029,85.36599177044626,84.63
yes,,27.730728616050584,85.36485078223912,67.41
yes,,27.728495863283246,85.3659278687399,127.14
yes,,27.728437250004262,85.36610460000216,45.43
yes,,27.73017529778053,85.3651701329909,104.42
yes,,27.729066065066174,85.36481724494735,354.32
yes,,27.729620879404,85.3647671391276,234.0
yes,,27.729537186107958,85.36153081614121,80.5
yes,,27.72663600006909,85.36345170001813,265.69
yes,,27.73026031111497,85.36485090424999,95.96
yes,,27.732725600027692,85.35452949996775,170.71
yes,,27.731352983825897,85.35558494712548,90.31
yes,,27.732983294389054,85.3541642797132,69.21
yes,,27.73305145000816,85.35610095000467,120.38
yes,,27.731136475844263,85.35632063557655,151.72
yes,,27.732653100892644,85.35644113301873,65.39
yes,,27.731619639558303,85.35464958404829,113.25
yes,,27.73292635001895,85.35448779997417,110.04
yes,,27.733801171998415,85.35597300658974,151.18
yes,,27.733116025436626,85.35437897397861,19.49
yes,,27.733059850017113,85.35440429997894,162.99
yes,,27.733039906652895,85.35426667737197,23.57
yes,,27.73283440079327,85.3545401172082,175.32
yes,,27.73161415512734,85.3543875181418,94.12
yes,,27.732742632726882,85.35412274785322,99.71
residential,,27.7318267000069,85.35644530000118,99.74
yes,,27.73226775001195,85.35426345000091,136.78
yes,,27.73266370211092,85.35388886733416,120.4
yes,,27.73080867512644,85.35547693871656,137.85
yes,,27.730988250014548,85.35494924999236,180.57
yes,,27.731490750006706,85.3533904000076,97.91
yes,,27.728701964804852,85.35363487915747,136.52
yes,,27.71991531604116,85.3484539321719,110.47
yes,,27.713892349999,85.37183980000096,51.53
yes,,27.72042052264519,85.37247881149908,34.64
yes,,27.723884499995517,85.36991739999658,93.12
yes,,27.71883761693603,85.37066336640113,89.6
yes,,27.730627967018133,85.35395549021774,18.71
yes,,27.712052408594616,85.36724269554283,90.33
yes,,27.72837940000218,85.35265654999974,49.81
yes,,27.72834147423452,85.35272245514028,31.83
yes,,27.732025700457054,85.35256841534871,16.42
yes,,27.726103349461237,85.35325545029045,79.62
yes,,27.73029750000329,85.3513318499997,44.79
yes,,27.730247645113103,85.35133156970852,39.33
yes,,27.721078248252315,85.37421464434888,35.94
yes,,27.732744433996665,85.35381860587306,92.32
yes,,27.732586550006584,85.35393504999321,70.49
yes,,27.731779920528183,85.35221116476703,7.29
yes,,27.71264817902728,85.36914657943781,196.92
yes,,27.71658728670031,85.35761125935359,108.22
yes,,27.73284849451079,85.36267176536225,91.15
yes,,27.733810875145362,85.36499222984952,91.49
yes,,27.732812833196338,85.36613661730844,78.81
yes,,27.7335867190256,85.3651060329962,135.41
yes,,27.732734883204174,85.36715930405038,101.64
yes,Water Supply Organization,27.72183420334023,85.35330783500343,71.45
yes,,27.722032957406267,85.35449989626677,156.48
yes,,27.724149190336867,85.352509325534,97.12
yes,,27.730205034015928,85.36831939108694,101.38
yes,metropolitan police department,27.722028620362575,85.35418429540094,395.17
yes,,27.72894461938854,85.36492077148779,154.31
yes,,27.730154400006434,85.35641560000407,89.31
yes,,27.72406466659377,85.35263035130342,95.82
yes,,27.72395525580157,85.35269980350519,123.64
yes,,27.728721303516263,85.36471185601026,308.89
yes,,27.729667929416966,85.35550754029181,139.07
yes,,27.731342716933558,85.35472040361094,126.39
yes,,27.728933264026367,85.35489608036966,79.9
yes,,27.721204317960776,85.37026162590394,162.25
yes,,27.728853773029183,85.35472115879236,81.49
yes,,27.72642640244287,85.35293390891937,146.41
yes,,27.73203055000608,85.36130289999966,100.19
yes,,27.73102035000598,85.36059765000871,62.76
yes,,27.731062958466936,85.3606303114373,48.0
yes,,27.732650850009215,85.36122455001068,140.58
yes,,27.731588150001997,85.35933349999978,56.14
yes,,27.731976968450276,85.3603919537409,157.92
yes,,27.732461000003454,85.3612018000024,37.01
yes,,27.73363108058516,85.35696633575985,70.6
yes,,27.733532582675398,85.36222632050455,75.28
yes,,27.73184520000638,85.36129129999807,111.43
yes,,27.73111185000657,85.36001120000232,74.6
yes,,27.734715263290703,85.3609448771737,102.06
yes,,27.7329573147808,85.36422163541226,134.9
yes,,27.7330592351678,85.36218503652496,73.12
yes,,27.732657750001223,85.35771239999153,48.35
yes,,27.73315370691846,85.35817702232264,86.84
yes,,27.731598550003838,85.35984149999828,81.75
yes,,27.734050300001133,85.36050430000031,85.98
yes,,27.73203270683775,85.36081628232296,57.78
yes,,27.732222516661754,85.36435718649763,88.85
yes,,27.73396557089744,85.3621674086871,76.69
yes,,27.733941495093518,85.36053430304943,118.86
yes,,27.730988999331682,85.3639487325844,67.53
yes,,27.73362237956162,85.36077706584017,118.31
yes,Shiva Mandir,27.7312768663785,85.35302344872241,49.69
yes,,27.732739132043772,85.35993494469089,47.24
yes,,27.73343235000283,85.3587886500004,40.71
yes,,27.732118031788254,85.36005435523427,91.96
yes,,27.732806900003087,85.35963404999355,103.75
yes,,27.732787500013533,85.35928795001037,64.09
yes,,27.732116449995505,85.35939159997734,147.84
yes,,27.732654250000373,85.35984274998914,70.37
yes,,27.73269345000403,85.35975154999518,96.51
yes,,27.732714800013927,85.35951820000894,120.94
yes,,27.732017800024074,85.35999745001617,169.02
yes,,27.733465550003984,85.35870550000189,49.04
yes,,27.733489550000765,85.35893774999086,35.74
yes,,27.732188300005706,85.36072360000685,83.05
yes,,27.7304818442974,85.36062965665799,186.21
yes,,27.73146300732565,85.36079093202831,98.95
yes,,27.729381419102292,85.36092157958753,105.07
yes,,27.728358461504747,85.36058982491225,87.19
yes,,27.728780849999882,85.35999494998644,154.47
yes,,27.728868131528888,85.36034799332873,96.98
yes,,27.728935750005668,85.3600735500036,61.08
yes,,27.728740100004224,85.3601137999918,160.16
yes,,27.729323633141686,85.36127739956325,46.93
yes,,27.72904009849299,85.3615368123279,133.52
yes,,27.72910551255585,85.36143221637384,79.74
yes,,27.728673900004818,85.3632402000009,76.45
yes,,27.72957758517783,85.36332792825263,55.0
yes,,27.72844057236297,85.36385821594605,47.81
yes,,27.728697433765472,85.36291229719173,40.96
yes,,27.72859040001058,85.36338845001563,165.39
yes,,27.728492682255453,85.36318950886479,74.98
yes,,27.729463062855864,85.36335652655364,62.08
yes,,27.729314238603255,85.36349039980702,81.34
yes,,27.72853177275493,85.36391702404919,64.59
yes,,27.728445547976424,85.36369144785614,120.99
yes,,27.72966970025119,85.36349929513403,131.99
yes,,27.72932293195477,85.36382221740718,79.01
yes,,27.729245000004756,85.36357494999434,85.05
yes,,27.729335550919398,85.36406868128182,69.86
yes,,27.729296392533566,85.36395954388398,62.06
yes,,27.728745856849415,85.36131642647915,85.42
yes,,27.72866267115527,85.3603597700322,59.87
yes,,27.728710900002756,85.36026034999114,105.21
yes,,27.72956485659786,85.36069425274374,93.67
yes,,27.729337340205294,85.36027422519925,117.32
yes,,27.728663250003983,85.36057139999376,96.19
yes,,27.72937689603416,85.36046089491849,69.79
yes,,27.72844173079799,85.36135257848953,168.13
yes,,27.729253964044656,85.36256260876331,80.03
yes,,27.73014462299774,85.3612430878848,136.71
yes,,27.730271194558426,85.36140906539957,88.14
yes,,27.72884460000766,85.36181615000004,118.23
yes,,27.730531834316718,85.36128455902652,57.69
yes,,27.730343445591387,85.36460987975781,142.91
yes,,27.72897065001251,85.36432540000945,52.9
yes,,27.73048515808858,85.36451284391178,185.04
yes,,27.730212774313223,85.36403308774781,92.23
yes,,27.73048219556445,85.36325586852125,70.14
yes,,27.73023520000786,85.36463105000163,214.44
yes,,27.730250960759886,85.36429048725051,114.34
yes,,27.730558217338732,85.36404394610915,68.77
yes,,27.73054115000526,85.3631321500002,79.72
yes,,27.730433383746124,85.36435858955942,161.97
yes,,27.73047009926559,85.3638966157306,103.36
yes,,27.73058376736721,85.36384196314955,139.83
yes,,27.729034814092433,85.36431049582723,58.01
yes,,27.730496326536297,85.36464477165299,131.64
yes,,27.73034837114921,85.3644222953878,88.84
yes,,27.72921620884244,85.35895026292856,154.5
yes,,27.73151984540175,85.35932792274998,46.87
yes,,27.729088159212147,85.35906931889335,213.39
yes,,27.731438400010298,85.35933405000269,74.77
yes,,27.731299601151694,85.35933049017471,190.55
yes,,27.731689688829626,85.35951942260428,24.75
yes,,27.731629499999965,85.35972244999695,45.58
yes,,27.731648709396513,85.35964648050194,60.29
yes,,27.730277582896868,85.36035695297208,87.29
yes,,27.73050471238443,85.35955697672878,60.05
yes,,27.730416465462195,85.35975276568763,44.27
yes,,27.730319556237262,85.35987818255451,101.05
yes,,27.730583100009934,85.35986380001275,83.64
yes,,27.731815400040333,85.35934585000845,195.72
yes,,27.730552849999956,85.3597034999957,55.89
yes,,27.73008705000573,85.36015705000025,88.5
yes,,27.729978928730826,85.36027865090529,240.76
yes,,27.730764120694456,85.35940845988317,70.21
yes,,27.730648672855512,85.35974453994403,105.4
yes,,27.73068225000918,85.35993199999842,156.79
yes,,27.73050059475445,85.3601973189762,78.64
yes,,27.730166235837647,85.36024009773892,60.89
yes,,27.73041880501567,85.36023149513694,59.64
yes,,27.730375352615006,85.360500098695,62.38
yes,,27.730305729061726,85.36054413385399,61.5
yes,,27.730760175759578,85.36003039088668,39.86
yes,,27.73058746596443,85.36014705578826,72.77
yes,,27.730548050020563,85.36038680003134,158.89
yes,,27.730645500004805,85.36024075000087,72.82
yes,,27.730677850005854,85.36037115000124,86.43
yes,,27.72758180000099,85.34939489999832,31.67
yes,,27.72745055595798,85.34934298173346,45.01
yes,,27.727895589895507,85.3496986876218,30.21
yes,,27.72820964459324,85.35090057097734,218.81
yes,,27.727872186171535,85.34965934418092,29.09
yes,,27.72784465000292,85.34962445000677,27.09
yes,,27.7279321662163,85.34973505204046,42.22
yes,,27.727788387790902,85.34957339473527,77.74
yes,,27.7236497675875,85.34702909336235,99.47
yes,,27.73177690187466,85.3597173273787,95.96
house,,27.728682434346787,85.36379125403687,115.58
house,,27.72858992932666,85.36356283905869,167.1
yes,Riyaska motor driving centre,27.726016901589674,85.35458568246064,123.97
school,john academy,27.71371785005885,85.36548154999518,440.82
yes,,27.73288976492372,85.35570396212192,111.12
yes,,27.732761617200975,85.35568230558286,18.34
yes,,27.732818715352202,85.35634354340073,80.72
residential,,27.732405351047774,85.35579655115097,53.35
yes,,27.732309717554443,85.35545123987853,135.04
yes,,27.73121255000345,85.35557000000345,55.1
yes,,27.731088400009256,85.35614590000017,98.73
yes,,27.730964881176426,85.35634177798492,99.06
yes,,27.730707379719227,85.35622488531305,153.01
yes,,27.730699135759753,85.35634903441503,91.51
residential,,27.73330204902845,85.36381849730193,141.99
residential,,27.73376793208959,85.36360598636598,43.56
residential,,27.733318372626652,85.36351380471501,39.47
yes,,27.733611618428508,85.36264504517919,207.82
residential,,27.733389684277952,85.36320496923784,76.84
residential,,27.73399105001004,85.36375905000826,95.77
residential,,27.733910552076463,85.36370023164521,88.06
residential,,27.73328758390202,85.36322090868805,125.7
yes,,27.73395539105669,85.3628456653623,23.81
yes,,27.73392333199136,85.36289530979035,63.55
residential,,27.73375397268826,85.36309047898965,88.07
yes,,27.733884950722413,85.36294803470483,38.89
yes,,27.733855189436493,85.36280297867326,43.79
residential,,27.734073950006206,85.36363264999726,124.29
residential,,27.733845638461226,85.3636662240581,66.46
yes,,27.73382225451715,85.36286599471987,40.8
residential,,27.733639184378593,85.36329865479291,79.64
residential,,27.73389450000631,85.36312699999793,117.48
yes,,27.733824544017512,85.36323238335332,48.29
residential,,27.73353290000309,85.36321550000002,83.06
yes,,27.733354579987374,85.3629680847055,58.24
yes,,27.733298855618088,85.36251654268044,90.2
yes,,27.733286100003756,85.36236145000431,32.69
yes,,27.733409500008218,85.36269005000271,107.55
yes,,27.73349847037221,85.36255658151573,86.32
yes,,27.733999384685088,85.36468966915595,135.71
residential,,27.73447086719324,85.35957435654805,58.72
residential,,27.734763722230717,85.35970656186745,0.26
yes,,27.7280510166604,85.36994080027776,129.62
yes,,27.727784984890814,85.37014023613858,130.33
yes,,27.727712445742966,85.37007903337258,109.47
yes,,27.727656754609328,85.37000839763931,115.9
yes,,27.727602650006112,85.36992615000052,99.5
yes,,27.72801174999556,85.37049700003531,160.78
residential,,27.727228050063143,85.37017609999266,995.67
commercial,,27.72756708531373,85.37041313498342,572.93
residential,,27.726879679841424,85.37028668465918,39.88
yes,,27.731440400009188,85.35595645000458,69.29
yes,,27.73139995000263,85.35604579999863,60.8
yes,,27.731429821400603,85.35615977109939,59.42
yes,,27.731477620669367,85.35633755785248,40.26
yes,,27.73174160000096,85.35511449999751,33.58
yes,,27.731725695983304,85.3551815640568,62.4
yes,,27.73163070000985,85.35506495000618,81.37
yes,,27.731718843114855,85.35526286185303,46.14
yes,,27.7317283773472,85.35534433295264,33.45
yes,,27.731677127960047,85.35531331225825,41.03
yes,,27.73194210000343,85.35520274999955,64.67
yes,,27.731945739007905,85.355318435884,47.44
yes,,27.732215250003765,85.3548751500017,58.29
yes,,27.73210455378001,85.35498308284795,53.63
yes,,27.732154900004527,85.35480185000905,44.48
yes,,27.73224712138215,85.35537533451998,33.76
yes,,27.732103900005136,85.35522284999733,58.08
yes,,27.73207799283424,85.35533123609409,74.44
yes,,27.732016749703803,85.35543477407299,68.99
residential,,27.731901000002548,85.35625849999623,64.86
residential,,27.731873295083645,85.35634306743859,61.94
residential,,27.73169163949846,85.35632561921143,64.44
residential,,27.73167799481902,85.35649495788942,37.81
yes,,27.73175220000116,85.35655394999966,21.06
yes,,27.731721318947212,85.35660210445339,37.23
yes,,27.731822321442266,85.35659375497691,39.88
yes,,27.731846348447572,85.35707043343756,32.25
yes,,27.731811567604538,85.3567181478489,121.89
yes,,27.731844737669505,85.35683826912651,69.33
yes,,27.731768533466575,85.35681111738569,22.67
yes,,27.73177431199988,85.35697367917625,48.92
yes,,27.73171833596296,85.35705057350327,31.22
yes,,27.73177252048842,85.35707183273519,28.07
residential,,27.731940100004966,85.35648175000287,59.01
yes,,27.723027804868668,85.3618129284687,44.01
yes,,27.722921973634023,85.36204940992808,259.31
yes,,27.722795688113486,85.3617372097323,111.86
yes,,27.722931877614894,85.3615669932213,74.17
yes,,27.722685400009162,85.36181279999846,125.1
yes,,27.722711177723998,85.36206820017324,181.85
yes,,27.722518537019784,85.36196958410044,171.43
yes,,27.73210475000172,85.35703314999648,33.51
yes,,27.73239443059148,85.35699903718881,42.68
yes,,27.732166415943425,85.35698957154311,35.5
yes,,27.73220506658882,85.3570515498221,24.7
yes,,27.731568600002387,85.35531600000012,35.36
yes,,27.731857600000527,85.35532469999939,32.9
yes,,27.731543854569832,85.35684676014203,45.44
yes,,27.73210390000426,85.35681129999848,44.49
yes,,27.73241600000991,85.35672770000485,65.6
yes,,27.732292650002115,85.35666939999983,55.53
yes,,27.73302623202481,85.35579788209829,133.06
yes,,27.731551551323737,85.35621603286013,82.3
yes,,27.731681850005554,85.35692585000099,54.8
yes,,27.73223757861631,85.35696180936986,42.87
yes,,27.730842594241224,85.35640095697131,90.42
yes,,27.73227801137891,85.35709771606803,64.52
yes,,27.73235030016238,85.35707596010377,31.26
yes,,27.732141354700925,85.35714227435821,60.66
yes,,27.731845450001465,85.35539499999638,24.04
yes,,27.731809160603603,85.35690893035455,65.8
yes,,27.731688550001905,85.355423999992,78.76
yes,,27.73231396636228,85.35692693181838,38.41
yes,,27.719970399804097,85.37207652808212,136.74
yes,,27.720099043528162,85.37207014727332,95.4
yes,,27.720102756062108,85.37218206892364,31.24
yes,,27.719992053696018,85.37167919132294,15.27
yes,,27.720040244606544,85.37144521961537,191.75
yes,,27.720156403381992,85.37165269457176,168.33
yes,,27.720049615094677,85.3715808515938,27.45
yes,,27.72004118394573,85.37164883920283,52.18
yes,,27.720189188072275,85.37146672819765,151.61
yes,,27.71992284765181,85.37118348374534,159.52
yes,,27.720150970844838,85.37108788783658,106.37
yes,,27.720293965015543,85.37115673075967,139.18
yes,,27.72020020750222,85.37118129926874,44.3
yes,,27.72014718976068,85.37082694111831,93.03
yes,,27.720101445353908,85.37085914490967,25.28
yes,,27.720089637145566,85.37100201303909,71.94
yes,,27.720309368043857,85.37088605905738,349.44
yes,,27.720247321447776,85.37066038674236,89.86
yes,,27.720131588937342,85.37065317040789,43.01
yes,,27.72052166522482,85.37100566373184,123.41
yes,,27.72058718604251,85.37086582300954,73.2
yes,,27.720521811318015,85.37073003901105,173.29
yes,,27.720349573647944,85.37070186147305,81.41
yes,,27.720727424598714,85.37077216403239,154.09
yes,,27.720697070200945,85.37090336796999,59.23
yes,,27.720572282990815,85.37101792900754,63.04
yes,,27.72061940164483,85.3710506483862,55.15
yes,,27.720679648826646,85.37105076433775,45.7
yes,,27.720728131602744,85.37103035763305,37.22
yes,,27.72077994472667,85.37103064359401,35.35
yes,,27.72082172647284,85.37104771123137,39.52
yes,,27.72074817728318,85.37095480951587,15.99
yes,,27.7207739884597,85.37061582240162,79.74
yes,,27.720883468259622,85.37072961402934,138.72
yes,,27.720901692070406,85.371082934033,91.42
yes,,27.720926848770958,85.3710043661532,89.14
yes,,27.720977613824644,85.3708672339563,120.79
yes,,27.720999944601786,85.37112985584534,84.0
yes,,27.721102050445158,85.37115898837473,139.3
yes,,27.72107926007376,85.3709830407683,34.65
yes,,27.72114927920883,85.37100071002057,55.02
yes,,27.721118292251873,85.3709057298374,72.55
yes,,27.72115522854203,85.37077015106426,129.07
yes,,27.721250519744476,85.37078818011254,113.58
yes,,27.721256458523612,85.37090441968073,37.79
yes,,27.72122675179678,85.37102424295362,24.0
yes,,27.72134110975499,85.37103148188982,129.23
yes,,27.721326212656383,85.37110745440766,123.41
yes,,27.72120292668829,85.3711016616386,28.82
yes,,27.7212036320727,85.3712037121213,29.47
yes,,27.72125070483085,85.37123672924271,47.01
yes,,27.72129793127433,85.37115760764729,29.19
yes,,27.721385579714315,85.37133217441387,71.18
yes,,27.721417805387695,85.37126119486513,16.02
yes,,27.72132260000057,85.37124179999923,60.09
yes,,27.7213039999988,85.3713151499969,34.68
yes,,27.72124060140011,85.37095427634465,33.37
yes,,27.721360402418732,85.37096678123972,44.7
yes,,27.721347135894803,85.37089698837876,40.04
yes,,27.721312128877507,85.37093088530341,5.96
yes,Star Mobile House,27.72134783610981,85.37079784831516,120.88
yes,,27.721354828853805,85.37066221452687,96.75
yes,,27.72125603707775,85.37066378135977,77.36
yes,,27.721168916260844,85.37064133961343,87.96
residential,,27.717168740596644,85.3475072351002,16.0
residential,,27.717045701893934,85.34755361868316,6.34
residential,,27.730215850001848,85.3695740499954,125.05
residential,,27.730407079248764,85.36949938175623,212.91
residential,,27.730066045624262,85.36913232302362,253.64
residential,,27.72995166424185,85.36977848843898,116.69
residential,,27.73002431382805,85.3713055742961,95.6
residential,,27.72998220001378,85.37145955000858,119.97
residential,,27.729249619710583,85.36949874737269,168.29
residential,,27.729462547353464,85.37090356640589,250.81
residential,,27.729265472429887,85.37142970461367,127.41
residential,,27.730651331465232,85.36908734608294,28.11
yes,,27.729650279196093,85.3702930694417,172.85
residential,,27.729410566815346,85.37125681066,82.26
residential,,27.7285091037464,85.3702588336058,92.77
residential,,27.728641798877394,85.37022680274876,223.04
residential,,27.728522960335624,85.37046932226175,85.75
residential,,27.714503902642633,85.35215423230397,78.32
residential,,27.71447996005612,85.3514812783198,106.8
residential,,27.71434515000501,85.35197674999998,77.54
residential,,27.714686219248353,85.35232674762182,190.31
residential,,27.714590432971967,85.35187204557809,73.24
residential,,27.714402650828397,85.35204041638,76.71
yes,,27.71396540000243,85.35174629999398,149.91
yes,,27.714090298813396,85.35180957370765,169.29
commercial,,27.713805191644685,85.35214454898848,118.44
yes,,27.720310926409272,85.3716381220502,92.82
yes,,27.720281566948263,85.37173375135728,22.74
yes,,27.72035258439048,85.37174515028114,24.21
yes,,27.72043244544477,85.37170926193271,119.9
yes,,27.72034346988106,85.37145555335982,20.94
yes,,27.7203620455635,85.37141500190802,36.1
yes,,27.720418382978917,85.37121829021842,84.11
yes,,27.720383497723688,85.3713422381566,81.93
yes,,27.72041264459005,85.3714815225478,39.72
yes,,27.720491392238028,85.3714959664099,43.35
yes,,27.720491547057037,85.3712711148491,56.16
yes,,27.72063980000858,85.37156559999936,143.48
yes,,27.720601157355887,85.37120748264002,79.12
yes,,27.720554935865163,85.37134456066298,47.73
yes,,27.720727174989282,85.37120263964863,121.71
yes,,27.720679496340402,85.37136714771428,67.25
yes,,27.720813904660833,85.3714085358998,68.55
yes,,27.72065829199564,85.37170072968851,74.66
yes,,27.720725054391327,85.3717235803275,42.86
residential,,27.72079494242011,85.37175103207899,94.74
residential,,27.720850417701755,85.37151423142257,112.61
residential,,27.7210073975073,85.37187352338458,180.93
residential,,27.721119066888125,85.37189760297949,90.28
yes,,27.721016186953843,85.37131729515659,120.44
commercial,,27.72099995353602,85.37147486693614,87.8
commercial,,27.721137675944796,85.37160541748011,79.16
residential,,27.72099459436122,85.37171128493708,18.06
commercial,,27.721031194606898,85.3717184172178,22.38
commercial,,27.721043882269772,85.37166852265874,18.64
residential,,27.72100628218384,85.3716442492192,15.96
commercial,,27.721083546358308,85.37172385771845,18.51
commercial,,27.721129603669954,85.37172804130773,12.62
commercial,,27.721237741520927,85.37190913766734,177.64
commercial,,27.721374852899068,85.37191297211132,268.18
residential,,27.721316570687026,85.37145050303224,161.05
residential,,27.713845971467727,85.352333248627,82.05
yes,,27.720975198909766,85.36173527720729,10.31
yes,,27.720185426404967,85.37207674998709,17.2
yes,,27.720349689349785,85.37222850400532,45.07
yes,,27.720297421944757,85.37227768715606,22.35
yes,,27.72038687655984,85.3721884727274,32.46
yes,,27.72032441359555,85.37210762572163,70.03
yes,,27.72025071301106,85.37196836942655,69.01
yes,,27.72042993660384,85.37185691150823,57.36
yes,,27.72043863732461,85.37192377682314,9.0
yes,,27.720496383646445,85.3720313002295,49.67
yes,,27.720542884696634,85.37199640773106,18.85
yes,,27.720456797321855,85.37198800422841,34.84
yes,,27.72064132712276,85.37192928165906,14.86
yes,,27.72061318142913,85.37201569788508,43.04
yes,,27.720723307146898,85.37202463915946,26.83
yes,,27.720742856998932,85.37194333263734,25.52
yes,,27.720683991956154,85.37193232157468,19.26
yes,,27.720670623176503,85.37201313276472,12.86
yes,,27.72080728007324,85.37199270877066,72.52
yes,,27.720519797367423,85.37225837867781,133.91
yes,,27.720710348903264,85.37226605700945,76.5
yes,,27.720808747618637,85.37235955888637,23.98
yes,,27.720772853381533,85.37231847019393,22.79
yes,,27.72075702223433,85.37236768188328,19.51
yes,,27.720861429319562,85.37237227129116,39.18
yes,,27.720934403864934,85.372240903025,33.54
yes,,27.72090963652666,85.37236612794584,32.2
yes,,27.72102432554397,85.37239986687774,33.2
yes,,27.721059782108913,85.37240696522579,40.98
yes,,27.721058774787366,85.37229389987606,37.5
yes,,27.72114708060232,85.37242914850765,153.3
yes,,27.721117697792778,85.3721673637744,48.73
yes,,27.721128120628737,85.3720424176008,35.71
yes,,27.721223384156076,85.37219469969847,244.26
yes,,27.721243463225353,85.37205094910912,22.94
yes,,27.721201510946745,85.37203835977948,17.99
yes,,27.721310909229047,85.37205718473514,27.16
yes,,27.721311122758685,85.37218373841675,47.17
yes,,27.721308805033114,85.37227989131163,49.93
yes,,27.721258730232627,85.37238362588351,12.82
yes,,27.721431105160644,85.37248392972137,59.65
yes,,27.72143607595881,85.37227181420774,22.63
yes,,27.721438079573087,85.37231830134671,33.74
yes,,27.721393818592716,85.37223229162971,26.11
yes,,27.721439626193277,85.37239411309993,61.16
yes,,27.721374861332535,85.37229069051305,16.17
yes,,27.72136580011293,85.37238860208255,12.62
yes,,27.720845194986914,85.37279470597161,52.94
yes,,27.72096290146646,85.3724050688519,17.07
yes,,27.720971507534458,85.37236786730148,17.18
yes,,27.720893331748922,85.37303897255991,56.89
yes,,27.72093475474657,85.37315315277482,61.24
yes,,27.720876409302726,85.37314617343202,40.47
yes,,27.721010547392662,85.37310975930271,113.23
yes,,27.720907823665296,85.3728158160185,53.68
yes,,27.721114735400082,85.37282203087183,47.54
yes,,27.721096888839643,85.37289138158509,39.12
yes,,27.72108371060954,85.37297507463454,45.86
yes,,27.72096036277987,85.37279717165794,40.58
yes,,27.7210340119326,85.3727978484096,45.03
yes,,27.721189540612432,85.37261101473061,110.09
yes,,27.72114992821679,85.37268678880984,16.03
yes,,27.72119810512485,85.37311404050038,78.12
yes,,27.721217972100916,85.37301174437057,73.93
yes,,27.721257481618846,85.37292818980791,78.99
yes,,27.721257238343103,85.37283984011812,82.18
yes,,27.721363031625803,85.37303697343351,33.87
yes,,27.721380370468864,85.37289724037603,50.68
yes,,27.72136182992901,85.37297214768292,19.83
yes,,27.72138461714403,85.37279353990643,70.07
yes,,27.721450094196243,85.37287189905447,52.34
yes,,27.72149363105546,85.37313867877577,63.86
yes,,27.721518171892555,85.37293742335046,65.06
yes,,27.721608464544033,85.37313726542394,50.2
yes,,27.72160367483748,85.3730580370413,46.04
yes,,27.721603810617655,85.37293996608402,73.04
yes,,27.721587640404415,85.37283915008983,45.69
residential,,27.714017250000012,85.35267724999966,27.81
yes,,27.71292927306958,85.35283046172432,116.9
yes,,27.71298815636439,85.35273330848618,103.72
yes,,27.71287626691117,85.35278116607935,46.58
yes,,27.7130065689268,85.35288838663018,126.19
yes,,27.71320015001279,85.3526886499813,286.4
residential,,27.713353904381233,85.35276933640692,79.3
residential,,27.713478600510843,85.3529569990766,84.37
yes,,27.71359813265863,85.35326062336783,72.04
yes,,27.71351640668498,85.35327934506235,91.72
yes,,27.713424008823896,85.35097152098922,32.7
yes,,27.71325968342746,85.35079922587191,159.73
yes,,27.713267838663814,85.35066506517579,143.39
yes,,27.713407100015,85.35050405000412,151.09
residential,,27.71405980000522,85.3512219999998,83.35
residential,,27.713871634987132,85.35119256864289,88.08
yes,,27.723163800004052,85.36163684999754,110.5
yes,,27.723209100006667,85.3619473000005,96.66
yes,,27.723313980740127,85.36215841935599,71.6
yes,,27.723087504078265,85.36222512903464,89.17
yes,,27.723177400005287,85.36225379999908,97.93
yes,,27.72299890917693,85.36226740126652,64.43
yes,,27.72288505000795,85.36226564999978,121.2
yes,,27.71331505616557,85.35173953393746,84.9
yes,,27.713242445162813,85.35171207054287,66.56
yes,,27.71307933529158,85.35147229477347,99.97
yes,,27.713084806181897,85.3515869787081,98.51
yes,,27.713527292093683,85.3516646477641,94.62
yes,,27.71278175000466,85.35270644999699,91.07
residential,,27.71374510000357,85.35290660000109,59.1
residential,,27.71378255000131,85.35298740000799,54.72
yes,,27.72129017149857,85.37316672445,52.06
yes,,27.721621469271714,85.37070940725309,143.83
yes,,27.72160613408567,85.37081863703482,107.17
yes,,27.721686601894813,85.37078359192931,12.23
yes,,27.721691146830683,85.37084375327204,19.28
yes,,27.721592021560696,85.37091578859673,54.17
yes,,27.721646175075264,85.37090588369554,20.91
yes,,27.721609956985997,85.37097111063557,27.09
yes,,27.721684878657754,85.37096072135421,9.7
yes,,27.72161499552675,85.37106259090888,131.35
yes,,27.72167572474965,85.3712046483498,238.71
yes,,27.72162052362255,85.3713169880606,84.83
yes,,27.721617242984593,85.37139236038055,30.21
residential,,27.721615772840128,85.37156565883794,36.82
yes,Pashupati Pustak Bhandar,27.721621505276406,85.37144405997076,27.94
residential,,27.72161246930064,85.37149904467437,33.16
yes,,27.721694434758522,85.37152664407083,29.05
yes,,27.72174559027792,85.37153927462273,20.39
yes,,27.721681021435934,85.37157370488185,7.19
yes,,27.721745781885055,85.37158459356364,23.45
yes,,27.721775717521353,85.37156339164548,3.62
yes,,27.721894514827248,85.3715734343287,13.82
yes,,27.72189819298858,85.37151382210138,23.06
yes,,27.72189334203378,85.37141099785661,56.98
yes,,27.721878668591955,85.37130708433176,91.18
yes,,27.721799927238227,85.37117461492393,29.76
yes,,27.722010199997616,85.37123215000236,30.22
yes,,27.72199554599443,85.37142789913558,43.52
yes,,27.722359462389775,85.37152739973062,86.05
yes,,27.722425150006476,85.37156315000071,91.91
yes,,27.722296150004393,85.37138759999722,84.93
yes,,27.72186219180785,85.37104164167307,35.09
yes,,27.721777170470276,85.37081939169641,26.59
yes,,27.721774500300064,85.37076729365963,25.33
yes,,27.72185757599504,85.37084673432126,74.79
yes,,27.721936301957523,85.37117455599014,223.84
yes,,27.721897332125504,85.37065114968414,58.05
yes,,27.721808219837477,85.370661472078,67.47
yes,,27.722026450003117,85.3708466999998,120.66
yes,,27.72202510000674,85.37072714999935,139.59
yes,,27.72215836231469,85.37087940810517,100.19
yes,,27.722145046879206,85.37075546215301,100.4
yes,,27.722444888157323,85.37096497673497,220.85
yes,,27.721961341129816,85.37059475066175,43.04
yes,,27.721924503843983,85.3707389391322,37.96
yes,,27.727850080380584,85.36983455433035,146.1
residential,,27.72739898671025,85.36993056906763,335.65
residential,,27.721636024122834,85.37165705282676,60.13
yes,,27.721724087479636,85.37182654694507,44.41
residential,,27.721643559055956,85.37181708597844,41.04
residential,,27.721665199637442,85.37191918086775,139.46
yes,,27.721744197763943,85.37192712288726,29.7
yes,,27.721705386964608,85.37213347566201,27.46
yes,,27.721711721182228,85.37222756024254,52.68
yes,,27.72166450579637,85.37225052985717,17.92
yes,,27.72164446969739,85.37211994503481,15.22
yes,,27.72174926051154,85.37214141032347,6.69
yes,,27.721792193092536,85.37220399739367,37.32
yes,,27.721986468193908,85.3722099459499,39.05
yes,,27.721970144579434,85.37213082562808,59.63
yes,,27.721851243454125,85.37200053394005,54.98
yes,,27.721899788036943,85.3719790717034,102.37
yes,,27.721874818199773,85.37191407523369,61.01
yes,,27.721886545396288,85.37184873688979,59.78
yes,,27.72179773537579,85.37169468309,30.84
yes,,27.721940569001234,85.3717055618804,56.18
yes,,27.722027607037223,85.37195887545589,148.13
yes,,27.722010050730965,85.37230635325848,91.73
yes,,27.72213743505277,85.37193329328652,111.76
yes,,27.722120011861367,85.37203671047936,60.78
yes,,27.722001529722075,85.37167327455448,121.6
yes,,27.722087575238444,85.37168918618656,81.21
yes,,27.722160087003605,85.37160682191534,24.5
yes,,27.722238718283293,85.37167331324866,25.95
yes,,27.722332166780927,85.37169253169355,55.99
yes,,27.7224089801386,85.37172298647522,22.55
yes,,27.72238742275561,85.37186136370609,9.93
yes,,27.72221916642032,85.37196220466043,22.91
yes,,27.722255935058822,85.37197734400155,20.29
yes,,27.722288893516765,85.37197814221533,23.48
yes,,27.72224914086396,85.37204119262569,16.99
yes,,27.722186363338075,85.37209191952323,14.99
yes,,27.72225229942959,85.37211804820747,58.75
yes,,27.722244574768958,85.37221352778428,39.82
yes,,27.722244983501632,85.37227283353336,27.24
yes,,27.722429900009384,85.37208364999857,182.97
yes,,27.722411799999072,85.37220244999556,122.53
yes,,27.722416016634828,85.37229294434019,14.11
yes,,27.722342800002735,85.37184345000024,25.17
yes,,27.722301800345633,85.37179318273493,48.58
yes,,27.71349610522795,85.35223249517965,204.72
yes,,27.71350573368835,85.35099610420313,114.59
yes,,27.71356482309115,85.35114499739505,89.29
yes,,27.71335182450837,85.35113220759564,116.63
yes,,27.723048734555054,85.36160657910372,169.89
yes,,27.723131248995085,85.36137248562909,123.39
yes,,27.72292921720244,85.36173233398122,44.25
yes,,27.722962500007228,85.36141934999927,136.87
yes,,27.722824165887143,85.36138900960532,149.14
yes,,27.73400685171188,85.36268958210266,80.68
commercial,,27.722081088720486,85.36231228987101,79.44
yes,,27.72329002460044,85.3617943122109,133.92
yes,,27.722440969451863,85.36168520491219,297.36
commercial,,27.721905178839783,85.36156038953598,60.33
commercial,,27.721877308295696,85.36151046265883,58.77
yes,,27.733731350003872,85.36234139999902,68.14
yes,,27.733680250004877,85.36243254999688,85.99
yes,,27.733639844137883,85.3622649544886,86.29
yes,,27.73404968278899,85.36249588682446,25.56
yes,,27.733877268089483,85.3624311583206,94.78
yes,,27.733804450000918,85.36302269999145,35.56
yes,,27.7336567141614,85.36300937583152,72.32
residential,,27.722130200007676,85.3620588999993,133.13
yes,,27.721422435314825,85.37213047640822,204.87
yes,,27.733072066610262,85.35648233298785,92.27
yes,,27.731534901573983,85.35645649221362,84.4
yes,,27.733236900413242,85.36467223346531,203.61
yes,,27.73342650000864,85.36483399999959,58.41
yes,,27.732118678947796,85.35543357204347,86.4
yes,,27.73390574207085,85.36228406522758,74.37
yes,,27.733837900007398,85.36255845000339,75.64
yes,,27.73399340000603,85.36244114999958,100.09
yes,,27.733961100004766,85.36254505000068,64.63
yes,,27.73195650135412,85.35715162089161,73.64
yes,,27.732434244591268,85.35709633471201,54.15
residential,,27.734328300003607,85.35956800000169,65.37
residential,,27.734390729311876,85.35922214215408,51.51
residential,,27.734151183517586,85.35936139923196,64.67
residential,,27.73411966229008,85.35928071344469,54.28
residential,,27.734091545449672,85.35919563331612,114.23
residential,,27.734533929721973,85.35899925111114,120.82
residential,,27.734297294206733,85.35900116797418,74.65
residential,,27.734398002094693,85.35893347654395,95.49
yes,,27.73242016958468,85.35692848512113,42.37
yes,,27.733276202421855,85.3561630659558,36.03
yes,,27.73238380586954,85.35719492477182,26.64
yes,,27.732382354411463,85.35729577201064,61.27
yes,,27.732282325034767,85.35728053230852,115.58
yes,,27.732233525382735,85.35717617601223,29.43
yes,,27.732136091364694,85.35731967020739,66.6
yes,,27.732180645554752,85.35555242546013,79.73
yes,,27.73393910160641,85.36233638266522,18.15
yes,,27.73335325267248,85.36238352749338,56.74
yes,,27.733345868757763,85.36244531952588,14.51
yes,,27.733416685757195,85.36245230414535,43.19
yes,,27.733372680269277,85.36250418291155,46.08
yes,,27.73344114255123,85.36252076437536,32.69
yes,,27.733718749584337,85.36275883010448,105.89
residential,,27.73329400090764,85.36334387839746,41.31
yes,,27.733423219605616,85.36302216375555,70.92
yes,,27.733481325549977,85.36306055355084,40.04
residential,,27.733409309527783,85.36311207619416,36.27
residential,,27.733473468970907,85.36313005310662,25.78
residential,,27.733522286753775,85.36330932434845,51.19
residential,,27.733703533464436,85.36337421483582,106.9
residential,,27.733767818064134,85.36342785579102,75.59
residential,,27.733604200002304,85.36312869999828,46.6
yes,,27.733781347502138,85.36281437140767,37.69
yes,,27.733739266343456,85.3628792855646,25.41
residential,,27.73410104264786,85.36325201214076,51.81
residential,,27.7340436327154,85.36331435322717,134.02
residential,,27.734116355730503,85.36341983332623,49.14
residential,,27.734093880421025,85.36349184355907,39.87
yes,,27.734061260577953,85.36431373986066,30.6
yes,,27.734069220249125,85.36226321820847,87.99
yes,,27.734076313589526,85.36254137134496,53.08
yes,,27.73408273286556,85.36275679485543,66.58
residential,,27.71476221441418,85.35207079673147,97.29
residential,,27.714828200004682,85.35192239999822,97.04
residential,,27.713858794697003,85.35149815551195,135.07
residential,,27.714102696585183,85.35153298782228,137.23
yes,,27.714223274258966,85.3517810660879,275.39
yes,,27.71328333566656,85.35311728730771,354.6
commercial,,27.713393119784726,85.35327973657084,339.88
yes,,27.71264029314977,85.35245507400874,153.74
yes,,27.71273700570752,85.35252225287009,75.62
yes,,27.712746206624875,85.35232059479729,190.14
yes,,27.721989888097248,85.37107365202355,41.7
yes,,27.721867899849144,85.37090866359206,26.64
yes,,27.721937476505857,85.37089865487248,31.58
yes,,27.721893145141557,85.3709757882096,45.17
yes,,27.721856669197543,85.37179404785304,11.5
yes,,27.721864227029034,85.37170497416743,31.49
yes,,27.721724730930916,85.37167917710657,56.63
yes,,27.721016623691014,85.37075544647973,6.85
yes,,27.720990171191,85.37070373869719,13.7
yes,,27.72094678640754,85.37077804706846,7.57
yes,,27.720975412234274,85.37075095694237,12.13
yes,,27.72088946518549,85.37083517772096,12.77
yes,,27.720629960233833,85.37071570860452,39.33
yes,,27.719959184409376,85.37135885411607,74.93
yes,,27.720196227467802,85.37221326903638,71.74
yes,,27.720561993769348,85.37190977056541,38.64
residential,,27.71410355546497,85.35111145306773,106.85
yes,,27.714322998211518,85.35115496337673,48.8
yes,,27.71423671024986,85.35114129614428,122.18
yes,,27.71426190009158,85.35103729930756,63.87
yes,,27.714229593521782,85.35093327654022,98.88
yes,,27.71420369049918,85.35083941991157,49.76
residential,,27.714062925739338,85.35089741929616,59.57
yes,,27.71402620084278,85.3510092961986,73.68
residential,,27.71399542657278,85.35109378138009,124.87
residential,,27.713773038167822,85.35058501383038,133.72
residential,,27.713887200005296,85.35075794999997,78.01
residential,,27.71398841290151,85.35076402764031,81.5
residential,,27.71409253632542,85.3507939421012,113.19
residential,,27.71407378809588,85.35055810390355,113.07
residential,,27.713754460048346,85.3509438279739,95.8
yes,,27.71997944822218,85.37079933096636,50.79
yes,,27.720044439462285,85.37078272127572,36.13
yes,,27.720317767713166,85.37184030632378,140.62
yes,,27.730257422129117,85.36885748680217,127.46
yes,,27.729287993798874,85.36986011356547,101.28
residential,,27.729813020785436,85.36948465226229,175.2
yes,,27.730093800005573,85.37087829999695,101.87
yes,,27.730302100281662,85.37100028305719,124.53
yes,,27.730543250008576,85.37117470000479,99.45
yes,,27.730509050004333,85.37101599999434,99.49
yes,,27.73072488057692,85.37118649710074,122.07
yes,,27.730474994727924,85.37131697726356,113.22
yes,,27.730776734269472,85.3715365318604,89.96
yes,,27.729157532552026,85.37146084847429,50.86
yes,,27.729067042888158,85.37102936611448,477.0
residential,,27.728860747170092,85.37034353468674,493.54
residential,,27.728245850006225,85.37027875000314,130.49
yes,,27.72944430458443,85.36977306974096,230.95
yes,,27.72903115949816,85.3694859058397,82.64
yes,,27.729267476507626,85.36933128204579,137.89
yes,,27.727452750003394,85.37078859999806,57.66
yes,,27.72763428491549,85.36951838985696,147.85
yes,,27.720639074707282,85.37230231030387,10.91
yes,,27.73347110000088,85.36280804999926,14.6
yes,,27.73383424285122,85.36298746572564,37.8
yes,,27.719946462062275,85.37094496450102,42.15
residential,,27.732245735204838,85.35560305700042,35.36
residential,,27.732352082380295,85.35575670985293,46.53
yes,,27.733188247951833,85.35623733416551,105.97
yes,,27.733128800008906,85.35617525001037,87.8
yes,,27.733240053000678,85.35649678128824,82.26
yes,,27.732974110405415,85.35650346156203,56.97
yes,,27.732500850000324,85.35582004999557,23.29
yes,,27.732460132173674,85.355834846006,12.02
yes,,27.732485550000995,85.35585985000077,10.72
residential,,27.73220748311506,85.35566724694318,30.39
yes,,27.732029968869696,85.3549350541495,52.01
yes,,27.73212730000382,85.3547703500117,35.33
yes,,27.731600381123194,85.3551743961274,38.51
yes,,27.731584318948393,85.35523955362363,49.25
yes,,27.731598956156194,85.35553490103605,22.69
yes,,27.7318624211267,85.35525605578677,33.58
yes,,27.731793350000842,85.35534280000111,6.93
yes,,27.73180370140431,85.35524653151657,34.15
yes,,27.731042925873833,85.35609043108454,8.57
yes,,27.73100207459835,85.35611356684709,42.51
yes,,27.730956925521493,85.3561218729633,36.21
yes,,27.730988186774802,85.35620059796462,44.92
yes,,27.731337450002684,85.35615949999843,63.63
yes,,27.73139744999922,85.3562383999989,26.09
yes,,27.731263805091068,85.35630582486104,32.93
yes,,27.731313691851685,85.35629017373964,15.14
yes,,27.731309925819566,85.35635298574076,18.46
yes,,27.73131540000246,85.35643164999874,22.31
yes,,27.731265050001717,85.3563804999999,16.63
yes,,27.73136506327113,85.35641287610696,13.69
yes,,27.73146394999837,85.35639444999842,22.52
yes,,27.731457099998167,85.35642874999887,12.13
residential,,27.731997650013888,85.35636270001153,122.35
yes,,27.73170630000592,85.35681100000066,66.02
yes,,27.73164090465052,85.35680637853814,24.14
yes,,27.731738816024798,85.3571080473509,28.31
yes,,27.731952150005807,85.35726670000616,49.55
yes,,27.731986009540357,85.35729085106466,15.33
yes,,27.732026190716994,85.35728318582879,20.7
yes,,27.73230101629612,85.35700222872876,25.88
yes,,27.732355350378636,85.35697748274838,23.96
yes,,27.73236416988547,85.35668481164797,44.18
yes,,27.732218017068153,85.35668234126985,49.46
yes,,27.732196843320352,85.3568173719515,45.09
yes,,27.732195199996685,85.35675925000896,36.89
yes,,27.721842941517416,85.37206910490347,26.29
yes,,27.721765139255986,85.37206310801048,27.34
residential,,27.734396867281834,85.35955733341571,21.42
residential,,27.734610204938132,85.35926357752246,63.88
yes,,27.722432249998995,85.37145699999306,28.09
yes,,27.727566733973934,85.3715381935928,486.96
yes,,27.727403725491694,85.36954798195251,67.62
yes,,27.727454624777025,85.37104747850061,133.17
yes,,27.72754911334878,85.3708604232459,213.56
yes,,27.72736100628334,85.3718331434549,181.33
yes,,27.728374400003567,85.37033259999885,53.17
yes,,27.728510111758105,85.36962415730363,181.35
residential,,27.713989201516206,85.35295500547069,106.97
yes,,27.72103456540536,85.37205104330957,57.88
yes,,27.72962923537766,85.36956992814187,163.25
yes,,27.730829335429885,85.36984982077549,83.51
yes,,27.729809024320687,85.3708847950939,70.28
roof,,27.724281405390872,85.3580037470735,455.75
yes,,27.723534796017812,85.3584182777713,131.67
commercial,Rangjung Yeshe Institute Shedra Restaurant,27.72471379417198,85.36271281762433,71.77
yes,Todddler Int'l Pre-School,27.729445981205078,85.37031922262535,433.74
yes,,27.729585562667705,85.37103315777068,346.49
residential,,27.730107581247193,85.371063385492,78.23
residential,,27.730265030374586,85.37117397798121,82.99
residential,,27.730654217396236,85.37110876228991,34.21
residential,,27.73035039785955,85.37090864816705,72.37
residential,,27.730209906394943,85.37082566585462,81.38
residential,,27.730639186998047,85.37082697816155,124.65
residential,,27.730608168428788,85.37073262354188,75.04
residential,,27.730441969205135,85.37051486019995,115.34
yes,,27.729846989444546,85.36992391935857,278.56
industrial,,27.730682618986656,85.36899946020702,90.06
residential,,27.729887124607732,85.36902209277383,125.52
residential,,27.729913534016788,85.36892379584299,112.25
residential,,27.72929065499767,85.3697012312436,107.78
residential,,27.729505575031734,85.36936429514371,119.77
residential,,27.730481729399195,85.36917687639553,256.68
residential,,27.726633383461,85.36990999611542,167.41
residential,,27.726628786437253,85.37004365189955,182.37
commercial,,27.72225520000455,85.36185695000192,112.06
residential,,27.722335183305745,85.36174173474348,170.24
yes,,27.722037904207696,85.3620561269499,111.24
commercial,,27.722214007803682,85.36201427501123,13.97
commercial,,27.72229053099266,85.36201369437815,81.83
residential,,27.722358750002687,85.36200035000016,25.11
residential,,27.72242576624359,85.361973080744,49.87
commercial,,27.72220580528058,85.36220782826389,77.76
residential,,27.722036900009837,85.3621916500011,70.67
residential,,27.72220532633452,85.36248237952107,42.19
yes,,27.732736400010754,85.36098875001463,90.23
yes,,27.732796100008258,85.36103370001034,75.95
yes,,27.732890716227086,85.36107862126661,77.17
yes,,27.73210478296241,85.3617645977879,93.58
yes,,27.732552622411514,85.3618800900877,116.9
yes,,27.73270542747518,85.3613467042023,113.18
yes,,27.732363074921572,85.36166906015907,99.55
yes,,27.73307010264527,85.36193073159899,219.19
yes,,27.733290181166026,85.36140416339171,58.48
residential,,27.733990893393216,85.36337086145657,48.82
residential,,27.733645116423453,85.36319033813518,36.52
residential,,27.733812100004616,85.36334230000159,60.32
residential,,27.733413615139938,85.36339211793202,52.66
commercial,,27.721628277237382,85.37172855647593,41.82
commercial,,27.721385500038334,85.37170589999474,149.16
residential,,27.72130581240076,85.37153503537802,127.17
commercial,T-mart,27.721121019278506,85.37144145266802,361.34
residential,,27.732427444815055,85.35554287313103,89.68
residential,,27.732481762234524,85.35557954535288,134.52
residential,,27.731941900264342,85.35617831665154,38.36
commercial,,27.732493469002446,85.35641698036152,152.55
commercial,,27.73238667900305,85.35649228103102,77.36
residential,,27.73175345000576,85.35638140000154,82.5
residential,,27.71388497381663,85.35085388769004,95.06
residential,,27.713899905105055,85.35097783983862,95.46
residential,,27.71389184261318,85.35105937958649,77.8
residential,,27.71374614362597,85.35102257762982,106.63
residential,,27.713887100007177,85.35132404999919,133.7
residential,,27.71373585891745,85.35127594484601,150.48
commercial,,27.71373814201442,85.35148139963091,116.01
residential,,27.713981176662713,85.35152213996474,137.68
residential,,27.71469991899579,85.3515954374148,89.76
residential,,27.714387900004954,85.3518823999875,106.29
residential,,27.714104694228222,85.35235167313333,77.3
commercial,,27.713758450003912,85.3523198499976,150.26
residential,,27.71398150000623,85.35195024999656,130.46
residential,,27.71372317417168,85.35247130701124,72.85
residential,,27.713862027819715,85.35253479300795,189.81
residential,,27.713740770786192,85.35256129083335,49.39
yes,,27.730803464082076,85.36044904468594,202.26
yes,,27.730866637444333,85.3603268839893,198.38
yes,,27.73095469437559,85.36009267435627,236.08
yes,,27.73109290000479,85.36049954999916,77.64
yes,,27.730832799895673,85.36125038836494,145.45
yes,,27.729324347762415,85.3617718761339,149.61
yes,,27.72939259001932,85.36156314922242,96.6
yes,,27.730781048160644,85.36213999802116,105.99
yes,,27.73071681337046,85.36240140701281,121.61
yes,,27.730159654984398,85.36354895880622,135.74
yes,,27.72994737171638,85.3638458604645,104.09
yes,,27.729584700010477,85.36393409999465,190.94
residential,,27.71714339999513,85.3475558499958,29.78
residential,,27.73350173385118,85.36343372418142,32.05
residential,,27.734772970524677,85.35981911432202,10.27
residential,,27.734725756109828,85.35977929669713,64.15
residential,,27.734650053380303,85.3595800763228,35.45
residential,,27.734404601907624,85.35916148739605,36.98
residential,,27.734403139422255,85.35903982940816,45.71
residential,,27.73440326481009,85.35909415464035,35.61
residential,,27.734735137202875,85.35955400550499,11.23
yes,,27.72866741366485,85.36563584101206,172.57
yes,,27.728619994702882,85.36583714172295,97.3
yes,,27.72891560797191,85.36625779487761,155.75
yes,,27.72898389523496,85.3661973104804,152.2
yes,,27.729087568344273,85.3661298912873,191.69
yes,,27.73010257909792,85.36697755099249,157.5
yes,,27.730172404330958,85.36663487096112,125.51
yes,,27.73372823663384,85.363172927392,13.9
yes,,27.734792371637457,85.36383191112118,29.8
yes,,27.7347169415744,85.36374875723875,213.61
yes,,27.73456273663229,85.36342607010734,69.35
yes,,27.73461487951307,85.36351812997027,72.1
yes,,27.734671839777135,85.36361022575963,74.7
yes,,27.73428329336077,85.36352281626178,132.15
yes,,27.734387448450686,85.36357495187177,57.69
yes,,27.734259648672605,85.36387968190633,86.9
yes,,27.734187232873193,85.36396287385608,194.05
yes,,27.73448716094111,85.36186285141237,78.01
yes,,27.73440316060547,85.361822581719,110.1
yes,,27.734323086406008,85.36177946644561,69.15
yes,,27.734215870525823,85.36205505558299,131.63
yes,,27.733733061045548,85.36168989095779,128.75
yes,,27.733394495196563,85.36197937656362,118.13
yes,,27.733363891445848,85.36185356237208,74.65
yes,,27.733383995379864,85.36178075011308,57.31
yes,,27.733423813093932,85.3616847184691,116.67
yes,,27.727708251744914,85.3625891430705,834.94
yes,,27.727592489769737,85.36279254153004,212.54
yes,,27.72749224999998,85.36298254998785,213.16
yes,,27.727203338501457,85.36315170665706,296.64
yes,,27.72723343053125,85.36342846638577,137.63
yes,,27.727427418217452,85.3635293456316,118.94
yes,,27.72735715000653,85.36334929999778,140.15
yes,,27.727661602776788,85.3635327973136,54.59
yes,,27.727520224030993,85.36335166213938,145.52
yes,,27.72746569749629,85.36323322180307,115.23
yes,,27.727405955063965,85.36437347677776,212.69
yes,,27.727470943772218,85.36496892075337,174.18
yes,,27.727391643770186,85.36453282331289,173.21
yes,,27.727391843467277,85.36475821923692,89.8
yes,,27.727690830030028,85.36475098472606,134.44
yes,,27.727553637448395,85.36448540006886,121.71
yes,,27.72757797750446,85.36466806116947,125.8
yes,,27.72785816020103,85.36465047943346,177.31
yes,,27.727840318249335,85.3648055918764,197.79
yes,Cold Store,27.712240600020863,85.36490919999794,404.59
yes,,27.723675150005143,85.37353725000497,84.51
yes,,27.723940700007947,85.37418299999138,121.23
yes,,27.722689678007765,85.37396678727772,137.41
yes,,27.723567685231536,85.37443293979818,91.21
yes,,27.72366021799492,85.37408435288465,93.65
yes,,27.715991150004683,85.35353329999683,70.56
yes,,27.71593745000493,85.35358634999793,75.83
yes,,27.71580625000263,85.35343969999845,55.47
yes,,27.718487749993876,85.37674869999432,66.9
yes,,27.718370489847008,85.37674523567699,6.11
yes,,27.718236651886638,85.3766862177236,64.87
yes,,27.718489250008467,85.37640509999838,66.97
yes,,27.71845325000233,85.37653584999975,56.52
yes,,27.719108227191803,85.37531143896331,61.0
yes,,27.719398317009958,85.37538143866763,61.76
yes,,27.71932731321665,85.37535436741507,57.02
yes,,27.719257429333577,85.37534253459648,57.24
yes,,27.71918335245721,85.37531485674424,88.86
yes,,27.719030300003826,85.37526814999944,74.83
yes,,27.718931350006518,85.3752364999995,111.04
yes,,27.719379900002068,85.37620949999983,41.09
yes,,27.719561441501355,85.37617812890244,88.06
yes,,27.71960982454525,85.37612445992752,23.84
yes,,27.719216194395962,85.37620472567419,78.86
yes,,27.719057199999337,85.37638460000001,84.91
yes,,27.718937099997326,85.37633874999653,87.16
yes,,27.718748243534588,85.37631707445563,58.84
yes,,27.718836850000372,85.37631134999873,69.47
yes,,27.718810726777612,85.3761938858116,119.6
yes,,27.718937800011854,85.37619504999901,139.09
yes,,27.719813081173328,85.37683014263452,165.78
yes,,27.720445231843293,85.376311952392,26.88
yes,,27.72030295000405,85.37620054999937,64.71
yes,,27.71957275001167,85.37462680000185,118.13
yes,,27.720739520094444,85.37373260842533,104.99
yes,,27.72098007945813,85.37355763778794,121.8
yes,,27.7211072074198,85.37359992630087,141.05
yes,,27.72089163125383,85.37392378936624,228.0
yes,,27.721079350003166,85.37335824999842,90.38
yes,,27.721189143790003,85.37340686870488,54.37
yes,,27.719841100005194,85.3729372499998,82.44
yes,,27.719202563622705,85.37405749783285,129.42
yes,,27.719340549999462,85.3741486499986,85.11
yes,,27.719317524429176,85.3742577566468,94.39
yes,,27.719312537349314,85.37435022352682,81.8
yes,,27.719309449999443,85.37443800000001,66.69
yes,,27.719898269453672,85.37277295642122,107.22
yes,,27.720602850008806,85.37273585000219,93.6
yes,,27.721368700019468,85.37326815000664,165.59
yes,,27.720109750022463,85.3733798000157,239.32
yes,,27.720167650508653,85.37393508301172,140.83
yes,,27.720515000006355,85.37406069999778,130.99
yes,,27.720949550013284,85.37550520000076,130.16
yes,,27.721199269965407,85.37540100587432,124.74
yes,,27.721258318131895,85.37513812208425,153.96
yes,,27.721339033870752,85.3752555202135,93.46
yes,,27.721030550010486,85.3748249500017,146.58
yes,,27.72050325000237,85.37475109998458,123.33
yes,,27.720384680460953,85.3750775560412,75.47
yes,,27.72048359313112,85.37512736873414,100.05
yes,,27.72036953170412,85.37524439225803,131.1
yes,,27.719887450004496,85.37582240000035,62.09
yes,,27.71995250001182,85.37585235000346,82.98
yes,,27.71999737861406,85.3756848857593,110.94
yes,,27.719919269787457,85.37566906754088,74.35
yes,,27.71986700000607,85.37564490000265,29.71
yes,,27.71978306943481,85.37564295702511,106.06
yes,,27.71809749617373,85.37552711581768,443.44
yes,,27.717970575451773,85.37591740439262,1344.81
yes,,27.720005981232497,85.37504708353336,87.85
yes,,27.72002331840148,85.37543596297857,369.48
yes,,27.720304700007027,85.37403394999552,167.39
yes,,27.720732452439865,85.37405013133717,77.44
yes,,27.72066425000715,85.37401715000301,64.18
yes,,27.719777109979088,85.37367915874228,108.04
yes,,27.719841180948656,85.3737487083272,83.77
yes,,27.719888405638244,85.3736673815854,88.47
yes,,27.71941113183795,85.37277755481175,176.87
yes,,27.720282468478175,85.37283881458896,86.19
yes,,27.720384997927884,85.37289791782484,70.7
yes,,27.72043938259692,85.37293683453223,46.8
yes,,27.720486548331664,85.37297421766779,56.77
yes,,27.720561848431203,85.37299861771581,100.04
yes,,27.720640050007635,85.37304225000031,115.34
yes,,27.720078800012274,85.37362818832403,77.25
yes,,27.71996335000879,85.37355519999984,136.83
yes,,27.719565000010103,85.37323110001005,106.49
yes,,27.71948340000888,85.37315859999192,140.79
yes,,27.71921913298168,85.37358711651353,77.98
yes,,27.71930712152463,85.37350039660654,87.51
yes,,27.719325151997634,85.37342907604874,62.63
yes,,27.719274348264936,85.37337644424473,98.05
yes,,27.719255399995276,85.37330870001973,113.01
yes,,27.71923332341683,85.3732398477294,99.23
yes,,27.71918770000986,85.37316790002706,87.5
yes,,27.719175122108503,85.37484350988218,86.03
yes,,27.719506628636086,85.37495833928485,130.7
yes,,27.719610021166456,85.3749820073845,133.24
yes,,27.719698369442774,85.3747333540308,126.44
yes,,27.719716986596268,85.37463986866864,77.25
yes,,27.71973981193136,85.37456763124045,92.74
yes,,27.719747199997197,85.37448299998776,68.9
yes,,27.719764349996996,85.37441504998921,80.42
yes,,27.71978920886694,85.37433792194565,103.34
yes,,27.71981634999609,85.37425129998834,102.01
yes,,27.719836870374948,85.37416160560757,119.54
yes,,27.719866896117026,85.37406554455258,107.51
yes,,27.7206041025009,85.37449551371756,137.32
yes,,27.720693750182146,85.37452099948813,149.26
yes,,27.72057948254817,85.37500194541857,119.3
yes,,27.720430039628148,85.37489088263571,130.28
yes,,27.720572200014516,85.37421825000597,183.54
yes,,27.719410065574635,85.37660973458426,59.76
yes,,27.719309049998397,85.37647969999152,74.4
yes,,27.719428949997333,85.37652829999,59.43
yes,,27.719451246244102,85.37645264124339,77.77
yes,,27.719341999999575,85.37641184999427,49.04
yes,,27.71904155588586,85.37079422567692,77.91
yes,,27.71993735000212,85.37262519999885,43.77
yes,,27.7199957245044,85.37313518302946,73.72
yes,,27.720100050001,85.37322669999406,37.5
yes,,27.71975288244908,85.37326621215831,59.57
yes,,27.71887967006952,85.37304709512968,135.41
yes,,27.719099774100126,85.37313551256783,95.9
yes,,27.71877647194713,85.37271860745152,99.13
yes,,27.719071144157308,85.37253491627793,39.51
yes,,27.71955599999818,85.37209464999623,28.84
yes,,27.719488000005548,85.37222545000013,84.31
yes,,27.71903549999808,85.37012145000242,48.15
yes,,27.71894637373006,85.37020671357455,66.72
yes,,27.71898673709073,85.36993382224652,213.84
yes,,27.719222100002646,85.3698439499996,63.53
yes,,27.718917799995708,85.36964794999516,142.04
yes,,27.720005469130815,85.36926750637835,107.91
yes,,27.719618132556576,85.3693126936302,75.98
yes,,27.719536333148834,85.3694034479261,118.17
yes,,27.719671900005352,85.36919390000244,65.06
yes,,27.719749166827786,85.36922225745654,112.91
yes,,27.720027900012145,85.37035730000436,117.63
yes,,27.71892007249395,85.3711815214334,136.88
yes,,27.719243900001853,85.37145949999898,140.75
yes,,27.719244149996456,85.37155465000026,78.67
yes,,27.719100905525778,85.37102707418228,52.07
yes,,27.7190139914269,85.37100927442349,70.65
yes,,27.719836049997934,85.37181059999237,70.07
yes,,27.719849843854966,85.37171721852579,89.31
yes,,27.719325400017066,85.37221955001063,92.97
yes,,27.71899213382352,85.37249720733581,76.98
yes,,27.719073750001368,85.37237509999788,47.99
yes,,27.7191060500021,85.37219239999555,98.13
yes,,27.718845029581306,85.37204948471637,65.71
yes,,27.71883651614167,85.37191793203576,102.29
yes,,27.718808350005354,85.3716720999795,116.7
yes,,27.71891723499945,85.37157372162882,80.35
yes,,27.719121649997863,85.37132440000205,115.33
yes,,27.720651974595224,85.36973941534,47.85
yes,,27.720705900001136,85.36924994999987,59.9
yes,,27.720515214853393,85.36921237621411,123.95
yes,,27.7202252076763,85.36938247729113,68.14
yes,,27.72023255000185,85.3692760999998,105.46
yes,,27.720626549992232,85.37003085000171,67.3
yes,,27.72064622402515,85.36991780372159,109.01
yes,,27.720152792653362,85.36962132320109,73.56
yes,,27.72013693934502,85.36971812133903,51.55
yes,,27.719722425244562,85.37069995886125,71.96
yes,,27.71930108089599,85.3723603322016,40.5
yes,,27.719238350005956,85.37216560000078,82.15
yes,,27.71896679999873,85.37276819999363,132.74
yes,,27.71911407719159,85.37283659382085,148.07
yes,,27.719615500003602,85.37253509999826,91.53
yes,,27.719774150013794,85.37264235000498,146.92
yes,,27.719943949998477,85.3723695999932,99.01
yes,,27.719826926545963,85.37233178571793,60.52
yes,,27.719785900006194,85.37242840000083,83.07
yes,,27.72020900000669,85.37260045000359,53.87
yes,,27.720280398238458,85.37250831905034,53.67
yes,,27.72021955000814,85.37246140000185,84.84
yes,,27.720567400011607,85.37243895000279,98.13
yes,,27.719790381375663,85.37074563681784,62.78
yes,,27.719856548197065,85.37077146870664,76.82
yes,,27.719900650004313,85.37051000000099,45.01
yes,,27.719830680873596,85.37052772806796,63.86
yes,,27.719098149995613,85.37042615000034,54.92
yes,,27.719093589492473,85.37036312470703,43.93
yes,,27.719091400001567,85.37051709999893,78.31
yes,,27.719953591767464,85.36972421959648,30.74
yes,,27.72004610497018,85.36954042943027,142.25
yes,,27.720083604244135,85.36994647979954,97.79
yes,,27.720236313422266,85.37012457730513,33.7
yes,,27.720162900003743,85.37011599999977,62.32
yes,,27.720499050005714,85.36955304999947,67.28
yes,,27.720411750002683,85.36937394999993,92.55
yes,,27.720389849996984,85.36920414999861,94.36
yes,,27.719656351544412,85.36970613291177,66.49
yes,,27.719744867368664,85.369750904681,66.0
yes,,27.71982397000974,85.36979105907793,74.59
yes,,27.71990513115376,85.36984559526857,78.89
yes,,27.719970267561155,85.37014382367319,55.35
yes,,27.720271700015754,85.36993200000225,120.1
yes,,27.7197689119259,85.37115478629026,140.37
yes,,27.719643276259728,85.37092440741515,59.03
yes,,27.719359704531684,85.37077042833943,145.36
yes,,27.719282400011213,85.3705206000001,165.26
yes,,27.719521268842684,85.36994680877406,45.3
yes,,27.71957615000377,85.36998200000335,36.77
yes,,27.719678027398874,85.37004298502092,31.66
yes,,27.71973010000227,85.3700676,30.29
yes,,27.719630754269694,85.3700100802951,37.43
yes,,27.719687200006007,85.36989140000108,84.98
yes,,27.7198152047743,85.3699731864086,83.13
yes,,27.71931073145204,85.37019061406049,69.74
yes,,27.719131493131528,85.37027987527074,62.34
yes,,27.719136750003923,85.37008479999953,105.89
yes,,27.719179230121874,85.36944319089412,97.88
yes,,27.71908939619679,85.3694256201133,99.28
yes,,27.7191263000149,85.36963285000262,53.76
yes,,27.719306950007656,85.36965114999961,106.47
yes,,27.719301900001184,85.36950449999324,107.01
yes,,27.721155176998238,85.36728690696818,272.0
yes,Central Food Cafe,27.72117692160289,85.36746134057653,267.61
yes,,27.720033178071322,85.36751449383293,89.29
yes,,27.721272789968815,85.36715733789825,80.81
yes,,27.720180346965694,85.36872817289404,54.99
yes,,27.720065719191,85.36858446294642,74.35
yes,,27.71963315000869,85.36852374999921,147.33
yes,,27.719780208530977,85.36831523060822,121.49
yes,,27.71975075749567,85.36841968004723,131.3
yes,,27.72127214076982,85.36814964599286,100.03
yes,,27.719894221854453,85.36748270564343,67.32
yes,,27.719900111590846,85.36756572748018,25.34
yes,,27.719943175392952,85.36764694105808,65.62
yes,,27.720034071266674,85.36741215467637,57.59
yes,,27.721261921199886,85.36803548717674,168.07
yes,,27.721099051408338,85.36706705117179,182.57
yes,,27.72156055708964,85.36720297859429,149.19
yes,,27.721001004434783,85.36654844226754,187.2
yes,,27.720012334447816,85.36779894975778,43.46
yes,,27.719823771954726,85.3676809141795,87.51
yes,,27.71983476671016,85.36759885008657,44.56
yes,,27.719866331215094,85.3672011876149,27.27
yes,,27.71985884889767,85.36724956785346,63.9
yes,,27.71980679999431,85.36735964998613,187.15
yes,,27.71245005001189,85.36699155000709,95.45
yes,,27.714235738876837,85.36239954283461,141.76
yes,,27.712989834902498,85.36247812992856,160.65
yes,,27.714326771602714,85.36431984469776,109.58
yes,,27.71414331083661,85.36435415547302,68.31
yes,,27.714059172278294,85.36499110731418,294.7
yes,,27.713911742507907,85.36499770247268,85.43
yes,,27.713661768546533,85.36508268609799,141.71
yes,,27.713327192256546,85.36463152153209,74.38
yes,,27.713308648126382,85.36471529167822,179.25
yes,,27.712912170006017,85.36450508869581,69.93
yes,,27.712256599812534,85.3643008047134,172.09
yes,,27.712414198971448,85.36454797709258,176.17
yes,,27.712153513112952,85.36435896521009,142.6
yes,,27.712178899975278,85.36419090000206,98.72
yes,,27.713686500006062,85.36804179999831,161.45
yes,,27.713662331636396,85.36792758628364,109.07
yes,,27.713821280122716,85.36680758887958,95.74
yes,,27.7139171668603,85.36689283429129,86.31
yes,,27.71281372791387,85.36694983434694,126.41
yes,,27.71268250712486,85.3668386249065,80.0
yes,,27.712701248479384,85.36660348789292,115.22
yes,,27.712896819712878,85.36554490848036,90.89
yes,,27.71282277029194,85.36550903857459,134.2
yes,,27.71289526025464,85.36530594392453,47.35
yes,,27.71273615921562,85.36511797967962,247.55
yes,,27.71344025887753,85.37124597348996,96.0
yes,,27.71331199542165,85.37150922770658,105.75
yes,,27.713139749995964,85.37143750000922,66.24
yes,,27.713099170418666,85.37122039396874,97.75
yes,,27.713078536725806,85.3711194641219,105.22
yes,,27.71306950048218,85.37100524990748,83.05
yes,,27.712606250010204,85.37062399999728,83.71
yes,,27.712491000007592,85.37063104999825,80.33
yes,,27.72266550002749,85.37695740002603,115.64
yes,,27.72258860082888,85.37690413264832,263.42
yes,,27.724155617464046,85.37678765873778,61.95
yes,,27.721893255044414,85.37643562856968,161.77
yes,,27.724284241178577,85.37494272250102,57.82
yes,,27.724310750003525,85.37473549999964,46.24
yes,,27.724147747819227,85.37442263371943,91.87
yes,,27.724132219588775,85.3736646570212,117.33
yes,,27.72351668340774,85.37353144921326,115.97
yes,,27.72380234967067,85.3733407009192,52.91
yes,,27.723793216495057,85.37343020395951,17.91
yes,,27.723950146794788,85.37325253265361,163.7
yes,,27.724101850007475,85.37347254999345,107.83
yes,,27.722154341651116,85.37532692111039,267.02
yes,,27.722292979375,85.37535258464354,145.62
yes,,27.72190609999737,85.376951199997,234.83
yes,,27.72245445001179,85.37682685000648,92.96
yes,,27.722653711669484,85.3763520818334,359.76
yes,,27.722267094563446,85.37626782832845,103.14
yes,,27.718981225534677,85.3708095684002,71.57
yes,,27.711809701700123,85.36726210645459,89.21
yes,,27.724319685688638,85.35929516422088,221.38
yes,ME Shirts,27.715433512081717,85.36361963962636,49.81
yes,,27.715396349202145,85.36337849050999,82.37
yes,,27.715451098867547,85.36312020106928,104.62
yes,,27.72288431199177,85.36513168653197,110.88
yes,Subi's Home,27.72864014519074,85.36617550982601,95.47
garage,Garage,27.725677971036912,85.3640016584606,81.65
yes,Tin house,27.725621950053128,85.36421230009931,336.68
yes,washinging room,27.725512182112062,85.3644613360134,91.71
yes,guard house,27.726089590188078,85.36503017729761,12.52
yes,tap side,27.726111700001116,85.36494920000102,11.34
yes,kitchen,27.72568767558629,85.36474790065985,121.05
yes,,27.725952600002515,85.36432244999833,47.38
house,Ishu Mainali,27.713550851545005,85.36311200930886,60.81
house,,27.713564410486004,85.36301337488271,64.81
yes,Chengdu Kitchen,27.721249046399084,85.36269964205336,170.58
yes,"NIC Asia Bank Limited, Chabahil",27.71803570092818,85.34862211894632,149.8
yes,,27.729663350484465,85.36035089455292,186.99
yes,,27.728398350014384,85.35900794999911,236.98
yes,,27.728734644917576,85.36062514800797,71.48
yes,,27.72934901849943,85.3614344080264,75.2
yes,,27.721202410172697,85.36331056452606,155.96
yes,,27.718271863719046,85.35339039186269,100.22
yes,,27.718279821452175,85.35386252289443,74.92
yes,,27.718307552115157,85.3537647753235,81.98
yes,,27.718392113171213,85.35377098588528,82.07
yes,,27.718474568628586,85.3532629294257,96.08
yes,,27.718402662370952,85.35328006969233,141.86
yes,,27.719132982500625,85.35380329034192,130.0
yes,,27.71825717268937,85.3530383202813,50.48
yes,,27.71837310000463,85.3543188000001,51.47
yes,,27.718318802172497,85.35411835891323,103.61
yes,,27.71885957393809,85.3540757910583,108.63
yes,,27.719233051598152,85.35459991990487,63.26
yes,,27.71777095630282,85.35341075361119,117.56
yes,,27.717968400000224,85.3533040999979,56.81
yes,,27.71805422236128,85.35334735994903,108.36
yes,,27.718032167440313,85.35348296635067,80.1
yes,,27.717493013869852,85.35415540924849,117.52
yes,,27.717984884404437,85.35388259346297,121.51
yes,,27.717739850001475,85.35366274999853,115.3
yes,,27.717880379476206,85.35367555451782,116.38
yes,,27.717983377812953,85.35365298713968,92.15
yes,,27.71895413307657,85.35547868216267,63.89
yes,,27.719259660668055,85.3546948112907,68.0
yes,,27.71823057890121,85.3550769496341,127.19
yes,,27.71809439767685,85.35516966715227,161.34
yes,,27.7183868163981,85.35510354885618,89.9
yes,,27.71894086576291,85.35490208711187,255.31
yes,,27.71884572385463,85.35470762544665,126.97
yes,,27.718358500611373,85.3544676758497,109.59
yes,,27.717707903624916,85.3554651336357,190.15
yes,,27.717755130878096,85.35532778413638,310.47
yes,,27.717735203843866,85.35509338016315,46.31
yes,,27.717754999993158,85.35456714999292,77.17
yes,,27.71777193489537,85.3546713818766,131.64
yes,,27.717891800606854,85.35468399884942,90.62
yes,,27.71951011328096,85.35294555591526,196.19
yes,,27.719536128400446,85.35688936243653,72.13
yes,,27.719737755593798,85.35726996243898,121.86
yes,,27.71928100491698,85.35660868258618,107.16
yes,,27.71971649060588,85.35663032085351,122.52
yes,,27.719427661430434,85.35603939452515,172.9
yes,,27.717629596402983,85.35558716673559,119.72
yes,,27.717712630182405,85.35564202526018,110.61
yes,,27.717993567344877,85.35557465257611,16.51
yes,,27.717977429301595,85.35566671592713,21.76
yes,,27.718154575048825,85.35571003729251,111.72
yes,,27.718008206710167,85.35591347438054,178.74
yes,,27.71825464357286,85.35611968552885,199.2
yes,,27.71834190000153,85.3560332000001,22.76
yes,,27.718526650004307,85.35558849999336,114.85
yes,,27.718509893027253,85.35568821040086,26.34
yes,,27.718775049997785,85.35630859998567,127.13
yes,,27.719007917126493,85.35615815218162,72.1
yes,,27.718662703307743,85.35567384028421,184.12
yes,,27.71875088053844,85.3555452882378,136.13
yes,,27.719227087999673,85.35549646908066,80.15
yes,,27.719447950000664,85.35637820000034,9.66
yes,,27.71901571863622,85.35651090423643,19.22
yes,,27.718984066508447,85.35658537713115,42.31
yes,,27.7190480939969,85.35663414237904,108.81
yes,,27.719182253277257,85.3569652637644,84.53
yes,,27.71989076917508,85.35736779883105,87.82
yes,,27.71978639729313,85.35715304351562,43.87
yes,,27.719697267160775,85.35760797453416,106.41
yes,,27.71965337563646,85.35804558935578,56.67
yes,,27.719706348960255,85.35806718323452,57.49
yes,,27.719638967217573,85.35748685232973,39.3
yes,,27.717577884568364,85.35805036819453,128.94
yes,,27.71790774333186,85.35808691722895,50.02
yes,,27.718089976617534,85.35824436670043,42.27
yes,,27.71828665001224,85.35814599999846,67.85
yes,,27.718343624407503,85.35814383594362,41.96
yes,,27.718229021163793,85.35805912141029,8.23
yes,,27.718339584350645,85.35783155692613,127.81
yes,,27.718145871043994,85.35762506948498,92.62
yes,,27.718191118706155,85.35772843850977,122.38
yes,,27.718267732726684,85.35765656781386,40.52
yes,,27.718306399999562,85.35774215000595,71.07
yes,,27.717854956453504,85.35782280822549,61.67
yes,,27.719684016334863,85.35787836718804,18.34
yes,,27.719412404112944,85.35815289493507,129.38
yes,,27.719955848720815,85.35818866755692,155.54
yes,,27.717662661656572,85.35730617385576,27.15
yes,,27.71766780350312,85.35741406703356,45.5
yes,,27.71772275548288,85.35739252699645,34.5
yes,,27.71772465000027,85.3573258499997,17.02
yes,,27.72742181897285,85.34846722115003,33.3
yes,,27.72737105001111,85.34846620000273,65.44
yes,,27.719059300009384,85.35705660000484,116.39
yes,,27.719153627907573,85.35732598530498,115.57
yes,,27.7191819069345,85.35757994933739,101.85
yes,,27.719285716138714,85.35742170900441,366.41
yes,,27.719353174148253,85.35761578364956,186.78
yes,,27.719164959352096,85.3576338919137,74.5
yes,,27.719207091192214,85.3575158657973,130.36
yes,,27.71932922607102,85.35770285357935,123.81
yes,,27.728184100004473,85.34942579998236,80.8
yes,,27.7282722410132,85.3495544354607,44.61
yes,,27.728263599994662,85.34931164999739,168.8
yes,,27.729183949990908,85.34979039999358,140.51
yes,,27.72935780000894,85.34988504999973,110.43
yes,,27.717773973191722,85.35651072532234,131.12
yes,,27.717867029389012,85.35641251215162,71.46
yes,,27.71791029886433,85.35680535772869,65.69
yes,,27.71806642499951,85.35714896357301,49.4
yes,,27.717921900004765,85.35713105000123,60.12
yes,,27.718047150006537,85.35678455000549,75.2
yes,,27.71808020134769,85.35706636587939,72.24
yes,,27.718042325948467,85.35720584161825,97.59
yes,,27.718318743750558,85.35685226649778,32.31
yes,,27.718339419287712,85.35672316737504,65.97
yes,,27.71817671742765,85.35645858848612,128.38
yes,,27.718284596961027,85.35648104979029,190.28
yes,,27.718397183394075,85.35646595023248,24.36
yes,,27.718457887236987,85.35655160500481,77.9
yes,,27.717844025349393,85.3572153112884,112.81
yes,,27.718015000006208,85.3572997000005,91.78
yes,,27.718159546465234,85.35740546777642,103.74
yes,,27.718219728176756,85.35696527522222,111.36
yes,,27.71827495000387,85.35705980000085,53.42
yes,,27.718305521857264,85.35723708746983,51.13
yes,,27.718399672883425,85.35724628778556,77.47
yes,,27.71847036779976,85.35728110698582,81.0
yes,,27.71851017773974,85.35705807073022,95.52
yes,,27.718469508335115,85.3571717458296,97.11
yes,,27.71865699145929,85.35670109387586,140.14
yes,,27.71861875225675,85.35711774843098,173.95
yes,,27.718730331841506,85.35714621694402,163.41
yes,,27.718856988731684,85.3569886257156,352.85
yes,,27.71899936196299,85.35735088278444,11.05
yes,,27.718913719103366,85.35796009029258,98.52
yes,,27.718906307868156,85.35806041956347,207.3
yes,,27.718764805679385,85.35767608150755,8.75
yes,,27.718889854439375,85.35716076267579,34.53
yes,,27.71901724116856,85.3572415431544,47.76
yes,,27.718979650003195,85.35717780000233,39.87
yes,,27.718847149996385,85.35817084997649,86.25
yes,,27.71899913557514,85.35764664204343,109.59
yes,,27.717621356621276,85.35619273304026,83.8
yes,,27.717531984442747,85.35702979361217,102.7
yes,,27.717663718393073,85.3571039246968,35.46
yes,,27.717612449000242,85.35708909022397,99.52
yes,,27.717691250026046,85.35605760002643,250.5
yes,,27.71772904999783,85.3559223499539,84.21
yes,,27.717665160099102,85.35631353651885,76.25
yes,,27.71794691660187,85.35612440457675,58.97
yes,,27.717856762980265,85.35623784380186,112.24
yes,,27.717990863465445,85.35618599366816,66.0
yes,,27.728609071647146,85.34967656307724,968.78
yes,,27.7281058898122,85.3488038298308,125.5
yes,,27.728252193744552,85.34892444143007,95.54
yes,,27.72817465556065,85.34892252693939,73.29
yes,,27.72826535000926,85.34914174999919,148.9
yes,,27.72834562821461,85.34917659336924,68.88
yes,,27.72846117414299,85.34932420564225,127.35
yes,,27.728399726901994,85.34941284086483,64.35
yes,,27.728717299997943,85.34945725000013,73.33
yes,,27.728427608190096,85.34897977008775,24.97
yes,,27.728088621543204,85.35003269195569,197.14
yes,,27.72796340569165,85.34991264412547,273.99
yes,,27.728355544725314,85.34955941979219,48.35
yes,,27.72888326550746,85.34976868415235,362.56
yes,,27.729191045673183,85.34969150961804,424.6
yes,,27.729459432638038,85.34976457280717,22.42
yes,,27.7141494893963,85.35755963919057,140.51
yes,,27.71459695300451,85.35774300181077,85.18
yes,,27.714661997109747,85.3579519164904,98.8
yes,,27.71482140000563,85.35806124999236,130.93
yes,,27.714866564375274,85.35793584451521,50.94
yes,,27.71474482800275,85.35737712141947,61.83
yes,,27.714699044703263,85.35760441559532,89.62
yes,,27.714817582830428,85.35769429758126,84.61
yes,,27.714177937960496,85.35671694649353,88.41
yes,,27.71418103056862,85.35663334119863,54.91
yes,,27.714234386922794,85.3566574135917,49.33
yes,,27.714434605902056,85.35627363335,49.83
yes,,27.71450402937142,85.35619009584381,210.13
yes,,27.714525780714276,85.35605747669901,142.93
yes,,27.714594058377806,85.35659241400191,225.02
yes,,27.71469280000524,85.35647400000077,77.25
yes,,27.71451275721523,85.35680661099912,102.03
yes,,27.71464795598761,85.35679281289495,118.75
yes,,27.714581168770735,85.35686533780449,108.59
yes,,27.714548716379426,85.35699259932345,129.5
yes,,27.714768006697174,85.35684119149742,167.77
yes,,27.71481359722082,85.35726276732694,50.34
yes,,27.714926992500132,85.35729485056066,110.9
yes,,27.714963115498882,85.35738321414622,39.28
yes,,27.714993478206388,85.35721049249717,108.69
yes,,27.714976402378607,85.3568981826308,74.28
yes,,27.714868557094672,85.35664330102,91.87
yes,,27.71491984612006,85.35668918283244,56.97
yes,,27.715203450007245,85.35690579999688,121.87
yes,,27.71506280853253,85.35641852330404,82.73
yes,,27.71495400000744,85.35645769998905,58.89
yes,,27.715150791661593,85.35658809006192,73.94
yes,,27.714968109086914,85.35620598755787,314.42
yes,,27.714855475995716,85.35611821800629,91.29
yes,,27.71493156233563,85.35600046441138,19.0
yes,,27.714822331499928,85.35598560548205,93.32
yes,,27.714656619574676,85.35571855738279,27.21
yes,,27.714629850009214,85.35562289999557,38.42
yes,,27.71467649999934,85.35557200000206,24.75
yes,,27.714967550005174,85.35589555000138,67.64
yes,,27.714900200005577,85.35584615000086,79.31
yes,,27.71315015999882,85.35600651411076,105.24
yes,,27.71297904560638,85.35596100165762,149.2
yes,,27.713288449996043,85.3561983000003,88.14
yes,,27.713286749996968,85.35608165000022,85.75
yes,,27.713681650014674,85.35590320000213,149.83
yes,,27.71357356713008,85.3558634461752,163.28
yes,,27.713394455671683,85.35583402857841,230.59
yes,,27.71308276138346,85.3557663813338,185.92
yes,,27.713272364204883,85.35583369423291,56.73
yes,,27.71318526982992,85.35563935263467,434.55
yes,,27.713972850000896,85.35699879999407,88.73
yes,,27.713755250007253,85.35701625000088,97.33
yes,,27.713540142353025,85.35670402159379,22.23
yes,,27.71360339082844,85.3570272695447,219.38
yes,,27.71344032593372,85.35696098712769,114.71
yes,,27.713293190109876,85.35676513758052,93.59
yes,,27.713121793432915,85.356816875157,95.67
yes,,27.713081149994775,85.3570336499997,79.51
yes,,27.713001550012365,85.35724994999917,107.91
yes,,27.713089404051875,85.35725084090241,143.7
yes,,27.71291826729622,85.35796021606768,368.83
yes,,27.713051343471793,85.3578178744212,51.97
yes,,27.713102114453754,85.35750042741654,149.65
yes,,27.71330020813011,85.35742350169369,98.4
yes,,27.713404414180328,85.35732818964108,70.94
yes,,27.713405177147646,85.3574134132542,102.99
yes,,27.713288649996688,85.35804444999977,48.87
yes,,27.713258181926346,85.35793252633758,90.8
yes,,27.713520227521133,85.35779959784274,96.6
yes,,27.713612600025996,85.35798789999825,116.52
yes,,27.713716150032678,85.35782729999777,337.63
yes,,27.713827500002495,85.35777214999976,48.59
yes,,27.71384387943726,85.35751317466068,73.62
yes,,27.713842689101025,85.3576122407834,44.83
yes,,27.714199683187385,85.35725764600942,100.34
yes,,27.71405558294394,85.35713434774303,139.58
yes,,27.714280661091703,85.35730841430517,102.88
yes,,27.714379537801552,85.35716643102764,75.33
yes,,27.714491569598387,85.35718824249423,101.43
yes,,27.714546640897066,85.3573436634369,82.77
yes,,27.71381106474764,85.35599477530222,140.09
yes,,27.713755878359912,85.356098923263,119.61
yes,,27.71362878667033,85.35636034409455,105.01
yes,,27.713699305545013,85.35625525614368,107.76
yes,,27.713874579548254,85.35633219209083,89.14
yes,,27.713988817200505,85.35588362488325,131.93
yes,,27.71396442754035,85.35600921406328,120.98
yes,,27.713992357903344,85.35617226121104,193.37
yes,,27.7134967154198,85.35650314136315,75.11
yes,,27.713533850005838,85.35642080000164,78.05
yes,,27.7138135965072,85.35652420515402,935.48
yes,,27.71401273000271,85.3566394200043,185.26
yes,,27.71407420341189,85.35645217729162,139.3
yes,,27.714106124676263,85.35624006470873,89.3
yes,,27.714230679166157,85.35610603578155,73.94
yes,,27.71413392912392,85.35604496817729,88.74
yes,,27.71428275672928,85.35583595188137,102.94
yes,,27.713930649996165,85.35553025000024,51.65
yes,,27.713933862133512,85.35560312395496,75.99
yes,,27.713939489590743,85.35569642522296,132.58
yes,,27.714264080821415,85.35551033839475,87.16
yes,,27.713272324717952,85.35691456811652,57.65
yes,,27.713587742705855,85.35570142394855,104.05
yes,,27.71207517535964,85.35516151994473,118.55
yes,,27.712342372034165,85.35522276085177,105.01
yes,,27.71192994789529,85.35466696354032,157.36
yes,,27.71226415000111,85.35469095000005,110.47
yes,,27.71235448138224,85.35484574376677,80.97
yes,,27.71173455000996,85.3548473000001,89.73
yes,,27.711759000000406,85.35513919999991,20.72
yes,,27.712478983002544,85.35530116577382,58.85
yes,,27.712469788060705,85.35500367444881,87.52
yes,,27.71246057400536,85.35512801515767,106.79
yes,,27.71258551405124,85.35500308394073,114.92
yes,,27.71292960000803,85.35463799999752,160.33
yes,,27.713071950007183,85.35455280000106,92.31
yes,,27.71259353212071,85.35451413772103,141.83
yes,,27.71252225510136,85.35465379242724,72.35
yes,,27.712674347110536,85.35467139147342,85.1
yes,,27.71271159942732,85.3546050853281,56.49
yes,,27.711958945020687,85.35409295779905,113.88
yes,,27.71185286355763,85.35410908293191,230.06
yes,,27.712031838762435,85.35406962458738,144.99
yes,,27.71193575367942,85.35446629160003,132.44
yes,,27.712313850015644,85.35442664999968,111.9
yes,,27.712424323271446,85.3544278588335,139.16
yes,,27.712499321377777,85.35423966837122,24.1
yes,,27.712648623881524,85.35422125481472,184.37
yes,,27.71262309055856,85.35411281458781,75.64
yes,,27.712707665425803,85.35321941092569,143.65
yes,,27.712518613515492,85.35277849277597,127.65
yes,,27.71714772769251,85.3570859460452,120.48
yes,,27.71708797715557,85.35652341465159,72.72
yes,,27.717352268001324,85.35719993456114,187.42
yes,,27.717537008359358,85.35723047757304,46.94
yes,,27.71745297902917,85.35720280769927,143.72
yes,,27.717499111901958,85.35709597997496,51.79
yes,,27.717510199580666,85.35689018618416,195.2
yes,,27.717336950001858,85.35671020000048,25.91
yes,,27.717263397144002,85.35662837277219,77.17
yes,,27.71718189045231,85.35659548583824,133.75
yes,,27.717238679873656,85.35676522015544,141.9
yes,,27.71739438390152,85.35662169528943,29.97
yes,,27.7169115433432,85.35666301745263,113.17
yes,,27.716944463193318,85.35658653960658,109.28
yes,,27.716898328916837,85.35633403677639,49.54
yes,,27.71697813050246,85.35638124068508,153.8
yes,,27.717043746921714,85.35639717144079,154.98
yes,,27.717510156997495,85.35548452575158,72.25
yes,,27.71710184738896,85.35621096976894,69.81
mixed_use,,27.717089250000804,85.35596559998712,41.94
yes,,27.717272389102074,85.35596613297696,92.59
yes,,27.717344800007268,85.3558125499989,136.69
yes,,27.717434191410845,85.35582052017281,27.72
yes,,27.71746409226953,85.35605887745027,61.94
yes,,27.71741820000776,85.35593885000043,67.56
yes,,27.71752355000468,85.35578465000417,82.56
yes,,27.71758179793291,85.35588656755426,120.77
yes,,27.716853671479534,85.35548849077328,51.47
mixed_use,,27.716977308403386,85.3554304298603,222.0
yes,,27.716945857617294,85.3557085985529,101.5
yes,,27.716980258289166,85.35588624701117,148.02
yes,,27.71700807122228,85.35575176016779,95.72
yes,,27.71601029776442,85.35630087982706,101.15
yes,,27.71603523086639,85.35614353751595,113.48
yes,,27.71657736259611,85.35611206809884,104.31
yes,,27.716627883067055,85.35592168846458,87.78
yes,,27.716603370822796,85.35601627178617,115.22
yes,,27.716779650004167,85.35599669999839,97.45
yes,,27.716697150017694,85.35599610000688,58.88
yes,,27.716812357164123,85.35632291947776,103.62
yes,,27.716705000006556,85.35641339999846,138.62
yes,,27.716791018812525,85.35654522286735,56.48
yes,,27.716629995826796,85.35625397347319,75.35
yes,,27.716509822992403,85.35624523789743,105.36
yes,,27.71656944052834,85.35644437181193,145.56
yes,,27.71641125138308,85.35619540015016,97.09
yes,,27.716303230265346,85.35626557093556,90.62
yes,,27.716288760896397,85.35640938483799,75.91
yes,,27.716115214930173,85.35714506512211,50.22
yes,,27.71630308679631,85.35695949784547,124.98
yes,,27.71620292386152,85.35695017118181,41.56
yes,,27.71623511257832,85.3571387376782,148.9
yes,,27.716266075595193,85.35703222281006,58.68
yes,,27.716410470617003,85.35711508319373,138.33
yes,,27.71635710794997,85.35720555509853,204.85
yes,,27.71648129711983,85.35726184527546,140.45
yes,,27.71650765807677,85.35703238647824,458.0
yes,,27.716634842087785,85.35720804613892,361.53
yes,,27.71695784761278,85.3567651574449,107.44
yes,,27.716889096835814,85.35684738344568,113.97
yes,,27.71697640188655,85.35686369667172,75.13
yes,,27.717028706403244,85.35699696546769,94.74
yes,,27.71709180892593,85.35688523770777,163.07
yes,,27.716893500816823,85.35720327121159,226.03
yes,,27.717016076809834,85.35724202628259,248.4
yes,,27.72019293308255,85.34695353138021,49.36
yes,,27.72148295000559,85.34725205000227,86.7
yes,,27.72062590365223,85.34717148038004,40.61
yes,,27.720204283948203,85.34709545146698,84.51
yes,,27.720749048247164,85.34677607421222,17.88
yes,,27.721126000001853,85.34707874999243,35.04
yes,,27.72115690445829,85.3467603227155,65.79
yes,,27.72097315354333,85.34696475770747,145.52
yes,,27.72096582987447,85.34707663807515,81.05
yes,,27.720894502152674,85.3470518839318,57.42
yes,,27.72182976713418,85.34678624749557,60.23
yes,,27.715168588718246,85.3557864953453,121.28
yes,,27.715358992035657,85.35612768432159,86.08
yes,,27.715458639053935,85.35642240596746,114.87
yes,,27.715620492692324,85.35633855129034,81.08
yes,,27.715398171756544,85.35634201059081,45.5
yes,,27.715385652000382,85.35657303669969,154.36
yes,,27.715413159573213,85.35602524957282,102.52
yes,,27.715218470170996,85.35585815439865,99.76
yes,,27.71530034596889,85.35589631045816,93.15
yes,,27.71565484999639,85.35584589999355,102.71
yes,,27.715304631859166,85.3557096007931,145.55
yes,,27.715516149995644,85.35554849999816,54.72
yes,,27.715668900002747,85.35557545000023,32.84
yes,,27.715817571738178,85.35571637411978,174.85
yes,,27.715803412095706,85.35591821263144,105.89
yes,,27.715749849612777,85.3560088235736,105.93
yes,,27.715669199102358,85.3557666558921,105.68
yes,,27.71565070000123,85.35567949999849,58.6
yes,,27.715720476945965,85.35547309135296,74.55
yes,,27.71580925000752,85.35555725000111,79.07
yes,,27.715932638178444,85.3554542635256,143.86
yes,,27.71628297486781,85.3561662429537,80.24
yes,,27.716317243292433,85.35606007132775,88.35
yes,,27.716144610631503,85.35582935048443,103.75
yes,,27.716056800001486,85.35590529999992,21.12
yes,,27.71626074239117,85.35571860945801,183.5
yes,,27.71630564369268,85.35560443620093,97.7
yes,,27.71640799579649,85.35562452091382,72.14
yes,,27.7163585907936,85.35582405196197,99.64
yes,,27.716234116300956,85.35585085537276,143.99
yes,,27.7164494940221,85.35588698536698,41.13
yes,,27.71654199821552,85.35567784846023,82.75
yes,,27.716516252498348,85.35544168364612,145.86
mixed_use,,27.71660970001297,85.35544755000129,94.58
yes,,27.716628749956506,85.35735681617012,63.51
yes,,27.716252363011037,85.3566714523476,118.62
yes,,27.71624365000182,85.35687769999349,36.97
yes,,27.71606254147887,85.35685561741198,70.03
yes,,27.716053062515233,85.35667671542457,58.1
yes,,27.715976787957924,85.35642663100622,88.62
yes,,27.71596970000575,85.35662005000725,75.29
yes,,27.715914783356443,85.35655994904326,105.28
yes,,27.715825086536363,85.35694656331769,143.29
yes,,27.715653616479862,85.3569717131474,93.88
yes,,27.71566232577112,85.35675671439438,726.03
yes,,27.71758719999537,85.35818759999758,58.61
yes,,27.717440877485664,85.35796403472037,59.92
yes,,27.717296093581663,85.35789358230026,120.17
yes,,27.717369156223167,85.35787153635653,84.82
yes,,27.716871805527013,85.3574573570706,62.89
yes,,27.716989427335214,85.35768762147693,75.56
yes,,27.716969525297376,85.35762143219243,98.51
yes,,27.71706453706813,85.3576863944792,45.63
yes,,27.71715223121985,85.35767176305735,27.04
yes,,27.71747229999928,85.35788270000006,12.53
yes,,27.71745625519455,85.35775535355747,113.04
yes,,27.717466938730205,85.35764436716816,79.97
yes,,27.717352769832786,85.35738173537638,102.49
yes,,27.717356741824272,85.35747492484359,137.18
yes,,27.717481757790175,85.35748565447723,205.57
yes,,27.716469652836857,85.35793241563917,29.5
yes,,27.71650819453597,85.35788301586399,20.67
yes,,27.716387550002295,85.35802235000244,24.5
yes,,27.71660791170079,85.35793547193785,57.28
yes,,27.71654214434526,85.35800215822657,50.12
yes,,27.71634274216167,85.35808761084353,39.2
yes,,27.7163146476026,85.35800938421231,52.36
yes,,27.716374924515122,85.3581987498908,92.68
yes,,27.71642920943028,85.35814597022951,48.23
yes,,27.71648629585337,85.35808942757369,106.34
yes,,27.716627599316354,85.35798564844622,117.11
yes,,27.71667728773633,85.35776940703838,559.89
yes,,27.716618665561686,85.35807099639514,119.79
yes,,27.71671321599763,85.358000470774,86.94
yes,,27.7167797057474,85.35794185944522,99.16
yes,,27.71949484423555,85.34972572996413,57.53
yes,,27.71935911282226,85.34999409290097,25.3
yes,,27.718598820797776,85.34895664629805,113.83
yes,,27.718604978903098,85.3487478075085,140.7
yes,,27.717700033015817,85.3488986663136,51.8
yes,,27.71774803150785,85.34849065808604,90.33
yes,,27.71776255730693,85.34925641527954,80.75
yes,,27.71822625972602,85.3495204847806,20.94
yes,,27.71819485000868,85.34935805000052,128.8
yes,,27.71781902636645,85.3494093162978,58.69
yes,,27.71780807902599,85.34900530931633,132.82
yes,,27.718005100008828,85.34903685000144,41.4
yes,,27.717790696342004,85.34985626751228,86.76
yes,,27.719158400002527,85.3498558500043,15.02
yes,,27.719547972657477,85.34845631021746,78.95
yes,,27.719462814137852,85.34842627767635,97.45
yes,,27.71960745002982,85.34787390000572,82.94
yes,,27.71925909276237,85.3482980739218,110.62
yes,,27.719313082127474,85.34791705854909,175.4
yes,,27.715181275698495,85.35713494232655,43.82
yes,,27.715208191025404,85.35737880907347,96.43
yes,,27.71518225677456,85.35747523414963,167.73
yes,,27.715278354774266,85.35751398030865,46.09
yes,,27.715143743527666,85.35785364576748,98.99
yes,,27.715435300070904,85.35765483332146,185.99
yes,,27.71555672974101,85.35764577344673,102.46
yes,,27.71560790284829,85.35747910466584,111.9
yes,,27.715678698301986,85.35728424874608,72.41
yes,,27.715866849843877,85.3572706722421,79.46
yes,,27.715996350258973,85.35730061042109,67.08
yes,,27.715987194281638,85.35737882113246,88.34
yes,,27.71595342126798,85.35746872318693,50.06
yes,,27.715911784451,85.3575390818213,58.19
yes,,27.715988850001214,85.35766384999661,57.47
yes,,27.715784326044258,85.35757804118842,136.97
yes,,27.715732858734782,85.35778400163933,128.94
yes,,27.715790819868467,85.35792268949815,118.23
yes,,27.712685034719144,85.35262059433015,116.13
yes,,27.712635689045403,85.35224294426075,74.11
yes,,27.717808446567076,85.35241017234002,113.23
yes,,27.71765039250735,85.3520894398166,219.55
yes,,27.717818250002,85.35181589999563,49.14
yes,,27.717659298233443,85.35173935072922,48.84
yes,,27.71764166987651,85.35155262836629,114.77
yes,,27.717588856075004,85.3514661031905,42.43
yes,,27.717553300016124,85.3513364000124,112.89
yes,,27.717706762241267,85.35139588232724,66.08
yes,,27.71778038106293,85.35142477772997,65.34
yes,,27.717810711727466,85.35153598303998,92.52
yes,,27.717860999188023,85.35146913138713,74.13
yes,,27.71776324389394,85.35159755512399,39.76
yes,,27.717861951147388,85.35165237802515,45.57
yes,,27.717947200012134,85.35155310001322,129.8
yes,,27.718018475992476,85.35180068441534,49.11
yes,,27.717917947555872,85.35174053978864,122.16
yes,,27.71765111412469,85.35111992966561,92.67
yes,,27.71773513106241,85.35117764406387,60.28
yes,,27.717655116592947,85.35123681905297,87.91
yes,,27.717913400006193,85.35114554999979,98.39
yes,,27.718064708726732,85.35131617927533,84.02
yes,,27.718209948327715,85.35138897173869,46.67
yes,,27.71825948303473,85.35159130524804,62.16
yes,,27.71831575324181,85.35162460299215,57.98
yes,,27.718461294366314,85.35187590401,114.11
yes,,27.71838325001234,85.3518955499974,53.1
yes,,27.718543630027266,85.35164945417863,70.31
yes,,27.718634153966196,85.35262385582489,455.98
yes,,27.71875450380301,85.35165398349628,78.79
yes,,27.718825256648024,85.35163643020212,85.46
yes,,27.71853817641964,85.35241766891112,69.49
yes,,27.71869663641384,85.35239179333556,128.46
yes,,27.718714192384127,85.35220470289178,114.67
yes,,27.718793703451926,85.35240037460116,117.68
yes,,27.718947950003425,85.35258909999858,105.72
yes,,27.718932808697783,85.35245801149333,92.09
yes,,27.71896714849056,85.35270233271058,219.15
yes,,27.719019472733333,85.35192990634894,139.45
yes,,27.719180831332263,85.35204115781234,74.38
yes,,27.719221172476846,85.35165695973632,132.17
yes,,27.719583057037916,85.3527331469636,152.47
yes,,27.71906741188927,85.34998328186181,151.23
yes,,27.719246972493227,85.35020937475667,70.96
yes,,27.719303691767916,85.35009451212163,92.21
yes,,27.71985018959423,85.35077955144425,81.76
yes,,27.719923322861213,85.35065269604635,196.79
yes,,27.71980620001857,85.35063380002384,98.81
yes,,27.719945740489454,85.35041962642157,206.07
yes,,27.719772586710327,85.35008267499481,1413.12
yes,,27.71816818748775,85.35117411128255,193.85
yes,,27.718373056929078,85.35061109461665,73.66
yes,,27.718686464661797,85.35080202836099,58.46
yes,,27.718684561076945,85.35062064198785,65.96
yes,,27.718500600249133,85.35097345212462,170.99
yes,,27.718478817058642,85.35112285417308,84.81
yes,,27.718355199986963,85.35132999997253,67.35
yes,,27.718530759256016,85.3512970816476,130.81
yes,,27.71863041263306,85.35120991635621,75.39
yes,,27.718570887948133,85.351178264559,70.14
yes,,27.718604600009208,85.3510480500027,86.0
yes,,27.718667950004484,85.35109615000154,41.38
yes,,27.71863736570437,85.35094823064196,37.41
yes,,27.71870282762349,85.3509195930826,87.44
yes,,27.718800664966196,85.35126217070837,45.98
yes,,27.718769091340096,85.35082415956597,58.88
yes,,27.718868815945996,85.35068062307977,74.68
yes,,27.71914270964779,85.35088937359392,46.03
yes,,27.718746300019387,85.35109795001269,87.17
yes,,27.7187450077495,85.35137361262008,69.79
yes,,27.718856582806385,85.35139380413162,76.12
yes,,27.718757554296353,85.35150866956094,54.28
yes,,27.71915332011521,85.35147244210157,104.45
yes,,27.719146257520332,85.3512300028486,473.59
yes,,27.71909567660148,85.35078380130899,69.32
yes,,27.71778494223006,85.35069270426665,44.0
yes,,27.717925320752297,85.35056764103648,49.98
yes,,27.717558976699024,85.35046328187151,64.0
yes,,27.7175938500001,85.35066900000004,14.59
yes,,27.7177824502534,85.3505040383623,69.85
yes,,27.717681500000204,85.35048429999897,46.08
yes,,27.71761685499024,85.35007017960038,54.18
yes,,27.717692745185655,85.35002061437717,78.77
yes,,27.71777055000548,85.350044849998,122.99
yes,,27.718064709639254,85.35018091058576,151.0
yes,,27.717988249997756,85.35007079999465,38.09
yes,,27.71802419912329,85.3503781245655,98.55
yes,,27.718104100003575,85.35036274999956,40.95
yes,,27.7181669040334,85.35031867332157,65.85
yes,,27.718733944551715,85.35046989946696,82.76
yes,,27.718675309774,85.35004921173498,101.5
yes,,27.71877799301331,85.35013287386924,92.84
yes,,27.718701961007774,85.35028979918842,89.79
yes,,27.71884528106613,85.35058743842407,73.21
yes,,27.71891340741651,85.35040029367603,145.82
yes,,27.71879466177587,85.35036447317981,177.08
yes,,27.71657163714344,85.35024889679545,70.53
yes,,27.716673351476945,85.35035704365053,71.21
yes,,27.71666163788572,85.35013279509656,43.38
yes,,27.716727410193865,85.35014139107217,55.01
yes,,27.71678670889078,85.3501453053693,40.76
yes,,27.71684781073328,85.3503508529667,86.51
yes,,27.717406273947194,85.35028566393699,13.39
yes,,27.71739410000164,85.35033799999962,14.06
yes,,27.717071668186893,85.35023846541877,55.37
yes,,27.717290678196978,85.35016629502122,35.89
yes,,27.717297200000424,85.35009879999923,59.87
yes,,27.717131100000966,85.35045199999941,45.65
yes,,27.717070349193683,85.35064045232555,61.36
yes,,27.717286125546647,85.35078743126611,27.64
yes,,27.7173292900954,85.35080440329799,36.98
yes,,27.717068273434375,85.35093204189153,13.99
yes,,27.717218723443224,85.35087833103557,101.44
yes,,27.71748800615417,85.35114006708262,80.97
yes,,27.71756482030403,85.35102833583134,57.6
yes,,27.717523846773318,85.35071931241393,82.88
yes,,27.717510583839374,85.35002210412145,63.3
yes,,27.71567780000354,85.35115824999937,84.98
yes,,27.715821273597623,85.35109100880622,4.02
yes,,27.715823150000855,85.35094269999982,16.43
yes,,27.715833264243905,85.35128187782979,11.38
yes,,27.715726725690633,85.35138664515877,56.04
yes,,27.715802423657596,85.3513809733241,43.77
yes,,27.71623099238481,85.35116392412434,20.34
yes,,27.71623518429232,85.35124401814456,91.82
yes,,27.71635387423773,85.35107966173788,26.97
yes,,27.716327150001206,85.35089299999932,46.42
yes,,27.716315362227988,85.35095902904744,47.99
yes,,27.716397579035664,85.35088134141365,58.27
yes,,27.716572106565213,85.35060452604846,99.09
yes,,27.716951471253065,85.35079198838937,158.69
yes,,27.716850338395687,85.35062233372497,68.1
yes,,27.71684897994,85.35068269938935,51.23
yes,,27.716717760834104,85.35091792717536,74.38
yes,,27.71676422338522,85.35132430980742,52.89
yes,,27.716789257667646,85.35103997985986,77.92
yes,,27.716815099993866,85.35113589998491,61.46
yes,,27.717085289726956,85.35105517574387,13.47
yes,,27.71703484999985,85.35102054999994,14.58
yes,,27.71710314999932,85.35101345000034,7.3
yes,,27.715711081068786,85.35062461074847,96.98
yes,,27.715955054088674,85.35064907452805,17.07
yes,,27.716050371048716,85.35049029344013,79.2
yes,,27.71579442230158,85.3504119224728,47.68
yes,,27.715650300000288,85.35010590000589,60.71
yes,,27.716257087917484,85.35027857258673,93.25
yes,,27.717290850011292,85.35271475000492,50.89
yes,,27.71697092835448,85.35253159866402,79.63
yes,,27.717105450001775,85.35259014999737,73.86
yes,,27.717203189176338,85.35259374761768,60.01
yes,,27.71728553302553,85.35236297909569,105.94
yes,,27.717274304737312,85.3521149788141,30.67
yes,,27.71728990548193,85.35221053977526,59.83
yes,,27.71726118164598,85.35228378947309,32.82
yes,,27.716536949999302,85.3526294999995,28.86
yes,,27.716624035978608,85.35261952582503,45.48
yes,,27.716303107995145,85.35268114389713,93.54
yes,,27.716378151289877,85.3527030320558,44.9
yes,,27.716178931933747,85.3527466540904,9.2
yes,,27.716091249998247,85.35276070000015,32.54
yes,,27.716091188016104,85.35271171664489,31.65
yes,,27.717517252380105,85.35198257158703,45.3
yes,,27.717107900004425,85.35171870000161,26.43
yes,,27.717184600000078,85.35152069999869,32.11
yes,,27.717150637532054,85.35159495024867,98.47
yes,,27.717055999998532,85.35155939999223,85.41
yes,,27.71699981336942,85.3514157126899,75.7
yes,,27.717488270735164,85.35154791132757,86.67
yes,,27.717215850001327,85.35140739999378,55.15
yes,,27.71726809690223,85.35130795589974,76.25
yes,,27.717373335128975,85.35130636370243,71.26
yes,,27.71737066248429,85.35147356683666,115.71
yes,,27.717318937577726,85.35154847425095,146.92
yes,,27.717279738567647,85.35164640214796,69.86
yes,,27.71720399999692,85.3519051499985,66.83
yes,,27.7170198266178,85.35206736151575,47.73
yes,,27.716910315853717,85.35167295329705,129.06
yes,,27.716817250009314,85.35261205000049,120.89
yes,,27.716738450004822,85.35199265000053,56.35
yes,,27.716770228107546,85.35188983772568,56.17
yes,,27.71669262353628,85.3516039626469,108.5
yes,,27.716467100638845,85.35165213895375,33.95
yes,,27.716423998446107,85.35174881309875,104.3
yes,,27.71623542721485,85.35200828939685,85.76
yes,,27.71621736888363,85.35214408542866,118.47
yes,,27.716114285301373,85.352093775836,100.51
yes,,27.71588585000213,85.35233739999933,28.93
yes,,27.715948510618837,85.35245845070189,54.62
yes,,27.71603242567505,85.35246688352855,75.26
yes,,27.716015846575402,85.35235936668768,44.61
yes,,27.71596066332948,85.35233025867882,40.9
yes,,27.715959224057926,85.35217819320668,32.92
yes,,27.715938880195388,85.35225254181003,43.42
yes,,27.715421089070123,85.35009403724978,97.36
yes,,27.71561631018316,85.35066762843881,30.13
yes,,27.71518497107926,85.3521087044892,35.24
yes,,27.715499045318563,85.35213237078582,196.1
yes,,27.715340132971964,85.35189723137769,225.35
yes,,27.715652416520093,85.3520469097642,149.09
yes,,27.71563454999808,85.35214570000028,56.83
yes,,27.71562904608673,85.35233414073934,139.87
yes,,27.71557048473263,85.35271984152897,96.47
yes,,27.715461791445584,85.35245982409555,222.5
yes,,27.715352394456602,85.35259849091858,46.79
yes,,27.71532970223541,85.35237342041574,108.21
yes,,27.715247500000384,85.35159274999988,8.97
yes,,27.715158150963987,85.35170588229525,39.36
yes,,27.715175771641487,85.35153726336387,155.22
yes,,27.715320976191318,85.35136015874667,101.86
yes,,27.715378966061788,85.35144965657275,82.94
yes,,27.717359133929985,85.35533970253431,60.32
yes,,27.7174041947446,85.35522541694891,33.79
yes,,27.717462800005073,85.355361400003,67.24
yes,,27.717419898351363,85.35545351689255,41.09
yes,,27.71726148094736,85.35496200530392,274.79
yes,,27.71647771955706,85.35380232180954,60.25
yes,,27.716476199993743,85.3536690500005,64.07
yes,,27.7166079574567,85.35374007557321,130.48
yes,,27.716724717358325,85.35444480469674,34.77
yes,,27.71676518426236,85.35447728926792,25.92
yes,,27.717060490285554,85.35462333263357,58.39
yes,,27.717164019000233,85.35461619873469,115.59
yes,,27.717273382891317,85.35465479881913,51.49
yes,,27.71751529384263,85.35429387879688,103.16
yes,,27.71747628583539,85.35396086978429,85.59
yes,,27.71735249999988,85.35389185000018,50.83
yes,,27.717015626402272,85.3537849849664,156.75
yes,,27.716521585772472,85.35313034070786,104.84
yes,,27.716315750010924,85.35310964999937,83.77
yes,,27.716303529882122,85.35352607639076,119.13
yes,,27.71624911943937,85.35339775948685,44.51
yes,,27.716113077688487,85.35309113363546,26.77
yes,,27.716101800006374,85.35301514999718,46.54
yes,,27.716092847975695,85.35287059799562,97.73
yes,,27.716198838940016,85.35313762777616,73.36
yes,,27.716195324970066,85.3530447085864,92.11
yes,,27.716389750000445,85.3529612999968,44.2
yes,,27.716817800009,85.35290440000183,68.96
yes,,27.716843140279188,85.35302887056218,90.39
yes,,27.716914291360556,85.35341617134904,26.04
yes,,27.716925579312445,85.35335079123291,44.42
yes,,27.717077678293215,85.35288483056347,85.11
yes,,27.717057554987342,85.35321278066162,44.41
yes,,27.71715982418592,85.35311250758846,103.58
yes,,27.717146367770553,85.35325845154769,88.49
yes,,27.717104204300224,85.35344286930568,61.57
yes,,27.71736007107974,85.35326566397472,44.43
yes,,27.717564304245688,85.3531769283757,19.07
yes,,27.71747759354213,85.35302145535209,76.84
yes,,27.71736972924988,85.35300158475096,40.6
yes,,27.715682500148066,85.352875405659,56.93
yes,,27.715303449994494,85.35434634999685,91.22
yes,,27.717196362507828,85.3553945751399,81.84
yes,,27.717129065101975,85.35549122168398,53.33
yes,,27.7172478084591,85.35294311561658,91.91
yes,,27.71520199999988,85.3540653,24.34
yes,,27.71519886544649,85.35389802207203,97.88
yes,,27.71527281770825,85.35396636424669,30.14
yes,,27.71528633352609,85.3538990327708,37.44
yes,,27.71528420993105,85.35384064409725,52.1
yes,,27.715410931964282,85.35342902365579,80.98
yes,,27.715222950009647,85.3532794499987,119.41
yes,,27.715292299304267,85.35307601987405,36.21
yes,,27.715483849999774,85.35294194999084,89.33
yes,,27.715925442368803,85.3552735885014,195.04
yes,,27.716046850009242,85.35528964999948,149.8
yes,,27.71618305889435,85.35543057901728,92.81
yes,,27.716206371864804,85.35531641213352,102.53
yes,,27.716203600002217,85.35498379999959,24.86
yes,,27.71626615664391,85.35493167434862,42.45
yes,,27.71635729365525,85.3549344297601,76.84
yes,,27.71636240082363,85.35503040587693,106.11
yes,,27.716182068283825,85.35507037986008,76.72
yes,,27.716335192348936,85.35511680668557,115.74
yes,,27.716326267809798,85.35518562852673,133.42
yes,,27.716325449992794,85.3552821999914,66.97
yes,,27.716461800013665,85.35518780000066,106.62
yes,,27.716320979643342,85.35540838921652,197.54
yes,,27.716411650003312,85.35547564999922,70.91
yes,,27.716436005963047,85.35537082846332,73.38
yes,,27.716593822199275,85.35529705516542,94.86
yes,,27.71700975237082,85.3552878769781,99.92
yes,,27.716875902538945,85.35522437093377,170.79
yes,,27.716833850030884,85.35499744999534,179.23
yes,,27.716728107187656,85.35488936640553,78.78
yes,,27.71665230000506,85.35459155000648,51.57
yes,,27.716145561728002,85.35459173846594,93.77
yes,,27.71654022854075,85.35473565824105,90.37
yes,,27.716525500010004,85.35462649999839,109.38
yes,,27.716432982084793,85.35462906819183,117.6
yes,,27.7164185684133,85.35450673815899,104.52
yes,,27.71634895000375,85.35458714999848,44.51
yes,,27.716254393487265,85.3545539967609,192.31
yes,,27.71582092074016,85.35488655894721,91.37
yes,,27.71555019999454,85.35447424999073,87.71
yes,,27.715853850000837,85.35469989999756,44.01
yes,,27.715814300005384,85.35449615000317,55.62
yes,,27.71597191102056,85.354364416862,110.23
yes,,27.71608965001003,85.35434544997878,98.09
yes,,27.716085166126103,85.35420381197618,101.2
yes,,27.716376680854815,85.35421175637194,147.64
yes,,27.716187550007536,85.35392584999407,87.28
yes,,27.71611578231494,85.35398510401974,78.1
yes,,27.715871746222245,85.35415753249475,46.75
yes,,27.715928449941117,85.3542216494395,44.13
yes,,27.71580450000382,85.3541553500039,31.57
yes,,27.715752650003846,85.35412445000358,36.15
yes,,27.715739812202447,85.35421841518671,63.64
yes,,27.715676268277026,85.3541826559399,56.64
yes,,27.71562430001199,85.35412065000756,112.46
yes,,27.715641550006364,85.35362405000495,40.82
yes,,27.715712717166436,85.35366758772419,57.18
yes,,27.715664950004122,85.35373290000199,43.82
yes,,27.71565310389922,85.35386778112223,63.68
yes,,27.71578385000881,85.35376455000491,74.24
yes,,27.715509827536028,85.35377212069307,153.01
yes,,27.71552060000041,85.35352764999763,28.44
yes,,27.716080850005135,85.35368564999894,79.97
yes,,27.716059550005347,85.35358660000738,80.88
yes,,27.71612778345346,85.35349984951915,76.63
yes,,27.716067607228332,85.35344371572963,92.09
yes,,27.716033647020396,85.35338444781308,84.28
yes,,27.715593033914352,85.35344022044185,52.67
yes,,27.715685202639463,85.35349197892022,137.45
yes,,27.715777750006275,85.3535410500004,93.82
yes,,27.715887792757247,85.35347377534278,76.06
yes,,27.715635423912772,85.35311679384438,89.46
yes,,27.71539370000435,85.35553200000042,76.14
yes,,27.71517745000803,85.35488900000483,56.37
yes,,27.7152660752261,85.35492883823407,113.06
yes,,27.715204753374636,85.35468232794778,89.2
yes,,27.71538529308063,85.35470512009923,88.11
yes,,27.715326883891237,85.35479792030617,209.58
yes,,27.715461830286678,85.35482623389056,80.88
yes,,27.71552945002212,85.35487625000574,142.47
yes,,27.715411070344377,85.35491230468402,45.89
yes,,27.715381549997232,85.35497824999234,83.66
yes,,27.71534722915055,85.35509723840488,128.3
yes,,27.715275357089496,85.35520207469375,66.03
yes,,27.71538041549882,85.35523424348702,134.74
yes,,27.715511797683856,85.35528306973795,86.87
yes,,27.715514723016664,85.35548050219961,88.93
yes,,27.715637123740443,85.35546270917533,71.94
yes,,27.71564710000027,85.35529909999826,51.77
yes,,27.715637000001326,85.35537659999896,57.97
yes,,27.715435128834514,85.35514674264306,74.35
yes,,27.715472050010746,85.35503995000307,92.59
yes,,27.715542016769444,85.35505438359358,74.68
yes,,27.71560775318278,85.35507842943433,48.86
yes,,27.715803541505625,85.35521066112527,82.71
yes,,27.715728802140617,85.35539352279382,65.41
yes,,27.713364700009343,85.35499291667436,71.53
yes,,27.713282550002205,85.35500495000026,29.02
yes,,27.71334798326396,85.35445692968712,103.63
yes,,27.713262232247118,85.35442763581786,91.41
yes,,27.713212850006023,85.35424515000523,33.59
yes,,27.713259100004244,85.3542684500032,29.72
yes,,27.71304480517221,85.35414287935896,66.76
yes,,27.71295699234329,85.35411987624201,96.79
yes,,27.712951793924642,85.35422594980632,47.35
yes,,27.71301028710713,85.35469796149276,151.61
yes,,27.71321266319332,85.35532117624028,71.8
yes,,27.71314705031595,85.35541764161586,102.22
yes,,27.712990500005635,85.3553827000004,77.9
yes,,27.71277968694416,85.35531933654664,124.22
yes,,27.71287489773458,85.35509607474901,198.84
yes,,27.713021170616965,85.35513193104343,87.7
yes,,27.7130760788375,85.35490754332581,80.54
yes,,27.713050165701983,85.35502512223582,110.97
yes,,27.7132683500056,85.35520049999961,93.81
yes,,27.713348207468925,85.35522257761313,94.05
yes,,27.71327520726613,85.35544162841124,94.08
yes,,27.71336460000027,85.35554904999898,29.32
yes,,27.713756653047962,85.35501683247304,127.5
yes,,27.713851408464986,85.35471603626007,160.6
yes,,27.71379308057306,85.35490014677949,89.95
yes,,27.713845316222486,85.3550064516851,14.34
yes,,27.713890750000978,85.35498489999976,15.03
yes,,27.713878501275747,85.35481423877461,95.02
yes,,27.71395255000293,85.35495209999856,46.27
yes,,27.714159980893054,85.35501546932747,85.06
yes,,27.71407329984029,85.35513316658223,87.75
yes,,27.71420325996188,85.35512962447082,168.96
yes,,27.71404098858801,85.35529402648658,73.07
yes,,27.7141853408069,85.35540531590817,68.15
yes,,27.71497540937751,85.35510396028796,85.41
yes,,27.714938178985474,85.3552349332183,128.25
yes,,27.71501063032389,85.35525909245453,81.25
yes,,27.71494484157539,85.35552212100093,37.27
yes,,27.714862609649906,85.35538194506454,78.13
yes,,27.7136414304721,85.34974770246347,36.59
yes,,27.713865966266752,85.3498625034123,230.47
yes,,27.71374959160921,85.34954394248552,51.17
yes,,27.71372934530225,85.34943759011335,50.18
yes,,27.71351126443184,85.34976720149808,45.61
yes,,27.714018505690795,85.35390807566218,36.48
yes,,27.713015385237476,85.35375452759911,127.67
yes,,27.712898600001253,85.3539541999998,43.7
yes,,27.712885344592692,85.35402278349228,66.12
yes,,27.713007895957244,85.35401243748574,90.89
yes,,27.712786139958144,85.35355295912672,98.86
yes,,27.71277953625469,85.3531742095106,108.28
yes,,27.712854017126475,85.35293140415195,34.8
yes,,27.713080500004164,85.35280605000409,39.06
yes,,27.713900826152898,85.35326538615789,76.15
yes,,27.7134801298853,85.35340816478072,54.61
yes,,27.71349634266428,85.35347829161397,78.78
yes,,27.71341755746602,85.35355468789807,56.81
yes,,27.713399006959254,85.35345241399624,75.42
yes,,27.713383800004664,85.35365839999966,43.69
yes,,27.71333091314191,85.35359037181301,36.32
yes,,27.713329443463184,85.35365602445029,30.2
yes,,27.713089551413614,85.35399850045468,127.73
yes,,27.713248499851183,85.35404938684792,132.45
yes,,27.7133445347775,85.35409710560258,143.66
yes,,27.713400940160334,85.3541893996924,84.59
yes,,27.713469730849358,85.35385934107913,48.27
yes,,27.713482473985,85.35371748824991,202.27
yes,,27.71363148653191,85.35419177214678,162.64
yes,,27.71378000319385,85.35420054343156,62.34
yes,,27.713761687232743,85.35442461886154,206.3
yes,,27.712840530993606,85.35274700388587,49.3
yes,,27.71456720000467,85.35437964999943,89.32
yes,,27.71478927339536,85.3547303580737,78.05
yes,,27.714862100006517,85.35491189999932,116.18
yes,,27.714947234427104,85.35459617835704,91.88
yes,,27.715080908157574,85.35414675040691,89.22
yes,,27.714930196125366,85.35436505712732,94.78
yes,,27.71471342821406,85.35428309634746,62.03
yes,,27.714623101024802,85.35415924020242,37.67
yes,,27.714636231667793,85.35410389711038,58.26
yes,,27.714714429674515,85.35418689255731,47.47
yes,,27.714790650002552,85.35417594999919,58.35
yes,,27.7146718500082,85.35387500000228,79.74
yes,,27.714797340075314,85.35390705172628,111.46
yes,,27.714944140726487,85.35386926869491,75.49
yes,,27.714537307292783,85.35389161114634,34.55
yes,,27.71489528897048,85.35349516759713,78.12
yes,,27.7149831272067,85.35358873246778,35.0
yes,,27.7149777500089,85.35350454999815,69.56
yes,,27.715095359533198,85.35368992241206,31.39
yes,,27.71505749965611,85.35348337534076,92.52
yes,,27.714958456648162,85.35303215216892,77.15
yes,,27.715048043145828,85.35326625567247,122.65
yes,,27.7151069500049,85.35283959999975,101.68
yes,,27.71498483402615,85.3528206081472,74.89
yes,,27.71479439259036,85.35286456474809,121.77
yes,,27.714094274548792,85.35304811943008,74.51
yes,,27.714092950008894,85.35290119999986,91.62
yes,,27.7140961182766,85.35328490549242,229.38
yes,,27.71428237382106,85.35328395774178,187.51
yes,,27.714216676434905,85.35360291866121,233.23
yes,,27.71417475000284,85.3539002999998,98.31
yes,,27.714176975134848,85.35410091332727,117.96
yes,,27.71444989131813,85.35467142624384,56.71
yes,,27.714403150006515,85.35498930000995,45.93
yes,,27.71419222007821,85.34912648612199,100.32
yes,,27.714115802561974,85.34935262509427,230.3
yes,,27.71409267335102,85.34915449273073,3.48
yes,,27.713561400897774,85.3501718254088,63.31
yes,,27.713477075765383,85.35015017462446,99.08
yes,,27.713543050006603,85.35026515000114,73.38
yes,,27.713288526691137,85.35007881737435,68.04
yes,,27.713232404653343,85.35113407584016,69.03
yes,,27.713204756884927,85.35095316779768,135.78
yes,,27.71315415817728,85.35102295082942,53.3
yes,,27.713302370574553,85.35054266556415,72.55
yes,,27.713518850410228,85.35062189711778,45.23
yes,,27.713746382441368,85.35047284053007,15.41
yes,,27.713783872929323,85.3502611410702,121.75
yes,,27.713462777317297,85.35127915093949,121.87
yes,,27.71309819341606,85.35139050675676,79.76
yes,,27.712864481926015,85.3518657161954,413.36
yes,,27.71305971674797,85.35175584013378,76.16
yes,,27.713054103218333,85.3522011697151,99.2
yes,,27.712818829067476,85.35237946512515,73.8
yes,,27.712862912818284,85.35242025869083,90.2
yes,,27.713385488980013,85.35268956850165,99.86
yes,,27.71339054569844,85.35259446797065,58.17
yes,,27.71352561395743,85.35179520426941,208.77
yes,,27.71358325715891,85.35285508585571,110.71
yes,,27.714485110886226,85.34985891830149,197.91
yes,,27.713849189010297,85.35044709171034,118.59
yes,,27.714245206151173,85.35043290992851,126.06
yes,,27.713992975764835,85.3501120139246,108.03
yes,,27.713958482311774,85.3501907319862,84.56
yes,,27.71392891316703,85.35024943619673,57.27
yes,,27.714660986049672,85.3504643113292,87.2
yes,,27.714607587893184,85.35120613533314,74.81
yes,,27.71454015648949,85.35107824733693,121.42
yes,,27.714170240528464,85.35135163570764,162.93
yes,,27.7141548267039,85.3509084089103,38.7
yes,,27.714010167338373,85.35088443568618,47.72
yes,,27.714008200003327,85.35066420000005,51.06
yes,,27.713937179588832,85.35062828787885,64.73
yes,,27.713765376507766,85.35074059516577,71.64
yes,,27.712839294793817,85.35160246999038,117.64
yes,,27.71373629811192,85.35159512810158,78.59
yes,,27.713850124118437,85.35161000990735,64.48
yes,,27.71381660000068,85.35199884999909,25.74
yes,,27.713697180582223,85.35214465170785,51.09
yes,,27.713775344165143,85.35221793170457,46.66
yes,,27.713922884022267,85.3521880223822,148.79
yes,,27.71402415599205,85.35209138987223,55.9
yes,,27.71409924581759,85.35202869450093,116.49
yes,,27.71412720805755,85.3522431172428,46.08
yes,,27.714167099181324,85.35214249732051,185.0
yes,,27.714298372279632,85.35267953686365,25.9
yes,,27.71455583129372,85.35259699107739,30.49
yes,,27.714450500004297,85.3525805999993,68.73
yes,,27.714511253961582,85.3523926675451,96.45
yes,,27.71455777753424,85.35247809637595,108.76
yes,,27.714606789365035,85.35255548392938,77.15
yes,,27.714812828166266,85.35275569160652,144.34
yes,,27.714683687774865,85.35244446179921,17.59
yes,,27.714885986757935,85.3524411941473,93.86
yes,,27.714750279530506,85.35225244061226,74.73
yes,,27.714793322103674,85.3522088996786,56.18
yes,,27.714446144349097,85.35209658699813,70.4
yes,,27.714559550745015,85.35207133326145,58.33
yes,,27.7146033500016,85.35200434999918,27.35
yes,,27.71469945001465,85.35190640001457,67.16
yes,,27.714614730831407,85.35150113441834,56.51
yes,,27.71444621674338,85.35159765212332,157.23
yes,,27.714555651158218,85.35159804702229,96.1
yes,,27.714956846730693,85.35165837024685,114.26
yes,,27.71504424132193,85.35170979965002,242.63
yes,,27.71479165000238,85.35139244999955,125.21
yes,,27.714980849996444,85.35126874999959,31.57
yes,,27.714868456894955,85.35126902416508,58.96
yes,,27.714789225873755,85.35124629062611,56.55
yes,,27.714888607352098,85.35113742923858,75.6
yes,,27.714907446693463,85.35068961853945,110.5
yes,,27.72195335000069,85.35400915000822,29.97
yes,,27.72187595484096,85.35397568797228,240.71
yes,,27.721820411870734,85.35365539883178,78.94
yes,,27.72176145000337,85.35354260000047,55.47
yes,,27.722086500005794,85.35292230000148,80.29
yes,,27.722119989618086,85.35282427835374,77.57
yes,,27.722232103820218,85.35304323348171,76.43
yes,,27.722330550005974,85.35313269996675,135.88
yes,,27.722151922039437,85.35310808212186,175.77
yes,,27.722111992833685,85.35327778989762,313.1
yes,,27.72209111870348,85.35345786767637,118.78
yes,,27.72203478005916,85.3535677211429,97.6
yes,,27.72200030000772,85.35334574999746,124.04
yes,,27.72198875000692,85.35316435001104,52.72
yes,,27.72193775000578,85.35345714998404,83.83
yes,,27.721923300006633,85.3530770500009,100.7
yes,,27.721798400008257,85.35294600000518,108.07
yes,,27.721500161694582,85.35319393125046,24.08
yes,,27.721076700012738,85.35314890001585,72.19
yes,,27.721181583349562,85.35302932674193,114.67
yes,,27.721206400003638,85.3532905999927,86.18
yes,,27.721288650003604,85.3533542499913,90.4
yes,,27.721539400003977,85.35344450002553,101.95
yes,,27.721388450005463,85.35353090000302,111.96
yes,,27.72104224570486,85.35371261704137,69.44
yes,,27.721300466741887,85.35360764765736,77.37
yes,,27.72121700000134,85.35398515000075,26.21
yes,,27.721136907093566,85.35364816918916,107.4
yes,,27.721054702850928,85.35361923278651,77.5
yes,,27.720973460308667,85.35367997158615,67.05
yes,,27.72099641623571,85.35359158030505,59.77
yes,,27.720912550006496,85.35359790000193,66.56
yes,,27.720982569166345,85.35340570911525,78.02
yes,,27.72084365000677,85.35322430000298,43.92
yes,,27.720773869254856,85.35317375460454,81.56
yes,,27.720727399504995,85.3539261664335,72.77
yes,,27.72064941621346,85.35397365838605,120.54
yes,,27.7208620194092,85.35378095708857,44.27
yes,,27.721132723065907,85.35395444384162,145.77
yes,,27.721005804055093,85.35437651790632,43.2
yes,,27.721529300001947,85.3548656000031,48.77
yes,,27.721691262396963,85.35476328136863,22.28
yes,,27.721972600004083,85.35510789998418,97.52
yes,,27.722183634518753,85.35499064512494,135.64
yes,,27.72219805000514,85.35529340000274,59.24
yes,,27.722023760058935,85.35468856626063,89.69
yes,,27.72211201491357,85.35473504201991,114.06
yes,,27.72195904816698,85.35480875230742,79.22
yes,,27.721957296311672,85.35489805923679,82.95
yes,,27.72189401703982,85.35496580784165,113.19
yes,,27.721844066271192,85.35480685136379,65.53
yes,,27.721723063467934,85.35494189938906,114.58
yes,,27.721616369656346,85.35505349019765,148.79
yes,,27.721610932794352,85.35521364408291,81.17
yes,,27.72129359490511,85.35529585803033,98.37
yes,,27.721410595787127,85.3550902775075,94.49
yes,,27.72723670000619,85.3487813999976,131.49
yes,,27.734719571155974,85.36438324973047,68.9
yes,,27.73468995000903,85.36295770000075,133.58
yes,,27.73431716620485,85.36325210206421,112.14
yes,,27.734157200003807,85.36305539998385,81.42
yes,,27.733132695812984,85.36371976778076,78.09
yes,,27.73191995099105,85.3643194860561,623.9
yes,,27.73209241677631,85.36413857922325,220.31
yes,,27.732736298815517,85.36401051587679,166.44
yes,,27.7307371958236,85.35328562037193,73.72
yes,,27.721243125576596,85.36091874315393,814.7
yes,,27.722730001361672,85.36106853207001,65.74
yes,,27.722119760254376,85.36096107417488,179.69
yes,,27.721982907167277,85.3609158037604,198.46
yes,,27.717814763892335,85.3473653421058,42.12
yes,KL Tower,27.718394926995856,85.34990112782735,2397.58
yes,Bhat-Bhateni Super Market,27.718797376412937,85.35317749231899,1564.98
yes,,27.7233162983221,85.36035178574224,279.17
yes,,27.728580262518552,85.35285006995794,109.07
yes,,27.728643918685066,85.35269546427928,119.8
yes,,27.728575749996054,85.35228305001141,109.67
yes,,27.728401373473037,85.35205929457288,113.63
yes,,27.728446500002573,85.35231670000019,55.61
yes,,27.72836987650779,85.35043819940327,42.82
yes,,27.728387100002994,85.35033534999941,61.2
yes,,27.728204700004337,85.35016820000062,56.02
yes,,27.728293270873085,85.35021955768994,121.68
yes,,27.731197681344977,85.35540611189143,87.52
yes,,27.732310283504678,85.35357445189321,55.13
yes,,27.73240457727261,85.35406298353405,36.29
yes,,27.73239288217868,85.35368100278802,77.07
school,School of International Training (SIT Nepal),27.72527094336765,85.3590307454792,236.42
house,Utsav's House,27.716373140945073,85.36999035605011,194.91
yes,Nayabasti Youth Club,27.71665526877424,85.3703582007462,120.64
retail,Himchuli Medical Hall,27.71664730498181,85.36996571350991,94.41
yes,Bhote ko Hotel,27.717114405341313,85.36989867336179,82.8
yes,Radha-Krishna Temple,27.717253598911388,85.36994344353074,87.91
yes,Nayabasti Library,27.717174971986314,85.37008366396456,61.94
yes,Nayabasti Club commercial buildings,27.717128034171964,85.37025857782713,139.34
yes,Nayabasti Vegetable Market,27.717531434523867,85.3704068709528,527.41
yes,Radha-Krishna Temple,27.71969718890696,85.36709328522194,158.65
yes,Chamunda Temple,27.723588150445902,85.37215841317277,2522.23
yes,Dhungana Niwas,27.72864038320228,85.3630761068017,137.79
house,,27.733362783541487,85.36018469625084,41.63
house,,27.733331989766853,85.36027127866683,95.29
yes,Gokarneshwor Municipality Office,27.725245614442844,85.37611334839937,308.65
yes,,27.724816191430126,85.34733637516786,47.08
yes,,27.724143191863647,85.3471068229822,37.85
yes,,27.724083700000904,85.3470905499997,29.16
yes,,27.724223558349244,85.34714648052,77.83
yes,,27.72651305698541,85.3642408516105,187.83
yes,,27.72496763467046,85.36493606825573,124.87
yes,,27.725096292430646,85.36511978735972,152.75
yes,,27.72480760000729,85.36512684999731,156.39
yes,,27.724934600000264,85.36516769999805,35.51
yes,,27.725032128690845,85.36533433967452,133.54
yes,,27.72540285000021,85.36563749999691,102.71
yes,,27.726943261898253,85.36489900294929,135.05
yes,,27.733761009371264,85.36645509879263,56.79
yes,,27.733596305044912,85.36647701619837,87.89
yes,,27.73362883443459,85.36627543800378,77.35
yes,,27.733390800003637,85.36596335000311,35.3
yes,,27.73366085000769,85.36744505000591,64.17
yes,,27.733435950009316,85.36732675001015,62.3
yes,,27.73331667751809,85.36670456667336,91.63
yes,,27.733314587004603,85.36681581946877,70.32
yes,,27.733271799998526,85.36702789998915,75.11
yes,,27.725609315713783,85.34755453103749,18.87
yes,,27.72522425000231,85.34757335000003,35.28
yes,,27.72522480000375,85.34748350000076,46.63
yes,,27.72509008022898,85.3475074925334,38.72
yes,,27.725144151274655,85.34741251900348,180.51
yes,,27.72573760572794,85.34762413641802,97.22
yes,,27.734108261664765,85.36703367931877,41.9
yes,,27.734201554039856,85.36672275810409,60.51
yes,,27.734184094082703,85.36624629052899,69.39
yes,,27.73415630000737,85.3663367500009,100.48
yes,,27.734190783015816,85.36658104879477,56.33
yes,,27.73416195000196,85.36665974999308,54.25
yes,,27.734024647155653,85.36692767427208,116.5
yes,,27.734050450006194,85.36680170000197,83.2
yes,,27.734082248455017,85.3667317011978,51.43
yes,,27.733959850014696,85.36666422223105,86.05
yes,,27.733913599264273,85.36678068362207,16.06
yes,,27.73390571892611,85.3669037153772,85.33
yes,,27.733902492787983,85.36704105615897,60.71
yes,,27.733815012066174,85.36676489239211,113.56
yes,,27.733837139064015,85.36663861900405,52.41
yes,,27.73402862986862,85.36636625032193,99.83
yes,,27.7232011038233,85.34739742429105,173.09
yes,,27.724423250003856,85.3478933000011,54.91
yes,,27.724845165923107,85.34805446690142,28.03
yes,,27.724153020325375,85.34733516196586,80.04
yes,,27.72417532753533,85.34764730915353,136.07
yes,,27.724244600000574,85.34771619999938,17.36
yes,,27.724321200006507,85.34771365000525,41.18
yes,,27.724434200839383,85.34767491846607,101.39
yes,,27.724485797576765,85.34759139269973,136.72
yes,,27.72459094999819,85.34766724999669,20.08
yes,,27.72460334294592,85.34761722750564,29.82
yes,,27.733427262739056,85.36885949573326,30.74
yes,,27.73354390000147,85.36846019999712,17.25
yes,,27.733563633216324,85.36775271169984,274.82
yes,,27.733642678050856,85.36762148463671,71.04
yes,,27.73371575000245,85.36752645000007,39.61
yes,,27.72303344025183,85.34771934938448,73.85
yes,,27.71573147531048,85.35329116790363,100.6
yes,,27.7165820337457,85.35391914845506,124.98
yes,,27.717325573051607,85.35315115883718,116.81
yes,,27.712818024619544,85.36349734414661,516.46
yes,,27.712792375551576,85.36288040470045,241.16
yes,,27.713569976092966,85.3614853785986,118.38
yes,,27.71346973576943,85.36147920210155,106.74
yes,,27.711579659135346,85.36843849612832,32.06
yes,,27.711512369882946,85.36879183313711,92.93
yes,,27.711697005096113,85.3688559765003,88.89
yes,,27.711640314019334,85.36902431750052,61.96
yes,,27.711423559085606,85.3690197993006,157.5
yes,,27.711291491006822,85.3690089230774,89.1
yes,,27.711271100006307,85.36870009999913,85.67
yes,,27.711295791201948,85.36854709889748,194.37
yes,,27.71139285000964,85.36838124999781,90.41
yes,,27.711259999999378,85.36838994999967,65.5
yes,,27.71109615000554,85.36805305000027,83.43
yes,,27.71114945007504,85.36825299998743,130.3
yes,,27.711256149991556,85.36815294999953,81.86
yes,,27.71105114887655,85.36855980538523,353.86
yes,,27.711737900000987,85.36785189997225,110.38
yes,,27.71176386827435,85.36776684059674,90.26
yes,,27.711856504836305,85.36732019049664,94.46
yes,,27.71166320562224,85.3676107751538,548.26
yes,,27.711490114798064,85.3680121013547,57.95
yes,,27.71139873131985,85.36814485215235,143.07
yes,,27.712141147977913,85.36747240508744,173.58
yes,,27.71226297654471,85.36764490525209,105.82
yes,,27.71217410003792,85.36785900039175,76.48
yes,,27.712212150422104,85.36776832936968,160.15
yes,,27.712327750003706,85.3679988999974,96.81
yes,,27.712536344378005,85.36914853571761,89.6
yes,,27.71225780000596,85.36896704999914,28.78
yes,,27.712368024534403,85.36881774312272,43.87
yes,,27.712388108995047,85.36894652142757,128.12
yes,,27.712452550004794,85.36879419999947,82.54
yes,,27.712580695734093,85.36873678322183,112.46
yes,,27.7126134700131,85.36887775184758,96.56
yes,,27.71238736974021,85.3684605536908,149.94
yes,,27.712294549998568,85.36853784999863,69.93
yes,,27.712346300000842,85.36831299999534,61.65
yes,,27.712263917147332,85.3682536002895,166.6
yes,,27.712200600014164,85.36847445000171,169.45
yes,,27.712088300003657,85.36810430000057,40.24
yes,,27.712064652755956,85.36823062954983,126.68
yes,,27.71206080000007,85.36835344999726,63.28
yes,,27.71200945000728,85.36807100000249,78.84
yes,,27.711962799998602,85.3679575499937,75.21
yes,,27.712051958490527,85.3677695816005,122.91
yes,,27.71196284599744,85.36843572168196,64.88
yes,,27.711877551108838,85.36849749742458,88.91
yes,,27.7126529975055,85.36935230359404,92.26
yes,,27.712508626579197,85.36898375126718,100.52
yes,,27.71227085015322,85.36922399774056,100.95
yes,,27.712123182809783,85.36913395348226,18.44
yes,,27.712069942065558,85.36905995711527,130.26
yes,,27.71179854479676,85.36917892214049,628.16
yes,,27.71182302877082,85.368277561769,149.02
yes,,27.71185914999365,85.36821279997989,80.26
yes,,27.711948750048165,85.36771365004778,264.56
yes,,27.7331749833512,85.36900840029016,20.3
yes,,27.733225151649567,85.36914767053273,71.12
yes,,27.733144744471545,85.36909806694497,79.44
yes,,27.733072664471976,85.36896554464052,33.22
yes,,27.733094051908765,85.36869249010475,61.24
yes,,27.73275965000309,85.36880280000115,39.38
yes,,27.73288156991878,85.36865951090722,50.78
yes,,27.732795467002575,85.36873255980545,49.65
yes,,27.732820300003183,85.368642800001,36.61
yes,,27.732686525026722,85.36873372250706,73.76
yes,,27.73246740000897,85.3688453500009,63.19
yes,,27.732378252584986,85.36882010689408,107.72
yes,,27.73241599622987,85.36872292119367,125.51
yes,,27.732190536523163,85.36887966960899,113.57
yes,,27.732241400004966,85.36899515000016,84.66
yes,,27.73216430594158,85.36908196785984,118.25
yes,,27.732381902999098,85.3689860123459,79.14
yes,,27.732256520483414,85.36857540151492,203.69
yes,,27.732445600039174,85.36852775000263,155.85
yes,,27.732372003919732,85.36851242215978,190.63
yes,,27.733045164485354,85.36833956090473,169.33
yes,,27.73301960042866,85.3681978955036,118.2
yes,,27.7328758686735,85.36835049476937,91.39
yes,,27.732834735178322,85.36846228130212,173.0
yes,,27.732809863657867,85.36794301669246,37.8
yes,,27.732773102119747,85.36787431591316,32.65
yes,,27.732687485266204,85.36777074574002,43.29
yes,,27.732630200001523,85.3678685999967,30.15
yes,,27.732461066550766,85.3677076290559,43.57
yes,,27.73254721548041,85.36827977709545,168.18
yes,,27.732335291694028,85.36812867032775,85.29
yes,,27.732281203025735,85.36803324209893,20.55
yes,,27.732340892607926,85.36922585457766,64.99
yes,,27.733255679615993,85.36867354672819,133.85
yes,,27.733247972021417,85.3679072582194,93.3
yes,,27.733081556558215,85.36792861684205,97.79
yes,,27.732980617029344,85.3679324230821,39.67
yes,,27.733017782043948,85.36783694521014,84.19
yes,,27.73303431092744,85.36847223129318,226.85
yes,,27.732974030849217,85.36766750526273,62.59
yes,,27.732576495255245,85.36599324322292,85.81
yes,,27.732294267230557,85.36572536176261,26.72
yes,,27.73220386712836,85.36576525077146,125.79
yes,,27.73242169410653,85.36576791197598,94.88
yes,,27.73270601812352,85.36557861401984,185.69
yes,,27.73263306972588,85.36550446939168,52.61
yes,,27.732512056899576,85.36553685329666,119.83
yes,,27.732302820637557,85.3652548918738,111.08
yes,,27.732510514806286,85.36530440573954,59.31
yes,,27.732553536579246,85.36533619060897,75.02
yes,,27.732622315264415,85.36538245869029,214.25
yes,,27.732476989586434,85.36516492358564,94.61
yes,,27.73243403793817,85.36520764761778,58.18
yes,,27.73273200000183,85.36500875000522,71.13
yes,,27.732508947249375,85.36461876834397,39.91
yes,,27.73246450000156,85.36474385000226,16.2
yes,,27.73243505046351,85.36471243287562,24.47
yes,,27.732231050001175,85.36479135000027,45.28
yes,,27.732383800009913,85.36460869999908,104.12
yes,,27.732496206853703,85.36428468375064,32.07
yes,,27.73240635000524,85.36428030001153,69.54
yes,,27.732480230097316,85.36436122359045,90.76
yes,,27.73228434527777,85.36423743682649,70.32
yes,,27.732663130549998,85.36466984220863,24.99
yes,,27.7331723134533,85.36611719650172,82.27
yes,,27.733148381654832,85.36589759511995,102.93
yes,,27.733131382480373,85.36739032977219,80.03
yes,,27.733045570713397,85.3665275937112,74.24
yes,,27.733121941242736,85.36649582678372,78.39
yes,,27.73275486768072,85.36698617162959,71.94
yes,Siddhartha Botique Hotel main building,27.732638885630244,85.36691915902776,151.26
yes,,27.732746741458314,85.36666638042362,117.35
yes,,27.732736698386738,85.36646006633082,82.06
yes,,27.732520984622916,85.3665411530091,120.24
yes,,27.73264985865405,85.36672140289595,127.2
yes,,27.732467811396603,85.36742792749766,680.5
yes,,27.732262800015736,85.36727579996831,167.88
yes,,27.732357750027994,85.36712829995369,262.61
yes,,27.732388532780977,85.36636802550215,127.01
yes,,27.73224352890882,85.36650131720617,323.21
yes,,27.732230715870358,85.36595630275448,55.18
yes,,27.73232129557138,85.36605712801438,144.22
yes,,27.732610143777823,85.36618816772022,82.16
yes,,27.73318337206261,85.36565514776044,64.3
yes,,27.733265920935064,85.36526439887527,112.97
yes,,27.733300800004276,85.36512119999966,62.5
yes,,27.732759383792246,85.36532621878906,179.63
yes,,27.73283049206404,85.36519491581066,99.28
yes,,27.732741350802968,85.36517655169038,140.36
yes,,27.732604649985984,85.3651803500019,84.82
yes,,27.732696641415856,85.36477478382903,71.9
yes,,27.732611849994935,85.36459755000668,59.26
yes,,27.73297801566372,85.36974199097612,25.87
yes,,27.732909262460574,85.36981551522489,41.63
yes,,27.732874850002474,85.36969924999956,33.62
yes,,27.732823769294118,85.3695486031705,121.69
yes,,27.73280585792686,85.37010031116492,0.53
yes,,27.732852227225333,85.36996112896044,40.1
yes,,27.732758323517903,85.37000809851868,193.6
yes,,27.732599621256902,85.37010994519117,227.7
yes,,27.732481762728995,85.36993230071897,84.49
yes,,27.732611250004936,85.36942540001222,150.86
yes,,27.73239194596419,85.36934347508365,99.68
yes,,27.73232354502528,85.36940200095002,165.35
yes,,27.732230258212986,85.36968097130759,111.58
yes,,27.73234324779228,85.36995951756984,54.89
yes,,27.732170288490273,85.37029240268187,135.97
yes,,27.732230650007043,85.37055140000781,32.4
yes,,27.732149540797746,85.37044352907452,71.28
yes,,27.732240029572587,85.37070927021401,27.58
yes,,27.732310050251463,85.37079522242104,81.29
yes,,27.730282929310754,85.37317233417875,83.81
yes,,27.7301845017466,85.37320898297152,59.67
yes,,27.73010500000159,85.37299964999822,95.87
yes,,27.730076250005663,85.37314869998761,127.93
yes,,27.729955588314464,85.37332142852954,107.86
yes,,27.72983638687426,85.3734417133356,99.9
yes,,27.729895400848292,85.37306118263591,114.85
yes,,27.729944948261142,85.37263556694882,106.78
yes,,27.7299317282943,85.37273174145601,104.16
yes,,27.729759100000592,85.37229679999992,17.02
yes,,27.729874374505034,85.37227941262948,109.83
yes,,27.72977864999638,85.37222445000167,46.94
yes,,27.72994222740951,85.37210021683492,104.29
yes,,27.730296095293493,85.37335833856798,31.37
yes,,27.730395332669268,85.37322755211059,57.57
yes,,27.730272454622426,85.37289570472332,174.62
yes,,27.730246949996324,85.37302619998671,168.23
yes,,27.72562161361914,85.3534227758505,115.16
yes,,27.72566890102472,85.35369490710947,293.7
yes,,27.725699155540987,85.35387208194997,192.34
yes,,27.725742579766656,85.35356096428389,152.28
yes,,27.72625560513367,85.3541124038483,101.45
yes,,27.726490659486547,85.35409360924494,180.85
yes,,27.72648089985054,85.35376784695099,190.51
yes,,27.726283928906568,85.3535268333203,138.52
yes,,27.730157826041452,85.37199550616845,71.17
yes,,27.730152200001147,85.37217995000083,116.25
yes,,27.7119868796535,85.36434751129069,76.5
yes,,27.712407759951468,85.36387483669728,153.37
yes,,27.7121728673108,85.35627601925445,203.16
yes,,27.711632993606077,85.35661016928078,147.85
yes,,27.710353438505916,85.35623166983021,121.11
yes,,27.7118624651022,85.3580792528797,50.73
yes,,27.712391099949947,85.35693534999578,182.01
yes,,27.710651489810306,85.35629157498757,410.24
yes,,27.731381574372616,85.37191977345317,126.87
yes,,27.731258250295827,85.37229073323553,25.09
yes,,27.73117009506055,85.37237814041691,152.32
yes,,27.73099372014864,85.37263966658345,10.71
yes,,27.730907808624416,85.37266742620407,129.12
yes,,27.730972674061668,85.37249974506624,189.61
yes,,27.730784183426834,85.37259356715946,325.58
yes,,27.730776525500094,85.37220541552107,135.14
yes,,27.730570969990783,85.37210055895075,166.44
yes,,27.73066867220102,85.37208373500397,300.65
yes,,27.730936996039738,85.37208691593524,90.44
yes,,27.730290189557376,85.372441966055,32.46
yes,,27.73041076779459,85.37238927745068,226.77
yes,,27.730434000002614,85.37223859999567,131.06
yes,,27.730598200009936,85.37277170000579,58.73
yes,,27.730479700006363,85.37274189999734,130.62
yes,,27.730129350001878,85.3728028499987,121.52
yes,,27.73084505989005,85.37076618574679,230.34
yes,,27.730812300001382,85.37050710000027,31.98
yes,,27.730842250000574,85.37110359999797,23.02
yes,,27.730724232075183,85.37058800345453,84.81
yes,,27.730488619274166,85.37075522801953,84.17
yes,,27.731218079973317,85.37125291364575,73.29
yes,,27.731186752047677,85.37134889544824,120.42
yes,,27.731332430215243,85.37130594427605,87.33
yes,,27.731359113584393,85.3714329199983,95.68
yes,,27.731354089748336,85.37160122787067,191.91
yes,,27.731314555801752,85.37170073025705,166.78
yes,,27.73116520009893,85.3715087462056,85.64
yes,,27.73114604807237,85.37178141719447,106.77
yes,,27.730762356798454,85.37175067088289,91.11
yes,,27.73081573495655,85.37135845561438,115.57
yes,,27.730896782297695,85.37141999612294,91.97
yes,,27.730161462702004,85.369338251098,139.93
yes,,27.730092989438894,85.3699376518141,45.4
yes,,27.73006270191157,85.36984606230365,123.61
yes,,27.729867106541413,85.37007387945927,136.16
yes,,27.72989960000585,85.36474380000229,73.9
yes,,27.72991012486134,85.36428803340729,122.8
yes,,27.730037058535142,85.36421462564006,144.51
yes,,27.730073709213123,85.36447562838721,256.08
yes,,27.729921949047977,85.36529224561367,162.42
yes,,27.729693467460535,85.36520571589976,188.2
yes,,27.72984691856105,85.36578264806144,161.03
yes,,27.729952355636364,85.36590401392368,143.5
yes,,27.729931700012546,85.36615869999603,101.88
yes,,27.729849151824904,85.36596980244852,102.02
yes,,27.729769307640144,85.36620033530778,99.25
yes,,27.72975619700641,85.36601394935877,44.25
yes,,27.72973949329536,85.3657457996437,73.25
yes,,27.729773770369864,85.36549972934208,130.54
yes,,27.7298541000056,85.3650559999977,52.61
yes,,27.729853267327556,85.36483370824052,82.11
yes,,27.729800842986876,85.36470661782336,103.0
yes,,27.73000559999405,85.36646094999405,70.92
yes,,27.729829432534284,85.36643072781685,104.67
yes,,27.729900349997624,85.3663507999989,53.01
yes,,27.72983898222505,85.36516291416287,73.2
yes,,27.72976519999719,85.36536729999679,60.47
yes,,27.729942249819928,85.36545530259288,262.24
yes,,27.73099103705013,85.36529976017947,179.05
yes,,27.730901149691537,85.36513326857957,92.83
yes,,27.73053118219966,85.36570158493714,105.26
yes,,27.73063943134502,85.36552364468076,165.65
yes,,27.730719021453,85.36512303289679,50.98
yes,,27.730530888334105,85.36503182274545,33.82
yes,,27.73054730704538,85.36486182588291,143.14
yes,,27.730523073360928,85.36522298663456,124.52
yes,,27.730575532158166,85.36527879010899,73.97
yes,,27.730567008413356,85.36547258225288,61.57
yes,,27.730485000012195,85.36544155000065,48.62
yes,,27.730441299385852,85.36554148307157,93.98
yes,,27.73077310565552,85.36570633466005,106.02
yes,,27.730834160444324,85.36612408113132,94.78
yes,,27.730645582167707,85.36626757849233,90.74
yes,,27.7304131546002,85.36603295767715,78.4
yes,,27.730534884374485,85.36599660892455,119.53
yes,,27.730236713115147,85.3665307985426,185.68
yes,,27.730245741742156,85.36647892358077,192.64
yes,,27.73025559660356,85.36636657180645,217.81
yes,,27.730262748578603,85.36631081645349,198.21
yes,,27.73034959301139,85.36619090633508,123.42
yes,,27.73029855672553,85.36594826564321,88.86
yes,,27.73031771868125,85.36538031951967,145.29
yes,,27.730210299233416,85.36560221079134,112.9
yes,,27.73014480366268,85.36580720506107,269.87
yes,,27.73042305001249,85.36491775000006,84.06
yes,,27.730338543193824,85.36484395969005,86.16
yes,,27.730341808895233,85.36509221465698,373.32
yes,,27.730137971382863,85.36482101706427,88.63
yes,,27.730082362503154,85.36497507975409,85.98
yes,,27.730184782975865,85.36433173533598,92.66
yes,,27.730610499997933,85.36460310000093,62.59
yes,,27.730738144253834,85.36464075907753,208.45
yes,,27.730814162516538,85.36497637657088,335.49
yes,,27.730674800000347,85.36439165000395,21.56
yes,,27.730683372955237,85.36446484400662,50.56
yes,,27.73080390000338,85.36440355000592,31.2
yes,,27.7308317174043,85.36451302437185,123.18
yes,,27.730798134192213,85.36427434010221,143.68
yes,,27.73076580000154,85.36416550000081,27.37
yes,,27.73090360636067,85.36420892425893,146.56
yes,,27.73086644548976,85.36412058055107,68.72
yes,,27.730907223122305,85.36434132669825,114.63
yes,,27.730949450004243,85.36442090000516,117.08
yes,,27.730988325951426,85.36451933708021,131.08
yes,,27.73092712895744,85.36469335804163,145.88
yes,,27.731044870956957,85.36465979354975,175.67
yes,,27.730821972565646,85.36379438164653,67.88
yes,,27.730871914723394,85.36393427410248,63.31
yes,,27.73077095378628,85.36394621786762,84.23
yes,,27.73072098556098,85.36378084250426,154.92
yes,,27.73095745000192,85.36386119999929,24.57
yes,,27.73120888392163,85.36447831235627,181.89
yes,,27.731315916612413,85.36469664857731,109.25
yes,,27.731381154278314,85.36457282724362,118.38
yes,,27.731515764861406,85.36468039143737,111.38
yes,,27.731810092782993,85.36457988994867,237.43
yes,,27.732057744655307,85.36441773308067,174.95
yes,,27.73210459484028,85.3645243206082,219.44
yes,,27.731983293501383,85.36486206626893,90.25
yes,,27.732056509704545,85.3647921947219,112.68
yes,,27.7320092483921,85.3649609160885,54.44
yes,,27.73210756763505,85.36496141174977,54.55
yes,,27.732103301300146,85.36510158412132,71.23
yes,,27.731796500002357,85.36525949999685,33.86
yes,,27.73170705215404,85.36503386050119,105.5
yes,,27.732021387888956,85.36521414891031,124.66
yes,,27.731991448889097,85.36556466848536,23.31
yes,,27.73197620000488,85.36548529999936,32.02
yes,,27.731945872895576,85.3654140330645,89.7
yes,,27.732121053754327,85.36593526068333,111.05
yes,,27.7321027752115,85.3660610117298,151.05
yes,,27.73189755000301,85.36607860000784,173.99
yes,,27.731968430773108,85.36592065434435,116.75
yes,,27.73179167030013,85.36611489033851,117.04
yes,,27.73176465000258,85.36601425000256,87.51
yes,,27.731816585454695,85.36581475448597,137.81
yes,,27.731607609173082,85.36589911860185,260.29
yes,,27.73174677846738,85.36554408647855,354.79
yes,,27.731495506585993,85.36520851984591,204.48
yes,,27.731616316197147,85.36535256752981,179.61
yes,,27.73159461442514,85.36548206878581,49.14
yes,,27.731627274495857,85.36568254821881,402.24
yes,,27.73140189999725,85.36572085000982,94.62
yes,,27.731450892844855,85.36591680036483,295.75
yes,,27.73138808222144,85.36562075175019,21.57
yes,,27.731495969356065,85.36558571398386,88.44
yes,,27.731352631848647,85.36554795246309,179.33
yes,,27.73131345867709,85.36544706832098,189.04
yes,,27.731239164114793,85.36491670474614,178.28
yes,,27.73156362249816,85.36617230833242,282.16
yes,,27.731792912781362,85.36649174622858,165.83
yes,,27.731621802799246,85.36642926820743,134.45
yes,,27.731301645477775,85.36607930048382,95.42
yes,,27.7313998000051,85.36658985001836,186.52
yes,,27.731252701245925,85.36638130769587,109.07
yes,,27.73115735389373,85.36629486582034,314.4
yes,,27.731174311458226,85.36564285171079,206.57
yes,,27.73111581747729,85.36580292827207,132.79
yes,,27.73102495052241,85.365700483342,143.35
yes,,27.731032909439516,85.36546140095915,192.63
yes,,27.72981110000505,85.36408809999702,69.38
yes,,27.729970216480872,85.36401184279474,68.9
yes,,27.730136769830516,85.36380883876845,57.63
yes,,27.73007729515756,85.36384976019471,143.75
yes,,27.730119238836718,85.36413446061898,66.53
yes,,27.73032971224046,85.36418743348207,102.97
yes,,27.730076270011526,85.36461827575023,163.8
yes,,27.732041329377676,85.36918535957714,107.6
yes,,27.73088541598043,85.36821161174166,168.86
yes,,27.731060657222436,85.3675392437758,136.76
yes,,27.73106562609477,85.36739333618051,138.85
yes,,27.730797649999506,85.36719540000372,22.13
yes,,27.73079732761586,85.36709274467786,186.95
yes,,27.730787799734383,85.36697613122136,112.85
yes,,27.73071279805108,85.36695267068544,57.62
yes,,27.730729071537063,85.36682470018637,59.86
yes,,27.730657365308193,85.36681926651724,66.21
yes,,27.730585663320444,85.3667911218458,92.08
yes,,27.730331100015547,85.36667035000265,117.67
yes,,27.73098543446383,85.36717659839633,75.15
yes,,27.73099282094408,85.3669651665302,305.93
yes,,27.731245902291896,85.36664921902555,64.88
yes,,27.731068256611984,85.36669001940842,102.94
yes,,27.73184848546447,85.36711526763456,38.19
yes,,27.73203676552742,85.36663941443946,101.23
yes,,27.732086811773964,85.36660630411006,113.48
yes,,27.731948678130482,85.36672451848351,121.02
yes,,27.731783850002255,85.36685475001406,139.44
yes,,27.731884452238752,85.3675404578498,39.24
yes,,27.732139950001056,85.36755615000251,19.51
yes,,27.73203145000292,85.36764195001263,50.9
yes,,27.732078742748904,85.36747921477779,47.25
yes,,27.732084651737715,85.36737381280433,98.03
yes,,27.731587350003764,85.36796419999858,35.25
yes,,27.731563044006347,85.36776644761017,96.93
yes,,27.73167290000239,85.3675271999999,58.47
yes,,27.731641241929697,85.3674200224956,96.63
yes,,27.731580328542652,85.36729278600016,51.36
yes,,27.731646100003502,85.36716100000122,78.6
yes,,27.73146657897418,85.36859460689959,43.85
yes,,27.731673376853987,85.36862031047227,134.17
yes,,27.73147927220437,85.36901713593389,154.01
yes,,27.73123396351702,85.3691945200718,68.54
yes,,27.731177633374656,85.36918314405568,16.31
yes,,27.731351893866815,85.36897611580945,55.42
yes,,27.731328300000783,85.36888675000202,18.72
yes,,27.731412658790546,85.36891056039315,73.03
yes,,27.731364573078675,85.36924626817508,83.59
yes,,27.731324537551995,85.36910269896825,122.63
yes,,27.73126615687725,85.36927529222156,100.27
yes,,27.731138050001785,85.3690890500003,19.69
yes,,27.73120660001624,85.36906520000659,63.28
yes,,27.73127610000604,85.3688983500023,29.99
yes,,27.731404479701872,85.36865987451074,34.84
yes,,27.731439000011072,85.36879329999572,78.7
yes,,27.73132284206189,85.36865657784936,72.89
yes,,27.73123290000752,85.3686962000033,38.04
yes,,27.731169250007557,85.36869474999982,71.52
yes,,27.731175450007946,85.36854924999926,84.83
yes,,27.7312281499977,85.36880629999779,61.75
yes,,27.731043573563646,85.36860833317512,127.48
yes,,27.730991431315008,85.36793919186164,119.48
yes,,27.730871380868454,85.3677908724588,156.69
yes,,27.730517070010915,85.36712328535579,76.14
yes,,27.73051457887287,85.3669805607157,63.06
yes,,27.730552250004962,85.36737745002314,166.78
yes,,27.73062214961131,85.3675849002509,179.67
yes,,27.73078624999953,85.36793310000186,33.29
yes,,27.730679734047186,85.36780248915962,137.23
yes,,27.730669316645294,85.36769859212069,211.73
yes,,27.730657669897262,85.36796268641854,154.34
yes,,27.730806688893203,85.36847689204198,105.35
yes,,27.73089720000665,85.36863839999508,92.16
yes,,27.73071417231552,85.36848237254472,76.09
yes,,27.730737600006705,85.36825929999799,100.78
yes,,27.730686117481042,85.36816389391275,105.15
yes,,27.73051811693198,85.36808348535264,116.56
yes,,27.73049141964613,85.36821639417609,40.76
yes,,27.73049319911707,85.36846226626383,66.5
yes,,27.73037269379873,85.3684467374854,97.81
yes,,27.730283610122797,85.36810788531939,82.56
yes,,27.730324147233958,85.36865718190833,117.19
yes,,27.73025458715384,85.36846489849087,103.31
yes,,27.730095361144322,85.36871926549266,179.36
yes,,27.730000650532,85.36869923607796,183.84
yes,,27.730076972228627,85.36838194278117,93.15
yes,,27.730079771360746,85.36821694476058,96.67
yes,,27.730194620852377,85.36787414414098,298.48
yes,,27.730186500002915,85.3675882500038,138.46
yes,,27.73008116534464,85.36745029446851,110.93
yes,,27.72985455597577,85.36718139907917,272.56
yes,,27.73008690000534,85.36711559999836,74.32
yes,,27.729977903754538,85.36702286685176,122.55
yes,,27.729959000000587,85.36689330000537,78.58
yes,,27.729929780114585,85.36676370599405,122.46
yes,,27.73006103829449,85.36686568606356,143.12
yes,,27.729846525558436,85.36806568977069,124.2
yes,,27.716717033668377,85.35548942371064,173.84
yes,,27.715551917507636,85.35540847383996,55.08
yes,,27.715703049999934,85.35451959999338,88.49
yes,,27.71678718458003,85.35323107014898,59.8
yes,,27.717162306289772,85.3530224922409,124.57
yes,,27.717462999999984,85.35309359999195,117.33
yes,,27.717138700006366,85.35365585000193,64.95
yes,,27.71706949814742,85.35361944986099,120.39
yes,,27.71724196243816,85.35443603210034,112.0
yes,,27.717422100001677,85.35530040000161,18.91
yes,,27.717375817056244,85.35527190337748,22.04
yes,,27.729920915858635,85.37178350868395,114.92
yes,,27.731451720532938,85.37179555870318,91.7
yes,,27.73168160006125,85.37140629663502,44.12
yes,,27.73169905000595,85.3713281500007,35.33
yes,,27.731755280662853,85.3714325575055,193.52
yes,,27.731844740758223,85.3714821353655,129.5
yes,,27.731918820672156,85.37146122114927,51.6
yes,,27.73206354376314,85.37113273614585,119.22
yes,,27.7317633205685,85.3711514888587,157.4
yes,,27.73212855000108,85.3699098000035,13.75
yes,,27.73201032987556,85.3701993868061,181.19
yes,,27.732088497935965,85.37010293920186,226.53
yes,,27.73207793746583,85.37031967125438,124.87
yes,,27.731719412146575,85.37000401487997,493.39
yes,,27.731927760970713,85.36980581817004,893.6
yes,,27.732098050004108,85.36956979999624,46.25
yes,,27.732000647736072,85.36931144990224,59.39
yes,,27.73208399645216,85.36937191167182,109.08
yes,,27.731892300000386,85.36950040000023,7.07
yes,,27.731834116508978,85.36952910041548,9.27
yes,,27.731931187762598,85.36946921822235,24.42
yes,,27.731884050002265,85.36962880001774,60.82
yes,,27.731969945443247,85.36957081012596,50.97
yes,,27.731777449996624,85.36928935003809,76.83
yes,,27.731709034355298,85.3694297089975,64.9
yes,,27.7315978095357,85.36949818727435,215.98
yes,,27.731473400012913,85.36931599998847,142.61
yes,,27.73137280000297,85.36939590001026,43.53
yes,,27.73132790000239,85.36934879999903,39.63
yes,,27.731863002663033,85.37025258412177,105.31
yes,,27.73183245000127,85.37047420001394,117.94
yes,,27.731727097512618,85.37022000376967,118.58
yes,,27.731547800008975,85.3702176999719,158.53
yes,,27.731617150003565,85.37050100000067,60.81
yes,,27.73156355000482,85.37040559999701,79.76
yes,,27.731525046706984,85.37050675931626,74.88
yes,,27.731506117987458,85.37033080304221,107.31
yes,,27.731457200007142,85.37012860001205,46.35
yes,,27.73121278598854,85.37023168270666,263.76
yes,,27.731517653670696,85.36970372334373,99.81
yes,,27.73134391522365,85.36958506009744,125.65
yes,,27.73128166744525,85.36952086218666,54.48
yes,,27.73119505000663,85.36961804998481,185.5
yes,,27.731518016724586,85.36998230102772,66.19
yes,,27.731587201803684,85.37005295115124,103.65
yes,,27.731414800003787,85.36992014999312,94.3
yes,,27.73130479189546,85.36988302026865,63.84
yes,,27.73137649999587,85.37001339999595,65.45
yes,,27.731239268807784,85.36995670689384,206.13
yes,,27.731313976713754,85.37011083547134,157.76
yes,,27.7313769190373,85.3704874481828,88.85
yes,,27.731256400003776,85.37039054999943,102.78
yes,,27.731138552463513,85.37037730498729,201.41
yes,,27.731001815119935,85.37036071782288,143.57
yes,,27.731381134103906,85.37075968717818,29.4
yes,,27.731263307292284,85.3706943329588,185.37
yes,,27.7311137894448,85.37052812433315,112.83
yes,,27.731179628924668,85.37009460711276,134.36
yes,,27.73087279966959,85.3703000458377,171.88
yes,,27.73101869854213,85.36974531461502,194.57
yes,,27.731024540391463,85.370517816305,81.71
yes,,27.731185567772084,85.37100285287173,118.54
yes,,27.731099003723163,85.3708297480119,97.78
yes,,27.7310613934,85.370916625911,174.53
yes,,27.731031550007582,85.37071190000508,83.85
yes,,27.73095211594315,85.37082627762976,88.72
yes,,27.727649205904722,85.37194558513066,125.32
yes,,27.72772639191568,85.3722301493657,190.27
yes,,27.727581763334047,85.37200206406793,102.72
yes,,27.727577529169302,85.3721178706648,113.75
yes,,27.727485841474344,85.37223306646489,155.63
yes,,27.727422894091035,85.37236896266764,135.22
yes,,27.727402309018967,85.37247263793775,203.56
yes,,27.727397594077217,85.37265412968921,124.67
yes,,27.71584010970884,85.35581118651437,117.76
yes,,27.729422032627085,85.36421772994399,106.27
yes,,27.72950280857466,85.3642238471785,106.45
yes,,27.729581450005487,85.36423239999955,82.64
yes,,27.728050308546273,85.36458853339117,188.03
yes,,27.72815977669182,85.36460379070213,119.57
yes,,27.728242953897112,85.36497143002232,201.28
yes,,27.72837701202024,85.36505597673214,155.27
yes,,27.728565762232844,85.36516307672271,44.31
yes,,27.728469369507412,85.36512015373806,94.15
yes,,27.728459748448646,85.36536567432509,101.62
yes,,27.728328100001693,85.36531689999714,88.58
yes,,27.728028745279662,85.36533660544207,126.38
yes,,27.728054589842785,85.36521509367223,141.31
yes,,27.7273303064439,85.37405547672972,200.19
yes,,27.727402584617764,85.37385272413249,14.8
yes,,27.72737215830301,85.37386469046322,19.91
yes,,27.72734300150647,85.37353320998506,77.87
yes,,27.72737421435756,85.37322960046819,112.15
yes,,27.727443978891507,85.37333147181144,70.43
yes,,27.727330306206063,85.37305438539484,145.18
yes,,27.727483760064544,85.3730075480794,200.89
yes,,27.727507255071888,85.37294052229298,218.76
yes,,27.727503100002025,85.37275810000091,24.18
yes,,27.727588049272786,85.37251770205798,130.43
yes,,27.72787240636481,85.37405479524024,137.1
yes,,27.727754335421963,85.37425058687704,197.73
yes,,27.727535963651835,85.37401956183692,45.91
yes,,27.727621589171285,85.37404877287632,113.8
yes,,27.72749733591076,85.37464272720182,79.43
yes,,27.727603633016678,85.37473943441086,111.75
yes,,27.727340664510916,85.37433800377065,108.46
yes,,27.72729178425527,85.37442026589638,203.46
yes,,27.727405468095586,85.37414800236517,330.62
yes,,27.71564149646626,85.34965689377101,121.12
yes,,27.715525557707764,85.34967977287539,111.68
yes,,27.71537984526945,85.34951111535337,70.13
yes,,27.71539720501396,85.34941126212209,85.03
yes,,27.71558517762888,85.34940984102306,58.74
yes,,27.715482096346616,85.3494877657942,121.0
yes,,27.71549310190036,85.34937650925056,98.75
yes,,27.71554483298801,85.34923900098492,88.87
yes,,27.715700598875646,85.3487536422936,69.5
yes,,27.71567637231411,85.348938964309,57.39
yes,,27.715554754929933,85.34904942829347,97.85
yes,,27.71566487190965,85.34906406803407,95.04
yes,,27.71576624986677,85.34894330797289,167.08
yes,,27.715786144185873,85.34907251616202,109.68
yes,,27.71594165669352,85.3491155209197,227.41
yes,,27.715881021947002,85.34894391738885,114.11
yes,,27.716022611278344,85.34883008343046,127.32
yes,,27.71590863262491,85.3487829526896,107.2
yes,,27.716007481997007,85.3485102554522,242.5
yes,,27.71613830589927,85.3484101337737,106.01
yes,,27.716232286207124,85.34844270556452,119.73
yes,,27.71633789943936,85.34860684987241,117.13
yes,,27.716341907645514,85.34849223548593,111.24
yes,,27.716440018735646,85.34859419606117,82.16
yes,,27.71645303300921,85.34852165821589,103.46
yes,,27.71524965591081,85.348991955695,117.12
yes,,27.715211938095454,85.34868754077638,75.78
yes,,27.715199900004805,85.34883030000802,51.16
yes,,27.715277798342306,85.34884418041504,60.73
yes,,27.715254468384792,85.34876360200597,27.12
yes,,27.71532085415366,85.34878413180046,40.46
yes,,27.715362057411806,85.34875209303534,45.98
yes,,27.715343718714912,85.34890403130292,76.9
yes,,27.715413991758762,85.34883690819233,56.27
yes,,27.715300410054063,85.34852094077868,87.56
yes,,27.71540000975365,85.34835980441677,68.85
yes,,27.715468405940864,85.34834422942713,84.14
yes,,27.715547126912167,85.34844201654036,135.23
yes,,27.71554367909163,85.34832314366506,91.21
yes,,27.715655090546647,85.34845085386489,102.44
yes,,27.715757545014785,85.34839886060568,65.27
yes,,27.715815462935772,85.34846460911783,84.36
yes,,27.715879483092305,85.34853739413013,127.76
yes,,27.715870309885496,85.34821862975049,94.39
yes,,27.715942520895567,85.34823416978834,63.27
yes,,27.715951845173,85.34808657432033,104.38
yes,,27.716056650005893,85.34818344998894,120.05
yes,,27.716183140128837,85.34819270084533,159.22
yes,,27.71624783304425,85.34808704858355,74.39
yes,,27.716087975407962,85.34796747986059,32.17
yes,,27.716139737704157,85.3479967233131,75.98
yes,,27.71586838265632,85.34836239416116,72.52
yes,,27.71579642111506,85.34832103741357,59.99
yes,,27.715731210906544,85.3482859230506,57.97
yes,,27.71568469206354,85.34824552952779,78.72
yes,,27.715607823137354,85.34822900810555,31.08
yes,,27.715750185310608,85.3481451345531,23.82
yes,,27.716317743409586,85.347953174837,32.83
yes,,27.716286021338448,85.34791902059841,38.2
yes,,27.71628564714756,85.34787073861962,3.79
yes,,27.71638861702519,85.3481017552198,137.9
yes,,27.716327717735115,85.34820770237674,104.76
yes,,27.716432191208245,85.34829533520016,191.78
yes,,27.71647474565425,85.3481906847625,149.79
yes,,27.716636775712292,85.34824065148416,147.77
yes,,27.716738631860355,85.34834079634551,113.18
yes,,27.71641733770969,85.34790713112807,140.28
yes,,27.716465329871983,85.34783605722275,68.68
yes,,27.71657083714947,85.34780066296562,111.06
yes,,27.716165951458265,85.3488440639796,88.95
yes,,27.71618487669546,85.34875736419399,81.37
yes,,27.716513694989466,85.3479892145714,130.43
yes,,27.716541123453304,85.347911977267,87.16
yes,,27.716680359692006,85.34781259895007,61.09
yes,,27.71674095019185,85.34768468413918,12.15
yes,,27.716815904923862,85.34784274131324,93.76
yes,,27.716694104182327,85.34801107014168,103.71
yes,,27.716786943882127,85.34816252506089,120.57
yes,,27.7168974011286,85.34848017629896,231.22
yes,,27.716917873240554,85.34824651252397,70.71
yes,,27.716944200000487,85.34811484999128,144.38
yes,,27.71708330001258,85.34815244999908,212.6
yes,,27.717172799255916,85.34768642375842,134.22
yes,,27.717126812361474,85.34794159950388,226.1
yes,,27.717202490137314,85.34817600347556,206.36
yes,,27.71724041238885,85.3480143602782,272.94
yes,,27.71727097593971,85.34784259986036,254.02
yes,,27.717319373362354,85.34771401255104,95.41
yes,,27.71690166042932,85.34769216687508,162.57
yes,,27.72246967163068,85.34713257220359,166.76
yes,,27.722510750010063,85.34694515000143,120.76
yes,,27.72331272796344,85.34716484177842,68.87
yes,,27.723277078655947,85.3472586923554,93.83
yes,,27.723119300017025,85.34720815000652,82.73
yes,,27.72319804337538,85.34721962878011,111.32
yes,,27.72277259095681,85.347321006981,81.38
yes,,27.72273467199906,85.34724319522027,83.31
yes,,27.72273609999912,85.3471637499999,61.14
yes,,27.722859510493798,85.34716870088123,100.11
yes,,27.72294224525406,85.34717645382928,84.26
yes,,27.723056430052694,85.34718088628499,68.56
yes,,27.722605676736354,85.34712396537863,81.2
yes,,27.722661199998846,85.34705870000016,41.99
yes,,27.72264170686105,85.3469819489044,119.47
yes,,27.722726819169814,85.34700824480528,101.36
yes,,27.722688354439676,85.34687691761123,162.82
yes,,27.722790337011578,85.3468770585202,81.43
yes,,27.722884225042005,85.34699725553416,193.35
yes,,27.722877674028002,85.3468833652357,79.87
yes,,27.72297157967231,85.34689125364997,108.27
yes,,27.723013307727275,85.3469925227416,121.42
yes,,27.723104533236555,85.34700300479642,128.11
yes,,27.723199494888906,85.34700547490179,100.02
yes,,27.723299008093505,85.34697313341371,132.6
yes,,27.72344029485222,85.36480343339328,139.45
yes,,27.723589805210732,85.36480962901709,97.08
yes,,27.723706103416,85.3649217851023,226.02
yes,,27.72386823870942,85.36534408637284,93.13
yes,,27.723316000002523,85.36567579999395,271.02
yes,,27.722869960120867,85.36397452163445,230.01
yes,,27.723004389786478,85.36420270325934,195.08
yes,,27.72337177878027,85.36388946133837,219.56
yes,,27.723557750011206,85.3638791999852,225.43
yes,,27.72319659604569,85.3641138804305,245.32
yes,,27.723548204754977,85.36417477300762,497.73
yes,,27.732703336005276,85.3688912848611,77.3
yes,,27.732366632501588,85.36758042037563,144.25
yes,,27.732416787665077,85.36906042138983,74.82
yes,,27.715755110666098,85.35531534362212,62.24
yes,,27.715944322272364,85.35516200510718,81.72
yes,,27.716824124012167,85.35483468914703,111.64
yes,,27.716814319144937,85.35474450102855,51.66
yes,,27.716735122765385,85.3547337518884,150.41
yes,,27.717087518037054,85.35483634464242,148.77
yes,,27.715175266484707,85.35348785929321,68.64
yes,,27.715170905681397,85.3535770342629,71.87
yes,,27.715236933340382,85.35359296667032,25.09
yes,,27.71523284982845,85.35374339954673,36.43
yes,,27.715511130181167,85.35369575655271,60.39
yes,,27.715767344068436,85.35300140389164,60.41
yes,,27.715318765471253,85.35294508870749,77.4
yes,,27.71530169999752,85.3528228999845,166.62
yes,,27.715527473314953,85.35284381189847,154.8
yes,,27.71531709944352,85.35346070218803,156.54
yes,,27.715320372934894,85.35332480927238,107.12
yes,,27.715398250007155,85.35353595000043,78.79
yes,,27.715322297860226,85.35366890469854,98.41
yes,,27.71593184119536,85.35454089983526,66.09
yes,,27.71630871661695,85.35446198688943,104.7
yes,,27.73343160904463,85.36633450975961,45.64
yes,,27.733622700001302,85.36598289999452,71.47
yes,,27.73266280709798,85.36964330906173,91.27
yes,,27.73268365080614,85.36955398244895,110.91
yes,,27.732531402989927,85.36963510415875,127.73
yes,,27.732491674980263,85.36954211501694,62.6
yes,,27.732461951186416,85.36947611477873,72.61
yes,,27.7270571000039,85.37351154999968,66.93
yes,,27.72594735000173,85.37351499999662,47.16
yes,,27.725161921757188,85.37322024487506,82.41
yes,,27.7251329922498,85.37330210467536,119.24
yes,,27.726942521188853,85.37212011698853,118.8
yes,,27.726971303636102,85.37205474799143,122.09
yes,,27.7256049403842,85.37416217159497,81.07
yes,,27.72554590051965,85.37410377555254,51.18
yes,,27.726227955639764,85.37329648378191,17.91
yes,,27.727122998064775,85.37236956819282,102.85
yes,,27.727206850011697,85.3724068000048,132.24
yes,,27.72659881077958,85.37218014079464,138.04
yes,,27.726602700001635,85.37186545000466,41.24
yes,,27.726534838466005,85.37196458975562,59.19
yes,,27.72649817170477,85.37204967413572,70.92
yes,,27.726446986957235,85.3721368630346,113.77
yes,,27.726657191849682,85.37239053625382,94.75
yes,,27.726674398345303,85.3722425071308,103.78
yes,,27.726599495011925,85.37236318290404,70.09
yes,,27.726843849993436,85.37240694998842,143.82
yes,,27.726851158532206,85.37228879776757,146.41
yes,,27.726904250744074,85.37221173367058,135.27
yes,,27.726821103226474,85.37186693302198,101.04
yes,,27.726900457626723,85.37182576758939,153.8
yes,,27.72708413350732,85.3720708374985,31.18
yes,,27.727209449998433,85.37203919997326,115.89
yes,,27.727060096447826,85.37272086942595,134.96
yes,,27.727174919882433,85.37272295923933,105.5
yes,,27.727044403124836,85.3723440814713,91.21
yes,,27.72674824848742,85.37204948408888,76.58
yes,,27.726664827729692,85.37201168492255,86.56
yes,,27.7271353577725,85.3737930630969,108.76
yes,,27.727235175577626,85.37383419404917,114.53
yes,,27.72720972301276,85.37361941356946,152.21
yes,,27.727237931243906,85.37351934706425,135.16
yes,,27.726955300106944,85.37391948330824,140.38
yes,,27.72703445079265,85.37395580003653,144.19
yes,,27.72691525000169,85.37407360000077,38.93
yes,,27.726997950527185,85.3741213992427,56.7
yes,,27.727059141629436,85.37407629335385,61.52
yes,,27.72713974039888,85.37419478483005,99.4
yes,,27.7272142363437,85.37413940795443,45.21
yes,,27.727140304124,85.37400883018661,104.34
yes,,27.726705985255855,85.37387708562127,126.16
yes,,27.72675488431172,85.37377844365061,143.2
yes,,27.72674560000491,85.37415720000064,52.55
yes,,27.72661283128796,85.37399618387661,27.69
yes,,27.726552303805175,85.37407462289902,26.77
yes,,27.726470993974132,85.37424963550036,209.24
yes,,27.72642050264332,85.37399223218968,154.41
yes,,27.726464617829322,85.37352950302007,24.19
yes,,27.726521658154184,85.37366696613657,171.01
yes,,27.726271000034874,85.37306590002288,201.77
yes,,27.726267815796838,85.37245877558885,81.22
yes,,27.725417350569828,85.37358170016574,62.02
yes,,27.72541649118536,85.37365922243072,84.0
yes,,27.725333131879573,85.37365242681028,68.46
yes,,27.725396677964792,85.3733770515956,127.21
yes,,27.725554234194053,85.37331120159196,21.84
yes,,27.725532900001475,85.3734922999999,24.92
yes,,27.725635890391256,85.37349872579159,52.91
yes,,27.726028938765012,85.37404243613103,120.51
yes,,27.725916946244773,85.37401192248127,90.69
yes,,27.725883813276408,85.37411255385747,163.82
yes,,27.725764220588015,85.37405130991769,127.9
yes,,27.725676913769927,85.37394713828313,132.49
yes,,27.72575720509006,85.37372865808354,117.61
yes,,27.72582335874058,85.37381018101539,124.85
yes,,27.72595551588361,85.37339670086182,207.74
yes,,27.724952049996492,85.37371024999537,56.75
yes,,27.724946300001136,85.3741632499995,41.58
yes,,27.725111127974436,85.3741296190859,46.72
yes,,27.72496069999711,85.3740026,65.29
yes,,27.725363993697936,85.3738490546384,101.34
yes,,27.725264384415855,85.37285041881196,171.57
yes,,27.72537329713402,85.3729218169024,125.34
yes,,27.725312864132047,85.37303258431311,98.7
yes,,27.725235062114688,85.3729802721931,71.38
yes,,27.725044856869054,85.37274665969973,106.57
yes,,27.725130321606077,85.37291749792112,74.78
yes,,27.725064052588156,85.37289921552592,71.48
yes,,27.724997459955752,85.3728885884857,75.54
yes,,27.724925790978673,85.37287887453785,72.46
yes,,27.725141305349087,85.3727710810652,72.05
yes,,27.72492516977932,85.37273776981125,167.94
yes,,27.725491134356556,85.37314549788962,73.24
yes,,27.725535800002,85.37306364999304,61.88
yes,,27.725472720387245,85.37301358463424,79.98
yes,,27.725588393072556,85.37301061372513,104.22
yes,,27.725403439663303,85.37322816117744,160.82
yes,,27.72572256793921,85.37354326277863,64.98
yes,,27.725024261537193,85.3724339359871,129.67
yes,,27.72494284741915,85.37241696740801,82.63
yes,,27.725170093553174,85.37268286841334,78.81
yes,,27.724916526438744,85.37305844343538,119.47
yes,,27.725014127386277,85.37304578565947,71.63
yes,,27.725102199568486,85.37309590354918,184.74
yes,,27.725190650022608,85.37311115000381,156.05
yes,,27.7250072255491,85.37332142642352,128.51
yes,,27.724970491462653,85.37347562015222,164.32
yes,,27.725119849152406,85.37340875167935,116.26
yes,,27.725099783445742,85.37351000716055,76.08
yes,,27.724943749277536,85.37380454964601,100.5
yes,,27.724890379015264,85.37362524455396,51.33
yes,,27.725018249996918,85.37360409999482,51.26
yes,,27.725179850001307,85.37382559999865,144.72
yes,,27.72549887810898,85.373701485078,121.37
yes,,27.725477521907077,85.37384401507741,122.56
yes,,27.726094403040463,85.37325917760893,162.39
yes,,27.72600214024396,85.37317483646952,154.89
yes,,27.726278214644847,85.37344693392899,70.07
yes,,27.726319950002054,85.37340029999507,22.86
yes,,27.726323100012586,85.37354420001576,165.5
yes,,27.72633995000235,85.37372759998114,61.85
yes,,27.726220613295844,85.3737807641478,152.04
yes,,27.72628651282989,85.37387286257596,72.01
yes,,27.726111214349334,85.37370826697637,139.64
yes,,27.725882268304403,85.37356795800251,49.67
yes,,27.72579167732896,85.37303218442243,154.5
yes,,27.725874217221538,85.37306610579529,100.74
yes,,27.725674610298963,85.37324219894528,137.45
yes,,27.725717597712293,85.37314215223915,132.06
yes,,27.725844882733185,85.37322107087876,46.75
yes,,27.72580375000537,85.3733407999995,87.88
yes,,27.72543954627799,85.3728479678971,46.74
yes,,27.72551583023481,85.372900020616,120.24
yes,,27.725582702539292,85.37280008815236,107.89
yes,,27.725670350356094,85.37286379823577,186.09
yes,,27.72562114058549,85.37294716518707,100.99
yes,,27.72531899686393,85.37261291832074,84.15
yes,,27.725470664331286,85.3727904740192,46.26
yes,,27.72535211673464,85.37280355012871,40.42
yes,,27.725390046048176,85.37269839786251,173.33
yes,,27.724932750043887,85.37191805003825,364.11
yes,,27.725784455967958,85.37218472950408,330.05
yes,,27.725871306044816,85.37255698180006,96.02
yes,,27.725753381556064,85.3724863673965,120.2
yes,,27.725664260316922,85.37244637418668,91.27
yes,,27.72554840423607,85.37236766091057,135.44
yes,,27.72555623310864,85.37248963516616,70.48
yes,,27.72563218823958,85.37254098737763,95.05
yes,,27.72571731867128,85.3725959563291,96.81
yes,,27.725821858471566,85.37270670034036,160.73
yes,,27.726014752367934,85.3729694785968,130.25
yes,,27.725944842227914,85.37291304156004,104.34
yes,,27.725966404144074,85.37274499925825,114.29
yes,,27.726040100003853,85.37280404999683,83.67
yes,,27.726085733025585,85.37268904310247,317.63
yes,,27.726139899983025,85.37256069994513,97.3
yes,,27.726194800006155,85.37286524999934,106.06
yes,,27.72645593561976,85.37338318056746,99.62
yes,,27.726361140780252,85.37321201810741,224.39
yes,,27.726378849999662,85.37293869999618,46.23
yes,,27.726310673338926,85.37280217085889,110.09
yes,,27.726822769469496,85.3730449119632,150.64
yes,,27.72708664874415,85.37318681642856,93.4
yes,,27.72694684551495,85.37331566564208,437.44
yes,,27.72702063970125,85.37364468697527,160.48
yes,,27.72690186603913,85.37351781688207,133.65
yes,,27.731344950005973,85.36445679999291,72.06
yes,,27.728446042956037,85.37323012037392,195.5
yes,,27.72833810810494,85.37323497680273,149.92
yes,,27.728493650002036,85.37341004999959,77.58
yes,,27.728574504902475,85.37342929798506,115.14
yes,,27.72847557153102,85.3736606529001,52.71
yes,,27.7284979592571,85.37376895852604,54.6
yes,,27.72862911778518,85.37388646705396,111.22
yes,,27.728775791304255,85.37400136011958,143.86
yes,,27.728920309597672,85.37394404690727,77.07
yes,,27.728904228109567,85.37401687669653,138.59
yes,,27.72889989290893,85.37411627322244,143.02
yes,,27.728926832019173,85.37384457371817,119.33
yes,,27.728007170924684,85.3730075649927,144.78
yes,,27.72825076868351,85.37307180188637,216.97
yes,,27.7285136343581,85.37312191946208,32.9
yes,,27.728439050685033,85.37310633456825,90.06
yes,,27.72845795524395,85.37300395067123,152.93
yes,,27.728515597925153,85.37272709810921,62.92
yes,,27.72850125768248,85.37279584192282,66.3
yes,,27.728482313300304,85.37286687546678,48.08
yes,,27.72855050662507,85.37240094047102,111.67
yes,,27.7287097770272,85.37255398942928,60.0
yes,,27.72867507624448,85.3726259049346,117.39
yes,,27.7288124500025,85.37255665000716,70.3
yes,,27.728845036115082,85.37261282619724,68.45
yes,,27.72887649301641,85.37267358239669,81.08
yes,,27.72888997272502,85.37276855898098,173.77
yes,,27.728954659860257,85.37286708265779,120.9
yes,,27.729014511122035,85.37297120484686,175.48
yes,,27.729059150004037,85.37313800002218,233.97
yes,,27.727883263729048,85.37465800401225,70.42
yes,,27.727948550008342,85.37442605000633,75.81
yes,,27.727855200001777,85.37447424999775,34.78
yes,,27.728300892417085,85.37403345873253,262.46
yes,,27.72824433320228,85.37386606653709,112.68
yes,,27.728402378149433,85.37347700698528,94.95
yes,,27.728370143143195,85.37233347080212,43.84
yes,,27.728470846461843,85.37229812266258,189.53
yes,,27.72825305792148,85.37249097988818,96.25
yes,,27.72832735034916,85.37241338860211,43.99
yes,,27.728627915132318,85.37246595849417,96.8
yes,,27.728602550002705,85.37235279999376,33.82
yes,,27.728707530294415,85.37238683036975,174.0
yes,,27.728660663295916,85.37227385634758,181.26
yes,,27.72859380259524,85.37216746447429,240.26
yes,,27.728557185747256,85.37205245492241,129.99
yes,,27.728416318035652,85.37218401992702,130.26
yes,,27.728178217134236,85.37192775722434,107.22
yes,,27.727721760637813,85.37203515762168,78.31
yes,,27.727788416867465,85.37246359973015,184.1
yes,,27.727777604057056,85.3725462892949,141.95
yes,,27.72837779932874,85.37244148133813,77.85
yes,,27.728449991849473,85.37247816197424,121.91
yes,,27.728508442776032,85.3725488656206,88.12
yes,,27.728569264852627,85.37260331191665,72.02
yes,,27.728630097307633,85.37272831843514,110.65
yes,,27.72876944575369,85.37248565439684,84.31
yes,,27.72766670614794,85.37307033811592,120.74
yes,,27.727733007954647,85.37298081246708,98.01
yes,,27.727774260528445,85.37293633854351,75.0
yes,,27.727823708945387,85.3729011317234,64.52
yes,,27.727815350002583,85.37280434999904,57.77
yes,,27.72764023458041,85.37281882494143,39.14
yes,,27.727677608848722,85.37262468878275,40.07
yes,,27.72756247135337,85.3726279896631,36.6
yes,,27.72763526595391,85.3726669559569,59.04
yes,,27.727598049999916,85.37243559999587,54.03
yes,,27.727914464219392,85.37241082042678,144.7
yes,,27.72809851728124,85.37218471033164,87.65
yes,,27.727969867383184,85.3722571062927,206.01
yes,,27.72807641747292,85.37291890596259,94.33
yes,,27.728090015221127,85.37282411874708,115.74
yes,,27.72800060992884,85.37276637828775,111.67
yes,,27.728138471167902,85.37316381244749,123.06
yes,,27.72816977568681,85.3733834830748,96.3
yes,,27.72827352602432,85.37347018798562,99.84
yes,,27.728029076020782,85.37351202146336,89.61
yes,,27.728097022016904,85.37381200819036,102.38
yes,,27.72796029999938,85.3737705499942,115.5
yes,,27.727829582847196,85.37414728286112,138.2
yes,,27.728509100348333,85.3719392708632,155.39
yes,,27.728426050004888,85.3720294499973,66.69
yes,,27.728585596769687,85.37287451961154,98.19
yes,,27.728396203680557,85.3727683501751,88.51
yes,,27.728303068014984,85.37271988141595,145.77
yes,,27.728200446329048,85.37268579947104,105.9
yes,,27.72803906678277,85.37256005043305,74.55
yes,,27.728123663972163,85.37263182195234,100.2
yes,,27.728071600007244,85.37247180000301,88.88
yes,,27.728244198256416,85.37215433464168,119.33
yes,,27.728184290633017,85.37227491348006,134.01
yes,,27.72344888201524,85.36624337976595,178.46
yes,,27.72340918459026,85.3664170162541,199.19
yes,,27.723507905279032,85.36649777353094,158.88
yes,,27.723540906775114,85.36629168539847,234.12
yes,,27.723222849990943,85.36602174997765,287.29
yes,,27.723137019249094,85.36628575542909,320.91
yes,,27.722741608884043,85.36577007749102,155.17
yes,,27.72260433550141,85.36628114159201,147.5
yes,,27.722546346407718,85.36607675951815,161.16
yes,,27.724436795582005,85.36448556723359,162.78
yes,,27.724488600006907,85.36436259996225,209.45
yes,,27.72419733096971,85.36496915205956,190.43
yes,,27.72386815678878,85.3647846822377,167.92
yes,,27.723990650007735,85.36487375000077,112.83
yes,,27.723732044626612,85.36471162455358,86.04
yes,,27.723639900008067,85.36465980000159,93.47
yes,,27.72373053369413,85.36436961569073,254.86
yes,,27.724270550000885,85.36526614997031,272.6
yes,,27.72436525001593,85.36573934999713,202.18
yes,,27.72434388864871,85.36550716452828,211.66
yes,,27.72446029445493,85.36615797566253,134.77
yes,,27.7235150131931,85.36669814876335,255.71
yes,,27.72389961708585,85.36674851341054,128.9
yes,,27.72389849791155,85.36651537443052,218.88
yes,,27.723799886878403,85.36629573877963,142.63
yes,,27.72344050742378,85.36591410707761,148.3
yes,,27.72342229225014,85.36604532971722,157.11
yes,,27.72389639999613,85.36599074999546,69.86
yes,,27.723971824962604,85.3663358215246,201.26
yes,,27.724007028415613,85.36548808979401,140.08
yes,,27.724116000007324,85.36550259999905,138.49
yes,,27.724099699998707,85.3656083999946,89.77
yes,,27.72407197525205,85.36571142060781,152.18
yes,,27.72404220770749,85.36583407791856,173.5
yes,,27.724148653444225,85.36596090643975,179.79
yes,,27.724129146302516,85.3661527189636,173.55
yes,,27.723390200010613,85.36459690000353,107.38
yes,,27.723490614636187,85.3646399498187,201.93
yes,,27.723300400016445,85.36457850000866,136.91
yes,,27.723446365844342,85.36445090582674,176.75
yes,,27.723824233099627,85.36379589933017,190.95
yes,,27.723740667149,85.36399171343602,284.15
yes,,27.724167407179618,85.36403226695664,36.1
yes,,27.724217006503135,85.36410913980825,100.89
yes,,27.72397386470376,85.36411638091143,102.09
yes,,27.72390147673845,85.36420663148736,179.22
yes,,27.724130683838244,85.36426137659441,217.36
yes,,27.724325493909905,85.36424589720811,212.48
yes,,27.723458077004015,85.36401719247702,183.78
yes,,27.72337355003024,85.36418405002716,223.3
yes,,27.730789597126915,85.36744897284308,125.48
yes,,27.73085114646352,85.36756948384806,143.74
yes,,27.729821359461067,85.36700439663082,154.54
yes,,27.72995380000254,85.36753580001272,153.77
yes,,27.73002364999137,85.36763430003106,214.38
yes,,27.730123100008125,85.36772659999576,78.77
yes,,27.73003385200835,85.36774925437824,123.26
yes,,27.730036169680268,85.36786104221048,121.71
yes,,27.730395804289774,85.3685526202186,88.09
yes,,27.730345200005928,85.36834329999922,98.09
yes,,27.730311495062818,85.36821059998701,146.21
yes,,27.73078328636947,85.36834347119849,80.69
yes,,27.732183283584707,85.36734055485759,39.08
yes,,27.731738916997493,85.36655733934599,95.01
yes,,27.73209228551836,85.36699156132609,606.39
yes,,27.72985158361802,85.37290546871877,118.73
yes,,27.72979081870317,85.37303351056335,162.63
yes,,27.730885030555495,85.3721849949792,117.46
yes,,27.730852614299117,85.37229203562606,154.32
yes,,27.730808293387852,85.37205807140037,80.4
yes,,27.73163446407927,85.3614298139631,319.71
yes,,27.731727545632562,85.36147364665563,202.38
yes,,27.731508696476727,85.36141961526204,131.3
yes,,27.731515091989866,85.36131775300453,63.36
yes,,27.731581607006284,85.36124042052143,81.85
yes,,27.731457791496275,85.36122762516065,106.6
yes,,27.7313938468716,85.36133037471804,148.22
yes,,27.731306350752583,85.36127663166451,206.01
yes,,27.731055645063908,85.36114494895911,151.11
yes,,27.73112951552467,85.3611891390093,102.36
yes,,27.731233893374807,85.36149971502905,99.97
yes,,27.731178981405716,85.3617538689928,154.86
yes,,27.731157863060368,85.36163925299888,65.32
yes,,27.731124168705158,85.36189763384172,105.92
yes,,27.731091008243464,85.3620868836956,131.63
yes,,27.731007933441017,85.3628316027591,37.49
yes,,27.731031747948048,85.36274729916865,81.99
yes,,27.72997970627463,85.36346608544582,135.76
yes,,27.729866618378303,85.36344611289319,119.62
yes,,27.72990507566019,85.36336900431655,97.61
yes,,27.729932884947434,85.36328586497882,138.54
yes,,27.729836300062658,85.36309825505433,62.85
yes,,27.729613808377895,85.36316948067065,46.73
yes,,27.729541134092987,85.36314234235657,78.01
yes,,27.730400082737617,85.36362930890795,146.42
yes,,27.73061974905971,85.36360205244517,239.6
yes,,27.730957800003456,85.36334255000145,43.11
yes,,27.730833145397252,85.3634991473605,310.1
yes,,27.731631700003604,85.3630482000049,145.24
yes,,27.73154002022967,85.36327994103083,91.93
yes,,27.731239031511404,85.36324428832222,78.45
yes,,27.73130630875412,85.36319379428697,106.62
yes,,27.731382950003027,85.36313770000464,88.64
yes,,27.73123450794218,85.36370215768098,136.76
yes,,27.731837293555564,85.36227111358333,190.98
yes,,27.73141000146894,85.3618408775703,193.49
yes,,27.73149207841779,85.3616847185356,175.87
yes,,27.73141645676764,85.36163911196466,93.53
yes,,27.731759185493235,85.36264843596328,82.06
yes,,27.731871023389676,85.36266245922963,121.12
yes,,27.731910311018225,85.36246612490667,167.97
yes,,27.731670124899605,85.36277206952127,138.23
yes,,27.731351077241463,85.36274021136065,136.33
yes,,27.731422254393646,85.36278808073342,102.77
yes,,27.731197311797725,85.36286822850212,464.57
yes,,27.730609509028454,85.3629389746664,91.84
yes,,27.730796861265983,85.36307255139779,188.8
yes,,27.730655589243593,85.36281641868,118.47
yes,,27.730816391218873,85.36253637671567,99.87
yes,,27.73101594009399,85.36263970711302,138.36
yes,,27.731190381973214,85.36270286667911,130.48
yes,,27.731067375983663,85.3629834061932,165.71
yes,,27.73099182063998,85.36304809469857,149.41
yes,,27.730974055701182,85.3631583665559,114.9
yes,,27.730751876515626,85.36330306481446,507.52
yes,,27.731637882251917,85.36190200466216,96.73
yes,,27.731751897619937,85.36214203334522,67.61
yes,,27.731706920221143,85.36208101151723,88.6
yes,,27.731608447054132,85.36206896014292,87.68
yes,,27.731482450004304,85.36200619999241,87.49
yes,,27.73182099441485,85.36159503624336,71.01
yes,,27.731786400070217,85.36181049992054,315.54
yes,,27.73167798840277,85.36200184051586,74.34
yes,,27.731555500004585,85.36195115000078,69.11
yes,,27.7314702945999,85.36247136904389,100.63
yes,,27.731455729280796,85.3626917137383,89.23
yes,,27.731386361179595,85.36261818392498,93.27
yes,,27.73156002987854,85.36280162798016,119.17
yes,,27.729961026846624,85.36373284668727,119.72
yes,,27.729977800003066,85.36361254999764,102.64
yes,,27.729861634089104,85.36355377424692,112.61
yes,,27.729828592631993,85.36371459293242,137.33
yes,,27.7297013178957,85.3636224354049,38.46
yes,,27.72949917869462,85.36342694529574,146.05
yes,,27.729393501214577,85.36345050501761,61.11
yes,,27.729148003998073,85.36365123371348,190.07
yes,,27.729377350128086,85.36368704828303,91.75
yes,,27.729414369492936,85.36361120683485,82.16
yes,,27.729611953223706,85.36365719738677,190.48
yes,,27.7302373500056,85.3637128000019,78.78
yes,,27.730138500004365,85.36365139999901,121.89
yes,,27.730275229739544,85.363257515224,145.23
yes,,27.730192326048854,85.36339409480632,96.15
yes,,27.73013737590187,85.36326453867052,157.67
yes,,27.73016185915042,85.36306452049624,145.54
yes,,27.73025917821026,85.36278552259402,44.03
yes,,27.73019172266053,85.36276351768474,95.99
yes,,27.72955761402541,85.36293194178539,62.94
yes,,27.729636184713797,85.3629425055277,82.61
yes,,27.729611126718915,85.3630366923295,148.92
yes,,27.72973033237154,85.3630245441911,236.99
yes,,27.729807950001994,85.36296664999908,74.61
yes,,27.729539922953276,85.36283619897844,70.29
yes,,27.7296432000014,85.36284964999874,87.66
yes,,27.729963100003417,85.36296520000552,79.55
yes,,27.730189647845286,85.36232197019861,92.56
yes,,27.73016512022483,85.36223464247482,61.61
yes,,27.730434689100623,85.36283322247526,96.18
yes,,27.730921708636256,85.36185710418334,58.54
yes,,27.730961751414767,85.36178483933871,80.97
yes,,27.73079949550228,85.36169039032298,97.92
yes,,27.73083901511489,85.36153736050166,58.03
yes,,27.730875985381836,85.36154409369796,42.39
yes,,27.73078042483022,85.36149011070638,133.7
yes,,27.7306823599791,85.36172397739158,146.46
yes,,27.730548899759963,85.36140989844492,142.24
yes,,27.730590617810726,85.3613275534728,62.79
yes,,27.73031771353708,85.3614801839519,94.63
yes,,27.73033290612036,85.36128493522912,102.31
yes,,27.730222282102698,85.361287038789,98.39
yes,,27.730388234535777,85.36137169266814,77.17
yes,,27.730394395084826,85.36151028675698,105.45
yes,,27.730546877732273,85.36161216063093,80.46
yes,,27.730322800008704,85.36175534998917,47.84
yes,,27.73041804996422,85.36182655878996,86.43
yes,,27.730393979153423,85.36170064206001,93.95
yes,,27.7302441009052,85.36190127432151,150.85
yes,,27.730325608309077,85.36200450488238,126.66
yes,,27.730248994234966,85.3620497503785,127.94
yes,,27.73043149845769,85.3622902479292,132.56
yes,,27.730320984279658,85.36221291675096,91.59
yes,,27.73038608962262,85.36216090148821,171.64
house,Parajuli residence,27.730099291912484,85.36217533445259,54.64
yes,,27.730063324947974,85.36225844165259,127.6
yes,,27.73005605476943,85.36236901665849,111.82
yes,,27.730122991316307,85.36196263232176,104.21
yes,,27.730035644615235,85.36197260363123,112.9
yes,,27.730062317207917,85.36208186647833,113.0
yes,,27.728889546107496,85.3612086298138,69.96
yes,,27.728868954063692,85.3612629220941,80.47
yes,,27.728906048975198,85.36136432884535,82.82
yes,,27.729075711220357,85.3613410101114,102.15
yes,,27.72911669729479,85.36125294067618,47.16
yes,,27.72918394205863,85.36128822424618,76.99
yes,,27.729260489997074,85.36133728652088,82.49
yes,,27.729222268041912,85.36140180364342,71.77
yes,,27.729181821846883,85.36147479030996,99.72
yes,,27.730181078611594,85.36169101020008,185.64
yes,,27.72992751151731,85.36159636106397,112.62
yes,,27.730001887624663,85.36159140252752,101.66
yes,,27.730068497317227,85.36159305289593,104.26
yes,,27.73013989879594,85.361558799598,78.06
yes,,27.730048929136657,85.36147146716823,78.31
yes,,27.730106366645956,85.36144109987714,41.81
yes,,27.73000486788087,85.36134213306995,66.83
yes,,27.729826468492817,85.36145831496383,75.27
yes,,27.729879791368152,85.36136221673246,74.01
yes,,27.729919627414077,85.36130681575891,49.89
yes,,27.72981576298686,85.3613397584444,72.18
yes,,27.729840297498008,85.36123971880325,57.04
yes,,27.729746012178207,85.36131923665897,89.04
yes,,27.729449399999844,85.36167529999855,132.02
yes,,27.729798508906395,85.36263570102608,70.0
yes,,27.72969880774696,85.36250791016627,229.54
yes,,27.729556525795907,85.36212484650657,52.17
yes,,27.729907727340308,85.36220714128012,84.95
yes,,27.729895458873383,85.36211118750137,136.31
yes,,27.729910725343395,85.36194624106211,96.2
yes,,27.729911842228915,85.36182462513305,77.41
yes,,27.72988276107626,85.36173702484511,94.26
yes,,27.72967463277051,85.36204515253806,97.33
yes,,27.72974350000377,85.36200789999978,98.75
yes,,27.729705094879243,85.36187458428327,95.34
yes,,27.72960568874223,85.36184261068722,128.63
yes,,27.729493850005948,85.36198345000089,40.19
yes,,27.72943326988971,85.36197306115011,106.4
yes,,27.72944772623812,85.36183229188063,110.45
yes,,27.729154479125306,85.36224175318581,271.38
yes,,27.72927779437012,85.36225134227506,102.94
yes,,27.72936185497024,85.36231107679801,49.26
yes,,27.729215105939062,85.36288852720402,81.05
yes,,27.729227896567412,85.36277942331667,97.5
yes,,27.72924730763642,85.36267115068136,95.78
yes,,27.729169496928105,85.36267424836771,93.42
yes,,27.72917433963381,85.36256369395849,82.95
yes,,27.7293827000049,85.36271474999761,157.27
yes,,27.729417117739658,85.36311380193581,57.32
yes,,27.72922495127895,85.36336669592943,111.52
yes,,27.729279350679256,85.36328744559577,48.96
yes,,27.72929690000598,85.36317204999975,96.31
yes,,27.729155647710684,85.36319052111396,93.09
yes,,27.729197596815542,85.36309296854192,112.14
yes,,27.72888021048288,85.36345784651247,170.33
yes,,27.728817529950955,85.36333633823489,145.59
yes,,27.7290548288845,85.36347383986478,170.48
yes,,27.728939850006434,85.3632702000017,112.59
yes,,27.72872132567522,85.36316770316725,104.52
yes,,27.728753201506812,85.36307470727444,120.74
yes,,27.728893713920684,85.362995518204,102.3
yes,,27.728797422022865,85.36283381685318,315.76
yes,,27.72900611872969,85.3629150851978,133.06
yes,,27.729028466217255,85.36278408284417,107.49
yes,,27.72886937772925,85.3626994801566,231.83
yes,,27.728943173718665,85.36260546743596,248.72
yes,,27.728938706087753,85.36242368169442,763.82
yes,,27.72873092239796,85.36201083479108,57.71
yes,,27.728858827722384,85.36211436121935,61.27
yes,,27.728784212700006,85.36208001188254,98.29
yes,,27.72892954366103,85.36200447279771,75.1
yes,,27.72886053113011,85.36195178176285,83.97
yes,,27.728999935259058,85.36205329538659,102.66
yes,,27.728944250005195,85.36217679999854,91.98
yes,,27.729209600005337,85.36202670000026,78.33
yes,,27.72914068063528,85.36192648746625,81.1
yes,,27.729166030229962,85.36177442935487,107.79
yes,,27.729119197721992,85.36159176786543,139.09
yes,,27.72929063532578,85.36150066656495,69.62
yes,,27.72940760000543,85.36132735000183,69.48
yes,,27.72946408886789,85.36136541640315,70.78
yes,,27.729561450004045,85.36144304999881,74.86
yes,,27.729620342414556,85.36173433790063,102.66
yes,,27.72974751023734,85.36167658027654,132.68
yes,,27.73082915000672,85.36190249999282,101.61
yes,,27.73102956574261,85.3614109926936,30.46
yes,,27.73093591682527,85.36138547173958,54.36
yes,,27.730869962267775,85.36136064187282,80.63
yes,,27.73093386437315,85.36129637138102,68.4
yes,,27.730969158124452,85.36160804526553,78.81
yes,,27.7309193612967,85.36155610320164,71.21
yes,,27.731325323841517,85.36216020011788,203.09
yes,,27.73136747211124,85.36204343722463,105.13
yes,,27.728924826150354,85.37433613806759,77.01
yes,,27.728901205254505,85.37456693451907,25.16
yes,,27.728734754343105,85.37444207754534,144.22
yes,,27.73098327111907,85.3711186606951,170.91
yes,,27.72925709233056,85.35843617553641,102.94
yes,,27.72960904001014,85.35883837438082,61.62
yes,,27.72938385844651,85.35879252411294,200.56
yes,,27.729493497829445,85.35867424504632,191.29
yes,,27.7295354427985,85.3585722720311,204.35
yes,,27.729867595078176,85.3582758108015,65.86
yes,,27.729869960570856,85.35842781996209,161.0
yes,,27.729808843639976,85.35828296397516,82.03
yes,,27.729586507284353,85.358353925746,103.57
yes,,27.728890571110107,85.35835655341691,141.66
yes,,27.729167390365877,85.35831124087244,99.63
yes,,27.729147912437863,85.35849600520781,88.07
yes,,27.728928602569233,85.35864549290478,103.64
yes,,27.72884145303055,85.3586595526683,76.23
yes,,27.728827050003247,85.35830144999912,64.56
yes,,27.728896480208913,85.35893320828092,143.3
yes,,27.72888135697536,85.3590560847029,118.89
yes,,27.728850237805837,85.3592187074646,182.91
yes,,27.729295225459936,85.35905707076112,139.05
yes,,27.729594830056865,85.359117920813,141.05
yes,,27.729417774930795,85.35911926858043,127.79
yes,,27.72828772824377,85.36250031383777,172.17
yes,,27.728332746726323,85.36239922093411,131.47
yes,,27.72812254084095,85.36236022697715,213.64
yes,,27.728182406147315,85.36268788485233,36.96
yes,,27.72801802456384,85.3628388662991,210.73
yes,,27.727930879042475,85.36258390396107,357.33
yes,,27.72778383597577,85.36287077910735,862.8
yes,,27.727517205856124,85.3626307912669,158.62
yes,,27.727420744188972,85.36246152346328,83.71
yes,,27.72735783701082,85.36253387844941,67.27
yes,,27.727354452428457,85.36233910158244,283.67
yes,,27.727772722049288,85.36219372489406,317.34
yes,,27.72749229600034,85.36140929489719,95.91
yes,,27.727680632630857,85.36188391443523,50.39
yes,,27.727447740650945,85.36175617669909,47.17
yes,,27.72744596292684,85.36163118099073,115.91
yes,,27.727572629339672,85.3617139180268,291.76
yes,,27.727723400006592,85.36178669999478,151.57
yes,,27.727844278397797,85.36196717706312,71.88
yes,,27.72787962542695,85.36183674934101,233.93
yes,,27.727941492418157,85.36165841014126,222.76
yes,,27.72803958652365,85.36171407339542,214.45
yes,,27.728566400732976,85.36299831384815,97.93
yes,,27.728646992684098,85.36251151544943,502.57
yes,,27.728508438534824,85.36212628868276,271.71
yes,,27.728479166761034,85.36163688563192,48.5
yes,,27.72844551031731,85.36154319982843,110.82
yes,,27.727859969289543,85.36312152531828,119.77
yes,,27.727956384090636,85.36306859782678,103.98
yes,,27.72853529503607,85.3637357659065,91.98
yes,,27.728231147294153,85.36327363291821,78.56
yes,,27.728281418473692,85.3633344995191,84.75
yes,,27.728313450003597,85.36340155000423,66.67
yes,,27.728370241366836,85.36350353332953,107.92
yes,,27.72863251586482,85.3636433047129,116.08
yes,,27.72838533113483,85.3632922691196,130.35
yes,,27.72733995001255,85.36316905000562,91.04
yes,,27.727904854311557,85.36330233147415,50.97
yes,,27.727788097032214,85.36346899995056,125.45
yes,,27.728203850003275,85.36361120000261,61.04
yes,,27.72821785900352,85.363716805435,93.44
yes,,27.728096383405457,85.36364171975642,105.02
yes,,27.728143881835965,85.36353576499442,139.12
yes,,27.727959950016896,85.36341445001699,95.35
yes,,27.727965287476174,85.36355566094683,172.5
yes,,27.728026930384335,85.36327041294514,161.57
yes,,27.727855443329663,85.36359382466117,46.26
yes,,27.727846388516095,85.36370232382207,154.11
yes,,27.72773003399465,85.36363009019908,129.3
yes,,27.72729896847298,85.36361688774853,148.7
yes,,27.728228399983724,85.36295139998693,148.45
yes,,27.72766176335795,85.36324538864784,149.41
yes,,27.72762715867521,85.36331554428064,171.38
yes,,27.72755219612423,85.36349396666303,49.67
yes,,27.727561300003266,85.36359605000183,43.1
yes,,27.727508249202934,85.36369248078935,196.42
yes,,27.72762126828315,85.36361579230618,85.13
yes,,27.727667273762407,85.36636313817351,146.05
yes,,27.727561087680492,85.36632519888374,154.6
yes,,27.72755377191006,85.36592097554734,170.92
yes,,27.727602310615282,85.36562828903097,99.31
yes,,27.727361702516756,85.36628070008447,204.35
yes,,27.72738183348798,85.3661558882945,160.58
yes,,27.72736127649692,85.36541213119612,25.84
yes,,27.727401261964935,85.3651437310202,145.58
yes,,27.72745264002724,85.36525655234149,246.3
yes,,27.727538090081467,85.36543037618164,298.09
yes,,27.727898202623056,85.36568600749311,345.61
yes,,27.72811445970481,85.36560015509987,166.44
yes,,27.72807611527752,85.36572322507976,381.18
yes,,27.728259899988366,85.3658139999713,254.92
yes,,27.728339034231084,85.36570584733363,464.21
yes,,27.728588070281532,85.365569101044,42.56
yes,,27.728184200010574,85.36520085000028,136.32
yes,,27.727912749999454,85.36527760000162,70.46
yes,,27.72792225343739,85.36538756826343,142.94
yes,,27.727767650001788,85.36541425000212,152.87
yes,,27.72772502791795,85.36527920218113,135.36
yes,,27.727627007082724,85.3651611154176,196.15
yes,,27.727787989877026,85.3651670460559,244.92
yes,,27.72793454999999,85.36517869999945,94.55
yes,,27.728626695934395,85.36444295396718,294.53
yes,,27.728315822464634,85.36479035973514,120.2
yes,,27.72850130854702,85.36472768220483,175.91
yes,,27.728539245967127,85.36461645426311,238.12
yes,,27.728324798606586,85.3643693487835,83.64
yes,,27.72831071667235,85.3644521056499,141.09
yes,,27.728126199450884,85.36438255202746,105.35
yes,,27.72802405897505,85.36503714812152,111.21
yes,,27.727966360302577,85.36485905050324,126.34
yes,,27.7278106000292,85.36495745001011,192.64
yes,,27.727663956319226,85.36486542916842,154.15
yes,,27.72756212852355,85.3648747406952,29.31
yes,,27.728831490218727,85.3648291441609,228.57
yes,,27.729018817561446,85.36469077587222,133.71
yes,,27.72875069979174,85.36491709402846,285.94
yes,,27.728787020749376,85.36504002107307,147.9
yes,,27.72866404302022,85.36500113525051,186.7
yes,,27.728684869214774,85.36527963172335,157.15
yes,,27.7288524893222,85.36581970196285,65.23
yes,,27.72889804499078,85.36589887774284,103.7
yes,,27.728888596292467,85.36609610500311,133.29
yes,,27.728778849501246,85.36599234869054,88.88
yes,,27.728741079464676,85.36607515986998,105.69
yes,,27.728626117098777,85.366290582848,112.34
yes,,27.728546050188573,85.36581757846105,78.21
yes,,27.72938541575454,85.3717970331414,159.55
yes,,27.72949765068005,85.37169599727419,197.71
yes,,27.729420599999973,85.37138700000062,100.35
yes,,27.728322866265636,85.37040093897471,105.36
yes,,27.728402992780435,85.37110793667217,171.7
yes,,27.728705750023263,85.37187384997506,128.36
yes,,27.728654264479527,85.37174312646395,67.81
yes,,27.728626164570368,85.37162012655139,158.26
yes,,27.728746750002532,85.37148895001397,60.78
yes,,27.72876959436422,85.3715941153328,184.87
yes,,27.72892833904506,85.37157025980564,181.98
yes,,27.728512500002694,85.37136900000668,77.67
yes,,27.72863625000373,85.3713103500117,90.04
yes,,27.728885647682763,85.37113441643822,74.5
yes,,27.72880950000812,85.37133760000471,153.24
yes,,27.729391567628284,85.36992520530015,54.31
yes,,27.72950777542154,85.36951563956787,159.33
yes,,27.728843630942894,85.36936907602579,129.06
yes,,27.728694633358288,85.36949930805099,115.03
yes,,27.72851381651014,85.36940693582066,142.44
yes,,27.728429669943562,85.37175097644081,183.88
yes,,27.728273333099253,85.3718460006887,53.89
yes,,27.72822354556272,85.37173847668922,185.82
yes,,27.728268182068064,85.3716040621831,102.53
yes,,27.728403545570636,85.37162253283358,114.21
yes,,27.728343842848513,85.3715101406126,172.17
yes,,27.728175433552313,85.37130092754035,127.55
yes,,27.72824120001192,85.37139775001518,158.83
yes,,27.728091700001592,85.37149365000295,55.63
yes,,27.727761253030252,85.37052997666457,160.71
yes,,27.7277213009546,85.37090740143141,194.46
yes,,27.727743886782076,85.37069260145236,268.07
yes,,27.728005165023017,85.37096846130929,165.36
yes,,27.728003394213918,85.37127488242461,187.43
yes,,27.727869400583792,85.37116277981714,476.94
yes,,27.728093925128594,85.37160803574251,157.46
yes,,27.727983120388615,85.37180774332066,88.25
yes,,27.72761480436811,85.37167901406542,74.46
yes,,27.727530495655092,85.3718302359831,143.96
yes,,27.72780011500305,85.37176086743118,93.01
yes,,27.7277986267284,85.37161493643313,201.69
yes,,27.7290018530078,85.36060072814391,168.97
yes,,27.729013422499612,85.36112020420765,225.99
yes,,27.72903020014036,85.36095139964364,338.86
yes,,27.729371631703188,85.36106519465028,124.43
yes,,27.729250314871855,85.3605503397484,93.83
yes,,27.72934468700145,85.36068779233325,112.07
yes,,27.729399533368476,85.36077922015637,90.17
yes,,27.72943732839786,85.36066944928855,92.76
yes,,27.729246233869436,85.36063722224085,138.73
yes,,27.72924665139647,85.36073753929459,156.72
yes,,27.72924794313033,85.36084917417631,207.95
yes,,27.729213762156107,85.36095697886925,101.61
yes,,27.729210442057717,85.36104637636912,87.25
yes,,27.72951669626034,85.3610029182324,79.16
yes,,27.729601207358314,85.36126492182974,83.13
yes,,27.729854536182454,85.36112588086284,45.53
yes,,27.729898547017246,85.36101500538433,77.5
yes,,27.729709868457867,85.36089031070257,128.01
yes,,27.72875282649189,85.36122834189322,70.79
yes,,27.728776350002057,85.36110309999553,154.2
yes,,27.72888049999715,85.36098029999592,94.11
yes,,27.72885860968869,85.36050681103701,186.46
yes,,27.728722111102744,85.36040123312263,99.0
yes,,27.728791162705022,85.3604439991368,75.13
yes,,27.728893900005293,85.36018639999428,142.66
yes,,27.729277700003752,85.36040265000149,53.53
yes,,27.72904569436327,85.36014666636063,129.63
yes,,27.72877640266784,85.35954604702185,848.94
yes,,27.728899414337974,85.35959976113664,116.87
yes,,27.72894379349431,85.35973809513602,157.37
yes,,27.728995200003745,85.35980485000651,62.24
yes,,27.728942297813617,85.35988624264753,109.21
yes,,27.72903323516896,85.35984478899695,56.13
yes,,27.72910707163449,85.35998172162033,44.91
yes,,27.729154201930196,85.36003711627886,82.9
yes,,27.729212100854046,85.36013901626427,51.31
yes,,27.72924787017166,85.36018008527331,61.1
yes,,27.729409684985555,85.36053500594345,22.32
yes,,27.729491441411394,85.36053436644754,101.94
yes,,27.729421279770833,85.36038714556693,37.8
yes,,27.72944496815852,85.36030998404094,95.11
yes,,27.729534144098462,85.36031400912522,105.01
yes,,27.72984525322662,85.36006213830873,71.9
yes,,27.729893083625356,85.3601592013265,55.3
yes,,27.729898702694697,85.36000369155083,102.25
yes,,27.729739070570936,85.35994577625773,67.8
yes,,27.729822692444593,85.35992914190493,91.51
yes,,27.729761868953375,85.35986000880625,87.73
yes,,27.729821784719764,85.35976672913525,71.04
yes,,27.729744466189736,85.35971304769699,59.82
yes,,27.729677749605404,85.35966764302749,94.81
yes,,27.729663500711272,85.35976309889004,101.06
yes,,27.7296250440596,85.35982995325581,110.81
yes,,27.729591036534533,85.35991480742739,131.96
yes,,27.729595581380227,85.35961964021192,110.78
yes,,27.729544194241686,85.35954359558446,101.69
yes,,27.729468546647134,85.35957271943727,101.16
yes,,27.729486289946706,85.35945745626097,91.36
yes,,27.72940880812742,85.35942934724076,109.74
yes,,27.729353283666608,85.35939896951989,54.49
yes,,27.72930160000523,85.35937375000181,58.83
yes,,27.72924225000831,85.35933595000341,77.04
yes,,27.72917450000796,85.35930665000284,85.29
yes,,27.72912396923095,85.35925355701802,29.54
yes,,27.729093150762903,85.35930529646004,51.58
yes,,27.729036393559547,85.35926244853839,88.22
yes,,27.72900936291575,85.35934571097683,32.84
yes,,27.728985809830263,85.35940407591072,69.84
yes,,27.72902476193157,85.35949013122217,97.46
yes,,27.729088834605122,85.35961489832731,152.66
yes,,27.7291477800749,85.35946338467511,151.15
yes,,27.729241496438366,85.35945838823052,72.3
yes,,27.72930105000702,85.35949815001443,51.92
yes,,27.729328442281073,85.35956613206898,41.69
yes,,27.729380102426422,85.35960170376414,71.19
yes,,27.729410580626737,85.35969662396018,67.59
yes,,27.72946590187055,85.35974393303434,94.58
yes,,27.72942260000555,85.3598488999855,104.63
yes,,27.729143740538657,85.35973167667122,47.97
yes,,27.729184889363196,85.35968778049032,76.05
yes,,27.729225004581487,85.3596214004449,91.09
yes,,27.729287452114004,85.35972221101648,74.77
yes,,27.7292104335672,85.35980815158024,49.6
yes,,27.729287390343615,85.35983924788827,133.0
yes,,27.72930913480115,85.35991998314954,76.69
yes,,27.729346805828083,85.35996081319189,68.04
yes,,27.72939897479952,85.36000080354813,131.21
yes,,27.729478837149784,85.36005157319586,153.95
yes,,27.729543817513026,85.36012600544417,142.58
yes,,27.72970031684927,85.36020167430542,266.39
yes,,27.729692930465646,85.35950574492531,92.22
yes,,27.729626040316873,85.35939599856512,134.52
yes,,27.72973790705379,85.35934092724968,101.69
yes,,27.729867300022512,85.35939270000064,172.5
yes,,27.729889750005103,85.35913174999925,106.7
yes,,27.729574614802527,85.35921248981055,121.19
yes,,27.72951367988355,85.35928634063359,127.89
yes,,27.729420199446906,85.35923215627463,109.27
yes,,27.729348550170673,85.35920779494529,89.46
yes,,27.729203477423923,85.359089838857,160.67
yes,,27.72902324614305,85.35890555023572,198.19
yes,,27.72912569137172,85.35892979065636,91.75
yes,,27.72930335871276,85.35864606570766,143.83
yes,,27.729252600190854,85.35876635787022,86.43
yes,,27.729180362379005,85.35865548481758,46.25
yes,,27.728737450015146,85.35842754999601,138.36
yes,,27.7287465669945,85.35855382144743,103.02
yes,,27.729300330384135,85.35828430446028,93.57
yes,,27.729283799999916,85.3583583999946,76.82
yes,,27.72940880557413,85.3583196332023,89.84
yes,,27.729397377746157,85.35841369088284,95.6
yes,,27.729679398662057,85.3584359368869,66.64
yes,,27.72972066964225,85.3583111409232,172.15
yes,,27.72953936731135,85.3588164660325,46.24
yes,,27.728953732523053,85.35796666842023,75.68
yes,,27.72902799889312,85.3580106046738,110.61
yes,,27.72907943341391,85.35793268196385,79.41
yes,,27.72896097344028,85.35788609469705,82.33
yes,,27.728955931924702,85.35778978552071,69.65
yes,,27.72912106637401,85.35772893609565,68.14
yes,,27.729060056049168,85.35780129742653,73.1
yes,,27.729084618137453,85.35767860088136,55.78
yes,,27.72920204999997,85.35776489999864,39.24
yes,,27.72914265785132,85.35783355538985,65.95
yes,,27.72901023856201,85.35734604605983,64.58
yes,,27.729149136794682,85.3573479129442,49.7
yes,,27.729101007852556,85.35731134874932,62.21
yes,,27.72903624496783,85.3572687166927,115.18
yes,,27.72895320571214,85.35722024012834,152.31
yes,,27.728976455173218,85.35742155304274,67.56
yes,,27.728928472821007,85.35736469976025,28.07
yes,,27.72901520000945,85.35755774998951,81.2
yes,,27.728901713050977,85.35746671293042,75.9
yes,,27.728906126919323,85.35755677465025,119.65
yes,,27.72898875000349,85.35769339999968,59.87
yes,,27.72889811155953,85.35768391030003,218.24
yes,,27.72887099999943,85.35779709999936,49.21
yes,,27.72886428595354,85.35785500373522,51.99
yes,,27.72887000364183,85.3579159795837,71.11
yes,,27.728853424314757,85.35799775118097,120.48
yes,,27.729697050004138,85.35728665000225,49.84
yes,,27.729759650004922,85.35733830000204,78.27
yes,,27.729712700005326,85.35739794998969,57.89
yes,,27.72976845002113,85.35757054997481,92.21
yes,,27.729700210043966,85.35760348570057,162.67
yes,,27.7296395714313,85.35747994934965,105.05
yes,,27.729712050004718,85.35774500000042,100.84
yes,,27.729237246623136,85.35763001857468,98.88
yes,,27.729186800001557,85.35713139999872,49.35
yes,,27.729200254570305,85.35705164008806,77.02
yes,,27.72915788836657,85.35756602296733,89.82
yes,,27.72919554935631,85.35746250281602,67.39
yes,,27.72924614120902,85.3574996494632,80.14
yes,,27.729297889834257,85.35752132935134,71.13
yes,,27.729162550003135,85.35720809998224,49.7
yes,,27.729493600007515,85.35644239998877,108.95
yes,,27.729550197406653,85.35638033573302,118.47
yes,,27.729739241718864,85.35645975993424,102.31
yes,,27.729791551927782,85.35653636673632,49.87
yes,,27.729528718212233,85.35659867588122,69.54
yes,,27.729572622941014,85.3565538755973,76.93
yes,,27.729631878004078,85.35648588621461,124.98
yes,,27.729695250004482,85.35657225000415,71.63
yes,,27.729725233644608,85.35667920561562,80.31
yes,,27.729704456279645,85.35680092608963,56.59
yes,,27.72971887740102,85.35691919052852,123.1
yes,,27.72961715001407,85.35704235000148,211.06
yes,,27.729559700844828,85.35719448482129,92.06
yes,,27.729528178874073,85.3573003480769,177.65
yes,,27.72942060721287,85.35728956969537,66.06
yes,,27.72936911694255,85.35722157286443,192.53
yes,,27.729411150003198,85.3569738000008,45.19
yes,,27.729454205249088,85.35709906476882,132.09
yes,,27.729376499615864,85.35705483516558,90.77
yes,,27.729336350004633,85.35693514999923,74.33
yes,,27.729504850890084,85.35695018274666,72.62
yes,,27.72944856110076,85.35690545385889,59.24
yes,,27.72955776653347,85.3568625540932,74.96
yes,,27.729546651535586,85.35675916702303,88.58
yes,,27.7292784460822,85.3569963668199,65.76
yes,,27.729228256451528,85.35687785252962,89.64
yes,,27.729276954431306,85.3568260464406,53.85
yes,,27.729383031853107,85.35684845231266,75.8
yes,,27.72933625200189,85.35676410799451,71.64
yes,,27.729387648767265,85.35672328418507,62.63
yes,,27.729420950003654,85.35659095000305,72.17
yes,,27.729381458027046,85.35652338539668,76.46
yes,,27.729289343060646,85.35662842278315,86.55
yes,,27.7292156444985,85.35672901629799,39.18
yes,,27.729242826001865,85.35667944272345,55.32
yes,,27.729177962950747,85.35648060596276,128.41
yes,,27.72909870000506,85.35646144999258,115.47
yes,,27.729154150000106,85.35660939998336,71.13
yes,,27.729147400220874,85.35669349930265,42.86
yes,,27.729090792104106,85.35666079374047,70.16
yes,,27.729090058909037,85.35676158150555,79.55
yes,,27.729015331312162,85.35673374509712,74.74
yes,,27.729080526942017,85.35688567056057,81.5
yes,,27.72900275983567,85.35683095213987,68.6
yes,,27.729044350011318,85.3570540000024,141.79
yes,,27.728966620527736,85.3569766631104,72.13
yes,,27.72897150044367,85.35688753941176,89.95
yes,,27.728905628531606,85.3567926753426,33.48
yes,,27.728904958113702,85.35674054437195,50.23
yes,,27.728907582712957,85.35667236070499,87.49
yes,,27.72905455000032,85.35653979998924,64.41
yes,,27.729015600003525,85.35660229999966,57.42
yes,,27.728959264241784,85.35652042579457,67.36
yes,,27.72889871864901,85.35659677641735,111.57
yes,,27.729033339945623,85.35638317093454,105.32
yes,,27.72908185000492,85.35622914999983,77.34
yes,,27.728905863674584,85.3562418505779,104.08
yes,,27.7292154119801,85.35607088789322,24.62
yes,,27.7291772503797,85.35610537219189,83.37
yes,,27.729252050484696,85.35635712876966,161.0
yes,,27.729748875430577,85.35614775927839,52.36
yes,,27.72966744184118,85.35612384313693,89.33
yes,,27.729703762000597,85.35620704115513,87.79
yes,,27.729648447085548,85.35627918586111,102.32
yes,,27.728641517012566,85.35690229502278,2055.72
yes,,27.728684091222874,85.35610502632805,101.16
yes,,27.72871402947434,85.35626983534215,171.26
yes,,27.728414171339022,85.35617157875348,95.32
yes,,27.728335600004858,85.35612534999798,100.69
yes,,27.728231244733202,85.35621516812361,68.18
yes,,27.728366136050187,85.35626776653974,52.18
yes,,27.728344247866108,85.35637150454275,154.08
yes,,27.72838510969888,85.35779090310973,141.66
yes,,27.7284108189801,85.35769646597828,64.07
yes,,27.728475920387922,85.35771776089038,28.94
yes,,27.728456954273486,85.3578101948519,70.95
yes,,27.728514229806304,85.35781728762204,71.01
yes,,27.728536835236365,85.35773229610425,65.54
yes,,27.72868499778272,85.35785182927455,84.11
yes,,27.728599284697076,85.35784626623045,97.93
yes,,27.728691487738114,85.35772524870937,168.77
yes,,27.72873597259022,85.35758768886618,83.72
yes,,27.728755767856814,85.35731012041472,244.74
yes,,27.72851935553839,85.35762542343713,77.5
yes,,27.728462845763005,85.35753573253548,29.03
yes,,27.728567100002145,85.35753140000352,73.06
yes,,27.728530816058335,85.3574749938739,58.66
yes,,27.728452200005016,85.35733000000461,73.65
yes,,27.728258334554624,85.35666880801462,107.45
yes,,27.72840439569608,85.35709108438125,76.82
yes,,27.728299033461905,85.35724495272684,90.69
yes,,27.728240622483693,85.35715261866086,94.02
yes,,27.728188351530495,85.35724203294906,66.62
yes,,27.728368158940636,85.357413169508,176.02
yes,,27.7282653909522,85.35742921032296,93.05
yes,,27.728202586820913,85.35747329879344,55.5
yes,,27.72816115274575,85.3575664034182,155.58
yes,,27.728661398901014,85.3579878452907,60.11
yes,,27.72861590939248,85.35803929390674,35.48
yes,,27.72859564026366,85.35808996127408,41.21
yes,,27.728559300097025,85.35813799966384,66.86
yes,,27.728535240266375,85.35797733132803,79.84
yes,,27.72834946455443,85.35798339141208,116.46
yes,,27.728463095894078,85.35806856262683,140.48
yes,,27.728260599411303,85.35818121374224,118.8
yes,,27.728266528206976,85.358022274859,113.76
yes,,27.72821050590046,85.358130306266,26.82
yes,,27.728174669525846,85.35807544922051,88.9
yes,,27.728687802144854,85.35821683238122,53.9
yes,,27.72874195000271,85.35813380000243,32.09
yes,,27.728746981882946,85.35825708850132,71.77
yes,,27.72885686432218,85.35810318103269,65.79
yes,,27.728970043524853,85.35820545966772,60.51
yes,,27.728941731788073,85.35813511350297,65.09
yes,,27.729058660697774,85.35821863190861,119.08
yes,,27.729195746905454,85.35817652484593,115.84
yes,,27.72919010310881,85.35803288880304,91.88
yes,,27.72926130301492,85.35806305380353,95.01
yes,,27.72933964701672,85.35796513616374,78.12
yes,,27.729372874565655,85.35814830919404,108.68
yes,,27.72937447017366,85.35805065595338,95.16
yes,,27.72927865428181,85.35784823205668,79.91
yes,,27.72939550000355,85.35787874999652,96.73
yes,,27.729419779098798,85.35781032476545,52.82
yes,,27.72944194250866,85.35776025727448,54.93
yes,,27.72946848645579,85.35768347829267,95.93
yes,,27.729427442607655,85.3575526353562,191.62
yes,,27.72958017276706,85.35761980798542,102.81
yes,,27.72958909879307,85.35773709215157,69.87
yes,,27.72954884868048,85.35781674504051,122.01
yes,,27.72952280216003,85.35791696283512,149.73
yes,,27.729513850003993,85.35804904999958,130.88
yes,,27.72951149999107,85.35816305000024,203.9
yes,,27.72970797940943,85.35816327725693,173.6
yes,,27.72968600195035,85.35802630999139,161.31
yes,,27.729681150002584,85.35790735000081,104.81
yes,,27.72980710888625,85.35814804836629,126.69
yes,,27.729789703730393,85.35802550252255,123.34
yes,,27.729121717379694,85.36450915088209,25.99
yes,,27.72845915716299,85.36492999987986,88.24
yes,,27.728470209132194,85.36483568786112,157.6
yes,,27.729272952531772,85.3662510067563,137.85
yes,,27.729359378001114,85.3663873405297,134.42
yes,,27.729431737962773,85.36632569955829,176.3
yes,,27.729215343088796,85.36642628753596,132.44
yes,,27.729155654470404,85.3662821444131,128.54
yes,,27.72839598261345,85.36419965171217,11.23
yes,,27.72892027484262,85.36382643801569,53.22
yes,,27.728973787685437,85.36396553489074,115.25
yes,,27.729108666475778,85.36384784856108,57.54
yes,,27.72914229171586,85.36380684163474,35.95
yes,,27.728676597387786,85.36393232265583,64.14
yes,,27.728743533917413,85.36412030039193,79.08
yes,,27.72847634999748,85.36411419999995,85.75
yes,,27.728551100001717,85.36410209999934,39.87
yes,,27.728598600001884,85.36409639999982,29.72
yes,,27.728278326615616,85.36412193470824,67.65
yes,,27.728352537373915,85.36411689569462,86.37
yes,,27.72845364366531,85.36431071214207,138.53
yes,,27.728331400001967,85.36466770000092,19.57
yes,,27.72828352810361,85.36464438505534,64.35
yes,,27.72830495511991,85.364720760798,37.17
yes,,27.728102070708218,85.36492020639496,137.81
yes,,27.72812229806235,85.3648041535169,183.72
yes,,27.72796611845941,85.36501952205896,87.39
yes,,27.72789745172466,85.36502098048477,75.45
yes,,27.727335696430682,85.3640507826901,71.99
yes,,27.727413639251367,85.36403962569382,30.78
yes,,27.727707149994398,85.36408119999781,123.93
yes,,27.728001999998963,85.36425945000018,39.39
yes,,27.72804896799907,85.36412826845815,103.77
yes,,27.727982075174037,85.36411321395289,86.74
yes,,27.72791540168168,85.36411956792095,103.65
yes,,27.72764744783521,85.36444294321257,35.1
yes,,27.72745730046352,85.36377633886909,42.57
yes,,27.727485937452652,85.36386848694029,160.06
yes,,27.727603496544884,85.36383480790002,141.03
yes,,27.727688558613114,85.36383325547172,151.61
yes,,27.727785958448994,85.36384922333396,199.84
yes,,27.727886247196366,85.36385794794029,172.55
yes,,27.72798735934502,85.36384778317559,232.65
yes,,27.728102200018768,85.36385199999977,241.16
yes,,27.72833976126428,85.36387372416453,173.89
yes,,27.728272828546004,85.36387117736658,121.21
yes,,27.72881095799623,85.36386388050892,108.23
yes,,27.728868861839995,85.3639254884151,123.84
yes,,27.7287373305048,85.36441814375273,70.65
yes,,27.728810214690828,85.36453217606129,232.48
yes,,27.728946787682773,85.36460109120833,134.97
yes,,27.728885782625273,85.36470716427728,319.03
yes,,27.728651955030823,85.36433101468243,133.58
yes,,27.72956201413469,85.36625184147331,48.09
yes,,27.729672451542314,85.36632582170336,196.3
yes,,27.729573299997753,85.36579054999973,85.27
yes,,27.72924259347332,85.36571563489368,105.8
yes,,27.729181461532338,85.36562920071924,177.6
yes,,27.729346062011917,85.36592631207775,75.98
yes,,27.72930683889692,85.36605545914907,39.51
yes,,27.72937073114676,85.36600268404614,105.91
yes,,27.729140600316935,85.36586139452166,49.7
yes,,27.729102691952956,85.3657974936785,64.05
yes,,27.72918155611088,85.36605508815471,162.54
yes,,27.729171405069913,85.3659344186292,49.78
yes,,27.7285382500014,85.36552824999833,28.82
yes,,27.727594614189865,85.36612723845683,130.64
yes,,27.727514450008982,85.36619579999929,43.14
yes,,27.728353231964828,85.366400081639,18.13
yes,,27.72849851740195,85.36637586222179,43.75
yes,,27.728408658846607,85.36523000400788,43.24
yes,,27.72847874999742,85.36523539999466,48.98
yes,,27.72835641201414,85.36519747271961,28.1
yes,,27.7283048498647,85.36517197533746,33.09
yes,,27.729153300000174,85.36445179999676,55.6
yes,,27.72916660000493,85.36433080000077,64.36
yes,,27.729234160225616,85.3643621226956,95.51
yes,,27.729099411616513,85.36429438014116,50.16
yes,,27.72903068605398,85.36447650367687,86.67
yes,,27.729068809351123,85.36438880704077,85.1
yes,,27.729359314208576,85.36391915118779,42.88
yes,,27.72918096982397,85.36415981814366,69.52
yes,,27.729208700003085,85.36409319999865,68.24
yes,,27.729223796344286,85.3640226049077,56.69
yes,,27.72908120000466,85.36407204999692,128.07
yes,,27.729644066634737,85.3641157995899,19.99
yes,,27.72969989875721,85.36410345249703,69.88
yes,,27.729366961802846,85.36482882829691,16.2
yes,,27.72940463937378,85.36501461789064,85.53
yes,,27.72821014666874,85.36387012340174,121.01
yes,,27.728199654654713,85.36411962443361,74.9
yes,,27.727845650012735,85.36409959999897,64.62
yes,,27.727616954166756,85.36407367670877,31.49
yes,,27.727465275924263,85.36422186473904,71.04
yes,,27.729381105451033,85.36451523726505,104.79
yes,,27.72939594677065,85.36440213826808,90.07
yes,,27.729447797316183,85.36452185838081,68.04
yes,,27.72963470059079,85.36442863501802,65.59
yes,,27.729288100002325,85.36479894999951,51.53
yes,,27.729338109787825,85.36469994006825,121.56
yes,,27.729425451964588,85.36470155698544,104.04
yes,,27.729512434193257,85.36474133760896,114.09
yes,,27.72955759901824,85.36464278793274,83.73
yes,,27.72960937467324,85.36458696193452,95.1
yes,,27.729360805307564,85.36489006809342,190.65
yes,,27.72928689999675,85.36499924999649,131.56
yes,,27.72931007286407,85.36514137678999,134.83
yes,,27.729453637011883,85.36567997730461,140.5
yes,,27.729592407220817,85.36610226831804,122.69
yes,,27.729682350003316,85.36594939999785,72.18
yes,,27.729667099213163,85.36580640643591,64.11
yes,,27.729668906760217,85.36533717882925,68.51
yes,,27.7296975500097,85.36503919999929,102.04
yes,,27.72959691354439,85.36503834709383,101.25
yes,,27.729615963200985,85.36488781226095,88.29
yes,,27.729542162908533,85.36518573624026,75.35
yes,,27.729577210470257,85.3653084473169,118.23
yes,,27.729482835074514,85.36527196324552,83.17
yes,,27.72940985000364,85.36522239999665,73.75
yes,,27.72929227795996,85.36553726047516,203.58
yes,,27.729170749124666,85.36537649841712,222.31
yes,,27.729051183682795,85.36522467063097,50.57
yes,,27.729010043265653,85.35589094674532,66.89
yes,,27.729059298430013,85.35593354965512,48.18
yes,,27.72891505921999,85.35571600639751,110.71
yes,,27.728990001916262,85.35578178304763,67.21
yes,,27.729065750006,85.355712800003,73.27
yes,,27.728930299279273,85.35558426930712,89.28
yes,,27.728945220746336,85.35601710601888,142.9
yes,,27.728888750010913,85.35588590000242,108.62
yes,,27.72901086930334,85.355634086348,70.59
yes,,27.729048310700232,85.35554016896256,24.68
yes,,27.729006700003723,85.35549240000248,42.38
yes,,27.728923222084287,85.35540093732068,128.81
yes,,27.72896720000558,85.3552519000015,37.37
yes,,27.728895500667438,85.35523445476018,61.7
yes,,27.728813900005118,85.35481190000274,41.86
yes,,27.72879542194065,85.35490717564178,65.71
yes,,27.728864738833945,85.35508957573279,64.7
yes,,27.728853374182595,85.35500434404649,87.42
yes,,27.72886793502392,85.35490207195257,75.34
yes,,27.728954999150087,85.3545830500319,73.9
yes,,27.728895696672872,85.35455131883559,77.02
yes,,27.728864507086197,85.35463057650496,56.19
yes,,27.728995650027827,85.35468684966358,66.55
yes,,27.729027730841384,85.35460749123818,73.69
yes,,27.729014100005937,85.35479380000376,42.27
yes,,27.728969095531575,85.3547773944194,57.06
yes,,27.7289163500384,85.35475317203746,69.02
yes,,27.728703592552986,85.35462901831986,122.88
yes,,27.72856106854775,85.3551484526797,432.31
yes,,27.728417801568934,85.3553301475246,321.63
yes,,27.72827908445485,85.35532811773271,529.04
yes,,27.72818015714942,85.35504617223606,56.01
yes,,27.728289500753423,85.35499379912343,153.5
yes,,27.728279681191353,85.35508081899634,146.75
yes,,27.728276530850255,85.35475180222991,56.53
yes,,27.728532350008486,85.35486705000491,36.56
yes,,27.728608459621253,85.3549145196613,89.19
yes,,27.72865525000473,85.3548047499954,160.0
yes,,27.72819019289294,85.35415077529973,118.44
yes,,27.728320477473012,85.3541672428051,157.06
yes,,27.728408650000578,85.35445569999028,104.92
yes,,27.72841320001126,85.35458220000547,60.08
yes,,27.728312457988054,85.35458584005826,87.73
yes,,27.72824762822077,85.35454036237677,77.03
yes,,27.72825142069505,85.35437203465744,369.54
yes,,27.7284214506365,85.35433859993587,77.16
yes,,27.72852381577291,85.35423628539328,122.34
yes,,27.72845063256279,85.35421071485811,82.13
yes,,27.72847657687096,85.35436686520244,62.43
yes,,27.72851332362654,85.35447127189103,24.45
yes,,27.72853733476548,85.35440577029041,72.17
yes,,27.7285583795053,85.35451583900236,55.59
yes,,27.728512040364837,85.35462432040613,46.18
yes,,27.72858682744371,85.35464219575832,101.66
yes,,27.728617832321806,85.35442527146347,88.18
yes,,27.728694705405378,85.35445613014546,92.81
yes,,27.728828082645887,85.35448754506572,89.08
yes,,27.728676060234147,85.35427757902612,127.58
yes,,27.728730665814542,85.3542990785782,65.0
yes,,27.729073300002216,85.35422874998886,80.64
yes,,27.72894714703979,85.35409621790588,121.14
yes,,27.728874750004483,85.35377069999528,106.32
yes,,27.72873793252833,85.35404868654416,124.99
yes,,27.728723200001433,85.35391880000041,76.4
yes,,27.728685555511515,85.35380093091916,110.3
yes,,27.728563000006876,85.35375555000073,98.93
yes,,27.72854245001515,85.35389265004886,99.95
yes,,27.72850252611246,85.35398895748176,190.19
yes,,27.72838023696006,85.35369827413861,45.45
yes,,27.728443994007453,85.35363939940281,30.67
yes,,27.72849035915961,85.35368798237947,78.9
yes,,27.72843635877203,85.35379424135904,102.17
yes,,27.728336553476268,85.35378023487411,112.72
yes,,27.728330450521092,85.35388501867158,146.07
yes,,27.72834622528968,85.35404340756257,109.53
yes,,27.728229045632382,85.35401073329993,52.7
yes,,27.728230986948198,85.35389365571534,133.88
yes,,27.728229601897564,85.35378259812889,84.2
yes,,27.728259434955035,85.35367921808546,103.14
yes,,27.728272143965807,85.35357657354594,95.91
yes,,27.72829045000706,85.35343669999988,77.94
yes,,27.72838410768463,85.35352349219636,83.49
yes,,27.728459800003407,85.3535533499988,71.2
yes,,27.728546462832835,85.35358190661552,92.72
yes,,27.728510133234863,85.35345781779013,125.92
yes,,27.728412400003705,85.35342739999962,63.94
yes,,27.72864710000517,85.35349730000078,67.62
yes,,27.729054650013126,85.35372635000748,132.46
yes,,27.728930521234275,85.35346554129025,56.86
yes,,27.72887817608472,85.35361056211326,129.25
yes,,27.72821728499196,85.35595994458768,125.9
yes,,27.72871027593874,85.3556048438475,87.66
yes,,27.728619549993336,85.35550335000173,64.57
yes,,27.72874955000105,85.35549900000403,139.53
yes,,27.728748799998066,85.35540585000358,62.16
yes,,27.728731050003717,85.3553078500005,90.62
yes,,27.728657490638785,85.35536235828671,48.16
yes,,27.728600328736032,85.35540892440358,61.04
yes,,27.72851242593575,85.35547156077278,101.4
yes,,27.728557571028094,85.35560725051143,199.69
yes,,27.728428501283332,85.35554973346692,58.33
yes,,27.728371799910327,85.35563823740077,132.01
yes,,27.728296007988718,85.35573789767034,160.9
yes,,27.72839137227666,85.35576146169568,53.66
yes,,27.728453137166174,85.35580984405262,128.66
yes,,27.728497807018712,85.355869186442,51.87
yes,,27.728337623763466,85.35587659263958,89.21
yes,,27.728418618113956,85.35600992129234,121.15
yes,,27.728481330813302,85.35603135185424,66.53
yes,,27.728567091076215,85.35598663190657,138.72
yes,,27.728622654973314,85.35577231952499,172.88
yes,,27.728662374895542,85.355873852981,150.29
yes,,27.728679957786373,85.35600114875749,115.5
yes,,27.729166784397513,85.37224595959921,68.84
yes,,27.72911806582505,85.37230021639168,71.46
yes,,27.729192315124237,85.37237889473336,67.21
yes,,27.72925246211219,85.37232711535373,96.21
yes,,27.729153550017003,85.37202470005387,128.94
yes,,27.729060614264522,85.37253194168437,89.98
yes,,27.72911808992171,85.372610041723,243.61
yes,,27.728970133375284,85.3724098141793,123.83
yes,,27.7290185701131,85.37248016404055,98.19
yes,,27.72896505108778,85.37231488955581,126.31
yes,,27.728770817087575,85.37202076229562,81.02
yes,,27.728810182968044,85.37208905158106,69.37
yes,,27.72886974245829,85.37215818813344,75.47
yes,,27.72890377414055,85.37221800115371,137.65
yes,,27.7290817052188,85.37219014213518,70.16
yes,,27.72900649527025,85.37217104430513,47.49
yes,,27.729170226532776,85.37215141999067,71.39
yes,,27.729215237946182,85.37288224282602,136.29
yes,,27.72914999185026,85.37278193831378,144.11
yes,,27.729303534576058,85.37281391923538,65.59
yes,,27.729263560621547,85.37269312817462,300.28
yes,,27.72931541908691,85.3725757699739,65.74
yes,,27.729267696636832,85.3730524641171,134.65
yes,,27.72937723019848,85.37300624106368,19.08
yes,,27.729620054677177,85.37317300514269,178.18
yes,,27.729544945945673,85.37310273479258,179.44
yes,,27.729721080478704,85.37332407362824,71.62
yes,,27.729644097095207,85.3733951809369,123.19
yes,,27.72957480000598,85.37346054998284,77.25
yes,,27.72940940000691,85.37215180000395,114.53
yes,,27.7292306173615,85.3722155818633,38.87
yes,,27.729322674872115,85.37191938073722,79.07
yes,,27.729554500005737,85.37192829999915,93.26
yes,,27.729570651015617,85.37223632463181,109.56
yes,,27.729473980716033,85.37206843083176,84.31
yes,,27.72966570001141,85.37280770000487,112.71
yes,,27.72959457821529,85.37277109766842,116.42
yes,,27.729558031752678,85.37291235724925,111.46
yes,,27.72947412254296,85.37367939926247,212.86
yes,,27.729559412277936,85.37377600631484,202.17
yes,,27.729677932688897,85.37384829167334,68.2
yes,,27.729580536421764,85.37390573570606,144.19
yes,,27.729421650000937,85.37395280000224,147.89
yes,,27.729692174918863,85.37391495315494,10.6
yes,,27.72909338139204,85.3738256824514,132.45
yes,,27.729193197834846,85.37382894685722,122.09
yes,,27.729329991280462,85.37380364756835,236.98
yes,,27.729161891630323,85.37407476899426,67.99
yes,,27.72919234073381,85.37397377898436,97.36
yes,,27.729067089399145,85.37403898035687,314.34
yes,,27.72913986947549,85.37413169743972,95.21
yes,,27.729103041747102,85.37369878507434,145.13
yes,,27.729199864736756,85.37359949933507,149.98
yes,,27.729319854777348,85.37367844065707,162.63
yes,,27.72920984021934,85.37370755353966,84.94
yes,,27.72936470297934,85.37354601654559,92.94
yes,,27.729305123317026,85.3734720053169,126.12
yes,,27.729254250332666,85.37339110194206,112.37
yes,,27.729203924602846,85.37330632014783,139.13
yes,,27.729092860314452,85.37325124637057,90.34
yes,,27.729172474327893,85.37321378386964,87.07
yes,,27.72889505000057,85.37312340000027,15.79
yes,,27.728845667241647,85.37321327511918,41.09
yes,,27.72883707974029,85.37316240414702,42.36
yes,,27.728939047391687,85.37375020984719,139.53
yes,,27.72892043932744,85.37363322395417,104.96
yes,,27.728945726273125,85.37345751314928,238.86
yes,,27.72887969856565,85.3732918737653,168.59
yes,,27.72867028540354,85.37330292950895,77.5
yes,,27.72870435889248,85.37342532542355,229.68
yes,,27.728961963626645,85.37324898850731,32.7
yes,,27.728149555965672,85.35380578780676,100.26
yes,,27.728145209159443,85.3539541973579,97.97
yes,,27.727715201000997,85.35604297724714,49.8
yes,,27.72763980343211,85.35598477759059,66.83
yes,,27.727525400006087,85.35589119996789,219.78
yes,,27.727528789355166,85.35606731324403,66.87
yes,,27.727395300003707,85.35607394999224,91.03
yes,,27.727433342623197,85.35595734507146,131.5
yes,,27.727402300004016,85.35572879999641,83.65
yes,,27.727668652266733,85.35570206766259,175.93
yes,,27.72741136939158,85.35540905458444,115.5
yes,,27.72778060001826,85.35572215000812,105.65
yes,,27.727990919438177,85.35564111701376,49.61
yes,,27.727893597037674,85.35559984782009,114.03
yes,,27.727818593940384,85.35557674276448,54.43
yes,,27.727653792168574,85.35553431873858,61.73
yes,,27.727675909926717,85.35545510070995,73.89
yes,,27.727761270573758,85.35538890999972,64.52
yes,,27.727756731005197,85.35554738702936,69.31
yes,,27.72797332481343,85.3554852191613,100.62
yes,,27.727901680380416,85.35544581156016,74.75
yes,,27.727950149993102,85.35585699998245,219.09
yes,,27.727985499846152,85.35575765279698,209.64
yes,,27.728095547195622,85.35569189747507,112.34
yes,,27.728116746665997,85.35560685579459,93.27
yes,,27.727929223240995,85.35515936738373,127.23
yes,,27.728011196292083,85.35528912128855,66.35
yes,,27.728087396110823,85.35517880342438,183.03
yes,,27.728095421418267,85.35491615718047,137.05
yes,,27.727946470764625,85.35501570677874,108.03
yes,,27.727978219918743,85.35486881317121,210.46
yes,,27.728074356526623,85.35448383994715,75.81
yes,,27.728098439410587,85.35466142715917,113.51
yes,,27.728151200002078,85.35477764999992,41.8
yes,,27.7280064500046,85.3546990999992,108.19
yes,,27.727697250012906,85.35410440000078,88.44
yes,,27.72771652161866,85.35422075120785,76.07
yes,,27.72767990000622,85.3544414500024,38.36
yes,,27.727757455435274,85.35433707588143,124.12
yes,,27.72776267393046,85.35445641482009,43.65
yes,,27.727816232662324,85.35448728825808,72.62
yes,,27.72796015000051,85.35449259999837,180.69
yes,,27.72787165000319,85.35436369999984,110.37
yes,,27.727908009820126,85.35423258676404,143.87
yes,,27.72793364349017,85.35413316900629,119.07
yes,,27.727831025891646,85.35485192226142,119.33
yes,,27.72767970000755,85.35463095000058,93.59
yes,,27.727603005083605,85.35461234500903,108.9
yes,,27.727639728682398,85.35513919148387,177.1
yes,,27.727534750005457,85.35513324999913,108.71
yes,,27.72754937403726,85.35500703772549,148.45
yes,,27.727372200009636,85.35509919999997,141.66
yes,,27.727394968848117,85.35488873855991,155.54
yes,,27.72733190012875,85.35468129941373,173.33
yes,,27.72741791505493,85.35469863714147,106.77
yes,,27.727311101219755,85.35457085034429,64.31
yes,,27.72742744081287,85.35456627085615,108.01
yes,,27.727329000008943,85.35443920000273,107.99
yes,,27.727255815681282,85.35440267818824,103.63
yes,,27.72738135000485,85.35411764998973,111.45
yes,,27.727316900003746,85.3542622000031,40.69
yes,,27.72730633118959,85.35416786412735,45.68
yes,,27.727384452608906,85.35422344358778,58.9
yes,,27.727553606661942,85.35442052879593,128.47
yes,,27.727438733825075,85.35434699597897,98.26
yes,,27.72753318100829,85.35429914418529,73.42
yes,,27.727554296327988,85.35412703729786,45.43
yes,,27.727566600002778,85.3540320999969,98.17
yes,,27.727420810207697,85.35400513215166,101.91
yes,,27.728153598064818,85.35296569079897,67.71
yes,,27.72815415000179,85.35367645000002,70.44
yes,,27.72800117438037,85.35322440890077,76.24
yes,,27.7279956967009,85.353307400907,75.2
yes,,27.72800430525734,85.35339762967264,68.58
yes,,27.72791067609886,85.35395733555949,166.24
yes,,27.727899448184907,85.35383763954665,78.99
yes,,27.727953702128953,85.35374829198713,155.85
yes,,27.727929075911327,85.35365764370655,106.28
yes,,27.727942186692484,85.35357607522562,98.28
yes,,27.727950550719374,85.35349254574044,115.71
yes,,27.727809544807638,85.35372725717019,62.19
yes,,27.727815000875648,85.35363109051463,147.52
yes,,27.72783929433639,85.35350226832371,120.26
yes,,27.72785670634935,85.35338792766336,99.2
yes,,27.727904269513363,85.35325731958773,98.44
yes,,27.727953339503106,85.35311310213035,90.59
yes,,27.72784893512176,85.35318777958965,180.64
yes,,27.727793364455795,85.3529896655018,125.01
yes,,27.727729093315773,85.35305535034882,127.48
yes,,27.72768456481963,85.35311804428491,88.08
yes,,27.727629125531923,85.35324489236545,58.85
yes,,27.7276243662565,85.35336066005382,92.07
yes,,27.72762456830333,85.3534591096459,54.44
yes,,27.727613050000667,85.35352554999778,65.88
yes,,27.72760415257084,85.35360143754387,81.02
yes,,27.727455259821735,85.3538254285292,124.35
yes,,27.727471188439733,85.35373902122824,106.33
yes,,27.727521800004986,85.35349069999785,121.17
yes,,27.72733834758889,85.35379135260288,71.09
yes,,27.72735624999929,85.35370734999753,54.46
yes,,27.72739279337027,85.3535141142497,99.63
yes,,27.72739957462815,85.35342114926634,86.73
yes,,27.727372733357623,85.35288776664962,70.43
yes,,27.7273387000004,85.35305089999756,133.09
yes,,27.727441489065438,85.35317134807435,135.56
yes,,27.72753516699364,85.35312865445866,127.17
yes,,27.728651915701438,85.37401958629438,167.78
yes,,27.72862378887424,85.37416239921887,66.36
yes,,27.728691534228407,85.37415261774296,87.97
yes,,27.728425476906,85.37394219436325,57.49
yes,,27.72849994231914,85.37394217296414,21.93
yes,,27.72806758231296,85.37320902197828,80.11
yes,,27.72803214460206,85.37313336942645,59.12
yes,,27.727981145513027,85.37362935650728,70.23
yes,,27.72807338171519,85.37367352826453,74.15
yes,,27.72802145732921,85.37364909837629,46.35
yes,,27.727684305642423,85.37345961127296,106.02
yes,,27.727729168881044,85.37339723063512,68.13
yes,,27.72779454932868,85.37336681447299,148.33
yes,,27.72776294521848,85.37320481477636,84.95
yes,,27.727746969752445,85.37376785084663,192.51
yes,,27.727822837610212,85.37362245660991,107.02
yes,,27.72760597940721,85.37343028386839,93.36
yes,,27.727347426828107,85.37342247950095,41.15
yes,,27.727542388571194,85.37323773242687,101.8
yes,,27.72771835808711,85.37324271853181,37.9
yes,,27.727677487900756,85.3732571449188,50.22
yes,,27.72762446652522,85.37330600776907,25.34
yes,,27.727634077758484,85.3737456708166,41.25
yes,,27.72761657774717,85.37379156366573,39.05
yes,,27.727921050211194,85.37304948357034,37.95
yes,,27.727843399460088,85.37306229954238,60.13
yes,,27.727861701839156,85.37313780230176,104.88
yes,,27.72797299999919,85.37328065000872,42.54
yes,,27.72790414604573,85.37332120125939,37.52
yes,,27.72787651517214,85.37325242308454,42.22
yes,,27.727943050187736,85.37322049984773,77.26
yes,,27.727954314826725,85.37207505808804,154.95
yes,,27.727948664812025,85.37192891733343,100.51
yes,,27.727872513989315,85.37199965384558,125.21
yes,,27.728019117490117,85.3720984258842,49.28
yes,,27.727826081338364,85.37208832336036,33.37
yes,,27.727881604036277,85.37211460225457,58.79
yes,,27.727637382786618,85.37229134764426,56.41
yes,,27.72816860000724,85.37350414999928,125.06
yes,,27.72809251726958,85.37331416470724,65.66
yes,,27.728806131381305,85.37414128156126,64.08
yes,,27.729044002405622,85.37442682905413,81.71
yes,,27.729053684427612,85.37429202509887,90.8
yes,,27.72937543110047,85.37408938671149,55.75
yes,,27.7293710039652,85.37417872662753,26.96
yes,,27.72930402563791,85.37416739054035,47.5
yes,,27.72920542674609,85.3743413492378,4.74
yes,,27.729128191521756,85.37434691866193,88.05
yes,,27.72928733265955,85.37427816225821,0.28
yes,,27.727665586834163,85.35758869001431,102.61
yes,,27.727514837842484,85.35739880916941,54.52
yes,,27.727497639714564,85.35725523665461,72.79
yes,,27.72740429828503,85.35713936159112,150.87
yes,,27.727868826208198,85.35727320892931,143.57
yes,,27.727872752025636,85.3573745040538,105.07
yes,,27.72778843846021,85.356969384008,80.9
yes,,27.72784218293956,85.35702956490907,98.3
yes,,27.7278950626488,85.35708259073458,63.09
yes,,27.727995600000575,85.35715834999758,139.3
yes,,27.728098700192913,85.3572825522068,139.22
yes,,27.728077265965986,85.3574321016864,83.13
yes,,27.728006750005573,85.357357500001,88.3
yes,,27.728125077481533,85.35797943563816,98.75
yes,,27.727995632697137,85.35780535237404,56.25
yes,,27.72803586160753,85.35768832809681,163.03
yes,,27.72791124998372,85.35757290002103,233.56
yes,,27.72764550502285,85.35700993051789,46.04
yes,,27.727690687343106,85.35703870230628,42.58
yes,,27.727734850001813,85.35708649999808,52.81
yes,,27.727739116036062,85.35721596950097,95.75
yes,,27.727716681952373,85.35733961530666,115.32
yes,,27.727667461156432,85.35726760646999,57.48
yes,,27.72763889613506,85.35722089733221,44.45
yes,,27.72762748745821,85.35714952301949,105.37
yes,,27.727571397008244,85.35708633334828,122.94
yes,,27.727483580771647,85.3569335253466,235.77
yes,,27.727612756393064,85.35666093179087,56.25
yes,,27.728065051501446,85.35659068652683,91.81
yes,,27.727999201899294,85.35653400370146,84.24
yes,,27.72809015001121,85.3567634500159,103.94
yes,,27.727892980011934,85.35658746837316,115.66
yes,,27.727826618944032,85.356509788014,96.33
yes,,27.727893430120435,85.35642740112134,111.76
yes,,27.72781188424335,85.35634320346975,113.7
yes,,27.728048397177893,85.35637801595804,76.69
yes,,27.728096213470344,85.356325294679,83.4
yes,,27.72794560000206,85.3562965499982,35.47
yes,,27.72796940434878,85.35620683249202,91.34
yes,,27.728130950003756,85.35619624999535,89.9
yes,,27.72801535000049,85.35610634998241,100.5
yes,,27.727498342961407,85.35612231590552,51.89
yes,,27.727641834771955,85.35610367928827,74.13
yes,,27.727643534101404,85.35622640320884,97.44
yes,,27.727573114382842,85.35632075755173,144.92
yes,,27.72755347968889,85.35641457479855,31.7
yes,,27.72742749884385,85.35669580253224,97.57
yes,,27.727506834210985,85.35652408663688,158.0
yes,,27.72744766653647,85.35635699941672,97.76
yes,,27.727372147178247,85.35618429841888,70.55
yes,,27.72745030426537,85.35619181696835,76.34
yes,,27.727693594562442,85.37410826664991,142.45
yes,,27.727638265538218,85.37416880308373,65.97
yes,,27.72813695000234,85.37406359999726,109.26
yes,,27.728047884056107,85.37403021935835,95.55
yes,,27.727389059133287,85.3579719440883,91.87
yes,,27.727450743896465,85.35797630334966,92.84
yes,,27.727510620098986,85.35798489196664,80.65
yes,,27.727569978543826,85.35798748669048,85.66
yes,,27.72763995001004,85.3579928999997,110.93
yes,,27.72739693530348,85.35810481427939,72.69
yes,,27.72747586331963,85.35811001112,96.34
yes,,27.727585030204295,85.35812199261123,180.32
yes,,27.72771006767507,85.35816679334467,104.41
yes,,27.727791551373254,85.35805607218532,189.23
yes,,27.72781830535977,85.3582403735906,89.56
yes,,27.727903978580066,85.35812965763233,104.51
yes,,27.72800055817289,85.35814659769376,129.9
yes,,27.72790341505883,85.35797987634237,160.69
yes,,27.72776931999655,85.35779114610577,280.22
yes,,27.727634503849725,85.3576938343325,126.3
yes,,27.72762293795917,85.35784869679946,161.02
yes,,27.727480703052535,85.35780320200853,271.33
yes,,27.727494316043234,85.35764780143903,271.89
yes,,27.728053008565468,85.37434280753972,59.36
yes,,27.728005913596455,85.37430300565262,69.8
yes,,27.727946585131985,85.37425919293325,63.87
yes,,27.72804546284291,85.37417905082648,86.25
yes,,27.728137610103904,85.37438852960078,90.87
yes,,27.72812874834786,85.37429113726012,66.96
yes,,27.728218259340622,85.37432316093823,131.01
yes,,27.72834214469897,85.3743715374484,161.36
yes,,27.72818571667974,85.37422457502332,63.21
yes,,27.72821055000782,85.37445135000227,85.63
yes,,27.728409601711842,85.37453799405347,186.59
yes,,27.72847181905394,85.37467991985294,195.79
yes,,27.728281085615755,85.3745631049145,82.49
yes,,27.728274175778594,85.37466013674533,93.27
yes,,27.72818221976471,85.37473432664028,84.11
yes,,27.728180376963127,85.3746461919925,45.76
yes,,27.728085462109416,85.37461875161983,80.43
yes,,27.728179424477442,85.37456880809604,69.59
yes,,27.728108550000513,85.37446064999955,18.81
yes,,27.728111526841342,85.37452182897825,57.77
yes,,27.72801415221608,85.37468524442838,54.88
yes,,27.72828808453709,85.37426614099195,51.05
yes,,27.727817050000954,85.37470835000036,25.45
yes,,27.727283400012997,85.35338040000424,66.13
yes,,27.727224637966557,85.35336655924165,101.53
yes,,27.72714255000371,85.35334299999934,80.12
yes,,27.72631562554,85.35288777899558,160.35
yes,,27.725998014516296,85.35282178458495,82.82
yes,,27.727246100001288,85.35392884998925,87.44
yes,,27.72722270980372,85.35398298304143,78.51
yes,,27.727207110999892,85.3540174498228,63.5
yes,,27.727184627757108,85.35414382390861,119.05
yes,,27.727051524541693,85.35410679150706,99.03
yes,,27.726899450007895,85.35412819999937,93.54
yes,,27.72688694709395,85.3540448244635,59.15
yes,,27.72687914544932,85.35398971050734,64.34
yes,,27.72685235000007,85.35392874999981,50.29
yes,,27.72684451541708,85.35386646585496,57.38
yes,,27.726768250005122,85.35395199999917,81.64
yes,,27.726738024789217,85.35389191562686,47.04
yes,,27.726781000006163,85.35408045000197,68.84
yes,,27.72669300733022,85.35410654580005,93.51
yes,,27.7265670080036,85.35335007412742,60.99
yes,,27.72659609803226,85.35348287571814,53.88
yes,,27.72668061727001,85.35350453857934,61.97
yes,,27.726738904344167,85.35347431333105,46.71
yes,,27.7266822999978,85.35333415000062,46.59
yes,,27.72656165000515,85.35394294999512,94.56
yes,,27.72649294431867,85.35388839782154,77.12
yes,,27.726446950004735,85.35384165000444,53.63
yes,,27.726391892702352,85.3537958415365,87.96
yes,,27.726427098795607,85.35356892086189,98.47
yes,,27.726148268238013,85.35407752539726,149.64
yes,,27.72639934942152,85.35402230151263,130.47
yes,,27.72616705506962,85.35373201408022,99.99
yes,,27.726194784617412,85.3535841051622,156.13
yes,,27.726365919298175,85.35346268151889,145.1
yes,,27.726406081363677,85.35334409523898,121.27
yes,,27.726449230662414,85.35340875974724,67.11
yes,,27.72629855549622,85.35336201874607,82.37
yes,,27.726030055523914,85.35340033310393,116.78
yes,,27.72622057670402,85.35331678766217,120.67
yes,,27.726313383517674,85.35325159492366,151.65
yes,,27.726295600002754,85.35305494999062,40.5
yes,,27.7268218235118,85.35353825518689,199.95
yes,,27.726806082848096,85.35340757293893,114.5
yes,suryendra House,27.726851443401898,85.35334857021947,90.16
yes,,27.726854390127343,85.35322747857423,178.94
yes,,27.726895150003365,85.35297619999983,87.09
yes,,27.72686647515206,85.35287721324771,151.23
yes,,27.726802370321366,85.35303700498005,87.62
yes,,27.726652250004488,85.35307004999241,40.85
yes,,27.726460450003618,85.35318410000907,72.48
yes,,27.726403400003626,85.35313220000329,57.16
yes,,27.727072654292737,85.3537383723623,62.69
yes,,27.7270302748276,85.35327575844042,137.79
yes,,27.727023190446854,85.35337817179195,54.14
yes,,27.727017863702645,85.35345713031474,83.47
yes,,27.72700410031632,85.35354300155421,111.07
yes,,27.726993951682672,85.35366917585995,189.98
yes,,27.727028773182383,85.35307320172139,117.01
yes,,27.72721964965615,85.35285664956616,121.65
yes,,27.728710295271874,85.37045999971586,49.66
yes,,27.72789415000631,85.37100109999255,60.7
yes,,27.7284069655929,85.36954450412904,122.97
yes,,27.727896232993405,85.36957355075397,291.05
yes,,27.727996907942583,85.36986677503882,77.82
yes,,27.72789965000629,85.369979650013,162.18
yes,,27.728920912865732,85.3719066098274,181.74
yes,,27.72885570000415,85.37182560000976,42.54
yes,,27.729006727042417,85.37180130102202,107.78
yes,,27.729712368682097,85.37100524159494,232.92
yes,,27.72924545341053,85.37069958161742,742.15
yes,,27.72962298018113,85.37014741058283,106.28
yes,,27.729012250000665,85.37058399997028,193.49
yes,,27.729073327596176,85.37046138679675,406.59
yes,,27.728337599999115,85.37069560001382,89.25
yes,,27.728452383986244,85.37072487210244,483.25
yes,,27.7284463649104,85.37049426370778,54.61
yes,,27.72827463938249,85.37053963664529,66.27
yes,,27.728575792019434,85.37150136027272,151.77
yes,,27.72821940717482,85.37005389777374,200.79
yes,,27.728312480286743,85.3699560827895,191.46
yes,,27.72843910440427,85.37013231050781,256.16
yes,,27.728909417821896,85.36993245203189,1223.27
yes,,27.729596614234207,85.36979300262766,80.13
yes,,27.729407058881392,85.3693392449732,87.53
yes,,27.729505884665066,85.36959680182507,68.22
yes,,27.729113458701303,85.36952419270497,73.55
yes,,27.728695842111225,85.36936818250233,102.65
yes,,27.72840495000132,85.3693982499999,21.85
yes,,27.728280315446355,85.36939967156404,17.94
yes,,27.727711000006867,85.36948619999161,50.27
yes,,27.727552122230925,85.36954367941054,54.18
yes,,27.727508033685478,85.36940256047657,43.71
yes,,27.72751208511979,85.36973807957811,143.23
yes,,27.727459810226268,85.36963656287509,148.93
yes,,27.727584150001594,85.37046589999795,28.74
yes,,27.727432506468492,85.37066284738398,84.13
yes,,27.727841680680896,85.37076858018881,134.17
yes,,27.72968595873982,85.37188387377772,43.72
yes,,27.729671300498616,85.37179694014057,115.9
yes,,27.72946052089772,85.37154069023838,115.8
yes,,27.72935142062712,85.37166694154504,107.51
yes,,27.728753534344317,85.3712449607717,142.05
yes,,27.728489283975197,85.37126664768064,81.18
yes,,27.728644432625977,85.37108700059072,219.78
yes,,27.728601709215592,85.37097775347739,125.68
yes,,27.728138716742578,85.37179627591004,101.65
yes,,27.728008550888067,85.37171809915073,84.52
yes,,27.728002477024933,85.37150563984105,46.85
yes,,27.727424298855098,85.37170566697546,167.68
yes,,27.727646178493142,85.37181040894355,73.65
yes,,27.727745322363038,85.37185534032452,129.38
yes,,27.72769966231964,85.37171558072563,133.37
yes,,27.72788539239987,85.37136278293954,158.09
yes,,27.728198018403393,85.37099194479879,99.39
yes,,27.728159748683527,85.37090498658266,97.9
yes,,27.72812362330855,85.37083282668543,77.6
yes,,27.728090096024278,85.37072318476886,248.18
yes,,27.728039462488116,85.37058138876965,193.31
yes,,27.726182656217137,85.35488085004229,79.73
yes,,27.726081727035538,85.35525235676883,56.87
yes,,27.726126808010193,85.3551443333736,84.08
yes,,27.726202866593066,85.35523751410898,106.06
yes,,27.72615099082029,85.35539807908987,115.0
yes,,27.7262177000284,85.3545498499767,206.62
yes,,27.726268613868317,85.35502520482154,36.46
yes,,27.726317437901333,85.35494227619303,62.5
yes,,27.72631136192823,85.35507652897597,117.11
yes,,27.726236350002353,85.3549440000161,57.13
yes,,27.72649900767819,85.35504377378406,134.4
yes,,27.726545992790186,85.35513281689417,266.66
yes,,27.726568839334334,85.35527838722187,235.85
yes,,27.726626274184717,85.3554372793012,103.04
yes,,27.726724202628855,85.35545924080981,104.14
yes,,27.727099649998134,85.35449209998423,103.18
yes,,27.72702142638818,85.3542271402312,78.78
yes,,27.727052138013054,85.35437401958929,131.98
yes,,27.72714007159775,85.35428671590113,110.51
yes,,27.726904400003765,85.35453084999969,64.6
yes,,27.726776267033337,85.35465703705357,182.86
yes,,27.726757582680793,85.35479112772418,114.09
yes,,27.726739433668676,85.35488700392632,121.8
yes,,27.7267320999933,85.35496514999589,81.67
yes,,27.726723717443882,85.35504691614462,132.32
yes,,27.72690240000051,85.35487389999982,10.43
yes,,27.72699020000064,85.35491464999993,11.16
yes,,27.726951255611517,85.35488733079885,30.32
yes,,27.726888850003224,85.35497799999779,88.37
yes,,27.72686585000228,85.35506459999723,82.63
yes,,27.726849199997346,85.35512724999437,41.09
yes,,27.72682622657005,85.35518276184784,53.37
yes,,27.7267728627534,85.35527959896524,172.23
yes,,27.726869766082746,85.35530818484001,120.19
yes,,27.72694968209872,85.35535558849293,118.69
yes,,27.726950061737405,85.35511241131704,215.87
yes,,27.72702220003314,85.35518571639874,227.93
yes,,27.727109082536803,85.35505722589379,55.44
yes,,27.727112774481437,85.35493656298998,101.44
yes,,27.726920468196838,85.35471706917467,71.18
yes,,27.727272944800966,85.35501291775235,101.8
yes,,27.727240400215944,85.35508752296691,101.8
yes,,27.727246826257083,85.35466461565618,99.29
yes,,27.72725827948547,85.35422184239076,60.29
yes,,27.726786150007367,85.35422069999989,103.34
yes,,27.72686897563599,85.35424496888912,102.46
yes,,27.726788700003596,85.35436449999932,83.51
yes,,27.72687279092937,85.3543803234307,80.31
yes,,27.726624701940487,85.3546850533732,377.19
yes,,27.726557504712364,85.3544431175551,69.26
yes,,27.726677250002833,85.35450619999791,101.47
yes,,27.726700820017292,85.35421608438885,49.07
yes,,27.726619433327944,85.35416334995378,106.84
yes,,27.726632550014454,85.3543405999989,244.15
yes,,27.726380166645576,85.35418784994806,124.49
yes,,27.72628867936739,85.35429169146492,204.33
yes,,27.727034751103027,85.35460687042682,196.18
yes,,27.72972750000222,85.36702975000105,73.02
yes,,27.729736103904862,85.36712496416655,109.76
yes,,27.729571326855847,85.36717830562718,224.43
yes,,27.727590020034707,85.36932289706772,92.59
yes,,27.727595750002656,85.3692546999967,20.47
yes,,27.728793637216608,85.3674630948706,103.87
yes,,27.729076694317396,85.36754087849151,90.74
yes,,27.729718619571504,85.36824291114313,152.05
yes,,27.72961869915683,85.36810999305794,210.25
yes,,27.72970114999948,85.36856414999954,23.92
yes,,27.729661306418485,85.36867684398638,159.86
yes,,27.729573616460968,85.36883593752998,31.89
yes,,27.72950265002519,85.36917109999709,440.6
yes,,27.72948871203526,85.3689544070332,73.68
yes,,27.72958523806724,85.36895604455968,133.88
yes,,27.729427584534253,85.36874516883067,155.89
yes,,27.729348310027,85.36855310519985,93.88
yes,,27.7277729196298,85.36730846937262,126.1
yes,,27.72904886004608,85.36681339833926,149.36
yes,,27.72928077031947,85.36680658129163,121.35
yes,,27.72934940001904,85.36678879999035,129.31
yes,,27.728480731841653,85.36697247287627,213.88
yes,,27.728582163643864,85.36681634554837,171.79
yes,,27.72863466606028,85.36708671415634,215.52
yes,,27.728430509329147,85.36724146764892,153.83
yes,,27.728044938000995,85.36747286717976,919.86
yes,,27.728659825686556,85.36871043544546,133.64
yes,,27.7289197778389,85.36873155519584,95.95
yes,,27.729053150003963,85.36856589999431,114.46
yes,,27.729197093520117,85.36871466021157,162.64
yes,,27.72910191956144,85.36884550204212,45.09
yes,,27.729029856251273,85.36888897724768,30.36
yes,,27.72912065736091,85.36929824841114,69.17
yes,,27.72917642998253,85.36914572865635,231.29
yes,,27.72906067644846,85.36903404232989,92.4
yes,,27.729053527480612,85.36912497361621,97.48
yes,,27.72903381921595,85.3692328534619,100.25
yes,,27.72891974999973,85.36919914999795,60.48
yes,,27.728746649992786,85.36919759999562,73.33
yes,,27.72855350000292,85.36927439999948,83.05
yes,,27.728570653590026,85.36915879695194,171.46
yes,,27.728013247781554,85.36929760918859,202.26
yes,,27.728275760541493,85.36929050270591,120.85
yes,,27.728361300003,85.36897069999914,94.77
yes,,27.728317993712576,85.36915284873635,125.75
yes,,27.728423005436326,85.36912755137779,107.28
yes,,27.728444435552873,85.36898386044565,116.89
yes,,27.7282037346912,85.36896298662909,166.92
yes,,27.728139708031605,85.36905985038757,166.73
yes,,27.728098570923684,85.36889553275773,225.25
yes,,27.727969235317588,85.36883399344246,326.51
yes,,27.72778567372529,85.36871259866953,126.41
yes,,27.727871186250685,85.36878684528602,138.69
yes,,27.727930946542912,85.3692094408226,188.12
yes,,27.727943457402322,85.36903670012232,195.14
yes,,27.72773994597828,85.36929331594276,109.6
yes,,27.727660744569874,85.36917889036559,52.21
yes,,27.727834440657347,85.36930134113496,40.32
yes,,27.72778778527851,85.36918976917333,137.83
yes,,27.727359000005475,85.36911639999755,75.9
yes,,27.72747950518122,85.36918373163537,37.2
yes,,27.727517802279856,85.36915656788719,33.81
yes,,27.727588954454266,85.36912659198862,60.73
yes,,27.727490300001772,85.36897550000252,32.29
yes,,27.72754299773268,85.36904367814203,102.68
yes,,27.727648785228542,85.36896216991279,209.96
yes,,27.72750542424135,85.36885206644071,86.77
yes,,27.727529988062035,85.36872993084862,155.66
yes,,27.727555040746825,85.36858302988517,49.17
yes,,27.727379745961954,85.36849785204856,239.9
yes,,27.72747909218889,85.36850999693944,200.01
yes,,27.727570540377847,85.36843723490192,143.27
yes,,27.727690006951537,85.36844532588917,199.68
yes,,27.727694806373346,85.36827507467946,106.44
yes,,27.72765384320395,85.36801665925753,157.07
yes,,27.727554109060616,85.36813822889283,273.84
yes,,27.727834100010856,85.36772794999084,54.13
yes,,27.727742057037375,85.36785687931808,106.57
yes,,27.727473549963225,85.36802079998594,176.71
yes,,27.727372382511437,85.36754295437582,62.45
yes,,27.727416518006475,85.36746549853872,60.77
yes,,27.72736921510351,85.36733324842788,55.92
yes,,27.727369572399063,85.36712132512064,69.64
yes,,27.72750854999882,85.36766204999944,130.01
yes,,27.72750685291534,85.36756698362372,126.75
yes,,27.727542421558702,85.36715906542427,52.56
yes,,27.72750765566946,85.36730347678612,131.22
yes,,27.72749898657873,85.3679172600363,336.63
yes,,27.727684550743938,85.36776626914248,130.67
yes,,27.727924997206873,85.3677242638303,108.3
yes,,27.728026411214206,85.36783637464491,502.99
yes,,27.72817245002154,85.36792795000572,262.28
yes,,27.728203235385024,85.36811610566137,96.44
yes,,27.728215207992164,85.36823744869426,36.43
yes,,27.72832643082528,85.36814146404893,303.03
yes,,27.728433597498864,85.36792865207092,64.43
yes,,27.728387981784365,85.3679987129479,68.84
yes,,27.728634855589153,85.36829461126311,246.92
yes,,27.72858997950377,85.36841378885558,208.56
yes,,27.728861495397183,85.36835822012902,94.08
yes,,27.72893817954763,85.36845089047304,105.33
yes,,27.728947490560017,85.36818767503047,180.67
yes,,27.728960154186005,85.36810557187002,54.66
yes,,27.72905489033152,85.36812610137547,104.37
yes,,27.729132949408744,85.36810029991,133.75
yes,,27.72925858126729,85.36805930363819,116.18
yes,,27.729437606015978,85.3679561235087,83.6
yes,,27.729402359995042,85.36783881979113,77.22
yes,,27.72965711434454,85.36769465241665,101.22
yes,,27.72957362785275,85.36743064386044,87.04
yes,,27.729650850145617,85.36749763983654,126.09
yes,,27.729474290149415,85.36767875327283,263.36
yes,,27.72939766758343,85.36750852426754,54.49
yes,,27.72953248007745,85.36754938645228,108.75
yes,,27.72945453574188,85.3673655430572,109.33
yes,,27.728985418190586,85.36749652192728,77.91
yes,,27.72893617574849,85.36760223340319,193.19
yes,,27.728895418775426,85.36750623642949,93.84
yes,,27.72885750500792,85.36744578996786,24.91
yes,,27.72895324989556,85.36739144655597,145.91
yes,,27.729229900000945,85.36770029999936,17.82
yes,,27.729316801099124,85.36790742312044,126.03
yes,,27.729185002863403,85.36780712661583,99.36
yes,,27.729006498623097,85.36799200061452,75.24
yes,,27.729063895433853,85.36789613079289,98.01
yes,,27.728995068262545,85.3677484089005,148.71
yes,,27.728737280961173,85.36813612536179,247.38
yes,,27.728520850001317,85.36857979999986,20.64
yes,,27.72841059884847,85.36848853423282,139.86
yes,,27.728433158393475,85.36864897668254,86.35
yes,,27.7283237222178,85.36862689096282,128.2
yes,,27.728223046436725,85.36850108243489,72.5
yes,,27.727906672858474,85.36856281388731,142.97
yes,,27.72801206908979,85.36860605672368,149.82
yes,,27.728037181397106,85.36841063657317,206.78
yes,,27.728119277335004,85.3682439874634,77.63
yes,,27.72791794999563,85.36806144996946,419.56
yes,,27.728131521860302,85.36763677244538,216.94
yes,,27.727939563002202,85.3673084646975,201.6
yes,,27.727759106349975,85.36754843694617,190.3
yes,,27.72770376255451,85.36736473448127,191.77
yes,,27.727613152683965,85.36723197744358,166.75
yes,,27.727597549861933,85.36692543365294,426.47
yes,,27.72773509698469,85.36666631816406,149.26
yes,,27.72780813640964,85.36645916235169,420.43
yes,,27.727902059269685,85.366563151831,173.22
yes,,27.72803675001479,85.36659290005723,228.19
yes,,27.728254944775546,85.36696235348231,463.86
yes,,27.728433505681227,85.36658607579693,649.18
yes,,27.728609400948194,85.36651668049927,89.2
yes,,27.72869049357261,85.36655009275148,125.43
yes,,27.72877325621474,85.36668448155628,51.43
yes,,27.728854771108846,85.36676993765123,104.47
yes,,27.72887661944943,85.36655191411708,116.72
yes,,27.72901810000223,85.36654205000812,56.1
yes,,27.728950267692593,85.3666623224885,193.13
yes,,27.729061466136653,85.36659103241931,105.23
yes,,27.72914199071105,85.36672422983162,95.94
yes,,27.729021938682244,85.3669326394864,134.07
yes,,27.728880888812352,85.36717145130267,137.54
yes,,27.729033700002017,85.36727514999926,58.86
yes,,27.729042382700843,85.36712056510359,132.6
yes,,27.729162357551203,85.36721902283658,154.38
yes,,27.72929150431891,85.36697716576083,114.97
yes,,27.729320776037213,85.36663074852095,132.23
yes,,27.729395034184563,85.36660690426123,129.75
yes,,27.729529624790985,85.36677237798156,117.93
yes,,27.729724422168786,85.36683997322862,174.89
yes,,27.729616059952285,85.36649507968288,204.79
yes,,27.728278018568822,85.36770219848573,47.95
yes,,27.728289580466612,85.36760391747616,29.04
yes,,27.7282878671806,85.36751194332547,48.61
yes,,27.72788049938224,85.36766716667539,40.32
yes,,27.728702245583534,85.36092332098816,88.89
yes,,27.72833232823528,85.35934609222289,58.24
yes,,27.72838166318949,85.35935304905523,60.12
yes,,27.728368923678143,85.35922080903256,174.67
yes,,27.728275597347686,85.35942938079644,77.42
yes,,27.728210700163352,85.35950479949645,115.9
yes,,27.728135302718396,85.35945796841355,79.08
yes,,27.72817415000615,85.3593367999994,108.06
yes,,27.7282786560891,85.35921510010364,110.42
yes,,27.72822639335133,85.3592037826489,77.3
yes,,27.728163398193082,85.359177250638,129.29
yes,,27.7280814528156,85.3591635271405,137.43
yes,,27.72801751665319,85.35918002609914,103.83
yes,,27.7279302797297,85.35939372908925,66.52
yes,,27.728046996981195,85.35939718752111,130.27
yes,,27.727947350007113,85.35927500000051,44.16
yes,,27.72823006769201,85.35867068836423,135.5
yes,,27.72824145229679,85.35881219471001,162.01
yes,,27.72820848551156,85.35895791610561,198.21
yes,,27.72810613780805,85.35892502850177,191.45
yes,,27.728005748112707,85.35889830753061,194.5
yes,,27.72803107113703,85.35876680754241,103.01
yes,,27.728303117148535,85.3589864852649,126.4
yes,,27.72844232061413,85.35886735951495,88.64
yes,,27.72836726174382,85.35884379215356,106.9
yes,,27.72833480735815,85.35871186101254,52.93
yes,,27.728304450004142,85.35863439999659,43.87
yes,,27.728146470381542,85.35864894134444,135.29
yes,,27.727621927751876,85.35859979212368,59.65
yes,,27.727541637362567,85.3585740695936,110.89
yes,,27.727442900003297,85.35854114999901,78.4
yes,,27.72740692413011,85.35866721597705,125.6
yes,,27.727394299997368,85.35879169999616,153.29
yes,,27.72754825042549,85.35869409833155,177.41
yes,,27.727550400009825,85.35882550000069,113.61
yes,,27.72787343096616,85.35885019740748,110.49
yes,,27.72775658796778,85.35888563603969,129.43
yes,,27.727714184887933,85.35863766312588,105.09
yes,,27.727795141723895,85.35861272434924,86.82
yes,,27.728610098940102,85.35869043222604,94.56
yes,,27.728526298772906,85.3587441944984,202.69
yes,,27.728471975181623,85.35863421388144,87.75
yes,,27.728415670260553,85.35855826199209,66.79
yes,,27.72849485240983,85.35846942085819,81.79
yes,,27.72837107373951,85.35844898643951,116.89
yes,,27.728450703149495,85.35835954584918,53.76
yes,,27.728647351234464,85.35883713325327,28.67
yes,,27.72870924379131,85.35875488145774,84.48
yes,,27.72860022621216,85.358906694251,40.24
yes,,27.728647135213507,85.35897159457686,70.22
yes,,27.728706214301123,85.35905180475804,131.53
yes,,27.728585467461574,85.35931986091914,851.07
yes,,27.7283529077058,85.35957920655363,122.13
yes,,27.728320271615836,85.35967630836734,37.69
yes,,27.728303172677624,85.3597388164702,72.3
yes,,27.728290211103836,85.35980652982818,73.92
yes,,27.728272097310406,85.35987673498687,88.33
yes,,27.72818753294918,85.36011053957775,99.97
yes,,27.728269670742673,85.36011021156169,64.92
yes,,27.727361805985836,85.35941695088805,73.25
yes,,27.727357150001534,85.35934489999994,40.47
yes,,27.72735814337782,85.3592613377068,95.82
yes,,27.727422550807912,85.35954847253338,46.37
yes,,27.727483055896688,85.35958087185682,58.87
yes,,27.72746134999597,85.35945670000031,70.31
yes,,27.72745681578359,85.35938027751057,94.75
yes,,27.727538250001075,85.35928824999979,107.92
yes,,27.727542999998892,85.35920175000005,74.99
yes,,27.727865786931734,85.36037768946503,205.35
yes,,27.727899613113024,85.3602111977389,63.97
yes,,27.727818658696695,85.36013812210275,57.72
yes,,27.72811013701086,85.35965763669591,316.16
yes,,27.728088450000115,85.35979839998805,64.37
yes,,27.72807102099891,85.35995170844635,126.43
yes,,27.728028518051875,85.36011260083994,97.67
yes,,27.727961477470572,85.36005976676256,90.44
yes,,27.72787449939189,85.36001210873376,166.99
yes,,27.727977108847142,85.35989680292998,103.87
yes,,27.72787291951646,85.3598672131821,72.23
yes,,27.727964085652083,85.35977969105299,105.95
yes,,27.727873569267604,85.35968615444473,71.08
yes,,27.72783989380105,85.35977295581719,72.29
yes,,27.727743950001656,85.35975284999653,56.95
yes,,27.72775062603109,85.35966410847628,140.31
yes,,27.727595229996854,85.359660646862,33.52
yes,,27.72760592229079,85.35958923752686,48.33
yes,,27.727655880087593,85.35961715811465,47.96
yes,,27.727635389755626,85.35951526644537,55.58
yes,,27.727690392096658,85.3594463998952,76.57
yes,,27.727778044377605,85.35942001760436,43.53
yes,,27.727826309551027,85.35933432819807,115.6
yes,,27.72768776368908,85.35935862997611,89.4
yes,,27.727703054261422,85.35927592322084,95.08
yes,,27.727744184398983,85.35921246623873,68.02
yes,,27.727878040698407,85.35910077269094,124.49
yes,,27.727743648746277,85.35909672342049,126.54
yes,,27.72756034104898,85.35905317407496,303.79
yes,,27.72740891661985,85.35905303326203,164.44
yes,,27.727420336684332,85.35977775288532,134.23
yes,,27.727552153819836,85.36014786286991,118.12
yes,,27.72745491646278,85.36005019919297,152.92
yes,,27.72758684439211,85.36025543059691,66.2
yes,,27.72734429463509,85.36115272165664,162.09
yes,,27.72736206504615,85.36088457643567,69.49
yes,,27.727385800481677,85.36082306083684,68.3
yes,,27.727435048206136,85.36078549546009,42.39
yes,,27.727476607464514,85.36075488056593,26.14
yes,,27.727583575995002,85.36091169205756,68.7
yes,,27.727562576474014,85.36081469955658,93.99
yes,,27.72748825000181,85.36100395000025,103.99
yes,,27.727628006879137,85.36106294397085,119.04
yes,,27.727694292619386,85.36097969548968,71.11
yes,,27.727740058718464,85.36104272404513,70.07
yes,,27.72781942275716,85.36106837528678,88.21
yes,,27.72853867822796,85.36054139572683,95.83
yes,,27.728541481873723,85.3604294762776,141.94
yes,,27.728570371938478,85.36032368763483,65.53
yes,,27.728556151485783,85.36025449740215,74.35
yes,,27.72858874634062,85.36016185536923,87.38
yes,,27.72866015000617,85.3599352500006,90.24
yes,,27.72850236737114,85.35997675188258,77.76
yes,,27.728424646447138,85.36013675636663,131.01
yes,,27.728371927642737,85.36050719964152,72.04
yes,,27.72863620382955,85.36090532918504,79.33
yes,,27.728732641784212,85.3607376849545,47.07
yes,,27.728692511680418,85.36081853052337,88.34
yes,,27.728653308829518,85.36115544699129,82.99
yes,,27.72855140147011,85.36089285136894,72.16
yes,,27.72849575000663,85.36087535000257,52.11
yes,,27.728409701505452,85.36100117777706,41.42
yes,,27.728464149547946,85.36098109985674,40.78
yes,,27.728066850003316,85.3610493999967,77.72
yes,,27.72814817016787,85.36109386385756,97.15
yes,,27.728284801157262,85.3611790560746,57.18
yes,,27.7282166972492,85.36111308379634,125.49
yes,,27.728303814104724,85.3611020413218,101.51
yes,,27.728411184907596,85.36120776790403,75.79
yes,,27.728427200003786,85.36112159999561,153.4
yes,,27.72828915001722,85.36074204999889,279.03
yes,,27.72736863599438,85.35235697969769,41.58
yes,,27.727805800003857,85.35234459999626,82.55
yes,,27.72800660152694,85.35214253982545,51.08
yes,,27.72787795001194,85.35215800000209,156.45
yes,,27.727742650008086,85.352102050001,113.29
yes,,27.727794595009843,85.35190300522409,191.08
yes,,27.72783426816723,85.35200315289785,90.96
yes,,27.7276287902409,85.35168843398449,54.82
yes,,27.72769356880647,85.35185845734999,93.24
yes,,27.727619700020874,85.35200100001317,105.55
yes,,27.72758689999953,85.35215984999908,76.44
yes,,27.727625999997834,85.35229235000116,61.16
yes,,27.727519400000634,85.35232620000393,49.01
yes,,27.727493187432813,85.3522577730931,95.56
yes,,27.7274782499959,85.3521676999989,62.56
yes,,27.727474084821747,85.35211331824199,60.83
yes,,27.727468411051568,85.35204765261251,101.88
yes,,27.72754252057027,85.35192207285014,120.99
yes,Panchakumari Mart,27.72749786662164,85.35177267143207,222.82
yes,,27.7275188830716,85.35164938359328,127.33
yes,,27.727428974405946,85.35147190764309,608.61
yes,,27.727624970845444,85.35129072484324,249.99
yes,,27.727719597937735,85.35138440169465,188.37
yes,,27.727624708123095,85.35143360478087,24.91
yes,,27.727660228466174,85.35154753600875,143.11
yes,,27.72775637027728,85.3517672983634,109.23
yes,Chahana School,27.727888815279762,85.35155996745948,712.63
yes,,27.728050850005253,85.35163059999198,127.97
yes,,27.727946550004038,85.35181850000156,32.45
yes,,27.728000607503763,85.35192597954789,111.61
yes,,27.727987564543497,85.35222501927598,76.89
yes,,27.7279652016374,85.35234200058255,102.23
yes,,27.728030534077835,85.35241596261201,111.73
yes,,27.72797993237013,85.35251669697399,67.48
yes,,27.727950560937842,85.35259433028962,103.34
yes,,27.727905916038203,85.35267324868953,70.04
yes,,27.727910967588205,85.35280030406274,60.0
yes,,27.72784201036304,85.35274882339998,87.3
yes,,27.727834400009552,85.35258495000569,106.34
yes,,27.727729300006555,85.3525623500012,95.23
yes,,27.72742533366089,85.3526118160534,216.51
yes,,27.727282608425128,85.35269285391496,193.64
yes,,27.727402073918896,85.35274695420017,102.27
yes,,27.72754983039756,85.35272370866565,99.43
yes,,27.727347588468774,85.35584041487293,126.52
yes,,27.72679549295783,85.35620539725869,101.66
yes,,27.726783216006297,85.35556516279141,272.09
yes,,27.727039625959538,85.35554056265951,85.72
yes,,27.726938528435955,85.35550454332618,79.06
yes,,27.727089600001705,85.35680135000088,23.3
yes,,27.727188553856816,85.35556454588365,33.42
yes,,27.727116814906065,85.35570501451951,47.48
yes,,27.727268102969145,85.35604627235624,117.88
yes,,27.727159171610257,85.35603613496411,91.82
yes,,27.72718398762833,85.35594570090932,75.32
yes,,27.727205190314233,85.35584102308756,117.68
yes,,27.727236033072288,85.35575288140828,109.52
yes,,27.727253832892377,85.35564175256583,96.22
yes,,27.72728511432863,85.35553941432559,109.67
yes,,27.727112478255556,85.3557938343366,107.3
yes,,27.727096881780806,85.35588659275584,101.04
yes,,27.727076116432023,85.35597193070114,97.24
yes,,27.72702865439546,85.35603334047345,58.6
yes,,27.72708195012251,85.3561059000918,71.35
yes,,27.72701467948095,85.35620143767092,167.89
yes,,27.72717501342687,85.35645926276827,320.91
yes,,27.7269132015728,85.35602334824482,86.34
yes,,27.72687069828451,85.35595676878557,86.84
yes,,27.72621359999883,85.35567540000109,46.47
yes,,27.726708465718485,85.35666856868704,75.05
yes,,27.726850300000574,85.35683969999438,35.64
yes,,27.726797400004685,85.35679439999171,21.68
yes,,27.726591717948946,85.35664732914915,77.17
yes,,27.726372060516514,85.35654187873352,90.44
yes,,27.72615202486859,85.35625434480784,292.58
yes,,27.726125699621047,85.35595890302086,101.34
yes,,27.726152620144692,85.3558538433636,92.94
yes,,27.72619927234082,85.35558284574103,38.03
yes,,27.72634643949367,85.35575119710077,93.43
yes,,27.726523450190456,85.35574804596314,208.95
yes,,27.726670793770968,85.3560050399695,325.78
yes,,27.726848500005918,85.35627380000297,99.88
yes,,27.726887612909053,85.35634565597717,61.97
yes,,27.72693216688856,85.35641934909448,110.75
yes,,27.726997811613494,85.35651772584164,201.18
yes,,27.726735459063097,85.35575212001135,396.05
yes,,27.72694915004353,85.35578970001733,246.16
yes,,27.72724905002065,85.35626845002601,377.79
yes,,27.72655390377738,85.35755325762632,95.39
yes,,27.72665533388211,85.35752973910955,84.56
yes,,27.72663896936158,85.3576209539535,116.62
yes,,27.726934950004647,85.3573146499966,168.06
yes,,27.72709908360358,85.35696254934261,107.95
yes,,27.726347410506932,85.35729840231245,302.21
yes,,27.726159952333404,85.35739857905416,183.34
yes,,27.72623676879005,85.35738442207514,187.27
yes,,27.726143720115054,85.35726939645666,36.56
yes,,27.72613784693882,85.35718825365237,50.85
yes,,27.726200626019743,85.35726075259912,39.0
yes,,27.726197031011573,85.35720238850287,47.54
yes,,27.72621066740034,85.35713654942633,55.83
yes,,27.726116033438974,85.35710409107978,128.11
yes,,27.72607614276929,85.35702702698754,59.41
yes,,27.726212346930723,85.35702262682908,87.62
yes,,27.726965417377194,85.35754606038614,47.93
yes,,27.726791931097477,85.35754584099278,115.75
yes,,27.726901657845694,85.35765694270712,218.76
yes,,27.726471901748106,85.35758434944648,81.28
yes,,27.726422950003116,85.3576278499984,40.34
yes,,27.726361126885916,85.35753656891583,68.63
yes,,27.72652515000597,85.35773355000059,83.32
yes,,27.726604817939585,85.35778115984785,95.57
yes,,27.726773095543404,85.35774995355179,227.2
yes,,27.72673904480684,85.35784326518414,104.28
yes,,27.72669180836425,85.35788170726994,82.48
yes,,27.72663395911701,85.35794778630907,93.12
yes,,27.726595100006804,85.35801814999114,125.45
yes,,27.726733961835443,85.35827026041682,116.83
yes,,27.726684965895195,85.3582035535333,55.43
yes,,27.727160132545958,85.35794221351546,81.98
yes,,27.727098885319347,85.35803651641496,79.38
yes,,27.727027348310973,85.35799838440288,24.66
yes,,27.72709310000735,85.35791945000051,97.85
yes,,27.726982969533683,85.35789455076193,126.22
yes,,27.727274050009072,85.35794124999977,108.58
yes,,27.72704298890825,85.35778872326776,93.89
yes,,27.727145757874435,85.3578241244266,83.87
yes,,27.727096898924994,85.35710280196044,86.54
yes,,27.727162044698883,85.35715641014643,94.0
yes,,27.72710550010658,85.35721555079087,81.22
yes,,27.72707270163849,85.35729128301872,88.02
yes,,27.72719189335458,85.3570327167012,97.02
yes,,27.72719601522497,85.35742013901792,57.86
yes,,27.72723320697792,85.3573381559903,92.04
yes,New Saraswati Dairy and Bakery,27.727286299600582,85.35724327382557,126.99
yes,,27.727345650130207,85.3571821550033,109.89
yes,,27.727235650005877,85.35759955000074,78.93
yes,,27.727152350007277,85.35757245000195,87.93
yes,,27.72711335000073,85.35766144999796,44.2
yes,,27.726340071059088,85.35780596647349,422.63
yes,,27.726262243374915,85.35764461695493,117.51
yes,,27.7263911705271,85.35794904455767,173.53
yes,,27.7264841725081,85.35809529257689,249.97
yes,,27.72614687926715,85.35758949528808,59.63
yes,,27.726121002897045,85.35766760161322,94.33
yes,,27.72612565095494,85.35794741776238,98.73
yes,,27.726172650003488,85.35801815001065,57.05
yes,Sitaram Pharmacy,27.726326114599047,85.3582345952554,89.23
yes,,27.726248142655393,85.3581922250152,112.22
yes,,27.726201408311955,85.35810681682229,119.52
yes,,27.725867281427018,85.3606423337649,266.33
yes,,27.725766937572015,85.36060901204331,280.38
yes,,27.72567854501878,85.36057145182308,218.94
yes,,27.725592200036903,85.3605305500186,252.62
yes,,27.72551005000589,85.36077394999174,143.85
yes,,27.725338160408036,85.36051784789721,120.02
yes,,27.725390000067097,85.36044164875092,334.47
yes,,27.725219884058212,85.3602660777993,151.7
yes,,27.725149436380217,85.3601260805332,165.78
yes,,27.725452667974803,85.35953955276982,36.53
yes,,27.725442557247735,85.35959675253463,67.46
yes,,27.72550272609828,85.35917210334685,205.79
yes,,27.725597964277913,85.3589595391606,141.0
yes,,27.725591499753804,85.35885521713983,57.44
apartments,,27.725701046680165,85.35919813895285,131.55
house,,27.72565190000419,85.35909025000204,90.33
yes,,27.725628966085345,85.3592622970441,77.36
yes,,27.72563288306955,85.35948427921457,154.59
yes,,27.72603127676887,85.35962850820898,111.75
yes,,27.726207661451173,85.35961793158688,153.83
yes,,27.726016065171553,85.35902019026358,44.01
yes,,27.726024673787975,85.35918219095926,129.21
yes,,27.72601608290204,85.35908239227747,102.24
yes,,27.726223049989965,85.35881085000764,128.92
yes,,27.726238422595614,85.35904340334966,209.91
yes,,27.726207159871013,85.3586797234713,218.9
yes,,27.725836799998582,85.35885605000205,28.45
yes,,27.725823177253307,85.35879646613729,67.69
yes,,27.725594945860188,85.35832478733984,172.36
yes,,27.725577864653104,85.35843594318119,148.01
yes,,27.725060744404246,85.35826906633355,96.9
yes,,27.724954896772108,85.35835299549433,128.17
yes,,27.725008529677243,85.35842609185569,109.83
yes,,27.725288902166543,85.3583377660424,23.55
yes,,27.725448603879435,85.35859740598569,68.42
yes,,27.725432900000314,85.3588410499944,38.23
yes,,27.7253424636305,85.35881451051753,71.55
yes,,27.725243348634674,85.35871146866776,29.22
yes,,27.725315524016114,85.35861978453956,240.72
yes,,27.725193995353433,85.35853926772455,144.2
yes,,27.725109031741024,85.35885214295429,59.15
yes,,27.72520135866156,85.35891950363278,93.58
yes,,27.72520315889835,85.35929543338136,25.03
yes,,27.725199844520258,85.35948184131045,104.99
yes,,27.725358901768626,85.35972805926545,580.97
yes,,27.725116699267755,85.35940904562369,321.18
yes,,27.724946959783217,85.35933483791523,74.85
yes,,27.72489295406504,85.359241040005,120.9
yes,,27.72508287843735,85.35971144621473,101.95
yes,,27.72489473530798,85.3597078249541,148.17
yes,,27.72498236509521,85.36003175784913,26.56
yes,,27.72495393931024,85.35994216772032,46.28
yes,,27.7250118567885,85.35994480237072,76.31
yes,,27.725050850016768,85.36031110001416,146.86
yes,,27.724964228559447,85.36019075161772,196.66
yes,,27.724835108330694,85.36004480105775,126.62
yes,,27.725184201428224,85.35096824592344,76.28
yes,,27.725142898973342,85.35269437210442,96.06
yes,,27.72579493053259,85.35277248421433,68.59
yes,,27.725655650003162,85.35267235000472,54.55
yes,,27.725697283078436,85.35272454903571,72.71
yes,,27.72570923658466,85.35258348966225,70.77
yes,,27.725804162103017,85.35264984111124,77.73
yes,,27.725893895588236,85.35269148449582,86.66
yes,,27.725935380811443,85.3527449124997,75.53
yes,,27.7252571968103,85.35254230304692,58.01
yes,,27.725171270970527,85.35255333206688,97.97
yes,,27.72522846721437,85.35263885257802,114.36
yes,,27.72527972336181,85.35270741021957,127.94
yes,,27.725254673170344,85.35212245825979,132.09
yes,,27.725130682693084,85.35195728352448,138.29
yes,,27.725188446612986,85.35188092512873,133.79
yes,,27.725043897656207,85.35179141654605,115.46
yes,,27.724990055452015,85.3518718837808,95.01
yes,,27.72488680000411,85.35177689999992,63.63
yes,,27.725110950005156,85.35172004998365,111.5
yes,,27.724948066470223,85.35169210586312,73.94
yes,,27.725002090751655,85.35161593360685,41.09
yes,,27.72442247173167,85.3508525348344,202.9
yes,,27.72454595000856,85.35085589999908,148.19
yes,,27.724665377465968,85.35089491213533,129.73
yes,,27.72483978963213,85.35083577139586,89.57
yes,,27.724849550008056,85.35094159999792,101.99
yes,,27.72496072060256,85.35091981399582,114.2
yes,,27.72495628077865,85.35106572392942,133.12
yes,,27.724924771094866,85.35119000534263,94.56
yes,,27.725054373870506,85.35121650172582,107.13
yes,,27.72492594160066,85.3513143204972,113.99
yes,,27.72528059999469,85.35140489997964,120.89
yes,,27.725140835677816,85.35135916151224,48.36
yes,,27.725076934037567,85.35152980517294,61.97
yes,,27.725170699783966,85.35121916695104,56.43
yes,,27.72517932809695,85.3510874404271,97.4
yes,,27.72511877883487,85.35081104037764,84.47
yes,,27.725367250007704,85.35090800000094,109.38
yes,,27.72534823101969,85.35103334377264,92.17
yes,,27.725272300008044,85.35122214999747,153.53
yes,,27.725408971835552,85.35115344899945,111.48
yes,,27.725449726567387,85.35105586152673,91.53
yes,,27.72546755052011,85.35095915346734,116.66
yes,,27.72551776413594,85.35090730425635,75.6
yes,,27.725822586095596,85.35087950460344,148.0
yes,,27.72577013265347,85.35099013334622,203.35
yes,,27.72568368600511,85.35110169507465,138.32
yes,,27.725929324826232,85.35109246207446,135.1
yes,,27.725905000002747,85.35124174999672,121.76
yes,,27.726044909376107,85.35131457827107,90.0
yes,,27.726036749995615,85.35118244999467,91.41
yes,,27.7260502000054,85.35108224999888,115.18
yes,,27.72608403669724,85.35080200202394,98.0
yes,,27.72599650000038,85.3509112999913,119.77
yes,,27.72618455657618,85.3508380795741,93.15
yes,,27.726108985625054,85.35097227121717,54.46
yes,,27.726129973214956,85.35091411526606,90.09
yes,,27.726170500007623,85.35109994999905,91.44
yes,,27.726260950029612,85.35110574999614,116.07
yes,,27.726336346815007,85.35111632517857,143.65
yes,,27.726295000236664,85.35097334557057,105.57
yes,,27.72631162473712,85.35084500600597,126.02
yes,,27.72643370000129,85.35086979999961,94.33
yes,,27.727120477529677,85.35157716050507,93.91
yes,,27.727203774413727,85.3515523532235,143.59
yes,,27.72717007701324,85.35138555829842,68.97
yes,,27.727005918170292,85.3513869622003,62.15
yes,,27.72703031388171,85.35124022545962,65.21
yes,,27.727122793637463,85.35125772557429,106.56
yes,,27.7271177805953,85.3511568468932,74.7
yes,,27.727059453887133,85.3510979746271,143.76
yes,,27.726908641805075,85.35117891031693,100.04
yes,,27.726954943801513,85.35108000718257,89.47
yes,,27.727011457231946,85.35100953223413,77.9
yes,,27.727062514025068,85.3509492529599,129.23
yes,,27.726622706513098,85.35105647298786,117.82
yes,,27.726696280332035,85.35125332026007,119.26
yes,,27.72682467747092,85.35097726882329,120.6
yes,,27.726945650011462,85.35084050000691,141.16
yes,,27.72687821707836,85.3513001004786,162.42
yes,,27.726826644164763,85.35139981782991,137.98
yes,,27.7269990934598,85.35160827579394,260.4
yes,,27.72687606447074,85.35154798151892,74.92
yes,,27.726885000003275,85.35168715000022,97.13
yes,,27.72706659661784,85.35211379751105,80.32
yes,,27.727071681957767,85.35222110389552,84.25
yes,,27.7270635000071,85.35234964999962,94.42
yes,,27.727048568707485,85.35252397513672,184.91
yes,,27.72715779178662,85.35241397577565,89.82
yes,,27.72727679191977,85.35247872617934,63.79
yes,,27.72716887422183,85.35253798859766,120.83
yes,,27.72723899984565,85.35230824909718,164.65
yes,,27.727271002041814,85.35219005851172,160.37
yes,,27.727257826913945,85.35208470191084,106.65
yes,,27.727140060509182,85.35197008725328,237.05
yes,,27.727103814579124,85.35186286858998,110.02
yes,,27.726886845319648,85.35252602417276,134.86
yes,,27.726803552973596,85.35249052610503,196.34
yes,,27.726693718797197,85.35253870926246,129.74
yes,,27.726693462806182,85.35244307443877,98.08
yes,,27.72669402659606,85.35236365918122,108.09
yes,,27.726722054545334,85.35213622637639,100.92
yes,,27.72673332076856,85.35226463017649,122.3
yes,,27.72682303011085,85.35228254115071,132.5
yes,,27.726920506561445,85.3522861738312,163.62
yes,,27.726795425689986,85.35215283926367,83.59
yes,,27.72686884965454,85.35215756122159,98.96
yes,,27.72694505000776,85.35216239999971,90.48
yes,,27.726868169466456,85.35198849241405,133.17
yes,,27.726951198872932,85.35199325941112,143.33
yes,,27.72689584655676,85.3518609530461,150.77
yes,,27.726747327550143,85.35202539318003,72.03
yes,,27.726774929685373,85.35192158923486,89.87
yes,,27.72665931223771,85.35194012464804,88.02
yes,,27.726631050006027,85.35181135000036,63.88
yes,,27.726709750004176,85.35184104999921,82.05
yes,,27.726532603960013,85.35167504038165,115.6
yes,,27.726532574624493,85.3515616647833,78.27
yes,,27.726564635195615,85.35146531433237,120.61
yes,,27.72668949090649,85.35166804419869,276.06
yes,,27.726716790628057,85.35152161858137,212.88
yes,,27.726548327220833,85.35181182960842,53.47
yes,,27.7265366000047,85.35190549999827,121.36
yes,,27.726431249996214,85.35187260000019,81.99
yes,,27.726416100006343,85.35197114999929,143.01
yes,,27.726334200011692,85.35197114999892,82.66
yes,,27.72600509915193,85.35258235397923,260.81
yes,,27.72607611825706,85.35248960350101,148.06
yes,,27.726100071448407,85.35233297588579,270.39
yes,,27.726187072380228,85.35225731325752,116.59
yes,,27.725860574203693,85.35210141337015,77.78
yes,,27.725833980745527,85.35223159152618,146.43
yes,,27.7258695809444,85.35237076000737,90.45
yes,,27.725848576343626,85.35247991449273,90.47
yes,,27.72567784999968,85.35226229999076,59.36
yes,,27.725631350008747,85.35234420000626,97.52
yes,,27.725730948347618,85.3521190811021,118.18
yes,,27.725706239550092,85.35191694086411,121.66
yes,,27.725626918342165,85.35186945408269,97.79
yes,,27.725730929914484,85.3518066702732,58.91
yes,,27.725551000011176,85.35226620001438,112.19
yes,,27.725436629998928,85.35216201690505,262.71
yes,,27.725434519176613,85.35200550663623,292.8
yes,,27.725499193851114,85.35191516551826,190.78
yes,,27.725553572524458,85.35174140712422,189.42
yes,,27.725318857281504,85.35187360190379,138.84
yes,,27.725238100006877,85.35177675000001,105.96
yes,,27.72531004413377,85.35170484784067,251.84
yes,,27.725436977577534,85.35161501670964,120.91
yes,,27.72549717625683,85.35149960336895,140.7
yes,,27.72555554454309,85.35137220756422,118.86
yes,,27.725602173765875,85.35125733631249,104.58
yes,,27.725666810456666,85.3514902175025,130.22
yes,,27.72570653767622,85.3516476248324,81.8
yes,,27.725793635304836,85.35149101546764,106.49
yes,,27.725831541326507,85.35139456789564,99.95
yes,,27.72597329568239,85.3515125636554,123.08
yes,,27.725879922885643,85.3516779278802,96.19
yes,,27.72585420904286,85.35175428213374,87.26
yes,,27.7258283924926,85.35183376956851,99.21
yes,,27.725879583050283,85.35197027526306,146.16
yes,,27.725988100665564,85.35222846311824,171.3
yes,,27.725970143082726,85.35209647370952,79.71
yes,,27.726054345828626,85.3521061509678,97.0
yes,,27.726141871688895,85.35212199007297,106.93
yes,,27.726126766796845,85.3519714524412,158.68
yes,,27.72612667576929,85.3518719412279,196.5
yes,,27.72614205736265,85.35176895570197,143.46
yes,,27.726157029648796,85.35167272215189,117.53
yes,,27.72597340000482,85.35182914999552,127.87
yes,,27.726004751328926,85.35173207516237,118.33
yes,,27.726043456161396,85.35164393106209,107.22
yes,,27.726077714477697,85.35155106311649,104.41
yes,,27.726109565134195,85.35147793238245,63.34
yes,,27.726179449101245,85.35156159396684,93.05
yes,,27.72630436097087,85.35146337732985,106.93
yes,,27.726290549993436,85.3516047500001,84.01
yes,,27.72629089999402,85.35168490000378,71.92
yes,,27.72630764049931,85.35179655529974,137.65
yes,,27.726400724160072,85.35173653539361,101.02
yes,,27.726399076225746,85.35159800545436,112.31
yes,,27.72641032624057,85.35148679061345,83.62
yes,,27.72642325740843,85.35139621844824,93.72
yes,,27.72644502385785,85.35127421845333,90.54
yes,,27.726433234055715,85.35119029729196,76.94
yes,,27.72645919254464,85.35109439738847,126.73
yes,,27.725036052956824,85.35261021572074,61.92
yes,,27.725020338232074,85.35271723416656,67.25
yes,,27.72490708305338,85.35276130343507,77.82
yes,,27.7248211683736,85.35267064200347,72.81
yes,,27.724915597216516,85.35262669454626,111.36
yes,,27.724902256024713,85.35252694606994,72.64
yes,,27.72493615000262,85.35247174999866,39.14
yes,,27.725031800005898,85.35241499997838,166.51
yes,,27.724852566446117,85.3525937009248,71.46
yes,,27.72479196048026,85.35257091296529,57.28
yes,,27.724631332900394,85.35274680305068,138.77
yes,,27.724298817379996,85.35245915909125,168.64
yes,,27.724578900008478,85.35261900000123,136.77
yes,,27.724486894629234,85.35257955133392,138.9
yes,,27.724461086053015,85.35248610783474,155.52
yes,,27.724281167874892,85.35234831145341,98.05
yes,,27.724380169761687,85.35229299211497,166.77
yes,,27.724226264782928,85.3520554124329,120.59
yes,,27.724314124392247,85.35214031924278,55.36
yes,,27.7254507796805,85.35269860575934,147.2
yes,,27.725410839766067,85.35257434003304,106.09
yes,,27.72550310000578,85.35262914999115,77.68
yes,,27.725535063130927,85.35251618907132,75.73
yes,,27.725395454065982,85.35242846510438,109.74
yes,,27.725473870367814,85.3524661305623,87.31
yes,,27.725300518557876,85.35236435094967,128.12
yes,,27.72514556705925,85.35227685275487,90.73
yes,,27.725031012815833,85.3521436928308,110.26
yes,,27.72483765906197,85.35232874458283,148.08
yes,,27.724753504511252,85.35221804486643,63.7
yes,,27.72462357835364,85.35222327727323,127.65
yes,,27.724567865675773,85.3521374929887,291.89
yes,,27.724697947164277,85.35205863896402,106.22
yes,,27.724736397310625,85.35199219400322,128.02
yes,,27.724826972682855,85.35192772209214,250.91
yes,,27.724453787942355,85.3519586495592,373.77
yes,,27.724545260938818,85.35187462774014,195.74
yes,,27.724242433743974,85.35172820922052,66.14
yes,,27.724366094496908,85.35179173606046,147.39
yes,,27.72436727305574,85.35167687169681,171.89
yes,,27.72461565000186,85.35173764999885,25.51
yes,,27.724497781656623,85.35159010525352,140.93
yes,,27.724617019853525,85.35154198935098,123.74
yes,,27.72466817941338,85.35164614710432,194.83
yes,,27.724651098959185,85.35183570193396,133.47
yes,,27.724722910285823,85.35176400817151,88.42
yes,,27.724794705809806,85.35168431743953,127.05
yes,,27.724864649997798,85.35156954999515,103.84
yes,,27.724780793934052,85.3515304863523,90.94
yes,,27.724288471363156,85.35146076462993,270.54
yes,,27.724232084014858,85.35131956573612,126.06
yes,,27.724423616406494,85.35136851792306,79.5
yes,,27.724366150526226,85.35150453218598,110.02
yes,,27.724458379562513,85.35146639917818,108.77
yes,,27.724555364822887,85.3513569082429,203.39
yes,,27.724654308789727,85.35131894840681,225.9
yes,,27.724762468950114,85.35128951000237,190.49
yes,,27.724481508948415,85.35117124592928,152.3
yes,,27.72459697669906,85.35113490208815,179.68
yes,,27.724701154038414,85.35109253431135,192.25
yes,,27.716033810118276,85.35444966692678,47.35
yes,,27.725827649930988,85.35295345015899,84.75
yes,,27.725758551100625,85.35302717357763,125.91
yes,,27.72569274977603,85.35312825080204,113.73
yes,,27.725940062609773,85.35314561588389,354.97
yes,,27.72605084051078,85.35287306080552,79.32
yes,,27.726007409635727,85.35297213945584,157.63
yes,,27.725525606654763,85.35298770457726,137.91
yes,,27.725477350005356,85.35354875000286,73.12
yes,,27.725458055743648,85.35364665860965,137.15
yes,,27.725279850004373,85.35340179999876,72.64
yes,,27.725341504766376,85.35345151399082,123.3
yes,,27.72534175906119,85.3530894174397,99.03
yes,,27.725150368045316,85.35312934656567,97.5
yes,,27.725056178004206,85.35303648075327,67.59
yes,,27.72502996869282,85.35293782063101,105.46
yes,,27.725126234835543,85.35295617469431,214.05
yes,,27.725532966851368,85.35415849443942,84.1
yes,,27.72524942401215,85.35402016030366,55.12
yes,,27.725171663450972,85.35385955654154,95.86
yes,,27.724941283080575,85.35410405754627,122.27
yes,,27.724974293818995,85.35321056474648,123.48
yes,,27.7255592503251,85.35333120563293,98.14
yes,,27.725664197699697,85.35336217060419,111.68
yes,,27.72515810000177,85.35724249999963,28.26
yes,,27.725163367649177,85.3569051382534,112.67
yes,,27.725763220982365,85.35748498545695,50.82
yes,,27.725648533008258,85.35755485140385,44.24
yes,,27.725601002781325,85.35751180429372,42.23
yes,,27.72554698167071,85.35761656254847,122.69
yes,,27.725341099356548,85.35746208357894,124.37
yes,,27.725104696425905,85.35749038497167,73.76
yes,,27.726062303095144,85.3575530327632,59.29
yes,,27.726003558305155,85.35764078157752,70.19
yes,,27.725920249996626,85.35774424999722,120.59
yes,,27.726066008922544,85.3579065629957,48.69
yes,,27.72559975272014,85.35816897955809,151.59
yes,,27.72569555000791,85.35822074999888,141.16
yes,,27.725887098045124,85.35715745152916,201.89
yes,,27.7259910614542,85.35720084577171,215.55
yes,,27.726025503086785,85.35738870686055,75.19
yes,,27.72552564509708,85.35706151394368,68.23
yes,,27.72559767424482,85.35718028339845,68.1
yes,,27.725557500303236,85.35696779974069,110.31
yes,,27.725221591948248,85.35698384676489,189.12
yes,,27.724992550008132,85.35735955000534,116.53
yes,,27.72494535478631,85.35724534004612,171.11
yes,,27.72511153476262,85.35719244045924,65.96
yes,,27.725071724627295,85.35708224011502,37.97
yes,,27.725027133316697,85.3571455959805,119.14
yes,,27.725192999613835,85.35823833326408,110.81
yes,,27.72512750000544,85.35814919999915,84.96
yes,,27.72498525001106,85.35816690003651,52.36
yes,,27.72499711875904,85.3580979717009,27.27
yes,,27.72504040000448,85.35802300000233,68.58
yes,,27.7249613500031,85.35794069999042,85.37
yes,,27.72754549678205,85.35616204937315,20.68
yes,,27.72983145451221,85.36885948041848,95.45
yes,,27.73124910420031,85.36819487991401,14.72
yes,,27.73142352693464,85.36824798888289,104.77
yes,,27.731447995918593,85.36835381779537,91.22
yes,,27.724454658657976,85.37196720440038,73.84
yes,,27.72446708550439,85.37186938295491,60.79
yes,,27.72429850875159,85.37204943113917,119.75
yes,,27.724781510026755,85.37243472744007,168.01
yes,,27.724850119409304,85.3725933650392,165.1
yes,,27.724582541596387,85.37243293978598,101.56
yes,,27.72467590835693,85.37250558435623,104.28
yes,,27.724518374015265,85.37235343791924,86.66
yes,,27.725965034104505,85.35347487334752,66.04
yes,,27.725927456300333,85.35360452380083,265.92
yes,,27.72600270000451,85.3537422999917,85.49
yes,,27.72584480000892,85.35340799998103,199.51
yes,,27.72456689964821,85.37267160417376,142.44
yes,,27.72449638182541,85.37262164780518,63.43
yes,,27.72446451389889,85.37252456781884,92.72
yes,,27.724428400346046,85.37240471672656,44.9
yes,,27.72440016567744,85.3722713344936,102.0
yes,,27.724620914859678,85.37274981517692,94.68
yes,,27.724324490791115,85.37268033933144,94.78
yes,,27.724398371405783,85.37275358299387,186.86
yes,,27.724547593956377,85.37281339170653,65.3
yes,,27.724105105903224,85.37248944762099,452.94
yes,,27.72425292025913,85.37255538711088,116.77
yes,,27.723875900002863,85.3727101499987,34.86
yes,,27.723900969291456,85.37280032966312,78.05
yes,,27.723959219102618,85.3726231046517,202.47
yes,,27.72445412567829,85.3729869656617,169.54
yes,,27.7243060649956,85.37298649760825,343.79
yes,,27.724123554424253,85.3731664538855,153.83
yes,,27.724066264105375,85.37307393288279,106.39
yes,,27.72402270578823,85.37300230407473,84.05
yes,,27.723978150006154,85.37292725000077,100.59
yes,,27.72443255486861,85.37347084775172,84.35
yes,,27.724242784364385,85.37343890446154,71.79
yes,,27.724241299220203,85.37333326664887,54.87
yes,,27.72414158490288,85.37291419357669,71.73
yes,,27.724312244625786,85.37285619206337,145.49
yes,,27.724537304649797,85.37367726448758,108.73
yes,,27.72446623696561,85.37362360747049,88.97
yes,,27.724622887592314,85.37377278442949,144.43
yes,,27.72459741684361,85.37355570272463,50.45
yes,,27.724643253539373,85.37343873017974,143.05
yes,,27.72455165404714,85.37319692804056,96.09
yes,,27.724625250009208,85.37306139999087,110.61
yes,,27.724661247861945,85.37328356895345,76.47
yes,,27.724793611583472,85.37318169073188,116.76
yes,,27.724795660511287,85.3733105178394,138.19
yes,,27.724762976715894,85.37380623829773,34.6
yes,,27.724798000001964,85.37279464999821,35.9
yes,,27.72484622895174,85.37287974274322,63.28
yes,,27.7247644287547,85.3726748350263,95.5
yes,,27.72433489681104,85.37242049537643,62.25
yes,,27.72427368650642,85.3723570858651,81.54
yes,,27.72427912415367,85.37222717721914,93.19
yes,,27.72412865138259,85.37226437679698,54.46
yes,,27.724117716944424,85.37217075147984,51.96
yes,,27.724210000003477,85.37215799999979,54.52
yes,,27.724144309026013,85.37210208836875,83.7
yes,,27.724267700005203,85.3717224499889,123.3
yes,,27.72406899999919,85.37170634998003,79.57
yes,,27.723905768564546,85.37175348143437,133.16
yes,,27.72395044360428,85.37204012523824,132.48
yes,,27.724513800006136,85.3718906000031,39.72
yes,,27.72373233938498,85.3717181159592,58.62
yes,,27.723650755590263,85.37171015284507,107.38
yes,,27.723432547941186,85.37185105539115,119.15
yes,,27.7236381969983,85.3723288194917,149.36
yes,,27.723452035440705,85.37223589165082,131.68
yes,,27.72344213975393,85.37213714838867,60.7
yes,,27.723260305499387,85.37245029458812,42.08
yes,,27.72329925957894,85.37238192507101,106.45
yes,,27.723288550971695,85.37255949606553,150.9
yes,,27.723546865130942,85.37250845669901,81.6
yes,,27.723481493757653,85.3724408665296,105.62
yes,,27.723413652587933,85.37252329689979,91.48
yes,,27.72348155386055,85.37260696528654,71.52
yes,,27.723243480500084,85.37273433400217,148.33
yes,,27.723185010289132,85.37285532988777,106.19
yes,,27.7231064394921,85.37274955633492,75.86
yes,,27.72314116786184,85.37268264914226,131.09
yes,,27.72300205000209,85.37249075000035,28.68
yes,,27.72305768204958,85.3724080484978,63.03
yes,,27.723142711596882,85.3724705835382,133.0
yes,,27.723186936023446,85.37229097692007,119.17
yes,,27.72322612680024,85.37182334361567,65.8
yes,,27.723160804073775,85.37190618221676,45.62
yes,,27.723211471204735,85.37203601953419,66.85
yes,,27.72330082069252,85.37202081068939,159.72
yes,,27.722609345677274,85.37227245037393,98.52
yes,,27.722628905183175,85.37216432173486,106.5
yes,,27.72261220000346,85.37202235,51.88
yes,,27.72256295001085,85.37199420000368,43.07
yes,,27.722584177769487,85.37188258858883,89.86
yes,,27.722593224713997,85.37178800261577,79.04
yes,,27.722703601014747,85.37181820640329,100.05
yes,,27.722694798842788,85.37190600246305,133.73
yes,,27.722855637258693,85.37223372635016,122.12
yes,,27.722936860097132,85.37231655788611,455.4
yes,,27.722953683800785,85.3719704870637,181.55
yes,,27.723041672028323,85.3719254249687,80.26
yes,,27.72314495044113,85.3720434659959,68.4
yes,,27.7230479500782,85.37205614770123,97.07
yes,,27.722589800006887,85.37238059999986,106.56
yes,,27.722506674961963,85.37236401303933,131.4
yes,,27.722532915980242,85.37223757934994,102.13
yes,,27.722649901840747,85.37260569961789,103.85
yes,,27.72273196980477,85.3726173146714,107.69
yes,,27.722856669981667,85.37262154502213,34.22
yes,,27.72284888475864,85.37267766863384,40.18
yes,,27.722751099998245,85.37244454999552,43.75
yes,,27.722692887032423,85.37236714108693,121.01
yes,,27.722754479887726,85.37219876131323,188.1
yes,,27.722768495618908,85.37206380646354,73.59
yes,,27.722466000000665,85.37269010000071,44.38
yes,,27.722425398966873,85.37263343170201,114.97
yes,,27.722491792663668,85.37247247664347,52.28
yes,,27.722480349996932,85.37251954999445,42.65
yes,,27.72255297837951,85.37291831696145,65.47
yes,,27.72247259320613,85.3728691619707,111.02
yes,,27.722477300000584,85.37275420000165,40.75
yes,,27.722623859468595,85.37289191096555,85.03
yes,,27.722693490415526,85.37293369580885,86.72
yes,,27.72288842716499,85.37298274376668,88.92
yes,,27.722945188587634,85.37303611412925,64.1
yes,,27.723011515167666,85.37308376889997,132.94
yes,,27.722730428215613,85.37273224462773,46.34
yes,,27.722803089633512,85.37292703918533,109.18
yes,,27.722661782071544,85.37319934285253,114.26
yes,,27.722765059782276,85.37338556871507,40.99
yes,,27.72277446754403,85.37327990124584,181.32
yes,,27.722878731196353,85.37332439566954,25.47
yes,,27.72281140480642,85.37353464528236,122.58
yes,,27.722482422264637,85.37313268205435,232.0
yes,,27.722560223633653,85.37330024921721,98.19
yes,,27.722501047091466,85.37335133202112,94.32
yes,,27.72243265604968,85.37326115040884,150.92
yes,,27.722562933823514,85.37352380374283,46.66
yes,,27.7225083571674,85.37375277417694,39.19
yes,,27.722547096936765,85.3738045981651,71.22
yes,,27.72260198883878,85.37386603107973,97.5
yes,,27.722801450028506,85.37424855000954,92.59
yes,,27.72256242046297,85.3741245714422,34.25
yes,,27.72301376631466,85.37406132026447,148.37
yes,,27.72245491899009,85.37390648536177,79.1
yes,,27.723703436431656,85.37328445035608,107.01
yes,,27.723625296729875,85.37324376572727,85.81
yes,,27.723475850001904,85.37297724999837,26.93
yes,,27.723747400006808,85.37312239998764,48.45
yes,,27.723680299065357,85.37296516783553,89.9
yes,,27.72384751701664,85.37301443794725,62.52
yes,,27.723790145187756,85.37304793075238,89.15
yes,,27.723783100006116,85.37292975000217,118.69
yes,,27.723879759846483,85.37257772134541,98.99
yes,,27.723748148961523,85.37271039864123,15.74
yes,,27.723736981217332,85.3728047566101,162.43
yes,,27.723837550001925,85.37331479999382,31.6
yes,,27.72401406956336,85.37334906552331,126.55
yes,,27.724195482529886,85.37306178462148,77.74
yes,,27.724217281926848,85.37374744786774,134.69
yes,,27.72419562413444,85.37360138733064,102.83
yes,,27.724520082818284,85.37400370727461,95.28
yes,,27.72444145182221,85.37399780172457,72.54
yes,,27.724293300004067,85.37371564997073,54.25
yes,,27.7243344956067,85.37370111793261,77.95
yes,,27.7246053305233,85.37407034132039,91.87
yes,,27.724661389051093,85.37405861193298,49.46
yes,,27.724699446828897,85.37400531346516,59.29
yes,,27.724841970417415,85.37405282233668,122.19
yes,,27.72440789878405,85.37418426705267,91.85
yes,,27.724513700000855,85.37350090000099,10.54
yes,,27.724242561254925,85.37392553550644,102.67
yes,,27.724310913086978,85.3741189644024,146.58
yes,,27.724335462302783,85.37400461770974,77.43
yes,,27.724188657489794,85.37394816052631,40.62
yes,,27.724250446959996,85.37400420238579,39.11
yes,,27.724161211513334,85.37399903108853,57.71
yes,,27.724212015650682,85.37405821936733,78.7
yes,,27.7241015082833,85.37392903763305,39.72
yes,,27.724134505877124,85.37386634597785,92.22
yes,,27.72403841010388,85.37386993410219,73.71
yes,,27.72403868896692,85.37399881350645,83.57
yes,,27.72406616987209,85.37378658672374,111.97
yes,,27.72377957698717,85.37397863549077,38.17
yes,,27.723809450002634,85.37392269999992,41.03
yes,,27.72383165000663,85.3740716500005,100.81
yes,,27.723890450002937,85.37398769999108,81.35
yes,,27.72393748803789,85.37388944503381,121.82
yes,,27.723901326343377,85.37376326469045,71.16
yes,,27.723845679941196,85.37383114193871,71.63
yes,,27.723647527793833,85.37382382236392,134.42
yes,,27.723744783512235,85.37378018384932,118.53
yes,,27.72381312952756,85.37365029252231,93.11
yes,,27.723757164187283,85.37369706689617,74.57
yes,,27.723712544754836,85.37360174689836,82.4
yes,,27.723724076525464,85.37399603583624,128.77
yes,,27.723466083393546,85.37345099930197,56.0
yes,,27.723561866447035,85.37333604565104,31.55
yes,,27.723603557274526,85.37343469475265,121.5
yes,,27.725536113421285,85.35343683934944,43.88
yes,,27.725308052941028,85.35282862761072,95.96
yes,,27.723233843492572,85.37386007748154,74.73
yes,,27.72332473944988,85.37378399125193,92.41
yes,,27.723422441386848,85.37402159766312,103.52
yes,,27.723593005117312,85.37387590074904,36.08
yes,,27.723519191187457,85.37396309128381,218.1
yes,,27.723160837128482,85.3737919639756,41.45
yes,,27.723288838925818,85.3740178341986,31.07
yes,,27.72268739061789,85.37369958613466,109.71
yes,,27.72275889862096,85.37368031336457,56.41
yes,,27.72374985001214,85.3741830000121,157.82
yes,,27.724131498096877,85.37415371626571,126.38
yes,,27.724838049998556,85.37390189999904,27.97
yes,,27.72485767361566,85.37380460896605,106.71
yes,,27.726013347970138,85.35658621614995,109.65
yes,,27.72593945277205,85.35551802043933,95.54
yes,,27.725969326570866,85.3556679524738,115.73
yes,,27.72595881642765,85.35589472737321,86.57
yes,,27.726009868496394,85.35584744223152,56.76
yes,,27.72598255000087,85.35603545000315,102.74
yes,,27.725992143477423,85.35617257623684,164.2
yes,,27.725994505284017,85.35628601174186,116.06
yes,,27.72599930645411,85.35639517681871,175.52
yes,,27.72600998686816,85.35650222835928,120.48
yes,,27.725829999998577,85.35560160000466,124.17
yes,,27.725820399997936,85.3557732500093,159.11
yes,,27.72584775000338,85.35599629999967,73.7
yes,,27.725830025324935,85.35614595891779,96.62
yes,,27.72580234765294,85.35626056550285,78.55
yes,,27.725820648944318,85.35635889627544,89.94
yes,,27.725823159511165,85.3564438746216,64.82
yes,,27.72583501954162,85.35652474130468,106.54
yes,,27.72585265000796,85.3568823999993,91.11
yes,,27.725522498626063,85.35661051608452,77.19
yes,,27.725398134043072,85.35649804389332,115.65
yes,,27.72534126561081,85.35644410712737,105.95
yes,,27.72532527858773,85.35604203209547,24.89
yes,,27.72534397446647,85.3559771154376,40.88
yes,,27.725346300761167,85.35589860654473,60.51
yes,,27.72540922126755,85.35590494184811,68.46
yes,,27.725525070119424,85.35584996082788,118.8
yes,,27.725684050003697,85.35597179999957,50.26
yes,,27.725615550004274,85.35597274999961,65.87
yes,,27.72548510000769,85.35601260000003,56.81
yes,,27.72547752633736,85.35611543554683,42.68
yes,,27.725533618610697,85.35612486301046,66.28
yes,,27.72543705000518,85.35619755000288,34.35
yes,,27.725514299998572,85.35621374999614,86.37
yes,,27.725634739920675,85.35622036749605,164.53
yes,,27.725690492482144,85.35631934782833,62.39
yes,,27.725681348482205,85.35640849430658,72.08
yes,,27.72563380690343,85.35647900884571,113.24
yes,,27.725554352861995,85.35638885143126,174.16
yes,,27.725467825819766,85.35631569080617,104.18
yes,,27.725395300942772,85.35628096130475,84.37
yes,,27.725381074544224,85.35616874572312,88.33
yes,,27.725284094737813,85.35613980560355,108.14
yes,,27.72529720546923,85.35624659362874,126.47
yes,,27.725204949633707,85.35619990117198,86.67
yes,,27.72528440566202,85.35637819293645,74.46
yes,,27.725223502695094,85.35631953180162,60.88
yes,,27.72516144459604,85.35627691795672,63.43
yes,,27.725166455939718,85.35637993313293,70.66
yes,,27.725126493928116,85.35644953962606,100.02
yes,,27.72545444673137,85.35662796433999,82.49
yes,,27.725195895127133,85.35660276979625,55.91
yes,,27.725252182584413,85.3565229451935,57.48
yes,,27.72529052557309,85.35658076151321,77.0
yes,,27.725360951281022,85.35662221663168,62.71
yes,,27.725294256192292,85.35671735286788,108.82
yes,,27.725334948641223,85.35677547846895,84.8
yes,,27.72541835853441,85.35671583932725,67.75
yes,,27.72547837994291,85.35684109686639,104.32
yes,,27.72507605740508,85.35668820016961,116.12
yes,,27.724965850005983,85.35663789999415,143.16
yes,,27.725254400000722,85.3558671499989,84.7
yes,,27.725072419510283,85.35622560751149,105.33
yes,,27.724984797079635,85.3560671538958,28.93
yes,,27.72498029817121,85.35614381330807,91.71
yes,,27.725110035479226,85.3559421799123,125.04
yes,,27.725104057218672,85.35584588708848,103.88
yes,,27.725195706722776,85.3555874295643,96.86
yes,,27.725106603289507,85.3555333230372,90.88
yes,,27.724842730338864,85.35554051704452,114.99
yes,,27.72496065000027,85.35571224999615,69.21
yes,,27.72493467417116,85.35584073371813,263.57
yes,,27.726710147565832,85.37049013387812,19.22
yes,,27.72516781910322,85.3701827433427,41.22
yes,,27.725277734674027,85.3703174216247,68.47
yes,,27.725143039324156,85.37168446617073,86.62
yes,,27.727055295846366,85.37082346787085,115.96
yes,,27.727085334615822,85.37089084259516,143.74
yes,,27.727295436047264,85.37087632544731,337.34
yes,,27.72703381234969,85.37069753689447,339.89
yes,,27.72707266772207,85.370515697752,141.39
yes,,27.727261934709365,85.37059781527144,182.27
yes,,27.72722148257134,85.37113990841101,312.86
yes,,27.727022334542614,85.3716133652694,109.89
yes,,27.727120202825844,85.37157827710654,131.23
yes,,27.727137545322307,85.37146727966328,40.23
yes,,27.72728035090427,85.37143700036479,100.93
yes,,27.724979586233005,85.37029691995949,64.82
yes,,27.726185907625617,85.369364047145,74.1
yes,,27.726889249075285,85.36953098779782,204.59
yes,,27.726764370965164,85.37011753801094,168.16
yes,,27.726783055705685,85.36999241465172,158.56
yes,,27.726779047165294,85.36990245222708,101.58
yes,,27.726783793927687,85.36983442494932,121.82
yes,,27.726776798384602,85.36970242562236,129.49
yes,,27.72640577045062,85.3699315466845,164.39
yes,,27.726363165728706,85.36976446820205,99.7
yes,,27.72645755517121,85.36973782467923,87.09
yes,,27.726440833362574,85.36960378330187,79.78
yes,,27.72562322555743,85.36937128798773,63.09
yes,,27.72514185000649,85.37003765000027,31.14
yes,,27.72510625141725,85.3698978283521,191.06
yes,,27.725111745247247,85.36978955505724,134.59
yes,,27.725019092074017,85.37021413983,46.21
yes,,27.724885747518066,85.37017270790626,113.54
yes,,27.7248579500402,85.36995310000027,507.51
yes,,27.725022078874144,85.36997979656894,45.19
yes,,27.725054844121786,85.370099928881,42.76
yes,,27.725172000011472,85.37035615000194,69.46
yes,,27.725036507151327,85.37029809506173,93.84
yes,,27.725098241077806,85.37031026272005,67.81
yes,,27.725128776617574,85.37105211408206,47.56
yes,,27.72511753181948,85.37096264721627,40.76
yes,,27.725186490807612,85.37095251958596,52.69
yes,,27.72524429484754,85.37093715790674,79.71
yes,,27.725303550009745,85.37096125000663,103.43
yes,,27.725174450835596,85.37087761982185,66.41
yes,,27.725302287382167,85.37082201430627,200.85
yes,,27.725350199725508,85.3707459474915,194.08
yes,,27.726164770810296,85.37163814825244,203.87
yes,,27.72632188661927,85.37163425778378,346.69
yes,,27.726594985974707,85.37099839569734,451.05
yes,,27.726781100012673,85.37103434999464,161.57
yes,,27.72698492432519,85.37124598593384,128.25
yes,,27.726929728114214,85.37100341142134,164.86
yes,,27.726870621931376,85.37062053536121,165.54
yes,,27.726777603443427,85.37071813927209,232.51
yes,,27.72681589914036,85.37084171214998,110.04
yes,,27.726642662144915,85.37060805170341,107.92
yes,,27.726611345362954,85.37075770895206,514.06
yes,,27.72644776704917,85.37051429806014,163.81
yes,,27.726525000006088,85.37102879997548,180.35
yes,,27.726373478651638,85.3711926096992,412.35
yes,,27.726228642664584,85.37103235184384,139.66
yes,,27.726136834811175,85.37140810403457,111.1
yes,,27.726088157427434,85.37147588590629,139.81
yes,,27.72602719243534,85.3715827700768,113.6
yes,,27.72521216564477,85.3713290453066,35.33
yes,,27.72518469235578,85.37156839085387,103.97
yes,,27.72523428335812,85.3714963015848,122.64
yes,,27.725005996676227,85.37125499881542,106.83
yes,,27.724921379457648,85.37112872111136,102.48
yes,,27.72491227955437,85.3710337764829,100.27
yes,,27.72502171024544,85.37104322604196,83.63
yes,,27.725020994675653,85.37095041455197,126.14
yes,,27.724901862776257,85.37093288477284,105.23
yes,,27.724893250207863,85.37079599431735,152.06
yes,,27.724932799205767,85.3706859061085,82.59
yes,,27.724947065201082,85.37062557892384,54.31
yes,,27.724901250002606,85.37051149999965,69.66
yes,,27.724989294658453,85.37043077115474,60.08
yes,,27.725017784401345,85.37080422690453,136.71
yes,,27.725050030961338,85.37069056988997,79.1
yes,,27.725090757000466,85.37056139863677,148.22
yes,,27.725105087454182,85.37045827295975,95.86
yes,,27.72515970641381,85.37072829415588,74.77
yes,,27.725201961821412,85.37065246323318,69.13
yes,,27.725233731359907,85.37054524483344,61.13
yes,,27.72537169024228,85.37057927137514,82.31
yes,,27.72529860000234,85.37045579999614,83.62
yes,,27.725357850027713,85.37033045001691,106.69
yes,,27.725212650003414,85.37019205000037,41.08
yes,,27.72528600000198,85.37021159999738,76.13
yes,,27.725269909930617,85.36979416314998,123.88
yes,,27.725219201801874,85.36987776071327,72.08
yes,,27.725220009530904,85.36998258189114,109.31
yes,,27.725136845644677,85.36954103214187,134.42
yes,,27.72518277009078,85.36938786832698,174.01
yes,,27.72534723550082,85.3693457017799,123.69
yes,,27.725289200008596,85.36946610000172,98.02
yes,,27.72536208375896,85.36949095690508,99.8
yes,,27.72544029467605,85.36950992054122,98.33
yes,,27.72542002927258,85.3697094384856,80.16
yes,,27.725342265665493,85.3696797890764,78.29
yes,,27.72525214505131,85.36964537067385,85.47
yes,,27.725400855783192,85.36983487813504,114.76
yes,,27.72540665000065,85.3699414499966,76.7
yes,,27.72544771175084,85.37046347472318,143.56
yes,,27.725571105269598,85.37049211953806,112.14
yes,,27.725460535441513,85.3703160722718,105.14
yes,,27.725489642432567,85.37010386556145,32.85
yes,,27.725492977475554,85.3701898858375,95.73
yes,,27.725786900008636,85.36985669998232,441.64
yes,,27.726001337823938,85.36974257524659,163.07
yes,,27.726025837468182,85.36954160447213,85.39
yes,,27.726093053571244,85.36956858072507,107.25
yes,,27.726204792887284,85.36961706993742,147.96
yes,,27.726186182554493,85.36994156526413,106.2
yes,,27.726021650005247,85.36989654999688,151.18
yes,,27.72605572781327,85.37035505639298,297.87
yes,,27.725879975729825,85.36957839747235,725.2
yes,,27.725579363454962,85.36952949166626,104.59
yes,,27.725659302248705,85.36959783041954,142.49
yes,,27.72559940809382,85.3697860199449,241.74
yes,,27.725671455617977,85.37001720444506,74.53
yes,,27.72554744999399,85.36993399998593,96.51
yes,,27.725811750008784,85.3701140000001,126.34
yes,,27.72632770000852,85.37138124999159,169.28
yes,,27.72602633394906,85.35542598209717,131.57
yes,,27.725672482349466,85.3551053657695,228.47
yes,,27.72572955105134,85.3550216141993,73.2
yes,,27.725753999998002,85.3549706999921,56.65
yes,,27.72562423469731,85.35498667788835,128.89
yes,,27.725755073291342,85.35485069473901,108.05
yes,,27.72582755766148,85.35482879642453,114.02
yes,,27.72583989343782,85.35476214587909,38.49
yes,,27.7259102664419,85.35477547198252,76.01
yes,,27.725797859668113,85.35460557302437,60.31
yes,,27.725834784635428,85.35467108850133,109.44
yes,,27.72573249115759,85.35468326910137,118.26
yes,,27.725676932191295,85.35475087672258,60.97
yes,,27.72564176655117,85.35482568508378,93.91
yes,,27.725555207233732,85.35487014069851,122.04
yes,,27.72560435000374,85.35461169999752,54.88
yes,,27.725153000188858,85.3543046333745,131.57
yes,,27.724921400008256,85.35435605001148,129.63
yes,,27.724933400008844,85.35453834998746,111.65
yes,,27.7248781000067,85.35460644999772,102.66
yes,,27.725788017942588,85.3544846647977,105.78
yes,sandar momo,27.72569080682772,85.35444163110532,100.91
yes,,27.7256111476833,85.35447768983488,63.4
yes,,27.725541044253664,85.35454540423575,105.81
yes,,27.72548735254919,85.35460758424897,27.91
yes,,27.725215700057596,85.35507209997402,262.08
yes,,27.72517173651726,85.35487576716018,88.3
yes,,27.725411871075107,85.35467501215454,27.77
yes,,27.725383841500715,85.35472080475402,57.61
yes,,27.725324726605077,85.35477105840488,108.75
yes,,27.725242671729653,85.35481959175192,96.29
yes,,27.725561564885382,85.35439712140116,46.75
yes,,27.725611457114727,85.35431038330246,96.14
yes,,27.725515979181857,85.35431219579235,130.56
yes,,27.725575731256317,85.35422741248745,75.91
yes,,27.72547209483725,85.35421865261037,61.55
yes,,27.725401536592567,85.35428874274528,107.34
yes,,27.725345339313762,85.35436530170527,68.01
yes,,27.72542090931196,85.35446448031438,113.95
yes,,27.72537550730496,85.35452956255766,161.79
yes,,27.725296650918622,85.35441013361257,75.34
yes,,27.725230350003855,85.35449334999589,54.76
yes,,27.72525964486897,85.35459870210317,53.14
yes,,27.725232703496353,85.35464894869286,52.25
yes,,27.725173800003603,85.35454530000473,53.29
yes,,27.725121753216797,85.35460220446178,78.99
yes,,27.725139450004733,85.35512594999932,70.18
yes,,27.725065212732353,85.35493838100543,102.95
yes,,27.72491102973018,85.35491037354463,61.42
yes,,27.724969300004076,85.35485753333506,15.97
yes,,27.72503825235513,85.3548552167437,43.29
yes,,27.72495615000859,85.35474040001792,137.46
yes,,27.7255130954828,85.35538849356598,87.37
yes,,27.725448847775805,85.35542386888878,67.63
yes,,27.725396650010097,85.35514389999324,69.26
yes,,27.725463612512364,85.3551118702883,137.36
yes,,27.72528180000214,85.3553163000002,73.86
yes,,27.725204550000417,85.35527479999772,38.41
yes,,27.724953215195512,85.35505238825304,80.55
yes,,27.724907650002283,85.35516239999207,70.22
yes,,27.725040010980976,85.35521840092808,78.48
yes,,27.725096441669436,85.35528742421954,56.56
yes,,27.72503604773249,85.35552919476056,54.56
yes,,27.72496866272555,85.35544703259893,71.71
yes,,27.724979928460563,85.35537351116365,76.56
yes,,27.724903300004495,85.35529864999832,76.47
yes,,27.725891733756633,85.35498943450378,132.64
yes,,27.726007420080798,85.35499188464559,86.83
yes,,27.725926870749937,85.35509614555752,70.53
yes,,27.72604289991767,85.35513869148748,71.24
yes,,27.726003300003757,85.35525720000092,86.68
yes,,27.725925243282312,85.35527963003288,85.26
yes,,27.725803944671917,85.35535157951588,151.0
yes,,27.72615743882154,85.35426983217612,61.7
yes,,27.726060357655808,85.35450924375215,40.65
yes,,27.725955299997473,85.35443255002944,115.42
yes,,27.726114899994215,85.36174294999928,92.21
yes,,27.72630410000582,85.36186274999666,176.77
yes,,27.726380129483324,85.36134249084755,107.02
yes,,27.726433718802983,85.36123080574033,92.1
yes,,27.726080599998404,85.36105999999357,61.97
hotel,,27.72601670003311,85.3612268000146,178.02
yes,,27.725648000015283,85.36126655002974,112.6
yes,,27.725795807838793,85.36114857858682,145.38
yes,,27.725763549997534,85.36151134999285,140.3
yes,,27.725746422994284,85.36139810741449,64.2
yes,,27.72561982680108,85.36144335537473,118.21
yes,,27.72568547727191,85.36166592628577,180.79
apartments,,27.725977487220334,85.36173552297264,81.0
yes,,27.725980249994276,85.36184604999674,72.84
yes,,27.72573637525214,85.36247523859741,170.98
yes,,27.725769600004,85.36259190000247,146.45
yes,,27.726223823210184,85.36217800296264,188.56
yes,,27.725711352425133,85.36185709676107,106.14
yes,,27.72562496133935,85.36183141822826,84.68
yes,,27.72535978764855,85.36128737164202,148.89
yes,,27.725251991763244,85.36115273839819,31.56
yes,,27.72531352843328,85.36115276938544,59.72
yes,,27.72545914813573,85.36111253450665,133.9
yes,,27.725471319788273,85.3614373555775,121.3
yes,,27.72540260000792,85.361560950002,95.93
yes,,27.725308987751042,85.36148895853067,178.24
yes,,27.72546470000861,85.36189530000031,91.2
yes,,27.725154346376133,85.36193966866176,122.78
yes,,27.725267600010003,85.36209610000233,103.93
yes,,27.72527084493909,85.36179246930396,151.78
yes,,27.72514540325545,85.36170600010985,79.34
yes,,27.72499529372988,85.3619145888501,133.07
yes,,27.725280500011475,85.3625626000142,73.52
yes,,27.725506450005206,85.36239454999817,118.85
yes,,27.725598809824795,85.36240629686098,117.47
yes,,27.72568402293802,85.36280621675348,114.22
yes,,27.72575281224664,85.36282727513432,95.14
yes,,27.72583480599896,85.36280272230701,172.84
yes,,27.725596650006242,85.3626797999961,181.57
yes,,27.72498958420368,85.36247618178422,101.84
yes,,27.72501205056329,85.36270723305557,138.0
yes,,27.72504780751065,85.36101290351232,158.26
yes,,27.72499080000766,85.36109164998315,142.17
yes,,27.726079849998378,85.36251505000102,100.27
yes,,27.726097100000175,85.36274400000104,84.5
yes,,27.726015399998566,85.36264225000198,108.7
retail,,27.72611453431854,85.3631117306842,72.13
retail,,27.72608468011584,85.36298021212734,149.09
yes,,27.726090997067455,85.36283437002851,191.52
yes,,27.72622650002468,85.36336774996329,191.88
yes,,27.72631201666944,85.36350589996567,61.15
retail,,27.72621570478311,85.36369613599607,122.21
retail,,27.726072074150107,85.36356592090381,119.16
retail,,27.725998231983628,85.36350916296348,134.78
retail,,27.726001221207536,85.36343048394373,87.32
yes,,27.725263783759825,85.36316384327425,163.76
yes,,27.72700973263769,85.36334023341144,149.3
yes,,27.72679172773591,85.36355303590075,392.93
yes,,27.726782999988778,85.36321339997423,264.83
yes,,27.72682139998839,85.36309429998065,203.21
yes,,27.726846235217284,85.36299147076105,149.92
yes,,27.726862019497183,85.36289100230834,177.43
yes,,27.727098709894626,85.36297165053796,143.73
yes,,27.7270204052472,85.36310902992692,133.99
yes,,27.725547900008795,85.36307749998714,167.09
yes,,27.72578515001557,85.36321180000147,310.96
yes,,27.726306900003436,85.36278984999963,94.53
yes,,27.727069577366525,85.36200094400422,73.56
yes,,27.72718440450697,85.3620916282752,76.99
yes,,27.727258049999936,85.36214509999887,33.72
yes,,27.72725255251941,85.36198892945808,39.16
yes,,27.727286459271195,85.36183167801202,46.96
yes,,27.727194750006767,85.36195315000083,68.03
yes,,27.727146973584173,85.36182496496943,55.81
yes,,27.72703055002577,85.36181825000058,187.94
yes,,27.72723990000101,85.36171254999302,99.04
yes,,27.727010780271307,85.3616861020965,72.6
yes,,27.727017240108673,85.3615330165633,92.66
yes,,27.72705880000025,85.36209054999738,65.83
yes,,27.72718560000162,85.3623797999993,101.58
yes,,27.72706071825574,85.36223099657477,60.98
yes,,27.727083600005567,85.36234969999983,52.91
yes,,27.727221988116714,85.36227947066305,108.28
yes,,27.72718403055211,85.36249201621331,153.04
yes,,27.727066908240825,85.3627530027539,82.92
yes,,27.726987049567228,85.36275571322389,92.35
yes,,27.727230256742875,85.36271707551548,61.58
yes,,27.72715763445347,85.3627373834273,92.26
yes,,27.726701150011586,85.3628515499996,90.6
yes,,27.726740000014917,85.36195040000166,138.75
yes,,27.727031300616026,85.36108031639273,124.46
yes,,27.726844733697323,85.36129404163664,37.51
yes,,27.726911374330218,85.36131343552888,62.93
yes,,27.72668515000605,85.36139875000103,83.4
yes,,27.72681829742362,85.36149080029504,200.8
yes,,27.726753637083682,85.3611634387926,105.13
yes,,27.726599416017006,85.36134479856385,79.6
yes,,27.726087858919268,85.36149799748124,51.68
yes,,27.726044900005554,85.3614889500007,32.41
yes,,27.725939650009007,85.36200069999961,53.51
yes,,27.725785700002383,85.36218129999968,66.86
yes,,27.725387504061114,85.36182118010055,51.78
yes,,27.72597992303869,85.36142647510616,118.81
yes,,27.72644135000393,85.36273694999878,49.93
yes,,27.726604830141003,85.3628766120783,148.43
yes,,27.726650479815966,85.36234935574396,129.81
yes,,27.72631774579778,85.36147370280689,163.69
yes,,27.726835443709668,85.36175550041298,118.01
yes,,27.72674629999885,85.36245900000205,91.97
yes,,27.727143476339975,85.36168205478262,91.82
yes,,27.727219316792766,85.36109035091756,44.0
yes,,27.727136879381312,85.3612171939249,126.65
yes,,27.725457535365717,85.36658813055492,214.65
yes,,27.725490100017097,85.36764000000232,172.58
yes,,27.724924829456484,85.36755805683147,115.09
yes,,27.725019434486335,85.3675463672938,152.43
yes,,27.725119033012025,85.36746335111228,206.73
yes,,27.724935500010023,85.36734579999961,161.73
yes,,27.72505383966907,85.36726953769437,203.61
yes,,27.725127146037885,85.36717191932979,187.87
yes,,27.724860850706033,85.36675000156352,176.51
yes,,27.72503211773192,85.36674472183228,105.04
yes,,27.725012116320503,85.36652685338325,133.98
yes,,27.725213555671857,85.36692773038968,123.87
yes,,27.72519458316314,85.36677368926615,107.66
yes,,27.72517766559399,85.36656432278247,165.34
yes,,27.72491098844861,85.36772392314136,174.13
yes,,27.725059245716334,85.36770123250538,93.28
yes,,27.725306667544295,85.36788603523696,117.02
yes,,27.725225439607136,85.36833298224303,227.04
yes,,27.72538475788952,85.36834472574374,163.85
yes,,27.72547427757535,85.36837890823541,147.7
yes,,27.725471931551365,85.36866724322714,94.29
yes,,27.7254199119827,85.36880654366252,128.62
yes,,27.725353132033263,85.3689125482757,104.21
yes,,27.725574350004134,85.36920594999273,130.1
yes,,27.725455381067952,85.36913569374755,47.6
yes,,27.725621386435822,85.36902119579739,106.77
yes,,27.725691646567498,85.36905437457166,101.1
yes,,27.725735311386618,85.36891601664065,94.44
yes,,27.725770012933463,85.36908955943346,116.54
yes,,27.72581580001351,85.36897155000771,117.01
yes,,27.725780382749385,85.36874994723505,122.7
yes,,27.725831700006246,85.36847245000368,102.41
yes,,27.725727627390146,85.36832212625178,85.56
yes,,27.725758832607355,85.36824173041661,69.42
yes,,27.725896170562738,85.36826164068763,45.4
yes,,27.726033909710484,85.3683481836961,85.62
yes,,27.72608525803891,85.36804596646233,33.32
yes,,27.726037482622903,85.36803669394133,24.9
yes,,27.726000398009788,85.36798823296316,29.13
yes,,27.7258767000038,85.36782955000459,52.06
yes,,27.72580946837922,85.36792845654776,109.95
yes,,27.726009614727563,85.36771151056577,236.67
yes,,27.725927119400062,85.36757559593823,138.49
yes,,27.726020632103424,85.3674532298026,75.72
yes,,27.726073500300163,85.36742211896089,30.25
yes,,27.726133735670306,85.36736252234056,69.5
yes,,27.72619596622959,85.36729145337118,47.74
yes,,27.726275046258973,85.36747389658375,102.93
yes,,27.726252802160612,85.36735445242034,117.61
yes,,27.7264260833686,85.36760435029436,101.64
yes,,27.7264840500065,85.36751794999645,108.61
yes,,27.7263255410997,85.3676977829711,225.62
yes,,27.726216483576202,85.36763446778404,109.93
yes,,27.726116200006366,85.3675182500086,70.73
yes,,27.726161009061993,85.3675651514938,80.04
yes,,27.725950500007972,85.3673067499971,124.8
yes,,27.7258804339079,85.36720787158016,159.76
yes,,27.726029417389977,85.36708361914707,89.27
yes,,27.72594605281316,85.36695750945441,92.13
yes,,27.725879171157764,85.36689005558819,57.13
yes,,27.72582180812603,85.3668363362269,61.77
yes,,27.72576319741763,85.36678196675494,57.26
yes,,27.725780100008294,85.36703689999807,127.93
yes,,27.72575502937062,85.36691180957817,95.32
yes,,27.72571056060535,85.36685397662238,91.04
yes,,27.72568542114841,85.36656597758369,65.63
yes,,27.72565989167798,85.36667047313759,136.09
yes,,27.725815646661335,85.36652059084561,101.66
yes,,27.72556657030625,85.36695808524874,75.65
yes,,27.725427719108872,85.36734168062851,162.5
yes,,27.725421884754226,85.36721097603638,129.05
yes,,27.720129450194992,85.35938326058374,248.22
yes,,27.720116318322773,85.35896898461392,100.03
yes,,27.720062718202097,85.35928807445373,135.69
yes,,27.720284949996604,85.35976765000116,78.31
yes,,27.72025934999548,85.35959405000222,61.3
yes,,27.720136968489822,85.35978154905109,94.26
yes,,27.72040624117537,85.36070641535203,175.29
yes,,27.720294550020142,85.36071844998507,111.49
yes,,27.720242151217043,85.36072891147768,88.79
yes,,27.72025943679827,85.36057810611966,23.66
yes,,27.72036094110782,85.36056841222337,93.27
yes,,27.720261237978917,85.36048378434012,143.15
yes,,27.72036027112428,85.36042439516787,53.35
yes,,27.720352299993426,85.36035790000584,67.0
yes,,27.72034620149919,85.3602790432877,85.42
yes,,27.720400923793996,85.36088968327137,17.91
yes,,27.720469551488712,85.36088475463812,41.47
yes,,27.72046420174018,85.36094555030311,45.38
yes,,27.720376685480876,85.36098675649508,122.01
yes,,27.72021738967016,85.36101017827609,48.99
yes,,27.720235200495125,85.36093785309572,90.1
yes,,27.720140271691665,85.36091145085872,104.99
yes,,27.720061500831655,85.36087652859354,75.51
yes,,27.720094856867913,85.36074540831684,202.9
yes,,27.7200754500053,85.3605967499995,98.61
yes,,27.72011444467109,85.36024493924656,261.05
yes,,27.72032234999781,85.36010370000267,45.9
yes,,27.720291268078046,85.35993206591317,113.76
yes,,27.7201237284965,85.3599623126733,493.48
yes,,27.72653799544566,85.36596316085662,416.52
yes,,27.72683419243761,85.36600205219713,327.52
yes,,27.72694593018516,85.3660964916003,173.34
yes,,27.72688748818625,85.36618930586266,62.17
yes,,27.726863750973287,85.36623860853734,61.45
yes,,27.72681533057446,85.36629749010572,147.15
yes,,27.726881231907765,85.36477931832196,130.33
yes,,27.726715810369654,85.36452039839016,99.06
yes,,27.72662858272129,85.36452281625856,112.08
yes,,27.726665200009933,85.36433629998906,111.86
yes,,27.725526500017907,85.36541494999088,228.04
yes,,27.725195361391844,85.36523285145367,288.72
yes,,27.724998828623963,85.3654373611101,106.05
yes,,27.72534998197032,85.36542301902193,206.82
yes,,27.725274672181335,85.36561255665023,140.58
yes,,27.72541180888902,85.36610090652263,159.82
yes,,27.726231316972765,85.36520248022872,135.52
yes,,27.72233375002297,85.3704476000025,187.95
yes,,27.722131900000036,85.37180605000148,77.27
yes,,27.7221755000048,85.3712299999963,112.36
yes,,27.72209657165108,85.37052896113896,100.19
yes,,27.722448049914657,85.36992870253049,191.86
yes,,27.722353300005345,85.37012604999862,121.92
yes,,27.722096150017634,85.37011955000395,118.61
yes,,27.72214099995038,85.36982799996338,167.19
yes,,27.72220624999778,85.36995664999283,177.69
yes,,27.722354750002566,85.36973584999532,182.39
yes,,27.722359850005933,85.36958660000035,86.78
yes,,27.72225435001772,85.36941730000036,164.98
yes,,27.72728334313779,85.36098795455618,125.97
yes,,27.727193401072185,85.3609837568241,98.97
yes,,27.727198103056484,85.36084832348499,116.33
yes,,27.727266369530724,85.36034988030967,76.25
yes,,27.72715382599172,85.36043177880077,103.68
yes,,27.727013329193806,85.36024196163986,126.65
yes,,27.72686951204869,85.36000977227691,129.13
yes,,27.726989200066775,85.36050659999994,241.78
yes,,27.726774618414805,85.36091765804302,129.21
yes,,27.726693863579648,85.36076559183702,132.99
yes,,27.726612402659295,85.3608823220974,147.58
yes,,27.726603122027484,85.36076396194824,98.69
yes,,27.726504349152066,85.36097498176818,342.43
yes,,27.726394299993665,85.36081114999462,108.63
yes,,27.726322229364932,85.36096166198682,161.89
yes,,27.726294974788917,85.36080864072304,99.97
yes,,27.726166499985922,85.36095654999096,106.05
yes,,27.726217084709127,85.3608228986389,145.9
yes,,27.72649211690441,85.36067750864338,153.95
yes,,27.72610706280059,85.36081170632035,146.3
yes,,27.7263477400648,85.36050556529595,54.17
yes,,27.726256471937816,85.36069605324609,85.27
yes,,27.726309685776663,85.36063212253794,37.72
yes,,27.726854600021767,85.36038939999935,239.24
yes,,27.726763707802657,85.3601563895567,118.0
yes,,27.726581704594658,85.36047777422532,45.12
yes,,27.726519135794952,85.36020337964801,171.86
yes,,27.726469844857796,85.36033941677749,248.48
yes,,27.72632026247305,85.3603668597175,141.13
yes,,27.726324323029353,85.36023040719887,132.17
yes,,27.72615470686008,85.36038583275557,247.62
yes,,27.726207758958918,85.36022027548397,97.16
yes,,27.725485408808765,85.35872594700088,144.21
yes,,27.725846253391047,85.35991572001589,29.55
yes,,27.725899576706944,85.3598783802995,142.04
yes,,27.725980300003926,85.36043859999933,36.58
yes,Bodhi guest house,27.725932042741118,85.36076890024515,196.0
yes,,27.725883796441163,85.36005354009721,264.5
yes,,27.725910146839613,85.36021484353942,278.1
yes,,27.725912348836495,85.36034124574893,233.21
yes,,27.725751235151616,85.35982928645345,81.23
yes,,27.725842700003476,85.35975425001196,120.41
yes,,27.725651054553257,85.36018743011657,290.63
yes,,27.725557800568012,85.35989475273455,154.64
yes,,27.725615050030786,85.35993520003863,169.07
yes,,27.7253429029195,85.36080811275214,180.86
yes,,27.725239687828882,85.36072649730467,436.09
yes,,27.725102330459478,85.36090560262619,231.9
semidetached_house,,27.724869108212207,85.36078222939524,119.47
semidetached_house,,27.724941543801766,85.36082646769933,114.4
yes,,27.724977250025486,85.36057394990023,991.96
yes,,27.725352149126543,85.35994316731639,42.47
yes,,27.724857753924283,85.35844722468957,62.51
yes,,27.725148854580283,85.35872148341487,161.96
yes,,27.72731817320665,85.35965658678037,251.61
yes,,27.72725052214044,85.35986876878671,242.86
yes,,27.727214996246357,85.36002966782048,92.92
yes,,27.727059842270425,85.35965665446415,311.01
yes,,27.727025699991657,85.35983639998027,265.52
yes,,27.72679965311398,85.35979549156238,283.12
yes,,27.72687551297755,85.35964339794297,267.58
yes,,27.727026654233597,85.3592247470577,86.53
yes,,27.727204700015264,85.35911650000438,66.58
yes,,27.726931239456558,85.35904288576931,87.26
yes,,27.726876653097055,85.35893969606893,160.61
yes,,27.726972600576048,85.35892180068107,160.94
yes,,27.727062456876162,85.35899638056529,68.58
yes,,27.727168049551427,85.35896377741328,123.07
yes,,27.727051293730103,85.35873726016683,243.51
yes,,27.727067052436716,85.35858712944072,123.25
yes,,27.726459747330185,85.35834919174872,147.37
yes,,27.72655138344783,85.35840051296998,184.97
yes,,27.72663069510959,85.35846883322542,155.95
yes,,27.7268859142543,85.35928714663294,285.62
yes,,27.72678011115895,85.35913347407816,145.55
yes,,27.726673484363566,85.35899038616441,112.44
yes,,27.72663819462981,85.35911232861368,115.84
yes,,27.72660096276083,85.35930372525723,182.54
yes,,27.726552900012784,85.35884969999961,179.65
yes,,27.726608993905025,85.35973481842456,124.14
yes,,27.725582190361525,85.36890422515175,131.87
yes,,27.725456850001375,85.36895134999747,45.28
yes,,27.725696500004645,85.36862069999412,124.51
yes,,27.725073521687833,85.36846606594311,99.72
yes,,27.725154376809254,85.36850809015992,151.81
yes,,27.725135955771872,85.36879082817048,103.88
yes,,27.72528169808249,85.36875716831317,153.21
yes,,27.725078425261366,85.36826681017976,186.45
yes,,27.72678415000413,85.36655829999837,72.55
yes,,27.72683288180779,85.3676243585624,144.45
yes,,27.72688286316269,85.36747441152505,197.83
yes,,27.72690029433273,85.36736285773758,147.61
yes,,27.726873469361927,85.36715196822293,89.48
yes,,27.72691001064584,85.36725788216471,150.21
yes,,27.726126288426595,85.36654923023228,390.19
yes,,27.72603614303718,85.36673256575858,281.59
yes,,27.726597200006807,85.3669657500026,82.25
yes,,27.72656210000808,85.36685000000413,98.36
yes,,27.726661983755694,85.36673875105018,40.46
yes,,27.72677436768422,85.36677940268409,111.26
yes,,27.72698709106132,85.36694997074018,157.2
yes,,27.72700372588632,85.36684968605967,95.42
yes,,27.726998966932687,85.36671905031068,136.28
yes,,27.72625061504618,85.3670041090737,218.59
yes,,27.725831900006554,85.36744920000606,111.14
yes,,27.725734129198436,85.36741290758728,274.12
yes,,27.725582650002742,85.36736519999968,55.81
yes,,27.725624253108933,85.36726737797534,119.79
yes,,27.725605679318072,85.36718590423706,156.96
yes,,27.725586594209936,85.36709329326675,153.57
yes,,27.72538724604668,85.36673455121247,105.65
yes,,27.72549822122284,85.36679577055043,267.57
yes,,27.726557282419535,85.36774568310179,109.74
yes,,27.726880566865205,85.3682825507818,36.3
yes,,27.726875125452146,85.36820624475729,44.39
yes,,27.72669728336745,85.3681454001462,409.33
yes,,27.72651913391543,85.3679886014515,100.58
yes,,27.72646899695277,85.36786178453099,222.03
yes,,27.72646745526371,85.36841246156315,453.99
yes,,27.72636196719494,85.36829567915649,547.58
yes,,27.726804198927187,85.36911283314596,91.61
yes,,27.726747250016793,85.36893689998848,184.74
yes,,27.72685321336288,85.36832899816551,69.42
yes,,27.726828000002044,85.36840029998586,72.19
yes,,27.72689424997528,85.36814069624211,103.08
yes,,27.726918649564865,85.36802174595924,124.05
yes,,27.727110976710847,85.36884273155778,69.9
yes,,27.72711387042256,85.36869745409786,194.73
yes,,27.72710637643817,85.36825924236923,73.86
yes,,27.72713169082553,85.36847202402186,127.35
yes,,27.727129259513482,85.36802082579688,171.86
yes,,27.72713423673795,85.36813182653138,174.36
yes,,27.726739566041008,85.3685742596012,142.06
yes,,27.7268509985895,85.36874527731416,316.14
yes,,27.726903951208584,85.3688753511798,149.87
yes,,27.726829963134065,85.36861038291687,110.04
yes,,27.72692833155311,85.36896574669647,131.33
yes,,27.72695635000484,85.36905970000366,104.89
yes,,27.726460694658797,85.3687531075772,100.48
yes,,27.72639220000536,85.36867105000498,74.38
yes,,27.726568700004943,85.36869414999845,80.29
yes,,27.72635120000508,85.36859310000598,60.74
yes,,27.726297215718315,85.36853295495943,54.65
yes,,27.72624570000408,85.36847890000529,60.73
yes,,27.72619825000468,85.368417750007,58.84
yes,,27.72612974651869,85.36838483407263,63.11
yes,,27.726103250010528,85.36863585001946,122.7
yes,,27.726216116579042,85.36870779848981,58.77
yes,,27.72616035000326,85.36876504999626,53.56
yes,,27.726416500010345,85.36917990001358,175.66
yes,,27.726404066679148,85.36889755008968,98.81
yes,,27.726328100005677,85.36898879999514,90.78
yes,,27.726276584019782,85.36884194538928,151.3
yes,,27.72614974529073,85.36901008854485,109.16
yes,,27.72608848741762,85.3689428445555,101.7
yes,,27.72603130000626,85.36888065000514,90.25
yes,,27.72597300188764,85.36882450455742,103.1
yes,,27.725918183391133,85.36875479887945,105.59
yes,,27.725859702163174,85.36861068423507,102.0
yes,,27.725930434489687,85.36853710542552,69.72
yes,,27.725991200005954,85.36847164999261,82.9
yes,,27.726418250006226,85.36676195000571,57.02
yes,,27.726427045924765,85.36707070518958,218.44
yes,,27.72624933475911,85.36681143571451,165.87
yes,,27.726419005444036,85.36657885548193,77.12
yes,,27.72567032176699,85.36783118050735,87.11
yes,,27.726252592583236,85.36805453408905,118.65
yes,,27.726233566318967,85.36796485170825,117.83
yes,,27.726180205680016,85.36789345294086,119.03
yes,,27.7249567000129,85.36905990000199,88.22
yes,,27.724993749998493,85.3689441499939,84.81
yes,,27.725221122200576,85.36920275868718,98.91
yes,,27.72524730703164,85.36906029544622,281.66
yes,,27.722862855627387,85.36298235288004,140.0
yes,,27.722996300003587,85.36275969999676,100.6
yes,,27.72282805000691,85.36256920000075,98.13
yes,,27.722949721468666,85.36190330646137,153.37
yes,,27.722864336817278,85.36174244285803,110.25
yes,,27.722627900483452,85.36240749890936,278.27
yes,,27.72252306173579,85.36215417773143,286.37
yes,,27.7228229697859,85.36153603796032,118.3
yes,,27.7226840073688,85.36156017387049,241.67
yes,,27.722680776733096,85.36137969442937,152.67
yes,,27.722746800304016,85.36121731142089,130.91
yes,,27.722830440969954,85.36110335175529,80.09
yes,,27.72298198363439,85.36126416263544,268.47
yes,,27.723433400018596,85.36130525000416,186.47
yes,,27.724277952647377,85.36219094044982,132.93
yes,,27.723548452041236,85.36168479806905,175.09
yes,,27.723794867034048,85.36146473086225,358.45
yes,,27.724002250008315,85.36123370000014,117.06
yes,,27.724235854907906,85.3615817323858,91.21
yes,,27.72385464653196,85.36200836039144,177.37
yes,,27.724077050009022,85.36185105001186,66.25
yes,,27.724250300013455,85.36186755001926,142.23
yes,,27.72456225061382,85.36158663276007,157.32
yes,,27.724743031022648,85.36188941133229,307.25
yes,,27.723563175630026,85.36373109143423,100.96
yes,,27.72371053301947,85.36370294745407,94.65
yes,,27.72362014638932,85.36363216692442,105.78
yes,,27.723775350012613,85.36354559996619,310.6
yes,,27.723409060550427,85.36333287672697,310.32
yes,,27.72349271805982,85.3631249089235,111.06
yes,,27.723411374382017,85.36309525917817,121.03
yes,,27.723536541206787,85.36299765570902,160.96
yes,,27.723563450001244,85.3629027999865,115.89
yes,,27.72408000002443,85.3620571000453,292.38
yes,,27.72392525234426,85.36190028224532,158.83
yes,,27.72368803183546,85.36193453719828,113.68
yes,,27.72374610171218,85.36196197004301,81.2
yes,,27.723396050007224,85.36180970000093,97.45
yes,,27.723452200008158,85.36164589999952,133.08
yes,,27.72369255964591,85.36217063107004,371.11
yes,,27.723443200003178,85.36236669997525,306.97
yes,,27.723082157602203,85.36205978121305,159.27
yes,,27.7227662591796,85.3628505394017,147.73
yes,,27.722716399595168,85.36296654976047,157.24
yes,,27.722659668279846,85.36280000583162,133.01
yes,,27.722629644900174,85.3628828538106,74.86
yes,,27.722595909575162,85.36293510622475,99.65
yes,,27.722714268085653,85.36270255370204,78.75
yes,,27.722814401867844,85.36272423245329,103.61
yes,,27.722650710019145,85.36315182912426,152.09
yes,,27.722513640789785,85.36325558449245,226.09
yes,,27.722551206172774,85.36310687975461,108.16
yes,,27.722501273600837,85.36279863244349,262.45
yes,,27.722588580222535,85.36260448188818,221.66
yes,,27.723158003754335,85.36311437782217,113.36
yes,,27.72322723114778,85.36316599299839,103.38
yes,,27.723290500017114,85.36302400000805,126.3
yes,,27.723093686625642,85.36303884247276,148.2
yes,,27.7233424456666,85.3627552438683,290.81
yes,,27.72330900000286,85.36259529999182,146.12
yes,,27.723132391017508,85.36272906158025,145.47
yes,,27.723012866933804,85.36247343090008,191.63
yes,,27.724081862641928,85.3616161438104,84.97
yes,,27.724041351450005,85.36171723278063,209.86
yes,,27.726779598062585,85.36388662758502,337.45
yes,,27.72669790810471,85.36405341727225,48.38
yes,,27.726664467980413,85.36398324338501,89.51
yes,,27.717010724861602,85.3491330869089,49.4
yes,,27.717065649694533,85.3491197596352,21.32
yes,,27.71710591430422,85.34911605282768,17.59
yes,,27.717092178701904,85.34905811909238,25.97
yes,,27.717010650000987,85.34931309999992,11.94
yes,,27.716970381066815,85.34924297279177,84.46
yes,,27.71694770270993,85.34915091966678,62.77
yes,,27.717104100003294,85.34943465000033,32.97
yes,,27.717071966676798,85.34950205131884,69.76
yes,,27.717034944579904,85.34970075675604,42.03
yes,,27.717078909704743,85.34961101058678,70.6
yes,,27.717160952619388,85.34956908893814,121.53
apartments,,27.717524848868617,85.34763705198041,185.13
yes,,27.71744310601946,85.34778064098195,91.14
yes,,27.717424711980374,85.34787346313985,104.9
yes,,27.717486339520462,85.34798429445823,112.72
yes,,27.71755964379051,85.3479938397435,83.72
yes,,27.71752563947574,85.34828459064511,151.6
yes,,27.71740407179106,85.34799829472905,78.26
yes,,27.71759219742488,85.34843179141674,89.43
yes,,27.717561700009252,85.34863009999498,251.45
yes,,27.717529999999535,85.34874429999823,40.22
yes,,27.717358659263216,85.34875849287755,93.34
yes,,27.717402772137365,85.34868110216718,90.34
yes,,27.717420142456387,85.34855447273142,120.04
yes,,27.717342008005367,85.34839704761106,63.51
yes,,27.71731664056814,85.34850186969305,78.7
yes,,27.717280680076243,85.34858892975834,67.14
yes,,27.717267211736388,85.34841058277222,146.03
yes,,27.717049377016107,85.34847906446097,250.15
yes,,27.71713954705587,85.34847825686829,171.84
yes,,27.71719318611188,85.34863928183229,62.68
yes,,27.717033897112056,85.34868812746437,80.58
yes,,27.71717280744244,85.34872307534782,40.58
yes,,27.717244817348856,85.34879195921039,65.96
yes,,27.71717489969165,85.34884368510903,76.45
yes,,27.71720524556128,85.34891407452925,54.85
yes,,27.717214660910567,85.34896966124239,62.02
yes,,27.717262755635318,85.34908894375886,125.9
yes,,27.71729324440105,85.34902074362482,65.06
yes,,27.71733615285412,85.34889242854902,55.46
yes,,27.717397544561216,85.34891030096071,76.2
yes,,27.717461955948863,85.34880498942515,57.17
yes,,27.71752615129446,85.34886650039748,78.32
yes,,27.717522864187355,85.34906535274958,124.5
yes,,27.717522999999836,85.34921639999924,56.25
yes,,27.717451947377693,85.34948312337008,175.73
yes,,27.717456835600093,85.34936088711129,78.54
yes,,27.71757660687206,85.34953737605632,72.65
yes,,27.71748857109423,85.3498145278187,72.77
yes,,27.717540723328543,85.34974700506025,38.7
yes,,27.717526722671977,85.34963858680264,135.78
yes,,27.717476290629854,85.34991667636105,145.58
yes,,27.717223399997188,85.34947425000392,73.05
yes,,27.717212474708457,85.3493944296543,106.06
yes,,27.717215490614695,85.34929373855404,51.1
yes,,27.717034631744163,85.34960363184699,65.88
yes,,27.717041174558176,85.34980089761001,100.71
yes,,27.716919400003956,85.3497173500021,22.6
yes,,27.716870347921404,85.34978417086911,25.58
yes,,27.71696001448224,85.34975428391225,40.8
yes,,27.71692232107604,85.34987268000118,64.91
yes,,27.716913229115534,85.34997634023362,56.9
yes,,27.71678194105009,85.34985690227627,86.74
yes,,27.71677383106904,85.34960956029698,78.29
yes,,27.7168530976489,85.34960222548607,89.59
yes,,27.7168855242413,85.34950320437218,63.09
yes,,27.716957977757875,85.3495007667365,64.39
yes,,27.716955519900804,85.34940404544201,87.75
yes,,27.716849539058284,85.34926487450728,47.93
yes,,27.71685063623888,85.34918038386282,92.43
yes,,27.716865536432376,85.34904664573949,75.16
yes,,27.71686135982116,85.34893493218053,63.05
yes,,27.716956343860797,85.3489775092093,91.1
yes,,27.716578172420974,85.34935530413297,30.36
yes,,27.716664518490788,85.34934314220193,26.79
yes,,27.716625834830083,85.3493954995192,26.85
yes,,27.716671300263236,85.34940297435496,52.15
yes,,27.71666130000251,85.34953089999654,122.5
yes,,27.716616811854433,85.34966347687185,158.12
yes,,27.716595522134345,85.34980155639758,244.41
yes,,27.716236054265156,85.34911351408907,176.31
yes,,27.71631395172961,85.34909002070138,21.77
yes,,27.716369219647866,85.34910385409533,106.58
yes,,27.716431557959158,85.34909074311368,74.24
yes,,27.716501050007913,85.3490973500001,66.48
yes,,27.716159352966212,85.3489636526486,50.33
yes,,27.71568327576421,85.34981344204945,77.47
yes,,27.71561110689531,85.34978794095859,89.56
yes,,27.715463812063525,85.34959957658822,15.31
yes,,27.715240478632637,85.3494391967797,48.15
yes,,27.71519912440617,85.34976318808657,102.95
yes,,27.715217358658574,85.34987858906423,71.95
yes,,27.715914200001045,85.35010554999651,92.96
yes,,27.71581620237935,85.3501508798885,68.5
yes,,27.716305453570772,85.34985080138021,180.54
yes,,27.716206729559744,85.34983349555598,91.99
yes,,27.716126949638817,85.34962607221259,33.8
yes,,27.716283982917925,85.34957574561967,127.82
yes,,27.716183250002814,85.34954989999949,57.26
yes,,27.71611687091237,85.34981458655862,87.03
yes,,27.715983994142228,85.34979457356589,81.53
yes,,27.71580227263981,85.34967859409741,45.96
yes,,27.715741411610246,85.34974025589506,57.81
yes,,27.71548590843276,85.34984467295932,174.63
yes,,27.71596909999703,85.34966369999314,55.3
yes,,27.715983513618692,85.34934650101172,60.24
yes,,27.716077874351484,85.34934316197271,95.24
yes,,27.71605952174626,85.34948816640731,78.23
yes,,27.715969420992227,85.34943978832857,154.93
yes,,27.716040366849693,85.34957471516414,77.07
yes,,27.71582535909323,85.3494347514988,120.5
yes,,27.7166373763892,85.34857486344535,62.78
yes,,27.71671633989093,85.34862889316086,109.56
yes,,27.716904969430487,85.34872872845276,63.23
yes,,27.7168528313799,85.34878186010728,48.27
yes,,27.716835472743064,85.34869402209425,21.54
yes,,27.71672706009773,85.34880908784392,47.56
yes,,27.71677397311567,85.34879375027126,28.61
yes,,27.7167807376545,85.34872013374209,71.67
yes,,27.716812453314333,85.34862881170562,69.95
yes,,27.716587052739282,85.34876948064209,112.3
yes,,27.716449264234672,85.34870170460269,91.19
yes,,27.716427040071913,85.34884462396846,115.67
yes,,27.726866961341173,85.3640376135006,502.07
yes,,27.72685875674254,85.36431837082043,67.01
yes,,27.72691855000288,85.36438739999944,23.45
yes,,27.727044217282625,85.36450306909859,57.14
yes,,27.727048214205308,85.36442459000358,66.37
yes,,27.72706904199792,85.36437126773738,52.22
yes,,27.727094580231878,85.3643062329565,52.95
yes,,27.727137420830015,85.36423213329105,63.24
yes,,27.727095943656742,85.36413045526332,46.95
yes,,27.727069476018816,85.36418971680172,55.16
yes,,27.72703371776707,85.36424895836254,48.28
yes,,27.726996015932677,85.36429090161329,46.08
yes,,27.727176283029436,85.36417189922659,45.97
yes,,27.727263569662718,85.36404215113635,62.3
yes,,27.727218801342453,85.36407863391223,67.08
yes,,27.727207762501134,85.36471920326592,75.35
yes,,27.727120099803304,85.36457175209813,72.51
yes,,27.72716887194581,85.3646524020923,130.39
yes,,27.72646605813269,85.36479138526003,248.76
yes,,27.726531502033247,85.36467555055755,131.56
yes,,27.72636008575351,85.36471130597913,149.57
yes,,27.72621379470214,85.36501063884751,98.78
yes,,27.726290599175243,85.36509695200353,128.46
yes,,27.726377280302067,85.36501163926586,201.02
yes,,27.726283365682082,85.36488783700652,163.19
yes,,27.726388079347522,85.36488746274603,62.72
yes,,27.726635500984578,85.3648363985333,222.8
yes,,27.726807445040105,85.36502323967468,564.67
yes,,27.726651625147902,85.3651321372495,65.98
yes,,27.726622177402934,85.36502197361641,100.15
yes,,27.72648554435376,85.36521378632355,109.26
yes,,27.726520326247105,85.36514391146675,94.79
yes,,27.726567509710602,85.36510131473187,76.94
yes,,27.72641576018838,85.36532332691152,189.74
yes,,27.726365047230082,85.36542998269418,95.57
yes,,27.726299215835017,85.36534473070068,110.87
yes,,27.717088430927717,85.34932941604782,66.49
yes,,27.71710495035128,85.34919834348224,72.23
yes,,27.716753618515384,85.34929083592506,50.15
yes,,27.716706734073618,85.34920675656127,80.91
yes,,27.71668625752858,85.34902367620715,52.19
yes,,27.71678126442697,85.34894745479295,98.94
yes,,27.717121887067865,85.35007635709914,153.86
yes,,27.71678934998374,85.3499689999965,103.4
yes,,27.716834098426975,85.34935989188642,146.34
yes,,27.717202881456203,85.34993159044613,30.36
yes,,27.717357127531965,85.3499662107673,53.73
yes,,27.71729399507635,85.3499873064347,51.45
yes,,27.717020250011803,85.34996229999952,61.7
yes,,27.717284994374108,85.34972046518683,105.4
yes,,27.717105433086317,85.3498473439495,19.91
yes,,27.71711476943706,85.3497917509043,46.77
yes,,27.71715799994465,85.34971325261347,49.49
yes,,27.717196187006138,85.34979590586329,90.99
yes,,27.726260181496215,85.36555071974183,94.1
yes,,27.726312372884415,85.36563659018776,101.35
yes,,27.726386752153076,85.3656019471018,130.45
yes,,27.72646804571668,85.36556208617183,131.5
yes,,27.72623125920874,85.36574190877033,219.65
yes,,27.726140821762858,85.36556036476544,119.74
yes,,27.726202559912878,85.36539277492777,54.54
yes,,27.72560110933738,85.36569185215586,193.33
yes,,27.725551830930865,85.36588564354759,138.39
yes,,27.725715570136526,85.36583675414344,121.85
yes,,27.725883042956568,85.36583579831037,109.01
yes,,27.72704403270451,85.36561228626208,558.47
yes,,27.726906074404432,85.36567465080861,406.54
yes,,27.726792400776706,85.36565580009957,183.19
yes,,27.72669444774537,85.36570510186448,227.43
yes,,27.726552150005798,85.3657499000119,289.89
yes,,27.72631510076867,85.36583949996991,200.78
yes,,27.727008415265523,85.36539140168286,175.71
yes,,27.727071394025668,85.36510693640771,150.27
yes,,27.72697701180919,85.36501857183059,160.37
yes,,27.727178504226757,85.36607103563847,101.54
yes,,27.727139749120848,85.36614089229441,109.75
yes,,27.72712620771223,85.3662162170917,80.38
yes,,27.727096359589048,85.36629755086052,131.07
yes,,27.727103502271426,85.36592003943645,115.13
yes,,27.726978180638188,85.36592232137703,184.52
yes,,27.726954516732143,85.36633843861878,47.91
yes,,27.72692245979812,85.36644843133269,154.46
yes,,27.7261454767856,85.36429522333417,189.76
yes,,27.725513647632813,85.36417720426543,221.52
yes,,27.725784850002686,85.36395825000226,46.35
yes,,27.725031792477267,85.36452139834127,125.26
yes,,27.72497414976394,85.36437121266769,133.68
yes,,27.725069509866774,85.36422654877651,160.58
yes,,27.725166650011836,85.36429474999272,209.6
yes,,27.725198421587532,85.3644512923826,344.92
yes,,27.724979588751967,85.36467295817846,120.05
yes,,27.724916642261746,85.36463096444177,56.18
yes,,27.725507420201172,85.36461601143587,163.27
yes,,27.725374438732437,85.36439988731712,36.6
yes,,27.725181197248947,85.36489508369596,124.83
yes,,27.725097050007815,85.36480445001771,56.02
yes,,27.725057004546226,85.36476916671583,97.13
yes,,27.725665786885273,85.36464020225368,87.84
yes,,27.72576154339956,85.36474529911524,136.75
yes,,27.721310026128997,85.35187952529998,156.26
yes,,27.72143008675517,85.35191563939674,101.88
yes,,27.72132600498287,85.35203166763107,179.04
yes,,27.721312910643643,85.35235486215277,53.16
yes,,27.721365299682866,85.35240866520172,31.56
yes,,27.7213179523518,85.35243969454964,28.95
yes,,27.721278151517637,85.35239780298939,45.07
yes,,27.721226264603683,85.35244006214428,35.88
yes,,27.72130342155101,85.35220852131201,205.56
yes,,27.721110080902534,85.35181100165978,49.94
yes,,27.721070913268687,85.35185334643725,34.41
yes,,27.720897800004504,85.35198374999756,71.39
yes,,27.721780794274164,85.35187013505401,42.48
yes,,27.721801811930614,85.35180877967733,24.56
yes,,27.72187582954649,85.3517077456724,149.03
yes,,27.721887243477283,85.35186729928407,71.05
yes,,27.721918080264725,85.35180819393263,118.77
yes,,27.7219626583934,85.35172966813093,97.21
yes,,27.722008868061184,85.3516625176395,80.89
yes,,27.72229680632032,85.35110096692078,66.15
yes,,27.722255640042974,85.35121084422745,105.87
yes,,27.722206765108197,85.35130332095008,115.18
yes,,27.722277807550284,85.3513477291077,75.34
yes,,27.72209041985041,85.35196916599625,98.25
yes,,27.722007850009057,85.35189600000774,80.88
yes,,27.72209225806908,85.35182616142772,98.03
yes,,27.722052900000616,85.35150329999996,9.6
yes,,27.722127306020628,85.35158148159677,39.27
yes,,27.722157291573545,85.35152812985473,39.43
yes,,27.722120871864753,85.35141143664988,72.74
yes,,27.722188002231825,85.35146052908767,85.51
yes,,27.722175454990836,85.35171795781525,51.49
yes,,27.722191692144122,85.35163454707246,82.06
yes,,27.722226823415962,85.35157800106929,73.54
yes,,27.72227029292805,85.35150687626022,113.79
yes,,27.72226111396606,85.35177853834155,65.8
yes,,27.722297048313827,85.35172204035666,50.67
yes,,27.722331127036412,85.35168107879525,52.74
yes,,27.72236340368099,85.35161995401788,47.33
yes,,27.72235855174341,85.35124350264019,119.26
yes,,27.7225016756169,85.35119028812561,78.72
yes,,27.722389950005976,85.35139575000153,79.76
yes,,27.722193279232673,85.35206139584251,66.41
yes,,27.722263304014287,85.35189412888978,130.57
yes,,27.722336578687898,85.35210519748009,145.12
yes,,27.722469396220433,85.3525420912474,134.23
yes,,27.7223313397272,85.3523436382047,59.95
yes,,27.722388705235637,85.35238307572472,57.39
yes,,27.722373914904676,85.35244438069901,18.3
yes,,27.722479141674626,85.35266949087226,103.84
yes,,27.72196297867114,85.35206090898244,58.41
yes,,27.721967407135008,85.35214994577854,89.1
yes,,27.72205166668822,85.35222290134467,94.99
yes,,27.72167231039382,85.35227759339928,119.85
yes,,27.7219193654986,85.35225921897138,143.62
yes,,27.72196412476197,85.3524361988984,143.16
yes,,27.721710795575657,85.35212036262423,118.83
yes,,27.72178923861262,85.3521703189978,106.19
yes,,27.721835292631265,85.3520587171511,121.69
yes,,27.722174761686606,85.3523249904015,59.2
yes,,27.722102819271857,85.35229535816093,56.33
yes,,27.722220462300243,85.35252228845931,38.67
yes,,27.7223106863224,85.35257132357525,30.02
yes,,27.722287474782835,85.3525044024166,33.22
yes,,27.72218951045675,85.35241262581788,81.26
yes,,27.722221160019632,85.3528481459345,77.79
yes,,27.722205095285005,85.35264449944503,64.45
yes,,27.72207905783373,85.35238908339099,80.26
yes,,27.722061339157904,85.3524802693115,89.73
yes,,27.722123283826626,85.3525661471503,76.97
yes,,27.721996298161372,85.35254386728523,72.53
yes,,27.722074250006006,85.35264809999497,100.8
yes,,27.72199522681223,85.35285206191632,95.07
yes,,27.721694222184475,85.35251266077289,80.07
yes,,27.721791719136625,85.35244160194362,79.26
yes,,27.721563166679047,85.35245639716375,137.27
yes,,27.721621800690492,85.3523586333829,96.85
yes,,27.721946464685328,85.35266504185593,137.22
yes,,27.72188835000835,85.35279940000385,119.12
yes,,27.721704739117936,85.35271825048567,21.66
yes,,27.72177643044459,85.3526768630021,76.15
yes,,27.72187703522018,85.35256393203993,38.36
yes,,27.72183420103487,85.35261226664043,58.61
yes,,27.721647372611336,85.35256830658535,101.0
yes,,27.721609046785996,85.35272063383712,92.02
yes,,27.72155408796582,85.35266019057414,58.18
yes,,27.721429987117148,85.35275289744479,52.14
yes,,27.72148140000281,85.35275085000634,37.23
yes,,27.721520487676127,85.35283071118599,157.09
retail,,27.721193003263853,85.35281124173217,131.52
retail,,27.72103490764035,85.35263541364769,356.48
yes,,27.72567621173461,85.36530069536045,233.32
yes,,27.725917800003415,85.3643826499997,54.33
yes,,27.7259259500155,85.36456280000601,208.98
yes,,27.725804743270995,85.36501648380907,78.96
yes,,27.725907690261852,85.36507431498333,232.95
yes,,27.72615249531706,85.36466791690202,175.86
yes,,27.725823544875723,85.3653921292127,105.72
yes,,27.725856493218313,85.36545539234709,115.78
yes,,27.72593685000844,85.36526295002065,82.15
yes,,27.725821362001447,85.3652290963128,171.17
yes,,27.725717465503358,85.36550405459602,170.95
yes,,27.725719590764964,85.36564800817087,69.98
yes,,27.72578648537104,85.36556922185851,93.46
yes,,27.725852826671527,85.36565136715474,96.29
yes,,27.72601754756362,85.3654932358491,101.92
yes,,27.725951022373657,85.36557981906208,96.77
yes,,27.725906454441347,85.3655172982957,120.18
yes,,27.725623267158312,85.36559382015169,185.61
yes,,27.725215283538244,85.36479234531076,136.19
yes,,27.725363333306102,85.36453769106107,188.74
yes,,27.725427333605538,85.36509789705951,330.06
yes,,27.725315172886276,85.36497699960107,376.74
yes,,27.724867464625998,85.36504084522622,35.12
yes,,27.725079751845296,85.3652368725441,79.54
yes,,27.72499456121931,85.36579682298684,137.16
yes,,27.725017440966962,85.36563999006988,129.91
yes,,27.72531679663338,85.36582482272765,82.94
yes,,27.725352648366528,85.36575528667441,75.86
yes,,27.72524389195654,85.36619852366987,172.41
yes,,27.725208295050066,85.36600843635263,154.73
yes,,27.725411399988324,85.36620425000845,113.87
yes,,27.725300527704633,85.36611064349516,89.85
yes,,27.725391249363526,85.36593633724308,184.0
yes,,27.72516670139129,85.36634399898661,202.38
yes,,27.72515437453854,85.36619633087146,142.37
yes,,27.725115000009357,85.36600309999882,127.54
yes,,27.724975192178643,85.3663176258519,107.0
yes,,27.724951200001207,85.3661474000013,184.68
yes,,27.724926212364394,85.36595990858646,178.16
yes,,27.725781751155502,85.36643311670032,32.8
yes,,27.725683050001145,85.36641119999922,19.67
yes,,27.725465250005975,85.36644434999913,84.33
yes,,27.725461965500607,85.36630856478106,154.17
yes,,27.72620105749997,85.36632249427525,179.06
yes,,27.72606687899031,85.36621790226025,261.21
yes,,27.726459910573684,85.3664893210204,197.09
yes,,27.72656891359579,85.36638460651906,70.59
yes,,27.72660703159177,85.36630315020355,69.95
yes,,27.72659898347266,85.3641896283838,72.38
yes,,27.72651923718053,85.36436597338357,37.97
yes,,27.726735122605046,85.36526254555804,40.49
yes,,27.727170251914302,85.36535270357216,54.61
yes,,27.727089950000945,85.36530325000008,20.49
yes,,27.726388636864893,85.3641326531437,244.92
retail,,27.72627700872011,85.36382066197956,63.82
yes,,27.72611614099833,85.36544016495424,125.93
yes,,27.72605590787139,85.36536859151762,80.98
yes,,27.72451787020388,85.37043714772487,116.86
yes,,27.724452559698918,85.37030813048683,166.46
yes,,27.72461879126963,85.36988942076457,43.5
yes,,27.72455342197651,85.36986550072808,37.02
yes,,27.72445906861019,85.36985696910699,279.49
yes,,27.724583137208704,85.37010078479807,49.55
yes,,27.724571048399792,85.37019052827627,77.19
yes,,27.72480280875845,85.37039734537213,143.99
yes,,27.72476980124299,85.37025699954104,114.54
yes,,27.724843150001682,85.37066824999974,54.95
yes,,27.724833268321483,85.37059329160546,69.23
yes,,27.724817981180824,85.3705003214191,105.8
yes,,27.724706571077554,85.3707407654071,76.61
yes,,27.724694648410434,85.37081974640631,166.71
yes,,27.724692253287742,85.3709153130767,162.2
yes,,27.72468725948639,85.37064841590468,117.01
yes,,27.724638110655903,85.37032947056541,41.89
yes,,27.72466136689206,85.37112345406702,122.6
yes,,27.724546165876994,85.37136251776002,111.82
yes,,27.724650609632228,85.37140108235883,95.04
yes,,27.724546810177024,85.37159891977545,47.1
yes,,27.72456734666543,85.37148899011648,106.43
yes,,27.724424279170616,85.3712816874926,60.9
yes,,27.72435711436051,85.37136975577653,110.96
yes,,27.724263973287602,85.37087921410281,205.36
yes,,27.7243320645573,85.37082224517737,40.85
yes,,27.72438517739589,85.37093919637982,44.06
yes,,27.723997939487077,85.3709839188899,82.26
yes,,27.724138872685707,85.37101690498899,200.05
yes,,27.724285672063775,85.37105456091092,118.13
yes,,27.72401722843957,85.37085208137337,184.92
yes,,27.72391620000464,85.37086985000033,67.96
yes,,27.723932901894624,85.37079159712226,66.73
yes,,27.72394894825002,85.37073120167902,62.45
yes,,27.724064250348153,85.37106975251945,48.53
yes,,27.724194407493226,85.37153856892787,111.46
yes,,27.723919200005966,85.37122464998203,81.57
yes,,27.723999739154785,85.3713311079157,119.37
yes,,27.724202716115713,85.37118959099656,45.81
yes,,27.723989160289175,85.37117849000441,147.19
yes,,27.724123393369446,85.37129578267833,87.72
yes,,27.72401998146057,85.37154768121762,99.8
yes,,27.72376272015028,85.37125164091886,100.32
yes,,27.723874295620828,85.37140075641952,151.92
yes,,27.723877504137146,85.37153134390827,127.6
yes,,27.723742275959264,85.37108881588726,130.23
yes,,27.723745707862662,85.37156368135014,70.7
yes,,27.723753593983812,85.37143066291684,79.06
yes,,27.723694554054266,85.37120533161132,59.41
yes,,27.72363325203265,85.37134269498249,69.11
yes,,27.72362570924758,85.37128397233134,55.34
yes,,27.723584680953568,85.37111476312833,273.15
yes,,27.72368386056905,85.37102910649263,50.95
yes,,27.723666749996138,85.37093289999805,127.51
yes,,27.723530827780017,85.37090597779789,131.52
yes,,27.723577646802532,85.37068577953714,83.75
yes,,27.723497727486603,85.3706332202084,149.34
yes,,27.723647950003667,85.37082540000009,51.5
yes,,27.723664850353497,85.37075371003858,55.76
yes,,27.723670648561562,85.37068114975801,64.89
yes,,27.72367582543803,85.37061979042146,94.5
yes,,27.723789450001767,85.37085874999931,37.95
yes,,27.723790650022753,85.37071740000387,120.66
yes,,27.723184674464164,85.37058727211556,124.84
yes,,27.723259528640543,85.37058988749787,81.88
yes,,27.723341744294828,85.37057307831803,125.96
yes,,27.723341895693192,85.37085552815783,925.17
yes,,27.723171208070593,85.37100115634914,176.03
yes,,27.72320128719443,85.37083602640334,52.68
yes,,27.723138391973126,85.3708046643249,130.63
yes,,27.723206966308755,85.37153538045973,321.95
yes,,27.72337428658901,85.37159188542837,79.21
yes,,27.723424810116867,85.37167360908747,115.87
yes,,27.723412852285165,85.37127630282608,976.06
yes,,27.723504946704196,85.371582619044,36.52
yes,,27.723565293522366,85.37160231928247,38.79
yes,,27.72348338271506,85.37150458958811,269.48
yes,,27.724046579597356,85.37009098224307,150.56
yes,,27.724055522731664,85.36998292675057,155.88
yes,,27.723892001337518,85.37000510491526,83.29
yes,,27.723752143200365,85.36998857181047,22.79
yes,,27.72377490000166,85.36992834999978,30.89
yes,,27.723913924995646,85.36969704231115,83.75
yes,,27.723878749996285,85.36979224999594,149.36
yes,,27.723547521870145,85.37040597191019,217.36
yes,,27.724041304893525,85.36952913462895,542.13
yes,,27.723760739900104,85.37028292128217,76.43
yes,,27.723747479635513,85.37036084462481,121.94
yes,,27.723859263636935,85.37037077824411,118.39
yes,,27.723907943014893,85.37018095853665,199.07
yes,,27.723919641168894,85.37032097187924,187.44
yes,,27.723893917164297,85.37008673276863,244.8
yes,,27.72382579999681,85.37054579999146,129.18
yes,,27.723660039031024,85.37052061952252,59.22
yes,,27.72369480040714,85.37044774033556,109.09
yes,,27.723645869467358,85.36962008162955,158.57
yes,,27.72366738329586,85.36952803818038,112.59
yes,,27.7236112772431,85.36940664168137,313.45
yes,,27.723535601015513,85.36963911683209,55.14
yes,,27.72352485014473,85.36955809903996,76.2
yes,,27.72361346324576,85.36974503224721,214.54
yes,,27.72337004123668,85.36933829227584,146.45
yes,,27.723442826742794,85.36959106464008,142.74
yes,,27.72347280471364,85.36946426496239,104.3
yes,,27.723297556201256,85.36957713738356,82.18
yes,,27.72334198218947,85.36969460192813,36.34
yes,,27.723364192446894,85.3695797110798,147.94
yes,,27.723292098067557,85.3697245328798,61.67
yes,,27.72336387364616,85.36974780550021,48.73
yes,,27.72349854328998,85.36995927901619,108.23
yes,,27.723475520319315,85.36988173252,131.0
yes,,27.72346220439863,85.36980680847137,95.9
yes,,27.723530308320214,85.37006130190942,69.74
yes,,27.72334787884778,85.37004573224858,329.74
yes,,27.72323209213201,85.37028307144979,163.25
yes,,27.72347736996124,85.3700747216999,88.22
yes,,27.72310541000137,85.37067479775088,94.36
yes,,27.72359861406996,85.37010622665636,146.6
yes,,27.723564278304572,85.37024019059466,179.79
yes,,27.72314853450865,85.3697372224552,127.75
yes,,27.723042173338325,85.36955726960997,183.77
yes,,27.72316019006772,85.36953291621315,163.76
yes,,27.72331532582013,85.36985134281323,151.9
yes,,27.723180401516316,85.36966335412839,64.36
yes,,27.722878759389687,85.36958702460305,136.76
yes,,27.72316472044513,85.36989179277008,101.61
yes,,27.723025299999886,85.36984764999883,97.68
yes,,27.723157569549763,85.37000348765834,68.22
yes,,27.72302044999453,85.36994744999504,66.47
yes,,27.723041059485027,85.37003084400823,191.52
yes,,27.723331370694794,85.3703198082818,71.48
yes,,27.72298988591528,85.37011018486274,57.46
yes,,27.723074016203274,85.37014455226996,55.9
yes,,27.72292518208603,85.37014043489441,34.02
yes,,27.722885155054914,85.37007111598527,88.05
yes,,27.7228257342216,85.37026020065635,141.4
yes,,27.722932346681944,85.37023919520044,145.97
yes,,27.72302144837639,85.37026329982302,109.82
yes,,27.722716041803743,85.37024250211257,118.7
yes,,27.72275315000445,85.37002724999644,140.29
yes,,27.722595288459726,85.37021925641594,148.32
yes,,27.722637233976474,85.37001140215393,139.26
yes,,27.72246914340063,85.37015032212885,129.4
yes,,27.722530702986205,85.3699995299022,125.84
yes,,27.722469417001218,85.37028451651906,78.57
yes,,27.722466996444705,85.36967370603398,35.76
yes,,27.722527404706902,85.36961898916982,81.0
yes,,27.72299863708002,85.37064521671871,108.65
yes,,27.72294734977553,85.37048991515019,115.31
yes,,27.723060836350985,85.37052685326563,42.31
yes,,27.722768652804465,85.37074730609122,87.31
yes,,27.722771363758962,85.37065115247705,126.21
yes,,27.722834350016083,85.37047270001237,88.42
yes,,27.72285139523809,85.37069549338244,76.36
yes,,27.722884341813366,85.37082541779792,59.03
yes,,27.722954185894274,85.37078723818448,103.89
yes,,27.722957131248513,85.37072455035327,78.47
yes,,27.7229057202616,85.3705990529086,78.89
yes,,27.722659107698874,85.37062150861543,44.25
yes,,27.7226561225781,85.37055844700282,53.21
yes,,27.722538765977333,85.37061856233882,153.54
yes,,27.72258753894593,85.37047903738421,95.34
yes,,27.722678282390127,85.3704416387471,52.91
yes,,27.722743428090034,85.37048051123298,101.48
yes,,27.72267447967979,85.37078227737886,32.55
yes,,27.722665188409188,85.37068405706142,24.76
yes,,27.722620065335803,85.37073191051566,79.85
yes,,27.722741215364994,85.37083117205738,37.57
yes,,27.72282028323621,85.37089412663138,69.3
yes,,27.722706508031596,85.3708960812442,66.1
yes,,27.723020581021405,85.37102802612307,127.56
yes,,27.722930859260927,85.37098234734768,94.54
yes,,27.72298272275733,85.37089783761964,100.88
yes,,27.722778567474442,85.3711562741541,84.46
yes,,27.722785978239145,85.37094863360294,43.84
yes,,27.722793701941672,85.37104524567482,98.68
yes,,27.72287112370065,85.3710824930578,57.27
yes,,27.72294325000366,85.37113699999982,58.36
yes,,27.72287751730966,85.37121989108554,171.1
yes,,27.722628517719855,85.37145406119214,41.32
yes,,27.722577499998774,85.37135684998847,65.12
yes,,27.722717742399666,85.37141806772472,124.37
yes,,27.722774143124088,85.37131945387131,263.3
yes,,27.722518182370948,85.37082498825298,160.2
yes,,27.722516353526867,85.37113348572508,123.4
yes,,27.722577085468068,85.37099885019018,117.14
yes,,27.72265250263999,85.37110315911767,138.98
yes,,27.722675565386453,85.37099499308792,103.64
yes,,27.72256777777707,85.37156043353129,262.61
yes,,27.7243560500023,85.36971739999981,30.24
yes,,27.724716757671583,85.3670715091244,86.77
yes,,27.724567027613283,85.36694258775667,82.46
yes,,27.724589553189496,85.36683876985012,165.8
yes,,27.7246772655483,85.36698441928785,178.78
yes,,27.724709224376795,85.36671472360887,147.57
yes,,27.72433899656052,85.36689096749025,99.53
yes,,27.724450046290823,85.3668801658677,124.97
yes,,27.724478405202966,85.36676498372452,54.01
yes,,27.724452018322207,85.36658996937965,211.23
yes,,27.72413658230334,85.36715375580992,100.01
yes,,27.72415129643085,85.36707197529368,58.38
yes,,27.72452297694264,85.36718625922734,38.5
yes,,27.724376247993085,85.36703550102266,277.91
yes,,27.724194699502632,85.36700519112827,76.75
yes,,27.72425098250736,85.36711551790266,169.49
yes,,27.723752727389837,85.36670638531649,128.67
yes,,27.723886598765347,85.3666273727295,113.39
yes,,27.724060223891883,85.36676326570799,139.37
yes,,27.72410133171034,85.36665690619965,69.01
yes,,27.72360686621182,85.36699221230492,133.83
yes,,27.72366210467526,85.366666468496,24.7
yes,,27.723675000000966,85.36681114999857,35.4
yes,,27.723533713110594,85.36690534698776,69.76
yes,,27.723493970540407,85.36701468321183,64.3
yes,,27.72325839861198,85.36695122577163,81.17
yes,,27.723024549999558,85.36679494998695,121.81
yes,,27.723153940410388,85.36685006830781,151.8
yes,,27.723370867771507,85.36708374479099,180.95
yes,,27.722526527398685,85.36685411489596,79.43
yes,,27.722610650015348,85.36688970000793,63.78
yes,,27.722606550549038,85.36673187801183,243.33
yes,,27.72283487286145,85.36706620069819,150.65
yes,,27.72247139654432,85.36666997068627,144.89
yes,,27.722440115885565,85.36683958138572,95.49
yes,,27.722671983399593,85.36745760121073,178.47
yes,,27.722713415229595,85.3673844979181,122.94
yes,,27.72258065222546,85.36761780734676,115.08
yes,,27.722505104300605,85.36755352562649,195.25
yes,,27.722520707397933,85.36742970333127,46.21
yes,,27.722513063676352,85.36737169748278,47.11
yes,,27.722630539692226,85.36759733831687,70.41
yes,,27.722938743933426,85.36747320080867,333.36
yes,,27.722760976778748,85.36761957281527,92.37
yes,,27.722843950003814,85.36755604999392,76.33
yes,,27.7225925864,85.36791658096647,110.16
yes,,27.72294330678721,85.36812962847635,169.94
yes,,27.722727105105328,85.36863135642524,77.69
yes,,27.722731483182464,85.36857182330007,106.06
yes,,27.722522663695877,85.3686828810644,497.76
yes,,27.722826450003666,85.36857170000121,29.45
yes,,27.72281867462584,85.36846224832335,98.63
yes,,27.72289950000712,85.36837289999468,51.59
yes,,27.722975481889055,85.36836965160111,40.71
yes,,27.72296246704303,85.36832589964612,33.21
yes,,27.722942900002987,85.36825900000218,81.46
yes,,27.723109824999348,85.3682636013053,52.25
yes,,27.723049335510364,85.36827546385354,134.19
yes,,27.7231751000072,85.36819414999978,122.68
yes,,27.72323419826079,85.36811984796495,65.62
yes,,27.723259284909403,85.36770158636243,218.42
yes,,27.72315250845794,85.36767946555939,148.89
yes,,27.72302428092085,85.36772676130254,161.37
yes,,27.723087316310693,85.36779879876538,70.76
yes,,27.723203251079962,85.3678160233388,106.53
yes,,27.723258496587704,85.36789396181044,54.99
yes,,27.723321664801226,85.36787124680467,124.72
yes,,27.72344339999788,85.36815874996637,132.83
yes,,27.72519169999346,85.34886689999088,30.49
yes,,27.72510721642252,85.34860373053912,159.45
yes,,27.72518892484423,85.3486381991894,112.36
yes,,27.724821950001072,85.34853489999581,40.62
yes,,27.725592414344156,85.35029171347801,296.83
yes,,27.725238955139943,85.35076765273894,135.63
yes,,27.725002023435675,85.35064468099539,60.9
yes,,27.725157956253074,85.35070885076325,58.12
yes,,27.725479951661143,85.35008966441444,147.52
yes,,27.72557466336188,85.35005813053436,57.85
yes,,27.72545723249384,85.35072394859618,102.11
yes,,27.725438409839384,85.35050816421214,167.27
yes,,27.72552220000757,85.35055830000023,115.37
yes,,27.725507479331004,85.35038887365947,129.78
yes,,27.72518992758191,85.35025779439113,90.5
yes,,27.725253027475645,85.35044760144721,100.98
yes,,27.725272891955097,85.3503571603782,88.66
yes,,27.725189771950127,85.35055337986105,125.65
yes,,27.725591449997694,85.34944049999943,57.21
yes,,27.724768827465073,85.35040405926871,79.76
yes,,27.723412047335984,85.36747926670354,45.14
yes,,27.723470408433723,85.3675140007838,97.26
yes,,27.723520624784236,85.36742025093359,57.37
yes,,27.72338493942063,85.36758999901743,139.59
yes,,27.72337868213849,85.36768738802589,32.99
yes,,27.723281582478453,85.36753660118386,39.59
yes,,27.723521156635066,85.36726815109633,58.07
yes,,27.72333034282854,85.36718546789018,21.3
yes,,27.72326075828349,85.36718527687475,79.46
yes,,27.723290031525206,85.36737323088379,494.47
yes,,27.723407266544942,85.36722624015098,70.79
yes,,27.723485069368145,85.36731647228396,54.42
yes,,27.72363924999986,85.36707519999848,17.64
yes,,27.723835001715422,85.3670038300969,145.62
yes,,27.723803857733206,85.36682154137844,139.81
yes,,27.723763747475175,85.36718901740211,52.32
yes,,27.723773295189385,85.36710627405787,57.06
yes,,27.7238382438233,85.36721385060031,39.18
yes,,27.72416298771048,85.3676452033646,98.49
yes,,27.724244643134003,85.36768661823486,109.98
yes,,27.724013399984766,85.36698990000633,92.5
yes,,27.72437758528336,85.36757876210916,146.13
yes,,27.724340971912568,85.3677407195234,107.91
yes,,27.724419420136243,85.36780025772556,89.04
yes,,27.7247678740104,85.36745796427599,47.72
yes,,27.72467474895964,85.36786470773013,99.18
yes,,27.724726331940513,85.36761937248305,80.1
yes,,27.724711626963416,85.36771162323912,118.31
yes,,27.724535583108306,85.367864399302,112.55
yes,,27.72462429958611,85.36811945805661,93.63
yes,,27.724813416776083,85.36786872786563,104.24
yes,,27.724723733584916,85.36854552908778,148.83
yes,,27.724821694123783,85.36815004133572,109.26
yes,,27.724723646337175,85.36822479415797,77.59
yes,,27.72477445000406,85.36803289999972,67.43
yes,,27.724590144188703,85.36845212923431,87.7
yes,,27.72455935485224,85.36834105369721,140.77
yes,,27.724772633580045,85.36866643969444,187.0
yes,,27.724676301036407,85.36867572729082,86.96
yes,,27.724631600008816,85.36856724999532,101.55
yes,,27.724111083730474,85.36836426356602,192.19
yes,,27.724225423661313,85.3682546202259,173.06
yes,,27.724414651655113,85.36840112884843,62.28
yes,,27.72427644765931,85.36838586347449,246.38
yes,,27.72388379751511,85.36834093877954,227.89
yes,,27.724001641230554,85.36835015406734,117.22
yes,,27.72403455081433,85.36777512051815,275.86
yes,,27.724069781313563,85.36743826920456,85.5
yes,,27.723634721869136,85.36779810286016,91.4
yes,,27.723687450013685,85.36784330001196,129.71
yes,,27.723841916507503,85.36766558685788,54.38
yes,,27.723883419682423,85.36759783065106,103.29
yes,,27.7245682635686,85.35967967511912,114.79
yes,,27.723500502313065,85.3589717278826,68.98
yes,,27.72272914999959,85.35903674999916,37.0
yes,,27.722544415716982,85.35860493407912,34.88
yes,,27.722629248046204,85.35870264451759,105.01
yes,,27.7226622430596,85.35921111327559,99.56
yes,,27.722662689613518,85.35914155100639,122.22
yes,,27.722480749992826,85.35982254998672,125.93
yes,,27.72248406909568,85.35997665304912,120.38
yes,,27.72252036648703,85.36069465388199,128.81
yes,,27.722548081832073,85.36032267945451,128.91
yes,,27.722584671139256,85.36021943267593,223.02
yes,,27.722597529904597,85.36007831113504,198.18
yes,,27.723128594323853,85.35962932574319,257.46
yes,,27.723098600016307,85.3594189499878,104.87
yes,,27.722706050003517,85.3597764499794,249.25
yes,,27.722870399987386,85.35937044997037,237.44
yes,,27.72303689920065,85.35898840385477,185.18
yes,,27.722966595832688,85.35882871854942,108.7
yes,,27.722746933208718,85.36029092516267,152.57
yes,,27.722724205915394,85.36040866249938,119.95
yes,,27.722685624413934,85.3606710691484,195.23
yes,,27.722921304351104,85.35960793349048,199.39
yes,,27.72288039651775,85.36016074411057,117.95
yes,,27.722885181893815,85.36003722914546,163.68
yes,,27.72317544872341,85.36008506729512,23.66
yes,,27.72310804718509,85.36018940547442,83.44
yes,,27.72307539314501,85.36027877404908,119.31
yes,,27.723048212581343,85.36039528366229,111.68
yes,,27.723035650010935,85.36068275000399,70.48
yes,,27.722818050027897,85.36067304999823,140.76
yes,,27.72373734640791,85.35856452155546,108.81
yes,,27.723740247663407,85.35997708138778,33.32
yes,,27.723649354398425,85.35979788496354,57.68
yes,,27.7234029979727,85.35971098421842,80.3
yes,,27.723309500011656,85.35956309999101,139.5
yes,,27.72365569319887,85.35941953917775,659.28
yes,,27.723607622326128,85.35875915589946,180.64
yes,,27.723815117886364,85.3590160001752,133.1
yes,,27.7242148769306,85.35904924017886,46.69
yes,,27.724259189131104,85.3589054334907,102.45
yes,,27.72449159376711,85.3587597634744,322.35
yes,,27.724364209373114,85.35872882462014,38.0
yes,,27.724353620022647,85.35858951814296,112.67
yes,,27.724192766824434,85.35860543423682,82.18
yes,,27.72413557187,85.35876223167172,159.63
yes,,27.724006727857997,85.35862289324886,185.22
hotel,,27.724213079739794,85.35839368463594,110.31
yes,,27.724257600021716,85.3600164500276,112.41
yes,,27.72435258477175,85.36033365251417,99.45
yes,,27.724696250001802,85.36054049999882,34.49
yes,,27.724703683482023,85.3604238246997,109.3
yes,,27.72465027105019,85.3602252733466,364.2
yes,,27.724086054020187,85.3601820817346,251.59
yes,,27.72388365002136,85.36027090002143,85.09
yes,,27.723960539109466,85.36074297114926,156.98
yes,,27.724100450051633,85.36044110005261,187.2
yes,,27.724247985927686,85.36102148386789,496.22
yes,,27.72485235001366,85.3609642500047,168.81
yes,,27.724601967996847,85.36114182890346,293.64
yes,,27.724732624058536,85.36085915082266,403.66
yes,,27.72453820135531,85.36057755476277,229.69
yes,,27.724270927446124,85.36042481094194,114.34
yes,,27.72367701594114,85.3680826045521,177.19
yes,,27.723727510708972,85.36827622298733,72.75
yes,,27.72374350767404,85.36814723723158,62.45
yes,,27.723604577846416,85.3682603793133,60.15
yes,,27.723215026474485,85.36841946738224,167.66
yes,,27.723398113893747,85.36852062450302,196.74
yes,,27.72325265593854,85.36860620652672,72.44
yes,,27.723104016324072,85.36857888013671,167.34
yes,,27.723145201281486,85.36848351242253,101.72
yes,,27.7232988667097,85.3683364538779,45.12
yes,,27.72333898343104,85.36825959502494,47.11
yes,,27.723201547092803,85.36874779857604,87.83
yes,,27.723192907115813,85.36870938207935,171.61
yes,,27.722985004008418,85.36875592805585,152.47
yes,,27.72292785002471,85.36854389991903,89.1
yes,,27.722962250000197,85.36844415000235,29.86
yes,,27.722899820833536,85.36882447785425,161.86
yes,,27.72304295364245,85.36868537764468,102.31
yes,,27.722923636316295,85.36865513837569,60.41
yes,,27.722935830958523,85.36908044021304,304.41
yes,,27.722859686515815,85.36916343181433,107.69
yes,,27.722677112377347,85.36880002013017,194.72
yes,,27.72260709821234,85.36912356865099,169.16
yes,,27.724056479660252,85.3685565853455,103.05
yes,,27.723730510176537,85.36820778202174,62.35
yes,,27.724020203418274,85.36868518270023,180.4
yes,,27.723983700744217,85.36880659489233,75.94
yes,,27.72407546386864,85.3689134603726,52.48
yes,,27.723976074274674,85.36853139091819,46.29
yes,,27.72394447825905,85.36864800626358,94.24
yes,,27.7238780555994,85.36857703360782,234.28
yes,,27.72390323542887,85.3689783959955,37.11
yes,,27.72403568285907,85.36902470419271,209.81
yes,,27.72376056567686,85.36903975888306,460.65
yes,,27.723701650004347,85.36914600000193,85.49
yes,,27.72338614972552,85.36886564753375,147.52
yes,,27.723503164690232,85.36876413263568,62.35
yes,,27.723517613745656,85.36921787333493,233.97
yes,,27.72348800129086,85.36897656906126,53.78
yes,,27.723448629155847,85.36909843907448,264.18
yes,,27.723363339240723,85.36898512992705,209.24
yes,,27.724465758129863,85.36856505131492,96.02
yes,,27.724245669825198,85.36905558266444,115.19
yes,,27.724237699944396,85.36887461783506,136.03
yes,,27.724206687968152,85.36876262303011,102.55
yes,,27.724236771115226,85.3686356622581,52.59
yes,,27.724242445727057,85.36855691095249,56.65
yes,,27.724314340286853,85.36890128326644,131.05
yes,,27.724429957626118,85.36889133084148,106.74
yes,,27.72444682163969,85.36880853249109,368.99
yes,,27.72434747654294,85.36857794967058,116.72
yes,,27.72434051572004,85.36919918381399,137.47
yes,,27.724468255361725,85.36912021661118,125.73
yes,,27.72406380000849,85.35751730001041,87.83
yes,,27.72369025532111,85.35803018006878,104.54
yes,,27.724475750009205,85.35781774998935,156.06
yes,,27.724391475132627,85.35763713153696,45.44
yes,,27.724478133907983,85.35766349533478,56.9
yes,,27.724457865725306,85.35755548638733,60.21
yes,,27.724559448170837,85.35744725708096,101.35
yes,,27.724653999248343,85.35755985624844,221.71
yes,,27.7242497512936,85.35562979087608,86.01
yes,,27.723913956893902,85.35553848803195,85.32
yes,,27.723745200110763,85.35581090729902,68.84
yes,,27.723824791714712,85.35566347228358,106.78
yes,,27.72387241049515,85.35594889893638,114.7
yes,,27.723707804959304,85.35563698702339,93.61
yes,,27.723659300004883,85.35572619999311,95.5
yes,,27.724024450005988,85.35585555001258,111.91
yes,,27.723989988976864,85.35574637438033,71.43
yes,,27.72423864588544,85.35591348105163,139.38
yes,,27.724474883398226,85.35691267997491,311.62
yes,,27.72425240952807,85.35614800406654,85.83
yes,,27.72432141344619,85.35631677727922,76.15
yes,,27.72437403530254,85.35613840447678,81.84
yes,,27.7242440999046,85.35649590110833,209.19
yes,,27.724348035822413,85.35661414439947,174.14
yes,,27.7244877471287,85.35666099304983,128.92
yes,,27.72462796560454,85.35588187369856,83.7
yes,,27.72461695000657,85.35602584999587,97.63
yes,,27.724560116976868,85.35608627320437,103.58
yes,,27.72483956452504,85.3561535878024,114.9
yes,,27.72474214036223,85.35622535411359,127.15
yes,,27.724597683486476,85.3563755546575,105.47
yes,,27.724529400006848,85.35645269999725,107.22
yes,,27.722851305430225,85.36768161823066,13.07
yes,,27.72280257479692,85.36766940624977,15.9
yes,,27.722914100250488,85.36762828353228,78.84
yes,,27.72467845000526,85.36800335000012,76.62
yes,,27.724663577333335,85.36914749093734,115.25
yes,,27.72420125757644,85.36438576477161,127.95
yes,,27.724188720160484,85.36455811035906,125.89
yes,,27.72436123565597,85.36490692646191,26.03
yes,,27.72434370000052,85.36463214999881,40.45
yes,,27.724287150007388,85.36473969999145,150.58
yes,,27.72403443124391,85.3646305922143,29.55
yes,,27.724106282713016,85.36447154466953,72.23
yes,,27.724410643690014,85.36514027906898,96.5
yes,,27.724458149717854,85.36515696720019,93.64
yes,,27.72451769914339,85.36518106837006,95.26
yes,,27.724477332685943,85.36502894943226,108.49
yes,,27.724546430366335,85.36490802767234,87.05
yes,,27.72456594629914,85.36482355546636,63.44
yes,,27.724467619614163,85.36479301042853,144.37
yes,,27.724640033230177,85.36508172203504,99.65
yes,,27.724453985562697,85.36492177196438,63.2
yes,,27.724804796771508,85.36530551834555,102.32
yes,,27.724609756806768,85.3652772770289,30.44
yes,,27.724731100010985,85.36526625000101,139.47
yes,,27.724724483548595,85.36483434372566,111.22
yes,,27.724555992499056,85.36567265434816,87.52
yes,,27.7244447028645,85.36552597674707,91.91
yes,,27.724524423014735,85.36557835309492,51.42
yes,,27.724565949999846,85.36553039999964,17.83
yes,,27.72456990683028,85.36546162662128,36.91
yes,,27.724513147360764,85.36547745130095,91.35
yes,,27.724478733035127,85.36568532053813,116.51
yes,,27.72435080001163,85.36615449999843,143.55
yes,,27.724812094341488,85.36564132207455,32.61
yes,,27.724817900075575,85.36552520001106,123.35
yes,,27.72428037110994,85.36625547881327,107.51
yes,,27.72419395000606,85.36538404999912,121.46
yes,,27.724221252461184,85.3656013250209,187.68
yes,,27.72359765963405,85.36612005293348,119.6
yes,,27.723716087623245,85.36611279228838,108.97
yes,,27.723808077527703,85.36558438881924,75.91
yes,,27.723900889749654,85.36580827233409,82.13
yes,,27.723911038337505,85.36573367185409,79.25
yes,,27.723902699995886,85.36559314999445,98.47
yes,,27.722917990132004,85.36574740308382,203.3
yes,,27.72305609495958,85.36567924899055,131.24
yes,,27.723181478828035,85.36563826945249,91.47
yes,,27.722662650007518,85.36640715000148,60.61
yes,,27.72269130000496,85.36629234999951,87.27
yes,,27.722513378345884,85.36624553739995,125.56
yes,,27.722855802444318,85.36635877831974,136.51
yes,,27.722790460943646,85.36632720201868,90.56
yes,,27.72276159406773,85.36643990310232,77.29
yes,,27.722625591686487,85.365147143387,241.0
yes,,27.722655814622605,85.36531697949341,83.11
yes,,27.722866090621118,85.3654087027674,122.76
yes,,27.722773816569294,85.36535307706272,65.0
yes,,27.722858489365255,85.36598897256125,50.59
yes,,27.722771550001823,85.36597154999933,47.89
yes,,27.722690616375772,85.36595677046627,78.67
yes,,27.724793600003302,85.36627605000025,61.34
yes,,27.724814317607038,85.36646173676607,250.59
yes,,27.724651019424343,85.36628590820698,125.08
yes,,27.724669302647783,85.36638953837769,109.47
yes,,27.723303831858942,85.36476459881068,118.99
yes,,27.723629150799855,85.36451438567897,78.07
yes,,27.723124975675535,85.36393320668162,134.27
yes,,27.72467254609342,85.36598116567345,38.53
yes,,27.724640615019528,85.3660337834167,52.82
yes,,27.724045586728906,85.36397931101673,127.63
yes,,27.724652750009458,85.3646449499832,118.53
yes,,27.7246959330186,85.36458490319706,177.75
yes,,27.72401349053294,85.36426451445598,40.23
yes,,27.724078966375657,85.3641808745704,79.58
detached,,27.72408254522801,85.36502040527371,73.13
yes,,27.723993991461082,85.36517330179967,66.44
yes,,27.723948304924242,85.36514031067816,92.78
yes,,27.723919317938854,85.36390703695658,66.08
yes,,27.72412116670049,85.36408417332864,76.17
yes,,27.723943750002,85.36432960000124,25.31
yes,,27.72398040000223,85.36422385000236,22.49
yes,,27.722745715558354,85.36468972601293,135.69
yes,,27.722838484264006,85.36440800883096,135.55
yes,,27.72277982928335,85.36584593150482,186.33
yes,,27.722902399259365,85.36525045217499,170.73
yes,,27.722469444472743,85.36558678564444,366.23
yes,,27.722799087557313,85.36561429158316,252.68
yes,,27.722604500001015,85.36597934999972,22.83
yes,,27.722514012533807,85.36580957106735,383.86
yes,,27.72354898497564,85.36607503258804,72.76
yes,,27.723345750010715,85.36588395000484,82.4
yes,,27.72336028168933,85.36619362526856,89.34
yes,,27.723880281120657,85.36619974731764,35.86
yes,,27.723913843738845,85.36592761061047,65.52
yes,,27.72388282365093,85.36609208606026,132.71
yes,,27.724147509058714,85.36629197319814,92.73
yes,,27.723957856279128,85.36643896384489,82.43
yes,,27.724303160186277,85.36393892598258,411.35
yes,,27.724455854890927,85.3640915039822,241.19
yes,,27.72464983612937,85.36430246401395,561.82
yes,,27.724745503999937,85.36415178357439,127.54
yes,,27.721205943607135,85.35130451755249,48.82
yes,,27.721106545851917,85.35110058341566,136.77
yes,,27.720846133720197,85.35133734665871,119.73
yes,,27.72091768293521,85.3513490775181,24.39
yes,,27.720941713578267,85.35138330882275,33.63
yes,,27.72091345000149,85.35145669999959,23.76
yes,,27.720878363884648,85.35140996463872,41.95
yes,,27.720646134533773,85.35171521617828,149.64
yes,,27.720764482914756,85.35157485780779,288.63
yes,,27.720835009872513,85.35163777713717,168.8
yes,,27.721085747810193,85.35137673409425,42.63
yes,,27.721032384792068,85.35143638496446,16.7
yes,,27.72106547436909,85.35153022836123,31.97
yes,,27.721015010197018,85.35148345006662,22.78
yes,,27.72097793423573,85.35158495362926,10.19
yes,,27.721010789346057,85.35154708462238,32.79
yes,,27.72101119930273,85.35162196670478,18.57
yes,,27.720925250004516,85.35162885000788,44.9
yes,,27.72093085401466,85.3517051748565,146.06
yes,,27.720866716460016,85.3518162031761,20.32
yes,,27.720765946046537,85.35183276017912,155.65
yes,,27.721394972925705,85.35086434270728,67.52
yes,,27.721632750000648,85.35109429999798,17.27
yes,,27.721587336287122,85.35103913252352,14.34
yes,,27.721523742591554,85.35105656552292,32.15
yes,,27.721467064227845,85.35094174508339,33.07
yes,,27.721546961801554,85.35097340188054,79.95
yes,,27.72169637245236,85.35095403716092,95.64
yes,,27.721642837974514,85.35083294574979,118.89
yes,,27.721782312468914,85.35084715898287,72.45
yes,,27.721782499997556,85.35078160000005,54.85
yes,,27.721804686850234,85.35098400046621,134.9
yes,,27.72197961239972,85.35091345282156,139.94
yes,,27.72196295065188,85.35079689107526,25.35
yes,,27.72200967860498,85.35079372681562,53.4
yes,,27.722072550002267,85.35080009999935,56.45
yes,,27.721430683132066,85.35165714527292,140.75
yes,,27.721492483745145,85.35151145145751,62.05
yes,,27.721301050001387,85.3514244500047,26.13
yes,,27.72141956043746,85.35121473777501,26.31
yes,,27.721417911282966,85.35129600985077,90.1
yes,,27.72140494036188,85.35150551873109,21.56
yes,,27.721387434005322,85.35154974390917,21.38
yes,,27.721517908441314,85.35141542732929,96.31
yes,,27.721567700005338,85.3515526500038,46.55
yes,,27.721707800004822,85.35135470000509,70.47
yes,,27.721897983778664,85.35121397734402,91.04
yes,,27.722085069346466,85.3511976314784,117.66
yes,,27.722142063657845,85.35115196013267,58.97
yes,,27.722169341011913,85.3509499918189,81.46
yes,,27.722184483473324,85.35104159708949,99.05
yes,,27.72203877371857,85.35132010201617,110.67
yes,,27.721932833355055,85.35138069929414,79.15
yes,,27.721784598351228,85.35147999662868,164.13
yes,,27.721668100002766,85.35176209999493,53.43
yes,,27.721488645182625,85.35185586615748,118.71
yes,,27.72155869463845,85.35176092520214,79.22
yes,,27.72150195000503,85.35173865000296,65.71
yes,,27.721149646331586,85.35140514321775,160.75
yes,,27.721219154393435,85.35144808441092,16.71
yes,,27.721136079929327,85.35156237396795,163.56
yes,,27.721251364550447,85.35159509135852,119.4
yes,,27.721026000011367,85.35125454999545,190.48
yes,,27.721365875974126,85.35100580056277,55.32
yes,,27.721431316758068,85.3509946610311,32.51
yes,,27.721188482226747,85.35093859645914,65.48
yes,,27.721236900926705,85.35097771612764,18.72
yes,,27.721251265645243,85.35105229752597,29.45
yes,,27.721227500004577,85.35112270000471,45.54
yes,,27.721986827913916,85.35104130880418,43.99
yes,,27.722030414727712,85.35109145812297,42.96
yes,,27.721886141845207,85.3511246365312,66.58
yes,,27.721719479208303,85.35111792096136,86.72
yes,,27.72169141532283,85.35103343476585,36.98
yes,,27.72033050924394,85.35546928042831,66.33
yes,,27.722346421812762,85.3543318506793,66.87
yes,,27.722356076413615,85.3542304254277,121.47
yes,,27.722315501545193,85.3540374468033,92.67
yes,,27.722325660822623,85.35412738376088,125.85
yes,,27.721841332553147,85.35543274648961,143.8
yes,,27.72173585000231,85.3531899999985,36.98
yes,,27.722147747909343,85.35297236356612,78.72
yes,,27.722376683464454,85.35347505071492,105.77
yes,,27.722333439989452,85.3535470057967,105.57
yes,,27.722224050007338,85.35375005000428,122.24
yes,,27.72219388959084,85.35362143212687,212.73
yes,,27.722376000006495,85.35495970000397,70.68
yes,,27.722322147663625,85.3550395068223,89.49
yes,,27.722274612012104,85.35513086423548,106.16
yes,,27.722239149140815,85.3552208033054,57.38
yes,,27.721535494628437,85.35535096071067,145.25
yes,,27.721344200005575,85.35515459999883,86.92
yes,,27.721367500973415,85.35535738306953,101.97
yes,,27.722303700004353,85.35462945000471,62.11
yes,,27.72248649069793,85.35391522480329,102.03
yes,,27.722352337563184,85.35393387447003,120.35
yes,,27.720477953324124,85.3581747607159,112.5
yes,,27.720494820391416,85.35794630466738,46.89
yes,,27.720525013690064,85.35784830548243,60.68
yes,,27.721114328796897,85.35811098381784,154.15
yes,,27.72017140005618,85.35615490001791,199.49
yes,,27.722194604028573,85.35569331855545,60.89
yes,,27.722163046943873,85.35581011735634,126.35
yes,,27.72234173400487,85.35587158120002,38.36
yes,,27.722456786957217,85.35581921847508,82.61
yes,,27.72244165831248,85.35591145043006,60.37
yes,,27.722358950003073,85.35577104999783,73.65
yes,,27.722283950021946,85.355580983339,146.59
yes,,27.72260582459269,85.35548000269932,146.66
yes,,27.722625229689555,85.35525417139156,208.27
yes,,27.72245046486504,85.35521786866849,156.28
yes,,27.722499758280716,85.35505503560826,261.42
yes,,27.72254217878145,85.35193576320512,170.47
yes,,27.72247405000183,85.351999199999,28.92
yes,,27.722618458546357,85.35206130981844,80.98
yes,,27.72254419750719,85.35209269206257,79.34
yes,,27.722562450006187,85.35223769999551,81.53
yes,,27.72249979347744,85.3522845905416,46.6
yes,,27.721252921053544,85.35956050537929,159.73
yes,,27.72219834999388,85.359684049989,84.59
yes,,27.72190239727027,85.35987221926895,293.08
yes,,27.722141949321,85.35974270997573,192.24
yes,,27.722341117054594,85.36018321952236,355.99
yes,,27.722102793321486,85.36033326190902,299.73
yes,,27.720734271966503,85.36074449396983,109.74
yes,,27.720722431322873,85.36066235935918,96.06
yes,,27.720717175286588,85.36059583214231,76.24
yes,,27.720704879146364,85.36054330292022,66.34
yes,,27.721379749999954,85.35969289999248,125.99
yes,,27.721136280089254,85.3584014338557,87.79
yes,,27.72118600687065,85.35849672854998,47.14
yes,,27.721259299996834,85.35839709999483,65.56
yes,,27.72107252276458,85.35981476744051,469.52
yes,,27.720854222971745,85.35982590662184,586.75
yes,,27.722083422912224,85.35838603539561,120.7
yes,,27.722227985507384,85.35833956643005,178.96
yes,,27.72133695001015,85.3586742999983,203.43
yes,,27.724835238437677,85.35569480001134,87.53
yes,,27.72506228794962,85.35542428430954,101.29
yes,,27.72790610000422,85.3611353499969,84.82
yes,,27.729549944675522,85.36121809553066,33.3
yes,,27.727011906070867,85.37178333389166,113.17
yes,,27.727359489137797,85.37145044376804,22.21
yes,,27.727376207496857,85.3715032577183,54.71
yes,,27.72740071428631,85.37126519796449,199.31
yes,,27.727425545109842,85.3711924343168,209.4
yes,,27.727249527767796,85.36918769452006,130.6
yes,,27.727292698275924,85.36927443629206,128.63
yes,,27.727379032405363,85.36943165256172,121.58
yes,,27.727339500156003,85.36935685989961,95.09
yes,,27.72734476400856,85.36648487906703,95.19
yes,,27.727351084544217,85.36639708120164,104.85
yes,,27.72744898747203,85.36646176359561,218.31
yes,,27.727537577953992,85.36647497917414,164.95
yes,,27.72763135000571,85.36657164999907,107.06
yes,,27.727280744346686,85.36711275335361,137.01
yes,,27.72732120348481,85.36693888281062,449.12
yes,,27.72738432924934,85.36665009457569,281.56
yes,,27.722811641119225,85.35151705077713,139.39
yes,,27.72269763567649,85.35195280712617,173.37
yes,,27.72244181922432,85.35157339905658,141.65
yes,,27.722541976631483,85.35148865820456,53.11
yes,,27.72259075896688,85.35141018491831,111.73
yes,,27.722561714045263,85.35161611675963,104.95
yes,,27.722506195235564,85.3516847097969,127.93
yes,,27.722558189677144,85.35176463843118,77.89
yes,,27.72261290386132,85.35183751193946,108.8
yes,,27.722604112776526,85.35562872323597,37.57
yes,,27.72323005000369,85.35619899999494,39.45
yes,,27.723303480863812,85.3561126291741,126.92
yes,,27.723249390412125,85.35601487799822,203.93
yes,,27.72429090442063,85.3572967172943,93.29
yes,,27.723718007101102,85.35720058996087,49.84
yes,,27.72367931288724,85.35729224796091,83.86
yes,,27.723783050004222,85.35744979999605,77.88
yes,,27.723767398993303,85.35732555044909,66.56
yes,,27.723807345642427,85.3572437537546,106.98
yes,,27.72386080993701,85.35715630552347,111.77
yes,,27.72397795000189,85.35712339999543,45.95
yes,,27.723926366425,85.35704730598266,118.56
yes,,27.72379074155457,85.35702169459866,307.14
yes,,27.723824301317386,85.35689694912246,93.7
yes,,27.72387420000432,85.35680984997312,155.06
yes,,27.723886422803623,85.35664838532935,53.5
retail,,27.723965339149654,85.35670044105507,197.47
house,,27.723928723752437,85.35659030780958,60.37
yes,,27.723556361118764,85.356743742798,178.67
yes,,27.723550757961657,85.35689143255867,102.58
yes,,27.723671100005678,85.35679995000095,83.97
yes,,27.723413950008272,85.35663290000241,113.33
yes,,27.723501250006617,85.35651935000251,90.64
yes,,27.72376224029874,85.35648015087749,146.77
yes,,27.72371208351441,85.35663176591022,111.53
yes,,27.723658371480283,85.3565823008021,65.04
yes,,27.723659225555227,85.35646244617284,61.79
yes,,27.723574366424085,85.35632009608291,112.4
yes,,27.723809212954286,85.35785126388473,92.95
yes,,27.723836862938366,85.35773853207102,107.06
yes,,27.72390217392951,85.35766609395392,116.22
yes,,27.723898552070192,85.35755741406363,77.75
yes,,27.723967811888546,85.35759321914168,82.22
yes,,27.72409692274647,85.35737217926423,86.46
yes,,27.724150617023536,85.35718835529623,201.65
yes,,27.724312606113898,85.35717345977744,82.82
yes,,27.72441044085768,85.35728168563372,77.46
yes,,27.72332869858733,85.3570280516655,119.47
yes,,27.723382864966386,85.35690014054387,146.66
yes,,27.723105052146124,85.35663510411139,148.26
yes,,27.72310988199362,85.35646808922634,94.92
yes,,27.723012631858136,85.35647654667996,101.17
yes,,27.722927782371336,85.35634594449657,76.21
yes,,27.72281218439277,85.35609676067007,43.32
yes,,27.722710800001124,85.35602224999744,28.41
yes,,27.722794774396956,85.35624547027673,63.24
yes,,27.72275376379773,85.35616270111876,100.23
yes,,27.722972411562655,85.35618633384192,77.6
yes,,27.723054989300522,85.3561129048536,66.45
yes,,27.723132266180148,85.35593185578003,129.59
yes,,27.723051824429614,85.3558894726426,34.9
yes,,27.722905296962235,85.35582244697694,85.39
yes,,27.722815972959626,85.35576560286007,172.73
yes,,27.722838333078386,85.35566485538651,111.31
yes,,27.724605028869544,85.35708431512002,96.52
yes,,27.724719736070167,85.35710793561577,76.63
yes,,27.7246776714226,85.35698678612704,62.15
yes,,27.724344550004197,85.35641869999665,70.33
yes,,27.724136665747956,85.35641884431908,129.0
yes,,27.72358985265251,85.35702388260462,36.99
yes,,27.72362198817961,85.35708827750874,93.38
yes,,27.723553141363677,85.35719849363898,75.69
yes,,27.723592863248733,85.35760677292035,145.5
yes,,27.72354278009797,85.35772783714081,113.01
yes,,27.72392981742281,85.35784977827736,146.12
yes,,27.723932157417874,85.3582601790213,27.63
yes,,27.723853350001082,85.35826379999723,65.61
yes,,27.72356155000397,85.35552114999797,70.2
yes,,27.723504765975328,85.35560024668062,78.89
yes,,27.724201565415633,85.35546797530058,200.47
yes,,27.723947675098675,85.35605750296781,228.18
yes,,27.72426223328901,85.35569695006534,33.49
yes,,27.724325411598215,85.35583074018321,52.73
yes,,27.72441233184693,85.35564435288205,62.77
yes,,27.72444577137566,85.35572436335593,103.8
yes,,27.72448005151744,85.35581433688623,90.5
yes,,27.72453254089734,85.35566266782926,48.17
yes,,27.724643594916955,85.35570616527338,92.3
yes,,27.724566929487576,85.35575089372163,80.01
yes,,27.724285562231447,85.35623322545828,72.05
yes,,27.72468600000853,85.35628884998773,118.4
yes,,27.720512960991584,85.35139327508992,1325.93
yes,,27.72031645004352,85.35116195001811,637.96
yes,,27.72033169357945,85.35093125669226,43.03
yes,,27.720454880718673,85.35079244629435,62.11
yes,,27.720421932753755,85.35086870718838,56.86
yes,,27.72040064539,85.35094823461914,22.22
yes,,27.720380254354087,85.35097897407373,21.34
yes,,27.720180163295552,85.35033854974242,37.9
yes,,27.720170064324282,85.3504159508756,51.97
yes,,27.720138533030813,85.3504903120104,79.48
yes,,27.720322453191862,85.35042785570255,68.45
yes,,27.720376067258155,85.35024984244174,47.37
yes,,27.720448576736114,85.3502892171372,35.28
yes,,27.72040091896921,85.35019603572678,41.07
yes,,27.720275831775776,85.35030642064487,29.32
yes,,27.72033732317235,85.3503482803038,95.89
yes,,27.720236408188796,85.3503832605622,30.4
yes,,27.720161450838404,85.3506164829795,12.83
yes,,27.72018445000062,85.3506423000003,8.62
yes,,27.72022515000102,85.35067119999877,21.15
yes,,27.720244877860495,85.35055291050689,213.62
yes,,27.720330202582755,85.35069549797846,102.98
yes,,27.72037652882386,85.35061200913685,91.09
yes,,27.720432284607654,85.35054123051319,43.16
yes,,27.72046021265512,85.35048000307985,90.36
yes,,27.72067565000711,85.35011760000427,72.14
yes,,27.720607701048124,85.35005881624875,84.69
yes,,27.720565266425087,85.35030445027462,70.8
yes,,27.720544091078878,85.35016038676424,114.35
yes,,27.720547501946754,85.35001233278162,89.53
yes,,27.720310672139366,85.3501749507678,87.64
yes,,27.720095392195148,85.35031303346969,64.74
yes,,27.72005806433715,85.35045828054497,87.65
yes,,27.719737642024747,85.35058102501115,208.88
yes,,27.71968460493306,85.350374884743,166.8
yes,,27.719678052458132,85.35022283598576,448.37
yes,,27.72071646311527,85.3511879731298,258.13
yes,,27.7209311936313,85.35091067817002,181.68
yes,,27.72129609962066,85.35073352376271,88.53
yes,,27.72118562992356,85.35062401096508,142.45
yes,,27.721035681534996,85.35079252100452,73.71
yes,,27.720995220656373,85.35073649203444,31.96
yes,,27.72094057005043,85.35066130299244,59.66
yes,,27.720972800004095,85.35057745000069,53.67
yes,,27.721039496953242,85.35057702036633,34.26
yes,,27.72111640000492,85.35053675000218,43.5
yes,,27.721004850006235,85.35047400000148,74.7
yes,,27.72107994782065,85.3504688186754,50.51
yes,,27.720552100000962,85.3511259499997,15.39
yes,,27.720547986962494,85.35105891567491,37.6
yes,,27.72060272681576,85.35102986178259,43.3
yes,,27.72057308155647,85.35099455193108,39.3
yes,,27.72057122340676,85.35090289905348,52.81
yes,,27.720520031069416,85.3506928641004,79.99
yes,,27.72063178487979,85.35081262739342,110.08
yes,,27.720622396306528,85.35064773669787,204.08
yes,,27.72062379754997,85.35045770553972,68.05
yes,,27.72066548178416,85.35034654280581,31.81
yes,,27.720698052024474,85.35102526576989,52.51
yes,,27.720812402524842,85.35112829078432,118.38
yes,,27.720861337288667,85.35105501854035,71.79
yes,,27.720770266209666,85.35097036745009,56.38
yes,,27.72082058330208,85.35092554900446,16.59
yes,,27.720761100002452,85.35087514998794,36.31
yes,,27.720753932795397,85.35070914567878,21.18
yes,,27.72078700761665,85.35079910065704,96.33
yes,,27.72081167441032,85.35072314793283,14.49
yes,,27.72084142506136,85.35066145354166,55.21
yes,,27.720779071536235,85.35061801881918,65.9
yes,,27.72083405000232,85.35052924999698,58.47
yes,,27.72090123090874,85.3504647453569,83.09
yes,,27.720721322273906,85.35048665015339,91.99
yes,,27.720765154220285,85.350408076148,105.5
yes,,27.720693640128786,85.3502653570637,61.78
yes,,27.72081600000071,85.35032124999351,59.0
yes,,27.720771033983535,85.35015404121503,83.59
yes,,27.72086989034793,85.35021617190108,95.7
yes,,27.72095894893807,85.3502780700743,97.45
yes,,27.721028553232586,85.35034548102887,60.07
yes,,27.720833467601466,85.35000129196602,104.24
yes,,27.720904229825155,85.35004805742881,126.31
yes,,27.7209723104538,85.35008950085809,93.4
yes,,27.721030300010856,85.3501250500085,92.74
yes,,27.72112410001199,85.35023290001375,69.49
yes,,27.721250986013995,85.35017646069498,29.22
yes,,27.72122663892729,85.35011312853904,76.16
yes,,27.721311869231474,85.35020930245771,66.04
yes,,27.721303450047444,85.35030837745491,70.26
yes,,27.721336737441046,85.34986932051204,53.08
yes,,27.721135061155337,85.34983529018051,28.38
yes,,27.721188119957752,85.34988322634678,24.43
yes,,27.721171731898124,85.34981945098738,28.95
yes,,27.721252971026782,85.34994145737964,73.34
yes,,27.72131563899341,85.35002307041424,112.5
yes,,27.72138800018867,85.35034585339497,76.61
yes,,27.721380853985245,85.35025457818739,71.95
yes,,27.721241917123614,85.35048565091773,91.82
yes,,27.72140150406066,85.35053179234676,106.69
yes,,27.72143545000026,85.3507151499999,31.5
yes,,27.72156569999663,85.35072695000007,28.49
yes,,27.721551640325345,85.35060383338579,123.41
yes,,27.72152321312274,85.35043397416302,132.67
yes,,27.721794050116884,85.35065019741963,41.26
yes,,27.721774608279745,85.35058504732528,57.67
yes,,27.72171845207507,85.35047121784162,126.81
yes,,27.72180808394195,85.35025198557791,130.37
yes,,27.721563755175836,85.34993692192366,90.32
yes,,27.72154683762174,85.35001602440717,71.04
yes,,27.721451927120523,85.35000769481725,83.68
yes,,27.721436174116448,85.3498898110611,82.31
yes,,27.721579773048965,85.34977448780931,124.58
yes,,27.721678851353424,85.34979330178913,130.3
yes,,27.72143820285696,85.35012424238369,91.8
yes,,27.721657172714174,85.34999152592005,68.39
yes,,27.721628732807286,85.35008860062003,53.41
yes,,27.721565418774535,85.35017322114993,84.23
yes,,27.722104350005946,85.35016389999973,136.31
yes,,27.722324301004576,85.35017744203299,72.31
yes,,27.72256560692009,85.35043568999151,70.11
yes,,27.72234941157508,85.35030497035311,36.38
yes,,27.722257427594773,85.3503994614964,47.22
yes,,27.722115650007765,85.35028344999638,48.34
yes,,27.72198468884865,85.35020679766009,154.0
yes,,27.721910467163895,85.35040777347326,27.66
yes,,27.721900050003384,85.3503336499995,35.12
yes,,27.72185431125616,85.35048087424167,36.51
yes,,27.721952927842846,85.35047285017234,112.46
yes,,27.72204713451161,85.35043603668383,161.32
yes,,27.722095084628325,85.35056068598828,46.9
yes,,27.722137139877642,85.3505326014003,33.48
yes,,27.72193034147581,85.35062456597598,70.34
yes,,27.722071846285285,85.35067425714206,119.32
yes,,27.722229644449424,85.35062918635401,93.99
yes,,27.72222635819975,85.3507223432779,48.0
yes,,27.72228273093927,85.35052325808961,59.23
yes,,27.722394581574243,85.35054995205537,65.32
yes,,27.72416388723073,85.35195232678672,152.27
yes,,27.724006414768848,85.35168837743043,233.88
yes,,27.724161990650046,85.3515259945847,304.64
yes,,27.724061555751607,85.3513680325179,238.44
yes,,27.723493701660605,85.35103033075644,290.01
yes,,27.7236019540422,85.35123852575248,87.35
yes,,27.723648221798523,85.35113058784805,91.26
yes,,27.7236811670963,85.35147233358062,91.98
yes,,27.723640877947002,85.35136973025931,95.26
yes,,27.723525800015786,85.35147914999375,182.58
yes,,27.723477175292253,85.35130888850863,211.95
yes,,27.72339605683325,85.35148108829837,195.71
yes,,27.72329154999948,85.35145015000379,85.01
yes,,27.72331135329689,85.35161226950873,165.09
yes,,27.723136520767092,85.35146313192833,58.35
yes,,27.72315360228907,85.35155093180745,150.32
yes,,27.723181150014415,85.3516720999911,140.36
yes,,27.723434652172973,85.35120919642414,151.12
yes,,27.723107700003077,85.35173344999784,35.83
yes,,27.72299300000326,85.35153095000442,83.58
yes,,27.723002443576668,85.35161854228738,42.77
yes,,27.723045341692863,85.35172011585351,96.92
yes,,27.722997532072483,85.35177420875877,90.46
yes,,27.722700710161654,85.35141416316652,124.54
yes,,27.722635390113716,85.35133331301645,88.74
yes,,27.72295333448902,85.35110273411397,95.5
yes,,27.723016962021422,85.35122301057204,197.48
yes,,27.72263661050494,85.35107373594415,143.47
yes,,27.72150780002139,85.36289155001187,72.41
yes,,27.721889397750495,85.36272571911203,78.33
yes,,27.721803906208994,85.36276883950141,90.74
yes,,27.721638947314563,85.36301481241969,340.54
yes,,27.721834896752032,85.36310380783661,368.93
yes,,27.721931991909408,85.36275986812544,74.24
yes,,27.7220442857585,85.36278380664928,96.95
yes,,27.722015836746184,85.3628653260931,108.5
yes,,27.722063219633498,85.36237743914735,52.81
yes,,27.722045822691154,85.36243642587624,50.26
yes,,27.722024910958634,85.362484502158,45.9
yes,,27.72201489108317,85.3625341330869,60.19
yes,,27.721997490485638,85.3626075035945,87.11
yes,,27.72237851733404,85.36273112626948,100.57
yes,,27.722438508054932,85.3625695686372,194.01
yes,,27.722172162562234,85.36307032895355,61.74
yes,,27.72214737056907,85.36292863012955,100.83
yes,,27.722245418573497,85.36268971425629,124.86
yes,,27.722401878117342,85.3623262345447,249.83
yes,,27.721647548598693,85.36269626977021,94.86
yes,,27.720822999002305,85.36170814226261,248.89
yes,,27.720856424319255,85.36159936558485,290.31
yes,,27.72099356468611,85.36141476735834,52.6
yes,,27.720907571230132,85.36134080443604,159.35
yes,,27.721070150013624,85.36125519998862,104.43
yes,,27.721141831073496,85.36121966408362,196.84
yes,,27.721203901787153,85.36118091144631,160.42
yes,,27.721264795569343,85.36115903705364,179.41
yes,,27.721354739889804,85.36113183661676,233.9
yes,,27.721593900029546,85.361167950015,124.19
yes,,27.721883121282165,85.36105106733173,82.08
yes,,27.721716396961693,85.36117336964418,402.67
yes,,27.721907995577872,85.36137714868993,29.88
yes,,27.721888237917568,85.36133333890648,39.96
yes,,27.721863464597988,85.36130157468833,54.35
yes,,27.721845657471345,85.36120425641114,130.17
yes,,27.721955832428215,85.36108471210349,56.19
yes,,27.72211752476331,85.36126811035344,59.6
yes,,27.722016150280183,85.36123098719412,62.42
yes,,27.722161586266758,85.36116528916557,112.49
yes,,27.72207115000301,85.36113349999646,106.33
yes,,27.722360379349368,85.36113694763654,194.54
yes,,27.724098046534806,85.35274627256928,93.22
yes,,27.724235927213083,85.35260158160352,152.87
yes,,27.724186597181898,85.35268822039517,114.69
yes,,27.724164447944474,85.35222024875758,164.87
yes,,27.72407009265876,85.35238023538717,88.53
yes,,27.723241603626093,85.35185647867061,133.25
yes,,27.723141981734493,85.35270710489723,191.06
yes,,27.723129546363946,85.35257074421891,188.26
yes,,27.72314171617028,85.35242030982087,115.42
yes,,27.72299907703274,85.35246269161267,53.01
yes,,27.722990340280415,85.35260877533894,81.53
yes,,27.72282827151199,85.35268731960406,110.11
yes,,27.722657105330335,85.35269367017534,179.02
yes,,27.722574655524085,85.35248244987801,147.37
yes,,27.72389336171184,85.35252982147175,194.85
yes,,27.72375543423696,85.35262228881281,165.66
yes,,27.723779350013263,85.35244124997213,99.9
yes,,27.723636763744313,85.35272553247171,97.91
yes,,27.723352999979394,85.35269400001533,215.27
yes,,27.72333377978516,85.35250490715194,191.9
yes,,27.723522915469044,85.35255599778782,83.8
yes,,27.723535833462897,85.35265686792025,123.33
yes,,27.72360889835472,85.3525904541645,90.7
yes,,27.72345053009059,85.3523559887888,326.49
yes,,27.72341710000865,85.35199624999686,86.39
yes,,27.723413524057683,85.35189160039565,96.69
yes,,27.723385130931234,85.35178645320684,105.38
yes,,27.72318076606792,85.35208389488132,122.59
yes,,27.723103094277246,85.35199433404777,106.44
yes,,27.723075564510363,85.35224080826947,56.34
yes,,27.722978348815648,85.35235778049098,75.29
yes,,27.72289124243784,85.35209432111627,64.23
yes,,27.722795375543402,85.35211816643833,78.27
yes,,27.7227516514722,85.35222987564602,202.08
yes,,27.722895999993174,85.35464659997992,88.97
yes,,27.72300339925343,85.35459695557336,128.08
yes,,27.72316840000452,85.35451775000575,70.75
yes,,27.7230314475843,85.35482893348485,154.6
yes,,27.722885945494042,85.3548890483354,111.08
yes,,27.722606866388112,85.35461650544732,159.23
yes,,27.717784250015036,85.36301679999909,111.44
yes,,27.72002914996173,85.36253564998617,227.42
yes,,27.71992821586189,85.36272167667578,76.08
yes,,27.72002552542169,85.36272658751275,70.95
yes,,27.72002830724008,85.36263241663234,360.11
yes,,27.720015149992303,85.3630151999941,100.7
yes,,27.71967720001945,85.36377759999863,122.41
yes,,27.719579935509284,85.36185508400895,223.7
yes,,27.719615573484013,85.36173620321951,153.19
yes,,27.719667726282996,85.36163507354941,152.21
yes,,27.7195325375024,85.36163864183682,130.71
yes,,27.71991851391066,85.36160157790263,86.61
yes,,27.720000059413238,85.36211520649296,46.14
yes,,27.719918656526655,85.3620801121684,108.82
yes,,27.719976485480835,85.36203430068824,72.09
yes,,27.719961868900533,85.36220074057509,129.41
yes,,27.719917750002143,85.36228149998313,149.05
yes,,27.71991230000043,85.36239394999708,40.92
yes,,27.719419990728245,85.36219211635986,72.53
yes,,27.718877574555943,85.36324499098814,30.13
yes,,27.718487592626886,85.36382140862258,360.38
yes,,27.718224021645604,85.3631477120671,91.88
yes,,27.717890130768208,85.36374626578531,335.83
yes,,27.717593724909552,85.36380575452989,202.91
yes,,27.71763611836402,85.36366137733144,98.63
yes,,27.717573280038277,85.36319077317987,98.74
yes,,27.717626220153637,85.36303957294722,124.57
yes,,27.717790606076463,85.36324847502021,46.18
yes,,27.719628194416135,85.36196783942333,79.31
yes,,27.719732634001353,85.36196256262923,42.44
yes,,27.719786554708676,85.36200269933614,54.56
yes,,27.71986602900789,85.36189913615165,181.46
yes,,27.719737993095965,85.36187836216487,81.06
yes,,27.719797957667236,85.36146011751971,114.6
yes,,27.71976458986199,85.36138556085065,92.59
yes,,27.719823621882806,85.36131333058053,53.03
yes,,27.71970272904304,85.36127806392902,127.46
yes,,27.71965063907835,85.36122247747103,79.74
yes,,27.719605790521292,85.3611874329101,52.8
yes,,27.71827316492018,85.3621525010702,116.24
yes,,27.718232100012603,85.36231579999951,159.47
yes,,27.71814478268759,85.36231578963859,137.25
yes,,27.71805315001725,85.36232414999827,135.43
yes,,27.718053665239317,85.36217052776499,134.02
yes,,27.717797100018505,85.3618832999987,112.21
yes,,27.717876284639274,85.36185011342917,348.94
yes,,27.717943226832908,85.36184905775849,159.83
yes,,27.718662109755716,85.36318010350976,115.73
yes,,27.71852232298519,85.36315326122082,241.32
yes,,27.71838393405972,85.36316347336722,149.74
yes,,27.718677750003344,85.36367984999794,82.38
yes,,27.718795080087737,85.36372014443509,190.95
yes,,27.718800504214386,85.3635833371133,116.38
yes,,27.71937854996239,85.36275300000037,139.88
yes,,27.719544514546936,85.36147596113084,134.8
yes,,27.719488467824558,85.3613955538599,165.4
yes,,27.719365172402213,85.361204114539,168.24
yes,,27.719295048552212,85.36130941415954,222.18
yes,,27.71935238321764,85.36149793862312,66.47
yes,,27.719065947128694,85.36126838298215,68.95
yes,,27.719202709256045,85.36139932125559,385.69
yes,,27.717903899992653,85.36113590000095,124.35
yes,,27.7176400560228,85.36110740932666,160.22
yes,,27.717589874830864,85.36147713496291,202.52
yes,,27.717680485346406,85.36188977859017,176.49
yes,,27.718510224312265,85.36262921091463,32.23
yes,,27.718462480983014,85.36257587850318,93.27
yes,,27.718396530039783,85.36274794604665,167.55
yes,,27.718393395967556,85.36300309657157,113.17
yes,,27.718399687956055,85.36348016848551,280.59
yes,,27.718491964298934,85.36350442249778,146.36
yes,,27.719511008854415,85.36206844853267,70.41
yes,,27.719342671356515,85.36199434642586,97.05
yes,,27.718866983275873,85.36247341659694,116.56
yes,,27.71900609277897,85.36251035654091,175.3
yes,,27.718906450011158,85.36226689999916,153.64
yes,,27.71897038805102,85.3621517247361,56.89
yes,,27.71896915565193,85.362079933496,82.53
yes,,27.719179850005734,85.3620919499989,34.79
yes,,27.71913285687216,85.3619342215433,56.9
yes,,27.71912688019708,85.36180867926704,155.32
yes,,27.71907007385942,85.36166948557775,72.6
yes,,27.719101135055976,85.36155252825694,99.08
yes,,27.718914907125797,85.36162200896472,252.25
yes,,27.718911521522926,85.36142662314275,151.5
yes,,27.7186994349306,85.36128481951751,82.89
yes,,27.718731134633614,85.3614735300037,260.04
yes,,27.718591324704434,85.36213738342228,146.23
yes,,27.718472541624145,85.36209499518607,159.7
yes,,27.71845561476444,85.36219422168833,105.81
yes,,27.71858766985691,85.36234140282589,123.33
yes,,27.718567526279024,85.36257232150068,107.21
yes,,27.718736549257624,85.36252812005473,99.08
yes,,27.718753090353932,85.3624369183776,92.83
yes,,27.71873674999771,85.36295365000036,71.2
yes,,27.718915664484538,85.36281027839738,85.32
yes,,27.71896133393754,85.36275116326595,72.28
yes,,27.719122499995567,85.36306715000033,89.14
yes,,27.71899162554326,85.3631797398465,209.77
yes,,27.71909394999911,85.363804299994,99.84
yes,,27.719130975549813,85.36355074339028,121.23
yes,,27.719317743174894,85.36343627313705,76.19
yes,,27.719384849999194,85.36308269999978,62.86
yes,,27.719353749994728,85.36327704999879,60.55
yes,,27.719481019074877,85.36313836245907,214.02
yes,,27.719687624498423,85.36345570737713,55.82
yes,,27.719675929492656,85.3628950059049,76.8
yes,,27.71973242865408,85.3630357384137,75.01
yes,,27.719376643907307,85.36227862363776,96.11
yes,,27.71937401542438,85.36251419903954,53.37
yes,,27.719461729918525,85.36262364253619,92.98
yes,,27.71955012910963,85.36219320732847,145.23
yes,,27.719604907469495,85.36210384779395,160.43
yes,,27.71938715022348,85.36185642826861,279.4
yes,,27.71518466381644,85.36026232769319,128.06
yes,,27.715190548225422,85.36036455769607,106.14
yes,,27.715198250002057,85.3604584999998,81.85
yes,,27.715078027115194,85.3605302652597,142.06
yes,,27.715189649997964,85.36063469999999,81.48
yes,,27.715187828573796,85.36079783398591,121.51
yes,,27.71556627484103,85.36110783150085,149.01
yes,,27.7153571958854,85.36099984897466,76.84
yes,,27.71546377099235,85.36098057839507,129.48
yes,,27.715648501323404,85.36062138737108,90.3
yes,,27.715573854632495,85.36062032556427,90.24
yes,,27.715502613702814,85.36062459385973,79.19
yes,,27.715429331105945,85.36061868022611,91.6
yes,,27.71535539712209,85.3606515391763,101.6
yes,,27.715344360891034,85.36076252742753,105.16
yes,,27.715500550027375,85.360752064628,112.99
yes,,27.71557238560436,85.36075340102757,120.64
yes,,27.715739912179156,85.36078138659882,93.72
yes,,27.715478044437123,85.36045633402783,41.75
yes,,27.715427656384147,85.36043886767898,106.65
yes,,27.715360388784944,85.36042144063425,123.86
yes,,27.71539638642277,85.36028567506597,123.02
yes,,27.715512169149793,85.3602838454469,155.88
yes,,27.71565200000631,85.3603106499995,44.27
yes,,27.715685832777027,85.36046355769862,64.83
yes,,27.715750226210357,85.3604672447704,82.21
yes,,27.71582823434017,85.36046809369412,94.86
yes,,27.715899900008306,85.36046804999961,76.52
yes,,27.716020096128027,85.36028784758483,53.08
yes,,27.71597029492568,85.36027587515136,41.31
yes,,27.71597429326724,85.36036166906561,58.44
yes,,27.715976371706578,85.3604479898451,69.8
yes,,27.716069351463112,85.36041395146194,105.6
yes,,27.71514468248285,85.3591388266219,696.05
yes,,27.71543004197053,85.35879977915071,212.63
yes,,27.715262978091797,85.35888618481485,79.06
yes,,27.7153293356611,85.35884465211252,63.98
yes,,27.715311658215516,85.35872460583934,106.69
yes,,27.715230777813105,85.35877760122798,133.41
yes,,27.715174413602618,85.35867534107575,85.99
yes,,27.71509426395795,85.35851413274905,114.1
yes,,27.715234863287986,85.35857830827115,135.43
yes,,27.715186599751352,85.35831868226475,114.78
yes,,27.71525650150467,85.35837093267025,128.02
yes,,27.715608210191384,85.35876885230444,72.42
yes,,27.715610979155628,85.35886236603399,189.48
yes,,27.71561218650594,85.35850415885336,211.06
yes,,27.715789607108643,85.35819010580963,139.36
yes,,27.71583480921302,85.35837826255478,123.72
yes,,27.71561262486138,85.35984732835085,144.3
yes,,27.71540893646504,85.35987544111974,163.81
yes,,27.71541234402886,85.35977633491517,180.21
yes,,27.715431067988202,85.35960915285412,99.93
yes,,27.715432916740163,85.35953973640378,127.18
yes,,27.715417871125346,85.35943313933319,130.33
yes,,27.715792423918312,85.3594247221849,77.47
yes,,27.715789815319855,85.35950893032332,52.64
yes,,27.71578881071212,85.35963336476331,118.71
yes,,27.71551084057605,85.35924009861878,102.6
yes,,27.71539582163545,85.35922939736281,131.63
yes,,27.715448287634192,85.35908782860861,141.26
yes,,27.71558879766412,85.3591603003488,252.94
yes,,27.71571142341147,85.35909960283436,160.21
yes,,27.715933087713214,85.35916096809139,85.55
yes,,27.71593905412169,85.35926306072699,99.68
yes,,27.71607245089689,85.3591737430632,190.34
yes,,27.716350983007167,85.35872640662222,92.73
yes,,27.716395450002842,85.35880235000322,56.34
yes,,27.716418664324994,85.35864293226068,56.87
yes,,27.716453200005525,85.35871674999892,86.07
yes,,27.715839250006756,85.36076209999938,50.14
yes,,27.716125216078087,85.3606754547672,82.88
yes,,27.716217749545432,85.3607941004522,87.91
yes,,27.716303774522427,85.36065446840364,77.54
yes,,27.71629011099181,85.36077015407648,85.99
yes,,27.715890861730923,85.3609909161999,111.01
yes,,27.715973700008945,85.36099084999901,116.84
yes,,27.716167445016563,85.36101375532854,63.15
yes,,27.716107443010596,85.36101054612918,62.43
yes,,27.716462848305277,85.36073850015123,148.64
yes,,27.716504038232884,85.36089407499588,134.68
yes,,27.716512165545275,85.36035683189654,388.02
yes,,27.71666277166378,85.36029465567856,92.41
yes,,27.716724900003,85.36060789999974,12.94
yes,,27.716668750174982,85.36053815399255,18.68
yes,,27.716710002524454,85.36074534700907,89.54
yes,,27.716614050511517,85.36059708953765,97.16
yes,,27.716596198420067,85.36073173611848,379.58
yes,,27.716684666827366,85.36044744848813,144.76
yes,,27.716351542810976,85.35946380517578,84.17
yes,,27.716455347112205,85.35944966037428,117.75
yes,,27.716450345585226,85.35953857642463,79.74
yes,,27.71592940736234,85.3594153448224,63.94
yes,,27.716013405254962,85.35943327384483,66.76
yes,,27.716163971993865,85.35946823741573,62.94
yes,,27.71615159572728,85.35937620899197,90.06
yes,,27.716243167182274,85.35944179925573,122.34
yes,,27.7163170477867,85.35930608987223,93.15
yes,,27.716458924517877,85.35928573832581,60.78
yes,,27.716360742072435,85.35915873676106,133.48
yes,,27.716463623470823,85.35911754711974,119.75
yes,,27.71654554759847,85.35899085755563,106.51
yes,,27.71659234637175,85.35911054219001,63.15
yes,,27.716642179927707,85.35923136715026,85.43
yes,,27.716590496758887,85.35956985077871,24.39
yes,,27.715964487446062,85.35969907786601,164.73
yes,,27.71608699256689,85.35966754806847,162.1
yes,,27.71619151719261,85.35965406580213,126.49
yes,,27.716290715752805,85.35964671292095,140.77
yes,,27.716382509894462,85.35964019363065,94.5
yes,,27.716460351502953,85.35963680377618,89.96
yes,,27.716670304610243,85.35958663791962,40.25
yes,,27.716675742517793,85.35964430864915,49.39
yes,,27.71660942895128,85.35965018794195,64.73
yes,,27.7165695251155,85.35949437103311,25.74
yes,,27.71662066418336,85.3595029051219,62.82
yes,,27.71667967175641,85.35951014742031,61.3
yes,,27.71601830306512,85.35986565739607,207.67
yes,,27.716175783308596,85.35984901540868,111.24
yes,,27.716263350008557,85.35985269999932,121.79
yes,,27.716259900021715,85.36000284999888,168.47
yes,,27.716371391919782,85.35997882405323,400.95
yes,,27.71647155486733,85.36006667543998,159.69
yes,,27.71662070000227,85.35983204999978,39.44
yes,,27.716662900003506,85.35993564999963,133.1
yes,,27.716668823943152,85.36004972851968,137.6
detached,,27.71721237565371,85.36111563940446,64.23
yes,,27.717329700003663,85.36118439999949,184.18
yes,,27.717419573401926,85.36099886671064,52.95
shed,,27.717287404553023,85.360826793265,73.39
yes,,27.71744490980122,85.36077325903229,94.38
yes,,27.716845047110596,85.36009578856975,107.43
yes,,27.716856101285703,85.3599731149177,154.08
yes,,27.716857053503976,85.35983407647467,131.17
yes,,27.716838373354616,85.35947695348364,242.03
yes,,27.71691150000497,85.35958924999994,35.74
yes,,27.71693687477874,85.35970105543853,51.74
yes,,27.71718272479913,85.35946717422773,26.71
yes,,27.71715986922811,85.3594068043627,29.59
yes,,27.717098949999453,85.35964260000002,10.25
yes,,27.71722840114791,85.35964479956695,204.55
yes,,27.71714371461468,85.359561269134,87.54
yes,,27.716937154585604,85.35906838963596,874.29
yes,,27.717091723398415,85.35925104080296,85.38
yes,,27.717299900002704,85.35880644999963,15.68
yes,,27.71721548803114,85.35876412610307,81.19
yes,,27.717161850127713,85.35860799542564,152.32
yes,,27.71601034768465,85.35852667550938,105.98
yes,,27.716103487676154,85.35860308315713,105.1
yes,,27.71613940377314,85.35852915721364,82.01
yes,,27.716083431978813,85.35834541065097,76.31
yes,,27.71616345000844,85.35840045000519,97.22
yes,,27.716258685042394,85.35847243926793,85.17
yes,,27.71638031463197,85.35831427639798,108.31
yes,,27.71645539107682,85.35822451092561,73.65
yes,,27.716569162823404,85.35853943739271,202.9
yes,,27.71674380472503,85.35849589359466,664.59
yes,,27.716929556446793,85.3583587816097,1043.49
yes,,27.717465820613754,85.36006789163604,69.31
yes,,27.717376251950814,85.35950233359155,42.72
yes,,27.71737775934564,85.35977094567198,53.76
yes,,27.717403137389166,85.35958078551423,87.77
yes,,27.71743181337526,85.35948798886878,62.84
yes,,27.717483650361388,85.35964990586007,187.05
yes,,27.717496991428707,85.35949606514961,82.0
yes,,27.717547061859833,85.35885337856239,109.7
yes,,27.71755385825494,85.3589306670861,71.92
yes,,27.71752073633697,85.35849510969136,111.9
yes,,27.71750337170975,85.35827085156888,92.08
yes,,27.722933222197454,85.35327703962825,85.19
yes,,27.72286700001958,85.35383395001745,144.46
yes,,27.722770973442085,85.35339085738387,95.34
yes,,27.722727795942408,85.35346140529538,98.56
yes,,27.722613725029433,85.35372229420561,150.83
yes,,27.722575550361444,85.35350341663495,23.34
yes,,27.722640505317944,85.35329569532952,84.82
yes,,27.722534855302158,85.35317610232154,87.74
yes,,27.722492018619455,85.3536314606881,125.56
yes,,27.722627310831918,85.35399944696522,143.79
yes,,27.72257062999678,85.35417768293036,181.59
yes,,27.723998100007538,85.3553691000024,140.49
yes,,27.724109062151616,85.35515612912374,148.71
yes,,27.724025200014868,85.35489394998956,151.12
yes,,27.72393583047875,85.3550011932672,182.32
yes,,27.723979204087907,85.35516845891246,108.31
yes,,27.723698548257442,85.35546141697449,47.48
yes,,27.723821940432423,85.35546113389668,148.08
yes,,27.723799690106222,85.35512527090945,74.39
yes,,27.723687892732023,85.3552127811492,28.49
yes,,27.723780660936892,85.35523083301851,116.0
yes,,27.723762432611114,85.35534824514694,84.59
yes,,27.723622453391222,85.35540024300516,97.82
yes,,27.723523353724925,85.35477944978274,568.75
yes,,27.72273283600329,85.35417439311503,123.88
yes,,27.72288788119922,85.35424768755993,148.23
yes,,27.72388461817683,85.35422396149771,169.84
yes,,27.723839750751512,85.35454013617824,40.23
yes,,27.72386473840568,85.35437025236969,94.11
yes,,27.723529858701973,85.35441761344246,85.73
yes,,27.723503533531844,85.354085036817,62.35
yes,,27.723487900005082,85.35427264999761,72.31
yes,,27.723335619160753,85.35437071514461,118.83
yes,,27.72328582607874,85.35424061417365,198.55
yes,,27.723533701992118,85.3553529989655,68.78
yes,,27.72328347137394,85.35502544733657,56.52
yes,,27.723627199998763,85.35351260000196,30.48
yes,,27.723574700004942,85.35356239999824,42.58
yes,,27.723638100728312,85.35389259915337,156.61
yes,,27.72344022568075,85.35358619170437,38.52
yes,,27.723315822845805,85.35380144380747,254.79
yes,,27.723051995531375,85.35341922303365,39.31
yes,,27.723133168423836,85.35295395271389,150.67
yes,,27.723212200008447,85.35322794999942,151.04
yes,,27.723822811614443,85.35401372292571,162.34
yes,,27.72382468500369,85.35343798603854,43.1
yes,,27.723783337020084,85.3535082086077,77.63
yes,,27.7233813056487,85.35294278766168,67.01
yes,,27.723652390874314,85.35287274319583,77.72
yes,,27.723692916239205,85.35296326675811,139.35
yes,,27.723750912867526,85.35307359679675,111.28
yes,,27.72367737815645,85.35314144827998,123.0
yes,,27.723605667833873,85.35320486118033,61.5
yes,,27.72355366763077,85.35295930184331,93.98
yes,,27.72353663927845,85.3532176603482,110.44
yes,,27.723493747003886,85.35305827030979,113.84
yes,,27.723539650003307,85.35337974999922,50.54
yes,,27.724503354373095,85.35343396698374,64.36
yes,,27.724225940413593,85.35361520996814,217.71
yes,,27.7239636500263,85.35386664999126,418.51
yes,,27.723938194065223,85.35361739854615,124.42
yes,,27.724085553680172,85.35348284279603,124.86
yes,,27.724122487645214,85.35354004273623,120.42
yes,,27.72444890212964,85.35332104725487,101.58
yes,,27.724603462031926,85.3535750549149,110.96
yes,,27.724616100004823,85.35334175000055,87.44
yes,,27.724440752830475,85.35298032799591,140.74
yes,,27.724274795821916,85.35310138348103,119.59
yes,,27.724179168605303,85.35321208103639,114.87
yes,,27.723935108930835,85.35318086296083,198.0
yes,,27.72403358847855,85.35281081507405,111.87
yes,,27.723972882239472,85.35287372149757,131.65
yes,,27.723798475149458,85.35283250414331,167.81
yes,,27.72480335000312,85.35511464999638,55.06
yes,,27.724641907410223,85.35528769425498,50.61
yes,,27.724706884868095,85.35527034820333,74.93
yes,,27.72467090000452,85.35519429999974,76.73
yes,,27.724841601767327,85.3548407331331,37.73
yes,,27.724721219380395,85.35449513739411,85.2
yes,,27.72466625000828,85.35452929998925,121.11
yes,,27.724756869005606,85.35469692730004,232.41
yes,,27.72459006991142,85.35459411930596,138.08
yes,,27.724453962500995,85.35541626291086,138.47
yes,,27.72442465000835,85.35406504998763,102.28
yes,,27.724524293386374,85.35396634319801,75.69
yes,,27.724681230695378,85.35404560730218,139.65
yes,,27.72457465001277,85.35411185002204,235.15
yes,,27.724361443184353,85.35414417427376,213.74
yes,,27.72439203438973,85.35430165857952,96.1
yes,,27.72432584296066,85.35434110874881,142.58
yes,,27.7243211054959,85.35454189353246,177.73
yes,,27.72438966587309,85.354712845225,168.05
yes,,27.724280310831684,85.35464441203598,112.65
yes,,27.72417168282976,85.35484887263902,155.06
yes,,27.724108785274876,85.35471593409636,205.96
yes,,27.72404420469228,85.354594109057,37.59
yes,,27.724134982810543,85.35453030743005,187.27
yes,,27.72409490000667,85.35440949999335,89.52
yes,,27.724198675396313,85.35439858442973,150.59
yes,,27.724535921450755,85.35325016805004,92.69
yes,,27.724658400001328,85.35369460006714,118.44
yes,,27.72445367897926,85.35362393851445,255.98
yes,,27.724495509938876,85.35376284800681,95.46
yes,,27.724182819189043,85.35406908051272,58.98
yes,,27.718593232389324,85.34750629566621,118.36
yes,,27.718738201176706,85.34747626294664,144.2
yes,,27.718684811802056,85.34846632199617,120.01
yes,,27.7187859500077,85.34848294999907,70.19
yes,,27.71880214031621,85.34838264864312,96.17
yes,,27.719660656690717,85.34972157578778,121.57
yes,,27.71963543988894,85.34983815570824,294.58
yes,,27.71984870537652,85.34912447888702,133.27
yes,,27.71975187864806,85.34878908572642,189.61
yes,,27.719448450007157,85.34770135000018,103.96
yes,,27.719346950023546,85.34771615000527,148.6
yes,,27.71941668228429,85.34756974856144,148.04
yes,,27.719296124123474,85.34751970935359,116.88
yes,,27.719201242868085,85.34747911985181,118.97
yes,,27.726128607500783,85.36262833154305,72.47
yes,,27.726071799997428,85.36167599999945,38.37
yes,,27.726191945739195,85.36145198397826,91.95
yes,,27.72651574738679,85.36143401940336,62.13
yes,,27.72584126199707,85.36100569112277,201.99
yes,,27.726114932298568,85.36122369503673,54.24
yes,,27.726849607828303,85.36271030000883,110.25
yes,,27.726638468601614,85.36248826342836,44.08
yes,,27.726687592645067,85.36267946812565,131.8
yes,,27.724917535046327,85.36271079437307,99.51
yes,,27.72637585000093,85.36269649999987,18.96
yes,,27.726197750009476,85.36297484999562,59.79
yes,,27.726032089214637,85.3637422143981,127.0
yes,,27.725515800001432,85.36358230000275,22.16
yes,,27.72569746724345,85.36356554397976,28.72
yes,,27.725839881637416,85.36343576288567,45.31
yes,,27.726631700003093,85.36364395000066,33.06
yes,,27.726390733386392,85.36359910106928,126.48
yes,,27.72641846451793,85.36346022563407,84.77
yes,,27.72626260609129,85.36314996995789,60.29
yes,,27.727205032079322,85.36364809690168,26.63
yes,,27.727168150001326,85.36356009999969,24.12
yes,,27.727199478257806,85.36291315100067,174.23
yes,,27.7270017704876,85.36218660847136,28.99
yes,,27.727243729792463,85.3613433457843,60.53
yes,,27.727265991607194,85.36127707760782,39.52
yes,,27.727128827782607,85.361310667831,127.8
yes,,27.726803398412038,85.3618195460626,138.22
yes,,27.72692528070245,85.36201826402987,43.01
yes,,27.726943241239518,85.36232562407231,58.96
yes,,27.72675090000298,85.3621987000004,37.29
yes,,27.726673300010507,85.36218985001268,75.88
yes,,27.725699572388983,85.36105547235809,79.16
yes,,27.725769045481933,85.36125046758023,73.57
yes,,27.725661875759194,85.36164534801593,245.16
yes,,27.72563142405308,85.36218390788797,80.69
yes,,27.725746072453607,85.36233498007148,300.86
yes,,27.725110880853222,85.3632924319069,290.77
yes,,27.725181584343147,85.36340638151135,307.35
yes,,27.72517495079017,85.36363788319466,282.79
yes,,27.72499145843587,85.36359992178548,357.44
yes,,27.722437086704605,85.34805095498415,203.25
yes,,27.72240634621329,85.34794651144615,103.95
yes,,27.72253417272202,85.34801468108387,41.59
yes,,27.722553222129342,85.34792260234349,122.33
yes,,27.72242605003542,85.3478235184878,89.24
yes,,27.72253177514696,85.34781626233782,113.13
yes,,27.722464757908693,85.3476902781807,78.71
yes,,27.722544709945787,85.34768985301335,168.81
yes,,27.72246825819073,85.34756786772004,58.89
yes,,27.72254495233521,85.34756896351004,110.41
yes,,27.722553349993415,85.34728985000109,93.59
yes,,27.723661753024494,85.34731049934702,110.11
yes,,27.723564330295407,85.3473959237992,111.67
yes,,27.723687708427736,85.34740723430652,151.22
yes,,27.72357101936644,85.34800732658348,197.18
yes,,27.72354868943347,85.34788814311197,106.31
yes,,27.723550200330497,85.34778554989877,107.35
yes,,27.723646301037405,85.34782384997877,172.63
yes,,27.72372960001431,85.34783229999826,103.66
yes,,27.72352842433807,85.34818522897115,72.84
yes,,27.723520509010296,85.34829588267726,123.72
yes,,27.72351886141403,85.34839110079776,93.61
yes,,27.723416518249014,85.34841539371502,86.51
yes,,27.723406415308016,85.34831465317082,168.57
yes,,27.72341153423821,85.34820206006073,106.4
yes,,27.723754600028663,85.34837024999439,76.88
yes,,27.723725777367232,85.34856098888567,237.12
yes,,27.724112827120564,85.34833031897305,261.29
yes,,27.72226790545403,85.36118760277293,142.56
yes,,27.721958742841768,85.36122638052248,70.64
yes,,27.721964972469518,85.3613124809726,66.35
yes,,27.721945251781452,85.36143869871242,55.9
yes,,27.72207975102322,85.36141157150388,41.85
yes,,27.722026823592564,85.36153295380656,75.89
yes,,27.72213150254695,85.36154418465938,92.42
yes,,27.722103554965923,85.36147386701847,62.87
yes,,27.72205359980968,85.36159968425204,70.12
yes,,27.721984690822115,85.36166484065161,123.44
yes,,27.72193650205148,85.36160247894111,61.74
yes,,27.72200635365286,85.36174396161668,71.67
yes,,27.72212995949947,85.36180946424997,47.36
yes,,27.72210902177779,85.36175310915105,49.21
yes,,27.72212940099192,85.36165593057743,158.72
yes,,27.72199228171191,85.36187352172188,84.14
yes,,27.7220320430936,85.36185773322806,62.95
yes,,27.72207622654444,85.36188147286741,44.39
yes,,27.722058752474524,85.36178708180063,27.95
yes,,27.722363569406816,85.36194012335994,23.51
yes,,27.722397667548243,85.3621229854819,115.85
yes,,27.722160250001053,85.36187685000385,83.27
yes,,27.721892090983907,85.3625641459066,50.25
yes,,27.721680439890864,85.36254665770052,52.86
yes,,27.721667324233433,85.36247511164477,54.95
yes,,27.72160913581947,85.36249283964874,28.66
yes,,27.72179990000244,85.36246194999967,67.45
yes,,27.721790351910055,85.36254500898023,80.4
yes,,27.721541068039347,85.36269351997122,111.91
yes,,27.721597283503623,85.36269439470924,107.75
yes,,27.721338553704957,85.36266649120392,97.9
yes,,27.721401675009798,85.36268006625836,144.44
yes,,27.721473933112673,85.36269595603618,134.24
yes,,27.721281784477842,85.36258673499876,57.15
yes,,27.721254454289575,85.36301806681567,97.67
yes,,27.72129736862099,85.36293686199959,82.59
yes,,27.721316023973365,85.36283986362366,148.62
yes,,27.72119439984196,85.36293871026638,111.94
yes,,27.721194795750392,85.36282750850172,47.68
yes,,27.7213941314505,85.3633124900409,74.84
yes,,27.721309720717134,85.36326024447179,116.92
yes,,27.721315370463522,85.36309964730899,112.06
yes,,27.721219633097576,85.36314572766217,186.82
yes,,27.721493550004137,85.36331660000147,40.35
yes,,27.72146978406148,85.3633711761475,27.77
yes,,27.721538747873744,85.36302997006221,86.7
yes,,27.721514211448397,85.36348624136066,182.0
yes,,27.72171302025998,85.36342379770548,167.4
yes,,27.721593254405196,85.36330256344219,301.31
yes,,27.72137950000042,85.3636751499996,23.78
yes,,27.72133377387695,85.36369846565299,26.16
yes,,27.72141093941334,85.36362621269008,43.87
yes,,27.721563595325808,85.36357845541228,44.04
yes,,27.72161592198564,85.36355204191655,128.42
yes,,27.721835548965704,85.36348268972918,73.46
yes,,27.72178230530414,85.36353454622594,38.22
yes,,27.721692815942195,85.36350833344973,51.43
yes,,27.721801138766928,85.36361593392442,192.65
yes,,27.721915608785267,85.3632640622833,50.51
yes,,27.72203630274258,85.36352605385231,72.4
yes,,27.72195479656634,85.36355366627919,57.9
yes,,27.721963283890712,85.36343758873315,138.05
yes,,27.722014714688502,85.36304486016792,41.38
yes,,27.722038448090142,85.36314123798688,60.37
yes,,27.721968993330925,85.36313678983495,120.16
yes,,27.7221153412442,85.3633489674535,92.51
yes,,27.722210700001945,85.3632325500004,32.43
yes,,27.722155856474387,85.36319148341303,53.85
yes,,27.722126969431415,85.36325065715752,120.09
yes,,27.72232580099442,85.36297621263996,133.41
yes,,27.72228120584487,85.36287622829833,42.1
yes,,27.722265341289727,85.36293023948673,58.19
yes,,27.722391786962127,85.3631920885662,157.18
yes,,27.722317610883525,85.3631825662797,108.41
yes,,27.72239999337056,85.36301118281648,159.55
yes,,27.721953850001793,85.36365319998856,99.2
yes,,27.722206355355652,85.36363811269916,160.2
yes,,27.722269437526332,85.36337931874404,80.26
yes,,27.72226011099038,85.3635187149074,235.06
yes,,27.72100711251987,85.36246261265507,36.34
yes,,27.721035751768035,85.36241360141094,48.45
yes,,27.72087913336086,85.36253358003239,66.7
yes,,27.720919935963863,85.36256320941725,53.26
yes,,27.720960704341156,85.36248631683543,28.68
yes,,27.720972871014684,85.36257962659523,99.18
yes,,27.72113797556075,85.36249628400067,40.12
yes,,27.721101856352433,85.36244941788541,14.15
yes,,27.721044708925,85.36253468629073,33.38
yes,,27.721043511009334,85.36263195432619,128.95
yes,,27.72112388650827,85.3626037135848,94.55
yes,,27.72114000565319,85.36274257471246,123.62
yes,,27.72118378204507,85.3626434003679,55.19
yes,,27.72119763504009,85.36255347041774,29.6
yes,,27.721129165332208,85.36289049263934,103.81
yes,,27.721144117367803,85.36303337820124,68.73
yes,,27.720922829748975,85.36246369861965,28.04
yes,,27.720959413617084,85.3624002065057,63.59
yes,,27.720819850217374,85.36252155659828,40.02
yes,,27.72076905396055,85.36248338083391,45.06
yes,,27.720811538026144,85.36243416321918,53.73
yes,,27.720868440778855,85.36245350385339,53.02
yes,,27.720850789828308,85.36237104226315,62.23
yes,,27.720927680128295,85.36232873212663,58.67
yes,,27.720546849999423,85.36381514999933,77.37
yes,,27.720872154764265,85.36319119269535,108.71
yes,,27.720861716517536,85.36326726671108,82.57
yes,,27.720851312308763,85.36337996460227,148.09
yes,,27.720817401987237,85.36352111349146,143.55
yes,,27.721103005773397,85.36311169580463,52.47
yes,,27.721060627964796,85.36309421374719,103.93
yes,,27.72056777605112,85.363497772552,152.64
yes,,27.720645573421002,85.36350131981277,77.9
yes,,27.720526754396776,85.36360785999098,30.78
yes,,27.720596881707912,85.36362092114663,117.27
yes,,27.720581284065553,85.36327650174378,78.68
yes,,27.720592904783565,85.36322765552904,58.8
yes,,27.720719062825662,85.36268859935603,78.73
yes,,27.72072107869376,85.36262659442973,101.39
yes,,27.72067194459443,85.3627099497383,55.12
yes,,27.720639173114357,85.36275597890841,66.97
yes,,27.720645039111393,85.36292363717904,196.07
yes,,27.720607517674853,85.36302752990532,64.05
yes,,27.720691919104965,85.36304274892497,75.96
yes,,27.72062713828786,85.36310113489321,72.93
yes,,27.72061724980599,85.36316851183349,86.43
yes,,27.72082979065702,85.36290349853927,212.38
yes,,27.720988415447913,85.36290580048598,133.86
yes,,27.720821619412217,85.36262585908368,73.11
yes,,27.72075154815806,85.36255929913578,86.73
yes,,27.720701322987395,85.36242447092562,79.71
yes,,27.720828890577522,85.36210760085874,104.61
yes,,27.720788187479034,85.36187044194631,93.87
yes,,27.72088725302885,85.36189224725489,62.53
yes,,27.720851594420257,85.36199858866188,214.04
yes,,27.72087185623741,85.36223671198238,82.22
yes,,27.720789428644586,85.36226576955472,52.82
yes,,27.720722617086096,85.36226488878467,75.98
yes,,27.720870799101206,85.362169118836,196.41
yes,,27.72073153061393,85.3621799569657,44.0
yes,,27.720882784642956,85.36150956827942,146.68
yes,,27.72095671490669,85.36146776792584,65.49
yes,,27.720785294838937,85.36128908659042,76.62
yes,,27.72078855927293,85.36139690838932,78.28
yes,,27.720863430400552,85.36143807263663,55.92
yes,,27.72073862775241,85.36109463951021,144.43
yes,,27.720821488144956,85.36115705176505,51.4
yes,,27.720982423813332,85.36156625099889,31.07
yes,,27.721018679135394,85.36151022518621,39.47
yes,,27.721052707899148,85.36145897058665,47.25
yes,,27.721666030570145,85.36134787558217,171.08
yes,,27.721184081070625,85.36135370347908,38.02
yes,,27.721097918400556,85.36137399988993,106.6
yes,,27.72219944884509,85.36170963847515,84.52
yes,,27.721776394268836,85.36135421006028,79.91
yes,,27.720410931994042,85.36126613062093,136.34
yes,,27.720511493612193,85.3612451251948,146.71
yes,,27.720317467362722,85.36119152045784,133.27
yes,,27.720421966430184,85.36110646500352,323.47
yes,,27.72008222126779,85.36111253992871,95.61
yes,,27.720063144261758,85.3612390617153,62.46
yes,,27.720195869969285,85.36120176549102,58.82
yes,,27.720201913507072,85.3612824592055,173.23
yes,,27.720373499999056,85.36145584999822,30.17
yes,,27.720446514723335,85.36148362820349,107.66
yes,,27.72052029685796,85.36149815920504,88.69
yes,,27.72052766558728,85.36136483253952,123.11
yes,,27.72010687369269,85.36160308793218,239.22
yes,,27.720200639818348,85.36175354328294,81.02
yes,,27.72013883368267,85.36171451387686,128.67
yes,,27.72020826763805,85.36158073923855,169.52
yes,,27.720253379155317,85.36192103961137,262.6
yes,,27.720293449789676,85.36177544481693,158.05
yes,,27.72041718580175,85.36190923902691,128.23
yes,,27.72044529115853,85.36175190270798,107.69
yes,,27.720361962608692,85.3623545771023,132.26
yes,,27.720340036943924,85.36227401223633,137.62
yes,,27.720391606589985,85.36222514962222,55.1
yes,,27.720411669205088,85.362177212418,71.26
yes,,27.720446560701127,85.36208989697782,79.91
yes,,27.72035443394038,85.36206642222136,100.63
yes,,27.720226530662107,85.36238113194203,311.08
yes,,27.720386121863363,85.36257427785718,77.45
yes,,27.720369438564045,85.36245672945714,236.68
yes,,27.720082899988014,85.36283340000142,196.13
yes,,27.720050550305906,85.36213895679253,47.41
yes,,27.72004761058575,85.3622651889205,61.37
yes,,27.72011872108523,85.36217056018249,103.39
yes,,27.720214415216518,85.36218184428928,103.23
yes,,27.72030544087287,85.3621609078597,65.9
yes,,27.720292355170592,85.3628068285635,106.33
yes,,27.720384580579093,85.36282762678417,78.91
yes,,27.72030004783715,85.36271287238053,81.92
yes,,27.720320786269706,85.36290468432728,149.82
yes,,27.72030442444844,85.36300261173365,221.86
yes,,27.72010777522721,85.36311916858558,75.49
yes,,27.72000845000024,85.36321769999523,157.6
yes,,27.720103601479096,85.36323709321412,84.18
yes,,27.720317293484612,85.3632909230946,46.55
yes,,27.723853501635258,85.35303613283112,36.42
yes,,27.723925106042483,85.35297475473953,91.17
yes,,27.723591848112488,85.35278595889544,53.67
yes,,27.72264523740441,85.35300601577246,116.3
yes,,27.72291454944157,85.35415345042925,111.65
yes,,27.72253050381206,85.35450852933576,148.76
yes,,27.722458626402783,85.3544425396516,114.71
yes,,27.721133249989617,85.36449659999133,110.09
yes,,27.720882855301813,85.36532410841704,341.84
yes,,27.720901388973026,85.36550750277178,525.4
yes,,27.72208402620613,85.36555204767494,171.65
yes,,27.721891764148914,85.36547723463852,98.32
yes,,27.72149709999829,85.36534344999909,59.61
yes,,27.72202488033385,85.36483432461388,128.27
yes,,27.72212087001538,85.36538404374463,267.72
yes,,27.722088449257818,85.36505505850538,296.35
yes,,27.721841411180282,85.36503950354786,48.92
yes,,27.722373277907554,85.36492649434535,90.96
yes,,27.72231725001225,85.36510139999952,155.17
yes,,27.722395427645925,85.36477523846989,91.54
yes,,27.718844382362438,85.36076329471754,221.18
yes,,27.719247259460836,85.36033360441371,169.11
yes,,27.7192604846392,85.36022538063506,149.33
yes,,27.719003438267045,85.36011881433866,221.53
yes,,27.71895440332309,85.3602654118614,300.61
yes,,27.71864548822975,85.3599125469553,294.55
yes,,27.718886548445514,85.36009863551757,94.89
yes,,27.71942526239239,85.35850622918964,249.83
yes,,27.719529635465477,85.3592355765824,136.96
yes,,27.718992997655533,85.35921068598398,84.32
yes,,27.71889806880034,85.35918364115349,135.86
yes,,27.718811877978396,85.35913454976081,86.64
yes,,27.718750731383537,85.35910403858753,69.08
yes,,27.7191232904835,85.35889936355593,43.32
yes,,27.718976045317625,85.3590375996212,89.5
yes,,27.718906000005987,85.35899745000002,92.8
yes,,27.72421374780925,85.34976766679388,158.28
yes,,27.724142728548106,85.35006535912052,57.77
yes,,27.724157912371588,85.350166999896,159.26
yes,,27.724079628175332,85.3499529583168,139.67
yes,,27.723957863014586,85.35023075265359,225.89
yes,,27.723862023235817,85.35026353628575,143.81
yes,,27.723650299531336,85.35015639403987,114.41
yes,,27.72376343019053,85.35015004077577,103.93
yes,,27.72378041280201,85.35000636843797,132.24
yes,,27.723747604925077,85.34987532268663,91.29
yes,,27.723816470657354,85.34987600305209,89.73
yes,,27.723638473425382,85.34991293507024,281.69
yes,,27.72366711996738,85.34970793014298,121.41
yes,,27.723579196691436,85.34967869962152,121.82
yes,,27.723781130307795,85.34969019471447,130.67
yes,,27.72387603177437,85.34969960528782,152.24
yes,,27.723932500007354,85.34956530000011,59.91
yes,,27.723934525868007,85.3494534389788,75.69
yes,,27.724007333076806,85.34972553097009,254.62
yes,,27.724057246387968,85.34958392378014,95.78
yes,,27.72403310993414,85.34945913671127,141.13
yes,,27.723531322328498,85.34936403098565,133.9
yes,,27.723744601300773,85.3508408582217,185.67
yes,,27.723949383253284,85.35084910990093,141.83
yes,,27.72409369541637,85.35079387317744,104.99
yes,,27.724267458212974,85.35078323293386,121.66
yes,,27.72370675000501,85.35049359999951,94.14
yes,,27.723666477173975,85.35062421314679,111.02
yes,,27.723836951371986,85.35047289450524,248.17
yes,,27.723847443095945,85.35060981589899,180.75
yes,,27.723966456864765,85.35060515250946,127.38
yes,,27.724082999195147,85.35057554700177,150.7
yes,,27.72408530722793,85.3504543746782,132.13
yes,,27.724197400006393,85.35041944999935,112.17
yes,,27.722930650001402,85.34876155000039,77.64
yes,,27.722922775312792,85.34865357235316,126.35
yes,,27.722907942702722,85.34854932598425,59.52
yes,,27.722857900000417,85.3489806499987,58.49
yes,,27.7228310721418,85.34861412333815,128.79
yes,,27.723417025667082,85.35076883862251,200.44
yes,,27.7233333345849,85.35063711035664,245.86
yes,,27.723251605671816,85.35059377420436,48.24
yes,,27.723203629728605,85.35059161584265,39.84
yes,,27.72319054271351,85.35068734465708,120.68
yes,,27.723070432202544,85.35069125305867,135.99
yes,,27.723005737642822,85.3507777174281,105.49
yes,,27.722969933063066,85.3507035336737,63.81
yes,,27.722963966694607,85.35061345057551,66.52
yes,,27.722799447669555,85.3501342629292,51.43
yes,,27.722886227126164,85.35017373622757,147.5
yes,,27.72295762177669,85.35008761853477,164.95
yes,,27.723066114712687,85.35020112095339,185.24
yes,,27.723161322662712,85.3503029300559,105.62
yes,,27.723224334269844,85.35045810193837,226.65
yes,,27.72301107948186,85.3503606005225,57.26
yes,,27.723032734928935,85.35042584038735,38.99
yes,,27.722797921194484,85.3508149758263,209.09
yes,,27.72282761299477,85.35071388906142,122.82
yes,,27.72272060358479,85.35074612853205,93.42
yes,,27.722633398656527,85.35076789288087,70.56
yes,,27.7226385718072,85.35063588248421,55.73
yes,,27.72256422077755,85.35068794426242,98.26
yes,,27.7224505553506,85.35064716958848,58.25
yes,,27.722542067921456,85.35059921977312,99.41
yes,,27.722715650002698,85.35058740000605,104.69
yes,,27.72282319411615,85.35055217994741,106.37
yes,,27.722912100006166,85.35049209999698,63.7
yes,,27.722654246882154,85.35051920268162,58.97
yes,,27.722729444999516,85.35048523819111,47.64
yes,,27.722701183334745,85.35031472520025,82.87
yes,,27.723501030786093,85.35052164044471,97.74
yes,,27.72357054871131,85.35061686910983,139.9
yes,,27.723612171066044,85.35050007571606,90.82
yes,,27.723612983555025,85.35025602253675,88.09
yes,,27.723619673764837,85.35033324370264,65.76
yes,,27.72350939188594,85.3503170252566,87.71
yes,,27.723504924950948,85.35020037900044,122.47
yes,,27.723352443618335,85.35020334326616,169.52
yes,,27.723408428854107,85.35036031988741,129.65
yes,,27.723446800010382,85.34988205000154,114.1
yes,,27.72337181488253,85.34987227531829,106.89
yes,,27.722483499693652,85.35010573299031,224.31
yes,,27.72260210000642,85.34977750000202,124.63
yes,,27.722777210763947,85.34974088491433,206.26
yes,,27.72272330127876,85.34986729910447,106.42
yes,,27.722626610221315,85.34994344456273,139.2
yes,,27.72260006572293,85.3500250325607,67.07
yes,,27.72277179257298,85.35000696492321,171.03
yes,,27.72287812581811,85.34990043911577,180.28
yes,,27.722497800009243,85.34981934999296,91.31
yes,,27.723541334596995,85.34953849332088,132.57
yes,,27.72343095000237,85.34953049999875,125.88
yes,,27.723302082097614,85.3497368431247,135.3
yes,,27.723185443670253,85.34951844977147,168.64
yes,,27.723914556323606,85.34873842489208,89.7
yes,,27.724045258013376,85.34877212737884,150.95
yes,,27.724147446721844,85.34878403982346,104.57
yes,,27.72409359803634,85.34892314717675,155.24
yes,,27.72399970000155,85.34900959999915,68.88
yes,,27.72399000921845,85.34910143630053,104.02
yes,,27.72399013978135,85.34924915287043,138.97
yes,,27.723903206875427,85.34923092077767,164.05
yes,,27.723868025279323,85.34907426080856,124.12
yes,,27.723857559530725,85.34890597392354,76.14
yes,,27.723829174570685,85.34882905967625,76.91
yes,,27.723829038096994,85.34873675171669,109.28
yes,,27.723750750006925,85.3487389999993,74.21
yes,,27.723757550006045,85.34897354999941,99.77
yes,,27.723752103346353,85.34907835151843,133.82
yes,,27.723740376083832,85.34921168880884,157.21
yes,,27.723650250013048,85.34918430000036,89.42
yes,,27.723575650025296,85.34914000000173,124.44
yes,,27.723387174603367,85.34914860960465,89.08
yes,,27.723337299467484,85.34900459508276,78.04
yes,,27.72325848634892,85.34905200735811,320.02
yes,,27.723125831761376,85.3493044903741,203.3
yes,,27.723088347850258,85.34965119152827,178.06
yes,,27.72324945000211,85.34988656732659,74.78
yes,,27.723222327959064,85.34998928600909,133.3
yes,,27.723069116356566,85.34984721159879,77.1
yes,,27.723022149043246,85.34976974907636,60.15
yes,,27.722983292859304,85.34970769234471,49.19
yes,,27.7229413000032,85.34965169999998,51.44
yes,,27.722989010320017,85.34951271423662,172.02
yes,,27.722911250005204,85.34945871671098,170.83
yes,,27.72302631451676,85.34929283971574,143.6
yes,,27.722957453230528,85.34923723035607,89.95
yes,,27.722837600022327,85.3493959000288,93.41
yes,,27.72277528794968,85.34931698696737,182.48
yes,,27.722833017936182,85.34919685478579,143.45
yes,,27.722706533497025,85.34917626609277,136.68
yes,,27.72250206483831,85.34897853553365,105.15
yes,,27.722580183366418,85.3490473389564,92.86
yes,,27.72264154002463,85.34909444859264,128.01
yes,,27.72261464385107,85.34954170560489,197.97
yes,,27.723111743825545,85.34818895110888,104.43
yes,,27.72321067235943,85.34819879239055,69.65
yes,,27.72323814875869,85.34829694236724,87.49
yes,,27.723116849951353,85.34831714514836,56.6
yes,,27.723188987389616,85.34839699335039,134.32
yes,,27.723199208329838,85.34847718259705,111.67
yes,,27.72320475031435,85.34855439918722,109.7
yes,,27.723214122482037,85.34862849803315,91.03
yes,,27.723217965092132,85.34870868226433,114.07
yes,,27.723221602960656,85.34881080766658,149.66
yes,,27.723429057545584,85.34797163756147,113.92
yes,,27.723404930984728,85.34782387448983,76.41
yes,,27.72340405052259,85.34775259892177,124.43
yes,,27.723359949990943,85.34756409999996,192.61
yes,,27.723259325107705,85.34769245646162,89.28
yes,,27.722969631532443,85.34824323575208,115.16
yes,,27.722898750017762,85.34837714999803,88.39
yes,,27.72288561977254,85.34824415634561,100.63
yes,,27.722554700007645,85.34739689999934,191.86
yes,,27.722518093328087,85.34832751275287,381.36
yes,,27.72260242792623,85.34822111174002,120.21
yes,,27.72268485000919,85.34822384999914,108.07
yes,,27.722767579000056,85.34801157534709,624.92
yes,,27.722790127838984,85.34784631432537,275.64
yes,,27.722800389234973,85.34773193035387,272.75
yes,,27.722798045014326,85.34759841020681,367.83
yes,,27.720296107771595,85.36422108585188,189.91
yes,,27.720255290498635,85.36408971768465,193.56
yes,,27.720951638409204,85.36427060146146,95.94
yes,,27.7210506459578,85.36416372187884,137.96
yes,,27.720903528204868,85.36413589540751,74.5
yes,,27.72062575000935,85.36445609999866,149.01
yes,,27.720611140834436,85.36434532750712,96.44
yes,,27.720873449998216,85.36439379999825,62.82
yes,,27.720978591199103,85.36441052256002,59.95
yes,,27.72073357316757,85.36443975654409,58.03
yes,,27.720569649997934,85.36405560000131,68.37
yes,,27.72077822790783,85.36409374273437,43.52
yes,,27.720686999993397,85.3640755499934,80.43
yes,,27.720704466415818,85.36391941192963,80.94
yes,,27.720677422145044,85.36376296622159,117.43
yes,,27.72069724433181,85.36421167600666,151.53
yes,,27.712561599999212,85.3610265999996,46.29
yes,,27.71254603918738,85.36114397326102,233.71
yes,,27.71227178917967,85.36212927489767,268.3
yes,,27.71150227646173,85.35929227238742,111.38
yes,,27.71157733863093,85.35928570912061,63.57
yes,,27.711644597006078,85.35928079763868,71.01
yes,,27.711658021639245,85.35918839965241,97.88
yes,,27.710129742542833,85.35891646363582,136.03
yes,,27.710288803189016,85.35877657123879,81.92
yes,,27.710201207627644,85.35855132319975,98.87
yes,,27.710300619080563,85.35855988343756,86.39
yes,,27.71038339543873,85.35856671999949,80.37
yes,,27.72023321440636,85.36444830871575,170.02
yes,,27.72034891926346,85.36445756870421,145.44
yes,,27.720275284106094,85.36434382990447,161.64
yes,,27.720209450527683,85.36461596195362,175.71
yes,,27.720333369572106,85.36457070050297,141.28
yes,,27.720600500005784,85.36514684999749,29.72
yes,,27.711402719036254,85.35886595876443,86.83
yes,,27.711465478486573,85.35894520257891,95.43
yes,,27.711493119348287,85.35902998636543,61.06
yes,,27.711506699697946,85.35910075875229,66.2
yes,,27.711421824006816,85.35874989022646,59.97
yes,,27.711619345695937,85.35879311634972,487.06
yes,,27.711872774136495,85.35949433985206,291.31
yes,,27.711884373682807,85.3596153035554,321.03
yes,,27.71090025000389,85.35853869999963,69.86
yes,,27.711417306294653,85.35840142030317,17.63
yes,,27.711176281651408,85.3583386602162,98.82
yes,,27.710146205715493,85.35927177312372,49.02
yes,,27.71191520951277,85.35932257127588,464.31
yes,,27.712033587828877,85.35921311641665,103.18
yes,,27.712042700005483,85.35907389999915,126.87
yes,,27.71173305954151,85.3602927923595,111.44
yes,,27.711739673525813,85.36063058141616,57.07
yes,,27.71177794560236,85.36057366616144,62.76
yes,,27.71187760000692,85.36036709999914,116.9
yes,,27.71155506754321,85.35953261223558,260.89
yes,,27.717210125225062,85.36156639474326,74.96
yes,,27.717515154315603,85.3613416254409,31.42
yes,,27.717472339392213,85.36150112560934,146.37
yes,,27.717317950002467,85.36196779999979,29.88
yes,,27.71726184201583,85.36196310206151,55.98
yes,,27.717176685010738,85.36190706291255,103.28
yes,,27.71722644460666,85.36174199918355,217.55
yes,,27.71736275000325,85.36171329999964,62.25
yes,,27.717449637987475,85.36184983300176,558.5
yes,,27.717370962970996,85.3621634752042,87.23
yes,,27.71742814561138,85.36215938409472,100.83
yes,,27.71704525160119,85.36217650166542,285.96
yes,,27.717148444628886,85.36217872629042,78.58
yes,,27.717194502352594,85.36217700844946,84.22
yes,,27.717239409136237,85.36217216125111,79.94
yes,,27.71731482167835,85.36216185158192,101.03
yes,,27.71731897647565,85.36231699114343,184.75
yes,,27.71690950002247,85.36216979999826,163.87
yes,,27.71692329804085,85.36234912548329,138.28
yes,,27.717007572917012,85.36234402901704,172.25
yes,,27.71714777467606,85.36231656297548,18.83
yes,,27.717089062139934,85.36228257531205,38.01
yes,,27.717097399999258,85.36240795000003,47.62
yes,,27.717223500021632,85.36234269999825,129.77
yes,,27.716831352612964,85.36240340983969,58.33
yes,,27.717226711764233,85.36273618699016,63.13
yes,,27.717255906969147,85.36254674552589,76.5
yes,,27.71733260000776,85.3625589500021,74.01
yes,,27.717166958218233,85.36281816976597,137.52
yes,,27.71714252222151,85.36272960372747,61.12
yes,,27.71707440112793,85.36282320242368,68.35
yes,,27.71694854627392,85.3630173762202,47.48
yes,,27.71701204672626,85.36291569330508,200.43
yes,,27.716893095326586,85.36281897479293,200.13
yes,,27.716834974720797,85.36258607791795,130.09
yes,,27.716876118183556,85.36279812347503,362.47
yes,,27.71709075000076,85.3630835499999,37.51
yes,,27.717113070420897,85.36315603892234,78.37
yes,,27.71717774050992,85.36317045115051,56.77
yes,,27.716536050005317,85.3628818500049,57.88
yes,,27.71657790506369,85.36292520138309,68.65
yes,,27.71643404159443,85.36294806522443,55.57
yes,,27.716768386930582,85.36302340572752,89.43
yes,,27.716623509868178,85.3631902133847,72.67
yes,,27.716743456872955,85.36324427724874,59.69
yes,,27.716696831788777,85.36321193403052,38.5
yes,,27.716902621416192,85.3632054710921,84.6
yes,,27.716778534617013,85.36331675235945,16.83
yes,,27.71684248219285,85.36332896254996,71.96
yes,,27.716799766376795,85.36326249486125,38.54
yes,,27.71694662776444,85.3633193631093,74.53
yes,,27.71702504332012,85.36337559463212,98.34
yes,,27.717344604137086,85.36316852411179,116.24
yes,,27.716908546255993,85.36342823048545,71.3
yes,,27.716388334642232,85.36278104231238,63.21
yes,,27.71628559721134,85.36259829537228,91.32
yes,,27.716107988279163,85.36651762411167,172.98
yes,,27.71572440528041,85.36589752360759,71.4
yes,,27.71580149197113,85.3657777801612,78.45
yes,,27.71586904436206,85.36577642626496,56.8
yes,,27.715962150005232,85.36589954999945,88.86
yes,,27.715331715651363,85.36620913748274,92.74
yes,,27.71516550001361,85.36712045001583,156.18
yes,,27.715215427691238,85.36693585460208,89.79
yes,,27.715238851712463,85.36681234625489,70.02
yes,,27.715143874956073,85.36686318017345,62.36
yes,,27.715078030154732,85.36682323912785,93.55
yes,,27.715459943984946,85.36680673772884,85.55
yes,,27.71534661291058,85.36701934843609,101.52
yes,,27.71543955000504,85.3670514499989,79.2
yes,,27.715507590103627,85.36703715540092,74.34
yes,,27.715614500011156,85.36702224999615,73.58
yes,,27.71560700039157,85.36690225156386,89.22
yes,,27.715711890419083,85.36663405437415,77.54
yes,,27.715751550005926,85.36650604999366,65.03
yes,,27.715688736921297,85.3665372106097,69.2
yes,,27.715622504934167,85.36644397642726,70.56
yes,,27.715679927347136,85.36639184010575,82.82
yes,,27.715737450005836,85.36634674999499,75.83
yes,,27.7155813497407,85.36628956788684,81.76
yes,,27.716688952016067,85.36608328124301,148.72
yes,,27.716805853604008,85.36611242823531,124.9
yes,,27.716697750004663,85.36618809999976,76.38
yes,,27.716798747943592,85.36621329130243,140.26
yes,,27.71676639607698,85.36631267310219,140.83
yes,,27.71666627172689,85.36629095492707,125.16
yes,,27.71647965512489,85.36622595011967,147.77
yes,,27.716556643600274,85.36625952219335,65.34
yes,,27.716359596828255,85.36639907057608,155.9
yes,,27.716444826709303,85.36640673974391,73.09
yes,,27.716514363910093,85.36641635398784,100.4
yes,,27.716679890276787,85.36642931534139,88.4
yes,,27.71660436588806,85.36641084548961,65.6
yes,,27.716724189011323,85.36654373129367,75.94
yes,,27.717022355875695,85.36623800279608,141.58
yes,,27.716968209443117,85.36631823114931,77.67
yes,,27.716907968766265,85.36637747700101,64.33
yes,,27.71684537081558,85.36645511382477,48.64
yes,,27.717325498046602,85.36688155805793,331.67
yes,,27.7166613526845,85.3627336338384,68.91
yes,,27.716586841435902,85.36269089030363,141.27
yes,,27.71631113336769,85.36326780006262,50.2
yes,,27.716348913938628,85.36316691654629,70.98
yes,,27.71583383911709,85.36257557995265,91.16
yes,,27.715781039642295,85.3625316232644,179.45
yes,,27.71602423733403,85.36289052559475,78.07
yes,,27.715925081514428,85.3627691395075,111.46
yes,,27.715855716463604,85.36293857748247,49.95
yes,,27.715777690645552,85.36285236168784,69.79
yes,,27.71618960000122,85.36320524999952,21.41
yes,,27.716133400006623,85.3632853500013,105.24
yes,,27.715466332782157,85.36285351354907,105.03
yes,,27.71540416680396,85.36293074884529,123.8
yes,,27.71556255719339,85.36215628687167,87.95
yes,,27.71558862037492,85.36228103818537,83.62
yes,,27.71537281283466,85.36225390876206,90.64
yes,,27.71527592434284,85.36222760944005,98.63
yes,,27.71555797497676,85.36192999482853,51.15
yes,,27.715637333341093,85.36187010063969,128.07
yes,,27.71592442522027,85.36191003374233,156.77
yes,,27.71584705707282,85.3617060701177,115.68
yes,,27.71582235001652,85.36189654999862,187.77
yes,,27.71571154626312,85.36170527591315,106.48
yes,,27.71626563528482,85.36190388101765,164.24
yes,,27.716154550307433,85.36184268000785,115.53
yes,,27.716096357051896,85.36191483082162,117.08
yes,,27.71625511268655,85.36213884035921,155.23
yes,,27.716168965002137,85.36207844118005,36.23
yes,,27.716154878182724,85.3621408999583,76.27
yes,,27.715586036580042,85.36142878089596,135.35
yes,,27.715195671024823,85.36150288059947,124.02
yes,,27.71532173948129,85.36112614415035,66.46
yes,,27.715472579969187,85.36113334448609,79.59
yes,,27.715396877669974,85.36112553454767,147.56
yes,,27.715376850007882,85.36148059999924,169.31
yes,,27.71551220000756,85.36132544999982,84.74
yes,,27.715443533931992,85.36131621582355,79.83
yes,,27.71538321764128,85.36191711952404,88.65
yes,,27.71539381415485,85.36182393902334,72.49
yes,,27.715185342939172,85.36195516668654,50.31
yes,,27.715264725596345,85.36195312356689,45.52
yes,,27.715273350005596,85.36187179999988,42.97
yes,,27.715232352377644,85.36181007819677,131.58
yes,,27.715239966109042,85.36169620448575,226.27
yes,,27.715610778717473,85.3625217344839,382.88
yes,,27.715176950000505,85.3621490499992,61.39
yes,,27.715193780049557,85.36296068783682,73.93
yes,,27.715536800004816,85.36305629999791,73.62
yes,,27.715374996097893,85.36322173303965,173.3
yes,,27.715369319889817,85.36350633809688,99.44
yes,,27.715699420117936,85.36322035166494,45.0
yes,,27.715757485093413,85.36317763397423,48.11
yes,,27.71576814960088,85.3630732053709,144.9
yes,,27.715672853832626,85.36301934400589,102.46
yes,,27.715680950003794,85.36311965000063,69.08
yes,,27.7157203095177,85.3634671348966,135.95
yes,,27.7157975100645,85.36332498031703,127.81
yes,,27.715889971108748,85.36355953758583,76.35
yes,,27.715869536099987,85.36350533235732,45.42
yes,,27.715969062818864,85.36377999074081,136.74
yes,,27.716037045155147,85.36368992390607,66.82
yes,,27.71640802181532,85.36335518713322,53.82
yes,,27.716393930008994,85.3635264169008,79.85
yes,,27.716359426524278,85.36348274601204,111.67
yes,,27.7166787217573,85.36346630479753,78.87
yes,,27.716616813458973,85.36352753700329,105.33
yes,,27.716476461095017,85.36346131145164,69.23
yes,,27.716726227479967,85.36371466172649,43.22
yes,,27.716673568687714,85.36359452316341,43.84
yes,,27.71673406990329,85.363521058003,78.03
yes,,27.71820178537361,85.35155190179047,90.94
yes,,27.718317493887938,85.35143847920291,102.88
yes,,27.717852211589726,85.35061373855535,80.65
yes,,27.718184738679952,85.35067607188175,111.4
yes,,27.718173864386493,85.35077742514619,157.4
yes,,27.717690816474406,85.35270987101653,82.44
yes,,27.716588994881842,85.36151142525635,90.76
yes,,27.716518374743487,85.36149218498963,89.84
yes,,27.71644754482041,85.36127674924226,150.48
yes,,27.716593020277344,85.36207103998815,96.31
yes,,27.716474677667875,85.36209489526853,86.41
yes,,27.716560499959936,85.36172905000316,543.86
yes,,27.71649323874583,85.3619353763716,110.45
yes,,27.71642591031061,85.36230915540078,173.99
yes,,27.716988756678,85.3617305769617,530.08
yes,,27.716384128380103,85.36372641821663,327.95
yes,,27.71753000081789,85.36117424650912,52.72
yes,,27.717531912379002,85.36110272533296,33.7
yes,,27.72044961628605,85.36552222492959,50.97
yes,,27.720396780770383,85.3655036236276,47.76
yes,,27.720246277539776,85.36564302679372,374.97
yes,,27.720502100549687,85.3653897032749,85.72
yes,,27.72018750642637,85.3651732382453,147.09
yes,,27.72023344490803,85.36507207827533,119.23
yes,,27.72053826092056,85.3637203513462,106.47
yes,,27.720922493031864,85.36371244313843,86.74
yes,,27.72211963626835,85.36460768283492,154.92
yes,,27.72242362124258,85.36367533594272,436.32
yes,,27.722377151630784,85.3639622756577,154.59
yes,,27.722444623461005,85.36404363323626,193.95
yes,,27.72193414477472,85.3648283963577,54.15
yes,,27.722168344887297,85.36477896529269,78.18
yes,,27.72214337612943,85.36486145333153,116.3
yes,,27.721960405706945,85.36442772850432,149.45
yes,,27.722010765645383,85.36432462262049,125.51
yes,,27.72206830066065,85.36398640111237,26.35
yes,,27.72208783171203,85.36392041542258,87.95
yes,,27.722087901885114,85.36403673017477,39.24
yes,,27.722119989992255,85.36376142315132,288.56
yes,,27.72219687025198,85.36394690370248,117.52
yes,,27.7219128824453,85.36377939596996,152.35
yes,,27.721871154943614,85.36389306140413,117.8
yes,,27.72167502541388,85.36379910005557,218.22
yes,,27.721040271143377,85.36423245340318,60.79
yes,,27.72092142819387,85.36383948934746,25.77
yes,,27.720942537234492,85.3638091467752,45.28
yes,,27.720867040462064,85.3637310321305,98.82
yes,,27.720808525712865,85.36389285742189,132.19
yes,,27.720250676540385,85.36399030354958,85.57
yes,,27.720246112413985,85.36392387864699,133.47
yes,,27.721712685632745,85.36435703340165,158.0
yes,,27.721855932731938,85.36438353135215,136.67
yes,,27.72187852474904,85.36420290167976,187.58
yes,,27.72157730650811,85.36414461216388,344.87
yes,,27.72133813184177,85.36408086378499,213.01
yes,,27.72141362088421,85.36424405646535,109.29
yes,,27.721271686806283,85.36423714851065,310.75
yes,,27.721079499936216,85.3640243499388,181.58
yes,,27.721663911952934,85.36477822409243,298.22
yes,,27.72178150000234,85.36450679999903,56.28
yes,,27.721751770936354,85.3646057094608,116.22
yes,,27.721541050000706,85.36487369999871,54.22
yes,,27.72143856618654,85.36491176565224,103.8
yes,,27.721496750003165,85.3676645999989,113.69
yes,,27.721318712713334,85.36751825960917,79.05
yes,,27.721396121325206,85.3674844106631,114.3
yes,,27.721409754997424,85.36731098932242,160.89
yes,,27.72144011913169,85.36708242049164,123.77
yes,,27.721198800006196,85.36679519999936,119.71
yes,,27.720367636332938,85.36610819848778,1262.08
yes,,27.71895138549033,85.35066193652982,74.04
yes,,27.7187539962992,85.35075592116463,52.42
yes,,27.71770224876349,85.35165077944768,72.06
yes,,27.71975773298606,85.35862158359883,131.42
yes,,27.71974762799381,85.35876615391705,284.49
yes,,27.719824305854722,85.35887394545703,220.85
yes,,27.71963792511462,85.35876517257991,169.59
yes,,27.719600405399294,85.35846240098098,69.27
yes,,27.719661228109,85.3584702913314,34.71
yes,,27.719712550005582,85.3583743000012,60.81
yes,,27.719665542159653,85.358280318067,216.18
yes,,27.719585567887616,85.35862008174094,170.7
yes,,27.719551083062157,85.3587708685349,123.94
yes,,27.71941263154332,85.35871204589075,93.03
yes,,27.719096929004728,85.35841025665486,144.4
yes,,27.719198111454997,85.35844265485036,109.3
yes,,27.719260589389577,85.35833186605147,61.92
yes,,27.719335901172077,85.35838365043394,52.51
yes,,27.71927464541021,85.3584901865425,102.73
yes,,27.719207354210205,85.35859572897324,84.34
yes,,27.719277628988273,85.35863989116751,91.56
yes,,27.718988811694555,85.35831589149099,66.31
yes,,27.718952777154186,85.35838086615807,97.73
yes,,27.718897869838134,85.35846379531165,164.81
yes,,27.71898884323049,85.35851570457102,92.19
yes,,27.71905944898302,85.35853965747985,96.13
yes,,27.719138790606838,85.35855594565841,107.49
yes,,27.71880063373311,85.35840839399438,68.77
yes,,27.718736055189183,85.3583306023529,115.37
yes,,27.71863550352874,85.3584784905515,113.52
yes,,27.718691869730176,85.35839169139322,129.36
yes,,27.71914893230849,85.35828909727873,119.08
yes,,27.718786082206503,85.35856691366565,127.01
yes,,27.718982064717142,85.35866557491401,129.9
yes,,27.718888175424944,85.35861096112201,151.97
yes,,27.71847776045882,85.35851704411037,217.62
yes,,27.71863997687643,85.35864820655648,53.57
yes,,27.718677834720083,85.35869612801045,45.69
yes,,27.718710467950956,85.35877582253502,33.01
yes,,27.718323455308955,85.35853677984225,94.03
yes,,27.71827820507479,85.35843991760747,121.59
yes,,27.71823217076349,85.35850146163776,51.96
yes,,27.71784795914095,85.35340347706784,107.71
yes,,27.718544904567214,85.35306787012271,77.47
yes,,27.718279954785945,85.35868834979772,151.58
yes,,27.71829343206556,85.35859537312676,53.02
yes,,27.71848826924277,85.35862719315966,175.95
yes,,27.71838230002248,85.35873235001269,93.19
yes,,27.718197808916162,85.35885678691564,140.21
yes,,27.7181926497576,85.35863265802256,62.26
yes,,27.71813016805515,85.35874376644463,29.03
yes,,27.718152214996664,85.358694371754,78.11
yes,,27.718329937665967,85.35892607099493,157.95
yes,,27.718433349050162,85.35884850187254,209.95
yes,,27.71846039604699,85.35900386255474,57.13
yes,,27.718483625380067,85.35892607121652,81.88
yes,,27.71850641371161,85.35885116925004,66.5
yes,,27.71853091808454,85.35876717583875,102.01
yes,,27.71801440001076,85.35902940000665,106.57
yes,,27.718041450004964,85.35889694999955,82.89
yes,,27.71816151796054,85.35895540083678,103.81
yes,,27.718291505872468,85.35903421233279,98.06
yes,,27.717935900354707,85.35898255860118,74.97
house,,27.718071701554727,85.3583369687972,122.85
yes,,27.718056596968072,85.35850418450346,132.53
yes,,27.7180426703148,85.35869582165734,62.7
yes,,27.718047317315165,85.35861360864065,112.18
yes,,27.717911071073107,85.3587038142346,126.41
yes,,27.717920303114422,85.35859746527125,113.9
yes,,27.717808933274927,85.35869511658892,127.63
yes,,27.717693876322578,85.35860705905682,123.02
yes,,27.717619050000025,85.35920019999647,37.3
yes,,27.717695319308042,85.35910910948144,171.65
yes,,27.7176625498307,85.3589658509339,114.98
yes,,27.717731129482075,85.35883192193764,131.96
yes,,27.717705766189283,85.3592626243658,25.82
yes,,27.71776428448155,85.35925820118088,70.55
yes,,27.71786938753752,85.35919337807094,64.27
yes,,27.717837064655544,85.35933770511267,220.71
yes,,27.71805295000977,85.35916825001091,186.44
yes,,27.71810998292169,85.35903664118862,30.75
yes,,27.71780890000085,85.35910369999968,24.22
yes,,27.717743746612978,85.3589949992221,120.27
yes,,27.71783652205464,85.3589790231719,96.4
yes,,27.718131828775253,85.3595937010991,68.43
yes,,27.71806837014696,85.35935269235134,57.93
yes,,27.71807036153418,85.35949541950133,131.18
yes,,27.718001794127815,85.35953209550253,32.28
yes,,27.717990111021503,85.35964193958814,59.86
yes,,27.71795355000307,85.35957810000127,55.06
yes,,27.717834625548274,85.3588613944931,59.45
yes,,27.718125419362718,85.35940986094731,115.58
yes,,27.71820836726262,85.35955772186219,13.37
yes,,27.71821169963175,85.35947956706329,86.76
yes,,27.718280702531587,85.35951339394907,75.08
yes,,27.718244150007436,85.35963289999945,116.23
yes,,27.718477367191984,85.35964375487644,81.71
yes,,27.718392089948516,85.35956993693546,147.87
yes,,27.712054094582594,85.36284902747629,100.11
yes,,27.712649805572767,85.36306953518124,106.18
yes,,27.712478779059452,85.36305495754098,112.24
yes,,27.712194724811635,85.36370340475074,114.5
yes,,27.712006175743532,85.36363181037504,132.02
yes,,27.711743463467464,85.36253078990214,230.76
yes,,27.71243739999908,85.36197735000003,78.62
yes,,27.711984630961606,85.36178017390829,195.46
yes,,27.712081714668695,85.36200815233553,140.83
yes,,27.71237764627669,85.36177809505958,554.96
yes,,27.7123463230649,85.36159844040236,178.53
yes,,27.718365772397846,85.35965390416192,46.82
yes,,27.718336931919797,85.35974189014645,111.04
yes,,27.71844808800115,85.35979609091015,281.76
yes,,27.712632256870723,85.36175385388717,213.68
yes,,27.712593298475102,85.36265554997846,95.98
yes,,27.712669184775578,85.36264685150014,56.82
yes,,27.712422674484596,85.36345789480362,191.66
yes,,27.711853971456048,85.36327796486438,140.31
yes,,27.71194799507925,85.36330535627181,71.88
yes,,27.71202439769107,85.36328694181813,113.1
yes,,27.71179109999758,85.36309340000065,73.26
yes,,27.71832561195704,85.35998601542347,117.04
yes,,27.718434402289976,85.36006513380892,140.4
yes,,27.718516058659272,85.36013212659022,70.89
yes,,27.71856970317563,85.36003683862867,174.55
yes,,27.718540840411528,85.35986002329963,136.66
yes,,27.71832857412841,85.35987792044887,58.95
yes,,27.718379205686176,85.3599281184544,80.05
yes,,27.71820797236044,85.35988830839149,116.77
yes,,27.718238556591313,85.35980051271498,42.77
yes,,27.718281414485062,85.35985135371075,44.47
yes,,27.718119366859604,85.35982594671107,48.71
yes,,27.71806960000815,85.35973204999901,129.71
yes,,27.71852747218621,85.36021590803198,55.21
yes,,27.71202690828929,85.36300403636363,158.15
yes,,27.710146592055356,85.35913393629632,103.96
yes,,27.70978260579775,85.35866193429325,137.53
yes,,27.712139521267712,85.3617148378019,88.93
yes,,27.71210892594763,85.36183527278705,134.71
yes,,27.717643759363348,85.35973414452964,144.69
yes,,27.71781409776313,85.35972811568656,63.6
yes,,27.717989203350196,85.36004537008348,182.94
yes,,27.717893468607745,85.35943204196745,77.98
yes,,27.718148427824158,85.36014434207944,201.82
yes,,27.718081390913234,85.36028640682565,67.45
yes,,27.71803319538737,85.36043226752281,38.84
yes,,27.718040886305516,85.36037040938254,26.27
yes,,27.7182568991868,85.36017200261519,40.32
yes,,27.718265958063565,85.36025794361743,44.29
yes,,27.71818596855107,85.36022980166572,119.71
yes,,27.718348665866742,85.36031575780036,158.03
yes,,27.718210949999076,85.36033604999362,44.77
yes,,27.71818323873963,85.36040677816267,100.09
yes,,27.718264431651075,85.36057053775333,624.78
yes,,27.71833891224714,85.36045674068156,136.17
yes,,27.717886963548334,85.36093551654416,79.8
yes,,27.7179635901418,85.3607661507524,70.57
yes,,27.71796943050366,85.36069169029061,76.4
yes,,27.718069497394495,85.36073784586031,132.74
yes,,27.718235201357288,85.36077885533558,395.7
yes,,27.717740736892594,85.3607599693098,118.43
yes,,27.717654093037915,85.36077131451228,99.09
yes,,27.717712280455977,85.3606552141491,100.27
yes,,27.71780676470217,85.36066197370543,68.95
yes,,27.717652799999193,85.36098584999847,176.39
yes,,27.71762472046554,85.35949338220495,123.14
yes,,27.718613319250373,85.36073113169915,687.01
yes,,27.718704233479873,85.3605387002498,55.81
yes,,27.718557872321018,85.36048532451836,268.06
yes,,27.71828542271334,85.36098392035301,28.18
yes,,27.718212532618036,85.36098247208105,74.09
yes,,27.718455938296405,85.36065207361928,170.43
yes,,27.718396649717253,85.36083209068096,93.37
yes,,27.718716064487552,85.36094707441005,190.71
yes,,27.718739184734936,85.36030374361982,49.39
yes,,27.718743746707403,85.36019725269703,95.49
yes,,27.718675658648852,85.36029519861017,60.1
yes,,27.718693793451106,85.36016480467471,67.62
yes,,27.718751587523,85.36001640913577,153.71
yes,,27.718797280846438,85.35988095310096,176.28
yes,,27.71869587075395,85.35979199667668,142.62
yes,,27.718825502854294,85.3600572206558,95.68
yes,,27.71887278416176,85.3599170775236,111.28
yes,,27.718926650562082,85.35995624336816,122.53
yes,,27.71898880001331,85.35995225000667,53.03
yes,,27.719038067750084,85.35997554894112,86.93
yes,,27.719150036299006,85.35999457320914,128.66
yes,,27.718816538802063,85.36044491742146,68.19
yes,,27.718825858168223,85.36035979103396,157.66
yes,,27.718893681671677,85.36042211267925,33.13
yes,,27.71894910916108,85.36043404460442,79.95
yes,,27.719120887951206,85.3604001512679,94.22
yes,,27.719046439358387,85.36054010354522,112.73
yes,,27.718918600001416,85.36052254999656,44.5
yes,,27.71897639282521,85.36055788801023,45.22
yes,,27.71901115306086,85.36046106955338,79.62
yes,,27.719333463877277,85.36047638876306,47.6
yes,,27.719239525742427,85.36045726577493,55.93
yes,,27.719255539255812,85.36052880187293,133.33
yes,,27.71915008602071,85.36031019393687,38.67
yes,,27.719141359239163,85.36014802830185,172.47
yes,,27.71913023734461,85.36053960006734,107.23
yes,,27.71926998854907,85.36063414852771,112.48
yes,,27.719211760609603,85.36072068487735,116.55
yes,,27.72241634353266,85.36636880818786,60.49
yes,,27.722409270435467,85.36623180301815,33.65
yes,,27.72226494999978,85.36615434999864,21.3
yes,,27.722352000738038,85.36663216463933,99.12
yes,,27.72225606095927,85.36643900340415,147.56
yes,,27.722417349997436,85.3660468999924,149.15
yes,,27.72089550209764,85.36915992233173,211.33
yes,,27.72106561064277,85.36916582568873,494.26
yes,,27.72084006384616,85.3690186390772,111.39
yes,,27.720691199663143,85.36898502910152,262.01
yes,,27.720758029347394,85.36914007728039,176.15
yes,,27.720553649999797,85.3690958499961,110.16
yes,,27.72041716188212,85.36908817783838,119.93
yes,,27.7204622363124,85.3689820627882,116.68
yes,,27.72047647851996,85.36892232034178,88.76
yes,,27.72025311851879,85.36903070166655,156.57
yes,,27.72016452375798,85.36904271370068,136.53
yes,,27.720297370304124,85.36891231385829,116.41
yes,,27.720595913642796,85.36885436564542,128.29
yes,,27.720748055969494,85.3688122932052,400.69
yes,,27.721071254925132,85.3689832211402,104.17
yes,,27.720888499578543,85.36887040686088,161.52
yes,,27.72109741897747,85.3689123032148,185.4
yes,,27.721135657566066,85.36881912192476,73.4
yes,,27.72102764608917,85.36884236366843,126.5
yes,,27.721067252899708,85.36873635953783,222.15
yes,,27.720973250002483,85.36865170000105,80.15
yes,,27.72097848631159,85.36834102471775,152.37
yes,Juby Oil Store,27.721063631505423,85.36854343121487,389.55
yes,,27.72062378769592,85.36851683035312,330.63
yes,,27.720808682319475,85.36850054090765,418.86
yes,,27.7208247157671,85.36832834695706,239.83
yes,,27.720977636053558,85.36821517081592,281.34
yes,,27.72068910000695,85.36826689999928,127.21
yes,,27.720575219142525,85.36824210438871,172.88
yes,,27.720372417878554,85.36837942004331,77.96
yes,,27.720368998665815,85.36847872472485,61.53
yes,,27.720277749074757,85.36848609972529,114.03
yes,,27.720231495670415,85.36862199785061,198.29
yes,,27.720363858626644,85.36862765665632,145.72
yes,,27.720452624756664,85.36864421029159,116.06
yes,,27.720484700028347,85.3684919999167,169.78
yes,,27.720483500002445,85.36837194999897,129.02
yes,,27.720390546489266,85.36823327369845,93.93
yes,,27.72028204999083,85.36820549999912,85.63
yes,,27.720693381211845,85.36807714088822,135.87
yes,,27.72079724647323,85.36803174960228,248.41
yes,,27.719137076778292,85.36065940942787,47.85
yes,,27.719092039025746,85.36063230133011,54.09
yes,,27.719193119999968,85.36059583216407,48.13
yes,,27.72059767139429,85.36806531044371,99.18
yes,,27.720493846999155,85.36806787092715,202.4
yes,,27.72038963982254,85.3680618753177,120.12
yes,,27.72027653226902,85.36805528436415,172.41
yes,,27.720401470989298,85.36792968550812,122.65
yes,,27.7205070107422,85.36793600252633,163.58
yes,,27.72060160453684,85.36793720793969,88.02
yes,,27.720282041601614,85.36793242510171,166.31
yes,,27.720296908025375,85.36780377542418,119.87
yes,,27.720130742134096,85.36783903354582,135.09
yes,,27.72096946532034,85.36805671860347,249.48
yes,,27.720951613708575,85.36794128150449,205.1
yes,,27.720667325266948,85.3678247288133,169.02
yes,,27.720546742709384,85.36781769976827,134.18
yes,,27.720458785460693,85.36781214970685,91.27
yes,,27.720619317778347,85.36771177300187,435.99
yes,,27.720933799987467,85.36768210000469,238.88
yes,,27.720944566407915,85.36783843082485,192.95
yes,,27.720913599995644,85.36755545000413,203.64
yes,,27.72091179999195,85.3674011000031,103.94
yes,,27.72069621481215,85.36723433203163,140.77
yes,,27.720848048909655,85.36719029975255,243.35
yes,,27.720823357227985,85.36727859969828,61.0
yes,,27.720838521231354,85.36733160216117,95.82
yes,,27.720700583967623,85.3673262523138,122.45
yes,,27.720737125926064,85.36752439631962,57.66
yes,,27.720740641560116,85.36757626301699,71.44
yes,,27.72061007246357,85.36754564702963,164.41
yes,,27.720531118162555,85.36733339963799,180.2
yes,,27.72038019298488,85.36731997356081,162.8
yes,,27.72036011429352,85.36755578077613,173.82
yes,,27.72028300000063,85.36730399999938,25.98
yes,,27.720239098858098,85.36757023293791,76.27
yes,,27.720243487061847,85.36749877090779,91.27
yes,,27.720144850002733,85.36755525,28.72
yes,,27.72014741999457,85.36747132437227,51.52
yes,,27.72020725001102,85.36722495000173,89.82
yes,,27.72018169605755,85.36653596998174,171.08
yes,,27.720747349981625,85.36694700000423,533.03
yes,,27.72053837190941,85.36687586329217,152.32
yes,,27.720671548697783,85.36669615582827,308.49
yes,,27.720685818731685,85.36658427308858,203.11
yes,,27.720388213520135,85.36653914584979,447.12
yes,,27.720674799975637,85.36648545002441,237.16
yes,,27.720674608357495,85.36632937506155,177.52
yes,,27.720521621412644,85.36642448310633,53.71
yes,,27.72046090000284,85.36640915000062,33.87
yes,,27.720355350003423,85.36633944999998,53.59
yes,,27.720181774072064,85.36629503380601,106.45
yes,,27.720560800001767,85.36576964573423,112.57
yes,,27.720547134050047,85.36588444546368,167.89
yes,,27.72042827812178,85.36581873332986,289.98
yes,,27.720369891083585,85.36560332032201,83.66
yes,,27.720459403700968,85.36560147263715,37.2
yes,,27.721497418974582,85.36697750734318,70.27
yes,,27.721616650003803,85.36699369999069,129.02
yes,,27.721634759871744,85.36688047292623,102.34
yes,,27.72157153919398,85.3667430524549,201.0
yes,,27.721611944019212,85.36661913434901,121.36
yes,,27.721703217714296,85.36683541044506,57.97
yes,,27.721707300940842,85.36673837374903,161.84
yes,,27.72176634091225,85.3666129798615,153.58
yes,,27.7223378778987,85.3690624766995,829.32
yes,,27.722070500001372,85.36880194999955,46.99
yes,,27.722175599994657,85.36876029999613,81.1
yes,,27.72238709245859,85.36863921931331,70.66
yes,,27.722301461603465,85.3686674530142,207.51
yes,,27.72236410007265,85.36841880000922,344.4
yes,,27.722384299484045,85.36818894606944,197.12
yes,,27.722417200007055,85.3680236500005,54.31
yes,,27.722324076034724,85.3679523616984,47.76
yes,,27.722418586868645,85.36790411569628,126.55
yes,,27.722281092491418,85.36773192353833,115.65
yes,,27.722278176405162,85.36806049583592,160.95
yes,,27.722257588853143,85.36828631158684,83.07
yes,,27.722267807411573,85.36819737675101,88.26
yes,,27.72216647911372,85.36855100168343,58.41
yes,,27.722102826309378,85.36854276756968,282.04
yes,,27.72211772159866,85.36830362526554,200.98
yes,,27.72201847486721,85.3682038781955,146.35
yes,,27.722019881647032,85.3684137294514,56.45
yes,,27.721963146932815,85.36842752654607,42.59
yes,,27.721944341150287,85.36824211546562,194.09
yes,,27.72212692604292,85.36922095817464,156.17
yes,,27.722146698036358,85.36902483646658,162.07
yes,,27.721948650006652,85.36892839999936,157.5
yes,,27.721758772207476,85.36895922698852,328.48
yes,,27.721877849998677,85.36903074999914,55.39
yes,,27.721867756714015,85.36920022509791,226.01
yes,,27.72173386847886,85.36916292454009,131.58
yes,,27.721546551563083,85.3690342263749,140.94
yes,,27.721482757582816,85.36935976651199,177.68
yes,,27.72147315319602,85.36925053887047,113.98
yes,,27.72148484391881,85.36915273896675,118.47
yes,,27.721407487364452,85.3690938720205,33.69
yes,,27.721415949070625,85.36895189517354,92.3
yes,,27.721400027302533,85.36881404673129,320.49
yes,,27.721362493653622,85.3686528148109,189.5
yes,,27.721333322192287,85.3685022870796,191.72
yes,,27.721897078588356,85.36843816053674,142.26
yes,,27.721885416204756,85.3686043804191,176.68
yes,,27.721817557512402,85.36844470549892,79.36
yes,,27.721817524662647,85.3683250337297,99.44
yes,,27.721669839928538,85.36835139638924,103.61
yes,,27.721556099988792,85.3683956156103,174.51
yes,,27.72149071958679,85.36802770242677,565.44
yes,,27.721554036608595,85.36819177732042,61.9
yes,,27.72162224830941,85.36791713200273,98.88
yes,,27.72164794999038,85.36785764998896,80.29
yes,,27.721662612338275,85.36775497869364,236.88
yes,,27.721473004412047,85.36782737581275,192.75
yes,,27.72135164448586,85.36774320009921,218.22
yes,,27.72157745001818,85.3675367000035,132.43
yes,,27.721495045500554,85.36752068594802,155.53
yes,,27.721569098039954,85.36737480482334,288.9
yes,,27.72172459188668,85.36749482705952,108.83
yes,,27.721767017937765,85.36739370977132,112.59
yes,,27.72191254123065,85.36722020063222,190.01
yes,,27.72206893874483,85.36693371137109,127.58
yes,,27.722168247218406,85.36704154278081,178.4
yes,,27.722283747807715,85.3669705607812,139.79
yes,,27.722305000296842,85.36673929723939,190.54
yes,,27.72218034999901,85.3668584999971,66.91
yes,,27.722294602654777,85.36709743824463,96.08
yes,,27.722042300007264,85.36720254999881,145.85
yes,,27.722131440967622,85.36722169715418,126.91
yes,,27.722218393155305,85.36722514854027,121.96
yes,,27.722320500012454,85.36726989999971,153.71
yes,,27.72232664804138,85.36742803489507,96.16
yes,,27.722292873752668,85.36749410941798,50.62
yes,,27.722279999998204,85.36755144999859,82.26
yes,,27.722278978826157,85.36763209040525,120.61
yes,,27.721841459033726,85.36772182702293,138.11
yes,,27.72188670000657,85.36740489999757,153.41
yes,,27.722029891420668,85.36731832240731,65.13
yes,,27.722046247568844,85.36738632624704,77.61
yes,,27.721823554773852,85.3680327300047,164.1
yes,,27.721305299523955,85.36836865384448,140.42
yes,,27.721286835244104,85.36824588054517,110.75
yes,,27.721243729503108,85.36791147506702,140.53
yes,,27.721213005027742,85.36782521972287,77.2
yes,,27.721209450003176,85.36774230000084,94.36
yes,,27.721064806502838,85.36693787107792,85.29
yes,,27.72103765000781,85.36680294999887,127.2
yes,,27.721061085347934,85.36669249012267,109.33
yes,,27.72097657440037,85.36642840533214,92.38
yes,,27.72118566085089,85.36631512448581,135.91
yes,,27.721262249723246,85.36635995006755,136.48
yes,,27.721187222582344,85.36614126375423,138.79
yes,,27.721067525258977,85.3662071501786,58.86
yes,,27.720944900005104,85.36619555000036,134.09
yes,,27.720960988826505,85.3660771548538,196.5
yes,,27.720917840895144,85.36576010062352,111.97
yes,,27.72098440641645,85.36578225324781,56.55
yes,,27.72083910703941,85.36578522215724,98.98
yes,,27.72209974814972,85.36661672636703,119.61
yes,,27.721448116631088,85.36660698299791,112.53
yes,,27.721683049990265,85.36638089997834,93.86
yes,,27.721753350005525,85.36618515000015,77.06
yes,,27.721801885320744,85.36644211902251,147.89
yes,,27.72198725001784,85.36657929999933,136.88
yes,,27.722048989785158,85.36629701653386,162.49
yes,,27.721645022608545,85.36571394310972,136.45
yes,,27.722080025579302,85.36590288941774,43.58
yes,,27.722109459790772,85.36583267017123,134.5
yes,,27.721953425419464,85.36583318471271,155.44
yes,,27.722028995293602,85.36573556327758,147.81
yes,,27.72179717617505,85.36555504036151,28.75
yes,,27.719617386754333,85.3607156482327,211.89
yes,,27.719536477692458,85.3609483469414,185.47
yes,,27.71944754346747,85.36036926223728,121.69
yes,,27.7194762999928,85.36048414999476,93.14
yes,,27.719476559624308,85.36056167880743,102.68
yes,,27.71935711889328,85.36089837793807,127.0
yes,,27.719454361113034,85.36090213925249,19.76
yes,,27.719580866362016,85.36084226127868,131.03
yes,,27.719555550007968,85.36040134999925,80.14
yes,,27.719631721500907,85.36053450427502,90.49
yes,,27.71963429999605,85.36060369999835,40.91
yes,,27.719723461347744,85.36056177443014,49.94
yes,,27.7196969504831,85.36044929482479,72.21
yes,,27.719769364515287,85.36045385431748,48.87
yes,,27.719758862940175,85.3603544582499,117.74
yes,,27.71959562601764,85.36011295458678,68.43
yes,,27.719524537988374,85.36012470230928,97.49
yes,,27.71943264999474,85.36026020000035,48.14
yes,,27.719421999997017,85.36019780000004,94.69
yes,,27.71941219999857,85.360112,110.74
yes,,27.71952441286538,85.36023535708063,109.84
yes,,27.719603789001372,85.36020232103449,52.79
yes,,27.719665456075745,85.36019220179595,46.38
yes,,27.719653100002436,85.36010499999975,47.38
yes,,27.71992682425398,85.36024101248512,93.4
yes,,27.71977077569258,85.36016455413218,162.61
yes,,27.719958667353264,85.36056792922757,107.48
yes,,27.719876170000212,85.36058116279156,72.33
yes,,27.71985595153487,85.36047082285158,109.34
yes,,27.719845598352244,85.3603550829097,123.35
yes,,27.719942549998038,85.36034869999797,32.2
yes,,27.719696500000108,85.3609240499968,57.81
yes,,27.719801049997766,85.36091494999383,68.0
yes,,27.719742130636455,85.36075001742574,65.43
yes,,27.719804399995184,85.3606763499994,42.25
yes,,27.719807480071438,85.3605768445524,89.56
yes,,27.71967740694427,85.35978221617532,218.19
yes,,27.719531765459635,85.35991465572576,147.42
yes,,27.71943462590079,85.35991750854554,88.26
yes,,27.719452843611858,85.35981263615703,84.61
yes,,27.71947738504594,85.35974530312568,75.05
yes,,27.7195556575515,85.35978605035184,101.96
yes,,27.719250978144427,85.3598234890753,142.78
yes,,27.719239449989654,85.35988589997737,88.04
yes,,27.71928630000284,85.36006274999441,120.01
yes,,27.719229843310117,85.35966043536547,215.88
yes,,27.719273564644826,85.35976698660969,106.91
yes,,27.718845551964808,85.35956249605762,159.44
yes,,27.718852233157108,85.35971028663744,102.42
yes,,27.71892521429621,85.35960331427708,137.37
yes,,27.719015050001097,85.35958414999851,31.67
yes,,27.719011835664304,85.35951266543509,91.51
yes,,27.71908635674997,85.35957925263635,100.62
yes,,27.718771185935175,85.35967935362173,114.0
yes,,27.718638327190444,85.35959936932052,88.84
yes,,27.718701032362308,85.35964094842356,97.67
yes,,27.718983072451373,85.35973277965482,200.81
yes,,27.718657920494653,85.35938647123268,115.12
yes,,27.71860790893198,85.35946105161615,134.75
yes,,27.718732990711533,85.35952375202608,120.62
yes,,27.71875563264266,85.35943609684115,112.0
yes,,27.718910455059287,85.35944308114219,92.45
yes,,27.71869434347135,85.35929800924967,107.61
yes,,27.718784457857776,85.35934688879644,100.01
yes,,27.71849922950436,85.35949499527487,97.76
yes,,27.7191338741409,85.35947988768409,42.69
yes,,27.71903471705686,85.35943254703363,94.34
yes,,27.718952600000613,85.35937374999558,46.83
yes,,27.71879879268894,85.35926315060576,88.2
yes,,27.718701640312187,85.35921246674648,71.81
yes,,27.718358254525103,85.3594132403057,53.39
yes,,27.718395241141476,85.3594637562281,30.47
yes,,27.718584455124713,85.35937308228884,22.03
yes,,27.7185626727556,85.35929939521314,69.89
yes,,27.718418609405784,85.35930879285095,101.61
yes,,27.718568068059135,85.35918229179939,99.57
yes,,27.71846959741777,85.35916980629759,94.75
yes,,27.718354423090457,85.35918759734136,74.23
yes,,27.71832335857843,85.35925118198665,68.69
yes,,27.719282852777628,85.3588545000405,179.31
yes,,27.71919515634454,85.35878863174207,208.91
yes,,27.719081750014276,85.3587397500078,153.0
yes,,27.718615362008357,85.3592761814131,32.24
yes,,27.718568516568546,85.35896941558985,113.43
yes,,27.71916515320753,85.35903942449798,101.45
yes,,27.719206907491085,85.35898555937922,69.93
yes,,27.71925906098715,85.35907419404018,123.21
yes,,27.719519542532595,85.35894867273304,110.46
yes,,27.719476083629164,85.35905210327391,110.64
yes,,27.719357186973465,85.35915513140756,43.46
yes,,27.719306362607423,85.35913644115222,80.4
yes,,27.719857714289702,85.35961527132231,149.69
yes,,27.719783187976024,85.35934358014636,48.27
yes,,27.7197791999966,85.35923320000248,89.11
yes,,27.719697700005646,85.35926654999902,44.76
yes,,27.71991072320215,85.35919725513041,104.7
yes,,27.719862293968898,85.35911662556875,52.44
yes,,27.719887910074103,85.35903678521355,105.43
yes,,27.719635179775217,85.35906799420236,158.47
yes,,27.719435333436067,85.35936116468018,123.49
yes,,27.71974147265695,85.35936182252898,47.5
yes,,27.71981985392718,85.35993131390232,127.35
yes,,27.719879550006794,85.3597638499983,84.46
yes,,27.719214219213136,85.3594293017366,148.81
yes,,27.71930025001168,85.35947935000782,86.55
yes,,27.719367259769054,85.35950545620061,71.61
yes,,27.719416132701,85.35953250280812,71.66
yes,,27.719474169158744,85.35957714156966,66.86
yes,,27.719478379497865,85.35966427332536,109.94
yes,,27.719211103219827,85.35924869266627,73.56
yes,,27.719242150002614,85.35931804999827,56.24
yes,,27.719274650005197,85.35924225000093,71.58
yes,,27.71932666431685,85.35931917603897,149.98
yes,,27.719063542212574,85.3597484638681,104.41
yes,,27.719118847868412,85.35977063652342,121.95
yes,,27.71921404999963,85.35955514999537,37.82
yes,,27.719284280308376,85.35959384487771,32.94
yes,,27.719373087569377,85.35964021161611,55.76
yes,,27.719937341328816,85.35871003005617,164.56
yes,,27.71993362596756,85.35862755534727,82.79
yes,,27.719899897225673,85.35854900807281,77.19
yes,,27.719753626039456,85.35913425442506,87.14
yes,,27.71964533256661,85.35897383424494,71.38
yes,,27.718760260800167,85.35885830964477,140.81
yes,,27.718615073655606,85.35884403388971,39.54
yes,,27.71954774265946,85.35911566944232,40.74
yes,,27.719757312210284,85.35902231508902,80.27
yes,,27.718975662113564,85.36082823507289,42.2
yes,,27.719070145223338,85.36089816561321,39.8
yes,,27.719013258153634,85.36086257432804,48.51
yes,,27.719098220650103,85.3608481520657,149.91
yes,,27.718393395480316,85.3603859665738,20.89
yes,,27.717685182873304,85.36486126034221,128.33
yes,,27.71771340247824,85.36471365046312,66.8
yes,,27.717766420748216,85.36468354117343,68.17
yes,,27.717837350593634,85.36461321922242,79.76
yes,,27.71289069998949,85.35670995000083,142.67
yes,,27.709979400000485,85.35732399999547,89.37
yes,,27.71006010001166,85.35766525000048,108.79
yes,,27.710416056696946,85.35591308514495,1031.99
yes,,27.711065609065837,85.35583132564965,308.38
yes,,27.710887356921397,85.35582364132061,318.76
yes,,27.710552284883835,85.35571545762562,255.29
yes,,27.71027058923803,85.3560696242895,121.58
yes,,27.71180755000239,85.35555324999982,28.89
yes,,27.71220897189717,85.35526004881027,133.62
yes,,27.712205049785236,85.35534973930363,117.67
yes,,27.712580280139452,85.35543922248758,81.1
yes,,27.71247954785868,85.35543082733832,179.66
yes,,27.71308268986772,85.3563627416017,107.48
yes,,27.71305250861119,85.35617957545631,76.87
yes,,27.712941986930446,85.35617554074918,205.93
yes,,27.712747582865333,85.35598880847475,417.97
yes,,27.712424992350694,85.3562533251771,156.24
yes,,27.712521950008085,85.35641694999926,128.01
yes,,27.712434243973508,85.35641794694787,117.61
yes,,27.712354207625058,85.3564221040357,117.88
yes,,27.71136513716456,85.35599713846294,1083.79
yes,,27.71078537620692,85.35612879073263,13.16
yes,,27.711684998688995,85.35592993684688,86.8
yes,,27.711691045677874,85.35584927440286,29.83
yes,,27.711747189266706,85.35578827676194,45.11
yes,,27.710986100018324,85.35640009999909,131.3
yes,,27.711504775239334,85.35641603980406,75.75
yes,,27.711681777417347,85.3561822944332,608.03
yes,,27.712203770853492,85.35681422084612,158.54
yes,,27.712076105624096,85.35698824645993,58.35
yes,,27.712150427376663,85.35700583601583,41.87
yes,,27.71274402515934,85.35753787188598,94.46
yes,,27.71307957463024,85.35794966148461,222.08
yes,,27.712023680590786,85.35823943307533,334.67
yes,,27.711927724814384,85.3578545113986,16.08
yes,,27.71193654353029,85.35791598814797,53.12
yes,,27.711943773527317,85.35809546225877,16.8
yes,,27.71200545000017,85.35806125000438,36.38
yes,,27.712072665324612,85.35799082173034,10.16
yes,,27.712012325973255,85.35796001662884,15.85
yes,,27.71189665000068,85.35793949999932,7.35
yes,,27.71165820000094,85.35789155000008,16.11
yes,,27.71164345000775,85.35813019998265,44.08
yes,,27.711408900000528,85.35770349999957,6.82
yes,,27.71098450000513,85.3575309000023,36.31
yes,,27.711455833933822,85.3576436331206,46.43
yes,,27.711290756907196,85.35763364044048,181.61
yes,,27.71125896205601,85.35782107977066,48.01
yes,,27.711269550005067,85.357948350004,111.24
yes,,27.711459807956548,85.35826246791981,16.62
yes,,27.711206286270606,85.35858847503215,112.7
yes,,27.7111799730942,85.35850374557069,58.71
yes,,27.711266382906754,85.35828642304625,38.37
yes,,27.711199649989876,85.3584019000201,98.94
yes,,27.711136752213147,85.35807968174684,79.04
yes,,27.71118355001072,85.35816039999204,64.28
yes,,27.711135450010932,85.35818879999151,60.82
yes,,27.711079999742854,85.35820278289594,69.69
yes,,27.711127616046163,85.35760641251433,77.47
yes,,27.711182435438765,85.35770602901077,55.34
yes,,27.711075000003294,85.3578040500002,62.19
yes,,27.710998050012716,85.357825049989,103.54
yes,,27.710910967585846,85.35788714940652,64.84
yes,,27.71034910884259,85.35727441409942,170.7
yes,,27.71045787273004,85.35793919272602,49.38
yes,,27.710374268879512,85.35794031261855,33.29
yes,,27.71026794999904,85.35778865000107,60.25
yes,,27.710270404358024,85.35798300194566,87.58
yes,,27.71109422976988,85.3588304438743,138.1
yes,,27.71100959999611,85.35862214999946,50.8
yes,,27.71082876615904,85.35857076730333,121.81
yes,,27.71081123196502,85.35829071061222,79.08
yes,,27.710645980484607,85.35803710734977,52.88
yes,,27.710647154697327,85.35816705436979,65.05
yes,,27.710671868511763,85.35830418579414,100.85
yes,,27.71068010000088,85.35840010000054,84.17
yes,,27.7104366111891,85.35833429827896,128.05
yes,,27.71803365943677,85.36499088044583,131.32
yes,,27.717936430448336,85.36515464331177,147.77
yes,,27.717853402035672,85.36509523540431,130.59
yes,,27.71776094477268,85.36505716882652,115.78
yes,,27.72240177548143,85.34821346040552,63.33
yes,,27.72221000857405,85.34730978312935,68.8
yes,,27.72219912230308,85.34739749974602,140.44
yes,,27.72239365000293,85.3473082999995,116.25
yes,,27.72237653177229,85.34772131791,111.1
yes,,27.722369499994123,85.34756899999965,119.24
yes,,27.721460153885246,85.34823791577884,25.8
yes,,27.72204005629119,85.34880287386935,220.73
yes,,27.721894250001377,85.34910604999476,22.66
yes,,27.7217729822746,85.34915285651176,20.47
yes,,27.72068079704707,85.3499382523753,66.6
yes,,27.720756662699856,85.34996562427852,147.87
yes,,27.721014700325874,85.34994613310332,86.97
yes,,27.72114784195048,85.35003302768565,105.45
yes,,27.721077998774,85.3499828714134,112.58
yes,,27.721152196274364,85.3496788182126,198.93
yes,,27.72126535000215,85.34971505000055,73.29
yes,,27.721241998530417,85.34951798230846,183.07
yes,,27.72137227238817,85.34970519309877,105.7
yes,,27.72134174247339,85.34955210924558,123.84
yes,,27.72142083942812,85.34951417716813,166.58
yes,,27.721486444384823,85.34966534937914,80.35
yes,,27.721563738257807,85.34963163032184,95.46
yes,,27.721529333004728,85.34953983861503,92.65
yes,,27.721497680293627,85.34943716053486,103.75
yes,,27.721786115631378,85.34949848152067,87.33
yes,,27.721793032441532,85.3495832114196,100.21
yes,,27.721702629574363,85.3494805589165,80.61
yes,,27.721631402969003,85.34947151680849,92.2
yes,,27.72195230000475,85.34904450001028,84.18
yes,,27.722398002403054,85.34919369152658,140.46
yes,,27.722358642172086,85.34911611805843,131.13
yes,,27.7223167491196,85.34903110828851,150.97
yes,,27.722256171457232,85.34894039801368,114.44
yes,,27.72220435001161,85.34883415001035,207.56
yes,,27.72216906781437,85.34903883969362,111.8
yes,,27.722115628456073,85.34892915503279,107.74
yes,,27.72227594530604,85.34930719560526,117.01
yes,,27.722251493031578,85.34922031413119,111.63
yes,,27.722151051389183,85.34871322040165,118.77
yes,,27.722090120707215,85.34862382955588,124.9
yes,,27.722036864715008,85.34853804885365,137.44
yes,,27.721987286812983,85.34845869672357,113.04
yes,,27.721932228968313,85.34838908438903,114.68
yes,,27.721818166769467,85.3484972844224,66.37
yes,,27.7218539920771,85.34847076074004,49.93
yes,,27.721750603639098,85.34821177867033,178.61
yes,,27.721669253613246,85.34824393472154,146.4
yes,,27.721834238418914,85.34815497719059,141.29
yes,,27.721469037143116,85.34848732436338,173.7
yes,,27.721517858178938,85.34837432680227,216.44
yes,,27.721319786713774,85.34774044483093,376.38
yes,,27.72158704711921,85.34776305147376,57.25
yes,,27.721525603807976,85.34767748531259,65.51
yes,,27.72188759749464,85.34922898071916,122.75
yes,,27.72157155000446,85.34931594999546,56.74
yes,,27.721616945095047,85.34927347146649,68.33
yes,,27.721214097037187,85.34941966030392,58.47
yes,,27.721276246053826,85.34937540526207,53.78
yes,,27.721342215288985,85.34930719578851,45.18
yes,,27.72141460053117,85.34926106036205,95.86
yes,,27.721100556569674,85.34955711668891,150.43
yes,,27.72106066855475,85.34972637154591,115.72
yes,,27.72098826044671,85.34972830898162,160.11
yes,,27.720908303250706,85.34975119092861,152.53
yes,,27.720849050429187,85.34961587430986,74.18
yes,,27.7208254576033,85.34977031379873,137.93
yes,,27.720671216654967,85.34979649028985,119.66
yes,,27.72075193599124,85.34976907371194,112.73
yes,,27.720721894907705,85.34963308324059,114.87
yes,,27.720760416057388,85.34955399925074,59.92
yes,,27.720989502509443,85.34946548197723,503.21
yes,,27.720795725757473,85.3493745642675,127.69
yes,,27.7208367854995,85.34930228838441,124.25
yes,,27.721283681892377,85.34876418960762,26.23
yes,,27.72089108906481,85.3483862120802,54.23
yes,,27.720850418695708,85.3485008619206,150.27
yes,,27.720797444104782,85.34842889165097,122.6
yes,,27.72070012676301,85.3482144410001,89.47
yes,,27.720723567144198,85.34835096971685,93.7
yes,,27.720832770787165,85.34823967452176,89.95
yes,,27.720805688816398,85.3483016754034,111.58
yes,,27.72093621776972,85.34832407344642,78.87
yes,,27.720898855259865,85.34821000427472,96.09
yes,,27.720998006101492,85.34827202341692,60.02
yes,,27.720980364947174,85.3481822359285,93.13
yes,,27.721056689758306,85.34853561633939,135.81
yes,,27.72117483534052,85.34888507306893,97.86
yes,,27.720986700007117,85.34895895000075,102.45
yes,,27.720094846946104,85.34999592642477,201.42
yes,,27.720640900010554,85.3495881000015,60.95
yes,,27.72060757830227,85.3494888529423,110.12
yes,,27.72067044508569,85.34939317118626,75.28
yes,,27.720457376424974,85.34932663421826,203.9
yes,,27.72057662947022,85.34935843892055,106.26
yes,,27.72047500663701,85.34916522180379,252.41
yes,,27.720522398348,85.3490228851329,136.46
yes,,27.72069889576909,85.34923257027556,106.36
yes,,27.720693443414024,85.34910186691656,228.94
yes,,27.720691915024045,85.3489501858252,143.89
yes,,27.720774667382415,85.34894338926782,73.3
yes,,27.720795587832228,85.3488533674316,166.43
yes,,27.72045492589103,85.34884511262196,56.5
yes,,27.72054854140531,85.34872680030931,262.51
yes,,27.720548661818196,85.34861922697671,115.61
yes,,27.72057463110953,85.34855275617706,103.56
yes,,27.720563248280754,85.34844442825907,113.51
yes,,27.721137953629317,85.34836486833129,123.13
yes,,27.721108530249307,85.34823937224837,132.85
yes,,27.72121352747195,85.34817298962008,129.06
yes,,27.721339873188462,85.3483714362863,168.06
yes,,27.72133989250152,85.34811816603091,263.38
yes,,27.720268634051624,85.35000105719641,87.04
yes,,27.720317918084753,85.3498830106359,219.85
yes,,27.720136885740224,85.34991530722061,190.24
yes,,27.72005096014052,85.34953861301939,56.15
yes,,27.720085000000388,85.34961279999985,13.05
yes,,27.720097584710604,85.34965687694728,35.26
yes,,27.720215524827335,85.3495775965272,92.24
yes,,27.720108508484586,85.34945178599116,30.83
yes,,27.720139245871675,85.34920231800552,357.54
yes,,27.719993900001565,85.34862009999983,76.34
yes,,27.720021546767157,85.34849110386664,110.45
yes,,27.72014040568169,85.34861832399245,130.33
yes,,27.720371978468677,85.34878416960588,295.8
yes,,27.720367916234316,85.34858994247764,183.93
yes,,27.720400072369277,85.34846575314462,162.25
yes,,27.720287974682186,85.34817975383334,87.89
yes,,27.720241427410542,85.34844433973439,114.76
yes,,27.720210836676788,85.34829586709373,104.9
yes,,27.720062116689274,85.34830765790575,81.32
yes,,27.72011038191686,85.34817938871538,123.42
yes,,27.720181768809073,85.34735536591293,66.31
yes,,27.720262148136644,85.3473948177043,56.12
yes,,27.72029299589128,85.34753591621599,127.13
yes,,27.720358402215563,85.34746796117689,116.15
yes,,27.72016908307317,85.34748826035678,98.25
yes,,27.7201975001828,85.34794049549724,60.06
yes,,27.72023467807031,85.34786884665847,71.7
yes,,27.71999206077911,85.34756654013434,77.34
yes,,27.720032590355487,85.34746843247899,80.8
yes,,27.720131439883467,85.34802929365192,38.79
yes,,27.72008526204908,85.34770591610062,144.83
yes,,27.720318346788876,85.34798154845708,98.0
yes,,27.720485090426415,85.3472398139073,231.11
yes,,27.7205664850495,85.34731914926188,245.25
yes,,27.72061540000514,85.34756954999249,115.43
yes,,27.72068741579667,85.34735945069481,134.58
yes,,27.721157499724384,85.34746678570563,44.52
yes,,27.72114281646704,85.34794630083537,93.86
yes,,27.72144590000456,85.34757240000164,62.0
yes,,27.721647996212702,85.3478950874229,161.11
yes,,27.721694316888282,85.34797891906503,64.54
yes,,27.721963850004638,85.3477738999986,96.3
yes,,27.72179052080693,85.34778401523945,78.33
yes,,27.721838357772466,85.3475728773975,57.81
yes,,27.721898649999858,85.34739604999432,49.73
yes,,27.721655178305962,85.34757855510088,51.98
yes,,27.72199661834716,85.3475238015585,120.06
yes,,27.719529433096127,85.355907576758,31.12
yes,,27.719515183440215,85.35583937926889,49.94
yes,,27.719461239053654,85.35576893707598,105.43
yes,,27.719600607331532,85.35625775623078,113.45
yes,,27.719503231397788,85.35634043270058,81.17
yes,,27.71948339801434,85.35626295166104,97.5
yes,,27.71921895463258,85.35672300473024,126.55
yes,,27.719254381509174,85.35695147074516,112.59
yes,,27.719447816911924,85.35681936145171,61.27
yes,,27.719724334412916,85.35696839598592,49.32
yes,,27.71965990183568,85.35698038757589,23.0
yes,,27.719803368143847,85.35697096242437,62.21
yes,,27.71976475004575,85.35704815261806,147.18
yes,,27.719579531879198,85.35714059485555,86.5
yes,,27.719597531269287,85.35719805051514,89.23
yes,,27.719721281710182,85.35714213134473,73.04
yes,,27.7197373348069,85.35738357060411,57.81
yes,,27.719604100001124,85.35731089999607,30.72
yes,,27.71967573396556,85.35734445634775,48.66
yes,,27.71944993556258,85.35710172248056,28.49
yes,,27.719563878348346,85.35708718115094,125.5
yes,,27.719788404388098,85.35743584228833,83.3
yes,,27.719880745412556,85.35749238455266,206.19
yes,,27.71993654847377,85.35759446111382,111.08
yes,,27.719873025545297,85.35725815277107,74.17
yes,,27.718525050003965,85.35790929999813,52.91
yes,,27.71876142008669,85.35692229948887,328.16
yes,,27.718359336282322,85.35709353423239,82.59
yes,,27.71433460000839,85.36330569999885,101.51
yes,,27.714367014792245,85.36320293548043,50.01
yes,,27.71404043184651,85.36297553126242,62.56
yes,,27.71409715000914,85.36297794999933,83.28
yes,,27.714140122080618,85.36285550854006,103.04
yes,,27.714202050005742,85.3630228999998,39.76
yes,,27.714268445353238,85.3630041136256,91.07
yes,,27.714534194617297,85.3628747246412,76.92
yes,,27.714655254865455,85.36264132409154,94.78
yes,,27.71447659999852,85.36268190000007,103.98
yes,,27.71421340221841,85.36248530019387,125.04
yes,,27.71422777686419,85.36258457869879,52.52
yes,,27.71421747411556,85.36269096130253,52.24
yes,,27.714302685568132,85.36263431731454,119.49
yes,,27.71422887524824,85.36229769888762,149.84
yes,,27.714277568853372,85.36204707581996,55.58
yes,,27.714063325380504,85.36262163958509,157.88
yes,,27.71409486630738,85.36248853391838,151.89
yes,,27.714092150318642,85.3623399252296,215.48
yes,,27.71407774982532,85.36220559934837,84.57
yes,,27.714080288526162,85.36212617969004,63.58
yes,,27.71326685000852,85.36129359999954,89.67
yes,,27.713391850009472,85.36146754999942,91.6
yes,,27.71413855000081,85.36205719999994,26.7
yes,,27.71286222770818,85.36131438832119,93.65
yes,,27.71293125513695,85.36132412564172,75.48
yes,,27.71306503092845,85.36149489021271,66.27
yes,,27.713048958237025,85.36142808674477,80.99
yes,,27.71320444140704,85.3616858748502,92.82
yes,,27.713085099998914,85.36169634999965,112.76
yes,,27.71310477477568,85.36182050923223,62.01
yes,,27.713185250254245,85.3619132019602,72.1
yes,,27.71298251900585,85.36209639103949,143.66
yes,,27.712979599998203,85.36194745000047,145.99
yes,,27.713121922943476,85.36242729499753,113.77
yes,,27.713118073975114,85.36253117657618,151.72
yes,,27.712727695180455,85.36250457487809,92.65
yes,,27.7128031742233,85.36250030376482,119.54
yes,,27.713262300014026,85.36289784999863,265.76
yes,,27.713175318410077,85.36264537788084,84.13
yes,,27.712813744899698,85.36306652460388,117.63
yes,,27.713865449993463,85.36247704999843,69.06
yes,,27.713869026168933,85.3623978953909,92.35
yes,,27.713719227817734,85.36242495243951,138.63
yes,,27.713695429028068,85.36260835824372,98.66
yes,,27.713895549983647,85.36234259999692,76.31
yes,,27.71339766831936,85.36129719572774,93.79
yes,,27.713473366333627,85.3613063213698,95.07
yes,,27.713382324221662,85.36115255318589,124.0
yes,,27.714001206308808,85.36121186143507,78.62
yes,,27.714006268646557,85.3611306425705,42.32
yes,,27.714123011442602,85.36146839271294,174.97
yes,,27.71400727857641,85.36138742722115,142.82
yes,,27.714126450003143,85.36115895000029,204.16
yes,,27.71464439625573,85.36185322516089,122.99
yes,,27.71455030001309,85.36186819999892,179.79
yes,,27.714409051908163,85.36185390599422,177.87
yes,,27.714212149233582,85.36176520278049,387.45
yes,,27.71470021418294,85.36140708704255,76.15
yes,,27.714882812212227,85.36130906776218,149.7
yes,,27.714770725174805,85.36171691804583,154.33
yes,,27.714635443612057,85.36145817461045,15.7
yes,,27.714623697531607,85.36135162435151,71.51
yes,,27.714763948432992,85.36131285542011,169.8
yes,,27.71492333828291,85.36195481236619,59.57
yes,,27.714992393021355,85.36150051211298,101.43
yes,,27.715061148529486,85.36253316632916,116.03
yes,,27.71496857133912,85.3623998140805,151.39
yes,,27.71484760000496,85.36208684999865,82.1
yes,,27.714791312978793,85.36263719980676,138.85
yes,,27.71478615012331,85.36251103846223,77.48
yes,,27.714781009909387,85.36239181711538,145.29
yes,,27.715000591803168,85.36264661956848,103.47
yes,,27.71464956289808,85.36332214393833,105.21
yes,,27.714728054088837,85.36326649086632,143.21
yes,,27.71480693354904,85.36327873601257,230.82
yes,,27.71491763220447,85.36329625032755,203.3
yes,,27.715069714610884,85.36319735916172,104.74
yes,,27.715032231196528,85.3631188842034,83.39
yes,,27.715087339627125,85.36303546986579,129.59
yes,,27.715037608516646,85.36293039367563,40.97
yes,,27.71498992345771,85.36303539236427,113.08
yes,,27.7149476386508,85.36294286733664,111.82
yes,,27.714901343681017,85.36286075014343,109.96
yes,,27.7149888968972,85.36284111850595,86.14
yes,,27.712934199998635,85.36320794999989,18.64
yes,,27.71292534122076,85.36329900719464,113.14
yes,,27.713232882124395,85.36346973455258,170.7
yes,,27.713673840671408,85.36351345447572,76.08
yes,,27.713787250410473,85.36346107238866,96.44
yes,,27.71384551138015,85.36363466987167,128.0
yes,,27.71393603314117,85.36363493294024,39.15
yes,,27.71502389027603,85.36360062045657,64.44
yes,,27.71508581519443,85.36347133665944,101.48
yes,,27.71463349127881,85.36355925186221,71.02
yes,,27.71453179528986,85.36368301903707,167.17
yes,,27.71470240647287,85.36366052783436,108.28
yes,,27.723738945120573,85.35028657643994,82.69
yes,,27.72339619061058,85.34901842862507,76.37
yes,,27.723232150002943,85.34930559999808,85.87
yes,,27.717677299988612,85.36410809996863,185.47
yes,,27.71797975002243,85.36406150000558,258.98
yes,,27.717926300019457,85.36423710000355,246.06
yes,,27.71839921000944,85.36433079875886,190.75
yes,,27.71827253067947,85.36430064094489,148.38
yes,,27.718182850015154,85.36446355000844,125.87
yes,,27.718295381344074,85.36461177300774,247.28
yes,,27.71812798982623,85.36470146697222,271.68
yes,,27.719292684832812,85.36563867534299,35.86
yes,,27.718617275611628,85.36691428117982,129.23
yes,,27.719930786097386,85.36609387656867,139.51
yes,,27.720089050034574,85.36698890000899,276.58
yes,,27.72010908134365,85.36640354769598,43.37
yes,,27.720041780784122,85.36650084171958,61.13
yes,,27.720056116038123,85.36674956868384,167.72
yes,,27.719912892990706,85.3669986689365,147.04
yes,,27.719771896808393,85.36692801912906,122.12
yes,,27.719805435927977,85.36678587198028,190.32
yes,,27.719903345700356,85.36665486255345,284.03
yes,,27.71993034999444,85.36654359998231,97.97
yes,,27.719951700168757,85.3664372497038,128.54
yes,,27.719959347651123,85.36635220576413,59.89
yes,,27.71999928754305,85.36630734761866,84.69
yes,,27.72004368319973,85.36625324752644,146.35
yes,,27.72005629421718,85.36617960932611,110.3
yes,,27.72006870001464,85.36606640000548,155.71
yes,,27.719398549995713,85.36710809998469,156.87
yes,,27.71924821132473,85.36710885706617,91.66
yes,,27.71918975034238,85.36701287788631,114.3
yes,,27.719054470157893,85.36696741265217,128.44
yes,,27.719254650007493,85.36685200000053,103.65
yes,,27.719121848753698,85.36662339806658,80.54
yes,,27.719056971386102,85.36661348897258,93.73
yes,,27.71898343642192,85.36680143190787,242.67
yes,,27.718956797225676,85.36656404733482,107.85
yes,,27.719171798462426,85.36675217944156,142.6
yes,,27.719405607034705,85.36672127487508,91.32
yes,,27.719436358947686,85.36665163794882,89.4
yes,,27.71947657335892,85.36692118842407,147.91
yes,,27.71954359108071,85.3668796039231,95.58
yes,,27.71947188330758,85.36681081825355,53.37
yes,,27.71950481197224,85.36672101209074,87.87
yes,,27.719571812986025,85.36680255564512,116.4
yes,,27.719602893916157,85.36673087013789,79.91
yes,,27.719496801136913,85.36654968252034,138.39
yes,,27.719581547963276,85.36647755785974,129.91
yes,,27.719689300006777,85.36666155000044,100.76
yes,,27.719719655365154,85.36654928497371,170.83
yes,,27.71978486882593,85.36646685964611,63.92
yes,,27.7197135933901,85.36639724724867,155.32
yes,,27.719679581445078,85.36618109700969,514.16
yes,,27.719779753879276,85.3660028305038,211.35
yes,,27.719045913270236,85.36641907429104,195.73
yes,,27.718954502532792,85.36637047637136,128.25
yes,,27.719050361717446,85.36631023816459,84.99
yes,,27.71906351923115,85.36623049575928,109.75
yes,,27.719132557350974,85.36615893787321,165.74
yes,,27.719207005441305,85.36637498228829,142.71
yes,,27.71927635000365,85.36625704999773,72.97
yes,,27.719380882090373,85.36604349693498,114.2
yes,,27.71952461407259,85.36604264340744,123.5
yes,,27.719543491928352,85.36555930350299,344.45
yes,,27.71950629706364,85.36580323065635,76.3
yes,,27.719400733261658,85.36568121369807,399.62
yes,,27.718558857472757,85.36670712796612,103.17
yes,,27.718399400003843,85.36698634999244,129.56
yes,,27.71857977244133,85.36698616666646,90.2
yes,,27.718689064760422,85.36697662807364,90.41
yes,,27.718781542063677,85.36681740759775,74.11
yes,,27.718816501379617,85.36672924790946,119.09
yes,,27.718831475256124,85.36662670853607,97.56
yes,,27.718855548789865,85.36652840701794,148.79
yes,,27.71869180000478,85.36664444999776,101.87
yes,,27.718503997138985,85.36656891833621,140.09
yes,,27.718610209772,85.36661472514308,105.87
yes,,27.718728946987607,85.36648786845038,123.11
yes,,27.718679550003255,85.36605025000244,34.18
yes,,27.718764766755292,85.36594480993955,165.24
yes,,27.7188109770074,85.36575583705704,371.83
yes,,27.718760126442337,85.36560446489908,159.79
yes,,27.718623957403487,85.36579789110408,214.7
yes,,27.718558750010803,85.36565850000544,120.69
yes,,27.718493250006585,85.36579409999779,113.2
yes,,27.718379300005555,85.36556724999213,116.45
yes,,27.718359450001124,85.36567774998308,76.06
yes,,27.718324155187823,85.3657451461428,133.54
yes,,27.718528010339,85.36604577590842,89.7
yes,,27.71843416659985,85.36594694977114,97.45
yes,,27.718502129180937,85.3661830114324,165.85
yes,,27.718291886854622,85.36589756055452,160.74
yes,,27.718179122660082,85.36589883849308,121.41
yes,,27.71820597095416,85.36580098936032,89.36
yes,,27.71806553963792,85.36569847161832,213.83
yes,,27.717943643016966,85.36561389318499,157.41
yes,,27.717871336977645,85.36555830097623,108.68
yes,,27.717985376621158,85.36583292732564,121.43
yes,,27.718065806747052,85.36585905866022,81.6
yes,,27.717962465733766,85.36609072096107,149.76
yes,,27.71798209013995,85.3660470766037,51.52
yes,,27.71804100897229,85.36598139885628,74.66
yes,,27.717948192189525,85.36595644818527,122.12
yes,,27.71786374599173,85.36596133210142,112.5
yes,,27.717803100007185,85.36592465000058,67.12
yes,,27.717788651772864,85.36603080185745,77.84
yes,,27.717704799999165,85.36602044999898,51.54
yes,,27.717710896353477,85.36592101409856,119.97
yes,,27.717868592806866,85.36578795942562,129.94
yes,,27.71780075000355,85.36570334999888,59.0
yes,,27.717729444635317,85.36563948650752,102.03
yes,,27.71766566906228,85.3656915414736,116.95
yes,,27.718267418285702,85.36600809635422,112.22
yes,,27.718332931689446,85.36612135597673,113.46
yes,,27.718376104379562,85.36624856853855,127.81
yes,,27.718401800014895,85.36640945002443,107.5
yes,,27.718309436263915,85.36657602614501,99.07
yes,,27.718211078538047,85.3664733603097,314.69
yes,,27.718105852316363,85.36637037242816,50.55
yes,,27.718178079101065,85.36662120779334,92.38
yes,,27.71808015657243,85.36655734975913,110.49
yes,,27.718128049999873,85.36674419999608,56.01
yes,,27.718047678559117,85.36663952818488,106.21
yes,,27.71806680117922,85.36685405371941,117.48
yes,,27.71800682742218,85.36672147594109,83.5
yes,,27.717980649849654,85.36680679191223,93.08
yes,,27.717960402390787,85.36687622483521,56.11
yes,,27.717949348265247,85.36693823623766,62.69
yes,,27.717818950000574,85.36698919999833,56.46
yes,,27.717590403953896,85.36665148880971,55.58
yes,,27.717630170637378,85.36657199483416,61.49
yes,,27.717729056898058,85.36655301065248,120.13
yes,,27.717645101261372,85.36648723685457,43.81
yes,,27.71760231298705,85.36642930129908,108.3
yes,,27.717674532078952,85.36642694869849,46.09
yes,,27.717757402567965,85.36631273364303,34.34
yes,,27.717713148511102,85.3663744557087,43.61
yes,,27.717646356401968,85.36610232698582,145.49
yes,,27.717762802756795,85.36618910054611,84.8
yes,,27.717824943325198,85.36621236723636,89.86
yes,,27.717915635841702,85.36626731829601,157.33
yes,,27.71794559972837,85.3663689638593,78.95
yes,,27.717907235278926,85.3664394212199,159.87
yes,,27.717876159436535,85.36652547034375,112.47
yes,,27.717852051340476,85.36660144212227,106.06
yes,,27.717839799431985,85.36668020068431,117.43
yes,,27.71781105972451,85.36675857057492,173.55
yes,,27.717825150005567,85.36687084999782,128.85
yes,,27.71767552921339,85.36673598342847,120.99
yes,,27.71773662865194,85.36685029474785,127.31
yes,,27.717643435338513,85.36686773700714,119.66
yes,,27.720506856530534,85.34680388095437,49.72
yes,,27.717768200010163,85.36546174998547,167.01
yes,,27.72011069999938,85.36416064999158,43.67
yes,,27.71991413040761,85.36396759456287,86.95
yes,,27.720064399291484,85.36394966776628,78.48
yes,,27.719969049983092,85.36383319996935,92.42
yes,,27.719020350004744,85.36525159999835,98.03
yes,,27.71879840000091,85.36423999999454,60.25
yes,,27.71897036972174,85.36440921726644,59.76
yes,,27.719023600010306,85.36459325000463,121.5
yes,,27.719061027611232,85.3644747119716,77.85
yes,,27.719361120521214,85.36414660203751,42.85
yes,,27.719376859086506,85.36425187911935,225.7
yes,,27.719211150015532,85.36406100000703,44.65
yes,,27.71908927399457,85.36433812604396,120.13
yes,,27.71929439235004,85.36441162889972,145.45
yes,,27.71937318203225,85.36475777964374,56.67
yes,,27.719337819932488,85.3650358286061,80.42
yes,,27.719339750072567,85.3646345000531,258.18
yes,,27.719237553514372,85.36484897775448,92.2
yes,,27.719071033062463,85.36494175528384,140.57
yes,,27.71911598391377,85.36479461813133,113.14
yes,,27.719189994828454,85.36464458928852,208.6
yes,,27.718702140856553,85.36470469498543,133.43
yes,,27.718618139515335,85.36493711455262,59.39
yes,,27.7187501000039,85.36459894999535,91.7
yes,,27.71868170000392,85.36521194999987,62.64
yes,,27.718702733238302,85.36506597749285,225.06
yes,,27.718833150007733,85.36512019999645,151.6
yes,,27.718789450007023,85.36528260000236,89.89
yes,,27.718895250005325,85.36531869999756,103.52
yes,,27.718855481481402,85.36540799590146,69.17
yes,,27.718991768418604,85.36535885436464,83.9
yes,,27.71895705425079,85.36545423179241,87.07
yes,,27.718649618266138,85.36550240489866,132.17
yes,,27.71818746755769,85.36530140680073,84.28
yes,,27.718222050007007,85.36544700000319,85.22
yes,,27.71816381726895,85.36493303418261,101.53
yes,,27.71825700277507,85.36498623598716,147.14
yes,,27.718430847103132,85.36546875767323,101.47
yes,,27.71844900122459,85.36526538142299,130.09
yes,,27.718338481146123,85.36520009386037,70.32
yes,,27.71840690392817,85.36509816320492,113.93
yes,,27.718509419744432,85.36515810832914,115.34
yes,,27.718571282720593,85.36502114653302,94.88
yes,,27.718470532589244,85.36495009382828,107.96
yes,,27.71845768145594,85.36473478901458,97.55
yes,,27.718545938672918,85.3645604709823,289.59
yes,,27.718516150002674,85.3643877999994,48.54
yes,,27.718459750023086,85.36451045001687,125.15
yes,,27.718392650021027,85.36469020001515,117.88
yes,,27.71846720001232,85.36418659999434,255.57
yes,,27.71856749287003,85.36427946884702,99.9
yes,,27.718164157430273,85.36423892967434,66.65
yes,,27.718265492722715,85.36413481923927,94.55
yes,,27.718273500679654,85.36402749854177,101.4
yes,,27.71818373180858,85.36402083391333,122.65
yes,,27.718253132133952,85.36388784812733,139.89
yes,,27.718376931213122,85.36391569464786,81.02
yes,,27.718502485247434,85.3639994953978,102.0
yes,,27.718656297654395,85.36409137339025,222.92
yes,,27.71873192984895,85.36389824259722,177.52
yes,,27.718838595725884,85.36393781999034,131.62
yes,,27.718959557913873,85.36399482986526,255.66
yes,,27.719108279028585,85.36403739235188,176.28
yes,,27.719509672527824,85.36411972100832,135.22
yes,,27.71971269347742,85.3639769160726,131.41
yes,,27.71963862487618,85.36423179871028,115.01
yes,,27.719782561464424,85.36426525405739,127.96
yes,,27.72008711818701,85.36503610540103,102.52
yes,,27.719578206590434,85.36489217942255,97.63
yes,,27.720063170956248,85.36477710135358,112.29
yes,,27.71889635061679,85.3557385790326,27.15
yes,,27.71897488019426,85.35572024952762,68.02
yes,,27.71895630735368,85.35563158160733,110.57
yes,,27.719005673023183,85.35579571619941,72.99
yes,,27.719078270336222,85.3557378855941,65.24
yes,,27.719115391087858,85.35568452837528,50.43
yes,,27.71911834287231,85.35613259952027,54.1
yes,,27.71916123307412,85.35608644538202,21.63
yes,,27.719111440322884,85.35628321922536,93.56
yes,,27.719078297648203,85.35637511533638,82.4
yes,,27.718893960048316,85.35638763504721,101.6
yes,,27.718949697749395,85.35628996826509,153.05
yes,,27.718871256858375,85.35609799300845,249.97
yes,,27.718801743759556,85.3559826471037,80.69
yes,,27.718718068819683,85.35648219955299,240.08
yes,,27.71846284366883,85.3562236358407,178.33
yes,,27.71855124287177,85.3562956725615,104.19
yes,,27.718592001940223,85.35635358509255,97.18
yes,,27.718453518989598,85.35602159435663,189.71
yes,,27.718565752045137,85.35607258616099,105.89
yes,,27.718615887032573,85.35600352889914,111.08
yes,,27.718521422388076,85.35589136710333,171.09
yes,,27.718592070902684,85.35581693988995,71.48
yes,,27.718068419136866,85.35577387030696,133.56
yes,,27.717775205510993,85.35581343305782,38.55
yes,,27.717816331270303,85.35575278274979,80.65
yes,,27.71963115000123,85.35755714999947,21.42
yes,,27.719857726110906,85.357182208452,41.9
yes,,27.719130353397016,85.35596133259459,135.82
yes,,27.719758175749487,85.357640665002,66.28
yes,,27.719777524547755,85.35773999168575,156.76
yes,,27.719873579606016,85.35771479548005,151.9
yes,,27.71993831827147,85.35778328568466,53.25
yes,,27.719926645188856,85.35801547927804,98.42
yes,,27.719928826562807,85.35807729312668,114.56
yes,,27.71988374083328,85.35791022280277,45.46
yes,,27.719659722044184,85.35781414181301,59.35
yes,,27.71964484274346,85.35774774056637,59.46
yes,,27.719491375333767,85.35803098874668,44.98
yes,,27.719509407295526,85.35795660877697,56.58
yes,,27.71953233468346,85.35788651304752,35.74
yes,,27.71960018941038,85.3578746515276,47.57
yes,,27.71992977248168,85.35792846822868,65.49
yes,,27.71952899008205,85.35817937626253,120.96
yes,,27.71960165646246,85.35816848943035,23.98
yes,,27.71939195332766,85.35823486599041,69.61
yes,,27.71929344723662,85.35783916840296,133.53
yes,,27.71917240000857,85.35814414999761,152.53
yes,,27.719244992289116,85.35801706888215,133.38
yes,,27.71912425465083,85.35767579631205,54.26
yes,,27.719202952724213,85.3577082048517,54.67
yes,,27.719179650002705,85.35777639999638,88.14
yes,,27.71932826322176,85.3573151686759,26.78
yes,,27.719364393751825,85.35726093675984,36.84
yes,,27.719272370673686,85.35726672924403,87.94
yes,,27.71927056314104,85.35717580390748,37.4
yes,,27.71932218244335,85.35721697129053,50.14
yes,,27.719192251976416,85.35718507089521,43.99
yes,,27.719212482017753,85.35713673100095,32.68
yes,,27.71913674080617,85.35711462877345,103.58
yes,,27.71898697290807,85.35699849135673,133.64
yes,,27.71907547050502,85.3572154228916,51.79
yes,,27.718867228014087,85.35811926061477,76.07
yes,,27.719077618686722,85.35795630442999,143.91
yes,,27.71901899320771,85.35825551781356,72.96
yes,,27.7188380675035,85.35823940154445,62.74
yes,,27.718758695676364,85.35821766647162,79.14
yes,,27.71863530000708,85.35816370000231,86.78
yes,,27.718662132670904,85.35807658337028,86.13
yes,,27.718680690109075,85.35801879069699,84.23
yes,,27.71871009620015,85.35794360530481,128.89
yes,,27.718730046220195,85.35786629334879,66.89
yes,,27.71876884068483,85.35777452051936,91.79
yes,,27.718485736541552,85.3577937866505,77.91
yes,,27.718564220507567,85.35780883834823,64.03
yes,,27.71857151038772,85.35761052009741,236.83
yes,,27.718620995872794,85.35738351984499,164.73
yes,,27.71844299485443,85.35758822088714,134.86
yes,,27.718238710829702,85.3574742835202,102.09
yes,,27.718308090880587,85.3574910184207,119.53
yes,,27.718359385811063,85.3575397795578,107.7
yes,,27.718597343375738,85.35663091608976,35.03
yes,,27.718558707564384,85.35722354455329,30.97
yes,,27.718190082690626,85.35657784971968,82.78
yes,,27.718338778455994,85.35656605906725,188.3
yes,,27.718137721387404,85.35663184470043,85.1
yes,,27.718111050000694,85.35668829999084,48.79
yes,,27.718017679172007,85.3566138231201,69.71
yes,,27.71805266077226,85.35656263863024,63.46
yes,,27.718087118966622,85.35651553704001,50.78
yes,,27.717611703851386,85.35690443743917,108.73
yes,,27.7178034972694,85.35681356757286,37.38
yes,,27.717831455267323,85.35671105737926,84.17
yes,,27.71767175511646,85.35676202274546,90.27
yes,,27.71773108898719,85.35679681081137,107.89
yes,,27.717599274365128,85.35673132386427,125.0
yes,,27.717661348822258,85.35659763409357,69.21
yes,,27.717718561723945,85.35662930793924,100.65
yes,,27.71786102336995,85.3568748815255,118.47
yes,,27.717950349574572,85.35674843805435,75.54
yes,,27.71797259624768,85.35667645331205,95.25
yes,,27.71777506162925,85.35703532851205,105.16
yes,,27.717730051673428,85.35694659128119,81.05
yes,,27.717951477163883,85.35697811191635,78.18
yes,,27.71800893678562,85.35702167092025,62.89
yes,,27.718038447102487,85.35691229076312,66.99
yes,,27.717030500000554,85.36545664999876,56.7
yes,,27.717048321546848,85.36537765678824,68.04
yes,,27.716930399995967,85.36552129999596,93.28
yes,,27.71730141662346,85.36528951129854,83.22
yes,,27.71720878212752,85.36526504391277,61.7
yes,,27.71724639999429,85.36520029999575,71.12
yes,,27.717241899995166,85.36512254999892,60.91
yes,,27.717529554224853,85.36478329106309,179.0
yes,,27.71720393108926,85.36379919113132,26.87
yes,,27.7173199488912,85.36403022976938,49.52
yes,,27.717395303561727,85.36383687962382,52.0
yes,,27.71724687305483,85.36399978472117,110.61
yes,,27.717258926872205,85.3641291136488,98.94
yes,,27.71739963947635,85.36395887406421,135.26
yes,,27.71745031146321,85.36385355236057,62.89
yes,,27.71750145000308,85.36392760000001,46.96
yes,,27.717509249997942,85.36403284999089,143.92
yes,,27.717973352435383,85.35714561988016,49.52
yes,,27.71814855000042,85.35711984999693,43.69
yes,,27.717924004285802,85.35724818669944,101.51
yes,,27.720392178608872,85.34695469507942,21.53
yes,,27.718191950004407,85.35730480000153,54.71
yes,,27.718085525899053,85.35735485556995,95.53
yes,,27.717725827597267,85.35716271378541,146.24
yes,,27.71784061026737,85.35698881167278,53.35
yes,,27.7179578500007,85.35740264999683,27.62
yes,,27.717933693542502,85.35744718069476,40.09
yes,,27.71789351131651,85.3574033813847,50.1
yes,,27.71800508136104,85.35752450584705,69.11
yes,,27.717598600000443,85.35731115000102,32.62
yes,,27.717788000003136,85.35733864999963,57.69
yes,,27.717798111948063,85.35742737143306,59.44
yes,,27.718368837602675,85.35792656208805,144.7
yes,,27.717993828409895,85.35795824424063,61.55
yes,,27.717818613844234,85.35801125385423,39.8
yes,,27.717725324208637,85.35797261133055,110.43
yes,,27.717747449774606,85.35807220966693,95.83
yes,,27.717714049998726,85.35817024999749,108.45
yes,,27.71781635210521,85.35817463350757,97.02
yes,,27.717891443505213,85.35817572697786,73.25
yes,,27.71763087312467,85.35779364320092,97.02
yes,,27.717670299688002,85.35768660438465,89.7
yes,,27.717740647401676,85.35770452217518,63.38
yes,,27.72191588927347,85.34684441649658,192.56
yes,,27.717924301134964,85.3563005660827,80.75
yes,,27.717850782852445,85.35606639764289,164.54
yes,,27.718269599997974,85.35797670000078,51.3
yes,,27.71802512918226,85.35621014579219,44.55
yes,,27.718044603167968,85.35634684414617,126.36
yes,,27.71946025928817,85.35717340031243,102.01
yes,,27.71352616929164,85.36340526676528,93.23
yes,,27.713538023768074,85.36330809997988,118.78
yes,,27.713402660944645,85.3633103882626,83.72
yes,,27.71333381833839,85.36347665261405,115.25
yes,,27.71352568790446,85.36322717346339,81.51
yes,,27.714068227370774,85.36365305364755,149.5
yes,,27.71406018432556,85.363521692712,192.76
yes,,27.713883649095624,85.36345094915252,133.41
yes,,27.714153050013188,85.36333479999894,141.48
yes,,27.714154182043078,85.3631963497802,127.56
yes,,27.71406760665118,85.36314446767813,38.35
yes,,27.714235115788235,85.3634605961866,42.37
yes,,27.71421801187628,85.36351959773852,82.23
yes,,27.714234663461436,85.3636193615821,88.53
yes,,27.714626095691127,85.36366585919737,117.33
yes,,27.714547647667914,85.36354137762669,132.29
yes,,27.71417059239552,85.36369072487494,20.42
yes,,27.714464434962565,85.3629923819097,51.4
yes,,27.714503016052085,85.36318381726592,23.92
yes,,27.71478043024595,85.36295802108671,179.69
yes,,27.714690904887185,85.3629873794331,180.95
yes,,27.71474359449799,85.36309526224599,71.12
yes,,27.714657297538718,85.362833893279,70.07
yes,,27.714734400369156,85.36282594977162,58.25
yes,,27.71447018215862,85.362248343071,159.06
yes,,27.714478100002655,85.36236444999957,114.84
yes,,27.714399899988447,85.3619333499989,99.34
yes,,27.71459147706028,85.362384110224,104.29
yes,,27.714606314143353,85.36223732482644,108.75
yes,,27.71465801840418,85.3620755515232,55.33
yes,,27.714433925426786,85.36208383793749,81.78
yes,,27.712987914864495,85.36263237099315,215.07
yes,,27.712920550012083,85.36372449999904,92.83
yes,,27.71298715085137,85.3637319995319,106.7
yes,,27.71318748462733,85.36369644234475,115.53
yes,,27.71325740001441,85.36369669999942,95.73
yes,,27.709550817288545,85.35720563136918,391.83
yes,,27.70958305598883,85.3570643750442,547.13
yes,,27.709443309256507,85.35731350760568,234.85
yes,,27.709716950004264,85.35779189999958,74.12
yes,,27.709650067924162,85.35781121558875,90.04
yes,,27.70948200000005,85.35799594999791,31.71
yes,,27.709361879412963,85.3578626262983,62.01
yes,,27.709334846319603,85.35763883046019,167.23
yes,,27.708935144615133,85.35784687820801,34.12
yes,,27.709909513909988,85.3579423236514,76.8
yes,,27.709912691706823,85.35801364522212,92.15
yes,,27.70984106921299,85.3573572873298,74.32
yes,,27.70970375000864,85.3574761499993,147.37
yes,,27.719518466374364,85.35284365066327,219.93
yes,,27.71899711918212,85.3539243965629,63.82
yes,,27.719047650005738,85.35394775000395,44.66
yes,,27.718776154788383,85.3536636306144,58.64
yes,,27.7189069046892,85.35418147969445,115.99
yes,,27.7190756586337,85.35422464379413,67.91
yes,,27.719153422179165,85.3541988213531,142.85
yes,,27.71905830034938,85.35413599099809,47.37
yes,,27.71913954509872,85.3540986593303,95.98
yes,,27.719009370235298,85.35430743640926,134.19
yes,,27.71872787507421,85.3540954333695,85.92
yes,,27.718909184943403,85.3543517325963,65.25
yes,,27.71895439364586,85.35444356169783,72.03
yes,,27.718907403434404,85.35445919296734,70.08
yes,,27.71861929198275,85.3537178498272,56.77
yes,,27.718446100001557,85.35388389999984,27.88
yes,,27.718474353155997,85.35286342517526,35.32
yes,,27.718507758387652,85.35294613905045,96.56
yes,,27.718577701686844,85.35289456904455,60.31
yes,,27.718189186567667,85.3537350308173,91.93
yes,,27.718192118245135,85.35345426845629,38.53
yes,,27.71823949462383,85.35322828021643,67.48
yes,,27.718239323707255,85.3530843788359,41.64
yes,,27.718270934962998,85.3529626220192,73.46
yes,,27.718175573549082,85.3541371876653,150.81
yes,,27.718299427511948,85.35424468955001,88.45
yes,,27.718224560856143,85.35442374613565,210.82
yes,,27.71817019999354,85.35449459999164,65.25
yes,,27.71807412030769,85.35446190552337,60.61
yes,,27.718461055135577,85.35467488596477,28.56
yes,,27.718449896831764,85.3544693665069,124.99
yes,,27.7183388490291,85.35489820296641,60.16
yes,,27.718329926924923,85.3548054537288,77.68
yes,,27.71828905981384,85.35497259998803,99.3
yes,,27.71901711409085,85.35542348172635,32.85
yes,,27.71829030562715,85.35531575263462,150.92
yes,,27.719192032283626,85.35444017349947,55.94
yes,,27.719134250002853,85.35453019999596,37.52
yes,,27.717878224053973,85.35480530479953,86.49
yes,,27.717998441856917,85.35379491942936,103.32
yes,,27.72123759353744,85.3544046703597,1518.85
yes,,27.716150842011828,85.35702108317368,67.66
yes,,27.71612240612619,85.35709832389641,53.78
yes,,27.71619295656393,85.35661081368237,81.27
yes,,27.7167266999978,85.3567610499916,111.33
yes,,27.71712142283611,85.35728666089868,75.29
yes,,27.716789192501796,85.35748851251427,163.18
yes,,27.71522369837082,85.35708078089692,51.59
yes,,27.71652467104634,85.35817553875526,61.15
yes,,27.71726162455516,85.36570120506002,123.18
yes,,27.716899862995803,85.36703737392395,88.16
yes,,27.71702245000295,85.3670603499925,89.28
yes,,27.71696051843209,85.36714283575974,78.67
yes,,27.717058831049712,85.3669659456827,149.7
yes,,27.717120967327748,85.36684840167315,107.73
yes,,27.71679388254617,85.3668734941433,74.21
yes,,27.716724405632515,85.36706992955533,120.25
yes,,27.716624420167687,85.36699521807435,182.21
yes,,27.716524350021576,85.36717060001048,268.92
yes,,27.71637364041875,85.36684147580175,123.77
yes,,27.71636456174298,85.36672853109948,120.33
yes,,27.716273981837734,85.36678800747727,61.69
yes,,27.716338549998472,85.36718279999552,82.91
yes,,27.716343185790958,85.36696169256729,167.84
yes,,27.71649790726562,85.36685607796015,98.24
yes,,27.716477298317805,85.36694983546434,105.28
yes,,27.71660101858753,85.36686044482556,89.93
yes,,27.716561249923636,85.36672870134801,106.59
yes,,27.71641277468671,85.36661608156159,91.19
yes,,27.716250838377494,85.36667057116391,85.07
yes,,27.71628549172073,85.36656691130945,79.45
yes,,27.716022785964235,85.3665469588609,120.56
yes,,27.715951429238054,85.36655536315446,82.87
yes,,27.716206058309357,85.3661607752802,181.81
yes,,27.716081374080666,85.36629437239034,51.98
yes,,27.716185297024392,85.36628569315478,221.08
yes,,27.715838650008504,85.36649214998681,100.95
yes,,27.715879233049385,85.36638110201504,83.22
yes,,27.71589685000418,85.36620919999713,58.44
yes,,27.715964360329735,85.36630622475195,108.31
yes,,27.71584784385812,85.36625210180561,63.21
yes,,27.715979836686795,85.36618238073909,71.88
yes,,27.71580320986769,85.36660799599834,96.56
yes,,27.715643986077392,85.36661596709745,92.14
yes,,27.715566992163673,85.3664930525829,93.57
yes,,27.71549794376835,85.3666203469327,93.64
yes,,27.71541829586263,85.36663809855867,133.01
yes,,27.71541917695187,85.36648633943048,83.61
yes,,27.715452822768217,85.36635953753847,88.28
yes,,27.715210935447864,85.36632565297525,77.25
yes,,27.715297000000245,85.36633414999898,74.14
yes,,27.715016600004063,85.36666375000078,53.25
yes,,27.7151508245585,85.36676654349674,65.44
yes,,27.715171748127087,85.3667071336161,81.29
yes,,27.715264042314207,85.36673896949601,66.6
yes,,27.716437474996354,85.36591854964298,171.48
yes,,27.716427119508307,85.36605733763429,113.52
yes,,27.717658200001836,85.34947045000006,18.44
yes,,27.717710877674588,85.34868097900366,54.72
yes,,27.717905247350725,85.34861771580955,176.82
yes,,27.71798439077538,85.34844256939368,50.6
yes,,27.717994350003025,85.34851114999923,43.83
yes,,27.71781243684029,85.34980301289283,117.44
yes,,27.718648618921318,85.34854161870742,59.76
yes,,27.7189800500023,85.34831849999932,79.4
yes,,27.718989827385798,85.34853922898704,85.59
yes,,27.719218034770655,85.34918365792524,62.44
yes,,27.71923018417269,85.34908270498104,56.97
yes,,27.719397450003246,85.34926229999843,87.25
yes,,27.719093444683878,85.34950386691362,96.17
yes,,27.719004204024056,85.34934878717033,66.77
yes,,27.719143874130598,85.34921620633894,51.27
yes,,27.718874950008438,85.34871634999979,77.08
yes,,27.718488285104485,85.34863397241749,30.97
yes,,27.718645437104165,85.34866872381926,65.01
yes,,27.718491926029152,85.34876233795636,52.95
yes,,27.718492218989493,85.34869664042225,85.62
retail,,27.718523984379246,85.3490720771343,50.8
retail,,27.71846311204958,85.34896802346063,49.08
retail,,27.71837525810471,85.34870205436619,95.47
retail,,27.718390900921797,85.34877387636638,72.93
retail,,27.71841836288957,85.34883874118653,75.38
retail,,27.718445168564294,85.34890600340394,76.41
retail,,27.718271831318447,85.34841611101766,71.43
yes,,27.718289666646246,85.34849124940762,89.52
yes,,27.71837052934609,85.34847758516847,69.91
retail,,27.718311319074598,85.3485688455189,56.36
retail,,27.71834820589658,85.34863054198452,85.87
retail,,27.718246117657575,85.34831663762324,183.58
yes,,27.718415467202245,85.34837832573145,162.66
yes,,27.71815594042487,85.34802370958853,163.03
yes,,27.71830743527262,85.34803820152631,99.72
yes,,27.718242253763425,85.34803117684154,95.86
yes,,27.718254475671188,85.34790579653117,83.97
yes,,27.718301381390102,85.34779274329968,266.72
yes,,27.718491882484425,85.34793313454466,74.95
yes,,27.718402789483683,85.3480761402405,42.6
yes,,27.718468785868126,85.34805589252507,103.86
yes,,27.718624888481266,85.34813064140289,148.12
yes,,27.718536891694253,85.34810835006016,104.17
yes,,27.71863989999826,85.34797124998867,174.44
yes,,27.717785725046408,85.3474288445476,32.7
retail,,27.717873616336703,85.34766413004556,86.03
retail,,27.717908315174324,85.34772621936514,112.15
retail,,27.71793702469339,85.34781242621719,102.33
retail,,27.71802514927174,85.34796368331787,81.17
yes,,27.718107618986032,85.34791425953392,53.54
yes,,27.71802484823306,85.3474278860909,166.01
yes,,27.717940486044057,85.34742397591104,37.28
yes,,27.7179296732921,85.34748449849522,24.18
yes,,27.71790767372323,85.34733308503185,94.88
retail,,27.71775409204311,85.34751462112324,85.14
yes,,27.71799325139405,85.34779391963333,24.62
yes,,27.71803891011183,85.34777875335921,27.32
yes,,27.71813534999637,85.34773794999734,39.91
yes,,27.718121523028632,85.34778985637406,79.09
yes,,27.718836083584634,85.3477794403505,85.59
yes,,27.718916770038266,85.34760501145749,73.45
yes,,27.718706949999316,85.34737349999624,49.12
yes,,27.718601524622244,85.3478068964363,72.49
yes,,27.71837832948129,85.34763060500556,195.56
yes,,27.718939706327394,85.34802438620002,66.09
yes,,27.718927976206754,85.3479166617608,132.8
yes,,27.71879635110403,85.34790038873204,83.03
yes,,27.718747165670848,85.34812314995833,77.76
yes,,27.718868346046538,85.34800736786788,112.4
yes,,27.709972700001362,85.35463560000078,17.58
yes,,27.719346300004332,85.34864019999935,101.09
yes,,27.71903881865298,85.3474194689681,47.39
yes,,27.719471029435606,85.34831387802451,93.77
yes,,27.719631134233204,85.34840414857058,60.4
yes,,27.719362100004115,85.34835434999957,78.23
yes,,27.719418070744435,85.34798968112455,42.79
yes,,27.71969591681693,85.3479372584013,136.08
yes,,27.719750999948477,85.34737028614633,77.91
yes,,27.719690798392936,85.34753336346367,79.75
yes,,27.719726200187576,85.34744894304445,40.92
yes,,27.719526049997253,85.34910349999527,85.43
yes,,27.71992994999868,85.34941194999712,54.08
yes,,27.719955570649503,85.34923939505465,198.95
yes,,27.719802535639094,85.34862078456364,53.1
yes,,27.719726246433634,85.34844999630612,21.31
yes,,27.71962509146547,85.34847868791105,69.03
yes,,27.719747100002728,85.34851714999958,53.29
yes,,27.719635159343355,85.34774107642131,70.09
yes,,27.71967216968589,85.34764586423928,71.54
yes,,27.719567912193273,85.34739604578793,46.17
yes,,27.71960495228677,85.34743666605965,64.85
yes,,27.71936957314015,85.34977644385552,86.65
yes,,27.71941343897124,85.3498179977691,57.04
yes,,27.71946745932036,85.34985181356326,66.39
yes,,27.719118391488028,85.34859574662956,159.79
yes,,27.719170988662604,85.3485159222807,72.76
yes,,27.719088730291492,85.34846807758106,118.94
yes,,27.719095079413567,85.3483686119823,61.39
yes,,27.718941599620383,85.34817265233583,69.26
yes,,27.718800649996115,85.34830815000132,60.07
yes,,27.718478959508957,85.34852102829574,62.45
yes,,27.718548323372303,85.34852712429907,54.25
yes,,27.718658141386637,85.34861294857603,68.66
yes,,27.718777450003135,85.34901499999967,42.55
yes,,27.71912614728619,85.34972964836282,58.88
yes,,27.719064541353795,85.34975100232163,57.35
yes,,27.718974438523947,85.34986589480063,139.34
yes,,27.71890167890556,85.34977745628787,47.19
retail,,27.718168356299586,85.3489943762826,63.33
yes,,27.71778507770524,85.3487827361592,83.46
yes,,27.717946844139213,85.3483303933142,73.84
yes,,27.71776905947381,85.34825753897746,63.75
yes,,27.71771534690699,85.34818444821289,151.43
yes,,27.717631268340714,85.34818453199397,85.9
yes,,27.718297300003037,85.34946155000209,27.5
retail,,27.71842969733132,85.349554434313,210.48
yes,,27.717704082588313,85.34956769891416,90.91
yes,,27.717671350018573,85.34914310000227,230.63
yes,,27.71805453163096,85.348848208093,47.73
yes,,27.713899430274164,85.35931966880165,34.96
yes,,27.71416672453022,85.3600672894934,129.73
yes,,27.714791945807754,85.36061052670055,87.2
yes,,27.71476470159008,85.36067339380581,67.84
yes,,27.71443222261515,85.3603004627668,297.24
yes,,27.714141925326565,85.36029700775715,207.23
yes,,27.71401896923251,85.36044106970887,246.05
yes,,27.71385879094938,85.36046532554184,123.2
yes,,27.713580200000038,85.36049554999947,67.13
yes,dibya party palace,27.713483543756972,85.36031273766314,368.06
yes,,27.71333895000746,85.36074199999925,122.15
yes,,27.713226074567267,85.36061590787074,134.56
yes,,27.713156950004798,85.36077044999982,194.02
yes,,27.71305937112986,85.3607694586682,45.07
yes,,27.71290412486641,85.3609941686259,164.06
yes,,27.71280632526424,85.36062553813878,512.65
yes,,27.71338584527547,85.35988772485528,88.15
yes,,27.713310625455293,85.3588839434477,70.16
yes,,27.713397100011885,85.35869169999772,364.7
yes,,27.71343953945601,85.35853332427891,96.43
yes,,27.712948624773617,85.35890760356807,67.92
yes,,27.71292718117266,85.35926790728465,130.69
yes,,27.714469343720005,85.35904204528899,92.84
yes,,27.714459161614823,85.35919427965672,98.86
yes,,27.714463206266725,85.35930783749511,68.16
yes,,27.714536771907014,85.35926954646641,82.83
yes,,27.714425950728316,85.35886543341364,61.53
yes,,27.714326653434963,85.3583483388916,118.58
yes,,27.715061128565686,85.35844766979308,39.35
yes,,27.71468171674106,85.35839229987506,108.92
yes,,27.71473568723484,85.35849458579301,87.75
yes,,27.714827411295758,85.3586145051062,107.57
yes,,27.714965000008764,85.35885479999672,126.89
yes,,27.714879900004227,85.35873305000746,107.37
yes,,27.714978350003356,85.35868315000499,83.85
yes,,27.714911655374564,85.35854657122036,83.68
yes,,27.717801721295412,85.34992850223428,71.03
yes,,27.717618899036136,85.34998750764383,78.01
yes,,27.71473221691067,85.35442605493978,52.47
yes,,27.71451121057727,85.35373589075911,148.55
yes,,27.714175932690893,85.35399190782816,80.36
yes,,27.714932588826724,85.35466016746506,65.44
yes,,27.715102875173283,85.3540054195156,107.76
yes,,27.712917510483177,85.35500717935966,69.39
yes,,27.713109415207665,85.35416727944369,59.74
yes,,27.716116088103238,85.35225867357815,71.37
yes,,27.71633385000446,85.35233609999983,40.71
yes,,27.716269357109518,85.35245624257253,129.98
yes,,27.716202605072507,85.35242962276429,87.57
yes,,27.716255400119607,85.35228778203857,129.2
yes,,27.716708272367413,85.35219045993651,52.48
yes,,27.716514141532212,85.35201634914355,105.25
yes,,27.71573481109175,85.35096237561027,42.3
yes,,27.71560870889839,85.3512094798811,22.0
yes,,27.715584649998043,85.35106085000417,86.58
yes,,27.715640506076188,85.35044509096006,110.1
yes,,27.715155367548128,85.35072654061364,33.59
yes,,27.716700725835828,85.35135189930388,20.26
yes,,27.716045225628353,85.35122885030121,55.59
yes,,27.71599913546822,85.35105017320272,56.64
yes,,27.716135497267285,85.35117446233637,46.03
yes,,27.716094355917335,85.35124207042485,45.11
yes,,27.71604643278842,85.35150075470163,91.72
yes,,27.715926451876193,85.35137741681662,138.59
yes,,27.71577857583156,85.35126136368397,43.02
yes,,27.716347972259168,85.35079166579429,28.29
yes,,27.716732049995713,85.35050619999522,75.13
yes,,27.716731680097144,85.3506704925967,24.48
yes,,27.716478864366398,85.35099423022965,41.37
yes,,27.716757350001544,85.35027394999908,64.04
yes,,27.716835503574867,85.35015235244506,44.24
yes,,27.717299135722257,85.35125249567757,53.52
yes,,27.71742532436234,85.35162181868819,100.38
yes,,27.716998611017114,85.35192294716758,108.92
yes,,27.717358904937466,85.35211247592846,63.25
yes,,27.716996754249067,85.35217252262694,64.91
yes,,27.71697794966874,85.35201501402155,52.18
yes,,27.71710712380988,85.35199643135114,99.25
yes,,27.71737023413397,85.35176792692913,29.52
yes,,27.71753215000507,85.35190210000192,40.18
yes,,27.71635089999972,85.3525455999921,94.69
yes,,27.71543633845607,85.35153681698698,139.37
yes,,27.715612976061816,85.35184725493053,49.82
yes,,27.716255216383555,85.3503576410951,69.41
yes,,27.715724849999443,85.35026375000064,27.25
yes,,27.715740800004237,85.350372050002,31.0
yes,,27.715287933629714,85.35095576913311,77.27
yes,,27.716470647482478,85.36455192736044,93.6
yes,,27.716935484682747,85.36408405523156,642.63
yes,,27.717274133596447,85.36548300546954,79.9
yes,,27.71743335638061,85.36550277129305,111.81
yes,,27.71656349967171,85.36505595821828,58.08
yes,,27.71584958926779,85.36385223693111,68.26
yes,,27.71628895978567,85.36451082279422,65.84
yes,,27.716412453326534,85.36466977978183,70.71
yes,,27.71638583343874,85.36452588255354,57.07
yes,,27.71656838836913,85.36493163104565,64.07
yes,,27.715918150000327,85.36400709999725,67.98
yes,,27.716049190019977,85.36404685666574,74.46
yes,,27.71612397880376,85.36405212824873,92.37
yes,,27.71603994523081,85.36379777396577,78.21
yes,,27.71605425568316,85.36391411693916,123.96
yes,,27.716025964239225,85.36419318654119,163.24
yes,,27.713411624997377,85.35795378034679,86.88
yes,,27.71335080070044,85.35794398626632,84.05
yes,,27.713588769947428,85.35782004622617,124.01
yes,,27.714160964608688,85.35829997470738,111.32
yes,,27.71406559652194,85.35826358127458,122.56
yes,,27.7135493655439,85.35817456778071,137.88
yes,,27.7133886263626,85.35817282362724,87.89
yes,,27.713108358626577,85.35822355102782,208.57
yes,,27.712914850023456,85.35823374999883,186.88
yes,,27.712987792306738,85.3575163738889,141.21
yes,,27.712925709985008,85.35707073845187,113.31
yes,,27.712867150011462,85.3570544999996,63.9
yes,,27.713325609351486,85.35664582513361,91.24
yes,,27.71395181593766,85.3563681358107,94.98
yes,,27.713785692498373,85.35628958728918,116.2
yes,,27.713917616332843,85.3561049996852,116.36
yes,,27.714420117705235,85.35592660535178,107.82
yes,,27.71495424999661,85.35636050000323,39.54
yes,,27.715034183590095,85.35650567504756,69.04
yes,,27.712020348968885,85.35432918347122,97.7
yes,,27.711744374379357,85.35447532086644,114.93
yes,,27.711820371885498,85.35449659690002,97.59
yes,,27.712245736945764,85.35374671385817,135.76
yes,,27.71230614824234,85.35378737795867,99.33
yes,,27.71236524376566,85.35383782099257,68.41
yes,,27.71245958888912,85.3538615794518,160.37
yes,,27.712616050005256,85.35396425000188,56.66
yes,,27.712393926081205,85.35349655292404,199.86
yes,,27.71249794129647,85.35374836213975,98.59
yes,,27.71238516725191,85.35364143492382,122.08
yes,,27.71228945000299,85.35360489999667,69.88
yes,,27.71230337370879,85.35352330497727,72.84
yes,,27.712292679296493,85.35339115368166,82.74
yes,,27.712503700761573,85.35359223671395,204.6
yes,,27.71268308663861,85.35292192084502,92.25
yes,,27.71245738190559,85.35333063740843,64.01
yes,,27.71236850802387,85.35329198394057,175.96
yes,,27.71251919575426,85.3533750929194,109.2
yes,,27.71243816102778,85.35317514413856,262.14
yes,,27.712637337509506,85.35334531285854,126.67
yes,,27.712601258374104,85.35311723066003,58.94
yes,,27.71262055744474,85.35302961808553,91.2
yes,,27.712545918821426,85.35297936884173,87.55
yes,,27.711452650002204,85.3537572999933,87.11
yes,,27.711112100004584,85.35336949998998,102.94
yes,,27.711045226598667,85.35337713985494,111.77
yes,,27.71116172758773,85.35313524137221,290.94
yes,,27.71121430000639,85.35351744995442,186.49
yes,,27.7113443988252,85.35349456717749,80.65
yes,,27.711362800004963,85.35316564999039,148.86
yes,,27.710736128763997,85.35383493759774,52.1
yes,,27.71046235954577,85.35436953937057,86.79
yes,,27.71151455000039,85.35477399999992,13.27
yes,,27.711606224204427,85.35485896072686,36.02
yes,,27.713864262047295,85.35737468277114,283.66
yes,,27.71447560000847,85.35804719999929,102.55
yes,,27.714587550002165,85.35809934999968,63.22
yes,,27.71472992786821,85.35799880891243,128.57
yes,,27.71460237179018,85.35789410490895,99.97
yes,,27.71465056329705,85.3577876829649,90.29
yes,,27.715030050005915,85.35695380000529,53.04
yes,,27.715323108937245,85.36436776360837,112.62
yes,,27.715199922286722,85.36379323710342,57.01
yes,,27.71593660000109,85.36446355000592,40.79
yes,,27.715803916998325,85.36438345108132,14.8
yes,,27.71546840000665,85.36460685000644,89.71
yes,,27.71229616346024,85.35502197843701,100.51
yes,,27.712346804779695,85.3549417464667,81.86
yes,,27.712194340692143,85.35493141143682,157.23
yes,,27.71210504330565,85.3548853741754,78.3
yes,,27.711972404580994,85.35487590225053,68.78
yes,,27.711888263431433,85.35483729660618,122.23
yes,,27.71205314722017,85.35475211324366,98.27
yes,,27.712590774840642,85.35533847360765,162.94
yes,,27.712951359051626,85.35850424137689,376.47
yes,,27.714174100002285,85.35885284998578,68.85
yes,,27.714178800001395,85.35858394999535,45.86
yes,,27.714484445623302,85.35860353553034,60.26
yes,,27.714083212899638,85.36079844738693,43.69
yes,,27.713983382877494,85.3608210587619,105.73
yes,,27.715091098192676,85.3606607476456,63.61
yes,,27.714873694659694,85.36033562912712,85.61
yes,,27.71497650735568,85.36037908123302,140.13
yes,,27.714806193650173,85.36029476704674,69.76
yes,,27.714660575098097,85.36063350634169,92.12
yes,,27.714329499994733,85.36091610000118,93.88
yes,,27.713883913412865,85.36094599478317,104.86
yes,,27.713733307847058,85.36047214659443,147.56
yes,,27.713694248627835,85.36099911800972,59.56
yes,,27.71292512497829,85.36073388114968,38.32
yes,,27.714008450017374,85.3606330499985,142.85
yes,,27.714130173968535,85.36063510416851,276.23
yes,,27.714324955030268,85.36056897517085,175.47
yes,,27.71388602397437,85.35842161390104,162.36
yes,,27.713621450020515,85.35895474999661,133.18
yes,,27.713613491895206,85.3592518745376,181.59
yes,,27.713362649997542,85.35911250000017,95.55
yes,,27.713305250010343,85.35924079999934,113.9
yes,,27.71412855602262,85.35870037956727,60.32
yes,,27.714183488194177,85.35905745602837,43.56
yes,,27.714102760005687,85.35907196690579,114.22
yes,,27.713960839225795,85.35907523815067,101.08
yes,,27.713986606570796,85.35925028589618,97.62
yes,,27.713804924577488,85.35944450561182,78.94
yes,,27.713716924693273,85.35946983537411,97.56
yes,,27.713968157740176,85.35986537531112,121.21
yes,,27.714679050020887,85.35925189999764,156.89
yes,,27.714690700612927,85.35886829769201,99.75
yes,,27.714622064515794,85.35876359333733,88.31
yes,,27.714544045730303,85.35848008265353,36.98
yes,,27.71433070494328,85.35918551724977,118.83
yes,,27.715076275121174,85.36085834397441,62.67
yes,,27.71226027511516,85.3663927934409,233.32
yes,,27.712361500005454,85.36601454999082,87.43
yes,,27.712115054012763,85.36629391976534,448.04
yes,,27.712062046169873,85.3664161946743,125.84
yes,,27.71219173053557,85.36620019106508,158.41
yes,,27.71192532374633,85.36589236963799,83.72
yes,,27.71239324405188,85.36563457491306,121.36
yes,,27.71239772433372,85.36552627560476,85.02
yes,,27.71240847491727,85.36542776315045,63.02
yes,,27.71233143169516,85.36545096967488,137.24
yes,,27.712253750002578,85.36531014999977,61.05
yes,,27.71216292473105,85.36529584071826,61.83
yes,,27.71216379323597,85.3654174751264,87.61
yes,,27.712178289339235,85.36557016130399,55.12
yes,,27.711821558004797,85.36529177487364,62.64
yes,,27.711922449995875,85.36529359999994,96.17
yes,,27.71183874999186,85.36537754999972,129.55
yes,,27.71186825408999,85.36550037649117,308.83
yes,,27.712551077547783,85.36658850154511,22.26
yes,,27.71260249999955,85.36661599999792,30.12
yes,,27.712636350007276,85.36619250000315,103.36
yes,,27.712693727897392,85.36610830004035,96.06
yes,,27.712574278029777,85.36627667934518,97.69
yes,,27.712662500007497,85.36599730000907,63.83
yes,,27.712536701600648,85.36604918313687,80.25
yes,,27.712757332563392,85.36532331420692,269.46
yes,,27.71256680000938,85.3653524999991,145.03
yes,,27.71258459242355,85.36553937499559,103.91
yes,,27.712406634176144,85.3641689272794,148.36
yes,,27.712509172769675,85.3642444726586,179.89
yes,,27.71222050000157,85.36450174999881,225.66
yes,,27.7119778745538,85.36456806070962,146.27
yes,,27.712053074196625,85.36457991629086,42.38
yes,,27.71189216066968,85.3650186119803,147.16
yes,,27.71201009298764,85.3651516474449,229.69
yes,,27.712234917067327,85.36514019040125,142.3
yes,,27.712752511824597,85.36483907858779,114.21
yes,,27.715077388959006,85.36531684263407,84.65
yes,,27.715138853692117,85.36529270692908,81.95
yes,,27.715004177480274,85.36533477789621,70.08
yes,,27.715111383293806,85.36469434777702,65.35
yes,,27.715117183033403,85.36453438944827,99.87
yes,,27.71594891049865,85.36484863890675,72.37
yes,,27.715946437137386,85.36462793880483,35.06
yes,,27.715875307001973,85.36491060277439,154.35
yes,,27.71221672663894,85.36730451213624,145.48
yes,,27.712291483068878,85.36733090087036,105.84
yes,,27.71234911792347,85.36754497594129,56.77
yes,,27.71228390653905,85.3675295344723,78.21
yes,,27.712425049999936,85.36760679999428,84.26
yes,,27.712381399999256,85.36767884998478,85.88
yes,,27.71246555235141,85.36789300287172,107.63
yes,,27.712499293555823,85.36780481862262,126.57
yes,,27.71266734788181,85.3673726094627,92.3
yes,,27.712645399079168,85.36712389600956,69.78
yes,,27.71261255761188,85.36720072960897,80.85
yes,,27.712572896593294,85.36728216125827,83.44
yes,,27.712525744329152,85.36736293508724,97.76
yes,,27.71251490443964,85.36700625565949,111.52
yes,,27.712926308457774,85.35246843185371,127.35
yes,,27.71499303330084,85.35274082771046,93.79
yes,,27.715009990872094,85.35220756750034,80.28
yes,,27.714872753368244,85.35060900999915,90.07
yes,,27.708205800000133,85.36320899999632,54.62
yes,,27.7119059967136,85.35911807870531,83.02
yes,,27.71179985797204,85.35919653526479,44.67
yes,,27.71086880278816,85.35923727723414,158.47
yes,,27.711904749559594,85.36197191476484,72.44
yes,,27.71245297572866,85.36159572949963,222.88
yes,,27.71222967355272,85.36158287830777,324.53
yes,,27.711992208696106,85.36377629216145,110.71
yes,,27.712400726956673,85.36373483487826,202.29
yes,,27.712633325269863,85.36366361157857,46.38
yes,,27.712591705311358,85.36343829942741,630.55
yes,,27.712261199998412,85.36289530000018,20.58
yes,,27.71224385530421,85.36279005569818,35.58
yes,,27.712396514670488,85.36288508174599,70.74
yes,,27.712366174882188,85.36279189676077,123.49
yes,,27.712193625086336,85.36286111512877,89.73
yes,,27.712234699090622,85.36300944619175,293.76
yes,,27.712260150005026,85.36328464999936,131.0
yes,,27.711935199844056,85.36295054734835,80.65
yes,,27.71206984940619,85.36255227014989,116.44
yes,,27.712611389903337,85.36292910463014,198.99
yes,,27.712629599993477,85.362232699999,126.8
yes,,27.712433925466822,85.36208269547294,103.2
yes,,27.71153811374095,85.3597229105862,56.8
yes,,27.71161799072944,85.35986792690323,97.04
yes,,27.71169707541255,85.3599780469174,95.21
yes,,27.711580150005627,85.35943974999859,146.78
yes,,27.71172720000349,85.35860959999874,40.37
yes,,27.711394426625173,85.35852970995046,59.12
yes,,27.711534050030373,85.35843304997165,142.51
yes,,27.71132165000603,85.35883769999602,31.86
yes,,27.71023439707563,85.35910196746433,16.7
yes,,27.710356422041258,85.35914466671117,66.33
yes,,27.7099166570104,85.3586473029278,212.24
yes,,27.708140034224215,85.36343063378777,82.08
yes,,27.707985880180182,85.36006419039819,33.94
yes,,27.714023590220705,85.3661173241335,127.85
yes,,27.714004655192316,85.36602996813048,82.01
yes,,27.713905278516982,85.36601669428997,103.91
yes,,27.713900478401488,85.3661135886295,63.78
yes,,27.7138149109329,85.36598589707882,43.89
yes,,27.713846074809652,85.3662544103778,112.1
yes,,27.713750050008887,85.3661729500026,107.29
yes,,27.713788159651646,85.36606633141226,66.27
yes,,27.71395593191282,85.36653435604026,120.87
yes,,27.71405412228273,85.36656301432068,71.99
yes,,27.714090499997287,85.36671384999295,125.39
yes,,27.713975452322668,85.3666795207962,129.55
yes,,27.71386427375754,85.36664954171806,154.24
yes,,27.71368095750898,85.36627824639555,62.98
yes,,27.713673520202033,85.36634721752426,62.3
yes,,27.713689449476508,85.36642295173013,57.87
yes,,27.713664214663282,85.3664930899917,127.68
yes,,27.713609600674864,85.36653692716821,33.01
yes,,27.71358914676456,85.36664738840742,48.26
yes,,27.71344838362558,85.3667750597983,113.18
yes,,27.713540861504224,85.36681890897286,44.85
yes,,27.71350120131702,85.36668781282279,120.4
yes,,27.713579607339526,85.36629638023538,17.25
yes,,27.71359955000424,85.36604564999715,68.84
yes,,27.713728950002206,85.36587904999683,46.49
yes,,27.71357232913447,85.36590499032978,18.02
yes,,27.713496262468176,85.36593036806383,85.59
yes,,27.713558950002966,85.36609429999363,48.63
yes,,27.71342485000885,85.3661940999859,102.34
yes,,27.71330337447264,85.3662964556148,244.38
yes,,27.71322960579531,85.36635683964985,346.92
yes,,27.713097114354056,85.36615953866794,195.72
yes,,27.713103277413893,85.36650982454255,134.56
yes,,27.713016878375562,85.3665895068456,34.81
yes,,27.7129220022121,85.3665098567574,176.31
yes,,27.712849299641693,85.36658465040567,84.16
yes,,27.712863632860262,85.36664650360254,78.72
yes,,27.712855264536614,85.3664622359943,105.79
yes,,27.712777549963747,85.36640376634041,166.61
yes,,27.712846355387477,85.36618703415628,190.62
yes,,27.71296110000967,85.36575490000116,78.0
yes,,27.714155604429468,85.36634512594345,32.2
yes,,27.71417119999635,85.36643144999917,46.66
yes,,27.71420795000203,85.36632514999987,29.91
yes,,27.714172530290963,85.36622978298682,95.09
yes,,27.714158718597567,85.36612908753222,121.05
yes,,27.71410280000541,85.36599139999959,104.9
yes,,27.714453415887743,85.36571696576186,100.17
yes,,27.71437289480771,85.3658280814503,180.15
yes,,27.7141913361833,85.36589802904406,135.2
yes,,27.714046450004382,85.36568444999888,45.98
yes,,27.714200190266983,85.365707893577,71.32
yes,,27.714020396926248,85.36590707511651,31.03
yes,,27.71393362604376,85.36591336709972,130.09
yes,,27.71396309285145,85.36576797430179,110.97
yes,,27.7137846248388,85.36577112883259,81.69
yes,,27.71405289999154,85.36643799999119,61.54
yes,,27.714062927742134,85.3662958483881,219.63
yes,,27.71398489448283,85.36621904851344,33.23
yes,,27.713742022530802,85.36741379573861,31.53
yes,,27.713634849996748,85.36691969998859,78.55
yes,,27.713650106538555,85.36701395167896,80.3
yes,,27.711805893358058,85.35214693942993,66.82
yes,,27.71328313960228,85.36763232740364,81.22
yes,,27.71327409314445,85.36773772914047,173.49
yes,,27.713370446738793,85.36797551438377,94.43
yes,,27.713208000005746,85.36787979999944,101.18
yes,,27.71333618307154,85.36724642034126,57.05
yes,,27.71328965001785,85.36719870001363,87.01
yes,,27.71319057769166,85.36750254423669,110.54
yes,,27.71323414845861,85.36737811795071,174.56
yes,,27.713110280364212,85.36785457633694,103.12
yes,,27.713027718035857,85.3678696557173,23.47
yes,,27.712927750002855,85.36703465000035,111.43
yes,,27.712921526043328,85.36692131040473,130.7
yes,,27.71298140047172,85.36770740187092,104.47
yes,,27.713054791361746,85.36757175066933,95.04
yes,,27.713027466752852,85.36743781620392,97.27
yes,,27.7127664801781,85.3672804410632,312.58
yes,,27.71275219570506,85.36742086119509,89.91
yes,,27.7127938837719,85.36782569906173,60.59
yes,,27.71276513095978,85.36761964309505,69.93
yes,,27.712849632919653,85.3674947041198,77.07
yes,,27.71279115451983,85.36685298678218,42.31
yes,,27.712804923523475,85.36709561401153,208.98
yes,,27.713205503743286,85.3669760365631,217.77
yes,,27.71318602889153,85.3668596644158,167.44
yes,,27.713111662974754,85.36675972316573,26.9
yes,,27.713787512687738,85.36703944445907,119.58
yes,,27.713805268137158,85.36694240233665,93.68
yes,,27.713860800004603,85.36731539999923,95.39
yes,,27.71390099424714,85.36722038171031,149.59
yes,,27.714009619126433,85.3673159067423,104.37
yes,,27.714020227383294,85.367228943741,82.17
yes,,27.714065150019636,85.36709340000623,107.76
yes,,27.714058450036287,85.3668942252079,251.45
yes,,27.713517300008988,85.36788670000202,78.03
yes,,27.71345260379296,85.36799602888527,61.1
yes,,27.713289750000367,85.36848814999959,18.42
yes,,27.71359034377378,85.3675574544978,136.99
yes,,27.71359649105591,85.3676447318092,81.9
yes,,27.713369500004475,85.36754759999579,110.13
yes,,27.71367413638179,85.3678229399489,132.74
yes,,27.71351379999313,85.3681420499947,62.87
yes,,27.71366406298866,85.36816626276645,117.75
yes,,27.71360249051956,85.36821858917843,188.1
yes,,27.713553049988914,85.36860074998528,70.17
yes,,27.713533600001526,85.36737939999946,32.35
yes,,27.71353328887335,85.36745970827867,100.91
yes,,27.713456807607432,85.36741615056383,150.84
yes,,27.713444116966805,85.36715833521743,72.53
yes,,27.713502484343465,85.34960954221502,30.91
yes,,27.714489018852376,85.34892069504001,89.37
yes,,27.714408003908776,85.3489461265245,24.57
yes,,27.713842652494595,85.34949133148675,55.27
yes,,27.71378566738567,85.34945065690916,51.7
yes,,27.71347992240908,85.35004635453829,83.54
yes,,27.7136378321293,85.34981914585396,32.26
yes,,27.713673454566344,85.34991527920303,53.4
yes,,27.713551050036678,85.34975338416011,29.31
yes,,27.71489996658024,85.34903173163029,148.85
yes,,27.714667981812063,85.34877982323646,50.49
yes,,27.71472314224434,85.34872537434299,18.91
yes,,27.714832272810938,85.34870250249308,107.12
yes,,27.714788349700477,85.34866540002926,0.11
yes,,27.714879937844717,85.34864592247453,49.62
yes,,27.713995742549315,85.34930256965212,103.03
yes,,27.714242297524823,85.34905915009377,16.05
yes,,27.714717950001063,85.36630339999897,104.51
yes,,27.714603793842706,85.36627180998212,80.32
yes,,27.714750300549913,85.36612590237279,115.93
yes,,27.71502149314927,85.36589898381948,97.82
yes,,27.714985493001382,85.36578750907066,83.25
yes,,27.714988532273576,85.36565638737818,19.69
yes,,27.714982605851517,85.3655902966189,33.96
yes,,27.71492568247051,85.36564312161376,75.61
yes,,27.714863576227252,85.36568609050363,69.54
yes,,27.71486886353754,85.3658284595666,114.96
yes,,27.714891587929586,85.36591054509671,80.83
yes,,27.714759750008486,85.36571794999499,91.29
yes,,27.714130364331798,85.36741896741854,34.78
yes,,27.714149630492013,85.36752712964064,85.77
yes,,27.714225333551706,85.36745470664658,122.7
yes,,27.714149372118605,85.36713944788697,79.58
yes,,27.71424447853233,85.36707121792105,168.6
yes,,27.714291166818516,85.36696146628664,116.69
yes,,27.71430455513728,85.36686021609589,87.56
yes,,27.714207871052384,85.36693751414978,98.05
yes,,27.714471850002546,85.36680864999842,79.95
yes,,27.7143446420431,85.36675637891639,126.25
yes,,27.714372813657764,85.36663557611158,74.25
yes,,27.71423716012282,85.36673185609364,131.74
yes,,27.714376439475988,85.3665618740126,96.36
yes,,27.714536549978856,85.36571948328913,83.4
yes,,27.71458604302707,85.36583168198486,35.84
yes,,27.714538499986432,85.36604205004144,219.5
yes,,27.71435222989864,85.36607651391502,83.39
yes,,27.714421449996777,85.36642870000121,210.59
yes,,27.714304900009505,85.36643149999888,109.21
yes,,27.714862950005337,85.36738749999594,75.2
yes,,27.714756184239842,85.367387745878,148.05
yes,,27.71471606008615,85.36720189938531,69.61
yes,,27.714462374412392,85.36718820251133,110.51
yes,,27.714565950005642,85.36700629999964,92.75
yes,,27.714878735453773,85.36674093502724,73.39
yes,,27.714859466225985,85.3670238527453,83.26
yes,,27.714967382325923,85.36674395089284,74.06
yes,,27.714888450370704,85.3668801832575,108.52
yes,,27.71489062895755,85.36665244523914,124.14
yes,,27.714732348174692,85.36674195264776,213.36
yes,,27.714752051396314,85.36662274836485,130.2
yes,,27.714558267407078,85.36679811725871,65.27
yes,,27.71465405648508,85.3668518668486,173.01
yes,,27.714576385282367,85.36638212037317,84.99
yes,,27.714665134758295,85.36638708887597,83.39
yes,,27.714834900545963,85.36645347254503,118.69
yes,,27.714845980864563,85.3663224774539,100.88
yes,,27.714883199999818,85.36608595000017,88.73
yes,,27.71500228757773,85.36607166388792,126.88
yes,,27.713935515017354,85.36756886753362,164.17
yes,,27.713460675983466,85.36655583982446,98.34
yes,,27.713488564309284,85.36648216381462,139.59
yes,,27.714553243014134,85.36791608462693,54.45
yes,,27.714975377309088,85.36847538811107,99.35
yes,,27.714777407056225,85.36854810162812,89.79
yes,,27.71476767106283,85.36843432323829,92.48
yes,,27.71488971136084,85.36843953110848,127.22
yes,,27.714387656057962,85.36861064121138,70.34
yes,,27.714415781791793,85.36852979201026,56.57
yes,,27.714582271080502,85.36848448356506,97.64
yes,,27.714666279084234,85.36855156624736,77.93
yes,,27.714647892463955,85.3686578890347,75.46
yes,,27.71455970000426,85.3685859999798,120.07
yes,,27.71494005293819,85.36828929283266,116.21
yes,,27.715002100003186,85.36824144999665,71.77
yes,,27.714946545617828,85.36818306551218,86.51
yes,,27.714941250266246,85.36805710970981,45.57
yes,,27.714894503131937,85.36812205050656,55.04
yes,,27.714825530607456,85.36820324179698,150.96
yes,,27.714367950000995,85.36791149999907,33.28
yes,,27.714400665986016,85.36802003527657,132.61
yes,,27.715001950008304,85.36777034998246,106.02
yes,,27.71485555033324,85.36771259947284,73.66
yes,,27.714924000471797,85.36766775357943,80.19
yes,,27.71498561627164,85.36759495221548,94.31
yes,,27.715033546915517,85.36744653385503,118.73
yes,,27.71470475000768,85.36817710000221,106.14
yes,,27.71109464440527,85.36874702648855,24.56
yes,,27.709587250001587,85.3640956499983,33.49
yes,,27.70864935000022,85.36686579999983,9.36
yes,,27.70863309999788,85.36663399998599,116.33
yes,,27.708721018817453,85.36670296242119,114.91
yes,,27.714293730495033,85.34999243245363,101.03
yes,,27.714264688922203,85.34954078103003,107.75
yes,,27.714345164678658,85.3495878965039,141.75
yes,,27.714353698226848,85.34942006754497,81.31
yes,,27.71441949434456,85.34945871331848,110.43
yes,,27.71459020918432,85.34945289706265,141.46
yes,,27.71451073911038,85.34937941378533,110.15
yes,,27.714434438392125,85.34932019225421,124.03
yes,,27.71474686562605,85.34950248828382,96.71
yes,,27.714684264329293,85.34947983057455,60.17
yes,,27.71461568143915,85.34930573893823,85.08
yes,,27.714695495360132,85.34934434951883,134.54
yes,,27.71458697143208,85.34903816216315,169.53
yes,,27.714684781698903,85.34911369694973,114.98
yes,,27.714742388918992,85.34883887570929,115.48
yes,,27.714828055089207,85.34886370769624,173.74
yes,,27.714910055993887,85.34875352381792,64.91
yes,,27.712128283018792,85.36694144751915,13.73
yes,,27.71201850579967,85.36695668491468,23.91
yes,,27.711847655266507,85.3668331555905,91.65
yes,,27.711793470856087,85.36685511404616,45.8
yes,,27.711758450002634,85.36696640000824,52.29
yes,,27.711845629929883,85.36699991847415,86.57
yes,,27.712210565858037,85.36696202877974,263.49
yes,,27.712145101110096,85.36708037317793,50.9
yes,,27.711728825401313,85.36717106851657,106.52
yes,,27.711848590697265,85.36963977170163,73.74
yes,,27.711711766051973,85.36966905180957,110.12
yes,,27.711861549486457,85.36971377935652,61.89
yes,,27.711773933149754,85.36999500466992,91.13
yes,,27.711615701834255,85.3699136937245,200.03
yes,,27.711529507170116,85.36983056515213,199.65
yes,,27.711568866104624,85.36973817524704,50.85
yes,,27.711573071303363,85.36965634021084,80.12
yes,,27.711570460797873,85.3703262502095,73.67
yes,,27.711843120280058,85.37036469092685,76.75
yes,,27.71196910088225,85.37034312048742,69.43
yes,,27.712049650008552,85.37002689999946,86.68
yes,,27.712023109079652,85.36987457656612,167.81
yes,,27.71217245682652,85.36971782102297,100.18
yes,,27.71216562457467,85.36980700799454,72.46
yes,,27.712028569251384,85.36974407600403,97.59
yes,,27.71204147730206,85.36964439265299,113.8
yes,,27.711932088670103,85.36948013280973,66.18
yes,,27.712259546424825,85.3695433212998,109.55
yes,,27.71211232401213,85.36943292375908,96.32
yes,,27.712082236803294,85.36949964710855,58.72
yes,,27.712085368428014,85.36925378584941,116.85
yes,,27.711916466544686,85.36939574825988,106.42
yes,,27.711829000013324,85.36948684999632,102.64
yes,,27.711655188672548,85.36923459788262,49.26
yes,,27.7114937000025,85.36943655000007,60.82
yes,,27.711605839715936,85.36939542558464,89.04
yes,,27.712274200000785,85.36881554999995,20.28
yes,,27.71513310169951,85.34964034057938,50.19
yes,,27.71515136091623,85.34953303332345,65.23
yes,,27.714876958758033,85.34990391958321,68.93
yes,,27.71483230879264,85.34997916900771,161.03
yes,,27.714729473634208,85.34993249331289,108.15
yes,,27.7146405271176,85.34975693543747,64.22
yes,,27.714416949930854,85.34904777490254,131.43
yes,,27.714524284464982,85.3491268010114,22.09
yes,,27.71518307877445,85.348459278942,36.38
yes,,27.714837359388493,85.34946282651653,116.59
yes,,27.71511954106558,85.3500435254701,95.36
yes,,27.71502398510643,85.34969757008187,126.88
yes,,27.71510911569392,85.34972224355845,77.39
yes,,27.715105176476484,85.34979937315515,69.84
yes,,27.715105395926848,85.34986959956436,70.76
yes,,27.715105579750144,85.3499400066244,69.8
yes,,27.715012417953787,85.34983544418327,144.77
yes,,27.715004141124506,85.34994152516532,59.1
yes,,27.715019589033975,85.34954167400763,124.9
yes,,27.715081480384185,85.34951923282281,44.21
yes,,27.715146228554637,85.34944651320629,77.74
yes,,27.71505296554599,85.34940200519422,87.55
yes,,27.715058850002617,85.34933199999978,44.62
yes,,27.715014448563526,85.34924069031226,39.54
yes,,27.715018774658027,85.349169813263,32.11
yes,,27.71510060000783,85.34916549999976,29.38
yes,,27.71506282493735,85.34908690661285,68.51
yes,,27.715055714281817,85.34898945496586,136.8
yes,,27.715061790852868,85.34889534163892,166.12
yes,,27.715060797859753,85.34878837677799,220.14
yes,,27.715058816523168,85.34869052229767,136.74
yes,,27.71508909166387,85.34857022450936,127.84
yes,,27.714999044916514,85.34860951549227,79.74
yes,,27.715012830956063,85.3485507639511,36.13
yes,,27.728744060941818,85.37466205699211,49.12
yes,,27.72879450084479,85.37465778018614,0.21
yes,,27.727549050134854,85.37454491668329,63.11
yes,,27.7274403991544,85.37453941422241,57.54
yes,,27.727563939362334,85.37442196056833,117.74
yes,,27.72754203898632,85.37423310541371,153.83
yes,,27.72757097652045,85.3743175529792,112.16
yes,,27.727664146752637,85.37440617989026,127.92
yes,,27.732842500009436,85.36391174999649,127.07
yes,,27.73174893936159,85.36632036820406,157.96
yes,,27.73182850105125,85.36627827281913,109.6
yes,,27.731889874005663,85.36623574900796,107.46
yes,,27.731981681034434,85.36624803919612,176.3
yes,,27.73205689300913,85.36618387402591,118.36
yes,,27.732986151905692,85.36610461854187,105.07
yes,,27.733054236264813,85.3661803399976,96.55
yes,,27.73030564452123,85.36448800943707,85.62
yes,,27.731551102298692,85.36389006744608,27.48
yes,,27.733259347930023,85.36557181637514,41.37
yes,,27.733295851310633,85.36560845024064,62.67
yes,,27.733171413415054,85.36447112640371,94.2
yes,,27.733248510101166,85.36432699998852,95.03
yes,,27.733108175819282,85.36429830836246,49.32
yes,,27.73316128442247,85.3643812762705,132.06
yes,,27.73093325849776,85.37051387563083,149.05
yes,,27.73116202839516,85.36940126724582,110.78
yes,,27.731234139511717,85.36947468723555,100.02
yes,,27.73022867809815,85.37095161880842,94.25
yes,,27.730377960528624,85.37105212320438,135.05
yes,,27.730464445773123,85.37111469711091,158.74
yes,,27.73056231748978,85.37137890280506,148.82
yes,,27.731584294193365,85.37170620296347,113.98
yes,,27.73167030723282,85.37170514322824,114.56
yes,,27.731741613253323,85.37168735307593,44.84
yes,,27.731538272614007,85.37182391332502,107.54
yes,,27.73094407910644,85.3701693021977,78.89
yes,,27.730981799779766,85.3700764537266,134.08
yes,,27.731077212801907,85.3700859552342,102.76
yes,,27.72820737789519,85.36132130937251,77.16
yes,,27.728267432918482,85.36131640601118,66.28
yes,,27.72805206876504,85.36134438521424,82.02
yes,,27.727348350000096,85.36268464999822,107.15
yes,,27.72736091786818,85.36259976954061,111.77
yes,,27.728028281577842,85.36371470470755,57.11
yes,,27.72844164245464,85.36324016837905,101.37
yes,,27.728483754033086,85.36289729240748,69.8
yes,,27.72851867019708,85.36295373792471,52.95
yes,,27.728442703409172,85.36254461469066,47.08
yes,,27.727277057480574,85.35361592633892,98.45
yes,,27.724988869640757,85.35284460414971,167.43
yes,,27.726140540311903,85.35295125476192,73.2
yes,,27.72609905748213,85.35291367329661,75.97
yes,,27.726425919275187,85.35528663827661,53.84
yes,,27.726806956192437,85.35547540503855,80.61
yes,,27.727195482213833,85.3551676964614,154.26
yes,,27.72706451133011,85.35280780762928,177.71
yes,,27.72704591177375,85.35289672932593,81.0
yes,,27.726114200004385,85.35346285000237,59.61
yes,,27.72615745054775,85.353397049561,57.35
yes,,27.72609811727709,85.35382537637587,99.47
yes,,27.72465789427967,85.34956455164627,118.25
yes,,27.724746767931364,85.34959388869025,140.7
yes,,27.725029892706477,85.34963470248745,118.9
yes,,27.724537611206255,85.35098782087925,35.63
yes,,27.724476772535837,85.35069789665714,110.15
yes,,27.724383534013036,85.35071266700285,105.97
yes,,27.725098495429748,85.35068536973502,53.72
yes,,27.724851884957317,85.35051495593476,149.75
yes,,27.724893133831362,85.35062472753638,126.74
yes,,27.724946899405044,85.35051628499731,100.92
yes,,27.72500404978606,85.3507598347712,144.23
yes,,27.725124366580438,85.35142584659663,40.13
yes,,27.725097141662165,85.35146459886444,54.35
yes,,27.726755025144367,85.35090679895971,53.91
yes,,27.726836791718764,85.35089625445933,85.55
yes,,27.72665554075474,85.35094480423676,98.09
yes,,27.726778372819737,85.35107210119659,170.25
yes,,27.726462417146262,85.35277810878792,54.94
yes,,27.726628749827576,85.35264874835443,79.17
yes,,27.726562401220068,85.35279223447857,58.08
yes,,27.726603379050655,85.35276503630627,70.29
yes,,27.726433692008282,85.3525870156184,107.81
yes,,27.72633243209157,85.35264798582413,81.74
yes,,27.72634109944051,85.35257758799592,68.28
yes,,27.72640475494729,85.35272196278558,83.81
yes,,27.726347023487865,85.35276704160246,71.43
yes,,27.726288802383017,85.35271783412757,45.51
yes,,27.726217001708683,85.35266464840686,124.42
yes,,27.726155050002806,85.35279019998619,86.3
yes,,27.726237650008237,85.35251745000328,94.27
yes,,27.7262723088673,85.3524417245588,58.45
yes,,27.726426874373683,85.35232016290281,116.79
yes,,27.72652547217796,85.35238882694762,120.72
yes,,27.726546441181394,85.35228358357965,101.94
yes,,27.726546522202845,85.35250188923528,74.18
yes,,27.724715035390073,85.35237935162928,272.55
yes,,27.72463372070488,85.35230235903893,73.62
yes,,27.724474100013428,85.35054339999581,134.02
yes,,27.712596983943303,85.35255260365959,193.72
yes,,27.727200405510807,85.35953480614528,111.36
yes,,27.727157201255324,85.35942563475541,109.19
yes,,27.72724408835874,85.35944394198093,100.42
yes,,27.72726765000581,85.35926374999988,57.9
yes,,27.726543992031885,85.35852720166129,39.44
yes,,27.726394977570298,85.35829329000484,157.02
yes,,27.726916446411998,85.35868008218637,66.53
yes,,27.72689850146613,85.3585566246436,199.82
yes,,27.72721724430306,85.35864178489294,125.13
yes,,27.72719169383596,85.35853412515263,158.85
yes,,27.726676924711242,85.36021236038425,77.78
yes,,27.72646577162534,85.35984552400801,127.19
yes,,27.726075814264522,85.35974546631654,141.59
yes,,27.725256949624494,85.35882896676559,32.91
yes,,27.72598760000351,85.36426184999983,54.98
yes,,27.724909944593595,85.36562913889418,97.84
yes,,27.724956196066415,85.36553494270646,204.25
yes,,27.72485341505829,85.36489761315654,130.3
yes,,27.724829905298105,85.36450396043007,183.83
yes,,27.727138647496965,85.36744107189409,106.98
yes,,27.727244090739283,85.36745643076205,163.25
yes,,27.727253760223814,85.36758421853442,178.42
yes,,27.727157245559418,85.36774281503256,176.79
yes,,27.7272939775452,85.36798029284991,234.84
yes,,27.72721209999382,85.36826944999687,110.21
yes,,27.727252250003232,85.36851899999759,144.31
yes,,27.727136094426534,85.36837777998423,124.54
yes,,27.724935380531655,85.3692556861927,250.07
yes,,27.72487506084643,85.3689226806819,105.18
yes,,27.7250185225906,85.36907077203844,66.92
yes,,27.724936876686826,85.36870084125746,272.52
yes,,27.725677150000642,85.36873149999572,37.23
yes,,27.725894883238908,85.36915174879202,76.57
yes,,27.726015573840463,85.36818913761381,67.95
yes,,27.725947650010173,85.36809899997336,163.58
yes,,27.725775650001818,85.36762350000035,26.78
yes,,27.72573468495853,85.36764956164674,54.49
yes,,27.725704964196556,85.36768509487699,66.18
yes,,27.726634654782234,85.36762178456716,55.21
yes,,27.726739950004173,85.36743809999622,75.83
yes,,27.726421952767637,85.36691664053379,158.55
yes,,27.726291799555394,85.36662821675594,135.43
yes,,27.726208042365126,85.3666780139976,57.29
yes,,27.723794209802307,85.37229706751091,70.46
yes,,27.722829948518008,85.37382986545289,88.0
yes,,27.72256516079911,85.37364841965689,63.32
yes,,27.722946450016952,85.37165049996953,486.2
yes,,27.72209009182459,85.3714619544188,92.93
yes,,27.722167381540327,85.37145009148207,112.09
yes,,27.72223534441557,85.37149966979361,89.48
yes,,27.72241254928017,85.37064115958705,152.04
yes,,27.72242095001192,85.37048535000095,88.95
yes,,27.722186887713328,85.3701700504554,292.05
yes,,27.7220963999884,85.36936395000089,197.86
yes,,27.723983695983453,85.37196625153679,109.09
yes,,27.724483818215994,85.36627221470286,85.12
yes,,27.724848192277225,85.36539122445141,72.75
yes,,27.722588764411977,85.36381417949305,173.16
yes,,27.72268401404262,85.36401156534798,397.98
yes,,27.722482671594722,85.36892525844647,66.72
yes,,27.72324802839409,85.3692299081396,110.59
yes,,27.724122540366867,85.3665920727428,105.83
yes,,27.724219792119978,85.36650157744074,96.39
yes,,27.724267700027614,85.36649604999357,91.67
yes,,27.724453823918626,85.366005087703,174.03
yes,,27.723640132976826,85.36379454796203,128.15
yes,,27.724500764768504,85.36866784896951,127.55
yes,,27.72484462278062,85.36607444288182,32.34
yes,,27.724805088242057,85.36600208905382,57.3
yes,,27.724830878610454,85.36571314671778,84.41
yes,,27.722950400039355,85.36625120001597,88.59
yes,,27.722981252440295,85.36608187798264,64.54
yes,,27.723089685391407,85.36644778502226,159.72
yes,,27.723076441108955,85.36654959580173,124.38
yes,,27.72323658204912,85.36657590472245,244.48
yes,,27.72449524878329,85.369234806297,193.77
yes,,27.724839584950885,85.36907488267514,118.1
yes,,27.724839957085063,85.36742767881289,121.09
yes,,27.722214618822377,85.34723972683436,86.59
yes,,27.72093720000093,85.34717089999667,78.93
yes,,27.722419006365353,85.35339654574251,125.73
yes,,27.72245635214991,85.35332655978043,84.53
yes,,27.72426595907838,85.35420910636668,142.69
yes,,27.723578962164662,85.35458582869316,95.3
yes,,27.723631437499268,85.3546180019747,97.99
yes,,27.72442045385043,85.35519495852189,117.31
yes,,27.724389462616216,85.35509343375999,105.15
yes,,27.723721711289578,85.35128456537561,91.7
yes,,27.723800061589294,85.3513716149245,164.47
yes,,27.723521381604137,85.35176173689905,128.28
yes,,27.723654860182492,85.35168060629768,198.87
yes,,27.722817238098706,85.3518542883421,141.22
yes,,27.72275559348859,85.35189553438379,121.7
yes,,27.723570332193304,85.35521181030848,81.22
yes,,27.72436275000359,85.35390754999506,43.27
yes,,27.72424728886541,85.35380456698722,56.88
yes,,27.72403731859986,85.35332321250395,117.47
yes,,27.723642924427438,85.35372295978136,125.74
yes,,27.72424279571909,85.35472494631048,111.23
yes,,27.724316234251287,85.35484412565842,73.56
yes,,27.724224773317196,85.35493794844268,90.22
yes,,27.724334810385056,85.35491795587673,106.06
yes,,27.724236938357123,85.35502379838951,96.37
yes,,27.724353003547606,85.35500218497099,143.76
yes,,27.724284759085315,85.35511259348836,131.27
yes,,27.724314497056003,85.35521296845317,132.54
yes,,27.72433937439418,85.35531350673223,119.52
yes,,27.724439676758568,85.35529782763466,110.68
yes,,27.724361336150064,85.35543028847246,136.05
yes,,27.723625870151448,85.35447610948984,76.74
yes,,27.72408691291579,85.35374304790165,104.04
yes,,27.72468141718785,85.35429259675409,163.42
yes,,27.724804315666617,85.35394410931117,113.45
yes,,27.72474068024684,85.35311789218417,118.24
yes,,27.724219642593678,85.35244020960978,86.0
yes,,27.72299307216635,85.3520313056759,54.67
yes,,27.72312300987318,85.35189042597949,83.25
yes,,27.723230081564594,85.35196018009235,85.89
yes,,27.72331082469207,85.35205336063882,73.86
yes,,27.723310879830294,85.35195254178302,70.63
yes,,27.723256450010737,85.35217435000554,84.69
yes,,27.723213754926245,85.35229171662596,97.19
yes,,27.723116111381028,85.35104198735684,69.09
yes,,27.72277182757809,85.3508916879845,64.0
yes,,27.722637005965066,85.3508862093893,133.71
yes,,27.723283674299296,85.35284938297673,119.41
yes,,27.723888300952503,85.35276713653204,147.76
yes,,27.71767895187642,85.36383208165311,74.44
yes,,27.71799195000891,85.36480724999225,180.07
yes,,27.71807209783175,85.36486189493934,85.18
yes,,27.71860670676856,85.36478550693691,179.52
yes,,27.71869518046821,85.36481470792235,89.06
yes,,27.7178127183709,85.36489000928614,102.97
yes,,27.71789647471277,85.36492495719062,147.78
yes,,27.720030547013213,85.36416719937272,74.71
yes,,27.72008205000452,85.36422294999737,91.67
yes,,27.71742710000637,85.36716250000241,61.47
yes,,27.71750540291299,85.36704801504777,61.05
yes,,27.715054250002666,85.3663109999999,101.01
yes,,27.716520289115,85.36654761561569,97.85
yes,,27.715195962814953,85.36592146917265,52.65
yes,,27.71512550215654,85.3659598777821,40.0
yes,,27.715125582488184,85.36558615713454,65.57
yes,,27.715055594021088,85.36559425043407,65.7
yes,,27.715043850009828,85.36576784999636,85.91
yes,,27.71503266205401,85.36596922158628,32.72
yes,,27.71539090532591,85.36678907795925,83.26
yes,,27.715365450004708,85.3669063000001,66.21
yes,,27.716752330696504,85.36695400338273,56.0
yes,,27.71695147420526,85.3669441577007,85.75
yes,,27.717057177713272,85.36721051276736,103.83
yes,,27.71717943332741,85.36678114800831,40.83
yes,,27.720022100003106,85.36236900000063,39.58
yes,,27.720068247270667,85.363711091026,182.28
yes,,27.720171867439152,85.36363175343381,314.27
yes,,27.712693900008574,85.36111649999937,94.93
yes,,27.71270119999724,85.36101340000009,38.25
yes,,27.71270334839801,85.36141920759358,97.57
yes,,27.712778777748778,85.3616643893505,179.32
yes,,27.71266084999802,85.36185389999955,83.61
yes,,27.712273651441993,85.36257017483088,270.17
yes,,27.712360403616405,85.36263683583157,103.55
yes,,27.712406523361732,85.36249823220736,189.16
yes,,27.711670650002116,85.36075150000171,26.37
yes,,27.71169640776549,85.36070888828885,25.52
yes,,27.71171498794137,85.36067459540095,28.76
yes,,27.711639357743064,85.35979399235644,28.8
yes,,27.711733773153668,85.35976368455218,95.91
yes,,27.711400792917942,85.358297820917,29.6
yes,,27.711351443043476,85.35833454632349,39.99
yes,,27.711287665840665,85.35846989433477,88.82
yes,,27.711311950912123,85.35854767066529,107.35
yes,,27.710337972170734,85.35831967681519,112.47
yes,,27.710019393670656,85.3585471707567,34.59
yes,,27.709934467140886,85.35843387062165,119.38
yes,,27.709915943926386,85.35836117535739,75.83
yes,,27.71460112648125,85.36615644960969,101.92
yes,,27.715000683649567,85.36617883301147,126.42
yes,,27.71476480806216,85.36621707425243,52.76
yes,,27.714870583005982,85.36558094205515,57.43
yes,,27.714304050008508,85.36563649999265,99.73
yes,,27.712927592200423,85.3671487746563,148.75
yes,,27.714584688693215,85.3674136227346,65.12
yes,,27.714763453449127,85.36692221597059,56.04
yes,,27.71480754824646,85.36697148404656,73.36
yes,,27.714417009438723,85.36619726873931,95.34
yes,,27.714413418984805,85.36627737870701,97.72
yes,,27.714312886458597,85.36624488791902,132.55
yes,,27.713495220754528,85.36777350427128,104.21
yes,,27.71343809574716,85.36763407128694,67.2
yes,,27.71330270000483,85.36792100000076,51.12
yes,,27.71331727687954,85.3678297421229,63.89
yes,,27.71472774637303,85.36807427713782,121.35
yes,,27.714791093563093,85.36802487381979,117.28
yes,,27.71482736725028,85.36795361631977,75.11
yes,,27.714848222504394,85.36789138374016,61.21
yes,,27.714985343929325,85.36799160353092,64.32
yes,,27.71357839824631,85.36674218774253,108.9
yes,,27.712433552178222,85.36749908133683,54.97
yes,,27.712439025345848,85.3686812393259,107.86
yes,,27.712518856534402,85.36852178073832,75.75
yes,,27.71214159350539,85.36792458404689,94.03
yes,,27.711988904902245,85.36789034330657,79.81
yes,,27.712433716384034,85.3673439829858,80.17
yes,,27.71234160000441,85.36627159999738,73.38
yes,,27.712206251160204,85.36678283658244,34.82
yes,,27.711851917065758,85.36640353597629,216.62
yes,,27.711790899061164,85.36631139998282,211.42
yes,,27.71190950479749,85.36675966362095,77.61
yes,,27.71198018778504,85.36683810846183,122.0
yes,,27.724280610826632,85.35756145024271,98.25
yes,,27.724332510792877,85.35743704964092,138.83
yes,,27.723821703378455,85.35654793222609,168.44
yes,,27.722868437475377,85.35595905253214,70.13
yes,,27.72383921026972,85.35588556388998,67.63
yes,,27.72358026605843,85.35565200644595,45.4
yes,,27.724697849429965,85.35576900512078,117.28
yes,,27.724768108666147,85.35593338722245,51.11
yes,,27.722706121313454,85.36055120232373,130.84
yes,,27.724813496044675,85.35938339898533,109.52
yes,,27.72414987926224,85.35919184124324,176.6
yes,,27.724133150025025,85.35963785000061,383.16
yes,,27.72359370000364,85.35969729999435,58.36
yes,,27.72251966477656,85.35958732961099,32.81
yes,,27.722648729457745,85.35882342363517,167.31
yes,,27.724610700005655,85.35901104999296,167.31
yes,,27.72340258955464,85.3602804336714,133.75
yes,,27.723603580978494,85.36015849286575,33.82
yes,,27.723627453279416,85.3600972835741,69.33
yes,,27.723678981823323,85.35998861469099,79.9
yes,,27.723777408728118,85.35971242022318,67.8
yes,,27.722582566973482,85.36058090241605,135.55
yes,,27.722456279933667,85.36056149150227,165.76
yes,,27.72264504938536,85.36099214772128,138.95
yes,,27.722473215509957,85.36086334195979,153.47
yes,,27.722570447939837,85.36094189954481,89.31
yes,,27.72299432793462,85.36097011742325,43.09
yes,,27.72310586682444,85.36088315279052,187.75
yes,,27.723128948396862,85.36073993859522,105.59
yes,,27.72321524265936,85.36081799787884,110.11
yes,,27.72323159799896,85.36074391715847,75.1
yes,,27.723442421601543,85.36093776386589,61.89
yes,,27.723422006870468,85.36079093116315,160.81
yes,,27.723192786313295,85.36063419394004,226.01
yes,,27.722739394911844,85.36012322081118,22.09
yes,,27.722894511570896,85.35873575112055,187.72
yes,,27.722534777310674,85.35844565271087,167.1
yes,,27.722641286599334,85.35852152726908,200.59
yes,,27.722452950006907,85.3586424500004,54.19
yes,,27.72243316435351,85.3595690858906,85.57
yes,,27.722458850002155,85.35935394999554,68.87
yes,,27.72263794808593,85.35930924051154,191.52
yes,,27.722885415959468,85.35985838554157,221.41
yes,,27.72244562807172,85.36020133833242,141.65
yes,,27.722463247985303,85.36008392414043,115.21
yes,,27.722945649486746,85.36088380092508,133.26
yes,,27.723043481917696,85.36051083102872,94.71
yes,,27.7229175695903,85.36051654496227,125.14
yes,,27.723177176950685,85.3604798554148,56.47
yes,,27.723382075213745,85.36058646305771,152.42
yes,,27.723482178489316,85.36017319362175,192.37
yes,,27.723316850003435,85.3601301999893,212.32
yes,,27.715241991290487,85.36263913632425,303.06
yes,,27.71515040820829,85.36276376687823,238.07
yes,,27.715141779072702,85.36316394137714,78.79
yes,,27.715250109906638,85.36365507382251,139.95
yes,,27.715577630875096,85.36374187087,42.85
yes,,27.716505880596088,85.3637371217891,553.19
yes,,27.71538486993234,85.36165498404186,82.31
yes,,27.717441229315,85.36477226576172,130.04
yes,,27.718572539176908,85.3595593066972,84.98
yes,,27.71757285034814,85.36065746512747,196.4
yes,,27.717885824923645,85.36101215624349,109.88
yes,,27.717947850005,85.35925675000676,90.64
yes,,27.718299308575602,85.35828287924714,130.64
yes,,27.72006806941449,85.35910874835453,297.7
yes,,27.71998265328373,85.35895565561944,76.42
yes,,27.71996947129783,85.35887787341474,88.57
yes,,27.719806077699918,85.3585360360706,12.7
yes,,27.719789665610374,85.35843483059575,17.32
yes,,27.71988450882936,85.35836707684635,104.38
yes,,27.71989967187969,85.35828712374801,318.35
yes,,27.719585964502205,85.35823340320685,48.43
yes,,27.718683066615803,85.35724774168388,103.77
yes,,27.723925680511474,85.36365755448537,265.57
yes,,27.72314062062089,85.36292758639125,120.08
yes,,27.723265130676044,85.36340116317383,224.13
yes,,27.723227164452336,85.36347051937787,205.6
yes,,27.722561978579577,85.36361314493232,273.41
yes,,27.72264602036856,85.36346712070515,96.58
yes,,27.723371723442607,85.36218408290256,47.68
yes,,27.723119416286814,85.36246914664385,75.76
yes,,27.722529559044965,85.3625362795029,112.84
yes,,27.72269124886867,85.3619375963811,131.6
yes,,27.722573770746386,85.36120676285177,280.42
yes,,27.72311144218772,85.3611314676794,68.05
yes,,27.723130849997972,85.36106924999282,53.67
yes,,27.72329060066542,85.36144483194347,93.67
yes,,27.723424749998234,85.36105089999515,44.17
yes,,27.723560500890954,85.3611689259475,135.01
yes,,27.723772867325962,85.3613380725058,110.48
yes,,27.72379487047951,85.36126114093388,116.44
yes,,27.723988908576455,85.36134797971278,60.46
yes,,27.72360445170917,85.36189813177678,142.15
yes,,27.72365149555046,85.36177151931011,55.57
yes,,27.723727250005044,85.361670899994,160.89
yes,,27.72418388305501,85.36171959606742,86.97
yes,,27.724284176298983,85.36204588383768,185.1
yes,,27.72450381487115,85.36138755861398,278.41
yes,,27.724734918970427,85.361323015502,260.52
yes,,27.72461710471788,85.36211536238264,196.93
yes,,27.724530220303794,85.36204121883365,142.37
yes,,27.72445935000677,85.3623229499921,131.0
yes,,27.724831894797248,85.36266986898795,114.02
yes,,27.72385485000171,85.36317169999397,72.59
yes,,27.723830700007312,85.36294605000087,107.53
yes,,27.72430525004522,85.36323665005497,198.74
yes,,27.724428055551087,85.36327688462268,291.08
yes,,27.724578216825684,85.3630218037261,107.83
yes,,27.72466060873883,85.36309292252842,86.8
yes,,27.724799086157017,85.3633772561572,354.12
yes,,27.721767404980955,85.36270494810837,74.24
yes,,27.722053007820158,85.35278752364644,66.11
yes,,27.722155502905267,85.35270723479424,25.53
yes,,27.72001705001752,85.35498399998919,107.71
yes,,27.72231315000176,85.35364594999545,36.62
yes,,27.722246761118566,85.35339974323796,142.13
yes,,27.721944700002243,85.35296519999977,35.12
yes,,27.721275350004422,85.35352190001282,53.22
yes,,27.720935249995172,85.35309815000019,46.92
yes,,27.72124300563641,85.35313515247361,59.59
yes,,27.721440655299357,85.35308791279596,134.74
yes,,27.72157258720694,85.35327602273186,88.28
yes,,27.72169910000171,85.35344715000186,26.19
yes,,27.72174988887478,85.3547185920124,35.26
yes,,27.722078000003684,85.35512295000228,43.59
yes,,27.722142530695525,85.3550797024517,96.18
yes,,27.72213261583132,85.35493166044479,43.43
yes,,27.722248345576226,85.3548520487689,171.73
yes,,27.722172891017046,85.3547898434882,129.02
yes,,27.721887939076073,85.36047350238499,192.39
yes,,27.72011061194568,85.35966863290106,301.61
yes,,27.720884040859715,85.35950267275204,81.23
yes,,27.720613590443833,85.35989071696989,196.64
yes,,27.720587849998708,85.3597807000053,171.54
yes,,27.72058342456566,85.35968423146485,147.13
yes,,27.72057154998881,85.35959740001195,181.5
yes,,27.720639237029797,85.35943640274208,36.63
yes,,27.72056339720327,85.35950344295516,75.93
retail,,27.720510254086562,85.35938969985834,174.79
yes,,27.720516151633515,85.35925945392478,184.55
yes,,27.720631281457294,85.35925426501076,54.12
yes,,27.72190994999253,85.36058414999638,94.99
yes,,27.72174291182639,85.36090462847504,22.81
yes,,27.721748997945546,85.36082192678498,61.7
yes,,27.721742849990097,85.36073939999467,74.42
yes,,27.72175738953676,85.36067508553386,126.86
yes,,27.721723257236143,85.36042581954494,162.17
yes,,27.721074834187537,85.35953866813587,132.21
yes,,27.7210818914641,85.35941369083788,154.61
yes,,27.721771166984528,85.35909838447779,46.77
yes,,27.721577902630397,85.35958135042937,386.98
yes,,27.721549400003923,85.35933234999916,79.08
yes,,27.721515900003556,85.35906790000013,39.0
yes,,27.721984697229466,85.35863227394215,104.23
yes,,27.72190155001286,85.35861569999908,71.75
yes,,27.721734649995618,85.35864859998969,78.66
yes,,27.721463753372255,85.35825606245581,174.86
yes,,27.72110884168919,85.35877334228825,161.67
yes,,27.720828446142434,85.35843812113333,46.69
yes,,27.72040697653703,85.35887589587594,114.17
yes,,27.72038983872346,85.35875071812752,125.78
yes,,27.72062040594675,85.35837017186545,46.03
yes,,27.720552441864026,85.35839430550486,126.52
yes,,27.720394220430954,85.36062164348037,106.61
yes,,27.720446894478606,85.36079568816132,100.2
yes,,27.720065800507527,85.35863204971163,169.14
yes,,27.720077691977497,85.35874274389857,99.1
yes,,27.720081963000208,85.3588114767566,102.27
yes,,27.72009755170654,85.35888409208471,102.88
yes,,27.72089267439819,85.36105034357502,130.26
yes,,27.720923655736975,85.36079260079305,123.84
yes,,27.721043098473995,85.36072722377462,193.21
yes,,27.720954200006922,85.36068809999934,91.0
yes,,27.720911297020738,85.36053368908952,368.21
yes,,27.72103735082879,85.36053325031321,128.32
yes,,27.721568923735468,85.36042760523313,88.44
yes,,27.721520825788648,85.36051139930566,119.98
yes,,27.721586400215944,85.36063384399708,172.54
yes,,27.7215953000227,85.36079270000025,160.26
yes,,27.721253349296806,85.36044683680478,321.76
yes,,27.720994575771936,85.36033004398062,523.68
yes,,27.721168347598272,85.36027512349592,82.21
yes,,27.721177499998415,85.3600819499983,89.79
yes,,27.721373245228435,85.36012880189797,96.73
yes,,27.72137129068363,85.35994865104803,137.95
yes,,27.721558891779225,85.3599126525294,255.07
yes,,27.722222996785455,85.36057087254503,177.01
yes,,27.722284249997795,85.36079379999782,47.35
yes,,27.72212833136606,85.36062824300011,101.92
yes,,27.722131200344002,85.36081963349017,43.24
yes,,27.72202688707679,85.36081237391456,34.95
yes,,27.722247598432084,85.36088950283276,194.04
yes,,27.722232082741698,85.36100836960667,145.88
yes,,27.722377350001302,85.35993594999543,85.94
yes,,27.722370820634637,85.3594718520781,119.74
yes,,27.72242315375256,85.35905186436848,113.75
yes,,27.722407708439935,85.35889735478163,259.93
yes,,27.7221800000474,85.35855970000051,154.48
yes,,27.722273000059044,85.35854855000403,203.44
yes,,27.717761828707946,85.35358531436334,83.83
yes,,27.720267883938604,85.35574285634246,72.51
yes,,27.722416267786485,85.35599432783678,57.21
yes,,27.722359937545086,85.35595975368759,42.4
yes,,27.72240041617003,85.35588351378468,48.19
yes,,27.722281877845795,85.35586146945646,67.49
yes,,27.72207719807474,85.35552863462678,35.03
yes,,27.72036558069653,85.35622524705757,70.65
yes,,27.720351251755567,85.3561137465736,47.4
yes,,27.720450137329554,85.35612014641175,63.4
yes,,27.72056946765605,85.35605789836981,162.58
yes,,27.720605538908117,85.35624267093854,194.62
yes,,27.72037179968248,85.35789774633447,58.64
yes,,27.720389979050093,85.3578159218628,59.78
apartments,,27.720250527832263,85.35778330709917,95.37
apartments,,27.72026284922314,85.35788861292205,151.14
retail,,27.72030386050958,85.35799676361016,87.66
retail,,27.72030682344654,85.35807319405549,125.12
yes,,27.720613337040053,85.35794199290578,127.04
retail,,27.720342321781327,85.35825119472446,95.87
yes,,27.72055076642166,85.35820779508876,56.22
yes,,27.721015549791844,85.35816623721249,167.93
yes,,27.721287867432668,85.35816783169366,117.35
yes,,27.71792975000995,85.34903925000289,60.07
yes,,27.718189953446338,85.34956126199782,46.45
yes,,27.71863453634256,85.34730243257148,45.19
yes,,27.71878698663536,85.34759687276616,35.19
yes,,27.719827599999142,85.34894409999926,25.88
retail,,27.718011099851772,85.34877313565099,124.77
yes,,27.70986083389155,85.35634305056486,54.5
yes,,27.709869779119128,85.3556566628606,205.71
yes,,27.71008494999962,85.35641709999709,41.41
yes,,27.71000080001446,85.35567339999037,139.74
yes,,27.71013985147445,85.3556587309668,130.57
yes,,27.710209802924172,85.35561781899143,98.46
yes,,27.71272086131874,85.35415366461122,62.01
yes,,27.712262152474548,85.35399643127917,81.74
yes,,27.71206896527434,85.35500431354298,73.03
yes,,27.712275319460254,85.35491474625401,97.99
yes,,27.712284712824864,85.35509825700052,96.74
yes,,27.712327516019943,85.35542186705727,22.68
yes,,27.711928062584867,85.35434376201863,65.29
yes,,27.711877599107407,85.35449345226459,94.78
yes,,27.711794273785923,85.35432615908002,117.81
yes,,27.712602835400617,85.35516188284751,194.32
yes,,27.712587368789478,85.35343197410936,109.91
yes,,27.71667803363308,85.35178962190122,61.12
yes,,27.717481469813837,85.35146964169186,79.26
yes,,27.71749785718065,85.35141992841497,66.43
yes,,27.71750624138452,85.35065616864915,51.61
yes,,27.717507402509888,85.3506035533483,56.97
yes,,27.717522124531513,85.35054343002184,95.97
yes,,27.71517875001157,85.34854509999998,94.9
yes,,27.71517028458773,85.34894338530016,57.46
yes,,27.71627985913523,85.34970287190154,165.59
yes,,27.716522180940895,85.3595337912735,65.66
yes,,27.716237562255234,85.35933720185295,61.55
yes,,27.71755104589182,85.36076272178512,119.25
yes,,27.717551236285072,85.35908278924244,98.22
yes,,27.717551903556956,85.35899545475758,72.66
yes,,27.717579584208625,85.35872971715209,194.78
yes,,27.717522116927682,85.35860693241577,109.62
yes,,27.717295449999796,85.359253900001,39.42
yes,,27.717390439164834,85.35925824651153,61.14
yes,,27.715137183138427,85.35859967953108,90.09
yes,,27.715429679120213,85.35966962460196,98.71
yes,,27.71572538067028,85.36061768713424,109.52
yes,,27.7191579631159,85.35018694095223,94.26
yes,,27.719575726234037,85.35047497254034,96.72
yes,,27.717504774623578,85.35237907226787,95.38
yes,,27.714176279519233,85.35037339057236,106.2
yes,,27.719118954063596,85.35247868389217,105.3
yes,,27.717740878825612,85.35149388304878,73.32
yes,,27.712952049326205,85.36461788601629,191.37
yes,,27.71300762978975,85.36450266426039,148.07
yes,,27.71276887540471,85.36452084444996,140.21
yes,,27.712916574623197,85.3643149635673,84.42
yes,,27.713019549633483,85.36427415180623,23.48
yes,,27.712958996565273,85.36423015876657,79.99
yes,,27.712829336519036,85.36429599342176,238.85
yes,,27.712740568157724,85.36429288103298,130.38
yes,,27.712999095317766,85.36412227516263,80.74
yes,,27.71313469514347,85.36411887517137,111.17
yes,,27.713343952363676,85.36410316827674,244.24
yes,,27.71319244799732,85.36429910123528,198.43
yes,,27.71327260002618,85.36430479999713,131.32
yes,,27.716503770929695,85.355966720844,110.88
yes,,27.717188144429016,85.3569011734148,125.39
yes,,27.71730845000382,85.35641465000583,36.04
yes,,27.71722449184441,85.35572410021634,136.15
yes,,27.7171675500059,85.3556584500009,86.74
yes,,27.717102399879575,85.35591639802013,81.78
yes,,27.716867638224244,85.3558552004257,127.89
yes,,27.716888734502202,85.35570905084163,75.23
yes,,27.717036103919245,85.3556506953553,105.79
yes,,27.716756237775463,85.35579480728947,301.06
yes,,27.71671717445293,85.35566451029361,83.32
yes,,27.7164921159787,85.35567280178896,25.64
yes,,27.716420173531215,85.35602445648841,72.71
yes,,27.716417673268705,85.35610592439463,96.47
yes,,27.717502819327827,85.35600903372652,18.98
yes,,27.717400180423333,85.35606153753841,40.62
yes,,27.717078070382147,85.3577578612167,62.69
yes,,27.71700250850281,85.35712704050268,72.66
yes,,27.71701379013405,85.35737667150363,47.55
yes,,27.717158900000562,85.35741704999872,34.44
yes,,27.71670012152828,85.35729500309836,56.25
yes,,27.717369348475355,85.34747592753321,118.16
yes,,27.71732650124025,85.34757000080249,169.37
yes,,27.71730230519538,85.34745378721573,23.31
yes,,27.716504031072436,85.34845664346578,23.35
yes,,27.71738566136048,85.34818406955193,240.15
yes,,27.71746754256773,85.34768701057804,152.31
yes,,27.71529310592975,85.3560111860563,52.89
yes,,27.715266571241497,85.35618065906588,54.86
yes,,27.71530367589288,85.35621516881801,46.72
yes,,27.71552819553081,85.35617721872387,67.94
yes,,27.715785201845403,85.35633085216323,77.31
yes,,27.715797574353406,85.35659678883398,62.72
yes,,27.716078500005587,85.35656594999844,87.65
yes,,27.717090979851754,85.34997062767167,120.96
yes,,27.717231159563873,85.34998772582432,23.2
yes,,27.717444857681727,85.34972885467766,75.85
yes,,27.715254596261424,85.35759178002638,21.61
yes,,27.715136358223127,85.35811411343073,56.67
yes,,27.71534960000131,85.35806989999968,21.55
yes,,27.716245500011063,85.35818375002715,67.27
yes,,27.71572691802762,85.35697044808585,33.49
yes,,27.71608852102472,85.35702792024561,25.3
yes,,27.715344559191344,85.34862032381024,133.33
yes,,27.715314294077317,85.34839370451019,41.73
yes,,27.715669322679375,85.34833771473,87.79
yes,,27.71597500000576,85.34896804999727,180.36
yes,,27.715886222514147,85.34995661424765,46.51
yes,,27.71588170000496,85.34974225000028,72.42
yes,,27.71591996538446,85.34986987869051,245.14
yes,,27.715247408304027,85.34999617253706,148.21
yes,,27.715189736881197,85.35004285704214,41.5
yes,,27.715203439104794,85.3496358411112,82.08
yes,,27.71521498224824,85.34953082402016,77.17
yes,,27.715472350002536,85.3490435000009,25.82
yes,,27.715352939592158,85.34968207281243,131.91
yes,,27.715367991003795,85.34958695935539,87.25
yes,,27.715580149999127,85.34990474999593,87.59
yes,,27.716266364068506,85.3500438015093,261.84
yes,,27.716112549991763,85.35004154998623,110.72
yes,,27.716133545493225,85.34995229691579,179.05
yes,,27.716288423062654,85.34925476042015,204.3
yes,,27.716287736134742,85.34885419067079,146.44
yes,,27.716289985553008,85.34871837221671,147.07
yes,,27.71824955229274,85.35237573768553,23.82
yes,,27.718237525709664,85.35246873976209,134.51
yes,,27.718321723903756,85.35255010956436,27.2
yes,,27.71808962904846,85.35245093077278,121.12
yes,,27.717919522753004,85.35071575634915,45.2
yes,,27.717928338715527,85.35080390716719,135.59
yes,,27.717994143552307,85.35097061261766,91.86
yes,,27.718032450012718,85.35055914999703,150.08
yes,,27.717950184919538,85.35034784281282,239.03
yes,,27.713547582349996,85.35125848409564,71.09
yes,,27.713085210732945,85.35121750682208,150.33
yes,,27.71286105320616,85.3522731952023,80.09
yes,,27.712988520003762,85.35206420721784,85.14
yes,,27.71489341406761,85.36538108063577,120.98
yes,,27.71492489687577,85.3654677833747,85.88
yes,,27.71481106488403,85.3654269243532,74.35
yes,,27.714842118599766,85.36550269476571,71.66
yes,,27.71475820001572,85.36550584998051,115.72
yes,,27.71411433447489,85.36420829903638,153.22
yes,,27.7144117105558,85.3643140291738,175.57
yes,,27.714954804154335,85.3647644236511,81.32
yes,,27.71483743902445,85.36486204877441,79.36
yes,,27.71468817683347,85.36488395483146,217.28
yes,,27.71495100055925,85.36504565170408,91.58
yes,,27.714896200912914,85.36499710328368,77.93
yes,,27.714802489006516,85.36522810923452,98.05
yes,,27.714829755464827,85.36513439685254,117.67
yes,,27.714726038740437,85.36528350176492,182.96
yes,,27.71464196628985,85.36539184440417,89.13
yes,,27.71456750059231,85.36530235113342,122.3
yes,,27.71462518609576,85.36520134633297,134.04
yes,,27.714685450290165,85.36515276458236,83.55
yes,,27.714729201387463,85.36511204931247,77.2
yes,,27.714774021119307,85.36503851706694,102.66
yes,,27.714776950006083,85.36487514998288,53.43
yes,,27.71484546485257,85.36472734538332,170.84
yes,,27.714562264763174,85.36434526452699,48.88
yes,,27.71458188727425,85.3644667535793,122.02
yes,,27.714556049017226,85.36461379870312,135.99
yes,,27.714546600005846,85.36475455000657,56.32
yes,,27.71449100451415,85.36471370722379,96.73
yes,,27.714490186148293,85.36457227898134,60.22
yes,,27.714378400005657,85.36462230000396,64.66
yes,,27.71443651109982,85.36453671799077,94.75
yes,,27.714311320367294,85.36548301079846,79.28
yes,,27.714250417890412,85.36553800928426,84.13
yes,,27.714380707655085,85.36544073166385,87.95
yes,,27.71457519933941,85.36546259677995,101.48
yes,,27.71450999214971,85.36551223147416,101.44
yes,,27.714450310219604,85.36540143661787,127.92
yes,,27.71444312185791,85.36554053660552,84.58
yes,,27.714458800893258,85.3648720735094,175.91
yes,,27.71452048937932,85.36494432952792,124.0
yes,,27.714205155987088,85.36533119065892,36.12
yes,,27.714165748888615,85.36526930027927,60.47
yes,,27.71420165664412,85.36519540557741,93.94
yes,,27.71419420000299,85.36547130000218,42.46
yes,,27.714125112852354,85.3654507110916,66.05
yes,,27.71404548693314,85.36548857619574,142.04
yes,,27.714078550006356,85.3653272499994,75.06
yes,,27.714016894012826,85.36532880645957,67.33
yes,,27.71404796453948,85.36516096370481,114.12
yes,,27.714889716987795,85.36410925066684,168.53
yes,,27.71490885892752,85.36377876516737,84.34
yes,,27.714962002086548,85.36433808637783,105.91
yes,,27.714720880828775,85.36409271074275,16.42
yes,,27.714602749997947,85.36396364999985,47.63
yes,,27.714035849999416,85.36396429999992,22.17
yes,,27.714154274694057,85.36401160849559,65.18
yes,,27.714129586935623,85.3645090559502,154.57
yes,,27.714090000003246,85.36460904999967,111.66
yes,,27.7142219714076,85.36477222414275,85.77
yes,,27.713689850002957,85.36493784999978,100.79
yes,,27.713604817723123,85.36492828891384,104.5
yes,,27.71353182942751,85.36492915976726,90.23
yes,,27.713449600006484,85.36493019999938,129.06
yes,,27.713333850022945,85.36496279999825,140.19
yes,,27.71383390000024,85.36480289999983,28.49
yes,,27.713851650916528,85.36474961013319,60.13
yes,,27.713928317066955,85.36475186629028,36.47
yes,,27.713882159306024,85.36454056769847,176.01
yes,,27.7134662225619,85.36462024973164,452.37
yes,,27.713567863526997,85.3647071227911,125.7
yes,,27.713638995337995,85.36468707525812,115.74
yes,,27.713159487631206,85.36510545150243,57.47
yes,,27.71322765760237,85.36506530411809,64.48
yes,,27.713246676888954,85.36501639367353,35.14
yes,,27.713039686308854,85.36500739218356,75.98
yes,,27.71391740004158,85.36544519999727,124.98
yes,,27.713824799999244,85.36534530000003,33.57
yes,,27.713559486922872,85.36541517480507,31.63
yes,,27.71346271078465,85.36536045928773,517.2
yes,,27.71340062772742,85.36553089889415,195.76
yes,,27.71327075302477,85.36535121597562,178.55
yes,,27.71313887122405,85.3654674007511,64.15
yes,,27.71309437527147,85.36388783556039,106.41
yes,,27.713407458864577,85.36370565678776,139.31
yes,,27.71351693733309,85.36388516908505,157.4
yes,,27.71368112596182,85.36397835462299,168.95
yes,,27.713695995571612,85.36408871263056,109.77
yes,,27.713720294073656,85.36433032780266,163.4
yes,,27.71748120611108,85.34814968323617,151.72
yes,,27.71754493028041,85.34820268794329,112.07
yes,,27.71648607599565,85.34923749826794,162.55
yes,,27.714505990033913,85.36417732446016,103.4
yes,,27.714415981845352,85.36417005591468,78.45
yes,,27.71434060734536,85.36415959769963,95.3
yes,,27.713888700018302,85.3638459999984,206.6
yes,,27.716892958226833,85.36380133279003,67.1
yes,,27.715626600005827,85.36478975000084,95.08
yes,,27.716554841878583,85.36425335180917,203.9
yes,,27.71653765554751,85.36411761720866,197.84
yes,,27.716555672499727,85.36400039880786,94.97
yes,,27.715137050000326,85.36540205001218,118.82
yes,,27.71748268267009,85.35637919654826,104.77
yes,,27.713362026988225,85.35123739611402,83.66
yes,,27.71496065209543,85.35230775746756,59.98
yes,,27.71499581084254,85.35226664569151,68.09
yes,,27.71503910047384,85.35214471554323,84.22
yes,,27.71420260000073,85.3587344999991,24.29
yes,,27.71326510000226,85.35824569999772,202.6
yes,,27.713056750018623,85.35960539999859,278.56
yes,,27.713521674963275,85.36103585956022,132.61
yes,,27.71474755000124,85.35904409999988,26.87
yes,,27.71438805000426,85.35855105000074,57.02
yes,,27.71397465000227,85.35958429999951,108.93
yes,,27.714098745896738,85.3595058113332,59.17
house,Swastee Niwas,27.71815669636388,85.35284200542544,44.78
yes,,27.714844342842895,85.35341360185981,67.79
yes,,27.718967465739503,85.35129706109076,43.16
yes,,27.719027169982922,85.35123578507098,33.32
yes,,27.719042082755074,85.35130346647514,22.74
yes,,27.718823314188576,85.35116879325399,30.67
yes,,27.71884080001099,85.35107270000161,48.83
yes,,27.71916584987755,85.35106556132646,75.92
yes,,27.7190024014245,85.35080338632899,157.38
yes,,27.719026210365687,85.35063043678008,147.96
yes,,27.71957915000598,85.3503011999943,124.71
yes,,27.719637750002356,85.35246334999997,36.4
yes,,27.719494244162345,85.35245307102538,123.88
yes,,27.719103800001424,85.3523333999999,23.65
yes,,27.71901227921786,85.35200134196664,30.34
yes,,27.71814427259346,85.35148213210813,108.69
yes,,27.71860544634608,85.35038085968343,110.76
yes,,27.718577907379036,85.35026484058507,80.41
yes,,27.718755358961783,85.35123444022817,30.69
yes,,27.71834916428962,85.35055535846897,44.51
yes,,27.71840721469634,85.35044899400907,38.17
yes,,27.71511415663748,85.35347596986622,42.01
yes,,27.71477820789087,85.35378394513266,51.56
yes,,27.71462802803434,85.35400407859763,78.77
yes,,27.714908488512357,85.35281718631231,63.18
yes,,27.715037150004832,85.35411475000136,25.38
yes,,27.714920991779866,85.35365295543173,63.1
yes,,27.714921023686294,85.35372740495065,70.38
yes,,27.715002268156283,85.35376171712853,64.17
yes,,27.714995706024176,85.35366946394787,85.11
yes,,27.714869417902598,85.35323643299381,95.0
yes,,27.714932975341007,85.35321573248505,60.37
yes,,27.714953021315758,85.3533108446287,88.85
yes,,27.71466020775682,85.35321672785783,231.75
yes,,27.71473680001435,85.35327195000656,100.92
yes,,27.714699801259012,85.35338487861341,81.76
yes,,27.714120900009917,85.35347684999812,105.39
yes,,27.714324399517853,85.35317459612536,52.39
yes,,27.714462700000528,85.35329559999458,73.03
yes,,27.71439162223524,85.3533949448615,102.73
yes,,27.71437192518479,85.35349427245349,142.58
yes,,27.714375400002574,85.35389899999977,14.98
yes,,27.71441934475053,85.35385967473601,13.49
yes,,27.71436607196746,85.35372641270668,227.26
yes,,27.71436941022393,85.35359298440692,118.57
yes,,27.71424693020477,85.35373479607554,201.79
yes,,27.714159780097045,85.35372553522339,83.89
yes,,27.715116756901708,85.35538185514908,111.01
yes,,27.715123941391226,85.35525968027927,106.11
yes,,27.715087750016234,85.3550399499995,125.08
yes,,27.71506244530919,85.35440587034054,65.8
yes,,27.71506602819714,85.35426198965445,88.43
yes,,27.71496728811343,85.3541952399745,88.8
yes,,27.714990397247444,85.35439473485222,78.06
yes,,27.71489693867264,85.35446724210408,71.25
yes,,27.715008977308223,85.35490247129431,144.35
yes,,27.71497940086628,85.35502290347654,104.21
yes,,27.714912062913054,85.35533746057253,57.8
yes,,27.714633550002006,85.35527669999644,45.07
yes,,27.714694550002793,85.35547380000355,21.27
yes,,27.714535785265312,85.35531269067731,64.45
yes,,27.714706582376657,85.35461216750173,135.5
yes,,27.714659411300175,85.35449077418254,77.33
yes,,27.714696431614392,85.35434916074126,110.53
yes,,27.714180855299627,85.3543404677718,43.6
yes,,27.713998417670222,85.35425053833221,109.29
yes,,27.71399612431734,85.3544103249279,181.01
yes,,27.71435758634355,85.3548870783688,142.55
yes,,27.714401404276686,85.35541336895405,37.81
yes,,27.714156700002253,85.35524939999955,34.03
yes,,27.71407574922319,85.35482657402342,60.83
yes,,27.714033121527507,85.35537822608869,44.95
yes,,27.713158499998062,85.35433524999162,69.9
yes,,27.713083430013217,85.35430047329557,58.39
yes,,27.712795130170374,85.35468819091415,62.43
yes,,27.712830349461743,85.35459830478221,141.35
yes,,27.713873424949796,85.35539544675511,147.27
yes,,27.713913499820666,85.35547545151616,56.27
yes,,27.713698271714584,85.35522230569613,105.66
yes,,27.713685997779162,85.35508041541966,67.5
yes,,27.713764657401384,85.35467334346973,97.84
yes,,27.713690286349443,85.35463667519608,139.93
yes,,27.713459100004368,85.3544841499993,73.82
yes,,27.713519162302344,85.35451374589324,62.86
yes,,27.713419900000897,85.35438184999684,30.52
yes,,27.71348201463744,85.35423643073729,127.07
yes,,27.713652725088618,85.35439787965738,98.95
yes,,27.713649923315238,85.35429879984024,104.0
yes,,27.71390772510602,85.35452297296487,67.87
yes,,27.713871855252673,85.35437281210359,193.25
yes,,27.713817899070335,85.35339086094204,71.88
yes,,27.713257073981453,85.35370798585613,154.28
yes,,27.71327044973353,85.3538329621595,129.16
yes,,27.713328364640855,85.35393832839215,61.81
yes,,27.71345131303019,85.35397426070944,184.35
yes,,27.71339473528938,85.3538247083496,130.22
yes,,27.713664132675845,85.35401596515942,106.96
yes,,27.713663620520855,85.35391877126845,74.33
yes,,27.713736430343538,85.35391945709475,54.32
yes,,27.713616131845008,85.35383120704267,111.97
yes,,27.713718210878657,85.3538278025169,98.65
yes,,27.713704096832465,85.35374250353335,66.73
yes,,27.713684950106884,85.35368283431276,45.39
yes,,27.71369019265106,85.35361967571549,53.86
yes,,27.71377785000909,85.35361999999829,112.66
yes,,27.713739213657238,85.3540190100825,87.58
yes,,27.71313209672125,85.35357772212276,98.37
yes,,27.71306731140625,85.3535513889987,86.08
yes,,27.712993912331175,85.353551756071,144.23
yes,,27.712861210508883,85.35308308831276,97.31
yes,,27.71308460316754,85.35297353937591,156.3
yes,,27.713156382035624,85.35296603898924,77.79
yes,,27.713280715226013,85.35281267910183,24.01
yes,,27.71326466231472,85.35288011974845,106.91
yes,,27.712906979355672,85.35353793515236,136.1
yes,,27.713579187880214,85.35402237190954,116.81
yes,,27.71413236726367,85.35639299216395,46.79
yes,,27.714167564063036,85.35631982374872,98.9
yes,,27.714190772721267,85.35623366130955,85.82
yes,,27.714107218368525,85.3577786277115,70.75
yes,,27.71408014488814,85.3578529493902,117.98
yes,,27.713984500056128,85.35779429422644,111.22
yes,,27.714030413169482,85.35772700307241,71.16
yes,,27.71410783316722,85.3576949533326,76.16
yes,,27.71403633930246,85.35764730246635,54.13
yes,,27.714126369718777,85.35717996205565,127.73
yes,,27.71421925795785,85.35714424081164,123.24
yes,,27.714250415564205,85.35705936859794,110.43
yes,,27.71429994286634,85.35698951370776,107.68
yes,,27.71421992882484,85.35694494972628,91.67
yes,,27.7141633391548,85.35704702539546,63.26
yes,,27.71410550692975,85.35701266733012,103.33
yes,,27.71413869437747,85.35689271933838,99.76
yes,,27.713328974378864,85.35637351239433,24.87
yes,,27.71433909709345,85.35564012614473,118.5
yes,,27.714274547876553,85.35565112864985,129.76
yes,,27.714198700011185,85.35565364999839,113.96
yes,,27.714096880367688,85.3555902429593,110.6
yes,,27.714092848623974,85.3556899750008,132.33
yes,,27.715810502435033,85.35029320575754,25.74
yes,,27.72395424717755,85.37577612716204,184.04
yes,,27.722064650006768,85.37673934999204,242.23
school,centinial collage,27.721239072664574,85.37168727016483,280.92
yes,peace banquet hall,27.722958663980975,85.37569850968345,985.78
yes,,27.723949043320264,85.37666036823195,30.39
yes,,27.722353349999675,85.37660409999766,27.26
yes,,27.722696950010466,85.37651990000465,88.84
yes,,27.73137145369948,85.36621884675446,151.37
yes,,27.723642903019726,85.37601063128237,192.71
yes,,27.723823382564113,85.37642728971377,167.93
yes,,27.723602960182106,85.37648567226277,71.52
yes,,27.72857325631689,85.35843533876164,31.19
yes,,27.728576307936333,85.35833829036683,51.35
yes,,27.728339909505,85.35836344831714,81.53
yes,,27.72857642876194,85.35824708790902,74.93
yes,Burger house,27.72712407711172,85.35669452771305,160.48
yes,,27.72302735000985,85.37428465000097,149.01
yes,,27.722978747642205,85.3747778670231,80.92
yes,,27.72323310000204,85.37465880000032,32.4
yes,,27.7229264500024,85.37491554999579,71.83
yes,,27.72830487839641,85.35829882520383,101.7
yes,,27.72839553873426,85.35822620657744,54.32
yes,,27.728092532627304,85.35832897222336,52.68
yes,,27.728022223724455,85.35833649421534,43.39
yes,,27.728169384395464,85.35831915394802,66.87
yes,,27.72795862361328,85.35834494422947,43.33
yes,,27.72789603060301,85.35835096741555,43.36
yes,,27.727808631251705,85.35835454523294,66.97
yes,,27.72767474976825,85.3583462247208,66.02
yes,,27.727574609415026,85.35833502377997,63.49
yes,,27.72747832877021,85.35832086118872,63.85
yes,,27.727385309142456,85.35830677701297,63.54
yes,,27.727289535806598,85.35828747021954,63.59
yes,,27.72720179495503,85.3582551846314,61.74
yes,,27.727050507891178,85.35824318383493,103.65
yes,,27.7271371393733,85.35822571723192,31.92
yes,,27.727154509292394,85.35831926199693,76.33
yes,,27.72711439587848,85.35840221997191,68.82
yes,,27.727190729428422,85.35841367402179,45.57
yes,,27.727242888890842,85.35835384428289,33.62
yes,,27.72729932801311,85.35836722282815,31.6
yes,,27.72735790997589,85.35838312368358,36.48
yes,,27.727434347385437,85.35840158455326,63.12
yes,,27.72752883191311,85.35841991436934,42.75
yes,,27.727616678613032,85.3584343139107,65.88
yes,,27.728190147948872,85.35842070808818,115.16
yes,,27.72804674895975,85.35844612727504,127.72
yes,,27.727900778214643,85.35847235938476,138.22
yes,,27.727752078214642,85.35848005938476,138.23
yes,,27.7281004378238,85.358221587476,139.06
yes,,27.727996523724467,85.35825079421534,43.39
yes,,27.72791356218345,85.35824497915519,74.29
yes,,27.72761893682584,85.35824825188156,59.65
yes,,27.72753609060766,85.35823288896198,60.82
yes,,27.727454380976695,85.3582299566781,45.24
yes,,27.72730541943707,85.35816242844567,116.03
yes,,27.727194279302793,85.35812979197316,130.97
yes,,27.726924945934744,85.35815080211425,179.68
yes,,27.726806710246443,85.3580930777737,179.49
yes,,27.726876432426423,85.35796714020992,162.29
yes,shantinagar upavokta samiti,27.726137279600316,85.35777988840623,183.38
yes,,27.723499322326123,85.35858405589947,180.64
yes,,27.72345492232612,85.35870675589946,180.64
yes,,27.72335462232612,85.35907845589946,180.64
yes,,27.72995730457404,85.36067403538742,69.86
yes,,27.729826293734398,85.36061559619333,163.49
yes,,27.729812528530196,85.36074805579979,25.15
yes,,27.72761466668257,85.35743749998568,123.43
yes,,27.727413388344363,85.35744389320735,70.12
yes,,27.7272950643878,85.35743295098638,70.18
yes,,27.727550826204773,85.3573243663555,45.25
yes,,27.727363630360166,85.35681751505582,101.4
yes,Velvet Restro And Cafe,27.727663973488408,85.35658263270498,154.66
yes,,27.727663424171098,85.35649568609728,34.87
yes,,27.727728365999084,85.35644994738475,81.49
yes,,27.728525294665047,85.35737528219674,47.07
yes,,27.728467928287866,85.35742438897788,26.68
yes,,27.72847106734747,85.35719019281485,70.12
yes,,27.728402145781786,85.35724705235074,76.29
yes,,27.72834929786424,85.35703413420208,76.81
yes,,27.728072024516887,85.35696152128129,155.46
yes,,27.728013065577382,85.35701883721507,45.02
yes,Kapan Party palace,27.72824307429289,85.356879845166,514.24
yes,,27.72817265150145,85.35651718652683,91.81
yes,,27.727977950011216,85.3568927500159,103.94
yes,,27.727894150011217,85.35683015001591,103.94
yes,,27.727820750011215,85.3567646500159,103.94
yes,,27.72774985001122,85.3567020500159,103.94
yes,,27.727642950011216,85.3568694500159,103.94
yes,,27.727549733342542,85.35678531669325,103.94
yes,,27.728008967996526,85.35670374304736,76.87
yes,,27.7279582847413,85.35664743225233,78.57
yes,,27.712551440285946,85.37221608405308,381.27
yes,,27.71252066516366,85.35607117208225,99.22
yes,,27.712324648609332,85.3560321241198,668.42
yes,,27.712120229838927,85.35604520949131,88.74
yes,,27.71212260665762,85.35594607830963,52.19
yes,,27.712143575257,85.35562832597795,98.8
yes,,27.712028301630394,85.35601217452651,88.77
yes,,27.71226932463107,85.35642362075356,124.26
yes,,27.71214981673071,85.35647722405479,85.38
yes,,27.710335967232968,85.35640992978703,238.61
yes,,27.710731243328194,85.35646790886757,172.24
yes,,27.710517318890325,85.35646823708053,198.53
yes,,27.71204082963117,85.35628252410814,46.88
yes,,27.71238640999043,85.35680926255206,245.61
retail,Sourya Hardware,27.71373576561899,85.36033360257102,233.54
yes,Kapan Police Station,27.731171615899974,85.35655644158659,155.0
house,ghar,27.714366842787562,85.37489046170124,63.94
service,RRP Survey Consults,27.715722898719505,85.35789488708762,81.83
yes,,27.71822809999725,85.37657730000787,72.04
yes,,27.718203588700273,85.3759545000817,88.68
yes,,27.718213723558193,85.37612844434726,155.0
yes,,27.717747152296774,85.37654852365979,67.1
yes,,27.717949520408784,85.37657890914507,58.55
yes,,27.71770269999294,85.37639565000013,112.74
yes,,27.717737500010074,85.37620984999771,85.2
yes,,27.71789631482247,85.37636747570205,115.42
yes,,27.718094868843792,85.37632734363838,129.19
yes,,27.71543310000646,85.37546855000214,88.01
yes,,27.715306089243974,85.37551014135151,16.61
yes,,27.715631980987233,85.3756817127084,7.59
yes,,27.71529330000747,85.37534615000142,76.09
yes,,27.716035939147005,85.37583474526514,143.17
yes,,27.7156401526899,85.37525388249301,333.98
yes,,27.716150452682538,85.37590862750606,47.38
yes,,27.716049550840903,85.37561796600484,114.92
yes,,27.716425312315913,85.37566157595802,145.66
yes,,27.71039763224011,85.37076310035344,41.87
yes,,27.711128511796396,85.37182802727672,22.37
yes,,27.711080253760795,85.37178769623007,1.35
yes,,27.710927481420246,85.37156727140899,4.24
yes,,27.710768238703665,85.37126071665031,96.47
yes,,27.710620963632007,85.37112389292407,0.3
yes,,27.71067680044348,85.37050914986142,189.34
yes,,27.71063971365854,85.37060083919415,63.75
yes,,27.71047321299763,85.37051479908824,131.06
yes,,27.710625700000474,85.3700253499993,104.1
yes,,27.710390450005676,85.36942235000289,122.06
yes,,27.710473930809908,85.36957455557874,175.82
yes,,27.710512499986205,85.3697318500228,191.13
yes,,27.709723772148664,85.36891004535477,130.22
yes,,27.709689077690754,85.36881195448413,72.87
yes,,27.709703300001344,85.36916760000209,29.82
yes,,27.70949276670735,85.36918260356983,0.81
yes,,27.709617053581642,85.36921556779834,37.74
yes,,27.70957600318017,85.3691128186743,57.57
yes,,27.70942590988329,85.36899617537027,16.89
yes,,27.709488800004934,85.36883925000002,114.56
yes,,27.71005869999755,85.37004439997216,163.46
yes,,27.710070082701765,85.37016997023899,80.58
yes,,27.70956989690454,85.36933044093617,12.06
yes,,27.709883066250427,85.36982929971217,58.97
yes,,27.709987300003338,85.36971064999688,36.96
yes,,27.70988905000345,85.36968759999957,55.18
yes,,27.709757921108356,85.36958854613499,62.11
yes,,27.710281799764218,85.36906630402758,175.59
yes,,27.7106336500042,85.37026175001186,51.85
yes,,27.71050735605607,85.37037064086716,56.1
yes,,27.711075520152058,85.37171075245624,17.06
yes,,27.711007133015322,85.37167055629762,20.84
yes,,27.710876648442923,85.37117997462708,75.37
yes,,27.709829700003226,85.36937735000224,72.77
yes,,27.709769007684432,85.36970138462667,5.04
yes,,27.710735450032427,85.37103130001532,104.37
yes,,27.711172422215398,85.37188564465373,11.42
yes,,27.711252738317775,85.37198083219025,16.33
house,,27.723328150003447,85.35324485000056,66.56
house,,27.723336315526492,85.35362433192046,62.29
yes,,27.723764259765872,85.35504377719306,60.18
yes,,27.721527615914603,85.35211555419396,514.17
yes,,27.725737182143504,85.3524051699212,113.19
house,,27.725744959468944,85.35037852998428,26.23
house,shrestha house,27.726111414956176,85.35472823700353,81.56
yes,,27.712240384104213,85.37198759634784,510.17
yes,,27.712481687942308,85.37001477392134,328.9
yes,,27.723047392060902,85.35048037963901,40.12
yes,,27.714781255076815,85.3689374763675,99.91
yes,,27.71494605101922,85.36895706582278,31.06
yes,,27.715074000003103,85.36846409999828,71.43
yes,,27.717847648355484,85.36156030392344,411.42
yes,,27.718016735153657,85.3614714646022,283.94
yes,,27.717966890606267,85.36132610075973,146.42
yes,,27.717758285453524,85.36175156733292,102.96
yes,,27.717917449635646,85.3627663811608,190.56
yes,,27.718031526527867,85.36265346479419,209.67
yes,,27.71752309763128,85.36261956461752,227.65
yes,,27.717535107683236,85.36278658166549,99.84
yes,,27.717808855937196,85.3622119450787,222.55
yes,,27.71532583155594,85.3716264066712,689.7
yes,,27.715477400002044,85.37232740016555,481.49
yes,,27.715262183419956,85.37224981041462,92.81
yes,,27.715721231532722,85.37271628980645,281.65
yes,,27.71471724021126,85.37351284541965,129.03
yes,,27.714812385284233,85.37370529020589,138.38
yes,,27.715050682005124,85.37378893819296,117.53
yes,,27.715134015630888,85.37368395658213,68.95
yes,,27.715437315281054,85.37402550515137,37.27
yes,,27.715716555857753,85.37417384878752,124.44
yes,,27.717346001165392,85.37456949489109,530.9
yes,,27.715828696077693,85.37546330627778,396.81
yes,,27.71596105269169,85.37540920981243,108.87
yes,,27.715180752888266,85.37495987667855,337.8
yes,,27.71522029682335,85.37506952914134,76.45
yes,,27.715270872086933,85.37511047528564,86.43
yes,,27.715340369563616,85.37502772336015,124.31
yes,,27.71565514290671,85.37540344262375,181.11
yes,,27.715609413362223,85.37544675363989,90.86
yes,,27.715599950000364,85.35553674999926,20.48
yes,,27.715563550000702,85.35566954999915,39.67
yes,,27.70905471094545,85.36138449289737,50838.58
yes,,27.709988749997947,85.36817064991918,479.59
yes,,27.71013877810704,85.36852542048076,269.42
yes,,27.71085919888302,85.36604365101225,640.65
yes,,27.710816827759796,85.357619389072,367.58
yes,,27.71088590000056,85.35750159999708,63.67
yes,,27.7109490670248,85.35819259481023,385.48
yes,,27.710775377528467,85.35810656466111,90.29
yes,,27.710743516645366,85.35796610772992,109.99
yes,,27.710469601690143,85.35765795992,88.4
yes,,27.710460838092242,85.35746384909727,114.75
yes,,27.70949090312962,85.35749678072976,48.31
yes,,27.71103454170094,85.36828216917327,371.71
yes,,27.71140471513258,85.3692058357177,120.77
yes,,27.712548629812723,85.37032876544977,394.04
yes,,27.712351384325558,85.37055611088044,228.82
yes,,27.712485664101145,85.37335027923154,28.84
yes,,27.712892465878287,85.37373594229302,151.38
yes,,27.713029044327833,85.37365043233021,94.79
yes,,27.71304947465263,85.37373081369279,156.76
yes,,27.713259051067556,85.37376879299829,240.84
yes,,27.713329656944875,85.37391061819856,195.2
yes,,27.713220076232453,85.37392729174896,103.41
yes,,27.71401667770176,85.37430891458632,314.18
yes,,27.713911228603315,85.37457320642838,46.61
yes,,27.713710936604947,85.3744052628605,28.35
yes,,27.71393503801537,85.37449548506179,91.66
yes,,27.714852384878416,85.37497082435667,60.5
yes,,27.71458329377971,85.37490711773212,92.96
yes,,27.714734588321623,85.3751193702904,68.45
yes,,27.71569344687639,85.37515882558765,126.67
yes,,27.715898164116265,85.37523396173773,145.78
yes,,27.716305056927094,85.37579549715116,180.53
yes,,27.716225276021135,85.37562650534139,146.76
yes,,27.716242609355383,85.37553661250593,217.38
yes,,27.71867491303817,85.37583028954366,765.6
yes,,27.718469525321147,85.37570678113526,580.32
yes,,27.718464103142026,85.37548729247146,251.97
yes,,27.718231047355932,85.37426442124519,401.86
yes,,27.718262465585983,85.37443406463453,82.9
yes,,27.718310949979607,85.37377479996239,135.7
yes,,27.718141446274903,85.37368015664444,217.21
yes,,27.717165781552584,85.37472871837166,342.1
yes,,27.717335650569773,85.37477939590639,281.5
yes,,27.717255819662427,85.37482933296666,67.66
yes,,27.709688600017653,85.35574141295064,135.26
yes,,27.712640326384317,85.35598351517632,181.54
yes,,27.712952799993015,85.35647909999977,107.36
yes,,27.71205955003485,85.35672254999783,316.75
yes,,27.71125484437903,85.35444672213934,81.52
yes,,27.71133659757799,85.35452908701086,153.6
yes,,27.714313197223053,85.35475835436799,94.85
yes,,27.71443831097586,85.35501653801292,54.21
yes,,27.713379283767015,85.3531876804423,34.33
yes,,27.716182108098888,85.3669203060042,108.51
yes,,27.716172101743837,85.36737534186545,225.52
yes,,27.715850363117344,85.36738965756854,263.04
yes,,27.715988659165426,85.36751531761465,200.46
yes,,27.715761064149646,85.36749569441429,117.8
yes,,27.71567439793954,85.3675071666925,110.67
yes,,27.715634478203594,85.36742412702078,62.98
yes,,27.715670577594455,85.3668519681527,87.81
yes,,27.71584437051647,85.3667710027067,34.76
yes,,27.71716814999677,85.36756679997711,208.45
yes,,27.71725500832004,85.36743104742018,146.96
yes,,27.717213492685392,85.36731530688203,78.86
yes,,27.71715904840272,85.37089327306266,179.06
yes,,27.717047977725937,85.37086391220383,130.07
yes,,27.717171325466875,85.37058703609853,182.81
yes,,27.716379722865806,85.37359483718596,585.03
yes,,27.71682389225964,85.37337173196742,277.5
yes,,27.716782947512996,85.37247428459298,460.49
yes,,27.716955466885295,85.37227987971185,137.57
yes,,27.716976118202155,85.37212201639339,106.38
yes,,27.716070349978008,85.37290945000295,135.56
yes,,27.716151165836592,85.3729659123401,182.87
yes,,27.715330631518963,85.37394571463405,216.54
yes,,27.713208354024736,85.36031370418267,428.07
yes,,27.717627951466408,85.37533073284942,464.02
yes,,27.717442854538326,85.37509765605385,83.81
yes,,27.7173051486206,85.37554639253244,258.76
yes,,27.717416631803864,85.37549612460106,325.34
yes,,27.71733194188589,85.37513496517128,138.25
yes,,27.71746328947899,85.37529490865515,318.69
yes,,27.717810340060655,85.37555392125618,436.22
yes,,27.717974673894386,85.37549566811786,529.2
yes,,27.71788709408832,85.37531908162228,113.99
yes,,27.718165814317008,85.37510010874615,120.71
yes,,27.718199207642762,85.37493403793042,114.86
yes,,27.71824458866487,85.37476807760642,182.48
yes,,27.71750923904007,85.37438452972353,324.81
yes,,27.71808647707116,85.37441955310254,136.19
yes,,27.717936333514867,85.37436233234371,134.53
yes,,27.718092677552438,85.37331038674675,209.91
yes,,27.718016099715598,85.37339309680921,122.14
yes,,27.719032938207103,85.3735866248639,217.09
yes,,27.71892186678943,85.37352201466628,302.8
yes,,27.718796220232953,85.37311640422999,124.96
yes,,27.718959293722012,85.37335473914341,67.54
yes,,27.718885828197816,85.3732952081692,59.5
yes,,27.718820875917416,85.37326910713803,145.26
yes,,27.718812127094495,85.37339024800455,39.35
yes,,27.718508024780412,85.37318042856724,102.78
yes,,27.718452982784058,85.37302947617354,118.37
yes,,27.718556093598693,85.37302532188573,170.09
yes,,27.718641161840576,85.3728647826531,104.44
yes,,27.718693658977777,85.37323089371566,149.34
yes,,27.718673887068146,85.37313271765076,67.84
yes,,27.718622985581987,85.3730952693463,17.56
yes,,27.718516233341923,85.37333767461885,146.42
yes,,27.718409135111507,85.37322925518839,119.71
yes,,27.71832690108603,85.37326913322948,28.44
yes,,27.718105198393754,85.37401678129567,197.35
yes,,27.717469563477565,85.3739006610554,169.93
yes,,27.71755392183027,85.37390017608423,46.39
yes,,27.717648404412355,85.37374678623114,93.99
yes,,27.71464599999923,85.35010379998921,74.8
yes,,27.714584059019277,85.34995301935324,101.73
yes,,27.715137631793173,85.35122713767842,60.71
yes,,27.71915815265239,85.35526907894057,559.91
yes,,27.719247411296962,85.35501849794171,283.11
yes,,27.718824543868596,85.35527079155023,389.86
yes,,27.71894780618262,85.35525886587472,183.9
yes,,27.71937490001524,85.35510984998987,78.27
yes,,27.72468184818214,85.35790666688273,157.54
yes,,27.72577936751846,85.35943392890478,222.97
yes,,27.728399425968824,85.35076579402141,254.66
yes,,27.72896211917896,85.35238981101212,225.83
yes,,27.72902037988098,85.35213250811596,190.14
yes,,27.728883019254326,85.35227200249702,243.74
yes,,27.729222782936006,85.3521718949205,96.67
yes,,27.729174790841896,85.35224736476313,65.59
yes,,27.729084859409685,85.35229565242403,62.45
yes,,27.728793007356504,85.35160648137119,129.29
yes,,27.728745297139582,85.35150565211144,123.23
yes,,27.728828482728954,85.35145315933742,75.29
yes,,27.728245019633633,85.3510308148873,216.33
yes,,27.728418026630678,85.35097912925778,74.41
yes,,27.72802935754616,85.34997355850432,177.93
yes,,27.72801574079051,85.35015461095111,168.42
yes,,27.72550254582196,85.34963334173237,380.6
yes,,27.726048593412447,85.35031591873879,178.85
yes,,27.726577255945067,85.3505482222118,101.27
yes,,27.726554329213702,85.35047593536794,58.2
yes,,27.72654845000453,85.35065634999883,93.07
yes,,27.726663978342774,85.35074154656348,144.03
yes,,27.730359357947226,85.35065344295542,197.48
yes,,27.728723399998973,85.35032414999394,100.37
yes,,27.728819350001817,85.35031544999885,49.56
yes,,27.726218203605992,85.34861530014688,50.35
yes,,27.72670401961538,85.34834461469003,68.96
yes,,27.726253653207955,85.34827158183326,21.2
yes,,27.726942688229016,85.34865585532438,134.93
yes,,27.72496892592624,85.34838015173645,259.01
yes,,27.724903620183934,85.34822903847213,76.8
yes,,27.7248444293254,85.348218852976,111.0
yes,,27.712495649983506,85.36132285000124,149.18
yes,,27.712649570676955,85.36164996324817,135.79
yes,,27.712594849553405,85.36160418452121,69.25
yes,,27.713390339299657,85.3619741786712,534.78
yes,,27.713365615722992,85.36177226746662,97.78
yes,,27.713533199997606,85.36187089999966,144.36
yes,,27.71354342711063,85.36198124885458,192.3
yes,,27.712136822897172,85.36328831007899,207.53
yes,,27.711837244033628,85.36612604416935,582.51
yes,,27.71960889729183,85.36870983256482,384.66
yes,,27.719951624554128,85.36795185104526,473.52
yes,,27.719600911397343,85.36746610435273,376.65
yes,,27.71964120370883,85.36729179619319,120.16
yes,,27.7193546626637,85.36845922909443,260.29
yes,,27.719024644288975,85.3684107854857,295.2
yes,,27.719131424322338,85.36851927213482,142.43
yes,,27.71873014997251,85.3692355999486,314.87
yes,,27.718547624686146,85.36918083194469,161.05
yes,,27.71844423104114,85.36915598650985,140.1
yes,,27.718344242984255,85.36914389607118,210.44
yes,,27.718250859073706,85.36909611197592,157.74
yes,,27.71879672406829,85.37034960962937,298.62
yes,,27.718524486170573,85.36981263027143,465.59
yes,,27.721940458238095,85.3545685156086,35.78
yes,,27.721962750001385,85.35461630000212,34.07
yes,,27.721908021623396,85.3538135211796,45.15
yes,,27.721219552985975,85.35410058118909,26.8
yes,,27.721481617520084,85.35540206262472,71.43
yes,,27.72200224556688,85.35436401041748,27.97
yes,,27.721523039628845,85.35321533564093,22.07
yes,,27.720635064275548,85.35326588544723,155.48
yes,,27.720742407296193,85.35332386908695,131.94
yes,,27.721085291102604,85.3522636791923,437.62
yes,,27.718962091625993,85.3529138724939,279.69
yes,,27.719141904910327,85.35292537667797,116.96
yes,,27.718400821482085,85.35235527011886,470.31
yes,,27.71908806201435,85.35346551794261,73.95
yes,,27.718802753746996,85.35341356773183,172.52
yes,,27.718484621444695,85.35428844824136,121.08
yes,,27.718990085837696,85.35372155876578,120.08
yes,,27.719690740839532,85.35649828663927,75.54
yes,,27.719597563588117,85.35646861973984,68.76
yes,,27.71849145000798,85.35538720000231,90.19
yes,,27.718545704676576,85.35524193200087,109.47
yes,,27.72153031267291,85.36952162026405,126.55
yes,,27.72154586582494,85.36966534986045,273.27
yes,,27.721403574708244,85.36916939499451,41.27
yes,,27.72158869758169,85.36923956884478,88.11
yes,,27.72161032214144,85.3691415637225,52.54
yes,,27.723014859163097,85.36384378979649,81.38
yes,,27.722478136864222,85.36387307248484,105.52
yes,,27.722688091002624,85.36419415659267,48.36
yes,,27.722899449975884,85.36325649997951,117.99
yes,,27.712625910357247,85.37048965637356,163.32
yes,,27.71257921372539,85.37093038229705,270.28
yes,,27.71251362136834,85.37101738779505,104.99
yes,,27.71269463676347,85.37112211777712,149.04
yes,,27.712287111658593,85.37139652637104,275.9
yes,,27.712321474602323,85.37148946140096,109.37
yes,,27.71234851504672,85.37154232459804,75.53
yes,,27.712381521312377,85.3715588939892,18.84
yes,,27.71241090161567,85.3716137461063,154.87
yes,,27.71249375738003,85.37174252514798,73.57
yes,,27.712344562794055,85.3717425828826,115.84
yes,,27.7122594274122,85.37174180703623,60.37
yes,,27.712168439685016,85.3712685016802,87.07
yes,,27.712224635882176,85.37129391535554,59.82
yes,,27.71218934796722,85.3712039132216,42.89
yes,,27.71203684999945,85.3709714500047,66.69
yes,,27.71191550104414,85.37142435417282,103.34
yes,,27.71187262010363,85.37131996205562,99.21
yes,,27.711843392223763,85.37120199251707,85.28
yes,,27.71214256548208,85.37183924313427,87.91
yes,,27.712060961816718,85.371871789639,50.06
yes,,27.712220961378705,85.37219032307185,200.61
yes,,27.71226670406532,85.37230762507468,95.14
yes,,27.71245308909909,85.37210483805399,119.86
yes,,27.71240671626434,85.37203631012922,49.03
yes,,27.712696627988613,85.37134486111056,82.82
yes,,27.713104887669854,85.37213996208999,347.66
yes,,27.712781016447586,85.37241247320782,296.55
yes,,27.712718090418093,85.37207801780663,130.43
yes,,27.712715601960316,85.37177796814153,63.87
yes,,27.71242452799999,85.37124810437504,202.89
yes,,27.71247878159784,85.37142409862437,79.98
yes,,27.712341420179037,85.37123415458598,67.7
yes,,27.712256927515536,85.37186660635695,78.76
yes,,27.712514631655196,85.37185371265164,384.82
yes,,27.71267772824221,85.37190778014953,107.39
yes,,27.713042222381656,85.37149316689036,206.68
yes,,27.713319425026786,85.3710489509244,322.91
yes,,27.713355416810067,85.37087819226274,113.84
yes,,27.71172804716998,85.37039331524807,113.65
yes,,27.71169581750524,85.37006685956784,100.86
yes,,27.71140045001992,85.36943849999011,74.43
yes,,27.711727377090487,85.36950801490597,119.52
yes,,27.711622012042632,85.36917739982708,96.95
yes,,27.71156008668293,85.36927773230985,49.28
yes,,27.71172153178872,85.36805923569612,282.5
yes,,27.711615322733667,85.36800265015677,101.98
yes,,27.712025501765684,85.37014164604801,80.14
yes,,27.71203232398772,85.3702156920104,80.19
yes,,27.712387956583747,85.37238426354176,72.47
yes,,27.712319539922873,85.3723881551043,44.37
yes,,27.712837032740037,85.37227149849768,282.67
yes,,27.712956931601095,85.37230138406875,197.39
yes,,27.713362384230223,85.37230229986295,73.93
yes,,27.71326834341449,85.37272899761794,97.09
yes,,27.713748626165053,85.37303132126195,257.06
yes,,27.713916748152638,85.37318208862389,122.48
yes,,27.714028484028614,85.37313924361453,118.92
yes,,27.714573257982234,85.37277262167288,653.37
yes,,27.714630522706823,85.37262477110433,162.4
yes,,27.714485570700273,85.37348813628265,161.3
yes,,27.71445966662822,85.37333106804073,94.79
yes,,27.714513395423342,85.37334884326359,25.36
yes,,27.71463792809108,85.37333060056471,169.44
yes,,27.714628657094774,85.37313618715312,98.41
yes,,27.71274175002251,85.36963034999162,89.34
yes,,27.712546252672396,85.36928590516828,83.38
yes,,27.712540654091157,85.36935885122928,77.58
yes,,27.713169422525013,85.37172820493724,91.16
yes,,27.71325180001087,85.37168534999465,98.25
yes,,27.71411984450908,85.37188847803046,572.97
yes,,27.714581950006792,85.37131614999747,129.27
yes,,27.714517750004745,85.37149604999698,106.09
yes,,27.714429359824667,85.37120910172273,219.37
yes,,27.714419585838115,85.37135343423635,252.25
yes,,27.714328831340257,85.37149472875178,113.21
yes,,27.71427470912171,85.37177713594467,184.07
yes,,27.71426805250266,85.37204526759069,110.44
yes,,27.714317194577735,85.37135654824196,72.96
yes,,27.714413831204528,85.37317220874539,72.96
yes,,27.714239499644886,85.3733217808415,142.64
yes,,27.71429231352109,85.37339199496385,57.62
yes,,27.715281337592142,85.37376820803482,174.57
yes,,27.71720860000226,85.37534364999956,33.76
yes,,27.717197920253973,85.37519724447134,52.74
yes,,27.717268650687757,85.37517477438188,49.91
yes,,27.717264849997285,85.37527065000467,33.37
yes,,27.717327915564663,85.375234657595,49.53
yes,,27.71747006501865,85.37595227544296,460.3
yes,,27.717541603196064,85.37605985006142,75.66
yes,,27.71752870227857,85.37616465719206,66.3
yes,,27.71751459998931,85.37632080001691,142.13
yes,,27.718362571265317,85.37606021735165,215.56
yes,,27.718344050959026,85.37621756745355,87.2
yes,,27.718202009014647,85.37564437326078,103.02
yes,,27.718246797518525,85.37557367078584,171.75
yes,,27.718268620462858,85.37584245431131,319.17
yes,,27.716321289134093,85.37545303224698,45.5
yes,,27.720413260767753,85.37665837114002,170.6
yes,,27.720612318904156,85.37708451384458,74.94
yes,,27.72044420445592,85.37682097977913,86.39
yes,,27.72031531389437,85.37684435546551,285.6
yes,,27.720176046170366,85.37700660733675,302.74
yes,,27.719914980118208,85.3765583763148,576.25
yes,,27.71996928038089,85.37642295011932,68.95
yes,,27.723642483693126,85.3631494025009,211.07
yes,,27.723665750048184,85.36341050004931,220.45
yes,,27.723000820582765,85.36289795052828,185.64
yes,,27.722967045684534,85.36303617187106,188.07
yes,,27.718737342850964,85.35506634773672,52.83
yes,,27.717412138716817,85.35492571487723,128.99
yes,,27.71734214951444,85.35498605778741,19.62
yes,,27.715722167759317,85.37223155687508,123.48
yes,,27.715445562484298,85.37154982722319,217.05
yes,,27.715501900004288,85.37166845000061,63.83
yes,,27.715440601655374,85.37175861757964,51.99
yes,,27.715339713846642,85.37198684470464,74.23
yes,,27.715350441491772,85.37187454194935,83.55
yes,,27.715453316661453,85.37191169664169,58.22
yes,,27.715595832456646,85.37174090871756,84.53
yes,,27.715531076789564,85.37181657996845,64.96
yes,,27.715782355034037,85.37081138754976,117.27
yes,,27.715618118346477,85.37118272165243,156.73
yes,,27.715691623713177,85.3712243563244,126.15
yes,,27.71551656313118,85.3713800926011,34.21
yes,,27.71427426656879,85.37107864185263,108.51
yes,,27.71421316050721,85.37112831685529,88.15
yes,,27.714153748555518,85.37120118141135,78.84
yes,,27.713980752139395,85.3709549678218,116.68
yes,,27.71402089065294,85.37069682785469,199.22
yes,,27.713839331309995,85.37042153081478,85.0
yes,,27.713949429166444,85.37047771804698,122.35
yes,,27.714581850009,85.37030259999968,141.22
yes,,27.713520344664435,85.3701444220008,147.66
yes,,27.7135647789646,85.37026141767667,80.49
yes,,27.71353985156797,85.37021769996295,76.5
yes,,27.713593173707938,85.37065043435497,116.82
yes,,27.713688755067544,85.37072674718533,88.5
yes,,27.71363586060271,85.370866821468,33.21
yes,,27.713625176991368,85.37097566063453,143.51
yes,,27.71371055114361,85.37092038901278,91.43
yes,,27.713640851611068,85.37040159164657,80.87
yes,,27.713661036998243,85.37049522536765,86.81
yes,,27.713679652326956,85.3705861536571,66.05
yes,,27.713629388906874,85.37031278262934,122.23
yes,,27.713482199651043,85.37064529783032,35.9
yes,,27.713492280260986,85.37059893206339,12.91
yes,,27.713481115626678,85.37053530764162,60.73
yes,,27.71290091159213,85.3702083090733,139.92
yes,,27.712792921593433,85.37024678742065,147.36
yes,,27.712691480909115,85.37025650650939,111.31
yes,,27.712782767807802,85.37016318757647,74.88
yes,,27.712926740109673,85.37010351170552,80.91
yes,,27.71290612782813,85.37030402584341,77.31
yes,,27.713052950016685,85.3701165499931,89.04
yes,,27.713839872102806,85.37004891794577,105.34
yes,,27.71298275190494,85.37104700868524,69.56
yes,,27.712885148751067,85.37117514664666,88.82
yes,,27.71295195819971,85.371167693136,46.93
yes,,27.712877548808947,85.37159369338241,126.16
yes,,27.712730149998567,85.37164980000811,44.41
yes,,27.71270355207624,85.37158168530456,45.34
yes,,27.712639350003418,85.3713728499987,27.27
yes,,27.712759419742678,85.37142260686562,17.03
yes,,27.7124824983459,85.37217240104405,49.06
yes,,27.715431353645293,85.37506853503658,70.6
yes,,27.713966338873686,85.36851882665236,67.81
yes,,27.713888339708287,85.36864916901509,65.73
yes,,27.714107100576467,85.36851371867856,114.68
yes,,27.71408205736142,85.36843753268366,63.29
yes,,27.7141574944542,85.36858876918109,62.08
yes,,27.7142237499544,85.36867179528713,135.89
yes,,27.714276100018033,85.3683385500046,120.05
yes,,27.714011370165064,85.36844878905876,23.15
yes,,27.714368999999614,85.36868494999506,27.78
yes,,27.71425950379744,85.36792478704604,91.17
yes,,27.714155181466392,85.36806481551947,91.62
yes,,27.71318648281765,85.36574850703319,279.11
yes,,27.71312806526994,85.36594336444853,118.84
yes,,27.713259837891147,85.36596562572275,115.53
yes,,27.71314760000655,85.36557344999953,43.18
yes,,27.713148403165427,85.36535626695284,110.17
yes,,27.71299584339829,85.36506912192989,89.57
yes,,27.712921998620292,85.36507983754048,179.05
yes,,27.712619699998406,85.36463479999956,150.22
yes,,27.715161639256323,85.36133616015668,390.2
yes,,27.715022569423912,85.36132138246171,117.03
yes,,27.714862816754952,85.35978209433215,392.42
yes,,27.71485961585783,85.35957459496548,466.92
yes,,27.715127195913674,85.35990179387117,236.47
yes,,27.71500600178169,85.3596339757065,256.24
yes,,27.715129818129107,85.3596632172184,445.2
yes,,27.71520764812017,85.3595979932827,269.0
yes,,27.71527735003669,85.35962684999856,98.44
yes,,27.715169251753384,85.36008125291546,351.54
yes,,27.713555567671392,85.36370567793034,93.93
yes,,27.71176162909075,85.36284367334315,204.34
yes,,27.71277003863263,85.36076454991262,359.99
yes,,27.712883661420605,85.3597480156209,121.26
yes,,27.713058071945557,85.35927609278319,262.0
yes,,27.713082549396482,85.35858779179122,122.13
yes,,27.712920782278655,85.35872016484625,182.42
yes,,27.71307580845601,85.35895395653661,205.36
yes,,27.71330953727764,85.35967809584398,177.97
yes,,27.713041115704,85.35911825007959,42.17
yes,,27.712930972202432,85.35897413538382,105.67
yes,,27.712928548623825,85.35906163985086,178.85
yes,,27.71191741437146,85.35897440607499,140.37
yes,,27.7118088431872,85.35911556278027,50.33
yes,,27.711876902444725,85.35906274610329,29.29
yes,,27.710427413887704,85.35871362572907,95.76
yes,,27.710079999988785,85.3578678000021,105.4
yes,,27.710233617342148,85.35807191689737,93.88
yes,,27.71194756027726,85.35880764790265,352.37
yes,,27.717393662026446,85.36043514954558,1023.71
yes,,27.71766325725839,85.36036567247106,212.64
yes,,27.717648962579393,85.36050085661866,253.12
yes,,27.717810186861534,85.36016565019368,310.79
yes,,27.71779202158353,85.35993975565515,589.89
yes,,27.717580507474157,85.35995142124197,176.9
yes,,27.71739980409914,85.36007230441497,122.8
yes,,27.71698440000064,85.35945824999439,259.94
yes,,27.716993730523818,85.3599858282508,515.29
yes,,27.71704054867253,85.35965198595677,73.25
yes,,27.71700248587162,85.36036992291733,488.25
yes,,27.71651091787478,85.36106093112296,99.86
yes,,27.716321377401886,85.36140794745047,166.32
yes,,27.71627851145028,85.36112842986044,143.14
yes,,27.711747700922803,85.36266755213472,130.16
yes,,27.7118624025073,85.36216351388795,336.18
yes,,27.71186320759225,85.36231601534304,417.46
yes,,27.71206817469964,85.36218845725006,122.29
yes,,27.71206657221474,85.36229210288109,134.58
yes,,27.712078503990075,85.36238076026619,82.55
yes,,27.71225627433119,85.36236455299182,81.24
yes,,27.7175860148189,85.36222147958664,107.1
yes,,27.71821425267083,85.36268748336352,110.06
yes,,27.718273371820874,85.36260329531645,84.29
yes,,27.71822263343689,85.36283313396319,97.46
yes,,27.718228139609394,85.362755136298,62.54
yes,,27.718001235282856,85.36345955297388,121.29
yes,,27.718042474794657,85.36307120728263,86.32
yes,,27.71794760641351,85.36305549771674,108.46
yes,,27.718123022351335,85.36320427107907,98.97
yes,,27.718034526658645,85.3631817176013,94.33
yes,,27.717900272739918,85.36319662073706,237.87
yes,,27.717521451465135,85.36347519753544,127.88
yes,,27.717278519073695,85.36382745762283,75.67
yes,,27.717216579898743,85.36385652909797,36.1
yes,,27.718259099590103,85.36177460933418,184.87
yes,,27.717467811784516,85.35932677233394,187.59
yes,,27.715803670727343,85.35890585745521,120.16
yes,,27.71629563215909,85.35885547851815,176.6
yes,,27.716326087622956,85.35897394643928,115.63
yes,,27.7161978526139,85.3586862852299,115.13
yes,,27.715997330855256,85.35898590073654,97.98
yes,,27.715343450008557,85.35791874999558,155.71
yes,,27.71547996896397,85.35737351360903,493.96
yes,,27.715367700007654,85.35756545000083,106.98
yes,,27.715321727132736,85.35766740520052,134.22
yes,,27.714030744498867,85.36010363244876,137.54
yes,,27.714024048380598,85.36001644246112,107.73
yes,,27.71383495313384,85.36121244937542,234.06
yes,,27.713813200411934,85.36132815113282,213.02
yes,,27.71372348326324,85.36151532492221,104.58
yes,,27.713760867247387,85.36113820929268,161.77
yes,,27.713002749983236,85.36235380000078,104.45
yes,,27.712439922676136,85.36328909677856,122.71
yes,,27.712694667683497,85.36389955001607,183.1
yes,,27.712661249999265,85.36415565000006,83.43
yes,,27.713765585126346,85.36378697523078,96.78
yes,,27.714249979939577,85.36438361720187,99.9
yes,,27.714449515016586,85.36514229561561,109.94
yes,,27.71432342815725,85.36509619323637,67.25
yes,,27.714332265363474,85.36503175243716,70.7
yes,,27.71383612745284,85.36495161632268,134.42
yes,,27.712922894349603,85.36595915147554,76.76
yes,,27.712845738187372,85.36592975192772,97.56
yes,,27.712777170695503,85.3658943354669,81.35
yes,,27.712469433341592,85.3659711902136,115.88
yes,,27.712520500609152,85.36590384721939,53.57
yes,,27.712001764380837,85.36576531702174,307.14
yes,,27.711826956352624,85.36576821280902,258.37
yes,,27.711922791696114,85.36566678247723,62.48
yes,,27.711801758738822,85.36565032450503,42.22
yes,,27.711982742660613,85.36598371330018,182.62
yes,,27.711808809654737,85.36588564660764,149.78
yes,,27.711746923966615,85.36598384676942,83.93
yes,,27.713389702215814,85.36593543690395,98.8
yes,,27.71221985911756,85.36608339291796,88.33
yes,,27.71152194999762,85.3670083999873,112.88
yes,,27.711488616008022,85.36710323177172,101.87
yes,,27.711448762083705,85.3676496044197,232.28
yes,,27.711276051687882,85.36762844979957,114.5
yes,,27.711345760033787,85.36758884131801,21.33
yes,,27.711347930891673,85.36778929079588,74.21
yes,,27.711416813205282,85.36771096026047,56.92
yes,,27.711483088645956,85.36781605958744,30.49
yes,,27.71119783196646,85.36785134066479,67.35
yes,,27.71131478070173,85.36786234206083,40.98
yes,,27.711596337341263,85.36785703138597,67.92
yes,,27.711557410782465,85.36775432642108,96.46
yes,,27.711593634944265,85.36721334618692,127.73
yes,,27.711927682820885,85.36487626505468,102.9
yes,,27.712272103023363,85.36400715072828,87.68
yes,,27.712013746131476,85.36419446928461,72.71
yes,,27.712048003828304,85.36392791722805,140.07
yes,,27.712024139504532,85.36402177169613,118.37
yes,,27.712116794482323,85.36402203337748,99.48
yes,,27.712194757254192,85.36401620637368,61.67
yes,,27.712284407267408,85.3637881213589,28.34
yes,,27.712221878028714,85.36348028706779,117.2
yes,,27.71164399546924,85.35639272922995,105.93
yes,,27.713291094497553,85.36307383152122,117.83
yes,,27.713055174783168,85.36329965865112,164.68
yes,,27.71319237451786,85.36331336477181,109.0
yes,,27.71253991627839,85.36305988285983,89.61
yes,,27.713158299990376,85.36216860000012,86.79
yes,,27.713157749991314,85.36202419999971,99.05
yes,,27.712999200008426,85.36388524999937,91.01
yes,,27.713055174870114,85.3637325675815,107.09
yes,,27.713848475556894,85.36467214327412,120.68
yes,,27.713927150006874,85.36467494999977,41.96
yes,,27.713875536618847,85.364218274447,113.56
yes,,27.71373010000097,85.36418209999954,67.86
yes,,27.713547387705205,85.36413922446064,147.94
yes,,27.71362330000011,85.36008734999984,52.85
yes,,27.713629800008956,85.35969209999935,90.95
yes,,27.71413070740131,85.35926636887464,146.04
yes,,27.713013285298945,85.35559344324557,102.83
yes,,27.71318365085586,85.35585336595707,49.34
yes,,27.712969182474648,85.35575438360871,75.26
yes,,27.713075073351497,85.35601361823755,115.53
yes,,27.71270639665523,85.35644732116839,92.91
yes,,27.712632461033845,85.35644161913535,80.72
yes,,27.71276961324676,85.35728192866563,539.83
yes,,27.712560609340496,85.35728854986421,140.72
yes,,27.712388236951774,85.35709806583165,96.26
yes,,27.71269473939164,85.35710293568175,152.01
yes,,27.712553282259176,85.35709464974985,156.4
yes,,27.711998340065414,85.3569199087467,88.05
yes,,27.71398205236878,85.35745116018906,110.88
yes,,27.713938063059178,85.35758852618423,62.82
yes,,27.712697708228816,85.3574564145023,23.14
yes,,27.712860561595825,85.35757772699382,49.17
yes,,27.713085329817385,85.36967632194842,291.24
yes,,27.713339650004073,85.36946424999854,114.76
yes,,27.713393593792023,85.36988312554791,85.63
yes,,27.713384269424168,85.36998903358456,96.15
yes,,27.712344875322266,85.37065815677778,64.28
yes,,27.71226290417056,85.37068067411683,94.06
yes,,27.712411057999063,85.37066462385086,53.06
yes,,27.713552854188183,85.37251675584396,327.96
yes,,27.7134470973906,85.3724765911395,189.4
yes,,27.713503169606955,85.37236697872854,40.47
yes,,27.713554686596428,85.37288841326055,195.55
yes,,27.714141537928338,85.37295948960286,85.96
yes,,27.714248212635116,85.37286383228101,167.94
yes,,27.71419953734043,85.37301750224384,54.14
yes,,27.714191884564208,85.3730835722763,43.8
yes,,27.71414527711849,85.37322245691652,93.8
yes,,27.71476112848863,85.3731728085453,252.85
yes,,27.7149321377019,85.37306483001765,119.92
yes,,27.714943494177486,85.37380506910357,80.5
yes,,27.7318910969642,85.35573690434786,212.9
yes,,27.731783640641925,85.35561817990865,75.48
yes,,27.731174392556944,85.3551118178652,77.2
yes,,27.730753404836392,85.35567006357431,422.47
yes,,27.72980378128519,85.35716577061652,57.2
yes,,27.729779106699134,85.35721529482086,64.74
yes,,27.729947103025072,85.35723729088164,71.05
yes,,27.72990174864814,85.3571053156294,65.65
yes,,27.730103800003583,85.35675584999987,83.78
yes,,27.730036046110417,85.35676292592045,47.38
yes,,27.730171882995503,85.35709659491764,135.01
yes,,27.73016197708667,85.35697669662427,42.11
yes,,27.72995649188158,85.35688248008665,57.91
yes,,27.72994930000099,85.35667039999088,52.05
yes,,27.730299474812835,85.3567090214166,92.53
yes,,27.731599753643923,85.35689879828197,82.83
yes,,27.73119917160937,85.35668707208353,40.77
yes,,27.731441600207116,85.35664093723824,143.13
yes,,27.731774345852646,85.35737923244275,99.66
yes,,27.73394186743128,85.35653685199993,148.47
yes,,27.730769030679664,85.3580786622343,80.15
yes,,27.73065071898123,85.35789138457734,97.89
yes,,27.730551504353127,85.35802554250789,99.19
yes,,27.730632000000835,85.35848419999887,93.82
yes,,27.730591674126977,85.35861436237592,151.44
yes,,27.73119361763023,85.3587977117728,143.28
yes,,27.731067633283544,85.35873830491414,213.98
yes,,27.731233936620658,85.35892235360662,85.02
yes,,27.73088419124382,85.35902443481213,133.16
yes,,27.730335693447785,85.35891062174667,118.29
yes,,27.730081849263836,85.35876289570224,238.94
yes,,27.72889806021793,85.35873676121749,75.27
yes,,27.729136831372717,85.3587471590244,77.46
yes,,27.730830438787862,85.35834920155159,74.37
yes,,27.730768757772577,85.35851993298763,253.63
yes,,27.73059286325335,85.35887357867925,27.12
yes,,27.730156974892232,85.35764670269278,83.04
yes,,27.730229828609108,85.35821374122396,127.3
yes,,27.730130449997862,85.35811700000531,51.48
yes,,27.73265358137418,85.35618984104757,195.91
yes,,27.732339996403162,85.35630672553748,82.86
yes,,27.732212745907685,85.35597862940206,919.16
yes,,27.732177807233718,85.35759640651982,97.09
yes,,27.732259830374257,85.35759651247514,71.63
yes,,27.73194784390214,85.35775084065773,96.5
yes,,27.732080313154018,85.35770859316045,88.61
yes,,27.73164875579107,85.35811589649288,102.31
yes,,27.731813806805608,85.35808337563091,86.79
yes,,27.73181878907186,85.35819236302818,75.33
yes,,27.73264453014834,85.35837998979028,79.01
yes,,27.732671507334214,85.35854323474183,381.97
yes,,27.73273768050969,85.35857964672977,33.36
yes,,27.729563218462356,85.35485699466547,116.41
yes,,27.729687573293567,85.35500877779289,90.67
yes,,27.730171304673966,85.35523163161194,152.09
yes,,27.730526936664884,85.35515891541493,240.45
yes,,27.730600596058977,85.35583617569087,135.75
yes,,27.730652848901176,85.35586931737654,73.68
yes,,27.73218747965257,85.35650591348283,121.31
yes,,27.732782079256573,85.35627438973577,72.26
yes,,27.73336485001166,85.3563184500077,94.37
yes,,27.732438257093833,85.35901702647737,94.62
yes,,27.732400783788545,85.35936234637944,92.75
yes,,27.730168680866484,85.36094378642701,95.06
yes,,27.730591328936722,85.36102832548606,176.24
yes,,27.73052466808568,85.36109368072276,94.37
yes,,27.73058847998625,85.36113859846641,61.88
yes,,27.730308181360726,85.36118800771004,109.29
yes,,27.730488124736425,85.36156923332952,81.92
yes,,27.730545969290887,85.36227442552992,97.46
yes,,27.731286743258,85.3634653890339,753.38
yes,,27.731799676241206,85.36386748972967,245.32
yes,,27.731686529366787,85.36423644224675,95.42
yes,,27.73105291704446,85.36358634121014,100.86
yes,,27.73112587361028,85.36355740004741,57.04
yes,,27.731476340285262,85.36370678086293,153.56
yes,,27.731819411196582,85.36491609227156,107.14
yes,,27.731946648442122,85.36470583817439,115.97
yes,,27.732116200007574,85.36537749999559,108.99
yes,,27.733202873779728,85.36646809827084,122.35
yes,,27.7331401500188,85.36705444998118,115.9
yes,,27.733387816652495,85.36792586058264,64.09
yes,,27.733730220153564,85.3673112962278,81.75
yes,,27.733630297140905,85.36714976423723,193.29
yes,,27.733026016098883,85.36745436154686,173.51
yes,,27.732903092034842,85.36744342574497,59.08
yes,,27.731846434709972,85.36855994874115,141.51
yes,,27.731877226740867,85.36845704083,68.33
yes,,27.731749994798523,85.3695840612305,116.88
yes,,27.73100832249391,85.36991566005638,153.33
yes,,27.729232500005388,85.36887934999909,108.16
yes,,27.728255914542082,85.3687424774706,146.2
yes,,27.716491799998266,85.37589719999883,54.71
yes,,27.71651390001414,85.37603520000219,73.7
yes,,27.713413272609095,85.37383984610345,95.16
yes,,27.71357810222344,85.37417709115408,65.05
yes,,27.713833450006707,85.3741553500073,35.58
yes,,27.713748184627946,85.37423381463906,48.92
yes,,27.713760300002793,85.37413490000208,32.69
yes,,27.723265467782454,85.34792830738317,75.45
yes,,27.723068623323282,85.34736595817131,277.91
yes,,27.721887513378864,85.34856707221805,94.0
yes,,27.721931414535874,85.3486145516487,57.13
yes,,27.72196150945347,85.34870109739484,203.55
yes,,27.722038345188185,85.34921347181255,110.84
yes,,27.72307036039087,85.34903655655597,215.34
school,Taklung Kagyu Tashi Pal Monastic School,27.730410850417005,85.372389317238,227.08
yes,,27.72557875571683,85.34988357475234,38.95
yes,,27.72452218767875,85.35016782749678,318.44
yes,,27.723438949958187,85.35006064999867,236.3
yes,,27.72326388029598,85.35009949512637,46.53
yes,,27.723009745103152,85.35325975372065,91.41
yes,,27.722742444575786,85.35320381624099,147.03
yes,,27.723093241180145,85.35324494987825,103.98
yes,,27.724973666748518,85.36156422858606,262.31
yes,,27.721727139658167,85.36406033953023,157.06
yes,,27.72193195370588,85.36392842910523,44.15
yes,,27.72190801049055,85.36470139239208,114.33
yes,,27.72210702656348,85.36608108097914,155.75
yes,,27.72192556292012,85.3655632698436,72.4
yes,,27.721863143215216,85.36566429572657,157.73
yes,,27.721784843490155,85.36546910333284,51.52
yes,,27.721076324238442,85.36590382601172,392.21
yes,,27.720910291382292,85.36508756915273,119.04
yes,,27.720958387061923,85.36515249016512,54.47
yes,,27.720348036403283,85.3654899171334,28.65
yes,,27.720581257550293,85.36604883607744,194.5
yes,,27.720271364174383,85.36632491896641,130.77
yes,,27.71945166473285,85.36802955521715,159.3
yes,,27.719857006945357,85.36801730599069,79.93
yes,,27.71968610357034,85.36758348853017,44.02
yes,,27.719759365809303,85.36754752416495,119.12
yes,,27.719567066960927,85.36762890426188,93.89
yes,,27.719537617320658,85.36769717912769,70.7
yes,,27.71951802772025,85.36780970543788,143.21
yes,,27.718896129791784,85.36905652497775,88.68
yes,,27.718923229930645,85.36887728173686,123.57
yes,,27.719110976641595,85.36916837529809,195.45
yes,,27.72116957058916,85.36952607554483,102.77
yes,,27.721131704598744,85.3696946827126,249.41
yes,,27.72119759207505,85.36995207494961,220.57
yes,,27.722164607744183,85.3733471835014,214.12
yes,,27.722069176993692,85.37348669657521,82.68
yes,,27.72221466167632,85.37350432124735,111.68
yes,,27.722150500594875,85.37346805725942,115.96
yes,,27.72252382785264,85.37433703464778,164.95
yes,,27.7223323381982,85.37411905679382,89.01
yes,,27.722439700148293,85.37418395664903,75.45
yes,,27.722284670016382,85.37354345200178,116.13
yes,,27.72236800351335,85.37359729510223,161.97
yes,,27.722464909496956,85.37364945723485,190.71
yes,,27.72283212395425,85.37419740534685,68.29
yes,,27.72287733202505,85.37416374208722,31.12
yes,,27.722886176899898,85.37410679953166,42.52
yes,,27.72282822768516,85.37410169795689,25.21
yes,,27.722759283473223,85.37406990375639,47.75
yes,,27.72271217609099,85.37417595765395,63.42
yes,,27.723446059835716,85.375648136467,121.48
yes,,27.723374093690374,85.37576352363831,161.17
yes,,27.72448159235438,85.37607931320302,265.47
yes,,27.72448172044769,85.37581938177358,261.67
yes,,27.724574046222724,85.37621580498055,285.16
yes,,27.724621506451548,85.37606986369344,140.79
yes,,27.724714484049507,85.37596205522101,144.85
yes,,27.7246678066882,85.37578008160747,59.01
yes,,27.72459376420903,85.37584681915932,58.98
yes,,27.724663729634376,85.37585105276912,80.35
yes,,27.724653030424754,85.375945963945,88.06
yes,,27.724850826804964,85.37647361845374,581.14
yes,,27.72521345977363,85.376487012486,84.19
yes,,27.725274952347725,85.37623727617104,30.17
yes,,27.724652165308225,85.37649794142841,97.65
yes,,27.724614212241946,85.37664324238673,157.12
yes,,27.71610130804361,85.36276810157418,304.46
yes,,27.716044227120367,85.36253241654235,163.48
yes,,27.716355105177392,85.36275010266147,38.28
yes,,27.716317087633882,85.36268948608702,43.09
yes,,27.71621649904533,85.3627024334279,188.63
yes,,27.716200969137294,85.36309373324993,57.64
yes,,27.716196300012438,85.36230154999883,146.84
yes,,27.716436675174144,85.3624993858592,87.4
yes,,27.717254073915495,85.36357562850297,77.74
yes,,27.71729764301667,85.3634809954994,107.08
yes,,27.716293449997988,85.3617268499998,96.04
yes,,27.719686649998838,85.36337699999955,63.51
yes,,27.71984523866787,85.36330552473787,92.87
yes,,27.719834341077554,85.36304702427782,146.03
yes,,27.719741254893254,85.36292483682806,45.07
yes,,27.71978182051466,85.3638376275426,68.09
yes,,27.719815999984956,85.36372619999936,80.11
yes,,27.71942994119129,85.36389166503307,502.33
yes,,27.71944547314894,85.36341850370457,45.89
yes,,27.719533860852756,85.363426084195,101.24
yes,,27.71571190000436,85.36001379999952,96.53
yes,,27.71572540916383,85.36010833037129,102.51
yes,,27.715811103964207,85.35993078259996,69.43
yes,,27.71579542252534,85.35985053078188,78.39
yes,,27.71544099103241,85.3600867561587,164.7
yes,,27.714754120952648,85.36075114114675,78.42
yes,,27.714715714511343,85.36091602044623,115.25
yes,,27.714634042789037,85.36107840329261,63.86
yes,,27.71286856428459,85.36926759811509,433.34
yes,,27.71268944339408,85.36887830302213,111.71
yes,,27.71285520317788,85.36850793310542,82.69
yes,,27.712999281142764,85.36864029719476,80.06
yes,,27.712887150008502,85.36769715000229,84.92
yes,,27.71324474999991,85.3682064999987,48.03
yes,,27.71384024632553,85.36809882373312,63.59
yes,,27.713881094505172,85.36788534533538,103.59
yes,,27.713906952278666,85.36780478466333,133.76
yes,,27.713876722537595,85.3677113724502,87.76
yes,,27.714029417908552,85.36804653288283,106.87
yes,,27.714067290342758,85.36792961959301,94.77
yes,,27.71925731767404,85.36788286653827,288.12
yes,,27.71930879352602,85.36778906940134,99.2
yes,,27.719338312322755,85.36766789774668,92.6
yes,,27.71935180111035,85.3675995172019,28.47
yes,,27.719408937572016,85.36740016225242,98.58
yes,,27.719448910929856,85.36753538806958,64.53
yes,,27.71925751219952,85.36763274533784,130.08
yes,,27.719105850004695,85.36794800000042,66.25
yes,,27.719107400009886,85.36782635000502,61.86
yes,,27.719002401729107,85.36783279588188,104.93
yes,,27.71891248672648,85.36790475206841,104.07
yes,,27.71886077809424,85.36768962007295,146.19
yes,,27.718728645572416,85.36788473674993,128.32
yes,,27.718784886374703,85.3677801284246,41.97
yes,,27.71883274418356,85.36797968232811,84.86
yes,,27.718582496658755,85.36799796308928,207.93
yes,,27.718429029158177,85.36789373566354,95.36
yes,,27.71851603156554,85.36789692482049,76.37
yes,,27.718468762871726,85.36795551316766,36.26
yes,,27.71840811313044,85.36742784938814,111.41
yes,,27.718259873267378,85.36758983924098,250.85
yes,,27.718174681105165,85.36792654280781,371.56
yes,,27.718326526351092,85.36829549032412,288.32
yes,,27.71817169370018,85.36827879639928,189.36
yes,,27.718317510212472,85.36818838342514,252.27
yes,,27.71744663263356,85.36762167158803,194.48
yes,,27.717670256263034,85.36757392894711,148.12
yes,,27.717801529102562,85.36733860044274,47.77
yes,,27.71781933810429,85.36727605445795,36.87
yes,,27.717699199999416,85.36721369999697,35.99
yes,,27.717818161164864,85.36721170598791,34.57
yes,,27.71775894539175,85.36722624596831,37.15
yes,,27.717742712282387,85.36712940353112,48.28
yes,,27.71728369113325,85.36667483841387,91.01
yes,,27.71731209933507,85.36656245511954,109.64
yes,,27.717373643802677,85.36634491324472,87.61
yes,,27.717429068040854,85.36612973630552,82.49
yes,,27.71729271551257,85.36632762002351,460.58
yes,,27.715988277220344,85.3676737845728,129.88
yes,,27.71590264716146,85.36765066380997,96.21
yes,,27.715834961578523,85.36763102546833,69.95
yes,,27.71576848919525,85.36760915870887,83.86
yes,,27.715921079965263,85.36789223991939,85.55
yes,,27.715855611112406,85.36797658277102,105.06
yes,,27.71596348208538,85.367826848606,114.06
yes,,27.722546087355735,85.34683514675808,108.47
yes,,27.720566421512952,85.34677560339836,0.11
yes,,27.72044265745151,85.34686393112322,116.26
yes,,27.72061146591734,85.34694040898769,38.76
yes,,27.720699030975673,85.34721233485686,83.49
yes,,27.72075420000875,85.34704719996758,168.32
yes,,27.720822010316038,85.34691213752869,107.43
yes,,27.71963293548749,85.35112511307557,815.03
yes,,27.72296832237957,85.35495145728544,73.27
yes,,27.723125233998616,85.35472561713648,113.09
yes,,27.722996813638357,85.35438764280086,134.13
yes,,27.71320623055438,85.36181121261602,57.28
yes,,27.71299516593292,85.3618112130115,113.98
yes,,27.71310609189597,85.3619205709203,48.35
yes,,27.712929623196292,85.35942559769963,269.84
yes,,27.713013713851286,85.35827025697989,239.4
yes,,27.713306125105024,85.35781678603497,256.51
yes,,27.713585000416778,85.35754034465712,92.66
yes,,27.713659048234614,85.35747101306995,86.82
yes,,27.713576105392068,85.35740231306134,76.78
yes,,27.71368050959764,85.35735344912732,69.69
yes,,27.71357575356379,85.35733572345228,76.26
yes,,27.71357661641228,85.35727017636351,75.78
yes,,27.713681235080777,85.35729331289545,66.7
yes,,27.71362687997745,85.36913627897557,113.96
yes,,27.713598793353174,85.36940112898768,119.25
yes,,27.713599812831994,85.36948551924007,44.08
yes,,27.713635732964494,85.36902313559112,91.33
yes,,27.713775867863866,85.36906657710855,92.65
yes,,27.713752351757023,85.3692034358769,84.72
yes,,27.71383898091106,85.36920449703993,106.63
yes,,27.713728419788723,85.36953422107725,111.6
yes,,27.714130977780787,85.37099968147659,528.19
yes,,27.714091726890544,85.3715766418107,69.28
yes,,27.714829037801564,85.37282132685704,165.21
yes,,27.714917056573302,85.37274172434672,92.48
yes,,27.714985455741672,85.37268313682706,115.34
yes,,27.715128446524144,85.37259523537126,113.05
yes,,27.72273622994931,85.3530469055374,22.15
yes,,27.721563300000618,85.3512288499973,22.12
yes,,27.72129498700785,85.35130008444709,51.23
yes,,27.71558580000945,85.3600660499991,98.19
yes,,27.716082637177095,85.35880383111865,12.54
yes,,27.715443862005234,85.3589293700312,114.41
yes,,27.715698000017863,85.35960734999806,91.16
yes,,27.726202999996616,85.35605685000272,58.35
yes,,27.725648949999425,85.35540134999711,20.53
yes,,27.731843100011663,85.3550756500014,53.92
yes,,27.732826075917558,85.35528889328013,13.37
yes,,27.732835931477307,85.35565509309843,19.06
yes,,27.73115914107148,85.35693316721651,37.98
yes,,27.730811561365257,85.35601142721077,186.78
yes,,27.73079990739761,85.35587142525006,177.92
yes,,27.731304549704763,85.35545136662239,43.46
yes,,27.73150200000158,85.3551016999985,40.39
yes,,27.731928350000942,85.35500714999715,24.44
yes,,27.71325360000104,85.37045895000763,46.54
yes,,27.713164099999776,85.37051585000553,37.22
yes,,27.71335495000044,85.37041505000396,32.27
yes,,27.71266605666571,85.36987187436729,48.78
yes,,27.712517923641894,85.36977130481124,115.82
yes,,27.713251350011294,85.36555219999886,221.45
yes,,27.714298578724,85.36765939234498,56.84
yes,,27.714049320680385,85.3677605145391,40.63
yes,,27.71806112251241,85.35314570606832,216.03
yes,,27.71800155204996,85.35286978146361,48.53
yes,,27.726308399999713,85.35538494999994,154.9
yes,,27.732263700004143,85.35457659999305,67.71
yes,,27.73335152429319,85.35485375104805,2.88
yes,,27.727093547557725,85.35926425374116,112.55
yes,,27.727092769742622,85.35936377781574,54.33
yes,,27.727518284294693,85.35990136961462,98.15
yes,,27.727352368291335,85.35948545824914,62.0
yes,,27.73040118837102,85.36054871358328,61.92
yes,,27.730596484595196,85.36069329577313,126.01
yes,,27.73097016622302,85.3611137499403,95.98
yes,,27.730400867609703,85.35992786744909,80.06
yes,,27.73027559099467,85.36008782132485,67.03
yes,,27.730258836209376,85.35999737719594,49.44
yes,,27.7302161854927,85.36007474199491,36.18
yes,,27.730232343272682,85.36015743690308,42.39
yes,,27.729963760917105,85.35991683619756,57.29
yes,,27.726142258295837,85.36588174157386,92.57
yes,,27.726113745399893,85.36569585569642,356.84
yes,,27.72604218868002,85.36583131518722,24.46
yes,,27.726047606323085,85.36575133555644,133.41
yes,,27.72886841779703,85.36152567340118,191.42
yes,,27.72877076599361,85.36159818143544,46.33
yes,,27.728748679091858,85.36174689095795,12.71
yes,,27.728687727555076,85.36178609636879,57.18
yes,,27.728132257657276,85.36204806242453,984.28
yes,,27.72826958422855,85.36180588121297,871.24
yes,,27.728304583905874,85.36156579373068,297.01
yes,,27.728077172501475,85.36151773148556,332.82
yes,,27.72755063125046,85.36208652523645,105.78
yes,,27.727537900000055,85.36186575000931,46.81
yes,,27.727342592839197,85.36137020813617,160.84
yes,,27.727191088552406,85.36147075541217,530.55
yes,,27.727253096714904,85.36162290389458,139.74
yes,,27.72676131053224,85.36233417298448,167.48
yes,,27.72629748951935,85.36171492300318,193.56
roof,,27.722158633351427,85.36136483333837,55.85
yes,,27.726521399756088,85.36855407322457,280.53
yes,,27.726627031611976,85.3696078525051,73.61
yes,,27.726985914481283,85.369302646611,53.92
yes,,27.72483050329871,85.37013395490925,5.04
yes,,27.724803991183283,85.37013357619898,8.97
yes,,27.72476249999958,85.37012929999993,14.71
yes,,27.727470272055083,85.36573446222457,88.83
yes,,27.727404150032577,85.36574049999179,131.22
yes,,27.727422175340507,85.36590865827573,61.19
yes,,27.727417276075084,85.36603455626974,45.02
yes,,27.72724895000118,85.3667639999993,30.64
yes,,27.724803626430724,85.36973238766711,29.1
yes,,27.72486681520243,85.36974606376137,34.98
yes,,27.727146550004502,85.369446299998,62.45
yes,,27.727022839631186,85.36961360284714,69.3
yes,,27.727174167269993,85.36964568238824,256.07
yes,,27.713351162231483,85.36825308277982,102.9
yes,,27.71364433394316,85.36853157020855,63.75
yes,,27.713494036064702,85.36841773375004,240.76
yes,,27.713448355650986,85.36854302885703,50.94
yes,,27.713539878883694,85.36875187090706,144.87
yes,,27.713417331940047,85.36873944550706,35.09
yes,,27.721951022141923,85.3668777336351,69.51
yes,,27.721905633277306,85.36700669979228,137.02
yes,,27.721791222170626,85.36723914215702,74.91
yes,,27.724879500000043,85.37140084999292,63.27
yes,,27.724814081621354,85.3716043953897,88.74
yes,,27.73395535000182,85.36609519999601,38.74
yes,,27.733921591785986,85.36613761562396,33.16
yes,,27.73389145554227,85.36618243347623,39.37
yes,,27.733860766885932,85.36623703786655,47.46
yes,,27.733804331591756,85.36632068957807,80.96
yes,,27.726220466032885,85.37350179541268,52.01
yes,,27.73351843918484,85.36698718547117,178.62
yes,,27.73405657184289,85.36714779146907,80.94
yes,,27.733981700003326,85.36719354999695,29.83
yes,,27.73393495144616,85.36723517081215,53.57
yes,,27.733841300001124,85.36724795000205,50.48
yes,,27.728290983832014,85.37370810178369,345.7
yes,,27.715017140011604,85.37491152404586,46.59
yes,,27.714979188705737,85.37497761157387,118.44
yes,,27.71505605000119,85.3750930499864,65.75
yes,,27.714508369751172,85.37487475796893,13.86
yes,,27.71412540154897,85.37476693034934,0.14
apartments,AK HEIGHTS - Luxury Apartments,27.725883963090013,85.35854544279246,912.07
yes,,27.714676894327315,85.37468477881524,37.5
yes,,27.718442108166535,85.37441932903344,70.32
yes,,27.718443583837058,85.37450992401102,73.46
yes,,27.71764403278136,85.37481561442564,157.79
