building_type,name,latitude,longitude,building_area_sqm
yes,,27.690506093195836,85.34021810530686,826.24
yes,,27.675469630533087,85.35422203854695,265.82
yes,,27.689716831127637,85.33746138149914,7977.26
yes,,27.685436902952784,85.33734030351005,875.93
yes,,27.686542028358442,85.34644768158944,38.01
yes,,27.686444346245352,85.34636712543356,51.26
yes,,27.68647742255229,85.34650761573992,72.09
house,Saraswati Niwas,27.672618833337282,85.3581210533761,57.78
house,,27.68272531327116,85.33630772896616,93.56
house,,27.682678439819025,85.33639321155425,67.79
house,,27.682640652438334,85.33646956268811,106.65
house,,27.682781903099887,85.33648322379463,114.97
house,,27.68272793969825,85.33658549602535,116.06
house,,27.682952265144102,85.33645684820699,124.47
house,,27.68262410000301,85.33626274999568,103.03
house,,27.682826564262577,85.33639331482566,113.21
residential,Naresh Giri,27.682596289892196,85.33635056063646,97.18
school,,27.67216007051842,85.35825552326794,144.74
college,Acer International College,27.674420367341785,85.36088502584889,314.27
house,,27.682924750001483,85.33634455000173,67.8
yes,,27.68364391975718,85.34873982072702,63.93
yes,,27.684081655778964,85.34849360614949,105.5
yes,,27.683976510769064,85.34855255622668,169.09
yes,,27.68468952923395,85.34783965201686,688.71
yes,,27.684291859732713,85.34798063497313,113.24
yes,,27.68399280000563,85.34805269999764,94.75
yes,,27.68375968144341,85.34864467365021,174.32
yes,Unique Fast Food,27.683579593857054,85.34876547620055,94.18
yes,,27.683677500006684,85.34819014998945,139.04
yes,,27.6850132619309,85.3475492465117,208.61
yes,,27.683834906939364,85.34830006355403,232.98
office,Black Swan Investment Technologies,27.682183507193376,85.34380716659041,112.86
yes,SoftNEP Private Limited,27.688655150004255,85.34160459999974,68.34
yes,,27.683876108272223,85.34779440839763,152.0
yes,,27.684172451611115,85.3478360018768,70.26
yes,,27.683917143527825,85.3481424520765,177.91
yes,,27.683754661078346,85.34799679092583,83.75
yes,,27.684081964413124,85.34790546022349,108.05
yes,,27.683798751073255,85.34737792245959,120.46
yes,,27.683639416728887,85.34760529063288,116.87
yes,,27.683940383596987,85.34756620246365,111.74
yes,,27.684017200075687,85.34765683488392,138.9
yes,,27.684061561014744,85.34602139895185,123.17
yes,Chhimeki Shopping Center,27.683878946463636,85.34619328323416,282.87
yes,,27.683813834071465,85.3476799453786,108.28
yes,,27.683637882262364,85.34741964670518,122.61
yes,,27.684345299032557,85.34774815199793,284.59
yes,,27.684496427119257,85.34741939741303,177.25
yes,,27.683634831478795,85.34786905853858,140.12
yes,,27.68415425333196,85.34822458280348,109.89
yes,Kantipur Publication of Nepal,27.68536506150714,85.3453606401799,514.41
yes,Century Commercial Bank Limited,27.68094833912255,85.34919811265225,177.28
yes,,27.680334020870188,85.3484837060577,97.8
yes,,27.680383050087254,85.34889464997644,244.08
yes,,27.68094153275201,85.3489280474083,139.38
yes,,27.680102571125097,85.34877730732946,111.22
school,,27.69485477885276,85.35190804932057,595.59
yes,,27.67999305543504,85.34874149068226,94.95
college,,27.67985601226288,85.34869368528064,76.01
commercial,Hotel Tapowan,27.681560974248608,85.34814331921737,134.61
yes,,27.680804400262513,85.34861891023797,132.1
yes,,27.680976569610223,85.348572201463,197.1
college,,27.679867500005855,85.34836564999966,61.36
clinic,Biraj Dental Hospital,27.67983780000314,85.34882049999757,139.38
yes,,27.680955373235165,85.34838496298448,106.12
yes,,27.6806634269903,85.34829258481402,78.15
yes,,27.68004410932825,85.34895508754903,208.11
commercial,J B Tailors,27.68587984749917,85.34528641125718,60.75
yes,,27.684636104990137,85.3449510520848,152.56
commercial,Neupane Tower,27.685889059630956,85.34447415377603,432.22
yes,38 Mitra Marga,27.683416476245185,85.34410714234087,127.13
yes,,27.683421293194154,85.34348785889405,63.1
college,,27.68534651098078,85.34363696232641,303.67
yes,,27.683415474941924,85.34359069041984,70.62
commercial,,27.685332066109133,85.34448472400095,105.66
yes,,27.68331698124277,85.34317809076173,101.55
school,triton school,27.684034565986853,85.34439042004863,109.98
yes,,27.683418550307678,85.3438668986918,178.81
yes,,27.68239871652872,85.34626495010907,172.64
yes,,27.682520600004946,85.34561729999814,88.12
yes,,27.683448093997722,85.34298755762455,45.31
yes,,27.682457866628326,85.34579599986897,112.74
yes,,27.682616138450115,85.3463527035139,171.68
yes,Gautam Niwas,27.682730555782467,85.34532585715128,107.11
yes,,27.682717700006886,85.34576440000127,129.59
yes,,27.682184986204803,85.34593647470895,89.57
yes,,27.682598840629296,85.3462251825972,122.59
school,V.S. Niketan School & College,27.685737230429083,85.34403992543774,193.08
yes,,27.682598997638483,85.34685156778725,118.32
yes,,27.68276546433759,85.34588012057267,153.13
yes,,27.683089649999243,85.34576210000537,61.65
yes,,27.68239585000338,85.34587439999058,97.25
yes,,27.682124245736123,85.34613284012762,90.7
house,,27.682688571536513,85.34449936270805,107.58
yes,,27.682918586658328,85.34419258176524,72.55
yes,,27.68213188546145,85.34440897830416,61.68
school,,27.681853436031734,85.34288326843658,177.82
yes,,27.682409550003243,85.34412049999644,95.63
yes,,27.682025012424308,85.34305643280666,96.26
yes,,27.681823023332605,85.34360897668903,69.16
yes,,27.682342056564956,85.34472517066008,121.82
yes,,27.68191490016635,85.3439484973124,93.98
yes,,27.682019093083902,85.34384782233457,69.35
yes,,27.681700873767365,85.34356918413098,31.69
yes,,27.68169883291137,85.34368621562132,16.86
yes,,27.68184950982695,85.34448231896164,71.55
yes,,27.681970590484653,85.34449154833332,72.69
yes,,27.681762958537213,85.34422251131201,187.24
yes,,27.682084933072126,85.34360948657238,56.77
yes,,27.681945294584676,85.34433664176267,160.46
house,,27.68187317456197,85.3454919593038,163.27
yes,,27.681789219873092,85.3437438923687,57.06
yes,,27.681967071955185,85.34422476420355,131.61
yes,,27.68238197658235,85.34486763537977,58.1
yes,,27.681903443911434,85.34528507059751,110.01
yes,,27.681619061436617,85.34442142899464,112.36
yes,,27.68139179342803,85.34527401769286,79.02
yes,,27.682468567412492,85.34469083918002,132.9
yes,,27.681933956143776,85.34516473598153,145.02
yes,,27.681784798375368,85.34394114701337,94.07
yes,,27.681658871244828,85.34415732937663,72.94
yes,,27.68200515000558,85.34397214999957,94.18
yes,,27.681652590629046,85.34426663198352,82.69
yes,,27.68162179286272,85.34453718321346,119.58
yes,,27.681639929318756,85.34473619754816,109.95
yes,,27.681929667138885,85.34495742790209,145.07
residential,Raju Gajurel,27.68281354065409,85.34786474522157,174.42
yes,,27.682679672589455,85.34424702002454,130.17
yes,,27.681756550004618,85.34489504999644,136.47
yes,,27.68231631216933,85.34458550823017,79.49
residential,Binod Gajurel,27.682752850006036,85.34770054999953,102.5
yes,,27.682088052226117,85.34461744023803,119.49
house,,27.682853862685626,85.34703312625257,78.68
house,,27.682108700006403,85.347408000004,75.44
house,,27.68212483244841,85.34237234787042,107.69
house,,27.682749100011005,85.34692215000614,130.1
house,,27.682190600004315,85.34254694999962,68.85
house,,27.681961400003374,85.34230234999468,122.47
house,,27.682159679611576,85.34710776840954,140.58
house,,27.6817048705769,85.34244190418812,70.84
house,,27.682434798436454,85.34714720084632,122.48
house,,27.681667150010558,85.34266335000045,103.43
house,,27.68241909521081,85.34729410669813,125.59
house,,27.682205732871825,85.34746984529053,78.4
house,,27.681849950009582,85.34224340000137,90.62
house,,27.681745700000924,85.34223604999715,91.99
house,,27.68181480688013,85.34269432838374,146.18
house,,27.682495854959278,85.34695968258424,104.03
house,,27.68212990000429,85.3426382999996,68.79
house,,27.682034052539066,85.34193357144642,189.41
house,,27.682410124024784,85.34759589438214,136.97
house,,27.681975602071763,85.34276919631611,102.0
house,,27.681826415412253,85.34237877876478,94.24
house,,27.682740604039136,85.34498546705944,80.47
house,,27.68183060000013,85.34253824999465,103.87
house,,27.681681829466562,85.34252435987815,74.69
house,,27.68192815000012,85.34242104999463,103.84
house,,27.682309397636377,85.34750766782398,103.91
house,,27.68208980000297,85.34246654999065,107.77
house,,27.682015200004916,85.34255030000237,60.43
house,,27.681774440563306,85.34179852224877,97.57
yes,,27.682500207614883,85.34231540212448,258.98
yes,,27.681870701701758,85.34200409235237,200.88
yes,,27.682264186339356,85.34307474385918,124.28
yes,,27.682521179327825,85.3430781226956,76.93
yes,,27.682362394570184,85.34329091460418,82.45
yes,,27.682567396954358,85.34334214715746,116.78
yes,,27.68276596595553,85.34273259838166,105.66
yes,,27.682727185713127,85.34329704658118,255.58
yes,,27.682371251922405,85.34285248370185,96.36
yes,,27.682270250004915,85.34292825000126,77.37
yes,,27.68243487797514,85.34317441004909,52.02
yes,,27.68219540340019,85.34300464294478,92.39
house,,27.681979444601662,85.34215946215807,97.11
yes,,27.682685458006812,85.34262486034416,120.48
yes,,27.68244466126047,85.34301288286026,123.54
yes,Kids Wonderland,27.680799865652006,85.347700904466,114.55
yes,,27.681456363553234,85.34623334315776,119.98
school,,27.68152353572326,85.34721759527582,84.16
yes,,27.681922765538133,85.34633493952829,187.05
yes,,27.681559327198364,85.34625058987015,88.36
yes,,27.68076483611018,85.34743601182727,81.89
yes,,27.68183594626214,85.34703028631789,146.3
yes,,27.681611431801937,85.34640958087847,103.6
yes,,27.68168280029055,85.34625803192225,104.51
yes,,27.681835805780388,85.34621054291006,108.01
school,,27.68166318002128,85.34753060048585,134.7
yes,,27.681326858060004,85.34685757887286,149.24
yes,,27.68121213150264,85.34589734508008,77.31
house,,27.681270353269205,85.3449111403167,96.52
yes,,27.680801300004614,85.34817310000382,168.61
yes,,27.681209261208757,85.34526996324306,191.94
house,,27.681244005059884,85.3422794748087,109.16
house,,27.681244249993714,85.3443878999909,94.16
house,,27.68145452455839,85.34423897759004,170.53
house,,27.68126693586424,85.34458546254483,18.49
house,,27.68149248162412,85.3421610347802,92.63
house,,27.68148505212518,85.34206167025731,75.6
house,,27.681486724246,85.34191335646388,126.41
house,,27.681560850010918,85.34396169999914,99.73
house,,27.681499811998243,85.3423565512479,100.84
house,,27.681215355110012,85.34248352243986,50.98
house,,27.68121963320292,85.34102282575043,110.7
house,,27.681537358049926,85.3415121435635,68.0
yes,,27.680925317108866,85.3417354653037,81.6
house,,27.681490270515944,85.34257638723062,90.9
house,,27.681319148700307,85.34421270956682,88.21
house,,27.681534011487646,85.34160752740547,52.94
house,,27.681248098772503,85.34087284786858,116.69
house,,27.68150097496253,85.34270971250213,85.61
house,,27.682216264075702,85.33983988115611,94.07
yes,,27.681133900001708,85.34280855000094,87.29
yes,,27.681185800007363,85.34305434999864,55.76
house,,27.68169577381188,85.34052146963653,122.1
yes,,27.681170872749025,85.34290687441477,30.47
yes,,27.681100186876893,85.34343555482126,75.12
house,,27.68179029960057,85.34041221665478,74.11
house,,27.68156631519552,85.34076854920183,156.08
house,,27.681317494136817,85.3405050523867,130.8
house,,27.68160411255043,85.34054297549046,53.79
house,,27.681861166256546,85.34034301621392,74.17
house,,27.68212349000486,85.33997165617444,62.39
house,,27.682156950004774,85.33944094998625,60.81
residential,,27.679067484493043,85.34266062487205,59.32
house,,27.681019400728275,85.33993375030143,135.99
house,,27.680986573617623,85.33980944558408,152.5
house,,27.68108777400363,85.34020962380033,96.81
house,,27.681140367521156,85.34031598775825,74.66
residential,,27.67833810000396,85.34311244999937,78.75
clinic,City Polyclinic,27.678346529802127,85.34611020075177,132.98
yes,,27.67553164999894,85.34161859998959,132.96
yes,,27.675371697505405,85.34175050162717,83.48
yes,,27.675585578097625,85.34104269195309,111.73
yes,,27.675527578115464,85.34128053423778,90.03
yes,,27.67597525001039,85.34104459999904,159.0
yes,,27.675755838563393,85.34079730225983,100.48
yes,,27.675997207478474,85.34167167538853,132.25
yes,,27.675990363718043,85.34150139517087,124.87
yes,,27.67446774668701,85.34147016673582,156.65
yes,,27.674501415872335,85.34138219764498,47.23
residential,,27.67649037542683,85.34038884271393,88.55
yes,,27.675746395422202,85.339891603096,200.29
yes,,27.6752476000062,85.34021394999965,98.53
yes,,27.675643000003294,85.33965549999611,88.73
yes,,27.67494900908699,85.34031071685293,76.16
yes,,27.675600620902213,85.33976436298846,95.21
yes,,27.675337500000637,85.3404617499962,66.51
yes,,27.675123682597675,85.34093109637836,97.39
yes,,27.675309208316936,85.34062723123972,120.15
yes,,27.675175573995897,85.3404647511505,88.25
yes,,27.67504825238656,85.34106928299731,46.39
school,,27.676386474789734,85.34431290442065,202.31
yes,Metropolitan Police Department Koteshwor,27.678833167047546,85.3488269458802,180.61
yes,Cadastral survey Branch,27.685313786135666,85.34029281899542,295.53
yes,Geodetic Survey Branch,27.68558223557081,85.340254014607,627.29
yes,Topographical Survey Branch,27.686260257019573,85.34022537600778,803.75
yes,Geographic Information Infrastructure Division,27.686015152142314,85.34056211906608,961.53
yes,Survey Department,27.686347396173907,85.34065445994364,552.57
residential,Chaubis Niketan,27.693311876204827,85.35130328763442,11.58
yes,,27.673559233392314,85.34410613471584,66.24
yes,,27.693067418894895,85.34818244741803,107.13
residential,,27.69265198301208,85.3500002981435,67.12
college,,27.691152030784,85.35071825558833,190.16
yes,,27.69245819630272,85.35027132821875,78.5
yes,,27.69258325963855,85.3503322810634,76.01
yes,,27.692125169571533,85.35039021781243,68.63
yes,,27.692379683863447,85.35023534371219,112.8
yes,,27.692873768881025,85.34837717555843,272.78
yes,,27.692488886655795,85.3507463209679,190.15
residential,,27.693035509885473,85.34959219136387,101.51
school,,27.692890443685794,85.35067350241023,60.86
yes,,27.692458894025002,85.3504953389797,72.65
yes,,27.692860026480158,85.34817822453408,191.93
residential,,27.693032250074527,85.34985462963203,162.42
college,,27.691191563921517,85.35058702448949,117.52
yes,,27.692540584858126,85.35041086055136,67.11
residential,,27.69259580351432,85.35008613084786,67.06
yes,,27.692634431366933,85.35025021291814,115.71
residential,,27.692938194831267,85.34980279273003,60.64
yes,,27.69230042409141,85.35034975688548,81.21
school,,27.692725578376912,85.35087786032719,139.11
school,,27.693004728449424,85.35053634254463,151.3
school,,27.692994382677814,85.35082346935613,100.5
residential,,27.69276391703192,85.3494711017897,86.35
college,Administrative Block,27.69130483599555,85.35020085078243,1164.54
yes,,27.69208321394265,85.35026923153846,123.64
yes,,27.69292016079849,85.35004794300764,81.59
residential,,27.692788823944227,85.34891765474335,110.34
yes,,27.692265979787063,85.35046869473223,143.33
yes,,27.692960500005025,85.34994409999466,83.52
residential,,27.678851645561927,85.34260972211638,66.72
yes,,27.67689114995126,85.33903536733696,119.3
yes,,27.675873226442526,85.33899343026859,49.17
yes,,27.675905956026604,85.33889638304463,100.58
yes,,27.676186400005456,85.33903460000136,70.98
yes,,27.676087006478863,85.33935721591499,49.11
yes,,27.676962373157306,85.33914682865515,59.87
yes,,27.676957400010238,85.34018814999902,117.93
yes,,27.67688486631049,85.33970739943923,83.5
yes,,27.677563598382083,85.3383273676054,50.44
yes,,27.676868450004946,85.34038359999954,39.2
yes,,27.6759740040071,85.33879487007071,94.65
yes,,27.677408450004172,85.33822290000002,64.66
yes,,27.679140150002446,85.33903719999657,92.08
school,,27.679559156619586,85.34231392498565,68.82
yes,,27.680604454512412,85.34182993182122,71.58
residential,,27.676493638796604,85.34026183999148,87.98
residential,,27.676307150001783,85.3396942499997,44.36
yes,,27.67544675228069,85.34102722865126,53.52
yes,,27.67528745000393,85.34123499999794,73.48
yes,,27.67793755813049,85.34026852612492,120.76
yes,,27.6779107500177,85.3401194000013,75.63
yes,,27.67473078317213,85.3415127489128,98.32
yes,,27.674820897959762,85.3416469098809,124.74
yes,,27.68167678240701,85.33898759260057,102.94
yes,Annapurna Catering Service,27.689937027592627,85.33914254170992,13.88
roof,Launch and Tiffin Box Pvt. Ltd.,27.68995038081156,85.33906004344962,78.78
yes,,27.691194241114108,85.3412361335766,57.12
commercial,Ace Institute of Management,27.69043387389863,85.33980615862883,311.62
yes,,27.690128108929876,85.33934003176778,356.63
yes,,27.690598775838687,85.33967193977551,311.76
yes,,27.69009407633099,85.33962549000198,119.62
yes,,27.674913329657816,85.34152847533497,73.95
yes,,27.675265367061908,85.34133360426573,72.68
yes,,27.67677377882238,85.34040983989063,57.24
yes,,27.675702900001475,85.34091584999919,74.62
yes,,27.676481416724187,85.33939564110023,203.37
yes,,27.674847313866067,85.341357115938,114.37
yes,,27.676858750006456,85.33849994999983,102.22
yes,,27.676416813682817,85.33957097882971,87.51
yes,,27.677406112911825,85.33887082583807,98.95
yes,,27.676854248326958,85.3380454829614,86.46
yes,,27.67732530001079,85.34035464999518,99.23
yes,,27.67709640000204,85.3388762499855,89.98
yes,,27.677128185272174,85.33828470875677,59.27
yes,,27.677086650003957,85.33833834999447,54.59
yes,,27.676944145221505,85.33846506732031,91.0
yes,,27.67695910000331,85.3378380000263,116.19
yes,,27.676798249873848,85.33897260808104,93.09
yes,,27.678525252480124,85.33698930818153,75.32
yes,,27.677344050002613,85.33733589998788,58.17
yes,,27.678415717905636,85.33715626979495,31.08
yes,,27.678020421441193,85.33695987134514,156.55
yes,,27.677990230904843,85.33706162038355,69.83
yes,,27.677612515584006,85.336406062225,111.54
yes,,27.677375634268287,85.33676840273137,81.77
yes,,27.677234732416373,85.33708382900305,64.07
yes,,27.67780331655498,85.33692234883188,47.04
yes,,27.677786019719125,85.33620945813368,112.59
yes,,27.678052800005208,85.33666469999831,80.77
yes,,27.677215950005024,85.33766909999596,105.57
yes,,27.67741590000781,85.3365990000116,82.97
yes,,27.67847752877319,85.33676865945928,77.63
yes,,27.67726675000523,85.33728275000276,68.7
yes,,27.677489850006182,85.33687805000592,80.56
yes,,27.677327848281674,85.33682748610966,77.36
yes,,27.67789831957405,85.33638326460907,55.01
yes,,27.678586719724525,85.33671789469399,74.77
yes,,27.67811700000434,85.33678260000072,71.44
yes,,27.677575950003195,85.33695274999104,60.94
yes,,27.67834895000457,85.33690754999567,44.86
yes,,27.678215221722432,85.33700025990358,85.77
yes,,27.681936035829523,85.33907650006934,128.61
yes,,27.68207955005873,85.33912051667681,153.62
yes,,27.681903893192754,85.33893050195844,128.15
yes,,27.681469316571853,85.33870383065542,84.93
commercial,Shubha Shree Business Link Pvt. Ltd.,27.687559933540733,85.34401105635884,159.96
yes,,27.68866864999173,85.3434691999855,179.48
yes,,27.678712850010232,85.3383248500009,91.8
yes,,27.681387216481834,85.33877546326276,100.88
yes,,27.68145374150203,85.33884467505551,82.73
yes,,27.68169099756407,85.3381128890284,81.99
yes,,27.68853646815844,85.34307835698672,96.83
yes,,27.681702968833942,85.33875147621546,113.66
yes,,27.68859656337234,85.34323085337712,163.5
yes,,27.682717050366687,85.34413311296042,65.79
yes,,27.6814833162546,85.33815570318987,118.15
yes,,27.681628956247884,85.3386765057864,92.08
yes,,27.681554016039534,85.33878504752057,54.12
yes,,27.678666600006093,85.33858800000036,69.97
yes,,27.680940100001795,85.33909124999562,38.91
yes,,27.67925622559179,85.3390783108198,123.29
yes,,27.68035644585711,85.33908797408536,78.87
yes,,27.681312647987642,85.33872052267564,88.39
yes,,27.688564342703266,85.34380406673775,213.32
yes,,27.68241926138251,85.33543830290492,89.09
yes,,27.682409712700235,85.33564648728094,43.96
yes,,27.682491300002493,85.33597629999673,103.01
yes,,27.68216017561724,85.33671313914623,111.47
yes,,27.682529726694344,85.33558760671318,65.9
yes,,27.682265942245397,85.33561343624577,133.31
yes,,27.681553794227664,85.33891265410378,108.55
yes,,27.68200048522078,85.33701254449615,129.77
yes,,27.68210423609728,85.33603612636408,171.76
yes,,27.682586814604242,85.33600734934679,108.05
yes,,27.68238603319204,85.33530271654986,84.64
yes,,27.681150481046775,85.3390422815798,60.74
yes,,27.68216471630966,85.33553631158495,45.1
yes,,27.68205879174951,85.33692732117488,142.92
yes,,27.682049873630785,85.33545633448212,65.46
yes,,27.68186610587748,85.3368092273686,98.28
yes,,27.682048082223503,85.33620838814484,101.45
yes,,27.682582008394,85.33583623053443,158.92
yes,,27.682317269544047,85.33572265083193,90.0
yes,,27.681132930825374,85.33865423305957,42.97
yes,,27.68145129999639,85.33849654995285,128.1
yes,,27.681365540443426,85.33894618945638,117.25
yes,,27.68188714509039,85.33871539609281,76.62
yes,,27.678530260194822,85.33720473004442,77.54
yes,,27.67808230000203,85.33756224999678,80.75
yes,,27.677566937729935,85.33791526916364,40.25
yes,,27.67823825863527,85.337515345595,93.68
yes,,27.678519450007652,85.33735705000176,61.78
yes,,27.678505650003437,85.33745434999987,50.31
yes,,27.68162251182971,85.33846452450182,100.88
yes,,27.678897150394455,85.33581778346382,44.94
yes,,27.67843272317982,85.33731031265776,102.06
yes,,27.67752944241455,85.33805306964891,100.25
school,,27.67712859325044,85.33854494616206,72.91
yes,,27.681458773391913,85.33837783619937,235.99
yes,,27.678806295685803,85.33569574095529,10.32
yes,,27.677355300000215,85.33897934999827,28.21
yes,,27.67753149934056,85.33817896740736,64.53
yes,,27.68133321505148,85.33830134699987,96.1
yes,,27.681972996125214,85.33877610289292,178.04
yes,,27.677561149997935,85.33797889999143,70.8
yes,,27.68175193270425,85.33847954764576,71.0
yes,,27.67859325155931,85.33724083760227,79.46
yes,,27.677769690108548,85.33780932624379,93.03
yes,,27.681183755693333,85.33853923973646,111.45
yes,,27.681908824432213,85.33861619157378,25.52
yes,,27.67771028113561,85.33833883929196,86.59
yes,,27.695799953947894,85.34603085902914,99.0
yes,,27.695906190007015,85.34604490876742,95.01
yes,,27.672299833196448,85.34420444816337,66.81
yes,,27.67170671579853,85.3454471533389,42.97
yes,,27.67160098303317,85.34717948394781,68.7
yes,,27.671853426991284,85.34591670676429,83.82
yes,,27.671670529412612,85.34687949529473,60.23
yes,,27.67299758306365,85.34449473688021,72.3
yes,,27.67324933292114,85.3438998583626,43.74
yes,,27.672127366745016,85.34666910686214,83.22
yes,,27.6713788500029,85.34636404999509,69.47
yes,,27.673062700002863,85.3447514999972,49.72
yes,,27.672732932334906,85.34585159355427,64.33
yes,,27.671721055018928,85.34665808061007,96.62
yes,,27.672821350006313,85.34425020001053,80.55
yes,,27.67198224529757,85.34601641739445,69.63
yes,,27.671668404222373,85.3467706303242,61.09
yes,,27.67174313466205,85.34573674035903,47.61
yes,,27.67183700312424,85.34545021625011,29.75
yes,,27.672096794878478,85.34646896619913,62.48
yes,,27.673717070239167,85.34564030817293,15.51
yes,,27.67375352020619,85.34624351227467,61.02
yes,,27.671194544993554,85.34656966815368,85.83
yes,,27.672268750005856,85.34522150000141,98.8
yes,,27.672590560688583,85.34590992701452,93.82
yes,,27.673148800004295,85.34480138333615,54.31
yes,,27.672877450003107,85.34534329999961,50.41
yes,,27.672267610692554,85.34628422331113,132.19
yes,,27.67186880000448,85.34518675000332,63.77
yes,,27.67226309938184,85.34718498331573,27.4
yes,,27.673256100006576,85.34513610000214,94.55
yes,,27.671628069147605,85.34661715641596,93.55
yes,,27.672082297390464,85.34491093331212,70.5
yes,,27.673028757629975,85.34673238357855,95.7
yes,,27.672117386341075,85.34622485090291,76.29
yes,,27.671182900999096,85.34642901615884,70.28
yes,,27.67291076070261,85.34525074417486,66.9
yes,,27.6716768475198,85.3463314840192,84.64
yes,,27.672321800002777,85.34713100000408,41.16
yes,,27.6723473000067,85.34501795000334,104.48
yes,,27.672708426272933,85.34693768968413,182.05
yes,,27.673561950002213,85.34574729999736,70.0
yes,,27.67198368346313,85.3450947489569,102.47
yes,,27.67255904575791,85.34617736896517,84.1
school,,27.674795072788857,85.34566630315128,59.07
yes,,27.67297638421119,85.34466264400676,100.29
yes,,27.672152355677937,85.3461086043207,45.47
yes,,27.672483825827904,85.34677844868433,80.86
yes,,27.673642800000515,85.34609684999728,78.87
yes,,27.67276984376657,85.34664795154437,113.18
yes,,27.671502199464936,85.34617086658928,53.49
yes,,27.67164569466376,85.34704892380219,79.07
yes,,27.672075295995132,85.34606516820611,54.61
yes,,27.672011157257575,85.3467671910753,59.97
yes,,27.67154218098129,85.34657844252973,88.61
yes,,27.67175572838878,85.34531763979723,87.25
yes,,27.672052353384807,85.34680976495402,44.12
college,,27.696336683789664,85.35234375113383,645.24
yes,,27.695358316149107,85.3526073353653,135.28
yes,,27.695291464696055,85.35295031857386,146.3
yes,,27.682077073559636,85.33665603748142,142.96
yes,,27.68129932520333,85.33805276075361,160.56
yes,,27.682147350009856,85.33731100001249,101.16
yes,,27.68234378678635,85.33538877324942,92.85
yes,,27.677695000011312,85.33804405000596,47.78
yes,,27.67711505482319,85.33878572858363,138.83
yes,,27.681162866759053,85.33643190096952,109.53
yes,,27.677510244665395,85.33756166798713,42.43
yes,,27.681476734081844,85.33655128530572,121.05
yes,,27.681335497282774,85.33672344742395,75.85
yes,,27.682460874489433,85.33669748434275,105.53
yes,,27.67971495000201,85.33909429999952,59.52
yes,ADMC Engineering Pvt. Ltd.,27.68259940000552,85.33691709999951,90.63
yes,,27.67893475000296,85.33588540000565,49.9
yes,,27.677692116827387,85.33727720578898,141.6
yes,,27.678704621866025,85.33673283929508,78.63
yes,,27.677278769964932,85.33691062995216,106.95
yes,,27.678712830960624,85.33739434455173,77.03
yes,,27.68199200000487,85.33659325000794,63.7
yes,,27.681345468257046,85.33794819660042,148.01
yes,,27.6812519303136,85.33826320004906,91.55
yes,,27.682052185481353,85.3375405558471,135.66
yes,,27.677468048049175,85.33768171784274,62.89
yes,,27.681981486712008,85.33743768324005,226.7
yes,,27.681272933348957,85.33656855030303,97.72
yes,,27.6825939338183,85.33677694164082,114.99
yes,,27.67870746090442,85.33846601048883,82.11
yes,,27.68243856949138,85.33682470944345,100.0
yes,,27.678421431661665,85.33611856648186,228.34
yes,,27.681400992892293,85.33681445101587,114.05
yes,,27.67740930000989,85.33701695000612,130.49
yes,,27.678891262184738,85.33597486214585,82.72
yes,,27.677868916608247,85.336138281582,76.85
yes,,27.68246447357599,85.33741188196112,102.97
yes,,27.67686365000898,85.33758380000363,143.75
yes,,27.678069808706095,85.33708275627001,63.58
yes,,27.67868140000176,85.33748784999246,123.73
yes,,27.69227922128632,85.33948915808304,114.16
yes,,27.691641664149927,85.33907508507863,81.34
yes,,27.6917733118381,85.33926551062265,129.96
school,,27.693392156264114,85.34051635463261,70.98
yes,,27.69227743023554,85.33974336593903,162.7
yes,,27.692756849259542,85.33959347942843,93.91
yes,,27.6928719155232,85.33966296313412,136.51
yes,,27.69276626008582,85.33924612902109,146.32
yes,,27.692054779207837,85.33957124171575,133.6
yes,,27.69242545466925,85.33967791889002,109.22
yes,,27.692990916299888,85.33946487476778,133.14
yes,,27.69255407807916,85.33972107460943,133.08
yes,,27.691126678936467,85.3393106386637,73.51
office,Aviyaan Pvt. Ltd / Softwel Pvt. Ltd,27.692577850007403,85.33935665000105,93.59
yes,,27.69194400529568,85.33942571592524,130.05
yes,,27.693588707571426,85.3402091795044,132.68
yes,,27.69308031869423,85.3395299924574,74.18
yes,,27.69272489762768,85.3396921792972,120.75
yes,,27.692419019524724,85.33932394243791,106.68
yes,,27.691518288607742,85.33925826654578,100.52
yes,,27.69185787222266,85.33929805969883,88.9
yes,,27.692099499872487,85.33946025591543,129.02
yes,,27.692598404574994,85.33957787954547,153.7
yes,,27.69225062023637,85.33986266070457,227.26
yes,,27.694223560573153,85.34274133893021,145.77
yes,,27.69365034238883,85.3435151137192,104.17
yes,,27.69322295059331,85.3421292410223,121.7
yes,,27.694364605577288,85.34238273096446,123.35
yes,,27.6940441505237,85.34297789892797,194.57
yes,,27.693048145396556,85.34014972363055,182.9
yes,,27.694118282253203,85.3424374115849,138.79
yes,,27.693955422779293,85.34360480381939,119.95
yes,,27.693986505400705,85.34348637778642,98.61
yes,,27.693027599447344,85.34286986712401,112.34
yes,,27.69380897844434,85.34372654597341,167.4
yes,,27.693471328265737,85.34168188561387,118.94
yes,,27.69314097244545,85.34259123293472,117.64
yes,,27.69341039258049,85.34185207505504,126.1
yes,,27.694090764403064,85.34254937719972,152.82
yes,,27.693860819938283,85.34344510810844,78.96
yes,,27.69366096765575,85.3436414019369,136.41
yes,,27.693920450004047,85.34171354999933,77.31
school,,27.693712017145078,85.34045688741956,73.7
college,,27.6932633000025,85.33997269999337,171.79
yes,,27.693300399999835,85.34333854998624,94.84
yes,,27.693989247432405,85.34214351929883,151.31
yes,,27.693204412458442,85.34247820159307,107.39
yes,,27.693910850005988,85.34184634999944,102.44
yes,,27.694363530330794,85.34201809013527,171.7
yes,,27.694052141725614,85.34266484005056,138.35
yes,,27.694308012544298,85.34307333638931,104.07
yes,,27.693490008841497,85.34344952217333,80.66
yes,,27.69332504815129,85.34224723341067,110.17
yes,,27.69383049544792,85.34357671997456,109.43
yes,,27.693279150003363,85.34237504999777,87.41
yes,,27.693542344186508,85.34330883873847,113.57
yes,,27.694274347943885,85.34172230207025,113.11
yes,,27.693341100010166,85.34205265000499,73.71
yes,,27.69309220768038,85.33975092132198,122.56
yes,,27.69443419031532,85.34166872624098,91.65
yes,,27.69414970500386,85.34287453256646,133.94
yes,,27.693738600008444,85.34354035000418,71.17
yes,,27.693158275685906,85.34314190094109,63.94
yes,,27.693074521757257,85.33964892607447,68.63
yes,,27.69412956819409,85.340900768923,39.57
yes,,27.69402217682179,85.34312040254841,139.47
yes,,27.694213680850233,85.34318193994275,95.93
yes,,27.69360024060781,85.34010264789865,0.05
yes,,27.683442380285744,85.33553438981862,124.85
school,,27.685214600004063,85.33550619999923,68.38
yes,,27.683447471611046,85.33540455422356,115.17
yes,,27.690455799984143,85.33745129998852,117.1
yes,,27.690433740596358,85.33787232318473,172.49
yes,,27.69102710000495,85.34011204999912,102.36
yes,,27.69032580002901,85.33749560000673,97.6
yes,,27.690590721735308,85.33785648103584,94.36
yes,,27.690280151830127,85.337814379113,108.98
yes,,27.690611191480063,85.33764598472466,95.4
yes,,27.690602049993483,85.33748044999585,55.67
yes,,27.686278863060288,85.34090638048956,94.47
yes,,27.684217368159565,85.34080306482093,68.78
yes,,27.68609460000279,85.34096884998436,78.78
yes,All Housing,27.686407348780065,85.34161851069666,127.62
yes,,27.68396317521184,85.34148286442836,97.58
yes,,27.683352183779096,85.34190276126279,179.03
residential,Sigdel niwas,27.68504349525994,85.3420259225798,72.79
yes,,27.68374345002532,85.3415007355717,40.68
yes,,27.68145820996052,85.34372342942754,165.86
yes,,27.681300051694055,85.34371313049026,125.3
yes,,27.689530308185823,85.33884331532258,103.69
yes,,27.688635116027193,85.34039062670027,199.26
yes,,27.688365389017335,85.34037744042493,253.91
yes,,27.682986952085006,85.33685525548755,114.81
yes,,27.682784342188608,85.3372366650542,109.65
yes,,27.682684056349927,85.33736434538818,122.78
yes,,27.68282160000773,85.336938400001,110.82
yes,,27.682927021389762,85.33723337743167,72.52
yes,,27.683120591513763,85.33677110487538,27.15
yes,,27.682547285894735,85.33726379108528,95.78
yes,,27.682947447232404,85.33696846790673,104.42
yes,,27.682975337514026,85.3371775895644,80.42
yes,,27.683087049215708,85.33702938517261,87.44
yes,,27.682896884096465,85.33735150173395,118.54
yes,,27.682762482591972,85.33676614817595,92.61
yes,,27.68261122259941,85.33731122388488,95.21
yes,,27.682524669030663,85.33778975125097,120.45
yes,,27.682859483570667,85.3371203576501,159.75
yes,,27.68281043332042,85.33747294989784,165.17
yes,,27.68220579536688,85.33678956009089,57.97
yes,,27.683000550001783,85.33731264999544,52.76
yes,,27.690885002084865,85.34212135978692,139.82
yes,,27.69095423482734,85.34201162845623,111.66
school,,27.671771599082643,85.34879570571094,118.51
yes,,27.672010685462297,85.34915720206949,224.99
yes,,27.671995883490297,85.349563071724,109.3
yes,,27.683440439765693,85.33696288568895,66.78
yes,,27.671810502406007,85.3578810229867,76.84
yes,,27.671887355204262,85.3576163002177,54.18
yes,,27.672047310113417,85.35756154033109,117.28
yes,,27.67215039621073,85.35771706565053,68.63
yes,,27.690830900004084,85.34362665000732,42.98
yes,,27.690907603519307,85.34360058744838,94.01
apartments,Guna Colony,27.696488431621212,85.34958949146882,674.79
apartments,Guna Colony,27.696677863191628,85.34938439547712,733.75
yes,,27.690787228268533,85.3420926996219,67.55
yes,,27.690847359376782,85.3419754130352,85.12
yes,,27.683153002177153,85.33662385943997,77.66
yes,,27.681550312996784,85.33803008778526,125.69
yes,,27.68195950897879,85.33713170151786,70.67
yes,,27.681452937793082,85.33799191236713,113.85
yes,,27.682738877576718,85.33758557731765,102.62
yes,,27.68212567748239,85.33712755176406,157.94
yes,,27.68343680347926,85.33674464545855,134.39
yes,,27.681783224024148,85.33817179063061,123.39
yes,,27.68226440322829,85.33724779938744,127.85
college,,27.68333959493906,85.33670212166506,122.92
yes,,27.681632945498993,85.33704578034859,69.61
yes,,27.68169092783076,85.33674890631642,109.63
yes,,27.681284242706994,85.33885896911211,140.11
yes,,27.681189417205243,85.33891144900511,70.72
yes,,27.68278833542346,85.33836314906081,75.22
yes,,27.68324920970239,85.33846580872351,75.89
yes,,27.683113698637598,85.33858759852548,143.56
yes,,27.681206579946426,85.33878963557252,71.88
yes,,27.682232189954163,85.33735788464816,119.34
yes,,27.682663437857435,85.33820324447976,69.01
yes,,27.681149532202195,85.33884017642552,75.14
yes,,27.683221993147704,85.33780550574592,108.83
yes,,27.682614315686486,85.33809802305261,176.47
yes,,27.68307341262709,85.33784121818296,50.0
yes,,27.682757872513744,85.33822860274071,39.17
yes,,27.682942171683596,85.33765983468926,98.27
yes,,27.68173014925505,85.33694639617484,79.41
yes,,27.682368937364064,85.33643744306886,104.21
yes,,27.68268239610429,85.33802316865022,96.25
yes,,27.682882968778696,85.33774106986952,111.54
yes,,27.683353550794877,85.33833963932325,96.37
yes,,27.683020629962904,85.33883759026487,114.2
retail,,27.682980945794547,85.33879086950726,94.38
yes,,27.681525495521488,85.33697900525749,116.18
school,,27.67207220003281,85.35068785001623,202.26
yes,,27.670710182855572,85.34690619672438,186.22
school,,27.67182274999775,85.35063689999369,53.89
yes,,27.672971549992404,85.3530483999958,56.27
school,,27.68364229029568,85.33559288636349,93.74
yes,,27.682865653536034,85.33587554383521,179.06
yes,,27.682356591966332,85.33604964451516,108.25
yes,,27.68260512966159,85.33784267355647,118.22
retail,,27.683154792014562,85.33899910220364,68.04
yes,,27.68223167159911,85.3360378096681,92.16
yes,,27.682474248333186,85.3372139718669,112.52
yes,,27.682529366840082,85.3379142383963,79.48
yes,,27.68237831581096,85.33624754993194,96.35
yes,,27.68219011610209,85.3370377936257,112.09
yes,,27.682726897279693,85.33610313870221,112.51
yes,,27.682292819675883,85.3360609936028,96.96
yes,,27.68301209527749,85.33669302257641,161.37
yes,,27.682873287163115,85.33616964711372,137.06
yes,,27.68245787977691,85.33625988908003,69.9
yes,,27.68227936221412,85.33667345325834,73.99
yes,,27.68227340481223,85.33708969274582,103.29
yes,,27.682331868196474,85.33755986170961,108.89
yes,,27.682456659345664,85.33608492272857,102.68
yes,,27.682862049944347,85.33599310515547,120.35
yes,,27.682352343166485,85.33732491152396,129.25
yes,,27.682466892601322,85.33658319201153,123.11
yes,,27.682224006431934,85.33661192378665,95.78
yes,,27.682686562008975,85.33696345076531,109.96
yes,,27.682149340606657,85.3357386903599,120.8
yes,,27.682722995086454,85.33592964516221,132.94
yes,,27.68645715739168,85.33752531468998,114.98
yes,,27.68659718166459,85.33700097466107,102.21
school,,27.68368287605385,85.33543045478056,112.32
yes,,27.68335646867581,85.3360403844222,89.56
yes,,27.683391148972518,85.33640142254629,356.57
house,STARNET,27.68377951673861,85.33528688344926,56.74
yes,,27.683325300020073,85.33563279999812,120.31
yes,,27.68041052292634,85.36228499022675,113.08
yes,,27.681327400005,85.36102329999586,110.86
yes,,27.680998467482716,85.36185902040872,98.51
yes,,27.681392323421854,85.36091836175902,92.06
yes,,27.68081926348067,85.36094282629011,133.11
yes,,27.680370095672718,85.3620986689432,65.35
yes,,27.6808956975572,85.36121295215483,133.91
yes,,27.68094460000371,85.36206049999794,98.49
yes,,27.6803658564375,85.362181828157,80.19
residential,,27.680787435963765,85.36105297111438,84.97
yes,,27.682411507525934,85.36507637435818,68.99
yes,,27.680695100840367,85.3648921776329,25.1
yes,,27.682487065547907,85.36499748899081,56.51
yes,,27.680407879947953,85.3618994903031,111.3
yes,,27.681112568181348,85.36187100467077,58.63
office,Genesis Consultancy (P) Ltd.,27.691191382258413,85.33989087905613,183.73
yes,Lumbini Bank Limited,27.690868610824236,85.33752019759957,150.32
yes,,27.690770565638758,85.33822970136067,58.4
yes,,27.690796900646824,85.33832034941263,142.38
yes,,27.69199200000363,85.33903179999962,53.78
yes,,27.690975139657517,85.33851230848576,95.08
clinic,Samaj Dental Care & clinic,27.690758650000543,85.33852939999763,56.69
yes,,27.690855144065928,85.33856422116074,71.68
yes,,27.69080570000005,85.33795284999923,43.55
yes,,27.6908528426487,85.33813752146546,44.02
yes,,27.691884383964876,85.33903280815542,76.53
yes,,27.690936300005056,85.33772739999912,88.79
yes,Moonstone Education and Migration Services,27.69085985890075,85.33785696459147,239.32
yes,,27.692305904445046,85.33908282977413,95.74
yes,,27.69084824344653,85.3380390572722,39.39
yes,,27.692116948428946,85.33902320436093,116.89
yes,,27.69062402751145,85.33740134512071,78.56
yes,,27.690614583223038,85.33728476623916,37.26
yes,,27.69184603688191,85.34061757485247,459.06
yes,,27.691747933900135,85.34122228222303,123.9
yes,,27.691536304741273,85.34057570114535,97.55
yes,,27.69262874701972,85.3400525148937,131.68
college,International College of Hospitality management,27.6923682136155,85.34035808035564,154.6
yes,,27.69193582012313,85.34103651056861,111.75
yes,,27.691283500014787,85.34069649999537,87.46
yes,,27.69241039997659,85.34022234995415,175.88
yes,,27.691954274317457,85.3403038797405,91.16
yes,,27.692308998979268,85.3411199935042,93.64
yes,,27.69158400001156,85.33937780000213,83.24
yes,,27.691914369756194,85.33966761654798,55.76
yes,,27.69226046546348,85.34099586660733,78.77
yes,,27.69251747981927,85.33994152636167,109.61
yes,,27.69323192840764,85.34017604340212,95.03
yes,,27.691959466527813,85.34001517556132,125.59
yes,,27.692459800000936,85.34003199999931,25.27
yes,,27.69215826528008,85.34053289557816,122.58
yes,,27.692173750001118,85.34123574999977,20.58
yes,,27.69188625832719,85.34040837522744,87.81
yes,,27.691435146010654,85.34003123441255,83.16
yes,,27.69234335705864,85.340639539489,145.81
yes,,27.691402488199387,85.34062428033603,108.29
yes,,27.692485087604656,85.34107162386894,101.5
yes,,27.692811046630247,85.3405082515188,114.51
yes,,27.692459549999132,85.3414026999996,20.95
yes,,27.6887474037172,85.33846512762689,56.94
yes,,27.69074539996605,85.33863849856674,76.32
yes,,27.691577535082285,85.34013595948473,81.41
yes,,27.693277263350286,85.33986621026325,116.7
yes,,27.691627620733914,85.34095835727645,40.44
yes,,27.692898206695908,85.33986230447931,162.0
yes,,27.69186659685269,85.33955404847713,100.45
yes,,27.691516995433002,85.34087716519988,83.94
yes,,27.691684211783084,85.34006040931986,96.29
yes,,27.692010956059715,85.33969130641864,153.73
yes,,27.691452650010092,85.34108035000187,112.04
yes,,27.692063180203792,85.34107988931476,131.11
yes,,27.69302284601529,85.34042927508006,108.98
yes,,27.691654612389076,85.34054812708129,40.21
yes,,27.69164804999995,85.34084690000006,21.0
yes,,27.69203585357662,85.34031697730968,71.79
yes,,27.691409499999722,85.34084514999937,18.95
yes,,27.691788000124692,85.33974265117205,37.29
yes,,27.691519529617878,85.34076720873554,115.48
yes,,27.691700650005878,85.34036914999949,98.14
yes,,27.691854950001144,85.33943384999978,33.31
yes,,27.691494296180085,85.33946342903612,90.18
yes,,27.691568546920138,85.34106930077502,176.89
yes,,27.69217054058639,85.3400363843424,257.68
yes,,27.69179775002602,85.34035340000702,106.64
yes,,27.692082782668653,85.34121767673868,70.89
yes,,27.691837818369592,85.34007392445919,127.34
yes,,27.691722250009878,85.34088515000353,94.25
yes,,27.69235346227373,85.34102527213723,127.67
yes,,27.692042959384224,85.33980232027848,126.48
yes,,27.69132462817762,85.34024061461433,86.11
yes,,27.691579379846385,85.3402259961681,97.28
yes,,27.692199977295985,85.34112784175788,137.8
yes,,27.692025285910642,85.33990863941749,133.22
yes,,27.692670322600154,85.33983187659258,165.94
yes,,27.692032460410786,85.3402092285135,113.58
yes,,27.691580344586068,85.34040662522413,123.0
yes,,27.693061810016726,85.33992446932353,230.42
yes,,27.692800340382686,85.33986196848244,129.71
yes,,27.689434169168823,85.33840001595044,857.99
yes,,27.691779538926376,85.34111121115389,137.44
yes,,27.691646292334195,85.34070946938316,115.03
yes,,27.692980668158157,85.34054185759649,129.84
yes,,27.69135381113644,85.3410019857137,123.94
yes,ABS Technologies Pvt. Ltd,27.69318632654884,85.34040621828133,121.52
yes,,27.691987449289673,85.34122709658241,140.93
yes,,27.691332152121603,85.34013029548689,72.49
yes,,27.69118816696074,85.34070364210993,134.49
yes,,27.691426824489643,85.34075748488841,126.0
yes,,27.691961509940274,85.34137148609815,84.35
yes,,27.692123281244655,85.34131404405919,104.07
yes,,27.691650195329192,85.33986003776974,106.13
yes,,27.691847605580165,85.34132105559704,102.36
yes,,27.69169111186812,85.33941765938182,154.67
yes,,27.692267439025116,85.34083782330212,134.4
yes,,27.691893503775454,85.34115738653595,118.73
yes,,27.692557938456453,85.34037421176649,142.12
yes,,27.692185499831268,85.34023454721198,101.29
yes,,27.691230926325268,85.34101373609222,119.3
yes,,27.69321834014768,85.34025222666232,72.37
yes,,27.692276410677312,85.34126207617598,113.16
yes,,27.691775286380526,85.33965908823323,123.49
yes,,27.692491005213583,85.34092756501306,154.13
yes,,27.692460063832396,85.34013357260382,126.87
yes,,27.69324284814269,85.33970082985068,34.83
yes,,27.692695923490927,85.3413305540154,139.4
yes,,27.691279502706365,85.34154099068265,103.14
yes,,27.692234002794184,85.3418411409932,116.52
yes,,27.692833310299918,85.34192747900411,148.5
yes,,27.691437419046093,85.34130732702985,138.43
yes,,27.69232987614347,85.34157977358167,110.71
yes,,27.692884480885827,85.34210563622928,74.26
yes,,27.691152088552148,85.34202620587698,89.4
yes,,27.692788749087754,85.3416304497212,106.24
yes,,27.69211572986107,85.34188789315237,71.37
yes,,27.69278148770265,85.34116925227218,101.95
yes,,27.691003400008572,85.34164955000034,123.14
yes,,27.692841550006406,85.34142520000229,64.05
yes,,27.692948249987555,85.34150049742138,107.79
yes,,27.690944850007718,85.34182475000125,98.33
yes,,27.691439910313644,85.34144224575577,31.2
yes,,27.692498274429948,85.34195858705885,128.88
yes,,27.69299004658889,85.3414187093765,79.87
yes,,27.69109146651135,85.34167475497193,125.32
yes,,27.69196484999705,85.34185214999283,71.06
yes,,27.69327779040914,85.34167563164081,143.49
yes,,27.692126261777958,85.34179046251357,70.01
yes,,27.693069600299566,85.34134539922886,26.65
yes,,27.69285626257846,85.3410275598651,87.93
yes,,27.691060455501557,85.34082269113769,153.75
yes,,27.692107852145195,85.34170843574725,120.78
yes,,27.691114950001,85.34097274999984,33.42
yes,,27.69123494999457,85.34186179998964,77.05
yes,,27.69135538169607,85.34128180729664,129.11
yes,,27.69323189205429,85.34188385410907,85.24
yes,,27.69321335000205,85.3414747999998,34.02
yes,,27.69195305827091,85.34154083989127,93.26
yes,,27.69119617900539,85.34171839217977,115.86
yes,,27.69202107570669,85.34157022430136,110.13
yes,,27.692389916007087,85.34189973051862,81.7
yes,,27.69105570260643,85.34071400459125,67.97
yes,,27.69320850140223,85.34174236824116,59.0
yes,,27.692146845590866,85.34150659808178,90.19
yes,,27.692317066245792,85.34171748747586,91.23
yes,,27.692679352022978,85.34205762164734,89.74
yes,,27.693181600001296,85.34139589999977,32.44
yes,,27.69243756355813,85.341623751623,124.5
yes,,27.691593925811055,85.34165848374185,150.85
yes,,27.69282698684462,85.34129325107781,187.64
yes,,27.692725406229517,85.3412333216709,85.72
yes,,27.691122685240508,85.34151128293797,155.64
yes,,27.693120785994385,85.34164434203865,107.25
yes,,27.69175786276285,85.34159178965352,111.33
yes,,27.693289185476374,85.34156564920517,130.69
yes,,27.69326381393383,85.34084355453044,111.25
yes,,27.692189322693995,85.34164238303376,109.33
yes,,27.69312745979683,85.34174097538286,71.31
yes,,27.690978110325386,85.34103479250581,170.39
yes,,27.69270722367128,85.34192825292733,81.98
yes,,27.691565280349458,85.34186199115234,100.93
yes,,27.69240816049393,85.34175203796546,155.07
yes,,27.691242988438145,85.34136463619119,132.55
yes,,27.6927526814315,85.34175898128005,89.51
yes,NDRC Nepal,27.691431159109825,85.34161919811004,32.79
yes,,27.691435115580845,85.34151398575656,99.84
yes,,27.691744218225736,85.34171185003466,130.12
yes,,27.69231078050684,85.3418640495597,99.45
yes,,27.691171628669004,85.34193193325184,156.66
yes,,27.69261760989788,85.34173399295578,140.15
yes,,27.692567256622237,85.34188868517376,115.53
yes,,27.692050080831283,85.34178043476031,82.41
yes,,27.69098769605394,85.34094627772049,162.7
yes,,27.692821130986793,85.3417787937123,87.07
yes,,27.693074728248746,85.34152902452723,121.31
yes,,27.692942290878293,85.34163045666213,117.68
yes,,27.690966004549,85.34086291597832,72.29
yes,,27.69258376737432,85.34155852465463,146.23
yes,,27.69290457105444,85.34116673241198,104.75
yes,,27.69144974135137,85.34181425621026,97.34
yes,,27.69134359561847,85.34141469741677,55.62
college,,27.689739706427147,85.34018784888346,131.61
yes,,27.68843185579055,85.33990765867162,3077.95
yes,,27.690974769944305,85.3397681856234,91.49
yes,,27.691091092910025,85.33972508347624,167.37
yes,,27.691011342210416,85.34051175209252,124.91
yes,,27.689905200002976,85.34022770000068,37.72
yes,,27.691384137365894,85.33916026078504,49.04
yes,Fsquare Innomotive Cafe,27.690920800006943,85.33885565000129,76.62
yes,,27.689938500009788,85.34145584999986,116.15
yes,,27.690932786895043,85.33983413706291,42.06
yes,,27.69100475000135,85.34036459999814,151.13
yes,,27.688123521314306,85.34036116938853,111.26
yes,,27.69010162501325,85.34148485441662,65.14
yes,,27.69125652083403,85.33957071431554,98.78
yes,,27.691401248318844,85.33906720308623,92.4
yes,,27.691304250007228,85.33942404999907,127.43
yes,,27.690972390907362,85.33906190007619,97.32
yes,,27.691002504280984,85.33889282935132,112.93
yes,,27.691101931401388,85.33942485300156,97.21
yes,,27.691257237955845,85.33896779384088,169.21
yes,,27.691247416808626,85.33971545859448,111.62
yes,,27.69088161324865,85.33997681117191,106.1
yes,,27.69136741029093,85.33894479691014,47.99
yes,,27.691203460617412,85.33938151988828,61.48
yes,,27.691063886126834,85.33908971989804,116.71
yes,,27.691329603079186,85.33931446693205,108.76
yes,,27.690884349465332,85.33974702337665,54.87
yes,,27.690986525220318,85.3398621489273,59.24
yes,,27.691144294315478,85.33892100655319,91.71
yes,,27.690980309110852,85.34022676627019,155.67
yes,,27.691551898341082,85.3390507694882,73.52
yes,,27.690750774168166,85.33963304022701,311.75
yes,,27.687164980338824,85.33647232808765,346.26
yes,,27.68791479999487,85.33852199999552,51.57
yes,,27.68982919999897,85.33887819999698,110.14
yes,,27.690599654023092,85.34055367903179,57.51
yes,,27.687930305802144,85.33886667499857,162.63
college,,27.68696155000388,85.3359119499995,83.75
yes,,27.69053195000764,85.34050875000214,58.83
yes,,27.687995207473126,85.3386820276745,185.71
yes,,27.68971177459918,85.33883751567947,95.78
yes,,27.68789585008751,85.33915905002155,368.92
yes,,27.688268322156468,85.3390878567903,593.35
yes,ClassAce,27.687518600000864,85.34140009999975,140.02
yes,,27.686841165019356,85.33802005997562,78.93
yes,,27.68656339086854,85.3375645869068,53.67
yes,,27.691069682754833,85.34315111985835,102.39
yes,,27.692093615070174,85.34330715663428,74.0
yes,,27.69081625322619,85.34347327603635,125.23
yes,,27.692818964753158,85.34232437106927,78.78
yes,Facts,27.691486718169127,85.34297980459492,141.49
yes,,27.6911504455388,85.34272336119872,150.85
yes,,27.690937426170038,85.34379552452751,76.5
yes,,27.69088196873019,85.34404975688922,93.98
yes,Onion films,27.690944919351246,85.34307519123074,223.01
yes,,27.69207941960454,85.34357806644555,144.93
yes,,27.692693833471434,85.34243029480233,112.31
yes,,27.69110916766169,85.34301935668589,22.1
yes,,27.692500363043155,85.34231310982841,115.69
yes,,27.692450662427618,85.34300161040393,93.84
yes,,27.691796001317005,85.343016522137,122.16
yes,,27.69219008066694,85.34385299350254,171.47
yes,,27.692326323462083,85.34252751882342,148.33
yes,,27.69100559327296,85.34266497830927,54.76
yes,,27.6920762696742,85.34416249962916,82.15
yes,,27.691332035533303,85.3432479023621,88.11
yes,,27.692405240642497,85.34373836778397,78.06
yes,,27.69238109622871,85.34328339527347,76.95
yes,,27.6921123405465,85.34411150683422,68.18
yes,,27.692450362246984,85.34312141155687,87.1
yes,,27.6927235078034,85.34274195292623,105.04
yes,,27.69217171908593,85.3434976357535,16.88
yes,,27.692550600007127,85.34320665000108,93.79
yes,,27.692303029598534,85.34323379620244,88.7
yes,,27.692489898069045,85.3433910063329,138.29
yes,,27.692624411391034,85.34272897383241,95.14
yes,,27.692488527002947,85.34255585637365,107.83
yes,,27.69211444969703,85.34404915025364,46.02
yes,,27.69235868859246,85.34244621734311,100.77
yes,,27.69285254625314,85.34220769148173,124.21
yes,,27.69212414497596,85.34371436862115,9.2
yes,,27.691188623510605,85.34315008450328,69.25
yes,,27.69103683611093,85.3425959183787,93.76
yes,,27.6923660549289,85.34261669845499,59.38
yes,,27.691564977650433,85.34279945136042,74.33
yes,,27.69097067889513,85.34274869102401,58.89
yes,,27.692064695015812,85.34380980784937,112.41
yes,,27.69260255001184,85.34243045000173,80.38
yes,,27.692742105082505,85.3421675421084,116.74
yes,,27.692288866313344,85.34364161161255,76.36
yes,,27.692385307524162,85.34288943950664,153.32
yes,,27.691431116322537,85.34276601864963,70.01
yes,,27.691722253440755,85.34283420469357,59.99
yes,,27.691558040709204,85.34309693151476,88.11
yes,,27.692648359290764,85.34261497436458,165.81
yes,,27.692293043446004,85.34261177861366,59.12
yes,,27.692356990116192,85.34301092113971,91.16
yes,,27.692348535516,85.34342477562168,299.77
yes,,27.69183326512985,85.34288137703686,111.94
yes,,27.69197014176668,85.34292684984642,129.04
yes,,27.69129836104297,85.3427310522025,69.33
yes,,27.69267620077531,85.3422864618215,83.85
yes,,27.69226352183493,85.34272995584789,110.56
yes,,27.69086801169945,85.34370928398565,45.4
yes,,27.692498957831976,85.34242455782865,123.92
yes,,27.69224132761997,85.34285121055333,83.81
yes,,27.692044550390563,85.34425241675126,49.2
yes,,27.692347530872436,85.34312192645938,79.3
yes,,27.69251973841448,85.34278217030162,82.13
yes,,27.69238005200304,85.34217387349393,93.06
yes,,27.691657545469234,85.34315681232766,71.14
yes,,27.691626697478085,85.34297315552577,115.0
yes,,27.69264851950714,85.34216523722338,72.83
yes,,27.690866397096727,85.34417086153414,101.02
yes,,27.691879640349427,85.34305754649134,127.79
yes,,27.690858715455207,85.34331186908834,247.79
yes,,27.692358436180342,85.34227705155051,128.98
yes,,27.691216188679554,85.3428876802461,100.53
yes,,27.690815189108488,85.34275475303077,259.9
yes,,27.69312408640274,85.34241382610527,144.68
yes,,27.69277844194929,85.3433170250178,199.49
yes,,27.691687493616502,85.34230049513953,65.39
yes,,27.692072350687994,85.34265701594869,136.34
yes,,27.691759056504853,85.34263951242062,124.42
yes,,27.69174165602696,85.34224123748925,87.51
yes,,27.693028494841197,85.34363365065369,114.21
yes,,27.69296252664111,85.34319429379482,42.36
yes,,27.691752085784795,85.3423071285516,39.48
yes,,27.691615885251895,85.3421902042595,85.29
yes,,27.692811719302817,85.34353440967524,105.16
yes,,27.69164009788441,85.34210512176982,147.67
yes,,27.692048045438746,85.34216507028036,56.02
yes,,27.693095699610605,85.34201644839038,126.63
yes,,27.693088223918856,85.34191598789641,125.63
yes,,27.69277040212559,85.34315100470845,70.14
yes,,27.692721502556164,85.34350293716754,109.73
yes,,27.69249071247518,85.34217105198957,125.23
yes,,27.69281591847093,85.34283437651638,43.68
yes,,27.691995597086333,85.342737712876,132.68
yes,,27.691939754349853,85.34260144043213,58.59
yes,,27.691936055132185,85.34231257969398,142.06
yes,,27.693100453183465,85.34183503257768,105.95
yes,,27.69094747356321,85.34245321432364,96.25
yes,,27.692089009064684,85.3427747074297,94.39
yes,,27.69142075704099,85.34221288075398,136.86
yes,,27.693067206573556,85.34226097965458,107.38
yes,,27.692109467677586,85.34256968846097,92.51
yes,,27.692200615691295,85.34224305411438,85.33
yes,,27.6908703225034,85.34255605130357,194.75
yes,,27.692069281628356,85.34202333622385,86.28
yes,,27.693063662208978,85.3421035090696,145.2
yes,,27.6914952216832,85.34206582974143,95.14
yes,,27.69238838081694,85.3420425526222,112.18
yes,,27.691328340254714,85.34206581878392,102.04
yes,,27.691793510420077,85.34246604411753,144.85
yes,,27.69152118069212,85.34196699481043,107.22
yes,,27.69297595950357,85.34235615525246,124.02
yes,,27.69196549696429,85.34215552906053,138.06
yes,,27.691713779003805,85.34189979327233,108.75
yes,,27.691340219847472,85.34305999822982,234.65
yes,,27.69182019103001,85.34201607303605,79.54
yes,,27.690800850003495,85.34230374999886,84.71
yes,,27.693178836447828,85.34230861535687,127.75
yes,,27.692798327092202,85.343086789963,58.18
yes,,27.69327845498822,85.34293367251276,97.17
yes,,27.693342275726827,85.34320866950355,99.91
yes,,27.69384050217385,85.3432102721684,112.31
yes,,27.69344165000811,85.34220825000092,110.38
yes,,27.693869293031636,85.34331511995448,17.83
yes,,27.69353679999976,85.34182379999835,24.65
yes,,27.693519229340957,85.3430078030876,83.6
yes,,27.693261019147528,85.34317961337997,49.51
yes,,27.693898519765746,85.34238625735242,117.09
yes,,27.693750167563554,85.3417331856598,232.35
yes,,27.693794860715048,85.34218958781237,183.91
yes,,27.693944250014916,85.34378440000476,98.74
yes,,27.693559459509533,85.34241836099352,170.51
yes,,27.69337903327036,85.34241584423393,89.28
yes,,27.693409274606783,85.34231660561768,100.89
yes,,27.693425750004856,85.34278634999863,100.6
yes,,27.693443943049317,85.34266032233182,80.91
yes,,27.693256152879293,85.34259879397368,113.42
yes,,27.693658489923102,85.3424793230844,110.23
yes,,27.69340690707626,85.34298263052936,128.84
yes,,27.69369534580586,85.34194281715786,195.31
yes,,27.693597373685982,85.341738315732,150.26
yes,,27.693566978416925,85.34284137666882,114.4
yes,,27.694278466142364,85.34253201599172,133.5
yes,,27.69387164188752,85.34299912928773,290.54
yes,,27.693472783901953,85.34255920010791,75.06
yes,,27.693461844729985,85.34327071340104,123.89
yes,,27.693733108685528,85.34338639730127,140.35
yes,,27.69400216927435,85.34327072925915,154.25
yes,,27.69368432721386,85.34231645948731,123.07
yes,,27.69408786778962,85.34188804643026,272.31
yes,,27.693577137679785,85.34307293008641,76.37
yes,,27.69383899874649,85.34207045826726,144.19
yes,,27.693656213894478,85.34305594896864,89.1
yes,,27.693815326725794,85.34252727620884,205.76
yes,,27.69655150161823,85.35311446161553,42.63
yes,,27.696486321951483,85.35298831466905,42.11
yes,,27.67392570000923,85.36019295000162,110.54
yes,,27.674023450008146,85.36031670000196,67.79
yes,,27.67397855737872,85.36043987880424,109.85
yes,,27.673446550002925,85.36018569999918,66.28
yes,,27.673360300002347,85.35993604999747,106.76
yes,,27.673009881170593,85.35912046467911,89.01
yes,,27.6729353835942,85.35886964259105,144.06
yes,,27.672828985445726,85.35884271693473,95.95
yes,,27.672440789630034,85.35893275875584,76.93
yes,,27.67263843140005,85.35796287972036,81.41
yes,,27.672704059441525,85.35803094780594,87.84
yes,,27.672988127564157,85.35786987664564,85.52
yes,,27.672838625130517,85.35782890095803,108.45
yes,,27.67265443165822,85.35775024190434,113.14
yes,,27.67269632772607,85.35761332035425,100.47
yes,,27.672868148287968,85.35770722509355,81.82
yes,,27.67295449802192,85.35799408476028,95.65
yes,,27.672994479599932,85.35775086266965,70.18
yes,,27.673053699639457,85.35817445143772,61.55
yes,,27.673139059507616,85.35823119105972,59.55
yes,,27.672959895846443,85.35810802069312,60.5
yes,,27.673089010102863,85.35778837915262,90.36
yes,,27.672875863057417,85.35809093920668,65.82
yes,,27.67318374694046,85.3579989530649,96.62
yes,,27.67282458083574,85.35820414393733,106.88
yes,,27.673290017945998,85.35831432579283,120.18
yes,,27.683429196711316,85.33481197182883,12.3
yes,,27.683493143797946,85.33492673977815,84.51
yes,,27.68342783209799,85.33491393390098,95.46
yes,,27.683327662003265,85.33518655787111,103.84
yes,,27.683459434897376,85.33726946327603,89.01
yes,,27.6838694683624,85.34154109461113,104.29
yes,,27.683255478264424,85.33889432466135,245.24
yes,,27.68375558288007,85.34162346450034,35.32
yes,,27.683396865965488,85.33876474781766,78.09
yes,,27.683382756079396,85.33851099851739,90.88
yes,,27.68374117968991,85.3417417622765,63.72
yes,,27.684039334730965,85.34168746204223,158.34
yes,,27.683815948575603,85.34167903844417,52.43
yes,,27.683986762810253,85.3415707783343,62.49
yes,,27.68636636864375,85.34129803074536,94.51
hospital,,27.68697124979818,85.33965037996526,394.84
hospital,,27.686310048437953,85.33977477133303,452.94
yes,,27.686798826352316,85.34059291263581,130.71
yes,,27.686313900001227,85.33821979999985,23.64
yes,,27.686749606759804,85.33827097514609,25.62
yes,,27.687515042190427,85.33740957112859,108.92
yes,,27.687572304220197,85.33754119783256,39.11
yes,,27.6868424921057,85.34037876912554,102.39
hospital,,27.6860659501142,85.33968000005024,473.83
yes,,27.68642750607502,85.34116397284198,201.55
yes,,27.685562198585025,85.34146121665262,72.47
yes,,27.687459375443538,85.33756940536679,62.64
yes,,27.687494877611105,85.3377255506022,139.39
yes,,27.677980906245285,85.3623596238656,72.29
yes,,27.678165224169547,85.36225458072246,43.93
yes,,27.67806027243457,85.36327394755969,104.8
yes,,27.678380849782837,85.36351054754228,77.83
yes,,27.678166054055012,85.36324084246615,67.1
yes,,27.67827902950086,85.36356856630303,103.77
yes,,27.678482421972202,85.36399200903513,88.05
yes,,27.67346765000553,85.35919414999914,101.66
yes,,27.673295300004128,85.35879159999953,78.25
yes,,27.673838182474483,85.35885893871506,58.36
yes,,27.673669503218907,85.3590138825365,41.03
yes,,27.672707783263235,85.35874690040869,105.06
yes,,27.673157783637183,85.3584163392025,69.59
yes,,27.673348803122106,85.35861893055532,61.23
yes,,27.673131984982682,85.35855178226983,64.16
yes,,27.678188047099905,85.33605598779339,210.52
yes,,27.68063578189993,85.33909109507081,236.68
yes,,27.678664162848563,85.33758997725735,94.79
yes,,27.677905700005415,85.33655729999563,82.25
yes,,27.67796618479361,85.33651015812747,59.87
yes,,27.67328071784643,85.35716231772224,102.22
yes,,27.673172386207277,85.35714320622895,63.27
yes,jadibuti production,27.675525494824136,85.35367477897123,983.16
yes,puspanjali hall,27.6748764570067,85.3539029690333,484.48
yes,,27.67795655000746,85.34896385000351,92.87
yes,,27.673613950012967,85.35888470001693,84.59
yes,,27.673024282205336,85.35978507364932,75.0
yes,,27.678709994466175,85.36422490195035,116.68
yes,,27.67678745170879,85.36104883279538,89.44
yes,,27.67675651226104,85.36164788061919,311.83
yes,,27.676475547616512,85.36229091787877,148.24
yes,,27.67663864335477,85.36139056281053,490.93
yes,,27.676685261525343,85.36181721402647,93.59
yes,,27.677081479295527,85.36209464249607,99.68
yes,,27.67690735000794,85.3620658000026,72.35
yes,,27.67642636150109,85.3627316658742,77.34
yes,,27.676512836444296,85.36275371352467,89.35
yes,,27.695720734714552,85.3448268722699,96.66
yes,,27.69512905000704,85.34637560001693,77.72
yes,,27.69565378567096,85.34762703801044,91.35
yes,,27.695848450006974,85.3466615999999,57.75
yes,,27.695550310283444,85.34473697471577,142.25
yes,,27.695867377935574,85.34629589370051,113.58
yes,,27.695574918934387,85.34464318668958,139.87
yes,,27.69602430001374,85.34579804999912,93.89
yes,,27.695643483396786,85.34775890050129,106.69
yes,,27.695830400006106,85.34650349999923,126.69
yes,,27.696232250056237,85.3462080000059,426.71
yes,,27.69580004217477,85.34485580748732,92.51
yes,,27.694821467190632,85.34838914909791,161.21
yes,,27.695241695685166,85.34789975629825,107.32
yes,,27.69610365000711,85.34608750000014,90.16
yes,,27.696110281557807,85.34510834576584,50.57
yes,,27.695024039982613,85.3475211027988,90.32
yes,,27.695845077199184,85.34618922129309,99.64
yes,,27.69529093329525,85.34657200031332,101.56
yes,,27.69470832506159,85.34739509072881,116.65
yes,,27.694794637549975,85.34706219764418,119.15
yes,,27.69610340205206,85.3452455696357,146.31
yes,,27.69475418290504,85.34723761242819,100.36
yes,Jeevan Vigyan,27.694895461462213,85.34620099451962,123.45
yes,,27.694640160610202,85.34792039522874,108.12
yes,,27.69634689209813,85.34687001920439,125.51
yes,,27.695262788176127,85.34740842021465,142.97
yes,,27.695888800008916,85.34475930000258,98.28
yes,,27.695430599436808,85.34723216675648,79.51
yes,,27.673735874385542,85.35285164089433,78.83
yes,,27.67857325001246,85.34072429998548,60.56
school,,27.678991650558547,85.34172626733886,63.92
yes,,27.681204968305146,85.3383840087377,64.31
yes,,27.67770903956715,85.33819852096563,99.1
yes,,27.673611342742834,85.35317495692337,114.93
yes,,27.693368181713538,85.34728301562458,119.6
yes,,27.694463749994405,85.34855814999683,96.34
yes,,27.69614265000684,85.34647310000089,45.26
yes,,27.694125649110738,85.34818005774396,149.96
yes,,27.69614201971711,85.346632140124,111.5
yes,,27.696792997275107,85.35145043810316,10.18
yes,,27.694443892178768,85.34736317212689,87.12
school,,27.696787412892505,85.35019660308046,172.48
school,,27.694492234682393,85.34700246849235,100.7
yes,,27.696539449996333,85.35020799998894,51.97
yes,,27.695677910354725,85.35155454701605,51.03
yes,,27.695878837834638,85.34434659521794,3.59
yes,,27.695268422199693,85.35157124789247,114.77
yes,,27.69525538522941,85.35053486000541,69.51
yes,,27.6958460166834,85.35036980001644,73.39
yes,,27.695636966100352,85.35037178477377,236.41
yes,,27.695350868735748,85.34799600355913,116.21
yes,,27.696609499999774,85.35061324998982,123.91
yes,,27.695626475053945,85.34383408146152,79.4
yes,,27.69591782192748,85.35199741287249,213.79
yes,,27.695604488945175,85.35077945569603,144.68
yes,,27.696366000006346,85.35110075000404,45.19
yes,,27.695724354648068,85.3505869575634,125.57
yes,,27.695125400400357,85.3474804297592,113.1
yes,,27.694326222212272,85.34822665086722,83.7
yes,,27.695312703124728,85.3436677832676,173.34
yes,,27.694085522450603,85.34801014022348,87.79
yes,,27.695484378249883,85.34351218317431,112.55
yes,,27.69530537678704,85.35034003026144,71.5
yes,,27.696552888366995,85.3507932623759,354.64
yes,,27.69634490642126,85.35132172483338,189.15
yes,,27.695718523920434,85.35069442703542,174.62
yes,,27.69489300000788,85.3485327000138,191.85
yes,,27.69640286965955,85.35095784396022,127.36
yes,,27.695187722223658,85.34298082806517,120.88
yes,,27.695411672520258,85.34772445193555,58.33
yes,,27.69536993220083,85.34337508465248,127.84
yes,,27.695764191587156,85.34579927927945,105.8
yes,,27.69536694716648,85.35092474857387,118.19
yes,,27.69662613736264,85.35154583074221,160.43
yes,,27.6955460561485,85.35058695345029,202.57
yes,,27.695189195754754,85.35123361331638,87.95
yes,,27.695739816271363,85.35185500680184,54.43
yes,,27.69506375843384,85.35116099328528,125.56
yes,,27.69548154999979,85.34363414999842,109.66
yes,,27.69604446095008,85.34664777410175,100.87
yes,,27.693603667480872,85.34729167296027,91.05
yes,,27.69568015466567,85.34581027008048,37.57
yes,,27.696769171416694,85.35157338832609,22.98
yes,,27.69541505996924,85.35082632907195,158.71
yes,,27.694495639951295,85.34747385599096,101.42
yes,,27.69665655000316,85.35090489999737,55.58
yes,,27.695328876860255,85.34390953152271,152.39
yes,,27.694671149996257,85.34843595002314,88.07
yes,,27.695625157498405,85.34370524041047,27.47
yes,,27.69532873247331,85.35105358260256,172.26
yes,,27.696172197098413,85.35038881936497,49.4
school,,27.694240799740093,85.3469959162646,144.57
school,,27.69627319969476,85.35042253279924,396.89
yes,,27.696562643477698,85.3500934374495,171.28
yes,,27.695326573506893,85.35151397722056,99.28
yes,,27.695788502710553,85.35048145476071,142.37
yes,,27.696502074782593,85.34696238390357,118.66
yes,,27.693583491362702,85.34771671913512,148.06
yes,,27.681985682649707,85.33576092441257,48.15
yes,,27.682315411322143,85.34408390183353,94.11
yes,,27.68208580377959,85.33584421791686,74.92
yes,,27.682910549992908,85.34404250000074,50.64
yes,,27.68227394519755,85.33620173085801,67.27
yes,,27.683241044543553,85.33541877064681,112.78
yes,,27.683052118789714,85.33581441364234,169.1
yes,,27.683115468584983,85.33553749896885,134.16
yes,,27.683161874926803,85.33530965827016,103.32
yes,,27.68322226164169,85.33595514948489,72.81
yes,,27.683311226724886,85.33594904605512,92.66
yes,,27.683338471023248,85.3358209554251,92.83
yes,,27.68307184118972,85.33596894216956,128.25
yes,,27.683264543823277,85.33526972760222,61.2
yes,,27.673580684336653,85.35301494100962,71.28
yes,,27.672050158676708,85.35138649748437,70.75
yes,,27.673706355660887,85.35298599623427,73.1
yes,,27.671652450000522,85.35042024999598,65.92
yes,,27.6727302000043,85.35037849999799,79.99
yes,,27.673853550006495,85.35089520000089,88.68
yes,,27.671998522937184,85.35183100981676,127.42
yes,,27.673095131960686,85.35289133457141,103.48
yes,,27.672054356682,85.35128910694675,74.93
yes,,27.673747222503817,85.35031485685818,116.89
school,,27.672209405802917,85.35147260158818,148.47
yes,,27.672058919195976,85.35118198802056,85.09
yes,,27.67377759999257,85.35145424999132,98.91
yes,,27.67261689377305,85.35036987142861,53.54
yes,,27.67353748546113,85.35028055480207,120.64
yes,,27.6737291999992,85.35292654999212,60.44
yes,,27.673737743626916,85.3504447225869,146.89
yes,,27.671982994929397,85.35264572346169,84.57
yes,,27.6736064803533,85.3529347430301,55.63
yes,,27.673779511220488,85.35020115836946,117.28
clinic,Janaki Polyclinic,27.673935199999033,85.35149454999618,115.68
residential,,27.671138641123733,85.35229405059417,63.79
yes,,27.67362823110087,85.35034338592321,71.99
yes,,27.67198484444201,85.34552693273753,64.38
yes,,27.672574549543608,85.3454846336293,84.09
yes,,27.672040100007266,85.34563624999484,98.6
yes,,27.67162980000331,85.34606445000121,51.31
yes,,27.672345150005707,85.34663709999643,100.23
yes,,27.671251150006267,85.34724540000055,93.47
yes,,27.67184962234601,85.34701925518075,82.62
yes,,27.672108230980655,85.3456043757287,44.97
yes,,27.672268401952653,85.34655398306052,51.88
yes,,27.671962724561162,85.34718385935571,49.05
yes,,27.671341950004717,85.34557640000304,53.4
yes,,27.672408550005652,85.34557514999365,78.34
yes,,27.67212770000454,85.34571315001119,111.19
yes,,27.671145316229534,85.34578939801635,88.67
yes,,27.67208414780861,85.34714745931817,46.1
yes,,27.67202748434023,85.34581164700856,91.44
yes,,27.671651611920012,85.34540218787612,66.35
yes,,27.672111874831057,85.34722062534087,54.35
yes,,27.67171734054354,85.34696782407501,80.13
yes,,27.671556500005863,85.3467260000036,43.77
yes,,27.672485668295558,85.34614701128247,63.2
yes,,27.67172064553273,85.34611698546742,44.13
yes,,27.672821238437532,85.34713651495244,81.35
yes,,27.67238835000252,85.3458724999977,55.88
yes,,27.671171554047756,85.34718743255962,73.78
yes,,27.67201905000686,85.34614495000613,62.59
yes,,27.671492430795787,85.34669968947657,89.83
yes,,27.672431703937587,85.34718235913054,90.29
yes,,27.67264950000942,85.34552425000695,96.53
yes,,27.67276134792874,85.346823807049,133.04
yes,,27.671469016371162,85.34597754611,70.6
yes,,27.672576300004813,85.3460353999983,91.84
yes,,27.672182332443782,85.34552365324089,107.08
yes,,27.671608200005522,85.34674350000228,49.23
yes,,27.671576001684343,85.34588673388087,98.87
yes,,27.671917922370366,85.34524975037942,54.14
yes,,27.67138650000323,85.34605105000239,47.95
yes,,27.67254065000177,85.34579554999227,70.51
yes,,27.671342419864015,85.34730233802644,84.04
yes,,27.672317650005652,85.34547749999008,69.63
yes,,27.672063900003444,85.34547875000202,65.35
yes,,27.67192643484857,85.34567651011984,277.95
yes,,27.672035474427496,85.34517514053802,65.39
yes,,27.672096940301724,85.3452397160848,47.85
yes,,27.68788765001611,85.36138174997724,108.41
yes,,27.670765459883295,85.35060427964251,89.1
yes,,27.672048300161364,85.34992250075248,175.05
school,,27.672082896187234,85.3524404960148,57.96
yes,,27.670225750006306,85.34944054998415,71.72
yes,,27.67001965000393,85.34908625000281,66.71
yes,,27.670581862246003,85.35036037474603,73.78
yes,,27.671079226471065,85.3503976400956,167.11
yes,,27.670261700009444,85.35030105000654,112.95
yes,,27.670863750015425,85.35032190001029,95.77
school,,27.673165291422098,85.35019352230928,120.14
school,,27.67324686972437,85.35044268673222,192.98
yes,,27.694693924916635,85.3542519184667,62.79
yes,,27.69440738314099,85.35509288617848,54.37
yes,,27.694999199917916,85.35418041690963,22.69
yes,,27.695039837710965,85.35303314526502,46.5
yes,,27.695076654989187,85.35315181495501,43.19
yes,,27.69497658155111,85.35559311964946,82.32
yes,,27.69545698978288,85.35648222807497,255.67
yes,,27.694940150002527,85.35390990001267,47.79
yes,,27.69478623674808,85.3533064626592,155.88
yes,,27.694894561598772,85.35338811950325,116.13
yes,,27.694943934944803,85.35300137858333,152.12
hospital,Natural Health Hospital,27.695892472371284,85.34555816272012,255.45
yes,Hiilton Boys Hostel,27.694819037790413,85.34214745267556,69.64
yes,Narayani Boys Hostel,27.69518722891491,85.34435005861344,46.68
residential,,27.69344834683476,85.34095925820871,143.6
yes,Community Center,27.67811338629773,85.35981840319864,268.5
commercial,Chicken Station,27.685458496807666,85.33522829411253,267.58
commercial,,27.685834909930804,85.33517942329448,92.73
commercial,,27.685613380114894,85.33502075338818,0.24
yes,,27.694786316588615,85.35408579918206,59.41
yes,,27.69443729625135,85.35440655105513,145.18
yes,,27.69478310069784,85.35418503310804,38.15
yes,,27.69472559646843,85.35413126559263,25.52
yes,,27.69482780000334,85.35451375000106,44.25
yes,,27.694743198708952,85.354485536976,163.99
yes,,27.695615549991384,85.3545295999876,92.79
yes,,27.694800600003273,85.35471020000088,41.7
yes,,27.695300970194555,85.35402504794985,43.08
yes,,27.69513624937314,85.35471670498178,317.44
yes,,27.69564595421766,85.3547727809734,29.94
yes,,27.694969265519944,85.35271779011978,58.62
yes,,27.695059150002276,85.35405774999782,47.35
yes,,27.694864469009886,85.3547237568649,57.83
yes,,27.69482166667544,85.35279879998988,144.65
yes,,27.694628431933737,85.35422552077094,34.05
yes,,27.695147855371957,85.35408233136603,69.46
yes,,27.694564764036173,85.354289004543,55.42
yes,,27.694680346628154,85.35418553357913,35.86
yes,,27.694553300163655,85.35446624419443,119.89
yes,,27.69487259931714,85.35440941699282,74.74
yes,,27.69529968120037,85.35417409860203,20.49
yes,,27.695099005067885,85.35415248188885,60.79
yes,,27.695503751727767,85.35487890431848,294.53
yes,,27.694799750003607,85.35435624999509,82.03
yes,,27.69619203305315,85.35296513450326,117.65
yes,,27.696355415415155,85.35304913192216,109.69
yes,,27.696097200007582,85.35305225000194,85.0
yes,,27.69644925000386,85.35315264999963,50.52
yes,,27.696540770710584,85.35321622289214,8.23
yes,,27.69624687558065,85.35318346607593,43.26
yes,,27.696608505242835,85.3529037007979,4.7
yes,,27.69488874001355,85.35416827297755,32.29
yes,,27.69511415000157,85.35295129999967,27.17
yes,,27.694640050005994,85.3534247000058,45.19
yes,,27.695359550000898,85.35272214999992,14.2
yes,,27.694871650002312,85.35405675000179,29.85
yes,,27.695852900010355,85.35285660000923,87.07
yes,,27.694313465394757,85.35402387646516,171.83
yes,,27.694954300004163,85.3544714999996,35.76
yes,,27.693438117925027,85.35345470876835,196.81
yes,,27.695219000004386,85.35287895000289,57.1
yes,,27.69393635407359,85.35414128245827,16.99
yes,,27.69447309006641,85.35284937226378,52.41
yes,,27.695936600006196,85.35291340000019,94.34
yes,,27.695028300000097,85.35427624999356,50.67
yes,,27.69442075001105,85.35296320000401,88.83
yes,,27.694065298473454,85.35390105542967,58.41
yes,,27.69511890000474,85.35396009999711,111.08
yes,,27.69428959532808,85.35428508787983,65.31
yes,,27.69507175000153,85.35292095000136,17.56
yes,,27.69495540373982,85.35424403263187,33.25
yes,,27.694111851021646,85.35413008261239,117.73
yes,Purano Karki Hotel and Fast Food,27.695466426082838,85.35343975551191,41.92
yes,,27.69628075000647,85.35397434999727,100.04
yes,,27.696193571832886,85.35443444423754,28.6
yes,,27.69542886405807,85.35361260711876,64.15
yes,,27.69498862761415,85.35469430526284,269.94
yes,,27.695734161344674,85.35423084111999,163.67
yes,,27.696158424445386,85.35414503793889,58.31
yes,,27.696060950005645,85.35424039999545,146.74
yes,,27.695740961571055,85.35393377982896,106.34
yes,,27.69625779250427,85.35441246396825,43.5
yes,,27.69623285000308,85.35433930000148,29.12
yes,,27.69617677098792,85.35459264382423,130.42
yes,,27.694689283616555,85.35459075051057,137.79
yes,,27.69458385000492,85.35526619998275,215.28
yes,,27.695090783218497,85.35542839982341,102.55
yes,,27.69476260000546,85.35600339999208,142.63
yes,,27.694667850018437,85.35567700001396,90.41
yes,,27.69516684999852,85.35603169998514,119.6
yes,,27.695105650001707,85.35571604998472,126.56
yes,,27.69520380711849,85.35591693115512,56.29
yes,,27.69546254687493,85.3566895898753,39.51
yes,,27.69447552166407,85.35561580828976,403.89
yes,,27.69366690012615,85.3501958496173,94.28
yes,,27.696071500052327,85.35061195001802,347.36
college,Kantipur Academy of Health Sciences,27.68681362643309,85.34814459627738,223.6
college,Academic Block,27.691117512809452,85.34967835577368,196.67
yes,Pentagon International College,27.686303880918945,85.34806422598388,426.82
school,,27.675207894796603,85.34298524184523,146.7
school,,27.683603465932144,85.335123596118,142.7
college,,27.683231053340748,85.33663974331398,100.59
school,,27.68292488772559,85.33806642900335,319.11
house,,27.67204196822166,85.3582739894909,128.81
school,,27.671914615501457,85.35798435955205,114.77
yes,,27.672711419309376,85.35857551890263,102.89
yes,,27.674027412732144,85.35761648173343,69.12
yes,,27.67386220000035,85.357846099999,35.26
school,,27.67371089818206,85.35765203316295,97.23
yes,,27.674027000002184,85.35769129999943,53.17
school,,27.675281650523647,85.35993166005426,165.49
kindergarten,,27.67515051859996,85.35907045264649,91.15
school,,27.675657263626825,85.36094733602214,111.44
school,,27.676888669153396,85.36116063677225,360.03
school,,27.677091506052182,85.36120356546813,110.88
school,,27.677066134679837,85.36148213801403,234.08
school,,27.676937250005516,85.36020559999768,104.81
school,,27.677846138672265,85.35966594438601,239.66
school,,27.678646990003724,85.36188766956799,281.87
school,,27.678613192928683,85.36202237318307,41.61
college,,27.67306852807016,85.34377409166633,561.78
college,,27.672734517384015,85.34368551476086,395.02
college,,27.67477017947273,85.34112901796001,82.39
school,,27.67516191452979,85.34068935570546,99.49
college,,27.674419310396306,85.34113621491609,125.4
school,,27.67505445000543,85.34054345000389,62.32
college,,27.675020500002862,85.34114269997413,78.59
college,,27.67490533804897,85.34202309976624,214.71
school,,27.673355163406637,85.34367904308947,523.34
school,,27.673126757376515,85.34343760242386,70.32
yes,T.G Complex,27.673275775608747,85.34264258111455,1302.16
college,CIST College,27.693375211356646,85.34003596094405,251.99
kindergarten,,27.6931531500034,85.34006819999625,34.08
school,,27.671209115898247,85.34342958464265,97.86
school,,27.671314663514547,85.34356247444596,230.24
school,,27.672624693706563,85.34076202696879,69.75
school,Greyfort International School,27.694776125742877,85.34451949141489,133.73
school,,27.69353307574461,85.34034374630416,341.59
school,High Himalayan Academy,27.69292061649294,85.34005655683956,38.61
yes,,27.69227200463952,85.34418043153522,86.64
yes,,27.69248932261045,85.34433201496249,98.03
yes,,27.692358483778452,85.34424664977536,172.26
yes,,27.692582561328436,85.34438082254297,58.44
hospital,,27.691338667267743,85.36141937762835,92.35
college,,27.692204749999846,85.36139944999994,35.49
school,,27.69088490871648,85.36191494969722,176.89
school,,27.671765649996612,85.34890444997203,80.36
school,,27.671852600000253,85.34899694999316,28.52
school,,27.671538132786928,85.34878705660628,242.02
school,,27.67194265791706,85.35063118031975,125.98
school,,27.67199080950316,85.35044720602527,53.26
school,,27.672003610069236,85.35028642116332,103.7
school,,27.67202295000271,85.35052224999838,67.12
school,,27.67231684053696,85.35124593588584,173.98
school,,27.67222806976896,85.3511865078695,297.48
school,,27.671097318535043,85.35207681925846,137.95
school,,27.679714650007785,85.34739950000038,98.11
school,Angel Lord Academy High School,27.679867171529505,85.34753151031354,53.07
school,,27.679968387621532,85.34745502123914,114.24
school,,27.679818132712075,85.34742528362423,129.26
school,,27.681479074590644,85.34748487393105,100.2
school,triton international school,27.684224730376034,85.344407102525,81.81
school,,27.684177223214746,85.34423418619804,177.74
college,,27.674440515517386,85.34163149119851,64.76
school,,27.690705000001813,85.35086319999492,68.74
school,,27.680249900033356,85.3411149999947,297.87
house,,27.68032512170181,85.3412855548276,128.26
school,,27.679578650016374,85.34217704999845,177.22
school,,27.676973219709755,85.33875725664862,61.76
school,,27.679950059868276,85.33760610553544,132.81
school,,27.679812581727617,85.33763629322019,114.66
school,,27.67990414999344,85.33774064999002,50.08
school,,27.68007450877754,85.33767630629715,144.76
college,,27.679866050009508,85.34851794999783,220.5
school,,27.686494555238493,85.36363578402997,252.73
school,,27.688659025509587,85.3581866532499,55.55
school,,27.686600207123956,85.36369622236255,28.97
hospital,Manohara Samudayik Swastha Kendra,27.67345601800134,85.35974789534416,177.54
yes,Araniko Bus Byabasayi sangh,27.6745060000042,85.35867414999474,163.55
school,,27.688486646700486,85.34421173598298,187.5
school,,27.688799721081896,85.34388636876619,154.83
school,Glacier International Higher Secondary School,27.68842205725693,85.34398875008391,148.11
school,,27.69446540653989,85.34713632872035,119.92
college,Baneswor Campus,27.688942816957685,85.34768876834758,264.11
college,Baneswor Campus,27.6893353040044,85.3478512645195,153.23
college,Baneswor Campus,27.689064676020074,85.34763214608365,265.01
college,Baneswor Campus,27.68925239973868,85.34795019206447,237.94
school,,27.688102740955156,85.34524146944545,297.93
school,,27.686910208090282,85.34402409999419,89.98
school,,27.686872932721165,85.34371754944317,116.25
school,,27.686883590544575,85.3438689296802,120.75
school,,27.692083021021812,85.34092729624842,121.95
school,,27.69211767837301,85.34077833799024,136.32
school,,27.691825944142895,85.34093017125807,210.32
school,,27.692083951386138,85.34061402427768,176.78
school,,27.695721400008708,85.3443166000018,44.4
school,,27.694127782293304,85.34594450711664,73.2
school,,27.694184004752664,85.34596477689358,67.73
school,,27.694341900011942,85.345835200007,83.38
school,,27.694123004165494,85.34582357587557,11.1
school,,27.694052550002176,85.34588974999987,34.25
school,,27.693861200006495,85.3446153499995,41.35
school,,27.69382819999789,85.34448960000118,37.58
school,,27.69381042327897,85.34477779880244,202.06
school,,27.693808100008326,85.344596099998,46.95
school,,27.69409373607318,85.34531490213108,148.06
school,,27.693962077300345,85.3453127240895,90.61
school,,27.69403302099714,85.34509660837301,104.25
school,,27.68548212554528,85.35684665552313,116.58
school,,27.68539827402719,85.35706433663432,100.66
school,,27.679322021307346,85.34853682072715,126.74
yes,,27.693606356453376,85.35065498679913,112.09
yes,,27.69369120000184,85.35060099998378,155.93
yes,,27.694434978543242,85.35020813984782,220.18
yes,Sugam's Home,27.693555990660542,85.35091579200568,63.03
yes,,27.694493482651318,85.35011714435184,105.72
yes,,27.69359994800491,85.35040800687752,203.62
yes,,27.694245014473704,85.35032016520131,97.31
yes,,27.69460937318309,85.35047153342653,53.59
yes,,27.693788395644614,85.35092362491419,106.9
yes,,27.69341522950834,85.35069595908601,79.37
yes,,27.69436387852931,85.35050938303385,84.09
yes,,27.69402864999396,85.35071579998964,98.74
yes,,27.694360646015998,85.35034813169013,96.58
yes,,27.693891267502284,85.35056779412649,130.5
yes,,27.69458428934834,85.35036536255414,43.59
yes,,27.69390324924604,85.35081330145354,69.33
yes,,27.69359740331578,85.35079558213268,100.39
yes,,27.693485316577572,85.35057970482497,119.33
yes,,27.694606171767653,85.35015811036389,89.33
yes,,27.693494620668698,85.35075822580039,96.79
yes,,27.694423599922764,85.3506598308221,55.61
yes,,27.69401335260335,85.35079491545454,59.32
yes,,27.694225733472273,85.35040326675578,48.74
yes,,27.69459046887481,85.35025267834968,74.41
yes,,27.694675337005812,85.35026643500726,89.08
yes,,27.693730687566635,85.35049687649406,98.1
yes,,27.694002875575677,85.35057581895035,93.18
mixed_use,,27.694361900002598,85.35114975000107,22.87
residential,,27.694316864576678,85.35087104137251,115.62
yes,,27.694381079247794,85.35105675777042,59.31
yes,,27.693789110299992,85.35017400204404,95.15
yes,,27.694455974814357,85.35057940503347,62.07
yes,,27.694071161857057,85.350324350794,79.51
yes,,27.693484337657623,85.35088385690099,63.16
yes,,27.693910346833814,85.35019012241438,87.34
yes,,27.6944332502214,85.35074919623737,127.71
yes,,27.694061252293587,85.35049349128163,117.32
yes,,27.693884361356996,85.35027661222891,107.76
yes,,27.69372529741347,85.35031832797212,88.65
yes,,27.693540438479914,85.35101361972633,33.34
yes,,27.694323158351228,85.3507673820932,85.62
yes,,27.69338400735517,85.35079798212479,93.34
yes,,27.694357822112064,85.35059721135327,71.48
yes,,27.69398943911946,85.3502793547923,203.17
yes,,27.69455186697569,85.350563136596,53.98
yes,,27.69473679924764,85.34430943225966,138.85
yes,,27.694880476172486,85.34294516822305,102.62
yes,,27.69509394617176,85.34432064401965,59.56
yes,,27.695793238535675,85.3450178711401,182.7
yes,,27.696549867636765,85.3517016065883,145.95
yes,,27.694931599999578,85.34374194999752,84.56
yes,,27.69473808700026,85.34304623270411,135.24
yes,,27.69644759475591,85.35201816771058,99.27
yes,,27.69503883597124,85.34387556964522,119.23
yes,,27.694964600025948,85.34342025000424,195.4
yes,,27.694663800006264,85.34377579999914,149.29
yes,,27.694739031229794,85.34418663452827,103.86
yes,,27.6950043751943,85.34324718524427,127.46
yes,,27.695694473224926,85.34529020883144,118.98
yes,,27.696581800000295,85.35190319997247,190.78
yes,,27.69486243568936,85.34430108077763,118.85
yes,,27.694985373262174,85.34295198728184,154.24
yes,,27.695067842984987,85.34377873687615,81.95
yes,,27.695980638418305,85.3448878687361,110.47
yes,,27.694671747071958,85.34341952518206,85.18
yes,,27.695308398902785,85.34451015449804,121.73
yes,Asia Network for Sustainable Agriculture and Bioresources,27.693552600004292,85.3439330499908,185.68
yes,,27.694586811748714,85.34391295699383,178.28
yes,,27.695011909647675,85.34406002828456,114.19
yes,,27.69538988184291,85.34453179996791,98.52
yes,,27.694801073202484,85.34379216164673,145.5
yes,,27.694884451236113,85.34324279223404,157.86
yes,,27.695854300014368,85.34456950000025,170.39
yes,,27.69628405000096,85.35209649998444,99.12
yes,,27.69499675239707,85.34419985104877,160.87
yes,,27.694857219357125,85.3430573969119,167.17
yes,,27.695642401272597,85.34489774716528,96.92
yes,,27.695136257782156,85.34433078927817,47.18
yes,,27.696626274657916,85.35222440648442,221.71
yes,,27.695005600428427,85.34412475849271,125.65
yes,,27.694559868084585,85.34339171477741,164.46
yes,,27.69410550001592,85.34358244999905,157.58
yes,,27.69651870001454,85.35213105000575,173.67
yes,,27.69504187591489,85.34399713927652,86.88
yes,,27.69475180676167,85.34405575215706,99.25
yes,,27.69494571246042,85.34357642692927,129.65
yes,,27.69632804814593,85.35198660512691,180.89
yes,Asia Network for Sustainable Agriculture and Bioresources,27.69453121991636,85.34420500718201,278.03
yes,,27.69516738187663,85.34841086660525,1405.98
yes,,27.69469186669748,85.34319477013311,159.65
yes,,27.69481292662375,85.3434325063018,156.42
clinic,Vision Polyclinic,27.67725820000547,85.34439585000038,31.7
school,,27.67680221323141,85.34765859948247,126.34
school,,27.67549317285582,85.34666663614401,586.67
school,,27.674942609160567,85.34541962814329,175.11
school,,27.674892124998625,85.34527223903082,101.04
school,,27.676900270577384,85.34769115928856,95.65
school,,27.675078743519727,85.34528942030511,109.73
school,,27.67668690000061,85.34766364999656,89.72
school,,27.675221693538088,85.34625097401381,89.71
school,,27.677804505800793,85.34325782563467,92.4
school,,27.677768677819834,85.34340690725485,72.53
school,,27.680162333748715,85.33921690577183,207.47
school,,27.680196262891645,85.33906791892775,171.91
school,,27.679891655059247,85.3438250640832,197.73
school,,27.682228240084427,85.35462802343935,86.24
school,,27.68736905001772,85.3584597000074,134.33
school,,27.68212772427548,85.35485430605807,51.71
school,,27.690501425187396,85.36222666350906,91.49
school,,27.679115452131224,85.36290780978713,312.46
school,,27.67897939862262,85.36267402234988,336.03
kindergarten,,27.682265850058037,85.36389190009125,145.37
kindergarten,,27.682477155709076,85.36392790172803,169.47
yes,Sahara Health Care,27.690774837392624,85.33879950330702,92.87
clinic,Santosh Drug House,27.675619046310775,85.36113273851338,177.54
clinic,Upakar National Health Care Center,27.679140837875554,85.3478857779981,114.62
yes,,27.692636432844573,85.34370002209627,123.3
yes,Bishranti party palace and catering services,27.693154600005027,85.34460249999952,70.44
yes,,27.693017031886203,85.3437643384398,44.91
yes,,27.693175613587062,85.34430727744243,25.99
yes,,27.693137694124008,85.34418997051705,78.15
yes,,27.692696049574124,85.34421782487776,118.64
yes,,27.6924852882498,85.34411279062189,96.75
yes,,27.692966960203396,85.34430582767759,118.57
yes,,27.692974903799797,85.34376207480405,55.17
yes,,27.69279054868966,85.3442379488463,112.01
yes,,27.69294769133022,85.34413786063067,56.5
yes,,27.693051037822745,85.34395479963831,49.68
yes,,27.693063156799475,85.3443521778812,100.59
yes,,27.693056110522992,85.34424679788346,32.43
yes,,27.692674926709838,85.34359203366249,112.82
yes,,27.693116699998466,85.34408204999808,54.61
yes,,27.693039481712038,85.34416494938857,94.9
yes,,27.69272375000471,85.34450220000068,53.71
yes,,27.692962011246685,85.34407945293795,62.32
yes,,27.693102400009515,85.34384025000416,66.74
yes,,27.692888642735255,85.34391044602992,167.76
yes,,27.69279642591519,85.34367496794653,97.73
yes,,27.69274509967983,85.343746702043,96.92
yes,,27.692571746084752,85.34416269573428,139.46
yes,,27.693379627320308,85.34545384490025,28.68
yes,,27.69286661631446,85.34372129942454,77.68
yes,,27.693151500259873,85.34436503431098,63.31
yes,,27.692633265158314,85.34439295441793,54.32
yes,,27.692659212943333,85.34396986221083,116.05
school,Utprerana Women Secondary School,27.684544278027204,85.34549883163358,123.19
clinic,Kshamadevi Polyclinic,27.692406854454283,85.34687477968563,126.47
clinic,Safal medical Center,27.695640580551206,85.35361828129224,28.41
clinic,Trishuli Medical & Polyclinic,27.69520730426142,85.35433125360878,52.99
clinic,Asha Dental clinic,27.68706405266608,85.3425863938539,88.57
clinic,Jagaran Dental Home,27.68692078214137,85.34268565547461,98.05
yes,,27.68258630250301,85.33518163305456,54.68
yes,,27.682606183401994,85.33498159225373,53.58
hospital,Hamro Sahayatri Hosp and Birthing Center,27.676554582698877,85.35259789349803,127.06
school,,27.695675472226032,85.3441959534917,152.9
school,Rayners High School,27.691073300900612,85.34132687057554,224.62
school,,27.690918551906996,85.34135662326102,42.92
hospital,,27.696324454672663,85.35348503467333,108.25
hospital,,27.695769374473976,85.35240437968878,80.83
hospital,,27.695800177561598,85.3535324551095,141.3
hospital,,27.696067900011634,85.35353100000025,164.85
hospital,,27.695938740303344,85.35349516964163,104.96
hospital,,27.69617242133528,85.35353361457068,153.45
hospital,,27.69623390966971,85.35375046991992,637.31
hospital,,27.695267888296407,85.35386667714481,23.15
hospital,,27.695904106313385,85.35333264959596,720.83
college,,27.673475207745497,85.34354997103766,122.75
college,,27.6735652356874,85.34332820470264,174.67
college,,27.673584100035125,85.34318809991446,197.09
college,,27.67350211378534,85.3433742746743,125.19
school,,27.673654456136546,85.3435961001947,432.8
hospital,,27.67066553850781,85.35342776574839,2177.93
hospital,,27.687004003138,85.34319042353084,46.32
yes,,27.677351507890116,85.35408330190538,198.23
hospital,Lion'sClub Eye Care Center,27.686917823412607,85.34310999607948,168.84
yes,,27.6771834999906,85.35387839991465,201.43
school,,27.67949203694419,85.3482026850315,678.15
school,,27.679623980162404,85.34819895338258,62.36
school,,27.679304043635522,85.34836568352878,137.01
school,,27.67934818407901,85.3480315955344,112.64
school,,27.685845834966845,85.34285412910832,233.25
school,,27.685732061725986,85.34264179099434,182.24
school,,27.686050548598438,85.3426114947802,645.11
school,,27.68493533193067,85.34281935378321,43.88
school,,27.68511280915946,85.34290223048444,136.41
school,,27.685003130599146,85.34284900611458,48.6
school,,27.67757642639214,85.34624071211461,97.63
school,,27.67780708554212,85.3461795829735,147.57
yes,,27.675404767902258,85.36217130708819,119.24
yes,,27.675609907345134,85.36233370380894,142.62
yes,,27.680735831722245,85.36274620731065,204.69
yes,,27.679673470460934,85.36037033656615,90.19
yes,,27.68019687459095,85.36049766329236,150.86
yes,,27.680518672723306,85.36005926017006,116.19
yes,,27.680566618359155,85.36283600452825,70.94
yes,,27.68003101586978,85.3605878203579,134.85
yes,,27.680287650002523,85.36038424999994,71.87
yes,,27.679378276073805,85.36130184424866,87.62
yes,,27.68065366643756,85.36264799433167,56.45
yes,,27.67979987043798,85.36022488500667,112.62
yes,,27.68027241302659,85.35990322379764,70.52
yes,,27.677069936725605,85.3607691230021,60.11
yes,,27.678499850003885,85.36170599999974,83.67
yes,,27.678487423664823,85.36298147037638,53.32
yes,,27.676896550006155,85.36069579999806,116.91
yes,,27.678394423938,85.3629611002213,69.54
yes,,27.678212999997157,85.36150279999954,60.17
yes,,27.678412165834796,85.36157001764724,64.25
yes,,27.679799764441036,85.36452895296271,76.31
yes,,27.676975782160145,85.3609779455084,85.76
yes,,27.67849853521715,85.36223482146187,163.78
yes,,27.679823493275713,85.36409753223026,78.28
yes,,27.676643931930894,85.36077452439459,146.72
yes,,27.679525996118414,85.36157736897074,95.58
yes,,27.678125890545605,85.36128702387846,57.72
yes,,27.676110400001093,85.36197085000057,64.2
yes,,27.680367216583466,85.36282374952536,94.13
yes,,27.677700650009946,85.36112105000211,92.03
yes,,27.679239209652778,85.36236539899951,104.17
yes,,27.680265948976995,85.36260398218259,93.98
yes,,27.67955484606734,85.36312057724444,209.75
yes,,27.68031090977912,85.3647748399803,65.61
yes,,27.680200994148453,85.36241561819872,80.79
yes,,27.678427511420914,85.36328846016436,334.35
yes,,27.67935802547144,85.36226608337083,115.0
yes,,27.676472793431657,85.36064338143544,69.62
yes,,27.676385050009934,85.36113685000826,90.7
yes,,27.67793401622968,85.36129765017229,69.56
yes,,27.675955152153396,85.36131063176522,124.51
yes,,27.677736795408787,85.36165562160222,112.76
yes,,27.67825729029651,85.36389471404345,229.55
yes,,27.677724400006348,85.3630194000009,75.71
yes,,27.678221754905014,85.36124997586747,59.25
yes,,27.679917477826915,85.36201698410406,125.97
yes,,27.676709567009077,85.36258184825871,247.41
yes,,27.678437953812345,85.36252786097812,909.58
yes,,27.68010750474904,85.36419018601445,102.09
yes,,27.67665072844558,85.36281203980596,85.36
yes,,27.6782175000089,85.36106930000014,91.64
yes,,27.67598880000967,85.36175765000486,111.86
yes,,27.676738751513646,85.36286304247261,120.53
yes,,27.678782564349504,85.36333216976308,759.77
yes,,27.679691100004938,85.36289855000553,70.59
yes,,27.677138473043755,85.36093602952724,112.18
yes,,27.677639000006433,85.36176775000115,67.86
yes,,27.679094725796407,85.36238334121805,95.75
yes,,27.679525299999735,85.36249759999674,73.28
yes,,27.675769986410675,85.36125782707137,448.98
yes,,27.676567450014133,85.36100635001084,127.72
yes,,27.679443100007884,85.36294790001776,85.42
yes,,27.679323818325027,85.36310367877824,130.54
yes,,27.678128349998744,85.36137909999975,41.32
yes,,27.680095770036527,85.36447931107261,132.34
yes,,27.680100570208566,85.36204204460303,91.21
yes,,27.678076850000664,85.36181215000045,68.91
yes,,27.67764788599516,85.36123962257369,74.88
yes,,27.678403023925917,85.36170408495005,75.15
yes,,27.67672770000254,85.36130924999823,56.75
yes,,27.676136273043728,85.36207963427674,83.82
yes,,27.676398149769987,85.36126851681682,90.6
yes,,27.679934124178487,85.36380255040879,76.38
yes,,27.679463117381335,85.36376286538253,95.04
house,,27.679640592603963,85.36451613110921,20.33
yes,,27.67864435000385,85.3605270499988,90.37
yes,,27.67865390000328,85.36039789999982,43.06
yes,,27.67976199184482,85.36060372440024,154.25
yes,,27.679653949249037,85.36360128898615,63.29
yes,,27.679990650007404,85.36395615000058,85.72
yes,,27.679581426444482,85.3617600609798,104.9
yes,,27.678665650001655,85.36032599999983,26.43
yes,,27.679034574313885,85.3643403589445,134.2
yes,,27.67869160000697,85.36023829999975,40.72
yes,,27.67931749999758,85.36160710000124,80.26
yes,,27.678921608007446,85.3639560831799,117.86
yes,,27.679312490127682,85.36044747548101,77.22
yes,,27.68056497410765,85.36392796133157,94.45
yes,,27.679206250037097,85.3603756499972,121.36
residential,,27.68001179405401,85.36095718051062,102.74
yes,,27.6800974113538,85.3638446203932,82.33
yes,,27.67979879051865,85.36294334369076,96.46
yes,,27.68023670000205,85.36388249999305,111.79
residential,,27.680103500012148,85.36085529999414,143.82
yes,,27.68186697197257,85.3616793598391,106.16
yes,,27.680594424410867,85.36241432682122,100.02
yes,,27.68100653593787,85.36135114938492,98.33
yes,,27.681610156404513,85.36177802644511,137.08
residential,,27.680758765501277,85.36130903904775,108.75
yes,,27.68085670048529,85.36135831771195,104.16
yes,,27.681684988786632,85.342975130575,44.98
yes,,27.67326040176077,85.35945224288838,84.3
yes,,27.674511210187816,85.35961038359461,76.99
yes,,27.670554146253092,85.3547286812422,303.94
yes,,27.67248741967121,85.3579027570775,101.25
yes,,27.672551616547477,85.3590931414838,72.61
yes,,27.674074505858037,85.35803947930081,76.89
yes,,27.671090200009452,85.35553469999849,151.52
yes,,27.672347393374775,85.35780601567762,142.78
yes,,27.67230495682974,85.3587592743568,61.81
yes,,27.67361795000646,85.35793070000149,72.65
yes,,27.673917735971635,85.35946148229989,93.69
yes,,27.672379084663753,85.35811362031518,91.29
yes,,27.67368520409997,85.3594249795977,60.11
yes,,27.67351247191116,85.35997805683732,78.14
yes,,27.673061022834187,85.35920202105066,78.5
yes,,27.672458800001266,85.35872640000652,51.85
yes,,27.67071986024083,85.35425783624174,166.66
yes,,27.672238501831135,85.35793586713181,89.05
yes,,27.67353965000308,85.35790189999716,97.28
yes,,27.673031171464576,85.35834380326152,78.82
yes,,27.670639601555102,85.35428401175474,90.76
yes,,27.672397171917737,85.35767240579352,180.69
yes,,27.673635943378677,85.35969152107874,64.58
yes,,27.670800876756775,85.35572038038678,0.9
yes,,27.673749117135543,85.35882200475119,64.73
yes,,27.67240710000406,85.35867196666632,48.08
yes,,27.67105385217764,85.35395518235579,105.74
yes,,27.67404786468906,85.35856014057715,428.48
yes,,27.67229760000412,85.35817729999582,56.12
yes,,27.67334708167174,85.3556996023585,254.24
yes,,27.672950288383674,85.35608185580564,62.8
yes,,27.67301277308509,85.35699509156701,99.12
yes,,27.67260398645082,85.35695777457946,115.95
yes,,27.672242100496714,85.35668104357978,119.64
yes,,27.6732240054436,85.35591777818597,66.08
yes,,27.672602522571136,85.35705890340957,66.21
yes,,27.673222434874432,85.35566128578857,323.69
yes,,27.672593150009373,85.35731720000469,90.86
yes,,27.67238190267808,85.3560657480397,48.75
yes,,27.672370179661332,85.35616905843018,43.61
yes,,27.672572338111575,85.35599222246445,99.29
yes,,27.672997286522385,85.3558707717514,169.3
yes,,27.672969078859683,85.3560083803064,120.98
yes,,27.67273542990584,85.35614022743346,118.28
yes,,27.672971015048585,85.35561880576371,81.18
yes,,27.672481500415245,85.35741748984141,117.4
yes,,27.672136486732505,85.35673881982578,110.45
yes,,27.67198481979708,85.35640229044334,95.39
yes,,27.6729646000379,85.35621315299244,126.89
yes,,27.67855365143939,85.36420793135653,9.29
yes,,27.67948026678208,85.36436181390269,68.67
yes,,27.676993000000664,85.36297119999706,70.11
yes,,27.677009793749104,85.36288222178557,91.31
yes,,27.678803114537246,85.3621292478648,1289.41
yes,,27.680092454901732,85.36472251473226,43.01
yes,,27.679813000002653,85.36221389999976,46.34
yes,,27.67737917668635,85.3636275570554,23.78
yes,,27.67919567412685,85.36422309468755,69.41
yes,,27.67917847226262,85.36443059199644,50.81
yes,,27.680224663189087,85.36446739587042,70.33
yes,,27.67831645000821,85.364021949999,116.57
yes,,27.678300574668974,85.36346762000241,82.57
yes,,27.677384750002936,85.36357424999979,38.69
yes,,27.67951316698267,85.3643063545158,64.94
house,,27.679357353876785,85.36414564308164,83.03
yes,,27.678406200017665,85.36400485000021,123.51
yes,,27.676856649734425,85.36286757101446,111.27
yes,,27.67956175000098,85.36420374999241,42.19
yes,,27.677456589659343,85.36349656766737,57.87
yes,,27.679256540554153,85.36393719478099,80.5
yes,,27.672244214601896,85.35515115223104,62.44
yes,,27.671911738604013,85.35467181739493,153.93
yes,,27.671061679806858,85.3553225611337,151.77
yes,,27.671032185745148,85.3552202947217,97.68
yes,,27.67218798539357,85.35542830835155,89.21
yes,,27.672468693225376,85.35518156924168,113.23
yes,,27.672121508913094,85.35459358840119,135.99
yes,,27.672325458114713,85.35587486695415,311.63
yes,,27.67236919171795,85.35539554601189,122.8
yes,,27.673616067447735,85.3558678671851,194.65
yes,,27.671586208580763,85.35614299976957,294.04
yes,,27.67384733554955,85.35608252355422,388.24
yes,,27.671993665673874,85.35580054266964,46.52
yes,,27.673432147353196,85.35531601530172,28.24
yes,,27.673655778576546,85.35546425991306,102.91
yes,,27.671376489076504,85.3544609896901,293.89
yes,,27.67112450151885,85.35613014096606,118.34
yes,,27.673398602924777,85.35540553075126,140.11
yes,,27.67326194518294,85.35318152205566,74.45
yes,,27.673427525675528,85.35512962691732,86.92
yes,,27.6718513954792,85.35594345549288,104.48
yes,,27.671007247197004,85.35424392101962,202.39
yes,,27.670988100008458,85.35401234999432,120.59
yes,,27.67317774705558,85.35314420622059,150.59
yes,,27.673115413212088,85.35729968456296,51.44
yes,,27.67348841975246,85.3565297506565,59.97
yes,,27.673740197273407,85.35701247855702,72.53
yes,,27.67363981851151,85.35722923169381,33.49
yes,,27.673639200001706,85.3568522499993,37.43
yes,,27.673386605519397,85.35652293961128,69.32
yes,,27.67336414999558,85.35685209999308,185.32
yes,,27.67370514999857,85.35716205000016,19.38
yes,,27.67351998627988,85.35664074560603,102.15
yes,,27.67361798369241,85.35707863915573,56.17
yes,,27.67363088736883,85.35734201029318,75.94
yes,,27.673075585718117,85.35712691437159,78.78
yes,,27.67795575000799,85.36027384999905,93.22
yes,,27.67612379115918,85.35947996786396,52.97
yes,,27.677778150004432,85.36005439999971,124.04
yes,,27.677989584251755,85.36046035956547,99.02
yes,,27.67749625000176,85.3603836999953,88.5
yes,,27.676025145386713,85.36259717839518,79.5
yes,,27.675279300000827,85.35911694999544,57.15
yes,,27.676461432896772,85.36034021309722,58.9
yes,,27.677120200179665,85.35920521663822,115.75
yes,,27.677855177128603,85.36025228910786,51.34
yes,,27.677857549998734,85.36032339999926,44.45
yes,,27.67775125519165,85.36213587472689,71.03
yes,,27.677302144968827,85.35913687402552,111.28
yes,,27.678517874030835,85.36105645955917,87.16
yes,,27.676297746906037,85.36012331702183,79.61
yes,,27.676078800007108,85.36026469999854,114.32
yes,,27.675558875503835,85.36128838484852,61.69
yes,,27.677688195150747,85.35989292361354,107.38
yes,,27.676370865678937,85.36018202061304,64.62
yes,,27.676458500334718,85.35935884957186,78.4
yes,,27.67658807809279,85.36031566460566,105.75
yes,,27.676375600000757,85.36175904999727,42.82
yes,,27.676338889899558,85.36188202563483,53.23
yes,,27.67645367151722,85.36023263439046,78.11
yes,,27.675845245379097,85.35974526825164,65.39
yes,,27.676111250002563,85.36243675000468,89.55
yes,,27.676271561150216,85.36199200720587,79.69
yes,,27.67827767169976,85.36044581087874,100.24
yes,,27.67676078098036,85.35943429736419,303.14
yes,,27.678388750008068,85.36103615000026,103.81
yes,,27.676339524692146,85.35954856729461,79.1
yes,,27.672718108445125,85.35745335489607,149.99
yes,,27.673006586859138,85.35730935708968,86.6
yes,,27.673600435350227,85.35751910020808,42.92
yes,,27.673568158719775,85.35762730713024,64.54
yes,,27.673484900002197,85.3575969999998,12.79
yes,,27.67224600000012,85.35852390000485,49.81
yes,,27.671518750204495,85.35738236241372,37.29
yes,,27.672232610774003,85.3574950604652,83.89
yes,,27.672236245304866,85.3573485146305,75.5
yes,,27.672567900087888,85.35765515005176,242.65
yes,,27.672935872185008,85.35755361611616,115.62
yes,,27.67326270000037,85.3576579499982,83.49
yes,,27.673270999994337,85.35738204999842,66.81
yes,,27.6731765780766,85.3576079468286,19.4
yes,,27.673085116356166,85.35742973264144,56.24
yes,,27.672212637376248,85.35843579133302,76.65
yes,,27.673521405710225,85.35752327125367,21.6
residential,,27.671370358521,85.35706872878592,24.99
yes,,27.672100405145038,85.35843229318104,35.67
yes,,27.67294990333287,85.35745948364654,44.61
yes,,27.673259341067425,85.35747821055327,41.29
yes,,27.67346152461441,85.35750483504471,31.8
yes,,27.672589255977478,85.3557279516947,108.93
yes,,27.67265572940929,85.35546526754004,216.62
yes,,27.67020375415514,85.35359773339565,24.06
yes,,27.67029497998083,85.35308815967288,198.12
yes,,27.67064353925936,85.3551912266085,44.98
yes,,27.67016804493426,85.35318496211798,188.19
yes,,27.670980456619137,85.34683348298849,77.07
yes,,27.670809482960927,85.34704369558872,48.22
yes,,27.67023490000752,85.34978505000413,106.29
yes,,27.671986234802034,85.3480331866164,168.61
yes,,27.67198624984605,85.34637418869721,182.65
yes,,27.670119950007674,85.34810975000528,131.19
yes,,27.66996858459427,85.34785923806123,64.74
yes,,27.671071367273694,85.34692625814213,68.36
yes,,27.67006250000714,85.34799644999356,105.47
yes,,27.670058995942046,85.3489077973857,96.35
yes,,27.670260316299963,85.34683489772705,170.54
yes,,27.67067363347699,85.3464683464463,53.94
yes,,27.67110769985726,85.34678663344107,97.45
yes,,27.67014489480902,85.34881795857707,100.9
yes,,27.67074530010709,85.34710988336386,43.22
yes,,27.67047343491151,85.34688059232182,20.35
yes,,27.669888750005207,85.3491625999937,80.27
yes,,27.67039569987166,85.34656151669714,103.47
yes,,27.669835813181614,85.34922462514749,12.57
yes,,27.67005350000238,85.34857629999632,35.59
yes,,27.670108616234828,85.34718644728738,98.4
yes,,27.671091609331402,85.34712035442811,135.85
yes,,27.671725550350104,85.34715997631774,45.14
yes,,27.67196225063748,85.3469373333299,62.01
yes,,27.680536754630612,85.36455161358373,91.21
yes,,27.6807777314909,85.36465087726306,137.12
yes,,27.681386762832677,85.36407124976574,85.87
yes,,27.680624058455628,85.36405119307997,89.72
yes,,27.681064229722768,85.36440229749222,104.39
yes,,27.680672550004438,85.36323720000047,65.07
yes,,27.680595254352973,85.36434600060832,174.43
yes,,27.680886342691196,85.36481071972788,56.97
yes,,27.680853889675856,85.36283592754569,72.98
yes,,27.680425850003385,85.36422984999507,94.27
yes,,27.680881589033053,85.36489272528759,66.58
yes,,27.681117716765886,85.36411353767525,103.45
yes,,27.68049666527496,85.36425559513029,65.52
yes,,27.68078120000426,85.36297209999553,94.01
yes,,27.680785718076034,85.36400120348493,80.84
yes,,27.681285179528643,85.36388165410627,105.81
yes,,27.680988367715003,85.36407673456965,66.57
yes,,27.681026779871594,85.36418457967511,101.8
yes,,27.68070765468979,85.36220610345401,64.23
yes,,27.68143601899322,85.36423320421238,50.76
yes,,27.680679614748662,85.36395585181812,93.51
yes,,27.680654593513147,85.3621669429775,64.35
yes,,27.681508120486004,85.36426777110637,53.67
yes,,27.68092331391835,85.3647336258586,80.63
yes,,27.681349900001504,85.36421939999673,68.64
yes,,27.680667982175045,85.36460073601418,93.68
yes,,27.681298731668235,85.3636342516707,112.2
yes,,27.68055859605079,85.36381673091232,112.26
yes,,27.681115622384922,85.36460543893861,107.46
yes,,27.68125347266517,85.36416322435632,109.66
yes,,27.681055781482648,85.3647834472752,200.56
yes,,27.681599917590667,85.36430290603843,65.91
yes,,27.680784800007363,85.36321135000335,90.32
yes,,27.681685394716304,85.364059918807,64.18
yes,,27.672555491114434,85.34397228931985,89.55
yes,,27.672751577381593,85.34397725753678,142.9
yes,,27.672603233499437,85.34487455197954,85.08
yes,,27.67334904278423,85.34535759141986,57.05
yes,,27.67298035596331,85.34540398283865,66.31
yes,,27.673140787336656,85.3452191196698,65.81
yes,,27.673447957462116,85.34558302856266,79.81
yes,,27.672827956576384,85.34471624379144,132.01
yes,,27.673414435443366,85.3461197277392,123.12
yes,,27.67259755251913,85.34474953347913,33.88
yes,,27.672827350004905,85.34488489999264,71.1
yes,,27.673398500001003,85.34401774999951,18.16
yes,,27.672633916864044,85.34387695279597,93.69
yes,,27.672768825000865,85.34496204146853,68.3
yes,,27.672906829379365,85.34494520394908,68.83
yes,,27.67251790000526,85.34477994999213,88.03
yes,,27.672851200013536,85.34381180002077,84.3
yes,,27.673550472578295,85.34560168874113,67.69
yes,,27.67309358580984,85.34436544007532,73.26
yes,,27.672880400006434,85.3441023499964,100.93
yes,,27.67290086655262,85.34479715187913,50.14
yes,,27.6726517790117,85.34480457152367,35.94
yes,,27.67294435000215,85.34500445000445,32.01
yes,,27.67276604780519,85.34531113471982,140.49
yes,,27.67305291660368,85.34458314931062,67.15
yes,,27.673006233414455,85.34401259576548,106.92
yes,,27.67306488743919,85.34512311094505,43.54
yes,,27.673497919264367,85.34437148849503,65.1
yes,,27.673685031068967,85.34501896697492,120.53
yes,,27.673546015389178,85.34527573177654,67.74
yes,,27.67344707599604,85.3449552476788,54.78
yes,,27.67316909789077,85.34592718958444,93.33
yes,,27.673403293371923,85.3447514230653,73.02
yes,,27.673559079167983,85.34539290438262,51.04
yes,,27.673420893768228,85.34461995274027,121.77
yes,,27.67348200171168,85.34536686619755,62.41
yes,,27.673672000004842,85.34591014999783,137.39
yes,,27.673799251706175,85.34538642931356,38.05
yes,,27.673190950002493,85.3444223499955,47.48
yes,,27.672651200005525,85.34582030000443,52.89
yes,,27.672458306217415,85.34460376915162,143.28
yes,,27.67277531596394,85.35929639376394,80.61
yes,,27.672965433922624,85.3593890561043,128.02
yes,,27.672644466847096,85.35865821303857,93.01
yes,,27.67267350001193,85.35917724998085,111.64
yes,,27.67377035000664,85.3589800500009,94.52
yes,,27.672856650007922,85.35940169998533,97.32
yes,,27.67411591973234,85.36074334064567,102.37
yes,,27.684688964651915,85.35556612451064,118.47
yes,,27.68546657871295,85.35638278508183,46.09
yes,,27.682718522211776,85.3551550144196,80.23
yes,,27.683816783275393,85.35577539861619,85.8
yes,,27.684572557808988,85.35541246728246,74.59
yes,,27.685106232782527,85.35896954725608,76.11
yes,,27.678084500009888,85.3528814000001,161.42
yes,,27.684888894079997,85.35873975014685,82.98
yes,,27.68508800246547,85.35933815286701,72.53
yes,,27.685459731257684,85.35912439385471,62.78
yes,,27.68550815000374,85.3564433999989,56.87
yes,,27.68472867369497,85.35844224186411,64.31
yes,,27.68442843395673,85.3601547370873,33.42
yes,,27.684003548875104,85.35588987536384,286.32
yes,,27.684589950002387,85.35582514999405,62.58
yes,,27.685581888832477,85.35616247753394,54.15
yes,,27.684986469399792,85.35952055899897,99.14
yes,,27.684552467156223,85.35917499770328,49.03
yes,,27.68051105207852,85.36313888285189,70.35
yes,,27.673427387751875,85.36028731634256,64.9
yes,,27.682006698256284,85.36433863807366,55.96
yes,,27.68227426521993,85.36510035231497,196.83
yes,,27.679231435852024,85.36203058147345,84.23
yes,,27.679509057468866,85.36193131666558,91.04
yes,,27.679795785778122,85.36155709464721,109.98
yes,,27.681258349998384,85.36065029999784,54.29
yes,,27.67983273872932,85.36143723472385,97.25
yes,,27.681828867002324,85.36362561058802,103.21
yes,,27.68124067232215,85.360795006314,60.06
yes,,27.680546499999565,85.36306919999075,51.59
yes,,27.681128661429383,85.36329274109079,104.46
yes,,27.682334958480116,85.36346605339418,114.26
yes,,27.6826024514537,85.36411888287338,94.35
yes,,27.681849705152874,85.36468577345032,106.18
yes,,27.679408703709058,85.36247961216128,103.63
yes,,27.680568764524743,85.36295794523873,115.39
yes,,27.681338918118804,85.36315365430016,82.84
yes,,27.681880262396017,85.36491339910313,81.14
yes,,27.679269500007553,85.36191944999956,94.45
yes,,27.681792933389765,85.3631707233765,93.8
yes,,27.681246418758118,85.36309480488552,103.88
yes,,27.68124710909145,85.3607140272852,58.11
yes,,27.67938169999466,85.36123489999855,69.47
yes,,27.681073750368263,85.36312377181446,56.16
yes,,27.68157839224936,85.36310524143747,100.44
yes,,27.677991956926217,85.36209562396093,61.23
yes,,27.681697877647803,85.3423401387968,44.03
yes,MEGA BOYS HOSTEL,27.68222096136588,85.34230797494206,52.87
yes,,27.682069650003932,85.34258930000271,46.11
yes,,27.68219819652411,85.34241786900006,35.77
yes,,27.682428435109617,85.3427928110101,79.69
yes,,27.682371063797614,85.342972241419,41.63
yes,,27.681753347639845,85.34236166931836,33.33
yes,,27.68264332968721,85.3449537393323,88.96
yes,,27.68267741418463,85.34470022198525,110.5
yes,,27.68265033883284,85.3448659689249,83.27
yes,HAMRO MOTERCYCLE WORKSHOP,27.683244406888196,85.34505597000107,193.3
yes,,27.682247550956408,85.34469009873966,129.11
yes,,27.681902500007997,85.3446795999978,150.04
yes,,27.681933558025086,85.34458397021389,72.5
yes,,27.681789255767175,85.3444425008875,75.47
yes,,27.681709800016346,85.34443185000819,117.67
yes,,27.681416800010894,85.34517445000132,125.25
yes,,27.681713880953165,85.3451394980202,112.02
yes,,27.681774600005184,85.3453405499992,95.48
yes,,27.68264372305886,85.34557884779072,111.1
yes,,27.682841656239287,85.34543037200139,84.55
yes,,27.682803553378506,85.34557361904805,106.83
yes,,27.68259005206582,85.34596632459267,146.68
yes,,27.681709368783928,85.34387769419219,96.49
yes,,27.681944699152154,85.34357912211452,83.36
yes,,27.682051945879056,85.34375941662191,84.14
yes,,27.682064370899916,85.34367777892724,65.21
yes,,27.68195474376127,85.34370542216506,84.16
yes,,27.68200549137265,85.34360596673163,51.8
yes,,27.681938222131972,85.34381866130197,73.34
yes,,27.683045227438576,85.34519719460391,101.26
yes,,27.68288798448324,85.34350375412308,184.02
yes,,27.682620681741643,85.34354944065669,83.74
yes,,27.681561752411607,85.34375405086014,22.46
yes,,27.682480750011198,85.34395660000239,150.43
yes,,27.68246650292792,85.34432975209812,97.79
yes,,27.682798750010186,85.34460039999742,93.33
yes,,27.67341033803084,85.35878400092048,151.13
yes,,27.67065613712339,85.35307748744282,86.16
yes,,27.67668105689503,85.34726118671728,81.93
yes,,27.67219636109059,85.34216802176306,19.5
yes,,27.67052929392052,85.34513405013155,6.79
yes,,27.681224222256628,85.34181044258989,103.18
yes,,27.679950848787847,85.34172597782108,157.91
yes,,27.67983066904922,85.34167402149627,92.23
yes,,27.68024283983983,85.34177494799948,149.26
yes,,27.68004370909323,85.3417083787028,56.95
yes,,27.69422912540642,85.34847055983211,84.43
yes,,27.68252667869747,85.33505243778025,158.29
yes,,27.692841103874255,85.34022507109052,97.84
yes,,27.690065850008555,85.36126129999472,280.26
yes,,27.69583034552164,85.34639521357461,115.84
yes,,27.695974307168505,85.34639632633498,63.28
yes,,27.696462981354422,85.34654954083973,107.3
yes,,27.695656822209507,85.34619705960421,164.49
yes,,27.695937000020596,85.34667360000061,161.03
yes,,27.696473769250826,85.35037060872413,136.48
yes,,27.696773680248135,85.35061835128528,154.87
yes,,27.69531757634796,85.34416324281206,103.18
yes,,27.696397092441135,85.34651638898559,77.45
yes,,27.69605990599266,85.34653072750812,93.09
yes,,27.695242060033575,85.3440272404558,142.71
yes,,27.696135093381884,85.34578562437636,141.1
yes,,27.696418991074687,85.34710468920177,81.33
yes,,27.696343933498135,85.35029436719631,128.02
yes,,27.69645779308202,85.34636143270974,0.23
yes,,27.695232750005587,85.34324139999941,143.24
yes,,27.695955250515976,85.34651980393195,85.71
yes,,27.695312710123698,85.344270012447,201.87
yes,,27.69629495110728,85.34703703604653,114.89
yes,,27.695982999998563,85.34630799999869,58.79
yes,,27.690234168612125,85.35322525774706,404.5
yes,CGO Complex,27.68909079267803,85.35277493650116,8192.43
yes,,27.69072060595336,85.35207691570636,189.49
yes,,27.69104213333864,85.35239306664518,110.22
yes,,27.69043880011044,85.35169927281743,107.19
residential,bhandari's house,27.684659817818034,85.35597572323613,159.43
house,,27.67623255270953,85.33890956681282,84.22
house,,27.67618135137984,85.3388608654681,32.27
residential,,27.67231560824142,85.35738302807172,42.04
residential,,27.67230876588446,85.35729270276546,34.36
residential,,27.672034550001502,85.3573440499936,46.7
residential,,27.671892666087896,85.35738240908249,42.74
yes,,27.672373746286464,85.3472634665382,88.99
school,,27.67148264999933,85.34371744995819,320.0
school,,27.671291658706338,85.34383680784696,143.02
yes,,27.673613700002548,85.35615049999977,44.87
yes,,27.673178136669176,85.35782185032913,82.61
yes,,27.67325810185028,85.35782856150041,107.0
yes,Far Eastern Trading Company,27.674634778966883,85.35624179529762,57.84
yes,Sajha chulo,27.691937858350133,85.34677366376258,171.93
yes,,27.674643589856394,85.35396083400568,365.44
yes,,27.67590346464618,85.35424758154196,329.44
yes,,27.68399422956622,85.35097593375055,214.57
yes,,27.68426121893478,85.35065689518548,176.42
yes,,27.691905056766302,85.35000993664622,47.44
yes,,27.691876193021876,85.34990822474242,55.29
yes,,27.691843268374562,85.34979984980372,88.45
yes,,27.690839799218736,85.34790478350504,54.17
yes,,27.690911357049075,85.34796441245108,115.9
residential,,27.676448265183833,85.34051943194652,65.04
yes,,27.67594925000119,85.34054955000023,117.46
yes,,27.67598797517958,85.34138335646703,94.0
yes,,27.675715528734806,85.34119148620307,87.6
yes,,27.689867777772655,85.34447540537164,74.16
yes,,27.6758972959961,85.34068207516795,132.85
yes,,27.675719550006683,85.34104209999991,74.46
yes,,27.675832808819198,85.34091482510912,116.5
yes,,27.694553220703703,85.34746884921748,24.52
yes,,27.693214682971707,85.34811074737117,122.71
yes,,27.69435465000589,85.34748929999942,99.17
yes,,27.693069165181655,85.34770816168792,110.07
yes,,27.693706816773485,85.3477501283341,119.47
yes,,27.692998899999555,85.347902899995,71.85
yes,,27.693492608681517,85.34766968928844,70.31
yes,,27.693282539811506,85.34804541614491,74.33
yes,,27.694529703070298,85.34767463641768,92.12
yes,,27.69315032862534,85.34756605851312,243.81
yes,,27.693300800000547,85.34756529999096,58.05
yes,,27.69472982868635,85.34762954717216,169.37
commercial,,27.6933898260189,85.34786636576618,95.31
yes,,27.69311311118848,85.34807338030913,128.82
yes,,27.694290079292042,85.3475656796989,163.25
yes,,27.69370368871703,85.34761250348093,178.37
yes,,27.69330989515733,85.34738257545625,86.53
yes,,27.693965924091152,85.34737652165443,74.68
yes,,27.692966250006226,85.34799745000076,83.39
yes,,27.693437079412057,85.347623775377,37.36
yes,,27.69352525000962,85.34748225000273,113.01
yes,,27.693041042664223,85.34781517121795,96.43
yes,,27.69407252171683,85.34761163081278,215.66
yes,,27.681849544572863,85.36185467305451,101.99
yes,,27.68181305001424,85.36215385000152,93.86
house,Amaiko Ghar,27.68154965630303,85.33496722605597,51.61
yes,,27.69582021403797,85.3443084450765,118.1
yes,,27.695701312202768,85.34405087277618,178.68
yes,,27.695684063662622,85.34385045566687,37.5
yes,,27.695223735126042,85.34390007741712,158.11
yes,,27.69506623223036,85.34361398448183,90.19
yes,,27.695066936882956,85.34352624324241,76.58
yes,,27.6952305078934,85.3433847752421,127.23
yes,,27.690399302824787,85.34751304563024,170.92
yes,,27.68943502064967,85.34359985607881,105.89
yes,Pappu,27.689600824672457,85.34367267147333,95.28
yes,Omkareshwor Girls Hostel,27.689047919967134,85.34301890558493,108.08
yes,,27.689639633238173,85.34164859155227,39.28
yes,,27.675251856046874,85.33983982711594,171.23
yes,,27.675168305123837,85.33996288286708,346.29
yes,,27.675104200010118,85.34011414996733,315.56
yes,,27.674720650003845,85.34071414999232,87.86
yes,,27.674072134407076,85.34129912986361,38.27
yes,ECards Nepal,27.674199984529103,85.34124723624221,82.02
yes,,27.674217683283924,85.34147779972874,165.52
yes,,27.673965150004168,85.34162130000213,56.01
yes,Kanjirowa College,27.67359246626384,85.34299979748415,91.74
yes,,27.672857600001155,85.34330204996074,152.36
yes,,27.67219658173888,85.3441130131522,240.64
yes,,27.672215389098962,85.34429999052335,44.38
yes,,27.672170550001315,85.34432949999844,20.3
yes,,27.672099483002004,85.34415969841083,37.59
yes,,27.672097332777767,85.34157809599402,89.91
yes,,27.67200480214252,85.34168595664892,4.37
yes,,27.672766714975626,85.34075866106188,104.08
yes,,27.672199269579895,85.34145429784901,67.22
yes,International Manpower Recruitment Pvt. Ltd.,27.672629689301832,85.34094440173402,286.38
yes,,27.67278542802145,85.34090041527716,49.46
yes,,27.695128969198095,85.3544189331512,221.66
yes,,27.695529569536724,85.35397782740723,110.48
yes,,27.695603180653798,85.35383019586824,85.28
yes,,27.69562610900591,85.35374141770643,81.06
yes,,27.69540439652595,85.35378326921712,38.94
yes,,27.693808400002208,85.35367529999962,37.08
yes,,27.67158310001572,85.34561494997017,131.74
yes,,27.693482246352485,85.34131604060377,176.37
yes,,27.693764444980022,85.3415233894893,110.88
yes,,27.69340437307096,85.34122364248293,117.59
yes,,27.693441205911146,85.34110972973629,130.09
yes,,27.686159650005088,85.35690704999953,88.84
yes,,27.693755726577276,85.34109779981334,84.72
yes,,27.694062134119253,85.34111270743229,228.7
yes,,27.69421683748735,85.3410785850394,110.73
yes,,27.6869073010531,85.35795604398196,314.95
yes,,27.69364477603216,85.34120608797414,173.54
yes,,27.69376491260352,85.34058769709704,76.53
yes,,27.68607189128637,85.35819374063995,444.58
yes,,27.686967371940103,85.35712876738594,94.68
house,,27.68094890830701,85.3387678749528,72.46
yes,,27.675343715826777,85.33964574764732,79.48
yes,,27.674331350002696,85.34119474999878,42.53
yes,,27.67696132288318,85.34725308183887,106.45
yes,,27.676301550008674,85.34745269999937,136.21
yes,,27.676162912548172,85.3475667075056,49.87
yes,,27.67285238311237,85.34671401360222,93.44
yes,,27.67227126544693,85.34705379393749,56.34
yes,,27.67221301646289,85.34710039621598,90.22
yes,,27.68842670234921,85.36353262829032,146.93
yes,,27.68879369825225,85.36324933724534,76.93
yes,,27.688835321636553,85.36349611693083,185.96
yes,,27.688431897375715,85.36400414886884,122.99
yes,,27.68862177282549,85.36326827653096,77.73
yes,,27.689215100909053,85.36064683066984,111.11
yes,,27.68915687175455,85.36368526960949,39.99
yes,,27.688706671910204,85.36324314508254,140.02
yes,,27.688385153831256,85.36408471598749,7.62
yes,,27.688435638911088,85.363672102766,166.41
yes,,27.689480755610692,85.3621508960859,170.53
yes,,27.689532508529474,85.36241771918857,247.21
yes,,27.68828084999093,85.36407395000121,82.94
yes,,27.68929755531173,85.3608481388212,116.18
yes,,27.688285541608714,85.36371825523146,126.38
yes,,27.688440949909122,85.36321373731259,132.4
yes,,27.686502388236498,85.36335748102012,85.02
yes,,27.688735040384124,85.36152676453773,304.47
yes,,27.688279807892695,85.36356489166387,212.48
yes,,27.695128704382114,85.34266449498948,212.43
yes,,27.694919949902623,85.34254239501232,112.92
yes,,27.694618950006042,85.34233024999948,101.39
yes,,27.69491487590656,85.342451192436,94.35
yes,,27.694919150000718,85.34236069999909,98.21
yes,,27.694777250009473,85.34272184999926,161.25
yes,,27.6954926527262,85.34338950203836,12.06
yes,,27.693870529807906,85.3406050162954,127.94
yes,,27.693946043731312,85.34069605751284,71.52
yes,,27.694484076067212,85.34152229647775,230.73
yes,,27.69327226486242,85.34132118086642,89.69
yes,,27.693937900000975,85.34085004999645,90.3
yes,,27.694176434430133,85.34093329298973,0.41
yes,,27.69404169361238,85.3414898502359,157.27
yes,,27.693446327296403,85.34144378086324,146.51
yes,,27.69417347658722,85.34169832665633,121.79
yes,,27.693770506685688,85.34141443042668,144.77
yes,,27.69406425259757,85.3408876379764,60.69
yes,,27.694487456189304,85.34139369407026,0.53
yes,,27.693917220657355,85.34095445752354,72.63
yes,,27.6940651290175,85.34129129006917,76.95
yes,,27.693842750001206,85.34081934999611,85.99
yes,,27.693684027745135,85.34091348764628,74.35
yes,,27.695588685028927,85.34403076100062,60.63
yes,,27.69554483751699,85.34428916564701,146.58
house,,27.678816927943,85.34014886268805,79.02
yes,,27.67465693724682,85.35777829600057,18.73
yes,,27.674617600003664,85.35766204999992,58.44
yes,,27.674594977641533,85.35651185487401,88.46
yes,,27.690680398710946,85.35751710401445,129.89
yes,,27.689979500003158,85.35361054999889,64.06
yes,,27.69003666607604,85.35337396180745,108.72
yes,,27.689919750001422,85.35356294999865,35.08
yes,,27.692776233083627,85.35559659265203,1172.39
yes,,27.6898380816572,85.35336643696506,60.51
yes,,27.686289863169566,85.36169907343728,117.41
yes,,27.68575036107345,85.36166723891333,120.45
yes,,27.68728706061629,85.36173468040163,91.96
yes,,27.687400410992733,85.36143115972898,122.1
yes,,27.686612682430066,85.36248817976907,50.73
yes,,27.688082133293683,85.36031014881709,105.79
yes,,27.68779860001818,85.36275130000165,274.1
yes,,27.68771299322032,85.36262051082329,93.48
yes,,27.687886952880294,85.36238053396627,86.0
yes,,27.68791435000149,85.36254864998892,67.6
yes,,27.688026863616443,85.36282279555374,84.81
yes,,27.688132767062992,85.36265737040151,105.91
yes,,27.687932765117406,85.36296238528979,85.76
yes,,27.686804367777675,85.36205560225673,74.03
yes,,27.687806685224334,85.35850632708652,87.04
yes,,27.6875822928698,85.35931553050602,97.07
yes,,27.684576299998533,85.35876454999587,86.61
yes,,27.684461701553605,85.35864851042533,96.21
yes,,27.687087250005305,85.36163400000173,68.48
yes,,27.684901659357656,85.35935583962211,66.32
yes,,27.6861826500123,85.35950309999163,206.48
yes,,27.687569913927778,85.3603367424511,95.05
yes,,27.688079566496214,85.35808124927792,178.0
yes,,27.687350350005445,85.36042294996632,151.73
yes,,27.68768945162359,85.36103918944144,84.74
yes,,27.68406823199697,85.3576187468911,627.72
yes,,27.687012290928887,85.35903534720943,365.19
yes,,27.689093079599782,85.362941044963,1555.64
yes,,27.688944919845557,85.36218820335945,6687.36
yes,,27.689377996452464,85.36158794348212,85.81
yes,,27.68930383434984,85.36337968357614,140.19
yes,,27.689052547058257,85.3606666030105,110.72
yes,,27.69036993221773,85.36267981195142,107.22
yes,,27.68868400169206,85.36141713930405,65.86
yes,,27.690729574432744,85.3618277892438,88.88
yes,,27.689462265040497,85.36314613663066,104.94
yes,,27.690610700015636,85.36174579999978,128.91
yes,,27.689495239886156,85.3611374450168,151.29
yes,,27.690109789771963,85.36314317141687,1.94
yes,,27.69020795001244,85.36275904999867,118.97
yes,,27.68896792875383,85.35838583649272,27.85
yes,,27.691714446147852,85.36165985891346,56.56
yes,,27.688831310461328,85.35842197568932,52.52
yes,,27.688679400018085,85.36072754997178,74.53
yes,,27.690377100012654,85.36222264999864,92.77
yes,,27.68915898378493,85.36046190563661,64.21
yes,,27.689734873382836,85.36228630101544,101.74
yes,,27.68858720000376,85.35921620000079,62.13
yes,,27.691426589897677,85.36170424529807,77.97
yes,,27.691287613686644,85.36174554366518,75.35
yes,,27.690493765502932,85.36196702900217,187.85
yes,,27.690803319074256,85.36231204321135,116.47
yes,,27.68999759909293,85.36314716173851,132.7
yes,,27.68964419460343,85.3614552250753,529.3
yes,,27.691632212306846,85.36167160493557,94.6
yes,,27.688493912119785,85.35926916241299,109.46
yes,,27.689644950007395,85.36305389999578,38.48
yes,,27.691790075716895,85.36164430838991,84.26
yes,,27.690585415528624,85.36236204429815,50.68
yes,,27.691035800010145,85.3619939999989,89.36
yes,,27.688746350001704,85.36105359999998,26.5
yes,,27.689775552531806,85.36108745889979,28.48
yes,,27.69150010388792,85.36168710128518,76.02
yes,,27.688597850959287,85.36136336642134,138.52
yes,,27.690583456525697,85.36224409302669,90.8
yes,,27.69071710178747,85.36158924183455,99.92
yes,,27.69114142607929,85.36209620598986,146.05
yes,,27.690821862257966,85.36262727246445,41.51
yes,,27.690284513839433,85.36237935662102,78.47
yes,,27.689785063885143,85.3633609685479,0.02
yes,,27.69008540741953,85.36188511358216,122.5
yes,,27.690715827257765,85.36264745433607,158.67
yes,,27.690219396162345,85.36237337519886,80.39
yes,,27.690357604552293,85.36135057975638,96.76
yes,,27.68949269332131,85.36292157922051,528.84
yes,,27.68987949998987,85.36219174999995,101.3
yes,,27.689128100003334,85.36346220000054,92.19
yes,,27.69114393784914,85.3620018591571,72.44
yes,,27.69090560001428,85.36232309999842,51.01
yes,,27.68961654622504,85.36122759430972,130.34
yes,,27.689149041336886,85.36009155781642,119.74
yes,,27.690479800007008,85.36142495000206,76.52
yes,,27.689898099999905,85.36229300000034,71.19
yes,,27.6897808997937,85.36117610180493,84.98
yes,,27.68965710175586,85.36282383127393,89.36
yes,,27.68909083851986,85.36331033434654,64.77
yes,,27.68880292561712,85.36100120350632,101.62
yes,,27.689750221804687,85.36237919395656,98.47
yes,,27.691552350003708,85.36155589999979,76.51
yes,,27.690149075711624,85.3623779664534,87.97
yes,,27.689656109350317,85.36191657243458,79.06
yes,,27.68894885000196,85.36099549999975,30.68
yes,,27.689624714027104,85.36080270519167,37.9
yes,,27.688735922774214,85.35826466585104,59.56
yes,,27.68939834999973,85.3634396500025,31.0
yes,,27.68843964450015,85.36206765772367,172.51
yes,,27.689560860760015,85.36325140793677,103.62
yes,,27.690739200004625,85.36202859999968,96.25
yes,,27.689739500000567,85.36094354999908,38.13
yes,,27.688869166682714,85.35898141661082,90.61
yes,,27.689112656514595,85.36057490501545,80.64
yes,,27.690079704556524,85.36285898466762,215.76
yes,,27.688734617667603,85.35856974479385,55.61
yes,Motherland Hospital,27.689326506514167,85.35991616491653,158.75
yes,,27.691935978622435,85.36161398714299,83.79
yes,,27.691637667805193,85.36144921347677,116.72
yes,,27.690587777598523,85.3627030822946,182.81
yes,,27.69034135354405,85.36292689235032,103.78
yes,,27.689232557592714,85.36004362637638,48.7
yes,,27.68939175001169,85.35964474999112,85.6
yes,,27.689892037788685,85.36180784027967,59.56
yes,,27.68962509901158,85.36169054764237,294.41
yes,,27.689808416669198,85.36263761137356,370.53
yes,,27.689406649999587,85.36263445000931,165.35
yes,,27.688482604491234,85.36191105402361,335.74
yes,,27.681551200013235,85.36202765000094,136.88
yes,,27.68175426986412,85.36183521900679,97.15
yes,,27.681152095347937,85.36289745196902,117.54
yes,,27.681126531571717,85.36267244521324,77.37
yes,,27.68125126399498,85.36274540520961,63.02
yes,,27.681010120718547,85.36293048000655,95.66
yes,,27.68091977863889,85.36168813727109,86.39
yes,,27.679105157970085,85.36213350480351,62.89
yes,,27.679829502522715,85.36274420436496,134.44
yes,,27.679659732084087,85.36238452487385,79.32
yes,,27.679830056076728,85.36232917285503,68.17
yes,,27.679725000002236,85.36199870000006,18.98
yes,,27.680209338947126,85.36009115215415,59.28
yes,,27.680840923379403,85.3624364391327,160.06
yes,,27.681362300891703,85.36279770756775,103.65
yes,,27.694537454200287,85.34454908832448,404.8
yes,,27.694318973392196,85.34461286830798,85.06
yes,,27.694204357612897,85.34471352056786,91.67
yes,,27.69426707361921,85.34449111726236,51.32
yes,,27.69510169792199,85.34612413116004,78.42
yes,,27.6950916518377,85.34628643389932,86.91
yes,,27.695503662563947,85.34684862292215,175.72
yes,,27.69418422271805,85.34447316856037,62.69
yes,,27.69396480697968,85.34449554474142,110.98
yes,,27.69375770000257,85.34508839999846,116.54
yes,,27.69361128967075,85.34509382350245,163.98
yes,,27.69378379179919,85.34557812517097,155.36
yes,,27.693652700008084,85.34554554999758,100.46
yes,,27.679579738332173,85.33953137560461,193.09
yes,,27.683428104161194,85.33734425296588,121.92
yes,,27.678975665520923,85.33909778864908,79.86
yes,,27.682065804261587,85.36423014460279,164.54
yes,,27.68123628851406,85.36446571906275,205.76
yes,,27.683266597039346,85.35661349561107,1170.15
yes,,27.681895882709025,85.35573535545832,99.17
yes,,27.681763750008113,85.35417469999149,135.68
yes,,27.682641635990944,85.35447183998781,87.46
yes,,27.68261235000542,85.35458620000271,66.21
yes,,27.681308654061173,85.35384876246387,40.29
yes,,27.681088371300934,85.35378588864535,55.87
yes,,27.681169328532498,85.35377934587524,35.95
yes,,27.681124297728616,85.35438786961083,70.66
yes,,27.681195674497133,85.35430294198999,76.39
yes,,27.68192392382812,85.35504620080388,292.09
yes,,27.682624931730647,85.35487538147424,140.55
yes,,27.683040144524533,85.35473802166418,76.39
yes,,27.682962890941862,85.35464645122005,100.51
yes,,27.683385803912334,85.3550313889106,100.09
yes,,27.683409250003006,85.3549424999973,72.13
yes,,27.683446725301316,85.3548672501752,80.89
yes,,27.683527934413085,85.35492956589233,45.83
yes,,27.683469591052816,85.35510075877544,53.58
yes,,27.68222896683886,85.35503990054347,54.55
yes,,27.68248700318223,85.35538640683971,252.11
yes,,27.681255950005045,85.35522429999797,88.34
yes,,27.68142943523392,85.35443309682428,198.76
yes,,27.68105570000635,85.35425525000201,65.93
yes,,27.680974731553246,85.35431794768586,105.5
yes,,27.680918204301644,85.35408688098855,79.76
yes,,27.680979097510733,85.35422376842492,39.61
yes,,27.68084142755095,85.35393239406582,102.58
yes,,27.680976670696825,85.35386430345777,59.88
yes,,27.680795107374276,85.35369950453273,98.31
yes,,27.680695350001393,85.35364109999608,65.53
yes,,27.680184033088526,85.35341534914514,40.97
yes,,27.67954574492028,85.35310097110106,64.86
yes,,27.679280400008302,85.35306105000373,73.23
yes,,27.67903766965146,85.35288151087217,78.3
yes,,27.67886629960063,85.35281351244807,66.56
yes,,27.678881522736862,85.35341205728334,84.13
yes,,27.678685695344637,85.35392467072718,179.83
yes,,27.679643891241756,85.35364022037368,45.76
yes,,27.679625100003054,85.35371179999981,50.24
yes,,27.679573478423553,85.35382622895379,123.51
yes,,27.679745768642952,85.35355858439712,97.66
yes,,27.679827549999377,85.35331569999539,71.68
yes,,27.679670336073606,85.35389477139799,69.7
yes,,27.679650655381888,85.35398762895119,84.8
yes,,27.67974096073986,85.35391905094004,123.72
yes,,27.67994001072825,85.35350587407086,112.99
yes,,27.67995825849903,85.35362759657804,20.42
yes,,27.679804887141273,85.35364135199985,74.77
yes,,27.67984378148331,85.35376834673879,97.5
yes,,27.680009268309853,85.35408400424728,100.11
yes,,27.67982913064679,85.35391977291427,77.61
yes,,27.67995456259182,85.35393227269127,58.34
yes,,27.68020215001066,85.35370275001414,120.02
yes,,27.6800829070374,85.35399934836383,71.51
yes,,27.68050940726844,85.35402624914157,169.47
yes,,27.680945182097282,85.35514943877776,243.07
yes,,27.681654300002005,85.35831679999944,37.42
yes,,27.68159578565796,85.3585390110417,46.22
yes,,27.68151664744546,85.358375249425,71.43
yes,,27.681447300001764,85.35836514999939,57.14
yes,,27.681441808629305,85.35850448027927,35.05
yes,,27.68155463232134,85.35873799592353,31.73
yes,,27.68146875000594,85.35871245000513,45.87
yes,,27.681369783816777,85.3584422294186,91.28
yes,,27.681391253912633,85.35831660680957,39.31
yes,,27.679001678121875,85.36060534432691,173.08
yes,,27.67892222681903,85.36084533747864,100.0
yes,Syangja House,27.678794022089114,85.36075255232971,95.95
yes,,27.679032100008225,85.36085084999976,119.99
yes,,27.680477616218884,85.36038825645545,115.42
yes,,27.680481832156588,85.36051023072649,125.56
residential,,27.680601600010434,85.3605969999945,73.99
yes,,27.680479094037555,85.36021446218112,166.94
residential,,27.680388927770636,85.36074767024628,83.16
yes,,27.680315199384935,85.36019843129931,124.65
yes,,27.679865496325903,85.36083383561248,175.61
yes,,27.679887499848913,85.36100371027325,143.58
yes,,27.678547050007253,85.36158834999925,77.34
yes,,27.677798600065874,85.36105430001315,196.38
yes,,27.67789940003019,85.36102585001284,124.34
yes,,27.67797370000755,85.36106515000115,64.36
yes,,27.677508905226176,85.3599248179332,139.76
yes,,27.67757984186694,85.35957981841152,85.1
yes,,27.677314705507158,85.3600897423747,120.33
yes,,27.677074487821983,85.3606060734286,162.81
yes,,27.67719162852853,85.36066313884933,118.54
yes,,27.677198550288235,85.36038132545593,73.23
yes,,27.676822621658978,85.35982561337153,245.21
yes,,27.676566431278573,85.36003654927431,128.0
yes,,27.676887585558536,85.35955692889759,79.66
yes,,27.677206169143965,85.35930783948008,134.89
yes,,27.695348410889732,85.35193392546057,76.44
yes,,27.680533238194034,85.3549292622194,213.64
yes,,27.68103839830892,85.35461941892518,119.53
yes,,27.674336400000627,85.35563199999255,96.32
yes,,27.674414592329477,85.35656223080834,92.35
yes,,27.67417729488562,85.35608857260239,94.11
yes,,27.6737759542517,85.3513422787968,33.92
yes,,27.673801811822308,85.3512293294508,57.28
yes,,27.67574042083988,85.35301688633903,99.84
yes,,27.675045999996247,85.3484747499974,111.88
yes,,27.676775840318165,85.35306417734424,241.76
yes,,27.67199137516827,85.35673288703536,57.07
yes,,27.675171690040216,85.3486218447933,135.32
yes,,27.674226950002435,85.35526909999412,77.87
yes,,27.674336314903748,85.35530289540286,47.13
yes,,27.671975580752996,85.35720518604494,196.45
yes,,27.67552184070526,85.34978146838112,80.38
yes,,27.6775801057626,85.35384947553858,307.79
yes,,27.677773396294075,85.3539114012203,584.06
yes,,27.68183105125989,85.36452277789311,458.79
yes,,27.681903600248685,85.3641175866245,49.67
yes,,27.682171897378346,85.3641564775133,133.4
yes,Saujan's home,27.68156910376532,85.36398275190884,225.01
yes,,27.68267300000574,85.36381004997196,141.29
yes,,27.6824214110419,85.36365213000903,264.75
yes,,27.68173928120051,85.36508202529143,1.02
yes,,27.682468979561676,85.36434430026787,129.84
yes,,27.682508150003592,85.3642584499923,100.22
yes,,27.68205616811459,85.36353197768375,110.88
yes,,27.68023141851448,85.36185097021468,121.0
yes,,27.68015740065297,85.36182438982696,130.01
yes,,27.68002959652618,85.3618031211612,92.29
yes,,27.67960337596556,85.36413165459298,157.76
yes,,27.681171087123527,85.3601012852329,153.67
yes,,27.681466324956727,85.36503110252801,22.68
yes,,27.680257628312575,85.36157285912559,105.41
yes,,27.681170351274126,85.35681675284386,103.86
yes,,27.682764295146622,85.3550407854856,83.81
yes,,27.695146882438358,85.3428434594596,73.28
yes,,27.679238137902324,85.34929905421883,162.67
yes,,27.678680900008896,85.34742135000575,79.48
yes,,27.679357463456725,85.34918054440782,201.27
yes,,27.678521468780474,85.34729070526643,38.75
yes,,27.68040691383196,85.34925284059933,51.15
yes,,27.67292370419376,85.35515852110314,168.05
yes,,27.694614300007245,85.34267530000149,97.3
yes,,27.69451333622065,85.34277062240797,148.0
yes,,27.694518100016293,85.34261495000699,146.7
yes,,27.69458051035108,85.34194373083685,100.34
yes,,27.694500241871783,85.34186022594493,111.36
yes,,27.694320597026476,85.34285734838471,115.67
yes,,27.693937363013188,85.34410505016037,129.71
yes,,27.696547078233813,85.346783542775,15.15
yes,,27.69659447410171,85.34703885944644,3.46
yes,,27.69641412750743,85.34621431659818,17.93
yes,,27.695916002716142,85.34591658322479,82.69
yes,,27.695854405437533,85.34579921148628,101.06
yes,,27.695737803097575,85.34559674605757,87.22
yes,,27.695999272995824,85.3447929993912,72.54
house,,27.672239615469536,85.35451031897672,124.67
house,,27.67036680563023,85.35392335187215,158.57
yes,,27.69167594659511,85.33977114952637,88.83
yes,,27.686824570392233,85.36444168928284,197.03
yes,,27.68291685001323,85.36386640000241,159.71
yes,,27.67896305000541,85.33628324999113,61.76
yes,,27.678705112698726,85.33682824621864,74.03
yes,,27.675404100015285,85.35733825003952,140.59
yes,,27.675282107677745,85.35790874229158,383.36
yes,,27.67595018175723,85.35775944169404,163.84
yes,,27.676573282081915,85.35585781718082,137.99
yes,,27.678746400001774,85.33623865000432,106.42
yes,,27.68428190194801,85.35563323239214,88.15
yes,,27.684286602524303,85.3554689136502,139.83
yes,,27.684256001427933,85.35528115295831,48.95
yes,,27.67593699488359,85.3599726968206,95.42
yes,,27.674459548325736,85.35997442325274,133.18
yes,Siddhartha Fuel Centre,27.67525771870126,85.35673249157679,37.49
yes,,27.675127540109234,85.35823921017615,182.55
yes,,27.67445273609204,85.35906547962608,1157.19
yes,,27.674749428402485,85.35570828920348,65.6
retail,Manohara Tarkari Bazar,27.673070561922305,85.35396258241799,1133.6
yes,,27.673682777809084,85.35321194344218,100.32
yes,,27.67483605415879,85.34872029332443,35.87
yes,,27.674883941259335,85.34895511960195,74.74
yes,,27.683809882563757,85.35027839786477,106.71
industrial,,27.687647800038217,85.35209495141316,210.92
house,,27.67212949999306,85.34852714998635,104.08
yes,,27.673053600005073,85.34319414999506,103.58
yes,,27.681033425803236,85.36045850587884,49.94
house,,27.681607023663634,85.33896531800428,68.89
house,,27.68174298570875,85.3388566151425,133.01
yes,,27.678662150007437,85.33625924999558,62.05
yes,,27.678735086901312,85.33782150068996,66.59
house,,27.679808949432868,85.33794581728104,78.19
yes,,27.67429865000282,85.35537064999609,69.41
yes,,27.673436350005577,85.35368534999935,99.79
yes,,27.673477400001424,85.35354509999532,113.28
yes,,27.672860847820584,85.35530436812,281.8
yes,,27.6783301580915,85.33592970464126,143.29
yes,,27.67847073726638,85.33589300030705,124.74
yes,,27.678040761722876,85.33608917903933,246.24
yes,,27.67797515582106,85.33628338825575,124.54
residential,,27.67160679339327,85.35732823327947,173.23
commercial,,27.6876529000037,85.35746614999141,124.75
house,,27.68259124677996,85.34882083908414,147.12
house,,27.68254512251995,85.34892418586045,169.09
yes,,27.692274776178394,85.35918549046026,235.59
yes,,27.692329001106465,85.36059689788983,34.41
yes,,27.678730446920788,85.35291686064684,201.37
yes,,27.678454117183485,85.35310910285394,188.97
yes,,27.678518627625696,85.3561283120151,42.27
yes,,27.67853700000142,85.3562345499994,25.13
yes,,27.678457065688875,85.35558081741438,9.7
yes,,27.67851163716426,85.35558942375788,37.15
yes,,27.678483167493635,85.35572023209208,21.37
yes,,27.67841675000482,85.35557464999991,42.2
yes,,27.678489550003945,85.35565190000004,28.84
yes,,27.678407884189568,85.35565063939515,38.4
yes,,27.67826475000269,85.3561147999998,43.15
yes,,27.67836362550681,85.35571316848274,40.12
yes,,27.677418581722318,85.35418963776142,97.23
yes,,27.6780275318077,85.35420853989417,97.78
yes,,27.677493609387763,85.35378967787416,170.2
yes,,27.682793543014014,85.36455822786041,15.96
yes,,27.682848400002268,85.36406594998834,61.11
yes,,27.68173435000048,85.36397479999792,28.72
yes,,27.681329521266278,85.36404236564121,52.86
yes,,27.680691199058543,85.36419414086161,93.77
yes,,27.680328828889493,85.36448120458616,73.99
yes,,27.68051927412736,85.36466219321687,96.73
yes,,27.681283500007737,85.36402375000365,57.65
yes,,27.68019790000016,85.36404009999842,34.24
yes,,27.68160425360845,85.36376697151381,63.59
yes,,27.680010596695215,85.36415316975494,91.21
yes,,27.68281415000106,85.36466454999653,40.77
yes,,27.68087789716232,85.36403955023965,61.79
yes,,27.68069247872585,85.36373907903247,50.24
yes,,27.682224900001895,85.36443744998908,67.18
yes,,27.68304486853224,85.36460290960999,44.59
yes,,27.68084554679832,85.36389201517439,97.79
yes,,27.680052700008858,85.3646428000141,53.45
yes,,27.682758800003764,85.36471935000105,48.93
yes,,27.681539578400262,85.36370663331228,80.67
yes,,27.68230425001638,85.3639148000205,51.05
yes,,27.679921550009595,85.36412840000258,93.87
yes,,27.6827747507812,85.36479451593792,19.43
yes,,27.68068661655791,85.36388421077243,39.13
yes,,27.680515750994704,85.36406723729303,167.23
yes,,27.682344916932333,85.36435665735442,44.21
yes,,27.682853450002668,85.36456990000104,27.3
yes,,27.680732632788573,85.36408295027695,97.96
yes,,27.68035266709268,85.36460815885243,134.84
yes,,27.68208190000129,85.36395159999714,17.73
yes,,27.68168473043789,85.36375845269372,46.0
yes,,27.68183320867392,85.36408513192654,32.62
yes,,27.680210299999803,85.36395809999516,53.89
yes,,27.68279794999907,85.36451259999873,22.53
yes,,27.679976936613265,85.36456392814947,45.56
yes,,27.68036550000472,85.36451330000214,27.28
yes,,27.680707567993412,85.3638494064201,28.32
yes,,27.682300817123647,85.36428650555413,92.86
yes,,27.682606869407163,85.36499400800234,102.01
yes,,27.68170075000037,85.36390794999875,21.94
yes,,27.68038149010748,85.3640477602304,73.66
yes,,27.680248924540866,85.36439898814264,80.09
yes,,27.680127429788122,85.3640196962937,48.83
yes,,27.68284328117184,85.36462179699852,19.49
yes,,27.68139334665184,85.3639124562538,66.34
yes,,27.681452588058324,85.36392688126661,94.01
yes,,27.682673928114156,85.36444645526323,76.37
yes,,27.682583125341623,85.3646565212345,102.88
yes,,27.67991883828552,85.3643316174259,40.66
yes,,27.679460860537787,85.36409445941031,42.2
yes,,27.679741904555698,85.36408458004063,30.28
yes,,27.679655556227477,85.36392184251883,55.3
yes,,27.679568650182194,85.36433083323277,18.0
yes,,27.679743665449703,85.36461826056824,56.29
yes,,27.679416359119138,85.3638997065069,112.58
yes,,27.67929557391347,85.36436484361678,44.72
yes,,27.678621859437584,85.36421675384176,39.9
yes,,27.679906288405203,85.36467668189727,30.52
yes,,27.67973317839111,85.36391832733769,92.84
house,,27.679686866895594,85.36456075235286,69.84
yes,,27.67983601041534,85.3639190862752,74.28
yes,,27.678199324988242,85.3640232412186,101.05
yes,,27.675807498371068,85.33819328398285,57.91
yes,,27.67486075131919,85.33854498284593,23.29
yes,,27.676410749390158,85.33802046649471,38.33
yes,,27.674794553610624,85.33883996404296,86.13
yes,,27.676334637663334,85.33826332426909,58.0
yes,,27.676214100006252,85.33857650001849,175.98
yes,,27.676081312985872,85.3379464263686,118.0
yes,,27.67798373064366,85.33756979623901,55.91
yes,,27.67787155368498,85.33728258317542,46.75
yes,,27.677077250001155,85.33763599999612,46.25
yes,,27.678097197198195,85.33722473145276,59.85
yes,,27.67744560000485,85.33669179999754,79.25
yes,,27.675650230217265,85.33918154799179,81.44
yes,,27.677930349998974,85.33746969999656,41.72
yes,,27.67719895000529,85.33845830000017,81.01
yes,,27.67646156383598,85.33792062590908,97.69
yes,,27.67689175585379,85.33884838536093,64.15
yes,,27.678360698128202,85.33646978177806,155.95
yes,,27.678296321017886,85.3372050912866,64.7
yes,,27.67782783638137,85.33831536115453,44.35
yes,,27.676364600006465,85.33934094999842,123.53
yes,,27.67776016615073,85.33671064645544,71.66
yes,,27.676062082950107,85.33878659080608,50.46
yes,,27.6784201017167,85.33628377571173,63.7
yes,,27.678132750011933,85.3365487499795,84.39
yes,,27.677721996013016,85.33892047096428,54.42
yes,,27.677354000003884,85.33838160000067,56.62
yes,,27.6762913252227,85.33959540670055,87.85
yes,,27.677397400910706,85.3386602823098,93.5
yes,,27.67866119999992,85.33770404999773,84.56
yes,,27.677730186193976,85.3369903124223,35.82
residential,,27.676409420855517,85.33987390379217,146.69
yes,,27.677145631806038,85.3378199885388,48.04
yes,,27.67708470000458,85.33805140000024,76.54
yes,,27.678541600007105,85.33756750000055,59.82
yes,,27.675280047031464,85.3397047663407,55.08
yes,,27.678430949008693,85.33663512686475,93.34
yes,,27.677316966899813,85.33718080196043,106.6
yes,,27.67795595000064,85.33735519999925,29.23
yes,,27.678176700002314,85.33636260000257,55.21
yes,,27.677679378863104,85.338748063228,95.34
yes,,27.678281704239566,85.33623078655928,206.57
yes,,27.677060127226667,85.336866075593,163.84
yes,,27.67769134645272,85.33752123569666,62.17
yes,,27.676804108046454,85.33778956734466,63.07
yes,,27.677106118196594,85.33717960245606,45.29
yes,,27.677801269227995,85.33846781937565,78.27
yes,,27.677828940484964,85.33739192268791,52.26
yes,,27.67755129625659,85.33878421868214,115.2
yes,,27.678018420732382,85.33747041142523,81.4
yes,,27.6785668042931,85.33647302000611,57.8
yes,,27.677598226445483,85.33866326212113,121.69
yes,,27.67872109427227,85.33792657238777,91.69
yes,,27.677716268977075,85.33661107064562,131.86
yes,,27.677522729294562,85.33891045560613,46.22
yes,,27.676367959852698,85.33859692059751,198.84
yes,,27.675441539687274,85.3393910072196,165.06
yes,,27.677773491347676,85.33880339561915,98.27
yes,,27.67787487058691,85.33678169883503,105.17
yes,,27.678612357550026,85.3369540561192,134.67
yes,,27.677720850010264,85.3402640999998,88.51
yes,,27.677633739803095,85.33913565659866,430.96
yes,,27.678849293521306,85.33904574617014,114.77
yes,,27.677051949998425,85.34039999999993,52.41
yes,,27.6769412938828,85.34002647465299,97.06
yes,,27.678900896771204,85.34038962583267,36.23
yes,,27.671625707583306,85.3424244708062,33.33
yes,,27.672846638484508,85.34103271299284,584.4
yes,,27.672849557159818,85.34070622277189,98.31
yes,,27.671977831702616,85.3419245045247,154.54
yes,,27.671440172806015,85.34276143004307,2.67
yes,,27.675150600009534,85.34152185001211,111.18
yes,,27.67529817553545,85.34148018754962,84.31
yes,,27.675099745207778,85.34125531783246,75.77
yes,,27.675019596242368,85.34138243147986,123.75
yes,,27.675230550004976,85.34157164999958,78.51
yes,,27.67536537124681,85.34139888675259,90.8
yes,,27.675219200004676,85.34142514999886,76.01
yes,,27.675989367459668,85.34749462567517,36.23
yes,,27.677608808463056,85.3624694265822,43.8
yes,,27.67761077314928,85.36237242000134,96.19
yes,,27.67781430893866,85.36256402987402,74.3
yes,,27.67784324999837,85.36249434999776,34.89
yes,,27.678461875281844,85.36145534459719,144.16
yes,,27.67814664999632,85.36023724999671,61.5
yes,,27.67815040000401,85.36033744999905,96.21
yes,,27.676577596164787,85.36046501821654,139.99
yes,,27.672629830580746,85.35558192496957,154.9
residential,,27.69578426817161,85.35303975315418,124.7
residential,,27.696025362658023,85.3524639236831,98.67
residential,,27.69595095632112,85.35265809562067,148.16
residential,,27.696247784526758,85.35267397836608,92.37
residential,,27.696478200002087,85.35268749999499,71.17
yes,,27.69441320206839,85.35261743294099,175.99
yes,,27.69455126931206,85.35255279025033,46.43
yes,,27.695592650002034,85.35230619999756,59.34
yes,,27.69573931726963,85.35204412291574,112.98
yes,,27.695714692488966,85.3525567485793,94.0
yes,,27.69549846315203,85.35213460983385,127.14
yes,,27.69574345000157,85.3524806499911,63.36
yes,,27.695636621567616,85.35245556323673,77.33
yes,,27.696293778935537,85.35255315957612,59.61
yes,,27.695960740352973,85.35180756717821,78.6
yes,,27.69028955000059,85.35309449999441,56.98
yes,,27.681850523204062,85.3624794419527,159.9
yes,,27.68172050773382,85.3624834876587,218.25
yes,,27.681842513011855,85.362665080176,90.26
yes,,27.681888433836196,85.36338207274865,96.72
yes,,27.683616415200444,85.35694214858067,155.64
yes,,27.683400246994562,85.34610670606828,151.41
yes,,27.683362183709352,85.34595826350535,230.29
yes,,27.683253123851305,85.34613779305288,123.51
yes,,27.683096703566683,85.34643489391654,158.29
yes,,27.682852000008058,85.34571185000232,163.81
yes,,27.68276036908254,85.34661965748992,122.67
yes,,27.683289930073283,85.34409347750592,113.27
yes,,27.68346002610052,85.34452511353774,70.14
yes,,27.68315783589598,85.34409560817392,129.74
yes,,27.683444896455686,85.34370036816316,124.03
yes,,27.683229962422907,85.34356133435271,104.44
yes,,27.682918149989852,85.34410514999873,108.64
yes,,27.68292875890458,85.3439741762495,21.66
yes,,27.68279071210132,85.34392418399955,57.79
yes,,27.683027835662713,85.34345627237695,34.18
yes,,27.682979784336553,85.3437770182842,38.89
yes,,27.682952556524143,85.34385801733036,74.37
yes,,27.68273940895699,85.3437087241505,110.59
yes,,27.682601475192357,85.34367980349192,130.83
yes,,27.682391672412,85.34369691619052,375.37
yes,,27.682468380370246,85.34447064229508,120.11
yes,,27.682113615732415,85.3441711123251,202.37
yes,,27.682533485271808,85.34266183854798,40.47
yes,,27.682121468673234,85.34213938969788,102.8
yes,,27.682119803934807,85.34223469403449,182.6
yes,,27.682177379042948,85.34335926177785,89.94
yes,,27.682047077036394,85.34329681987892,198.09
yes,,27.68187346349789,85.34321298504706,182.76
yes,,27.681816897180386,85.34338685587645,81.87
yes,,27.68172972342701,85.34336799922724,104.95
yes,,27.68178677714429,85.34308261927855,183.84
yes,,27.682120751762472,85.3428676106268,203.83
yes,,27.681349461813866,85.34280445349656,233.68
yes,,27.673734024233994,85.34337920115672,56.39
yes,,27.672264560549902,85.34180575862648,992.64
yes,,27.672389245771715,85.34243358164137,43.21
yes,,27.671915272392486,85.34186758446812,22.89
yes,,27.671696380178055,85.34269629574975,218.88
yes,,27.671598699996405,85.34360859998354,70.4
yes,,27.671337850006,85.34318864999085,226.47
yes,,27.68109845149116,85.34351918410053,21.84
yes,,27.68282663201001,85.34437128433957,202.82
yes,,27.672887945347217,85.34309431747707,187.29
yes,,27.679270750056517,85.34188425001629,226.3
yes,,27.67251646629495,85.34445599755122,103.29
yes,,27.672728664126737,85.34444473392297,82.25
yes,,27.673444677339724,85.34418083520467,52.84
yes,,27.673285468483027,85.34435454310595,65.3
yes,,27.67345053346168,85.34404072449748,58.44
yes,,27.681685400004675,85.34697319999579,158.66
yes,,27.680975234409534,85.34877566494099,74.22
yes,,27.6807248164927,85.34781271695265,68.3
yes,,27.679578832918917,85.3473821249158,148.3
yes,,27.67869370312477,85.34843207904707,169.17
yes,,27.678923754397484,85.34750763090335,68.82
yes,,27.67260142326695,85.3451959135801,136.18
yes,,27.67226720000768,85.34492899999977,120.49
yes,,27.67214345833414,85.3447316422422,116.51
yes,,27.672248800005036,85.34448964999768,79.97
yes,,27.671832484699312,85.34479881090859,172.59
yes,,27.671625988059944,85.34508890932099,61.08
yes,,27.671461400000926,85.34548004999586,25.84
yes,,27.67140210000207,85.34549974997904,78.91
yes,,27.670986910189935,85.34581415975654,122.52
yes,,27.671240884125396,85.34536459623132,41.39
yes,,27.670749423847102,85.34678843130321,108.55
yes,,27.67372227593291,85.35189031179601,289.83
yes,,27.680489150007226,85.36167755000155,87.3
yes,,27.679612023527767,85.36327414239665,190.31
yes,,27.678961548466965,85.36302732737971,200.94
yes,,27.678614377771527,85.36355315873925,93.56
yes,,27.678122414470014,85.3625143434088,105.03
yes,,27.677806399998524,85.36225164999658,35.34
yes,,27.677348222716812,85.36181685831625,176.19
yes,,27.677400058006576,85.36209604816742,64.36
yes,,27.677061900002073,85.36274199999589,69.81
yes,,27.677020620488488,85.36184269842123,1079.23
yes,Nirmal Banquet,27.676704341953414,85.36195520657552,122.14
yes,,27.676515738322262,85.3616058222768,642.7
yes,,27.67622523436333,85.36154895466396,722.33
yes,,27.676019070814856,85.3610942796879,65.67
yes,,27.67603603501844,85.36137218918752,101.49
yes,,27.6759852913161,85.36085726460249,375.96
yes,,27.67601853209064,85.36051061518648,388.38
yes,,27.67670836332081,85.36041222707354,438.56
yes,,27.676316586378366,85.35997014818493,445.88
yes,,27.677006764770095,85.36007408384611,78.87
yes,,27.67703400464019,85.35990080034416,166.84
yes,,27.67719952446346,85.36003455064706,137.2
yes,,27.677452974902444,85.36027453798256,53.68
yes,,27.67736676981976,85.36026535699254,71.4
yes,,27.677250952683078,85.36023830416106,199.7
yes,,27.677021397358477,85.35959636214585,220.36
yes,,27.676841826556103,85.36004944314506,283.38
yes,,27.67696505448401,85.36052314307938,240.28
yes,,27.677075100117055,85.361052728053,86.28
yes,,27.67810444554737,85.36077762127864,113.41
yes,,27.67771616359239,85.36086529289395,57.14
yes,,27.67764975685717,85.36040353101589,185.0
yes,,27.676647979756453,85.36120056740444,136.56
yes,,27.675305273075434,85.36078654400553,107.02
yes,,27.67544332168579,85.36118034215723,670.18
yes,,27.675132088213704,85.36096554053387,116.44
yes,,27.674002946092088,85.35897866992568,52.13
yes,,27.67547050613578,85.36086115763327,138.07
commercial,Raut Complex,27.674474850032297,85.36020965001784,223.46
house,Anish,27.695645043806373,85.34593151904953,72.59
yes,,27.680679104950407,85.3486845821171,110.33
yes,,27.68083695274027,85.34849722019756,106.76
yes,,27.69582257979145,85.35372099519189,102.72
yes,,27.695924500006328,85.35408215000085,79.06
yes,,27.67639397827836,85.36047705818316,179.21
residential,,27.693123033957765,85.34918958616184,81.29
yes,,27.691801897186217,85.35260975257724,78.72
yes,,27.692818991258978,85.34744387217702,132.09
yes,,27.68934609277912,85.34751187922299,99.61
yes,,27.69166510000313,85.35224680000238,18.68
yes,,27.69199285000343,85.34802969999849,69.95
yes,,27.692591265248367,85.34805979787689,122.86
mixed_use,,27.692892675607613,85.34904750152366,111.15
residential,,27.69194790000742,85.34914350000035,114.43
yes,,27.690571739180683,85.34431074811808,100.58
yes,,27.692739749132592,85.34781070410455,108.33
yes,,27.692016300006877,85.35193238333528,102.3
yes,,27.69073775000153,85.34436689999752,105.27
yes,,27.692135950000136,85.35245089999525,38.88
yes,,27.691852453935237,85.3520646314015,39.98
yes,,27.689062724246323,85.34949340980621,129.94
yes,,27.69173603776516,85.35274170729922,97.92
yes,,27.69207292673853,85.34795405466065,111.15
yes,,27.692600350067313,85.35188063917266,66.26
yes,,27.69176204791061,85.35201541738228,18.67
residential,,27.69292590588091,85.34919095581292,135.64
yes,,27.69163220305506,85.35282948186617,75.23
yes,,27.690023623500004,85.35035590313278,205.02
residential,,27.692633843741497,85.34883338940772,131.15
yes,,27.691805400001925,85.34746810000462,96.26
yes,,27.690533869741298,85.35168618122005,99.37
yes,,27.68849810000138,85.35223245000012,19.88
yes,,27.691472209016027,85.34781324300481,91.82
yes,,27.691801600001916,85.35203770000147,23.18
yes,,27.68293729183351,85.34667875017959,282.7
yes,,27.691008980577486,85.35193992865719,207.93
school,Euro Kids,27.683238368586274,85.34784046674433,112.29
yes,,27.67447570000385,85.34097260000557,39.63
yes,,27.67429131157951,85.34135023483125,179.11
yes,,27.671995458891693,85.34775142110578,102.5
yes,,27.670921614753603,85.35545713638831,162.1
yes,,27.67146013030012,85.35615368619862,67.79
yes,,27.673942550001566,85.3566190999998,46.72
yes,,27.673772714459698,85.35670315511693,110.62
yes,,27.673890108296018,85.35650257533972,87.35
yes,,27.673402384788318,85.35805664296537,69.83
yes,,27.673258941494698,85.35803995899315,65.82
yes,,27.672766381778217,85.3583882593597,187.29
yes,,27.67284646787218,85.35854727893776,184.11
yes,,27.67303630000905,85.35893790000742,123.48
yes,,27.673440766629124,85.3593391831428,58.42
yes,,27.673851850004784,85.35976725000033,57.59
yes,,27.67354275000276,85.359544149998,101.03
yes,,27.68226691051541,85.3422001571672,130.58
yes,,27.682351068665014,85.34228008809195,136.32
yes,,27.68247136513249,85.34256144662099,55.21
yes,,27.675069491957178,85.36109541183254,119.05
yes,,27.67524900000036,85.36101029999243,111.19
yes,,27.67534063026214,85.36103888893588,26.2
yes,,27.6753100998324,85.36112965799991,54.76
yes,,27.67524804531586,85.36127262717352,71.59
yes,,27.675224319266782,85.36116530877638,49.74
yes,,27.67496949069798,85.3609275202423,115.24
yes,,27.67504739156381,85.36092810674853,62.01
yes,,27.671654160588407,85.35622110468704,266.67
yes,,27.677148555710353,85.36276916839736,83.62
yes,,27.677131634139734,85.36256616919847,119.77
yes,,27.677210905247424,85.3626125536529,37.15
yes,,27.67722258370348,85.36245075621379,56.05
yes,,27.682562150001747,85.34271265000092,27.49
yes,,27.682602233456986,85.34275904931822,72.95
yes,,27.68263151472171,85.3428199440223,35.97
yes,,27.682684418018116,85.3428633172225,29.17
yes,,27.682728286019277,85.34289936398201,61.17
yes,,27.68277750411078,85.34295230995757,67.55
yes,,27.682861125739596,85.34290467704497,213.2
yes,,27.683078755408605,85.34300222795304,69.26
yes,,27.68249119176355,85.34273441128566,84.52
yes,,27.68258158887173,85.34289366030903,76.06
yes,,27.682628359842617,85.34295082880921,54.01
yes,,27.682687940154505,85.34304262937262,86.93
yes,,27.682776981951555,85.34313939954816,123.39
yes,,27.682828070483247,85.34313040263704,21.43
yes,,27.68282718551801,85.34324544087872,52.3
yes,,27.68286134474279,85.34315683501656,39.74
yes,,27.683476100027956,85.3443686999995,110.06
yes,,27.683367500000713,85.34440614999966,67.56
yes,,27.683275700004433,85.34438589999954,88.18
yes,,27.683169550003598,85.3444306499998,113.87
yes,,27.683378590471257,85.34429757347885,49.74
yes,,27.68327932061752,85.34427640169775,67.38
yes,,27.68322709888659,85.34484378889516,393.74
yes,,27.683251950297798,85.34468217843869,85.07
yes,,27.681457172245313,85.35844691386866,39.09
educational,,27.685591120631294,85.34440975572639,151.19
yes,,27.682603170598217,85.34238430228324,115.05
yes,,27.68266428875698,85.34244233998051,140.13
yes,,27.682755052679468,85.34248413418022,62.02
yes,,27.682818393652738,85.3425750278515,156.26
yes,,27.682917679605026,85.3426485507907,138.33
yes,,27.682961028790146,85.34254934666379,80.44
yes,,27.675174944470314,85.36211180807452,4.97
yes,,27.673996164290312,85.36097189195227,45.27
yes,,27.674102157764548,85.3610607287754,77.54
yes,,27.674334862936863,85.36112941093718,76.55
yes,,27.674420887078774,85.36115836628824,138.58
yes,,27.67427002938842,85.3607748394494,123.02
yes,,27.674294400004978,85.36095524999719,131.16
yes,,27.674425550958716,85.35622010959408,361.37
yes,,27.675377622710826,85.35819274120006,107.38
yes,,27.67432224999359,85.3593140999828,198.0
yes,,27.67424590001475,85.35886070000309,98.63
yes,,27.67416445549272,85.35908607897633,57.65
yes,,27.674158518697435,85.35918801652562,123.81
yes,,27.674108050001017,85.35930934999304,158.2
yes,,27.67418924999671,85.35947929998986,148.27
yes,,27.674240350016383,85.35979525000567,108.06
yes,,27.674256379025273,85.35966669084269,109.87
yes,,27.674032989284626,85.35983767020771,185.38
yes,,27.67405390008241,85.35955340003476,321.49
yes,,27.67437906107356,85.36047848279381,532.87
yes,,27.675333116488318,85.35938798662458,164.84
yes,,27.675308942816425,85.36036876794951,89.91
yes,,27.675132119660585,85.35978915733243,162.11
yes,,27.675442450004724,85.35979704999615,119.95
yes,,27.675200430410893,85.35955844416,96.03
yes,,27.675525819451035,85.35970865488838,83.7
yes,,27.67566000881862,85.35953027224608,102.83
yes,,27.675690592992293,85.35972887967918,350.95
yes,,27.675304725678753,85.3620845964455,357.46
warehouse,,27.692549841569505,85.35302139306746,518.78
yes,,27.692590183462162,85.3553197501618,165.78
yes,,27.671974149990533,85.34235039994523,136.16
yes,,27.672102131333656,85.34257241067714,301.98
yes,,27.671621900002094,85.34257124999982,35.8
yes,,27.671723275249665,85.34255955796462,193.24
yes,,27.67155220563967,85.3425561565733,9.92
yes,,27.671520450693937,85.34270997669522,118.23
yes,,27.671435073449782,85.34284704623323,53.52
yes,,27.671431665565407,85.34297188062365,303.31
yes,,27.671410517357042,85.34309170051726,168.08
yes,,27.67152983204238,85.34317474500344,27.14
yes,,27.671449200013235,85.34322245000727,72.95
yes,,27.67147405000484,85.34357060000274,51.36
yes,,27.67249965002341,85.34196270004095,90.7
yes,,27.67252405000439,85.34181415000127,63.69
yes,,27.672455748411352,85.34177908352687,48.43
yes,,27.67227623026398,85.34212388396067,22.57
yes,,27.672280811376673,85.34261023693675,174.99
yes,,27.67217949718822,85.34283470864558,271.78
yes,,27.672111440703215,85.34299666682101,48.15
yes,,27.672159049997138,85.34245454997063,135.01
yes,,27.671928733950114,85.34214461584247,208.5
yes,,27.672081598103613,85.3420612829883,159.15
yes,,27.672016628945887,85.34199279113736,56.06
yes,,27.671648150849816,85.34336551651253,84.56
yes,,27.671587900007943,85.34329695001016,99.96
yes,,27.672449600002768,85.34405229999655,50.73
yes,,27.67193175000884,85.3445004500143,52.9
yes,,27.6720440352611,85.34450155411801,26.97
yes,,27.673042782529123,85.34338392433142,46.79
yes,,27.67298621728433,85.3433302256,93.73
yes,,27.672671332648644,85.34325959709356,21.4
yes,,27.672249387720424,85.34393335214908,75.22
yes,,27.67336943328792,85.34325589975255,54.85
yes,,27.673593150001388,85.34443384999967,21.74
yes,,27.673624814940744,85.34430551526833,19.59
yes,,27.673294650003594,85.34408714999935,57.29
yes,,27.673283847132367,85.34419401731434,36.76
yes,,27.672887589042,85.34459648300742,115.78
yes,,27.67322515000781,85.34457965000287,107.58
yes,,27.672637405785615,85.34425771064977,68.65
yes,,27.67260908336661,85.34453570081853,63.87
yes,,27.672433139578782,85.3443483617313,108.6
yes,,27.67253505000609,85.34420255001295,77.94
yes,,27.673062450005286,85.34293860000166,72.42
yes,,27.673650416342944,85.34307230342316,62.83
yes,,27.673525005330955,85.34287190935108,186.04
yes,Society of Hydrologists and Meteorologists-Nepal,27.689948591319027,85.34042102068676,4.15
residential,,27.67817948539292,85.33595734758933,12.18
yes,,27.67866372483393,85.33574533559808,0.02
yes,,27.678538688095696,85.3360025136492,104.44
yes,,27.674460144341904,85.3598564048093,71.46
yes,,27.674490823971546,85.35975767270074,68.46
residential,,27.691674963685998,85.33811106213639,159.61
yes,,27.681572947548105,85.36219933324841,117.53
yes,,27.681593421571925,85.36163542976675,105.52
yes,,27.68160620239075,85.36152656927837,107.39
yes,,27.681322204228827,85.36210972406802,104.65
yes,,27.681328213009074,85.36197176485065,91.97
yes,,27.68139638307212,85.36186577182866,69.64
yes,,27.681446131178685,85.36159063567291,87.61
yes,,27.681335371966817,85.3615817176208,125.61
yes,,27.681406039000155,85.36171745976915,113.68
residential,,27.68060734540752,85.36082506720817,238.16
residential,,27.680565244815895,85.36094003115117,79.3
residential,,27.68053933787565,85.36111584692883,119.82
residential,,27.680625843621172,85.36132453256698,129.49
residential,,27.680402797579635,85.3609903719752,69.82
residential,,27.680383611809166,85.3610813309239,174.59
residential,,27.68028401001066,85.36120839540573,72.33
residential,,27.68039311925946,85.36127594326427,74.01
residential,,27.68041939632842,85.36139882122232,106.81
residential,,27.680529386520064,85.36143295783717,84.11
residential,,27.67997987141576,85.36123130745995,106.72
yes,,27.68009180562745,85.36150949784933,86.91
residential,,27.68012029474888,85.36133415438583,94.23
yes,,27.679774873173578,85.36167896040979,153.52
yes,,27.680157189984683,85.36210385110465,129.76
yes,,27.680254933992646,85.36233275069586,54.03
yes,,27.680152341126135,85.3625561149677,138.12
yes,,27.679964497329138,85.36250254096615,95.41
yes,,27.68125184951713,85.36203318176001,27.96
yes,,27.679173693922724,85.36171274412985,132.29
yes,,27.679512031867972,85.36216293446886,118.57
yes,,27.679839881706666,85.3620408787398,63.65
yes,,27.67967036997221,85.3620461501469,125.43
yes,,27.679662052609796,85.36220135783918,19.14
yes,,27.67959408093899,85.36219593140676,28.39
yes,,27.67977770398451,85.36208521447033,68.43
yes,,27.67999179755203,85.36238267176218,98.26
yes,,27.679672563744315,85.36140234195413,135.81
yes,,27.679055400001758,85.34184639999957,26.95
yes,,27.678756166305533,85.3416847046096,96.86
yes,,27.678818141922573,85.34175542202985,49.03
yes,,27.678865150004288,85.34179540001,34.91
residential,,27.6790224500137,85.34229745000256,104.85
residential,,27.679037980040025,85.3424985040948,64.22
residential,,27.679190500010954,85.34251779999487,69.5
residential,,27.679119503938647,85.34251037602432,78.37
residential,,27.67895581823163,85.34301676642663,116.96
residential,,27.67900584999736,85.34291939998982,111.79
yes,,27.676008100000068,85.34068740000005,74.42
yes,,27.676024850000978,85.34078725,80.29
yes,,27.67617245402569,85.33913118146374,61.25
yes,,27.67628810000122,85.33910924999653,85.88
yes,,27.676317914680553,85.33895787626086,96.83
yes,,27.67649152868372,85.33905576251149,105.24
yes,,27.675986792096435,85.33904071901807,90.12
residential,,27.679049021839674,85.34316776879716,108.88
residential,,27.671701691867735,85.3565660912169,99.57
yes,,27.671950778548098,85.35657068191972,63.98
yes,,27.67228521715288,85.35640122973084,91.31
yes,,27.672335502127517,85.35631970469673,46.72
residential,,27.671476567628535,85.3568910752438,46.73
residential,,27.671554993050883,85.35682292103567,64.65
residential,,27.671603661005612,85.35679410526863,35.88
yes,,27.671862581650757,85.35673331480552,34.84
yes,,27.67175478874206,85.3567406291322,71.88
yes,,27.671528594013,85.35586316103995,192.3
yes,,27.671615362318406,85.35581410174444,163.94
yes,,27.671755172719344,85.35618460617296,67.17
yes,,27.671786856351392,85.35567388847998,130.86
yes,,27.67242258551384,85.35639016614432,109.72
yes,,27.678663773975863,85.34185830534527,41.9
residential,,27.67885638517126,85.34240576959029,69.24
commercial,,27.678902021999985,85.3424750583478,27.31
residential,,27.67877949999709,85.3429436499975,72.57
house,,27.6925351970668,85.34880792832328,98.88
house,,27.692437370488168,85.3487448675336,130.61
house,,27.69230957125538,85.34853689810349,109.72
yes,,27.6810110202607,85.36171760905252,58.3
yes,,27.679688950005115,85.36179444999959,87.09
yes,,27.679298350003982,85.36173239999947,128.2
yes,,27.67972860637972,85.36221427714769,26.21
yes,,27.67972499393756,85.36227622244333,30.16
yes,,27.679828137008826,85.36214949510222,21.7
yes,,27.6799564881977,85.36167254108196,93.38
yes,,27.679963482227638,85.362866218239,115.18
yes,,27.679985882164832,85.36201794497673,59.08
yes,,27.679234100001697,85.3616217499998,27.75
yes,,27.689920403530028,85.35013872773519,86.74
yes,,27.68899290792211,85.34903049589633,203.78
yes,,27.675963874744813,85.33918777277145,411.36
residential,,27.67157692628153,85.35659100505558,58.33
yes,,27.671358312955668,85.3561458295631,96.38
yes,,27.672391268743766,85.35629763724087,17.99
yes,,27.672316822342914,85.35724646715265,37.54
yes,,27.67239206001538,85.35562892178096,146.59
yes,,27.672218108985554,85.3562151615912,80.98
yes,,27.67219717529971,85.35634110868315,59.59
yes,,27.67212778117207,85.35694034327811,35.82
yes,,27.67219168515873,85.35699164584645,110.09
yes,,27.672251049906528,85.35689014765416,126.91
yes,,27.67200177172218,85.35688664611703,162.51
yes,,27.671928209046484,85.35686218715006,50.74
yes,,27.671873333169355,85.3567813707598,33.02
yes,,27.67188938864362,85.3568369896658,16.65
yes,,27.672073950000446,85.35588670000003,6.83
yes,,27.68992075001452,85.34999760000018,93.98
yes,,27.676230801834162,85.33919318257901,43.89
residential,,27.691607553504678,85.33798237695332,0.78
residential,,27.676304695027838,85.34035597565351,98.46
residential,,27.676040651468888,85.33960989722175,125.13
yes,,27.672452676705717,85.35605813158224,160.64
yes,,27.68111524999327,85.36193134999321,26.79
yes,,27.679396536679445,85.36172720619545,115.01
yes,,27.679093575376303,85.36190126735296,81.87
residential,,27.671219230348328,85.35674559179331,1.07
residential,,27.671483634068277,85.35725535124246,106.29
residential,,27.671592456262843,85.35649663219651,116.95
residential,,27.671336673063923,85.35662277527943,196.2
residential,,27.671381568473834,85.35651872291272,52.41
residential,,27.6712366943551,85.35660137232432,120.91
residential,,27.67117612543451,85.3565857348453,53.93
residential,,27.671051306904566,85.35634024766544,14.7
yes,,27.67114008005608,85.35641311688435,175.58
residential,,27.67999315000668,85.36082654999667,71.66
residential,,27.680291431683806,85.36080575216717,90.66
residential,,27.680468835942815,85.36087574251248,49.08
residential,,27.68073293827143,85.36113552510558,86.37
residential,,27.680803160357094,85.3611848017394,66.72
yes,Alsaya Cafe,27.691213979282924,85.34087141129878,75.77
yes,,27.669892231472907,85.34866332112745,34.89
yes,,27.67002760000181,85.34862729999935,27.31
yes,,27.670098650002476,85.3497200500021,35.3
yes,,27.670080600004894,85.34940665000856,61.98
yes,,27.68322136934499,85.34664952768875,169.06
college,Himalayan College of Geolmatics Engineering and Land Resourse Management.,27.688915672749378,85.3440699372612,144.76
yes,,27.69394405000286,85.35106589999954,60.25
yes,,27.695510036658987,85.35166247663611,94.25
yes,,27.695308932245265,85.3526789435775,13.32
yes,,27.695258832403326,85.35267269336026,14.27
yes,,27.693328780631326,85.35105288547102,44.75
yes,,27.69478237882677,85.35016600692582,36.27
yes,,27.690142013925602,85.35139487263187,490.2
yes,,27.689957549479637,85.35061382371623,119.06
yes,,27.690025077912928,85.35063474971862,103.14
yes,,27.690823089878172,85.34944507323465,181.52
yes,,27.69091603370516,85.34978767303463,150.63
yes,,27.690873758275362,85.35060652867362,64.97
yes,,27.690145613525182,85.35039686193153,139.23
yes,,27.690846969102534,85.35077958622458,58.14
yes,,27.69044668180078,85.35048282096899,41.54
yes,,27.690761204248762,85.35121108698398,120.27
yes,,27.690878248596015,85.35120981033619,161.48
yes,,27.690577616113508,85.35144259462791,72.61
yes,,27.6904951285517,85.35154001006063,97.15
yes,,27.690197535643012,85.35177167672987,59.57
yes,,27.690236144177682,85.35152255138563,120.38
yes,,27.69024043110222,85.35163686337869,120.89
yes,,27.690305950218747,85.35172830328294,60.89
yes,,27.690289004735323,85.35134618383306,101.19
yes,,27.690344354160096,85.3513156915194,87.39
yes,,27.690447905243918,85.35123865095969,46.8
yes,,27.69040193383554,85.35129958473429,110.23
yes,,27.690560407960422,85.35123164053053,131.83
yes,,27.69049301158975,85.35122988762436,47.39
yes,,27.69072419992205,85.35140379238888,79.62
yes,,27.690677459222634,85.35152345656482,111.94
yes,,27.69065462654574,85.3514153698593,77.2
yes,,27.690656765210043,85.35191398233192,41.11
yes,,27.690894027676666,85.35200514497399,164.69
yes,,27.69085361298125,85.35106005844949,174.64
yes,,27.689888132672227,85.35072177375396,53.02
yes,,27.68986976323569,85.35057209683308,123.87
yes,,27.695913505622805,85.35077863135074,97.57
yes,,27.69597322782432,85.35046314235079,125.91
yes,,27.69597670003067,85.35019695001041,110.86
yes,,27.696274120430218,85.3509748070869,81.29
yes,,27.696786886237113,85.35085967960252,71.03
yes,,27.691714871400542,85.34922836757542,116.19
residential,,27.69173835171967,85.3493164480756,101.85
yes,,27.69176012224174,85.34939708882108,90.94
yes,,27.691778656603358,85.34946559948243,41.29
mixed_use,,27.69177337743128,85.34952001782703,41.99
yes,,27.69177207801094,85.34956440052315,42.18
mixed_use,,27.69181144347364,85.34968909614366,63.12
yes,,27.6933878090298,85.35124409097338,91.04
yes,,27.693533164767583,85.3511433639114,74.21
yes,,27.693753055054042,85.3511849009897,96.58
yes,,27.693844285435542,85.35104502780432,86.32
yes,,27.69383967261607,85.3511937599945,86.51
yes,,27.693966595682284,85.35119487842061,105.64
yes,,27.69405140000988,85.35121710000278,71.48
yes,,27.69408823408206,85.3519041656161,34.14
yes,,27.694376413272142,85.35173378881782,25.39
yes,,27.693461400001752,85.35195299999813,70.13
yes,,27.693571199995358,85.35197809999543,88.68
yes,Bumper Welding Workshop,27.69323903764385,85.35186666322133,57.53
yes,,27.693348749999405,85.3519093499948,44.87
yes,,27.692980000000592,85.35171924999837,27.01
yes,,27.69313252089354,85.35180350223786,20.27
yes,,27.693167750001024,85.35182504999977,17.85
yes,,27.692603467599074,85.3515294601956,45.88
shed,Nepal Labour Welfare Union- Central Office,27.69236066959267,85.35137026964804,16.7
yes,,27.693098786621654,85.3521676791304,25.55
mixed_use,,27.69203425000195,85.34991955000126,44.31
residential,,27.69194066201756,85.34940876096141,117.18
residential,,27.69259130701047,85.34928197106197,193.12
residential,,27.692671718260996,85.34915293764706,115.15
residential,,27.69261938016466,85.34898430717747,112.89
residential,,27.692583095467935,85.3491034544525,184.12
residential,,27.69251785410293,85.34892632439558,165.45
yes,,27.69418264491928,85.35016466928091,47.27
yes,,27.693606412157386,85.35148258405283,51.77
yes,,27.693683849999097,85.35147585000101,46.22
yes,,27.69385003669763,85.34854498732945,83.19
yes,,27.69389071580941,85.34847422621644,76.51
yes,,27.693950594417327,85.34852547558327,109.29
yes,,27.69399184792826,85.34841241609384,80.91
yes,,27.694011500007406,85.34827990000024,99.94
yes,,27.6943353977641,85.34847596811203,145.06
yes,,27.693959709222597,85.3480992986059,77.82
yes,,27.69387609186628,85.34812895936427,123.33
yes,,27.693688661945686,85.34839155650407,216.84
yes,,27.693784355962197,85.34831374996665,102.13
yes,,27.69352455000697,85.34826599999539,106.05
yes,,27.693354637773194,85.3482634282253,111.49
yes,,27.69345805846611,85.34814693215617,135.3
yes,,27.69424716198565,85.34358605104406,160.38
yes,,27.693418856531462,85.34427998214692,116.09
yes,,27.6934828260315,85.34407987929755,91.05
yes,,27.693314175059317,85.3441840719731,55.57
yes,,27.693598481745614,85.34421921535495,77.22
yes,,27.693331000001432,85.34411574999707,75.08
yes,,27.695447183859915,85.3483246832833,71.49
yes,,27.695550934680444,85.34830616353314,77.37
yes,,27.695562197377665,85.34813550726088,111.76
yes,,27.6955948962535,85.3480776130102,51.3
yes,,27.695450390006258,85.3480663608517,110.22
yes,,27.69539905932811,85.34739302061769,87.88
yes,,27.695042950006652,85.34772939999706,108.84
yes,,27.694660819690355,85.34803418452445,120.78
yes,,27.694569984092848,85.34817608541614,102.52
yes,,27.694471864148575,85.34803341247576,103.95
yes,,27.69418831449273,85.34808361029215,96.62
yes,,27.694210047102548,85.34826351177342,66.87
yes,,27.69410723307896,85.34834229226999,44.94
yes,,27.69438994995752,85.34828868996668,118.52
yes,,27.693692369285113,85.34740012210142,119.32
yes,,27.694970377994096,85.34721494980091,192.53
yes,,27.695570451856863,85.34753740270791,119.46
yes,,27.695446391425133,85.34743900872533,51.07
yes,,27.695492174797653,85.34748342439806,81.15
yes,,27.682806525967145,85.34424157438492,43.53
yes,,27.682557050009024,85.34318915001296,144.78
yes,,27.683172671398548,85.34297675133804,74.84
yes,,27.683016390057205,85.34314245834742,46.61
yes,,27.683219227751593,85.34343318846248,62.48
yes,,27.682987546633687,85.34451717656309,87.25
yes,,27.6829577599626,85.3442851738636,94.89
yes,,27.682985650017834,85.34363730000435,167.59
yes,,27.682957517225827,85.34323851638626,56.14
yes,,27.683021672189597,85.34324536334745,49.75
yes,,27.68301547022713,85.34332021189518,18.42
yes,,27.69140054897442,85.3515232747884,78.06
yes,,27.691248200001734,85.3516368999998,40.06
yes,,27.691161183494874,85.35161935419755,81.65
yes,,27.6910436866352,85.35161670612077,121.45
yes,,27.69089755414685,85.35163238335218,85.1
yes,,27.691011423646387,85.3521158539785,81.11
yes,,27.690873169258143,85.35218116583806,67.97
yes,,27.691080284139566,85.35218987661239,78.44
yes,,27.691001050001905,85.3521876499997,46.94
yes,,27.691059149991958,85.35249869998056,53.47
yes,,27.691070899998053,85.3522953999956,33.91
yes,,27.69137488168841,85.35237013761946,19.63
yes,,27.691389009371033,85.35230847568843,10.7
yes,,27.691428616912916,85.35214622654911,6.74
yes,,27.691214182396507,85.35199813402517,52.25
yes,,27.69139037252289,85.3519747011934,40.71
yes,,27.691268670826595,85.35235835504987,36.45
yes,,27.691367557260122,85.35173348263497,93.1
yes,,27.691012108990094,85.3515367882522,27.25
yes,,27.69120890003292,85.35128880400555,180.22
yes,,27.69134001561698,85.35145846378659,130.78
yes,,27.691270315281674,85.3513819038765,132.88
yes,,27.691762733690894,85.35136518796764,74.69
yes,,27.69158606409775,85.35141510803356,273.69
yes,,27.691728492646803,85.35104614228239,47.59
yes,,27.691818725013,85.3512840439922,155.81
yes,,27.691625177838645,85.3509775146095,58.99
yes,,27.69152761961185,85.35091359840057,114.15
yes,,27.691427951496138,85.35124576734756,194.91
yes,,27.69154781126916,85.35105512588213,34.44
yes,,27.675117185896053,85.33796026948546,24.37
yes,,27.675852043577695,85.33822583786578,18.14
yes,,27.67587160347451,85.33814498333815,19.36
yes,,27.675779116740173,85.3382835039546,33.05
yes,,27.67587948214169,85.33826172669077,24.17
yes,,27.675897515984474,85.33807254780265,64.43
yes,,27.672016450002197,85.34928109999221,124.82
yes,,27.69392664758963,85.35040922230627,89.42
yes,,27.693631475104187,85.35027582278839,108.93
yes,,27.693619748268073,85.35100272186305,98.9
yes,,27.69399685000494,85.35094879999838,129.1
yes,,27.693338320687793,85.35088301396948,104.15
yes,,27.693303469494218,85.35112917765687,42.37
yes,Brotherhood Boys Hostel,27.693301518918652,85.35123093299592,88.39
yes,,27.69636124602206,85.35407700710081,3.0
yes,,27.69631281940103,85.35429338997616,0.07
yes,,27.696087251079476,85.35412083460317,63.57
yes,,27.69588738097771,85.3538450931058,43.02
yes,,27.696481747529038,85.35280046800023,77.7
yes,,27.69594630000298,85.35387149999978,48.0
yes,,27.695951339078253,85.35374880175348,75.74
yes,,27.6959620412299,85.35366213125992,19.41
yes,,27.696014482219212,85.35377519459595,18.08
yes,,27.695855600007004,85.3539380000007,95.29
yes,,27.695970931012905,85.34994244869382,192.53
yes,,27.696077200001536,85.35001299999841,61.24
yes,,27.696092792881426,85.34990332108273,108.18
yes,,27.69618078565334,85.34992777251517,92.37
yes,,27.696195156991035,85.3498562956763,42.09
yes,,27.696104450036337,85.34973670000589,148.06
yes,,27.69599259514947,85.34977562236892,155.4
yes,,27.69584628669619,85.34953860673222,120.72
yes,,27.69650715979724,85.34785915870246,62.67
yes,,27.695675484688596,85.34818528812225,224.06
yes,,27.695826800000695,85.34976224999313,187.12
yes,,27.673072999998556,85.35306589999765,42.76
yes,,27.673621451428605,85.3533857997103,71.42
yes,,27.672549913575814,85.35279168161676,96.47
yes,,27.673722220522993,85.3535221116128,79.67
yes,,27.696403550004995,85.34999799999935,83.87
yes,,27.695743317330933,85.34951789031328,143.1
yes,,27.69574227634763,85.34939900289193,110.61
yes,,27.695743038524917,85.34930666243123,85.59
yes,,27.695747036219885,85.3492267016775,83.75
yes,,27.695749672258568,85.34915128471269,81.15
yes,,27.69575704999845,85.34907369999848,92.74
yes,,27.69581565039075,85.34890522436407,64.37
yes,,27.695834300000538,85.34883734999612,67.53
yes,,27.67338546135916,85.35332142818382,32.85
yes,,27.673656542542506,85.35305251374957,61.55
yes,,27.6736226774024,85.3528431085744,56.59
yes,,27.673364201041235,85.35320939575857,125.72
yes,,27.673719461082655,85.35385632340811,124.53
yes,,27.695854000004925,85.34988960000052,44.95
yes,,27.69616145716592,85.35002270658131,88.03
yes,,27.683696744305582,85.34776837654599,109.48
yes,,27.683785945539686,85.34786116561953,113.64
yes,,27.683947562845997,85.34772274583922,115.38
yes,,27.684170592012595,85.34761473154869,98.36
yes,,27.684457850007433,85.34759369997913,123.58
yes,,27.684357012655394,85.34747089898332,91.57
yes,,27.684493685187107,85.34750925549169,79.13
yes,,27.684306905059316,85.34829156176843,82.76
yes,,27.684367797857643,85.34821880918813,155.52
yes,,27.684400145204826,85.34813570966321,163.23
yes,,27.684508253257558,85.34809091234737,147.65
yes,,27.68452647461965,85.34797497116557,179.95
yes,,27.684874850279606,85.3475523985766,362.28
yes,,27.684788463843798,85.34770906709585,280.76
yes,,27.684875892170613,85.34767210146,155.6
yes,,27.68373173207162,85.34759259313701,73.54
yes,,27.683525800005366,85.34750109999463,97.17
yes,,27.683622992135867,85.34826812107643,40.14
yes,,27.683714081947823,85.34834922119244,124.24
yes,,27.683808511750236,85.34843633311924,105.0
yes,,27.68387529979513,85.34849604973213,118.36
yes,,27.684061378342783,85.34815279576107,176.41
yes,,27.6841951499714,85.34813604995851,91.71
yes,,27.69431187857441,85.3459789417262,94.08
yes,,27.694658728074327,85.34452763747272,44.96
yes,,27.695016950010448,85.34452360000152,81.29
yes,,27.694644300041773,85.34690235000663,446.76
yes,,27.683874790251167,85.34762472014486,117.54
yes,,27.68394207240231,85.34796442890296,96.43
yes,,27.69560070000661,85.3470762999919,96.72
yes,,27.69567421872929,85.34717067203934,109.95
yes,,27.693594385392085,85.34567618059418,27.72
yes,,27.695661349999646,85.345750250002,35.87
yes,,27.695620133845594,85.34641025035107,306.0
yes,,27.676753815116143,85.34729118179932,53.73
yes,,27.676299376470098,85.3473353450625,106.52
yes,,27.693675250023357,85.34476890000533,82.65
yes,,27.69365922598354,85.34490346778395,41.99
yes,,27.694075400029785,85.34452874999978,240.48
yes,,27.694355903433692,85.34451322813428,93.62
yes,,27.69507737552549,85.34452968414116,77.26
yes,,27.693559500001054,85.34533174999869,103.84
yes,,27.693501349998993,85.34546440000024,30.29
yes,,27.67791730128036,85.34721893503132,70.93
yes,,27.67866487302098,85.3477497121027,81.39
yes,,27.694370938634062,85.34721802016563,93.12
yes,,27.69463745000105,85.34712449999677,117.48
yes,,27.69458695469115,85.3472946284912,234.1
yes,,27.695171297715408,85.34717081313931,161.42
yes,,27.694987576065156,85.34619303797632,76.52
yes,,27.671984013420964,85.34936960842359,85.85
yes,,27.68144855001335,85.34720255000538,76.54
yes,,27.672086255862048,85.34789607246037,74.93
yes,,27.680603390035824,85.34925767492545,223.38
yes,,27.6808598859134,85.34917137781679,165.66
yes,,27.680956724103915,85.34775105943116,86.91
yes,,27.680928984631198,85.34741356910152,97.77
yes,,27.68100221160679,85.3474244946907,115.09
yes,,27.680066797323363,85.34746472102837,39.93
yes,,27.679999353548798,85.34766812773135,94.37
yes,,27.678950292153228,85.34909312143137,113.36
yes,,27.67911029800443,85.34914561168699,133.66
yes,,27.680200950004437,85.34879824999922,88.95
yes,,27.680270149975446,85.34858324997192,235.24
yes,,27.680778274696973,85.3483222429348,75.4
yes,,27.68056921702219,85.34823413460633,45.82
yes,,27.680957711689533,85.3482943719155,84.09
yes,,27.680535194346163,85.348901348159,241.1
yes,,27.680701474302126,85.34891196977348,131.6
yes,,27.68088195066645,85.34885106900309,101.4
yes,,27.68004394534046,85.3484813843032,110.48
yes,,27.679169776288028,85.34804811448699,200.39
yes,,27.67920213632912,85.34848927150139,114.23
yes,,27.679140196823727,85.34817402093962,158.56
yes,,27.679032272180205,85.3487579093596,408.76
yes,,27.67591359355369,85.34740242055146,103.03
yes,,27.696095585107685,85.35240576140461,75.2
yes,,27.696198405708046,85.35258502999726,38.1
yes,,27.696128568941308,85.35260145480993,30.82
yes,,27.696333043830684,85.35273182062384,101.48
yes,,27.69568393270159,85.3526447370103,75.27
yes,,27.695827299997855,85.35222754998307,60.65
yes,,27.695774089442214,85.3523019126548,85.72
yes,,27.6958438836108,85.35180042539973,125.04
yes,,27.695746942102794,85.35174286732995,28.45
yes,,27.69576599205247,85.35169291721867,32.14
yes,,27.695859200005824,85.35159485000295,58.67
yes,,27.69576732684163,85.35155115653713,67.03
yes,,27.69581690000376,85.35209365000189,37.77
yes,,27.69590960209968,85.35216053188161,73.16
yes,,27.69580089857768,85.35192277948187,105.31
yes,,27.6960515319722,85.3519308964721,48.33
yes,,27.696084955220776,85.35186943203622,52.16
yes,,27.69592619619115,85.35166906807792,78.73
yes,,27.696469763426684,85.35169399747842,22.02
yes,,27.696458766624374,85.35178644990029,99.02
yes,,27.69648300001104,85.35114030001259,73.61
yes,,27.696516400002878,85.35122384999717,59.16
yes,,27.69655046186952,85.35115796471865,37.92
yes,,27.696642566258355,85.35099419833611,39.41
yes,,27.696596300005314,85.35109240000342,65.29
yes,,27.69654335000568,85.35103935000492,57.42
yes,,27.6964834500031,85.35101980000162,32.7
yes,,27.696374950000976,85.35119854999938,18.97
yes,,27.696426582179004,85.35111214131895,57.16
yes,,27.69630090950991,85.35160266031632,32.21
yes,,27.696138200000128,85.35160164999586,14.55
yes,,27.6962122464374,85.35157578549928,49.65
yes,,27.696166554089977,85.35153101346346,53.51
yes,,27.696094900014604,85.35149085000492,199.38
yes,,27.695820749995082,85.35141749996411,405.42
yes,,27.695841103396425,85.35098118273328,120.3
yes,,27.695789863991788,85.35105119379219,59.28
yes,,27.695724800003163,85.35118199998844,66.87
yes,,27.695760400002733,85.35111714999468,58.99
yes,,27.695870648866734,85.350899790365,78.56
yes,,27.695884099997414,85.35084199998481,53.48
yes,,27.695663147547236,85.35020956870844,151.91
yes,,27.695724422321366,85.3499527574231,27.77
yes,,27.696249317029917,85.351237825933,233.4
yes,,27.696305012112585,85.35089273174269,56.68
yes,,27.696346100004323,85.35078219999625,119.47
yes,,27.69618457659943,85.35066133862459,27.99
yes,,27.696175763248075,85.35071432845446,18.4
yes,,27.69625530366069,85.35070357882515,186.25
yes,,27.69591900000818,85.35106515000003,126.01
yes,,27.696135667538936,85.35101605101407,80.28
yes,,27.69604998156272,85.35096408462086,74.17
yes,,27.69616302043816,85.35090561116562,148.41
yes,,27.696452909310608,85.35052957955186,226.18
yes,,27.696589169380342,85.35051235635521,40.54
yes,,27.696563250017288,85.35039335001512,43.77
yes,,27.69660734999995,85.35046139999814,19.68
yes,,27.696628950000633,85.35041109999914,21.21
yes,,27.696711202240397,85.35084620187828,49.78
yes,,27.696690586783212,85.35048361695547,56.86
yes,,27.696670231360283,85.35054559684332,74.17
yes,,27.696738600003908,85.35038799999825,84.08
yes,,27.696817492850208,85.35049570814353,66.76
yes,,27.69681309311435,85.35073843045147,66.23
yes,,27.69675741578827,85.3516326767231,17.24
yes,,27.696820258442642,85.35110930619416,2.21
yes,,27.696794062358027,85.35135750616374,17.21
yes,,27.69676904447669,85.35127541779542,29.65
yes,,27.696793808409698,85.3511916183554,73.75
yes,,27.696744543352295,85.35132986730268,32.73
yes,,27.696729010499425,85.35139990838655,89.79
yes,,27.696693450001035,85.35147024998138,84.78
yes,,27.696405357446814,85.35184293241069,58.75
yes,,27.696711468129177,85.35193958480903,80.84
yes,,27.696683060331534,85.35175900396284,286.62
yes,,27.696803073806397,85.35041886660531,50.49
yes,,27.6964677519798,85.35014613818272,50.15
yes,,27.696396950002985,85.35011424999777,72.02
yes,,27.69631648413718,85.35008928836284,62.57
yes,,27.696410500008362,85.35030040000379,42.51
yes,,27.696228080058834,85.35023453866522,44.49
yes,,27.69617465001262,85.35023010000629,52.05
yes,,27.6961061465222,85.3502388709359,139.51
yes,,27.695959749997876,85.35055619999764,60.45
yes,,27.695952124428185,85.35061959188724,53.8
yes,,27.695996840028897,85.35035582211869,76.23
yes,,27.6960294500208,85.35023220000649,96.15
yes,,27.6956365363257,85.3509108851971,95.64
yes,,27.69566605000367,85.35177265000117,51.59
yes,,27.694436442975572,85.34838630290928,119.61
yes,,27.694256829046715,85.34816291591474,97.28
yes,,27.6940037021658,85.3479725429266,101.18
yes,,27.69393436377683,85.34792866167612,94.92
yes,,27.695356353227098,85.34854264959299,63.51
yes,,27.69541340000041,85.34845534999414,24.48
yes,,27.695485314155192,85.34826693737118,34.39
yes,,27.69530736637367,85.3481924489475,39.38
yes,,27.69349340000215,85.34853930000104,32.19
yes,,27.693647150008992,85.34821520001465,199.33
yes,,27.693302150002562,85.34853395000182,25.5
yes,,27.693307400006436,85.34834679999754,109.3
yes,,27.693390618441466,85.3484172783022,128.5
yes,,27.69346013663544,85.34833095023322,106.6
yes,,27.69324748333301,85.34767371327845,195.31
commercial,NAXA (Block 2),27.693295093337955,85.34787191901823,111.55
yes,NAXA (Block 1),27.693356377648545,85.3477398401049,122.57
yes,,27.693851140154297,85.34789539745972,85.28
yes,,27.693768554988473,85.34790292776204,55.74
yes,,27.694604696709415,85.34825286125555,114.76
yes,,27.694547254747313,85.34811306334012,95.75
yes,,27.69463490429273,85.34834262033596,105.33
yes,,27.69431910428879,85.3479491594806,133.22
yes,,27.694534862588903,85.34781329347148,190.51
yes,,27.69460615000849,85.34767994999783,73.85
yes,,27.694468811407184,85.3477031557668,88.74
yes,,27.694385559394462,85.3477294372179,78.39
yes,,27.694311135483424,85.347781564852,82.53
yes,,27.6942256182271,85.34785447229251,170.29
yes,,27.694892811195285,85.34784188628693,43.28
yes,,27.695269984097827,85.34825718016651,147.42
yes,,27.69501055198917,85.34837320657275,40.18
yes,,27.695289270148397,85.34884788970902,116.56
yes,,27.69523705000176,85.34875255000158,25.48
yes,,27.69494589609463,85.34820720228316,56.49
yes,,27.694905366378606,85.34804129918452,83.8
yes,,27.69500794906543,85.34802672473772,338.59
yes,,27.695197226061286,85.34808635406279,66.25
yes,,27.69503156745742,85.3479541553752,122.17
yes,,27.695602098691364,85.34834633774501,65.17
yes,,27.695522217429268,85.34842465378559,146.93
yes,,27.695626589309317,85.34801245711964,104.11
yes,,27.695642846051808,85.34794623700749,57.58
yes,,27.69523198341934,85.34756060037994,45.52
yes,,27.695539408295588,85.3478977770447,167.21
yes,,27.695477364812994,85.34782627878978,121.31
yes,,27.695457925657184,85.34760111337245,164.12
yes,,27.695559850003924,85.3476957000002,60.08
yes,,27.695530126389826,85.34728285108184,140.75
yes,,27.694697300001746,85.34725380000036,22.32
yes,,27.694113485362937,85.34750559528563,98.06
yes,,27.693943244935014,85.34749545170352,54.36
yes,,27.693588007895986,85.34736453148196,37.54
house,,27.69342568806949,85.34741650761326,101.05
yes,,27.693462900003873,85.34730724999815,82.27
yes,,27.69324996339201,85.34735481857479,96.01
yes,,27.693698099209676,85.34751535029635,124.73
yes,,27.69379066412686,85.34742922780282,167.29
yes,,27.6944069900937,85.34791222244809,60.48
yes,,27.69483029205265,85.34739957339625,95.85
yes,,27.694885382309078,85.34734696142854,137.64
yes,,27.69492409043896,85.3472605978829,141.79
yes,,27.694094062376347,85.34844914142752,56.97
yes,,27.69462559683601,85.34856208008956,42.99
yes,,27.69426898875463,85.34830905054645,80.48
yes,,27.695290099997735,85.35410759999438,31.28
yes,,27.695223175658228,85.3539782816624,55.89
yes,,27.694973777301342,85.35402655825357,68.96
yes,,27.69481540727517,85.35460879440268,39.48
yes,,27.695387237882652,85.35384727215002,25.47
yes,,27.69569545000219,85.35363829999929,50.27
yes,,27.695571569396893,85.35389530314224,45.63
yes,,27.695490850001963,85.3533440999998,28.87
yes,,27.694866692550185,85.35319554211063,29.18
yes,,27.69482805000086,85.35310785000047,15.47
yes,,27.69453820001144,85.353387350011,30.05
yes,,27.6944827999997,85.35302759999713,30.94
yes,,27.694248129932486,85.35417577894384,78.54
yes,,27.695215451390553,85.35307285014068,59.67
yes,,27.69471475000949,85.35355700000663,90.07
yes,,27.694634768321507,85.3536743580385,22.43
yes,,27.694541067845876,85.35382160270463,165.01
yes,,27.694311550000624,85.35384609999949,14.42
yes,,27.694438981956683,85.35350303900302,47.36
yes,,27.69550974625688,85.34819566856211,61.65
yes,,27.693869828572407,85.34802120447713,47.76
yes,,27.693891254497352,85.34828546835416,18.33
yes,,27.695468877755875,85.3535109495456,28.64
yes,,27.695331869412637,85.35395439956606,26.11
yes,,27.695343450001804,85.35389190000078,20.8
yes,,27.69541540912985,85.35470034558566,46.63
yes,,27.695474174588444,85.35438655458019,38.26
yes,,27.69529696501292,85.3537815328525,14.02
yes,,27.69495392247523,85.35394303636673,21.14
yes,,27.694910469246466,85.35410443453532,43.97
yes,,27.69482585000256,85.35400524999477,46.41
yes,,27.69471066450155,85.35432343172947,83.06
yes,,27.694591902773702,85.3543533842463,13.93
yes,,27.694634800004376,85.3543793333342,19.1
yes,,27.695210599996187,85.35424989999069,28.35
yes,,27.69527550000033,85.35424029999956,12.48
yes,,27.695254800002964,85.35416010000034,41.76
yes,,27.69504065037985,85.35377936656475,20.69
yes,,27.695282399999446,85.35380929999718,16.88
yes,,27.695552894037565,85.35473952200802,29.68
yes,,27.69556529661918,85.3546595713891,34.16
yes,,27.695451750006537,85.35423385000101,36.34
yes,,27.695537177164994,85.35440252322908,41.41
yes,,27.695682600000975,85.35402014999754,51.47
yes,,27.69569933151546,85.3541062183537,209.97
yes,,27.695488366003836,85.35412627446497,65.51
yes,,27.69552553463547,85.35448732864397,25.36
yes,,27.695460302116135,85.35444808281763,52.74
yes,,27.695471049998257,85.35451819999803,25.65
yes,,27.694184280333847,85.34835993044143,131.76
yes,,27.69402906440554,85.34853079018716,66.83
residential,,27.69276440000401,85.34872664999669,95.11
residential,,27.692852242476178,85.34879990137799,77.1
residential,,27.692988620353855,85.34904287616727,25.36
residential,,27.692976330234842,85.34912519260833,22.77
residential,,27.692728650002074,85.34956344999509,44.47
residential,,27.692846080573393,85.34973358736718,109.42
residential,,27.692721596782583,85.34980785417707,134.33
yes,,27.692830959686958,85.34989399076217,156.72
residential,,27.6930429166391,85.34943416967756,81.33
residential,,27.692959131410408,85.34954722664571,170.05
residential,,27.69313265000566,85.34947645000125,74.35
residential,,27.69315517158392,85.34961721254695,132.31
residential,,27.693133081052277,85.34972713054975,63.03
residential,,27.693142059352063,85.34909593201182,135.18
residential,,27.693150303218,85.3489478385004,97.57
mixed_use,,27.69318941136413,85.34885753404501,100.14
yes,,27.693034468902844,85.3482718299616,59.81
yes,,27.692783909437104,85.3482505942898,62.28
yes,,27.692069887183,85.34808726094218,125.57
yes,,27.69222788854416,85.34808810444001,243.72
yes,,27.692416000025933,85.34806650000476,139.39
yes,,27.692585504458695,85.34818622742874,119.13
yes,,27.69272109316314,85.34737588962928,70.78
yes,,27.69263668232179,85.34748896489177,126.04
yes,,27.69185260000253,85.34733609999972,77.58
yes,,27.691852749730284,85.34822753469444,115.54
yes,,27.69154124656997,85.34794062045268,97.31
yes,,27.691306850003546,85.34809024997632,67.96
yes,,27.69157860681022,85.34769537734996,76.08
yes,,27.691361014393145,85.34737957106157,118.33
yes,,27.691411005455826,85.34771536965937,47.5
yes,,27.69123739918846,85.34766520673656,209.82
yes,,27.691377545360233,85.34776581539343,48.38
yes,,27.691324052155345,85.34784701562998,104.89
yes,,27.691210500008058,85.34794685001202,69.65
yes,,27.691147698440094,85.34761733413497,123.96
yes,,27.691061400013297,85.3475942500122,66.09
yes,,27.691176913110144,85.34735826828134,112.01
yes,,27.69080621640673,85.34744488534257,88.65
yes,,27.690838957634085,85.3475205803028,159.41
yes,,27.688533713553188,85.35166659325456,85.37
yes,,27.688479750006472,85.35207845000149,80.49
yes,,27.690251322126734,85.35174697238187,83.08
yes,,27.67206450000161,85.34708044999992,30.73
yes,,27.671994590926882,85.3470236626056,45.61
yes,,27.671888600000987,85.34717569999995,39.71
yes,,27.671847135690548,85.3471009252086,42.08
yes,,27.671923618529785,85.34659845241235,75.34
yes,,27.67194440000237,85.34651874999537,91.7
yes,,27.671804032207504,85.34655844784281,42.35
yes,,27.67182821860634,85.34648515709034,53.43
yes,,27.671835068209468,85.34640745335183,38.25
yes,,27.671738814469645,85.34646726257148,96.89
yes,,27.671621633891103,85.34626009335548,107.64
yes,,27.67176978375785,85.34617453072508,100.9
yes,,27.671520010562602,85.3459352053802,59.78
yes,,27.671576000002283,85.34611415000046,35.6
yes,,27.671442998091155,85.34612138335596,40.15
yes,,27.67223034872155,85.34566418280937,49.09
yes,,27.67195096747892,85.34612040539679,68.29
yes,,27.67189788350845,85.34607449344695,48.65
yes,,27.67173670380332,85.34586839250044,90.19
yes,,27.67167516501786,85.34578715408357,81.22
yes,,27.672200800002788,85.34598804999807,70.17
yes,,27.672244760595735,85.34589778206683,49.63
yes,,27.672344548717817,85.34561341611142,51.68
yes,,27.67212664772846,85.3454418327765,34.08
yes,,27.672195700003023,85.3454002000112,60.35
yes,,27.672147183354014,85.34531279984138,42.53
yes,,27.672032018224996,85.34533416838501,39.94
yes,,27.671796133582426,85.34540569868649,24.66
yes,,27.671635106547097,85.34555014960029,148.7
yes,,27.67173375000175,85.34554220000095,28.97
yes,,27.67172575588775,85.3452175118961,77.68
yes,,27.671774800001888,85.34550114999938,29.39
yes,,27.67172150000164,85.34566860000061,27.78
yes,,27.671929050008703,85.34468705000833,92.64
yes,,27.67168010557624,85.34497843443313,99.47
yes,,27.67173865000647,85.3448846999747,129.42
yes,,27.67188446672702,85.34498688502796,87.35
yes,,27.67165654731099,85.3464471596651,85.92
yes,,27.67149543614402,85.34633732337872,54.64
yes,,27.671415564148575,85.34629541804945,46.83
yes,,27.671268700690963,85.34645381620285,53.4
yes,,27.671409650005618,85.3466560500011,73.46
yes,,27.671525500005536,85.34720504999872,79.43
yes,,27.671448880301146,85.34690026236599,103.27
mixed_use,,27.691857061424695,85.34903726212423,148.21
residential,,27.692467294311097,85.34903538992435,204.52
residential,,27.691712099999467,85.3491427000027,77.72
residential,,27.691796700000175,85.34961430000313,36.86
yes,,27.67263139630519,85.34655461773914,76.45
yes,,27.672666700002207,85.34648644999575,60.13
yes,,27.672362800007306,85.34608405000155,93.03
yes,,27.672486447500862,85.34598516836122,72.01
yes,,27.67236774999906,85.3459503499912,60.29
yes,,27.67258176100361,85.34573961916963,37.14
yes,,27.67258835298143,85.34669771070139,39.79
yes,,27.69120901372779,85.34959310671728,26.39
yes,,27.691168966869846,85.34957221643758,21.1
yes,,27.691004439848815,85.34975638017956,85.65
yes,,27.691163728046487,85.34983448258431,161.18
yes,,27.691889486580973,85.34922650358472,74.76
yes,Subhakamana Seat Workshop,27.690575334528198,85.34894870750271,59.22
yes,,27.69059650000128,85.34761719999736,33.16
yes,,27.690473369408473,85.34766132743026,219.08
yes,,27.69051380862029,85.34743694963208,216.45
yes,,27.68935714807226,85.34738415011574,105.38
yes,,27.688919750001503,85.34802274998022,48.25
yes,,27.689222610163075,85.3477615430101,92.31
yes,,27.688687070430277,85.34764226302983,112.09
yes,,27.68858122238249,85.34762802965112,46.95
yes,,27.68849534068843,85.34760941965898,29.52
yes,,27.69089896949121,85.34905632872712,39.57
yes,,27.690925733238586,85.34909056697538,39.16
yes,,27.690957837462438,85.34912999707431,49.73
yes,,27.691005501059387,85.34917615076306,70.84
yes,,27.691035623233283,85.34923104056655,50.25
yes,,27.691076123745983,85.34927409853324,66.95
yes,Dolkhali Khaja Ghar,27.69113755266105,85.34932158272117,87.8
yes,Chari Khaja Ghar,27.691200790505786,85.3493654028239,64.56
yes,,27.69125526147531,85.34939735425256,46.58
yes,,27.691302439662802,85.34943072470955,45.75
yes,,27.691350494912157,85.34947566600412,38.15
yes,,27.672513350002244,85.34534024999905,35.22
yes,,27.672482162043103,85.34544355936964,92.51
yes,,27.67295045056393,85.34558081786295,963.36
yes,,27.672722900002483,85.34517744999502,45.56
yes,,27.672683016579192,85.34502152979752,48.9
yes,,27.672756242873607,85.34511516422803,68.14
yes,,27.673556842607336,85.34511401588956,101.57
yes,,27.673644007762967,85.34551167064575,30.55
yes,,27.67368225000847,85.34553565000704,63.02
yes,,27.673676538471884,85.34573831808974,82.94
yes,,27.67353602226157,85.3458331308647,99.89
yes,,27.673531200000387,85.34591919999585,59.22
yes,,27.673508375753748,85.34598028420704,66.34
yes,,27.673722229788744,85.34610813657513,64.82
yes,,27.67367886676438,85.34621972046394,80.53
yes,,27.673230800006205,85.34619499999934,108.5
yes,,27.673253650010476,85.34606810000207,120.33
yes,,27.67291370000553,85.34645064999977,89.46
yes,,27.671559868099685,85.34638296339762,77.33
yes,,27.673547873970577,85.34454201042075,32.79
yes,,27.673513273643614,85.34473815439576,54.6
yes,,27.673619500004666,85.34484939999955,83.05
yes,,27.67371214004133,85.34480717351622,66.67
yes,,27.67341854094311,85.34517751705621,107.0
yes,,27.673367428661184,85.34503531083489,74.51
yes,,27.67343881377103,85.34505976831765,89.92
yes,,27.673382777755766,85.34493218790917,67.84
yes,,27.673313250004934,85.34492600000075,53.05
yes,,27.673316300003027,85.34480750000036,42.08
yes,,27.673090650002255,85.34469079999654,42.3
yes,,27.672971176123536,85.34485889138229,53.99
yes,,27.672996683327682,85.34505220011975,43.45
yes,,27.672715633337024,85.34460559969793,127.43
yes,,27.672908583476726,85.34511915063692,97.19
yes,,27.67312386373902,85.3450083596493,54.59
yes,,27.673039469730618,85.34493888486416,62.45
yes,,27.672376935361456,85.34485999386743,29.16
yes,,27.672242250003563,85.34468099999809,57.34
yes,,27.6723268000061,85.34473590000275,92.02
yes,,27.67241545101224,85.34492133333708,74.65
yes,,27.672644660785473,85.34473278845627,29.8
yes,,27.672568200003724,85.34468680000514,52.39
yes,,27.672702866690326,85.34485274980032,51.0
yes,,27.67246209744364,85.34483845871486,90.92
yes,,27.672199452925536,85.34485546625531,106.26
yes,,27.67205405000248,85.34477239999791,38.77
yes,,27.6720059333046,85.34483190144887,88.21
yes,,27.672008836145004,85.34494506024977,39.38
yes,,27.672407750005572,85.34509115000724,75.09
yes,,27.673520369330014,85.35279221509283,62.06
yes,,27.673819650001246,85.35098209999909,34.01
yes,,27.673747454779363,85.35086147848885,87.98
yes,,27.673801349999177,85.3507237999933,114.17
yes,,27.682920229631137,85.34641797002777,75.96
yes,,27.683491150002535,85.34614139999753,30.05
yes,,27.683457174356917,85.34575063447544,64.8
yes,,27.683382732968536,85.34516858477986,86.89
yes,,27.683366350009848,85.34467404999901,65.32
yes,,27.682796939869814,85.34449397724516,67.96
yes,,27.682827400000654,85.34473075000471,113.84
yes,,27.682412901202465,85.34463051547178,37.01
yes,,27.682374871817967,85.34461064195712,51.96
yes,,27.68224539176558,85.34456280580191,37.51
yes,,27.682211864510645,85.34454974312871,28.57
yes,,27.682182180498273,85.34452901007428,32.97
yes,,27.681641950236763,85.34463589952328,96.77
yes,,27.681571695722003,85.34485617368763,85.77
yes,,27.68134131604536,85.34550914296837,89.46
yes,,27.6813806685761,85.34457431943098,30.43
yes,,27.68131853732941,85.34457089209724,36.41
yes,,27.68125781940768,85.34471962452739,113.75
yes,,27.681223266924285,85.34456917455861,47.63
yes,,27.681548659130826,85.34693364430085,125.81
yes,,27.681656278013445,85.34685904046019,190.12
yes,,27.6812927595644,85.34716560349646,106.32
yes,,27.681222331952107,85.3471634358306,134.48
yes,,27.68148554751655,85.34678820702275,170.38
yes,,27.681479991136683,85.34665316485311,182.24
yes,,27.68135992876443,85.34657564957945,124.42
yes,,27.68134543069913,85.34671443839673,57.88
yes,,27.681535600007177,85.34639435000092,70.28
yes,,27.682031338806603,85.3461381526856,79.85
yes,,27.682313763513218,85.34605120602158,79.38
yes,,27.68251568703853,85.346801433981,80.77
yes,,27.68241708316698,85.34675919673253,154.49
yes,,27.68254497735306,85.34714641313387,24.27
yes,,27.682341500016214,85.3468898500049,225.42
yes,,27.68287786278265,85.34695256290247,82.44
yes,,27.683106358859483,85.34712728192893,138.08
yes,,27.683257500003823,85.34687655000013,58.22
yes,,27.68313002979445,85.34678843964012,94.97
yes,,27.68337865287895,85.34718588217453,112.04
yes,,27.68332630001151,85.34673715000247,166.12
yes,,27.682838388830554,85.34606108140908,124.96
yes,Guheshwori Books and Stationery,27.694872999993834,85.35166485002074,99.6
yes,,27.69455427916013,85.35197349718689,206.77
yes,,27.694997681380066,85.35208481091004,99.41
yes,,27.69551684722362,85.35106913555337,148.49
yes,,27.69553121427875,85.35115251641149,8.53
yes,,27.695375970944696,85.35118487759041,49.83
yes,,27.69552829052644,85.35119911448402,24.98
yes,,27.695276189264966,85.35131852012675,143.28
yes,,27.695434606776576,85.35113883447852,87.03
yes,,27.695102990718766,85.3514062206096,125.27
yes,,27.695379219284277,85.35014937434455,67.72
yes,,27.694916052384023,85.35137980185307,171.47
yes,,27.694844149994687,85.35158010000809,58.68
yes,,27.695356200000443,85.35053064999335,66.27
yes,,27.69531355258113,85.3506391987288,193.52
yes,,27.6953362496724,85.35026427838689,67.83
yes,,27.69571839999892,85.3500525499944,117.16
yes,,27.69548310843402,85.3509190603586,84.78
yes,,27.695480874526105,85.35072197557562,193.98
yes,,27.695210596977997,85.35060607233034,94.61
yes,,27.672010172407493,85.35172612759364,99.06
yes,,27.695630765927525,85.35160719776715,50.16
yes,,27.695273120663664,85.35195404008257,60.34
yes,,27.695161066090236,85.35218994601495,68.56
yes,,27.695203768100576,85.35213954798877,42.11
yes,,27.695306530522878,85.35214794640744,82.36
yes,,27.69540695056491,85.35223369890745,38.08
yes,,27.695339809120785,85.35167113660968,118.68
yes,,27.695509387245213,85.35160884708087,56.06
yes,,27.69564443914404,85.35200852953702,29.9
yes,,27.69507315428443,85.35251353004594,72.03
yes,,27.695102614960696,85.35260310396289,35.8
yes,,27.695193403414752,85.35256553439642,26.54
yes,,27.695147542326616,85.35241362734212,132.9
yes,,27.694521250000438,85.35268080000039,16.61
yes,,27.694234555649427,85.35274892114613,22.18
yes,,27.69418841758867,85.3524871215147,88.04
yes,,27.69437025138466,85.35187006689961,23.97
yes,,27.695157979504465,85.3515735098347,31.98
yes,,27.69518179210342,85.35163978042443,94.16
yes,,27.69507358590894,85.35158422581785,39.58
yes,,27.69557654510426,85.35156490214753,37.61
yes,,27.69561684193184,85.35150215965541,35.45
yes,,27.69559944404346,85.35134636373223,90.69
yes,,27.695477870640396,85.35151733595869,64.34
yes,,27.695466065950612,85.35141881157392,105.92
yes,,27.695601846207705,85.3521874180743,124.67
yes,,27.695194988317592,85.35197545769003,125.87
yes,,27.695263337559783,85.35204167523696,20.87
yes,,27.695478066256797,85.35197380052348,37.01
yes,,27.695675503507825,85.35191558324468,76.82
yes,,27.6957142341699,85.35233945214709,22.38
yes,,27.67204617538945,85.35150582509155,73.45
yes,,27.672064646740374,85.35104816442494,114.79
residential,,27.694432297345575,85.35092864279642,41.73
residential,,27.6946338379387,85.35061061841999,61.34
yes,,27.69475802303201,85.3502729090147,63.22
yes,,27.694960250001355,85.35017199999999,19.79
yes,,27.695316715036782,85.35009192802256,42.18
yes,,27.694026061058683,85.35192667092613,34.08
yes,,27.69480834942979,85.35134200093336,30.82
yes,,27.6947261118581,85.35155758084507,49.3
yes,,27.694765392489312,85.35143772395963,36.61
yes,,27.694430768812445,85.3517014618839,53.86
yes,,27.6942419054396,85.35181524546682,27.02
yes,,27.694287601692096,85.35179069857355,33.6
yes,,27.69455925529102,85.35163549031179,30.76
yes,,27.69417931314307,85.35186023462317,27.43
yes,,27.69431035000105,85.35191675000011,15.61
yes,,27.694182350714787,85.35076172213357,82.2
yes,,27.69382846039682,85.35068321737339,166.51
yes,,27.693410875666174,85.3511271769844,76.87
yes,,27.69339903302706,85.35103519098016,29.69
yes,,27.69373499999797,85.35103749999672,79.32
yes,,27.69359524492856,85.35114844491673,51.49
yes,,27.694265499998988,85.3502117499953,60.71
mixed_use,,27.694638263039295,85.35037456520065,58.54
residential,,27.6943839062807,85.35090694004123,72.3
residential,,27.694303588672607,85.35103631514573,61.21
yes,,27.694253963082257,85.35095249916482,33.24
residential,,27.694251057194112,85.35113515659343,105.95
residential,,27.694230799998472,85.35128820000534,64.89
yes,,27.694163532470416,85.35084431491977,94.42
yes,,27.693333578412812,85.35048663971351,328.27
yes,,27.69347736572656,85.35024619940211,80.69
yes,,27.69349453171075,85.3501682078177,36.98
yes,,27.694175574578985,85.35029275638212,63.49
yes,,27.69370040582477,85.35069844262178,50.43
yes,,27.672379281147993,85.35033719110527,76.51
yes,,27.671999150009363,85.35010680000194,116.18
yes,,27.671586850018993,85.35068075000972,101.14
yes,,27.670217229349067,85.34656232287465,395.33
yes,,27.67037675179039,85.3469686162202,62.29
yes,,27.670404500002192,85.34689014999516,37.23
yes,,27.67050177990102,85.34665936373949,45.64
yes,,27.670335646654262,85.3466354663588,53.44
yes,,27.670380681593457,85.34633675293873,106.19
yes,,27.670456561527068,85.34642137009266,61.85
yes,,27.670641005780443,85.34658910356109,98.2
yes,,27.67056785004077,85.34672231666427,107.33
yes,,27.6705615333667,85.3463633988877,93.22
yes,,27.67062413403013,85.34642444544856,57.49
yes,,27.670724100004296,85.34650535000513,53.54
yes,,27.670663237381028,85.34613139760185,150.81
yes,,27.67075514891678,85.34637744163062,68.46
yes,,27.670802550009064,85.34641355001784,79.17
yes,,27.670548939142826,85.34615958018654,298.64
yes,,27.6707258235072,85.34620077878324,359.17
yes,,27.671007837363952,85.3461685851412,63.02
yes,,27.671079100007397,85.34600520000942,60.71
yes,,27.671070799720148,85.34588283452902,60.71
yes,,27.67112525000983,85.34561069997011,173.81
yes,,27.67122385000648,85.34572305000579,84.99
yes,,27.671065116599323,85.34570695221286,108.73
yes,,27.671167651456724,85.34553765436617,79.11
yes,,27.671305889589604,85.34541224292381,37.76
yes,,27.67135101547342,85.34596055650059,80.95
yes,,27.671348050003772,85.34614014999597,59.22
yes,,27.671257230103777,85.34604586760422,95.09
yes,,27.671474250000475,85.34651674999832,23.16
yes,,27.671109500003062,85.34655750000006,47.11
yes,,27.671051684568518,85.3465091771905,33.33
yes,,27.67130500337055,85.34663228133739,30.96
yes,,27.670899470467393,85.34651033155272,42.07
yes,,27.67095786870543,85.34659997216994,43.59
yes,,27.670992600004343,85.34664375000615,35.63
yes,,27.67104421589097,85.34674456329252,106.22
yes,,27.67125578208734,85.34680588902626,88.55
yes,,27.671324968081485,85.34683191264986,82.48
yes,,27.67101658901906,85.3472452352023,49.28
yes,,27.670905782617442,85.34728761979133,47.07
yes,,27.67081413238509,85.34730298845874,88.63
yes,,27.670754850003114,85.34721750000206,56.18
yes,,27.670824754731154,85.34719299639762,55.66
yes,,27.670129400001844,85.34703899999838,31.13
yes,,27.670195950008807,85.34694429999794,139.35
yes,,27.670289099493942,85.34703606671177,157.5
yes,,27.67021740699751,85.34713858670635,63.28
yes,,27.66999267544857,85.34759937395472,16.81
yes,,27.670136150002584,85.34741765000223,36.22
yes,,27.67006582234167,85.34725588997487,79.74
yes,,27.670013333724906,85.34728905243159,0.17
yes,,27.670192918525288,85.34734223032821,83.45
yes,,27.670104300002258,85.34752775000429,37.69
yes,,27.67006903373497,85.347475397352,48.67
yes,,27.67002766862405,85.34741538441111,56.22
yes,,27.680784378663457,85.34182020330951,56.66
yes,,27.680129866694685,85.34172868340073,30.71
yes,,27.679355300071556,85.34189790002115,256.55
yes,,27.6791504141849,85.34193092572406,71.47
yes,,27.67006756098376,85.34919179316587,119.28
yes,,27.670228506074427,85.34932739335026,114.6
yes,,27.670244389495494,85.3496363558464,106.49
yes,,27.670111916337916,85.349655423958,40.33
yes,,27.67004205000241,85.3495735500071,31.77
yes,,27.670015328102796,85.34936173083783,68.22
yes,,27.66998688373933,85.34930154692785,40.19
yes,,27.66991979974886,85.34940363328431,65.72
yes,,27.669995383040153,85.34950327157011,97.45
yes,,27.670172950003124,85.34969459999914,48.88
yes,,27.68112262528653,85.34261200374438,13.42
yes,,27.681121164415508,85.34265238197479,15.86
yes,,27.674710051012244,85.35276337808092,121.1
yes,,27.673849599998196,85.3517837999924,75.94
yes,,27.67387046460936,85.3513647297023,71.3
yes,,27.68115450000184,85.34058570000416,21.52
yes,,27.680832795727532,85.33905125343712,71.21
yes,,27.679905504915794,85.33907797700222,90.83
yes,,27.679910574571526,85.33897313909141,113.36
yes,,27.67959515191087,85.33905237839488,96.86
yes,,27.67892269720343,85.33904962432302,63.59
yes,,27.669892593278924,85.34844634633076,39.01
yes,,27.669966199467883,85.34839848317989,111.21
yes,,27.670107316388894,85.34841505098711,56.01
yes,,27.670050682787323,85.34834115262119,58.58
yes,,27.66999323698146,85.34823449674933,91.15
yes,,27.67070183632944,85.3503916291953,88.45
yes,,27.67914587372791,85.34182315755906,59.89
yes,,27.67944653435189,85.34167598343745,188.99
yes,,27.68045381846056,85.34187508060111,103.84
yes,,27.670007050003193,85.35046229999101,132.78
yes,,27.66990630000526,85.35040420000067,73.85
yes,,27.67064031939403,85.35052876100652,102.06
yes,,27.67037406232276,85.3503940528675,48.47
yes,,27.670184432724838,85.35025135926588,101.13
yes,,27.670100700007932,85.35019705000576,103.18
yes,,27.670031100008995,85.3501406000088,103.09
yes,,27.669971195407506,85.35009803629573,82.27
yes,,27.669895900013888,85.35003245000718,182.72
yes,,27.681496405661633,85.34176307874931,202.55
yes,,27.68174933711039,85.3390400226124,120.98
yes,,27.681244900374967,85.33899173089702,112.65
yes,,27.674090500012205,85.35385610000037,67.3
yes,,27.67489805661678,85.3536010745156,172.43
yes,,27.67384789466312,85.3535203289978,225.46
yes,,27.674121746278395,85.35360387057094,115.12
yes,,27.67457016048778,85.35268259911116,95.22
yes,,27.674441400005644,85.35305429999993,83.17
yes,,27.674304492359923,85.35274261997526,111.07
yes,,27.67440095437311,85.3529062287067,96.05
yes,,27.674370124571297,85.3530377456651,65.62
yes,,27.67430835747064,85.35318345889608,93.25
yes,,27.674223600004552,85.35300284999599,74.87
yes,,27.674217245121326,85.35310210719,161.8
yes,,27.674197500009583,85.35339479999702,160.71
yes,,27.674295800006092,85.35286849999919,109.08
yes,,27.674103183280796,85.35300214646587,117.57
yes,,27.673988300003487,85.35310964998021,135.74
yes,,27.681368493925845,85.34174292109543,97.65
yes,,27.684508134628725,85.34579659647952,125.84
yes,,27.682697400001416,85.34404044999982,17.81
yes,,27.68283585001706,85.34375770000823,92.02
yes,,27.682078129376446,85.3438505291522,27.41
yes,,27.682094599995704,85.34355554999767,39.11
yes,,27.681829420553697,85.3438030166704,17.92
yes,,27.6817545545794,85.34358512837602,83.05
yes,,27.682118300000926,85.34451519999679,40.58
yes,,27.682065600006986,85.34439120000505,60.23
yes,,27.682214145159705,85.34441177115201,84.82
yes,,27.682299946271804,85.34442962006533,125.07
yes,,27.682400509550078,85.34441783147969,43.88
yes,,27.682375555865157,85.34448563043617,59.91
yes,,27.682671126663525,85.34460333645976,50.12
yes,,27.682772449999202,85.34400354999804,69.84
yes,,27.68266045000644,85.34412965000078,42.79
yes,,27.682784416236867,85.34418833287768,20.6
yes,,27.682874600001956,85.3442500999998,22.55
yes,,27.682864976264383,85.34394818653995,72.88
yes,,27.68296309602531,85.34394414789958,48.73
yes,,27.683170759510663,85.34429017570446,69.45
yes,,27.683018237703696,85.34351162010209,39.88
yes,,27.68342943640432,85.34437640507512,59.88
yes,,27.683316374617554,85.34450876093068,84.8
yes,,27.683181627742915,85.34389279438875,140.68
yes,,27.6832133499998,85.3437925499957,124.32
yes,,27.683249058908796,85.34368188734999,142.56
yes,,27.683470974772256,85.34362055698844,32.16
yes,,27.683353050004317,85.34347994999978,45.05
yes,,27.683291746375527,85.34345673291635,45.38
yes,,27.6834676129652,85.34336172675818,14.21
yes,,27.683335795527878,85.34306716646977,31.85
yes,,27.683308488494934,85.34325701916404,26.98
yes,,27.68325820000299,85.3433230500004,32.96
yes,,27.68330585000874,85.34334150000359,45.66
yes,,27.683103800013853,85.34327810000376,102.88
yes,,27.683131300009467,85.34309050000373,81.25
yes,,27.68304385940375,85.34308208308464,49.86
yes,,27.682742050004617,85.34301659999069,56.3
yes,,27.682540399439183,85.342819966595,48.76
yes,,27.68251790000148,85.34292294999707,25.36
yes,,27.682317334757013,85.34315529583972,121.56
yes,,27.68236824558353,85.34267672333613,211.66
yes,,27.682291250020736,85.34261405003393,205.14
yes,,27.68221185000964,85.34277974998054,165.82
yes,,27.68244141558806,85.34246628853072,65.5
yes,,27.682379500004203,85.34242205000216,53.82
yes,,27.682304117129874,85.34237995138004,61.74
yes,,27.681958850014016,85.34299155000875,136.7
yes,,27.681708744667812,85.34320512397625,180.94
yes,,27.68125515000788,85.34262714999916,107.26
yes,,27.681278375764666,85.3424806663587,57.9
yes,,27.681368340441786,85.3424434722929,63.18
yes,,27.681380800011304,85.34256219999999,79.01
yes,,27.681499950003147,85.34247004999958,86.96
yes,,27.681506799997287,85.34226160000021,51.46
yes,,27.681307063439426,85.34211946854899,245.98
yes,,27.682375382097927,85.34213689397885,29.59
yes,,27.681227200000958,85.34314604999983,31.53
yes,,27.681128328452626,85.34333994740652,14.68
yes,,27.6811793444905,85.34344800678478,31.61
yes,,27.68098383816135,85.34321462422749,41.43
yes,,27.681236650008582,85.34416035000282,80.0
yes,,27.681259664559814,85.3442812810577,114.49
yes,,27.681394550001045,85.34446729999608,139.59
yes,,27.681467099987323,85.34410764999404,95.49
yes,,27.682223147330358,85.34363301827436,152.94
yes,,27.682406127380837,85.34392138171958,92.62
yes,,27.682542043610518,85.34379791842015,153.36
yes,,27.682559323134402,85.34406158834024,139.93
yes,,27.68237453105845,85.34427383647427,75.87
yes,,27.68231475000949,85.34424880000444,67.92
yes,,27.682260250012636,85.34422310000754,76.18
yes,,27.682187482590795,85.34421417635781,175.01
yes,,27.68215595001174,85.34395270000194,138.72
yes,,27.682265842991526,85.34398459439062,110.0
yes,,27.682342850006624,85.3438819500046,80.66
yes,,27.682266329998917,85.34385118478605,67.29
yes,,27.682705280627424,85.34358303925569,34.08
yes,,27.686657042034376,85.33827672341762,63.48
yes,,27.682462234901692,85.33638877934474,102.24
yes,,27.682245805685756,85.33629867907393,131.99
yes,,27.681974462068126,85.33670769071712,73.72
yes,,27.681985844963435,85.33686614805997,96.43
yes,,27.681903780899763,85.33688526418352,83.88
yes,,27.681661484299855,85.33690791204597,141.68
yes,,27.681510450009025,85.33710794997738,43.81
yes,,27.68162994657885,85.3372069093136,42.02
yes,,27.681567879993842,85.33661827028016,298.6
yes,,27.68146855792652,85.33687498093289,120.43
yes,,27.68138626558009,85.3366628653777,67.64
yes,,27.681480319244322,85.33628634951779,127.24
yes,,27.687469285985177,85.3363400519505,101.74
yes,,27.681136289011004,85.33845299297109,44.59
yes,,27.681356666033196,85.33866509748042,56.9
yes,,27.681499303811954,85.33888126009279,59.26
yes,,27.681690632692543,85.33859889899495,33.42
yes,,27.681976021349545,85.33866586558544,97.8
yes,,27.681883822210157,85.33847388640037,54.01
yes,,27.681736152231736,85.33826072100705,211.56
yes,,27.681547357220357,85.33819273678627,105.28
yes,,27.681626792920397,85.33807476151335,78.71
retail,,27.68295220030939,85.33872190022097,136.72
yes,,27.683201067032833,85.33839142607754,119.42
yes,,27.68329609994536,85.33899822290562,90.54
yes,,27.683143977400327,85.33774179691035,114.38
yes,,27.68341863875552,85.33782175220891,75.79
yes,,27.683040850002776,85.33722639999988,43.66
yes,,27.68241786612562,85.33765684985185,87.58
yes,,27.6822389756197,85.33696509328603,90.44
yes,,27.682361817639073,85.33688450235854,91.37
yes,,27.682733200002833,85.33710114999283,90.53
yes,,27.682648186878655,85.33704823177256,86.43
yes,,27.68272670000262,85.33685364999423,89.84
yes,,27.683416378516444,85.3365874886005,90.83
yes,,27.683162344360777,85.33627997964474,200.81
yes,,27.681291634154345,85.33841683671348,100.1
yes,,27.682132400479592,85.3386927168603,17.76
yes,,27.69588394519917,85.34488552282468,79.32
yes,,27.69574551962152,85.34471114839414,72.46
yes,,27.696093150007467,85.34553404999932,137.66
yes,,27.695775566199426,85.34617353748834,58.75
yes,,27.696096321526984,85.34629406605922,142.95
yes,,27.69576392727831,85.34666613109127,88.18
yes,,27.69635147255258,85.3461669915637,123.64
yes,,27.696373974215554,85.3463218918625,160.94
yes,,27.69632080000591,85.34649045000027,76.97
yes,,27.696334874992363,85.3466871522506,81.08
yes,,27.696420546288095,85.34670686228095,136.3
yes,,27.696248850007848,85.34598919999978,93.97
yes,,27.69625934376145,85.34577797680103,164.02
yes,,27.69632793942917,85.34587122655671,48.45
yes,,27.696549148465706,85.34685510186107,37.94
yes,,27.678665238963966,85.33639783032041,58.38
yes,,27.678685385969157,85.33647740459291,83.79
yes,,27.671978985194865,85.34276735266742,777.48
yes,,27.671919401844384,85.34250224491429,289.21
yes,,27.67195761671129,85.34306600805641,13.88
yes,,27.67202560336303,85.34316995178902,225.68
yes,,27.67307556940405,85.34409886787115,116.33
yes,,27.67339140000347,85.34431215000245,31.6
yes,,27.672946700002143,85.34442895000232,26.61
yes,,27.672687950001297,85.34434170000283,15.8
yes,,27.67228406668605,85.3423463500621,171.38
yes,,27.67238858602532,85.34228705814141,9.18
yes,,27.672085100001386,85.34224114996884,226.98
yes,,27.67240105000277,85.34208099998496,28.99
yes,,27.695687872444115,85.34395116177438,53.43
yes,,27.694372598456287,85.34388436807622,195.11
yes,,27.694318572036394,85.34419659520039,197.02
yes,,27.69396019466716,85.34429177286313,95.8
yes,,27.69343604775366,85.34417227903498,135.49
yes,,27.69367870001212,85.34285690000165,152.33
yes,,27.694680035831528,85.34214051657854,282.64
yes,,27.694468570000854,85.34294726442867,123.51
yes,,27.69437628900775,85.34265525072246,187.4
yes,,27.693981933887123,85.34230242077223,12.94
yes,,27.694207752586905,85.34231815642335,160.34
yes,,27.694229795778003,85.34216412163217,227.94
yes,,27.69454449847833,85.34212836821256,186.64
yes,,27.696223800007832,85.3533047999999,92.44
yes,,27.696289575429688,85.35333413269304,45.7
yes,,27.696349543237226,85.3533293253288,42.35
yes,,27.696410995120775,85.35333272404144,37.19
yes,,27.69412074006301,85.34331402147322,154.88
yes,,27.693318050003914,85.34274694999962,66.9
yes,,27.693641100007113,85.34212974999973,114.71
yes,,27.695067033528066,85.34247638836872,36.79
yes,,27.694653426743088,85.34429820933893,110.73
yes,,27.69527169548887,85.34295368945983,181.57
yes,,27.694435201489267,85.34329924634363,96.84
yes,,27.69438829058137,85.34314339680171,112.79
yes,,27.693250761688407,85.34360288823247,965.05
yes,,27.69383169914268,85.34424940677687,112.73
yes,,27.693412249330514,85.34436963491707,64.15
yes,,27.69329978493371,85.34440263708002,34.57
yes,,27.693298224724327,85.34434914279039,47.91
yes,,27.6948041500146,85.34249905000183,154.4
yes,,27.694333950017253,85.343605700003,156.11
yes,,27.694423386226145,85.34374192656205,122.92
yes,,27.694127800016066,85.34378400000124,215.5
yes,,27.69387039643224,85.34397837113774,45.07
yes,,27.69413485762177,85.34411335613684,85.08
yes,,27.694120021456225,85.34428199002534,112.47
yes,,27.69404977112948,85.34426626583499,98.72
yes,,27.69408388770215,85.34404606882752,93.8
yes,,27.694724735156566,85.34392801754353,163.08
yes,,27.695924286959674,85.35361196252053,63.09
yes,,27.696059153644317,85.3536644306574,62.13
yes,,27.696196800594127,85.35431883274151,25.0
yes,,27.696127968171442,85.35437275860188,10.68
yes,,27.69611530000126,85.35447529999986,13.01
yes,,27.696152631299086,85.35441563675468,31.2
yes,,27.695715298392095,85.35382886839216,19.59
yes,,27.695791645091315,85.35383056959913,124.12
yes,,27.69637390789178,85.35341817537469,37.75
yes,,27.696461599999626,85.35335920000003,18.12
yes,,27.696382039385874,85.35383454518578,129.42
yes,,27.69593728663492,85.35400090304105,16.47
yes,,27.695824106488065,85.354042279447,28.11
yes,,27.695754650001472,85.35403464999906,41.05
yes,,27.695933529400552,85.35420804241916,145.56
yes,,27.696166200002455,85.3540007499998,38.56
yes,,27.6962075000017,85.35403550000228,20.59
yes,,27.69603148216441,85.35394988393,49.47
yes,,27.696066067863153,85.35385960639154,31.37
yes,,27.696086300657182,85.35395771598222,65.95
yes,,27.695934867153515,85.35311140327529,34.95
yes,,27.695962602300316,85.35314951506699,14.59
yes,,27.695993086907645,85.35317182989128,29.2
yes,,27.69606884999793,85.35317245000014,63.39
yes,,27.696156918020616,85.35317468579866,43.99
yes,,27.696200726503406,85.35318793158036,23.57
yes,,27.695734552655736,85.35314239849049,33.5
yes,,27.696126250013975,85.3528871000091,78.75
yes,,27.69626995000063,85.35305284999981,27.23
yes,,27.696278176425093,85.35299088996497,27.28
yes,,27.696277250000136,85.35293119999983,20.57
yes,,27.69633809209861,85.35295582436508,13.15
yes,,27.696373872668854,85.35292200054089,74.32
yes,,27.6964378000064,85.35298300000117,32.89
yes,,27.696369559158303,85.3531644748266,54.01
yes,,27.696550046812643,85.35286726893594,45.16
yes,,27.69653130000333,85.35298770000091,17.93
yes,,27.69656682456912,85.35302104511747,24.47
yes,,27.691765745224455,85.35265976539857,17.99
yes,,27.6917287340727,85.35151048490864,28.03
yes,,27.69165605000079,85.3516328000002,11.65
yes,,27.691684421567725,85.35154029062129,48.84
yes,,27.691580423262106,85.3515921097994,37.34
yes,,27.691531419683596,85.35168386478855,55.37
yes,,27.6932716655138,85.35261483251041,20.71
yes,,27.692446918083842,85.35211730250414,18.79
yes,,27.692551569896608,85.35214495485543,13.05
yes,,27.69256975938105,85.35210353258482,16.48
yes,,27.69282005000158,85.35205274999964,24.88
residential,,27.692742933632147,85.35005950474489,57.14
yes,,27.692544154545008,85.35089843696262,56.06
yes,,27.692613389361604,85.35087995402704,84.6
yes,,27.69288965000246,85.35080275000315,29.66
yes,,27.6931264345736,85.35053151945995,80.94
yes,,27.69309873311977,85.35066592455459,94.4
yes,,27.693151763230947,85.35124977428404,64.53
yes,,27.693232079397603,85.35121747936725,67.4
yes,,27.69319335000327,85.35154990000261,38.87
yes,,27.69313990000934,85.35153570001569,49.89
yes,,27.693100700009932,85.35150475001335,69.07
yes,,27.693053966801507,85.35144873074506,102.01
yes,,27.69148008695702,85.35094660687555,155.13
yes,,27.691890760986617,85.35117087921259,60.2
yes,Raj Sekuwa Corner,27.691916913137064,85.35107098958545,55.99
yes,,27.690882856669543,85.35211991239207,29.53
yes,,27.690942452042883,85.35218511135943,43.65
yes,,27.691159381555128,85.35218825079063,50.9
yes,,27.691138400009713,85.35200809999911,48.57
yes,,27.691050814970925,85.35196382904074,72.83
yes,,27.691074205578676,85.35205156682495,49.79
yes,,27.69135298404735,85.35222579284944,61.62
yes,,27.69131345342898,85.35210434542407,95.99
yes,,27.691373784325243,85.35192342445876,66.7
yes,,27.69138853446789,85.35184268196019,73.09
yes,,27.690828702078292,85.35164877307146,48.21
yes,,27.690854185956994,85.35151102228856,71.42
yes,,27.690909324822794,85.35153407744899,33.78
yes,,27.690952593261226,85.35138710293072,34.27
yes,,27.69102875000041,85.35139000000018,54.87
yes,,27.691101223584358,85.35148889208077,86.74
yes,,27.69114767735716,85.35142429164816,19.97
yes,,27.69116375571155,85.35150032096371,77.16
yes,,27.691375710331766,85.35158892836664,80.36
yes,,27.691165929555478,85.3516950842063,42.08
yes,,27.6912466260942,85.35171303583444,52.58
yes,,27.68996639994137,85.35189256397031,45.19
yes,,27.690023577120023,85.35187279368573,31.83
yes,,27.690600691359013,85.35209771960751,75.82
yes,,27.69074027858926,85.351653466434,77.23
yes,,27.690747478595256,85.35172430874051,76.29
yes,,27.690630501359603,85.35173698993842,123.22
yes,,27.690559308485618,85.35188750414201,144.94
yes,,27.690544988131148,85.35177416157606,79.52
yes,,27.690641130422016,85.35183727034406,67.44
yes,,27.690621802933205,85.35164859722289,46.72
yes,,27.690386157543905,85.35156781621117,131.04
yes,,27.690454871498893,85.35180746363504,125.09
yes,,27.69047045156482,85.351922572218,118.18
yes,,27.69044859283459,85.35199131100549,107.09
yes,,27.690250974675024,85.35185734721468,54.08
yes,,27.69031873222614,85.35185981784412,125.52
yes,,27.689705626115458,85.35009348518942,37.17
yes,,27.69082004041441,85.35052331097737,149.73
yes,,27.690604582626833,85.35028111479201,74.68
yes,,27.690703909389132,85.35053082565096,34.66
yes,,27.69065507169011,85.3504128767297,54.19
yes,,27.690675844703613,85.35034123095735,70.15
yes,,27.6907048398479,85.35027234355223,94.42
yes,,27.690784632936595,85.35088936196328,48.2
yes,,27.690874654824743,85.3509000963493,84.69
yes,,27.690767600007817,85.35105354999698,40.23
yes,,27.690397424640626,85.3506510372255,106.17
yes,,27.690531215846963,85.3504885125507,40.07
yes,,27.690745399218052,85.3389335867043,329.37
yes,,27.69082575602061,85.3376862272017,105.49
yes,,27.690777128981722,85.33842664175542,91.48
yes,,27.675769299999104,85.34002925000004,74.44
yes,,27.67521330000136,85.34031369998775,85.45
yes,,27.674854415877878,85.34097410303478,107.65
yes,,27.674945000004982,85.34078314999086,104.84
yes,,27.674999100002154,85.34069929999205,49.12
yes,,27.673872495722815,85.34117421654433,33.3
yes,,27.674107597441274,85.34139174065346,56.59
yes,,27.674928482492618,85.34038759751861,56.25
yes,,27.67686061674848,85.33890670215766,34.03
yes,,27.676747743235946,85.3384540338638,71.54
yes,,27.67668475000291,85.33839480000431,60.98
yes,,27.676606300006647,85.33812799999353,74.28
yes,,27.676289948466554,85.33805055056898,276.9
yes,,27.676123371692693,85.3388247370812,87.17
yes,,27.67581901018694,85.33884457432963,71.19
yes,,27.676083449999535,85.3394181999956,45.74
yes,,27.67589225000028,85.33965269999685,20.65
yes,,27.67595580323474,85.33965343243953,13.61
yes,,27.67857099627635,85.33633222932642,71.84
yes,,27.67752930424502,85.33631871410999,58.15
yes,,27.678603600008458,85.33613724999307,62.14
yes,,27.67813551791033,85.33625254504327,242.85
yes,,27.67870000756352,85.3361434694971,54.44
yes,,27.677657426305892,85.33623314248987,49.33
yes,,27.693795340252574,85.34049020084389,73.13
yes,,27.693824737590457,85.34125582357795,145.58
yes,,27.693668899380413,85.3413726531732,88.3
yes,,27.694310446899475,85.34160850108596,108.07
yes,,27.693980417139493,85.34127701535127,81.56
yes,,27.69440320649218,85.34130182102182,54.64
yes,,27.694293832878465,85.3412328575096,120.71
yes,,27.69428017100722,85.34111718313407,38.31
yes,,27.694522984756638,85.34172082142824,208.78
yes,,27.677857984101088,85.33996238269262,83.27
yes,,27.676397250001315,85.33916879999079,105.41
yes,,27.67629401485855,85.3395115743622,84.73
yes,,27.677347915902022,85.33892823337274,22.12
yes,,27.67727287067432,85.3389708658652,65.88
yes,,27.677778096881518,85.33893322182895,39.09
yes,,27.67749895180797,85.33867671416749,199.56
yes,,27.677395300005458,85.33762739999926,88.47
yes,,27.677940827071776,85.33666088187036,51.3
yes,,27.67836369999842,85.33700300000133,43.84
yes,,27.678303679973805,85.33681495727433,94.51
yes,,27.67813991851576,85.33704175581627,74.2
yes,,27.678198700010135,85.3371724499909,55.27
yes,,27.67826349034283,85.33710513002553,50.99
yes,,27.6784586500075,85.33718060000312,58.1
yes,,27.67857087928034,85.33736728432643,40.8
yes,,27.6785597727755,85.3374617654432,24.57
yes,,27.678424626339588,85.33746383871797,114.81
yes,,27.67841455233553,85.33757055982917,96.03
yes,,27.67779660041468,85.33835345946328,38.75
yes,,27.677601300005104,85.33817955000228,44.95
yes,,27.67763220000583,85.33831760000251,53.67
yes,,27.676413100001174,85.33897244999254,46.36
yes,,27.67637885000166,85.33902419999666,43.19
yes,,27.677193198468583,85.33822303316191,47.84
yes,,27.67698987036032,85.33839873594295,96.31
yes,,27.676891348369992,85.33832555270173,98.78
yes,,27.6771080830869,85.33735319791276,73.64
yes,,27.67747778615581,85.33789790327634,22.09
yes,,27.677469773406255,85.33795231347636,29.14
yes,,27.67737632702133,85.3379540266116,100.07
yes,,27.677439894268222,85.33801472010514,57.38
yes,,27.677308750003778,85.3381156499978,89.48
yes,,27.677452200001436,85.33812029999768,51.44
yes,,27.677792841804195,85.33805174064703,81.26
yes,,27.67773090001131,85.33805705000596,47.78
yes,,27.67809972748288,85.3374443361218,29.97
yes,,27.67802041580822,85.33723937490758,66.18
yes,,27.678061811983593,85.33733925683198,36.2
yes,,27.677981777151764,85.33730544686297,16.63
yes,,27.677944389420254,85.33741271976044,40.45
yes,,27.67785820000282,85.33743940000198,27.15
yes,,27.677928200004057,85.3372121499972,63.47
yes,,27.67805840234436,85.33643423474415,63.91
yes,,27.677787500004953,85.3365227999942,69.73
yes,,27.677817316670666,85.33663674995306,71.7
yes,,27.677777645894942,85.33685598500021,32.38
yes,,27.67783835000157,85.33688079999376,24.32
yes,,27.67769590000132,85.33705419999121,43.15
yes,,27.677665750001484,85.33709104998884,46.01
yes,,27.677634743073657,85.33714036604074,65.86
yes,,27.677600200002487,85.33720589998919,79.93
yes,,27.677559401259945,85.33747616600893,71.52
yes,,27.677602800440706,85.33753183310314,56.9
yes,,27.677508833313684,85.33745254634825,22.44
yes,,27.67754610155055,85.33740576595204,18.28
yes,,27.677522881951035,85.33737062606644,17.51
yes,,27.677477100007426,85.33735240000975,50.96
yes,,27.677693245496975,85.33763151741667,33.83
yes,,27.67775210000474,85.33765615000382,48.09
yes,,27.67781645000984,85.33771010000203,131.92
yes,,27.677580450000043,85.33776029999306,81.35
yes,,27.67754060028968,85.33673271665478,80.45
yes,,27.67759756654049,85.33680060137779,58.28
yes,,27.677644700004965,85.33687725000081,75.51
yes,,27.67742375000104,85.3372172999901,45.14
yes,,27.67738960000344,85.33727869999484,65.79
yes,,27.677216716141917,85.33678653768679,1010.51
yes,,27.67700331605806,85.337025854908,105.69
yes,,27.677166292297773,85.3387067349332,102.11
yes,,27.676918362554176,85.33879112624258,67.55
yes,,27.691137017616768,85.34246069007136,147.43
yes,,27.691164900903573,85.34233771770484,181.34
yes,,27.691212068343415,85.34224720976937,111.64
yes,,27.691024306538473,85.34222310459242,38.89
yes,,27.690982596442634,85.34232290281055,77.46
yes,,27.690892514511233,85.34232804063913,77.17
yes,,27.690947656756475,85.34221469292866,77.28
yes,,27.691046604473065,85.34215522555662,56.21
yes,,27.69108063161555,85.34208059724571,115.51
yes,,27.69104252994225,85.3418723908359,119.24
yes,,27.6919165210404,85.34198620790039,108.65
yes,,27.678951232528348,85.33594876724304,15.1
yes,,27.678802900001532,85.3359776500014,19.32
yes,,27.67885200000287,85.33603174999048,51.34
yes,,27.678898749969473,85.33567705928284,54.54
yes,,27.693125725776625,85.34268387013796,95.29
yes,,27.693207945138454,85.34284016994253,127.62
yes,,27.693121825569463,85.34294171643832,133.5
yes,,27.693061707399615,85.3432602366253,88.65
yes,,27.693142850764197,85.34329273461678,101.0
yes,,27.693111756287873,85.3433931881982,103.0
yes,,27.693015886355305,85.34338966529404,176.77
yes,,27.693068830651008,85.34346390796016,48.29
yes,,27.6928959000064,85.34180599999964,105.13
yes,,27.69187133179026,85.34265875586992,144.25
yes,,27.692029581549026,85.34316664728686,54.38
yes,,27.692151067650894,85.3432329500753,111.73
yes,,27.69271718213571,85.34382425672206,107.55
yes,,27.692595068817628,85.34379289868725,150.54
yes,,27.692545706307047,85.34388525379573,86.53
yes,,27.69252331872168,85.34398890681135,126.26
yes,,27.692282401903046,85.34374180601525,81.61
yes,,27.69223175057915,85.34352712909097,138.23
yes,,27.69231463782765,85.34355745258593,73.94
yes,,27.69091120845256,85.34436748369178,94.48
yes,,27.691631607736976,85.34281220877833,111.86
yes,,27.693040636727147,85.34402364236584,58.48
yes,,27.69272524135954,85.34398602153057,118.97
yes,,27.692738537928427,85.34411872486058,120.22
yes,,27.693252235767975,85.34202332427078,73.39
yes,,27.69156639135372,85.33992987537998,63.74
yes,,27.691651938519897,85.33995967521192,114.96
yes,,27.69106331849818,85.33989687450558,187.34
yes,,27.692500124245296,85.33932924492133,105.17
yes,,27.693023326897265,85.3402555223072,131.57
yes,,27.69277585614746,85.34141442299426,77.82
yes,,27.691886825708576,85.34168975485213,157.61
yes,,27.691596247370022,85.34133471846606,43.07
yes,,27.691738950014027,85.34073605000087,140.56
yes,,27.69131173468822,85.34044857066404,80.22
yes,,27.691769139703748,85.33954015524857,82.42
yes,,27.69187536154437,85.33976455358027,115.49
yes,,27.69212522351656,85.33932150797158,146.1
yes,,27.692254979198463,85.33928307092393,78.62
yes,,27.691430521796775,85.34014311756654,116.6
yes,,27.691316801708627,85.34034706132128,64.03
yes,,27.690859305067153,85.33740856286478,46.71
yes,,27.686667099990526,85.34012039998142,90.09
yes,,27.686828000911344,85.34047254860799,148.36
yes,,27.68698540219191,85.34000552275687,150.0
yes,,27.686897850030423,85.34004100001398,99.5
yes,,27.68681515100675,85.34001816461189,206.55
yes,,27.686931999998837,85.34019829999613,51.95
yes,,27.686050789034848,85.33991967040306,61.66
yes,,27.686531218259773,85.33979699845814,913.0
yes,,27.68899541711398,85.3405554184767,22.42
yes,,27.689052694628632,85.34050620532307,61.82
yes,,27.689091264709685,85.34040939461106,68.07
yes,,27.68911300009031,85.34018225002848,210.01
yes,,27.685737525485667,85.34054723892086,16.79
yes,,27.68517663317309,85.34003253850703,190.41
yes,,27.683703450001993,85.34156735000057,19.08
yes,,27.690449609351248,85.34443404749895,115.96
yes,,27.69077762853743,85.34216672131298,104.6
yes,,27.688861574211373,85.34282371360175,51.22
yes,,27.688925374121013,85.3428219124065,67.41
yes,,27.688895700000046,85.3427214499994,100.69
yes,,27.687569650005663,85.33616350001293,63.71
yes,,27.682996262705572,85.33481430403225,7.15
yes,,27.68208656134753,85.33539342425033,93.5
yes,,27.68197589439051,85.33551108246101,80.2
yes,,27.682074001276433,85.33562536672483,116.3
yes,,27.68202965877168,85.33570611497146,97.2
yes,,27.682547838949894,85.33489299136393,50.77
yes,,27.682741124977007,85.33485264342355,61.49
yes,,27.68267277052274,85.33554811753874,50.39
yes,,27.68266280492185,85.33570940223785,56.34
yes,,27.682619104724765,85.3356644514185,56.83
yes,,27.682568601752834,85.33563183343699,58.02
yes,,27.68255431834049,85.33610127756472,96.83
yes,,27.682342253477373,85.33589857503011,67.36
yes,,27.683164200593655,85.33584995151178,80.27
yes,,27.683422186423638,85.33568808341583,87.45
yes,,27.68320263612962,85.33562197180262,209.97
yes,,27.683092549995965,85.33541890000029,116.79
yes,,27.68307811745519,85.33530014345924,129.28
yes,,27.68300439609963,85.33530034751213,93.08
yes,,27.683079025066096,85.33563275984717,99.71
yes,,27.682773447769854,85.33581270141352,91.1
yes,,27.682872104867656,85.33573694658213,59.07
yes,,27.682753593912764,85.33551369578402,95.23
yes,,27.68285530811992,85.3355182254052,112.6
yes,,27.6828537141006,85.3356191455392,108.54
yes,,27.683237395773148,85.33504332818197,101.49
yes,,27.683129133892155,85.33497444708208,56.27
yes,,27.682390292286193,85.33512945656587,91.89
yes,,27.682369436046457,85.33500704878861,128.44
yes,,27.682301557143948,85.33503535677835,63.91
yes,,27.68248548457455,85.3352167532347,105.36
yes,,27.6825942667992,85.33532369524781,112.29
yes,,27.682541266391567,85.33545605498406,85.77
yes,,27.68247459654398,85.3354991595301,62.19
yes,,27.682290569626414,85.33547191348069,119.88
yes,,27.682269015428492,85.33528830879804,101.19
yes,,27.68221266737135,85.3351744089858,164.05
yes,,27.682309493979133,85.33519812793186,75.5
house,,27.675523124798733,85.34023915757419,105.56
house,,27.675542575189077,85.34034439296809,83.72
house,,27.676306942562633,85.34063902228733,107.31
house,,27.676248686697452,85.34075107117303,145.3
house,,27.676177100001556,85.3405925499986,98.42
house,,27.67675642537747,85.34054053302181,73.81
house,,27.676659849998924,85.34021749999661,82.25
house,,27.676628613423798,85.3404127302089,72.59
house,,27.676737000005176,85.3401313500009,65.81
house,,27.67680402725969,85.33988783976112,55.53
house,,27.6766817000094,85.33989380000072,126.45
house,,27.67657897050615,85.33986156218208,61.06
house,,27.676594703391377,85.33972618044038,79.12
house,,27.6766620954782,85.33963250375007,94.68
house,,27.676533345495805,85.33952627141775,104.27
house,,27.67668873036342,85.33949733538147,103.44
house,,27.676890207252935,85.33954512749085,90.86
house,,27.67679501860809,85.33950956707717,86.16
house,,27.676767633977082,85.33935491225779,94.06
house,,27.67666793380918,85.33935835743075,61.38
house,,27.676681350012142,85.33921960000318,149.17
house,,27.676799730999512,85.33925271115453,113.96
house,,27.676550149843937,85.33997928998318,101.22
house,,27.67601417935431,85.33986474838738,135.28
house,,27.676073893967427,85.34015004273068,60.45
house,,27.676055133927775,85.34021845108893,43.98
barn,,27.6760678160125,85.3403213269391,25.74
house,,27.676002490467194,85.34010935316823,142.98
house,,27.67565017415816,85.33935616598126,185.87
house,,27.67558312634893,85.33945456428764,93.88
house,,27.675543096476517,85.33958541825179,80.05
house,,27.67548359472423,85.33968516862295,116.06
house,,27.675570450005267,85.34008989999948,106.29
house,,27.675450700005634,85.34006389999944,83.8
house,,27.67538435000701,85.34005100000034,46.95
house,,27.677876309779013,85.34638293011234,131.53
yes,,27.674436793085444,85.35836577544876,925.7
yes,,27.673595239276157,85.35598837141809,117.42
yes,Generater House,27.68579508028521,85.34036439277605,46.81
house,,27.67960063838005,85.36447239136292,60.68
yes,,27.67944868814759,85.36453026128831,73.45
yes,Big Mart,27.6789545665736,85.36380707788368,255.13
yes,,27.687975920515242,85.33831381361092,109.38
yes,,27.688345593407195,85.33834022151817,47.9
yes,,27.688182362600717,85.33837802795404,41.2
yes,GoN-Investment Board Nepal,27.688659127429908,85.33841272275205,187.22
yes,,27.69063664979663,85.33721022407681,4.7
yes,,27.690349221735357,85.33802341899253,148.95
yes,,27.68200935002849,85.36378065002367,202.63
yes,,27.6817915676769,85.36375136207286,161.89
yes,,27.672954150000123,85.34623419999616,52.67
yes,,27.67292085001574,85.34609510000516,163.8
yes,,27.67309922007215,85.3458916089263,59.89
yes,,27.67215560120286,85.34698669669503,58.93
yes,,27.672353783467972,85.34696394584194,82.89
yes,,27.672618363795372,85.34734444268625,111.51
yes,,27.672691691247998,85.3473110145602,93.9
yes,,27.672499900003583,85.34709389999098,84.06
yes,,27.672601224934752,85.34691097217922,63.26
yes,,27.672637347626864,85.3468408284522,55.85
yes,,27.672672554092273,85.34677135282925,73.64
yes,,27.687568899999004,85.335685699996,90.97
yes,,27.687430106496482,85.33570185034112,105.18
yes,,27.687142399990435,85.33563015000244,92.09
yes,,27.687271660409053,85.33561802442722,105.42
yes,,27.687398113990035,85.33553837400062,37.36
yes,,27.68748095922963,85.33556232177524,40.95
yes,,27.68769441988545,85.335888069722,179.75
yes,,27.687698950002932,85.33577234999814,130.23
yes,,27.687764103285623,85.33614327872924,18.77
yes,,27.687825594123623,85.33599457354072,71.84
yes,,27.687902960392766,85.33596442651657,41.93
yes,,27.687849887188122,85.33613632736515,165.24
yes,,27.687818729630962,85.33625888317941,135.73
yes,,27.68770337188496,85.33637106909725,262.71
yes,,27.687274349994393,85.33585289999783,98.36
yes,,27.687190208004207,85.33607410608568,147.04
yes,,27.687235100001775,85.33617319999986,43.85
yes,,27.687140424613787,85.33619135966795,92.76
yes,,27.6870590932447,85.33606302381615,76.16
yes,,27.687031205193193,85.33617546364135,88.85
yes,,27.686945677734283,85.33614694167369,65.76
yes,,27.686958422108564,85.3360451076603,84.89
yes,,27.687060381260217,85.33547732568616,317.15
yes,,27.686875250009116,85.33547755000002,124.02
yes,,27.686887189943597,85.33537638876444,73.98
yes,,27.687091540794516,85.33588275824786,65.93
yes,,27.687078598838013,85.33574338742973,92.94
yes,,27.686954553281875,85.33570488019139,125.43
yes,,27.686845708005997,85.33569208351811,118.29
yes,,27.686806298380304,85.3358127355543,61.87
yes,,27.686760787921138,85.33598778927113,81.31
yes,,27.68680367055543,85.33610236847126,86.44
yes,,27.68672880000967,85.33609090000104,75.44
yes,,27.68671375000761,85.33621710000077,93.1
yes,,27.6862006000004,85.33589309999994,3.46
yes,,27.686212450087215,85.33595361668263,46.63
yes,,27.686541450008395,85.33546555000193,58.9
yes,,27.68663444999566,85.33548664999626,102.19
yes,,27.68673437879225,85.33550961601092,74.97
yes,,27.686706950003664,85.33561439999959,68.27
yes,,27.686609819856265,85.3356335616618,111.65
yes,,27.686502728924314,85.33567205620226,147.4
yes,,27.686423300004368,85.33581284999934,90.24
yes,,27.686461968000927,85.33596056341885,104.54
yes,,27.686518305815664,85.33583017720419,69.98
yes,,27.686622103941634,85.33574835343981,95.67
yes,,27.686612399997376,85.33594149999571,95.75
yes,,27.686567977368732,85.33606850973604,111.74
yes,,27.686579199997254,85.3361709999983,72.7
yes,,27.68629895200882,85.335987729951,42.06
yes,,27.686261300018266,85.33585434999965,81.7
yes,,27.68604300553166,85.33589797119902,15.66
yes,,27.686141503771243,85.33582585848715,144.58
yes,,27.68608254154541,85.33553526910895,16.72
yes,,27.68669118680242,85.33535235914901,103.06
yes,,27.686614944821397,85.33533472373365,108.65
yes,,27.686537346105098,85.3353178231225,94.89
yes,,27.68646383064095,85.33530601061224,90.09
yes,,27.68645407822342,85.33543764112945,80.76
yes,,27.686289450007276,85.33528689999969,44.85
yes,,27.686340197102396,85.33527017335629,65.7
yes,,27.686397685557115,85.3353221505008,77.73
yes,,27.686386850007402,85.33544885000043,56.12
yes,,27.68630669578823,85.33542737348417,160.99
yes,,27.686157950007164,85.3352901499994,60.14
yes,,27.686101482932607,85.33527474084127,45.39
yes,,27.686087552468162,85.33547147991757,48.21
yes,,27.686110749998658,85.33538470000009,68.1
yes,,27.68615869999843,85.33576760000022,26.75
yes,,27.686099761385755,85.33567204693637,131.99
yes,,27.68610115000407,85.33603659999953,73.15
yes,,27.686065850006283,85.33614995000062,89.98
yes,,27.67324924999777,85.34539299997549,104.62
yes,,27.673738331677352,85.34559379778692,30.57
yes,,27.676800200001324,85.35542119999987,24.23
yes,,27.677218546466566,85.35487614083847,377.99
yes,,27.676766794692238,85.35430846980674,125.02
yes,,27.67685417355444,85.35396008904065,93.51
yes,,27.677000550001992,85.35377679999675,63.31
yes,,27.67719939599067,85.35409831815811,248.81
yes,,27.6764224939417,85.35353816811043,74.56
yes,,27.67667127076474,85.35342881702317,18.29
yes,,27.676728191544004,85.35331761946436,68.98
yes,,27.67661854586076,85.35334282745444,349.99
yes,,27.6765281438643,85.35360874149333,152.25
yes,,27.67660635118003,85.35360228223591,22.81
yes,,27.676677300001057,85.35361219999403,78.73
yes,,27.676701228627618,85.35351513391696,159.48
yes,,27.676068235189312,85.3549956018032,94.81
yes,,27.67558658108545,85.35512369809005,250.95
yes,,27.67556386019399,85.35521911688706,182.27
yes,,27.675726549995844,85.35525909999198,72.35
yes,,27.675750550001798,85.35518299999691,80.17
yes,,27.67584720270338,85.35538859622463,85.96
yes,,27.675694250001,85.35532129999748,50.44
yes,,27.675779250042016,85.35479779999697,707.54
yes,,27.676066504622778,85.35478038035063,95.75
yes,,27.67624295000236,85.35528474999946,48.49
yes,,27.675633204926317,85.35298142176639,116.47
yes,,27.675859909135664,85.35396488340757,599.99
yes,,27.675973624093675,85.3537672571712,34.84
yes,,27.676022576341982,85.35394822527944,134.23
yes,,27.67627907465246,85.35298973286272,90.26
yes,,27.67661623834595,85.35297091388657,129.61
yes,,27.67687895000835,85.35317580000587,94.84
yes,,27.67697555001277,85.35308280001006,139.08
yes,,27.677164949846706,85.35317771496992,138.1
yes,,27.677138584516893,85.3532772309631,34.05
yes,,27.67744161270368,85.35285407383147,272.8
yes,,27.67767091683665,85.35292353094115,52.46
yes,,27.67840168317218,85.3529207968406,148.58
yes,,27.67856280000802,85.35300495000614,64.39
yes,,27.678613200006424,85.3528867000076,67.13
yes,,27.678240351624297,85.35479223387262,754.7
yes,,27.677806431058602,85.35416835240845,89.12
yes,,27.677760281476775,85.35460324187419,16.64
yes,,27.677824862761376,85.35456927731201,80.17
yes,,27.677920100005444,85.35436694999485,134.31
yes,,27.678117000005432,85.35430434999857,99.03
yes,,27.678552279429052,85.3539878376935,68.13
yes,,27.678556393143552,85.35382022086583,86.18
yes,,27.678279493221357,85.35401682054,289.92
yes,,27.67831512405928,85.35372995521763,176.11
yes,,27.678229844564548,85.35368898747453,232.06
yes,,27.678031778986607,85.3540378909323,97.29
yes,,27.677934600029342,85.35395685001993,104.94
yes,,27.677921631864816,85.3537478982669,56.69
yes,,27.6779368624618,85.35368788132124,52.49
yes,,27.677976668889833,85.35362540229394,45.38
yes,,27.677935600009928,85.35351550000408,96.78
yes,,27.67798120997995,85.35344688855697,36.58
yes,,27.677837437296787,85.35337746789617,25.49
yes,,27.675127250663106,85.3579686039059,42.48
yes,,27.675154632656398,85.35770098433602,28.21
yes,,27.67530014804337,85.35722801559756,89.53
yes,,27.67669701076539,85.35582518464194,102.7
yes,,27.676823840515734,85.3557759044258,165.98
yes,,27.67690340184072,85.35572860860661,39.47
yes,,27.676958792845383,85.35573043107478,69.83
yes,,27.677071759192604,85.35570278254869,111.93
yes,,27.677253016978863,85.3557547008954,105.2
yes,,27.677573789212158,85.35597263237077,32.69
yes,,27.67760068756793,85.35605089065152,28.53
yes,,27.677634750003058,85.35607670000277,28.14
yes,,27.677637706150527,85.35599958240604,26.12
yes,,27.67767625000776,85.355929500007,70.99
yes,,27.677722991238443,85.35607841228199,114.7
yes,,27.677760300003968,85.35599209998561,155.31
yes,,27.677788749392693,85.35614873380723,29.42
yes,,27.67784984995551,85.35606263338238,91.66
yes,,27.677858199458594,85.35618402327438,83.17
yes,,27.677925817840165,85.35622135921231,40.87
yes,,27.67797660000257,85.35625530000023,38.05
yes,,27.678034583618153,85.35627957477695,63.89
yes,,27.67806822299192,85.35621498488285,26.56
yes,,27.67813610230744,85.35616807105546,46.79
yes,,27.678095794140173,85.35631506774449,38.65
yes,,27.678158500001828,85.35636314999577,56.74
yes,,27.678155467835097,85.35628650677984,22.46
yes,,27.678183400005434,85.35621180000378,51.97
yes,,27.678213893431145,85.35629468901892,67.61
yes,,27.678259316605924,85.35622002818502,32.14
yes,,27.678230800002865,85.35640739999876,53.6
yes,,27.678290631735535,85.35644134236651,33.0
yes,,27.678315050001416,85.35638259999916,27.62
yes,,27.67826074539513,85.35634486794467,33.13
yes,,27.678327709584522,85.35626184218266,122.76
yes,,27.678344326729782,85.35659013989094,97.97
yes,,27.678542450006013,85.35675464999012,114.01
yes,,27.678017300003017,85.35554224999949,14.32
yes,,27.678062026937326,85.3556139892916,27.26
yes,,27.678276694152398,85.3556583756652,22.79
yes,,27.67753373284148,85.3556977486542,56.18
yes,,27.67760657041556,85.355739287248,46.03
yes,,27.67767461736912,85.35561940221137,48.86
yes,,27.677609598623466,85.35558366720126,67.37
yes,,27.677440450005214,85.35557675000547,52.12
yes,,27.677480366902643,85.35563215415542,41.26
yes,,27.677358800002743,85.35555204999676,52.17
yes,,27.677404445270287,85.3555151158431,30.62
yes,,27.677670853663948,85.35539509097504,43.99
yes,,27.67771945000398,85.35533325000074,69.88
yes,,27.67802340678795,85.35578828111677,51.37
yes,,27.678118222374657,85.35570095864612,85.62
yes,,27.67831278145652,85.35567646395964,12.77
yes,,27.678115450001506,85.35580929999901,36.44
yes,,27.67815596148962,85.35586068131155,84.25
yes,,27.678213218088953,85.35591415234389,28.13
yes,,27.678235800000902,85.35586264999826,33.78
yes,,27.67820531836481,85.35607991095779,47.71
yes,,27.67825120000321,85.3560111000011,40.86
yes,,27.678305900008063,85.35603425000694,67.19
yes,,27.678373250000618,85.35577839999979,56.82
yes,,27.678467454560376,85.35589447001966,83.76
yes,,27.67850755000317,85.35582974999379,85.52
yes,,27.678591999691186,85.35590848346902,33.37
yes,,27.678331498510765,85.35612616748485,51.82
yes,,27.67836395000044,85.35605564999813,21.83
yes,,27.67841712601831,85.35608756366648,28.91
yes,,27.67838841782753,85.35615071023535,45.22
yes,,27.678453547853774,85.3561365357426,82.73
yes,,27.67849826834986,85.35603980452063,25.45
yes,,27.678530021319084,85.35598529209442,28.77
yes,,27.67858225000465,85.35600420000256,47.47
yes,,27.678579219006824,85.35617608918778,42.74
yes,,27.67855435000094,85.35607464999693,34.11
yes,,27.678494150002734,85.35619635000025,40.45
yes,,27.68539405171386,85.34174693291159,44.9
yes,,27.68544850000221,85.34169034999786,44.34
yes,,27.6854817000021,85.34162764999515,49.9
yes,,27.685659707083065,85.34159090809081,157.43
yes,,27.685511188556195,85.34155202366988,85.69
yes,,27.68575925000683,85.34151589999692,106.54
yes,,27.6858662699579,85.34144077768651,100.12
yes,,27.685806200005832,85.34137980000854,84.36
yes,,27.685728300006126,85.34128985000521,91.26
yes,,27.685968650006206,85.34104460000421,84.77
yes,,27.68589805264998,85.34098833343683,89.12
yes,,27.685751333413936,85.34068170059953,6.81
yes,,27.685673223221126,85.34062466941616,70.62
yes,,27.68558159689596,85.3405820509773,49.8
yes,,27.685523350006132,85.34062794998951,97.28
yes,,27.685615857056106,85.34072290534571,77.76
yes,,27.68570304841367,85.34076406685018,104.25
yes,,27.685590399498505,85.34082134274497,44.89
yes,,27.685525150003524,85.34076514999703,59.48
yes,,27.685405100006456,85.34075279999708,105.64
yes,,27.68547134790426,85.34083376718763,56.39
yes,,27.685530301208324,85.34089203313083,61.15
yes,,27.68559238391109,85.34094834188635,36.61
yes,,27.685661900286856,85.3410057483059,77.76
yes,,27.685669100002933,85.34089039999981,46.16
yes,,27.685740659520665,85.34093108533744,42.95
yes,,27.68577328340281,85.34083619483889,33.59
yes,,27.68601145000361,85.34113085000294,54.35
yes,,27.68592350339231,85.33947008073737,80.12
yes,,27.685909300001182,85.33956534998931,236.37
yes,,27.685941599997022,85.33970459999502,45.52
yes,,27.685841108726166,85.33975042077181,142.07
yes,,27.685634550008945,85.34119024999508,143.09
yes,,27.68563117497016,85.34134986521995,97.71
yes,,27.685554240721796,85.34126883224695,73.35
yes,,27.685541769649497,85.34112491765447,113.62
yes,Sanskar Awash Griha Boys hostel,27.685463153056105,85.34125754678031,92.45
yes,,27.685464550003296,85.34139484999989,51.15
yes,,27.685382752764202,85.34116733348354,60.56
yes,,27.685338350002965,85.34122974999428,64.53
yes,,27.68540772082688,85.34149645332238,109.14
yes,,27.68536296713346,85.34159060092665,85.95
yes,,27.685353188473723,85.3413613849379,70.57
yes,,27.685276922911953,85.34140961550452,81.23
yes,Sanskar Awash Griha Girls hostel,27.68521643145966,85.34150693160552,221.54
yes,,27.685203696996044,85.34134562972524,48.29
yes,,27.685083002721036,85.3417088924271,70.85
yes,,27.68511802780292,85.3416321411871,31.73
yes,,27.685360540739765,85.34066139046158,73.27
yes,,27.68537765000405,85.34093554998196,86.73
yes,,27.685319997010385,85.34098742445629,121.1
yes,,27.685265715152894,85.34083164514422,113.58
yes,,27.68519679578262,85.34091421638651,102.97
yes,,27.685138192032703,85.34101941959057,88.62
yes,,27.685207761338123,85.3411485934192,71.54
yes,,27.685157234760073,85.34119743614829,80.75
yes,,27.685073150007035,85.34111345000186,97.73
yes,,27.68512950001328,85.3413428000133,74.8
yes,,27.685031668425278,85.34139876011267,87.81
yes,,27.684955970826262,85.34130738536422,88.3
yes,,27.68498919999859,85.3416513999973,39.53
yes,,27.68502373512788,85.34158592821454,60.48
yes,,27.684868536446636,85.34153082634191,64.88
yes,,27.684896295983737,85.34166171986679,78.49
yes,,27.685843557098917,85.34004927686888,8.63
yes,,27.685779350003383,85.33999979999689,86.6
yes,,27.685793936432553,85.34011862218479,93.52
yes,,27.685714276118826,85.34008287279902,71.55
yes,,27.685850050028865,85.34021895001352,126.16
yes,,27.685770187709128,85.34024956362781,88.03
yes,,27.685695099998703,85.33995639999615,52.55
yes,,27.68554145002855,85.33998809447071,114.96
yes,,27.685603864811956,85.34001742262667,62.57
yes,,27.685411031993507,85.33983213960876,46.06
yes,,27.685440349414776,85.33994106817957,83.18
yes,,27.685491633349134,85.3398629833235,51.19
yes,,27.685646999999154,85.33977439999353,96.05
yes,,27.685539299999714,85.33974779999677,55.12
yes,,27.685591350051943,85.33946450001051,198.23
yes,,27.685722782288504,85.33950507084536,192.24
yes,,27.685813900004977,85.33917120000085,50.68
yes,,27.68563500000288,85.33910195000014,34.76
yes,,27.685435253901368,85.33921377629908,168.26
yes,,27.68537126306404,85.33974591077269,131.92
yes,,27.685274618106227,85.33968350813666,321.97
yes,,27.685276700003346,85.33986969999769,70.52
yes,,27.68516898904745,85.33980989574911,72.88
yes,,27.685039118059642,85.33978054324272,112.12
yes,,27.68508452741584,85.33967036635963,44.4
yes,,27.685101199999945,85.339620299993,40.51
yes,,27.685102265940714,85.33953406097919,24.89
yes,,27.685217462510554,85.33940380855366,112.36
yes,,27.685328666280622,85.33947814912005,25.06
yes,,27.685342000000833,85.33943229999302,40.77
yes,,27.685402700000793,85.33954614999047,61.06
yes,,27.685431820393536,85.33945192776618,89.29
yes,,27.6853819000067,85.33936454999973,105.2
yes,,27.685289050008812,85.33927015000039,134.14
yes,,27.685268833293822,85.34007079608506,73.82
yes,,27.685230700000137,85.3401354999947,46.05
yes,,27.6851563037136,85.34024004177463,101.41
yes,,27.685142365776745,85.3404215353169,56.44
yes,,27.685315450003653,85.3405871500045,36.76
yes,,27.685261566715603,85.34064530102386,37.57
yes,,27.68522698256875,85.34058667140705,89.64
yes,,27.68516970000212,85.34054740000016,33.06
yes,,27.68507855000265,85.3404855499973,54.48
yes,,27.685045950000784,85.34028594999819,24.99
yes,,27.685017902252902,85.34041068334699,111.45
yes,,27.685020515619087,85.339950568727,164.22
yes,,27.685114400002814,85.33992704999953,48.58
yes,,27.685071335852882,85.34004712701633,88.86
yes,,27.684957850000835,85.34015404997396,175.88
yes,,27.684888050008016,85.34003420000724,58.24
yes,,27.684888100001544,85.34021869998764,68.75
yes,,27.68493291480589,85.34030551314096,51.46
yes,,27.684794800001217,85.34080469999483,16.29
yes,,27.684852105145215,85.34081661334734,30.18
yes,,27.685002450006102,85.34092469999197,111.4
yes,,27.684922616883796,85.34087190539968,50.8
yes,,27.684946014276868,85.34076204895041,78.9
yes,,27.685020567071277,85.34080844886694,83.48
yes,,27.68510071639244,85.34072144892595,139.86
yes,,27.68499308569358,85.3406444217474,155.03
yes,,27.684762596610152,85.34054681619868,87.58
yes,,27.684838500008347,85.34048199996562,196.34
yes,,27.684837402261685,85.34063853362483,97.44
yes,,27.684796280880494,85.34072287041447,108.24
yes,,27.684711602393207,85.34061873357989,78.11
yes,,27.68464155000439,85.3407369499995,68.76
yes,,27.684597490540355,85.34081933965211,89.88
yes,,27.68455312161681,85.34089938264232,88.13
yes,,27.68470000000602,85.34080650000428,92.49
yes,,27.68481565000442,85.3409335999976,73.99
yes,,27.68489235000471,85.34099395000342,56.35
yes,,27.684900423619315,85.3411168182162,88.48
yes,,27.684804979679686,85.34107481244462,70.04
yes,,27.684741032513347,85.34104299036272,39.44
yes,,27.684806652712783,85.34120700254081,113.22
yes,,27.684718791262107,85.34153811866419,20.66
yes,,27.684729268285288,85.3414896019347,32.63
yes,,27.684773899999023,85.3414497999967,29.9
yes,,27.684798369346037,85.3413668553949,76.9
yes,,27.684685448967596,85.34116874943277,98.6
yes,,27.68460335002299,85.34114090002183,163.36
yes,,27.68448712364616,85.34106216522906,260.46
yes,,27.684631156764933,85.34131275391185,99.39
yes,,27.68450737459938,85.34144923931466,77.39
yes,,27.684526803398025,85.3415966103689,151.72
yes,,27.684562150387492,85.3417255830257,159.14
yes,,27.684729450006778,85.34171905000078,79.1
yes,,27.68426419947372,85.3414452911595,106.08
yes,,27.68415758081497,85.3415531131432,147.91
yes,,27.68424948128615,85.3415598364714,57.73
yes,,27.68436250923417,85.34154407468614,93.55
yes,,27.684283994224845,85.34170927451275,63.86
yes,,27.684478105096154,85.34036215128033,100.11
yes,,27.6844041552189,85.34030230620436,82.88
yes,,27.68437509728154,85.34040651758085,64.26
yes,,27.684640054050103,85.34032067901603,196.98
yes,,27.684444318541686,85.34017560676978,107.28
yes,,27.684577900014272,85.34057870001689,140.05
yes,,27.684405393336334,85.34081219948534,73.71
yes,,27.684406188591378,85.34062459951024,92.28
yes,,27.684364250007444,85.34091704998033,88.14
yes,,27.684340485443165,85.34073642271075,93.65
yes,,27.6842434985487,85.34116901113083,94.91
yes,,27.684334404369903,85.34116682369056,108.1
yes,,27.684281014691493,85.34105022482163,118.68
yes,,27.684245000000228,85.34094670000023,106.0
yes,,27.683875950000722,85.34108529999426,61.55
yes,,27.683993150005154,85.34110059999968,82.69
yes,,27.684090525900853,85.34138940837397,144.12
yes,,27.68404070180655,85.34121101777026,104.05
yes,,27.68392990000785,85.34131799999557,98.68
yes,,27.68386530000895,85.34119079997922,112.56
yes,,27.683789194091098,85.34124454864296,74.6
yes,,27.68383894484605,85.34138128199957,101.11
yes,,27.68391211182748,85.34097076631349,80.95
yes,,27.684149105423028,85.34115642287256,70.2
yes,,27.68448320000798,85.34074594999508,122.49
yes,,27.684326194501953,85.34062591587079,119.36
yes,,27.684213950012705,85.34043914998401,150.61
yes,,27.684204350002002,85.34068395000816,60.6
yes,,27.684143074747666,85.34062801745647,143.16
yes,,27.684075671714506,85.34056252312546,89.86
yes,,27.684048220573644,85.34070611187236,48.49
yes,,27.684113541365566,85.34078271595844,54.5
yes,,27.68411924999769,85.34089165000304,67.83
yes,,27.68399792518846,85.34088959246965,91.54
yes,,27.68398983239572,85.34078879375649,48.51
yes,,27.68389014151083,85.34087178452326,71.95
yes,,27.683906400006116,85.34076149999957,45.26
yes,,27.68390245000556,85.34066059999948,41.55
yes,,27.683901550001583,85.34057114999985,33.65
yes,,27.683985288227646,85.34039452671047,241.81
yes,,27.683921826140743,85.34019065906786,84.23
yes,,27.683949965040732,85.34009549848956,58.0
yes,,27.684298756100105,85.34005851508851,125.84
yes,,27.684283442263872,85.33995633013032,83.38
yes,,27.684347059059263,85.34016161900212,112.64
yes,,27.684073894415295,85.33993591948148,90.85
yes,,27.684273936825647,85.33980629533042,114.85
yes,,27.6841787471428,85.33953542045407,97.56
yes,,27.68411075000765,85.33944744999941,76.86
yes,,27.68411707878949,85.33956158316656,45.6
yes,,27.684217991050478,85.33968317834983,110.93
yes,,27.684115150008846,85.33970049999934,60.17
yes,,27.684019969658834,85.33965204080047,120.16
yes,,27.68401244999887,85.33953540000027,83.81
yes,,27.68400245001023,85.33941369999945,130.13
yes,,27.684902064057237,85.33958569537627,105.72
yes,,27.684757632541196,85.3395148689505,47.09
yes,,27.68499430000203,85.33943730000021,29.66
yes,,27.68503150000241,85.33933920000118,25.17
yes,,27.684886390681925,85.3396790681736,227.3
yes,,27.684902184651964,85.33981197144148,38.23
yes,,27.68481569262885,85.33979935848022,72.19
yes,,27.684733315441107,85.33959827638327,82.82
yes,,27.68465853850807,85.33956092792654,91.45
yes,,27.6846658943576,85.33966289019958,88.54
yes,,27.68461906616153,85.33971306996108,35.18
yes,,27.684673318393106,85.33974245974893,50.77
yes,,27.684601370054075,85.33979989103844,62.3
yes,,27.684682807739573,85.33984476017709,108.94
yes,,27.684828049993914,85.33991894999227,62.08
yes,,27.68474032011722,85.33998421503401,48.55
yes,,27.684808870149354,85.34000860735277,58.75
yes,,27.68475620001832,85.34015050001544,121.2
yes,,27.684683738808364,85.34010463180093,149.75
yes,,27.68460371687037,85.34006145817362,96.82
yes,,27.684536130576863,85.34001157573852,114.64
yes,,27.684471767485757,85.3399434252293,144.1
yes,,27.684438575925668,85.3398448659267,124.67
yes,,27.684423067950075,85.33974094740796,132.13
yes,,27.684528096746682,85.3396729687655,86.46
yes,,27.684377970002515,85.33961473895523,116.99
yes,,27.684468350006764,85.33957474999988,121.98
yes,,27.684418589366185,85.33945108792233,132.34
yes,,27.684329700006998,85.33948509999693,84.71
yes,,27.684619100000244,85.33921729999427,69.04
yes,,27.68432975000127,85.33912689998817,100.08
yes,,27.684218261915667,85.33925267850124,18.79
yes,,27.68430064999479,85.33919839998681,65.33
yes,,27.684073451270216,85.33914091334522,64.32
yes,,27.684052950000687,85.33921589999056,58.65
yes,,27.683836215723662,85.33918665484258,49.01
yes,,27.683891941517494,85.33924131670923,41.43
yes,,27.68360574458417,85.34171677634049,135.99
yes,,27.683590900007914,85.34157289999925,137.03
yes,,27.683818050003737,85.33996505000015,67.32
yes,,27.68377628087099,85.3398646076784,113.07
yes,,27.68373508146084,85.33974925462833,111.21
yes,,27.683755847765628,85.33938996583886,92.39
yes,,27.683693385837014,85.3394398804095,115.22
yes,,27.683657196622704,85.33931028235206,37.39
yes,,27.68390185000679,85.33937359999935,105.62
yes,,27.68389885000395,85.3395092499957,66.43
yes,,27.683829745047444,85.33957938208354,65.47
yes,,27.68373960354009,85.33958822976119,100.81
yes,,27.683674550903383,85.33962506719445,109.21
yes,,27.683596717973813,85.33966464085697,88.41
yes,,27.683594938406536,85.33951081388099,142.03
yes,,27.68360188980747,85.34140717303471,119.7
yes,,27.6837811941645,85.34044390008006,204.96
yes,,27.683765672092026,85.34025357923416,142.31
yes,,27.683766950000813,85.34012175000014,90.21
yes,,27.683763649998646,85.3400507,33.66
yes,,27.683659858842088,85.34029165471301,80.24
yes,,27.68362980000853,85.34023155000743,44.23
yes,,27.68357355000936,85.340190300004,105.37
yes,,27.68353819999715,85.34005674999673,57.68
yes,,27.683630374032226,85.33998924333395,130.62
yes,,27.683783316812047,85.34075751663674,50.27
yes,,27.683763821107743,85.34068049214625,61.74
yes,,27.683762699999622,85.34084579999173,103.66
yes,,27.68366100152191,85.34085373193271,86.85
yes,,27.683690449989673,85.34101029997649,210.64
yes,,27.683550858463388,85.34082788040622,86.56
yes,,27.68342673717922,85.34052700437043,82.94
yes,,27.6836907810265,85.34116485973983,109.54
yes,,27.683650220185626,85.34129165705184,120.18
yes,,27.683511280240214,85.34135310357163,114.77
yes,,27.68351025001303,85.34119444999966,180.59
yes,,27.674718500078544,85.35389239999354,317.23
yes,,27.674155517703362,85.35820017272493,161.81
yes,,27.674190547426928,85.35811678827089,103.9
yes,,27.673841350007326,85.35793110000036,91.39
yes,,27.673843203734805,85.35808614072813,90.02
yes,,27.67394507114552,85.35806670892225,73.61
yes,,27.673954771428917,85.35793322217651,109.37
yes,,27.67410792534338,85.35756785679489,18.44
yes,,27.674089750000388,85.35750339999882,51.69
yes,,27.67399520396248,85.35751553352225,142.57
yes,,27.673898917416384,85.35751313498008,62.84
yes,,27.67380013691208,85.35744612412756,44.41
yes,,27.673805328184812,85.35753924670205,54.44
yes,,27.67381980770891,85.35739489238523,23.17
yes,,27.67378533334401,85.35733345498095,36.65
yes,,27.673948302594795,85.35675739563854,67.15
yes,,27.673939299994327,85.35670265000212,74.06
yes,,27.674523026810554,85.35745646654694,115.81
yes,,27.67451676391168,85.35736033806215,67.57
yes,,27.674641542693863,85.35756322390033,65.59
yes,,27.67462872352697,85.35743245021145,272.01
yes,,27.674555787026765,85.35721136627055,196.66
yes,,27.674629220771628,85.35715654476802,17.76
yes,,27.67468585225868,85.35716159496884,52.4
yes,,27.674545063725628,85.35707723338737,56.45
yes,,27.674646912686875,85.3570718767348,190.51
yes,,27.674624554209196,85.35682212393874,21.02
yes,,27.67434847064594,85.3564614444628,82.96
yes,,27.674350949999152,85.35634940000095,40.51
yes,,27.67451271180653,85.35645931187159,128.83
yes,,27.67460944334365,85.3564246742264,68.97
yes,,27.67385936877834,85.35549553129225,36.75
yes,,27.673893532546785,85.35536898115157,112.56
yes,,27.673969509083538,85.35539758768032,111.61
yes,,27.673876049997727,85.35556984999916,41.68
yes,,27.6739669866594,85.35558037107258,54.34
yes,,27.673953350002996,85.35551085000067,30.01
yes,,27.674014729622808,85.35554309091658,6.25
yes,,27.674013350001154,85.35549644999925,30.88
yes,,27.674040368677655,85.35558201967802,31.66
yes,,27.674080266913442,85.35558778456604,35.5
yes,,27.67412545000315,85.3556060500007,35.69
yes,,27.67419304129967,85.35558165551693,182.66
yes,,27.675226800007056,85.35700439999553,82.07
yes,,27.67524735741915,85.35707903945192,51.51
yes,,27.675401288077495,85.35764550237032,82.45
yes,,27.67571556399325,85.3576686307222,302.38
yes,,27.675934300007448,85.35749964999759,144.67
yes,,27.676039534334485,85.35733297842984,33.7
yes,,27.675740083904888,85.35723151632811,89.71
yes,,27.675785881570064,85.35730453756251,79.25
yes,,27.678221667236986,85.35805711379126,18.51
yes,,27.67819374059763,85.35783035139345,81.55
yes,,27.678113529886414,85.3567921145002,187.01
yes,,27.677456865293408,85.35608598720668,310.92
yes,,27.681051700988796,85.34696265811593,158.12
yes,,27.68095534819857,85.34713074966304,165.34
yes,,27.68083865000243,85.34714539999989,27.86
yes,,27.680946350046572,85.34692976784731,119.0
yes,,27.68090119355179,85.34729657671197,100.18
yes,,27.68080050200873,85.34686526935918,67.96
yes,,27.680805322188064,85.3470194999472,116.81
yes,,27.68077335428248,85.3471588259967,68.69
yes,,27.68077019092213,85.34727947404936,94.99
yes,,27.680441499106756,85.34609153993595,105.84
yes,,27.68046045000332,85.34595404999968,59.72
yes,,27.67950185001069,85.34727185000371,96.47
yes,,27.679475715613886,85.3471308861235,102.35
yes,,27.680391007491124,85.34488350825588,51.2
yes,,27.680421725598553,85.34496753714582,50.69
yes,,27.680350800011016,85.34607940000016,81.09
yes,,27.680354550004395,85.34596309999984,51.05
yes,,27.680309553667954,85.3458005889114,184.47
yes,,27.680516886544595,85.34564647332009,75.03
yes,,27.680385950003583,85.34551684999883,120.59
yes,,27.68018279017207,85.3455596028133,97.04
yes,,27.68018295110503,85.34567019962554,125.47
yes,,27.68017034897161,85.34576920880538,83.18
yes,,27.68018485000125,85.34589299999921,98.45
yes,,27.68001903833611,85.3460589804358,55.1
yes,,27.680135598657692,85.34604926807282,144.5
yes,,27.679757650015453,85.3445963499995,110.46
yes,,27.67966001841427,85.3445515798226,119.23
yes,,27.67950891974171,85.3446860023039,24.06
yes,,27.679477635041643,85.34459188458158,148.33
yes,,27.679352084380564,85.34458612233166,102.88
yes,,27.67925615591038,85.34462823007253,34.03
yes,,27.679242129972447,85.34453664481923,96.75
yes,,27.679163329934788,85.34451108505237,51.85
yes,,27.67901482578983,85.34447565431883,77.14
yes,,27.680354855384138,85.34515220151819,70.99
yes,,27.680413956245626,85.34539602457384,174.74
yes,,27.680317829331777,85.3452634720227,63.47
yes,,27.67990637573306,85.3450267419904,55.34
yes,,27.680065522342062,85.34555156284755,116.58
yes,,27.680205225177144,85.34539512522252,140.19
yes,,27.68010491581265,85.34537955303274,88.6
yes,,27.68019375185683,85.34522759650442,120.06
yes,,27.680029033527305,85.34524786468127,68.27
yes,,27.679991223114282,85.34495547120473,122.57
yes,,27.679989758599632,85.34505666226927,70.69
yes,,27.6798333297647,85.34486627805279,75.63
yes,,27.67983730370545,85.34518343412013,200.57
yes,,27.679867109441535,85.34530705161977,106.37
yes,,27.6800542545192,85.34573862634062,87.33
yes,,27.680006077060952,85.34594864231178,65.04
yes,,27.67991143705612,85.34602006471769,124.48
yes,,27.679953916046088,85.34570486419568,99.44
yes,,27.679957982576756,85.34583616528323,78.81
yes,,27.679674600000077,85.34481804999857,20.14
yes,,27.679591750005596,85.34489509999922,98.18
yes,,27.679368679351132,85.34521939317719,60.76
yes,,27.67965095000718,85.3451433999999,109.93
yes,,27.679714555460357,85.3450162787751,101.63
yes,,27.67973593169411,85.34486794774038,128.02
yes,,27.67946580415375,85.34481598103955,123.63
yes,,27.67954423064144,85.34502783344861,122.85
yes,,27.679714368104506,85.34535382880622,81.16
yes,,27.67966482824986,85.34550967523775,95.87
yes,,27.679615264260082,85.34536099932781,129.72
yes,,27.679521082039,85.34532031201113,98.14
yes,,27.679446313348286,85.34529632768364,116.6
yes,,27.67946551144079,85.34555701814143,90.04
yes,,27.679528738501755,85.34547299364252,230.85
yes,,27.67935970000067,85.34545754999809,139.53
yes,,27.679341242769567,85.34532397295547,149.48
yes,,27.679540327476502,85.34562889119192,69.21
yes,,27.679802576421917,85.34566039533883,113.67
yes,,27.679811880328682,85.34576975667397,96.99
yes,,27.679712359004835,85.34573559501499,114.66
yes,,27.679803972136867,85.3459500607204,128.7
yes,,27.67965642963967,85.34588364515498,75.29
yes,,27.67962238405725,85.34572747148391,130.84
yes,,27.679527006413977,85.34572483708145,85.38
yes,,27.680640913958477,85.34624569445678,132.44
yes,,27.680613349596285,85.34610983567222,28.78
yes,,27.680702698425257,85.34632716678193,49.66
yes,,27.680731546550827,85.34659977320317,45.26
yes,,27.68072636082766,85.34645855791275,118.42
yes,,27.68062755328356,85.34656569413103,108.71
yes,,27.680564571446602,85.34672096382752,27.87
yes,,27.680627659203108,85.34682979800797,68.51
yes,,27.680541903681643,85.34656007871986,69.73
yes,,27.680439503685847,85.34627113581509,86.58
yes,,27.68044137319411,85.34663535572324,64.77
yes,,27.680353314328784,85.3467608699821,95.72
yes,,27.680123524575446,85.34685026675623,119.37
yes,,27.680047149998195,85.34688879999914,37.17
yes,,27.680052876075244,85.34681298953694,58.2
yes,,27.680100273272913,85.34672280569639,101.23
yes,,27.680198623431846,85.34683828804978,91.96
yes,,27.680273203783617,85.34675367646054,73.47
yes,,27.68041795000114,85.34649399999826,56.69
yes,,27.680349056577626,85.34639790476098,159.66
yes,,27.68021027808457,85.34627649988619,83.54
yes,,27.6800454785869,85.34624572843822,72.27
yes,,27.680059027987777,85.34648534071624,73.89
yes,,27.67999160000553,85.34660974999866,127.71
yes,,27.679874947859197,85.34620432210863,76.2
yes,,27.67979271347083,85.34614014461437,109.18
yes,,27.679743859314925,85.3463134827775,172.24
yes,,27.679622500004545,85.34596405000163,23.49
yes,,27.67954045001072,85.34609695000103,101.09
yes,,27.67945850001115,85.34598820000501,56.92
yes,,27.67947632493532,85.34609368814534,31.4
yes,,27.67995240001793,85.34686889999938,148.7
yes,,27.679870900005934,85.34685324999975,81.38
yes,,27.679809600005292,85.34677619999992,50.5
yes,,27.679686999960435,85.34689609997481,376.33
yes,,27.67945727478206,85.34680578221325,266.51
yes,,27.679284293638773,85.34684627232012,118.2
yes,,27.67954547029943,85.34632150632032,83.0
yes,,27.679374823766132,85.34641319901141,86.95
yes,,27.679384026128083,85.34631896735306,71.22
yes,,27.6792763027323,85.34635594417698,49.42
yes,,27.67939008268701,85.3465044149513,46.95
yes,,27.67919685694602,85.34632447486862,86.52
yes,,27.679192173732503,85.34642920596981,71.37
yes,,27.67930850526656,85.34659161269016,124.21
yes,,27.67919911334154,85.34669813563826,120.69
yes,,27.679197700012608,85.34684125000149,87.7
yes,,27.679627723950738,85.34719590989528,132.51
yes,,27.680443373352652,85.34706875752266,63.6
yes,,27.68054461758757,85.34707846594834,75.47
yes,,27.68044600573157,85.34716442022278,64.71
yes,,27.680440479295463,85.34729620684725,96.32
yes,,27.6803329102518,85.34717354732902,102.5
yes,,27.680234044562734,85.34706232318868,76.32
yes,,27.680271780212678,85.34735138846332,97.12
yes,,27.68010840459901,85.34731535933149,100.62
yes,,27.680030726134824,85.34718343690203,25.4
yes,,27.67994819994936,85.3470769000177,199.6
yes,,27.67983312620945,85.34728331292627,91.82
yes,,27.67924650000219,85.34740434999979,39.07
yes,,27.67927110000194,85.34719889999722,79.95
yes,,27.67918015689692,85.34702182399386,113.74
yes,,27.679157514815866,85.34719475361199,141.46
yes,,27.679149038660107,85.34735021920464,62.37
yes,,27.67931586864787,85.34564012839795,159.93
yes,,27.679339469542736,85.34577803214741,153.03
yes,,27.679167793599564,85.34560882129104,55.03
yes,,27.679211100000618,85.34569714999924,33.45
yes,,27.67932938300913,85.34593771580707,56.21
yes,,27.679250677866605,85.34611137613511,102.31
yes,,27.679117174241853,85.34611040782302,194.79
yes,,27.67913079999579,85.3459189499934,121.96
yes,,27.67911962558027,85.34580132926958,147.11
yes,,27.679350408462458,85.34478152968863,68.73
yes,,27.679304598201416,85.34493257616752,115.5
yes,,27.67911497952121,85.34514864467579,27.16
yes,,27.679177606657017,85.34509103013795,93.14
yes,,27.679207430130234,85.34532792462542,56.24
yes,,27.679141058078713,85.34529102606568,105.54
yes,,27.67914860599953,85.34545967639214,113.11
yes,,27.679006549992053,85.34491234999697,74.8
yes,,27.67909978323734,85.34494292240021,44.54
yes,,27.67903157879104,85.34505204103579,106.93
yes,,27.678923164081834,85.34527735198948,106.92
yes,,27.678891314437102,85.3454107049742,121.75
yes,,27.67910217828531,85.34465583908742,61.81
yes,,27.679086067547086,85.34477028603494,89.02
yes,,27.679020968966608,85.34464023949563,71.55
yes,,27.678970801525484,85.34477499428928,83.19
yes,,27.67887359999502,85.34465219999326,131.21
yes,,27.678841308582303,85.34479992701203,112.1
yes,,27.67877709999679,85.34487349999829,29.0
yes,,27.678720452541224,85.34506814149573,122.07
yes,,27.678780991049848,85.34522274341292,203.37
yes,,27.679054154716958,85.34630323523142,20.69
yes,,27.67907495000936,85.34640000000027,83.23
yes,,27.679035985488888,85.3464968093558,107.33
yes,,27.678714300001513,85.34599649999028,100.55
yes,,27.678948249999763,85.3459752499929,106.0
yes,,27.678841130047957,85.34594544061102,92.34
yes,,27.678926919601125,85.34589013289272,71.29
yes,,27.678975016597228,85.3457834830108,33.58
yes,,27.678769864141664,85.34555640456587,113.69
yes,,27.678691218796633,85.34543501024011,87.67
yes,,27.678761949994836,85.34569799998756,98.84
yes,,27.678739947098595,85.34580803981258,22.92
yes,,27.6786900657843,85.34587081074969,174.22
yes,,27.678935543354964,85.34612550379457,155.27
yes,,27.67892018902065,85.34625280048459,97.77
yes,,27.67885018104851,85.34638140546262,148.83
yes,,27.678776799996072,85.34646709999676,69.2
yes,,27.678758396548464,85.3463425207847,80.83
yes,,27.67864403639891,85.34614499523819,103.5
yes,,27.67863029330306,85.34625252171121,84.92
yes,,27.67874405448446,85.34657768709666,151.6
yes,,27.678816296164634,85.34672117061837,145.33
yes,,27.67899755000207,85.34659394999908,79.05
yes,,27.67892675649687,85.34658417548432,32.68
yes,,27.678937350002176,85.3466792999996,47.47
yes,,27.67900340385113,85.34671827733642,103.03
yes,,27.6790480562953,85.34682137456123,22.33
yes,,27.679061600002914,85.34690519999977,43.59
yes,,27.678945011016836,85.34685777729239,137.63
yes,,27.67906192731054,85.34700158484239,62.04
yes,,27.678932569839844,85.34712446515431,127.15
yes,,27.67900055056176,85.34713805517018,53.45
yes,,27.678911600001577,85.34735514999745,74.56
yes,,27.678937000002342,85.34726749999795,72.06
yes,,27.678841750006686,85.3472563000007,91.17
yes,,27.678761510346675,85.34720317904589,62.79
yes,,27.678650105877708,85.346858676424,181.02
yes,,27.678782384051644,85.34694246928248,124.88
yes,,27.680642956818982,85.34538542438587,109.24
yes,,27.681107339791613,85.3458682408222,70.71
yes,,27.68109388188082,85.34560444788809,52.69
yes,,27.681133574762015,85.34551928666721,75.92
yes,,27.6808777018287,85.34581642369,66.12
yes,,27.680782571358396,85.3457200488699,70.87
yes,,27.680688329596936,85.34561121765518,19.01
yes,,27.68065479654624,85.34573657836941,55.92
yes,,27.680754876402997,85.34586365866049,101.01
yes,,27.680948234847836,85.34553451899482,45.7
yes,,27.681025231552987,85.34553681100975,70.0
yes,,27.68107612500146,85.34542261449947,67.88
yes,,27.68092501994955,85.34540045277846,76.5
yes,,27.680970938131633,85.34504691418721,57.0
yes,,27.68088492745943,85.34506583115082,90.12
yes,,27.681016008192127,85.34527142627913,50.28
yes,,27.68110238973323,85.34529563335676,69.19
yes,,27.681113764579134,85.34521774718296,87.08
yes,,27.681019649998667,85.34519734999857,44.89
yes,,27.68112651793319,85.34513028072881,88.31
yes,,27.681040533129693,85.34509701607486,90.71
yes,,27.68103957842505,85.34497706608747,64.95
yes,,27.681089753785148,85.34484617382329,100.13
yes,,27.681149209402598,85.34473740867087,192.54
yes,,27.680673572703146,85.34528655469575,115.37
yes,,27.68076480660697,85.34514262583942,48.02
yes,,27.68065735382736,85.3448359025865,60.71
yes,,27.680893549485436,85.34480951858355,82.17
yes,,27.68070489012935,85.3445152425321,56.86
yes,,27.680638109825463,85.34469410727286,101.34
yes,,27.68053537577421,85.34461285695802,96.76
yes,,27.680435250009218,85.3445518500014,92.05
yes,,27.680299695512378,85.34495542356258,41.69
yes,,27.680275494319343,85.34485527440596,75.89
yes,,27.680184126439467,85.34483744182654,104.73
yes,,27.680195921878227,85.34473120452151,121.97
yes,,27.68024034355029,85.34461732336518,114.66
yes,,27.680128980791242,85.34455699379106,89.61
yes,,27.680963449999922,85.34606630000047,102.65
yes,,27.681067552158005,85.34607125321862,80.74
yes,,27.68102411110122,85.34594852555593,76.83
yes,,27.681142785511078,85.34600528820903,84.33
yes,,27.680743425837306,85.34605297258075,109.31
yes,,27.68106654999958,85.34651989999921,170.73
yes,,27.68098903170488,85.34731217917671,81.76
yes,,27.681088324736287,85.34679518982973,66.05
yes,,27.681006156289232,85.34676173061558,102.84
yes,,27.681026203886194,85.34628287654795,46.34
yes,,27.681000673676667,85.3463688561432,53.78
yes,,27.680890222893318,85.34630298407309,76.25
yes,,27.680903887731095,85.34657177465671,198.82
yes,,27.680902225900834,85.34672684095138,193.44
yes,,27.687996869866005,85.35844034765681,152.06
yes,,27.687699201584874,85.35848913164916,77.98
yes,,27.687735343407766,85.35862476887294,71.69
yes,,27.687847777959856,85.35841807548428,95.68
yes,,27.687638330656817,85.35861291358606,121.82
yes,,27.687835283558197,85.35906020078275,38.63
yes,,27.68753695956612,85.35839190731167,133.37
yes,,27.687490899999446,85.35840659999248,54.69
yes,,27.687358120534135,85.35829685848076,64.17
yes,,27.687276513828177,85.35838397624981,66.02
yes,,27.687135700000866,85.35849360000023,12.22
yes,,27.687070274747203,85.35839909183319,150.75
yes,,27.68687112881248,85.35876134478302,37.07
yes,,27.687128810617388,85.35909012770779,465.83
yes,,27.687234296374744,85.35895790098404,233.7
yes,,27.686914389041547,85.35900716077268,161.34
yes,,27.686247477629077,85.3583220726856,349.57
yes,,27.685828866647757,85.3584513137567,96.58
yes,,27.685297107148404,85.35898307067525,107.66
yes,,27.685201950002668,85.35918625000252,23.88
yes,,27.684854995678034,85.35853046005383,75.58
yes,,27.684787150003984,85.35909874999965,66.8
yes,,27.68566866071569,85.35973263662976,134.93
yes,,27.685605707143267,85.35959649412,319.76
yes,,27.686717944891225,85.35955547523119,155.39
yes,,27.686693049989575,85.35966764992297,155.12
yes,,27.686325950038594,85.35987024988945,173.67
yes,,27.686119489353967,85.36054603569143,171.42
yes,,27.685849048366805,85.36022729885461,502.36
yes,,27.68601472216395,85.36010952669594,939.35
yes,,27.68524760921241,85.36006212813444,132.33
yes,,27.684790454185347,85.36052963307588,639.65
yes,,27.685014305834898,85.36048376995704,561.22
yes,,27.684830550020376,85.35980915002256,148.34
yes,,27.684771755663586,85.35949735244057,62.9
yes,,27.684426953244568,85.35900233164062,59.5
yes,,27.684531800489836,85.35892601644204,107.35
yes,,27.684701029331563,85.3591751123871,151.87
yes,,27.685404979786917,85.36080700727267,130.33
yes,,27.685728644836114,85.36147831653119,86.1
yes,,27.6857887532157,85.36180108773891,54.84
yes,,27.68635010000368,85.36308449998953,69.69
yes,,27.686090249991423,85.36303238334193,65.95
yes,,27.686810947048215,85.36276012341817,88.55
yes,,27.68687508487544,85.36268659745635,67.96
yes,,27.686787033110093,85.36285590386049,62.74
yes,,27.686828851124815,85.36300903318546,91.68
yes,,27.686880933790654,85.36293675162854,86.08
yes,,27.686922600004188,85.3628722999838,90.55
yes,,27.686956025055654,85.36310415775219,57.37
yes,,27.68720904269294,85.3626609084296,218.36
yes,,27.687027018178668,85.36319775091043,47.52
yes,,27.687290796407247,85.36276698572378,213.74
yes,,27.68740571604203,85.36262154874615,76.62
yes,,27.68753055558782,85.36237441135474,109.72
yes,,27.687360756819675,85.36230520302556,306.74
yes,,27.687668100217472,85.36223445838202,73.74
yes,,27.687546128874807,85.36201955463713,72.16
yes,,27.687631560126725,85.36202103109893,133.63
yes,,27.686879850005543,85.36098750000075,77.99
yes,,27.686996967967662,85.36170560569325,70.25
yes,,27.68706425000462,85.36174215000273,48.57
yes,,27.68734741689105,85.36165125088212,87.41
yes,,27.687608512525575,85.36159659940064,98.94
yes,,27.687567375810417,85.36186913142083,127.13
yes,,27.68743482773985,85.36190929880811,91.71
yes,,27.68775520000444,85.36188024999859,23.06
yes,,27.688021348139753,85.36150405076106,104.22
yes,,27.68797330000284,85.36131495000032,50.15
yes,,27.687955804542266,85.36155831840482,87.24
yes,,27.68792823545442,85.36123780962272,26.93
yes,,27.68785145000059,85.36151395000321,25.0
yes,,27.687868396783916,85.36098670794969,68.08
yes,,27.687814050004725,85.36093715000406,60.87
yes,,27.68777135000308,85.36112139999821,50.63
yes,,27.68763409644395,85.36111607691463,73.55
yes,,27.6881306403835,85.36098117809627,60.74
yes,,27.688205600005997,85.36150169999482,90.65
yes,,27.688154446038908,85.36084801420476,109.16
yes,,27.68832602721051,85.36106250229632,74.08
yes,,27.688365191146445,85.36118201764768,79.69
yes,,27.688188886618427,85.36039073781353,38.28
yes,,27.68819709759077,85.36027966684104,39.08
yes,,27.688355614090995,85.35995594498118,137.16
yes,,27.688290234895703,85.3600253295735,107.45
yes,,27.688152331655843,85.35977824362554,69.05
yes,,27.688232000003175,85.35985699999222,67.9
yes,,27.688146631707816,85.35990615164158,195.42
yes,,27.68796455535494,85.35977323687105,82.63
yes,,27.68808074065715,85.3597367911098,127.3
yes,,27.6878372242712,85.35985881419842,49.54
yes,,27.68787703298871,85.35980209631323,38.78
yes,,27.687965346914645,85.36018963405984,53.55
yes,,27.68798015279642,85.3596215972519,163.49
yes,,27.68784826637546,85.35944409421717,79.41
yes,,27.687798637297973,85.35964000281524,417.64
yes,,27.68767733301241,85.35961678773324,594.16
yes,,27.68752956710425,85.35941465136077,86.04
yes,,27.687356540048537,85.35967298929938,182.7
yes,,27.68752880000285,85.35970159999849,50.09
yes,,27.68761333593702,85.3592418046665,87.23
yes,,27.6874192168318,85.36016305075019,53.8
yes,,27.687419450003176,85.3605773499978,54.53
yes,,27.687442033018034,85.36077289836493,47.9
yes,,27.68749210250765,85.36026379330967,42.13
yes,,27.68752615000137,85.36023114999774,27.78
yes,,27.68816385334429,85.3620107091621,79.34
yes,,27.68830629788046,85.36203727670423,40.51
yes,,27.688045962928005,85.36245120772679,187.17
yes,,27.687886153884694,85.36303341676998,74.89
yes,,27.687844334160957,85.36308950237307,72.38
yes,,27.687689950015777,85.36333505001485,180.23
yes,,27.687782570722195,85.3631923100743,98.7
yes,,27.688077488926865,85.3627405195471,108.53
yes,,27.688184962594306,85.36258226914049,114.48
yes,,27.687952675409218,85.3623142437617,105.9
yes,,27.687511052099097,85.3631777817785,184.47
yes,,27.6876738616738,85.3628592408806,83.1
yes,,27.687646250004367,85.36291994997468,92.75
yes,,27.687113750008983,85.36346825000747,108.41
yes,,27.68715585000987,85.36333570000524,132.4
yes,,27.68731350742548,85.3633260559119,250.13
yes,,27.687363334136684,85.36310512095851,44.99
yes,,27.687755419098615,85.36255476046314,62.88
yes,,27.68780109914,85.36248482649415,93.98
yes,,27.68815164559411,85.36329274083512,59.1
yes,,27.688084892312105,85.36324811240125,98.05
yes,,27.688149303535866,85.36320765547909,77.75
yes,,27.688229936113927,85.36310692689553,113.72
yes,,27.68789980000542,85.36265374999476,101.28
yes,,27.68791596353819,85.36317317059284,35.72
yes,,27.68785799717439,85.36331982078933,147.39
yes,,27.688027216839796,85.36324771190301,74.33
yes,,27.687968150002373,85.36364200000003,86.84
yes,,27.688069370258383,85.36363865790966,117.84
yes,,27.687756228681796,85.36369446557023,164.81
yes,,27.687875698679132,85.36368864160407,197.05
yes,,27.688073099996434,85.36372745000149,112.45
yes,,27.687449400004702,85.3636444499863,90.33
yes,,27.68734843445604,85.36379530247014,34.81
yes,,27.687408021615088,85.3637413634939,73.47
yes,,27.687503966078605,85.36355196890533,60.79
yes,,27.6875394140066,85.36347541528171,66.54
yes,,27.687622202014268,85.36376757448679,100.47
yes,,27.68797110000138,85.3637317500002,81.13
yes,,27.6883717004053,85.36172940685664,116.55
yes,,27.688335350013883,85.36260410002687,93.73
yes,,27.687878100003108,85.35834195000048,45.33
yes,,27.68806050000654,85.35899125000304,84.73
yes,,27.687972800003376,85.35915650000246,37.91
yes,,27.68792645390219,85.35911630265153,53.79
yes,,27.68812335400827,85.35917531772895,86.52
yes,,27.688022623556964,85.35906528218007,45.48
yes,,27.688274800008006,85.35914675001621,51.82
yes,,27.688373716804527,85.35912660098514,54.16
yes,,27.688364184084207,85.359241881624,46.61
yes,,27.688354000007553,85.35944825000925,111.42
yes,,27.688142915694762,85.35907165969975,39.99
yes,,27.688199669137127,85.35911508440998,84.71
yes,,27.68820815000441,85.35934659997586,111.85
yes,,27.68821480863635,85.35924693517858,59.22
yes,,27.68804425000557,85.35924770000037,85.13
yes,,27.688305545826044,85.35930910664023,68.81
yes,,27.688308201755994,85.35865988438769,32.01
yes,,27.69022016078078,85.36262822535474,101.44
yes,,27.69007250931324,85.36270858320808,91.73
yes,,27.690047241170955,85.36227908015718,70.9
yes,,27.690127000010982,85.3622416999988,87.37
yes,,27.692083299991477,85.36139870000028,83.59
yes,,27.69220128522342,85.36146210075927,7.16
yes,,27.69197652485586,85.36139946013286,46.98
yes,,27.691974734815407,85.36145882445614,19.35
yes,,27.69193018380837,85.36169315482859,67.99
yes,,27.69193205349321,85.36152409796651,92.38
yes,,27.69155639820309,85.36145539998202,44.68
yes,,27.691785991349555,85.36141413346722,101.02
yes,,27.691735085269872,85.36152679226447,138.22
yes,,27.69137257368632,85.36160002153179,80.82
yes,,27.691463301122063,85.3615776479848,93.52
yes,,27.691356587364528,85.36172453437827,72.84
yes,,27.69110047827529,85.36157604231045,101.9
yes,,27.691127973053568,85.36187874677482,66.86
yes,,27.691124479716787,85.3618102268355,63.99
yes,,27.691136187855463,85.36193867980526,75.86
yes,,27.691057578989767,85.36212891716585,56.88
yes,,27.69096652380191,85.36184769173153,112.71
yes,,27.691033675576268,85.3618202354025,88.24
yes,,27.690968880943853,85.36197047763304,58.41
yes,,27.690998425261984,85.36213546686372,45.71
yes,,27.69094880000771,85.36212234999957,32.81
yes,,27.690880244246767,85.36210069218043,123.7
yes,,27.690604956536433,85.3615979258622,99.94
yes,,27.690605559383933,85.36149667588431,75.89
yes,,27.69054050000468,85.36144000000199,35.92
yes,,27.69047329989477,85.36158698552977,108.64
yes,,27.69049317922264,85.3615189965488,77.32
yes,,27.690478107297672,85.36175331630284,101.62
yes,,27.690491346138767,85.36184085897494,116.49
yes,,27.69029537620748,85.36190661217182,56.0
yes,,27.69023024288042,85.36190885790782,118.33
yes,,27.69041608322037,85.36198837020453,79.09
yes,,27.690353450327606,85.36195190393823,124.13
yes,,27.690168017159777,85.36170448545563,140.26
yes,,27.69027138175051,85.36170227300553,173.56
yes,,27.690436017705277,85.36134665460642,27.68
yes,,27.69032145487947,85.36145693169357,107.88
yes,,27.690301809190558,85.3615479662051,81.74
yes,,27.690261785022276,85.36130276478434,142.17
yes,,27.689938300306807,85.36162771236197,105.85
yes,,27.690041117347196,85.36161758399778,56.21
yes,,27.69021380000163,85.36146869999976,24.92
yes,,27.69010142882475,85.36152408960555,116.35
yes,,27.689916674183337,85.36130004369133,82.56
yes,,27.689921599999856,85.36137535000074,54.24
yes,,27.689923550332136,85.3614582606063,84.72
yes,,27.69005290137771,85.3616962538987,34.59
yes,,27.69007034999953,85.3620726000002,19.06
yes,,27.6901497960055,85.36188177473413,54.61
yes,,27.69007469704908,85.3617469925509,51.62
yes,,27.690090990569065,85.36179237803273,62.22
yes,,27.68988524507351,85.36187367183167,100.7
yes,,27.690212787015874,85.36154961998257,36.0
yes,,27.689773212416153,85.3617498234988,59.01
yes,,27.68979385000423,85.3616392499995,45.5
yes,,27.68966558570878,85.36198699774906,51.63
yes,,27.689704917631225,85.36203793336722,59.59
yes,,27.689710636609785,85.36211959642485,157.22
yes,,27.6897594164753,85.36220718324451,35.08
yes,,27.689695308610602,85.36222457361156,22.79
yes,,27.689890365713573,85.3620340919508,130.55
yes,,27.689896735771995,85.36194522453204,101.02
yes,,27.689889824875703,85.36211796204799,102.26
yes,,27.68987517682539,85.36258852387792,156.69
yes,,27.68993504999979,85.36251480000035,24.6
yes,,27.689908774505536,85.36278312079598,90.33
yes,,27.68993782678458,85.36269035577638,29.0
yes,,27.68993362448659,85.36289636370064,40.34
yes,,27.68965241702983,85.3627229654856,65.13
yes,,27.689681449995938,85.36289510000643,83.03
yes,,27.689728027998832,85.36302045876471,103.56
yes,,27.688996268083844,85.36333308258038,43.15
yes,,27.688992016893515,85.36349775085148,71.24
yes,,27.68929515000026,85.36322135000118,21.79
yes,,27.689374600009998,85.36334799999385,80.59
yes,,27.68922763273717,85.36341294831831,69.94
yes,,27.68903397257416,85.36373162045507,96.5
yes,,27.689558404436568,85.36348581502436,0.01
yes,,27.689456935513622,85.3635311262081,20.52
yes,,27.68936357685141,85.36357590600333,23.49
yes,,27.68919772570795,85.36325523550504,44.16
yes,,27.688697127766396,85.36350830742133,144.0
yes,,27.688476925174676,85.36333905760632,33.63
yes,,27.68852837970845,85.36327655589903,70.6
yes,,27.68845053342496,85.36159089463474,174.04
yes,,27.68864881539076,85.36123820903735,60.24
yes,,27.688831900025104,85.36058070003804,161.46
yes,,27.688851166852107,85.36091015117066,128.59
yes,,27.688957850004275,85.36076995000477,58.84
yes,,27.689022319854207,85.36089538858847,109.3
yes,,27.689048394336005,85.36080119442349,76.49
yes,,27.688788837544216,85.36110375247924,60.18
yes,,27.68891257742887,85.3608344313305,55.92
yes,,27.689158011041727,85.36102414720142,183.95
yes,,27.689237050251073,85.36105176712653,82.59
yes,,27.68915870303676,85.3606503174545,54.49
yes,,27.689395081294855,85.36076538308947,404.6
yes,,27.689550259396437,85.36098743530094,105.32
yes,,27.6894915917167,85.36126294674968,79.38
yes,,27.6896013918277,85.36115153138627,41.78
yes,,27.689711643454686,85.36113348355018,110.49
yes,,27.689872278637182,85.36117519100056,79.59
yes,,27.689931200011316,85.36116145000008,47.65
yes,,27.6898921943822,85.36101479802203,108.56
yes,,27.68974780588756,85.36088988687028,23.89
yes,,27.68979923351988,85.36093803057574,36.84
yes,,27.68966711823217,85.36090384385362,62.92
yes,,27.68973132399186,85.36101625516136,86.19
yes,,27.689603597041774,85.36084290333005,46.2
yes,,27.690351420705976,85.36236939306143,95.38
yes,,27.69043570001678,85.36222349999773,65.58
yes,,27.69054875377221,85.36204987587655,21.6
yes,,27.690464501228554,85.36269579851775,127.9
yes,,27.690481817444663,85.36284850572724,91.7
yes,,27.690420280230367,85.36237115535276,99.77
yes,,27.690500649169564,85.3623315973991,70.05
yes,,27.69049903051834,85.36241001254416,33.75
yes,,27.690673158725865,85.3623181965646,107.6
yes,,27.69075972279534,85.36246743243117,97.63
yes,,27.69051498474728,85.36249247445464,32.61
yes,,27.690432811073197,85.36248037546993,26.34
yes,,27.690698541475843,85.36273566393288,1.27
yes,,27.69133140001299,85.36191049999859,134.11
yes,,27.691387778038372,85.36206446237185,392.7
yes,,27.691484298434773,85.3618827571014,100.07
yes,,27.691539056115353,85.36201948232878,64.91
yes,,27.691623581237515,85.36190991412239,110.25
yes,,27.691722822100818,85.36187545901213,80.38
yes,,27.69033501050708,85.36281302484154,77.23
yes,,27.68971196385082,85.36334949626892,75.73
yes,,27.68982961841936,85.3632973009268,49.23
yes,,27.689754887535734,85.36319836870199,174.36
yes,,27.68975839333915,85.36327447012448,15.46
yes,,27.689343790262022,85.36293813917219,142.57
yes,,27.689322044753023,85.36309408198113,81.52
yes,,27.689554400014828,85.36213829999201,65.16
yes,,27.684592446036863,85.34669612174555,139.91
yes,,27.684859270582805,85.34657111537,64.17
yes,,27.684796937426643,85.34649791281274,56.44
yes,,27.684823975951062,85.34664769574158,111.77
yes,,27.684755246604517,85.34658119756432,83.5
yes,,27.684674664639708,85.34666016097819,101.68
yes,,27.68417657639066,85.34638141547155,76.51
yes,,27.684635372773766,85.34648915624805,101.1
yes,,27.684404897190152,85.34636680334394,101.93
yes,,27.684460770842097,85.34661181211922,103.28
yes,,27.6843900152244,85.34659739433302,84.84
yes,,27.684328920461112,85.346586065058,60.55
yes,,27.684223778706468,85.34654455059757,126.07
yes,,27.684142310192197,85.34647647198221,74.94
yes,,27.684112797951364,85.34655580464833,63.76
yes,,27.68404776903295,85.34652495715993,47.28
yes,,27.684350560585298,85.34613434377552,71.85
yes,,27.68425895674429,85.34582813343103,104.51
yes,,27.68435220746946,85.3458891601093,112.2
yes,,27.684400677000124,85.3459529624659,82.81
yes,,27.684157170065475,85.34585458242319,100.24
yes,,27.68412262585601,85.34592348414796,98.48
yes,,27.684159248934918,85.34608872024633,53.48
yes,,27.683986121230973,85.34606975740085,115.78
yes,,27.684218470241664,85.3462601752207,124.69
yes,,27.68400785000936,85.34631590000652,114.15
yes,,27.684268003002828,85.34702877851512,55.58
yes,,27.684338901781057,85.3469558153869,71.32
yes,,27.684476480499306,85.34707676031411,126.29
yes,,27.684677350001845,85.34698429999662,70.47
yes,,27.684656143232814,85.34704879574497,63.56
yes,,27.68463446489332,85.34712078151738,117.23
yes,,27.684499515741102,85.34724674653165,48.31
yes,,27.684602883975924,85.34720739172481,147.06
yes,,27.684556977821032,85.34733498324316,168.82
yes,,27.684473891092058,85.3473055196428,43.95
yes,,27.684218923619902,85.34734506554487,115.03
yes,,27.684137247419248,85.34729681784535,164.81
yes,,27.68408046436851,85.34724399175562,192.56
yes,,27.68400820084189,85.34717977574122,212.63
yes,,27.684254081847403,85.34672588503578,76.0
yes,,27.684208680295907,85.3468249916187,96.99
yes,,27.68417965312151,85.34693096972934,134.42
yes,,27.684073021160142,85.34686022514502,213.66
yes,,27.68413655001786,85.34673130000584,145.83
yes,,27.68364796536649,85.34671749229855,92.01
yes,,27.683916359583737,85.3469909550418,160.44
yes,,27.683893703937777,85.34681186908857,149.24
yes,,27.68380948336603,85.34694069290433,130.62
yes,,27.6837397140746,85.34661983264961,33.64
yes,,27.683801812323555,85.34655449353369,82.99
yes,,27.683764910373917,85.34648348535246,55.22
yes,,27.683591965934713,85.34631034520393,117.52
yes,,27.683669300453285,85.34642229075168,119.22
yes,,27.683523093485356,85.34638664433616,187.81
yes,,27.683484353366104,85.3465141198812,80.42
yes,,27.68360462442995,85.34653670094741,150.14
yes,,27.683762643857072,85.34671866565674,63.92
yes,,27.683718740361897,85.34678055212066,99.26
yes,,27.683652464473838,85.3468552606825,142.82
yes,,27.68354374996686,85.34666298533466,105.08
yes,,27.68380560000556,85.34714290000392,77.82
yes,,27.6837423667375,85.34707151834469,132.34
yes,,27.68367443420901,85.34702417633333,75.97
yes,,27.68358812697151,85.34695559197392,128.35
yes,,27.683556623349872,85.3468176644836,155.66
yes,,27.68954012674796,85.36257452591492,100.38
yes,,27.68957747878066,85.36263283289264,106.93
yes,,27.689616420559613,85.36251658504784,20.07
yes,,27.689105416996384,85.3631679751944,144.58
yes,,27.688912557323267,85.36324097491338,70.69
yes,,27.68897602973096,85.36322444370595,76.75
yes,,27.688857474771982,85.36327430162143,66.87
yes,,27.688998101323858,85.35928465351991,785.99
yes,,27.68883265000216,85.35887740000051,44.07
yes,,27.68883055000085,85.35850004999946,77.13
yes,,27.688452550851657,85.35937389962767,83.33
yes,,27.688513550006146,85.35914729999665,93.4
yes,,27.688774029282282,85.3590042789855,80.74
yes,,27.68880633948388,85.35907261976253,39.43
yes,,27.688500870061393,85.35874594330868,256.56
yes,,27.688628520288066,85.35889678929844,383.19
yes,,27.68888683351263,85.35979965121996,90.42
yes,,27.688754088076987,85.35982221182775,301.42
yes,,27.68867830000225,85.35917955000698,54.29
yes,,27.68873566731699,85.35913264675911,16.47
yes,,27.689032337526978,85.35965391160916,201.93
yes,,27.68893955129788,85.35972684871835,86.39
yes,,27.688917292852935,85.35962998515237,164.62
yes,,27.688850915662403,85.35998862443977,41.86
yes,,27.688908254649732,85.3600472456514,55.18
yes,,27.688982636230097,85.36011528269944,56.2
yes,,27.68844341672245,85.3590011278558,331.84
yes,,27.68868625000147,85.35850264999992,22.91
yes,,27.688563716671574,85.35863779966276,29.58
yes,,27.689321869234476,85.35966648399518,35.03
yes,,27.688329755535097,85.36385849520785,246.12
yes,,27.688084005529984,85.36419501273187,59.66
yes,,27.688097225102588,85.36412910541135,118.2
yes,,27.68825318629626,85.36413100270201,35.18
yes,,27.687661069994668,85.36398514263763,117.35
yes,,27.687779825111516,85.36398171911821,130.07
yes,,27.687898849576776,85.36398273121813,118.23
yes,,27.687981143560148,85.36396813466808,52.13
yes,,27.68775742508181,85.36411001408892,97.0
yes,,27.687878899998836,85.36414769999895,124.54
yes,,27.68514253412435,85.34495076244573,187.04
yes,,27.68506024008991,85.34477007557061,198.79
yes,,27.685033535337617,85.34466927207863,71.44
yes,,27.685461879375794,85.34479395167091,122.41
yes,,27.685474766991575,85.3447028093527,96.76
yes,,27.685405626013797,85.34496970796604,457.47
yes,,27.685565854156376,85.34497368365204,338.27
yes,,27.685588210063724,85.34479873661333,247.87
yes,,27.685819434586683,85.34480760573041,293.53
yes,,27.685796963484787,85.34492342433992,263.69
yes,,27.685785296066996,85.3450402047015,282.21
yes,,27.685784063188017,85.34526399016696,82.9
yes,,27.685579670672084,85.34522058068768,285.33
yes,,27.685215781028806,85.34517792948779,129.72
yes,,27.684789554949738,85.34467304524324,88.67
yes,,27.684677889127627,85.34470026291737,118.04
yes,,27.684719662266232,85.34483414610222,92.78
yes,,27.684518704450788,85.3446429937567,75.83
yes,,27.68426695639982,85.34495531121996,105.64
yes,,27.68427510000604,85.34481739999944,38.22
yes,,27.684167970683472,85.34468019977369,105.19
yes,,27.684155927924614,85.34458119156108,58.04
yes,,27.684069870108488,85.34482494349284,104.52
yes,,27.684045650013708,85.34468204999688,97.48
yes,,27.683963189660094,85.34486880117042,118.92
yes,,27.68392672689366,85.34497671086811,55.85
yes,,27.68376164932402,85.34504384461042,141.07
yes,,27.683829876000686,85.34475810992588,83.25
yes,,27.683914180306637,85.344612036374,153.11
yes,,27.68379388875876,85.34461724009726,83.04
yes,,27.68372408056735,85.34473907779733,114.45
yes,,27.68360613483171,85.34467404807654,75.85
yes,,27.683509650130986,85.34477915654267,104.99
yes,,27.683588924163757,85.34494623936811,77.6
yes,,27.683658248429616,85.3450786000718,140.07
yes,,27.683510333321,85.34511639968456,136.54
yes,,27.685140975860275,85.34539620933218,118.86
yes,,27.68500217646972,85.34531572379284,39.21
yes,,27.68499699920238,85.34521174451562,133.68
yes,,27.68482445000766,85.34505919999877,66.46
yes,,27.684893914640007,85.34517822179387,142.27
yes,,27.68490915650934,85.34529409502584,105.06
yes,,27.684813995168312,85.34548698123855,86.03
yes,,27.684793917027513,85.3453095036739,111.51
yes,,27.68468888100451,85.34519112268778,124.84
yes,,27.684709930436167,85.34532079567595,112.32
yes,,27.684722436721767,85.34544842045402,55.95
yes,,27.684637526882533,85.3454994648097,114.27
yes,,27.684610645129297,85.34534956368681,86.52
yes,,27.684591623963374,85.34524821257045,66.78
yes,,27.68451690018247,85.34510542451355,104.71
yes,,27.684518581628137,85.3452659878883,79.67
yes,,27.684534640464168,85.34537925707023,81.39
yes,,27.684286294831665,85.34512162945475,87.5
yes,,27.684330482002654,85.34529749236579,141.49
yes,,27.68394775000577,85.3458416999971,83.08
yes,,27.68400248536889,85.34578901159523,44.93
yes,,27.683883574514432,85.34532967769108,95.21
yes,,27.683747477471307,85.34541457704273,148.72
yes,,27.684045046490592,85.34571635009952,78.99
yes,,27.683891803845064,85.34567326745841,132.1
yes,,27.683792601574076,85.34553945869452,101.51
yes,,27.683676016192052,85.34528266932313,104.84
yes,,27.683582726768417,85.34532398550499,101.44
yes,,27.68349534464338,85.34536871281043,92.86
yes,,27.683442818021334,85.34561621839707,211.86
yes,,27.683633865959003,85.34571714320828,8.58
yes,,27.68371891294656,85.34576849978146,115.84
yes,,27.68380686305945,85.34585899704233,134.21
yes,,27.68356887917292,85.34571758264089,86.64
yes,,27.68370509473198,85.3459657678507,125.59
yes,,27.683628733518493,85.34587391925093,111.25
yes,,27.683602789522396,85.34603531795624,120.71
yes,,27.68576841315966,85.3454233807561,150.57
yes,,27.68573052669611,85.34556693313625,272.29
yes,,27.685567130719907,85.34593918906961,837.38
yes,,27.68539105832839,85.34620096708356,63.29
yes,,27.68548674161838,85.34651213393268,91.41
yes,,27.68542819841657,85.34635571937865,436.59
yes,,27.68552091628675,85.3462608449785,37.61
yes,,27.68547284806914,85.34621033464518,48.3
yes,,27.68531192125027,85.34613445293984,89.49
yes,,27.68524858926975,85.34622179543959,107.97
yes,,27.685275262285796,85.34636085224196,90.79
yes,,27.685368400005242,85.34648549998292,53.78
yes,,27.6854088204435,85.34660228859055,118.98
yes,,27.685381849603065,85.34675525072434,106.19
yes,,27.685329688169148,85.3468652778857,152.85
yes,,27.685281169132676,85.34699266519895,142.45
yes,,27.685076044221546,85.34680588028344,288.59
yes,,27.68525868679237,85.34666427735627,136.55
yes,,27.685208224809173,85.34646043749507,128.94
yes,,27.68512403233823,85.34638137423907,74.54
yes,,27.685131764981307,85.34651038259365,104.14
yes,,27.68506771077542,85.34660506199036,153.15
yes,,27.68522594707655,85.34705160759745,104.01
yes,,27.685101395725717,85.34698679399497,139.04
yes,,27.684984587035313,85.34703667033051,51.5
yes,,27.684907234180585,85.3470345180659,39.66
yes,,27.684827964876963,85.34712149175925,15.88
yes,,27.68489192304888,85.34713347819309,45.89
yes,,27.685181483824863,85.34726394633708,125.92
yes,,27.685048825563477,85.34723492742849,109.99
yes,,27.684941385842418,85.34721648998432,89.74
yes,,27.684829253532314,85.34719493010947,86.44
yes,,27.685136316078598,85.34736699745262,147.92
yes,,27.684598208188476,85.34563890366056,55.52
yes,,27.68540545001576,85.34561559999808,70.56
yes,,27.6853349711758,85.34561895528638,96.75
yes,,27.685255346459396,85.34560633516733,104.79
yes,,27.68518117488239,85.3456151238613,55.61
yes,,27.68526939999198,85.34574595000606,100.27
yes,,27.685025977369058,85.34561160696431,76.02
yes,,27.684957347236118,85.34564698038677,73.31
yes,,27.684877850007876,85.34567334999794,108.2
yes,,27.684744360570523,85.34566728169857,78.54
yes,,27.684672866507388,85.34576553903497,89.57
yes,,27.68523233228883,85.34593907862194,43.23
yes,,27.685057264695693,85.34599665624867,48.54
yes,,27.68498698651978,85.34608147263003,108.26
yes,,27.684723745659497,85.34590656997557,108.93
yes,,27.684837200000423,85.34586670000067,20.91
yes,,27.6847725453813,85.34597582892196,65.14
yes,,27.684832900003034,85.34603619999794,41.25
yes,,27.684808810034827,85.34613335389244,75.02
yes,,27.68489233000329,85.34620090418986,45.31
yes,,27.684924242743516,85.34612191194246,77.62
yes,,27.68495283150038,85.3459119681372,129.27
yes,,27.68503132520917,85.34588019356936,108.62
yes,,27.685214521308787,85.3458563788622,105.9
yes,,27.68512282421169,85.34587119093686,115.64
yes,,27.68518166296319,85.34600481227338,95.41
yes,,27.685113646703332,85.34606376613009,110.6
yes,,27.68507084721487,85.34615021411975,89.44
yes,,27.685042846853147,85.34621458426277,75.18
yes,,27.68499091994992,85.34627353823662,107.87
yes,,27.684704404048983,85.3463349243623,121.84
yes,,27.684815094587073,85.34629438701997,97.63
yes,,27.684759850245612,85.3462196979455,64.74
yes,,27.684701437140568,85.34614045890588,126.46
yes,,27.68463799522339,85.34606480100194,91.19
yes,,27.684587964741876,85.34622131385495,119.01
yes,,27.684646071018328,85.34628997572679,113.58
yes,,27.687608821045334,85.36434883539603,119.37
yes,,27.68743314078126,85.36430599790036,159.65
yes,,27.687313482993694,85.36390241428082,155.29
yes,,27.68720600052501,85.36399484600246,114.31
yes,,27.687251266626184,85.36438297374052,178.44
yes,,27.687146150004537,85.36443040001191,82.89
yes,,27.6872251564676,85.36453291210016,42.4
yes,,27.687185750005327,85.36448915001206,85.09
yes,,27.68731623727858,85.36448766653916,68.97
yes,,27.687373297911616,85.36450361962281,3.93
yes,,27.686995615927056,85.3645631767709,69.93
yes,,27.687058485679675,85.36459936041256,1.75
yes,,27.68567480023071,85.3649560717255,1.46
yes,,27.68552483163789,85.36493233358347,228.4
yes,,27.67603563647197,85.3372308479593,53.96
yes,,27.68473749185693,85.36511489839046,1.82
yes,,27.690760635157087,85.34588417470503,89.92
yes,,27.69073875954806,85.34617921945231,83.01
yes,,27.690717779640966,85.34606505858014,102.56
yes,,27.69068494682048,85.34589757945658,39.72
yes,,27.69056576339971,85.34592607047493,149.48
yes,,27.690607681280216,85.34610278184185,119.99
yes,,27.690629600004208,85.34622025000313,120.12
yes,,27.690656986671915,85.34634139817561,97.79
yes,,27.690700042597662,85.34652192031396,120.64
yes,,27.69074255000424,85.34666549999753,40.09
yes,,27.69064875604377,85.34660710359748,199.67
yes,,27.69054583900565,85.34656249212689,55.6
yes,,27.690379799999853,85.34666620000013,53.38
yes,,27.690371744970342,85.34673468007436,75.5
yes,,27.690447344434396,85.34673477572233,47.43
yes,,27.69049991008231,85.34669732702874,73.56
yes,,27.690563684661598,85.3466854893628,87.33
yes,,27.69048770204938,85.34658425040531,71.74
yes,,27.690412500725554,85.34643311254467,107.62
yes,,27.690425185400922,85.34632945353377,48.54
yes,,27.690462592114166,85.34645705849975,64.46
yes,,27.69059045917383,85.34640499775985,47.3
yes,,27.69051898897189,85.34639150855526,52.46
yes,,27.690531520574915,85.34629910559852,137.6
yes,,27.69049634798324,85.34619490831341,164.34
yes,,27.690468749836747,85.34608552955831,104.92
yes,,27.690446456700183,85.3459982063504,69.78
yes,,27.690440104072206,85.34592749822922,72.44
yes,,27.69027563373751,85.34610011543008,24.03
yes,,27.690354978388765,85.3461129500312,60.7
yes,,27.69034703809377,85.34605956616264,42.04
yes,,27.69023584999899,85.3460324000003,89.05
yes,,27.690331770215757,85.34600574177134,46.92
yes,,27.69030188552447,85.345888683197,75.6
yes,,27.690205088003363,85.34588585785819,109.93
yes,,27.690210508780634,85.34579068929115,80.97
yes,,27.6902556624017,85.34568578812348,183.45
yes,,27.690251208945035,85.3461727224611,97.03
yes,,27.690264967800402,85.34626678064463,86.84
yes,,27.69029962993044,85.34637054240592,112.16
yes,,27.690316812713032,85.34651822382389,213.32
yes,,27.69085794085143,85.34687161861869,150.14
yes,,27.690715986764804,85.34705859234472,56.96
yes,,27.69071785000113,85.34716329999863,72.77
yes,,27.690598570573297,85.34715429159378,62.08
yes,,27.690619250005046,85.34694819999976,126.26
yes,,27.690638688868884,85.34683322629081,27.65
yes,,27.690503800007328,85.34691839999958,77.67
yes,,27.690510841613104,85.34705978059877,101.98
yes,,27.690311974792863,85.34703006867659,77.64
yes,,27.690407701546608,85.34702718516485,133.85
yes,,27.690432037945108,85.34690731112724,81.15
yes,,27.690315576643847,85.3469532431688,47.21
yes,,27.690275550002735,85.34686014999987,103.45
yes,,27.69024147211015,85.34695294945305,68.88
yes,,27.690230305828464,85.34701765018606,51.17
yes,,27.690163773003,85.34687300130972,66.45
yes,,27.69006730801314,85.34687084491704,63.08
yes,,27.690100571228783,85.34708577417818,56.64
yes,,27.69016965813193,85.34713968348332,50.7
yes,,27.690234338123282,85.34718954449134,65.76
yes,,27.69030772540645,85.34723852278577,79.26
yes,,27.690392878416876,85.34726832783781,113.75
yes,,27.69011897466701,85.34728034593395,86.45
yes,,27.69001138332133,85.34718915213392,123.66
yes,,27.689920395939307,85.34708233428238,92.42
yes,,27.689868834623457,85.34701930011012,112.56
yes,,27.689972283827345,85.34732469718466,63.57
yes,,27.68992470000526,85.34726720000886,75.87
yes,,27.689876276124988,85.34720843173383,95.97
yes,,27.689823026446476,85.34715852616598,59.81
yes,,27.689807773161764,85.34732534353816,119.26
yes,,27.68974165000408,85.34723765000524,60.89
yes,,27.689671396340525,85.34732948308928,56.57
yes,,27.689688464980403,85.34717559182297,80.55
yes,,27.689695747544693,85.34700981636735,74.59
yes,,27.689525700251416,85.34570137971205,202.03
yes,,27.689850559378314,85.34622407890178,104.68
yes,,27.689939739142616,85.34660662058769,122.55
yes,,27.689880395650167,85.34645754226128,81.53
yes,,27.6898294042733,85.34613428437646,82.07
yes,,27.689728822871416,85.34612601695991,76.07
yes,,27.68975947030595,85.3462082303886,77.06
yes,,27.689777079680734,85.34634352390718,93.02
yes,,27.689804456817143,85.3464782968372,83.49
yes,,27.689653682387558,85.34646834536196,71.68
yes,,27.689744055783468,85.3466039556933,110.82
yes,,27.689837102709937,85.34658914242483,95.61
yes,,27.689751920483015,85.34675841342609,116.58
yes,,27.689817138866818,85.34682999276681,86.91
yes,,27.689773951536054,85.3468883015995,65.71
yes,,27.689831406338783,85.34673472434999,10.15
yes,,27.689856378852408,85.34667316772008,54.0
yes,,27.689908848310388,85.34678068798544,77.25
yes,,27.68998749129382,85.34676980756866,68.18
yes,,27.690084293281473,85.34672100754469,99.25
yes,,27.690070917364135,85.34660463939859,104.48
yes,,27.690147515369503,85.34647271603788,78.79
yes,,27.690123790725593,85.34637955329777,141.77
yes,,27.69004189115775,85.34649373979178,71.34
yes,,27.690026564725105,85.34641540144432,108.56
yes,,27.6900011366446,85.34629940284141,131.23
yes,,27.68998289222508,85.34619095420736,84.53
yes,,27.69007747929177,85.34611332928661,147.43
yes,,27.689974975935495,85.34608325643049,76.12
yes,,27.690048939336283,85.34599681917705,85.47
yes,,27.690007009131225,85.34575981769174,176.53
yes,,27.690005386978726,85.34588555319604,117.67
yes,,27.689997889648176,85.3455825326579,120.36
yes,,27.69007918016154,85.34559146262113,125.0
yes,,27.689918073038818,85.34552843296278,56.51
yes,,27.689685143275224,85.34549732691757,80.21
yes,,27.689671954128766,85.34557767287774,113.87
yes,,27.68969689266876,85.34569042262517,85.03
yes,,27.689663542799153,85.34588935610323,104.23
yes,,27.689539843890095,85.34552943583682,138.72
yes,,27.689396950091687,85.34559896985475,156.79
yes,,27.689424493594036,85.34545192017109,96.15
yes,,27.689298827361576,85.3453988664145,104.88
yes,,27.68918760417851,85.34538345445111,126.61
yes,,27.689285024150337,85.34556320863936,92.86
yes,,27.689274915335126,85.3456743793088,92.71
yes,,27.689189588284943,85.34553701334563,64.1
yes,,27.68917518912142,85.34560842333354,48.94
yes,,27.68918126321619,85.34567738026702,47.05
yes,,27.68924036331848,85.34578007270949,106.44
yes,,27.690804171243997,85.3449004733968,113.21
yes,,27.690820745848896,85.34477454012182,94.01
yes,,27.690826736295026,85.34465545942169,126.25
yes,,27.69065653548355,85.34457774096327,138.52
yes,,27.690636900060483,85.34446712737477,102.57
yes,,27.690029314928555,85.34535976639181,65.87
yes,,27.69011919161254,85.34536445085445,162.41
yes,,27.690197019358525,85.34542829285338,131.09
yes,,27.690383660067045,85.34508388297898,266.1
yes,,27.690551850343795,85.345193929607,124.9
yes,,27.690550715039812,85.34505975186258,124.29
yes,,27.690664899999568,85.34504450000077,108.99
yes,,27.6906759315031,85.34513783228635,117.68
yes,,27.69059940663635,85.34486287069817,132.88
yes,,27.690525169297217,85.34454518597609,44.35
yes,,27.690531801611854,85.34467139764227,160.17
yes,,27.690478427834414,85.34480833887383,133.19
yes,,27.690366877897816,85.3446268307912,100.93
yes,,27.690327902874838,85.34453501105112,44.18
yes,,27.690258969106047,85.34448589769579,49.82
yes,,27.690247676196275,85.34464166401875,113.1
yes,,27.690254042235466,85.34482238405286,46.45
yes,,27.69027393716297,85.3447600350644,65.14
yes,,27.690185037656665,85.344798395903,41.6
yes,,27.690195805415556,85.34473816194932,61.79
yes,,27.69013558520935,85.3446643904027,81.04
yes,,27.690129442736744,85.34452915599667,168.33
yes,,27.689973224812963,85.34446251759968,121.83
yes,,27.689999084585846,85.34459171427854,113.83
yes,,27.689821473907262,85.3445629372023,80.69
yes,,27.68972055254783,85.34456745462012,103.88
yes,,27.689660131193005,85.34459021635905,98.59
yes,,27.68953890301392,85.34465086126266,102.75
yes,,27.68945050812625,85.34477652967641,74.03
yes,,27.69008867120935,85.3449104770403,81.04
yes,,27.68993317349141,85.34480200847638,57.79
yes,,27.68982139999438,85.34478584999071,99.04
yes,,27.68979460000297,85.34487694999714,84.33
yes,,27.69034605259519,85.34519547956656,131.95
yes,,27.69025502448386,85.34544845188438,65.66
yes,,27.690230231495534,85.34530118521306,128.1
yes,,27.690200087381918,85.34495755621175,95.5
yes,,27.69015570000695,85.34508020000081,98.56
yes,,27.69004199810177,85.34501924600185,71.43
yes,,27.689961637617312,85.3450042971372,89.98
yes,,27.68994259865987,85.34507957059355,79.42
yes,,27.689876140674187,85.34500253614634,60.1
yes,,27.689890595977182,85.34493353715644,62.09
yes,,27.68990762873246,85.34517519261678,84.54
yes,,27.689831629099533,85.34527613066076,73.14
yes,,27.689501811566572,85.3451331321871,38.72
yes,,27.68956545000078,85.34516849999859,22.19
yes,,27.689536050003564,85.345286750002,24.61
yes,,27.68959790000004,85.34531999999497,59.16
yes,,27.68962535000542,85.34521475000106,66.15
yes,,27.68972074999976,85.34511159999592,46.09
yes,,27.68974055000165,85.3450511999973,60.76
yes,,27.689616052284375,85.34506359026537,58.27
yes,,27.689647622008827,85.34497777836329,60.92
yes,,27.689686512629997,85.34487436212939,104.36
yes,,27.68954673030783,85.34480739250976,97.27
yes,,27.689510000001583,85.34490679999404,85.78
yes,,27.689428533517404,85.34488871768373,40.11
yes,,27.689413680984895,85.3451082856483,57.85
yes,,27.689451800001617,85.34500594998623,131.38
yes,,27.689331838493867,85.3447516246314,104.02
yes,,27.68935827495701,85.34489858901854,56.04
yes,,27.689337758535302,85.34496371990119,26.88
yes,,27.689330821028985,85.34506176539905,44.18
yes,,27.68942710745688,85.34522989739034,111.97
yes,,27.689332344470053,85.34519565696552,167.21
yes,,27.689086996206193,85.34505756228434,28.56
yes,,27.68912909792948,85.34511428500582,67.62
yes,,27.68915680000262,85.34519644999963,39.36
yes,,27.689128129035353,85.34501130007915,59.78
yes,,27.689276300249002,85.34506722294121,24.44
yes,,27.68921781532501,85.34502653605298,81.48
yes,,27.689269747342898,85.34489927038317,106.23
yes,,27.689236570603942,85.34473643833037,89.62
yes,,27.689129473660426,85.34472115898379,26.39
yes,,27.689140446588212,85.34481247092091,177.51
yes,,27.689143050848894,85.34490917160247,120.77
yes,,27.68944260000092,85.34463659999835,52.92
yes,,27.68944153281567,85.34452849937202,80.04
yes,,27.689352386082998,85.34452503874923,108.92
yes,,27.689225620187816,85.34456325929978,62.06
yes,,27.68913480313702,85.34453587622646,85.13
yes,,27.689078405777735,85.34466511998195,60.15
yes,,27.68895340887135,85.34457214092888,41.89
yes,,27.68890025056429,85.34447455645439,86.78
yes,,27.68883116193973,85.34459235651204,54.48
yes,,27.68891746832426,85.34469223657615,252.08
yes,,27.688909235399855,85.34489051060811,72.98
yes,,27.688546793145502,85.34476983551558,100.58
yes,,27.688678454775655,85.3445823657868,63.62
yes,,27.688684189138314,85.34467334304107,82.86
yes,,27.688616801768063,85.34472212834608,74.49
yes,,27.688765946274142,85.3448132414575,110.92
yes,,27.68864922985741,85.34487403008949,299.43
yes,,27.68876946887871,85.34519105117354,93.27
yes,,27.688578456441263,85.3450406837248,106.25
yes,,27.68853154999605,85.34511298761002,124.45
yes,,27.688490409541387,85.34519214311301,122.89
yes,,27.688547533319795,85.3445130004029,108.31
yes,,27.68847988772238,85.34494343336026,80.22
yes,,27.688990000008616,85.34514304999219,97.92
yes,,27.68903442973461,85.34524813063095,94.63
yes,,27.689049601967348,85.34533315388398,75.4
yes,,27.68895096575315,85.34550802226448,79.62
yes,,27.689047586893324,85.34550684281264,118.51
yes,,27.689051090179117,85.3454090740972,79.41
yes,,27.688958510869504,85.3453857085272,63.62
yes,,27.68902063105365,85.34560792717777,58.69
yes,,27.688864763362417,85.34499071922227,115.26
yes,,27.68888698491664,85.34516876379868,112.52
yes,,27.688794320393885,85.34508413600939,94.61
yes,,27.68884098087188,85.34523154195891,34.74
yes,,27.688876412284117,85.34527020956178,36.97
yes,,27.68889213435768,85.34548048880885,35.63
yes,,27.68883953292453,85.34538592535249,76.44
yes,,27.688648482119252,85.3452720885545,60.85
yes,,27.68870248089642,85.34530927461688,59.82
yes,,27.688712756342895,85.34559988407112,21.45
yes,,27.68875025000381,85.3454726500012,54.32
yes,,27.688664817281808,85.34540823380979,118.78
yes,,27.68859130522972,85.34534688408476,109.19
yes,,27.68849637304476,85.3456644996274,74.44
yes,,27.68857217948683,85.34563488232523,28.27
yes,,27.68854028023675,85.34557783098836,33.45
yes,,27.688591473345905,85.34552379462673,82.27
yes,,27.688510428757777,85.34547465073605,41.28
yes,,27.688634952805863,85.34565942409272,82.62
yes,,27.688454174630095,85.34552790683026,50.97
yes,,27.688843751612314,85.34562151608495,207.08
yes,,27.688906300003243,85.3457341999968,80.99
yes,,27.688864097855305,85.3458430745619,147.26
yes,,27.688785366430142,85.3458024657154,83.93
yes,,27.681131114490135,85.33778139737996,336.34
yes,,27.6863127005817,85.33585306687061,62.36
yes,,27.6725189000024,85.34722830000253,40.74
yes,,27.67241257228313,85.34688695231773,138.43
yes,,27.67228094943233,85.34691111677897,67.67
yes,,27.672426800006008,85.34673815000797,53.65
yes,,27.672540133482823,85.34667432051897,37.83
yes,,27.690719742930774,85.36171035946506,108.12
yes,,27.688514347533243,85.36143938457101,46.0
yes,,27.672941749448714,85.34630674716591,87.63
yes,,27.67342010879227,85.34543553593097,82.73
yes,,27.673487850005277,85.34550269999698,87.34
yes,,27.68359520000074,85.35041345000042,8.55
yes,,27.684091991337798,85.3509273688307,18.34
yes,,27.684320204306005,85.35070818027656,23.46
yes,,27.69199904494401,85.34717773343888,155.24
yes,,27.69212715000417,85.34720184999946,80.61
yes,,27.692255949174296,85.3471094011694,186.04
yes,,27.692154100018882,85.34705135000293,184.6
yes,,27.69264762543529,85.34719671630828,59.81
yes,,27.692631724819346,85.34733646240903,154.93
yes,,27.6927562647009,85.34722048094748,118.68
yes,,27.691297352489215,85.34716900828704,219.94
yes,,27.691267128807446,85.3470251066487,258.34
yes,,27.691152800016077,85.34670654999424,194.22
yes,,27.691201155504523,85.34684412012257,208.79
yes,,27.69105289874546,85.34680518132048,210.81
yes,,27.692030888819946,85.34592536140738,79.48
yes,,27.692030000001925,85.3458298499994,56.14
yes,,27.692048241483892,85.34573118423178,70.59
yes,,27.692099221963133,85.34553775591687,79.97
yes,,27.69211940000435,85.34543915000049,49.11
yes,,27.69211784478892,85.34531180014406,91.54
yes,,27.69201685000212,85.34618999999998,26.91
yes,,27.692027247162393,85.3467619137118,110.26
yes,,27.69209439655039,85.34677055945758,109.03
yes,,27.692185642448116,85.3467144791964,135.41
yes,,27.69198486616086,85.34657044471734,61.39
yes,,27.6920699614129,85.34658436936925,94.45
yes,,27.692019080136287,85.34640972905164,24.02
yes,,27.692081697909412,85.34645889049261,114.06
yes,,27.69220998750675,85.34635519968496,123.25
yes,,27.692066456548392,85.34630165387223,109.87
yes,,27.692105492286302,85.34620696183033,100.61
yes,,27.692099342950353,85.34608000913579,109.78
yes,,27.692118706862725,85.34596202788386,75.37
yes,,27.692191366572136,85.34565594666472,87.0
yes,,27.692205357698572,85.3455539931992,61.12
yes,,27.692229454848842,85.3454613108799,79.59
yes,,27.692254400221575,85.34536969622698,68.34
yes,,27.6923401499993,85.34528704998797,36.3
yes,,27.692287752465607,85.34522283232685,43.7
yes,,27.692303163590278,85.34566504644813,77.24
yes,,27.692381773133643,85.34570947942197,96.76
yes,,27.69240577109528,85.34557498880044,80.61
yes,,27.69237056015378,85.34544796198136,105.7
yes,,27.692447137075163,85.34547719234173,44.53
yes,,27.692522600001325,85.34541694999203,77.97
yes,,27.692504648888477,85.34552232240215,42.89
yes,,27.6924854255913,85.34560101898842,83.03
yes,,27.692484799998606,85.34570954999498,87.66
yes,,27.69246805000615,85.3458298499985,129.25
yes,,27.69242491961524,85.34611122765716,127.9
yes,,27.692143650006994,85.34582530000043,75.42
yes,,27.692218849816594,85.34609956245572,64.59
yes,,27.69223512234476,85.34602509736712,74.52
yes,,27.69223215149187,85.34593959528313,95.92
yes,,27.69224002042863,85.3458129077431,84.01
yes,,27.692351289659626,85.34586036177734,58.74
yes,,27.69234435000132,85.34597334999918,69.28
yes,,27.692339600003972,85.34607229999949,83.83
yes,,27.69241841054847,85.34627143123255,118.85
yes,,27.69233988342056,85.34618059645987,69.96
yes,,27.69233713201259,85.34626038584668,79.98
yes,,27.692363927906364,85.34649370330845,49.28
yes,,27.692348624419285,85.34640221329887,88.79
yes,,27.692429472266692,85.34639784723637,68.48
yes,,27.69249729662094,85.34638671420427,64.79
yes,,27.692331058027488,85.34658585293317,59.89
yes,,27.69231670277434,85.34667337583647,68.81
yes,,27.692400150003603,85.34659784999961,66.08
yes,,27.692472850010084,85.34671105000052,77.75
yes,,27.69255515000483,85.34673754999899,108.41
yes,,27.692499300002076,85.34659939999898,92.54
yes,,27.692464224014728,85.34649195781539,99.91
yes,,27.692586950003463,85.34662469999958,68.93
yes,,27.692585987520847,85.34651887203381,80.91
yes,,27.692567350506796,85.3464129591565,59.0
yes,,27.692614090376697,85.34635746405377,74.98
yes,,27.692546900004604,85.3462575999998,67.79
yes,,27.692632131513633,85.34627474808046,91.59
yes,,27.692558572239452,85.3459790094476,94.47
yes,,27.692592050004265,85.34586284999789,120.03
yes,,27.69260272005437,85.34571631802453,96.29
yes,,27.692630867864015,85.34560130777787,127.29
yes,,27.692650752117157,85.34547205023185,118.98
yes,,27.692645628535058,85.34617404486119,73.82
yes,,27.692673879497335,85.346094164843,101.3
yes,,27.6926824775751,85.34600499366412,48.05
yes,,27.692686791362387,85.34592932640108,67.32
yes,,27.692713627536058,85.3458515940536,63.9
yes,,27.692729389662414,85.34577438218005,52.67
yes,,27.692737787678666,85.34560615887627,119.22
yes,,27.692751633032973,85.34551226951221,94.48
yes,,27.69229937934682,85.34684063450281,158.22
yes,,27.69247703753954,85.34690129878372,84.8
yes,,27.692543363009378,85.34691929274314,107.23
yes,,27.692674673083154,85.34698607791344,106.04
yes,,27.69268133656497,85.3469139433777,101.08
yes,,27.692706751901824,85.34681946547039,113.43
yes,,27.69273394424011,85.34673138459814,93.43
yes,,27.692727268085115,85.34664452638029,89.84
yes,,27.692738753973963,85.34656747133926,97.72
yes,,27.692744192023387,85.34648948650995,100.32
yes,,27.692748363092804,85.34641366025318,100.32
yes,,27.692781148134603,85.34633805252226,80.14
yes,,27.69279347831889,85.34624524321973,133.88
yes,,27.692823343269083,85.34602269715593,82.8
yes,,27.69283699415365,85.34594124626331,79.27
yes,,27.692849119925643,85.34585945513658,103.95
yes,,27.692860146565085,85.3457726542557,82.89
yes,,27.692882644678495,85.34558014078843,43.09
yes,,27.691915401317672,85.34613434958264,142.58
yes,,27.691809029521075,85.34670988954143,70.6
yes,,27.691855298753143,85.34653525551391,123.76
yes,,27.6918859324521,85.34638466832351,60.41
yes,,27.69180929208652,85.34636695092418,78.6
yes,,27.691888557788157,85.34627162617359,98.58
yes,,27.691839687021368,85.346103483282,114.04
yes,,27.691908226103322,85.34596349398308,91.54
yes,,27.69190940858247,85.34587264403477,100.27
yes,,27.691925392808425,85.34577699298885,90.39
yes,,27.691857592781187,85.34564782881205,75.88
yes,,27.69186518253213,85.3455451657146,126.34
yes,,27.691855840702534,85.34533491065984,55.72
yes,,27.691859047282712,85.34542406210598,152.16
yes,,27.691957943868356,85.34565687275618,91.05
yes,,27.69198272654237,85.34554854132044,93.99
yes,,27.69198115525597,85.34541689900834,81.79
yes,,27.691966978129784,85.34527214487606,57.94
yes,,27.69188896639937,85.34524531664863,59.88
yes,,27.691877843303214,85.3451261917805,45.86
yes,,27.691955022307372,85.34514218092764,96.95
yes,,27.692198754245123,85.34517034917157,49.79
yes,,27.69213180538515,85.34512156219019,72.6
yes,,27.692054250002222,85.34506859999308,65.99
yes,,27.69311134623846,85.3468553739401,63.68
yes,,27.69307675257665,85.34679880712464,15.98
yes,,27.693103527017705,85.34676699170058,36.41
yes,,27.693083009570113,85.34671897610616,20.35
yes,,27.69317154999636,85.346722749999,36.62
yes,,27.693239576076646,85.34671929276128,17.11
yes,,27.693246856807864,85.34665911129902,125.05
yes,,27.693259889310717,85.34651793845696,72.21
yes,,27.69319853950843,85.34650885311069,66.54
yes,,27.693115872666016,85.34656674203246,109.15
yes,,27.693115401987765,85.34648039924392,90.97
yes,,27.69323925822732,85.34680421235197,119.33
yes,,27.69317489999726,85.34694774999949,32.19
yes,,27.69318510509226,85.34689463350098,74.02
yes,,27.69319327724526,85.34703888629932,32.25
yes,,27.69305910000417,85.34696679999877,102.95
yes,,27.69304405427972,85.34709255551661,78.41
yes,,27.693134828371146,85.3470253352478,72.14
yes,,27.693130124941423,85.3471325150437,99.66
yes,,27.69310802265815,85.34727451023745,114.02
yes,,27.693020569973285,85.34721020300141,76.17
yes,,27.692974774016648,85.34650758901311,101.75
yes,,27.692873077410415,85.34712509188874,131.36
yes,,27.692891089789207,85.34699422271638,175.79
yes,,27.69289099999966,85.34677479999884,65.08
yes,,27.692902954202307,85.34687488151684,184.09
yes,,27.692986816516136,85.3463046371659,94.44
yes,,27.692975815886612,85.34617755295915,75.56
yes,,27.69299396737578,85.34605705570996,81.08
yes,,27.693004315968608,85.34594567364124,97.23
yes,,27.693216299215138,85.3464189358392,14.26
yes,,27.69324123554948,85.34637251927201,32.75
yes,,27.693249000456667,85.3462843415159,82.89
yes,,27.693284469122165,85.34608768784662,55.92
yes,,27.693259596931934,85.34603083376963,23.22
yes,,27.69307609999918,85.34588219999972,22.37
yes,,27.693285314143342,85.34578792131839,105.66
yes,,27.693205003685456,85.3457380448667,58.78
yes,,27.693067580443934,85.34546855737553,72.06
yes,,27.693241416563794,85.345589232034,54.41
yes,,27.6932638079789,85.34547532762528,57.99
yes,,27.693197982768933,85.34525677313157,86.09
yes,,27.693288915285567,85.3450987216268,287.54
yes,,27.693287996132366,85.34493882032585,43.81
yes,,27.693060523598398,85.34486622076646,110.18
yes,,27.69320345936184,85.34477772047939,238.53
yes,,27.69304005000502,85.34499489999985,78.13
yes,,27.692908700001183,85.34481404999597,67.73
yes,,27.692959992109056,85.34523070050648,90.28
yes,,27.692896576833768,85.3451407214477,75.28
yes,,27.692961850002476,85.34533990000135,34.23
yes,,27.692928952300516,85.34543448306954,65.44
yes,,27.692826709845534,85.34530891796824,167.06
yes,,27.692707880465647,85.34527935336978,90.65
yes,,27.69275715505196,85.34516122433968,114.86
yes,,27.692825942520017,85.34477722179571,83.3
yes,,27.69286602045042,85.34501259108188,75.15
yes,,27.692784251396006,85.34490207897261,94.68
yes,,27.692698804441218,85.34486813623461,61.74
yes,#1,27.69267610000778,85.3450823500027,86.77
yes,,27.692617800006737,85.34526230000314,65.56
yes,,27.69291880452836,85.34458386635478,75.96
yes,,27.69281334215211,85.34452852053053,129.6
yes,,27.692656998417693,85.34457599890975,105.04
yes,,27.692667707579506,85.34471556606924,86.26
yes,,27.69260091291938,85.34467307949836,80.95
yes,,27.692526800001406,85.34464509999648,61.84
yes,,27.69254780000217,85.34455029999533,81.59
yes,,27.692477259264805,85.34495850593595,113.78
yes,,27.692349657798623,85.34507568274793,144.38
yes,,27.692359233639362,85.34494064419285,100.4
yes,,27.692363830530173,85.34482311852153,95.83
yes,,27.69239009999757,85.34472134999288,66.46
yes,,27.692348638968728,85.34459517218151,74.03
yes,,27.69228209819819,85.34468450695503,66.89
yes,,27.69227795000359,85.34478144999977,58.5
yes,,27.69223695622329,85.34486498001085,69.65
yes,,27.69220596348367,85.34498085788056,60.99
yes,,27.69214191243354,85.34493534365828,54.87
yes,,27.692143091862473,85.34483404531515,108.82
yes,,27.692187130290602,85.34474823553792,52.54
yes,,27.692252395639933,85.34454933973545,89.5
yes,,27.69211491692299,85.34458970055508,75.7
yes,,27.692021760268688,85.34451586459224,74.38
yes,,27.692083200000237,85.34473414999873,8.66
yes,,27.692109833045723,85.34468488874406,36.1
yes,,27.692035443580973,85.34465601752568,82.77
yes,,27.69203211364443,85.34477632178427,85.79
yes,,27.69196205000236,85.34485404999971,37.32
yes,,27.691903597079072,85.34479310275654,68.95
yes,,27.691924299998938,85.34471374998749,84.3
yes,,27.691933709481948,85.34459537469513,96.73
yes,,27.691806144523117,85.34453058013325,61.23
yes,,27.691806410424576,85.34471298940583,49.07
yes,,27.691770219089317,85.34461584812001,57.78
yes,,27.691718548157212,85.34455281560494,33.98
yes,,27.691776515647092,85.34483314158265,17.97
yes,,27.691745767927195,85.34489856970794,50.99
yes,,27.691643100007553,85.34487584999793,117.73
yes,,27.69157528280221,85.34478555348822,98.97
yes,,27.691508586769995,85.34483956984825,29.88
yes,,27.691705700006082,85.3447855999953,90.37
yes,,27.69153829388319,85.34451032091297,25.64
yes,,27.691506310187243,85.34462882455387,105.68
yes,,27.691381197075923,85.34465171915394,82.42
yes,,27.691282920612952,85.3446150136665,145.97
yes,,27.691299682275694,85.34475025157366,113.63
yes,,27.69116456118707,85.34466910800408,84.26
yes,,27.69115531067606,85.34455252382527,123.48
yes,,27.691062175235768,85.34484164430623,37.3
yes,,27.691182874322372,85.34477680775962,156.87
yes,,27.69105621363992,85.34472048735859,114.01
yes,,27.690907922420177,85.34447711706852,92.42
yes,,27.69097973431973,85.34462950978914,76.19
yes,,27.690942500002073,85.34478484999977,79.31
yes,,27.69149439999355,85.34517029999576,124.73
yes,,27.69169279999674,85.34540639999983,60.73
yes,,27.691702346392727,85.34548119735041,79.87
yes,,27.69172935001233,85.34529249999899,104.04
yes,,27.691721550003145,85.3451767499996,56.67
yes,,27.69176990000337,85.34508899999967,56.59
yes,,27.691659181527733,85.34528324246503,55.68
yes,,27.691647323356815,85.34516294251483,82.16
yes,,27.691600896587712,85.34504255423629,110.86
yes,Asian Boys Hostel,27.691547449994918,85.34528844999893,96.19
yes,,27.691191312513016,85.34497232916353,171.14
yes,,27.69130256558865,85.3449864784571,189.86
yes,,27.691071794433654,85.34496972349001,110.8
yes,,27.69098868369732,85.34496029415898,78.18
yes,,27.690831659829755,85.34499319607868,139.47
yes,,27.69089886360522,85.34520362097811,173.0
yes,,27.690992975012627,85.34540226527389,73.05
yes,,27.691089459434146,85.34540342443881,42.54
yes,,27.691051329060233,85.34531439708209,114.92
yes,,27.691007804686844,85.34513181991922,141.61
yes,,27.69111187490407,85.34514996380337,151.43
yes,,27.691212506528444,85.34515207094096,125.96
yes,,27.691464345485073,85.34501262327673,89.93
yes,,27.691597800003063,85.34552359999978,70.37
yes,,27.691542149266606,85.34539271331887,102.2
yes,,27.691430950008993,85.34548754999932,98.62
yes,,27.69132735000582,85.34549224999951,112.13
yes,,27.69120686625742,85.34533296716282,92.94
yes,,27.69119735477615,85.34548260651708,90.93
yes,,27.691088900001567,85.34551839999969,125.83
yes,,27.6909702310994,85.34548668630143,94.3
yes,,27.691704450011187,85.34666774999974,109.83
yes,,27.69153475741164,85.34638492484812,51.45
yes,,27.69124907589874,85.34637996103041,50.66
yes,,27.691342413773707,85.34637857509551,95.65
yes,,27.691312348001702,85.34648708675039,139.62
yes,,27.691414841165567,85.34652512432076,121.67
yes,,27.691537454488554,85.34649202469177,91.51
yes,,27.69161634194676,85.34659494782133,101.46
yes,,27.691707425619693,85.34649336073677,60.36
yes,,27.691715226160326,85.34637643689267,91.21
yes,,27.691728401183997,85.34625592285788,73.24
yes,,27.691629794372375,85.34634952451596,65.11
yes,,27.691697159513794,85.34610162342794,120.83
yes,,27.69170115865436,85.34592088667807,100.27
yes,,27.69168189257914,85.34581881774749,81.28
yes,,27.691688065034143,85.3457331085521,73.94
yes,,27.691695284264878,85.3456370066439,130.35
yes,,27.69158135001137,85.34566974999865,89.62
yes,,27.691517602558694,85.34566082436011,68.42
yes,,27.691544632516724,85.3458153784405,111.6
yes,,27.691575831135516,85.34611273855472,162.01
yes,,27.691441557384586,85.34638242514714,54.55
yes,,27.691464437158725,85.34623449832026,182.51
yes,,27.69144595491675,85.3460410722418,155.68
yes,,27.691413711754862,85.34589932724218,148.72
yes,,27.69140977070989,85.34579475433908,82.89
yes,,27.691389550928914,85.34569364373974,172.98
yes,,27.691348945652873,85.3462679752699,28.03
yes,,27.691265851041713,85.3462775151411,99.61
yes,,27.691300240032263,85.34612462017996,148.28
yes,,27.691183076862888,85.34614012049602,126.5
yes,,27.691235605502545,85.34604187338843,135.3
yes,,27.69130016081653,85.34595577465224,67.12
yes,,27.691200717063552,85.34594938222936,80.68
yes,,27.691106126775825,85.34596974336043,42.79
yes,,27.691258430567753,85.34582724596555,123.59
yes,,27.69122217170479,85.34570286046191,139.74
yes,,27.691019899998057,85.34565020000028,44.13
yes,,27.69105137021355,85.3457345659789,95.49
yes,,27.691089382852688,85.34584316631482,177.6
yes,,27.692484515666454,85.34727573690819,372.1
yes,,27.692025063225802,85.3473366914524,134.41
yes,,27.692126925373692,85.34735204220313,73.04
yes,,27.692211286737198,85.34734419482442,88.87
yes,,27.692423335888375,85.34712130070758,147.64
yes,,27.692023252740825,85.34702172175902,286.5
yes,,27.69188301228311,85.34697066576355,115.5
yes,,27.691860822145753,85.34722277932833,72.14
yes,,27.691708763442335,85.3469223733078,120.51
yes,,27.691768858036394,85.34707926416759,113.35
yes,,27.691546563419397,85.34719535618795,122.46
yes,,27.69160784184654,85.34706258100377,114.99
yes,,27.691373865456274,85.34678340653522,229.81
yes,,27.691716800001803,85.34722414999966,83.65
yes,,27.691606210510894,85.34732938364458,212.78
yes,,27.690873952395723,85.34574572583348,41.33
yes,,27.690859728115466,85.34623176704213,149.04
yes,,27.690838799999785,85.34612455000261,67.01
yes,,27.690799393578764,85.34603691550096,96.26
yes,,27.691066928169402,85.34641560370568,79.35
yes,,27.691131883048545,85.34651548385256,114.93
yes,,27.69104635004637,85.3465362788087,94.79
yes,,27.691045800007547,85.34630120000752,250.61
yes,,27.69087988565768,85.34585779282523,162.52
yes,,27.69091748723183,85.34597555168408,98.69
yes,,27.69094618245229,85.3460550716569,101.26
yes,,27.690977649996814,85.34614605001128,140.03
yes,,27.69095374628148,85.34639872606535,53.65
yes,,27.69097190001064,85.34652459999901,63.13
yes,,27.690896300007015,85.34643719999856,77.56
yes,,27.690765682894995,85.34629529886423,156.21
yes,,27.690791168871304,85.34643196567212,87.33
yes,,27.690821809040745,85.34657285179871,116.86
yes,,27.690888194187266,85.34670961560693,89.47
yes,,27.690758497721603,85.34686137869349,156.57
yes,,27.691340267238076,85.34727972191075,117.86
yes,,27.69112345772646,85.34700512262741,89.35
yes,,27.69113615000317,85.34712410000078,92.99
yes,,27.69115962470376,85.34724493933018,48.6
yes,,27.690990844739986,85.34709327064533,95.38
yes,,27.690964357498924,85.34699138269586,73.94
yes,,27.688823400008673,85.3604512500101,97.31
yes,,27.68582578940915,85.35856227262839,62.85
yes,,27.686016000003452,85.3584530999985,85.58
yes,,27.685969431743157,85.35880677626814,383.62
yes,,27.685998250007177,85.35938935000856,98.92
yes,,27.68647552981591,85.36013865405967,149.86
yes,,27.684531739607888,85.3597019693883,51.32
yes,,27.684410338426254,85.36066255547959,117.12
yes,,27.68422200001053,85.36018170000392,151.6
yes,,27.695680356790636,85.35211395266646,136.86
yes,,27.695684500002365,85.35123349998761,48.9
yes,,27.695829542284958,85.35057073559993,24.0
yes,,27.696501249998857,85.35028524999507,33.21
yes,,27.69646705207481,85.35004314226754,43.51
yes,,27.691246733613678,85.36160482933963,62.35
yes,,27.691180639971584,85.36160090357482,74.2
yes,,27.689304983165748,85.3615276991145,117.43
yes,,27.687682281022575,85.36438054627446,6.36
yes,,27.688524000750526,85.3580703834991,16.05
yes,,27.688834067843214,85.3581159573153,38.24
yes,,27.688889604279318,85.35805548215276,37.44
yes,,27.68877776536667,85.35808032670012,39.61
yes,,27.68869379067438,85.35808971576165,31.3
yes,,27.68860850196605,85.35804488319909,64.52
yes,,27.688529400003613,85.35796960000151,46.69
yes,,27.688589709739087,85.35793239381861,90.27
yes,,27.688388487894112,85.35798976620288,355.06
yes,,27.688436600002067,85.35788679999722,27.88
yes,,27.688483144651098,85.35746263651728,117.2
yes,,27.688593623797736,85.35752979316624,51.65
yes,,27.68842069127805,85.3574004809634,157.93
yes,,27.688404568705494,85.35779563061287,55.22
yes,,27.688734200002298,85.35788770000192,30.15
yes,,27.688937331928475,85.35785764636526,50.48
yes,,27.68886124251975,85.35781876874077,50.12
yes,,27.688758681951498,85.35774937530029,82.89
yes,,27.689467972870702,85.35762028321086,118.08
yes,,27.689431157214138,85.3578981518295,82.96
yes,,27.689363181182973,85.35805759472744,63.52
yes,,27.688950002024022,85.35809507679284,64.16
yes,,27.688935100003484,85.35818519999827,69.88
yes,,27.689005850003188,85.3582823000001,48.59
yes,,27.68902009903286,85.35821551070144,33.21
yes,,27.689046550005138,85.35814445000094,69.69
yes,,27.689076055116193,85.35806584986027,42.11
yes,,27.689195650003224,85.35802130000113,38.55
yes,,27.689148896952727,85.35786691823229,99.77
yes,,27.68900128013218,85.35764954306066,92.01
yes,,27.69281168941015,85.35320761696053,331.75
yes,,27.69237001244153,85.35295666877028,149.03
yes,,27.692216873839072,85.35288794811854,419.33
yes,,27.692305405106413,85.35401444035439,259.24
yes,,27.690674799999073,85.35329999999121,56.8
yes,,27.690723377124787,85.35307071412386,514.87
yes,,27.690477033490986,85.3531822788224,85.33
yes,,27.69040794939379,85.35311074966219,62.42
yes,,27.690556125224134,85.35092423192809,196.23
yes,,27.69045447227349,85.35082399823258,360.81
yes,,27.69062421804826,85.35060925452976,83.94
yes,,27.690577850123187,85.35069049372194,51.77
yes,,27.69034747909091,85.35087500250461,79.38
yes,,27.690288553756325,85.35098878590007,145.61
yes,,27.69024743802013,85.35092065576708,69.48
yes,,27.690225197622862,85.35083177276087,97.08
yes,,27.690240718680677,85.35073376713648,99.84
yes,,27.690213906112845,85.35058687543983,95.12
yes,,27.69062412285533,85.35105884098371,152.28
yes,,27.690306565348138,85.35112186503127,82.18
yes,,27.69022124486795,85.35115894904882,210.45
yes,,27.689965997273607,85.35120988129368,132.42
yes,,27.690102037307526,85.35095585994513,113.57
yes,,27.689983027338794,85.35101588104312,196.57
yes,,27.689897755914956,85.3513288289095,142.33
yes,,27.689948504322114,85.35144744523821,87.92
yes,,27.689978235321025,85.35152740677779,72.96
yes,,27.689998222449315,85.3516224103001,126.14
yes,,27.690045635857302,85.35171438021922,122.5
yes,,27.68992918931776,85.35177723008131,118.24
yes,,27.689818749044484,85.35170398214869,57.04
yes,,27.689788782681582,85.35134333389301,51.12
yes,,27.689646910322455,85.35145510967328,39.96
yes,,27.68968550000044,85.35138920000212,42.38
yes,,27.689474329795267,85.35007013743802,43.4
yes,,27.68949595290538,85.35008854970545,403.19
yes,,27.689480754714708,85.35073549177002,323.2
yes,,27.68962004604595,85.35069629547903,94.96
yes,,27.689412470579477,85.35110923489157,145.73
yes,,27.689815839453118,85.35121451967483,56.94
yes,,27.68980123653011,85.35111019876024,75.17
yes,,27.68969885888375,85.3510266326777,158.66
yes,,27.689770598433043,85.35097644569252,108.93
yes,,27.68976392624536,85.35087224341184,81.48
yes,,27.68973331685056,85.35078037027324,85.48
yes,,27.68974359545954,85.35056916963632,96.2
yes,,27.689667815505267,85.3505503092688,67.47
yes,,27.689316200000405,85.35047384999903,32.8
yes,,27.68932377554661,85.35041234153988,39.61
yes,,27.689322174539207,85.35034497904638,53.89
yes,,27.689327910517328,85.35026709795598,53.74
yes,,27.689629925419137,85.34999462973862,107.62
yes,,27.68961354507311,85.35011537523641,37.72
yes,,27.68965699999888,85.35021265000053,73.97
yes,,27.68955505000262,85.35029354999959,60.46
yes,,27.689454849998594,85.35027554999893,73.11
yes,,27.68944947354751,85.35038440791412,84.43
yes,,27.68952418671757,85.35055254862478,117.26
yes,,27.689440788235217,85.35049584730181,40.76
yes,,27.689422074839673,85.35056958587974,66.75
yes,,27.68921826659602,85.35058769926482,18.27
yes,,27.68928542399754,85.35055319793106,70.95
yes,,27.689303891304565,85.35068357795579,62.98
yes,,27.68933832871835,85.35078066199134,99.67
yes,,27.689543545308553,85.35091860982533,132.78
yes,,27.689562907286746,85.351065436724,475.38
yes,,27.68965577443413,85.35122601323792,282.29
yes,,27.689481016633536,85.35132390984192,176.17
yes,,27.689381382965294,85.35124824871225,87.71
yes,,27.6893455712982,85.3509662915514,175.37
yes,,27.689287482247533,85.35089749817064,91.93
yes,,27.68921212701947,85.35104819099148,225.84
yes,,27.689240602387425,85.35123636378401,117.57
yes,,27.689069200001647,85.35139000000001,24.94
yes,,27.68911716722737,85.3514156357784,31.76
yes,,27.68918767668856,85.35144350207891,37.28
yes,,27.68915192283221,85.35130890669859,94.46
yes,,27.68913581695356,85.35120809962483,119.37
yes,,27.68902570762981,85.35124830568654,145.28
yes,,27.688951900004902,85.35090964999972,45.7
yes,,27.689043384168894,85.35078910437826,51.93
yes,,27.68896620000328,85.35076134999883,90.01
yes,,27.688838523146515,85.35090981057515,128.63
yes,,27.688842496743323,85.35072858004277,105.9
yes,,27.688887881112485,85.35059693908777,130.91
yes,,27.689174490261834,85.35064692741449,68.12
yes,,27.689133783845136,85.35069955289126,59.67
yes,,27.689055345814168,85.35062105231977,83.68
yes,,27.68921735000695,85.35021365000003,36.36
yes,,27.689166250001072,85.35017574999979,28.66
yes,,27.689092499999145,85.35011429999818,43.89
yes,,27.689087016978107,85.35035644311279,367.86
yes,,27.689040396043087,85.35049057011771,79.4
yes,,27.688964407923695,85.3504513885468,59.46
yes,,27.688894840341465,85.35044739021457,37.85
yes,,27.689131208256306,85.34996937252002,67.65
yes,,27.68903944118901,85.34988979150802,150.38
yes,,27.68873838740273,85.35050405216512,904.29
yes,,27.688709674683576,85.35076685802485,85.07
yes,,27.688705119394086,85.3508338851385,50.37
yes,,27.688721875784285,85.35093823594599,107.95
yes,,27.688473805132016,85.35100241901297,47.35
yes,,27.6885390569438,85.35048665448554,108.05
yes,,27.688733199996868,85.3501827499982,54.42
yes,,27.68852601658905,85.35015808754446,138.99
yes,,27.68852513771561,85.35025557485166,92.72
yes,,27.681294511622866,85.3414617126331,37.04
yes,,27.681390770362942,85.34153077004902,227.78
yes,,27.6814574631224,85.34134102425149,236.45
yes,,27.681213959566605,85.34150217446224,264.55
yes,,27.681233699995303,85.34135020000163,112.02
yes,,27.681471576197715,85.34118305755224,155.6
yes,,27.681163459890556,85.34115376917218,137.27
yes,,27.681246005040293,85.34115165673246,119.68
yes,,27.68133381275895,85.3411284516437,126.64
yes,,27.681313476514656,85.34102134877773,81.4
yes,,27.681441826262894,85.34098588649866,211.23
yes,,27.682552023888196,85.33954220139525,106.56
yes,,27.68249413467412,85.33938556015958,142.91
yes,,27.681603950009308,85.340312299994,123.74
yes,,27.6815345500016,85.34016295000824,134.3
yes,,27.681718000012452,85.34022439999835,197.17
yes,,27.681664449971528,85.34013134808626,97.91
yes,,27.681786731693524,85.34011538138033,53.34
yes,,27.68178067619408,85.33999778340306,98.69
yes,,27.681252077424983,85.34041553574512,118.29
yes,,27.682062538610488,85.33967893824254,101.97
yes,,27.682009294363844,85.33960136518752,26.01
yes,,27.681965972950277,85.33957221353275,24.45
yes,,27.682120167055764,85.3396117043105,31.19
yes,,27.682072076354242,85.33957343163902,57.6
yes,,27.682021460232686,85.3395388534958,30.07
yes,,27.68197580889182,85.33948928608557,63.9
yes,,27.68147083711566,85.34062860995786,124.57
yes,,27.681537500004545,85.34057744999755,61.7
yes,,27.681924948386573,85.3402753668194,60.72
yes,,27.681965900002414,85.34019809999853,44.83
yes,,27.682008902393953,85.34013614916546,46.98
yes,,27.68205094866891,85.34008806878704,41.82
yes,,27.68208463884348,85.34002554529857,51.29
yes,,27.682550450001433,85.3399031000022,17.81
yes,,27.682477633624323,85.33995169907575,92.74
yes,,27.6824295435401,85.33986327973668,59.41
yes,,27.682382649540642,85.33982469872322,65.77
yes,,27.68233484546045,85.33978819514086,80.11
yes,,27.682532816168955,85.33964609767719,41.74
yes,,27.682416784266696,85.33968978649204,91.75
yes,,27.682413767456143,85.33953368081721,109.93
yes,,27.681631319374436,85.34000798509582,42.7
yes,,27.68148570001338,85.34037489999197,104.6
yes,,27.681450651742896,85.3402585460039,92.17
yes,,27.681919550002874,85.33982025000358,47.24
yes,,27.681908691483482,85.33999535281833,136.75
yes,,27.681979333732144,85.33990984841496,60.44
yes,,27.682019065699738,85.33977499406468,81.47
yes,,27.681915183837496,85.33965395329842,71.94
yes,,27.681863749997756,85.3395433166802,92.48
yes,,27.681438400008183,85.34005224999449,72.27
yes,,27.681507401342373,85.3400239744558,108.4
yes,,27.68117281702796,85.33959840219467,73.37
yes,,27.681495577864084,85.33986443837155,133.47
yes,,27.681390142542664,85.33991334592507,101.33
yes,,27.681392487767503,85.33982680116782,114.47
yes,,27.68137140161667,85.3397425453757,116.46
yes,,27.6816412646211,85.33976241734648,186.61
yes,,27.681795565786796,85.3397222137439,127.57
yes,,27.68171740855811,85.33964908330788,124.07
yes,,27.681640753659323,85.33959955524904,91.95
yes,,27.6815821900956,85.33956618189377,66.37
yes,,27.68184244931937,85.33937483204839,75.46
yes,,27.681785149192297,85.33932406684865,64.37
yes,,27.68167445060519,85.33942288803252,139.06
yes,,27.681603410081987,85.33935385217187,179.38
yes,,27.681717304009222,85.3392219817587,85.5
yes,,27.6816473486358,85.33919609845468,85.25
yes,,27.682049113756445,85.33930673583914,44.84
yes,,27.682034632963187,85.339400405186,108.35
yes,,27.681982217068125,85.33921838156299,90.78
yes,,27.681888795618097,85.33923825423564,76.06
yes,,27.68213190000241,85.33921815000632,63.66
yes,,27.681184955574206,85.34064610527771,100.39
yes,,27.681309502711375,85.34025660982567,58.83
yes,,27.681228050003707,85.34028095000167,90.26
yes,,27.681287784342835,85.3401413814394,87.64
yes,,27.681338328027294,85.34006036715179,23.31
yes,,27.68124765000995,85.33995804999745,75.93
yes,,27.681219634092976,85.33980715832179,99.25
yes,,27.68147054006659,85.33963430715666,106.11
yes,,27.681386567214382,85.33960140163792,91.54
yes,,27.681271860405612,85.33960616813766,92.8
yes,,27.68144124914066,85.33936355048031,69.51
yes,,27.681204450011684,85.33936650001306,118.09
yes,,27.68124100000402,85.33920944999217,85.61
yes,,27.68128845411006,85.33947889775234,57.39
yes,,27.681323698164775,85.33940975156891,102.96
yes,,27.681423278596746,85.33905559939025,54.31
yes,,27.68136455849972,85.33913802570927,46.98
yes,,27.68135010979501,85.3392601379561,89.14
yes,,27.68142162556025,85.33917776209029,93.04
yes,,27.68329214451632,85.33993345646974,81.92
yes,,27.683424559311707,85.33999301173294,136.37
yes,,27.683376715474,85.33982878315597,68.38
yes,,27.68347095000379,85.33983804999976,55.35
yes,,27.68346727780548,85.3397289060951,81.1
yes,,27.68335377907439,85.33968383873386,96.56
yes,,27.68327960000391,85.33964585000238,45.59
yes,,27.683229681182887,85.33960639572118,28.76
yes,,27.683400104318174,85.33961706885958,92.29
yes,,27.68352930000266,85.3393849500052,53.44
yes,,27.68347571878929,85.339220958146,179.35
retail,,27.68316489314632,85.33909000268943,177.89
yes,,27.6832026999934,85.33922989998067,45.71
yes,,27.68334979968606,85.33925551670089,131.55
yes,,27.683144943169992,85.34084122606994,125.3
yes,,27.683180272224973,85.34069570943348,74.82
yes,,27.68330988267403,85.3397650478161,67.47
yes,,27.683157304367214,85.34049762622418,90.35
yes,,27.683303654323467,85.34135782538424,101.35
yes,,27.683308350004697,85.34114974999953,93.69
yes,,27.683328000005222,85.3408758999995,60.51
yes,,27.683363000010452,85.3410200499989,69.28
yes,,27.683430400010195,85.34100859999792,123.49
yes,,27.683451150000803,85.34089409999997,63.55
yes,,27.683460532268427,85.34072834519233,127.37
yes,,27.68333175000045,85.34062504999906,87.09
yes,,27.683345048995882,85.340453905155,110.77
yes,,27.68339368309029,85.3403588791142,52.58
yes,,27.6833466801274,85.34018963039024,109.99
yes,,27.683303873831818,85.34011173234506,75.57
yes,,27.68321301580387,85.34019474222339,111.3
yes,,27.683191934057394,85.34008710735078,92.24
yes,,27.683202956367076,85.33999044652452,87.74
yes,,27.683156851415095,85.34136345601341,86.31
yes,,27.683164343699453,85.34126392394258,100.41
yes,,27.683170676811294,85.34114515212119,118.27
yes,,27.683064300007228,85.3411833999997,98.88
yes,,27.683092725945748,85.34154153767167,91.04
yes,,27.683135257812584,85.34170132546701,20.75
yes,,27.68319345022665,85.3417793019272,73.24
yes,,27.68320412638702,85.34169228932919,55.44
yes,,27.683205095680215,85.34161046478881,65.28
yes,,27.683197553986982,85.34152363367164,98.12
yes,,27.68334714216486,85.34165326186822,103.42
yes,,27.68336539999718,85.34154174999826,72.26
yes,,27.683462191419615,85.34156073311843,93.74
yes,,27.683071200006477,85.34175239999968,61.92
yes,,27.683072369806798,85.34166221163471,53.32
yes,,27.683004995977644,85.34153167359987,94.96
yes,,27.682945950481425,85.34152446649195,86.3
yes,Makai Ghar,27.682750450015124,85.34156219999713,77.67
yes,Thela wala,27.682570520593952,85.3414808165245,114.39
yes,,27.682420325970575,85.34141333701461,23.56
yes,,27.682457649999,85.34131209999636,78.07
yes,,27.682600400012458,85.34125575000056,117.65
yes,,27.682778640002066,85.34129747429684,166.17
yes,,27.68241006119694,85.34117427329201,323.43
yes,,27.682660950316162,85.34094803375378,147.71
yes,,27.682539747577348,85.3408019683018,190.74
yes,,27.696615967422524,85.35250317692073,201.41
yes,,27.688941824485568,85.3415615954914,115.02
yes,,27.68910344881817,85.34127987735921,470.14
yes,,27.688910559885453,85.34130060822642,162.45
yes,,27.688870902015314,85.34141082502018,103.84
yes,,27.68877475000141,85.34139044999986,22.9
yes,,27.688813703466433,85.34156159308584,73.93
yes,,27.688761242899858,85.34169071002182,73.46
yes,,27.688684867150794,85.34142465374701,93.43
yes,,27.6886818003343,85.34132232407521,136.65
yes,,27.688668800003732,85.34111905000167,32.1
yes,,27.6886803000058,85.34102130000105,62.78
yes,,27.688735400007225,85.34182289998957,143.23
yes,,27.688662950004257,85.34174255000356,51.28
yes,,27.688603166018357,85.34167103899067,26.28
yes,,27.688473500008097,85.34127745000055,122.29
yes,,27.688597800003606,85.34120325000089,45.33
yes,,27.68853125000566,85.34117025000107,75.37
yes,,27.688559297482257,85.34108187683894,49.74
yes,,27.688675173874095,85.3408274540642,12.53
yes,,27.688639967338855,85.3408764276879,45.36
yes,,27.688562726994924,85.34089789699831,77.68
yes,,27.688430051921557,85.34089693057719,57.31
yes,,27.688447550005463,85.34150145000594,47.87
yes,,27.688514000003202,85.3415523499969,67.16
yes,,27.688480587256876,85.34175523297795,70.76
yes,,27.69078160000898,85.34195105000263,59.07
yes,,27.690720745427903,85.34182689585536,75.45
yes,,27.690732619833256,85.34174145414131,63.71
yes,,27.69048102611707,85.34153353823307,93.68
yes,,27.690546363889784,85.34155636692199,57.76
yes,,27.690346395011673,85.34152122203336,58.93
yes,,27.690352507532488,85.34144492645392,52.3
yes,,27.690401077869975,85.3413410266819,96.26
yes,,27.690442336720007,85.34164452432368,42.11
yes,,27.69037102907288,85.34164034844098,45.75
yes,,27.69040618807111,85.34169939433401,48.91
yes,,27.6904282036218,85.34177523618412,39.01
yes,,27.690306639427003,85.34191114860712,32.8
yes,,27.690305903609804,85.34185287772554,41.97
yes,,27.690277482796688,85.34177742268407,66.14
yes,,27.69032245328381,85.34174707281707,28.8
yes,,27.69026450953963,85.34164880643615,79.75
yes,,27.690254468745326,85.34150598226765,77.78
yes,,27.69029381398565,85.3412400139999,44.7
yes,,27.690203118873427,85.34133501511967,96.01
yes,,27.690215610497827,85.3412466709712,35.71
yes,,27.69016489751343,85.34118155771546,25.48
yes,,27.690212949622392,85.34117517224885,53.93
yes,,27.6901950433075,85.34111125423556,51.92
yes,,27.690240549959395,85.34106796250482,18.74
yes,,27.690327088088466,85.3411541249333,24.93
yes,,27.690278700003283,85.34112294999969,20.54
yes,,27.690292296201324,85.34103355102705,39.72
yes,,27.6902909476957,85.3409553498279,33.01
yes,,27.69036510000075,85.34096404999991,24.23
yes,,27.69033469210674,85.34087707582732,59.52
yes,,27.690343180781646,85.34077241517379,61.96
yes,,27.690298169156673,85.34060471058392,42.86
yes,,27.690237500453875,85.34060129514096,55.22
yes,,27.690257126161853,85.34067450850331,52.33
yes,,27.690356979828135,85.34066660249822,66.25
yes,,27.690441263755716,85.34067775593903,66.34
yes,,27.690116039378612,85.34110447114942,37.82
yes,,27.69009985174397,85.3409778672642,55.26
yes,,27.690113564234647,85.34084794254257,33.91
yes,,27.690190308196726,85.3409509756654,41.84
yes,,27.69019257027508,85.34089368826797,51.39
yes,,27.69022569700977,85.3407904913293,97.3
yes,,27.690104151525443,85.34072854754291,70.23
yes,,27.69010474727669,85.3406276393651,102.94
yes,,27.6900983804711,85.34053949366879,97.31
yes,,27.689697321359212,85.34166210887433,46.49
yes,,27.68992955435222,85.34129445802758,108.26
yes,,27.690007499997343,85.34108005000417,115.41
yes,,27.689899262581278,85.34092515962678,69.8
yes,,27.689874126256857,85.34100659614461,97.79
yes,,27.68993184400195,85.34082770869311,43.02
yes,,27.689945863627997,85.34076449776308,29.87
yes,,27.689982649138067,85.34071413538382,87.88
yes,,27.689995446837653,85.34084665951507,74.97
yes,,27.68999530025537,85.34096043984695,90.0
yes,,27.689797150001567,85.34107569999955,33.99
yes,,27.689784778761503,85.3411344412309,33.68
yes,,27.689835536111758,85.34133898931843,96.7
yes,,27.68975355000295,85.34131949999986,47.45
yes,,27.689780619074313,85.34123563258859,62.34
yes,,27.68976956131734,85.34141128251895,127.92
yes,,27.690048697930884,85.34117609612105,38.65
yes,,27.69004759406948,85.34124452057183,103.29
yes,,27.690055025041936,85.3413322335499,94.62
yes,,27.69010168290126,85.34157422596304,93.34
yes,,27.690114581267345,85.34179962033095,155.85
yes,,27.69013312685842,85.34170574003289,68.26
yes,,27.690073900006215,85.34169864999969,62.54
yes,,27.690000135461446,85.34166202182513,78.82
yes,,27.689933301660947,85.34182406785655,54.61
yes,,27.6899412000015,85.34175164999874,76.81
yes,,27.689852146351466,85.34170410010272,28.15
yes,,27.68980330809167,85.34165132544105,90.71
yes,,27.689781499987298,85.34153369998616,190.77
yes,,27.68968775583996,85.34185346642437,109.0
yes,,27.68973719137636,85.34176117453868,105.17
yes,,27.689512200002376,85.34175180000659,34.65
yes,,27.68930862892324,85.34172161653358,38.63
yes,,27.689324467641896,85.34154054044708,25.75
yes,,27.6894222097606,85.3415805156147,59.09
yes,,27.68974412081083,85.33978881375467,69.18
yes,,27.689809921734664,85.33980720139076,96.49
yes,,27.689906274028388,85.34007802576444,33.53
yes,,27.689755218388733,85.34009045107574,56.19
yes,,27.68974705902019,85.33997615419833,137.26
yes,,27.689604417629212,85.34008601580027,130.38
yes,,27.689801505235152,85.34031022837374,31.8
yes,,27.68993504999807,85.34045109999902,24.33
yes,,27.68978059727001,85.34051212675091,107.11
yes,,27.68906193826171,85.34157593093936,44.72
yes,,27.689155419049534,85.341530845341,67.54
yes,,27.689713619155615,85.34107684746238,42.78
yes,,27.689567451956034,85.34106816313671,45.49
yes,,27.689464250004598,85.34113109999949,78.25
yes,,27.689542862697046,85.341159036694,131.63
yes,,27.6898658447337,85.34057645639686,69.3
yes,,27.689801467786772,85.34039902933847,79.16
yes,,27.68962936257194,85.34035062873173,85.16
yes,,27.68951449999425,85.34022909999007,58.31
yes,,27.689462515221905,85.33970318062853,40.82
yes,,27.68943159827801,85.3397768617746,39.23
yes,,27.689341639649914,85.33972793955897,123.79
yes,,27.689301405791817,85.3398369295625,61.59
yes,,27.689392608843796,85.33987427969117,71.84
yes,,27.689378378100226,85.34011988518465,118.87
yes,,27.689314411209185,85.34009611214063,31.92
yes,,27.68922097369247,85.34022811910104,87.84
yes,,27.689331879600044,85.34028839582464,133.62
yes,,27.689486490607617,85.34032292067126,96.82
yes,,27.689576393047577,85.3404831825878,68.06
yes,,27.68957925000114,85.34056349999923,51.71
yes,,27.689762150000536,85.34062264999923,16.85
yes,,27.689697222646487,85.34062319988439,101.48
yes,,27.689684050003827,85.34078835000199,30.42
yes,,27.689664263075976,85.34085911286083,35.5
yes,,27.689804578149705,85.34071225581421,104.28
yes,,27.68974600804861,85.34086078333453,180.47
yes,,27.68947343552057,85.34183653937308,59.46
yes,,27.689535353622404,85.34150613103459,100.07
yes,,27.689320004392332,85.34138589376334,122.27
yes,,27.689458744323712,85.34165455287895,64.15
yes,,27.689407850560947,85.3414876828248,49.99
yes,,27.689402164322576,85.34129479096455,87.0
yes,,27.68931035337935,85.34121408769461,109.73
yes,,27.689547771241067,85.34137573525439,85.15
yes,,27.6896379537117,85.34121358715979,117.91
yes,,27.68966033769554,85.34104829882533,88.27
yes,,27.68963436994735,85.34073295374031,39.05
yes,,27.689631322857895,85.34079639069233,21.76
yes,,27.689494502636407,85.34076619300005,69.68
yes,,27.68941334982072,85.34074182700593,50.29
yes,,27.68935082122187,85.34080245523312,22.58
yes,,27.689436156275605,85.34051926207056,84.73
yes,,27.689325478695842,85.3403913109201,55.83
yes,,27.689389712428735,85.34041380338945,85.0
yes,,27.689368111348205,85.34052628857019,74.47
yes,,27.689097645293437,85.34063565037005,17.78
yes,,27.689158162707063,85.3406091462215,38.02
yes,,27.68916084552115,85.34066760928802,71.77
yes,,27.689188101619862,85.34052539273412,69.56
yes,,27.689265339281455,85.34051960606504,49.06
yes,,27.689293100003574,85.34064595000005,51.19
yes,,27.689280000249205,85.34071885250272,43.3
yes,,27.689399504275265,85.34089447911052,18.43
yes,,27.689480902492267,85.34098445373236,75.33
yes,,27.68935057327608,85.34106693572146,109.33
yes,,27.6892602500004,85.34090839999874,24.21
yes,,27.689281746760177,85.34082242099153,32.28
yes,,27.689189648489187,85.34076138509006,20.55
yes,,27.68914957368204,85.34080646029696,62.55
yes,,27.688950746594497,85.34073152273861,18.24
yes,,27.688895141296786,85.34080788363237,123.51
yes,,27.689022683667655,85.3408166711395,114.92
yes,,27.688737206991163,85.34088017941038,56.31
yes,,27.689228507754574,85.34155104221135,109.14
yes,,27.68932810863699,85.34165317932765,80.1
yes,,27.689120355440785,85.34161960174336,70.87
yes,,27.689204589128263,85.34166326537922,24.1
yes,,27.689287510718245,85.34180439060542,53.7
yes,,27.6892015658041,85.34175033191644,94.49
yes,,27.689105656477114,85.34176269884956,45.18
yes,,27.689060897242435,85.34173716856786,61.21
yes,,27.688979326668868,85.34170267534704,114.88
yes,,27.688660391255734,85.3415233864537,44.18
yes,,27.69087223929656,85.3416096541481,111.24
yes,,27.688921475513563,85.34187688684494,98.05
yes,,27.690649541375212,85.34093937270201,132.65
yes,,27.69083300203353,85.3408655624005,170.79
yes,,27.690628407609257,85.34070485265481,47.51
yes,,27.69072105283748,85.34072065156163,39.25
yes,,27.690680376629167,85.34083024199546,90.61
yes,,27.690693049999254,85.34127054999901,38.53
yes,,27.690628550261533,85.34142118496892,86.79
yes,,27.690596158678268,85.34130152775468,102.62
yes,,27.690815335012626,85.34125693840649,125.37
yes,,27.69075975000752,85.34142495000042,99.63
yes,,27.69070999293065,85.34109252366343,25.33
yes,,27.690633409930335,85.34110424106152,73.44
yes,,27.6906254291282,85.34119666120178,41.53
yes,,27.690407643685482,85.34149763274553,67.28
yes,,27.690493565798942,85.34122017802905,66.18
yes,,27.690435613600023,85.34103788960765,75.79
yes,,27.69050522038075,85.34090803412667,160.6
yes,,27.69051790322412,85.34080479883724,70.16
yes,,27.69053845000722,85.34072440000152,76.24
yes,,27.69079774010076,85.34061445805276,38.71
yes,,27.69067450000315,85.34058455000053,28.85
yes,,27.690657517567313,85.34046354448573,95.53
yes,,27.69081177494531,85.34052482608205,104.85
yes,,27.690782860748225,85.3404441282908,18.83
yes,,27.69080605000169,85.34038304999955,39.46
yes,,27.69071450000508,85.34036705000089,52.55
yes,,27.69079531359441,85.34018018829445,27.78
yes,,27.690758299450614,85.3402448538659,69.15
yes,,27.690778340949258,85.34010950704578,35.81
yes,,27.690791800002764,85.33982750000038,22.16
yes,,27.69079260000343,85.33990475000006,25.99
yes,,27.69074142085164,85.34000806217132,137.5
yes,,27.690871467580685,85.33913875101837,55.27
yes,,27.69090233791231,85.33935406016612,45.87
yes,,27.690788383955198,85.33929596998242,185.98
yes,,27.69071542834352,85.33913879813103,148.8
yes,,27.690516503371924,85.33910080006383,240.15
yes,,27.690354660895018,85.33909037827382,391.54
yes,,27.690388113992764,85.33952972486607,116.72
yes,,27.690275303912877,85.33948037943894,169.76
yes,,27.69039126484428,85.33943563108942,50.48
yes,,27.6904188768028,85.33934690697966,211.0
yes,,27.69051743534532,85.33950094270342,56.72
yes,,27.690253050002593,85.33928069999988,35.7
yes,,27.690110204854435,85.33977647634445,56.51
yes,,27.690017943052545,85.33972037389529,37.2
yes,,27.689914786535084,85.33955610760307,46.82
yes,,27.689692326894512,85.33898643915005,165.07
yes,,27.689928077601976,85.33909599374499,27.42
yes,,27.68992238019446,85.33924529670274,126.69
yes,,27.689821067586063,85.33955849948235,89.82
yes,,27.68983394999162,85.33934314999252,50.13
yes,,27.689794552279956,85.33915461190144,120.36
yes,,27.689625362337726,85.33926421284725,77.42
yes,,27.689681612136766,85.33915029344136,99.83
yes,,27.689598147529143,85.33896816605433,85.46
yes,,27.689518750002073,85.33894054999733,114.66
yes,,27.68952646265548,85.33909232750466,77.23
yes,,27.689497800585773,85.33918332756444,87.04
yes,,27.689444196157048,85.33926052130523,34.26
yes,,27.68961216864118,85.33933403003186,48.26
yes,,27.689521883970016,85.3392739397231,47.03
yes,,27.68958670643253,85.33946275213196,116.61
yes,,27.689509079085415,85.33941333588888,79.49
yes,,27.68944839613504,85.33937829795663,81.09
yes,,27.68881336702345,85.33914969665193,1161.12
yes,,27.688566250150767,85.33912885004364,454.29
yes,,27.68842563533327,85.33911806971815,350.26
yes,,27.689167117865047,85.3398389023301,247.26
yes,,27.688732100007698,85.33963540000137,56.13
yes,,27.68888759999991,85.34024534999978,12.63
yes,,27.688888044162756,85.3403480721388,107.62
yes,,27.68876612948642,85.3398018408201,18.6
yes,,27.688574004644668,85.34050707686065,7.27
yes,,27.688521973909687,85.3404959897914,21.87
yes,,27.688522309913438,85.34072478341595,90.7
yes,,27.68864494608088,85.3407241686048,26.07
yes,,27.688703151447413,85.34069781726937,32.13
yes,,27.688772366396904,85.34066725088894,38.9
yes,,27.68881650000128,85.34061365000008,19.6
yes,,27.688848850002366,85.34055984999729,32.58
yes,,27.688866000323074,85.34047761433217,61.24
yes,,27.689020650005475,85.33973489999676,165.92
yes,,27.68893584361447,85.33966195150799,31.97
yes,,27.68871848573474,85.34029240067501,243.2
yes,,27.688730831493622,85.34010032564086,75.7
yes,,27.68874857159335,85.34001710936657,67.37
yes,,27.68853217373448,85.34042348208649,45.07
yes,,27.68847211275081,85.34059832970118,172.36
yes,,27.681994556587853,85.33492529096989,116.12
yes,,27.68197995990488,85.3351654603822,47.1
yes,,27.681929869661154,85.33509230944547,77.84
yes,,27.68203022366815,85.33510176482928,100.64
yes,,27.6820586143972,85.33519834661524,99.22
yes,,27.682136114090266,85.33506720888616,71.05
yes,,27.682185353518086,85.33497997300037,148.57
yes,,27.682100998463884,85.33491439493724,113.72
yes,,27.688072880651504,85.35831812066093,126.31
yes,,27.686949545480086,85.36367135426539,86.74
yes,,27.686872374203446,85.36382221658265,83.97
yes,,27.68691420094066,85.36376164895239,97.61
yes,,27.687034450003264,85.36358614999001,73.83
yes,,27.685799045153132,85.35899998154581,98.53
yes,,27.68551928432409,85.35999535251713,127.21
yes,,27.686741709707622,85.36149140927415,74.62
yes,,27.686513734411324,85.36078414741426,75.76
yes,,27.68663750501301,85.3609332576782,68.31
yes,,27.686625842107112,85.36069138538298,145.81
yes,,27.693289619680993,85.34067365357457,71.83
yes,,27.69339024586082,85.34071860187606,121.92
yes,,27.693499443760945,85.34074042758343,137.46
yes,,27.693496469152628,85.34083550443668,86.92
yes,,27.693353917507558,85.34110203649476,121.24
yes,,27.69357957383366,85.34142330880803,182.27
yes,,27.693654850008574,85.3414952500006,97.98
yes,,27.693852349999954,85.34111294999583,106.11
yes,,27.694648277101216,85.34170175860659,10.28
yes,,27.693374600519146,85.33985540701936,31.52
yes,,27.69332849993785,85.34031674808396,69.47
yes,,27.693362620349635,85.34024201567907,83.74
yes,,27.6934730500095,85.34018115000316,82.75
yes,,27.693487024223238,85.34003450359411,126.83
yes,,27.693583780071968,85.34049719477099,132.2
yes,,27.694031686060196,85.34075159574026,39.34
yes,,27.691566133643917,85.33963511628377,124.79
yes,,27.691675007083877,85.34014318469497,101.35
yes,,27.692669849740614,85.34041935814794,171.77
yes,,27.692848240134346,85.34038556700689,165.97
yes,,27.689277116952606,85.35004159177201,63.46
yes,,27.68969517465338,85.34922877990734,55.2
yes,,27.690534903216438,85.348487825456,255.96
yes,,27.690741387145444,85.34894952208931,38.78
yes,,27.690701847917396,85.3488449734168,64.19
yes,,27.69065712613401,85.3487407965964,93.83
yes,,27.690617720648692,85.34864724557633,49.25
yes,,27.6905615230399,85.34838340394671,42.32
yes,,27.690420864072955,85.3483929002864,26.05
yes,,27.690444749567593,85.3487604355291,208.24
yes,,27.690721598046213,85.34919758517111,36.49
yes,,27.690674685642414,85.34913362491908,36.14
yes,,27.690628930643236,85.34910300349979,66.18
yes,,27.690563484654287,85.34905711465474,84.68
yes,,27.690500359135903,85.34900484671529,78.57
yes,,27.690431978994297,85.3489107431439,118.19
yes,,27.690383900008197,85.34884095000012,31.55
yes,,27.690291150000235,85.34886645,11.3
yes,,27.690303224793045,85.34882424417783,22.82
yes,,27.690318150005584,85.34871734999949,112.29
yes,,27.690311001719,85.34857756883515,79.95
yes,,27.69022150694442,85.34851785282734,41.8
yes,,27.69011121172806,85.34848661238425,151.19
yes,,27.690029908245503,85.34861132425702,78.95
yes,,27.690116241210966,85.34884053885784,57.76
yes,,27.69010861564007,85.34876621514857,86.92
yes,,27.690013514807898,85.34874427060858,97.79
yes,,27.68999873394851,85.348872626674,105.07
yes,,27.68999222767351,85.34901634118323,111.19
yes,,27.69000117173088,85.34916870936264,107.9
yes,,27.689894038032374,85.34924832213368,27.11
yes,,27.689848723595805,85.34924267937747,27.58
yes,,27.689903164278007,85.34918459625482,53.95
yes,,27.689874872814528,85.34901097987525,40.84
yes,,27.68984315724609,85.34906596367476,58.14
yes,,27.689758807838846,85.34919636597057,82.74
yes,,27.68970682699309,85.34908997357752,98.93
yes,,27.689320278773256,85.3490359895885,31.33
yes,,27.68976053760494,85.34889299670176,54.8
yes,,27.689495491206547,85.34882823977193,73.53
yes,,27.68940180244569,85.34880469168908,64.8
yes,,27.68938965299631,85.3489579982361,70.63
yes,,27.68939523410056,85.34888504472123,57.39
yes,,27.689486566968178,85.34894338604269,79.33
yes,,27.689576019223463,85.34894000963624,76.63
yes,,27.689584679482977,85.34883014292905,73.51
yes,,27.689675605125103,85.34881737375936,71.61
yes,,27.689672628352405,85.34888577711546,42.36
yes,,27.6898711728402,85.34880032035208,46.66
yes,,27.68985745891167,85.34888000794676,132.54
yes,,27.689902100001248,85.34869984999976,94.63
yes,,27.689904728267166,85.34861705167577,78.17
yes,,27.689901720797096,85.34850172334154,114.5
yes,,27.68979677317219,85.3485059704667,97.69
yes,,27.689789400008056,85.34862249999948,81.57
yes,,27.689732453698433,85.34859492533741,23.21
yes,,27.68968277616973,85.34857962795691,32.27
yes,,27.689681979278852,85.34865085775263,31.32
yes,,27.689612835685786,85.34865114442611,100.53
yes,,27.68952981306785,85.34855180815377,72.8
yes,,27.689523383847845,85.34864862240433,107.98
yes,,27.689285122629286,85.34886788867003,116.73
yes,,27.689126309492313,85.35003334405313,46.81
yes,,27.689166617520048,85.34983987513723,53.59
yes,,27.6891126233738,85.34983535932015,65.34
yes,,27.689113277152188,85.34972203238944,18.55
yes,,27.689062430587374,85.34972064655912,37.51
yes,,27.689065855831515,85.34964624836718,85.57
yes,,27.68917805530806,85.34956664049106,69.31
yes,,27.689206125799323,85.34885440330724,80.15
yes,,27.68886543239513,85.34872948472531,12.57
yes,,27.688806085555882,85.34867340568513,53.23
yes,,27.688907579233035,85.34880503812654,39.86
yes,,27.68910737698548,85.34894405162176,57.0
yes,,27.689224950920856,85.34898676872595,38.22
yes,,27.68915440989175,85.34928385789972,439.91
yes,,27.689005394246788,85.34928239816557,239.17
yes,,27.689126100922607,85.34906148477332,333.04
yes,,27.689279000075384,85.34865595120229,64.54
yes,,27.68930573998497,85.34873321944725,48.05
yes,,27.689247553400982,85.3487539758333,26.43
yes,,27.689021790606223,85.3487382003981,53.54
yes,,27.68903156144443,85.34867373017732,26.99
yes,,27.68909500205555,85.34869499298485,57.8
yes,,27.68908985377346,85.34876096303223,57.75
yes,,27.688944757148253,85.3486908884102,109.0
yes,,27.688870313077793,85.34896762624626,65.83
yes,,27.688873933481943,85.34887244577988,84.85
yes,,27.688776775559596,85.3488547438518,54.46
yes,,27.688800162707743,85.34877097864764,84.0
yes,,27.68872875971789,85.34875288891548,42.73
yes,,27.688523903827484,85.34862425758594,72.17
yes,,27.688586241863312,85.34874664945224,188.42
yes,,27.688514367488146,85.34885247541723,30.35
yes,,27.688860700003485,85.3495744499989,26.53
yes,,27.688818354590225,85.34968911332159,25.17
yes,,27.688813323498522,85.34973555413845,34.14
yes,,27.68888992977829,85.35000551921588,346.29
yes,,27.688907476760747,85.3498217903374,103.84
yes,,27.688918920702246,85.34966335306508,98.89
yes,,27.688860571375677,85.3490671364695,106.77
yes,,27.68887461735495,85.34915901538345,73.87
yes,,27.68887811470992,85.34925151658625,104.92
yes,,27.6888777566648,85.34936638707293,182.0
yes,,27.68875687277838,85.34942605989181,126.53
yes,,27.68871954692959,85.34929131194644,61.84
yes,,27.68876759128039,85.34919470268915,100.37
yes,,27.688577275822006,85.35005934456129,67.38
yes,,27.68857691848549,85.34975689844322,89.44
yes,,27.688572699306487,85.34989560842942,80.38
yes,,27.688509199993362,85.34959244999828,187.25
yes,,27.68850280000588,85.34927594999974,89.37
yes,,27.688595683401157,85.34916113691939,110.17
yes,,27.688706399998328,85.34891749999933,43.4
yes,,27.688651071282198,85.34891016521154,26.92
yes,,27.688659955209783,85.34900716167719,71.45
yes,,27.688716391483432,85.34902222184934,83.18
yes,,27.688600240230002,85.34891819948908,53.69
yes,,27.68853491687561,85.3489456610839,127.68
yes,,27.691708451147356,85.34758375823678,135.96
yes,,27.691734403055236,85.3473379789747,123.6
yes,,27.691911970079992,85.34743524361625,99.61
yes,,27.69230034396847,85.34737072458235,67.07
yes,,27.692335300020112,85.34793995000304,143.82
yes,,27.692674180037585,85.34817988560908,64.15
yes,,27.69268250141966,85.34807020169606,111.99
yes,,27.69271993421822,85.3479276242141,103.68
yes,,27.69261491143081,85.34788622861983,191.18
yes,,27.692624194782965,85.3477406718485,99.76
yes,,27.69278015018363,85.34764942664317,105.51
yes,,27.69280183385176,85.34755440328044,108.41
yes,,27.69263929065122,85.34760267210245,71.86
yes,,27.69284514066098,85.34805344334566,85.85
yes,,27.692866471544157,85.34797280662507,83.13
yes,,27.692897742715346,85.34784472236895,128.6
yes,,27.692934670524604,85.34773440589372,88.31
yes,,27.69296279263676,85.34753977793015,70.15
yes,,27.692985650004942,85.34742759999233,155.09
yes,,27.689671550001815,85.34952169999991,26.49
yes,,27.689684997319045,85.34933888450921,116.2
yes,,27.69012400404679,85.34942664269418,80.31
yes,,27.690046661507953,85.34943213234537,81.12
yes,,27.69000055983343,85.34955135434136,58.53
yes,,27.6901550574858,85.34954458753903,46.92
yes,,27.69008988398223,85.3495555633043,76.32
yes,,27.690259900001603,85.34951570000003,35.85
yes,,27.690284917374193,85.34956830934418,47.36
yes,,27.69031035168085,85.34971366056652,70.32
yes,,27.690354443081794,85.3496456281592,99.3
yes,,27.690211572078645,85.34989682796244,76.84
yes,,27.690176505563155,85.34977851852837,51.12
yes,,27.690249741210884,85.34977546096707,94.53
yes,,27.69007873293197,85.34985871593162,151.74
yes,,27.690088599841065,85.34968503234144,107.68
yes,,27.68996827024253,85.34967001472735,98.12
yes,,27.689933371969527,85.34981332795402,166.4
yes,,27.689814834739344,85.34980629129365,148.87
yes,,27.68971628797489,85.34980148714128,125.53
yes,,27.689839296253425,85.34964644503302,117.72
yes,,27.689750930497812,85.34965723160998,119.25
yes,,27.689474966127538,85.34962101716592,222.44
yes,,27.689592389022174,85.34963023750568,173.5
yes,,27.689503173376007,85.34945807243437,101.84
yes,,27.68944700072803,85.34939617661944,72.11
yes,,27.68931711050568,85.34966824731806,257.15
yes,,27.689276769636518,85.34996822610456,114.1
yes,,27.689277386399304,85.34982746434038,115.53
yes,,27.68874714999915,85.35008769999904,45.32
yes,,27.68979300000884,85.34998144999997,102.26
yes,,27.68969787067922,85.34998669100321,92.35
yes,,27.690169699999203,85.35003204999745,24.62
yes,,27.69015137421988,85.35007796947903,47.42
yes,,27.690081791023434,85.3500472489735,72.37
yes,,27.690475029978458,85.34998303934171,115.35
yes,,27.690359330366068,85.34996452681492,113.08
yes,,27.690416233195915,85.3498736241015,110.86
yes,,27.690479150009423,85.34975774999997,147.17
yes,,27.69070381983968,85.34971764684275,43.46
yes,,27.690760809273193,85.34970907854718,89.51
yes,,27.69065494999884,85.34958169999747,21.56
yes,,27.69081693320866,85.35003333476382,65.76
yes,,27.690644573757098,85.35014050109251,104.09
yes,,27.690652101175715,85.35003984719297,106.59
yes,,27.690673342333664,85.34996536423138,91.96
yes,,27.690596923763906,85.34978682716618,162.32
yes,,27.69064379053898,85.3496687672798,92.66
yes,,27.690710634907262,85.34931088704256,25.02
yes,,27.690661741255745,85.34937386839748,80.79
yes,,27.69066276757771,85.34928362327217,45.37
yes,,27.690529366782744,85.3491948863613,212.26
yes,,27.69023746997657,85.34907290757486,137.94
yes,,27.690348032201502,85.34910031436279,98.43
yes,,27.690523280794416,85.34960984417908,124.51
yes,,27.690441860504457,85.34945194183472,88.82
yes,,27.69048108018584,85.34937184662692,105.32
yes,,27.690391447618644,85.3493500654335,97.38
yes,,27.690397262619886,85.34924449446818,68.0
yes,,27.69026484881905,85.34919396175198,58.27
yes,,27.69024732393315,85.34926380047463,80.4
yes,,27.69023989284557,85.34935688530702,78.56
yes,,27.689925191029353,85.3493519907182,93.06
yes,,27.689818259767904,85.34949231951445,96.22
yes,,27.689802457965815,85.34938835580866,113.38
yes,,27.689737430415427,85.34947417647591,55.78
yes,,27.692683772930756,85.34989664625091,40.91
yes,,27.692786432427276,85.34968690955837,92.86
yes,,27.69280881367334,85.34996694441251,54.78
yes,,27.68089565581503,85.35784021240387,63.45
yes,,27.680799909642637,85.35780664386779,84.93
yes,,27.68084069809092,85.35770841734261,50.54
yes,,27.680710871411108,85.35764686333351,72.28
yes,,27.680634333716554,85.35761572395677,154.5
yes,,27.680266783777707,85.35739840545949,54.92
yes,,27.68030635749475,85.35732580956696,66.84
yes,,27.680176294962028,85.35724164163805,55.97
yes,,27.68012720731397,85.35720606687434,49.58
yes,,27.67999404259404,85.35718806535843,252.97
yes,,27.679883789158612,85.35710088770492,55.43
yes,,27.679378248831956,85.3571482676856,57.72
yes,,27.679224150001716,85.35703224999978,25.29
yes,,27.6791549376909,85.35704910732936,131.0
yes,,27.679151692017218,85.35684663877457,102.55
yes,,27.679096112346585,85.35691429119913,87.17
yes,,27.67902345192182,85.35694901572265,99.64
yes,,27.678908350002754,85.3568940999992,41.78
yes,,27.67895545002226,85.3566846666676,33.04
yes,,27.678903529453265,85.35662757100117,55.55
yes,,27.678790818885044,85.35658223060393,142.22
yes,,27.678727510957025,85.35668304025816,70.57
yes,,27.679961754363788,85.35616598102203,54.17
yes,,27.67993647819481,85.35623834229608,33.52
yes,,27.67994214857677,85.35639910813583,80.21
yes,,27.679866396133168,85.3563365187313,18.99
yes,,27.679800050004435,85.35632845000013,67.86
yes,,27.679855133286374,85.35656271108013,35.94
yes,,27.67983145003062,85.35646930003486,114.46
yes,,27.67944478250577,85.35655301751225,110.9
yes,,27.679550222514944,85.35646420967015,29.88
yes,,27.679531941155595,85.35655435928109,41.18
yes,,27.679688283522534,85.35654404578752,19.84
yes,,27.67988487945595,85.3566726449693,93.03
yes,,27.679907419910574,85.35677175580152,36.31
yes,,27.679846350007278,85.35690815000387,45.65
yes,,27.679787349877056,85.35692758354966,92.05
yes,,27.679389709985493,85.35690952560022,105.04
yes,,27.679604591437208,85.35665530893701,91.16
yes,,27.67951485000146,85.35661520000079,18.33
yes,,27.67934105175495,85.35649528296148,56.04
yes,,27.679251116654026,85.3564106864573,63.8
yes,,27.67919598568257,85.3563527397344,41.19
yes,,27.67926240000297,85.35652054998808,62.21
yes,,27.679176168212685,85.3567286605342,51.64
yes,,27.678992750004348,85.3565809499909,67.22
yes,,27.679173350002497,85.35623194999411,63.49
yes,,27.6792930500069,85.356034150004,52.56
yes,,27.679140497095208,85.35589775961924,112.2
yes,,27.679206850002853,85.35601700000045,40.29
yes,,27.679153370461922,85.35599854317667,41.95
yes,,27.67907330000477,85.3559607500002,72.19
yes,,27.679005684345857,85.35596526109208,56.42
yes,,27.678956262314024,85.35604812001388,9.03
yes,,27.678914852719316,85.35588858260931,95.54
yes,,27.678887912905754,85.35580450118279,17.25
yes,,27.678854616334878,85.3558602125971,34.8
yes,,27.678855438111054,85.35578182791372,37.19
yes,,27.678800094459973,85.35583130325192,39.13
yes,,27.678683511906076,85.35590748221257,29.56
yes,,27.678800585067034,85.35593672806077,48.56
yes,,27.678729750114957,85.35599987184489,78.87
yes,,27.678883426886905,85.35626605803935,131.54
yes,,27.678977898844852,85.356326283916,126.3
yes,,27.67873390166129,85.35634892948808,138.76
yes,,27.678782450023036,85.35617755002875,105.27
yes,,27.678735642402017,85.3561450943017,80.56
yes,,27.67872968945871,85.3565016470315,55.63
yes,,27.670644728837587,85.35450140095261,91.66
yes,,27.670629248635827,85.35457623515816,137.4
yes,,27.670663387932095,85.35473657142657,185.73
yes,,27.67057781340345,85.3550009054986,34.62
yes,,27.670178796705226,85.35354387394923,0.01
yes,,27.670255932182506,85.35370827397348,98.09
yes,,27.670334375668126,85.35418411601391,3.31
yes,,27.67034384456334,85.35409085533556,71.68
yes,,27.670312399981306,85.35400334322294,42.26
yes,,27.67048756979185,85.3541036160741,179.31
yes,,27.670422300006567,85.35401365000824,119.31
yes,,27.670104246294844,85.35301681377975,93.4
yes,,27.670316732166686,85.35343118574097,255.91
yes,,27.67042434928402,85.35354822371455,354.78
yes,,27.67064471645389,85.35379709262712,154.27
yes,,27.670517985964075,85.35369180197154,364.68
yes,,27.671497163389567,85.35400922163905,130.38
yes,,27.671397086879786,85.35392363007196,85.37
yes,,27.67134068379045,85.35392928498815,122.43
yes,,27.671285660882265,85.35392656228696,110.95
yes,,27.67118438437654,85.3539017998797,77.22
yes,,27.671116036373633,85.35391939443879,90.26
yes,,27.682990651714896,85.3633928327977,67.44
yes,,27.682966250000426,85.36309379999554,75.81
yes,,27.682943122923906,85.36318771611263,124.88
yes,,27.682954000989977,85.36328369776706,53.54
yes,,27.682788250012,85.36321200000319,103.96
yes,,27.6828681069058,85.3629397505626,162.33
yes,,27.682790300009092,85.36289810000348,81.1
yes,,27.68269297014679,85.36288520357097,60.55
yes,,27.68270977797529,85.36282489987279,55.65
yes,,27.682803883537076,85.36269722366639,303.76
yes,,27.682674441650278,85.36254007194434,140.03
yes,,27.68248170590175,85.36218070976159,281.68
yes,,27.68236820000282,85.36194084999987,70.68
yes,,27.682495392782485,85.36245897453584,89.78
yes,,27.682395299658047,85.36245611880705,103.48
yes,,27.682258410274994,85.36247475471788,75.33
yes,,27.68215752481919,85.36248966392152,99.62
yes,,27.682055974435674,85.36246496205864,96.38
yes,,27.682049667902902,85.36258534197567,142.38
yes,,27.68198315001717,85.36258994999963,61.46
yes,,27.682001735396966,85.36276959319561,118.18
yes,,27.6820785750491,85.36275936314912,108.05
yes,,27.682591134733386,85.36268122897611,83.87
yes,,27.682466062383057,85.36274590365879,121.8
yes,,27.682546294884247,85.36276304444637,88.86
yes,,27.682274550005445,85.36271619999955,122.64
yes,,27.682067401667435,85.36292925546222,112.93
yes,,27.682154549991807,85.36303354265088,136.92
yes,,27.682227299387186,85.36291385428189,102.78
yes,,27.682408144306784,85.36298375332782,62.18
yes,,27.68244797707191,85.36312342924147,179.28
yes,,27.682477351279434,85.36299982768058,124.86
yes,,27.682331617653098,85.36297968688734,159.16
yes,,27.682294303552343,85.36310984390227,152.81
yes,,27.682586550002895,85.36331834999974,49.44
yes,,27.68229000867988,85.36327722740468,103.06
yes,,27.68217170136096,85.36320549086683,103.74
yes,,27.682109749229863,85.36327435771318,78.6
yes,,27.682559296041852,85.36174807891089,80.03
yes,,27.682493619867618,85.36166523857177,40.4
yes,,27.682031052628165,85.3622954992667,75.0
yes,,27.682040593532395,85.36218092685591,107.64
yes,,27.681935074640382,85.36229176731295,94.16
yes,,27.68196088259419,85.36221556918315,74.63
yes,,27.68194280547044,85.36213755557951,93.73
yes,,27.681962833163354,85.362061899563,95.64
yes,,27.68198278067456,85.36196875119545,92.43
yes,,27.682054143903585,85.36205409760188,77.01
yes,,27.68221075001506,85.36226709999936,102.44
yes,,27.682225650002763,85.36200254999859,136.41
yes,,27.682261723059913,85.3617886121827,134.85
yes,,27.682037945843515,85.36178370948166,133.43
yes,,27.68203922559491,85.3616832429373,136.55
yes,,27.682991913474332,85.36167963141075,23.16
yes,,27.682892300009676,85.36054754999739,131.99
yes,,27.682851108081056,85.36044124093611,57.24
yes,,27.682926097991793,85.36065903840203,89.25
yes,,27.682611439285488,85.35830225324024,136.94
yes,,27.670859257382794,85.35437721030898,393.11
yes,,27.671054546052638,85.35468739485314,414.07
yes,,27.670630883551716,85.35441770934565,32.82
yes,,27.670581097002714,85.35433660131142,103.92
yes,,27.67080730631601,85.3548518993428,91.21
yes,,27.670945982693286,85.35470157566199,157.35
yes,,27.671729455658788,85.35570518871285,166.74
yes,,27.671458830250156,85.35568140715561,267.36
yes,,27.67167191028641,85.35575318536026,187.16
yes,,27.671954079164657,85.35584193673375,30.36
yes,,27.67189593979198,85.35587140684848,55.47
yes,,27.671442755907766,85.35601700757955,66.25
yes,,27.67104330505102,85.3557229222053,62.5
yes,,27.670899948285587,85.35591008987443,67.3
yes,,27.670948685659503,85.3558532323552,54.92
yes,,27.671039600322448,85.35593255244082,100.76
yes,,27.670943609382626,85.35605581915779,69.9
yes,,27.671020853269447,85.3560637589353,170.66
yes,,27.671165493358863,85.35596993153568,207.03
yes,,27.670868080738696,85.35527733370748,24.14
yes,,27.67082633238238,85.35530544978178,36.91
yes,,27.670869203037682,85.35536686330437,127.8
yes,,27.67080420649109,85.3550788228289,96.57
yes,,27.670890484002783,85.35508672931893,63.16
yes,,27.671505784296194,85.35603935327158,88.14
yes,,27.695934098877355,85.34454439535439,29.7
yes,,27.695802420177156,85.34473741129179,61.66
yes,,27.696011000020807,85.34514595000022,177.25
yes,,27.67208394616564,85.35436101720256,126.06
yes,,27.672053862400045,85.35451241733438,155.79
yes,,27.671873247951133,85.35422449558935,87.71
yes,,27.67168485001685,85.35417015000192,237.64
yes,,27.671796418654726,85.35452025969018,259.75
yes,,27.67164836818265,85.35470210941632,160.46
yes,,27.67174220000821,85.35484865000686,157.16
yes,,27.671839994075427,85.35529335395454,77.79
yes,,27.6718344205046,85.35495887870228,335.84
yes,,27.67193639223522,85.35537863659206,342.25
yes,,27.672451525672958,85.35548183352913,87.89
yes,,27.67227762999069,85.35540962961605,135.1
yes,,27.67243790888019,85.35554494688988,49.82
yes,,27.67232165066902,85.3551391052749,130.74
yes,,27.672379489646218,85.35521416662871,66.23
yes,,27.67240906681443,85.35509546092966,124.2
yes,,27.67247697319111,85.35510945097718,46.06
yes,,27.672251938124138,85.35500577049184,31.01
yes,,27.67217327044916,85.35447790861853,82.93
yes,,27.672307446681188,85.35455719409649,126.75
yes,,27.672171643009452,85.35465311470284,115.38
yes,,27.67234847712745,85.35467979805388,233.82
yes,,27.672236361964806,85.35476583911124,57.69
yes,,27.67225421403472,85.35467568285613,124.97
yes,,27.672234115485843,85.35482930445177,28.09
yes,,27.672349037874895,85.35482286635128,122.88
yes,,27.672560374644195,85.35491452425208,35.49
yes,,27.672571336537917,85.35483730985143,65.95
yes,,27.672336977161553,85.35498824807327,91.93
yes,,27.672421151134458,85.35495083916204,123.97
yes,,27.672896000006663,85.35498960000105,61.74
yes,,27.67269242348955,85.35516520595337,114.19
yes,,27.672806022588546,85.35547460535649,41.68
yes,,27.672866350012132,85.35565450000364,45.43
yes,,27.672768371170772,85.3557674536383,125.48
yes,,27.673098610453508,85.35491243938333,78.17
yes,,27.67309229246765,85.35498253063574,77.93
yes,,27.67308047770276,85.35503802086512,44.37
yes,,27.673071784501996,85.35509445468594,72.86
yes,,27.673064781749176,85.35517256136728,100.63
yes,,27.67316142386189,85.35519990781931,69.83
yes,,27.673171267422916,85.35513286486884,74.45
yes,,27.673491012349785,85.35567332679044,144.22
yes,,27.673652299991886,85.35528259999356,108.82
yes,,27.672983383640712,85.3557624549718,84.22
yes,,27.673056482081922,85.35579068377119,90.26
yes,,27.673089447151863,85.35563382392161,164.4
yes,,27.672991199025653,85.35552959863675,88.95
yes,,27.672585712635925,85.35610736525969,151.98
yes,,27.673248401946843,85.35613907995628,130.1
yes,,27.673376930560448,85.35625861017316,121.27
yes,,27.673535444636403,85.35614882673468,64.35
yes,,27.67356888336822,85.35370657223548,103.73
yes,,27.673402870917073,85.35379080468219,114.7
yes,,27.6736793041495,85.35340482897503,62.65
yes,,27.688679064179446,85.33827947269101,360.02
yes,,27.688499459126632,85.33839501948239,302.77
yes,,27.673345100001406,85.35310204999882,59.51
yes,,27.671073555389224,85.3541904227644,262.35
yes,,27.670925705529424,85.35411941696309,31.69
yes,,27.67087310000274,85.35406665000014,44.87
yes,,27.67084432821219,85.35420781451442,131.01
yes,,27.67079790000428,85.35412865001729,84.97
yes,,27.670858169760137,85.35520796078842,33.4
yes,,27.670989124927345,85.35513710668032,165.89
yes,,27.670955227146866,85.35533370703565,73.54
yes,,27.673154862266582,85.35584724439789,80.31
yes,,27.673643100014708,85.35384035000244,109.98
yes,,27.67070842591872,85.35543234194543,7.43
yes,,27.671004992440608,85.354915831507,190.77
yes,,27.679318150087724,85.35592595715288,44.68
yes,,27.679220369020058,85.3558654058793,30.98
yes,,27.681001040324404,85.35681726978613,21.35
yes,,27.680164450006117,85.35660409999927,110.25
yes,,27.680341300002258,85.35637319999948,42.59
yes,,27.680236400002673,85.3564947999997,49.63
yes,,27.680363112963228,85.35675667660067,49.68
yes,,27.68060360000428,85.35668429999946,70.69
yes,,27.680561595539654,85.35676256811348,37.76
yes,,27.680280036775756,85.35635388608243,49.73
yes,,27.680343120518256,85.35626468699985,116.48
yes,,27.68024009450197,85.35620560781864,90.09
yes,,27.680144550002925,85.35624834998433,90.7
yes,,27.68002335001071,85.35606185001171,118.47
yes,,27.679985094177987,85.35671162004509,37.99
yes,,27.679983546493624,85.35685627072434,39.93
yes,,27.68033359410808,85.35688585497424,26.13
yes,,27.680252378972007,85.35689395843045,36.14
yes,,27.680289750002366,85.35692260000084,23.95
yes,,27.680515550892252,85.35684951061334,97.56
yes,,27.680341467014117,85.35700741050759,87.82
yes,,27.68044190130174,85.35699350945224,51.11
yes,,27.680414500006197,85.3570807000031,71.35
yes,,27.68104626675419,85.3576434029475,53.44
yes,,27.680350744972177,85.35719191832838,73.5
yes,,27.679978837669104,85.35699214835441,104.54
yes,,27.671980705938903,85.35477691586593,176.9
yes,,27.671925179755554,85.3542849141172,112.67
yes,,27.67116168709309,85.35362053558781,34.17
yes,,27.680804804984838,85.35501019195745,167.74
yes,,27.68074860589196,85.35515070051822,203.3
yes,,27.678845750001557,85.35467769997844,201.6
yes,,27.680736400001248,85.35458134999591,43.11
yes,,27.680396817401547,85.35394517821787,114.59
yes,,27.680380566119453,85.3541702028522,49.79
yes,,27.680241006367396,85.35409570840388,64.92
yes,,27.68025435000446,85.35391634998906,76.36
yes,,27.680074017758066,85.3535689200371,53.12
yes,,27.68026820000413,85.35354990000707,49.24
yes,,27.68005042521054,85.35336358760375,45.44
yes,,27.679941159317146,85.35328157589353,53.77
yes,,27.67985081999746,85.35347366514343,42.11
yes,,27.679898149999858,85.35369714999281,57.72
yes,,27.68029074885006,85.3534169668141,39.68
yes,,27.680383300001814,85.35350639999879,31.26
yes,,27.679628299804058,85.35349903356703,45.54
yes,,27.67967909723909,85.3535289499102,91.16
yes,,27.679627150008333,85.35322864999993,95.91
yes,,27.679894613984793,85.35387041176682,43.97
yes,,27.679778307592393,85.35408078633583,46.97
yes,,27.6798225500037,85.35401870000156,45.83
yes,,27.67917475589413,85.35342177362386,184.49
yes,,27.679106591270962,85.35370680569855,101.04
yes,,27.679425976448847,85.35380729313401,173.77
yes,,27.6789562868619,85.3533373744468,59.58
yes,,27.679006227918755,85.3535255427603,360.0
yes,,27.678741567777486,85.35334778734834,160.53
yes,,27.67894848529509,85.35298102595611,58.93
yes,,27.680559116524385,85.35359854777333,34.33
yes,,27.680869700004415,85.35417649999951,72.93
yes,,27.681000273299958,85.35377396084053,131.33
yes,,27.681113241227756,85.35394596919002,36.63
yes,,27.681070471275667,85.35391875585296,18.55
yes,,27.681204930152376,85.35387784336203,102.07
yes,,27.68195836906177,85.35466346536707,101.72
yes,,27.6818668000047,85.35450170000115,66.83
yes,,27.6814640941887,85.35462247834653,52.21
yes,,27.68218509994424,85.35474560011559,124.57
yes,,27.682328262098498,85.35482056696821,164.55
yes,,27.68251265000118,85.35495544999354,65.06
yes,,27.68239506711457,85.35497455357893,86.79
yes,,27.682470654719605,85.35504213243733,97.71
yes,,27.68218517586214,85.35521928915075,320.27
yes,,27.68257453571035,85.35507726669226,104.09
yes,,27.683100575124314,85.3548707653233,46.46
yes,,27.683106340630825,85.3547843451969,85.49
yes,,27.683201900002256,85.35482049999891,45.87
yes,,27.68280780000445,85.35459814999358,108.93
yes,,27.68336100000196,85.35481859999962,33.03
yes,,27.683304841731935,85.35485291646054,58.36
yes,,27.68214171943977,85.35678251366815,48.75
yes,,27.682206104450866,85.35691255920806,123.95
yes,,27.68186912132904,85.35651920334733,54.62
yes,,27.683292804456066,85.35632642457863,207.66
yes,,27.683419144789433,85.35546082151174,76.5
yes,,27.68323904970457,85.35538676692828,82.83
yes,,27.683233200737693,85.3571128996215,594.86
yes,,27.683241697256946,85.3573376816543,140.27
yes,,27.683334899996655,85.35795875000038,185.5
yes,,27.681420479822304,85.3569172920565,67.61
yes,,27.681111900014457,85.35648299998792,146.78
yes,,27.681276598724285,85.3566655824884,39.06
yes,,27.68198264773669,85.35804031227856,35.8
yes,,27.68036012467169,85.35737750148094,60.51
yes,,27.688217544780894,85.35285431922026,35.63
yes,,27.688344316166706,85.35724234880757,56.68
yes,,27.688223731644673,85.35725624335082,38.98
yes,,27.688185671941515,85.35696198954447,94.07
yes,,27.68822947364803,85.3568661606104,57.58
yes,,27.688307357455244,85.3573757401515,149.11
yes,,27.688349921270312,85.35708810692067,28.46
yes,,27.68827305938681,85.35707687745547,64.29
yes,,27.688106658965985,85.35717764128644,163.05
yes,,27.688176250001124,85.35706504999897,53.52
yes,,27.6880137792893,85.35746491872361,77.5
yes,,27.688145251217534,85.35741776193105,86.08
yes,,27.68804728537452,85.35783363915706,89.14
yes,,27.68814480000784,85.35763609999321,128.59
yes,,27.688196900008023,85.35791969999278,148.27
yes,,27.688077333041928,85.35795489658584,52.81
yes,,27.68815625000274,85.35802794998706,73.08
yes,,27.688259064378755,85.35775932592684,222.29
yes,,27.688296184844905,85.35759094137104,83.25
yes,,27.688017029736702,85.35707965301715,47.08
yes,,27.6880792464866,85.35700556678024,84.98
yes,,27.688115000005546,85.35689695000332,78.2
yes,,27.687972100006853,85.35714974999195,115.26
yes,,27.687890178365656,85.35723567513037,73.99
yes,,27.68769376582581,85.35717659508684,79.7
yes,,27.687633118003934,85.35724445777302,55.65
yes,,27.687641527954938,85.35654028853487,57.95
yes,,27.68739056997382,85.3574288549228,149.63
yes,,27.6873049926409,85.35730231916894,52.56
yes,,27.687484414591655,85.35750564823255,71.3
yes,,27.687162550023018,85.35663535000852,131.27
yes,,27.687351110640826,85.35657648572992,20.59
yes,,27.687318357246014,85.35675842149526,64.0
yes,,27.687370750000845,85.35671514999898,28.71
yes,,27.686824550018862,85.35656079999913,113.16
yes,,27.6869131000102,85.35658424999922,116.79
yes,,27.68675630001585,85.35656764999854,94.29
yes,,27.686902991598544,85.35676451476726,110.69
yes,,27.686798746227783,85.35674717316549,63.43
yes,,27.68698789336062,85.35688235340706,249.45
yes,,27.687062548022237,85.35679834924449,90.35
yes,,27.686974238029904,85.35704042064141,103.5
yes,,27.68678377699636,85.35718729570146,90.93
yes,,27.687049027336464,85.35741197901642,53.23
yes,,27.686908564149725,85.35737201308511,89.6
yes,,27.686635050003638,85.35734679999997,24.4
yes,,27.6867316805532,85.35742885040622,173.06
yes,,27.686759749996863,85.35725084999697,54.96
yes,,27.686864799999878,85.35767719999505,91.39
yes,,27.68659844300161,85.3576425226812,80.53
yes,,27.686705759805676,85.35768307779658,88.13
yes,,27.68648654485701,85.3578135223337,84.73
yes,,27.68657845883247,85.35782406818126,66.25
yes,,27.686347925562774,85.35759339438803,73.55
yes,,27.6862784217808,85.35729272276511,137.84
yes,,27.686404100005593,85.35731495000051,38.04
yes,,27.68611536903803,85.35705409213381,56.15
yes,,27.68626675000037,85.35691919999871,58.75
yes,,27.68612524999842,85.35716419999899,32.43
yes,,27.686111200022776,85.35727715000189,97.88
yes,,27.6855542969651,85.35668587971188,85.98
yes,,27.683463822970918,85.35694883202846,52.74
yes,,27.68141720001641,85.353639849999,96.72
yes,,27.685382550002135,85.35606714998003,93.05
yes,,27.6849009999971,85.35672819999411,45.93
yes,,27.68478488874291,85.35667676677488,58.73
yes,,27.67605171446512,85.34752684588769,53.49
yes,,27.684830515594232,85.35610229777564,39.67
yes,,27.684925755534795,85.35628577070464,79.81
yes,,27.684842569189644,85.35622216196971,80.0
yes,,27.68467720000581,85.35614914999205,103.26
yes,,27.684496941709618,85.35536963969633,74.97
yes,,27.685064521188668,85.3557982576099,66.38
yes,,27.68498130000626,85.35589395000227,75.55
yes,,27.685176600002222,85.35526980000044,29.87
yes,,27.685174292907273,85.355206522814,13.53
yes,,27.686417259707927,85.35666724391788,94.56
yes,,27.685400216937342,85.35820124919489,107.28
yes,,27.685477801879454,85.3578994414591,89.72
yes,,27.685467300000184,85.35782334999968,54.29
yes,,27.684758888773104,85.35727816911799,89.7
yes,,27.68473333260041,85.3570071977859,70.58
yes,,27.684751793822034,85.35709948509775,80.04
yes,,27.68413532830797,85.35725865544657,589.46
yes,,27.68439023340515,85.357237982036,435.63
yes,,27.683970710669772,85.35663661742134,95.6
yes,,27.683897596416468,85.35732415096825,139.18
yes,,27.683912757119355,85.35727158603089,86.12
yes,,27.683963309977788,85.35724853288826,71.69
yes,,27.684182084007556,85.35698415805838,124.89
yes,,27.68377385000313,85.35711330000152,22.6
yes,,27.687592950001964,85.3579740999893,79.13
yes,,27.687519505897832,85.35771786450253,85.11
yes,,27.687566691325436,85.35764405802814,65.33
yes,,27.687724300015855,85.35769120001339,127.74
yes,,27.687659413352726,85.35758917421538,90.58
yes,,27.687366253945754,85.3579959794633,158.98
yes,,27.68739974382042,85.3577532652061,144.84
yes,,27.68711163845481,85.35770684267655,583.95
yes,,27.68770537702936,85.35815179221996,121.43
yes,,27.687178704017988,85.3581951809992,215.57
yes,,27.68724910536482,85.35807043170169,114.22
yes,,27.687447851139485,85.35806449846156,146.05
yes,,27.687410796432594,85.3581937645087,104.49
yes,,27.68680643181022,85.35784828411703,119.25
yes,,27.684322801047216,85.35531804786312,48.79
yes,,27.683710596569437,85.35587247227318,350.96
yes,,27.683806008920335,85.35608646475055,217.71
yes,,27.68391360000072,85.35603009999515,64.19
yes,,27.692237986745155,85.3509345042401,137.1
yes,,27.69230081393582,85.35102143470586,57.12
yes,,27.692350686706334,85.35106218736728,59.98
yes,,27.69238968305748,85.35098945165703,58.13
yes,,27.692339337406068,85.35093575056366,64.56
yes,,27.692286514271768,85.35087313167836,66.15
yes,,27.69219957623924,85.35082055935379,145.6
yes,,27.692136084211224,85.35075287302757,132.97
yes,,27.69208230318431,85.3506684813264,89.61
yes,,27.69203918685104,85.35058948430282,68.76
yes,,27.694976095042993,85.34270412340037,100.84
yes,,27.694889144313322,85.34263408396087,83.16
yes,,27.694669605792075,85.34246740977785,156.48
yes,,27.69469359567487,85.34199731952539,62.14
yes,,27.694642895710267,85.34186921421848,120.46
yes,,27.694771762201633,85.34201104078662,124.43
yes,,27.69485122648998,85.34208756155637,53.6
yes,,27.694894695126315,85.3422091914098,91.24
yes,,27.6947427813703,85.34294416492288,105.04
yes,,27.695201591658577,85.34273005661429,23.72
yes,,27.694972753822125,85.34431279829448,68.74
yes,,27.695012952622363,85.34431652892478,59.81
yes,,27.69505226602476,85.34431905380431,62.61
yes,,27.69492566730182,85.34431054336792,83.94
yes,,27.695270899106536,85.34356665481461,121.64
yes,,27.69522343820823,85.34348097498138,104.2
yes,,27.69546199341238,85.34391887396556,100.51
yes,,27.695455028232853,85.34380193176456,236.48
yes,,27.695370034596714,85.34323648352232,136.03
yes,,27.693985706484053,85.34277816994724,228.72
yes,,27.693588117404307,85.342288329098,78.5
yes,,27.693808176008766,85.34233886956123,144.61
yes,,27.693757400010142,85.3442453999992,88.06
yes,,27.693682149181658,85.34425445658955,91.66
yes,,27.6935692834431,85.34430360576326,101.13
yes,,27.693422000008738,85.34385079999782,165.87
yes,,27.68764175443899,85.35175435304865,601.25
yes,,27.687490800031732,85.35154325001275,337.28
yes,,27.68723936822986,85.35146276276934,560.52
yes,,27.688349575726768,85.35077443582868,96.11
yes,,27.68839354531944,85.35067901842619,84.3
yes,,27.688260303906834,85.35087115133116,64.61
yes,,27.68803500000077,85.35078504999717,41.66
yes,,27.688118105051153,85.3508168684091,84.63
yes,,27.688334217178866,85.35092245078829,64.0
yes,,27.687972539280334,85.35064227806257,98.94
yes,,27.68805754989813,85.35065823033418,76.72
yes,,27.688124273577674,85.35009956052662,104.09
yes,,27.688386589738425,85.35036677282106,64.39
yes,,27.692200369294955,85.35024065489976,66.65
yes,,27.692251101473573,85.35017240460816,56.68
yes,,27.692208465363652,85.35010892508522,87.89
yes,,27.692239819776187,85.35002916359768,18.37
yes,,27.6924175121024,85.35006517292992,91.98
yes,,27.684102369764453,85.34840029638393,93.47
yes,,27.683719432016616,85.34874202427,108.65
yes,,27.68352743098212,85.34858716166826,76.85
yes,,27.683601184275442,85.34862267484101,70.26
yes,,27.68355183506409,85.34867318880359,75.64
yes,,27.69102557652965,85.35025106025441,103.68
yes,,27.69097222722865,85.35038407556033,176.71
yes,,27.690883032500796,85.35034229265922,117.2
yes,,27.690903849997806,85.35021160000431,81.47
yes,,27.690973149997394,85.350070000004,105.01
yes,,27.691115144077926,85.35013217742316,126.53
yes,,27.691127621622726,85.35022221735392,108.94
yes,,27.691118615200566,85.35036127956093,96.4
yes,,27.691218199995426,85.35047359999255,114.87
yes,,27.691092041288318,85.35047327829501,75.92
yes,,27.691071808099604,85.35055582997283,69.13
yes,,27.69098810000722,85.35072645000196,95.23
yes,,27.691410324690448,85.35057502382261,180.34
yes,,27.6915164568691,85.35047092406876,126.14
yes,,27.69156720673447,85.35054941196721,153.53
yes,,27.691580200459818,85.35069525566634,92.1
yes,,27.69144920360589,85.35069353796689,344.68
yes,,27.691394442660712,85.35084829990184,86.88
yes,,27.691613672300363,85.35077542341588,29.09
yes,,27.691662250002608,85.35071929999849,35.04
yes,,27.691629886990825,85.35087194145756,109.02
yes,,27.691164108851385,85.35116806024972,77.83
yes,,27.69111794484992,85.35122295259754,80.33
yes,,27.69103341404787,85.35103170855393,150.42
yes,,27.690962535473215,85.35093648316796,100.86
yes,,27.690961151706638,85.35106603343282,74.93
yes,,27.69098897391797,85.35125921632529,94.43
yes,,27.69097574102081,85.35117747633835,119.22
yes,,27.690904196247963,85.35083473117285,69.45
yes,,27.691729457056482,85.35128359257322,83.71
yes,,27.691927390182773,85.35122891210219,122.76
yes,,27.691943917063835,85.35021773321442,41.39
yes,,27.691925500942062,85.3501261470645,55.9
yes,,27.691954159683007,85.35032979625855,71.63
yes,,27.69197458518785,85.35043518243309,44.29
yes,,27.691999947399,85.35051168540646,50.77
yes,,27.69252142461138,85.35014975850066,101.78
yes,,27.69235938256036,85.35040894883473,141.65
yes,,27.68417973628748,85.35605008067974,101.7
yes,,27.684109476899103,85.35597945214178,89.62
yes,,27.6841800676553,85.35621173516674,51.77
yes,,27.683706819156015,85.3550121552074,42.08
yes,,27.68360287480065,85.35495550887089,63.08
yes,,27.684377243443137,85.35534546915346,19.99
yes,,27.684159250001542,85.35456024999846,42.26
yes,,27.6853513922739,85.35677597962773,383.64
yes,,27.686286431707867,85.35811136426157,45.88
yes,,27.68636211956371,85.35821439021205,92.24
yes,,27.684886661199865,85.35817326672294,106.94
yes,,27.68484904222242,85.3575717874521,208.72
yes,,27.68690896016948,85.35779247818257,35.18
yes,,27.687487496375592,85.35786481000339,257.27
yes,,27.688174991591016,85.35826456208862,100.31
yes,,27.68796868678733,85.34124617200537,49.35
yes,,27.687920038088542,85.34147392007772,120.69
yes,,27.68598190000171,85.34173414999118,38.79
yes,,27.68600300487434,85.34166953437091,78.57
yes,,27.686092368434384,85.34174644743354,90.41
yes,,27.68659971385874,85.34153573451503,301.54
yes,,27.6865610880932,85.3417563674676,87.17
yes,,27.686352998135682,85.34176448412902,136.26
yes,,27.68648795000501,85.34170944999673,105.88
yes,,27.686280866677492,85.34169485593739,131.37
yes,,27.686202968738588,85.34159585592197,153.32
yes,,27.686089950002557,85.3415782999991,39.51
yes,,27.686028900005233,85.3415112499916,64.92
yes,,27.686094002463737,85.34146496668717,79.53
yes,,27.686030943036336,85.34139188793837,84.26
yes,,27.686281968166146,85.3414504017994,131.78
yes,,27.686470502371623,85.34134388434087,24.06
yes,,27.687139245255583,85.34177873522444,212.99
yes,,27.68719558154258,85.34171077665904,107.65
yes,,27.68729215000207,85.34176624999711,113.08
yes,,27.687311061316105,85.34165515050475,139.73
yes,,27.687389142678768,85.34178727190083,105.4
yes,,27.68740594228632,85.34168844558164,104.28
yes,,27.687426396070197,85.34156852998811,150.15
yes,,27.687557299995174,85.34173824999515,69.38
yes,,27.687587594844793,85.34160562163864,74.06
yes,,27.687724308243713,85.34160267649504,114.45
yes,,27.68780673180638,85.34162035251947,94.86
yes,,27.687898353887704,85.34170131083188,78.59
yes,,27.688037475800126,85.3417657869563,128.7
yes,,27.688022035159292,85.34167587263782,105.37
yes,,27.688188400645235,85.34174796495503,140.58
yes,,27.688377500011274,85.34168155000874,99.78
yes,,27.68831268120522,85.34163457781503,122.03
yes,,27.68823757630869,85.34156931841501,150.16
yes,,27.68817386554411,85.34150315727919,99.31
yes,,27.687852829008428,85.34132798013007,93.73
yes,,27.68726543234018,85.3413186454183,92.89
yes,,27.68727143073664,85.34121442518094,157.38
yes,,27.687319800009224,85.34107435000213,83.11
yes,,27.687424419070904,85.34125034747035,355.7
yes,,27.68724793556725,85.34141992880338,172.47
yes,,27.687446252669258,85.34098381059368,286.42
yes,,27.687693722513743,85.34122658102906,51.99
yes,,27.687734736850086,85.34113714635447,164.12
yes,,27.687864646769203,85.34104922136844,304.4
yes,,27.687657535082575,85.34131375709981,116.67
yes,,27.687736738369725,85.3414053297081,200.84
yes,,27.688047905144295,85.3415224821994,96.21
yes,,27.688061079015863,85.34139731969633,167.5
yes,,27.688093500021125,85.34115250000121,129.37
yes,,27.68839605001002,85.34123250000678,89.54
yes,,27.688386663802998,85.34140591507268,129.92
yes,,27.68830750000568,85.34140025000733,52.08
yes,,27.68825302799164,85.34131390497018,114.0
yes,,27.688303393926027,85.34121378113382,97.08
yes,,27.688234812760037,85.34114019305481,131.84
yes,,27.688252428810532,85.34097239319149,78.27
yes,,27.68831234383613,85.3408235018992,212.8
yes,,27.68817839997982,85.34052659997813,264.8
yes,,27.687962149998558,85.34074125001003,64.7
yes,,27.6878893646811,85.34082567460926,156.97
yes,,27.6879010576525,85.34066603435397,169.66
yes,,27.688084520892822,85.34069836300755,149.26
yes,,27.687582666380955,85.34081382457232,348.3
yes,,27.68740415190098,85.34060394045262,496.28
yes,,27.68771686378564,85.34051845393792,424.28
yes,,27.682757961579615,85.34103430994084,35.98
yes,,27.683525887107592,85.34067003857618,129.5
yes,,27.682659923184772,85.34144880851608,20.23
yes,,27.68273540596789,85.34145397841533,50.12
yes,Chiyawala,27.682675944771404,85.34154336330695,67.29
yes,,27.68270492800176,85.34080981792582,101.71
yes,,27.681418541164806,85.34088171141366,83.74
yes,,27.681347014455074,85.34078676699112,161.62
yes,,27.672437600006884,85.34746359999792,103.68
yes,,27.67248205000291,85.34790894999972,47.1
yes,,27.67256936418334,85.34781271967786,62.87
yes,,27.69098801297001,85.34451061223302,76.73
yes,,27.691977115369,85.34376694005557,141.45
yes,,27.69188860001152,85.34403950000497,125.67
yes,,27.691982258303714,85.34400127346896,80.83
yes,,27.6919057151152,85.3441942266747,77.59
yes,,27.69183560000674,85.3441587000017,87.22
yes,,27.69194397093456,85.34432532210788,121.88
yes,,27.691848118041527,85.34428405525509,96.49
yes,,27.69164335000807,85.34444689998226,116.29
yes,,27.691710769573906,85.344371754271,133.74
yes,,27.691318083852952,85.34375691231192,112.05
yes,,27.69148634606386,85.34383681794056,71.53
yes,,27.691426256631875,85.34400910982482,144.83
yes,,27.691160436142706,85.34440144794176,185.61
yes,,27.691384229569493,85.34444696314839,153.34
yes,,27.69086444999786,85.34425864999895,51.3
yes,,27.69097721269782,85.34426901024298,97.99
yes,,27.690957053759735,85.3435016601309,149.1
yes,,27.691020983081597,85.34364984787109,113.98
yes,,27.69111700377909,85.3438682301948,117.58
yes,,27.69112936338777,85.34372757504163,133.71
yes,,27.691397050009197,85.34426250000219,114.83
yes,,27.691470300006515,85.34430485000073,92.25
yes,,27.691573191542457,85.34432514865935,149.91
yes,,27.69163945000904,85.34423579998283,130.09
yes,,27.69169218129894,85.34417552616274,114.71
yes,,27.691514750003773,85.34415204999543,122.79
yes,,27.691815049844582,85.34398849971824,219.0
yes,,27.69155205000733,85.34403304999803,140.03
yes,,27.691714100002553,85.34392225000097,32.64
yes,,27.691768482382226,85.34384519695493,48.24
yes,,27.69164920000561,85.3438629999929,130.24
yes,,27.69155957636248,85.34375084161505,107.94
yes,,27.691485458454615,85.3437073286962,124.52
yes,,27.69140283177839,85.34365494368771,119.9
yes,,27.691317223754638,85.34358493939943,104.85
yes,,27.69122790105799,85.34352173281935,142.06
yes,,27.691125950013454,85.34349175001435,80.84
yes,,27.691046642117293,85.34340360239864,62.86
yes,,27.6909790500072,85.34335870000045,108.16
yes,,27.691149668004744,85.34325905393929,84.56
yes,,27.691370203711134,85.3433988319253,114.18
yes,,27.691470217869863,85.34346910570055,165.25
yes,,27.69161542819676,85.3432810212785,172.14
yes,,27.691501905611695,85.34327856009784,104.36
yes,,27.69153537775502,85.34318059276204,73.72
yes,,27.691754103537846,85.34321668074786,76.28
yes,,27.69173738181391,85.34338614042059,220.67
yes,,27.69164901805381,85.34352610666824,139.23
yes,,27.691861601155974,85.34368023240907,129.92
yes,,27.69176251240393,85.34363212354587,174.37
yes,,27.691933495252304,85.34346222700123,104.26
yes,,27.69184305000658,85.34325230000107,91.16
yes,,27.691904750007577,85.34328460000451,67.08
yes,,27.691971281372574,85.34331939335709,103.54
yes,,27.672514750006943,85.34809850000366,90.63
yes,,27.672426628852655,85.34804435999695,72.47
yes,,27.67223679428565,85.34805534424727,55.41
yes,,27.672356125764455,85.34765773527963,203.67
yes,,27.672270950006272,85.34788754999937,98.59
yes,,27.67216602437337,85.34790691916226,89.65
yes,,27.67235602415463,85.34786693696093,91.81
yes,,27.672167250005675,85.34758144999951,104.26
yes,,27.672176042473833,85.3476915342995,179.43
yes,,27.672072800007605,85.34759244999806,96.13
yes,,27.672252929252164,85.34745716904743,123.2
yes,,27.672097350003437,85.34745979999931,51.04
yes,,27.672063820654067,85.34736943558376,84.78
yes,,27.672322619441882,85.34820916584401,68.44
yes,,27.67223101872168,85.34815136237594,53.67
yes,,27.6721707511097,85.34812415213945,79.59
yes,,27.672061134391118,85.34840729363037,117.94
yes,,27.672218793554638,85.34837497001801,22.54
yes,,27.672187950004748,85.34844395000046,66.57
yes,,27.672277615571243,85.3486785748742,69.63
yes,,27.67227788740806,85.3485800737168,93.7
yes,,27.672338115120308,85.34846210209568,147.65
yes,,27.672503693406753,85.3486264475881,134.83
yes,,27.67250635001326,85.3484971500038,108.0
yes,,27.672384450000223,85.3486171499961,66.28
yes,,27.672638250000244,85.3486544999941,106.15
yes,,27.672633650002822,85.34895250000004,96.43
yes,,27.672501900008385,85.3489427999996,136.79
yes,,27.672564799996024,85.34878394998854,101.64
yes,,27.672396500010464,85.3489247000031,109.45
yes,,27.672193359051008,85.34881714477866,241.4
yes,,27.672027750009214,85.34895970000423,84.21
yes,,27.672155866819633,85.3489899149327,58.82
yes,,27.672204050008016,85.34901465000534,61.14
yes,,27.67211008025117,85.34868409412341,64.52
yes,,27.67263181542172,85.34922453516627,100.33
yes,,27.672537500004122,85.34921444999914,113.18
yes,,27.672445407191596,85.34917104120989,75.03
yes,,27.67240295000353,85.34906774999995,47.36
yes,,27.672313875952096,85.34917374207089,116.23
yes,,27.672207799999736,85.34890089999708,36.55
yes,,27.67271824727685,85.34922553670549,57.41
yes,,27.672516646299638,85.34934606425611,64.49
yes,,27.67249907076687,85.34944256011859,82.93
yes,,27.67239371002875,85.34940707400641,78.7
yes,,27.672426550005355,85.34956590000398,42.25
yes,,27.672650899997834,85.34948469999301,81.04
yes,,27.672644022625562,85.34959485271627,94.62
yes,,27.672543330841204,85.34954819551214,45.83
yes,,27.672595754312418,85.34970683142836,69.77
yes,,27.67275050001102,85.34970730000794,103.95
yes,,27.672889453855802,85.3496233606966,61.72
yes,,27.672784672959647,85.34950930778653,100.8
yes,,27.672863617769035,85.34938446444353,124.45
yes,,27.672832600000792,85.3497754999931,64.88
yes,,27.672685749995598,85.34937189999253,55.67
yes,,27.672627333091146,85.34996263752541,117.41
yes,,27.672823999998062,85.34985729998313,82.65
yes,,27.672676581630366,85.34982914294288,98.71
yes,,27.67293625000265,85.35009060000021,40.01
yes,,27.672826799117754,85.35011546711452,54.82
yes,,27.672892119067104,85.3501733218721,35.69
yes,,27.672708148314094,85.35000931719141,95.49
yes,,27.673041421999276,85.35016183535585,40.11
yes,,27.67299180758481,85.35025241978114,108.86
yes,,27.67299130000476,85.34979040000466,54.29
yes,,27.67294486106381,85.34985908642342,36.95
yes,,27.673397199143974,85.35023946897078,105.31
yes,,27.672277350000737,85.34971599999866,25.2
yes,,27.67230372290211,85.34966806572822,45.11
yes,,27.67231595000243,85.34959319999916,46.6
yes,,27.67225680692015,85.34980868625338,107.82
yes,,27.67235172816573,85.34986777130487,89.91
yes,,27.6723919995716,85.34977682710092,81.73
yes,,27.67252345331657,85.34988923191143,96.52
yes,,27.672925989735656,85.34972883028303,24.59
yes,,27.673085062516442,85.3497726753155,12.4
yes,,27.672071050003638,85.34971369999919,63.63
yes,,27.67218137153227,85.34959480619698,76.84
yes,,27.672136826007893,85.34976681325438,59.55
yes,,27.67218814751683,85.34949654155635,131.66
yes,,27.67201023467429,85.3490618014995,55.01
yes,,27.672110662427546,85.34936245332321,61.5
yes,,27.67226377255822,85.34930030726882,128.72
yes,,27.672164233736968,85.34996201835197,84.2
yes,,27.67224465002458,85.35003950001412,166.91
yes,,27.672128195083715,85.3500802161286,119.09
yes,,27.67248530000381,85.35010759999702,96.97
yes,,27.672423116272594,85.35016758400522,55.34
yes,,27.67263669722205,85.3502620683067,104.74
yes,,27.672625700000747,85.35012324999937,17.06
yes,,27.672582956184733,85.35018058209621,47.42
yes,,27.672783917424248,85.35029370468065,82.72
yes,,27.67271823266007,85.35019490800933,50.1
yes,,27.669983366470095,85.3507192486831,116.62
yes,,27.66986894658311,85.3506494958232,51.55
yes,,27.66983546712188,85.3506941249925,24.82
yes,,27.669843463032652,85.35047873464895,68.74
yes,,27.669905292225693,85.35058038483366,88.99
yes,,27.670132818456274,85.3505415212467,138.18
yes,,27.670755475553047,85.35106324519194,68.7
yes,,27.670730050002096,85.35099499999983,34.91
yes,,27.670670600007348,85.3508639000033,73.62
yes,,27.670667369178066,85.35074190573563,76.41
yes,,27.670595900008763,85.35083375000195,114.02
yes,,27.670616553011513,85.35099358049257,70.57
yes,,27.670515637789634,85.35094831203764,118.35
yes,,27.67040390873563,85.35090249707238,40.64
yes,,27.670360500009043,85.35088080000497,57.17
yes,,27.670500616007292,85.35071662629797,18.13
yes,,27.670705694862978,85.35056658229819,93.03
yes,,27.670483800004547,85.3504524000019,54.82
yes,,27.670559157034333,85.350486265822,122.5
yes,,27.670542450000433,85.35065674999407,32.68
yes,,27.670859974802394,85.35065333291882,54.26
yes,,27.670938331834954,85.35066802183903,115.91
yes,,27.670848124354315,85.35081042073219,114.93
yes,,27.67077196794873,85.3507748138111,112.38
yes,,27.670982700010985,85.35052880000688,68.88
yes,,27.670909268674823,85.35049060782951,129.59
yes,,27.670802954529655,85.35044383125542,147.53
yes,,27.671041895631948,85.35072256868091,81.78
yes,,27.671056579336593,85.35055153703227,123.08
yes,,27.671202634877787,85.35079891143182,75.43
yes,,27.67121265253293,85.35073035509369,81.94
yes,,27.671114272599805,85.35073625866751,135.34
yes,,27.671277533092912,85.35045325970336,79.99
yes,,27.671173700007735,85.35055290000015,116.23
yes,,27.671288422135603,85.35078645475384,85.27
yes,,27.67136743775872,85.35080844019478,144.18
yes,,27.671395719387974,85.35065705355117,87.15
yes,,27.671441721300265,85.35049206364893,126.23
yes,,27.671191565650215,85.35091892670495,22.76
yes,,27.671239452349337,85.3509569333454,81.87
yes,,27.671327399150908,85.35094636271961,25.69
yes,,27.671182572765296,85.35106476110398,110.93
yes,,27.671260612500443,85.35108072223909,30.12
yes,,27.670828912002698,85.35093572249895,80.35
yes,,27.670746150005648,85.3509008000013,73.16
yes,,27.670965173410266,85.35088957788217,157.87
yes,,27.671050250009397,85.35089480000902,44.29
yes,,27.670246693683854,85.35119072094815,131.13
yes,,27.670155900008186,85.35129710000031,74.19
yes,,27.670147164608757,85.35116440065894,119.7
yes,,27.670123710067976,85.35104817435406,51.0
yes,,27.670160463654085,85.35094887061096,99.03
yes,,27.670294304539908,85.35107729803677,76.82
yes,,27.67048382933219,85.35115900805906,127.26
yes,,27.67036956017542,85.3510825234752,81.0
yes,,27.670657004987113,85.35117735409975,79.95
yes,,27.670590096763778,85.35117117093183,62.14
yes,,27.67036726619507,85.35124442155875,71.86
yes,,27.67043918643196,85.3512663931867,66.75
yes,,27.67050653507253,85.35128106027396,62.05
yes,,27.67057569291576,85.3512882515694,94.09
yes,,27.67063616449692,85.35129153918959,54.4
yes,,27.670797337729827,85.35123817414849,42.96
yes,,27.67070100024136,85.35143573282545,56.41
yes,,27.670852299361176,85.35145095474527,82.96
yes,,27.670804341689188,85.3513375197395,45.67
yes,,27.67074200000596,85.35148525000223,40.15
yes,,27.670920929138127,85.35121075137167,54.06
yes,,27.670404606548068,85.35174374769237,46.39
yes,,27.670302447751297,85.35133604062302,74.0
yes,,27.670378162397103,85.35136914046687,125.39
yes,,27.67017453140818,85.35142389823572,115.73
yes,,27.670182100005484,85.35168864999883,116.66
yes,,27.670588450008,85.35179935000208,50.11
yes,,27.670609069877706,85.35194701491041,40.39
yes,,27.670488691990677,85.35186252114613,199.27
yes,,27.670902550391762,85.35165100491041,104.18
yes,,27.670702427463272,85.35183945709038,94.51
yes,,27.67094540270757,85.35154362627453,163.4
yes,,27.67099815939171,85.351345576644,110.96
yes,,27.67098400187628,85.35144321008077,136.89
yes,,27.671359999936552,85.35146851574126,90.91
yes,,27.671226398319256,85.35153338469705,72.64
yes,,27.671601594397636,85.35118839393911,139.09
yes,,27.671534916054306,85.35127918326246,47.5
yes,,27.671719500028345,85.35113380001724,192.12
yes,,27.671667446624806,85.35103447028092,44.66
yes,,27.671551258047963,85.35144746897207,87.4
yes,,27.671638145936818,85.35152716625471,100.99
yes,,27.671717146809435,85.35143909673967,43.88
yes,,27.671682800005197,85.35092714999706,131.18
yes,,27.671519944634273,85.35161920510582,61.13
yes,,27.671681327502984,85.35130527684372,87.02
yes,,27.67138605700216,85.35160702061155,98.24
yes,,27.671421947579745,85.35151476774082,64.75
yes,,27.671494921437773,85.3516910439584,41.32
yes,,27.671499234089865,85.35135917471092,99.72
yes,,27.671614020348834,85.35052151331833,96.81
yes,,27.671706166225224,85.3507114422491,62.04
yes,,27.671748028785974,85.35073491004113,61.08
yes,,27.671811130559348,85.35076219047603,118.67
yes,,27.671939757447316,85.35136372276733,164.78
yes,,27.67184707112223,85.35131645766978,79.78
yes,,27.671822982098174,85.35107930180433,47.72
yes,,27.67190534095056,85.35121048500055,270.89
yes,,27.671986825824952,85.35099113803105,55.82
yes,,27.671954000000465,85.35151429999853,47.05
yes,,27.67195983339802,85.35108560000344,108.4
yes,,27.671948361613865,85.35205358352988,79.82
yes,,27.671962300004616,85.35195719999913,98.47
yes,,27.671783925769162,85.35172489390543,40.56
yes,,27.67169094973267,85.35186660731509,92.9
yes,,27.67177825000687,85.35191505000053,89.49
yes,,27.671799346693017,85.35179845815304,64.22
yes,,27.671499881387096,85.35210179733038,89.06
yes,,27.671743750622305,85.35201732888846,87.15
yes,,27.671715118950228,85.35210140512137,99.33
yes,,27.671671896167936,85.35196191893579,46.44
yes,,27.67163146389607,85.35204317089163,84.59
yes,,27.671587997138754,85.35213965058655,97.69
yes,,27.671677486237304,85.35222421201838,141.03
yes,,27.671522182148866,85.3522394836676,100.36
yes,,27.67192067460553,85.35225248716708,228.69
yes,,27.671441505287927,85.35256117006118,115.04
yes,,27.67147217147608,85.3524662805851,96.44
yes,,27.67152150207422,85.35236968781518,104.17
yes,,27.669970871756107,85.35171480877733,53.51
yes,,27.670036800002567,85.35181594999878,87.98
yes,,27.670163500000445,85.35180469999577,49.76
yes,,27.6700752103057,85.35208737565915,34.94
yes,,27.670347050002835,85.35215639999917,51.38
yes,,27.670366350006116,85.3520162499953,106.98
yes,,27.669948626390095,85.35207261180915,23.07
yes,,27.669970595486287,85.3519580513502,82.37
yes,,27.669883645381532,85.35102094854457,90.99
yes,,27.66998106781195,85.35106076068583,97.95
yes,,27.669984442360395,85.35097086987186,51.58
yes,,27.669890481620456,85.35093407124718,67.73
yes,,27.67002002253037,85.35123186348527,52.42
yes,,27.669928228713612,85.35132349248111,107.28
yes,,27.670025727376483,85.35135148605714,91.33
yes,,27.66990948700725,85.35144614701922,74.78
yes,,27.669887872403407,85.35165424034916,25.09
yes,,27.669977600001975,85.3516153499965,118.38
yes,,27.670840775706477,85.3520717845378,72.16
yes,,27.67090274359383,85.35207548652332,78.55
yes,,27.67094945099346,85.35229416425555,208.09
yes,,27.670999993589295,85.3520584746503,75.01
yes,,27.671249700004363,85.35215874999957,50.48
yes,,27.671177336098225,85.35217440403301,97.98
yes,,27.671081456648345,85.3524165364195,89.5
yes,,27.671933499997895,85.34756240000733,123.95
yes,,27.67188247259381,85.34745934258545,73.19
yes,,27.671687962794334,85.34749592585918,126.37
yes,,27.671540050017988,85.34742024999363,128.69
yes,,27.67133985619609,85.3476065824019,86.59
yes,,27.67126270108225,85.34754808113952,78.63
yes,,27.67135206356366,85.34748882098876,101.69
yes,,27.67147490000241,85.34780169999026,94.26
yes,,27.67130085000259,85.34769039999536,71.73
yes,,27.671223228033,85.3476378631993,80.22
yes,,27.671435657215955,85.3476657143957,109.28
yes,,27.671123709338328,85.34804914144462,89.0
yes,,27.671172950214213,85.3479601142026,100.39
yes,,27.671077582146552,85.34787016300811,180.8
yes,,27.671171250004786,85.34778344999306,84.85
yes,,27.671115505790063,85.3477142880711,107.17
yes,,27.671040117235904,85.3479800862022,170.32
yes,,27.671012412335777,85.34812198606564,92.9
yes,,27.67087593644876,85.3480995060274,101.51
yes,,27.670915043895782,85.34802126410655,81.93
yes,,27.67127158037653,85.34819533630079,80.76
yes,,27.67121898063377,85.34814476807429,86.04
yes,,27.671351199389978,85.34823141925001,98.24
yes,,27.671306229751362,85.34830109806967,71.38
yes,,27.671260037117033,85.34837124496184,117.35
yes,,27.671182950005125,85.34830525000307,72.19
yes,,27.671120500005422,85.34823080000098,81.83
yes,,27.671068997633885,85.34817899414435,62.55
yes,,27.671274459080795,85.34804770443634,59.83
yes,,27.67147031679018,85.34795042109465,60.23
yes,,27.67128835089456,85.34781308018493,155.84
yes,,27.67172789570623,85.34818543007788,64.0
yes,,27.67157296687754,85.34805865161687,81.96
yes,,27.671528585654386,85.34822808208223,120.53
yes,,27.67151236876796,85.34814387172906,76.56
yes,,27.671784576208797,85.3484646077715,74.9
yes,,27.671706740282463,85.34852363145004,81.81
yes,,27.671617900001674,85.3484893999974,34.23
yes,,27.671553833631304,85.34842237413426,40.25
yes,,27.671709771486103,85.34840258466855,67.83
yes,,27.671792080220268,85.3482789918461,54.51
yes,,27.67178275000403,85.34858720000017,61.03
yes,,27.67187220000396,85.3486253499959,125.2
yes,,27.671744844684586,85.34916441287149,86.69
yes,,27.67175729647121,85.3490827267743,117.43
yes,,27.67166160279553,85.3490404506671,78.32
yes,,27.671591897966344,85.34900619529246,113.77
yes,,27.671531544394295,85.34896687939404,79.6
yes,,27.671445850005636,85.34889689999767,101.75
yes,,27.671270296892793,85.34859991576866,63.59
yes,,27.67137333325683,85.348650849361,136.38
yes,,27.671322967227507,85.34880220677074,108.86
yes,,27.67137460299571,85.34886174248956,88.19
yes,,27.671075535522743,85.3483415923341,40.32
yes,,27.671094296925183,85.34842277556533,49.57
yes,,27.67119284541083,85.3484473150833,54.78
yes,,27.670951630363707,85.34836908182851,155.98
yes,,27.671020170732934,85.34847192580074,69.44
yes,,27.671074400290536,85.34853456663421,95.58
yes,,27.670788250687032,85.3481989153045,82.39
yes,,27.670863883336217,85.34828085051745,87.49
yes,,27.670978800003947,85.3486243500026,62.08
yes,,27.670924874783555,85.34854850540658,83.34
yes,,27.670878013984535,85.34848734875774,69.55
yes,,27.67082955156875,85.3484343166077,73.34
yes,,27.670717848391742,85.34829911633307,112.3
yes,,27.670780231926532,85.34837463283677,74.23
yes,,27.671099751717314,85.3487668751934,116.69
yes,,27.67103879949139,85.34868956168282,100.53
yes,,27.671216130990732,85.34892878403066,116.03
yes,,27.6711623699256,85.3488409476043,97.39
yes,,27.671488705190683,85.34916356032092,98.76
yes,,27.671414246923312,85.3491150176241,107.02
yes,,27.671346950934502,85.34906928286857,78.17
yes,,27.671289564752897,85.34901535398144,96.01
yes,,27.67167925000736,85.34930954999702,132.71
yes,,27.671580086925488,85.34923519461158,154.97
yes,,27.671498651567024,85.34936911619741,56.12
yes,,27.67130417964932,85.34944020016138,89.97
yes,,27.671354271392143,85.34937077601141,178.24
yes,,27.671409773124402,85.34929018724687,149.7
yes,,27.671161150467352,85.34922759963194,94.75
yes,,27.671220217790108,85.34914562105702,79.3
yes,,27.671289157204153,85.34921063779223,113.58
yes,,27.671665023817976,85.34945941182956,24.33
yes,,27.67158244959202,85.34953306576386,139.22
yes,,27.671403981896656,85.34953125412534,18.03
yes,,27.67142894044237,85.34959059228134,63.19
yes,,27.671494441490697,85.34957059765465,49.7
yes,,27.671185897649078,85.34957161627494,76.9
yes,,27.671087602025768,85.34934114635531,81.25
yes,,27.6709771366855,85.34930543806703,83.93
yes,,27.67102239375549,85.34938915743388,75.04
yes,,27.67110378444711,85.34947996213475,116.44
yes,,27.670895200004065,85.34890185000572,61.99
yes,,27.67093262168691,85.34894956413822,56.56
yes,,27.67095961428431,85.3488053049797,36.52
yes,,27.670998608321106,85.3488759126251,77.2
yes,,27.6711276904551,85.34902542181152,114.75
yes,,27.67106286994995,85.349089540341,149.48
yes,,27.670864456553048,85.34910050752016,51.25
yes,,27.67073048456083,85.34849499021624,84.39
yes,,27.6707874500046,85.34857440000198,75.31
yes,,27.670885183225682,85.34869840073914,77.44
yes,,27.670658433393896,85.34839970359647,35.52
yes,,27.67066087778532,85.34855489028809,72.4
yes,,27.67078966867282,85.34873691936292,103.57
yes,,27.67070583624155,85.3486501632833,40.34
yes,,27.670617455542263,85.34846433251128,65.52
yes,,27.670571985472833,85.34869684307817,87.42
yes,,27.67050333936936,85.34859384429224,143.29
yes,,27.670554845524485,85.3487918999771,134.68
yes,,27.670439154665893,85.34862930539605,112.98
yes,,27.67026146432366,85.34857331630117,175.55
yes,,27.670345759282835,85.34868017908715,62.72
yes,,27.670210554491113,85.34819571626826,67.0
yes,,27.670190758599144,85.34829985838479,48.4
yes,,27.67024691525321,85.34839268417302,54.94
yes,,27.67030140571105,85.3483554902084,66.75
yes,,27.670363038687213,85.34845317885363,178.54
yes,,27.67060935145717,85.34817619900073,93.87
yes,,27.67037436798258,85.34826212349337,118.19
yes,,27.67017715000495,85.34797105000614,82.41
yes,,27.6702509945444,85.34804340726907,106.98
yes,,27.67031245000432,85.34747565000832,74.9
yes,,27.670369437631784,85.34766513344265,117.45
yes,,27.670551550001296,85.34793895000337,29.55
yes,,27.670591435103912,85.34801656422454,54.89
yes,,27.67068615000524,85.34808835000042,80.58
yes,,27.67060784160869,85.34775039679583,137.97
yes,,27.67065702056682,85.34785811681628,119.79
yes,,27.670794409830652,85.34790250386041,101.13
yes,,27.6707392386309,85.34796268908715,157.62
yes,,27.67048970000124,85.34783385000114,26.71
yes,,27.67047580799705,85.34763260594535,94.84
yes,,27.670385950004206,85.34743499999604,33.03
yes,,27.670423898308815,85.34751667908243,51.9
yes,,27.670448366054863,85.34734649796897,88.03
yes,,27.670506583371818,85.34745185199144,85.97
yes,,27.670893480981352,85.34765386049105,75.54
yes,,27.670948123981137,85.34773007797702,94.74
yes,,27.67082121551751,85.34775640427313,110.17
yes,,27.670779265281617,85.34766484992042,87.53
yes,,27.69308675000777,85.35006770000231,115.16
yes,,27.69301268602594,85.35016209569172,136.64
yes,,27.693119348250107,85.35019641903598,104.06
yes,,27.693066172978934,85.35026260295777,106.06
yes,,27.693028583323887,85.35034039790216,58.23
yes,,27.69298974619913,85.35030169095074,34.42
yes,,27.6929482475227,85.35024403251596,82.44
yes,,27.692890919198273,85.35029336027137,74.16
yes,,27.692853144423978,85.3503566321812,92.68
yes,,27.692920182968376,85.35043800909528,77.11
yes,,27.69287335000486,85.35049754999473,83.24
yes,,27.692822100005568,85.35056269999647,92.29
yes,,27.692752797765923,85.35023336064687,74.71
yes,,27.692694185581463,85.35014450626132,102.42
yes,,27.693202355581423,85.35029248851032,165.28
yes,,27.69309355000173,85.35042089999996,26.98
yes,,27.69320240486133,85.35059074195867,41.47
yes,,27.69319889729139,85.35051630795681,32.4
yes,,27.693141950002126,85.35102879999815,45.02
yes,,27.69318546514362,85.35092753192365,37.23
yes,,27.69323268492764,85.3508879195319,39.83
yes,,27.693167858924582,85.3508635775976,34.15
yes,,27.693264372150633,85.35080998977158,29.82
yes,,27.693215109790295,85.35082899423696,11.77
yes,,27.693193925456622,85.35074858642717,78.31
yes,,27.693142028617114,85.35067656254735,52.74
yes,,27.692948750009435,85.35136860001057,74.55
yes,,27.692900350009396,85.35133250000962,82.21
yes,,27.69284859596396,85.35129533175854,83.65
yes,,27.69277133830299,85.35125606042595,171.03
yes,,27.692727248779804,85.35118463434314,30.59
yes,,27.69267566213292,85.35118049108273,91.91
yes,,27.692612737804843,85.35114963075405,141.03
yes,,27.69256728480267,85.35108384780723,62.38
yes,,27.692530497473456,85.35117570786521,33.32
yes,,27.692517755059683,85.3511077457962,41.11
yes,,27.692391250005883,85.350588900008,50.49
yes,,27.692080934065523,85.35008212783788,60.75
yes,,27.692159706488813,85.35009939232872,39.71
yes,,27.692096022063726,85.3501392953795,47.7
yes,,27.692138167810196,85.35020047689925,71.79
yes,,27.677225242089715,85.34183027498433,73.31
yes,,27.67715002765989,85.34192084539158,109.25
yes,,27.677189769766528,85.34201768991268,77.55
yes,,27.67716574521009,85.34211742179026,70.5
yes,,27.6771455087054,85.34222012449075,98.85
yes,,27.67708506467547,85.3423365539596,104.98
yes,,27.67703691613501,85.34247635954033,133.3
yes,,27.67654842509797,85.34246303608988,18.74
yes,,27.6764910244446,85.34250493812165,172.45
yes,,27.67684544855727,85.3426146945233,180.75
yes,,27.676967371706024,85.3422510557311,62.48
yes,,27.676677628560814,85.34226008007572,87.18
yes,,27.676491000000645,85.34204319999695,70.66
yes,,27.67641846907944,85.34174063650009,57.29
yes,,27.676556429715653,85.34177084070396,61.48
yes,,27.672259500008305,85.35064490000252,92.82
yes,,27.67221699384027,85.35043611991199,112.51
yes,,27.672215419161684,85.35080686366021,133.01
yes,,27.673333250001388,85.3516941000015,23.07
yes,,27.67325740000459,85.35171434999282,56.72
yes,,27.673154843644834,85.35178122946202,86.35
yes,,27.67281757482896,85.35147418578084,60.2
yes,,27.672950670131208,85.35136984673296,81.38
yes,,27.672967262453895,85.35144791918364,80.06
yes,,27.67304507099137,85.3515596082038,84.96
yes,,27.673112363187652,85.35146219843439,82.94
yes,,27.67313269999981,85.35153375000623,78.48
yes,,27.673381550001302,85.3515714499911,128.08
yes,,27.67267171234211,85.35153871901788,134.12
yes,,27.672789228123865,85.35123844589081,89.69
yes,,27.672726950009682,85.35120730000015,51.61
yes,,27.672637348883345,85.35112106949069,47.58
yes,,27.672624954565915,85.35125604292246,77.64
yes,,27.672623879334612,85.35136889320236,65.01
yes,,27.672559945777163,85.3514323862467,99.22
yes,,27.672553368830094,85.35153652284758,83.17
yes,,27.672477649990263,85.35110234997576,181.03
yes,,27.672465791636384,85.35121632208623,91.71
yes,,27.67237888640618,85.35121312077041,38.71
yes,,27.67247077155472,85.3513021048867,64.29
yes,,27.672384383144387,85.35137825732345,62.18
yes,,27.672351900003743,85.35171524999187,136.28
yes,,27.672381100007545,85.35148919999989,116.05
yes,,27.6723268285542,85.35098965468636,40.9
yes,,27.672115176797142,85.35148513179749,71.21
yes,,27.672136736137556,85.35118099364492,118.52
yes,,27.67335222199196,85.35197251762321,61.44
yes,,27.67336306931274,85.35186536980905,102.31
yes,,27.673318353438454,85.35211383263305,124.4
yes,,27.673330945022208,85.35224523547964,138.96
yes,,27.673092052304344,85.35218789908794,89.94
yes,,27.673026817485102,85.35214275612302,78.99
yes,,27.67310649999847,85.35209809996853,94.42
yes,,27.673167100003635,85.35204929999689,80.51
yes,,27.673094470504136,85.3520042795401,73.59
yes,,27.67261515050837,85.35230548345484,149.61
yes,,27.672923786572362,85.35199260318954,79.9
yes,,27.672802866270533,85.3519310661551,59.99
yes,,27.67284743636015,85.35185707501566,101.1
yes,,27.67246195000456,85.35214514999969,130.28
yes,,27.672460150004767,85.35231104999951,89.97
yes,,27.67224275000805,85.35211905000003,100.95
yes,,27.67226712823866,85.35193291059043,67.33
yes,,27.672293666851072,85.35179280021497,147.91
yes,,27.672962514349617,85.35254744028592,123.56
yes,,27.673079601285544,85.35272957842628,72.9
yes,,27.672606352226772,85.35265254449826,156.67
yes,,27.67259170688353,85.35253863910508,89.72
yes,,27.67245357803728,85.35265646337186,200.51
yes,,27.672363450016096,85.3526483499995,97.02
yes,,27.672456556363784,85.35250190379425,196.99
yes,,27.672339250151268,85.35250469640886,182.11
yes,,27.67218704999826,85.35246304999757,140.25
yes,,27.672180266812358,85.35256704742463,144.36
yes,,27.673777747858733,85.35255101892761,92.7
yes,,27.673766500005428,85.35271769999942,85.24
yes,,27.673604031423384,85.35273348611105,40.15
yes,,27.67353920000242,85.35271949999856,70.08
yes,,27.67354305729315,85.35263987976396,39.48
yes,,27.6736286781712,85.3525852387216,47.53
yes,,27.673522199992092,85.35233939999587,89.31
yes,,27.67359095646758,85.3522238418531,114.46
yes,,27.67367693613772,85.35212974986466,81.01
yes,,27.673551549999722,85.35181359999595,30.1
yes,,27.67357885000203,85.3517557499963,67.67
yes,,27.673659493589845,85.35164623050562,122.69
yes,,27.673572150004155,85.35165360000155,37.4
yes,,27.673641421948496,85.35145120648974,73.95
yes,,27.673437067357575,85.35124533788405,125.62
yes,,27.673477049995114,85.35116415000037,101.85
yes,,27.673483799994305,85.35106700000328,118.65
yes,,27.67326605000445,85.35122354999952,70.57
yes,,27.673245542401396,85.35112437415052,78.24
yes,,27.67331183464818,85.35104483909832,53.57
yes,,27.67351845000389,85.35090644999333,159.9
yes,,27.673544619985968,85.35075515496993,107.85
yes,,27.673567000012714,85.35054350000101,167.43
yes,,27.673450300006564,85.35055860000482,42.69
yes,,27.673250565636753,85.3508216298143,71.82
yes,,27.673297500004868,85.35071200000183,46.0
yes,,27.67321814999915,85.35071079999821,25.18
yes,,27.67236990001575,85.35074045001018,87.79
yes,,27.672553129713886,85.35090258383714,47.99
yes,,27.67263765000023,85.35091744999738,34.18
yes,,27.673038681226693,85.35108832286973,83.95
yes,,27.67287984448843,85.35127297039013,121.94
yes,,27.673111850015093,85.35113769999859,138.41
yes,,27.67315212387653,85.35098701308488,83.9
yes,,27.672955794381057,85.35104878897224,117.46
yes,,27.672890900004074,85.35110895000005,62.74
yes,,27.672798118128537,85.35100745905102,112.97
yes,,27.672804414203306,85.35086793224829,107.95
yes,,27.672772454911264,85.35073477904314,87.92
yes,,27.673038600002297,85.35093174999909,66.53
yes,,27.672957322577805,85.35090755833856,78.36
yes,,27.67294693985842,85.35075982133995,167.96
yes,,27.672956233401845,85.35043700029307,75.07
yes,,27.67284187882291,85.35062455845228,24.01
yes,,27.67279116428522,85.35060506069168,73.12
yes,,27.67286005000313,85.3505166500039,32.18
yes,,27.672797450003863,85.35045655000094,53.19
yes,,27.672699953042166,85.35048788228563,80.32
yes,,27.6726490684598,85.35059455633588,81.0
yes,,27.67246470000483,85.35066284999846,88.3
yes,,27.672419647720623,85.35054595388395,68.42
yes,,27.672513544904035,85.35056703080191,102.18
yes,,27.696689587507517,85.34790960817264,68.27
yes,,27.695661419466003,85.34736415121057,113.59
yes,,27.695734452811813,85.34728336305028,97.47
yes,,27.695795003450755,85.3474677200695,118.0
yes,,27.695846888602073,85.34753142632758,86.47
yes,,27.69587114408567,85.34762271231018,82.94
yes,,27.696079888202693,85.34758253458823,17.23
yes,,27.696001310267704,85.34766309535284,135.51
yes,,27.696117705227167,85.34770226391983,75.31
yes,,27.696179530035327,85.34756614245381,72.43
yes,,27.696085862835663,85.34751333635677,91.6
yes,,27.69611170000199,85.34742954999655,82.67
yes,,27.696235449995108,85.34744569998941,106.94
yes,,27.676247733585647,85.35184020152165,38.29
yes,,27.677682299306568,85.3527841192442,221.31
yes,,27.678583164376757,85.35276280293911,130.35
yes,,27.678251796474765,85.3527420319694,88.36
yes,,27.67803750001812,85.35258130000499,144.97
yes,,27.67804162188149,85.35243690674866,108.83
yes,,27.676717583057645,85.35258474453221,150.3
yes,,27.67658649836052,85.35242708357573,87.54
yes,,27.676970141132816,85.35267111390897,130.02
yes,,27.6770373318003,85.35275561009296,93.69
yes,,27.676854488088978,85.3526446777449,239.4
yes,,27.67673489958838,85.35239047468322,283.43
yes,,27.67691819854649,85.35211988367061,134.2
yes,,27.677059200003082,85.3522389499941,104.89
yes,,27.677075999998262,85.35238129999767,76.18
yes,,27.677860450007973,85.35277135001103,94.46
yes,,27.67717737924585,85.35271772228073,189.92
yes,,27.677167650001095,85.3524554999979,99.99
yes,,27.677188550009042,85.35257325000015,115.76
yes,,27.677308486242087,85.35246706979673,141.36
yes,,27.677819330554815,85.35261258815423,96.35
yes,,27.677732500005245,85.35256455000089,52.34
yes,,27.67768213121612,85.35230107624464,109.6
yes,,27.677609269416983,85.35225371771297,36.54
yes,,27.67750765000096,85.35223644999635,144.43
yes,,27.677384137915553,85.3523251016575,65.74
yes,,27.6763009500053,85.35248165000343,79.44
yes,,27.676359143462225,85.35242918824336,55.65
yes,,27.67644485050532,85.35239666662426,99.99
yes,,27.67641174638359,85.35219106565515,110.1
yes,,27.67648891650542,85.35228990178175,54.68
yes,,27.676534743752615,85.35218134574566,104.75
yes,,27.67682013255376,85.35185804462766,59.33
yes,,27.676706550012298,85.35205475000772,95.8
yes,,27.67645114971261,85.35208851674248,67.46
yes,,27.67636445000143,85.35202364998857,36.38
yes,,27.676321733184498,85.35207654910461,100.12
yes,,27.67650795000453,85.35200840000343,57.88
yes,,27.676519031276868,85.35179949581149,143.4
yes,,27.67630710994479,85.35137670908459,151.87
yes,,27.678410171191256,85.35232790417822,80.93
yes,,27.695706989347727,85.34790908699071,57.22
yes,,27.69575139693535,85.3480092613735,106.05
yes,,27.695799600005486,85.34807025000855,73.04
yes,,27.696020794718645,85.34781347677436,105.45
yes,,27.69594935450672,85.34789374160344,72.35
yes,,27.695905736736176,85.34795740510107,49.07
yes,,27.695858619933148,85.34800544149678,50.4
yes,,27.695813032584706,85.34794291712316,69.21
yes,,27.695837086966772,85.34786360370326,90.89
yes,,27.695892864628075,85.34780561075937,125.78
yes,,27.695738816326415,85.34770337863353,119.94
yes,,27.696764930745864,85.3497986181582,430.68
yes,,27.696675129448565,85.3499506336507,245.61
yes,,27.69679496886229,85.35000592711013,173.65
yes,,27.696846878575496,85.34991093182126,32.99
yes,,27.696808079786468,85.34922939091135,75.87
yes,,27.696807156925555,85.34897062713652,18.86
yes,,27.696675256015755,85.34908624331152,242.24
yes,,27.696730832856026,85.34898249757906,44.49
yes,,27.696764041458028,85.34889350294239,118.92
yes,,27.6967872825026,85.34877073180544,52.2
yes,,27.696706619143455,85.3483569611076,84.78
yes,,27.69676375484319,85.34845017966944,34.53
yes,,27.696779360037656,85.3484009172551,11.41
yes,,27.696771881541817,85.34823962140042,0.23
yes,,27.69617291238781,85.34955082940448,144.44
yes,,27.69619325000626,85.34937345000066,86.64
yes,,27.696235776424444,85.34924687172597,140.65
yes,,27.696269629398966,85.34913184096865,102.73
yes,,27.69627310001099,85.34896639999748,126.47
yes,,27.69625634942233,85.34885160388129,99.41
yes,,27.696087935108586,85.34929596675765,49.22
yes,,27.69604229999977,85.34917735000087,147.92
yes,,27.695932843925767,85.34933632483451,159.7
yes,,27.695917450010366,85.34916479999895,117.85
yes,,27.69591450001035,85.34899629999899,175.44
yes,,27.69606469840066,85.34884839601717,119.58
yes,,27.69605990000628,85.34874259999928,107.48
yes,,27.695911750003656,85.34869424999418,56.73
yes,,27.696161786778838,85.34863419344241,56.21
yes,,27.69620383500806,85.34858446018495,71.31
yes,,27.696205750001546,85.34872795000089,54.72
yes,,27.696279892244327,85.34868118369825,65.81
yes,,27.69629642901901,85.34856630070969,92.72
yes,,27.696423839772542,85.34922521828788,101.13
yes,,27.696481250004755,85.34913374999502,97.96
yes,,27.69654410000083,85.34898584999434,104.66
yes,,27.69650433391696,85.34862216813389,92.35
yes,,27.696398300086145,85.34876495593689,203.0
yes,,27.69640260581051,85.3486117578588,74.87
yes,,27.69660724817774,85.34870455459433,127.5
yes,,27.696569858236234,85.34881654699173,98.88
yes,,27.696643018702744,85.34885445894217,100.18
yes,,27.69668591197513,85.34874318488504,111.26
yes,,27.696733150009422,85.34856950000118,126.05
yes,,27.69657570285773,85.34852108944852,133.27
yes,,27.696627780477996,85.34843649055722,59.29
yes,,27.696630700005695,85.34825444999885,104.52
yes,,27.696623873768914,85.34807679618183,122.48
yes,,27.696539564486915,85.34817278413419,132.21
yes,,27.696547623671076,85.34806107619868,34.72
yes,,27.696016450002848,85.3484958499953,55.6
yes,,27.696053286278936,85.34855525142812,52.02
yes,,27.69612385612334,85.34850769250173,48.58
yes,,27.695928429641715,85.3485792682646,45.6
yes,,27.695951406283395,85.34853286030156,38.71
yes,,27.69606560000368,85.34841885000121,43.18
yes,,27.69609388275848,85.34834462991682,47.82
yes,,27.69617819751824,85.34842331844162,83.73
yes,,27.696201761386188,85.34833721183209,64.92
yes,,27.6961279334045,85.34826803057965,56.07
yes,,27.696213990184937,85.34827261808039,47.9
yes,,27.696238681158423,85.34821544478511,45.3
yes,,27.69626189099422,85.34814077070584,80.0
yes,,27.696311784463482,85.34804962032378,47.09
yes,,27.696321268541475,85.34833560740604,77.12
yes,,27.696360219401832,85.34824164047424,87.17
yes,,27.696389510700516,85.34815841133226,52.87
yes,,27.6964067584267,85.3480886437622,76.06
yes,,27.696437253288895,85.34802096278219,69.25
yes,,27.69646819466628,85.34794515216342,86.34
yes,,27.670922300004662,85.34945730000939,58.8
yes,,27.67095670000572,85.34951100001574,58.94
yes,,27.6709856561538,85.34958837513656,104.07
yes,,27.67102850000542,85.34967754999693,85.17
yes,,27.670954850003998,85.34916560000654,60.27
yes,,27.67071328343628,85.34887910306995,97.72
yes,,27.670771996979596,85.34895949781915,92.26
yes,,27.670818999975488,85.34903576666052,64.71
yes,,27.67069645178083,85.34899600627558,117.99
yes,,27.67076749986236,85.34908703331297,66.24
yes,,27.670570401950364,85.34898200899708,90.23
yes,,27.670638716791423,85.3490752973318,100.98
yes,,27.67071299843968,85.3491624663807,69.63
yes,,27.670685940791007,85.34926417968039,63.82
yes,,27.67075784755135,85.3493503336403,80.17
yes,,27.670411522127843,85.34876399415961,64.81
yes,,27.670446680513336,85.3488457256496,119.98
yes,,27.670514796054686,85.34890229065586,75.56
yes,,27.670367447618094,85.3488142852373,42.76
yes,,27.67047015773031,85.3489715743476,106.4
yes,,27.670658625302213,85.34942929655094,122.61
yes,,27.670571573082206,85.34941045392794,23.46
yes,,27.67057609882943,85.34925936636837,85.59
yes,,27.67051623689615,85.34917398584774,95.82
yes,,27.67045845947383,85.34908743896564,56.57
yes,,27.670398337657588,85.3490111288237,115.51
yes,,27.67023834926063,85.34895486897494,105.75
yes,,27.670287912659767,85.34887241981511,108.17
yes,,27.67095325527097,85.34980180412835,58.88
yes,,27.67093464758605,85.34968181790563,48.25
yes,,27.67080451275501,85.3496025404168,81.08
yes,,27.670771300064466,85.34952176212812,31.58
yes,,27.670695814083125,85.34949445769614,76.96
yes,,27.67036754987101,85.34948341664963,89.33
yes,,27.670442000005657,85.34956579999648,88.85
yes,,27.670523544317216,85.34963536061203,101.03
yes,,27.670613042896708,85.34971325998858,109.39
yes,,27.67072268385024,85.3498082505668,198.92
yes,,27.670266945994722,85.34917317997265,129.78
yes,,27.670327949229875,85.34925304957142,100.42
yes,,27.670306109159146,85.34907267629633,102.92
yes,,27.670369033243247,85.3491379286913,81.24
yes,,27.670419636784292,85.34922262029721,89.27
yes,,27.6704926336094,85.34932023292839,104.54
yes,,27.670434950003276,85.3494174500079,37.12
yes,,27.67040446545945,85.34936920405063,50.71
yes,,27.670374370743716,85.34931175516813,78.6
yes,,27.67039986973264,85.34981495062634,81.93
yes,,27.67050075081967,85.34988207498083,36.43
yes,,27.67060435181801,85.3499660329689,103.07
yes,,27.670541174239627,85.35006180798607,124.92
yes,,27.67050130788788,85.34975800760067,77.87
yes,,27.670667348647083,85.34990230476055,43.26
yes,,27.670632166378216,85.34961309847432,80.19
yes,,27.670307900007764,85.34954219997879,80.94
yes,,27.670333250011918,85.34989294998157,215.97
yes,,27.6706308174688,85.35026486422365,91.95
yes,,27.67064125386815,85.3501782319698,22.27
yes,,27.67075399999588,85.35009999996305,135.12
yes,,27.670155700006248,85.34994594998501,135.58
yes,,27.670290717990287,85.35002889445006,84.49
yes,,27.670426108227225,85.35017713337234,96.87
yes,,27.670536401208793,85.3502000830183,40.99
yes,,27.67046261990219,85.35025913537704,45.75
yes,,27.670819515876126,85.3500333749902,74.31
yes,,27.671329248507192,85.35002836867241,83.73
yes,,27.671197357307786,85.3499770796862,98.93
yes,,27.67104988295444,85.34994509904759,163.88
yes,,27.671205449983987,85.35014464996577,299.01
yes,,27.670980260490317,85.35008363157051,265.09
yes,,27.671530429998512,85.35011560665892,79.29
yes,,27.671545928262034,85.3500288918507,91.24
yes,,27.671453411748885,85.35001490916758,116.12
yes,,27.671420222643587,85.3500980713251,102.36
yes,,27.671480203123032,85.34973022920273,76.5
yes,,27.67159369210539,85.3497259682933,135.98
yes,,27.671574990081275,85.34982181233673,95.63
yes,,27.671475223492724,85.34988043155586,56.2
yes,,27.671558650265617,85.34991004207167,130.8
yes,,27.671409040422333,85.34972565747938,97.72
yes,,27.671376819347106,85.34983911100177,104.86
yes,,27.671315350011316,85.34981395000635,72.13
yes,,27.671236456230798,85.34980346076385,182.6
yes,,27.67114695641096,85.34977582180227,144.75
yes,,27.671541950004773,85.34864124999376,117.05
yes,,27.671624350005743,85.3486930499997,91.28
yes,,27.67169416562544,85.34874699350242,111.29
yes,,27.67184370000878,85.34884100000498,95.38
yes,,27.67191170000849,85.3488837500032,106.39
yes,,27.671573133229234,85.34854544965609,88.79
yes,,27.67163341688661,85.34859581089201,23.9
yes,,27.671757789114192,85.3486820319136,58.63
yes,,27.6713802393615,85.34848536508802,209.1
yes,,27.671506046706508,85.34847365353457,37.03
yes,,27.67143814311914,85.34828112275854,71.61
yes,,27.671767796207423,85.34786478731047,313.36
yes,,27.671806041604064,85.34774131012185,63.71
yes,,27.671155850004705,85.34862694999424,74.95
yes,,27.671250850002938,85.34867339999593,52.53
yes,,27.67163015000093,85.34797084993713,134.01
yes,,27.6715495500036,85.34773654999798,67.06
yes,,27.671984605693304,85.3482103364455,75.31
yes,,27.671857343819426,85.34812419885296,151.25
yes,,27.671807305442872,85.34806966277513,68.49
yes,,27.671858716355008,85.34873709944819,108.09
yes,,27.671959382125465,85.34878704404548,92.25
yes,,27.671929181286686,85.34854659176935,111.92
yes,,27.671905150001997,85.34842919999232,88.88
yes,,27.67187811675099,85.34831600016437,94.98
yes,,27.670972200003764,85.34751730000015,58.91
yes,,27.671071300005462,85.34757489998842,71.7
yes,,27.67096575378175,85.34736298678803,65.7
yes,,27.671064603412482,85.34740911594079,45.72
yes,,27.671150156729325,85.34733184134045,210.76
yes,,27.671130800005013,85.34745125000585,59.02
yes,,27.67098245721571,85.34820073652155,58.14
yes,,27.671944300012633,85.3498856000069,79.95
yes,,27.671842800000345,85.34990290000462,81.15
yes,,27.67177834999766,85.34973499998982,94.77
yes,,27.67175794681153,85.34980293656977,88.62
yes,,27.671820749999636,85.34959494999084,142.17
yes,,27.671843297681974,85.3493901644961,160.64
yes,,27.671921582765087,85.34946493836868,100.96
yes,,27.67191242266511,85.3502461690939,50.25
yes,,27.671855428387275,85.35019785696105,77.67
yes,,27.6718014066197,85.35019309769372,31.72
yes,,27.671767993288697,85.35016130001272,62.11
yes,,27.671686428904476,85.35013674137417,111.19
yes,,27.67192665630354,85.35007070775778,86.92
yes,,27.671848600318334,85.35004599945185,104.03
yes,,27.671731408741454,85.34996576658793,118.53
yes,,27.67198220000503,85.34970000000234,51.65
yes,,27.671889696459473,85.35032392183507,72.19
yes,,27.67178639999974,85.35028874999577,73.24
yes,,27.67168855000139,85.35025849999646,82.66
yes,,27.67186193954825,85.35040756037523,41.21
yes,,27.671765558099505,85.35037382944653,52.46
yes,,27.671669799998188,85.3503460499933,78.25
yes,,27.675034285899418,85.35094925324748,124.63
yes,,27.67481759147628,85.35123867199808,293.5
yes,,27.675252095541207,85.35107269000414,125.88
yes,,27.67521790114299,85.35124616446343,186.95
yes,,27.674837278098373,85.35105430765633,87.53
yes,,27.67473759446791,85.35110794167885,133.17
yes,,27.674736351261757,85.35158208203886,319.27
yes,,27.674773749996177,85.35139984998061,138.67
yes,,27.67427960001116,85.35125285000184,96.79
yes,,27.6743504500134,85.35126740000229,97.65
yes,,27.67441995031857,85.35128053431968,111.47
yes,,27.67452247151696,85.35129691181011,150.51
yes,,27.674422681309593,85.35159519441959,139.88
yes,,27.674207094090438,85.35123727295516,102.09
yes,,27.67404355642903,85.3514926879491,74.13
yes,,27.67394205000215,85.35138129999996,28.96
yes,,27.674070750001302,85.35183414999982,24.34
yes,,27.67409332060601,85.35197504215152,78.54
yes,,27.674011766119172,85.35171173126244,142.8
yes,,27.674178870267237,85.3517558086675,172.54
yes,,27.673989244159436,85.35183737094653,88.18
yes,,27.673914821479,85.35164874857799,42.44
yes,,27.67392284334191,85.35216972189932,87.76
yes,,27.673975964612808,85.35192758811895,43.06
yes,,27.674139968450795,85.3521705543441,108.97
yes,,27.674035599978208,85.35241920000287,97.21
yes,,27.674198291380556,85.35235002046642,68.96
yes,,27.674250269570827,85.35246335300779,98.29
yes,,27.67393359999994,85.35255534999824,62.01
yes,,27.67391537838865,85.35240696020118,30.89
yes,,27.674687053758472,85.35192942920774,220.38
yes,,27.67480650000762,85.35189830000023,62.77
yes,,27.674996149997877,85.35245829999951,91.03
yes,,27.67500638767973,85.35237662422682,82.11
yes,,27.675016152211235,85.352092375972,636.6
yes,,27.674388421682746,85.35235551431634,113.55
yes,,27.674599718317964,85.35214825102959,217.27
yes,,27.67456522877073,85.35251233929702,112.82
yes,,27.674361989860355,85.35248366898396,87.04
yes,,27.674184074191864,85.35278254098866,88.56
yes,,27.674498870982756,85.35268199275248,67.35
yes,,27.67704429745045,85.34282442064352,56.1
yes,,27.6768892275722,85.34280809169522,92.96
yes,,27.676908450001513,85.34292639999882,62.04
yes,,27.676892125429028,85.3430451914866,97.51
yes,,27.676855950000657,85.34312939999975,42.06
yes,,27.677381527057936,85.34360815070372,71.23
yes,,27.677268617406224,85.34356667857735,104.28
yes,,27.67724543175217,85.34367751706814,30.92
yes,,27.677352018120555,85.34370157637466,16.49
yes,,27.677343050001895,85.3438505499998,35.03
yes,,27.677214699582578,85.34402590327,59.82
yes,,27.677330848109765,85.34403019232262,146.87
yes,,27.677230289342454,85.3438037973655,113.88
yes,,27.67720073516063,85.34392436938178,23.5
yes,,27.677128950004022,85.34415855000003,59.2
yes,,27.677032437305275,85.3444009530885,301.98
yes,,27.677064881662993,85.3447409342419,77.21
yes,,27.676813249825866,85.3449217356371,74.64
yes,,27.676658929833582,85.34488219516834,141.3
yes,,27.676432718877074,85.34469330516559,85.85
yes,,27.67692260000005,85.34357354999861,99.17
yes,,27.67691923881234,85.3437541727185,128.25
yes,,27.676892476714464,85.34391399155665,77.7
yes,,27.67690029999858,85.34413509999888,23.22
yes,,27.676532317473967,85.34428973418252,65.74
yes,,27.67658305001323,85.3440770999983,74.6
yes,,27.676504750009833,85.34390225000173,53.82
yes,,27.676605639505727,85.34389944584203,71.46
yes,,27.67649105769479,85.34367358807255,47.34
yes,,27.67648049176282,85.34377337623361,99.36
yes,,27.676717349980294,85.34361049998239,276.3
yes,,27.676758399998914,85.34350674999689,14.91
yes,,27.67667714999875,85.34350554999818,27.82
yes,,27.676514799988176,85.34350579998708,45.39
yes,,27.67672612438826,85.34322605527575,40.65
yes,,27.676747370212343,85.34316495357169,27.22
yes,,27.676749465647443,85.3430927817764,15.91
yes,,27.676657249996783,85.34304744999228,62.97
yes,,27.67669036589952,85.34291292988124,35.31
yes,,27.67671088040399,85.342811006606,70.01
yes,,27.67657759168389,85.34276132640898,37.78
yes,,27.67656918764503,85.34284045035857,39.46
yes,,27.676514492855393,85.343434223038,36.1
yes,,27.676506950000288,85.3432374999976,70.47
yes,,27.676491444841695,85.34307310046712,64.41
yes,,27.676381790124108,85.3430251207935,67.48
yes,,27.676381123448476,85.34291704912975,35.51
yes,,27.676885550002147,85.34172959998843,169.83
yes,,27.677019797304414,85.34181761983638,87.77
yes,,27.676843598050667,85.34209459621044,96.94
yes,,27.674286128204816,85.3505572037654,92.15
yes,,27.67428442962822,85.35067134474237,80.23
yes,,27.67428239276111,85.35076242148531,91.4
yes,,27.674408347487006,85.35093101201255,647.22
yes,,27.675126452526314,85.35159478081515,118.29
yes,,27.67589001468757,85.35151109531934,44.44
yes,,27.67585652222242,85.3515690278194,124.07
yes,,27.675810719051025,85.35170805559257,105.22
yes,,27.675744465431183,85.3514890817506,81.13
yes,,27.675621150004833,85.35187929998962,161.52
yes,,27.67567083190893,85.35177419786257,135.48
yes,,27.67570470573392,85.35166508031261,150.23
yes,,27.675879971013945,85.35203022273477,89.78
yes,,27.67586605720558,85.3518886399438,79.86
yes,,27.675910246334045,85.35213954494611,106.79
yes,,27.676041350004336,85.35200964998644,78.0
yes,,27.67621810412494,85.35200526523364,99.45
yes,,27.67574870571537,85.35237618365645,138.91
yes,,27.67591912832497,85.35241380153265,196.14
yes,,27.675616098460107,85.35223996860769,69.14
yes,,27.67560414999984,85.35210249998555,123.85
yes,,27.67602620141964,85.35253348192273,166.45
yes,,27.675542634804643,85.35257397522028,187.98
yes,,27.675831734924333,85.35256938202076,134.88
yes,,27.67570443940024,85.35257152500441,135.82
yes,,27.676165348105418,85.35259813011096,38.48
yes,,27.676121674618038,85.35237345701863,142.87
yes,,27.674118553747164,85.3507878297393,83.07
yes,,27.674169041652437,85.35046891830876,127.1
yes,,27.674196079226032,85.35037617035154,126.38
yes,,27.674001200006746,85.35029365000116,91.75
yes,,27.67408650077494,85.35035763269508,67.99
yes,,27.674026929349793,85.35108279161199,87.04
yes,,27.674061150000323,85.35098679999527,88.9
yes,,27.674086991846142,85.35089547052628,86.48
yes,,27.674930574880662,85.35259521683452,104.09
yes,,27.67779002240102,85.34190768244234,84.68
yes,,27.677727004635926,85.34197628217854,40.43
yes,,27.677636850929616,85.34199783228905,64.02
yes,,27.67755836812355,85.3420650799967,71.95
yes,,27.67751967896115,85.3422551271203,53.44
yes,,27.677528616897817,85.3421716980972,66.39
yes,,27.677510058462232,85.34232962147298,40.77
yes,,27.677578496553128,85.34244633450064,82.12
yes,,27.677509676743608,85.34254266621556,74.96
yes,,27.677483403272483,85.34267516087301,71.57
yes,,27.677402292840057,85.34257792017704,100.5
yes,,27.67737303175087,85.34267488380856,93.16
yes,,27.67740863335412,85.3418119547169,36.63
yes,,27.67739939425617,85.34189856946911,57.22
yes,,27.67733448381197,85.34191073886483,34.68
yes,,27.67734823900142,85.34183961728641,68.87
yes,,27.677321837295246,85.34199137303858,65.62
yes,,27.677312305737892,85.34209284503576,89.31
yes,,27.677430135847803,85.34201696987073,30.05
yes,,27.677405580992975,85.34207551090054,78.73
yes,,27.677381837977332,85.34215789768909,69.82
yes,,27.67740460001645,85.3423448000074,98.83
yes,,27.677294552006774,85.3422890484985,160.35
yes,,27.67726757826227,85.34253454447328,92.11
yes,,27.677220699995793,85.34262794999194,183.9
yes,,27.678586166631632,85.34449270008521,37.89
yes,,27.67870843128781,85.34448612114328,90.08
yes,,27.678589192965855,85.34484987037936,97.1
yes,,27.678614541403046,85.34477047662703,74.36
yes,,27.678468450001812,85.34432029999986,69.69
yes,,27.678554786194873,85.34434936912812,82.96
yes,,27.678470630150986,85.34444567701088,104.94
yes,,27.678399527774282,85.34453154218974,54.27
yes,,27.678451382397142,85.34472149274804,68.79
yes,,27.678395667054705,85.34465199861746,74.56
yes,,27.67828295442632,85.34456358981001,65.95
yes,,27.67829409999999,85.3444844499998,42.34
yes,,27.678300358113393,85.34426187564841,94.31
yes,,27.678163746782058,85.34426079049732,66.76
yes,,27.678170065215706,85.34441633570067,115.06
yes,,27.678037974645758,85.34431076004941,75.82
yes,,27.678053173438226,85.34444385841985,92.36
yes,,27.678293678299756,85.34480158481867,99.36
yes,,27.678145900003962,85.3447811499974,95.74
yes,,27.678088730200944,85.34457049643687,50.04
yes,,27.6780672352839,85.34464118650573,61.06
yes,,27.67804364478318,85.34473682500428,65.75
yes,,27.678001378859395,85.34492219011128,102.03
yes,,27.67801523868898,85.34483752718823,54.18
yes,,27.677862901792032,85.34482429864951,89.67
yes,,27.67787922850023,85.34469491791229,79.92
yes,,27.67789181242396,85.3445271258837,41.53
yes,,27.6778978726197,85.34445510658004,66.34
yes,,27.67787982233818,85.34428970563434,21.17
yes,,27.6778937719862,85.34437950420599,72.78
yes,,27.677783106214033,85.34434694177506,111.91
yes,,27.67776874235728,85.34448750170769,47.69
yes,,27.677753000001985,85.34461344999826,78.64
yes,,27.6777516739107,85.34473641045116,52.37
yes,,27.67760489325031,85.34480850347134,88.02
yes,,27.6775267725651,85.34471791530243,61.51
yes,,27.677646800004954,85.34459790000041,61.42
yes,,27.677655293485433,85.3444853737096,81.13
yes,,27.677694622817167,85.34436196126227,64.48
yes,,27.677457500003328,85.34429779999977,47.47
yes,,27.67743503045201,85.34440831339738,51.16
yes,,27.67744389983098,85.34449184874481,58.59
yes,,27.677412263241084,85.34458007839973,95.43
yes,,27.67735886754087,85.3448348910545,70.5
yes,,27.677364480608663,85.3442628870475,50.48
yes,,27.677271726207117,85.34447924421184,71.56
yes,,27.675419421641813,85.34506607924504,242.26
yes,,27.67547725000752,85.34550105000068,102.68
yes,,27.675515129471037,85.3453635896662,200.74
yes,,27.675491646642747,85.34499076465838,86.84
yes,,27.67537844479615,85.34537352840762,74.53
yes,,27.67539039205962,85.34546172308865,30.21
yes,,27.67532999999866,85.3455399999974,82.04
yes,,27.675744449691415,85.34546521243972,168.23
yes,,27.675624300002653,85.34544369999455,165.11
yes,,27.675662349999953,85.34558639999861,122.13
yes,,27.675825020145545,85.34601401316114,118.03
yes,,27.67573036690323,85.34585038185786,166.12
yes,,27.67584001900103,85.34566168249793,406.56
yes,,27.675874049989602,85.34582414998627,208.11
yes,,27.67604333042831,85.34585258117997,121.99
yes,,27.675925526340876,85.34597584260068,94.42
yes,,27.675537750021853,85.34598030000107,156.82
yes,,27.6757165931337,85.34599482490209,88.06
yes,,27.675689003944917,85.34627856492092,105.25
yes,,27.675470990159745,85.34568212352107,50.63
yes,,27.67556144224656,85.34568953231772,83.62
yes,,27.675479543779478,85.34582227236248,116.19
yes,,27.675607155800932,85.34583871675612,113.95
yes,,27.675356350012063,85.34578754999939,122.58
yes,,27.675354960991044,85.34590355945727,72.07
yes,,27.67542399720705,85.34604218073055,141.89
yes,,27.67524884999602,85.34603674999845,50.22
yes,,27.675234704354246,85.3459424764492,83.94
yes,,27.675244200003497,85.3458329499996,69.48
yes,,27.675077505068945,85.34547472859109,186.04
yes,,27.675111298754867,85.34560066662475,82.61
yes,,27.67504799999699,85.34580329999974,65.69
yes,,27.674735249995187,85.34535579999628,104.23
yes,,27.674772018580466,85.34521836496286,107.04
yes,,27.674844760800898,85.34552808901276,88.69
yes,,27.67460700954356,85.34532212800434,86.44
yes,,27.674591222676302,85.34553775252449,51.88
yes,,27.67466090797882,85.345536075493,61.47
yes,,27.674735450003716,85.34552624999974,54.47
yes,,27.67448780485692,85.34525113219375,55.54
yes,,27.67448879999888,85.34531814999912,34.26
yes,,27.67450367350316,85.34538415858697,54.32
yes,,27.674492476469375,85.34550504133412,97.09
yes,,27.67605007399268,85.34615145852693,211.69
yes,,27.675901179168434,85.3462196091033,100.47
yes,,27.675519700000176,85.34629984999849,70.63
yes,,27.67615233936053,85.34604949261124,62.45
yes,,27.6761037315305,85.34596864793613,137.57
yes,,27.67614733281711,85.34615837399647,84.17
yes,,27.67640136654202,85.34638525122386,117.48
yes,,27.67631348024343,85.3462858048503,135.23
yes,,27.67617952882184,85.34647504323445,83.89
yes,,27.676273500017928,85.34648450000986,119.09
yes,,27.67624785854553,85.34616999744223,134.72
yes,,27.67634187172032,85.34652139351059,117.77
yes,,27.676186408967634,85.34630568928034,98.39
yes,,27.676195549998432,85.34638759999748,80.96
yes,,27.67607713748304,85.35127576566515,107.22
yes,,27.675973850003054,85.35112845000151,34.76
yes,,27.675970346630475,85.34658062089686,140.52
yes,,27.676046552408284,85.34662001504806,110.62
yes,,27.676112600545768,85.34665091620688,89.82
yes,,27.676272700005793,85.3467388000019,66.6
yes,,27.676286749998194,85.34664294998989,106.17
yes,,27.67588800000817,85.34668059998826,110.75
yes,,27.675865183935915,85.34651262145486,87.35
yes,,27.67582033121806,85.34711353180397,91.56
yes,,27.67616779413201,85.34706502183177,152.81
yes,,27.676185552805002,85.3469471015614,73.9
yes,,27.676087397881027,85.34690866134507,111.14
yes,,27.676068208621807,85.34706173767785,92.32
yes,,27.67601345133683,85.34716805307104,87.76
yes,,27.676298875271492,85.3470202908529,78.68
yes,,27.67625697850677,85.34719903819284,44.92
yes,,27.676254565048602,85.347260915185,42.66
yes,,27.67638085853301,85.34715964651716,86.94
yes,,27.676293469519972,85.34711935275828,34.31
yes,,27.676011119973037,85.3467525559205,52.25
yes,,27.6760857500016,85.346787099997,70.26
yes,,27.676161129950778,85.34682364182784,82.97
yes,,27.676392093875894,85.34667262602865,93.67
yes,,27.67643071507063,85.34680411551714,85.09
yes,,27.676355967587817,85.34677282093985,84.77
yes,,27.676258850003492,85.34688189999574,52.94
yes,,27.675600912555407,85.34713169408421,152.07
yes,,27.675626687425254,85.34694259573456,150.69
yes,,27.67570570896475,85.34712330697961,86.86
yes,,27.675722229671248,85.34698849096242,114.63
yes,,27.67573848722269,85.34688741757738,86.7
yes,,27.6757413702616,85.34680340542167,86.84
yes,,27.67564821036274,85.34679620457794,99.56
yes,,27.675775974498,85.34661389990741,61.81
yes,,27.675641196258564,85.34655144456302,97.66
yes,,27.67555429139612,85.34647227063358,86.87
yes,,27.67545102298938,85.346447006187,104.68
yes,,27.675649109609637,85.34727638182031,186.98
yes,,27.675365700018368,85.34683490000843,161.5
yes,,27.67542317261009,85.34708312383259,97.7
yes,,27.675452848857507,85.34699121017572,88.53
yes,,27.67547617815588,85.3469077143362,64.72
yes,,27.675489604828112,85.34683003656002,85.08
yes,,27.67539830000354,85.34717434999835,77.57
yes,,27.675489319542347,85.34721992962369,88.08
yes,,27.675139736363406,85.34702182212372,175.5
yes,,27.67524303268025,85.34711983325782,123.22
yes,,27.6752815500064,85.34678984999992,100.76
yes,,27.675236344178003,85.34690806679166,104.48
yes,,27.67492319826945,85.34697370981391,75.89
yes,,27.67494195565185,85.34690971511334,78.89
yes,,27.674978137963265,85.34686330551814,64.72
yes,,27.675143450010015,85.34685740000263,130.09
yes,,27.67526280050873,85.34663989887406,118.6
yes,,27.67517835500501,85.34673094914127,115.14
yes,,27.675085646237598,85.34666726977748,92.0
yes,,27.67511969036612,85.34657666131454,170.87
yes,,27.675197700009566,85.34646830000526,65.71
yes,,27.67511995464705,85.34642868088284,134.35
yes,,27.675401357717494,85.34619453033336,88.57
yes,,27.675266199998987,85.34612184999862,108.78
yes,,27.674341712421835,85.34561922598375,34.78
yes,,27.674309011678584,85.34542132516799,54.89
yes,,27.674339843318354,85.34554487521623,68.48
yes,,27.675021349479483,85.34601417385196,116.32
yes,,27.675023528861608,85.34594863782391,110.02
yes,,27.675043399990845,85.34588639999888,79.01
yes,,27.674916567958807,85.34618987390357,93.86
yes,,27.674991413398164,85.34609455297166,103.76
yes,,27.674883600003845,85.34600899999946,100.45
yes,,27.6748943070197,85.34591097604017,46.37
yes,,27.674603070105398,85.34621206291052,69.42
yes,,27.67461935000568,85.34631925000002,61.02
yes,,27.674698255342786,85.34629137442633,96.11
yes,,27.674750287353664,85.34618622569958,99.78
yes,,27.6747294499963,85.34611055000025,77.23
yes,,27.674781750001685,85.34603004999973,86.08
yes,,27.674763700004664,85.34592459999946,117.1
yes,,27.674444171663488,85.34614536330399,66.79
yes,,27.67451678858785,85.3462953938599,85.0
yes,,27.674518350007457,85.34619129999992,114.92
yes,,27.674430560019104,85.3462692861299,49.95
yes,,27.67445839999654,85.34638174999336,117.4
yes,,27.674322383536158,85.34635322396815,111.5
yes,,27.674511900023035,85.34591985000222,192.51
yes,,27.674201473131756,85.34629830976083,167.46
yes,,27.674305550004572,85.34619155000017,36.45
yes,,27.674338673152548,85.34609830754869,130.63
yes,,27.674363749993255,85.34601114999595,91.04
yes,,27.674359089426677,85.34619964620236,43.08
yes,,27.67424352103698,85.34589622266788,48.05
yes,,27.67410044310038,85.34537632444498,119.99
yes,,27.674044074100788,85.34546760689018,32.49
yes,,27.674070549994553,85.34561519999717,64.09
yes,,27.67410561397976,85.34571961969404,63.76
yes,,27.67407416262064,85.34582758138603,71.85
yes,,27.674508549999715,85.34662229999776,34.58
yes,,27.67461537757229,85.34648959575628,89.66
yes,,27.674592795077757,85.3466088051924,81.28
yes,,27.674568100003093,85.34669894999783,82.54
yes,,27.674701320764424,85.34652641337983,57.14
yes,,27.67485338184622,85.34674894646447,140.92
yes,,27.674803450001466,85.34657114998896,108.19
yes,,27.674906818452904,85.34665369712062,103.23
yes,,27.674931050001426,85.34655619999324,75.84
yes,,27.674967855139073,85.34646533136872,130.24
yes,,27.674239797401082,85.34653946874293,106.7
yes,,27.674120750003016,85.34661434999626,87.99
yes,,27.674199938015867,85.34665767471147,92.94
yes,,27.67429395733625,85.34670025241505,120.62
yes,,27.67431116632928,85.34655598063217,59.12
yes,,27.674404345848558,85.34676473747626,86.4
yes,,27.674341150000696,85.34647794999891,28.94
yes,,27.674104070826445,85.34648813760907,38.83
yes,,27.673963317598222,85.34643026382966,48.23
yes,,27.67399729203091,85.34632562049556,104.09
yes,,27.67390715000395,85.34650485000087,52.95
yes,,27.673990403814333,85.34659118246114,49.63
yes,,27.6743636260205,85.34572138732806,92.43
yes,,27.674441882304418,85.34576156953682,35.24
yes,,27.67468827935843,85.34564296375315,38.38
yes,,27.67469050700202,85.34576677643115,67.48
yes,,27.674787405634888,85.34576337646993,94.05
yes,,27.674278050004702,85.34527120000087,57.6
yes,,27.674360022033127,85.34529960191607,68.08
yes,,27.674117856691964,85.3452354256134,47.8
yes,,27.674202500009155,85.34525764999995,65.51
yes,,27.67394480000223,85.34588774999833,85.13
yes,,27.67393013024646,85.34571136233366,172.79
yes,,27.67390561180168,85.34539245059625,90.41
yes,,27.673927599997377,85.34548419999909,56.48
yes,,27.67384780000659,85.34596060000075,79.19
yes,,27.673828460912087,85.34565935368718,44.74
yes,,27.673899959458033,85.34613844714323,94.84
yes,,27.674050369870525,85.34615461334297,53.23
yes,,27.67398570246997,85.34615118074285,67.59
yes,,27.67383237645076,85.34639729343976,146.84
yes,,27.674161031704905,85.34606869014245,95.71
yes,,27.674179838284406,85.34599657000804,87.63
yes,,27.674102400006664,85.34617630000204,57.32
yes,,27.673879500007285,85.34516354999948,80.36
yes,,27.6746329495775,85.34611412619013,61.67
yes,,27.674516249458108,85.34649070402551,82.31
yes,,27.674005450006298,85.34501169999994,87.5
yes,,27.67401225000474,85.3451279500013,26.96
yes,,27.673997470310237,85.34527836583915,71.29
yes,,27.673910423591657,85.34502853679143,39.04
yes,,27.673920341748502,85.34493627870769,77.11
yes,,27.674033228094267,85.34487621589538,79.49
yes,,27.67459923501281,85.34499839994696,91.95
yes,,27.674704624340475,85.34493264637335,144.83
yes,,27.674411462029312,85.34494262803346,27.36
yes,,27.674503881812868,85.34502276422747,86.18
yes,,27.67416272984397,85.34498957061452,103.16
yes,,27.674244200010353,85.34499740000018,71.96
yes,,27.674331177335365,85.34501633875414,83.53
yes,,27.674304150003877,85.34488679999971,59.6
yes,,27.67523032218992,85.34524146345466,70.72
yes,,27.67518471005028,85.34535114522383,110.33
yes,,27.67515337512643,85.34510344518488,224.51
yes,,27.6748533782711,85.34493212806892,135.47
yes,,27.675125722603116,85.34495011348271,314.44
yes,,27.674937550003328,85.34566724999938,71.18
yes,,27.67492460000694,85.34578009999966,98.19
yes,,27.676059050000337,85.34648229999745,91.55
yes,,27.674952622838507,85.34557310895401,68.99
yes,,27.673846556130997,85.34556058038784,57.48
yes,,27.674177058451708,85.34586231142328,41.82
yes,,27.676233892142452,85.3449807412685,52.58
yes,,27.67628530000549,85.34486124999981,86.77
yes,,27.676431268583258,85.34491656127967,92.74
yes,,27.676461479133266,85.34507314361667,32.65
yes,,27.676406766507352,85.34526259474256,40.54
yes,,27.674876455379586,85.34641344099252,114.59
yes,,27.674545491894083,85.34575765311365,87.91
yes,,27.670482850002546,85.34829954999618,29.2
yes,,27.670467157686303,85.34838707350157,55.15
yes,,27.671966960570895,85.34734037490612,51.35
yes,,27.671743453825098,85.34732266671473,69.67
yes,,27.67176139999861,85.34741215000325,39.73
yes,,27.671459418492468,85.3474382103275,74.16
yes,,27.688016603109478,85.3391682284179,153.6
yes,,27.68741083512011,85.34111750823217,151.05
yes,,27.687756227928535,85.34101918823242,117.51
yes,,27.678516402138758,85.34217253091816,145.11
yes,,27.67856371997694,85.34205895262222,76.43
yes,,27.678543950010727,85.34194880000283,82.23
yes,,27.678447555914,85.34204437844603,16.17
yes,,27.678405233383238,85.34196316673219,37.43
yes,,27.67829899539194,85.34239405492777,104.48
yes,,27.67837302936224,85.34230164037342,64.34
yes,,27.678418103753206,85.34215127780861,72.83
yes,,27.67833090000567,85.34280435000272,27.9
yes,,27.67828654698912,85.34291111229493,157.96
yes,,27.678071296662683,85.34285298015335,97.95
yes,,27.67811691540917,85.34274326270832,70.46
yes,,27.678150415018166,85.34261912960876,112.61
yes,,27.678185769503777,85.34250345575848,87.04
yes,,27.67865589060933,85.34232097834473,32.96
yes,,27.678540150016193,85.34285325000545,136.66
yes,,27.67855619999998,85.34270114999566,91.62
yes,,27.677953106732126,85.34227806183878,113.5
yes,,27.67783720182462,85.3420640585807,73.52
yes,,27.677944830590107,85.34213214698514,131.16
yes,,27.67796804998478,85.34205944998237,93.92
yes,,27.677979137072697,85.34199128830839,118.74
yes,,27.67814921857221,85.34200826613069,80.17
yes,,27.677816027405044,85.34223643976812,100.82
yes,,27.677961914875205,85.34245442646545,26.38
yes,,27.677153579539528,85.3432428373953,61.9
yes,,27.677189260512343,85.34302407496895,51.9
yes,,27.677187793166542,85.34294602509686,58.04
yes,,27.6771787400312,85.34282647537907,73.34
yes,,27.677278250004214,85.3428516499993,87.32
yes,,27.677408872371647,85.3428627585941,107.15
yes,,27.677541727228064,85.34290798948165,101.3
yes,,27.677733371979418,85.34303460872117,35.36
yes,,27.67779276610481,85.34297704736981,16.49
yes,,27.677721400005325,85.34277704999987,84.72
yes,,27.67790174866139,85.34279624421075,138.19
yes,,27.677860425059546,85.34262808501276,117.46
yes,,27.677490749995318,85.34313284997562,139.53
yes,,27.67763105000696,85.34321870000673,53.43
yes,,27.677550020170777,85.34337385182738,21.78
yes,,27.67738438517609,85.34326019134623,94.37
yes,,27.685816091642483,85.34187216827826,102.97
yes,,27.68535954752512,85.34254141861545,181.79
yes,,27.68464381385676,85.34410784579799,159.22
yes,,27.68467686692414,85.34397475530895,125.68
yes,,27.684710917298577,85.34383694349077,106.0
yes,,27.68473689936694,85.34374161534593,96.42
yes,,27.684899388950424,85.34363751476303,107.8
yes,,27.684915279527587,85.3437990755587,116.17
yes,,27.685022929196034,85.34382558996704,132.15
yes,,27.68522409759031,85.34387568860191,42.91
yes,,27.68529750240623,85.34400584198967,56.31
yes,,27.685518450316717,85.34402157920887,116.53
yes,,27.685539700007293,85.34390374999994,109.72
yes,,27.68530468752441,85.34407212138944,71.86
yes,,27.68518201328902,85.34399120798003,137.45
yes,,27.684759928163988,85.34446302199105,150.07
yes,,27.6848436780205,85.3444780846827,157.08
yes,,27.68462554276045,85.34443278415135,169.21
yes,,27.68457863737932,85.34426844695838,158.05
yes,,27.68453877120029,85.34409382733666,124.19
yes,,27.684554050007304,85.34395349999991,112.24
yes,,27.68450165856291,85.34378252947722,159.22
yes,,27.684400501951725,85.3437685211085,104.83
yes,,27.684193726226592,85.34375047463037,70.75
yes,,27.684144002149267,85.34370832809358,83.36
yes,,27.684043285939584,85.3436929561221,190.6
yes,,27.683899929961942,85.34365938644368,202.44
yes,,27.68423542467559,85.34416190015925,93.55
yes,,27.68438178624089,85.3439194896479,145.98
yes,,27.684267028491526,85.34388880090695,155.66
yes,,27.684497067407126,85.34441516213553,120.14
yes,,27.684359974123897,85.34439311092459,163.3
yes,,27.684044698436626,85.34425327263558,99.74
yes,,27.683925790161805,85.34435639995345,79.58
yes,,27.683812074087644,85.34436563081383,138.25
yes,,27.68392501051904,85.34447150538426,86.68
yes,,27.68382030792776,85.34446502521234,92.65
yes,,27.683569727250557,85.34435012537436,167.09
yes,,27.683582953780498,85.34449717326613,89.86
yes,,27.683699305741825,85.34449807444406,114.85
yes,,27.68366867346719,85.34434219689902,115.54
yes,,27.6839643130901,85.34412157772506,86.35
yes,,27.683877325398498,85.34411697146646,133.05
yes,,27.68378308942848,85.34410087379565,120.66
yes,,27.683873967487546,85.34421856731777,103.09
yes,,27.683783311687634,85.34420589701769,63.5
yes,,27.68365174367998,85.34419652071752,91.87
yes,,27.68355654825816,85.34407698539805,112.41
yes,,27.6835388335309,85.34391522096429,102.51
yes,,27.683890086471575,85.34391707850162,202.4
yes,,27.683642055227846,85.34384897843537,109.69
yes,,27.683742550010038,85.34360265000164,83.22
yes,,27.683552709720683,85.34344328131799,84.72
yes,,27.683549126494416,85.34357524186775,92.86
yes,,27.683651425910348,85.34355323706833,129.61
yes,,27.683744469236363,85.34388047937618,186.98
yes,,27.68458030786557,85.3427593896486,144.34
yes,,27.684517841920155,85.34256476294968,55.4
office,,27.68460857095392,85.34261799539922,167.58
yes,,27.68456039929025,85.34248725016019,133.37
yes,,27.684548120327452,85.34241886680975,102.62
yes,,27.684507922058373,85.34234385303894,95.38
yes,,27.68451144399626,85.34225539356095,79.26
yes,,27.684533238758046,85.34218643537474,70.71
yes,,27.684535978195164,85.34211458415311,113.28
yes,,27.684525567100003,85.34201566998736,147.11
yes,,27.68454519999926,85.34192100000003,78.84
yes,,27.684535688679176,85.34182736253457,103.82
yes,,27.684362061926482,85.341991403541,120.26
yes,,27.684366855729404,85.34188311732754,92.71
yes,,27.684369011004176,85.34179892554405,65.82
yes,,27.68426609346219,85.34184751712043,143.41
yes,,27.68414967267853,85.34209307515073,26.94
yes,,27.684079419758834,85.34220256408517,145.12
yes,,27.68406283050766,85.34232829213744,167.3
yes,,27.684254806326674,85.34278617210998,101.6
yes,,27.68444685001261,85.34279074999604,104.16
yes,,27.68436252805374,85.34273959134242,53.79
yes,,27.684237525991072,85.34266265463833,76.03
yes,,27.684108609234993,85.34274007027119,37.98
yes,,27.68410128448513,85.34265641854799,55.52
yes,,27.684064711794374,85.34256421847938,45.66
yes,,27.684004125074296,85.34248016568351,108.42
yes,,27.68391104999754,85.34229965000073,50.88
yes,,27.68390306385802,85.34223688644363,78.96
yes,,27.683759599991376,85.3422916000169,211.57
yes,,27.683729850002226,85.34216250000046,90.36
yes,,27.683711971078118,85.34208386208412,69.47
yes,,27.683609897165937,85.34213941432795,136.8
yes,,27.683597083403313,85.34202891970183,100.77
yes,,27.683696302072644,85.34201643468988,80.47
yes,,27.68387032016647,85.34213326769425,99.22
yes,,27.683963166748384,85.34180486341977,99.03
yes,,27.68400253327762,85.34191568276249,68.82
yes,,27.68378959999933,85.34182874999591,52.97
yes,,27.683818982545287,85.34199139701245,104.82
yes,,27.683982431534307,85.34208033367854,134.09
yes,,27.677498788580223,85.34375775382199,77.65
yes,,27.67752291371591,85.34388284944365,112.86
yes,,27.67750750258029,85.34401839578307,71.41
yes,,27.67750004999499,85.34413685000169,111.72
yes,,27.67770625525913,85.34389898339084,209.53
yes,,27.677630947382344,85.34408041461917,145.18
yes,,27.67799151944049,85.34382369914674,111.11
yes,,27.677797375271986,85.34371529835127,68.92
yes,,27.677878246328405,85.34372337197672,92.54
yes,,27.677812393717943,85.34357400208603,51.99
yes,,27.677651199864332,85.34350510729277,71.71
yes,,27.67766440680775,85.34375238704574,61.44
yes,,27.67767305000385,85.34366039999902,81.38
yes,,27.67755658548149,85.34362950042276,74.36
yes,,27.677821605314335,85.3431394338804,42.47
yes,,27.677900000005643,85.34302659999993,45.75
yes,,27.678038050002282,85.34309294999791,114.56
yes,,27.678167550013182,85.3432499000012,102.74
yes,,27.678187678843,85.3431161542883,116.44
yes,,27.67825355000169,85.34347704999787,97.25
yes,,27.678264600005267,85.3433743499992,103.45
yes,,27.678011226292956,85.34370159557469,61.28
yes,,27.678031492322635,85.34361916277969,80.74
yes,,27.678162368159764,85.34380543884289,119.9
yes,,27.678173799994326,85.34358324999822,144.14
yes,,27.67816662229227,85.34341711090403,121.85
yes,,27.677925675401784,85.3439382373659,90.74
yes,,27.6780589796187,85.34328217317207,35.68
yes,,27.67779940000753,85.34408754999917,144.68
yes,,27.677949400000355,85.34408374999977,31.52
yes,,27.67835068184974,85.34376140510155,131.88
yes,,27.67833307817896,85.34412145476949,88.69
yes,,27.6783348519092,85.34403642524283,106.81
yes,,27.67841503419228,85.34353264225037,84.86
yes,,27.678421550002184,85.34368149999945,45.12
yes,,27.678470975448285,85.34383197599529,102.37
yes,,27.67852982033767,85.34398573466868,198.09
yes,,27.678433745744627,85.34324109874396,277.3
yes,,27.678438067403462,85.34344572019256,71.78
yes,,27.67853009734088,85.3431035752299,45.43
yes,,27.678619401795444,85.34308785798807,75.68
yes,,27.678568816670445,85.34339429881771,100.82
yes,,27.67858335006629,85.34329615056313,77.94
yes,,27.678574750348705,85.34321801412757,61.55
yes,,27.67852409376393,85.34351384990633,108.22
yes,,27.67788870350941,85.34329918047024,18.08
yes,,27.677855460328757,85.34340467429442,27.42
yes,,27.677896224647057,85.34346758580648,61.89
yes,,27.67761655065637,85.3423356740772,71.8
yes,,27.678432008098078,85.34413257253186,86.73
yes,,27.682192784251274,85.34541182004145,142.42
yes,,27.682150479472412,85.34523884349454,122.53
yes,,27.682121941044002,85.34502096585157,180.71
yes,,27.682040000006864,85.34516169999972,110.9
yes,,27.682005600008615,85.34531860000172,98.52
yes,,27.682267275714526,85.3450217078464,147.31
yes,,27.68226659272351,85.3451196706586,103.01
yes,,27.682023700010586,85.34550535000184,116.8
yes,,27.68178765621959,85.34477112888437,34.18
yes,,27.681658605446344,85.34523107843748,97.14
yes,,27.681641041219297,85.3453351187773,93.51
yes,,27.681542000010257,85.34526895000037,149.85
yes,,27.68174875673143,85.34544642619542,107.42
yes,,27.682205700132943,85.3456580832867,120.42
yes,,27.682258249999848,85.34554859999345,51.58
yes,,27.68227808749355,85.34549110164143,68.43
yes,,27.68239950000588,85.34538694999699,145.93
yes,,27.682388150003487,85.3455232999963,119.52
yes,,27.682350300003645,85.34562914999411,80.36
yes,,27.68228438222568,85.34575854441694,116.57
yes,,27.68258700508021,85.34541813182926,73.93
yes,,27.682930891969054,85.345451971049,73.52
yes,,27.682982700005645,85.3454034499995,93.38
yes,,27.68284615000955,85.34529274998579,78.05
yes,,27.682796295986147,85.34520440675863,45.94
yes,,27.68275435000514,85.34513214999438,56.71
yes,,27.682851144492773,85.34512892811009,69.16
yes,,27.682755354117504,85.34484362840959,70.0
yes,,27.682841650003756,85.34499339999942,58.79
yes,,27.682912600003608,85.34495919999897,38.23
yes,,27.682959956999312,85.34496099576285,49.55
yes,,27.682869200001434,85.3448660500035,117.24
yes,,27.682984656868374,85.34469962246217,143.42
yes,,27.6830274158947,85.34494754783381,119.55
yes,,27.68252194309005,85.34520058722337,115.19
yes,,27.682423350000988,85.34508089999838,67.3
yes,,27.68254289146104,85.34511207249544,75.14
yes,,27.68250979495122,85.3449544448231,153.21
yes,,27.68217250042874,85.34488748468482,81.3
yes,,27.682216737806698,85.34482283415944,95.17
yes,,27.682151649441135,85.34479842757474,40.32
yes,,27.682027826633863,85.34478582443622,231.26
yes,,27.68228160746379,85.34490067286798,52.58
yes,,27.68229942012832,85.34483730577318,45.81
yes,,27.682367317303015,85.34493222333118,63.16
yes,,27.682180432745987,85.3446517538696,95.13
yes,,27.682475520606673,85.34479221825477,93.34
yes,,27.681752194754452,85.34466041703732,80.34
yes,,27.68153422388904,85.3446608077374,83.92
yes,,27.68146193739937,85.34486919326977,69.66
yes,,27.68147995315776,85.34480096932877,60.24
yes,,27.681437968286552,85.34494442896447,81.89
yes,,27.681429599999657,85.34502224999902,92.93
yes,,27.68117018847815,85.34543760073014,86.11
yes,,27.681226799998317,85.34514884999581,110.51
yes,,27.681251870463043,85.34500305737522,126.77
yes,,27.68148078293729,85.3460724207414,89.85
yes,,27.681495102643257,85.34597854221536,82.92
yes,,27.681875940208972,85.34586039364822,90.69
yes,,27.68191169950635,85.34574174738232,86.9
yes,,27.681795295412222,85.34590080830971,80.81
yes,,27.681819559044055,85.3457556870086,210.16
yes,,27.681716862423542,85.34589008966836,67.54
yes,,27.68169222859585,85.34598650957945,86.59
yes,,27.68166250169614,85.34607021360574,81.07
yes,,27.681993833831324,85.3457649218233,80.74
yes,,27.682024186194063,85.34597111022342,114.05
yes,,27.68206751812379,85.34584975951975,136.13
yes,,27.68185624549687,85.34650617570865,106.5
yes,,27.6817879125432,85.34649902109936,92.52
yes,,27.68194592563067,85.34650884045024,84.88
yes,,27.681799364356465,85.34636112577098,75.6
yes,,27.681800009530807,85.34629713738164,79.48
yes,,27.68208317032571,85.3462609057045,107.91
yes,,27.68224028137198,85.34608252721499,77.36
yes,Digital Nepal,27.68239169254394,85.34610819100152,122.83
yes,,27.682496030447627,85.34612846431887,168.23
yes,,27.682621857293896,85.34614858491932,110.37
yes,,27.682036897110393,85.34721606636396,110.19
yes,,27.681312499121333,85.34703900222443,86.43
yes,,27.68117795449421,85.34712009738132,76.54
yes,,27.681289800011424,85.34665435000512,88.21
yes,,27.68127951939738,85.34648783790375,23.72
yes,,27.68137083099027,85.34638528537805,25.57
yes,,27.681300750003725,85.34637725000009,29.44
yes,,27.681376816722675,85.34621948342149,100.93
yes,,27.681162800007716,85.34639915000025,103.59
yes,,27.68117854994904,85.34627649250369,126.9
yes,,27.681203903994206,85.34615192417809,115.0
yes,,27.68127855356266,85.346159378586,107.57
yes,,27.682519810732916,85.34662764745086,140.91
yes,,27.682451405063738,85.34667539925965,86.4
yes,,27.68286018722955,85.34618662089498,146.27
yes,,27.682843850002513,85.34629554999957,91.48
yes,,27.683037995841847,85.3462866211782,145.84
yes,,27.683164799998334,85.34598635000926,73.16
yes,,27.68300885000056,85.34609155000345,127.09
yes,,27.683125576513333,85.34591760769011,124.66
yes,,27.68306016172076,85.34550837436188,130.06
yes,,27.68306690539697,85.34566781035517,137.36
yes,,27.683371131958204,85.34659754515522,290.5
yes,,27.683355304770053,85.34694908279774,98.06
yes,,27.683317662213568,85.34702190329658,91.74
yes,,27.68322215281512,85.34717572471833,161.15
yes,,27.683135066947766,85.34699046428584,131.52
yes,,27.683012318297465,85.34707505630041,86.24
yes,,27.683084057718034,85.3468527302149,100.48
yes,,27.68142026964027,85.34571161074038,119.75
yes,,27.68139204809145,85.34584745848723,136.36
yes,,27.681337064674157,85.34596699119223,135.86
yes,,27.681560345582927,85.34577226998515,126.62
yes,,27.681579007145668,85.3456176283173,144.81
yes,,27.681136767556566,85.34579975357475,60.84
yes,,27.68126370440788,85.3457780448442,123.06
yes,,27.681278286340625,85.3456902521711,108.55
yes,,27.681199408888954,85.34562930184502,104.71
yes,,27.681308600911333,85.34559883394525,137.2
yes,,27.681249293169003,85.34549652262695,113.37
yes,,27.682542939623552,85.34551631431222,154.32
yes,,27.682961993847062,85.34585258074054,167.57
yes,,27.68316694999908,85.34623104999716,119.58
yes,,27.683150547353463,85.34634922294333,138.68
yes,,27.683282150004935,85.34581715000304,102.18
yes,,27.683232258477805,85.34571571194489,111.9
yes,,27.68327178760629,85.34520340554033,207.29
yes,,27.68333153977931,85.34537811226816,109.46
yes,,27.683372392432677,85.34548080772305,186.56
yes,,27.683409589772435,85.34501567857167,159.32
yes,,27.683464650003526,85.34467390000012,103.26
yes,,27.683311121869373,85.34467351782489,73.88
yes,,27.681861485623173,85.3482096645632,68.27
yes,,27.68190205015522,85.3481536284469,35.14
yes,,27.68195371658338,85.34806064844342,134.58
yes,,27.6819335407657,85.34877221354152,79.91
yes,,27.681848233980432,85.34880691427271,119.3
yes,,27.68176863252379,85.34881404577509,130.33
yes,,27.681659451155436,85.34880798910831,113.42
yes,,27.68167632647054,85.34916252938955,224.02
yes,,27.681835958276604,85.34916218327425,194.16
yes,,27.68195415715962,85.34907994068526,140.33
yes,,27.68197397890063,85.34917060107782,150.06
yes,,27.682076713497416,85.34917393887716,58.15
yes,,27.68207186403972,85.34884231140354,69.29
yes,,27.682071905070533,85.34891834494202,79.39
yes,,27.68207324401685,85.3489990417135,72.93
yes,,27.681659175512607,85.34795545799895,86.48
yes,,27.681785500965656,85.34794925499949,117.71
yes,,27.681806072734506,85.34768471038218,57.06
yes,,27.682909941732035,85.3486284578757,76.28
yes,,27.682883601085653,85.34869146296916,96.06
yes,,27.68281059685003,85.34884295472145,51.67
yes,,27.682852312412795,85.34877277889198,129.7
yes,,27.682816697769564,85.34898285032767,210.01
yes,,27.682690934004714,85.34902310948414,160.01
yes,,27.683149738063232,85.34833080411393,151.67
yes,,27.68317120000675,85.34847469999939,100.07
yes,,27.683266404486968,85.34865949183374,91.0
yes,,27.68325273277369,85.34889680461124,83.56
yes,,27.683322322698178,85.34882984335202,188.09
yes,,27.68318980001251,85.3475101499713,106.53
yes,,27.683088533831782,85.34733801869494,173.92
yes,,27.68329645000603,85.34797780000281,130.84
yes,,27.683089970928265,85.34816364472123,208.45
yes,,27.682690129977164,85.34818903852708,171.65
yes,,27.682736379892766,85.34811118160455,117.54
yes,,27.682392585440258,85.34786257741612,114.0
yes,,27.682379432389975,85.34809636800235,129.7
yes,,27.682273705750973,85.34798644141716,142.3
yes,,27.68187205815724,85.34748870528283,128.07
yes,,27.68194849064476,85.34759620018502,166.24
yes,,27.681978250009795,85.34731484998456,152.76
yes,,27.683307480407922,85.34831966725686,94.24
yes,,27.683284249998213,85.34825255000675,66.54
yes,,27.68332148546999,85.34813405975707,137.57
yes,,27.6835271231897,85.34808767856823,108.75
yes,,27.683408600001346,85.34790745000052,31.16
yes,,27.683463533166215,85.34802294669707,61.12
yes,,27.68324528622235,85.34772692155589,148.68
yes,,27.68328069246822,85.34732160175666,174.73
yes,,27.683394651429186,85.34770846727884,32.57
yes,,27.683327947946058,85.34764419718192,66.29
yes,,27.68348580273972,85.34770769259492,62.8
yes,,27.683492551455988,85.3479085512876,58.52
yes,,27.683480891686873,85.34780663190044,62.89
yes,,27.683426432761532,85.3474247461195,104.43
yes,,27.682458899825928,85.34907561402134,88.77
yes,,27.68252208733396,85.34908075866085,57.67
yes,,27.682567897186296,85.34908967133576,38.21
yes,,27.682841266430117,85.34826584433199,112.87
yes,,27.682796199991532,85.34833225015366,140.18
yes,,27.682856568363448,85.34805136019405,126.91
yes,,27.682950997793114,85.34810626836048,114.88
yes,,27.67626042871648,85.34188124235197,35.4
yes,,27.676232700004654,85.34199194999938,95.18
yes,,27.676385222592867,85.34240025578359,23.88
yes,,27.67642072770125,85.34251538671569,48.88
yes,,27.67631049478577,85.34230727429126,83.03
yes,,27.676318262986424,85.3424768061914,88.46
yes,,27.67618590000187,85.34231129999827,73.16
yes,,27.676376199619117,85.34219120467299,27.14
yes,,27.675909729902084,85.34214754764238,75.43
yes,,27.67603384999095,85.34203389998873,137.61
yes,,27.67585934308906,85.34191698705624,78.24
yes,,27.675819499224477,85.34202104572293,30.59
yes,,27.67575897518226,85.34213044155999,218.81
yes,,27.675540829358702,85.34185878784031,80.26
yes,,27.675511909104983,85.34195417987134,82.75
yes,,27.675586577250048,85.34215371756194,81.73
yes,,27.6756418685486,85.34203219872413,111.89
yes,,27.675229050000357,85.34185724999531,73.85
yes,,27.67534269999831,85.3418480999961,38.17
yes,,27.675362750001323,85.34192294999787,54.12
yes,,27.67509389434522,85.34223592415776,72.16
yes,,27.67522678901916,85.34210682389009,93.8
yes,,27.675234698194096,85.34224944883104,87.92
yes,,27.675334850021528,85.3422539000017,159.8
yes,,27.67547159999301,85.34225694998376,216.3
yes,,27.675639614671642,85.34233578713268,122.67
yes,,27.675218650003334,85.34197899999963,62.05
yes,,27.67502927968624,85.34219977851362,66.68
yes,,27.67471387296264,85.3420796040568,156.45
yes,,27.674604557422715,85.34239468312694,112.68
yes,,27.674637850003386,85.34225544998066,80.45
yes,,27.67431044041079,85.34252448833487,301.31
yes,,27.674398883720233,85.34236939649705,221.78
yes,,27.67417568223447,85.34238669532614,54.19
yes,,27.67452900210556,85.34201518332871,58.48
yes,,27.6744310848145,85.34204760270264,122.84
yes,,27.67433796866122,85.34196553716421,113.19
yes,,27.674387315132517,85.34189397357147,112.25
yes,,27.67428380431602,85.34207446405011,58.78
yes,,27.674183300004497,85.34187444998915,98.21
yes,,27.674132250004565,85.34198029998991,100.23
yes,,27.674120917872912,85.342113998516,86.99
yes,,27.673849738940618,85.34212915728749,86.14
yes,,27.674937749999543,85.3425657499991,89.46
yes,,27.67495992341503,85.34239620365335,70.2
yes,,27.674955423923123,85.34291410506742,121.39
yes,,27.67478957545466,85.34303104047329,98.64
yes,,27.674797100001356,85.34272774999985,45.01
yes,,27.674711953055823,85.34272367626552,51.13
yes,,27.674729475952745,85.34258929270963,56.81
yes,,27.67474957188886,85.34248075419173,107.83
yes,,27.6747702271627,85.34231047485312,114.55
yes,,27.675541850001824,85.34294639999966,47.21
yes,,27.67554296889423,85.34306457666361,33.26
yes,,27.675354550000712,85.34299684999993,35.94
yes,,27.67533912553142,85.34290839096714,24.98
yes,,27.675196549996446,85.34269784999618,43.13
yes,,27.675202927843955,85.34261964205879,68.05
yes,,27.675236725490095,85.34251174778338,194.15
yes,,27.675619189415478,85.34289737508198,37.04
yes,,27.675646274420032,85.34298858482201,42.13
yes,,27.675642289860942,85.34306755006722,43.52
yes,,27.67563574853412,85.34260352313612,92.83
yes,,27.675624250003946,85.34279294999975,41.62
yes,,27.675745726467223,85.34291595533338,50.77
yes,,27.675711971281004,85.34258525235339,105.89
yes,,27.675462243541215,85.34266862375111,151.56
yes,,27.675566933254554,85.34268346653721,68.21
yes,,27.67541798007378,85.3425323569247,17.59
yes,,27.675480211056605,85.34252863993082,70.45
yes,,27.67556565001542,85.34255925000079,96.9
yes,,27.67601357352239,85.34281660849,68.7
yes,,27.67587144956488,85.34280671113477,68.81
yes,,27.67582197232118,85.34261222698426,90.58
yes,,27.675978428366026,85.34267854692398,66.61
yes,,27.67584717595315,85.34293094065171,111.62
yes,,27.675920623251614,85.34304422392857,106.36
yes,,27.676113222821538,85.34297525950173,98.3
yes,,27.676128322388607,85.34282230728775,95.99
yes,,27.675808194100423,85.34339789152634,110.2
yes,,27.676011650010448,85.34347490000553,90.71
yes,,27.675903625771646,85.34349333410161,90.77
yes,,27.676170300003978,85.34343679999797,111.13
yes,,27.67558352723057,85.34350308704211,82.44
yes,,27.675756250004095,85.34368024999894,112.01
yes,,27.675901424523325,85.34336356378455,73.38
yes,,27.675609700009964,85.34334619999943,101.86
yes,,27.675701824918093,85.34350621635896,116.09
yes,,27.67590955001491,85.34321869999938,117.01
yes,,27.675797891978704,85.34351837446742,94.55
yes,,27.67544230000171,85.34301954999977,40.93
yes,,27.675188162601035,85.34346396592633,178.04
yes,,27.67531764460447,85.34327521311694,323.46
yes,,27.675432250003116,85.34338359999903,141.0
yes,,27.675678443427827,85.3439685153076,39.76
yes,,27.675530817576888,85.34374941609961,115.28
yes,,27.67573478632996,85.34381148593208,85.98
yes,,27.675732736030316,85.34397827452992,26.95
yes,,27.675915967381698,85.34380865627045,133.71
yes,,27.67592980000182,85.34369064999666,116.8
yes,,27.675882922190866,85.34397041145323,170.69
yes,,27.676127650006567,85.34405214999985,93.88
yes,,27.676011850008923,85.34399904999974,136.72
yes,,27.67604469418009,85.343345543627,96.09
yes,,27.676186884046174,85.3438642985208,109.9
yes,,27.676020038630288,85.34320880452904,78.37
yes,,27.67609965001529,85.34374345000877,125.47
yes,,27.676249649427373,85.34405677165789,88.8
yes,,27.676181112481963,85.34395562726242,51.83
yes,,27.676297250006698,85.34388050000145,56.63
yes,,27.67633661199675,85.34366297691419,221.25
yes,,27.67628992116485,85.34348085580875,102.23
yes,,27.67634134579986,85.34311162088466,49.83
yes,,27.67615803725217,85.34359473319573,88.21
yes,,27.6763908208153,85.34326586668813,36.8
yes,,27.67627757534675,85.34273754586084,95.4
yes,,27.676186750008192,85.34299090000174,47.11
yes,,27.67592488562032,85.34425620916,373.93
yes,,27.676115800003817,85.3442840999992,119.23
yes,,27.6761282191313,85.34445586504314,335.2
yes,,27.67630208014421,85.34446085979222,133.87
yes,,27.675656359398687,85.3441070469043,58.58
yes,,27.675738554059315,85.3442567386365,51.17
yes,,27.67574649383363,85.3441510232962,106.6
yes,,27.676130997082797,85.34462297016117,514.79
yes,,27.67612360000268,85.3447454499912,59.71
yes,,27.67398550029185,85.3432128354975,102.34
yes,,27.673835429939018,85.34341169306914,52.16
yes,,27.67389667546244,85.34334375246978,73.74
yes,,27.673903590576415,85.34311785807478,101.31
yes,,27.67415713401539,85.34338517067573,64.07
yes,,27.67407356301654,85.34347147685615,107.24
yes,,27.6739873029219,85.34343668900193,117.16
yes,,27.67401351572975,85.34332747942257,93.74
yes,,27.674082985753707,85.3432612953506,66.23
yes,,27.67395823184753,85.34355889795835,135.38
yes,,27.674030079030516,85.34397032000898,63.86
yes,,27.673886050001993,85.34415874999551,53.63
yes,,27.6741542146815,85.3444000476848,47.04
yes,,27.67405614086305,85.34424751834901,25.47
yes,,27.674134200006336,85.34393165000071,55.37
yes,,27.674165925424248,85.34423576591384,59.08
yes,,27.673900958625676,85.34478962624793,71.95
yes,,27.673902876726057,85.34462604358366,69.39
yes,,27.674023075542486,85.34476089296568,70.98
yes,,27.674047150005592,85.34464854999932,106.78
yes,,27.67428917427418,85.34461010457113,120.01
yes,,27.674413390460593,85.34475136844786,55.34
yes,,27.674417600009235,85.34458049999978,108.74
yes,,27.67414788965987,85.34469667395011,36.36
yes,,27.67415846261814,85.3447677688434,27.55
yes,,27.6739236759796,85.34447248360033,65.34
yes,,27.674249915918743,85.34352250863697,214.62
yes,,27.67435950000035,85.34380634999067,120.14
yes,,27.674502499999107,85.34387549999076,95.83
yes,,27.674503894565937,85.34406784718118,44.29
yes,,27.67440614079981,85.34394736914383,65.7
yes,,27.674414120330226,85.34403135754975,65.65
yes,,27.674332802528134,85.34422111146665,95.05
yes,,27.67430496671483,85.3443933335889,135.61
yes,,27.674735599999764,85.34445009996487,1894.88
yes,,27.674886581812643,85.34221849565903,118.24
yes,,27.6751937500161,85.34460929999939,210.06
yes,,27.674857549998993,85.34473634999942,29.38
yes,,27.67447193037608,85.34470811085096,47.38
yes,,27.674571342432888,85.34470592331513,67.05
yes,,27.674390109092638,85.34412550130752,126.19
yes,,27.674558380513677,85.34378739206016,53.3
yes,,27.674722529590422,85.34389744728081,94.64
yes,,27.674667999020414,85.34407617855744,83.15
yes,,27.67465726895952,85.34397485664819,79.85
yes,,27.67478835000764,85.3440300500032,74.11
yes,,27.676606750001394,85.34501689999543,117.5
yes,,27.67674028654411,85.3450395455971,129.85
yes,,27.676874758315805,85.34516922764828,29.07
yes,,27.676860772334038,85.34507210173213,78.95
yes,,27.676731717250103,85.34528057543294,60.21
yes,,27.676753634143523,85.34546296752285,138.54
yes,,27.67686955429465,85.345397251353,178.83
yes,,27.676602196935384,85.3454054263074,305.84
yes,,27.676669964490966,85.34562770931738,78.51
yes,,27.67650070000148,85.34526934999951,33.89
yes,,27.67650335000589,85.34535795000143,50.56
yes,,27.676779836380003,85.34568542305581,133.98
yes,,27.677039707366983,85.34508708551223,98.81
yes,,27.676997262022763,85.34522970284094,171.27
yes,,27.677518050325844,85.345221457772,150.08
yes,,27.677457927376462,85.34496203238977,163.82
yes,,27.677358236824862,85.34514379686303,190.2
yes,,27.677307799996008,85.34494454999775,107.31
yes,,27.677263850000696,85.3453129499976,35.28
yes,,27.67715570261328,85.3454531141898,179.47
yes,,27.677813932570988,85.3449275204929,100.0
yes,,27.677734405129335,85.3450328436516,127.52
yes,,27.67768781651221,85.34516141409777,122.38
yes,,27.677818823076258,85.3452461888176,113.34
yes,,27.677913528244662,85.3451548685195,67.0
yes,,27.67800819537091,85.34518052000281,74.86
yes,,27.677942429116214,85.34503354250631,91.34
yes,,27.6776659974193,85.34530901321492,92.75
yes,,27.67777373946264,85.34544094536908,94.36
yes,,27.678094105907018,85.34540587969333,44.77
yes,,27.67801169999769,85.34541069999543,42.37
yes,,27.677899557684707,85.34538461884185,55.36
yes,,27.678343818989454,85.34501581014041,64.23
yes,,27.678291205713823,85.34511044139889,146.36
yes,,27.678259646076857,85.34521535424332,183.98
yes,,27.678233285615878,85.34528704598826,96.27
yes,,27.678203349993755,85.3453502499823,141.34
yes,,27.67819207289199,85.34543762407608,115.37
yes,,27.678450169952182,85.34493675833644,94.75
yes,,27.678269479928414,85.34496502811064,100.57
yes,,27.678526949997927,85.34511799999032,134.72
yes,,27.67855599471126,85.34496452011314,152.67
yes,,27.678515000010997,85.3456111500044,109.09
yes,,27.678580300009664,85.34548355000422,103.08
yes,,27.67857345000556,85.34533384999992,87.31
yes,,27.678483050048154,85.34534543332516,138.29
yes,,27.6783963946506,85.34534044412683,158.57
yes,,27.678449430539715,85.34578948249168,70.26
yes,,27.678318337364075,85.34561090381352,69.85
yes,,27.678338799997555,85.34554149998716,81.61
yes,,27.67836421893349,85.34546470480988,108.82
yes,,27.67843815001237,85.3455710000042,98.68
yes,,27.678337107719184,85.34584672911896,105.37
yes,,27.678336264181564,85.34573516430534,165.83
yes,,27.678557594405056,85.34583433817109,114.62
yes,,27.678645326350065,85.34560912246098,69.44
yes,,27.678581000001632,85.34566714999865,47.76
yes,,27.678534443215142,85.34596612165834,104.18
yes,,27.678435800005747,85.34593679999915,109.11
yes,,27.678308103618086,85.34627290205854,106.23
yes,,27.678500721932362,85.34632235755768,117.61
yes,,27.67850152839738,85.34621989559929,142.2
yes,,27.67836534999376,85.34619384999338,83.8
yes,,27.67862136075952,85.34634872628675,94.08
yes,,27.678595626788848,85.3464441070208,113.61
yes,,27.678254756147343,85.34647832272634,91.72
yes,,27.678576600003545,85.3465720499973,133.28
yes,,27.678607486173828,85.34709313332733,190.81
yes,,27.67848615857198,85.34712133098444,127.47
yes,,27.67850460755773,85.34703118177346,73.46
yes,,27.678532600003287,85.34695379999688,82.08
yes,,27.67855451436509,85.3466952322381,55.15
yes,,27.678193200016203,85.34660915000386,209.34
yes,,27.678116556269202,85.34673559079948,125.77
yes,,27.67815744336462,85.34689596593664,105.17
yes,,27.678372050009937,85.3469742500004,151.17
yes,,27.677990068703373,85.34722218129343,42.27
yes,,27.678080896121074,85.3471960176269,145.9
yes,,27.677961481731096,85.34711006175912,177.24
yes,,27.67798033740121,85.34692924189194,106.57
yes,,27.678049204835276,85.34698692210091,71.16
yes,,27.678101584390188,85.34700902452234,99.06
yes,,27.67816023411028,85.34703626583128,105.99
yes,,27.678226850012962,85.34706080000579,100.82
yes,,27.678135199988652,85.34553984997481,233.91
yes,,27.67792183990338,85.3462513712213,104.63
yes,,27.677943879564392,85.34614706203703,88.87
yes,,27.678087749977948,85.3461743499741,203.2
yes,,27.677812155331615,85.34564172903191,130.86
yes,,27.677860796418525,85.34550297249814,70.76
yes,,27.677976799998824,85.3455018999946,71.25
yes,,27.677645638102526,85.3461223982969,106.43
yes,,27.67766093686698,85.34603722076159,47.3
yes,,27.67805325715696,85.34595879012583,77.15
yes,,27.677966004564865,85.34598947660496,96.4
yes,,27.67806588421276,85.34604251666123,106.79
yes,,27.678175972909525,85.3460614585732,92.55
yes,,27.678150333310292,85.34597028883937,91.55
yes,,27.67814984999881,85.34587994999754,107.57
yes,,27.678060477593316,85.3457856401701,62.33
yes,,27.678163350000254,85.34577864999642,145.09
yes,,27.67744339459622,85.34604223865108,118.84
yes,,27.67752829333278,85.34610217228028,66.74
yes,,27.67754402743271,85.34600023890324,65.98
yes,,27.677542780038742,85.34588694044918,54.59
yes,,27.677689900362896,85.34563113298873,71.71
yes,,27.67754130000254,85.34557554999874,55.92
yes,,27.678197702774238,85.34568733356207,29.28
yes,,27.67723127887903,85.34596108444896,161.46
yes,,27.677318023650553,85.3461231527389,96.51
yes,,27.677347800006213,85.34601744999942,108.31
yes,,27.677335825518938,85.34580192928594,100.69
yes,,27.677108605812204,85.34603997795612,68.84
yes,,27.67702330763788,85.34602082781439,106.73
yes,,27.677106251710995,85.34592417884853,142.01
yes,,27.67719515495716,85.34576942719367,87.52
yes,,27.677127500740518,85.34563597294141,113.02
yes,,27.67741059879868,85.34550132530227,135.11
yes,,27.677618565563076,85.3449774005711,90.92
yes,,27.6774851000034,85.34570765000014,50.98
yes,,27.677414179628997,85.34630143378641,265.65
yes,,27.67775927673391,85.34630018841074,109.91
yes,,27.677666950239935,85.34623710450028,79.17
yes,,27.6776474301893,85.34631245454881,66.16
yes,,27.677991833053376,85.34659281523392,67.01
yes,,27.677936332294045,85.34657306244934,66.04
yes,,27.6779043000006,85.34667109999411,104.69
yes,,27.67780431739298,85.34658934955905,171.27
yes,,27.677723662732497,85.34654602143944,114.24
yes,,27.677519437309943,85.34648796861666,127.13
yes,,27.677620373072827,85.3465024900303,108.14
yes,,27.677631999999107,85.3467845999864,103.85
yes,,27.677585499996518,85.34686044997758,148.91
yes,,27.677476279974254,85.34677230565768,160.89
yes,,27.677591483600093,85.34665493602131,107.08
yes,,27.677664652442203,85.3470894614614,111.32
yes,,27.67780307975278,85.34683699548265,104.35
yes,,27.677862593056513,85.34676302105552,62.41
yes,,27.677728176164646,85.34719389381773,132.25
yes,,27.678013450003142,85.34679510000882,43.49
yes,,27.677306645701936,85.3463790196446,52.95
yes,,27.677391750001355,85.34641864999277,118.01
yes,,27.676991069596312,85.34577790997815,118.57
yes,,27.67691413703716,85.3459761429586,71.58
yes,,27.676937020143704,85.34589875765124,85.29
yes,,27.677788300001378,85.34694984998652,223.56
yes,,27.67816623127642,85.34725074217194,103.59
yes,,27.67849916339334,85.34483007775019,67.04
yes,,27.678113442369618,85.34504667295778,113.96
yes,,27.67741845000314,85.34532364999706,54.16
yes,,27.67729215855932,85.34525311900609,20.0
yes,,27.677275664066567,85.34651126505089,91.72
yes,,27.67732369584727,85.34663500722704,97.29
yes,,27.67736409598723,85.34654949627351,105.08
yes,,27.67726554225285,85.34622754356538,99.39
yes,,27.677208132137835,85.34646304444145,67.6
yes,,27.676577770130677,85.34675106745209,52.01
yes,,27.67665990221616,85.34674393148842,80.22
yes,,27.676699841793692,85.34685958530791,64.52
yes,,27.676729609583063,85.34694503649533,119.82
yes,,27.676492979418256,85.34671459529248,96.27
yes,,27.676558549999616,85.34720249999454,101.19
yes,,27.6765071553508,85.34688476275186,123.19
yes,,27.67655405000128,85.34705519999606,96.61
yes,,27.6765976386603,85.34696169727788,63.6
yes,,27.6766109000033,85.3468768499974,96.59
yes,,27.67654408930615,85.34660867142466,166.29
yes,,27.676744298761076,85.34712650494355,135.2
yes,,27.676812800003518,85.34701079999812,50.38
yes,,27.684665808840233,85.33911387724903,105.35
yes,,27.685817000383103,85.3386562001571,1684.61
yes,,27.685714028443208,85.33694857323354,102.56
yes,,27.68602167594032,85.33799964468808,201.94
yes,,27.68607749928511,85.33744251121482,23.14
yes,,27.6859820851875,85.33751665928192,58.83
yes,,27.685985127135773,85.33724429783452,252.41
yes,,27.685756757606065,85.3374472004685,142.01
yes,,27.68575527695817,85.33800693343363,26.55
yes,,27.685698159630043,85.33794069218582,185.96
yes,,27.68572774312716,85.33776894095558,248.49
yes,,27.68575368534186,85.33759721429878,278.12
yes,,27.68549447849479,85.33755552286753,198.25
yes,,27.685444461950066,85.33708461444678,653.43
yes,,27.68555121728947,85.33693082163784,80.97
yes,,27.685647493282573,85.33701347336576,45.67
yes,,27.68563676559156,85.33691943047695,125.26
yes,,27.685338077813476,85.3369047512181,453.21
yes,,27.685083967734897,85.33691452413345,148.95
yes,,27.68498661458114,85.33691810828634,59.02
yes,,27.684997849483388,85.33702235470614,94.25
yes,,27.684993751136155,85.33712374135229,93.58
yes,,27.68496285016747,85.3372762102598,279.63
yes,,27.685141135207818,85.33736519753245,193.85
yes,,27.685171441870597,85.33745472366338,58.26
yes,,27.685090352662982,85.33745300087185,82.72
yes,,27.684906100215386,85.33764670001176,419.13
yes,,27.685009859762282,85.3379399010379,251.74
yes,,27.68575727294703,85.33641923898806,101.03
yes,,27.685797548426294,85.33663910500472,56.41
yes,,27.68578832093216,85.33657596698613,51.61
yes,,27.685926501535324,85.33630263295167,156.14
yes,,27.686016093235175,85.33644202323987,96.5
yes,,27.68588530227016,85.3364794940641,58.87
yes,,27.685887220059637,85.33653551268895,37.28
yes,,27.68588635000431,85.33660524999964,70.14
yes,,27.68581553300074,85.33677056745282,124.59
yes,,27.685651914733324,85.33662869592644,171.8
yes,,27.685404389304523,85.33630888750821,42.55
yes,,27.685411560308907,85.33623311147922,36.08
yes,,27.685480501857754,85.33628771342579,112.3
yes,,27.685526832723887,85.3364737141789,64.57
yes,,27.685421493050306,85.3366964737043,108.92
yes,,27.685296600802584,85.33657016019386,104.75
yes,,27.685066440625334,85.33671873522259,153.57
yes,,27.685187395759613,85.33632602434649,172.73
yes,,27.684937650000183,85.33628639999804,30.85
yes,,27.68493529662604,85.33634245313495,55.63
yes,,27.684940425046417,85.33645754387905,37.23
yes,,27.684884760044906,85.33643904914187,74.55
yes,,27.684793773298246,85.33644170698027,27.14
yes,,27.684679596787568,85.33636096663507,49.17
yes,,27.684709630209603,85.33629992049818,78.01
yes,,27.684547296020714,85.33629230216371,98.06
yes,,27.684300214988816,85.3363721388617,72.23
yes,,27.6843478500051,85.33629520000301,66.21
yes,,27.68472969156514,85.33674045312473,150.21
yes,,27.684649101046272,85.3369750799096,107.66
yes,,27.684485236242416,85.33682248182913,47.95
yes,,27.684509050002585,85.3369561000004,25.99
yes,,27.684461098071342,85.33691752198801,89.45
yes,,27.684290102098274,85.3366182754203,87.27
yes,,27.684326634373193,85.33654252925305,90.58
yes,,27.684400099919998,85.33647711666087,67.91
yes,,27.68435978402599,85.33643059905579,35.17
yes,,27.684139315437985,85.33635892174456,132.47
yes,,27.684197446660775,85.33623521877232,96.27
yes,,27.684202998170488,85.3364105698256,58.21
yes,,27.68425401324844,85.33645014564806,60.89
yes,,27.684284722037205,85.33680628070958,151.37
yes,,27.68409444543385,85.33667399143981,141.1
yes,,27.684182480123308,85.3367005491657,94.81
yes,,27.684176016862576,85.33656792517425,82.0
yes,,27.68408620573996,85.33653942767702,91.9
yes,,27.68375028320521,85.33624693370994,67.66
yes,,27.683970887105854,85.33636622993568,76.16
yes,,27.683887750001283,85.33632939999443,83.29
yes,,27.68386245000676,85.33645095000125,92.63
yes,,27.683929406814052,85.33649078002783,104.16
yes,,27.68374916966489,85.33643585828771,85.64
yes,,27.683681735795695,85.3363940442712,100.71
yes,,27.683609705423756,85.3363659321083,53.77
yes,,27.68359049516306,85.33642825008789,57.77
yes,,27.68364637232783,85.33650626022575,69.3
yes,,27.683723104980313,85.33654147266382,73.97
yes,,27.683785812797964,85.33657325177603,84.77
yes,,27.683854269705183,85.33660027440388,75.22
yes,,27.683921767885188,85.33662763831495,72.22
yes,,27.683985037626325,85.33663984834394,87.67
yes,,27.68387037786132,85.33750815906045,41.81
yes,,27.683888218531678,85.3375878604057,37.16
yes,,27.683916029327968,85.33765455054026,80.19
yes,,27.683948544736467,85.3377177214296,69.88
yes,,27.6838336329007,85.33677746705253,32.91
yes,,27.68388394385827,85.33681695291158,52.31
yes,,27.68391033515885,85.33678376813195,20.35
yes,,27.683637150001488,85.33664514999829,42.63
yes,,27.68349740040181,85.33683406323144,42.17
yes,,27.683548050007957,85.33674465000647,65.59
yes,,27.683592111831416,85.33678092589932,73.63
yes,,27.683574488836168,85.33687872593138,63.66
yes,,27.683653097265182,85.33693955066217,71.18
yes,,27.683723478292794,85.33698471448692,71.37
yes,,27.68379804237422,85.33701857433317,61.47
yes,,27.684200914213164,85.33702337244033,114.07
yes,,27.68412020686075,85.33709329604274,43.08
yes,,27.68436930076196,85.33717377856443,205.76
yes,,27.684569350002878,85.33754589999991,46.11
yes,,27.684590689543192,85.33745931469969,119.34
yes,,27.684588535851262,85.33775722356478,35.52
yes,,27.684526444366053,85.33772825155273,79.14
yes,,27.68447099373441,85.33767282352339,61.86
yes,,27.684221420324622,85.33755221142293,57.28
yes,,27.684229900002187,85.33729234999949,58.31
yes,,27.684109370791997,85.33745696713682,48.52
yes,,27.684130000004274,85.33721955000081,35.63
yes,,27.68396275000132,85.33739400000223,41.0
yes,,27.683933588594545,85.33734135361213,55.36
yes,,27.68400273807715,85.33722767716553,36.91
yes,,27.68404365091769,85.33744160146172,37.0
yes,,27.684084169613598,85.33710885452243,19.34
yes,,27.68399324168264,85.33729585381487,42.55
yes,,27.684058342187583,85.33722610441569,59.03
yes,,27.684454100000018,85.33733119999889,36.18
yes,,27.68388557198539,85.33721563670846,76.73
yes,,27.684028636443372,85.33753138910465,95.0
yes,,27.68409789996214,85.33757739990105,40.75
yes,,27.684135942171633,85.33768257301877,58.03
yes,,27.6840534547318,85.33760827725422,47.42
yes,,27.68430234398771,85.33756587822121,83.23
yes,,27.68425200703405,85.33770544187657,73.25
yes,,27.68419953326919,85.33770272673688,72.55
yes,,27.68466420000065,85.33801734998801,115.38
yes,,27.68444855542572,85.33809722010264,200.59
yes,,27.684446979373558,85.33860337353396,122.1
yes,,27.685095353264913,85.33821392520268,187.15
yes,,27.685092744127203,85.33836721103464,105.8
yes,,27.685425762384515,85.33852948675074,239.18
yes,,27.685402286214185,85.3386352654461,199.71
yes,,27.68529358090893,85.33901705818738,187.26
yes,,27.68522610000084,85.33889110001623,57.34
yes,,27.6851156449257,85.3388699641493,45.31
yes,,27.6850009825729,85.33901684848541,275.55
yes,,27.684928600137866,85.33910520483624,227.28
yes,,27.684922050001166,85.33878889999335,72.53
yes,,27.685053497030562,85.33866861331427,91.61
yes,,27.684992783719366,85.33853538597303,159.49
yes,,27.684959460342082,85.33864615205015,133.62
yes,,27.684850473032785,85.33855065000327,118.23
yes,,27.68473516842615,85.33853314357067,73.88
yes,,27.684733992679675,85.33860975111014,44.0
yes,,27.684651097394852,85.33859129238634,70.45
yes,,27.68465236156962,85.33849719093071,112.17
yes,,27.684704085722753,85.33901772621861,59.53
yes,,27.684734394294956,85.33893169664375,97.48
yes,,27.684769253206515,85.33883725162717,62.89
yes,,27.68480979130476,85.33876115885865,68.19
yes,,27.684738420222384,85.33876517504433,54.5
yes,,27.684703920817423,85.33883853146712,27.84
yes,,27.684663233443537,85.3387777333789,105.25
yes,,27.684598119869907,85.33873946929256,76.49
yes,,27.68453279916891,85.33881481707017,33.63
yes,,27.684584670246153,85.33884946376372,59.5
yes,,27.68452882217079,85.33893337244076,157.14
yes,,27.684493343775845,85.33904642659311,61.98
yes,,27.68442634426951,85.33900163889545,69.73
yes,,27.684284686942902,85.33896870930094,114.47
yes,,27.684198737414828,85.3390820884696,131.88
yes,,27.684147596422306,85.33900641374811,114.67
yes,,27.684221691821122,85.33890961089847,134.82
yes,,27.684146011072517,85.33884020193378,158.06
yes,,27.684227528437056,85.33867247647157,93.99
yes,,27.684151443223648,85.33861649494251,85.23
yes,,27.6840074951412,85.33869518435363,76.03
yes,,27.684020200002138,85.33885985000308,33.29
yes,,27.684023584569083,85.3385017541824,188.12
yes,,27.68392345495166,85.33859328847807,204.97
yes,,27.684145816539182,85.33830390113555,38.96
yes,,27.684249477651107,85.33821905581979,62.11
yes,,27.68392795442628,85.33839209721273,110.89
yes,,27.68386654581683,85.3384711041162,85.52
yes,,27.684036500004147,85.33805074999425,59.52
yes,,27.683973544806463,85.33798755512639,80.25
yes,,27.684129309604824,85.3380065661808,28.08
yes,,27.684084645091932,85.33787169506785,106.63
yes,,27.68387618740564,85.33786068842629,103.72
yes,,27.683948503245226,85.3378196367162,82.16
yes,,27.684015189717986,85.33777338598257,105.11
yes,,27.68380983487065,85.33775329580872,54.86
yes,,27.683830400256625,85.33769087059132,66.12
yes,,27.68377758379884,85.33750993711536,384.53
yes,,27.683620109968427,85.33738000346165,158.92
yes,,27.683753908109747,85.33725038415388,52.21
yes,,27.683712812703863,85.33722153225506,80.39
yes,,27.683659385972586,85.33716272149726,129.17
yes,,27.683594510649602,85.33728431098854,125.45
yes,,27.683485360575546,85.33764138104024,63.5
yes,,27.683625177077793,85.33771140872048,88.75
yes,,27.68354504416891,85.3376881364477,67.32
yes,,27.683475869484194,85.33775800568478,122.53
yes,,27.683542368605096,85.33782327708664,109.33
yes,,27.683484060895974,85.33790614804433,92.01
yes,,27.683946018529827,85.33814952491986,94.75
yes,,27.683884900123957,85.33821068334844,96.3
yes,,27.683823801828673,85.33826923546452,92.76
yes,,27.683765220181595,85.33832742701851,98.65
yes,,27.6837181000047,85.33838389998755,81.54
yes,,27.683711150667616,85.33785370902524,96.83
yes,,27.683784924714587,85.33797042445464,83.5
yes,,27.68386680494239,85.33804787602293,82.95
yes,,27.68382414800735,85.3381127993927,73.67
yes,,27.68376075380215,85.33806412108954,74.12
yes,,27.68372146081742,85.33814819245009,120.47
yes,,27.6837000998721,85.33796333467333,55.47
yes,,27.683621695615972,85.33805486674596,116.37
yes,,27.683564250006853,85.33816915000016,107.13
yes,,27.683410064859313,85.33827269087527,103.03
yes,,27.68347460731386,85.33822400546528,113.14
yes,,27.6834358500023,85.33838650000266,32.76
yes,,27.683480903936854,85.33843303894864,66.17
yes,,27.683522349739707,85.3383474345824,95.45
yes,,27.683971133729358,85.33910334152706,106.57
yes,,27.684017295634444,85.33903794271411,44.8
yes,,27.6838966038347,85.3389054425639,198.18
yes,,27.68380811601667,85.33880355181542,43.76
yes,,27.683752396164607,85.33873445923298,60.94
yes,,27.683709968063432,85.33864258383113,111.99
yes,,27.683652148612317,85.33852423839407,144.13
yes,,27.683588842858608,85.33847243931807,100.98
yes,,27.683457084184724,85.33857381462708,68.43
yes,,27.683804963843617,85.33913595751338,57.96
yes,,27.683752652329986,85.33908773354023,131.58
yes,,27.683722588738526,85.33900332220682,62.8
yes,,27.683699451598667,85.33891835173543,56.7
yes,,27.68365883903192,85.33885130773338,58.19
yes,,27.683639247183155,85.3387835861074,29.72
yes,,27.68361253761444,85.33875235995528,22.12
yes,,27.683580908352816,85.3386992098706,71.51
yes,,27.68354068282948,85.33863762613933,48.52
yes,,27.683510443643463,85.33870610602096,31.51
yes,,27.683491050949144,85.3387569472833,47.2
yes,,27.683493029297953,85.33883952198757,65.18
yes,,27.67842519453989,85.34734581916011,77.68
yes,,27.67849329728812,85.3473707186973,64.72
yes,,27.678600370981837,85.34735158100308,108.77
yes,,27.678141323620892,85.3473761850737,92.77
yes,,27.67836514569325,85.34769785903933,113.73
yes,,27.678290880349255,85.34767436329774,77.13
yes,,27.67836113803533,85.34759052349241,105.51
yes,,27.678385191439745,85.34750366935309,117.02
yes,,27.678285626073,85.34736851103979,42.55
yes,,27.678337464081064,85.34739161532382,38.79
yes,,27.678415301784497,85.34742850220073,89.44
yes,,27.67801670764341,85.34763622741629,100.65
yes,,27.678083003507354,85.34747798091979,67.85
yes,,27.677979123281553,85.34753086286348,67.1
yes,,27.678021146740747,85.34746066902184,57.55
yes,,27.67796654299468,85.34739061757655,50.5
yes,,27.678018170779524,85.34733988888887,77.26
yes,,27.67790025355862,85.3474998273637,68.64
yes,,27.682792511073625,85.34747348492482,135.44
yes,,27.682872900003318,85.34744635000008,60.3
yes,,27.682845943581345,85.34735520880368,126.99
yes,,27.68297602556793,85.34745391863804,90.78
yes,,27.682729515541503,85.34735468760434,161.41
yes,,27.682295073044923,85.3472915577861,114.18
yes,,27.68235790516072,85.34738753462521,162.4
yes,,27.682497121018958,85.3474506836766,169.26
yes,,27.68227809999806,85.34907214999383,115.97
yes,,27.68201805001135,85.3486572999996,150.17
yes,,27.682089862878115,85.34867800783117,67.05
yes,,27.682049746395336,85.34877082603519,107.41
yes,,27.68140168399948,85.3481976637705,68.24
yes,,27.68149354251766,85.34821069464041,100.71
yes,,27.681543400019653,85.34780434999765,88.68
yes,,27.681623699997473,85.3476559499883,99.66
yes,,27.681288957927627,85.34749230515449,178.92
yes,,27.6816130725871,85.34779966476037,154.56
yes,,27.681700604546297,85.34779862474831,155.34
yes,,27.68184902291311,85.34786857465984,170.99
yes,,27.681308448840454,85.34825464081425,104.47
yes,,27.681216251729364,85.34830048153965,196.63
yes,,27.68106969861017,85.34856539924421,119.81
yes,,27.68113742618179,85.34855385267039,110.79
yes,,27.68122069556962,85.34843051284366,100.59
yes,,27.6812315914091,85.34854387069659,119.05
yes,,27.681367899174685,85.3483838051651,95.46
yes,,27.68145607795227,85.34838662781767,103.7
yes,,27.68138735275412,85.34849238991448,106.36
yes,,27.681558950007446,85.34850035000177,70.85
yes,,27.68136216109911,85.34802753906143,194.07
yes,,27.68128970605909,85.34809761752653,127.04
yes,,27.681203350009493,85.34812199999789,127.08
yes,,27.681459373864048,85.3478789783594,125.68
yes,,27.68145557685683,85.34802058886966,110.71
yes,,27.681530051144488,85.34797539592253,93.94
yes,,27.681343817282862,85.34779450229641,176.13
yes,,27.68130964003175,85.34737672243311,112.53
yes,,27.681149600003916,85.3479054999982,142.39
yes,,27.681157628792338,85.34759946741707,95.75
yes,,27.681243350003523,85.34765959999758,103.86
yes,,27.68265675000463,85.34871159998454,200.87
yes,,27.68255540020907,85.34816832067202,116.68
yes,,27.68275032387962,85.34801110954568,79.94
yes,,27.682633197998598,85.34791371198342,173.95
yes,,27.677831583892228,85.34742769638943,43.66
yes,,27.67785775720147,85.34734759919998,83.94
yes,,27.67813759506583,85.34786531782792,68.6
yes,,27.67812149999046,85.34778739997707,103.79
yes,,27.67848655482383,85.34837190329907,111.74
yes,,27.678542737337228,85.34809457155926,123.46
yes,,27.678237588915422,85.34795138913746,152.52
yes,,27.67848530658984,85.34766734989583,97.22
yes,,27.678582718160374,85.34767429908273,110.92
yes,,27.678558111285618,85.34776700036902,98.69
yes,,27.678333110726644,85.34817249584519,37.38
yes,,27.678386559774,85.34824601921567,60.66
yes,,27.67831595029232,85.34806896515796,138.54
yes,,27.67842120002132,85.34804935000696,167.86
yes,,27.678633449999406,85.34750994999493,43.83
yes,,27.678616340242446,85.34757151847859,59.23
yes,,27.6785537500145,85.34753510001076,61.73
yes,,27.678495144380893,85.34749756037343,72.19
yes,,27.6786008437932,85.34829854776527,202.46
yes,,27.6766972955892,85.34783592734524,59.71
yes,,27.676829580720508,85.34785827845462,97.89
yes,,27.677027303525733,85.3478199424734,72.97
yes,,27.676979277661008,85.3479334425335,147.79
yes,,27.67709995783991,85.3479664124539,131.13
yes,,27.67708219777717,85.34774571503057,93.85
yes,,27.676926655864804,85.34754052921032,107.72
yes,,27.676987841151316,85.34740659734739,214.55
yes,,27.677165831243325,85.3475990803809,280.53
yes,,27.677045566774865,85.34759125111052,104.66
yes,,27.67668159743087,85.34741399425616,108.61
yes,,27.676781583298965,85.3474844663339,179.13
yes,,27.676648970077366,85.34752125690358,102.58
yes,,27.676419122731502,85.34731336298107,130.96
yes,,27.676503377470805,85.34732903445463,109.62
yes,,27.67657834996872,85.34734119838859,99.25
yes,,27.67641242283478,85.3474550080224,120.56
yes,,27.676523632245264,85.34749161415711,174.21
yes,,27.676513268342987,85.34764653611187,128.8
yes,,27.677058767448557,85.34736022133711,117.65
yes,,27.67759392720087,85.34822900048523,74.11
yes,,27.677480712186757,85.34811535093172,270.5
yes,,27.677423721156032,85.34794811914358,115.68
yes,,27.677333626483726,85.3478823881159,91.28
yes,,27.6772495713908,85.34785645855204,85.33
yes,,27.67729253557133,85.34776900835342,145.57
yes,,27.68991262774015,85.34458264809508,76.83
yes,,27.689719574436065,85.34475342670626,71.83
yes,,27.690051969699404,85.34518857267165,133.54
yes,,27.690033531699182,85.34527136854233,69.75
yes,,27.689932234737267,85.34530926874608,125.22
yes,,27.690279281720972,85.34498341827367,80.68
yes,,27.69005735552571,85.3448309601554,135.31
yes,,27.6823036500071,85.34772240000254,91.52
yes,,27.682108800011505,85.34768130000128,163.07
yes,,27.6820612809055,85.3479094418199,101.64
yes,,27.682073158113266,85.34779848283449,157.27
yes,,27.682052600004198,85.34753029999743,92.39
yes,,27.68266741778013,85.3484226022077,147.84
yes,,27.681950218128723,85.34896342736238,280.43
yes,,27.681955320303047,85.34884478037512,110.28
yes,,27.68144890346602,85.3486767753492,129.25
yes,,27.68119030002484,85.34918839999689,384.33
yes,,27.681158233660085,85.3489798329271,121.61
yes,,27.681361895585272,85.34867995200904,76.13
yes,,27.681304753422133,85.34867804008624,43.18
yes,,27.681249474125654,85.34867673025586,49.08
yes,,27.681194553088915,85.34872212265378,71.06
yes,,27.681547145620183,85.34908934991407,421.91
yes,,27.681641245642428,85.34899200816844,94.2
yes,,27.68151920577239,85.34881182296856,174.46
yes,,27.682486695292805,85.34845071118995,261.82
yes,,27.682378969170983,85.34844121225787,104.87
yes,,27.68207718909228,85.34825777592182,104.69
yes,,27.682017546527007,85.34844410940282,93.67
yes,,27.68233603187935,85.34827922602874,133.74
yes,,27.682899446120544,85.34759861391576,136.88
yes,,27.68301935102239,85.34756824930616,179.56
yes,,27.68302100000237,85.34780064999491,151.4
yes,,27.67724379756142,85.34817188827675,93.58
yes,,27.677325720890583,85.34820381044551,141.38
yes,,27.677214358300727,85.34804637912741,105.31
yes,,27.677232542174668,85.34796661743378,79.31
yes,,27.67754730000335,85.34831500000055,47.38
yes,,27.678308034594572,85.33902864061567,97.03
yes,,27.678403507085292,85.33873116197216,84.62
yes,,27.678395796339373,85.33861796297441,165.57
yes,,27.678220783897547,85.33859139980797,58.21
yes,,27.678293140847853,85.33858599164715,82.55
yes,,27.678279950008754,85.33882990000627,119.75
yes,,27.678277530232275,85.33868018268991,77.08
yes,,27.67821869672351,85.33870227041167,34.8
yes,,27.67817149167213,85.33878231465262,120.31
yes,,27.67818589422076,85.33892324200902,156.7
yes,,27.678098466157206,85.33886463518895,108.11
yes,,27.678143971491153,85.33865878180937,90.09
yes,,27.678071097403755,85.33874461629728,69.93
yes,,27.678023002847272,85.33880298240068,77.4
yes,,27.677949950008415,85.33871450000456,126.23
yes,,27.67803638356445,85.33862414698972,94.2
yes,,27.678161704710863,85.33852269528712,100.72
yes,,27.678071265051127,85.33849162474958,111.06
yes,,27.677969991588718,85.33854880043725,64.73
yes,,27.677900110670798,85.33852400877079,48.21
yes,,27.67791263978468,85.33846421953342,39.17
yes,,27.677983902902316,85.33848197009256,53.82
yes,,27.67800522992881,85.33840784172502,72.02
yes,,27.677931450968437,85.33838754715747,92.22
yes,,27.677877310135475,85.3381045817364,106.97
yes,,27.677904698415446,85.33803390092719,84.8
yes,,27.677941698467958,85.33796562877485,103.24
yes,,27.678049400007932,85.33769705,120.75
yes,,27.677936601577564,85.33770390549431,77.39
yes,,27.678023978873505,85.33780983405364,138.93
yes,,27.677918085301883,85.33778666651054,110.39
yes,,27.67834077289931,85.33833914823644,136.47
yes,,27.678287818110235,85.33845404182578,82.39
yes,,27.67836042320582,85.33845850390423,95.69
yes,,27.678436758235694,85.33845235429573,104.15
yes,,27.67856970055259,85.33827295278647,97.21
yes,,27.678582326654226,85.33818954272057,76.93
yes,,27.67859224437179,85.33809388803957,125.08
yes,,27.678481090926333,85.3379936237365,26.74
yes,,27.678414465790564,85.3380595486757,89.63
yes,,27.678486372510694,85.33807331361646,39.41
yes,,27.678371836710966,85.33816177356428,111.66
yes,,27.678460406930448,85.33816424652329,90.77
yes,,27.678248279067766,85.33816640682761,125.91
yes,,27.678227003948376,85.33825941868545,130.94
yes,,27.6782068418088,85.33836392053438,127.37
yes,,27.67800750148311,85.3382807184928,160.04
yes,,27.67804289804693,85.33818578288309,138.2
yes,,27.678067149408207,85.33809979646915,120.79
yes,,27.678091160787975,85.33801912984629,110.96
yes,,27.678221220699587,85.33804630861835,116.28
yes,,27.678302655367663,85.3379408617981,29.63
yes,,27.678132200002434,85.33790994999794,78.6
yes,,27.678196475650104,85.33785687237422,110.71
yes,,27.67848995000761,85.33786854999988,103.06
yes,,27.6783912818195,85.3378641737956,137.49
yes,,27.678397525712178,85.33776409117206,83.44
yes,,27.678409116936905,85.33767218371102,106.55
yes,,27.6786504643828,85.33778930038434,91.73
yes,,27.67863529972155,85.33789807758662,121.9
yes,,27.67855554939137,85.33866151377012,116.25
yes,,27.67858187750988,85.33842808654788,252.99
yes,,27.67857182252635,85.33857685604825,102.91
yes,,27.678544110355883,85.33875532550776,115.51
yes,,27.678515867393543,85.33885403929384,152.85
yes,,27.67850910000241,85.33896359999683,86.37
yes,,27.678487616620423,85.33904617378016,92.81
yes,,27.678612850003894,85.33898124999882,82.38
yes,,27.678588000649086,85.33906531730943,78.85
yes,,27.67855563059566,85.33918634133418,103.06
yes,,27.678609868770778,85.34016683913391,117.59
yes,,27.678266199999996,85.34031560000298,90.44
yes,,27.678302632564122,85.3399124607612,83.77
yes,,27.678254285268082,85.34041833394662,191.7
yes,,27.678364800016578,85.34004504998039,122.88
yes,,27.678262167859973,85.33978623671216,94.46
yes,,27.678539502060122,85.34000367541523,66.94
yes,,27.67854872961159,85.3399003406975,114.21
yes,,27.67845142040368,85.3398747594099,122.61
yes,,27.678634900007655,85.3397725999999,113.64
yes,,27.678518946035332,85.33969762180058,101.07
yes,,27.678398099994208,85.33934904993656,403.82
yes,,27.67818744070619,85.3394060020899,69.78
yes,,27.67821120159937,85.33928153533326,130.67
yes,,27.678103905570442,85.33925462982613,139.41
yes,,27.67795238943765,85.3393813580953,79.11
yes,,27.67801870011856,85.33942189154727,69.7
yes,,27.67807155000665,85.33944570000395,58.35
yes,,27.677985600004217,85.33926084999898,123.19
yes,,27.677999600014925,85.33906020000589,142.62
yes,,27.677819676306036,85.34025003363344,62.91
yes,,27.678045473606034,85.34018953990648,73.47
yes,,27.677988999997428,85.33987789999524,68.08
yes,,27.67810096515258,85.3400080390076,75.95
yes,,27.678043705875837,85.34009687436773,47.16
yes,,27.678036549999973,85.33962159999707,27.85
yes,,27.678074800001507,85.33978059999828,40.97
yes,,27.678166550011028,85.33996679998712,108.39
yes,,27.67767570001398,85.33994374999855,199.9
yes,,27.67796105001339,85.34015155000068,33.43
yes,,27.67785681627976,85.3400406329148,45.23
yes,,27.677958624693442,85.33996306798174,80.85
yes,,27.6785028732905,85.34029991245792,99.55
yes,,27.677530649994708,85.34878939998572,138.1
yes,,27.67714676362293,85.34860383724423,148.38
yes,,27.677172301561157,85.34848309424937,75.73
yes,,27.67724256693107,85.34852468417267,69.78
yes,,27.67731321088345,85.34859876287237,147.26
yes,,27.67738484328077,85.34871204354889,26.25
yes,,27.67740324555398,85.34863986061356,64.45
yes,,27.67745440375749,85.34855473008618,82.09
yes,,27.677518298351337,85.34842221872351,50.79
yes,,27.677480648485812,85.34829747876532,45.28
yes,,27.67784312780732,85.34858801323354,82.18
yes,,27.678010934143362,85.34037763264732,58.91
yes,,27.67796222356416,85.340575273545,85.61
yes,,27.677814150003073,85.34038774999985,33.16
yes,,27.677878288677725,85.34034522437193,36.86
yes,,27.677869557840246,85.33989342540737,23.0
yes,,27.678103783008343,85.34029962169049,116.3
yes,,27.67767817540783,85.33978579168065,141.95
yes,,27.677669850001234,85.33959194999755,160.83
yes,,27.677407750027463,85.33968870000264,252.77
yes,,27.67751155000939,85.33973040000112,94.03
yes,,27.67746131834841,85.33987478577465,100.12
yes,,27.677436022730543,85.34023107233267,113.82
yes,,27.677438105678732,85.34011792105727,46.72
yes,,27.67744119482247,85.34006782182591,57.68
yes,,27.677444975250662,85.33998814118019,106.8
yes,,27.677259381332313,85.34007048336589,50.03
yes,,27.677285692451516,85.34022645211012,74.82
yes,,27.677701050017575,85.33926944999877,185.36
yes,,27.677508719616256,85.33920476615593,133.25
yes,,27.67750075119763,85.33900064343929,53.64
yes,,27.67744688025644,85.33906899299339,74.41
yes,,27.677425228251327,85.33914418229689,83.28
yes,,27.67739818022033,85.33920734130778,69.74
yes,,27.67736847042862,85.3392794575436,101.85
yes,,27.677104437315872,85.33902915526426,34.69
yes,,27.67724000822581,85.33905325690898,118.16
yes,,27.677167765790514,85.33902446183502,47.76
yes,,27.677215602221146,85.33919095243182,114.88
yes,,27.677144629201152,85.33918324009902,101.79
yes,,27.677086214562475,85.33912433805416,120.97
yes,,27.67716062843186,85.33940815314261,154.91
yes,,27.677223132403434,85.339528238992,164.92
yes,,27.677093916645717,85.33949838564736,131.26
yes,,27.677185265086983,85.33970169344497,223.88
yes,,27.67720611533741,85.3396061002051,93.69
yes,,27.677078870348865,85.33958550071435,87.42
yes,,27.677064600002762,85.33967164999684,109.98
yes,,27.67706400001164,85.33981400000107,65.64
yes,,27.67721639687401,85.33986228106156,73.25
yes,,27.67718756949895,85.33992536640501,91.68
yes,,27.67707252140189,85.3400279590854,71.12
yes,,27.677048089112542,85.3403293747819,64.79
yes,,27.677110325296738,85.34021404004191,118.85
yes,,27.677868308784365,85.34891956077897,105.06
yes,,27.678045850006196,85.3490336999927,70.34
yes,,27.678100097372862,85.34900650827983,63.96
yes,,27.678031892052946,85.34889776794085,73.04
yes,,27.677940634879416,85.34880414292124,131.08
yes,,27.677979922024594,85.34917061125881,277.92
yes,,27.682922330810765,85.34853784506564,160.17
yes,,27.683023350028602,85.34879810001928,240.12
yes,,27.682419034321473,85.34879050462234,126.19
yes,,27.682420646019956,85.34865031899956,135.92
yes,,27.681783997985914,85.34815719755399,89.07
yes,,27.68348059704115,85.3487483816029,88.23
yes,,27.6742805000014,85.3439616499995,35.3
yes,,27.678060142937575,85.34756546918797,57.38
yes,,27.678691065018814,85.34145822017157,55.47
yes,,27.678500027842478,85.34153932887713,134.81
yes,,27.678659879970095,85.34134013922429,105.42
yes,,27.67863474436891,85.341210673813,95.51
yes,,27.678509350007428,85.34104864999901,67.32
yes,,27.67862974850782,85.34068108216347,94.08
yes,,27.6785226182932,85.34075615409425,101.21
yes,,27.67827498210674,85.3409871027505,269.48
yes,,27.678488368684373,85.34060579128396,142.62
yes,,27.678616150000853,85.34089025000151,48.3
yes,,27.67860665000169,85.34108609999971,71.13
yes,,27.678624388517072,85.34097048629971,64.86
yes,,27.67785582486235,85.34063446063625,129.89
yes,,27.677880424323146,85.34050810741594,77.23
yes,,27.67784110668033,85.34012367554327,71.42
yes,,27.678329375975053,85.34081798631813,99.93
yes,,27.678216169134302,85.34067105186632,114.37
yes,,27.678490774287365,85.340908741793,98.88
yes,,27.678292742184706,85.34054872398484,166.88
yes,,27.678451000005673,85.3401928500011,100.19
yes,,27.678095643356873,85.34047519963846,70.17
yes,,27.678074569677335,85.34054563671347,87.26
yes,,27.678047200010063,85.34064485000036,72.89
yes,,27.678044652265395,85.34077327848205,99.63
yes,,27.67835370001483,85.34148609999876,81.64
yes,,27.678327521110425,85.34128758071812,134.51
yes,,27.67820485899075,85.34142408954608,98.07
yes,,27.6781583571913,85.34122485386548,190.26
yes,,27.67827417586936,85.34112347329335,208.53
yes,,27.67810212268913,85.34102595418105,260.37
yes,,27.677924040596693,85.3409761236556,178.51
yes,,27.678025868312456,85.3415963152045,66.61
yes,,27.67792927372878,85.34129425873856,114.79
yes,,27.677869450003275,85.34144629999709,156.35
yes,,27.678561894168457,85.34180463857429,89.1
yes,,27.678356350011388,85.341757550001,95.21
yes,,27.67829351308371,85.34162147610768,93.06
yes,,27.67823974999888,85.34172139999767,65.19
yes,,27.678209283831933,85.34181636756834,86.48
yes,,27.67809063529198,85.34172796628154,69.2
yes,,27.677969750012775,85.34174860000346,100.29
yes,,27.679612000005825,85.34054285000023,127.74
yes,,27.67955645875779,85.3408525250484,65.74
yes,,27.679795206174333,85.34122217523473,149.78
yes,,27.679961849997426,85.34127325000088,80.24
yes,,27.67990849920355,85.34114765583355,214.97
yes,,27.679334778892596,85.34056090996063,145.48
yes,,27.6792992924033,85.34091257210676,33.15
yes,,27.679761249999416,85.34058759999844,83.43
yes,,27.67947144637918,85.34072525184982,120.82
yes,,27.679384099999155,85.34075444999884,39.85
yes,,27.679849400003935,85.34060794999986,54.51
yes,,27.679739174537666,85.34095447695597,123.84
yes,,27.679395650001563,85.34097514999992,68.53
yes,,27.67963333014219,85.34070840367676,129.89
yes,,27.67987819999909,85.3409232000002,67.28
yes,,27.679739475044034,85.34108186159835,130.88
yes,,27.679480600000545,85.34023614999884,78.54
yes,,27.68109696986506,85.34101375608182,111.71
yes,,27.680944700487498,85.34092798328938,51.36
yes,,27.681014800006604,85.34079739999883,105.16
yes,,27.681091350005147,85.34090575001129,52.05
yes,,27.68008265890776,85.34094002500434,102.47
yes,,27.680103318031097,85.34058621298504,98.75
yes,,27.680203274510585,85.34063622800068,97.97
yes,,27.679996245712776,85.34059152107358,175.95
yes,,27.67996486827814,85.3408002511962,134.06
yes,,27.680170584102836,85.34050395100778,77.37
yes,,27.680175050003886,85.34085119999978,38.96
yes,,27.680460056391844,85.34053102370042,84.92
yes,,27.68050679959915,85.34058551099788,42.61
yes,,27.680344796306517,85.34066956913604,58.9
yes,,27.680288815844605,85.34038955502174,191.1
yes,,27.68010610000019,85.3407704499996,66.72
yes,,27.680285550012808,85.34064875000938,67.62
yes,,27.680381977358984,85.34046795983463,127.62
yes,,27.68051895000458,85.34029129999585,62.85
yes,,27.68078180000921,85.34079475000124,137.53
yes,,27.68110018293756,85.33953029507734,68.35
yes,,27.681015824464943,85.33948389409044,110.77
yes,,27.68107050000291,85.33941419999833,53.13
yes,,27.680971854271977,85.33937905431665,100.06
yes,,27.68092501692332,85.33944314795252,48.56
yes,,27.680893185879103,85.33949388313164,52.26
yes,,27.680866250054144,85.33953789733573,36.03
yes,,27.6810403500045,85.33926879999602,79.92
yes,,27.681079297081144,85.3392204998283,53.14
yes,,27.681106600003215,85.3391735499912,66.73
yes,,27.681038248862464,85.33911930770581,65.23
yes,,27.68073505630866,85.33933608221624,182.36
yes,,27.68082164613681,85.3393840738048,91.07
yes,,27.68088200000344,85.33924719999048,103.23
yes,,27.680907482133566,85.33912916082613,46.66
yes,,27.680765323630624,85.33920959806294,94.82
yes,,27.680803700004876,85.33912534999678,100.68
yes,,27.680621735805634,85.33924882195718,150.75
yes,,27.68050638147017,85.33918346807378,196.81
yes,,27.680344400007826,85.33921029999853,107.89
yes,,27.67972610081902,85.33955336927187,215.37
yes,,27.679919850008208,85.33951664999923,56.74
yes,,27.679850050006866,85.33951229999737,160.09
yes,,27.679863999999675,85.33937889999974,133.77
yes,,27.67986789999604,85.33928970000014,88.09
yes,,27.67979664999817,85.33920684999964,106.18
yes,,27.679897600001016,85.33918369999935,109.99
yes,,27.679338379106753,85.34081047158898,73.34
yes,,27.679393834802536,85.34107133197956,108.71
yes,,27.679476450005527,85.34043904999871,63.23
yes,,27.67934866708859,85.34038930022555,215.29
yes,,27.67950095000062,85.34015019999845,80.64
yes,,27.67935055152298,85.34027760542155,95.65
yes,,27.679575850014253,85.33979115000342,92.03
yes,,27.67967393230219,85.33993010870869,144.98
yes,,27.679474475871622,85.34031794314984,59.59
yes,,27.67934884999721,85.34018075000016,137.45
yes,,27.679349199999184,85.34007849999992,91.55
yes,,27.6794179,85.33987884999792,78.78
yes,,27.679383772494898,85.33996620590305,118.01
yes,,27.67940522300878,85.33976641725666,72.79
yes,,27.679343607185686,85.33971732641038,38.9
yes,,27.679271550019156,85.33973140000145,86.8
yes,,27.67933590672845,85.33954655805212,86.13
yes,,27.67939482574181,85.33927762313265,198.18
yes,,27.679345002614994,85.33940146799884,72.09
yes,,27.67943676615873,85.33944463499336,225.08
yes,,27.67945379117215,85.33958473869511,92.49
yes,,27.67962654794535,85.33931660102697,42.51
yes,,27.679562376069732,85.33937639166278,35.69
yes,,27.679570800429055,85.3392892086634,95.23
yes,,27.67958845096138,85.33917361037176,87.76
yes,,27.67911774998963,85.3415655999983,89.71
yes,,27.679125213089414,85.34169339896513,89.94
yes,,27.679005050002313,85.34156469999982,56.75
yes,,27.678981106175968,85.34147207236572,58.46
yes,,27.67914600000323,85.34148599999966,66.56
yes,,27.679126343568466,85.3413690749867,117.68
yes,,27.67910845001619,85.34121729999309,81.28
yes,,27.678634730629405,85.34046126017604,123.59
yes,,27.678750096612834,85.34120150224747,111.06
yes,,27.6789687656258,85.34129563146533,293.72
yes,,27.678938695041456,85.3410649239401,133.67
yes,,27.679202200007882,85.34054755000308,70.36
yes,,27.679152900002727,85.34064169999984,45.1
yes,,27.679087449999223,85.34051809999286,79.9
yes,,27.679033930569215,85.34060249643275,48.39
yes,,27.67881705000825,85.34059915000037,80.19
yes,,27.67892214385004,85.34057564446064,37.47
yes,,27.679072600004332,85.34009944999957,89.73
yes,,27.67902564999751,85.34068199999314,71.01
yes,,27.6787229365863,85.34105214210923,109.4
yes,,27.678835786416784,85.3409034774088,119.28
yes,,27.67870980840431,85.34094657076045,49.96
yes,,27.678904350001137,85.34067304999893,43.63
yes,,27.679099400003548,85.34061915000132,32.09
yes,,27.678699320790198,85.3408727403751,36.57
yes,,27.678929740968652,85.34027962599934,57.66
yes,,27.67883190000304,85.34043874999995,97.44
yes,,27.678683217479588,85.34030054980589,60.44
yes,,27.679104276018887,85.34042657351071,35.47
yes,,27.679057748198925,85.33986661561995,208.91
yes,,27.678735305330544,85.34024384816712,30.17
yes,,27.679162274702215,85.3398809202573,164.88
yes,,27.679067787717724,85.34027572607215,158.85
yes,,27.678700450006126,85.33992430000126,72.38
yes,,27.67879278041071,85.33978419609653,102.52
yes,,27.679051676225157,85.34037460271858,59.88
yes,,27.67898425000099,85.34039969999994,20.59
yes,,27.678718450001103,85.34038435000055,26.6
yes,,27.678778970382858,85.33996920979432,119.6
yes,,27.678937924705313,85.3401470262157,112.4
yes,,27.678813372202413,85.3396362582614,216.47
yes,,27.678811330908815,85.33926993877486,105.4
yes,,27.679070193644595,85.33969882459071,95.98
yes,,27.67893715001493,85.3396803999998,134.33
yes,,27.678945892533875,85.34034377585213,30.79
yes,,27.678770312114,85.33985233073193,61.53
yes,,27.67874120000275,85.3404493499992,39.18
yes,,27.67915929608831,85.33971607414347,49.51
yes,,27.67907033348026,85.33939324079272,498.74
yes,,27.679196849997577,85.33952599999532,124.95
yes,,27.67925668173003,85.33937126234487,72.81
yes,,27.679247247313292,85.33919999098251,135.55
yes,,27.679048631228138,85.33912713753142,97.37
yes,,27.68082977105778,85.33508205581859,18.21
yes,,27.680897015546527,85.33521903395936,15.36
yes,,27.68087161520367,85.3351496342328,84.92
yes,,27.680825231234202,85.3352435716789,110.01
yes,,27.68190937126926,85.33488663811517,1.92
yes,,27.681539195310176,85.3351756172176,70.73
yes,,27.681490528763604,85.33512104710208,84.33
yes,,27.681491256583545,85.33524405674254,46.32
yes,,27.68139663683753,85.33519300557958,119.55
yes,,27.68141242390677,85.33505472675797,92.39
yes,,27.681312549711652,85.33505842894732,22.58
yes,,27.6813570229589,85.33500915252291,76.95
yes,,27.68127886384152,85.33499893434382,12.9
yes,,27.681224524365636,85.3350289061061,45.92
yes,,27.681179332490586,85.33500625655462,0.14
yes,,27.680961090201766,85.33505383568162,6.45
yes,,27.681002105729785,85.33504891585633,10.49
yes,,27.68112636675762,85.335114993441,63.34
yes,,27.68107158532797,85.33517834459614,99.83
yes,,27.681205600191134,85.3351930919379,79.55
yes,,27.68114920222434,85.33527016583734,139.67
yes,,27.68139817808812,85.335334389774,109.86
yes,,27.681291334038,85.33526905746703,68.68
yes,,27.681230042877136,85.3353750016099,86.22
yes,,27.681345259582525,85.33540348824906,135.5
yes,,27.68130612645076,85.33547243894633,71.94
yes,,27.681835472994184,85.3349247309336,73.31
yes,,27.68182018734313,85.33500710193408,186.24
yes,,27.681668250003252,85.335177600002,37.12
yes,,27.68173705174473,85.33522614808837,92.52
yes,,27.68157225991192,85.33537694942976,63.47
yes,,27.681637825600802,85.3352475468703,72.2
yes,,27.681709142436915,85.33531234481467,95.7
yes,,27.681653669322596,85.33541037725007,118.96
yes,,27.681386143283483,85.33590929610409,115.36
yes,,27.68126524420594,85.33581764402541,188.61
yes,,27.68154214241889,85.33547874807144,73.05
yes,,27.681604782147836,85.33553525096308,73.23
yes,,27.68152281639523,85.33557170136393,142.37
yes,,27.681429301554665,85.3355986387306,85.07
yes,,27.681507204989106,85.33566745138405,90.64
yes,,27.68165007467041,85.3357326014594,93.12
yes,,27.681904357876444,85.33566477884004,56.82
yes,,27.68189274635808,85.3357195037545,40.97
yes,,27.681815652602843,85.3356827955175,52.88
yes,,27.681710202821268,85.3356240340754,90.74
yes,,27.681728075808753,85.33570330225373,104.22
yes,,27.68192922322021,85.33587873525478,70.78
yes,,27.68178960231676,85.33580661424313,73.31
yes,,27.681743622816647,85.33589086548004,95.73
yes,,27.6818626413855,85.33595786679038,98.02
yes,,27.681965717235755,85.33607717369883,99.35
yes,,27.68192640382162,85.33614251984045,117.78
yes,,27.681852586247775,85.33607493480613,106.56
yes,,27.681866419386466,85.33625584259036,123.98
yes,,27.681778648323476,85.33622631710652,92.94
yes,,27.681773652687514,85.33647577074844,115.36
yes,,27.6818102975924,85.33639166857758,77.07
yes,,27.68172034948757,85.33639711912726,94.73
yes,,27.68153735320536,85.33610113159554,116.75
yes,,27.681602950000965,85.33587914999755,31.81
yes,,27.68155002265207,85.33584700163257,33.06
yes,,27.6815652395925,85.33598552024492,39.09
yes,,27.681551360671257,85.33590759872882,73.97
yes,,27.68130266910379,85.33569469664951,88.57
yes,,27.681372089377692,85.33575754152207,79.53
yes,,27.681448576053526,85.33582201741154,82.22
yes,,27.6814929500018,85.33593870000044,24.24
yes,,27.681452715718574,85.33601892127122,58.78
yes,,27.681399139431225,85.3361266211488,54.87
yes,,27.68136258228093,85.33601144907561,77.61
yes,,27.681282808916464,85.33618999477426,133.64
yes,,27.6812297450357,85.33614333484226,80.65
yes,,27.681317872119553,85.33607893606047,97.68
yes,,27.681250649972025,85.33599190777412,98.35
yes,,27.68118181553174,85.33589380063584,79.21
yes,,27.681134932684447,85.33594204762367,57.57
yes,,27.68110629386534,85.33600875582619,75.1
yes,,27.681083906702952,85.33607799398723,66.56
yes,,27.680866944347628,85.33539374089116,52.84
yes,,27.680899554062044,85.33550390640337,155.62
yes,,27.680824350005945,85.33545685000422,86.67
yes,,27.680935527472204,85.33532689059506,136.8
yes,,27.680989525954896,85.3354153824589,70.63
yes,,27.681065367281995,85.3354878617067,68.95
yes,,27.681136781433732,85.3355125130261,69.44
yes,,27.68123259932781,85.3355818840101,93.25
yes,,27.68117500106541,85.33566439789624,75.61
yes,,27.681101201926356,85.33573024175227,88.98
yes,,27.680972638871314,85.33558370356307,81.66
yes,,27.680999400002182,85.33571629999727,36.5
yes,,27.681038899257402,85.3356776017147,51.61
yes,,27.68104512734777,85.3358428603756,91.08
yes,,27.680715774529414,85.33537811495498,57.28
yes,,27.680649382216043,85.33532332966669,140.77
yes,,27.68069741828611,85.33554348154962,75.5
yes,,27.680646415496405,85.3354801081267,98.69
yes,,27.68074536809166,85.33572993105606,85.37
yes,,27.680691997793726,85.33579149361984,66.64
yes,,27.680868020824686,85.33573802696486,78.96
yes,,27.680975094404836,85.33591422434445,102.34
yes,,27.68094419887294,85.33598830335652,97.38
yes,,27.680870787307015,85.33589760565698,82.87
yes,,27.680763883123753,85.33587268724011,29.1
yes,,27.680805861299543,85.33581015819239,100.88
yes,,27.68077065472856,85.33558528415588,37.94
yes,,27.68082360000206,85.33563709999525,38.06
yes,,27.680792762911413,85.33567740091327,43.63
yes,,27.680740734232206,85.33562344283597,42.87
yes,,27.68067584321023,85.33565260268531,90.73
yes,,27.68063735650889,85.33572144041163,87.11
yes,,27.680593522155753,85.3355671003352,85.45
yes,,27.680565267227216,85.33542055191803,110.44
yes,,27.680477616556125,85.33553764626024,146.91
yes,,27.68058282354688,85.33518150734318,97.61
yes,,27.680549959702464,85.3351367155856,37.66
yes,,27.6805139314611,85.33528922248779,91.26
yes,,27.680451961605915,85.33520820985616,98.54
yes,,27.680412541612352,85.3351700368083,34.53
yes,,27.680139919557423,85.33526299786934,79.61
yes,,27.680287491864455,85.33523975876342,88.62
yes,,27.680328655786237,85.33532585737751,107.42
yes,,27.680368939792164,85.33542562581334,108.93
yes,,27.68108252678809,85.33622699424684,24.62
yes,,27.681027451162084,85.33617665249781,33.96
yes,,27.68090470001113,85.33614439999862,183.32
yes,,27.680198933990134,85.33533732702318,105.45
yes,,27.68025094635795,85.33544010033935,100.65
yes,,27.68030051573776,85.33554300851148,168.65
yes,,27.68036832259387,85.3356299933093,142.75
yes,,27.680434991343116,85.33572707762013,133.37
yes,,27.68049842872596,85.335823486174,99.9
yes,,27.680560098710455,85.33590961694834,104.31
yes,,27.680710780402276,85.33602391149421,100.3
yes,,27.680989493898934,85.33623853236902,105.19
yes,,27.68104628333724,85.33632210009397,69.65
yes,,27.68091472901266,85.33631011350863,102.88
yes,,27.680832978308246,85.33626656102587,90.04
yes,,27.680777609459987,85.33622926491803,88.29
yes,,27.680731603404254,85.33617042696169,65.97
yes,,27.680655261662352,85.33612747028032,84.42
yes,,27.680661354820902,85.33631641695833,116.31
yes,,27.68057480969419,85.33621334604935,81.79
yes,,27.680556704172442,85.33605803447,82.73
yes,,27.680504857624765,85.33609629464708,74.43
yes,,27.680451189115292,85.33599340532457,115.77
yes,,27.68026859794927,85.33580036382433,105.96
yes,,27.68008990187008,85.33631619693206,262.92
yes,,27.680363224514114,85.3362024260516,83.19
yes,,27.680315784900277,85.33624655602843,26.06
yes,,27.680276157582206,85.3363201354699,102.43
yes,,27.679854860544324,85.33607883642546,167.65
yes,,27.679868702093344,85.33584140326853,110.53
yes,,27.679948671497893,85.33577652014331,111.4
yes,,27.68001465889504,85.33572228398994,74.94
yes,,27.680056365121832,85.33580146436374,62.93
yes,,27.680041333153124,85.33596825261627,85.31
yes,,27.679938595661937,85.3359044371684,46.2
yes,,27.67998220224231,85.33587643317217,59.65
yes,,27.679935800003527,85.3360221499936,35.5
yes,,27.679868297327513,85.3361713831139,33.77
yes,,27.67978286575839,85.33600870085232,90.26
yes,,27.679870263211747,85.33597557240077,69.5
yes,,27.679758753204915,85.33589114939477,143.05
yes,,27.680044033430892,85.33552029963512,94.03
yes,,27.68000920243397,85.33545311926802,96.51
yes,,27.679971376108014,85.33539267861707,104.2
yes,,27.67990122682403,85.33535055137477,73.73
yes,,27.679971198532847,85.33531216604919,40.78
yes,,27.679846261101236,85.33532544957356,0.1
yes,,27.679746274415205,85.33550268865065,675.43
yes,,27.67987966760925,85.33563520400953,116.87
yes,,27.679790319423127,85.33570229480287,109.18
yes,,27.679712561128003,85.33536613792903,0.39
yes,,27.679682510402177,85.33538093345348,6.81
yes,,27.679632852198168,85.33540541511887,23.31
yes,,27.67966160654836,85.33576972763456,100.57
yes,,27.679598801503527,85.33568054917897,131.05
yes,,27.67954143984888,85.33554263236209,211.06
yes,Nepal Bank Limited,27.67945387884542,85.34919013152471,114.27
yes,,27.679120351781215,85.3489480503551,154.81
yes,,27.679249556309838,85.34890567815698,218.24
yes,,27.679262400001576,85.34877629999664,109.64
yes,,27.67930014419907,85.34868767047789,63.45
yes,,27.679414570683864,85.3489162688881,74.99
yes,,27.679500227500167,85.34891258828765,110.94
yes,,27.679476878479985,85.34902014376597,98.78
yes,,27.679701450009116,85.34878189999992,136.71
yes,,27.679405179226553,85.34870854829265,89.58
yes,,27.679510905331995,85.34875612926717,178.41
yes,,27.67945813036028,85.34858024291567,125.58
yes,,27.679547200009203,85.34862405000209,94.21
yes,,27.679468055048503,85.34845207888571,122.61
yes,,27.679660982820682,85.34864927024378,41.37
yes,,27.67910716841277,85.34847569085228,116.17
yes,,27.679118976588878,85.34831204927832,93.44
yes,,27.679290800012218,85.34786765000167,112.18
yes,,27.679218471657308,85.3477560586168,97.64
yes,,27.679727499999892,85.34865889999725,60.45
yes,,27.679691352408838,85.3484860240406,85.63
yes,,27.679592150006073,85.34846424999941,106.65
yes,,27.679616494128553,85.34834617346078,94.05
yes,,27.67972630001012,85.34835625000012,99.06
yes,,27.67989999564121,85.34824124117902,55.08
yes,,27.679995690603135,85.34825057377815,171.98
yes,,27.680092546127796,85.3483969702971,104.67
yes,,27.680017374313277,85.34859928386429,128.6
yes,,27.678658193122377,85.34808343741868,114.03
yes,,27.678889527403364,85.34829579658185,163.08
yes,,27.678914150012858,85.34842130000294,137.16
yes,,27.678832149989155,85.348532699976,223.94
yes,,27.678729699997447,85.34825714999843,68.12
yes,,27.678974121418012,85.347929527981,129.47
yes,,27.678945900011215,85.34809854999993,124.5
yes,,27.678925488046758,85.34821152287971,109.06
yes,,27.678752484221217,85.34748151886748,44.59
yes,,27.679083320084743,85.3476135009838,250.37
yes,,27.679088169576218,85.34744716377153,103.38
yes,,27.67939107735687,85.34781624504997,73.84
yes,,27.679792275558416,85.34804844159369,187.99
yes,,27.679523815065615,85.34793498223833,71.68
yes,,27.679489811290072,85.34780243170998,158.15
yes,,27.679628484564056,85.34792639323578,98.09
yes,,27.67963294278293,85.34782950135082,116.72
yes,,27.679706473634944,85.34785595409431,61.14
yes,,27.679760295481813,85.34787185200108,66.69
yes,,27.679305710674054,85.3476698301829,86.73
yes,,27.67944140000847,85.34751460000071,105.06
yes,,27.67955420000863,85.34753294999955,138.64
yes,,27.67967075000406,85.34765094999877,106.86
yes,,27.679998550004047,85.34811489999956,87.5
yes,,27.679992500001703,85.34883564999862,55.66
yes,,27.679902054184694,85.34909102690074,49.99
yes,,27.680397850014593,85.34913964999915,109.4
yes,,27.680063689835404,85.34925604296795,64.9
yes,,27.6801529475004,85.34929376204427,148.23
yes,,27.6802616540098,85.34930545845364,70.59
yes,,27.68032826915745,85.349312014955,24.29
yes,,27.680554893682718,85.34909127517845,182.48
yes,,27.681050000008,85.3484037999998,80.78
yes,,27.680910402575183,85.34857940150057,153.7
yes,,27.68021643372231,85.34844801108254,128.07
yes,,27.68020160906788,85.34827853937524,89.47
yes,,27.680262730822836,85.34829350231377,80.95
yes,,27.680270239878602,85.34819287034924,52.57
yes,,27.680142356938294,85.34816195249816,106.49
yes,,27.680389750007077,85.34835224999829,143.9
yes,,27.680327250005423,85.34805694999652,154.35
yes,,27.680441819184743,85.34820160216519,50.76
yes,,27.680466230163642,85.34809193896828,178.31
yes,,27.680478349994893,85.34796174997868,238.24
yes,,27.680450221494212,85.34782110662101,138.11
yes,,27.680304027297986,85.34787844022125,108.02
yes,,27.680198722550497,85.34775316340445,75.66
yes,,27.67995460000288,85.34778709999925,89.68
yes,,27.680084400019066,85.34772160000479,118.06
yes,,27.680119188718802,85.34760777153757,75.67
yes,,27.680297000007222,85.34776230000115,43.93
yes,,27.680362400000206,85.34766824999566,115.61
yes,,27.680322395644712,85.34753642122398,75.78
yes,,27.67968105000157,85.34754374999777,100.7
yes,,27.68046172405076,85.34756246084362,128.84
yes,,27.680605950009472,85.34770689999984,119.31
yes,,27.680614642055147,85.34752822560576,88.26
yes,,27.680592650001007,85.34732269999996,42.88
yes,,27.68060294899936,85.34741200735706,98.18
yes,,27.68049660000012,85.34741330000028,133.57
yes,,27.680947300009585,85.34760090000088,111.3
yes,,27.681074300001665,85.34810064999954,152.06
yes,,27.680708436975003,85.34788967207328,64.84
yes,,27.68076948958844,85.34736164237091,85.19
yes,,27.68064483629441,85.34412622068118,94.54
yes,,27.68078332824664,85.34405309443751,51.85
yes,,27.680767950003272,85.34415099999796,91.28
yes,,27.680748600003223,85.34384539999982,46.24
yes,,27.68073349999767,85.3442643999916,48.17
yes,,27.68083226935305,85.34440325940281,64.7
yes,,27.6809185000009,85.34418279999787,53.92
yes,,27.6809339408678,85.3440539727125,68.4
yes,,27.68102901923434,85.3442753041133,41.63
yes,,27.68106636911909,85.34417865459406,57.34
yes,,27.680824469111,85.34204385620518,67.82
yes,,27.68089772108431,85.34212263665982,14.93
yes,,27.680787941934355,85.34194902657502,46.2
yes,,27.680903929080337,85.3423197104216,72.82
yes,,27.681057008179224,85.34227714528457,105.58
yes,,27.680989779355208,85.34202385885018,74.48
yes,,27.68091716743877,85.34190243369424,142.2
yes,,27.68765490426565,85.34281316340288,82.33
yes,,27.68759140852184,85.34276510238288,191.04
yes,,27.687497946897523,85.3427605448607,30.53
yes,,27.687519002696618,85.34270169664661,56.72
yes,,27.687563456456537,85.34261479038075,92.02
yes,,27.687633296849093,85.34242670827311,171.79
yes,,27.687476747632218,85.34256741823563,116.5
yes,,27.68740131500241,85.34250257769081,131.89
yes,,27.687485812361647,85.34242086278157,94.35
yes,,27.6872352036914,85.3425455567545,107.38
yes,,27.68720503770998,85.342421781296,109.85
yes,,27.687334544596272,85.34262375955704,73.22
yes,,27.68740689432154,85.3426567495703,71.73
yes,,27.68710214999892,85.34190669999394,107.18
yes,,27.687090048142686,85.34200812066204,126.46
yes,,27.687088720323427,85.34210109158654,52.98
yes,,27.687072053080712,85.34216300644523,86.62
yes,,27.68699412112083,85.34226409801474,104.68
yes,,27.687063454895743,85.34232811774275,120.81
yes,,27.687079198181614,85.34244668669051,113.16
yes,,27.686975168885507,85.34240415265175,81.12
yes,,27.68695468380997,85.34252084092512,161.65
yes,,27.687005500004606,85.3427571499989,90.83
yes,,27.6869040500741,85.34275826044606,69.07
yes,,27.687283357570145,85.34200447586659,68.75
yes,,27.68725694169882,85.34208670637892,82.86
yes,,27.687197317471362,85.34222028934587,117.65
yes,,27.687301538404146,85.34223690612137,95.24
yes,,27.68732441627474,85.34213686027263,46.55
yes,,27.687382950000917,85.34205504999836,65.62
yes,,27.68737859855058,85.34217472603795,70.43
yes,,27.687444009251866,85.34215292657998,83.59
yes,,27.687426713841177,85.34225875395786,85.46
yes,,27.687539600002264,85.34186084999958,47.65
yes,,27.687487273201455,85.34186196063074,60.53
yes,,27.68747074858156,85.341977604938,67.6
yes,,27.687536167283614,85.34198446137333,92.14
yes,,27.687595458055718,85.34223922723088,122.65
yes,,27.687528689191527,85.34212506685459,81.98
yes,,27.68733437837943,85.34190154335398,81.6
yes,,27.68791146087987,85.34255436539271,133.45
yes,,27.68788282520589,85.34266450146795,109.37
yes,,27.687962238705897,85.3427181042365,78.95
yes,,27.68778015293052,85.3428049976618,196.83
yes,,27.68788965684349,85.34286460941003,218.34
yes,,27.68769853138202,85.34293162187882,172.7
yes,,27.68776910259904,85.34301522478313,136.72
yes,,27.687943752437615,85.34305853280348,95.74
yes,,27.687828750756733,85.34309177499081,87.95
yes,,27.687877300006576,85.34315980000036,100.07
yes,,27.68794812440091,85.34321182259991,112.25
yes,,27.68800440103152,85.34327091628809,71.84
yes,,27.688047356444162,85.3431532058869,105.81
yes,,27.68810780082277,85.34308394780302,144.54
yes,,27.688025789899736,85.3428956880281,110.7
yes,,27.688065886012456,85.34281383100208,59.55
yes,,27.688010893966997,85.34267324312705,130.49
yes,,27.68808164396974,85.34263962015189,152.9
yes,,27.688176700006096,85.34274444999555,104.62
yes,,27.688178300004587,85.34287064998294,119.73
yes,,27.688249934465183,85.34281197234093,98.45
yes,,27.688336666529363,85.3429043542699,80.21
yes,,27.68845408706817,85.34278390237503,199.19
yes,,27.688345551393493,85.34268495770114,114.59
yes,,27.688389627831434,85.3425344471575,193.47
yes,,27.688124239105242,85.3425237543341,128.82
yes,,27.688218568185736,85.34252737695941,78.93
yes,,27.688067499553508,85.34246367162346,136.16
yes,,27.68812796910208,85.34234808552134,72.36
yes,,27.688313749767374,85.3423958002627,147.33
yes,,27.68839650000522,85.3422718500027,78.81
yes,,27.688266731468403,85.3423384786483,87.39
yes,,27.68821593284049,85.34220825495832,93.49
yes,,27.6881380419166,85.3422000561666,114.39
yes,,27.688308977315497,85.34215655651455,76.52
yes,,27.68817653711532,85.34212317470457,71.08
yes,,27.68806380104581,85.34201920420173,94.41
yes,,27.688061675979004,85.34194349365099,76.17
yes,,27.688044616864,85.34185732477454,157.26
yes,,27.68837096401998,85.3419629339919,87.15
yes,,27.688311206006443,85.341939637998,91.11
yes,,27.68834337539886,85.3418408127223,77.08
yes,,27.688280375792232,85.34179238593524,93.19
yes,,27.688200056845435,85.34192873760158,133.39
yes,,27.68761807720425,85.34456266516399,109.42
yes,,27.68710515363873,85.34448341206647,251.96
yes,,27.68721269510072,85.3444727255585,256.37
yes,,27.68733026897353,85.34454428929743,106.65
yes,,27.687426572562586,85.34444832601855,176.76
yes,,27.687595576382517,85.34437326613543,97.04
yes,,27.68752096195889,85.34426683406853,84.15
yes,,27.687502911777997,85.34388919075572,92.11
yes,,27.68743499810036,85.34382319455743,87.06
yes,,27.68726595008424,85.34355501055745,65.51
yes,,27.687243520222633,85.34368242954014,91.58
yes,,27.687317990457583,85.34362812744048,69.85
yes,,27.687346614964728,85.3437144925424,151.61
yes,,27.68767970001096,85.34419620000776,114.26
yes,,27.687676585216902,85.34400544654073,154.18
yes,,27.68779730748732,85.34424044400924,190.72
yes,,27.68791490000449,85.3442701499848,144.68
yes,,27.687872340929793,85.34442167139011,127.49
yes,,27.687817283164158,85.34450589898952,116.29
yes,,27.68801795000587,85.34452969999354,109.86
yes,,27.6881805761539,85.34432507311922,155.17
yes,,27.688037850005568,85.34421120000067,81.5
yes,,27.688122750007793,85.34442444999073,152.14
yes,,27.68820287060108,85.34421992239278,105.9
yes,,27.688324398412995,85.3441342586882,327.73
yes,,27.687866272678733,85.34353053245238,69.28
yes,,27.687951932559947,85.34359609325503,30.68
yes,,27.68791075000553,85.34402174999451,103.07
yes,,27.6879841000069,85.34383299995865,188.77
yes,,27.687901861087763,85.3434409464861,89.18
yes,,27.687809591293405,85.34384045607953,97.57
yes,,27.68783517397524,85.3436884716234,143.51
yes,,27.68774666125336,85.3435999795858,155.89
yes,,27.6876342238892,85.34371111632585,116.91
yes,,27.687557718969327,85.3436586057161,161.01
yes,,27.68761965523292,85.34350304453804,164.61
yes,,27.687671950015307,85.3433803500086,184.12
yes,,27.687705840716802,85.34320868938552,142.67
yes,,27.687626912857333,85.3431377529641,110.21
yes,,27.68757208779392,85.34308932301333,117.29
yes,,27.687470925292516,85.34354722584855,175.15
yes,,27.687355841705628,85.3434598918346,263.68
yes,,27.687532977050317,85.34332024525052,385.01
yes,,27.687510305336332,85.34306117183412,109.68
yes,,27.68746906464726,85.34301439543694,94.08
yes,,27.687426381107624,85.34296681446968,129.6
yes,,27.687367716983932,85.34290109328256,180.76
yes,,27.687306603841627,85.34305064663036,77.8
yes,,27.68727604722364,85.34288680772299,120.6
yes,,27.687149865298213,85.34298133099547,174.75
yes,,27.687186798092654,85.34282198024323,109.24
yes,,27.687099105286396,85.34278299547498,118.57
yes,,27.686952008924596,85.34303381088388,107.36
yes,,27.68684759881902,85.34281264515765,56.96
yes,,27.68699589999676,85.34294409998188,195.93
yes,,27.68685383910068,85.34289874150053,77.53
yes,,27.686812051509982,85.34299534701768,90.96
yes,,27.68782947636377,85.3420531374356,137.55
yes,,27.687857846713804,85.3419500706804,112.77
yes,,27.687689638906374,85.34190341009807,131.69
yes,,27.687774884172956,85.34191512241634,81.33
yes,,27.687809186676922,85.34181097434119,111.71
yes,,27.687736374426173,85.34257101441236,134.14
yes,,27.687745227048275,85.34233904402954,90.51
yes,,27.687798011463443,85.34225507225368,111.83
yes,,27.687835798709667,85.34239294245752,79.2
yes,,27.687883388686505,85.34231228855069,82.2
yes,,27.687907356554845,85.34244650202307,44.46
yes,,27.6879564241279,85.34238004117545,110.27
yes,,27.68796390521308,85.34219868130513,131.67
yes,,27.687967178259417,85.34212205056421,73.92
yes,,27.688020296138024,85.34208209971005,84.76
yes,,27.68835246138081,85.34456364223891,126.45
yes,,27.68839160000159,85.34446604995878,168.01
yes,,27.68841614272019,85.34435611542408,130.06
yes,,27.687390638262897,85.34412860461444,146.62
yes,,27.687339602988676,85.34405593667472,86.34
yes,,27.687212193744454,85.34411678275525,89.61
yes,,27.687104525017507,85.34397785689605,50.31
yes,,27.687199876508704,85.3439254946863,476.07
yes,,27.68712226510357,85.34419343315406,187.09
yes,,27.686993796684533,85.34421556696888,127.91
yes,,27.68702373456824,85.34403371135875,171.93
yes,,27.686970764262906,85.3438999635339,122.45
yes,,27.686927909018305,85.34422024912254,93.96
yes,,27.68608281138731,85.34185441728577,34.96
yes,,27.68619172364291,85.34189928887433,55.8
yes,,27.68608075000634,85.3419877500045,67.95
yes,,27.685960232098747,85.34190647649088,121.65
yes,,27.68642322790766,85.34182145420222,151.77
yes,,27.68654220703162,85.34192715090141,47.3
yes,,27.686503041308416,85.34186528841802,128.44
yes,,27.686320465236406,85.34278614508561,87.91
yes,,27.68624224529586,85.3431870876658,88.63
yes,,27.68609377315907,85.34297617426257,896.65
yes,,27.686286907935244,85.34301173157466,193.5
yes,,27.685967586274998,85.34252858310603,157.96
yes,,27.68607385167379,85.34240731222478,250.39
yes,,27.686294397626018,85.34252960167524,115.41
yes,,27.686274084859225,85.34237169026594,164.52
yes,,27.686396569553636,85.34248116976447,71.42
yes,,27.68641633879384,85.34242668523169,87.19
yes,,27.686448501555386,85.34206588258449,54.47
yes,,27.686295691762396,85.34212612606666,107.54
yes,,27.686311712019563,85.34220723778374,88.29
yes,,27.6864263372093,85.3421380975909,155.91
yes,,27.686236213720967,85.34208096879897,97.55
yes,,27.685442916044135,85.34225359779359,142.31
yes,,27.685527696775775,85.34231816842046,112.87
yes,,27.685479580942054,85.3424230433089,124.53
yes,,27.68556140525154,85.34245388916578,76.19
yes,,27.685604218292962,85.34237786423581,93.15
yes,,27.685680361090327,85.34244672645072,126.9
yes,,27.685236050002036,85.34181439999728,57.46
yes,,27.685159702815266,85.3417904020993,91.07
yes,,27.68542922010806,85.34191246859962,158.68
yes,,27.68536520000258,85.34183024999918,44.52
yes,,27.68532124944011,85.34199874649217,175.46
yes,,27.685190246824384,85.34195180390125,98.54
yes,,27.685131933422458,85.34190849082447,80.64
yes,,27.68579365001481,85.34214555001651,138.03
yes,,27.685855699128982,85.34227831846889,192.99
yes,,27.685793383970005,85.3423712016439,77.82
yes,,27.685699250004937,85.34228269999548,93.86
yes,,27.685406718730587,85.34205402589956,96.6
yes,,27.68546210000556,85.34209175000467,61.77
yes,,27.685535241979206,85.34212663646049,138.98
yes,,27.685608134760706,85.34220154820721,131.69
yes,,27.68570557148806,85.34206859082144,72.71
yes,,27.68562092776098,85.34200303148435,111.61
yes,,27.68573726247993,85.34196381953264,79.24
yes,,27.681004831973674,85.33965231805222,246.84
yes,,27.681097439367395,85.339754126777,86.81
yes,,27.681046821588758,85.34010986049812,76.01
yes,,27.68103347755827,85.34002904465342,85.12
yes,,27.680220259757597,85.33974081798627,80.63
yes,,27.68018924513009,85.33962592190517,160.9
yes,,27.680305900001933,85.33955485000128,96.44
yes,,27.680361427318367,85.33940685570256,223.57
yes,,27.68031325000561,85.33974194999931,111.76
yes,,27.68014135531872,85.33992338615064,98.26
yes,,27.680169137331006,85.34001099027034,147.62
yes,,27.680242127754415,85.34008515422363,118.14
yes,,27.680283918527877,85.34015524267154,67.13
yes,,27.68033299130167,85.34020525711118,53.72
yes,,27.680362483739362,85.33998793745789,62.71
yes,,27.68031695344339,85.3398972656631,82.74
yes,,27.68019461066038,85.33931730847091,69.82
yes,,27.68011693766114,85.3393902459198,98.86
yes,,27.68003130281066,85.33934122911927,165.82
yes,,27.68052128071337,85.34004689923232,681.63
yes,,27.680823670778178,85.3405988124646,424.64
yes,,27.68095982560537,85.34059155623662,270.97
yes,,27.680858946453057,85.34049143802785,62.9
yes,,27.68082971966006,85.34038304092908,120.74
yes,,27.680791878394324,85.34029875621819,105.02
yes,,27.68075630048404,85.3402104406331,132.61
yes,,27.68093139426503,85.34027943122038,84.02
yes,,27.680903658815684,85.34021016845205,60.96
yes,,27.680863555772852,85.34011798025864,116.3
yes,,27.680831750000653,85.33996975000238,85.82
yes,,27.68069969361402,85.34000781135181,116.41
yes,,27.68074273120582,85.3398721651804,41.59
yes,,27.680808950004028,85.33974674999853,48.76
yes,,27.680670749563866,85.33967137575412,153.84
yes,,27.68041342538573,85.3397534893377,128.88
yes,,27.680516804181828,85.33979441019467,161.31
yes,,27.68054957916771,85.33968965631469,125.97
yes,,27.680568912269027,85.33959960165389,98.55
yes,,27.680619322146722,85.33950916090151,82.85
yes,,27.680025398184668,85.33992533358953,92.55
yes,,27.680127098062634,85.3398135482729,95.8
yes,,27.68009025320307,85.33972065300821,99.77
yes,,27.679922663377226,85.33986892887313,55.13
yes,,27.68000420000457,85.3397692000019,76.82
yes,,27.6799445322668,85.33969326044163,44.34
yes,,27.679875355551864,85.33971794763555,48.22
yes,,27.679842809961883,85.33975852783917,76.08
yes,,27.67946217532418,85.34084550685908,65.78
yes,,27.679794750000408,85.34068944999964,59.95
yes,,27.679422903406888,85.34055147262733,99.95
yes,,27.679886709882542,85.34101077472447,109.68
yes,,27.679753650002166,85.34038169999957,56.26
yes,,27.67956570678301,85.340424724976,82.38
yes,,27.679877092153713,85.3402873663155,100.45
yes,,27.679746961553647,85.34014483212334,56.66
yes,,27.67982330000631,85.34039925000003,55.87
yes,,27.67976169868035,85.33998601719654,152.45
yes,,27.68081810000058,85.3416196499988,54.13
yes,,27.680713787456277,85.34156701485405,72.76
yes,,27.680687384694323,85.34170842275799,92.97
yes,,27.680553013077336,85.34167749738978,73.48
yes,,27.680517251875372,85.34177043191423,38.91
yes,,27.680520390492408,85.34147504606295,87.78
yes,,27.680377376448664,85.34150483508238,85.21
yes,,27.680339139128556,85.34159532667819,80.13
yes,,27.68028911736918,85.3416844364125,114.72
yes,,27.680205456987036,85.34162175122425,97.17
yes,,27.68020550000018,85.34139914999753,98.29
yes,,27.680083450000186,85.3413698499975,94.04
yes,,27.680104099996317,85.34156949999277,135.49
yes,,27.68002585000704,85.34179800000038,95.72
yes,,27.679883550040973,85.34182765001871,123.44
yes,,27.67995969724544,85.34143852197404,131.45
yes,,27.679945327197633,85.34159104017164,45.23
yes,,27.679864173143233,85.34155592439951,99.46
yes,,27.679760273504794,85.34149250408755,55.75
yes,,27.679794223846585,85.34140454520437,88.53
yes,,27.67970615775458,85.34140942610844,82.97
yes,,27.680090682388688,85.34119106549083,131.01
yes,,27.679704025351658,85.34125037763675,149.38
yes,,27.679655373191583,85.34152894082558,104.81
yes,,27.679623944370427,85.34141192386339,84.33
yes,,27.679284403415142,85.34166343010313,86.02
yes,,27.67952060992511,85.34139262610773,78.51
yes,,27.679435050001775,85.34137454999956,62.99
yes,,27.679350450001138,85.34137399999919,87.23
yes,,27.679266400003744,85.34137554999961,70.35
yes,,27.679254720298307,85.34122830680508,93.71
yes,,27.679560399999136,85.3410980500003,110.45
yes,,27.679848330506854,85.34076669533152,120.82
yes,,27.679721444999423,85.3407966801656,88.93
yes,,27.68513025180954,85.34263920714106,102.98
yes,,27.685204307022797,85.34264364993639,50.02
yes,,27.685236857331393,85.34247633799887,102.53
yes,,27.685312317702998,85.34266940463321,104.07
yes,,27.685450707762218,85.34279877401627,301.99
yes,,27.68555108739799,85.34279075013805,88.73
yes,,27.68562191473437,85.34282560743456,91.91
yes,,27.685653958139383,85.34274632375481,64.37
yes,,27.68557894366608,85.34294604651458,140.28
yes,,27.685637880770766,85.34374920016468,564.21
yes,,27.685603477611362,85.3425694837282,89.13
yes,,27.68557617842871,85.34263857675295,57.09
yes,,27.68556200000067,85.3426951999961,45.98
yes,,27.684740144744474,85.34247206986855,229.8
yes,,27.685295191181513,85.34220627654484,213.95
yes,,27.685187662722637,85.34221537412587,112.62
yes,,27.68506994999437,85.34220430000131,135.14
yes,,27.685113704322625,85.34205800283756,113.4
yes,,27.68496068412367,85.34182226011838,115.37
yes,,27.684856301939668,85.3418030151131,125.2
yes,,27.684950797399047,85.34200059903301,108.57
yes,,27.684948200002488,85.34210559999953,86.46
yes,,27.685172151481858,85.34366055512493,199.33
yes,,27.684836221175665,85.34235900087751,83.5
yes,,27.684844096123104,85.34221611024147,85.27
yes,,27.684836753123346,85.34211458292015,75.67
yes,,27.68483054416588,85.34201816188336,125.87
yes,,27.684723698317004,85.34232337428334,79.94
yes,,27.684739236299652,85.34224281221222,122.96
yes,,27.68471411584688,85.34214666193733,129.7
yes,,27.684697350000885,85.34192785000116,184.0
yes,,27.68526865001541,85.34286475000636,106.05
yes,,27.685098882670502,85.3424780100385,82.71
yes,,27.685023877883456,85.34264071835707,92.35
yes,,27.685175700003814,85.34281249999705,110.89
yes,,27.685087955660464,85.34278307956032,96.97
yes,,27.684981268546775,85.34274415853369,106.79
yes,,27.68477562679024,85.34673307429918,133.55
yes,,27.684731365410336,85.3468149253748,122.58
yes,,27.68458783094248,85.34660527547946,44.68
yes,,27.685333462571265,85.3462773230859,25.8
yes,,27.68518170512635,85.34671103596001,129.31
yes,,27.684978498394134,85.34670375232311,119.99
yes,,27.68495080679787,85.34678039195235,34.42
yes,,27.68491589931565,85.34682895343967,63.85
yes,,27.684856300447127,85.34690161215416,99.09
yes,,27.684911069290045,85.34740868127267,104.41
yes,,27.68505489414267,85.34744768838694,214.85
yes,,27.684332754062513,85.34722619077311,88.46
yes,,27.6843209953994,85.34682285761636,86.88
yes,,27.68437772030824,85.34684281021154,162.77
yes,,27.683895226005717,85.3471138840602,85.44
yes,,27.683456494426135,85.34701387877577,63.57
yes,,27.683523300711993,85.34730672043739,167.67
yes,,27.683569665245056,85.34714947823129,83.33
yes,,27.683634619102847,85.3472261312888,85.62
yes,,27.683702951335565,85.34735370080011,50.68
yes,,27.683665272066747,85.34729956622661,45.78
yes,,27.683724246498826,85.3472639776149,71.32
yes,,27.68411870001413,85.34747120001832,209.61
yes,,27.68761709884502,85.34934425346115,33.33
yes,,27.68754954626107,85.34931464799357,92.61
yes,,27.687593030671994,85.34924642844267,82.11
yes,,27.687674190451258,85.34869407981476,108.18
yes,,27.687599666222905,85.34884939193238,58.7
yes,,27.68765867519588,85.34883585750597,87.08
yes,,27.68774336005762,85.34878918169275,56.46
yes,,27.687798348597184,85.34869408133567,78.19
yes,,27.6878318401454,85.34881213737025,59.11
yes,,27.687921714897936,85.34878879197181,163.5
yes,,27.688030798342513,85.34876619646097,137.91
yes,,27.68793390679329,85.34892656270775,46.83
yes,,27.687866566983615,85.3489127731266,57.9
yes,,27.68790065000469,85.34903634999928,113.34
yes,,27.68802496928453,85.34891466020383,141.49
yes,,27.688013397496555,85.34903877738954,118.26
yes,,27.688112202203612,85.34888541415599,83.51
yes,,27.688108482491298,85.34902420013677,146.86
yes,,27.688262394621415,85.3488944292796,107.56
yes,,27.688193071927614,85.34888877898277,93.88
yes,,27.688194928542888,85.34902025511347,120.29
yes,,27.687917549999764,85.34931189999881,22.09
yes,,27.687933295634096,85.34918124923259,90.63
yes,,27.68784788583855,85.34928212206125,80.38
yes,,27.68815334999848,85.34937809999765,79.58
yes,,27.688028780832187,85.34932659901934,93.39
yes,,27.687854307202805,85.34944522334423,81.38
yes,,27.68792767204813,85.34948585666746,36.17
yes,,27.68812414492093,85.34953688596619,81.36
yes,,27.687995924375876,85.34948270182043,80.44
yes,,27.687958992168298,85.34958128869711,98.34
yes,,27.68808765000239,85.3496509999953,73.24
yes,,27.687850200004362,85.34960564999929,76.91
yes,,27.687824628278364,85.34970167751176,133.68
yes,,27.688020200061754,85.34977870627532,83.44
yes,,27.687933937498414,85.34974772421498,88.91
yes,,27.687786280498596,85.34978724704615,101.34
yes,,27.687776163974615,85.34986109701839,133.91
yes,,27.68800564535559,85.34996537072544,115.72
yes,,27.687971500023156,85.35011170000809,164.7
yes,,27.687759644901085,85.35017577144478,105.77
yes,,27.687891765285624,85.35041672878124,259.52
yes,,27.68099799791566,85.33819772607585,151.03
yes,,27.681080060616445,85.33824479114415,155.92
yes,,27.68102933806438,85.33834903860962,81.25
yes,,27.680930087316785,85.33834843343399,98.92
yes,,27.680953950012473,85.33771355000893,106.44
yes,,27.680873574620733,85.33790263494643,83.49
yes,,27.680590273662446,85.3383038521762,83.7
yes,,27.68061390000571,85.33820405000034,83.14
yes,,27.680651678913677,85.33808729130337,108.86
yes,,27.680690572138435,85.33798253174068,121.35
yes,,27.68056785068197,85.33838470657459,87.38
yes,,27.68045794090906,85.33785908894447,102.71
yes,,27.68059757267973,85.33788628000572,36.85
yes,,27.68057584233994,85.33794681474939,82.42
yes,,27.68048499891978,85.33799693941974,66.89
yes,,27.680548950883807,85.33802110086278,33.6
yes,,27.68053354397763,85.33806495566905,63.95
yes,,27.68052174298986,85.33789454527466,44.89
yes,,27.68035446949222,85.33819505298283,106.38
yes,,27.68038383779576,85.33809391075232,108.53
yes,,27.680419303982795,85.33798273062087,121.74
yes,,27.68045451139689,85.33825742959935,221.68
yes,,27.6803160006743,85.33826971880754,84.27
yes,,27.68044417237576,85.33811441647569,39.92
yes,,27.680507650004284,85.33814119999622,116.32
yes,,27.680291792069546,85.33784991400937,84.9
yes,,27.680328220745512,85.33777123088656,112.94
yes,,27.680217296518254,85.33781319923008,84.83
yes,,27.680207167740694,85.3377138009348,129.06
yes,,27.68014604248132,85.33777909038606,73.38
yes,,27.68019087936932,85.33792873814586,79.1
yes,,27.68026719258447,85.33793160818823,84.66
yes,,27.680247263790932,85.33802156949977,109.43
yes,,27.680111743162026,85.33787739493232,85.91
yes,,27.680037907691467,85.3377887597925,178.04
yes,,27.6800168969452,85.33789652798887,102.54
yes,,27.679894147314176,85.33782094988206,102.43
yes,,27.67968678508122,85.33775339073154,89.82
yes,,27.67979245101697,85.33778179364448,120.69
yes,,27.67997758260597,85.33802837371515,158.07
yes,,27.679883734117524,85.3380105798431,92.68
yes,,27.68014679980271,85.33840629292266,94.48
yes,,27.680225550064666,85.33811135489046,87.73
yes,,27.680196342191863,85.33819861945288,93.42
yes,,27.68017166796695,85.33829035185079,44.27
yes,,27.680078646341144,85.3382028217876,126.26
yes,,27.680103330105393,85.33812274517605,99.65
yes,,27.679945477959564,85.33813910302433,75.95
yes,,27.680132240096956,85.33852631112397,148.21
yes,,27.67985130000003,85.33753689998613,112.86
yes,,27.67972876168099,85.33752347388865,100.88
yes,,27.679584731767836,85.33760538590407,75.78
yes,,27.679660598126084,85.33756018300103,82.79
yes,,27.679685748694034,85.33767170050339,54.52
yes,,27.679631916564695,85.33764780200389,77.26
yes,,27.679595390125325,85.33793266739748,49.39
yes,,27.679551402257797,85.33792594076023,40.26
yes,,27.679508782987362,85.33791976921506,52.63
yes,,27.679560028970652,85.33783690320926,116.41
yes,,27.67957299807523,85.33775254390628,103.13
yes,,27.679686842878354,85.33794010564364,119.29
yes,,27.679669800000713,85.33785054999971,94.91
yes,,27.67957155599977,85.33803906943253,165.68
yes,,27.679844782156007,85.33816867708583,63.64
yes,,27.67977707462997,85.33814954203521,90.3
yes,,27.679770291255636,85.33805702833514,56.14
yes,,27.679598055618555,85.3381345522806,201.43
yes,,27.679693447855957,85.33805351217988,94.37
yes,,27.680759804296162,85.33814837860822,133.27
yes,,27.68079677969336,85.33804469220118,107.42
yes,,27.680845386263044,85.33819984632309,89.79
yes,,27.680888010743665,85.33810877745388,105.49
yes,,27.68071807720022,85.33828254538639,165.25
yes,,27.68080719708808,85.33832231898239,123.96
yes,,27.6802143011455,85.33860758392775,56.32
yes,,27.680262927477376,85.33864614477456,60.39
yes,,27.680369150180585,85.33874859958304,39.65
yes,,27.68034997198088,85.33865055080797,124.62
yes,,27.680374100006357,85.33854674999887,114.17
yes,,27.680400242905463,85.3384541957957,92.1
yes,,27.68075780000164,85.33780575000064,18.23
yes,,27.68010726972097,85.33862252148862,105.28
yes,,27.68017122077035,85.33869214149425,64.69
yes,,27.680282266031714,85.33880579724543,124.43
yes,,27.680054736366078,85.33842492093456,103.75
yes,,27.679942842656935,85.33865001699856,106.26
yes,,27.679846817330414,85.33847191011291,110.64
yes,,27.679762697554136,85.33833600062961,83.66
yes,,27.679849678791477,85.33835289486048,102.39
yes,,27.67992859759992,85.33849743033103,91.93
yes,,27.6797948487811,85.33877883083868,91.28
yes,,27.679828687561823,85.33867301041226,73.09
yes,,27.67983415802957,85.33860149691967,77.96
yes,,27.679734324172863,85.33848539440196,103.22
yes,,27.67989275800093,85.3387547457286,123.11
yes,,27.67987605738977,85.33884393807931,115.06
yes,,27.679801538639747,85.33898118115971,125.72
yes,,27.679719004074474,85.33893955091769,145.5
yes,,27.679587652296384,85.33877672607552,113.33
yes,,27.67967878510673,85.3387850490183,110.61
yes,,27.679652637685802,85.33892495481236,57.01
yes,,27.679590277129833,85.33891703685288,134.61
yes,,27.679552153124718,85.33830818140989,121.15
yes,,27.679646578810846,85.3383370524698,110.41
yes,,27.679658207833867,85.33849957869054,60.36
yes,,27.679689387690427,85.33857573344973,78.69
yes,,27.679681950262342,85.3386454411191,90.09
yes,,27.679474500052212,85.33872255002416,154.3
yes,,27.679569650004474,85.33848864999976,30.72
yes,,27.6795206716004,85.33849323744478,74.63
yes,,27.679174602591704,85.33822474860638,71.01
yes,,27.67923375425198,85.33823487872371,64.67
yes,,27.67929162608903,85.33824956739711,63.9
yes,,27.679386865215932,85.33823442446653,74.13
yes,,27.679353046051098,85.3382921222122,65.42
yes,,27.67934577326954,85.33836950888184,82.61
yes,,27.679295316611263,85.33845790160737,110.41
yes,,27.679389086500215,85.33847982131053,93.98
yes,,27.679321478031106,85.33774813911359,112.14
yes,,27.679410936604604,85.33777454787526,160.23
yes,,27.679385950004413,85.3378983999988,101.51
yes,,27.679395768032073,85.33806636312617,158.87
yes,,27.679288178592397,85.33804861187568,135.17
yes,,27.679134377642026,85.33800584166023,91.65
yes,,27.679156620831954,85.33789984999228,85.1
yes,,27.67923151229232,85.33765287193837,92.95
yes,,27.679268650005966,85.33755985000121,79.82
yes,,27.679436897355348,85.3376382257701,128.95
yes,,27.67918726087494,85.33772928121022,98.64
yes,,27.679122555550546,85.33760054806362,85.15
yes,,27.679174200048124,85.33750479512719,88.88
yes,,27.67894725100068,85.33767061240356,71.9
yes,,27.678872832609997,85.33767390798646,73.83
yes,,27.678892192560216,85.33757636444184,84.41
yes,,27.678931751056048,85.33747290996918,108.93
yes,,27.678908105997596,85.33779150312962,92.81
yes,,27.678977632473032,85.3375245546854,32.1
yes,,27.67896205000107,85.33798414999964,32.18
yes,,27.679009590206206,85.33788682426356,96.4
yes,,27.679003922607265,85.33776704494646,65.03
yes,,27.67892812593465,85.33818697710318,92.46
yes,,27.678798558157062,85.33815417696032,122.03
yes,,27.67882381649207,85.33797084342741,97.95
yes,,27.678838600002045,85.33787509999834,82.61
yes,,27.678910900000048,85.33826494999794,62.53
yes,,27.679050623558744,85.33826745284723,392.64
yes,,27.67889102445253,85.33877908312361,90.95
yes,,27.67893309120417,85.33865965554072,110.89
yes,,27.678856344363616,85.33859252309186,101.65
yes,,27.678881908547105,85.33848073530001,84.29
yes,,27.678900922533245,85.33836548438543,96.46
yes,,27.678868124502014,85.33891181424174,106.07
yes,,27.678966577299313,85.33893299486434,77.81
yes,,27.678964408464545,85.33883026163792,29.74
yes,,27.67901842003655,85.33884385004623,73.53
yes,,27.679031800004797,85.33899849999743,108.95
yes,,27.679233084280952,85.33867982763044,101.24
yes,,27.679258415160696,85.33859702269231,125.6
yes,,27.679358929316074,85.3386344070977,71.23
yes,,27.679269194786276,85.33896640874325,119.24
yes,,27.67929456987748,85.33886625650447,91.58
yes,,27.679192863018258,85.33876808322925,117.28
yes,,27.678745805398883,85.33872970225215,105.66
yes,,27.67882679156374,85.33872390117239,77.91
yes,,27.67877338289004,85.33887741945307,128.87
yes,,27.679161066266257,85.33891507465589,131.25
yes,,27.678748492848406,85.33859602164077,82.02
yes,,27.67899356889476,85.33843485236758,45.01
yes,,27.67877077172459,85.33847101343007,95.5
yes,,27.679427603273425,85.33704459075955,108.68
yes,,27.67944115475529,85.33693284026701,124.87
yes,,27.67948781240378,85.33685513220432,386.49
yes,,27.679357241524063,85.33681108247046,109.71
yes,,27.679682655531376,85.3370189161716,87.17
yes,,27.67962850483089,85.3371053799712,88.74
yes,,27.679597678216634,85.33700377696269,94.59
yes,,27.679753485242284,85.33707000366874,108.85
yes,,27.679545748307962,85.33724611053437,147.84
yes,,27.67950238008119,85.33738464376785,77.2
yes,,27.679772007109687,85.33728866422089,117.54
yes,,27.67967970645387,85.33724383984688,113.76
yes,,27.679309081396053,85.33733975684355,164.17
yes,,27.679381604912475,85.33738231655332,147.47
yes,,27.6793636034423,85.33716300876344,150.97
yes,,27.679081565963486,85.33727401750643,103.32
yes,,27.67917639187573,85.33732435197459,77.9
yes,,27.67915173158093,85.33721634641057,157.3
yes,,27.679202240687864,85.3370128995843,85.42
yes,,27.67926603493516,85.33702675569356,95.19
yes,,27.67907094263581,85.33690698066883,121.48
yes,,27.67903634241416,85.33698589741533,87.85
yes,,27.67902241666073,85.33708028771572,105.01
yes,,27.679059312508166,85.33658354304849,82.58
yes,,27.679016800453983,85.3366423792252,85.07
yes,,27.678991396749357,85.33672825589602,105.79
yes,,27.67895666728391,85.33683334132472,107.03
yes,,27.67916025404984,85.33667470068401,43.94
yes,,27.679121905284227,85.33664256064235,34.5
yes,,27.678930138942924,85.33710506284618,215.75
yes,,27.678753753111682,85.33700443092808,128.02
yes,,27.67880620885578,85.33686241807352,107.79
yes,,27.67924320000051,85.33688759999775,24.14
yes,,27.679130088185243,85.336804705117,80.87
yes,,27.67917947058684,85.33674116757035,38.29
yes,,27.679044600006964,85.33638509998752,74.72
yes,,27.67881415490842,85.33635973733945,133.7
yes,,27.67896910000307,85.3364676500024,39.17
yes,,27.679187980648294,85.33712179379815,62.46
yes,,27.67902676168155,85.33758630799741,114.85
yes,,27.679903431732495,85.3373844606968,132.61
yes,,27.679353350002046,85.3375569999996,40.26
yes,,27.67995116049095,85.337313841649,77.2
yes,,27.68014257079388,85.33751939148883,103.36
yes,,27.68003640001271,85.33743259999966,202.31
yes,,27.679828626132707,85.33716945674567,117.45
yes,,27.679963986664582,85.3371620856905,85.8
yes,,27.680060447258725,85.3371619492103,98.98
yes,,27.68015945816778,85.33727394528648,393.6
yes,,27.680592043138027,85.33867120819761,75.35
yes,,27.68062097291146,85.33854860964853,166.4
yes,,27.680724716446743,85.33856482003645,198.92
yes,,27.68046993414965,85.33882260379967,86.65
yes,,27.68048620171214,85.33873839277716,81.18
yes,,27.68051312453376,85.33865938302992,89.74
yes,,27.680518522764565,85.33893424641626,174.77
yes,,27.68042182447546,85.33893472369844,100.41
yes,,27.68036583178808,85.3390191864096,68.23
yes,,27.68065532470182,85.33890831287886,138.15
yes,,27.68064169011925,85.33898121043973,121.25
yes,,27.680884388628048,85.33853626958887,88.48
yes,,27.680945496585828,85.33857800705978,71.79
yes,,27.68089959536455,85.33865977431809,57.47
yes,,27.680814370142482,85.33873003854335,144.92
yes,,27.68073823672544,85.33882116870029,94.78
yes,,27.680990930013596,85.3389959844937,93.73
yes,,27.6809304855627,85.33893907662979,79.37
yes,,27.68086994450948,85.33888536647162,104.83
yes,,27.680998065146678,85.33882365240054,103.05
yes,,27.68100371145797,85.33866624049774,79.73
yes,,27.681072245251556,85.3389314887302,114.47
yes,,27.681055710727275,85.33871995373111,78.09
yes,,27.681092988809702,85.33876734145261,70.63
yes,,27.68065641656653,85.33882145479694,60.37
yes,,27.678701887419965,85.33664141697243,80.52
yes,,27.678855674860532,85.33662610179113,110.48
yes,,27.678849349998494,85.33670704999564,80.58
yes,,27.67886183642317,85.3373395758824,90.18
yes,,27.678756990716384,85.33766312183062,121.63
yes,,27.678774022025664,85.33754068266776,88.35
yes,,27.67879856071655,85.33744992966052,73.81
yes,,27.678813612007904,85.33729938903258,108.83
yes,,27.680795068345674,85.34232195628255,24.86
yes,,27.680742883685177,85.34238935880397,86.72
yes,,27.680709421527837,85.34207483923856,74.74
yes,,27.68047298022915,85.34254974003191,306.71
yes,,27.68065387246923,85.34268525617072,64.9
yes,,27.68084619264689,85.34247523292275,73.44
yes,,27.680454340581143,85.34201793470321,64.85
yes,,27.680563695823516,85.34239821609223,62.43
yes,,27.680556386997036,85.34202029843021,45.4
yes,,27.68057498114853,85.34219324955798,60.98
yes,,27.680531250004528,85.34225654999493,66.57
yes,,27.680592315366475,85.34193599672999,129.61
yes,,27.680748976893195,85.34221736753132,42.84
yes,,27.687312421528986,85.34910076731892,72.39
yes,,27.687336472847612,85.34927536379323,76.93
yes,,27.687214652087743,85.34927321192805,73.4
yes,,27.687250816512734,85.34918995516995,55.0
yes,,27.687162370503273,85.34917325488513,46.97
yes,,27.687197891754877,85.34909917220625,47.1
yes,,27.687210435833528,85.34899636985112,110.86
yes,,27.687137481667442,85.34889476131657,48.41
yes,,27.687041091657548,85.34889467677061,45.68
yes,,27.687006769608352,85.34898092101868,109.84
yes,,27.687082990194007,85.34913370255417,99.03
yes,,27.686985187013736,85.34912058939199,78.81
yes,,27.687060627706916,85.34932617893607,35.8
yes,,27.687148329151086,85.34935896674504,40.39
yes,,27.687272002627605,85.34938989850977,36.17
yes,,27.68721135211417,85.34937842798153,90.09
yes,,27.68740225251573,85.34934001643093,52.85
yes,,27.687396824482786,85.34912456193632,96.34
yes,,27.68750595928052,85.34912753943537,44.16
yes,,27.687599653433033,85.34874676980652,17.98
yes,,27.687571151328253,85.34870115485334,35.64
yes,,27.68744065990382,85.3488043292433,112.02
yes,,27.687407522548202,85.34890578630714,114.08
yes,,27.687905205874955,85.3486205495555,100.55
yes,,27.68821608093361,85.34875133820063,98.49
yes,,27.68862565443604,85.34792821464931,238.43
yes,,27.688436263081616,85.34780996919527,161.68
yes,,27.687510050004057,85.34749530000002,31.89
yes,,27.68751698713277,85.34762687846909,130.32
yes,,27.687604766630056,85.34755333472947,286.53
yes,,27.687377068569432,85.34729472305696,650.86
yes,,27.687155078485755,85.34728227115164,110.96
yes,,27.687189859244967,85.3474504725327,26.41
yes,,27.68725673253624,85.34744194083011,60.16
yes,,27.687113182891007,85.34747460172846,52.77
yes,,27.687147643469064,85.34758355057912,123.36
yes,,27.686979046203444,85.34764791713808,34.19
yes,,27.686995816325346,85.3475785393488,58.31
yes,,27.68702868059427,85.34765071085239,55.36
yes,,27.686846223702425,85.3477250850249,68.6
yes,,27.686963918825782,85.34730458959052,53.58
yes,,27.686959723257594,85.34742403365675,129.77
yes,,27.6868309713601,85.34730711536976,74.05
yes,,27.68683423800304,85.34740429275077,69.21
yes,,27.686320065549825,85.34707738243793,399.69
yes,,27.6860485788138,85.34709900465029,644.02
yes,,27.686243570314307,85.34762247826484,135.74
yes,,27.68675832009544,85.34720487744912,80.07
yes,,27.686680452775278,85.34735939685065,102.76
yes,,27.68670343149935,85.3476126488126,118.04
yes,,27.686555010844895,85.34750609130651,59.15
yes,,27.686574446031358,85.34733011654912,150.05
yes,,27.68645130668502,85.3473205167252,194.52
yes,,27.686495667758262,85.34776716235793,92.37
yes,,27.686548578525645,85.3475779951042,94.77
yes,,27.686455684371722,85.34754763120004,109.32
yes,,27.686355616939846,85.34764406637147,136.14
yes,,27.686363785210226,85.34736278701637,274.31
yes,,27.68627610003505,85.34729744999674,229.84
yes,,27.686068199994388,85.3472927999999,287.38
yes,,27.686249274265187,85.34785734494658,201.45
yes,,27.68602960131028,85.34773163063832,39.01
yes,,27.686029299988924,85.34761000000243,110.93
yes,,27.685929949670726,85.34766624921181,16.71
yes,,27.68593055778017,85.3476253252259,23.18
yes,,27.686050017867974,85.34781040108386,18.01
yes,,27.685950976231215,85.34778310858475,36.12
yes,,27.685948908906553,85.34772104492943,16.04
yes,,27.685986560759858,85.34787222446762,37.88
yes,,27.686630973355534,85.3479914761787,30.12
yes,,27.68662257143468,85.34791149554358,41.01
yes,,27.6866607452985,85.34815133209437,86.89
yes,,27.68662663849679,85.34833630908498,81.76
yes,,27.686705583123175,85.34854012162832,169.46
yes,,27.686067903262327,85.34822165940295,112.32
yes,,27.686502475169224,85.34847773202618,831.58
yes,,27.68613160522614,85.34845313100041,160.37
yes,,27.68627123022755,85.34840361316816,156.81
yes,,27.6862850459158,85.34889450024576,130.81
yes,,27.68623325909866,85.34876937755786,98.17
yes,,27.686194108471536,85.34866408414503,92.55
yes,,27.68626897312689,85.34852718386935,305.29
yes,,27.686597850004812,85.34883584999363,123.77
yes,,27.6865442336323,85.3489418620895,97.33
yes,,27.686448796227104,85.34878830475408,102.42
yes,,27.68642687630065,85.34885306768147,57.36
yes,,27.686423700005577,85.34897739999957,93.59
yes,,27.686563860051642,85.34917716421981,611.92
yes,,27.686608498518968,85.34937216837832,315.86
yes,,27.686984778733976,85.34929603467977,80.94
yes,,27.686896073099067,85.34920401807348,118.73
yes,,27.686841653023716,85.34933063948888,80.9
yes,,27.686826307436817,85.34943146137684,80.39
yes,,27.686730611720773,85.34953287464005,112.63
yes,,27.687066440559292,85.34964811919187,54.87
yes,,27.687255815946294,85.34954361743948,103.73
yes,,27.68731026463471,85.34963940194463,282.53
yes,,27.68684777204359,85.34966114435657,72.91
yes,,27.686912825981096,85.34971078636963,130.96
yes,,27.68702824746894,85.34974975452924,88.16
yes,,27.68692977557623,85.34984089561651,157.71
yes,,27.687101500937118,85.3499989201311,162.59
yes,,27.68702401661848,85.34993690426269,91.71
yes,,27.687289357933842,85.34984675261826,133.11
yes,,27.687433928926446,85.34983571400281,208.87
yes,,27.68752506814011,85.34970350950567,202.83
yes,,27.68757288497478,85.34960587659585,182.1
yes,,27.68760798094798,85.34950362616628,88.35
yes,,27.68105941815383,85.34247855410393,122.99
yes,,27.681031622192254,85.34284363734375,53.0
yes,,27.681107249999872,85.34256445000047,20.36
yes,,27.680530665617567,85.34315088902169,80.44
yes,,27.680665434406688,85.34318727418106,42.0
yes,,27.6808596110113,85.34308664689172,39.62
yes,,27.68058699786051,85.34295806374585,61.21
yes,,27.680769695961512,85.34283389526219,70.02
yes,,27.68080327372318,85.34295820633285,107.89
yes,,27.6810699754093,85.34304558730875,50.15
yes,,27.680968599998714,85.34313254999923,51.55
yes,,27.686932637919,85.34827547966142,47.75
yes,,27.686897418534056,85.34832401451536,49.61
yes,,27.686851367583515,85.3482716670777,54.02
yes,,27.686792361356563,85.34834878646035,92.04
yes,,27.680489615438642,85.34272850373893,46.86
yes,,27.680312782438584,85.3429270621379,70.08
yes,,27.68036525000834,85.34293415000289,51.05
yes,,27.680412950006524,85.34294985000209,45.07
yes,,27.68059012615533,85.34283633439033,52.03
yes,,27.68037699067589,85.34317717848995,109.97
yes,,27.680265751976346,85.34265470591406,115.17
yes,,27.680306963449,85.34247564116816,71.45
yes,,27.680178991560503,85.34319072196298,34.37
yes,,27.68015068987812,85.3430881320624,101.09
yes,,27.680188249206093,85.34299645089352,61.9
yes,,27.680207742189122,85.34288953414423,181.11
yes,,27.680262972913734,85.34276106508769,74.05
yes,,27.680532350007198,85.34345844999771,62.81
yes,,27.68032856298465,85.34342149742524,92.59
yes,,27.680617550004676,85.34349654999953,105.93
yes,,27.680794705180613,85.34360912695661,142.39
yes,,27.680942631785335,85.34354580614337,74.03
yes,,27.68070013530352,85.34375024156911,47.39
yes,,27.68060818970951,85.34361929966273,84.38
yes,,27.68055368968838,85.34447242156469,75.52
yes,,27.680595387907083,85.3442258594155,83.01
yes,,27.68046968945706,85.34415112461363,50.42
yes,,27.680433062379123,85.34369853493786,104.65
yes,,27.680442032288767,85.34359003067163,112.84
yes,,27.680373155790317,85.34394499381152,70.51
yes,,27.68030470001354,85.34381799999984,102.76
yes,,27.68033317069664,85.34413091318848,74.36
yes,,27.68019675000223,85.34411184999968,42.28
yes,,27.680250891593122,85.34403549368102,68.47
yes,,27.680250198196376,85.34395031799797,84.05
yes,,27.680353273226586,85.34403337478267,92.9
yes,,27.680234951991014,85.34377439917674,82.58
yes,,27.680159959175782,85.34376459650917,98.35
yes,,27.680165284678356,85.3436354732694,105.62
yes,,27.68020220497938,85.34337307851389,46.36
yes,,27.680171647607715,85.34344968162661,60.5
yes,,27.680202960962774,85.3432742292427,113.22
yes,,27.68001777792263,85.34192916822913,100.89
yes,,27.680127878471747,85.34184271076234,96.95
yes,,27.680207750006076,85.34188750000051,90.68
yes,,27.68028232271363,85.34194589867487,99.05
yes,,27.680162898834375,85.341992650331,89.18
yes,,27.68024824721272,85.34205536752847,107.82
yes,,27.67973257619343,85.34188024192184,105.68
yes,,27.67983908894406,85.34234019596435,99.06
yes,,27.67985994353659,85.34224495780931,89.87
yes,,27.6798638769978,85.34214829131523,111.82
yes,,27.679871050003705,85.34204164999916,92.09
yes,,27.6794548215494,85.34190198197567,186.24
yes,,27.67953314109612,85.34193819467441,203.69
yes,,27.679620722996635,85.34189485877037,114.15
yes,,27.67974399999765,85.34196794999976,30.41
yes,,27.679446759597507,85.34245930338741,109.68
yes,,27.67935826709651,85.34235720537357,116.7
yes,,27.679382456495784,85.3422311265134,133.69
yes,,27.679276965873143,85.34222478221139,105.89
yes,,27.6792675570584,85.34211306650863,128.27
yes,,27.679281697226635,85.34249862102628,86.72
yes,,27.679191851954027,85.3423519875352,67.48
yes,,27.679716227389314,85.34233866639782,42.28
yes,,27.679661050008125,85.34232784999924,56.64
yes,,27.67970615398998,85.34220320407438,55.55
yes,,27.67934800001124,85.34268315000313,118.7
yes,,27.679252076919358,85.34281573726189,71.65
yes,,27.679252750006462,85.34268030000187,71.86
yes,,27.679463350005026,85.34261244999918,103.65
yes,,27.679446915289212,85.34272982548875,80.14
yes,,27.67980634034451,85.3428654911751,120.01
yes,,27.67987131762959,85.34274938669904,108.47
yes,,27.679993483703615,85.34209705391604,76.09
yes,,27.68019438053223,85.3422059005232,113.91
yes,,27.68007912157184,85.34216372508538,71.13
yes,,27.68014696023192,85.34231887249165,132.96
yes,,27.680011403848443,85.34221267416251,90.12
yes,,27.679958405292904,85.34241818634416,129.16
yes,,27.679947596346828,85.34222652392555,53.45
yes,,27.68001329999634,85.34287994999268,67.13
yes,,27.6800409999981,85.34281459999346,87.03
yes,,27.679963199998575,85.34314719999495,131.33
yes,,27.679830275713908,85.34304813322585,84.43
yes,,27.679871295872793,85.34325798963127,100.54
yes,,27.679733299995327,85.34337424999477,212.5
yes,,27.67976405074772,85.34325446033885,149.21
yes,,27.679761099996913,85.34313324999891,77.37
yes,,27.680052100003792,85.34319035000085,29.94
yes,,27.67998460218264,85.3433928611176,98.78
yes,,27.679982899238333,85.34328802938776,73.8
yes,,27.679515517960038,85.3431520977152,254.08
yes,,27.679168714524785,85.34301895549362,79.74
yes,,27.679217875828755,85.34288787798236,66.0
yes,,27.679382802382335,85.34281313188465,48.42
yes,,27.679220997280627,85.34344306850994,65.84
yes,,27.67919459297436,85.3435997846053,69.84
yes,,27.679074251202515,85.34353635769398,117.22
yes,,27.67911734592435,85.34340896490767,102.81
yes,,27.679119725611674,85.34329563526033,97.9
yes,,27.67916850527483,85.34319487877755,57.52
yes,,27.67939700000873,85.34363295000023,133.28
yes,,27.67951527384611,85.34345409154767,136.58
yes,,27.679335100011354,85.34334450000574,92.55
yes,,27.67929850339246,85.34379553384564,75.12
yes,,27.679218749998274,85.34376874999418,34.64
yes,,27.67911102076707,85.34405696182739,53.47
yes,,27.679112261402686,85.3437585734401,82.27
yes,,27.679478566610634,85.3438750496504,121.22
yes,,27.679202839781926,85.344118873412,53.39
yes,,27.679645730977718,85.34438215990131,97.11
yes,,27.679532400004405,85.34422319999999,68.56
yes,,27.679357532343136,85.34406184274499,84.65
yes,,27.679734927860324,85.34431278795913,162.6
yes,,27.67951408993492,85.34445152025361,87.53
yes,,27.679656801170914,85.3440699835826,83.85
yes,,27.6796934172128,85.34383981483447,140.69
yes,,27.67979233269382,85.34365422284644,35.12
yes,,27.679916625425832,85.34360495348722,64.02
yes,,27.679860165751478,85.34359847289922,58.67
yes,,27.680032183630576,85.34372491290151,108.81
yes,,27.680027218688874,85.34359479976399,114.43
yes,,27.68006851590103,85.34391384896085,59.91
yes,,27.680043015640415,85.34383524020024,63.76
yes,,27.68004355000119,85.34416585000233,126.01
yes,,27.680063650010318,85.34403404999995,105.36
yes,,27.679982987261063,85.3439992956251,102.48
yes,,27.680002165826636,85.34450132916064,77.89
yes,,27.678911125300488,85.34327869924967,110.66
yes,,27.678902045753755,85.34342297180334,145.4
yes,,27.679069853954513,85.34448917811022,75.99
yes,,27.678893104698812,85.34425172664918,78.97
yes,,27.67891349859441,85.34406693569234,31.2
yes,,27.67891000833814,85.3439956441344,62.61
yes,,27.678890426250483,85.34384706056156,42.11
yes,,27.67898036607447,85.34389041351682,75.01
yes,,27.67901372282296,85.3427680541618,105.09
yes,,27.680303690032503,85.34440709586144,114.79
yes,,27.680201672751924,85.34430754021389,89.08
yes,,27.680287150001483,85.34431579999935,55.33
yes,,27.67873606574337,85.3419796384536,43.58
yes,,27.67889621821763,85.3422878236305,70.81
yes,,27.678735073867553,85.34213481353906,59.83
yes,,27.678864527030715,85.34213804557999,49.52
yes,,27.67884007713576,85.34204067511405,81.77
yes,,27.678779518757388,85.34199344909332,57.15
yes,,27.678730300000897,85.34260279999968,81.79
yes,,27.67876928149891,85.34282928864972,97.73
yes,,27.679153070344178,85.34211946835444,37.79
yes,,27.67895680211352,85.34191255877455,66.5
yes,,27.67909817504799,85.34212380707332,79.97
yes,,27.68256315041742,85.34805594100881,346.77
yes,,27.682539759000512,85.34786018589071,54.9
yes,,27.682861822913665,85.3477764983826,49.6
yes,,27.68288187025715,85.34783808731133,25.63
yes,,27.683019071531753,85.34769553424074,149.2
yes,,27.682879708361874,85.34771921693856,44.7
yes,,27.682529584903985,85.34772464378004,89.98
yes,,27.682673750005378,85.34779345000577,31.69
yes,,27.682701901254845,85.34759246424265,250.17
yes,,27.682632723150792,85.34749542110497,123.46
yes,,27.683377900007343,85.34752539999799,122.62
yes,,27.683387805491826,85.3484422847556,383.67
yes,,27.683023650009687,85.34837969999725,174.92
yes,,27.683053967766426,85.34828504402492,83.18
yes,,27.68292212989872,85.34896955204866,151.6
yes,,27.683123836004878,85.34863639412272,400.34
yes,,27.68232972715768,85.3486744633213,62.28
yes,,27.682362097820757,85.34858875005145,57.37
yes,,27.682251386611657,85.3481116231532,116.52
yes,,27.68221684268768,85.34822846446518,137.94
yes,,27.682466800013827,85.3479645500093,156.12
yes,,27.68231540000287,85.34790499999104,40.62
yes,,27.681942202150427,85.34830415138154,65.38
yes,,27.681502657368277,85.34759482015107,69.09
yes,,27.681382107200115,85.34752682942825,82.17
yes,,27.6814068374599,85.34793385063348,49.52
yes,,27.681200327228034,85.34801432112324,112.62
yes,,27.681131707195817,85.34745820832491,185.18
yes,,27.681422205254353,85.34910622339049,125.51
yes,,27.6818184733718,85.3489862348129,235.13
yes,,27.68172964146991,85.34899722575419,192.37
yes,,27.68290774967701,85.34821022155357,78.97
yes,,27.68239784116708,85.34906102320143,32.2
yes,,27.681463624203595,85.34849526406892,81.14
yes,,27.681386823680025,85.3487828090793,62.34
yes,,27.681814452683827,85.34774875876819,73.8
yes,,27.682110959104314,85.34839336827103,194.44
yes,,27.683529799597462,85.34796588323916,38.68
yes,,27.683447925679932,85.34759089079168,114.87
yes,,27.686002010845336,85.34808969458568,96.03
yes,,27.683569350010714,85.34765334999128,131.62
yes,,27.68420964270301,85.3479364017878,94.54
yes,,27.68419696547495,85.34803148464216,170.23
yes,,27.684278752397116,85.34750329902289,157.08
yes,,27.68421867457555,85.34756072997929,101.63
yes,,27.68440610536236,85.34766997604434,183.54
yes,,27.683795826728154,85.34751071643815,142.45
yes,,27.68387900301191,85.34746635109073,71.19
yes,,27.688215471707476,85.34960870999586,49.5
yes,,27.688284112100746,85.34966554276073,116.54
yes,,27.68816980638875,85.34994653254255,89.78
yes,,27.688200728699492,85.34980755502926,153.63
yes,,27.688266337917856,85.34977392830721,154.89
yes,,27.68830328764121,85.34994539956895,104.44
yes,,27.688346173785256,85.34986560122911,52.72
yes,,27.688441938476604,85.34970491288314,92.36
yes,,27.688364031526568,85.34972666111337,56.52
yes,,27.68834898839178,85.3493817074073,753.14
yes,,27.68849475682699,85.34911440464917,102.2
yes,,27.68840399098429,85.34910424237879,138.37
yes,,27.688397813209797,85.3489287769491,147.53
yes,,27.688129352254755,85.3486183321274,102.53
yes,,27.688122243092515,85.34849456906566,69.43
yes,,27.68824328776998,85.34858054962987,98.31
yes,,27.688235411248,85.34848890961426,77.26
yes,,27.687822258251657,85.34821484725269,448.48
yes,,27.68790806560751,85.34841460658185,111.36
yes,,27.68796132980285,85.34827866134117,325.51
yes,,27.687703330489214,85.34846742068926,112.07
yes,,27.68767290001668,85.3483590299572,149.56
yes,,27.68765333050897,85.34822590662262,154.89
yes,,27.687649119138243,85.34806462766832,232.59
yes,,27.68754690159849,85.34777522051803,84.57
yes,,27.687567600004577,85.34786680000173,113.37
yes,,27.687451500604993,85.34797813622373,431.69
yes,,27.687135828683875,85.34874316005799,123.75
yes,,27.687026529387744,85.34876376255029,98.25
yes,,27.687022005052196,85.34850617473235,118.45
yes,,27.68702849880631,85.34863772179541,100.79
yes,,27.687106612859502,85.34838424232,81.9
yes,,27.68715900780914,85.3482951987249,59.38
yes,,27.687103162237083,85.34824885381417,108.17
yes,,27.68701302207994,85.34825277154238,102.12
yes,,27.68721514658731,85.34819588447955,99.52
yes,,27.68718816803394,85.3481126467204,86.44
yes,,27.687348700006577,85.3484956499993,113.95
yes,,27.687348478083347,85.34864129017106,114.29
yes,,27.68746198538574,85.34859345541804,86.66
yes,,27.68761105765547,85.34857825178997,31.23
yes,,27.687537493616194,85.34857745225789,49.4
yes,,27.6876100092992,85.34850399318046,39.79
yes,,27.687559125304013,85.34851141345376,67.22
yes,,27.687549861298212,85.34843872275987,58.27
yes,,27.687527965180752,85.34838001084293,80.0
yes,,27.68750305558452,85.34830895984359,83.99
yes,,27.687486482403475,85.34822422653959,90.09
yes,,27.687463001523643,85.34815328761262,57.64
yes,,27.687392508358432,85.34830331491665,173.36
yes,,27.68734668725133,85.3481130043508,204.89
yes,,27.68702350328533,85.34811973291103,51.06
yes,,27.686960456331906,85.34813333985986,91.42
yes,,27.687299333416632,85.34787585708727,215.23
yes,,27.687022571059018,85.34798472277566,86.67
yes,,27.687103058467155,85.34794420032974,79.33
yes,,27.68714974206435,85.34781167247128,79.51
yes,,27.687067950006746,85.34782229999824,67.39
yes,,27.686996879885587,85.34783201769328,62.81
yes,,27.68692655000775,85.34784139999779,55.04
yes,,27.686864597935404,85.34783751322509,41.78
yes,,27.686799763560675,85.34786707781925,46.81
yes,,27.68674491596653,85.3478783429865,37.62
yes,,27.68670845683935,85.34790338384349,22.19
yes,,27.68676146356852,85.34772977846674,127.6
yes,,27.686806956719124,85.34799063926297,255.01
yes,,27.68590802196169,85.342878092078,133.47
yes,,27.684948540608445,85.34227992147308,45.85
yes,,27.68520203954751,85.3423153087224,128.13
yes,,27.685061082364516,85.34228448931525,113.25
yes,,27.684805613520435,85.34279972191116,61.46
yes,,27.684811911949144,85.34271259267685,66.21
yes,,27.68482850286722,85.34252641366012,96.59
yes,,27.684744105387463,85.342587841201,96.9
yes,,27.68599374415213,85.34431429715845,178.0
yes,,27.685833055596486,85.34428660756674,217.08
yes,,27.68571230387753,85.34426855378206,38.22
yes,,27.685553099999872,85.34419159999786,68.37
yes,,27.68547269885055,85.34442306189996,140.15
yes,,27.685505279279866,85.34453633802421,84.23
yes,,27.6853395356003,85.34392081116083,93.52
yes,,27.684766279896138,85.34360034678568,301.87
yes,,27.68503782127482,85.34364050253036,195.24
yes,,27.685143619822217,85.34448872302895,160.07
yes,,27.685053052591545,85.34446545637037,244.07
yes,,27.685164305931938,85.34420333213355,645.35
yes,,27.685333246540228,85.34423701803836,247.33
yes,,27.685048467326485,85.34412336527403,307.49
yes,,27.68494030015605,85.34391811001193,159.87
yes,,27.684757278923502,85.34405156996807,412.46
yes,,27.684843855381175,85.34426537675331,135.95
yes,,27.68476499070503,85.34433051890883,112.15
yes,,27.68486306118995,85.34435150169165,94.51
yes,,27.68491659628986,85.34449152197145,110.0
yes,,27.684359276606887,85.34418708126577,165.77
yes,,27.684054399795617,85.34393817432377,246.06
yes,,27.684159689679152,85.34389529399401,142.94
yes,,27.684197866604315,85.34362473499459,44.81
yes,,27.684293029063415,85.34369770089783,99.14
yes,,27.684044765475047,85.34347524595982,78.63
yes,,27.683895622609306,85.34353203912949,292.39
yes,,27.683815528570026,85.34337637150774,93.48
yes,,27.683653625668427,85.34338074739004,309.55
yes,,27.684393249993594,85.34301974998982,70.84
yes,,27.684487600000697,85.34305149999985,14.45
yes,,27.684580499999225,85.34306669999853,22.18
yes,,27.687028101798866,85.34585117513558,162.15
yes,,27.687143475477505,85.34614439087335,53.08
yes,,27.68718933815767,85.34572433987027,187.1
yes,,27.6872831500008,85.34586485000047,28.94
yes,,27.68676108982314,85.34634641013174,108.74
yes,,27.687420848967516,85.34665360012869,79.01
yes,,27.687326815298913,85.34633635057718,100.17
yes,,27.68743250000483,85.34644614999975,91.89
yes,,27.686599627998763,85.34706590657768,574.24
yes,,27.68681606040647,85.34702147558086,442.81
yes,,27.68706140347011,85.3466665933314,588.36
yes,,27.686800143602497,85.34658397866217,79.77
yes,,27.68694327087537,85.34697439001448,189.43
yes,,27.6869244999996,85.34647865000278,60.19
yes,,27.686537681769735,85.34685859938335,262.2
yes,,27.686712557998185,85.34679858574351,498.91
yes,,27.68840220572597,85.34569151998724,164.46
yes,,27.688256231296645,85.34600090368029,62.44
yes,,27.68813985493696,85.34576258231381,31.89
yes,,27.68819064867911,85.34574360123595,51.35
yes,,27.688369903801597,85.34533414291516,38.63
yes,,27.687662447437535,85.34517578200469,53.22
yes,,27.686480064070693,85.34489851858093,330.54
yes,,27.686838598305048,85.34633745795549,121.81
yes,,27.6869255937115,85.3462989792101,155.23
yes,,27.686508900000206,85.34605885000914,97.16
yes,,27.686665482775613,85.34603807431648,315.48
yes,,27.68648158696956,85.34622548767234,82.21
yes,,27.68658170000857,85.34618889999366,49.66
yes,,27.687002082903426,85.34616382570663,106.55
yes,,27.686821609302736,85.34605752865421,173.02
yes,,27.686798097920033,85.34592671317955,236.3
yes,,27.68692961877594,85.3460110801102,135.27
yes,,27.68707764185994,85.34613880927235,64.88
yes,,27.68689990877569,85.34619187062675,115.42
yes,,27.68718608716029,85.34637322738864,133.67
yes,,27.687150150002996,85.34626410000206,96.82
yes,Nepgasm Media & Production,27.687408720858365,85.34610954349392,104.68
yes,,27.687301649022153,85.34619699857856,126.59
yes,,27.687283699997415,85.34611290000832,93.26
yes,,27.68718310328296,85.34597339642454,40.15
yes,,27.687222400004963,85.34596854999731,37.6
yes,,27.687262651523746,85.34595697198421,39.54
yes,,27.68753241092296,85.34686035554546,51.04
yes,,27.687442978258307,85.34677636174338,90.19
yes,,27.6875752226115,85.34695383248895,82.84
yes,,27.687659620060618,85.34667449188956,84.2
yes,,27.687626813673525,85.34682846295809,101.33
yes,,27.687506422692312,85.34660810599641,98.35
yes,,27.687575197624014,85.34648166783482,82.65
yes,,27.68759606296206,85.34640047628491,53.92
yes,,27.687510550001072,85.34630775000457,99.33
yes,,27.687566000003095,85.34671155000454,94.41
yes,,27.68766329235579,85.34692665975938,147.65
yes,,27.687297565792925,85.34656174635352,105.87
yes,,27.686740705017705,85.34623970673407,87.88
yes,,27.686581137310263,85.34632497973385,93.11
yes,,27.686315169355538,85.34627208795652,105.21
yes,,27.686368020953392,85.34641984101779,77.63
yes,,27.686303804244258,85.34644754947351,91.44
yes,,27.686326505379586,85.34656087925141,68.76
yes,,27.686383712049658,85.34655235247796,67.27
yes,,27.686474503099742,85.34667416541517,232.76
yes,,27.68613805960973,85.34676844589836,118.61
yes,,27.68606972766968,85.34667818665164,133.8
yes,,27.68618047711065,85.3464457430392,61.49
yes,,27.686061757586927,85.34651692558252,179.63
yes,,27.68608717939386,85.34634067711524,108.86
yes,,27.686198038723262,85.34607183417015,109.06
yes,,27.68616862433773,85.34664795744182,85.98
yes,,27.68633375000052,85.34684540000423,87.13
yes,,27.686403504672064,85.34683274574786,47.2
yes,,27.68604889181118,85.3468646620466,77.6
yes,,27.685982824902496,85.34687835713287,44.03
yes,,27.68693745656698,85.34718547205709,158.04
yes,,27.687319175635697,85.34705188061834,104.41
yes,,27.6872705926688,85.34714208966868,102.7
yes,,27.687158450009175,85.34712009999828,92.36
yes,,27.687212324437862,85.34690293985167,350.16
yes,,27.687421842133546,85.34693820591232,270.35
yes,,27.68739755000527,85.34630784999852,72.13
yes,,27.68750982103775,85.34612978649643,81.74
yes,,27.68740881067621,85.34592100357109,71.62
yes,,27.68707367251976,85.34564013104219,152.02
yes,,27.686685830342793,85.34514297547067,166.32
yes,,27.686483499999007,85.34475979999478,79.93
yes,,27.688305703591066,85.34653420636458,190.78
yes,,27.688307750013497,85.34573534998663,117.86
yes,,27.687882161604495,85.34506155002993,111.05
yes,,27.687958499996352,85.3451587500403,119.67
yes,,27.68815284119187,85.34506311179439,52.15
yes,,27.688211275659736,85.3451454823329,171.2
yes,,27.68836387786061,85.34541490385774,55.29
yes,,27.688269987454223,85.34538668553695,64.82
yes,,27.688177566883386,85.3455101867564,190.02
yes,,27.68793967043727,85.34536777379272,243.22
yes,,27.688011800018668,85.34530559997113,142.95
yes,,27.68830158034438,85.34547115604511,125.63
yes,,27.688291101343264,85.34523345304947,139.1
yes,,27.68842643736636,85.34501821745151,135.14
yes,,27.688357600008036,85.34509464997636,152.6
yes,,27.68828158780875,85.3449752681074,177.99
yes,,27.688064350004336,85.34504245000385,64.97
yes,,27.688122139988135,85.34497428933425,74.35
yes,,27.687969460475813,85.34499290657902,122.69
yes,,27.687916784768987,85.34492732741948,69.3
yes,,27.687849632166202,85.34498199140953,62.23
yes,,27.688053553512745,85.34489880630291,134.82
yes,,27.68837775448989,85.34485796422341,93.47
yes,,27.68821492501965,85.34469066862732,162.13
yes,,27.68826694753262,85.34462144802623,222.21
yes,,27.687892213543286,85.34464474338895,105.64
yes,,27.68796791411586,85.34460889471895,121.75
yes,,27.687574743657105,85.34488879880061,161.69
yes,,27.687461750004513,85.34491150000139,131.48
yes,,27.687279771295323,85.34470484687594,116.47
yes,,27.68728590639658,85.34487062712206,214.44
yes,,27.687740700550563,85.34481971677818,151.1
yes,,27.68754359123725,85.3445997598043,106.05
retail,,27.68303901442629,85.33899241593102,58.67
yes,,27.68311549519949,85.33894196240456,93.79
retail,,27.683077948039006,85.33905024140182,58.49
yes,,27.683372157875592,85.33887186664485,85.92
yes,,27.683325625059307,85.33873278422742,120.53
yes,,27.68329737388937,85.33826359973085,79.07
yes,,27.683176065379932,85.3381745903696,42.23
yes,,27.68322473501022,85.33815009094094,67.68
yes,,27.68320807379774,85.33804339278522,115.26
yes,,27.683271900006748,85.33797729999361,104.61
yes,,27.68329656144664,85.33811421785546,96.96
yes,,27.683361212258223,85.33805463356335,108.51
yes,,27.6834129346891,85.33799870605039,79.21
yes,,27.683329706726752,85.33791499730638,111.67
yes,,27.682841200002446,85.33779869998938,58.89
yes,,27.683022514596374,85.33791332127397,75.15
yes,,27.683067145801097,85.33798944606839,111.48
yes,,27.683170200496928,85.33788987740401,85.89
yes,,27.683011716074216,85.337770270215,120.38
yes,,27.682988495081563,85.33759024814267,77.33
yes,,27.683066972087527,85.33768321831349,116.03
yes,,27.68321737873893,85.33700153029031,56.87
yes,,27.68318724865069,85.33714391787309,56.91
yes,,27.68333885649334,85.33724188208247,124.37
yes,,27.68319320693343,85.33729613217581,174.88
yes,,27.683239803576186,85.33746435200644,134.29
yes,,27.683139731655988,85.33754549380136,80.16
yes,,27.683091274069977,85.33746196289145,109.02
yes,,27.68321129488639,85.33758873990679,101.1
yes,,27.68324725763594,85.33767438135469,29.79
yes,,27.683358818204873,85.337683151906,184.96
yes,,27.683295267577943,85.33759672614259,104.97
yes,,27.68335873649486,85.33750724870768,116.21
yes,,27.683426923324692,85.33758347906881,83.26
yes,,27.683462566984428,85.33708279312329,155.77
yes,,27.683256900806537,85.33686630527342,92.63
yes,,27.683325894409695,85.33690149332818,86.99
yes,,27.68338651429671,85.33693040239275,73.96
yes,,27.683364266592097,85.33705249649066,131.07
yes,,27.683154528157786,85.3363896957998,106.4
yes,,27.683135136234718,85.33646207502456,110.48
yes,,27.683139805829715,85.33654343787873,101.52
yes,,27.683479500004122,85.33664469999775,79.31
yes,,27.682343863891745,85.33655954849075,91.92
yes,,27.682285102561405,85.33649538290936,79.0
yes,,27.68194856612152,85.33650859753274,64.27
yes,,27.68315523909266,85.33830468042234,100.81
yes,,27.682967844224983,85.33840084514414,151.23
yes,,27.682901267971495,85.33826919457212,118.89
yes,,27.683034752396818,85.3385129644852,101.07
yes,,27.682291067262415,85.33743423176566,118.68
yes,,27.682634979964853,85.33749658054144,129.19
yes,,27.682580806614006,85.33755894798155,118.85
yes,,27.682470170422288,85.3377146898327,130.42
yes,,27.68253941101799,85.33762750526363,119.11
yes,,27.682652877727584,85.33773993513495,141.65
yes,,27.68429734756329,85.33529580216371,95.45
yes,,27.6843077574242,85.33523494477748,81.09
yes,,27.684299326103307,85.33515674462139,92.08
yes,,27.684378426175943,85.33518619467979,58.96
yes,,27.685355000003934,85.3354120499999,62.4
yes,,27.685349250003487,85.33511234999212,113.0
yes,,27.685201565666897,85.33505952848502,244.74
yes,,27.684353171304068,85.33554435897027,47.24
yes,,27.68440964867475,85.33555470418928,73.07
yes,,27.684481814732525,85.33555894736658,87.34
yes,,27.684583879633024,85.3355555856184,72.19
yes,,27.684564712061952,85.33563258639616,74.79
yes,,27.68425410486231,85.33542584879727,87.86
yes,,27.684155111974707,85.33549808473943,83.27
yes,,27.68423964166977,85.3355167907473,72.55
yes,,27.683532854981806,85.3360697610618,57.76
yes,,27.684036363529724,85.33599857439823,85.21
yes,,27.68407272105642,85.3359062583719,114.7
yes,,27.68398473363734,85.3358961413235,120.35
yes,,27.68414849622336,85.33578269926453,86.74
yes,,27.68408477601354,85.33577498402053,80.22
yes,,27.684008372386657,85.33576685920765,101.96
yes,,27.683664080314216,85.33616118967107,158.11
yes,,27.683569649998436,85.3358239499895,116.15
yes,,27.6837247914645,85.33594191950823,124.18
yes,,27.683817693688823,85.33603141988213,96.36
yes,,27.68384432343492,85.33595502976647,87.57
yes,,27.683857280712264,85.33588614639221,82.18
yes,,27.68388036850564,85.33580149593344,92.74
yes,,27.683795528544973,85.33577005702904,124.67
yes,,27.683897990126443,85.33572106927463,86.09
yes,,27.683863860143124,85.33561999804179,79.14
yes,,27.683939512619975,85.33563020617261,100.8
yes,,27.684012037945973,85.33563816054553,77.67
yes,,27.684137879056827,85.33558919186704,114.16
yes,,27.684221622761477,85.33561305098617,90.26
yes,,27.684440000006447,85.33532970000223,69.96
yes,,27.684520744906102,85.33538471984012,122.79
yes,,27.684605747140115,85.33543521935768,73.68
yes,,27.683703200009322,85.33571970000142,119.87
yes,,27.683753450009156,85.33558520000008,112.98
yes,,27.683695823051885,85.33528381168422,107.63
yes,,27.683721250017093,85.33511145000104,162.71
yes,,27.683791703016812,85.33512547683117,115.37
yes,Raica Boys Hostel Block C,27.6838437770877,85.33512632345536,132.54
yes,,27.68394706500147,85.3348570603181,74.0
yes,,27.68406757887343,85.33488433794048,101.56
yes,,27.684055353749702,85.33483237072554,0.25
yes,,27.68357170599954,85.33482010856606,11.31
yes,,27.683591850005246,85.33491244999907,70.55
yes,,27.68378941564634,85.33488478009923,139.02
yes,,27.683787226271072,85.33482300751166,6.42
yes,,27.68401884999714,85.33548699999493,107.58
yes,,27.683889100007214,85.33545480000025,95.62
yes,,27.68391509293423,85.33535003125672,110.1
yes,,27.683948265900614,85.33518638208926,112.76
yes,,27.68403512186341,85.33505856342781,126.39
yes,,27.685099950490365,85.33496584199976,63.2
yes,,27.684933547962114,85.33504963350387,131.77
yes,,27.684851936160797,85.33497654610692,120.18
yes,,27.684981254972442,85.33493430954836,11.49
yes,,27.68481155692779,85.33490931314692,9.22
yes,,27.684925276072672,85.33526098417563,174.86
yes,,27.684983149189936,85.3353039343445,102.3
yes,,27.685064349985293,85.33533309998393,131.94
yes,,27.685123122589925,85.33543170942636,74.27
yes,,27.68423770000321,85.33498130000076,38.51
yes,,27.684287150004423,85.33500760000085,54.42
yes,,27.68436883754707,85.33503798314227,107.29
yes,,27.684468271831275,85.33507872989728,98.24
yes,,27.684543750283897,85.33511115035108,67.21
yes,,27.684606250004222,85.33514749999965,68.34
yes,,27.684699923354906,85.33520100686476,93.89
yes,,27.68475074920069,85.33524264874339,43.51
yes,,27.684805367712965,85.3352711537602,65.35
yes,,27.68449306424441,85.33523414371605,76.65
yes,,27.684567798225583,85.33527481094322,36.75
yes,,27.684620500001685,85.33530424999792,44.14
yes,,27.684698046248077,85.33535509887543,67.05
yes,,27.68475952823049,85.33539151115755,35.56
yes,,27.684319043269642,85.33568144176559,80.22
yes,,27.684373298942855,85.3358107107696,115.95
yes,,27.684399173359548,85.33570362727623,127.43
yes,,27.68392779670637,85.3362041537066,89.17
yes,,27.683958244922007,85.33611664947983,107.29
yes,,27.684038152900133,85.33615584574625,91.83
yes,,27.68412504028793,85.33620091591702,99.14
yes,,27.6843517913028,85.33589559020812,86.52
yes,,27.684467683879525,85.33587006745898,78.52
yes,,27.68450113032284,85.33579445393438,113.84
yes,,27.68443860589558,85.33593703186789,77.6
yes,,27.684152154806988,85.33599685159385,142.01
yes,,27.68424820001646,85.33582060000886,130.59
yes,,27.68427725491514,85.33597613891598,98.28
yes,,27.684355475516554,85.33601314546233,73.81
yes,,27.684214436602918,85.33606272166615,86.11
yes,,27.684292686793796,85.33610190941461,88.91
yes,,27.684676104204904,85.33571995610949,76.8
yes,,27.68467740756816,85.33563662684428,62.21
yes,,27.684692793387413,85.3355343715829,71.06
yes,,27.68474488160852,85.33577201677296,64.97
yes,,27.68439302396559,85.33615653599064,85.9
yes,,27.684438277662288,85.33606940695434,88.82
yes,,27.684495769816674,85.3361140691891,58.24
yes,,27.684542862915727,85.33615862434034,73.33
yes,,27.684606041536185,85.3362202844981,106.9
yes,,27.68454309973817,85.33596440905536,55.81
yes,,27.68455930141499,85.33604945128106,56.39
yes,,27.684599306223188,85.3359924540732,58.05
yes,,27.68463605800877,85.33607756426835,102.37
yes,,27.684692314390297,85.3361265494014,91.71
yes,,27.684716849134496,85.33596335475166,96.7
yes,,27.684746206598266,85.33588164511515,106.93
yes,,27.68481343900502,85.33580874827159,76.17
yes,,27.684896542957286,85.33576873297143,103.4
yes,,27.684796900819656,85.33568811934578,103.0
yes,,27.68484523375221,85.33543700061371,75.48
yes,,27.684800396929504,85.33560187395145,95.82
yes,,27.684912983994487,85.33551342822874,94.08
yes,,27.68498949099573,85.33553240067221,94.05
yes,,27.684963719391007,85.33560083509208,48.85
yes,,27.684924299139386,85.33565835540271,100.83
yes,,27.684840800007205,85.33600110000067,99.73
yes,,27.684822683323056,85.33619695066149,127.02
yes,,27.684881173176812,85.33586860789019,89.39
yes,,27.684964025653194,85.33611179710884,149.28
yes,,27.684981998417207,85.3359758141811,106.22
yes,,27.685014050010672,85.33586250000161,136.17
yes,,27.685043999491185,85.33576594567928,75.58
yes,,27.685081150010433,85.33564455000105,142.4
yes,,27.685066300004056,85.33610489999609,126.9
yes,,27.685122996158093,85.33590205653077,103.79
yes,,27.68514497620411,85.33580619066095,92.12
yes,,27.685175750007097,85.33570735000072,97.11
yes,,27.685435909754595,85.33610721744199,74.21
yes,,27.68529366339395,85.33605461764273,113.86
yes,,27.68534355000112,85.33588619999516,105.59
yes,,27.685826548044115,85.33590078190119,129.5
yes,,27.68599455001517,85.33607590000803,135.28
yes,,27.68590175102675,85.33597783311313,99.43
yes,,27.68589484720292,85.33580107206761,68.79
yes,,27.685939448563364,85.33586404024743,78.5
yes,,27.685744604101114,85.33606111692626,221.19
yes,,27.68548483301116,85.33591467946079,204.22
yes,,27.68561644117337,85.33595377214026,173.43
yes,,27.6855711280922,85.33578869129705,96.59
yes,,27.685598939605796,85.33565999938214,122.41
yes,,27.68579543904568,85.33569398121315,113.59
yes,,27.685713416721548,85.3356188501253,102.33
yes,,27.685914847362472,85.33552447976639,159.23
yes,,27.68580774357193,85.33548821949981,126.09
yes,,27.685679000002086,85.33525044999944,134.22
yes,,27.68576941863223,85.33530866041262,108.63
yes,,27.685978200004598,85.3353455499984,153.98
yes,,27.683197643617987,85.33877065679293,133.94
yes,,27.6831652553566,85.33867711796024,116.34
yes,,27.683009984693125,85.33827161256845,125.03
yes,,27.68306659680961,85.33837267959596,132.86
yes,,27.678710475158216,85.34415608997463,41.03
yes,,27.678698249999144,85.34408484999967,57.65
yes,,27.67870909999896,85.34390754999977,29.77
yes,,27.67869648995782,85.34383602397975,48.39
yes,,27.678696969688396,85.34376000117369,57.27
yes,,27.678691449989564,85.3436346999929,184.61
yes,,27.678684349998612,85.34340179999887,114.61
yes,,27.67872874999438,85.3432921999986,55.76
yes,,27.678721550000418,85.34320914999985,126.02
yes,,27.678726312752676,85.34310517484732,41.25
yes,,27.679627257163045,85.3425071256645,35.53
yes,,27.679637250001097,85.34242864999968,58.85
yes,,27.679550676503567,85.34247389800892,152.54
yes,,27.681634784756838,85.33822010491488,113.85
yes,,27.68066202650494,85.34516761455255,47.01
yes,,27.679328605738554,85.34706702866487,95.19
yes,,27.6809015499909,85.3459795500056,83.6
yes,,27.680557000006612,85.34599940000007,70.11
yes,,27.68135345294074,85.33786493684667,49.05
yes,,27.681876216593807,85.33828057482319,118.82
yes,,27.682014783109647,85.33898255519978,132.76
yes,,27.681590175089738,85.33873417996998,38.22
yes,,27.681640995662768,85.3388179749473,51.28
yes,,27.681569362491,85.33843613751418,87.26
yes,,27.681159370077378,85.33834367266745,72.87
yes,,27.681613150480363,85.33884964650314,30.55
yes,,27.681888105703077,85.33730712469084,251.34
yes,,27.681767742044187,85.33701227128998,53.0
yes,,27.681693750000917,85.3371682500049,25.06
yes,,27.681809136255183,85.33714837718433,149.01
yes,,27.68158038849516,85.33682901544653,50.73
yes,,27.681656803206398,85.3367078460692,68.36
yes,,27.68173600000484,85.33678165001253,55.39
yes,,27.681480139018074,85.33674204084605,162.17
yes,,27.681831075284098,85.33666362913101,77.88
yes,,27.681889751016364,85.33658261001042,113.69
yes,,27.68219078811259,85.33685459320264,39.86
yes,,27.682243402691885,85.33673861646905,49.27
yes,,27.682112740810453,85.33682683315286,114.75
yes,,27.68219499595766,85.33717589984495,41.96
yes,,27.682380119663716,85.33746460430413,109.4
yes,,27.682693827792043,85.33766005635675,113.66
yes,,27.682918860198175,85.33679441955434,104.56
yes,,27.682854830914334,85.33654170062489,117.88
yes,,27.682819417988497,85.33665775829172,130.61
yes,,27.68290830217776,85.33660359518001,64.32
yes,,27.682866862786575,85.3384964951851,62.04
yes,,27.68282932523868,85.33843145382535,98.42
yes,,27.682718521818327,85.33826897230226,57.15
yes,,27.682717410478205,85.33814166803715,91.14
yes,,27.682810347361542,85.33804633267212,69.83
yes,,27.68286350286467,85.33814781772196,101.09
retail,,27.683023408700386,85.33890628775592,72.98
yes,,27.68245335000235,85.33694409999354,79.92
yes,,27.6813195763151,85.33905012619157,90.7
yes,,27.681460634990998,85.33899321466542,26.78
yes,,27.681536650002144,85.33905874999279,81.34
yes,,27.6923485028751,85.33886119468755,156.1
yes,,27.692360687214062,85.33875532263431,110.14
yes,,27.692437482871846,85.33878612220873,13.8
yes,,27.692573970652255,85.33892448303166,17.66
yes,,27.692521002399836,85.33899145972366,119.16
yes,,27.692234550014074,85.3389903500052,103.05
yes,,27.690861134052167,85.33845195141744,93.86
yes,,27.691785174354305,85.33900346514952,91.2
yes,,27.691583371617973,85.33865036178557,101.41
yes,,27.691543347190326,85.33881117030684,103.89
yes,,27.691609782664766,85.33882956384433,110.74
yes,,27.6914443999975,85.33878559999815,97.6
yes,,27.691327693522506,85.33874152357582,113.26
yes,,27.69147002818792,85.33848843859275,130.71
yes,,27.691493842713182,85.33835987202326,80.07
yes,,27.691406221315493,85.33827796376535,109.12
yes,,27.69135381517146,85.33834882608242,83.2
yes,,27.691315500003004,85.33845484999867,79.44
yes,,27.692091165622053,85.33864183141978,89.17
yes,,27.691858732893873,85.33845692845303,123.92
yes,,27.69175504001221,85.33852734330857,88.14
yes,,27.691840967312263,85.33855902839974,74.1
yes,,27.692005045922574,85.33847262073796,48.28
yes,,27.692109792551307,85.3384636953293,18.26
yes,,27.692004904430497,85.3383491188372,3.1
yes,,27.691934268936407,85.33833267900334,82.97
yes,,27.691807984406015,85.33819749949751,38.79
yes,,27.691754193919497,85.33830132059626,85.2
yes,,27.691609280228555,85.3384157909144,100.29
yes,,27.69164057443638,85.33828263831265,134.1
yes,,27.691519574579054,85.33810914752925,88.94
yes,,27.69151609299325,85.33794188530067,61.15
yes,,27.691392920569857,85.33813290691418,76.07
yes,,27.69139815,85.33803484999656,63.25
yes,,27.691429051120902,85.33793865914919,102.44
yes,,27.691439983379013,85.33786574422528,33.71
yes,,27.691130887939043,85.3385879873468,76.23
yes,,27.691126757325602,85.33864908722143,94.19
yes,,27.691120277683368,85.3387288610597,96.85
yes,,27.691212882580874,85.33870644350345,106.89
yes,,27.691036654394587,85.33871353153944,51.87
yes,,27.690948191309733,85.33868611672663,95.65
yes,,27.69095425983295,85.3385926240503,107.14
yes,,27.690998010952967,85.33830141821524,144.59
yes,,27.69092510544675,85.33816902832864,76.48
yes,,27.690966225333128,85.33842781579361,84.93
yes,,27.691061292613533,85.33839991636492,103.26
yes,,27.690891000369042,85.33825295152938,96.32
yes,,27.6911114753565,85.33819794998296,46.95
yes,,27.69115454285008,85.3381338144906,87.83
yes,,27.691190066577104,85.33824333627487,86.17
yes,,27.691029113263497,85.33818465093084,77.25
yes,,27.691085942998356,85.33809749935733,91.32
yes,,27.69102317028672,85.3380813336446,73.91
yes,,27.690944415545644,85.33805917175773,119.74
yes,,27.69116020000326,85.33849569999349,79.23
yes,,27.69119725000132,85.33839749999674,87.18
yes,,27.691078781138028,85.33795359626819,116.2
yes,,27.691158928305434,85.33779238838922,96.74
yes,,27.691087769032265,85.33776000985874,113.0
yes,,27.691025148605284,85.33772776802832,70.07
yes,,27.69100125850816,85.33760960920051,97.5
yes,,27.69106164131412,85.337618803075,73.66
yes,,27.69113034313775,85.33766008461917,102.17
yes,,27.69098823559098,85.33749071881445,18.87
yes,,27.690921386048768,85.33744921985674,34.43
yes,,27.691248969859267,85.33802615715518,87.72
yes,,27.691284950005734,85.3378935999977,107.67
yes,,27.69128998379425,85.33777066773067,101.83
yes,,27.691664029520556,85.33864490382933,68.0
yes,,27.691734923140647,85.3386682293921,90.8
yes,,27.69180516563266,85.33877333060649,87.52
yes,,27.691925340579836,85.33881881312516,122.78
yes,,27.69193022331653,85.33874085432576,91.06
yes,,27.691933742667135,85.33891787369318,110.65
yes,,27.692134427667142,85.33883651680112,65.66
yes,,27.692179979780143,85.33884355420071,50.51
yes,,27.69206280109276,85.33875170031641,108.75
yes,,27.69220766364865,85.33855055859043,3.18
yes,,27.692215739764798,85.33862144471804,103.84
yes,,27.69221400000001,85.33872104999762,88.29
yes,,27.68240339262675,85.33493828232734,128.3
yes,,27.68241239549999,85.33486436161314,26.3
yes,,27.682473696644493,85.33489085039136,74.35
yes,,27.68652270703306,85.33654480179658,176.02
yes,,27.6864249050827,85.33652899524874,148.89
yes,,27.68635200705443,85.33649018824066,108.76
yes,,27.686292547494087,85.33647546764733,107.93
yes,,27.686222066758997,85.33644977917305,158.36
yes,,27.686142138007483,85.33642601756766,136.49
yes,,27.68606510000308,85.33633484999916,71.71
yes,,27.68863778362584,85.3437046709383,106.99
yes,,27.68874396480291,85.3441948310381,63.67
yes,,27.68862438303691,85.34418750477826,43.58
yes,,27.688685406017267,85.3442512017809,104.16
yes,,27.68867851887265,85.34414806116209,65.48
yes,,27.688675041206366,85.34406610684857,72.29
yes,,27.688792691211646,85.34411660569049,56.01
yes,,27.688667550095964,85.34432471389623,53.11
yes,,27.6887594391891,85.34446314135377,81.82
yes,,27.68885598609712,85.34424566455553,179.55
yes,,27.688868003806586,85.34381048186509,113.08
yes,,27.688926500007327,85.34370240000237,90.24
yes,,27.688892120064878,85.34354612648873,20.43
yes,,27.688914065550065,85.34349124386262,73.87
yes,,27.688955768315424,85.34397436034995,110.27
yes,,27.688990967077988,85.34386215065386,144.15
yes,,27.689012555006393,85.34373304499478,85.46
yes,,27.689069763839946,85.34379368916416,48.6
yes,,27.689098991652237,85.34374029322652,58.61
yes,,27.688978223190425,85.34433582277342,115.3
yes,,27.68903324852316,85.34442570962477,105.16
yes,,27.689090042825768,85.3442478417487,137.26
yes,,27.689157732776984,85.3440825622783,84.97
yes,,27.68917833523155,85.34401903060895,81.23
yes,,27.68917379973785,85.34389640049855,219.64
yes,,27.68934680000464,85.34380150000042,70.12
yes,,27.68926119639129,85.34373167189516,83.97
yes,,27.689261475313657,85.34363039814984,84.74
yes,,27.689245259176786,85.34352948118077,92.94
yes,,27.689098932997062,85.34349222489888,136.93
yes,,27.688964976167988,85.34342016619429,68.45
yes,,27.689035243894303,85.34344804853016,98.82
yes,,27.689285187721097,85.34321861631398,85.2
yes,,27.689297399762015,85.34314430912207,93.76
yes,,27.68932545400894,85.3430559259977,108.32
yes,,27.689224450007558,85.34438119999851,137.77
yes,,27.689265000010085,85.34426035000044,151.02
yes,,27.68931735000779,85.344121299999,129.45
yes,,27.689354385122513,85.34402503994573,108.57
yes,,27.68943524952866,85.34398237832512,145.76
yes,,27.689406168507908,85.34441705483941,78.45
yes,,27.68942101102511,85.34433523452648,101.72
yes,,27.689493754425577,85.34427958145042,65.12
yes,,27.68952100001299,85.34412615000616,136.63
yes,,27.689373900004917,85.34340234999951,77.06
yes,,27.689413483120013,85.34347699682499,93.16
yes,,27.68948894544645,85.34353725999574,88.64
yes,,27.689521550009456,85.34340560000823,78.14
yes,,27.68961396827416,85.34433176690031,83.34
yes,,27.689556098894847,85.3444389594905,109.11
yes,,27.68973950360364,85.34427514870153,127.35
yes,,27.68985832658577,85.34431083791918,132.5
yes,,27.68993135302853,85.34428662757233,55.9
yes,,27.6884422328255,85.34184384534767,56.08
yes,,27.69029257675158,85.3444073746448,77.13
yes,,27.690389471825146,85.34435681212275,86.64
yes,,27.69032215000527,85.34430034999806,92.83
yes,,27.690213600008477,85.34399999999621,82.31
yes,,27.690216519651383,85.34386781673689,168.94
yes,,27.690305085657293,85.34385586685595,85.62
yes,,27.690496068635444,85.34384466873057,46.63
yes,,27.69030736876529,85.34402019438791,73.35
yes,,27.690365150686034,85.34408035116206,46.5
yes,,27.69039813389398,85.34395511883594,75.83
yes,,27.690621000007816,85.34416930000214,96.37
yes,,27.690553053745447,85.34411867762348,131.86
yes,,27.690471199479223,85.34406123888826,98.62
yes,,27.6904809854626,85.34425388301135,51.5
yes,,27.690516507416763,85.3439381621722,80.54
yes,,27.69045521244654,85.3437676648471,66.28
yes,,27.69036707009292,85.34373583204763,127.98
yes,,27.69023717479594,85.34373756039727,189.15
yes,,27.690416150005667,85.34352254999858,131.08
yes,,27.690539497251002,85.3436557419248,113.23
yes,,27.690544765360254,85.34355701255487,114.89
yes,,27.69075220000288,85.34379560000473,94.48
yes,,27.69071827417499,85.34371655166451,84.08
yes,,27.690674571873906,85.3436153094533,109.9
yes,,27.6906619000106,85.34389745000234,110.36
yes,,27.690737288689547,85.34414135103248,111.56
yes,,27.690747797818293,85.34403430503816,118.6
yes,,27.689742376169175,85.34404751379769,112.43
yes,,27.689504500003853,85.34385449999651,75.65
yes,,27.689585900006463,85.34391210000331,82.24
yes,,27.689647649028363,85.34397828392959,68.35
yes,,27.689702264977083,85.34367941330734,105.94
yes,,27.68953963428119,85.34374339502354,135.45
yes,,27.689627156193477,85.3435918714903,111.97
yes,,27.689627950001658,85.34345204999481,84.03
yes,,27.68965688084945,85.34337119445472,94.1
yes,,27.689708705157877,85.34326968082578,87.23
yes,,27.689780232696947,85.34341444914111,56.74
yes,,27.689827293227268,85.34320703446384,169.49
yes,,27.690047939137173,85.34407997735812,171.87
yes,,27.68984661867292,85.34378245727342,108.86
yes,,27.68992795001328,85.343844050007,124.23
yes,,27.68977330000849,85.34351310000434,69.64
yes,,27.689889438312125,85.34361376055628,105.49
yes,,27.68998854494582,85.34366191926262,99.94
yes,,27.690034376081144,85.34329868740912,114.56
yes,,27.690107802746017,85.34323429181956,76.83
yes,,27.689966009449012,85.34315240562424,126.76
yes,,27.69018717910401,85.34296894242162,50.43
yes,,27.690101765778902,85.3429381811197,63.92
yes,,27.690182509612534,85.3430457771172,115.33
yes,,27.689866383684727,85.3430570011959,101.92
yes,,27.68999511942245,85.34302428524046,108.1
yes,,27.689899667586687,85.34330554942318,97.93
yes,,27.690111405244487,85.34335906960493,145.55
yes,,27.690172791949102,85.34313632081574,116.48
yes,,27.690463562796815,85.34335659833803,112.86
yes,,27.690248422175387,85.34361015455855,132.19
yes,,27.69027100000685,85.34347229999946,116.7
yes,,27.690301294084907,85.34329546981337,106.38
yes,,27.690379289933606,85.3430269195288,92.9
yes,,27.690370490271352,85.34310606351518,85.66
yes,,27.69034590000179,85.34318664999529,98.19
yes,,27.69038799888836,85.34286876266457,162.73
yes,,27.68948957432824,85.34311459854061,92.6
yes,,27.689517165940842,85.34324902566003,151.53
yes,,27.689502088099637,85.34301569637637,70.43
yes,,27.689564950007778,85.34291260000072,107.31
yes,,27.689695189900387,85.3431083276584,94.69
yes,,27.68970114327699,85.34302052915828,89.67
yes,,27.68968390000122,85.34289944999651,81.98
yes,,27.689481406612458,85.34275300343755,83.1
yes,,27.689438079670087,85.34260571531331,188.29
yes,,27.689611111032097,85.34273462689741,175.25
yes,,27.689719734035872,85.34274968387038,104.81
yes,,27.689815400009778,85.34280205000228,129.36
yes,,27.68990425470988,85.34284388260978,139.71
yes,,27.689280895627242,85.34284783739113,108.12
yes,,27.68928650299728,85.34260085915534,159.62
yes,,27.68931087634288,85.34248587219722,153.82
yes,,27.68926070876045,85.34270577245061,101.84
yes,,27.689199879696996,85.34308954113223,108.29
yes,,27.689079178923656,85.34279238547843,74.31
yes,,27.689069994549193,85.34288657252573,56.26
yes,,27.68861320000485,85.34264075000276,63.65
yes,,27.688501768170603,85.34265147553307,91.4
college,Stamford College,27.68882998302707,85.34300394140665,298.49
yes,,27.688714807750607,85.34273775665257,132.39
yes,,27.688857749544614,85.34259209843424,49.65
yes,,27.688798550269876,85.34255248856915,109.16
yes,,27.688733495213565,85.34250559151823,91.79
yes,,27.688594567156976,85.3425389526921,46.47
yes,,27.68865845000837,85.34241865000246,123.81
yes,,27.688505250440294,85.34241823996086,98.76
yes,,27.688462142048742,85.34221491537104,46.21
yes,,27.688515715221733,85.34228613453575,79.99
yes,,27.688570380524844,85.34234407306488,91.47
yes,,27.68845470606356,85.34208552892612,25.57
yes,,27.68845999359604,85.34196473322065,54.21
yes,,27.688554017287633,85.3418922919388,135.36
yes,,27.688562810375476,85.3421171080731,122.2
yes,,27.688686356970223,85.34215757023252,120.14
yes,Bhairab Meat Shop,27.688747466678365,85.34229265006982,81.36
yes,,27.688949297755045,85.34246018317631,166.39
yes,,27.688913870613693,85.34234748117112,109.64
yes,,27.68896032970335,85.34221030979229,79.15
yes,,27.688905397954954,85.34216625742319,54.57
yes,,27.68884917333356,85.34212157198536,79.74
yes,,27.6887759000046,85.34206409999422,95.07
yes,,27.68870795167986,85.34201185279241,67.28
yes,,27.68902461190538,85.34226790468853,89.45
yes,,27.68906847559992,85.34234069290515,111.38
yes,,27.689111638250157,85.3423902012901,131.12
yes,,27.68919545464495,85.34217612801149,145.84
yes,,27.689172183610477,85.34198136763563,96.2
yes,,27.689246645402452,85.34200651612097,110.13
yes,,27.689425726124178,85.34220619511856,52.97
yes,,27.689383831275304,85.34229234544858,78.99
yes,,27.689435519418332,85.34232856929607,109.94
yes,,27.689478899760406,85.34235193329226,59.94
yes,,27.689483265312887,85.34219880568692,12.02
yes,,27.689472220618605,85.34214003361863,84.01
yes,,27.689505795854394,85.34205034528476,129.54
yes,,27.68948095533947,85.34193024442541,77.84
yes,,27.68962576051868,85.34203288375991,130.83
yes,,27.68951881986188,85.34243606054157,79.05
yes,,27.689546746076704,85.34235796570432,76.31
yes,,27.68960274752261,85.34216224898526,82.81
yes,,27.689610028731025,85.34246472815981,116.58
yes,,27.689644890980972,85.34236156254818,129.8
yes,,27.689672749997793,85.34228224999238,54.06
yes,,27.689685775767618,85.34222751449649,68.94
yes,,27.689723994292716,85.34217591604077,64.3
yes,,27.68973852802012,85.34211358495061,54.27
yes,,27.689754122996625,85.34205503621033,60.14
yes,,27.689841494225917,85.34259108467776,108.48
yes,,27.689741850009877,85.34252644999992,154.66
yes,,27.68990283962415,85.34253391643732,183.78
yes,,27.689852049999985,85.34190604999635,94.19
yes,,27.69001804786514,85.34193330069627,85.97
yes,,27.690095066992207,85.34194544685487,92.95
yes,,27.690181377000066,85.34195604364209,95.39
yes,,27.689880879400057,85.3421384887665,103.52
yes,,27.69003491518774,85.34208230817363,110.43
yes,,27.69005176867435,85.34217235954839,86.28
yes,,27.69003228819117,85.342254381093,95.07
yes,,27.690084550002926,85.34241959999515,106.99
yes,,27.690215678290905,85.34226069327084,143.61
yes,,27.690185569971245,85.34245470515053,102.84
yes,,27.690166620295056,85.3425363660754,93.55
yes,,27.690130327249484,85.34263788634328,74.07
yes,,27.690321614574174,85.34258693945594,51.99
yes,,27.690329026378976,85.3426554367783,88.26
yes,,27.69047660001343,85.34269804999309,87.46
yes,,27.690686897488792,85.34325365751161,113.39
yes,,27.690483728130214,85.34318475986764,106.4
yes,,27.690560280111743,85.34300317194334,96.32
yes,,27.690484817939936,85.34295355519603,95.83
yes,,27.690648450006645,85.34342270000101,79.06
yes,,27.69069645215952,85.34311119113686,97.41
yes,,27.690680343391204,85.34280651951993,108.76
yes,,27.690630742712568,85.3427074209543,49.5
yes,,27.69074895810829,85.34293524664378,95.55
yes,,27.690400976952695,85.34238560790546,70.77
yes,,27.690390404690675,85.34228767068483,64.85
yes,,27.690363250005134,85.34210899999849,67.91
yes,,27.690373069707498,85.3419926349921,78.52
yes,,27.690565144685287,85.34243449050348,101.11
yes,,27.690579150005167,85.34225420000054,69.62
yes,,27.690517233761593,85.34205134336341,36.96
yes,,27.6905659054975,85.34208975147826,65.59
yes,,27.69050135000492,85.34185724999885,96.41
yes,,27.690599435162913,85.34193501724174,207.5
yes,,27.690726053010977,85.34258491724108,117.53
yes,,27.690662686447666,85.34248195460601,72.84
yes,,27.69066042078484,85.34242255445604,38.25
yes,,27.690678806821325,85.34235645322909,79.94
yes,,27.690708227577282,85.34228359470606,57.64
yes,,27.690704304767916,85.34207658758805,41.66
yes,,27.690697122377397,85.34192463871872,92.22
yes,,27.69069160000819,85.34215325000525,32.05
yes,,27.68905960000932,85.34401670000888,60.84
yes,,27.68958309509027,85.34313846665208,114.24
yes,,27.689833887414498,85.34355779343299,39.29
yes,,27.690187286228138,85.34425001676769,90.54
yes,,27.6902505716203,85.34236591259999,52.14
yes,,27.68924955710803,85.3419206296028,22.14
yes,,27.688708481962706,85.34361668111472,73.35
yes,,27.68903775569637,85.34412220243031,113.42
yes,,27.689660683527276,85.3442294390314,119.31
yes,,27.68972310000402,85.34441779999953,74.89
yes,,27.68990334999687,85.3439589499918,45.41
yes,,27.689771794713526,85.3439387720142,84.15
yes,,27.689738800009113,85.34381290001299,40.96
yes,,27.69004110000172,85.34387859999667,103.09
yes,,27.68979581473417,85.34331696572498,119.95
yes,,27.679024901696273,85.33768552866665,89.88
yes,,27.679715571932302,85.337134293783,50.78
yes,,27.67969513571165,85.33737208279373,127.4
apartments,,27.680473854180626,85.3363107482112,116.34
apartments,,27.680414656624183,85.33638349353424,131.64
yes,,27.680873440560454,85.3364040701882,141.14
yes,,27.680754015079597,85.33642424397735,126.36
yes,,27.680842524143802,85.33651309670735,118.09
yes,,27.680938599982497,85.33660991667699,89.22
yes,,27.68113667471924,85.33688771470617,32.11
yes,,27.681071857157473,85.33682625926963,73.33
yes,,27.68108010725306,85.33674340339773,91.54
yes,,27.681100416622325,85.33658240149494,80.4
yes,,27.681037404332393,85.33652157469672,104.94
yes,,27.68095606156034,85.33642805510041,94.01
yes,,27.68097848358294,85.33678554506395,48.58
yes,,27.680921165303793,85.33674214989547,89.61
yes,,27.680857155025276,85.33669375919006,87.29
yes,,27.680811150858137,85.3366548458678,59.65
yes,,27.680029341978734,85.3388847740044,66.59
yes,,27.680052030058405,85.33877395570013,74.73
yes,,27.68015550927531,85.33889178979983,91.3
yes,,27.67647974999995,85.35664249999715,24.1
yes,,27.676494350001818,85.356823749999,36.59
yes,,27.676513709593156,85.35673065777128,49.22
yes,,27.675851081595315,85.35698333843074,157.61
yes,,27.675820917104467,85.35634754557307,232.39
yes,,27.676049650013,85.35693035000853,88.41
yes,,27.676075950022422,85.35708645001866,93.82
yes,,27.676168119775767,85.35686145780133,54.3
yes,,27.67522689185885,85.35663187480839,37.63
yes,,27.674060600324943,85.35815704937801,99.31
yes,,27.674178150993836,85.35798429968551,98.46
yes,,27.674235694402878,85.35800967811143,87.36
yes,,27.673943271168955,85.35812780340659,67.89
yes,,27.67401277009678,85.35697197905606,60.97
yes,,27.673922162481126,85.35700614702935,268.75
yes,,27.674046755252995,85.35715052774984,55.92
yes,,27.67403940443251,85.35727520024719,198.11
yes,,27.673843642769334,85.35721403009339,120.28
yes,,27.68739336659006,85.33732940212059,36.22
yes,,27.687351184753783,85.337445016978,16.59
yes,,27.68738970677213,85.33739467325324,32.94
yes,,27.68729801539079,85.33740678115392,27.91
yes,,27.687348672433266,85.33763347463984,97.84
yes,,27.687208977231194,85.33780552445965,133.87
yes,,27.68733660000044,85.3381819,28.47
yes,,27.6872977500015,85.33817254999997,16.63
yes,,27.68728301197641,85.33809185483594,61.82
yes,,27.687262019213374,85.3380122046882,24.47
yes,,27.68722411768933,85.33797840112933,27.31
yes,,27.68720514999873,85.33816044999901,61.79
yes,,27.687141446391248,85.33815534647053,31.3
yes,,27.687159796161882,85.33799757218463,48.54
yes,,27.687110416430603,85.33800371939792,32.18
yes,,27.687102616848577,85.33812580324448,46.39
yes,,27.687021600667734,85.33808931723412,151.59
yes,,27.686941750009005,85.33810600000001,103.29
yes,,27.686946935216458,85.33801065023995,57.27
yes,,27.687065989612503,85.33775545319696,103.42
yes,,27.687117006394047,85.33763473333133,89.94
yes,,27.68702488058047,85.33721564434161,39.75
yes,,27.6871330467456,85.33738577824846,110.72
yes,,27.686985019090173,85.33747030676564,126.2
yes,,27.68689183827088,85.33759973987277,172.5
yes,,27.686910664135265,85.3377260581448,46.08
yes,,27.686882788519146,85.33778651532559,76.55
yes,,27.68672990053824,85.33766116275494,101.51
yes,,27.686751726265108,85.3379163936605,14.1
yes,,27.686711756098397,85.33792313337341,20.4
yes,,27.686711664887813,85.33807922663148,56.24
yes,,27.686733455325957,85.337996119625,110.32
yes,,27.686738544748263,85.3377995748194,64.78
yes,,27.686649658768115,85.337793453225,104.66
yes,,27.686503400117108,85.33790365000338,635.9
yes,,27.686797158820116,85.33710474547853,203.27
yes,,27.686912700005035,85.33730284999963,81.65
yes,,27.686810550002537,85.33720669999985,30.26
yes,,27.686755224938743,85.33720038340802,56.37
yes,,27.686776365688768,85.33728097671542,86.41
yes,,27.686776752748376,85.3374185545589,42.52
yes,,27.686757975805847,85.33749473076905,41.83
yes,,27.68681409928677,85.33747426747387,80.78
yes,,27.6866134059645,85.33747446814579,11.61
yes,,27.686672530427387,85.3374905690597,37.68
yes,,27.686420914662882,85.33736531566008,88.24
yes,,27.686507919040903,85.33740751569786,125.3
yes,,27.68654290990826,85.33727816892984,52.99
yes,,27.686636264150238,85.33719117880963,195.58
yes,,27.686686400008842,85.33668794999801,103.27
yes,,27.686834252157098,85.33681902280121,108.66
yes,,27.686770400000984,85.33666849999986,99.24
yes,,27.686902722632635,85.33666674825653,106.28
yes,,27.68707344564835,85.33685657200655,18.99
yes,,27.687081313446,85.33699448563608,98.33
yes,,27.687037182112537,85.33706683753789,78.84
yes,,27.68697966115985,85.33701682965636,64.72
yes,,27.686912847810113,85.33694983757803,75.05
yes,,27.68702890609652,85.33694796021973,29.36
yes,,27.686962968721883,85.33691452930101,80.12
yes,,27.686998784209646,85.33685026284752,113.57
yes,,27.6870059425545,85.33671615133743,112.23
yes,,27.687122743142066,85.33671964274478,120.6
yes,,27.68669379568591,85.33653092651713,87.9
yes,,27.686869232286355,85.33637902509032,158.42
yes,,27.686819702769295,85.33649827455825,85.27
yes,,27.686969461714106,85.33630297113191,55.63
yes,,27.686907581829058,85.3362721494104,64.91
yes,,27.686661300001038,85.33640714999956,25.24
yes,,27.686712952724903,85.33633584303962,110.69
yes,,27.68657139232818,85.3362549236134,82.12
yes,,27.68655849999746,85.33632519999523,74.39
yes,,27.686492263407786,85.33614909158399,18.93
yes,,27.68647164774375,85.33622320753591,67.33
yes,,27.68637037277206,85.33614681080672,109.07
yes,,27.686355269327827,85.33624854274503,88.21
yes,,27.68629044619584,85.33615820054425,113.04
yes,,27.68609272092469,85.33716433953562,56.29
yes,,27.686143825295684,85.33725633128698,74.53
yes,,27.686253764739767,85.33731414421307,124.22
yes,,27.68603652942623,85.33706478826264,42.7
yes,,27.686268962357026,85.33698551876377,91.0
yes,,27.68610729270403,85.33681788116468,65.55
yes,,27.68605210505857,85.33696705594924,46.88
yes,,27.686115752565453,85.33690904624783,103.6
yes,,27.686178781694018,85.33688872641892,56.28
yes,,27.686287879285146,85.33683809972707,408.14
yes,,27.68621569002709,85.33875461931721,1726.36
yes,,27.68650238163418,85.33883926589036,993.09
yes,,27.6866026927509,85.33919108221086,59.83
yes,,27.686628214460104,85.33907951794767,118.19
yes,,27.686727071245965,85.33862672727832,84.35
yes,,27.686668099311632,85.33889306623401,385.28
yes,,27.68681804949377,85.33893206399559,1134.93
yes,,27.686268611049755,85.33762500068624,34.38
yes,,27.686288841410953,85.33782000441614,94.31
yes,,27.68633940091435,85.33775336960635,36.56
yes,,27.686281677372698,85.33770720141342,95.45
yes,,27.6863333313333,85.33757331424428,63.74
yes,,27.686251330404463,85.33755318445003,99.45
yes,,27.685880099999114,85.33803139999995,25.67
yes,,27.686083353043294,85.33766422897074,171.09
yes,,27.686144848568663,85.33755246069072,117.93
yes,,27.68605133051209,85.33752105797414,30.4
yes,,27.687739064314936,85.33658346905635,183.88
yes,,27.68757016972344,85.33724198515446,171.04
yes,,27.687676720908897,85.33673043059777,275.96
yes,,27.687658234005642,85.33694912525976,269.92
yes,,27.687522315803665,85.33709492543643,314.0
yes,,27.687415093079778,85.3370429808931,148.28
yes,,27.687299080055293,85.33687564372468,141.28
yes,,27.687246407817735,85.33675697523357,82.8
yes,,27.682802300715046,85.33487881565173,86.22
yes,,27.682933716368392,85.33484544307413,88.22
yes,,27.682927679768795,85.33496937689365,43.96
yes,,27.682884394248298,85.33494935319827,65.08
yes,,27.682848950008026,85.33491195001226,68.17
yes,,27.680758400014245,85.34848215000564,73.19
yes,,27.68094004412296,85.34789811611505,153.61
yes,,27.680131223755918,85.34827661343733,75.49
yes,,27.678765250002787,85.34760600000048,26.93
yes,,27.68158045968669,85.34665166747918,77.13
yes,,27.68187585140362,85.3466917626613,222.45
yes,,27.68138775776096,85.34537296052092,81.0
yes,,27.68145660549442,85.34542202012375,45.26
yes,,27.694275572291133,85.34522761489825,59.67
yes,,27.6943345242763,85.3450754702514,44.87
yes,,27.69442324035389,85.34497503087059,81.62
yes,,27.694565387411195,85.3449287938382,105.64
yes,,27.694585449999042,85.34533904999485,78.27
yes,,27.69400789416045,85.34557577411964,132.39
yes,,27.69391655572407,85.3455704758854,129.38
yes,,27.693831437965166,85.34531063620294,181.03
yes,,27.693648382450945,85.34533142909072,110.99
yes,,27.694343204003918,85.34485962964459,58.48
yes,,27.694213355653805,85.34515052910326,79.88
yes,,27.694238402031097,85.34503256672136,121.59
yes,,27.694181350006474,85.3448197000001,97.41
yes,,27.694138750261057,85.34500404607493,91.37
yes,,27.694449964784944,85.34513392978948,124.36
yes,,27.69438405001386,85.34530200000123,151.54
yes,,27.694519496499435,85.34562409679337,76.32
yes,,27.694442981381282,85.34562313392307,90.1
yes,,27.694342877492385,85.34558843888881,109.98
yes,,27.694506360722308,85.34549862749617,100.36
yes,,27.694650752563987,85.34566557450775,34.44
yes,,27.694581217918483,85.34570314686863,111.52
yes,,27.694825503727575,85.34497642876207,145.53
yes,,27.694700550013692,85.34519455000546,108.53
yes,,27.694740800007477,85.34584285000336,92.58
yes,,27.694748001006676,85.34568839625713,87.41
yes,,27.69479948171916,85.34559673083821,65.19
yes,,27.694840237834555,85.3454932167098,72.59
yes,,27.694808111547232,85.3453721459723,112.63
yes,,27.69497627322517,85.34595741015436,111.71
yes,,27.6948693227759,85.34594029750849,100.52
yes,,27.694939403209037,85.34583733361605,119.96
yes,,27.69498323139761,85.34571413946516,159.51
yes,,27.694886947691252,85.3457036188479,95.34
yes,,27.694922790267253,85.34558894376353,96.78
yes,,27.694968276046147,85.34549419182503,83.14
yes,,27.695055547943998,85.34549109915476,68.24
yes,,27.6951350275735,85.34559202740135,80.52
yes,,27.69506931470059,85.3453019854918,183.64
yes,,27.694955546932853,85.34528410531519,110.32
yes,,27.694888969061278,85.34515331244589,121.48
yes,,27.694928950011647,85.34502040000376,131.93
yes,,27.695043314464527,85.34500267956575,125.4
yes,,27.694687607025998,85.34465687743572,96.61
yes,,27.694885600002134,85.34456679999955,58.0
yes,,27.694983021201516,85.3447782265073,159.18
yes,,27.69502855000181,85.34465689999651,76.05
yes,,27.695097636755566,85.34482476982728,111.0
yes,,27.6951514755444,85.34473710948939,123.55
yes,,27.695203203523455,85.34453752912619,149.3
yes,,27.695136330328154,85.34519299627206,58.75
yes,,27.695147270043353,85.34512244549106,109.65
yes,,27.695195880383224,85.34502500777438,108.17
yes,,27.695222048826835,85.34494673162264,77.8
yes,,27.695261092940076,85.34488107733267,87.18
yes,,27.695287980426624,85.34480280563069,93.82
yes,,27.695308025531002,85.34471878926506,97.94
yes,,27.695338396766758,85.34463031068024,132.4
yes,,27.69450260269051,85.34668122227323,189.14
yes,,27.694496709856757,85.34657089166942,152.08
yes,,27.694482900089856,85.34634774976885,167.17
yes,,27.69447600709685,85.34614462570836,114.91
yes,,27.69466501608216,85.34661385231628,375.09
yes,,27.694724967627238,85.34639380139821,151.07
yes,,27.694693279895606,85.34612577656239,53.18
yes,,27.69472150000267,85.3460647499964,69.11
yes,,27.694614897460152,85.34604857669842,77.05
yes,,27.69457520703432,85.34598014289743,101.47
yes,,27.69501345000575,85.34653215000745,117.5
yes,,27.694956500846136,85.346355624768,113.09
yes,,27.694808267014594,85.34682764782916,55.91
yes,,27.694839913000397,85.34670997017261,129.85
yes,,27.69485233547587,85.34658481554274,112.63
yes,,27.694860256856327,85.3463983809885,171.91
yes,,27.694886409348417,85.34686133599577,113.8
yes,,27.694919550006748,85.34699230000712,70.02
yes,,27.69497731373683,85.34691147377198,118.61
yes,,27.694986466589135,85.34672260603905,124.28
yes,,27.695126165957202,85.34658958275404,133.29
yes,,27.695123567568064,85.34678245153232,89.19
yes,,27.695170406590847,85.34671367124993,69.78
yes,,27.69521824317328,85.34666394397398,84.04
yes,,27.695208407909142,85.34648409092472,109.6
yes,,27.695234951168974,85.34610406791433,88.89
yes,,27.695377200892064,85.3459997367952,119.95
yes,,27.695402173507333,85.3461562766329,146.46
yes,,27.69553650086703,85.34622123542113,64.9
yes,,27.695507582645224,85.34629739383621,79.9
yes,,27.69538074658581,85.34638226449405,220.83
yes,,27.69542969266232,85.34648677899969,125.44
yes,,27.695076169122636,85.34721028595082,139.57
yes,,27.694997877529257,85.34712246281194,96.14
yes,,27.695050879465168,85.34707339938232,86.86
yes,,27.69544922073782,85.34672926236249,123.81
yes,,27.695205062623845,85.34695497532543,115.17
yes,,27.695130900007126,85.34700995000124,112.23
yes,,27.69523412357422,85.34708725477707,79.53
yes,,27.69527593128965,85.34714285978403,76.72
yes,,27.69532429753334,85.34687618480048,89.27
yes,,27.695351760924126,85.3470165869597,97.09
yes,,27.695387600442285,85.34695814987107,73.7
yes,,27.695423157452264,85.34690981665749,89.61
yes,,27.695626133665783,85.34677940575524,91.3
yes,,27.695562050008512,85.34657214999586,131.4
yes,,27.69559658261877,85.34582595748313,81.66
yes,,27.69553633010942,85.34586837462724,85.51
yes,,27.695273464594216,85.34583001433927,206.43
yes,,27.69529245419143,85.34570336312575,76.51
yes,,27.695284850002725,85.34552469999929,75.84
yes,,27.695278813526613,85.34560741424934,65.35
yes,,27.695385950007186,85.34566774999679,78.73
yes,,27.695407158079675,85.34577119908859,91.09
yes,,27.695485784462296,85.34573180764792,85.87
yes,,27.695464933977146,85.34563856917555,121.67
yes,,27.695573898612743,85.34567380579091,79.37
yes,,27.695552720275135,85.34559444381013,84.14
yes,,27.695652857478784,85.34561941642879,86.39
yes,,27.69546819954513,85.34535935360887,156.95
yes,,27.69537791210166,85.34530191438253,129.24
yes,,27.695339699531875,85.34517835368794,121.53
yes,,27.695478900082698,85.34520274795467,143.18
yes,,27.695380636659614,85.34506704583472,100.04
yes,,27.69546204356817,85.34508286523945,92.6
yes,,27.695598440900707,85.34534816918585,81.28
yes,,27.69559452309861,85.34526335403112,54.16
yes,,27.695605846830915,85.34517787596913,84.03
yes,,27.695609411907398,85.3450741887589,100.75
yes,,27.69552549424785,85.3449699805942,121.87
yes,,27.695441501518086,85.34494360059735,76.64
yes,,27.695462054743924,85.3448257809696,76.71
yes,,27.686410364879126,85.34626542019743,92.41
yes,,27.686814520661894,85.34621798926084,67.55
yes,,27.68732516668402,85.35158968381167,88.8
yes,,27.687376799398297,85.35207550589946,133.71
yes,,27.688154850001162,85.3514845499898,123.44
yes,,27.68829191950701,85.35250354688998,447.05
yes,,27.688028899981745,85.35272784993533,286.65
yes,,27.68800007454189,85.3520683487416,3271.81
yes,,27.68779598171018,85.35178073568288,88.47
yes,,27.687891978731788,85.35064353883416,87.01
yes,,27.687778594791435,85.35063276556231,119.85
yes,Poudel's,27.680115399760588,85.33589853325304,144.17
yes,,27.684651200003824,85.33995179999977,62.4
yes,,27.676623002465846,85.34052017186984,81.51
yes,,27.676824820058194,85.34056454077799,91.85
yes,,27.676874899935388,85.3413142419827,55.02
yes,,27.67684780000504,85.34116689999952,56.21
yes,,27.67677002434043,85.34136546341999,74.07
yes,,27.676785124660373,85.34124019180533,39.46
yes,,27.676844570111196,85.34088868718413,89.51
yes,,27.67671848402179,85.34105231723467,141.29
yes,,27.676586900013085,85.3412033999988,120.2
yes,,27.67683264338037,85.34077587580656,102.59
yes,,27.676703023616653,85.3409191095194,82.92
yes,,27.67673079603616,85.3407835721991,102.83
yes,,27.676567244338642,85.34067927289992,35.1
yes,,27.676559449999534,85.34078089999818,46.76
yes,,27.67659350000347,85.34091594999887,120.01
yes,,27.676429027509823,85.3408873422566,101.84
yes,,27.676260899983596,85.34087824998014,102.47
yes,,27.690760283363375,85.35019586545347,130.39
yes,,27.69056517338832,85.35028962848645,35.52
yes,,27.69044643411047,85.35042374350255,92.42
yes,,27.69044901847903,85.35025160446943,45.64
yes,,27.690418731143165,85.35029201392062,29.31
yes,,27.6904467314768,85.35036247355306,49.45
yes,,27.69023259494954,85.35010406993064,116.31
yes,,27.6902971903348,85.350243711385,124.21
yes,,27.690305672526115,85.35013932053032,95.26
yes,,27.6900374264165,85.35046894351768,78.46
yes,,27.69020899974858,85.35042010019544,72.77
yes,,27.69006481530196,85.35016910518054,144.21
yes,,27.6901344163806,85.35021263218194,76.58
yes,,27.689826958206666,85.35021297345104,122.19
yes,,27.689834849257377,85.35011877572813,108.89
yes,,27.68976267441949,85.35033020728423,146.41
yes,,27.68987213430128,85.35034364896207,143.52
yes,,27.689884771146836,85.35067340679143,38.36
yes,,27.69048768104015,85.35105146203902,95.86
yes,,27.69043299920888,85.35109584695664,66.57
yes,,27.69036890042241,85.35108658700074,90.94
yes,,27.690667536240493,85.35123079644342,176.64
yes,,27.690337874790522,85.35202180663644,213.12
yes,,27.690474189582233,85.35135897801615,61.15
yes,,27.690763794146115,85.35152560312666,108.29
yes,,27.6905927257237,85.35153946194343,116.29
yes,,27.69057984361416,85.3519961882664,66.78
yes,,27.689524712521063,85.35163426792923,71.53
yes,,27.68985562046492,85.35183053891126,55.41
yes,,27.69000179095183,85.3518267216264,46.25
yes,,27.68911650322163,85.35089824003589,276.56
yes,,27.689054151584735,85.35106176923873,176.99
yes,,27.688889525102077,85.35119044607204,336.65
yes,,27.689150332526612,85.35052698952859,176.06
yes,,27.688524574382736,85.35033781625368,96.34
yes,,27.688701000001377,85.35034034999916,32.79
yes,,27.68863202645945,85.35033719031388,79.79
yes,,27.688772130689756,85.35109539850161,39.28
yes,,27.688753939754168,85.35116829556263,52.65
yes,,27.68869795177952,85.35113545206949,52.65
yes,,27.688640110782405,85.35109109312887,57.26
yes,,27.68858055588093,85.35105492317174,44.58
yes,,27.688525442463582,85.35103122224487,44.94
yes,,27.688418808270352,85.35096751430436,51.54
yes,,27.68872044578411,85.35107409768221,37.48
yes,,27.688564890514122,85.35097959467622,32.47
yes,,27.688607855821655,85.3509237830416,42.55
yes,,27.688646644013023,85.35102667884325,40.14
yes,,27.688539723952168,85.35077643978184,55.41
yes,,27.688522557193018,85.35093998105104,15.86
yes,,27.68966834269047,85.35090034038059,87.02
yes,,27.68856745000893,85.35185655000537,61.06
yes,,27.68950138047828,85.35214624452996,20.42
yes,,27.690178531721678,85.35270244651221,79.87
yes,,27.69011870000922,85.35257364999745,70.32
yes,,27.690421380047557,85.35267255778457,44.14
yes,,27.6902958500039,85.35263500000183,49.26
yes,,27.68842284879537,85.35223761790134,135.03
yes,,27.688433750000016,85.35160914998843,80.64
yes,,27.690484641084804,85.35209979686235,85.84
yes,,27.690755665478385,85.35188436822135,84.4
yes,,27.6907482791612,85.35179992137567,74.56
yes,,27.690065500022218,85.35116954998445,121.01
yes,,27.69013081352076,85.35116289490288,143.4
yes,,27.69424424598577,85.34629907665268,103.71
yes,,27.69426884317254,85.34620810851249,115.27
yes,,27.694314081240762,85.34659760715742,25.15
yes,,27.69430277371761,85.34670863828794,104.99
yes,,27.694218865339195,85.34669855572153,228.04
yes,,27.694294349524036,85.34654430614873,25.95
yes,,27.694313119290527,85.34644310244677,28.88
yes,,27.694317930236142,85.34637106641246,58.6
yes,,27.694222144287775,85.34653114468557,87.66
yes,,27.693981947850723,85.34654118881579,126.06
yes,,27.6939758546802,85.34666560313629,157.37
yes,,27.694082509926517,85.34660121092966,113.72
yes,,27.69390300247154,85.34600863448523,173.28
yes,,27.69387980000119,85.34625034999733,146.84
yes,,27.694024609279545,85.34623265271937,122.16
yes,,27.69410392619454,85.34634003573963,105.9
yes,,27.694128474020523,85.34625211259356,83.7
yes,,27.693992079279745,85.34643138342052,126.02
yes,,27.693885633644566,85.34579649595825,52.78
yes,,27.693882653069263,85.34589318591146,61.87
yes,,27.693910445444565,85.34611205926656,96.83
yes,,27.69347857633885,85.34599247389946,143.67
yes,,27.693513089441065,85.34582846671125,131.3
yes,,27.69362066819627,85.34612622957955,144.43
yes,,27.693745477585516,85.34605817929675,154.95
yes,,27.69374426161055,85.34591211126923,58.7
yes,,27.693758244451036,85.3458134801566,138.15
yes,,27.693545750006972,85.34685625000044,86.37
yes,,27.693476841733876,85.34684233676079,79.76
yes,,27.693409723359522,85.34644685327201,125.95
yes,,27.693406377607538,85.34659813577926,153.14
yes,,27.693715046057218,85.34649038507708,35.73
yes,,27.693645522025324,85.34646800444439,87.73
yes,,27.69353869745306,85.34647094931037,111.42
yes,,27.69352504700973,85.34656794899412,146.46
yes,,27.693536151716057,85.34668263842126,135.57
yes,,27.693655581907436,85.34669841370618,134.2
yes,,27.693721534968944,85.34663526058354,40.1
yes,,27.693840322295646,85.34663315598213,80.63
yes,,27.69382608706967,85.34672167195006,147.7
yes,,27.69386230000775,85.34640999999893,149.57
yes,,27.693659594033768,85.34697512229458,43.37
yes,,27.693695373919038,85.34702858421616,104.13
yes,,27.69367011492012,85.3471813752215,105.26
yes,,27.693755828793687,85.34720399815617,116.89
yes,,27.69379757660932,85.34703992874606,165.66
yes,,27.69388301617096,85.34691914493293,75.09
yes,,27.693800506906666,85.34689397313606,111.39
yes,,27.693625985866746,85.34686955070823,119.28
yes,,27.693308532778925,85.34713021705407,110.69
yes,,27.69340442281126,85.3471327007482,125.19
yes,,27.693289582160435,85.34690425723322,39.5
yes,,27.693322038853157,85.3470197900593,92.92
yes,,27.69334948201175,85.34693043116746,78.09
yes,,27.693423599471753,85.34697362677409,115.83
yes,,27.693504500369475,85.34697710145876,113.24
yes,,27.693508752853745,85.34712130059077,99.73
yes,,27.693492557536697,85.34720826412844,118.72
yes,,27.693732256575906,85.34621025202291,152.56
yes,,27.693495699900378,85.34614154997551,84.11
yes,,27.694193705269086,85.34684818771478,186.14
yes,,27.694070988815803,85.34681330104561,130.13
yes,,27.693967339874444,85.34697993170862,77.92
yes,,27.69400472709842,85.34691988008467,124.21
yes,,27.694137677478036,85.34697469704092,126.31
yes,,27.694124966515986,85.34712283520606,81.56
yes,,27.69420387076056,85.34713941221959,94.83
yes,,27.693962819166668,85.34680612631381,99.43
yes,,27.69392827823244,85.34717913128664,94.4
yes,,27.693999993534423,85.34722737181178,86.4
yes,,27.69401167099515,85.34713402138772,88.35
yes,,27.69400600579817,85.34704617302422,118.16
yes,,27.694085192553676,85.34723026371492,102.56
yes,,27.69415350837276,85.34723695390676,81.02
yes,,27.694286237309324,85.34581128660014,85.49
yes,,27.694430073127876,85.34590798582326,89.4
yes,,27.69447323896787,85.34646672806683,90.52
yes,,27.694044494532793,85.34600692284232,20.07
yes,,27.694150112053194,85.34606083478559,132.25
yes,,27.694168600009935,85.34531550000126,76.23
yes,,27.69420504934781,85.3454514003346,119.39
yes,,27.69428299866315,85.34545449661479,98.73
yes,,27.694077250342673,85.3461606573328,53.67
yes,,27.69438520000921,85.34472285000241,59.59
yes,,27.694281717069273,85.34481973896635,103.59
yes,,27.694168364430357,85.34492250745097,64.74
yes,,27.69488063563023,85.34481627160595,49.83
yes,,27.69459872488408,85.3451721891352,31.38
yes,,27.694625737054253,85.34522477405449,49.06
yes,,27.694655871360606,85.34500730903778,72.35
yes,,27.694489630557264,85.34492223546572,82.38
yes,,27.69473619169157,85.3450955224939,56.21
yes,,27.693928670351372,85.34499330829523,104.32
yes,,27.693951928296386,85.3449017271022,126.71
yes,,27.693776600356998,85.3452181656739,34.18
yes,,27.693670182807246,85.34521166585839,59.59
yes,,27.693775865846536,85.3448975496652,106.08
yes,,27.693707961777537,85.34488738249897,53.43
yes,,27.69343468126869,85.34502328912244,163.29
yes,,27.6935555812513,85.34479207950605,99.43
yes,,27.693435127521486,85.34582880030587,62.92
yes,,27.693377887716405,85.34580749026325,51.6
yes,,27.693313115544818,85.34592631754391,75.65
yes,,27.69442897796296,85.34682633713612,39.66
yes,,27.6943998500094,85.34698695000118,93.07
yes,,27.69558548532176,85.34720395685092,67.46
yes,,27.695400546115952,85.35034288054301,87.8
yes,,27.695126003873607,85.35099300248703,129.28
yes,,27.69516568239954,85.35090604665487,136.83
yes,,27.695141409051484,85.35079285925154,41.22
yes,,27.69522021193507,85.35081177682561,120.67
yes,,27.69508047516283,85.35105939974622,126.73
yes,,27.694963258514353,85.35120056973015,47.46
yes,,27.694930461197828,85.35124884119959,70.31
yes,,27.695005248764573,85.35127949980709,91.91
yes,,27.695581384532954,85.35101450293921,97.06
yes,,27.695252323082634,85.35116963635123,114.01
yes,,27.69533847424098,85.351233072924,90.08
yes,,27.695655647356144,85.35129280845231,59.2
yes,,27.695560010218667,85.35145381438399,47.72
yes,,27.695375300007726,85.35147159999286,67.71
yes,,27.695382943955675,85.35176676222457,86.01
yes,,27.695309637766915,85.35181223767601,81.42
yes,,27.695269481034416,85.35171526146146,88.87
yes,,27.695349657578383,85.3520132178511,113.08
yes,,27.695313333133473,85.35231210069334,43.81
yes,,27.695258059017227,85.35234878865226,44.75
yes,,27.69526138950375,85.35222687683988,110.66
yes,,27.69514523077667,85.35210506060918,69.47
yes,,27.69536335000381,85.35226184999807,52.38
yes,,27.695617751867147,85.3518365313891,67.39
yes,,27.69554972931374,85.35193065755468,49.25
yes,,27.69556054564877,85.35205308485699,37.36
yes,,27.694499549088704,85.35167224216156,38.1
yes,,27.69433797741541,85.35176209590868,29.63
yes,,27.69413425000045,85.35187345000116,18.58
yes,,27.69469003363881,85.3501737325783,100.76
yes,,27.694407201940972,85.35011438900888,48.55
yes,,27.694547095181296,85.35041641359774,73.08
yes,,27.694472000007032,85.35035950000184,64.95
yes,,27.69476505579891,85.35047195460903,39.73
yes,,27.694752350850564,85.35040549434734,65.86
yes,,27.694502599700904,85.35048485252722,36.08
yes,,27.694544540911274,85.350677970884,74.75
yes,,27.694345586227175,85.35042649338486,51.44
yes,,27.694330096283345,85.35068779968745,89.06
yes,,27.694530850010324,85.35083355000667,96.37
yes,,27.69432758541227,85.35098036588597,37.46
yes,,27.69431230018644,85.35111741028602,33.39
yes,,27.694233584575013,85.35101099985411,72.06
yes,,27.694160163585444,85.35036144948289,32.86
yes,,27.694193709820183,85.350689451365,61.41
yes,,27.694211467928813,85.35060776250234,73.08
yes,,27.694232971487878,85.35051397690452,88.46
yes,,27.694100210894597,85.35081447145355,45.19
yes,,27.69412454026168,85.35071045307882,50.9
yes,,27.694067605455757,85.35060050877354,64.89
yes,,27.69408469929355,85.35042124717312,83.46
yes,,27.69372382950766,85.35011956220882,73.32
yes,,27.69386295000258,85.35095745000012,37.71
yes,,27.693900011753406,85.3508800786615,36.74
yes,,27.694066218223472,85.35106443651972,82.68
yes,,27.694128178070827,85.35105173335694,95.96
yes,,27.69371301393163,85.35129002510776,90.19
yes,,27.693793476516586,85.35129783968904,94.54
yes,,27.69387304332998,85.35131055198373,95.97
yes,,27.693954239882437,85.35130376106227,102.23
yes,,27.693466799727698,85.35125292221093,72.7
yes,,27.693547892354868,85.35126560506944,105.85
yes,,27.693632514029044,85.35128551011125,88.82
yes,,27.693870650252336,85.35166631171315,219.4
yes,,27.69376566735201,85.35168052811552,157.44
yes,,27.693664749020577,85.35168042441333,174.78
yes,,27.69357503439378,85.35165901152152,70.67
yes,,27.693519735553135,85.35165530228561,51.32
yes,,27.69343309518273,85.35164353860927,169.4
yes,,27.69327830668897,85.35158201397753,82.45
yes,,27.69334483170046,85.35160997331171,73.18
yes,,27.694335861815933,85.35140628172299,133.31
yes,,27.69425502687039,85.35148115909054,133.94
yes,,27.694176072735857,85.35150478306188,63.1
yes,,27.694126113112056,85.35157247630652,115.41
yes,,27.69404254262154,85.35159092954974,90.89
yes,,27.693971854619058,85.35162370237293,79.75
yes,,27.694411735902495,85.35134625806167,113.18
yes,,27.69493990478994,85.35028942934379,112.3
yes,,27.694906911690993,85.3504432762603,67.62
yes,,27.694892017255658,85.35052157448276,52.32
yes,,27.694870928208385,85.35056989667565,57.18
yes,,27.69483270000631,85.35063774999776,110.8
yes,,27.69479678360356,85.35072983981263,109.2
yes,,27.69475135000819,85.3508284000016,115.85
yes,,27.694714382925746,85.35091067197078,72.82
yes,,27.694664980274744,85.3509810319275,108.58
yes,,27.694620510327493,85.35106215365049,62.41
yes,,27.69459700263834,85.35113447515037,64.25
yes,,27.694551520698838,85.35121407245978,162.05
yes,,27.69449830006304,85.35129076444426,86.83
yes,,27.69446481716147,85.35134950612526,78.02
yes,,27.69450852146944,85.35242448444527,45.85
yes,,27.69509557332606,85.35201823541152,52.09
yes,,27.695367777390995,85.34751096785955,166.34
yes,,27.694728031039595,85.34771308027021,58.08
yes,,27.69465227964216,85.34746093895609,50.95
yes,,27.69539320752969,85.34779281909077,71.88
yes,,27.695200900001733,85.34797134999774,38.62
yes,,27.695265005272066,85.34815041961187,12.42
yes,,27.69541185009939,85.34838091094936,37.17
yes,,27.695254370718487,85.34895840055377,32.2
yes,,27.694691186146265,85.34812738019059,108.35
yes,,27.694450524195517,85.34785738475826,95.3
yes,,27.693985279831125,85.34749760642566,47.84
yes,,27.694161200003233,85.3473919499999,51.56
yes,,27.6940544512727,85.34735287807177,69.1
yes,,27.693775416684808,85.34817011605723,42.35
yes,,27.694032144678797,85.34814094852749,104.96
yes,,27.69395576541151,85.34817203050413,39.92
yes,,27.69430182114256,85.3483581753964,54.49
yes,,27.691821717844572,85.34863717238066,67.91
yes,,27.691867536219455,85.34856397988148,71.36
yes,,27.69190705048957,85.34846813533835,115.86
yes,,27.691727011817935,85.3483731975741,78.93
yes,,27.691742342980078,85.34848933249654,73.21
yes,,27.691810593957435,85.34842039208456,92.99
yes,,27.691603268044865,85.34819564072518,56.9
yes,,27.691541950004137,85.34831454998042,49.85
yes,,27.691686149976533,85.34804338343385,131.88
yes,,27.69162614812875,85.34798751823834,121.85
yes,,27.691950166769203,85.34826202571543,168.48
yes,,27.691767529641073,85.34817975365772,93.33
yes,,27.691788329888325,85.34805883713379,108.54
yes,,27.69188335129758,85.34815276599397,69.13
yes,,27.69220923620601,85.3484878858566,65.74
yes,,27.69222370290483,85.34840300847158,87.86
yes,,27.692235857455035,85.34831830515691,71.9
yes,,27.69234936035101,85.34835638125335,134.55
yes,,27.692425956866913,85.34835862188915,108.83
yes,,27.69253503304575,85.34837846608208,97.37
yes,,27.692469742568843,85.34858579883385,95.4
yes,,27.692534595028857,85.3486429143804,114.29
yes,,27.692622308919983,85.34867051538019,89.42
yes,,27.692785950009224,85.34860600000253,116.93
yes,,27.692863846819478,85.34863751605293,121.16
yes,,27.691381461876222,85.348495063149,154.53
yes,,27.691472629057298,85.34848228511687,193.03
yes,,27.691584335656216,85.34878855982882,168.04
yes,,27.691576686922716,85.34869125966685,136.21
yes,,27.69144837574277,85.34864987936888,124.33
yes,,27.69153033151232,85.34859570493498,146.16
yes,,27.692708761414345,85.3490257383992,140.84
yes,,27.692786062060467,85.34905881593559,89.47
yes,,27.69268720988054,85.34934054077438,220.73
yes,,27.69274850238685,85.34919485161686,155.56
yes,,27.692205752587174,85.34884259622214,234.39
yes,,27.692337787279282,85.34892310345477,202.19
yes,,27.692230177827163,85.3487298471538,108.64
yes,,27.69235415946257,85.3488066904372,169.79
yes,,27.69230628537717,85.3486631950198,226.7
yes,,27.69204266085907,85.3483738808665,81.35
yes,,27.692117326326766,85.34839831922709,113.01
yes,,27.692091696670225,85.34863333261487,157.46
yes,,27.692019568263362,85.34875079065122,126.48
yes,,27.692041591070325,85.34928611494871,124.73
yes,,27.69214704551238,85.34907956812854,136.39
yes,,27.69194069379709,85.34885635244135,219.84
yes,,27.692043813029564,85.34890656032933,110.21
yes,,27.69182336407481,85.34880923729781,95.72
yes,,27.69172887888985,85.34857947415216,64.38
yes,,27.691610787364347,85.34814285696224,53.92
yes,,27.691517039616336,85.3481920008561,74.35
yes,,27.691514600012464,85.34812575002508,52.64
yes,,27.6916510500047,85.34842684998897,69.83
yes,,27.691672859817462,85.34829976083708,112.97
yes,,27.691414735149653,85.34791588966729,48.99
yes,,27.69142890090084,85.34805859840041,45.47
yes,,27.69107700196665,85.3477423423684,71.78
yes,,27.691109886109018,85.34780586454515,49.51
yes,,27.691308072487583,85.347453626747,63.46
yes,,27.691519340126405,85.34757799771565,216.12
yes,,27.691660693227536,85.34747153074264,128.34
yes,,27.69147696607828,85.34802350324696,28.65
yes,,27.69193351407997,85.34778638191234,1094.86
yes,,27.693011799451003,85.34880445198189,45.51
yes,,27.693006586263976,85.34889748942825,37.03
yes,,27.69292590126765,85.34896131234159,151.69
yes,,27.692973416025687,85.34872711725427,65.25
yes,,27.69293158580696,85.34886590844643,87.97
yes,,27.69293633920895,85.34878471984568,88.6
yes,,27.692847035404856,85.34913000817878,100.18
yes,,27.692846792425275,85.34927067726971,175.31
yes,,27.69250162307286,85.34922528652397,183.76
yes,,27.69242639585884,85.34913616921803,100.09
yes,,27.692312604376404,85.34903818268963,62.31
yes,,27.692366017620532,85.34920166760502,185.37
yes,,27.692555507207597,85.349426302744,127.35
yes,,27.692487455635796,85.34940049345292,87.05
yes,,27.69242627841716,85.34933985954734,111.69
yes,,27.69231074141373,85.34931760793202,193.55
yes,,27.692637081519887,85.34964404123554,171.99
yes,,27.692627442326867,85.34948700166885,131.98
yes,,27.692539395741672,85.34959152272826,124.33
yes,,27.692343746079494,85.34946799994522,189.53
yes,,27.692442070438172,85.34953218931257,267.02
yes,,27.692217104480243,85.3494810398659,95.14
yes,,27.69225207636983,85.34941213665128,107.03
yes,,27.692009582829336,85.34974559902882,114.18
yes,,27.69211423950256,85.34969328025038,186.32
yes,,27.692154209509543,85.3496122407374,90.09
yes,,27.69218665992235,85.34954916871835,92.14
yes,,27.692020369835024,85.34959697581573,136.68
yes,,27.69203295870478,85.34982961522805,74.16
yes,,27.692094673611034,85.34979060543556,57.62
yes,,27.69209677634007,85.34950619034309,114.73
yes,,27.691920461099233,85.34933662782922,55.25
yes,,27.692103523182848,85.3491853045017,90.76
yes,,27.692129735192893,85.3493599711689,55.13
yes,,27.69214519239713,85.34930579661344,48.35
yes,,27.692169056301783,85.34923765925801,66.16
yes,,27.692095215720975,85.34830073430287,40.06
yes,,27.69216242065096,85.34829202518644,83.9
yes,,27.69214515631606,85.34853658905772,68.84
yes,,27.692615900675555,85.34857660233777,111.9
yes,,27.69194076826505,85.34949655574059,39.2
yes,,27.6919568946022,85.34954590136287,62.12
yes,,27.69196211863278,85.3496732895916,66.11
yes,,27.692213328065108,85.34973620490518,82.94
yes,,27.6922985072631,85.3495972129433,82.24
yes,,27.69238867027193,85.34989246817067,70.97
yes,,27.692444730265425,85.34981084886417,63.69
yes,,27.692487333408003,85.3497495879952,27.74
yes,,27.692262789418965,85.34976489854267,82.86
yes,,27.692273050832117,85.34965848321995,81.61
yes,,27.692364632384738,85.34973939120744,147.33
yes,,27.692437355745984,85.34973297395118,26.63
yes,,27.692397310706102,85.34964655124125,87.14
yes,,27.692488162263427,85.34968191288571,65.04
yes,,27.69230549109558,85.34985082048715,50.6
yes,,27.692350327022627,85.34982791604538,35.53
yes,,27.692362573930073,85.35002616165096,73.52
yes,,27.692295650002617,85.34999834999611,39.94
yes,,27.69233589415486,85.3499547219067,55.18
yes,,27.69210775926124,85.34991027930882,106.24
yes,,27.692189445734652,85.3499384238261,125.72
yes,,27.692176051823655,85.34982978537812,38.95
yes,,27.692251663757343,85.34988655444216,106.41
yes,,27.692534615851745,85.34974966802638,52.18
yes,,27.692054652944496,85.35000737039526,76.77
yes,,27.691232391908773,85.34821037453237,38.54
yes,,27.69117879951723,85.34820180029077,108.39
yes,,27.691103309325015,85.34815370796977,189.49
yes,,27.690954029856048,85.34815834781494,21.89
yes,,27.691027586610833,85.34809932785814,99.93
yes,,27.690980130298534,85.34803290893241,142.27
yes,,27.6910520845653,85.34835741971722,44.89
yes,,27.69109732951912,85.3482922522454,81.56
yes,,27.691034922517446,85.34825560277585,58.76
yes,,27.69109018249448,85.34840860614712,48.14
yes,,27.691030689309432,85.34843250886857,36.71
yes,,27.690983123356197,85.34841090339003,26.47
yes,,27.690981603976027,85.34830116647761,37.85
yes,,27.690975287371355,85.34820979711762,22.61
yes,,27.691202160069878,85.34838339614578,101.59
yes,,27.69116078438155,85.3483302461947,101.57
yes,,27.691271867970336,85.34826811511685,138.86
yes,,27.691131669758477,85.34860955318497,59.59
yes,,27.69118985718762,85.34862684126362,59.2
yes,,27.691174039261107,85.34855742421487,34.56
yes,,27.6912572506231,85.34858399099544,117.43
yes,,27.691337446521032,85.3485658585312,36.94
yes,,27.691122760640773,85.34848841656357,68.95
yes,,27.691187656433655,85.34847169011287,68.9
yes,,27.691279211995145,85.34851895902841,53.7
yes,,27.69128637468759,85.34845583994644,46.66
yes,,27.691010250926446,85.34851715455113,73.48
yes,,27.691002289358227,85.34865793289542,17.68
yes,,27.691062654882746,85.34864120225579,90.92
yes,,27.69107116930147,85.34852514041035,83.29
yes,,27.691479975683002,85.34878044288148,105.18
yes,,27.69169764068896,85.34906503342188,82.71
yes,,27.691687810974614,85.34900516639235,36.2
yes,,27.691682947721134,85.3489282338859,86.92
yes,,27.69164005823823,85.34884363520631,82.47
yes,,27.695145204019568,85.34899004823498,202.23
yes,,27.69567469999964,85.3490390999985,22.82
yes,,27.695677330453197,85.34897849344182,22.37
yes,,27.695658350001658,85.34910139999961,36.98
yes,,27.695630806765113,85.34916298853216,43.91
yes,,27.695621299998937,85.34922824999906,58.36
yes,,27.695597249987816,85.34932044999486,134.68
yes,,27.695524280475922,85.34951905406604,101.48
yes,,27.69562461549435,85.34952346740157,155.51
yes,,27.69548464999938,85.34963649999936,34.8
yes,,27.695548217335194,85.34983324201225,682.23
yes,,27.695531770000635,85.3501047226715,355.6
yes,,27.695437715301978,85.35000633150634,178.03
yes,,27.695005692262164,85.34988723609675,50.29
yes,,27.695099653718643,85.34966035479037,55.47
yes,,27.695060642520332,85.34973467966653,88.57
yes,,27.694990700001615,85.34999249999785,92.01
yes,,27.695385042453392,85.34868971236081,77.71
yes,,27.695341220952027,85.34875215700353,29.79
yes,,27.694829906052203,85.34869446794194,65.62
yes,,27.69484829001581,85.34876958643167,87.7
yes,,27.694967068436636,85.34884411725147,69.45
yes,,27.69504487403652,85.34875084709402,129.15
yes,,27.694663772578547,85.34876026784498,92.56
yes,,27.694571099908483,85.34872553761815,128.45
yes,,27.694519468811446,85.34887938858988,86.77
yes,,27.695043966180208,85.34901761253893,101.2
yes,,27.695055431249163,85.34915991345432,126.53
yes,,27.694982150004048,85.34962495000028,52.97
yes,,27.695004319740573,85.34953549893483,74.86
yes,,27.695039348524787,85.34935389336518,254.22
yes,,27.69487352097266,85.34961605775777,113.98
yes,,27.694864161295946,85.34970004476648,88.53
yes,,27.694852202550692,85.34978759523945,123.02
yes,,27.694663361339817,85.35004702676707,41.7
yes,,27.694869263631915,85.34994339914782,56.42
yes,,27.694799249997075,85.34989554999848,53.78
yes,,27.694677872254488,85.3499190364969,70.1
yes,,27.69457884726966,85.35000820976767,80.16
yes,,27.694605166553334,85.34990706670357,74.75
yes,,27.694583401411684,85.34971038825037,99.75
yes,,27.694673052854256,85.34953902204307,50.89
yes,,27.694684593370447,85.34961368570065,45.19
yes,,27.69458413371751,85.34955492397262,78.09
yes,,27.694629727508847,85.34960685406749,64.53
yes,,27.69465652415841,85.34972112902815,98.38
yes,,27.694741627741685,85.34971677386837,81.5
yes,,27.69476161672609,85.34961442633579,59.69
yes,,27.694788648693603,85.349547031098,31.61
yes,,27.694867516829458,85.34899094952443,80.01
yes,,27.694935961115505,85.34899886736223,124.53
yes,,27.69493421703445,85.3491175610636,83.91
yes,,27.694898055373464,85.34936410809628,101.07
yes,,27.694824531927708,85.34948143110375,82.06
yes,,27.69472097560356,85.34946378566455,102.25
yes,,27.694763316420005,85.34929306690312,68.53
yes,,27.694779742456358,85.34920715950454,94.41
yes,,27.694791714072718,85.34906907443464,49.53
yes,,27.694719500000737,85.34900554999983,51.07
yes,,27.69464365616945,85.3490530253241,40.99
yes,,27.694607900004755,85.34916035000026,34.36
yes,,27.69462395937577,85.34930203103998,148.99
yes,,27.694477260523577,85.34971721171291,71.35
yes,,27.69447535457606,85.34962606854651,100.68
yes,,27.694495851556955,85.34953096937404,99.26
yes,,27.694537276185525,85.34942609926061,155.2
yes,,27.694505433926267,85.34926524800625,82.0
yes,,27.694519754444485,85.34914748765561,71.01
yes,,27.69452804193779,85.34904478036569,59.55
yes,,27.694488235629205,85.34988068285313,116.92
yes,,27.694428969710298,85.34999326282521,84.9
yes,,27.693687247305604,85.34857891757518,97.53
yes,,27.693641549589543,85.34863165913096,74.55
yes,,27.693596702640967,85.348689874033,104.49
yes,,27.693254527871595,85.34911093899936,86.58
yes,,27.693539306683427,85.34904378383844,101.11
yes,,27.693600900007013,85.34925715000234,50.62
yes,,27.693601068875072,85.34939185399786,87.14
yes,,27.693273909138366,85.34899245445409,88.1
yes,,27.693703376795977,85.34904444161764,25.39
yes,,27.693222771191227,85.3492232587084,90.92
yes,,27.693697493478528,85.34911709375521,61.33
yes,,27.693719580898662,85.3492055106822,76.16
yes,,27.69369759016296,85.34932408864951,123.51
yes,,27.693722700001395,85.34944194999872,47.02
yes,,27.693669493420767,85.3495218704814,114.88
yes,,27.69342854912882,85.3494579496016,80.71
yes,,27.693529396916276,85.34951935794324,62.81
yes,,27.69353619602134,85.349631439922,101.97
yes,,27.693647162654692,85.34967706435918,91.6
yes,,27.6936229616544,85.34973835333848,65.33
yes,,27.693553715018933,85.35008868265135,16.0
yes,,27.69360910548034,85.34983256117866,76.35
yes,,27.693528570574568,85.34979222094083,81.14
yes,,27.693493741356786,85.34986691854145,87.0
yes,,27.693465817467505,85.34994943520994,89.78
yes,,27.69344553562776,85.35008020318121,88.53
yes,,27.693398122117884,85.35001881560214,68.93
yes,,27.69332692290838,85.35004167869945,35.04
yes,,27.693348307116572,85.34996606564488,51.41
yes,,27.69325605445214,85.34992083304591,49.67
yes,,27.69341101858915,85.34974694173415,95.82
yes,,27.693338063524124,85.3497070573261,80.25
yes,,27.693336237588728,85.34981936533258,110.99
yes,,27.69143601957124,85.34837608517331,39.96
yes,,27.691578559698257,85.34893341460793,156.64
yes,,27.691509273473535,85.34894401137807,85.39
yes,,27.691361600673012,85.34878705921449,51.73
yes,,27.691306120651916,85.34869967336259,84.83
yes,,27.691375816871723,85.34870749937194,26.76
yes,,27.691347163295994,85.34864406398978,60.32
yes,,27.691203438106935,85.3487295221896,220.86
yes,,27.691107078341954,85.34888375853397,145.43
yes,,27.691211175673935,85.34886002081682,183.77
yes,,27.691301814995242,85.34881180212788,59.64
yes,,27.691016049621144,85.34875858213267,34.37
yes,,27.691076790635375,85.34874819764318,145.45
yes,,27.691446945978093,85.34896755629626,163.14
yes,,27.691204146350792,85.34897329373524,84.2
yes,,27.691293432792968,85.34895766672653,93.42
yes,,27.691323994449892,85.34887456590808,45.72
yes,,27.69139270757325,85.34887484021104,64.26
yes,,27.691422674283107,85.348806701494,53.11
yes,,27.69139100124855,85.3491746662656,57.3
yes,,27.69143209316104,85.34915490064583,34.08
yes,,27.691474138766498,85.34910629535973,94.08
yes,,27.691336351237695,85.34906440186812,117.27
yes,,27.69137936635621,85.34900055588807,113.26
yes,,27.691532254714048,85.34906486977366,49.79
yes,,27.69160340074517,85.34914616301224,58.21
yes,,27.69163405482884,85.34925257839004,69.62
yes,,27.69160424190571,85.3490461136782,81.8
yes,,27.691507304498618,85.34919508881146,47.25
yes,,27.69155415525393,85.34915833331885,66.3
yes,,27.691434548012264,85.34924950787021,22.26
yes,,27.691465978032713,85.34922730452075,38.76
yes,,27.691526601390656,85.34929685263764,98.21
yes,,27.691581350008864,85.34926859999429,64.41
yes,,27.691033608943588,85.34956476701812,426.02
yes,,27.692009714095498,85.34942350944623,86.11
yes,,27.690171901370817,85.34739801626512,98.73
yes,,27.690068065833177,85.3476333928928,75.11
yes,,27.69000526353017,85.34760198086803,37.68
yes,,27.689988009221448,85.34753724183605,61.47
yes,,27.690085103542636,85.34746868854472,121.1
yes,,27.690087544155148,85.34776689291299,78.84
yes,,27.69013288229898,85.34770906888484,120.26
yes,,27.689996841501134,85.34768364547085,98.77
yes,,27.690165898219536,85.3478008747294,37.37
yes,,27.690218128799557,85.3477588905602,46.78
yes,,27.6901514949016,85.34756190914351,65.09
yes,,27.69023564861325,85.34747526282501,116.37
yes,,27.69019010567945,85.34761596924399,83.02
yes,,27.690299196673504,85.34759378269703,121.84
yes,,27.689596031599212,85.34744621538144,210.41
yes,,27.689672551028337,85.34752423634215,165.69
yes,,27.68975239538865,85.34758345900448,110.57
yes,,27.689810500006676,85.34763705000842,82.56
yes,,27.689911490910735,85.3477526107704,179.76
yes,,27.68975492764011,85.34742320342455,140.44
yes,,27.689911488963585,85.3474481508514,84.82
yes,,27.68986362388744,85.34739395451572,71.5
yes,,27.68951993835125,85.34766022676563,243.88
yes,,27.6895799010832,85.34775984688343,104.83
yes,,27.689642480992234,85.34781618442034,138.1
yes,,27.689706078038803,85.34772365018728,92.89
yes,,27.689787700007944,85.34782005000882,98.24
yes,,27.68929083913815,85.3474278071107,81.95
yes,,27.689420955723318,85.34747704858613,80.85
yes,,27.68923409357228,85.34749980079457,115.11
yes,,27.689293872785353,85.34760194896784,131.66
yes,,27.688906113634083,85.34784675151764,324.35
yes,,27.690558793127014,85.34951032316242,123.53
yes,,27.68931965297147,85.34930434006127,116.55
yes,,27.689338228125052,85.34945555470868,145.38
yes,,27.689454210596047,85.3492805578646,112.83
yes,,27.68931951295665,85.34920466514929,94.08
yes,,27.689635500005245,85.34920430000395,40.07
yes,,27.68957711864271,85.34911734143802,128.17
yes,,27.690004181799967,85.34933722354108,100.39
yes,,27.690098505249512,85.34931612054162,148.95
yes,,27.689835427941418,85.34916985172742,133.69
yes,,27.68842676791092,85.34872450129933,106.36
yes,,27.690243729039164,85.348202509767,142.34
yes,,27.6901711850363,85.34821530022883,124.56
yes,,27.69010331004105,85.34823310777466,130.12
yes,,27.68998305000429,85.34828889999996,89.61
yes,,27.69032785404239,85.34811635836064,207.36
yes,,27.69038064578064,85.3481691995527,101.14
yes,,27.690414421094694,85.34821608921278,34.72
yes,,27.690443179283992,85.34806344048846,148.01
yes,,27.690505174308395,85.3480517012595,77.9
yes,,27.69048187950198,85.34819981137424,51.31
yes,,27.690568589191795,85.34811122143596,247.26
yes,,27.690608448706566,85.34827141171903,44.69
yes,,27.690654802399703,85.3484013824944,39.88
yes,,27.69068557773497,85.34831394644793,249.47
yes,,27.69062115000294,85.34818295000346,35.39
yes,,27.690669837089597,85.34812843302848,45.64
yes,,27.690802600004194,85.3488414500004,90.76
yes,,27.69077812823944,85.34875151629957,91.2
yes,,27.69075911283978,85.3486567596355,134.81
yes,,27.690739134285185,85.34850649379885,302.58
yes,,27.68899856718333,85.34887013103328,78.74
yes,,27.69546638306803,85.34855128997239,143.96
yes,,27.69499016537867,85.34811068356309,88.76
yes,,27.694552756958863,85.3479914520867,135.3
yes,,27.69472070058022,85.34820025669016,95.76
yes,,27.694785705763906,85.34826136758782,131.24
yes,,27.69473678620018,85.3485573716799,246.78
yes,,27.693901934568604,85.3477915575039,30.95
yes,,27.693832057148022,85.3477681692942,65.55
yes,,27.694003916151495,85.3477105894702,51.23
yes,,27.69336040444702,85.3474120684198,81.86
yes,,27.69419658129939,85.3485947800739,149.51
yes,,27.69408958212622,85.34859717309664,90.05
yes,,27.69402004454752,85.34860554128184,62.49
yes,,27.69348408563479,85.34864011264634,117.84
yes,,27.69339385000387,85.34821109998082,65.06
yes,,27.694401184434234,85.34869705100036,116.45
yes,,27.693810027954815,85.34861544603979,87.36
yes,,27.69429069559206,85.34923952412126,119.74
yes,,27.694379797223068,85.34924956210438,101.75
yes,,27.69436960244597,85.34914048545134,96.42
yes,,27.694385051381985,85.34904320842658,93.6
yes,,27.694317563574366,85.34882834855587,124.3
yes,,27.694408552360972,85.34886424991599,162.96
yes,,27.693955321288136,85.34907255574619,106.56
yes,,27.69407123722055,85.34915028466519,133.69
yes,,27.69409224419064,85.3490308099865,98.93
yes,,27.694167960380934,85.34903736905272,102.05
yes,,27.694168368977977,85.34913647847046,76.62
yes,,27.694194611172,85.3493674254196,113.68
yes,,27.694191807565645,85.34923134069189,121.3
yes,,27.694252060397062,85.34913837753085,68.72
yes,,27.69377720000272,85.34868859999371,86.65
yes,,27.693764282496833,85.34880514817489,123.08
yes,,27.6940188501355,85.34874445084684,72.51
yes,,27.693974638571046,85.34881804825534,147.83
yes,,27.694133521908864,85.3488784346931,133.32
yes,,27.693765399427562,85.34913575662482,73.29
yes,,27.693777476552746,85.3490652649406,51.87
yes,,27.693765858759885,85.34897593432066,165.31
yes,,27.693997732878227,85.34964202477335,125.94
yes,,27.693905985763415,85.34961926116887,124.21
yes,,27.693912921974587,85.34949552610237,106.87
yes,,27.693852573067968,85.34933704334321,111.66
yes,,27.693801975543384,85.3495632794892,103.75
yes,,27.69355081457654,85.35000638567136,94.22
yes,,27.694198050003184,85.35005044999834,75.71
yes,,27.694008937868414,85.35001791839821,136.37
yes,,27.69388515001461,85.34997995000694,153.7
yes,,27.693726593038907,85.34990886789588,181.39
yes,,27.693809519320848,85.34991439364471,98.41
yes,,27.693790445193283,85.34976038728993,89.57
yes,,27.693866659781918,85.3497680947147,129.25
yes,,27.693964800002142,85.34985204999437,115.26
yes,,27.69409810116748,85.34988795796613,118.56
yes,,27.694191502612963,85.34992594982806,115.3
yes,,27.69428261609554,85.34994909180497,108.07
yes,,27.694345937563657,85.34942003289369,101.92
yes,,27.69437562718672,85.34951224417382,54.34
yes,,27.69434275140881,85.34966055089046,112.92
yes,,27.694275677104617,85.34968499129059,113.77
yes,,27.693953206216694,85.3492544780979,101.98
yes,,27.694167634693706,85.34961211020442,150.62
yes,,27.694073267424496,85.34928379210106,134.27
yes,,27.694052890025485,85.34937852108564,60.46
yes,,27.69404100239662,85.34944072828914,70.13
yes,,27.6940195000058,85.34952594999864,120.49
yes,,27.692253299997432,85.35215954992306,320.0
yes,,27.69210981816225,85.35251665290365,32.21
yes,,27.692666958422542,85.35156903153418,41.69
yes,,27.69272764280809,85.35159531922402,51.88
yes,,27.692810699997494,85.3516305999913,49.18
yes,,27.692869754489298,85.35165269078126,19.7
yes,,27.693069330939757,85.35177404222983,31.05
yes,,27.692444046820565,85.35143931710171,46.9
yes,,27.692510699979575,85.35147781668482,68.25
yes,,27.69256352417593,85.35150599677031,35.54
yes,,27.691226493118084,85.35189952243572,120.72
yes,,27.691368476770943,85.35165605165065,64.55
yes,,27.69102989747914,85.35147035487407,67.97
yes,,27.69138345609638,85.3520189997106,31.21
yes,,27.69131290555251,85.35198592081395,66.02
yes,,27.690960838559512,85.35151009911067,69.45
yes,,27.69127909072517,85.35218610105898,100.26
yes,,27.693213336409357,85.34181021166101,60.04
yes,,27.69293705000101,85.3427550499972,86.29
yes,,27.692944073349054,85.34262212300793,129.23
yes,,27.6929281025263,85.34252488357782,92.38
yes,,27.6930128862919,85.34253909801848,68.93
yes,,27.6927878943482,85.34293739480998,14.04
yes,,27.692800145638866,85.34289182072685,21.07
yes,,27.69279903184381,85.34301039136112,21.82
yes,,27.692873059870372,85.34292750574372,168.65
yes,,27.692505099999714,85.34288759999586,29.67
yes,,27.692668622189014,85.34296528963425,50.41
yes,,27.692657140480836,85.34304110026902,42.21
yes,,27.6925760159077,85.34301399631627,77.82
yes,,27.69260055731381,85.34293308475483,104.26
yes,,27.69261369828295,85.34285371041521,54.66
yes,,27.692706294850833,85.34288650822975,93.84
yes,,27.69260229998977,85.34311249997808,109.95
yes,,27.692695287190023,85.34183718885998,122.92
yes,,27.692162623961906,85.34313829721056,98.21
yes,,27.69214627990085,85.34300657687034,44.46
yes,,27.69222914626234,85.34307174037416,74.65
yes,,27.692155398013764,85.34294010564646,47.53
yes,,27.692230302547202,85.34298542769938,99.93
yes,,27.69207432917627,85.34306419783981,119.89
yes,,27.69213482338942,85.34207962046197,92.42
yes,,27.692217852498704,85.34211448316312,173.91
yes,,27.69213675005045,85.34245144990604,93.21
yes,,27.692144887483284,85.3423666189385,101.35
yes,,27.692055840432637,85.34231871953017,96.67
yes,,27.692802729682672,85.34247208561715,150.05
yes,,27.68926801208669,85.34713935990762,84.7
yes,,27.68933141917322,85.34718435808716,66.08
yes,,27.689420073952384,85.34724258796479,39.84
yes,,27.68945576972838,85.34729208749451,39.01
yes,,27.68940323600857,85.34731086853543,54.28
yes,,27.689476555740804,85.34738274562852,86.22
yes,,27.68953109847925,85.34733708677916,42.66
yes,,27.68956390658617,85.34729085725634,48.76
yes,,27.68960278777128,85.34723027384194,107.27
yes,,27.68956857528296,85.34710083489621,93.6
yes,,27.689609577872297,85.3470338614952,54.38
yes,,27.68963815000289,85.34694184999931,46.21
yes,,27.68955757458295,85.3468947626673,61.65
yes,,27.68965359154706,85.34671701819146,114.15
yes,,27.689490800003142,85.3469541000005,48.83
yes,,27.689451230372224,85.34701078351927,50.53
yes,,27.689470817989722,85.34679598286495,39.33
yes,,27.689416550005856,85.34686560001168,67.1
yes,,27.689363773888093,85.34693020715225,38.14
yes,,27.689309742759075,85.3469908258566,73.4
yes,,27.689203793873386,85.34726935443186,84.82
yes,,27.689172307203357,85.34740230124343,41.49
yes,,27.689120719142824,85.3473361454633,86.55
yes,,27.68903193957425,85.34719153821041,56.12
yes,,27.689515543561978,85.3461370507976,63.36
yes,,27.68950946282171,85.34622257742268,66.78
yes,,27.689519636612825,85.34630442123903,66.54
yes,,27.68953655422836,85.34638748881034,101.65
yes,,27.689546949750394,85.34649559471576,90.72
yes,,27.68953925903847,85.34665789805005,182.04
yes,,27.689331204925967,85.34674182025078,80.34
yes,,27.689202007936707,85.34635745490803,52.78
yes,,27.689235907539352,85.34640911071428,94.48
yes,,27.68933002228296,85.34648400060678,80.16
yes,,27.689369894415904,85.34663670372501,117.87
yes,,27.68942881527026,85.3465671900162,97.6
yes,,27.689435919177154,85.34644756127632,29.27
yes,,27.6894113499932,85.34639230009178,51.86
yes,,27.689405132390853,85.34631713293176,88.46
yes,,27.689349415879597,85.34624493252107,41.4
yes,,27.689381999507592,85.34620129114126,44.81
yes,,27.68938106527037,85.34614232450767,91.97
yes,,27.689645320564175,85.34602377019804,101.33
yes,,27.68949275000211,85.34588799999977,48.26
yes,,27.689549687955335,85.34587611156726,53.45
yes,,27.6895302271915,85.34604128456515,135.82
yes,,27.689510290420202,85.34596131073657,98.86
yes,,27.689425161058832,85.34588186209653,69.62
yes,,27.689338757921558,85.34588582514841,53.64
yes,,27.689400323512267,85.34602836182533,72.42
yes,,27.689252214579657,85.3465856299877,62.46
yes,,27.689078450003045,85.34671275000053,47.95
yes,,27.68916924683769,85.34683167783575,179.69
yes,,27.689187807229438,85.3467240753103,69.44
yes,,27.689267068533127,85.34682077070113,120.48
yes,,27.68897087928993,85.34689327748725,80.61
yes,,27.689020650007073,85.34702045000004,114.31
yes,,27.6891349738201,85.34697812938124,150.38
yes,,27.689037982817876,85.34684397479857,62.54
yes,,27.6890099500054,85.34665795000468,80.73
yes,,27.68906906121054,85.34658142396353,98.81
yes,,27.68895028116595,85.34659235535058,65.3
yes,,27.68899094377676,85.34649598064176,66.59
yes,,27.689077142877363,85.34642044838866,106.05
yes,,27.68917791067079,85.34586958500674,96.44
yes,,27.689200007788283,85.34598105645182,146.71
yes,,27.68889950007583,85.34726199994093,332.72
yes,,27.688809064597603,85.34698397973483,142.59
yes,,27.688684795770065,85.34734549369789,1057.78
yes,,27.688624357511937,85.34709290755765,668.0
yes,,27.68835218483861,85.3471168992382,55.6
yes,,27.688818057236993,85.346534951274,61.78
yes,,27.688789496256245,85.34663552144016,58.64
yes,,27.688844887948232,85.34643618247661,109.69
yes,,27.688880677864937,85.34631138656692,159.7
yes,,27.688944225757073,85.34619645864724,117.34
yes,,27.688971438603563,85.34608735710086,115.29
yes,,27.68897250077817,85.34596926426316,182.02
yes,,27.688851948128452,85.34598309372133,69.21
yes,,27.688752983651085,85.34595997082346,41.36
yes,,27.688807441071003,85.34609390683065,99.0
yes,,27.68874736494854,85.34617204380669,126.83
yes,,27.688688279334446,85.3460386689622,80.75
yes,,27.68859000000482,85.34614674999447,42.33
yes,,27.68863908438738,85.34623921135463,109.11
yes,,27.688551496802123,85.34599171564088,87.36
yes,,27.688481330616888,85.34588297514806,72.78
yes,,27.688388300004174,85.3459914499972,49.11
yes,,27.688435022318156,85.3461031317531,88.01
yes,,27.688473230498584,85.34617650428291,73.54
yes,,27.68851290959431,85.34628408582174,130.65
yes,,27.688634542843932,85.34639103570709,394.22
yes,,27.68858012493774,85.34670347171861,129.84
yes,,27.688705732342658,85.34673855957108,493.14
yes,,27.688352514141958,85.34621894627475,246.03
yes,,27.688230450007413,85.34679859999514,72.62
yes,,27.688316387933263,85.34681074859623,204.17
yes,,27.688514458474813,85.3467303128215,167.36
yes,,27.688425166243988,85.34676715039261,239.89
yes,,27.688324938449608,85.34699106219287,163.97
yes,,27.688500949979176,85.34691254557403,392.46
yes,,27.690618737386256,85.33723792290685,14.56
yes,,27.690482366363696,85.33722631904634,306.34
yes,,27.690462209430567,85.33710510461529,25.4
yes,,27.68984437885878,85.33869594707792,144.9
yes,,27.68992455002253,85.33857100000338,184.29
yes,,27.68970903878719,85.33890565575159,73.54
yes,,27.689889272262814,85.33900503221835,59.09
yes,,27.689937208401584,85.33892177792136,92.11
yes,,27.691264807279627,85.34244692780237,81.92
yes,,27.691737121453833,85.34301061811121,62.36
yes,,27.691010249026053,85.34295278522012,270.67
yes,,27.690868972931046,85.34221769030314,56.7
yes,,27.690978502489013,85.34212973355697,68.38
yes,,27.691086459872913,85.34220514106156,60.11
yes,,27.690875458657057,85.34242364727325,52.73
yes,,27.692977929358623,85.34358575227373,77.79
yes,,27.692927263953962,85.34373240763463,72.34
yes,,27.693050886002183,85.34380556056145,56.38
yes,,27.692976948732667,85.34398029607351,94.74
yes,,27.6928799437818,85.34429735190282,73.23
yes,,27.6924295500009,85.34442059998852,66.93
yes,,27.692578919459887,85.34448115707777,56.57
yes,,27.692201200001968,85.34410620000047,27.57
yes,,27.69219409963828,85.34447470310909,79.06
yes,,27.692083591681257,85.34443473982455,136.59
yes,,27.69209250855035,85.34435114692043,39.14
yes,,27.692144195503868,85.34431980745647,63.52
yes,,27.692249234743375,85.34437013837956,117.58
yes,,27.692339504772562,85.34437272963584,87.72
yes,,27.69218940000634,85.34336225000091,90.6
yes,,27.692501051470874,85.34330734957241,107.58
yes,,27.692303410257544,85.34331347230851,69.45
yes,,27.692518098008904,85.34361986834686,31.18
yes,,27.692448883528822,85.34357679028331,69.26
yes,,27.69247705351822,85.34350958424527,118.45
yes,,27.692557636805503,85.34354015794666,56.76
yes,,27.692932700003638,85.34325905000107,47.37
yes,,27.692913910252145,85.34337985832279,116.56
yes,,27.692828462939556,85.34401852485693,48.56
yes,,27.692360056239448,85.34402048342174,109.54
yes,,27.692295038579303,85.34398544703753,77.2
yes,,27.692279712655733,85.34387109175051,154.49
yes,,27.692379006278763,85.34389053550557,95.73
yes,,27.692379945513128,85.34379625180617,93.16
yes,,27.683273836195983,85.33480800333079,10.41
yes,,27.683238661825023,85.33491543465927,133.97
yes,,27.68314364986742,85.33486665190287,91.96
yes,,27.683218691085894,85.33482607255094,76.77
yes,,27.683053537081232,85.3351040585217,111.05
yes,,27.683063934990674,85.33502621806653,88.12
yes,,27.68316045339321,85.33506590132231,61.93
yes,,27.6830640514999,85.33495009798146,44.18
yes,,27.683499065565076,85.33510706903942,61.34
yes,"Sanarch Girls Home, Block B",27.683427540610435,85.33511873502613,61.34
yes,,27.683442326436246,85.33520989195314,155.06
yes,,27.683326950639902,85.33541843049773,152.23
yes,,27.683439755195202,85.33562419574302,66.27
yes,,27.683256388956504,85.33518967269177,37.28
yes,,27.683164380749737,85.3352273711959,47.52
yes,,27.68339435151911,85.33582631972519,89.42
yes,,27.68338894940782,85.3359551888146,65.38
yes,,27.683167478433585,85.33596285477093,61.73
yes,,27.683185158118388,85.33615989420908,213.49
yes,,27.683450782196843,85.3360616610183,104.25
yes,,27.68339799999387,85.33622164999935,66.92
yes,,27.68340338106131,85.33628220454706,87.13
yes,,27.682785081144736,85.33522800148728,105.02
yes,,27.682698899652767,85.33503188346916,130.55
yes,,27.68275333656908,85.33507915374904,75.49
yes,,27.6828055487395,85.33511958247396,113.24
yes,,27.68287073493873,85.33516939506174,116.95
yes,,27.682672665476826,85.33538676110793,92.54
yes,,27.682803671745116,85.3353412091627,51.56
yes,,27.68286349777143,85.3353858083126,78.11
yes,,27.68268663640067,85.33576411416759,37.95
yes,,27.682898520793533,85.33607243916654,59.68
yes,,27.682513089051614,85.33625439350493,52.41
yes,,27.6823738574641,85.33567274084308,47.17
yes,,27.682430286427525,85.33556208734484,117.3
yes,,27.682213814939654,85.33539508330927,132.78
yes,,27.682120559107226,85.33550722927451,58.67
yes,,27.682176156925994,85.3359239826321,71.21
yes,,27.68220834831091,85.3358665951084,85.42
yes,,27.68225235000385,85.33580514999437,97.55
yes,,27.68844045462474,85.3446247053222,110.75
yes,,27.688971991218832,85.34495294574634,32.59
yes,,27.688453983732796,85.34534319045498,123.7
yes,,27.68903707626764,85.34567109353267,51.24
yes,,27.689022559773786,85.34573868308375,113.77
yes,,27.689006703440082,85.3458558878597,123.9
yes,,27.68894198979917,85.34565763123034,75.56
yes,,27.690797238550434,85.34649645670271,63.09
yes,,27.68986924242887,85.34635508132918,82.65
yes,,27.68964656057749,85.3465701067396,85.11
yes,,27.68972695000327,85.34648129999965,31.53
yes,,27.689635975199216,85.34624596046267,76.09
yes,,27.689617859052596,85.34613737480164,90.41
yes,,27.689641500619153,85.34635618852298,129.78
yes,,27.690134381621025,85.3469664717715,139.82
yes,,27.68569925533474,85.34571349552343,232.68
yes,,27.685372262385886,85.3446714499088,74.99
yes,,27.685360090453518,85.34477365804234,141.97
yes,,27.6851157204883,85.34468425454992,104.65
yes,,27.685261577828413,85.345067566683,117.71
yes,,27.685270044970505,85.34480697395102,71.78
yes,,27.685273839350373,85.34471578340559,45.8
yes,,27.685289797806007,85.34465899467345,60.65
yes,,27.68506052686198,85.34543834278078,73.86
yes,,27.685007648423518,85.34545808746576,60.28
yes,,27.684932400000328,85.34546850000096,91.37
yes,,27.684776994329876,85.34519672131348,79.45
yes,,27.684733114499146,85.34508771832205,59.45
yes,,27.684734542715127,85.3455131184668,41.36
yes,,27.684169404794382,85.34514357137104,133.2
yes,,27.684146491047528,85.34503527641998,85.79
yes,,27.684133177841154,85.34495730618328,69.49
yes,,27.684503200001764,85.34471924999687,79.97
yes,,27.68439358066392,85.34479162445442,111.14
yes,,27.684396927399213,85.34490525598709,124.88
yes,,27.68449949085303,85.34490474510365,121.16
yes,,27.684296775565237,85.3446778925415,54.73
yes,,27.68430446197673,85.34459205800658,146.72
yes,,27.684397973708528,85.34459721466209,67.18
yes,,27.683781925357486,85.34491628507018,133.08
yes,,27.68371503282514,85.34464720972349,33.18
yes,,27.683985271364207,85.34499135970941,89.88
yes,,27.684040214991605,85.34497136455322,87.21
yes,,27.68387125277122,85.34501881203599,44.14
yes,,27.684439539051155,85.34540684716775,125.14
yes,,27.6844168956032,85.34524972597376,103.99
yes,,27.684402870067913,85.345127175564,92.73
yes,,27.684402230397264,85.34502334318141,111.88
yes,,27.68434617395775,85.34549188425297,68.79
yes,,27.68389478516707,85.34523891483387,45.22
yes,,27.683920426959194,85.34518404120683,41.66
yes,,27.683988723166475,85.34518160252117,81.26
yes,,27.684062564741247,85.34515809425716,62.16
yes,,27.683730770503274,85.34622782981677,162.99
yes,,27.683788300008544,85.34611810000705,114.31
yes,,27.683738093364735,85.34551709985607,14.13
yes,,27.68412282675256,85.34620448814044,271.35
yes,,27.68425215594331,85.34606698462936,78.63
yes,,27.684220752058852,85.34599940124454,94.87
yes,,27.684438960104583,85.34602424857323,130.2
yes,,27.684317702923753,85.3457665708132,137.66
yes,,27.68451845000486,85.34641664999673,87.74
yes,,27.68447195858288,85.34650502751023,69.39
yes,,27.68433852622283,85.346460524642,91.75
yes,,27.68440605288044,85.34648500908432,55.11
yes,,27.683926030481455,85.34663916891814,138.56
yes,,27.684020202249897,85.34666436652024,124.24
yes,,27.68487623529573,85.34708991941986,14.07
yes,,27.684373356540874,85.3455623577041,44.49
yes,,27.69239487029172,85.33913515729996,78.23
yes,,27.692457399452504,85.3391607689417,68.85
yes,,27.692568943083792,85.3391946616959,138.77
yes,,27.692668032579874,85.33920799351121,74.61
yes,,27.692300202428353,85.33938692381965,112.17
yes,,27.692341112683337,85.33929082089715,89.16
yes,,27.692412122207553,85.33947432680004,50.12
yes,,27.692380874008105,85.33955519929076,105.51
yes,,27.691242000003644,85.33915849998999,214.45
yes,,27.69123959718543,85.33928689976828,78.27
yes,,27.691371858417938,85.33923290250412,84.18
yes,,27.690970919239046,85.33927340558398,319.85
yes,,27.690949911639137,85.33965177930281,214.04
yes,,27.691123337550692,85.3396001308944,93.2
yes,,27.691130048676296,85.33952545935342,102.32
yes,,27.691107938763942,85.34052130432418,60.47
yes,,27.691180116918837,85.34043090696295,149.72
yes,,27.691121790506156,85.34041859683502,74.22
yes,,27.691001567535675,85.34059129098267,97.89
yes,,27.691189230101806,85.34001638504351,24.19
yes,,27.691203592046282,85.34017193517305,104.26
yes,,27.691137212177026,85.34027799778934,152.39
yes,,27.691401441186905,85.33987080383464,105.86
yes,,27.691407650554755,85.33976763008428,150.43
yes,,27.69142878726583,85.33966971567484,97.64
yes,,27.691441049996723,85.33996194999804,57.29
yes,,27.691346652279933,85.33997531384526,124.59
yes,,27.6914175743559,85.3404155077286,138.16
yes,,27.69142047394712,85.34029355050318,65.2
yes,,27.691412348501217,85.34022631484689,78.8
yes,,27.6915896511367,85.34031885224464,50.85
yes,,27.69156710718508,85.33998828363089,23.48
yes,,27.69214232890543,85.34087893178844,39.82
yes,,27.69191264793646,85.34092948803224,110.31
yes,,27.6922467500035,85.34070705000138,37.18
yes,,27.692546240909024,85.34127985775615,148.54
yes,,27.691802380701,85.34103874891083,93.19
yes,,27.691654620982515,85.34114210211112,51.77
yes,,27.691667666205266,85.34105460000806,90.6
yes,,27.690846815021406,85.34143691135249,103.96
yes,,27.690931716742355,85.34144555543315,119.38
yes,,27.6911078073879,85.34105963148912,36.29
yes,,27.69211575000819,85.34161775000251,76.72
yes,,27.692472243206982,85.34151077229582,101.48
yes,,27.69239024314056,85.34149904773828,56.54
yes,,27.692315827459105,85.34148438911679,71.37
yes,,27.692227787937693,85.34149901074797,76.76
yes,,27.692685960926227,85.34162755406679,79.61
yes,,27.692548410232504,85.34068528333734,148.72
yes,,27.69288094588686,85.34085346723452,185.45
yes,,27.692912963959607,85.34073621383564,178.51
yes,,27.692763772687734,85.3408943970786,72.21
yes,,27.692780842975242,85.34080151135757,75.04
yes,,27.692808805186846,85.34071761333661,79.56
yes,,27.692779671358355,85.34007392399772,156.64
yes,,27.69274718139124,85.33940138001657,126.47
yes,,27.692817853677212,85.3394170467237,115.5
yes,,27.692897294055303,85.33944854570751,151.05
yes,,27.692694078472453,85.34019958724666,33.03
yes,,27.692630739685423,85.3401569749038,27.23
yes,,27.693104556476676,85.34075703837098,145.07
yes,,27.69311905619937,85.34066447349628,89.98
yes,,27.693216020674324,85.34031764926094,74.87
yes,,27.693139937057147,85.34059124351683,109.16
yes,,27.693058343864294,85.34127916137862,55.26
yes,,27.693054877444915,85.34120336365673,80.19
yes,,27.69306690467057,85.34111772138081,106.6
yes,,27.69320942090916,85.34101400636118,94.42
yes,,27.693108146014787,85.34100827069307,85.57
yes,,27.693045439093677,85.3409734541003,119.76
yes,,27.69308527796529,85.34086553560313,92.36
yes,,27.693165830522922,85.34124656364058,160.0
yes,,27.69319269446511,85.3411213034058,105.33
yes,,27.69149173183786,85.34688113706603,73.37
yes,,27.693799217953764,85.34395971862715,145.52
yes,,27.694958490870484,85.3562342638287,164.15
yes,,27.686501006192177,85.36385942796835,49.14
yes,,27.68621016896268,85.36411194620008,380.8
yes,,27.686239863151226,85.36395629811602,212.49
yes,,27.68631810838795,85.36404339845912,88.08
yes,,27.68641534415121,85.36399802122875,318.08
yes,,27.68627240091277,85.36430733289352,8.34
yes,,27.686257450002998,85.36427625000414,20.76
yes,,27.68607605719348,85.36385523097734,448.07
yes,,27.685968902356763,85.3640243466393,279.33
yes,,27.686450162360924,85.36377086838107,135.73
yes,,27.686361850001365,85.36374579999482,28.32
yes,,27.686390099121457,85.3636835667891,69.7
yes,,27.685899569326224,85.36300896738783,80.25
yes,,27.685914850000984,85.363079049997,16.66
yes,,27.686057716239013,85.36359984820236,23.76
yes,,27.68602500003146,85.36352403333107,78.44
yes,,27.68631086467551,85.36338727674669,30.66
yes,,27.6863633178219,85.36344979570299,126.08
yes,,27.68630671921796,85.36315950367293,68.37
yes,,27.686073766491898,85.36314545593787,45.44
yes,,27.6860382000037,85.36311335000498,31.27
yes,,27.686154781928575,85.36307588092805,59.82
yes,,27.68626664377935,85.36362260798204,126.2
yes,,27.682831549995583,85.36037395001325,60.77
yes,,27.682778760403924,85.36028315284736,149.63
yes,,27.6833562664776,85.36065188462261,30.68
yes,,27.683329649998885,85.36042810000818,103.94
yes,,27.682502435162174,85.35992090043192,23.62
yes,,27.682244444003057,85.36006032629174,7.69
yes,,27.682355420890243,85.36009860913803,38.93
yes,,27.682418150000352,85.36010045000064,8.84
yes,,27.68239565000063,85.36006705000113,17.95
yes,,27.682415358137327,85.35989031715962,25.69
yes,,27.682470317451713,85.35981220054751,70.82
yes,,27.682536700003265,85.35990474999691,31.05
yes,,27.682560353912248,85.35996996833997,30.55
yes,,27.682466400002816,85.36002755000497,73.46
yes,,27.682435700000468,85.3599356500035,29.9
yes,,27.682391974373502,85.35984013507013,39.15
yes,,27.68279010000209,85.36006060000122,63.79
yes,,27.682828174947428,85.35646953098627,487.08
yes,,27.682622516965694,85.35635059941369,540.01
yes,,27.68275879326526,85.35625560864712,125.14
yes,,27.683108216453217,85.35646742024589,19.4
yes,,27.68345054775811,85.35628982307368,24.59
yes,,27.68295465000487,85.3562631999939,38.2
yes,,27.68310917608421,85.35669194634453,141.14
yes,,27.683028600034497,85.35643509996345,114.84
yes,,27.683451037977218,85.35714181953252,88.16
yes,,27.683361130540426,85.35713541913968,331.18
yes,,27.68325363887169,85.35787532933094,25.54
yes,,27.683017966610034,85.3595105510616,12.87
yes,,27.683173155079405,85.35564583809915,133.37
yes,,27.683311267832888,85.3556432948877,80.85
yes,,27.68345045334834,85.35590322086023,90.57
yes,,27.68343009318705,85.35573715151114,230.26
yes,,27.683327200008417,85.35585215000015,73.81
yes,,27.683335140885053,85.35573272453676,53.37
yes,,27.683486950000788,85.35600444999679,51.53
yes,,27.683195416461704,85.35585089977094,35.26
yes,,27.683035266085287,85.35612553549413,42.57
yes,,27.6832910102999,85.35556587595104,72.63
yes,,27.68322454999953,85.3558118499967,34.91
yes,,27.68322765601876,85.35574552830236,40.43
yes,,27.683100099997656,85.35574984998637,107.48
yes,,27.682796749502845,85.35558392014245,152.24
yes,,27.682914250003005,85.3556197500005,50.57
yes,,27.682982696350184,85.35569196759138,62.93
yes,,27.683048416093172,85.35502188395952,95.05
yes,,27.68334244648624,85.35545171918153,59.41
yes,,27.682918150001797,85.35473714999445,67.86
yes,,27.682995150002927,85.35510789999331,50.77
yes,,27.68282785184591,85.3551972874072,352.62
yes,,27.68294771670323,85.35525998169419,161.78
yes,,27.683041350012484,85.35528890000506,147.56
yes,,27.68314570001139,85.35535024999933,184.03
yes,,27.68333784379973,85.35532058130747,34.04
yes,,27.68349765888757,85.35503278148357,30.05
yes,,27.683165933120577,85.35513410241269,94.45
yes,,27.68344260000125,85.35517099999838,32.78
yes,,27.683181850002065,85.35489084999766,51.84
yes,,27.683254751918437,85.35492246533096,58.39
yes,,27.683303860079846,85.35494843526948,41.55
yes,,27.68384479594188,85.36051613551749,18.79
yes,,27.683804750001887,85.36056110000077,27.85
yes,,27.68442180000136,85.36008220000063,19.4
yes,,27.684499174798784,85.36024733868749,77.48
yes,,27.684442543367716,85.36004091594654,23.55
yes,,27.684300068549152,85.36033058916074,179.39
yes,,27.684231791994588,85.35941118942276,129.83
yes,,27.68414314294834,85.35927556958441,150.88
yes,,27.68443446319971,85.3592546150204,25.07
yes,,27.684240578270966,85.35740694555119,385.6
yes,,27.68392912398846,85.3574859425053,81.3
yes,,27.683652296565114,85.35715016701019,25.03
yes,,27.68376434999842,85.35702699999565,61.65
yes,,27.68378386932832,85.35691081585722,141.25
yes,,27.683685970424737,85.3570083471457,48.46
yes,,27.683933506687076,85.35705602902392,16.55
yes,,27.683856348494505,85.35712721927115,29.1
yes,,27.683520201809323,85.35742587701206,435.91
yes,,27.684075550007005,85.35700855000044,86.16
yes,,27.683927049994484,85.35697844999035,125.68
yes,,27.68392664999494,85.35690169999314,68.94
yes,,27.68348412388513,85.35651090608167,28.09
yes,,27.683548226035533,85.35650473822265,53.28
yes,,27.683532800004052,85.35642104999972,27.31
yes,,27.683661749999956,85.35638479999793,13.35
yes,,27.68371870000026,85.3564177999985,20.53
yes,,27.68364687877563,85.35641448345629,11.01
yes,,27.683664800004163,85.35648835000046,54.46
yes,,27.68406185003132,85.35669170001728,300.87
yes,,27.68418926834477,85.3567210077643,71.08
yes,,27.683762995978313,85.35552851817178,27.01
yes,,27.683605566296837,85.35548778641136,35.08
yes,,27.68358240000448,85.35544250000287,32.96
yes,,27.68349840000974,85.35546585000627,53.24
yes,,27.683442162858327,85.35558282162148,18.16
yes,,27.683493150001762,85.35562089999964,28.45
yes,,27.683654166674746,85.3554971654781,52.3
yes,,27.683679583938396,85.35603355199356,240.57
yes,,27.683676723057996,85.35509216091667,79.07
yes,,27.683529250006156,85.35518230000211,66.02
yes,,27.684157502853033,85.35525917566387,60.12
yes,,27.68356850000081,85.35501014999821,28.46
yes,,27.683549015174467,85.3550795280302,49.04
yes,,27.68408015000711,85.35525294999947,99.16
yes,,27.683845150001016,85.35517204999785,33.21
yes,,27.683804500004907,85.355255650001,67.34
yes,,27.683773529544812,85.3553555659579,97.1
yes,,27.683712883322954,85.35529158320547,37.16
yes,,27.683619851446363,85.35527398216246,19.43
yes,,27.683676950009332,85.35525400000742,55.64
yes,,27.683593200915386,85.3552316824834,20.88
yes,,27.683926391894573,85.35512857085044,69.02
yes,,27.68380524999973,85.35506289999628,35.49
yes,,27.684643599998033,85.3603426000006,40.29
yes,,27.684416300025152,85.36041705004195,171.41
yes,,27.684598837203215,85.36059541681362,101.29
yes,,27.68465822041675,85.35979889313703,44.97
yes,,27.684601220771587,85.3597482397564,58.67
yes,,27.684549205537696,85.36010711256095,72.18
yes,,27.68459866531458,85.36000518996855,60.3
yes,,27.684631248551458,85.36005501087493,57.69
yes,,27.684671500003674,85.36012085000337,47.86
yes,,27.6846166500061,85.35957115000292,68.56
yes,,27.684605304196687,85.35902727511807,49.04
yes,,27.684554305239036,85.35833488554974,439.32
yes,,27.68456495000355,85.35864189999873,80.0
yes,,27.684640869837935,85.35866061540257,44.17
yes,,27.684650383406176,85.35794351801397,34.0
yes,,27.68469542965022,85.35807953964556,62.22
yes,,27.68462155165315,85.35805703120813,72.84
yes,,27.684457199999123,85.35687264998019,85.41
yes,,27.684805400001963,85.35718484999953,20.5
yes,,27.6851366500007,85.36067715000014,10.45
yes,,27.685166112823232,85.35996154166124,35.35
yes,,27.685154829234452,85.35981586341735,116.11
yes,,27.68526830188408,85.3601675159862,25.48
yes,,27.684751311109125,85.35971660587586,70.53
yes,,27.684794393476245,85.35893281779656,39.9
yes,,27.685269650009992,85.3595188000139,85.48
yes,,27.68484720545764,85.35927812962795,34.51
yes,,27.684843450000155,85.35919229999783,32.8
yes,,27.68487876848824,85.35911239929614,74.62
yes,,27.684887623085988,85.35902186645983,81.12
yes,,27.684935950001826,85.3589261499918,96.64
yes,,27.685001791931366,85.35918608148684,60.38
yes,,27.685012650000004,85.35912894999512,29.01
yes,,27.68503245000064,85.35907034999305,44.39
yes,,27.68518300000031,85.35910324999912,10.53
yes,,27.68524870000283,85.35908805000159,33.01
yes,,27.68516360000144,85.3590488499996,23.08
yes,,27.684956144756185,85.35855665682121,93.63
yes,,27.685024285142788,85.35882230318548,65.86
yes,,27.685198757816313,85.35884778412277,85.75
yes,,27.685296800002842,85.35880250000118,36.14
yes,,27.685078537617542,85.35834395842586,60.67
yes,,27.685043597364963,85.35873591748933,86.96
yes,,27.685086567173283,85.35864585144516,122.17
yes,,27.68512145945342,85.35855473402982,114.42
yes,,27.68480680000004,85.35887979999748,14.88
yes,,27.684851600002467,85.35885049999787,53.38
yes,,27.684584805132104,85.35655093234277,57.03
yes,,27.684659551700307,85.35660989655396,51.62
yes,,27.684618117995925,85.35638915014475,96.43
yes,,27.684393019428,85.3567771894438,20.42
yes,,27.685711900006172,85.3609789000028,53.94
yes,,27.685666268782477,85.3612153834992,70.14
yes,,27.685580030372538,85.36113260426697,109.94
yes,,27.685749799999318,85.36155875000046,54.15
yes,,27.685876125680487,85.3612930653538,32.69
yes,,27.68590744511137,85.36139182598689,57.76
yes,,27.68582018121694,85.36110399303786,40.6
yes,,27.685809749999212,85.36103635000026,39.36
yes,,27.685825774254287,85.36139274155838,48.03
yes,,27.68580642512171,85.36130060228591,54.8
yes,,27.68584804693248,85.36119427842797,56.99
yes,,27.68614815267667,85.36296583860096,69.6
yes,,27.686262914989957,85.36284417205565,52.25
yes,,27.68633274949345,85.36288768356576,40.93
yes,,27.686368241311563,85.36281702639586,46.46
yes,,27.68656623365487,85.3625775957358,89.15
yes,,27.686532783219743,85.36273844722352,151.69
yes,,27.686468100000297,85.36256324999813,9.75
yes,,27.686460946253817,85.36248393588592,66.78
yes,,27.68651290009557,85.3624016125738,41.89
yes,,27.68613505784545,85.36242389360783,319.07
yes,,27.686474250002988,85.36189019999514,96.81
yes,,27.686001387237855,85.36184135121944,71.6
yes,,27.686008112494658,85.36174118592687,68.16
yes,,27.685499266423715,85.36089085476006,154.32
yes,,27.685740375298284,85.3608161553665,60.51
yes,,27.685696048051344,85.36077038409871,48.07
yes,,27.685642250003305,85.36071949999358,66.54
yes,,27.68553955000252,85.36066119999158,53.78
yes,,27.68545746693106,85.36052210241124,279.13
yes,,27.685652949633827,85.36061373346114,50.07
yes,,27.6855935500046,85.36055969999524,84.57
yes,,27.685715183126728,85.3606603491559,75.31
yes,,27.685792300018928,85.36052420002413,182.4
yes,,27.685927665461936,85.36069477280236,39.93
yes,,27.685867542303136,85.36063546573628,51.16
yes,,27.685913300001054,85.3614681999999,19.93
yes,,27.685895365628678,85.36109123257347,19.62
yes,,27.685963153850803,85.36166962610476,33.12
yes,,27.685914825147034,85.3616873152745,40.48
yes,,27.68591455001036,85.36156399999875,90.45
yes,,27.685953249999418,85.36127030000009,15.27
yes,,27.68595319999804,85.36122380000073,39.47
yes,,27.68594518916756,85.36115947542918,38.99
yes,,27.686012149997364,85.36137595000018,90.17
yes,,27.68601549421151,85.36157632432746,90.56
yes,,27.686223334152487,85.36111026596691,74.02
yes,,27.68625450000384,85.36102954999097,57.99
yes,,27.686448750001777,85.36107864998405,134.52
yes,,27.68657225000605,85.36379610000239,86.34
yes,,27.685420256743637,85.35936267666776,130.82
yes,,27.685373450037396,85.35957415005235,331.53
yes,,27.685284633973197,85.35978343921391,22.7
yes,,27.685568284324095,85.35992185251713,127.21
yes,,27.685464984324092,85.36007745251715,127.21
yes,,27.68564134263099,85.35983501522969,181.96
yes,,27.6857967006633,85.35960063762103,470.41
yes,,27.68674771796017,85.36320867249128,94.42
yes,,27.686678084301185,85.36316849492351,47.9
yes,,27.686840661541318,85.36391525289646,162.64
yes,,27.686987300005697,85.3639160999907,115.12
yes,,27.68700750000277,85.36383129999213,57.09
yes,,27.687059383423318,85.3638778458536,23.38
yes,,27.687092647721318,85.36383661674657,21.56
yes,,27.687038150002362,85.36378509999025,49.98
yes,,27.68704860042304,85.36369601652156,42.42
yes,,27.687247500014966,85.36361465000047,229.44
yes,,27.68679000000354,85.36339674998634,76.47
yes,,27.686640950010148,85.36328610000133,154.41
yes,,27.686846547845118,85.36329101697368,261.19
yes,,27.686714919963787,85.3634899087546,144.12
yes,,27.687019049989093,85.36272350000294,134.83
yes,,27.686583100008516,85.363054749991,156.63
yes,,27.686620353162926,85.3628454834367,84.55
yes,,27.686840069052646,85.36243946310269,95.28
yes,,27.68695536674865,85.36252718679442,114.45
yes,,27.687113350008772,85.36295624998027,211.55
yes,,27.687041746528244,85.36253697060341,109.84
yes,,27.686885550001236,85.36262009999493,43.54
yes,,27.6868073465808,85.3623512171892,43.03
yes,,27.68670825000866,85.36230195000986,56.15
yes,,27.686768590349278,85.36221583199342,11.89
yes,,27.6871118831868,85.36214289731241,21.86
yes,,27.687044750003036,85.36208840000536,19.38
yes,,27.6867106530469,85.36213285872849,120.6
yes,,27.686584215654893,85.3620390286517,71.77
yes,,27.686648750005595,85.36207235000184,64.48
yes,,27.68665804999894,85.361969499984,119.06
yes,,27.686997552547528,85.3623065331055,135.25
yes,,27.68707431634527,85.36222453930179,95.71
yes,,27.68710615002301,85.36230615003657,118.78
yes,,27.68691486727956,85.36189245794422,30.08
yes,,27.687134849268997,85.36177206712227,50.97
yes,,27.6866691000083,85.36171074999895,135.94
yes,,27.686709715550396,85.3618681855442,153.69
yes,,27.686804165198584,85.36180024759794,190.53
yes,,27.68654328154308,85.36114589493808,40.39
yes,,27.68667274166694,85.36122352286421,51.25
yes,,27.686640858998757,85.36107317916512,160.37
yes,,27.687027859549925,85.36140657086489,15.7
yes,,27.686929282464877,85.36142924138179,65.91
yes,,27.686979431584362,85.36148194807429,75.15
yes,,27.68712925000515,85.36148579999103,148.07
yes,,27.686557283114844,85.36158159338096,26.0
yes,,27.686585477705265,85.36164901874821,65.55
yes,,27.68661629418161,85.36141013523037,106.67
yes,,27.686688000016517,85.36143515000852,88.24
yes,,27.686969200026887,85.36117495001092,210.83
yes,,27.68655475000047,85.36022120000203,24.05
yes,,27.686015341558047,85.35984671908714,247.62
yes,,27.686224000009243,85.36049604999178,159.03
yes,,27.686245563424993,85.36033839866387,84.08
yes,,27.686002717757138,85.3603682367912,352.61
yes,,27.686603628433737,85.35985399627931,628.39
yes,,27.686573867712923,85.36030106130559,52.68
yes,,27.686425169770168,85.35967068757074,103.67
yes,,27.686208631061895,85.35969671674113,64.01
yes,,27.68702490000276,85.36054309999712,52.46
yes,,27.687010212923546,85.36044064370849,134.82
yes,,27.686580150007543,85.36091900000532,42.56
yes,,27.686721594746626,85.36095584858786,88.16
yes,,27.68674332107491,85.3607524955774,104.67
yes,,27.686793501073385,85.36040762849449,96.14
yes,,27.68713372769483,85.35949807515999,336.83
yes,,27.686958524976387,85.35961949568141,341.42
yes,,27.68685960464408,85.35975936044547,109.48
yes,,27.68675919902098,85.35999353849635,926.65
yes,,27.685826250004432,85.35918425001036,69.58
yes,,27.68588594914497,85.35926996644798,147.43
yes,,27.685633629532997,85.35914692043093,146.93
yes,,27.685674474376828,85.35947167807419,119.98
yes,,27.68478130000467,85.3580556499993,76.31
yes,,27.685179250009554,85.3576318999996,40.76
yes,,27.685254560701697,85.35770781597695,53.13
yes,,27.68525214999758,85.35760365000206,71.1
yes,,27.685146351220034,85.35775951730449,81.36
yes,,27.685113973656314,85.35809209326347,67.95
yes,,27.68529160000521,85.35736749999943,89.2
yes,,27.685072350006884,85.35752554999935,96.7
yes,,27.685155805855224,85.35736655601946,108.78
yes,,27.685201375517206,85.3575032199589,69.93
yes,,27.68529662361023,85.35749278808362,137.11
yes,,27.685057000004814,85.35738639999973,89.66
yes,,27.68504280720532,85.35721572411188,246.63
yes,,27.684932526327753,85.35717151104765,65.46
yes,,27.684882400006504,85.35707709999826,41.56
yes,,27.685378258220876,85.35889833517669,23.76
yes,,27.685872450004076,85.35832610000008,61.36
yes,,27.685597078415743,85.35832077122551,142.22
yes,,27.68530750000273,85.35869320000147,21.9
yes,,27.68536172646717,85.35870967633434,53.01
yes,,27.68540415001002,85.35879840001228,74.85
yes,,27.68545758350922,85.35889120100725,72.46
yes,,27.68552306834532,85.35883897849908,36.73
yes,,27.68549795000208,85.35877000000777,40.57
yes,,27.685470900005118,85.35870084999996,82.48
yes,,27.68533836604648,85.35855294862975,131.17
yes,,27.68575559466648,85.35873402199174,93.3
yes,,27.685659650001615,85.35873735000273,31.68
yes,,27.685624094778763,85.35851357208143,60.61
yes,,27.685569400007957,85.35857804998885,97.92
yes,,27.685550040991114,85.35845881532377,85.84
yes,,27.685630750006535,85.3586652000132,99.36
yes,,27.68571460714324,85.35886769454233,94.15
yes,,27.685491750004832,85.3583810500001,77.59
yes,,27.685727950002995,85.35860195000198,45.42
yes,,27.685436053878778,85.35826153999162,42.94
yes,,27.68600810000953,85.35814905000107,26.43
yes,,27.685960249999596,85.35818104999984,18.49
yes,,27.685961370297978,85.35812391188227,37.84
yes,,27.685966777223783,85.35828153806176,97.64
yes,,27.68597655000438,85.35857765000043,58.24
yes,,27.685607075237286,85.35805808221531,54.54
yes,,27.685542350004173,85.35823359999966,19.93
yes,,27.68557457493626,85.35815174456667,108.62
yes,,27.685540602991853,85.35805532535005,45.92
yes,,27.685588599999242,85.35823975000059,30.09
yes,,27.68556340000068,85.35767394999989,42.01
yes,,27.685744942206032,85.35817745628366,92.53
yes,,27.685852799999193,85.35824180000161,55.55
yes,,27.685841584843217,85.3581812270688,45.71
yes,,27.68578104999666,85.35786260000077,38.25
yes,,27.685702429596482,85.3578005456887,93.27
yes,,27.685708324720725,85.35794013770783,85.62
yes,,27.685874899996026,85.35793994999945,39.3
yes,,27.68589742553502,85.35787758722735,41.06
yes,,27.68595773246775,85.35785867093719,38.09
yes,,27.68539075000057,85.35756019999988,41.88
yes,,27.68549546358476,85.35749903570822,225.64
yes,,27.685839214554118,85.3571486633268,760.25
yes,,27.685990619191486,85.35694981275007,394.14
yes,,27.686016773646386,85.35745925462116,189.43
yes,,27.686007300066066,85.35721754999493,429.99
yes,,27.68480895206764,85.35574223295272,83.87
yes,,27.68415625000159,85.35627734999585,29.7
yes,,27.684210750003075,85.35632654999911,49.78
yes,,27.68425525460574,85.3563959833675,42.6
yes,,27.684156100003964,85.35577515000428,43.37
yes,,27.684203096466444,85.35556991743435,83.64
yes,,27.68488289651598,85.35582151642973,89.91
yes,,27.68447412909389,85.3564812703553,100.56
yes,,27.684339266704868,85.35633135040635,170.89
yes,,27.684262900004903,85.3562419500014,73.94
yes,,27.684253005161914,85.35611983222633,19.77
yes,,27.68454257390306,85.35618190746881,97.62
yes,,27.68487200367731,85.35601126828773,84.33
yes,,27.68479341423557,85.35591845769211,150.56
yes,,27.68474440177195,85.35604399053986,112.36
yes,,27.684546650009903,85.35553710000819,48.08
yes,,27.684504974570935,85.35548028719313,55.42
yes,,27.684416685479437,85.35605562860925,150.0
yes,,27.684369646618507,85.35592114647274,51.66
yes,,27.684399918661462,85.35584423677011,77.82
yes,,27.68433273421759,85.35579214107268,54.69
yes,,27.68441612337181,85.35570610372969,85.75
yes,,27.68445901531456,85.3556217748482,72.74
yes,,27.684245322474762,85.35589831463173,171.93
yes,,27.683999174136254,85.3560773336935,51.35
yes,,27.684482034213136,85.35596631254458,33.54
yes,,27.68451137822986,85.3558961329192,118.85
yes,,27.684649300004306,85.35570134999195,106.34
yes,,27.684130300006995,85.35542409999992,38.29
yes,,27.685303304510263,85.35619657922098,44.05
yes,,27.68534486624813,85.35613444906787,98.88
yes,,27.685353177558657,85.35630878614448,69.96
yes,,27.68480441353538,85.35658753929077,87.57
yes,,27.684962902832744,85.35675008072344,14.6
yes,,27.68487700314603,85.35666498004868,8.63
yes,,27.68493306289271,85.3566739252804,40.05
yes,,27.684759766637143,85.35632975456822,34.2
yes,,27.68479573373651,85.35639158474044,60.12
yes,,27.684846400004666,85.35643210000956,48.39
yes,,27.68545316762236,85.35648336309862,47.34
yes,,27.68541790000123,85.3565477000019,21.89
yes,,27.6853836493321,85.3564889319989,14.8
yes,,27.685370547403167,85.35657587928686,22.38
yes,,27.68533292333989,85.35650094190811,53.82
yes,,27.684959232920633,85.35634304752958,17.83
yes,,27.685041545366673,85.35633407428752,47.16
yes,,27.685013475732546,85.35654249351283,118.17
yes,,27.68503987383477,85.35644730379268,30.5
yes,,27.6851581999874,85.3564062499979,107.15
yes,,27.685208600008767,85.35650564999884,88.7
yes,,27.6853175000043,85.35641769999931,47.92
yes,,27.685385205693514,85.3563835717866,66.95
yes,,27.68546655000664,85.3565680500152,67.15
yes,,27.685588678738164,85.3567461368492,36.26
yes,,27.685001300009176,85.35664274999911,33.89
yes,,27.68511100000078,85.35660624999984,53.18
yes,,27.68511690988002,85.35667657378873,47.0
yes,,27.68521137642899,85.3566324621986,93.95
yes,,27.685050226619342,85.3560233425098,73.22
yes,,27.685187734860573,85.35617361330766,58.47
yes,,27.68513045000153,85.35624224999584,94.09
yes,,27.68520325379563,85.35630152948035,73.52
yes,,27.684707350005535,85.3558321500043,70.85
yes,,27.684926050005117,85.3555882000027,65.0
yes,,27.684991450006983,85.35563905000103,103.06
yes,,27.684925492494088,85.35574027031302,62.7
yes,,27.684851738943323,85.35566724529191,67.13
yes,,27.68504235699565,85.35615697558302,66.13
yes,,27.684918995764747,85.3561458171877,47.77
yes,,27.685060750003377,85.35592020000153,30.04
yes,,27.68522533208031,85.35521954684408,22.34
yes,,27.685514550002626,85.35619810000391,71.87
yes,,27.685818120911485,85.3566342379064,61.36
yes,,27.68596385001234,85.35672634999814,118.92
yes,,27.685873000000765,85.35672105000066,87.2
yes,,27.685690250004754,85.35671889999901,62.57
yes,,27.68569985000192,85.3566333499995,23.65
yes,,27.685658700004765,85.356626949998,29.29
yes,,27.6856472700666,85.35653025559417,44.48
yes,,27.685781700004135,85.35648365000122,90.69
yes,,27.685450132929766,85.35632875136903,17.23
yes,,27.685483350001313,85.35631244999836,12.02
yes,,27.68559703174137,85.35633322382515,228.65
yes,,27.68597707767086,85.35635721470639,57.55
yes,,27.686227200000967,85.3560894999987,37.6
yes,,27.68609170000213,85.35622780000047,25.35
yes,,27.686093676898082,85.35616010479262,17.66
yes,,27.686137623185616,85.35623249076897,27.56
yes,,27.686139993958086,85.35616607063812,33.36
yes,,27.686126150579707,85.35610697947297,44.56
yes,,27.686204500003402,85.35617564999987,54.98
yes,,27.68636180000319,85.35627225000157,25.29
yes,,27.68628428183183,85.35630804378079,41.01
yes,,27.686072055632483,85.35676042393382,99.39
yes,,27.686062150001,85.35663585,65.74
yes,,27.686156500001978,85.35634419999981,26.23
yes,,27.68600192970606,85.35645414179291,32.28
yes,,27.68610429999985,85.35651045000024,32.67
yes,,27.686094712766355,85.35643202497862,65.47
yes,,27.686105650004983,85.35631979999974,38.63
yes,,27.686049346038985,85.35634147519848,68.61
yes,,27.686390132866418,85.3565164152978,16.05
yes,,27.686374873822025,85.35645141358233,31.12
yes,,27.686403701400202,85.35637848193896,49.62
yes,,27.686415100003664,85.356279250002,37.74
yes,,27.68646835001321,85.35638680000592,113.24
yes,,27.686464899998164,85.35651849999454,98.82
yes,,27.686127400006146,85.35578240000306,77.21
yes,,27.686410153149875,85.3568187760043,102.97
yes,,27.68648350629593,85.35683592475574,85.15
yes,,27.686559552042294,85.3568359753957,51.26
yes,,27.686529461686806,85.35670054856983,104.65
yes,,27.68617262769455,85.35680782275162,79.04
yes,,27.686338477007745,85.35669864073796,57.76
yes,,27.686685100007267,85.3568490000001,82.18
yes,,27.68688607029303,85.35684360353548,58.85
yes,,27.686824999988758,85.35690764998445,113.93
yes,,27.686642400003876,85.35657234999955,93.63
yes,,27.6870273500044,85.35652974999968,24.36
yes,,27.68628590000228,85.3570930000001,14.46
yes,,27.686250350011544,85.35748214999974,34.75
yes,,27.6861731754476,85.35749706417133,24.46
yes,,27.686200150000776,85.35756364999992,30.66
yes,,27.686178326005063,85.35707434722255,18.64
yes,,27.68653265000696,85.3573781499996,72.68
yes,,27.686536482541236,85.35728058425138,45.37
yes,,27.68631489616974,85.35748262509522,101.92
yes,,27.686209750008867,85.35738794999982,58.27
yes,,27.68625849999837,85.3571857999994,18.43
yes,,27.68624357604137,85.35710493255812,34.74
yes,,27.686315350009764,85.35713365000049,40.33
yes,,27.686411900009144,85.35710379999983,72.11
yes,,27.686414474395878,85.35700122071698,28.13
yes,,27.686357841902062,85.3569339727606,41.25
yes,,27.686498153236606,85.35765977584221,82.16
yes,,27.686525720476634,85.35751751093302,114.11
yes,,27.68639700000537,85.35750440000002,48.33
yes,,27.686492450002522,85.35792034999976,43.78
yes,,27.686138354767195,85.3575877247856,59.33
yes,,27.68620580002817,85.35858810000771,193.76
yes,,27.686540950007437,85.35763485000022,19.92
yes,,27.686549382190762,85.35772716440853,30.38
yes,,27.68637854321164,85.35771437429595,27.83
yes,,27.686377599999794,85.35765624999996,28.44
yes,,27.68630415000371,85.35772729999964,70.91
yes,,27.6863170000002,85.35765354999974,24.84
yes,,27.6867439481554,85.35886831910312,583.92
yes,,27.686706500038312,85.35858320001259,122.42
yes,,27.686527019291596,85.35856013794427,115.64
yes,,27.686625400001247,85.35863614999934,64.76
yes,,27.686624476131882,85.3584264425162,74.68
yes,,27.686533750010973,85.35840944999951,127.32
yes,,27.686203050003876,85.35903505000111,42.14
yes,,27.686347209355905,85.35705337605789,29.7
yes,,27.686687678541976,85.3578683942457,40.52
yes,,27.686640482968315,85.35853053366263,52.24
yes,,27.686821920879133,85.35776675421931,77.57
yes,,27.68692936827812,85.35820303233001,228.12
yes,,27.68702772651105,85.35800633839412,292.98
yes,,27.686843503584857,85.35864592704394,95.8
yes,,27.68648767418036,85.3594274168723,222.01
yes,,27.687044000026322,85.35939760002982,112.99
yes,,27.686420222115487,85.355978039165,42.8
yes,,27.68412646736197,85.35687479403803,122.79
yes,,27.686390471493056,85.35780515616055,108.62
yes,,27.687166980258446,85.35692299080596,61.88
yes,,27.687188269696733,85.35682795511707,48.25
yes,,27.687230005732914,85.35663992927215,20.88
yes,,27.68722850000339,85.35672010000046,42.34
yes,,27.68757075000147,85.35729219999831,33.46
yes,,27.687480819212393,85.35724560952113,68.69
yes,,27.687504450002674,85.35715599999693,77.63
yes,,27.68752810502268,85.35706283121479,77.21
yes,,27.684505300002048,85.35629645000151,22.58
yes,,27.684552700004676,85.35633010000228,58.97
yes,,27.684699312111864,85.35649875643506,124.13
yes,,27.687852945876774,85.35708708554313,45.98
yes,,27.687776833896447,85.35699569244447,140.43
yes,,27.687552292232745,85.35673551867215,17.92
yes,,27.68755742702646,85.35680274238665,58.99
yes,,27.687497498772885,85.3568676674732,19.88
yes,,27.68756500047578,85.35689288302633,52.86
yes,,27.687606800001976,85.35695405000102,22.61
yes,,27.687630850002467,85.35688955000123,30.69
yes,,27.68772501668147,85.35689732726648,35.1
yes,,27.687703443514152,85.35676943333706,33.75
yes,,27.68773930000164,85.35681015000027,25.27
yes,,27.687798983755027,85.35686295219998,45.44
yes,,27.68720689999869,85.35650774999672,45.99
yes,,27.687506750004676,85.35755875000504,24.64
yes,,27.687258158491126,85.35755098269323,41.67
yes,,27.68730329095693,85.35768480379188,246.04
yes,,27.68769808415768,85.35698253890023,10.03
yes,,27.68767745163101,85.35695106575135,33.22
yes,,27.68777413332757,85.35827693331403,81.95
yes,,27.687794532785457,85.35821876579485,87.91
yes,,27.687889384561338,85.35813184573243,73.95
yes,,27.68780402370456,85.35804099421519,193.8
yes,,27.687549599998775,85.3582778499875,88.09
yes,,27.687619780483033,85.35817203180257,52.41
yes,,27.687612000000655,85.35806649999545,34.53
yes,,27.687635313155237,85.35786542192227,172.95
yes,,27.687258212383465,85.35795397110387,115.69
yes,,27.68725865000132,85.35829174999742,41.58
yes,,27.687595395534906,85.35774438681405,84.43
yes,,27.687664984337314,85.35879551583834,137.74
yes,,27.68780907498378,85.358901880423,74.45
yes,,27.687766787192004,85.35856390602952,41.29
yes,,27.687240900013364,85.35850755000408,118.56
yes,,27.68749101749346,85.35871193464088,129.46
yes,,27.687363232264342,85.35863211012142,107.38
yes,,27.687428545897138,85.35997741852755,53.66
yes,,27.68743376723654,85.36006755302166,35.73
yes,,27.687165678141337,85.36014315127451,782.5
yes,,27.687219600095762,85.35986880008451,663.24
yes,,27.687382650014122,85.35984485001009,135.24
yes,,27.6873977269052,85.36034285562422,138.8
yes,,27.687574267429994,85.36044930189802,33.55
yes,,27.687487951093757,85.36082036606682,44.64
yes,,27.687388649117782,85.36096585082126,429.9
yes,,27.687263804322143,85.36065053228931,128.13
yes,,27.687714581248486,85.36177316315495,120.25
yes,,27.687706775166664,85.36147916166281,119.45
yes,,27.687266182622416,85.36188784741289,172.1
yes,,27.687456132871905,85.36244064830906,66.68
yes,,27.687474450002437,85.36197974999978,36.1
yes,,27.68746935000172,85.36209884997004,109.79
yes,,27.687461474764362,85.36182595777542,63.61
yes,,27.68721530001085,85.3621725000091,106.47
yes,,27.687164750001962,85.36287644996504,120.3
yes,,27.687364600001914,85.36304019999649,38.41
yes,,27.687448150004357,85.36301374997535,118.46
yes,,27.687575650001033,85.36303519999603,20.92
yes,,27.687474094937457,85.36294181647487,58.73
yes,,27.68757905003701,85.3627533500714,187.07
yes,,27.687579839632257,85.36310891321999,111.7
yes,,27.687970498180597,85.36176392278212,526.27
yes,,27.688447602322828,85.36109851668668,103.41
yes,,27.688328277044498,85.36187303741386,193.21
yes,,27.68846575005111,85.36088694993134,367.48
yes,,27.68821070000103,85.36090710000119,19.6
yes,,27.688386121996363,85.3607252647545,103.91
yes,,27.688266234077325,85.36124806013554,37.98
yes,,27.688234750001975,85.36128984999857,24.88
yes,,27.688236345556415,85.3613778490938,122.48
yes,,27.688273031548526,85.36116454606884,29.74
yes,,27.68784421735921,85.36198687066374,93.17
yes,,27.687725093979363,85.3621379238753,102.03
yes,,27.688262602754808,85.36233508341725,196.43
yes,,27.688185780275653,85.36217917440075,119.72
yes,,27.688097900015627,85.36211835001959,146.25
yes,,27.68826715189748,85.36191818197312,100.35
yes,,27.688178582552673,85.36106420625295,85.46
yes,,27.688148995066488,85.36127161380024,88.62
yes,,27.68808240000325,85.36113280001287,73.08
yes,,27.688306282738562,85.36058990764131,310.33
yes,,27.68835415000507,85.36007835000403,58.56
yes,,27.68821168231049,85.35942910808261,67.36
yes,,27.68843580600265,85.35958061695644,174.51
yes,,27.68829417685664,85.35889349470835,736.66
yes,,27.68810365000346,85.35930075000071,51.12
yes,,27.68830531329816,85.35951499271944,21.57
yes,,27.687721175104702,85.35896296857977,216.88
yes,,27.68819385123163,85.35853303410187,41.26
yes,,27.687774548354415,85.35884091746478,28.61
yes,,27.688099841061582,85.35880295941904,470.13
yes,,27.688375981681386,85.35831263017354,175.46
yes,,27.688102400004478,85.3577485500005,67.3
yes,,27.6879465500044,85.35797929999332,80.61
yes,,27.687994044950432,85.35790881616832,49.62
yes,,27.68795185000404,85.35781500000594,33.28
yes,,27.687880800000645,85.35791974999702,18.2
yes,,27.687836432724527,85.35782839172042,86.76
yes,,27.687886454731522,85.35774373918511,121.75
yes,,27.68790488334994,85.35763994867094,83.99
yes,,27.687967365670424,85.35767940958205,45.83
yes,,27.68518290000379,85.35931044999258,69.38
yes,,27.685501266129634,85.35973774831223,171.3
yes,,27.6854989500037,85.35932779998771,81.71
yes,,27.68642006826254,85.36049928901133,271.84
yes,,27.685920633824956,85.359799493524,80.08
yes,,27.686111900002533,85.35958724999686,45.17
yes,,27.686285583320345,85.35965834976014,36.16
yes,,27.68620612157432,85.35935737782648,68.15
yes,,27.686456950009585,85.35923800000582,60.3
yes,,27.68634910000403,85.35919499998163,234.98
yes,,27.685591781836692,85.35923196418875,118.52
yes,,27.685562600005053,85.3590153999995,80.42
yes,,27.686169053478462,85.35882772888208,182.19
yes,,27.68824480000329,85.35751975000277,51.16
yes,,27.68779720000301,85.35719134999975,49.03
yes,,27.687940075369813,85.3569846977545,124.33
yes,,27.688087300003797,85.35734939999925,59.92
yes,,27.687965948741425,85.35756180973692,75.56
yes,,27.68787765000466,85.35689180000949,52.6
yes,,27.68879240000517,85.35759544999955,54.3
yes,,27.68944595000144,85.35775189999896,47.74
yes,,27.688935610625474,85.3570190741881,66.61
yes,,27.68842670000176,85.35699540000029,25.21
yes,,27.688753700001925,85.3574759499999,18.83
yes,,27.688876691115166,85.35758577526757,59.2
yes,,27.68884097481971,85.35750279455301,113.21
yes,,27.68874190000785,85.3604177500151,48.14
yes,,27.688840528751,85.36032848459318,95.43
yes,,27.688469900001255,85.35859764999918,19.08
yes,,27.68891620000074,85.35793019999716,33.0
yes,,27.688849849999844,85.3578803499963,35.12
yes,,27.68871985000301,85.35796240000116,38.52
yes,,27.688792049513047,85.35796398373974,49.95
yes,,27.68859371478445,85.3581214937133,31.8
yes,,27.689126749156006,85.35811446768359,74.45
yes,,27.688994850001528,85.35802204999706,52.02
yes,,27.689012117896276,85.35792290259191,47.26
yes,,27.688631250238075,85.35909378343945,103.88
yes,,27.688692282917703,85.35903998088334,83.6
yes,,27.688807262171945,85.35878241305322,194.03
yes,,27.688739075657384,85.35894936760884,38.2
yes,,27.688286350002024,85.3587063999976,23.69
yes,,27.688176275282586,85.35865421826358,211.6
yes,,27.688250177085017,85.35860617538732,48.19
yes,,27.6890662000053,85.36014415000395,77.36
yes,,27.688508150002153,85.36035355000692,28.99
yes,,27.688540169716216,85.36017003355504,77.91
yes,,27.688541450006316,85.36005084997247,91.25
yes,,27.688636107598768,85.3601957710467,203.14
yes,,27.688691167229486,85.3603648173954,137.48
yes,,27.688745919073995,85.36025487922801,92.63
yes,,27.688483199166573,85.3600942334088,64.57
yes,,27.68915285304806,85.35961076735515,85.09
yes,,27.689245300000128,85.3598065500173,116.84
yes,,27.689213403576144,85.35973405186223,138.62
yes,,27.688727425498083,85.3583656631135,43.0
yes,,27.689079300003677,85.35829499999886,69.01
yes,,27.689088333071627,85.35977647759438,43.16
yes,,27.688690400002706,85.35865030000245,53.25
yes,,27.688849716639755,85.35799766280124,51.81
yes,,27.689297798623038,85.35802581734264,59.8
yes,,27.68262902533012,85.35415368473925,59.98
yes,,27.681904950000312,85.35398279999714,28.71
yes,,27.68175236203702,85.3537693250537,410.54
yes,,27.681908900041215,85.35381630004213,132.34
yes,,27.68198528508986,85.35384016776676,178.74
yes,,27.682168920019723,85.35428183506258,116.56
yes,,27.682134800005066,85.35439030000154,71.61
yes,,27.68204618456909,85.35440290299898,21.03
yes,,27.682064400002183,85.35435440000012,33.48
yes,,27.682085650000356,85.35430489999447,27.05
yes,,27.68197868372997,85.3544168055627,46.66
yes,,27.68193295000117,85.35422530000012,18.16
yes,,27.681890350004615,85.35429595000288,50.01
yes,,27.681964314509685,85.35433195928786,41.29
yes,,27.682019101563817,85.35425103310477,73.19
yes,,27.681969466578263,85.35417825223689,29.97
yes,,27.681447991957796,85.35533990957173,410.93
yes,,27.68163997139259,85.35545072209554,290.32
yes,,27.681611871416813,85.35459233542625,46.36
yes,,27.681573313437998,85.35424833964211,67.28
yes,,27.68163537055741,85.35474971251655,154.65
yes,,27.6820221701509,85.35484975813615,34.15
yes,,27.681785680877365,85.35479904669458,103.04
yes,,27.681925772345377,85.35483475506189,115.75
yes,,27.681962475554762,85.35475048747965,35.52
yes,,27.681838650002167,85.35473514999886,51.13
yes,,27.681717108961298,85.3546494349615,150.75
yes,,27.68183210000181,85.35409884998879,55.74
yes,,27.682576932961823,85.35443120806195,50.93
yes,,27.682723273330705,85.35466523604848,36.35
yes,,27.68243686723378,85.35464725691646,27.09
yes,,27.682533832603703,85.35452214722793,106.93
yes,,27.682290379536216,85.35527750331919,22.14
yes,,27.682627335035523,85.35514028408974,52.44
yes,,27.68278049555669,85.35545737424252,69.71
yes,,27.682633984895237,85.3554964807347,271.46
yes,,27.68353294861038,85.35566616702552,24.8
yes,,27.684564950750268,85.35607508312299,51.1
yes,,27.683997499999695,85.35683219999521,67.87
yes,,27.684355913577885,85.35696851319996,335.13
yes,,27.683696050004613,85.355659400004,52.63
yes,,27.68374894903239,85.35571046688565,69.5
yes,,27.68411801824216,85.35561940500394,40.47
yes,,27.68418170000547,85.35567555000446,47.52
yes,,27.68410778308178,85.35573509414633,41.61
yes,,27.683878055570933,85.35547078082003,24.31
yes,,27.683947748003295,85.35545851857754,65.48
yes,,27.68391345000377,85.35535424999985,35.36
yes,,27.683908100001982,85.35526269999977,46.15
yes,,27.683969050008645,85.3553286499997,62.39
yes,,27.684002450005945,85.35553880000448,32.93
yes,,27.68403038217972,85.35557828693385,21.24
yes,,27.684125050004994,85.35553790000525,33.07
yes,,27.683657747082002,85.35561063469596,41.5
yes,,27.68361490000257,85.355580350002,27.09
yes,,27.68408201826898,85.35462470178206,76.66
yes,,27.684081056802782,85.35453283035541,39.01
yes,,27.68406520001273,85.35541785000055,107.42
yes,,27.683379350004397,85.35513045000187,42.4
yes,,27.682363400011706,85.35597205000886,77.42
yes,,27.68216811680137,85.35587207776082,1218.45
yes,,27.68298051518982,85.35558457385922,38.66
yes,,27.683044900002116,85.35552519999665,39.31
yes,,27.682983250013503,85.35546990000094,66.62
yes,,27.682891469379644,85.35547469068831,138.23
yes,,27.68195900000614,85.35555120000305,60.29
yes,,27.682283597122897,85.35695236966421,52.14
yes,,27.68162896930942,85.35824172383239,28.67
yes,,27.68160234999882,85.35869479999539,32.15
yes,,27.681594200003033,85.35861345000025,37.96
yes,,27.68160187984741,85.35838673458758,26.06
yes,,27.681606573986343,85.35846910832466,41.86
yes,,27.681661462086858,85.35839322906243,24.26
yes,,27.681680304621587,85.35847152480687,45.07
yes,,27.681665199999465,85.35855054999907,43.84
yes,,27.681679549996726,85.35861054999515,34.94
yes,,27.68166658041825,85.35865899719661,57.61
yes,,27.681680366727424,85.35871895005766,25.88
yes,,27.681630917942655,85.35881440329183,57.86
yes,,27.681664149997786,85.358769099992,36.6
yes,,27.681686568775316,85.35888011166051,49.99
yes,,27.681597400520975,85.35874478297454,10.66
yes,,27.681515249929046,85.35871423338172,19.75
yes,,27.6815482687761,85.35866493887463,17.82
yes,,27.681263516599234,85.35818000348094,59.03
yes,,27.681430049415468,85.35822676666461,53.25
yes,,27.681494565944725,85.35828139882719,38.91
yes,,27.681222550007515,85.35830259999807,119.8
yes,,27.681275350006114,85.35850710000439,69.12
yes,,27.681109682967215,85.35772203709276,85.97
yes,,27.681166700004404,85.3576520999998,68.68
yes,,27.68117330000258,85.35784729999013,61.94
yes,,27.681249553576833,85.3579136332782,40.18
yes,,27.68119565000174,85.35779044999427,44.0
yes,,27.68122263319247,85.35771779703403,59.08
yes,,27.681254850001384,85.35783889999671,30.32
yes,,27.681275367409395,85.35776402191402,41.86
yes,,27.68132215000403,85.35780530000429,43.31
yes,,27.68135116570772,85.3578742562409,58.69
yes,,27.68138878524508,85.35791524097087,38.66
yes,,27.681324283624708,85.35796740121208,80.2
yes,,27.68138225459618,85.35802136446658,30.67
yes,,27.68142615158322,85.35795051629404,42.94
yes,,27.681428466243215,85.35807574732375,68.3
yes,,27.681482600005417,85.35801994999191,93.55
yes,,27.681540250002296,85.35808280000452,27.51
yes,,27.68149280000396,85.35814224999574,64.5
yes,,27.681585350003072,85.35812499999736,47.08
yes,,27.681547003318993,85.35818521566299,29.56
yes,,27.681593266307036,85.3582085030796,27.66
yes,,27.681630083332106,85.35816850026033,16.18
yes,,27.68106030000325,85.35788029999318,76.13
yes,,27.68111329785665,85.35792448478328,25.34
yes,,27.681067903966163,85.35800063319441,94.72
yes,,27.681151083931397,85.35806375248612,60.11
yes,,27.681138053063165,85.3582560333088,41.79
yes,,27.68117483485149,85.35819853324894,47.23
yes,,27.681154666574574,85.35796080520947,44.57
yes,,27.681185900003722,85.35798890000639,17.02
yes,,27.68121759976981,85.358015683427,45.75
yes,,27.681220399042456,85.35812493357233,45.33
yes,,27.681265983465085,85.3580553955163,48.27
yes,,27.681307801912293,85.35809526581329,39.31
yes,,27.681337950003478,85.35813445000551,33.19
yes,,27.681371850003266,85.35816970000309,41.92
yes,,27.681077930469925,85.35747201496116,88.37
yes,,27.68132248386845,85.35694246403723,22.28
yes,,27.681282250002056,85.3568879500009,30.49
yes,,27.68124898351326,85.35682494764015,53.49
yes,,27.6813012340559,85.35675918466892,58.54
yes,,27.68139520133398,85.35680574422186,189.12
yes,,27.681329750004146,85.35666334999547,38.36
yes,,27.6813157000076,85.35655024999933,125.58
yes,,27.68099425000152,85.3567583999992,31.68
yes,,27.68103980000426,85.35666034999632,86.99
yes,,27.681089200001974,85.35677354999737,61.04
yes,,27.681131642935203,85.35670146794446,69.96
yes,,27.681248600001318,85.35672965000211,16.25
yes,,27.681227182258688,85.35667415796813,20.71
yes,,27.68123836979901,85.35659559271315,47.82
yes,,27.68109340000843,85.35535964997713,320.95
yes,,27.681149950021254,85.35519145001136,224.25
yes,,27.680895550004816,85.35774735000223,58.6
yes,,27.680946501877468,85.35778988264325,48.98
yes,,27.680959000004265,85.35790580000321,48.71
yes,,27.68100120000532,85.35794625000598,47.9
yes,,27.681001233706372,85.35782314359034,39.53
yes,,27.680990719815977,85.35771893201202,7.18
yes,,27.68095956677677,85.35769490028106,12.49
yes,,27.68099717445032,85.35768023004567,35.4
yes,,27.681527920156,85.35846820664592,34.22
yes,,27.681508850001094,85.3585327499982,43.02
yes,,27.681335966661187,85.35826194989865,86.84
yes,,27.680543416575816,85.35758286522076,90.46
yes,,27.680758596612257,85.35771744898256,114.53
yes,,27.681368650006885,85.35455644999836,125.61
yes,,27.68150075000062,85.35475514999914,151.74
yes,,27.681343674398036,85.35486920847326,37.61
yes,,27.681103400010993,85.35414210000461,93.34
yes,,27.681136316248985,85.35429558115358,52.56
yes,,27.68131804639652,85.3546741744482,152.5
yes,,27.681149528744,85.35464299363484,153.43
yes,,27.6811317000061,85.35476445000036,88.08
yes,,27.681196618857815,85.35478857093698,68.93
yes,,27.68129254200634,85.35478482541357,59.4
yes,,27.681385553677625,85.35475937745267,88.61
yes,,27.680836771318948,85.35753223815114,57.64
yes,,27.680876600000815,85.35747604999862,18.98
yes,,27.68098857328322,85.35718928317694,19.26
yes,,27.680958832488262,85.3572431446173,39.26
yes,,27.680976850002086,85.35707929999322,51.79
yes,,27.680572550990618,85.35692411589093,118.51
yes,,27.680481916518183,85.35729748484842,31.48
yes,,27.680544750001594,85.35705959999716,38.84
yes,,27.68059448355561,85.35728373345289,97.83
yes,,27.680693331884086,85.35710669493211,66.61
yes,,27.680714098986144,85.35728751712418,135.47
yes,,27.68079374698497,85.35734476826873,52.02
yes,,27.68081955790357,85.35728068316443,28.18
yes,,27.680847150005103,85.35738780000428,49.01
yes,,27.680532048771845,85.35735081753484,54.0
yes,,27.680585200005655,85.35738525000264,64.6
yes,,27.680500186465007,85.35748599040312,92.79
yes,,27.68077775000763,85.35748325000392,78.93
yes,,27.68100115536628,85.35757443633234,97.68
yes,,27.6809448511319,85.35751681602612,93.21
yes,,27.680604747419235,85.35711070708668,48.65
yes,,27.670173849992242,85.35150109999141,81.66
yes,,27.670167599995754,85.35158199999458,77.45
yes,,27.67003377925691,85.35172429064806,21.06
yes,,27.670128650885072,85.35200930202967,107.04
yes,,27.669885317048745,85.35173189417462,1.16
yes,,27.669897112818333,85.35182573483658,0.17
yes,,27.669948293491213,85.35180282242065,69.07
yes,,27.669877870134886,85.35153228695972,16.29
yes,,27.66999060000387,85.35148349999905,80.27
yes,,27.67030910253393,85.35283721257802,149.37
yes,,27.670098768813073,85.35275921063673,245.89
yes,,27.680638850002012,85.35682499999335,68.85
yes,,27.680458250273936,85.35677163327551,40.27
yes,,27.680472216787415,85.35669040086538,51.63
yes,,27.68072404185417,85.35676291737384,153.19
yes,,27.68054408216835,85.35664559303899,44.59
yes,,27.680579550001276,85.35581529999904,42.95
yes,,27.68068762292827,85.3558562365051,81.9
yes,,27.6807166993178,85.35575896730562,27.52
yes,,27.680765331561645,85.35578959048998,64.42
yes,,27.680024894137993,85.35467858797979,447.16
yes,,27.68017264743889,85.35477344835746,372.79
yes,,27.68049360000232,85.35511769998779,193.29
yes,,27.680177500848913,85.35498074619802,810.26
yes,,27.680431075755337,85.35487691401622,239.72
yes,,27.68068757814562,85.35496386673033,122.9
yes,,27.679737270520835,85.35483540398175,57.25
yes,,27.67983175475513,85.35484422932565,92.58
yes,,27.67965223270708,85.35477371369691,117.18
yes,,27.6797867151409,85.35456177613315,690.52
yes,,27.67975674535517,85.3551395886078,1418.23
yes,,27.67835155000379,85.3555380500002,42.81
yes,,27.677999900008814,85.3554448500013,86.96
yes,,27.678022799999013,85.3553427499966,67.68
yes,,27.678083185891612,85.35542284723547,41.03
yes,,27.678116826773564,85.35549789354985,34.12
yes,,27.678138720738392,85.35540551094604,27.11
yes,,27.678161179524754,85.3555380081048,44.46
yes,,27.678178221211898,85.35543831903011,33.92
yes,,27.67822612883969,85.3554593491253,22.47
yes,,27.678243274328633,85.35556641134153,110.38
yes,,27.678284278053592,85.3554697930727,30.64
yes,,27.678409208483252,85.35507951507562,371.75
yes,,27.67853849039202,85.35514035460041,145.39
yes,,27.67859141377527,85.35498260098564,202.85
yes,,27.677568000001422,85.35410284999573,105.19
yes,,27.67781805000477,85.35430650000002,74.24
yes,,27.67790560001691,85.35461710000489,210.76
yes,,27.67077207972205,85.35139549456956,38.82
yes,,27.67026745000266,85.35213334999727,60.47
yes,,27.670288750002797,85.35205974998648,45.45
yes,,27.670667050001203,85.35196369999962,25.9
yes,,27.67027545000407,85.3515459000007,50.46
yes,,27.67031254999999,85.35147479999661,50.66
yes,,27.67031960000149,85.35157420000012,19.74
yes,,27.670353950671892,85.35166793275307,51.2
yes,,27.670296783981197,85.35190825354735,11.66
yes,,27.670248650001223,85.35188204999928,20.27
yes,,27.670180600002382,85.35189615000007,36.86
yes,,27.670233150002975,85.35195069999918,47.01
yes,,27.670313150005647,85.35179439999392,90.31
yes,,27.670420500003434,85.35078859999588,88.42
yes,,27.67067198064279,85.35102088232995,51.27
yes,,27.67044190000814,85.35091355000498,38.87
yes,,27.676867500010903,85.35420775000588,76.04
yes,,27.67729505000058,85.35454279998162,253.65
yes,,27.677172000013517,85.35449370000644,96.46
yes,,27.67708802010763,85.35446881047307,131.55
yes,,27.677166799999398,85.35433839998367,237.6
yes,,27.677032695093917,85.35432066992378,101.26
yes,,27.677018610127654,85.35486092982397,429.02
yes,,27.677111300016932,85.35471080000542,160.31
yes,,27.677267768336847,85.35471828116772,140.94
yes,,27.676479890019564,85.35435646957437,103.15
yes,,27.676387480492117,85.3546639470485,97.2
yes,,27.676034300023147,85.35424395000042,102.78
yes,,27.675417100017242,85.35511580000644,124.75
yes,,27.675525687566616,85.35529816877727,98.24
yes,,27.676062700001996,85.35543409999984,33.9
yes,,27.676052679356665,85.35534833939316,35.25
yes,,27.67616704999531,85.35536804999192,134.15
yes,,27.67600337832261,85.35541859150867,45.6
yes,,27.675968910695353,85.35532272959448,87.32
yes,,27.675984129124465,85.35522694069586,78.12
yes,,27.6760579799875,85.35524648358653,56.51
yes,,27.676140390992796,85.35526197105094,71.7
yes,,27.67586154915313,85.3552471334773,250.06
yes,,27.675926830632985,85.35540952836914,32.64
yes,,27.67649873159306,85.35540733148689,67.01
yes,,27.676449350007825,85.35537655000334,56.6
yes,,27.676398880560374,85.35535653039268,42.75
yes,,27.676341550002814,85.35542335000066,21.21
yes,,27.676353850004357,85.35534950000111,30.3
yes,,27.676299300010886,85.35540820000429,43.88
yes,,27.676284000249506,85.35532121625975,33.68
yes,,27.67659660000581,85.35541934999894,141.49
yes,,27.676829100000596,85.35512874999715,62.09
yes,,27.676832817317436,85.35503613826405,44.37
yes,,27.676676500007847,85.35542420000021,51.11
yes,,27.676737450004026,85.35543299999968,67.47
yes,,27.67691155328535,85.35514478042828,23.4
yes,,27.676915150004916,85.35505549999984,79.11
yes,,27.677842099999417,85.35543719999842,18.15
yes,,27.6778643013747,85.35538318175432,19.81
yes,,27.677828798683453,85.3554794179174,11.63
yes,,27.677882926496746,85.35553765789764,30.01
yes,,27.677906850000102,85.35547709999899,24.01
yes,,27.677916950001997,85.35540604999863,54.09
yes,,27.677543215813714,85.35545844724267,24.97
yes,,27.677578198675512,85.35542301658577,31.47
yes,,27.677618050004014,85.35547805000336,49.5
yes,,27.6782469500037,85.35447464999933,68.92
yes,,27.67827506072769,85.35455234839007,180.19
yes,,27.678320149996658,85.35438264998528,209.3
yes,,27.679981599999017,85.35418084999641,47.35
yes,,27.680249481579583,85.35420914258354,44.57
yes,,27.68018369997133,85.35423113336616,37.43
yes,,27.680190400000512,85.35414784999492,31.55
yes,,27.680137500520527,85.35419438302578,25.07
yes,,27.680085750007102,85.35415860000325,86.54
yes,,27.680303350007534,85.3542688000081,72.92
yes,,27.68037399612796,85.35431776674321,55.74
yes,,27.680427900006613,85.35424135000268,98.05
yes,,27.67059200000041,85.3506365999924,33.62
yes,,27.670802065545345,85.35028514897719,87.52
yes,,27.67077569999996,85.35018814999758,19.85
yes,,27.670734103364214,85.35024868181905,53.89
yes,,27.670694139633152,85.35015829577986,51.78
yes,,27.670307596277375,85.35018531632872,23.5
yes,,27.670341450003356,85.35012945000527,28.51
yes,,27.67039595000235,85.35008164999053,49.7
yes,,27.670296150003182,85.35010705000391,38.82
yes,,27.670387000003974,85.35029714999722,61.25
yes,,27.67050720188704,85.35030351518202,31.41
yes,,27.66996850000716,85.35031005000164,97.69
yes,,27.669862971342795,85.35112019487086,13.17
yes,,27.669870505495062,85.35075893249078,38.9
yes,,27.670003249997823,85.35115734999613,27.2
yes,,27.669920599999593,85.35112859999839,20.27
yes,,27.669940650003248,85.35119610000064,38.72
yes,,27.6795752992982,85.35354947355312,41.18
yes,,27.679557850008912,85.35364895000241,58.7
yes,,27.679763450006643,85.35399500000572,23.73
yes,,27.679565999999596,85.35397084999619,50.91
yes,,27.679827356913513,85.35384303103018,36.42
yes,,27.67927440584724,85.353791165614,168.98
yes,,27.67920040004305,85.3536226499842,247.39
yes,,27.67932890005644,85.35357614999435,331.13
yes,,27.679534710603743,85.35336411868687,290.39
yes,,27.67961366797502,85.35305523085749,42.6
yes,,27.679628900001983,85.35296055000022,23.03
yes,,27.679638150000496,85.35290864999982,14.5
yes,,27.679219334508645,85.35314535177329,74.58
yes,,27.679896116044688,85.35411762120455,70.22
yes,,27.680135415929374,85.35365820571178,68.68
yes,,27.680192316803563,85.35396905074364,32.71
yes,,27.680177869788828,85.35384843571899,67.43
yes,,27.68013606620313,85.35391139861474,47.49
yes,,27.680036200004615,85.35382975000061,68.81
yes,,27.68010749165793,85.3537651145937,63.2
yes,,27.680002850006016,85.35355475001415,50.35
yes,,27.6799854671416,85.35373660406779,25.54
yes,,27.680034500005736,85.3536676000081,44.78
yes,,27.680297716522173,85.35401755265552,67.48
yes,,27.680353150003207,85.35335634999477,51.65
yes,,27.680402700004148,85.35340565000762,38.4
yes,,27.680238600001328,85.35346314999741,30.6
yes,,27.680338300002546,85.35346700000242,36.41
yes,,27.679926150004214,85.35336769999931,80.74
yes,,27.68035021634577,85.3540970365469,40.34
yes,,27.679926581093355,85.35380244137218,48.79
yes,,27.681428004908955,85.35388092266042,38.68
yes,,27.681478748895227,85.35396196700067,89.41
yes,,27.68169659039938,85.35410359765906,47.24
yes,,27.681641200008478,85.35405165000607,74.86
yes,,27.68156385000127,85.35403129999509,54.57
yes,,27.681306999998863,85.35392559999929,50.54
yes,,27.681494631384453,85.35377068699576,123.09
yes,,27.68098771211671,85.35439547505189,17.33
yes,,27.68106605087091,85.3543670157312,20.77
yes,,27.680662436950062,85.35431220353001,46.33
yes,,27.68069309739145,85.35442067261799,52.35
yes,,27.680596765010304,85.35419118665808,189.12
yes,,27.680569733846536,85.35430707543028,83.26
yes,,27.680805933201036,85.35445032765095,82.95
yes,,27.6808819500017,85.35447740000016,25.12
yes,,27.68046727688224,85.35434815550458,79.52
yes,,27.68057245053005,85.35445198318665,79.16
yes,,27.68106921893784,85.35473566557312,38.49
yes,,27.68075565890583,85.35451813454142,67.11
yes,,27.68083338354935,85.35455823382689,65.35
yes,,27.68088805116365,85.35458393230638,76.01
yes,,27.680946406068305,85.35462048377744,82.75
yes,,27.680538550002208,85.35388790000516,40.83
yes,,27.680573250001256,85.35383674999696,20.74
yes,,27.68059845000213,85.35379195000023,33.13
yes,,27.681045900002644,85.35413915000042,15.96
yes,,27.68100960000462,85.35407525000008,47.85
yes,,27.681059507254467,85.35401367984458,12.6
yes,,27.680899807312237,85.35375872891298,79.97
yes,,27.680807894022262,85.35406186996228,177.56
yes,,27.67865585000777,85.35407329999944,130.82
yes,,27.67877031707685,85.35348204524357,81.98
yes,,27.678878000002076,85.3535045999981,79.72
yes,,27.67885081538261,85.3530380287132,91.35
yes,,27.679191599999715,85.35302464999653,28.43
yes,,27.678853259747005,85.35332532641326,53.35
yes,,27.67904885001256,85.35328674999684,145.21
yes,,27.678788634320902,85.35323101785394,77.13
yes,,27.678874199999704,85.35293489999317,64.37
yes,,27.679014484163233,85.35302208511106,44.96
yes,,27.671272100008977,85.35156165001054,46.53
yes,,27.67083203671104,85.35155069487394,29.87
yes,,27.67081731987428,85.35232021937715,124.32
yes,,27.67076910100775,85.35215903022835,143.62
yes,,27.671351597078523,85.35017921919572,54.51
yes,,27.67091940961983,85.35018128174278,131.14
yes,,27.671032322093154,85.35023926843773,87.99
yes,,27.671224700003467,85.35031664999518,154.18
yes,,27.671094800010472,85.35091335001114,52.83
yes,,27.67130075000414,85.35101029999828,79.16
yes,,27.67094715919124,85.35114708116609,19.37
yes,,27.67107794766234,85.35139051794485,42.34
yes,,27.671016983757134,85.35124756966223,41.37
yes,,27.67078550000266,85.35116495000098,25.32
yes,,27.67808930000451,85.35354159999636,115.67
yes,,27.67814831304473,85.35368413717697,197.09
yes,,27.678049645385403,85.35389986996323,202.18
yes,,27.678155900006992,85.35383741667117,31.79
yes,,27.678133900019432,85.35396885000802,114.5
yes,,27.678279048006186,85.3538713661025,93.77
yes,,27.67835570000327,85.35324270000126,43.02
yes,,27.678424633293055,85.3532936441415,31.26
yes,,27.678527399996796,85.35336119996808,78.65
yes,,27.678444573137703,85.3533923091965,212.01
yes,,27.678269480421704,85.35316543648347,154.94
yes,,27.67803290053129,85.35311525841867,201.37
yes,,27.678179809863284,85.35322785548296,214.63
yes,,27.67849601485307,85.3528384073368,38.4
yes,,27.67832174971345,85.35285171664749,70.0
yes,,27.678639297171483,85.35298113535171,38.21
yes,,27.671535247982362,85.34941601082754,39.72
yes,,27.67147359453694,85.34947633397921,42.63
yes,,27.671092500002242,85.34959774999565,34.13
yes,,27.670898129127572,85.34973001907811,50.87
yes,,27.670853003559113,85.3496544653039,67.61
yes,,27.67072145000259,85.34954470000433,29.83
yes,,27.67808564448616,85.35271873100318,76.14
yes,,27.67818620000106,85.35247584999212,73.86
yes,,27.678273953448105,85.35255863193724,83.15
yes,,27.678346168171917,85.35261970935984,98.0
yes,,27.678411132673826,85.35264222517989,38.3
yes,,27.67820225000564,85.3526377499922,52.75
yes,,27.678391112169734,85.35225872842153,42.39
yes,,27.677922526599986,85.35267290864842,44.23
yes,,27.67798780000356,85.3527040999993,67.38
yes,,27.677873650000695,85.35247029999674,58.97
yes,,27.677946653570338,85.35255112951583,129.84
yes,,27.677901399997474,85.35237974998634,167.93
yes,,27.67778135000503,85.35233899999864,103.3
yes,,27.669978449617567,85.35087823365976,38.82
yes,,27.669923154466844,85.35083948170042,70.23
yes,,27.66998294999932,85.3507911999903,52.66
yes,,27.66985485476403,85.35081352531928,27.12
yes,,27.677969485999466,85.35281804191158,70.64
yes,,27.67799866518707,85.35296012369334,68.79
yes,,27.677809991324715,85.35309801696488,72.09
yes,,27.677940850446685,85.35307806640994,117.99
yes,,27.67783596735224,85.35301970154687,109.39
yes,,27.677760900770522,85.35292926604578,193.57
yes,,27.67747124226539,85.3533197559116,385.17
yes,,27.67777253570316,85.35358166893371,349.66
yes,,27.67777245000006,85.35335504999752,32.04
yes,,27.680428247991486,85.35763216724406,65.94
yes,,27.67598547972299,85.35147923142898,58.4
yes,,27.67592411888342,85.35143383684124,85.66
yes,,27.675843600013547,85.35140540001518,111.93
yes,,27.675775100000642,85.3513781999973,22.25
yes,,27.675795456402145,85.35134563330865,18.09
yes,,27.675811800000766,85.35130679999688,22.78
yes,,27.675869207378984,85.35102514928572,20.83
yes,,27.676108899996567,85.35119559997284,72.79
yes,,27.67507535766484,85.35172372552425,110.38
yes,,27.675582340159327,85.35197486737584,122.47
yes,,27.67548760001441,85.3523134500051,104.25
yes,,27.675535733528726,85.3524605168528,176.82
yes,,27.674944368479647,85.34831091987863,84.3
yes,,27.673299950003518,85.34798855000037,50.31
yes,,27.672664734674495,85.3475226824633,50.26
yes,,27.67258885000696,85.34796239999895,112.32
yes,,27.674708999999407,85.34944574999598,37.94
yes,,27.670108905878653,85.34951150572677,43.23
yes,,27.669822251758085,85.34965150226677,13.47
yes,,27.671936300000194,85.3501941499987,17.48
yes,,27.671427999992773,85.35059824998334,64.18
yes,,27.670334033984872,85.34941014676707,26.29
yes,,27.670621000006115,85.34935775000928,83.23
yes,,27.67057810337203,85.34955456566041,37.64
yes,,27.670507300001848,85.34951414999682,26.23
yes,,27.670460365499004,85.3494692836913,34.5
yes,,27.670602516086525,85.34983789739614,44.78
yes,,27.67046188740171,85.34998012992291,104.26
yes,,27.67146375000684,85.3457297999922,90.96
yes,,27.671282165181214,85.34550933988409,12.73
yes,,27.671122832900096,85.34593561168023,16.8
yes,,27.677242687601666,85.35224850598117,155.7
yes,,27.677394077280052,85.35221663708523,93.8
yes,,27.677290300004262,85.3521203499952,124.1
yes,,27.677205850006718,85.35208640000322,67.94
yes,,27.677128691527642,85.35207741996375,75.2
yes,,27.677021850000276,85.35201929999172,49.92
yes,,27.67687231740578,85.35193462112733,95.85
yes,,27.676232985146594,85.3516770035832,135.2
yes,,27.676609400013685,85.35199695000874,108.62
yes,,27.676341606899232,85.35188275679526,170.44
yes,,27.676425516834524,85.35196635208783,82.04
yes,,27.676569350001788,85.35210514998707,44.87
yes,,27.676387080351383,85.35173412992359,132.78
yes,,27.676648300003155,85.3517986500006,33.68
yes,,27.67597900000179,85.35206434999745,38.65
yes,,27.675926348002516,85.35180768482844,175.86
yes,,27.676039503421407,85.35180958417938,38.32
yes,,27.676083253703585,85.35170093348206,55.46
yes,,27.676108333738668,85.35154330244237,225.33
yes,,27.675980450008055,85.35158560001086,75.27
yes,,27.675797150002417,85.35209659999366,82.4
yes,,27.675718947691564,85.35200981820448,150.02
yes,,27.675781598785314,85.35185381749436,143.29
yes,,27.675816850000206,85.35162069999643,23.82
yes,,27.67569845000012,85.35155484999731,21.96
yes,,27.674544100003555,85.35065345000073,46.71
yes,,27.674570349999122,85.3505855999946,29.65
yes,,27.674447950002424,85.35066929999965,42.89
yes,,27.674397300020033,85.3505724500152,104.45
yes,,27.67448900000424,85.35057394999954,71.68
yes,,27.67465720000946,85.35070685000262,99.79
yes,,27.675077266576203,85.35117539982558,263.71
yes,,27.67711410000566,85.35256335000228,34.42
yes,,27.677045369443857,85.35255561650385,72.58
yes,,27.67698333301863,85.35252371397488,69.29
yes,,27.676211506879632,85.35221741226631,191.35
yes,,27.676340750014532,85.35228249996815,216.02
yes,,27.676827166644642,85.3522213018791,148.54
yes,,27.67641062715644,85.35256062280047,203.58
yes,,27.676095400011803,85.35258060000498,76.75
yes,,27.67605440107924,85.35221549312581,169.99
yes,,27.675821600007097,85.352295299993,129.51
yes,,27.6757322000042,85.35221399999432,104.72
yes,,27.675646854632845,85.35243577905682,70.87
yes,,27.676230270225133,85.35345431375066,36.58
yes,,27.67618708228312,85.35336562749505,174.51
yes,,27.67599395000094,85.353648949996,77.87
yes,,27.6762912334475,85.35378470002982,528.77
yes,,27.67607270001428,85.35370515000656,108.93
yes,,27.675912750005693,85.35368664999933,40.6
yes,,27.677150035412478,85.35355163756248,20.83
yes,,27.677142950007237,85.35367130000921,45.81
yes,,27.677076778637765,85.35359122178588,157.2
yes,,27.677113250008954,85.35343040001385,69.4
yes,,27.67716726276682,85.35346412624165,58.28
yes,,27.67726110000688,85.35351664999943,108.68
yes,,27.677071950012138,85.35314960003149,68.75
yes,,27.67236790000372,85.35129150000023,40.42
yes,,27.672506167990164,85.35102158292563,133.87
yes,,27.672259550000764,85.35200979999706,55.55
yes,,27.67260366131931,85.35079223113306,85.94
yes,,27.672682370593094,85.35070444362619,48.7
yes,,27.672449150007054,85.35078040000032,106.04
yes,,27.672382467141485,85.35085948080126,82.53
yes,,27.671840650008342,85.35097150000257,80.56
yes,,27.67159894999919,85.3508572499961,38.16
yes,,27.671593500002164,85.35190459999868,41.85
yes,,27.671511935636207,85.35198345619763,20.45
yes,,27.671666124802226,85.3513882626619,51.47
yes,,27.67150430363819,85.35152113349882,48.36
yes,,27.671559100001847,85.35159209999594,25.05
yes,,27.67215024999634,85.35267459999697,106.96
yes,,27.67184450618478,85.35248607708341,71.93
yes,,27.671911900008755,85.35263800000125,64.77
yes,,27.672034432260276,85.35253836305289,140.43
yes,,27.671192723167692,85.35264638181306,394.25
yes,,27.671400006486834,85.35280328834529,578.11
yes,,27.670879453689714,85.34918199619648,34.61
yes,,27.67083511625511,85.34863740140405,49.29
yes,,27.670521650001568,85.34834710000437,26.68
yes,,27.67011308304155,85.34831618004213,25.46
yes,,27.669947097417307,85.34810403889686,78.31
yes,,27.66991911104459,85.34827942921883,55.42
yes,,27.67055355000129,85.34822584999876,18.02
yes,,27.67054884602022,85.34809673251381,77.57
yes,,27.670504050003515,85.34801665000225,67.14
yes,,27.670457067936844,85.34793314271006,74.75
yes,,27.67042604221814,85.34786748258259,39.58
yes,,27.670405482876166,85.34782395085877,36.18
yes,,27.670522864127193,85.3478901788714,30.89
yes,,27.670017733441554,85.34851664946694,31.13
yes,,27.67009118288131,85.34853922074124,30.31
yes,,27.67026985000436,85.34786920000485,129.69
yes,,27.670412082937798,85.34808745450046,89.22
yes,,27.670089900001454,85.34789055000454,37.56
yes,,27.670156100002178,85.34824184999879,32.49
yes,,27.670258150005363,85.34873884999655,81.74
yes,,27.670148780476314,85.34869267633677,50.79
yes,,27.67018980000793,85.34865164998776,108.03
yes,,27.670005571772197,85.34883096613204,37.59
yes,,27.67011345000612,85.34902700000387,100.22
yes,,27.670108746279208,85.34929630776716,76.14
yes,,27.670135250002428,85.34926279999485,32.79
yes,,27.669878946661697,85.349302319961,106.16
yes,,27.669922760702494,85.34883020305853,74.47
yes,,27.669899900302486,85.34875264477621,47.74
yes,,27.66986278951914,85.34862783572464,13.65
yes,,27.66997096011188,85.34889436421105,39.65
yes,,27.670088966393113,85.34874249867163,53.16
yes,,27.67084070000451,85.34881600000337,79.49
yes,,27.676718299997827,85.3533904999877,48.07
yes,,27.67657522048131,85.35315782426142,169.08
yes,,27.676485150002367,85.35308274999646,96.94
yes,,27.676407350068395,85.35327800003436,218.39
yes,,27.67643090000252,85.35345665000081,31.68
yes,,27.67686765000672,85.35383059999451,182.48
yes,,27.676946001296137,85.35393486473471,158.97
yes,,27.676853350003945,85.35369879999804,82.68
yes,,27.676602818665042,85.35369600348375,117.03
yes,,27.67634593098523,85.35359379584276,71.41
yes,,27.676426200002904,85.35363669999772,66.09
yes,,27.67654925000129,85.35388889998075,266.03
yes,,27.677055950024037,85.3540389500078,283.85
yes,,27.677166747670416,85.35566468412871,81.92
yes,,27.677470349999712,85.35590524997858,105.65
yes,,27.67748346651926,85.35580715882415,57.66
yes,,27.677292310531975,85.35568893572066,72.31
yes,,27.677298447245743,85.35562311721557,24.27
yes,,27.677352077289246,85.35566411703921,42.7
yes,,27.67738427421487,85.35575453203836,42.96
yes,,27.67754310000579,85.35584230000285,71.01
yes,,27.677357520318004,85.35582283776074,66.2
yes,,27.67689664986261,85.35588513349947,54.78
yes,,27.678079146037533,85.35598036962826,177.24
yes,,27.67790285000042,85.35612659999639,33.4
yes,,27.67796015000167,85.35616204999994,26.73
yes,,27.67795441671009,85.35608330005954,94.38
yes,,27.67801357330326,85.35618663544818,28.42
yes,,27.678059150002042,85.35613929999589,58.85
yes,,27.67760300085506,85.3561493329095,35.02
yes,,27.677660600001605,85.3561905499967,44.22
yes,,27.677615216404057,85.3558993105056,76.6
yes,,27.67804885377695,85.35570473001806,46.0
yes,,27.677552450001762,85.35563560000112,19.22
yes,,27.677617849998356,85.35567319998664,54.49
yes,,27.677481918750257,85.35550228615578,43.9
yes,,27.67753614883488,85.35555443389285,80.8
yes,,27.677848450001378,85.35587604999934,30.38
yes,,27.677897531763648,85.35590423572566,48.75
yes,,27.67792599019325,85.3558279200883,30.26
yes,,27.677768340871356,85.35585407855348,73.29
yes,,27.677818631877948,85.35579696694799,96.37
yes,,27.677889250007933,85.35572705000342,57.88
yes,,27.67788574999828,85.35562919999174,73.15
yes,,27.677935800002498,85.35556930000124,22.25
yes,,27.67795580000337,85.35566820000173,25.44
yes,,27.677979550003474,85.35559745000093,27.45
yes,,27.677947000006466,85.35575590000282,49.12
yes,,27.67796138071847,85.3559339921669,59.98
yes,,27.677997092018256,85.35585506926036,54.5
yes,,27.67768663202412,85.35577404280184,98.72
yes,,27.67772743393843,85.3556626813487,53.14
yes,,27.6777924860095,85.35568817474244,102.59
yes,,27.677798850001864,85.35558934999763,54.94
yes,,27.677832680276275,85.35553634183992,22.33
yes,,27.67863395000363,85.35618435000363,29.19
yes,,27.678656900007688,85.35607140000252,103.73
yes,,27.6786003545008,85.35626838289828,59.6
yes,,27.678345800005257,85.35562549999987,23.05
yes,,27.67825950000188,85.35578824999956,60.82
yes,,27.678353182782875,85.35593248640448,57.25
yes,,27.678284800002608,85.35594835000036,37.34
yes,,27.678309006695695,85.35588423150878,32.91
yes,,27.67839605098371,85.35597101562956,68.58
yes,,27.67844350000646,85.35601345000434,60.72
yes,,27.67815870001953,85.3560148500119,96.36
yes,,27.67820897447829,85.35569545767711,61.08
yes,,27.67816930664584,85.35561212595948,29.27
yes,,27.678109500002726,85.35560514999999,28.16
yes,,27.67833645000161,85.35632774999799,38.83
yes,,27.678441598876258,85.35638631725243,279.94
yes,,27.678371700000767,85.35650219998702,80.27
yes,,27.678442700816937,85.3565599162529,33.48
yes,,27.67860354534915,85.356635486314,91.44
yes,,27.67864996248518,85.35668106743745,72.0
yes,,27.678523732714407,85.35647529737986,61.67
yes,,27.67859030000168,85.35652214999668,44.65
yes,,27.67860965673137,85.35642741344779,169.51
yes,,27.67853710000776,85.3566017000092,82.19
yes,,27.678434646505394,85.35667466699222,145.11
yes,,27.679039065742035,85.35584701915076,27.15
yes,,27.678991018667304,85.35580310333593,50.39
yes,,27.679144117250218,85.3558149008543,72.12
yes,,27.67924955000329,85.35595910000248,19.99
yes,,27.679263901840418,85.3558838815311,21.95
yes,,27.678927850003348,85.35609540000202,38.38
yes,,27.678907305814878,85.3561692325551,22.7
yes,,27.679489150000325,85.35579350000036,37.88
yes,,27.679410850012555,85.35582529999905,81.51
yes,,27.679883607182468,85.356075983335,48.78
yes,,27.679852200001832,85.35613374999359,64.38
yes,,27.67978347134329,85.35609118838707,48.46
yes,,27.67983088406899,85.35602303667982,25.81
yes,,27.679764645357718,85.35596243243235,128.18
yes,,27.679860200001418,85.35593859999977,40.39
yes,,27.679850931127195,85.35583436313348,117.81
yes,,27.67967009999789,85.35576750000052,52.34
yes,,27.679770174690685,85.35584661269661,38.64
yes,,27.67976192411116,85.35576378608837,42.38
yes,,27.679662750001352,85.35601639999973,50.5
yes,,27.679657883211217,85.35593736655976,68.76
yes,,27.679579716733453,85.35600696659745,41.61
yes,,27.679579750001327,85.35593609999998,39.13
yes,,27.67951164346975,85.35597992335623,49.42
yes,,27.679465050001077,85.35587884999988,24.76
yes,,27.67951289460088,85.35589527573015,22.89
yes,,27.67951050000044,85.35584529999998,9.59
yes,,27.67957775000053,85.35585535000114,64.33
yes,,27.6793824500071,85.35595540000077,80.05
yes,,27.67956753799253,85.35578317699368,54.33
yes,,27.679695506434392,85.35584982328018,61.42
yes,,27.679326160545095,85.35580382517097,95.21
yes,,27.68021770000239,85.35632930000028,34.61
yes,,27.680240217415143,85.35627515149126,23.84
yes,,27.680058900003466,85.35617830000098,48.98
yes,,27.68013696701814,85.35612440264534,93.9
yes,,27.679986899998422,85.35576724999908,140.65
yes,,27.680109804746067,85.35577042521183,83.73
yes,,27.680299450000877,85.35617374999924,19.83
yes,,27.67994271854986,85.3559992356946,137.43
yes,,27.670867300003906,85.34753089999319,41.66
yes,,27.67078810000248,85.3466511499867,66.75
yes,,27.67075710000295,85.34670549998353,71.67
yes,,27.670478850007026,85.34675994997345,67.52
yes,,27.67039070000367,85.34676905000016,56.74
yes,,27.67033288870407,85.34673668579963,22.21
yes,,27.670431850002043,85.34683959999681,36.43
yes,,27.670566554015767,85.34757776939922,64.81
yes,,27.670471400001926,85.34707209999875,29.96
yes,,27.670376450005282,85.34717555000998,59.19
yes,,27.670905750003023,85.34713179999954,48.08
yes,,27.670285153053932,85.34759756730809,38.93
yes,,27.670251648166808,85.34754073276186,46.09
yes,,27.67017395550621,85.34763026635757,66.27
yes,,27.670215832871232,85.34769055124012,50.72
yes,,27.67022646825287,85.34777614492083,60.95
yes,,27.669982145798347,85.3475592023002,0.64
yes,,27.670081408364414,85.3473522430442,59.16
yes,,27.67001953215111,85.34732263294444,14.41
yes,,27.67918985283924,85.35661638353712,79.52
yes,,27.679238950002965,85.35657759998287,47.09
yes,,27.67914635503912,85.35650068421721,78.14
yes,,27.6792917000056,85.3566829,89.93
yes,,27.67927438615861,85.35682677408609,128.22
yes,,27.67886485468567,85.35643813299642,167.56
yes,,27.67895838517151,85.35649331314049,64.84
yes,,27.679056546406116,85.35641896657434,111.89
yes,,27.67910310000148,85.3563697999885,34.35
yes,,27.679179650002236,85.3564456999905,45.92
yes,,27.679132116579993,85.35630899949297,97.34
yes,,27.678986900002815,85.35685345000095,56.79
yes,,27.679059571464656,85.3568178344289,72.02
yes,,27.678996666416037,85.3567405463521,39.81
yes,,27.67907050458251,85.35667793494376,89.5
yes,,27.67906096789931,85.35654538343526,66.95
yes,,27.678873990087627,85.35671025810888,41.87
yes,,27.67874588378861,85.35680550215275,20.33
yes,,27.67868335169437,85.35675398295463,42.67
yes,,27.678792000003035,85.3567640999926,57.36
yes,,27.678831565512642,85.35667471013315,54.09
yes,,27.678703500003213,85.3565846000022,33.58
yes,,27.678855652679736,85.3568409666377,61.23
yes,,27.678924925682647,85.35677527573363,110.95
yes,,27.679135150285592,85.3566540698833,48.81
yes,,27.6792968500048,85.35645185000774,40.02
yes,,27.67925800000045,85.35697109999774,26.61
yes,,27.679314770765536,85.3570821420679,174.74
yes,,27.679386983391918,85.35664299784737,45.12
yes,,27.67958885000262,85.35690994999796,33.01
yes,,27.679531795178438,85.35692757717456,26.8
yes,,27.679600550000952,85.35682120000348,24.85
yes,,27.67954635000212,85.35685194999981,35.61
yes,,27.679638050002527,85.35686850000185,40.76
yes,,27.679667550001856,85.35694499999717,28.62
yes,,27.67969789980682,85.35689701668863,22.53
yes,,27.679460003225834,85.35676448286675,92.69
yes,,27.679341100002723,85.35659814999995,42.38
yes,,27.679490835624023,85.35669486394752,88.04
yes,,27.679583003556058,85.35675361529604,27.19
yes,,27.67970651565655,85.35673727389533,31.46
yes,,27.67973691862743,85.35666888982267,45.31
yes,,27.679714201672994,85.3568212137386,94.11
yes,,27.679774750008153,85.35675255000446,90.94
yes,,27.679778346292785,85.35660506799078,46.61
yes,,27.67984949999701,85.35698904999389,47.24
yes,,27.67990775000345,85.3565889500004,48.58
yes,,27.679906550002418,85.35649699999746,64.57
yes,,27.67998755000534,85.35649405000304,37.67
yes,,27.680044075618707,85.3565389640212,91.38
yes,,27.6800886007582,85.3565918155575,52.39
yes,,27.679995936977672,85.35662623199781,79.0
yes,,27.67988420000202,85.3569214500008,15.72
yes,,27.679927497650766,85.35688672215845,47.61
yes,,27.679977250001695,85.35677455000004,25.72
yes,,27.680026920908023,85.35677034771649,41.14
yes,,27.68009350000158,85.3567835499986,56.66
yes,,27.680119950003377,85.35670114999941,63.81
yes,,27.680362416237895,85.35667222754522,18.78
yes,,27.680282949999295,85.35669769999708,54.15
yes,,27.680203450001326,85.35670529999975,27.26
yes,,27.680231200010947,85.35661850000359,49.83
yes,,27.680068449998277,85.35643114998894,81.93
yes,,27.68016425582564,85.35647952932361,65.89
yes,,27.680169362849732,85.35639523079159,83.0
yes,,27.68049154999946,85.35653694999704,68.69
yes,,27.680302600006975,85.35660670000028,97.38
yes,,27.68039170000112,85.35660654999833,82.23
yes,,27.680391889381003,85.35651482171995,80.63
yes,,27.680368299994857,85.3564451499931,44.3
yes,,27.68030585000076,85.35650409999896,47.92
yes,,27.680260449999682,85.35642754999749,34.62
yes,,27.679942079214882,85.35629694302582,25.04
yes,,27.680037949997185,85.35631514999842,110.65
yes,,27.68001434999743,85.35624064999863,36.14
yes,,27.680287200740928,85.35683963301368,17.66
yes,,27.68030565000136,85.35678879999789,25.04
yes,,27.680352566165663,85.35683834815401,37.82
yes,,27.68041060000166,85.35671254999885,25.85
yes,,27.68024964999957,85.35698209999629,62.07
yes,,27.680218831234605,85.35709598805809,83.68
yes,,27.680114069743592,85.35707175307729,61.7
yes,,27.680049380959723,85.35700777831273,63.83
yes,,27.680140969841908,85.35700585379149,52.99
yes,,27.680037300002112,85.35685974999977,36.44
yes,,27.680111850009343,85.35689600000073,128.1
yes,,27.68018302032812,85.35693481630948,40.12
yes,,27.67982722352699,85.35749706223217,162.14
yes,,27.67984379999594,85.35738219998892,109.2
yes,,27.679761450002967,85.35734300000148,23.32
yes,,27.679799650017515,85.35712600000929,75.36
yes,,27.679869400006595,85.35728605000092,85.33
yes,,27.679775300006355,85.35725285000267,57.32
yes,,27.679862100002723,85.35717674999759,85.63
yes,,27.680234874495607,85.35728084216319,76.38
yes,,27.680167800005385,85.35739404999985,85.48
yes,,27.68023145000302,85.35751124999769,66.71
yes,,27.680477868829037,85.35710669428119,44.86
yes,,27.68030110000836,85.35712675000629,67.3
yes,,27.680435616812336,85.35723798402692,144.22
yes,,27.680526249447656,85.35723049989062,35.6
yes,,27.68086790026938,85.3571549332739,26.48
yes,,27.680790525098967,85.35710546599584,142.85
yes,,27.680549937647537,85.35715321626454,71.73
yes,,27.680651989489512,85.35719066927699,45.83
yes,,27.680641950001036,85.35703379999882,28.09
yes,,27.68074865000662,85.35699945000584,77.15
yes,,27.680694277300343,85.35742446548153,50.65
yes,,27.67955730000418,85.35722875000403,32.03
yes,,27.67950200000399,85.3571926000004,58.93
yes,,27.679547878239962,85.3570502667492,49.91
yes,,27.679538559296102,85.35712353107132,39.21
yes,,27.679601547183974,85.35715646927284,29.39
yes,,27.679621350007768,85.35705640000245,69.45
yes,,27.679691381489405,85.35712738067932,219.51
yes,,27.67947865000649,85.35705390000153,52.91
yes,,27.67941554531105,85.35704437170651,57.78
yes,,27.679449250003763,85.35715810000201,43.86
yes,,27.679604984865474,85.35726467619493,50.99
yes,,27.679664452531647,85.35728968213692,34.29
yes,,27.679716168257425,85.35732435881022,32.68
yes,,27.67473264718314,85.35076206951884,62.1
yes,,27.67490115367889,85.35082380905796,198.23
yes,,27.674883381853398,85.35098109726567,68.15
yes,,27.673822397517174,85.35035817209187,37.33
yes,,27.673733404328924,85.35057167758347,78.91
yes,,27.674282799998664,85.35085709999719,51.72
yes,,27.67413566915267,85.35067475619472,60.91
yes,,27.674056700004108,85.35064995000019,61.95
yes,,27.674098497251393,85.35055221830422,94.58
yes,,27.674164000006456,85.35057950000399,51.2
yes,,27.673939020347863,85.35069790648987,105.04
yes,,27.67388965000476,85.35057595000015,68.9
yes,,27.67394729258006,85.35048412026045,139.73
yes,,27.67389556705295,85.3512171871731,68.84
yes,,27.673979400011998,85.35120995000237,140.59
yes,,27.672679370347268,85.34834865642955,38.61
yes,,27.67251653038375,85.34827154436718,76.45
yes,,27.672627550001117,85.34817454997784,126.23
yes,,27.672640550013387,85.3485053999987,140.89
yes,,27.677202600001756,85.33894099999975,30.24
yes,,27.677254894191023,85.33888867967877,74.24
yes,,27.677289945077675,85.33882996947587,32.1
yes,,27.677318003782283,85.3386798802915,84.32
yes,,27.67726810992213,85.33852319863104,67.62
yes,,27.677301900002732,85.33844784999644,61.02
yes,,27.67719530000026,85.33864729998521,54.39
yes,,27.67365535000175,85.35275139999996,27.91
yes,,27.67396620000133,85.35235850000024,19.13
yes,,27.673086950004627,85.35258330000028,40.24
yes,,27.673339073868522,85.35288506437858,477.19
yes,,27.676612173703223,85.33796631770367,113.02
yes,,27.676515947082777,85.33804213162513,114.77
yes,,27.677002891978223,85.33714631800595,90.39
yes,,27.677274350002477,85.33745569999381,60.45
yes,,27.67702885788781,85.3375187326148,37.65
yes,,27.676810584451218,85.33794754722223,70.88
yes,,27.677233634683848,85.33791143204796,94.12
yes,,27.677008299094513,85.33734178392888,59.53
yes,,27.676549950007615,85.33816324999192,70.13
yes,,27.676945147551805,85.33798717712304,68.72
yes,,27.676941850002148,85.33775944999739,20.95
yes,,27.67651165001091,85.33777055000819,169.89
yes,,27.677008887178655,85.33757788278342,55.23
yes,,27.677066900005205,85.33744780000012,79.74
yes,,27.676650192433794,85.33803628325937,58.04
yes,,27.67680165000229,85.33818620000446,55.78
yes,,27.67695985000501,85.33730405000507,47.69
yes,,27.67683636745281,85.33825464799737,74.11
yes,,27.676903212541436,85.33778516560055,36.95
yes,,27.677006582585204,85.33812595469412,142.88
yes,,27.677164284709097,85.3372664830076,101.49
yes,,27.67703354882152,85.3379190827803,117.28
yes,,27.676926856826373,85.33739710813963,112.55
yes,,27.67690836284341,85.33816912941532,74.07
yes,,27.677101550001364,85.33757879999636,43.78
yes,,27.677031207381656,85.33724828225053,51.63
yes,,27.67672395124218,85.33759431201761,415.38
yes,,27.677236117580996,85.33754280333,125.82
yes,,27.677322398741858,85.33786626759834,49.46
yes,,27.67717885001282,85.33740220001218,95.72
yes,,27.67685581568767,85.33726125328825,177.18
yes,,27.676759262900795,85.33829578841537,123.92
yes,,27.67713195000236,85.33751914999823,47.9
yes,,27.676690341621814,85.33746993689373,207.34
yes,,27.67695849802113,85.33770791544204,42.2
yes,,27.6766852000038,85.33777425000386,51.29
yes,,27.676451050007532,85.33879299999643,114.62
yes,,27.676765378417798,85.33872412086951,221.23
yes,,27.676277382584047,85.33867445859428,84.12
yes,,27.676188439728975,85.33827003089304,314.85
yes,,27.6764490312023,85.33814127503895,103.27
yes,,27.677262533878775,85.33835273876181,77.96
yes,,27.677226256312203,85.33859053272852,82.15
yes,,27.67675894294977,85.3379032845819,65.57
yes,,27.676719450002334,85.33785025000483,43.65
yes,,27.673691709712312,85.35370157578267,102.49
yes,,27.673644950006004,85.3535169499998,65.29
yes,,27.673310250021288,85.35361615001479,93.76
yes,,27.672473366387734,85.3515103325121,72.58
yes,,27.672944898277173,85.35179496589882,18.12
yes,,27.673043599999858,85.35180270000404,62.94
yes,,27.67312189242788,85.35192301527907,44.13
yes,,27.673184647894928,85.35195306970303,29.04
yes,,27.672864064905735,85.35157396893118,89.2
yes,,27.672947053964595,85.35156672069854,98.79
yes,,27.67275735001385,85.35181440001143,81.65
yes,,27.672646810714706,85.35218028822038,40.53
yes,,27.674376042772916,85.353630926862,46.52
yes,,27.674495499999953,85.35360764999996,96.03
yes,,27.673969622945865,85.35386832480135,115.99
yes,,27.673993001135404,85.35358468123101,129.26
yes,,27.67405165001583,85.3535836000068,66.47
yes,,27.674860099997616,85.35344790000244,307.31
yes,,27.674555900099083,85.35386814998876,221.86
yes,,27.674684050018346,85.3531606499989,166.03
yes,,27.674813049997486,85.35318544999981,38.92
yes,,27.674805094368388,85.3530887242797,136.25
yes,,27.674884976213633,85.3531589863915,53.14
yes,,27.67490315000504,85.3530590499998,69.33
yes,,27.674801472930444,85.35297238305394,68.5
yes,,27.674852222511632,85.35287831944493,101.61
yes,,27.674966695142853,85.35291593090206,101.24
yes,,27.674931250003866,85.35284964999963,67.98
yes,,27.674720154917644,85.35301062745661,97.28
yes,,27.674728740375972,85.35286557504745,106.96
yes,,27.67450905000096,85.35280129999961,66.14
yes,,27.674601299999786,85.35282044999947,71.57
yes,,27.674558776977864,85.35293389154333,190.54
yes,,27.674565600987346,85.35312023979921,203.46
yes,,27.674408800009388,85.35320079999637,145.69
yes,,27.67406493496824,85.35329385467327,163.98
yes,,27.67446074174724,85.35249392163259,106.87
yes,,27.674563961844854,85.35230805945717,521.98
yes,,27.6747152000362,85.35233904999787,147.72
yes,,27.67484585374528,85.35229907506071,756.62
yes,,27.674810202806984,85.3526365768358,37.37
yes,,27.674706746294376,85.35255077975208,148.77
yes,,27.674837424400213,85.35255695646757,89.47
yes,,27.674933584903922,85.35270767164462,127.28
yes,,27.674795969810585,85.35176622658484,34.06
yes,,27.6748464771348,85.35156088169556,164.84
yes,,27.674332259368327,85.35181642219905,57.26
yes,,27.674674799996343,85.35205709999484,58.2
yes,,27.674770391620633,85.3520346742353,38.55
yes,,27.674886524234246,85.35201620975857,123.84
yes,,27.6740576450301,85.35266082426445,60.51
yes,,27.674302158388443,85.352403328992,31.8
yes,,27.673862800008617,85.35282209996292,158.04
yes,,27.67264785000166,85.34706120000023,26.2
yes,,27.672649600009247,85.34715200002688,127.0
yes,,27.67257355000197,85.34699884999027,80.83
yes,,27.672743696285174,85.34727321367421,65.5
yes,,27.672824649997473,85.3470489499702,139.07
yes,,27.672830820230054,85.34696496687961,45.84
yes,,27.672904584314864,85.34693305132164,99.32
yes,,27.672938583849596,85.34687125066502,64.39
yes,,27.67298940000367,85.34682015000146,43.22
yes,,27.672919781960232,85.34678684599628,57.42
yes,,27.672941160027094,85.34661437269354,136.58
yes,,27.673090970668255,85.34666012640808,149.6
yes,,27.672798081887045,85.34654099747135,63.22
yes,,27.672687900014548,85.3463462500072,130.78
yes,,27.67331485000463,85.3463932499985,144.3
yes,,27.673187976400037,85.3463958428448,140.68
yes,,27.673070844481064,85.3463757736847,164.31
yes,,27.673005600010132,85.34612460000635,69.32
yes,,27.672844630294186,85.34628404336033,49.0
yes,,27.672868669465235,85.34620455531036,75.18
yes,,27.672846100007035,85.34642145000288,61.76
yes,,27.67299765725227,85.34591990358548,168.54
yes,,27.673053300012725,85.34599775000756,86.58
yes,,27.672728599999097,85.34562549999316,32.71
yes,,27.67274355000054,85.34557569999492,40.38
yes,,27.672861513843923,85.34567284641145,142.82
yes,,27.673141850003603,85.3455234000026,39.04
yes,,27.673191932273987,85.34545569780053,52.96
yes,,27.673117200005475,85.34539105000268,39.7
yes,,27.67308193265558,85.34547889653071,70.67
yes,,27.673040500003264,85.34535659999673,65.83
yes,,27.672925750005074,85.3453707000058,27.1
yes,,27.67297275000377,85.34529970000062,55.13
yes,,27.672849117639114,85.3458086514744,110.39
yes,,27.674510270372437,85.34655870419324,62.04
yes,,27.67442010000815,85.34664895000455,45.3
yes,,27.674523142776795,85.34682268652259,177.47
yes,,27.674653123897876,85.34686568879764,216.15
yes,,27.67477202899994,85.34693107464054,176.32
yes,,27.67466308591629,85.34674063291338,53.97
yes,,27.674700300006723,85.3466451499983,137.93
yes,,27.675339750000347,85.34705399999626,52.6
yes,,27.67507100000422,85.34675760000046,60.59
yes,,27.67535069297871,85.34696891982786,90.89
yes,,27.674985900003403,85.34634924999513,95.78
yes,,27.675320749998825,85.34631079999383,61.71
yes,,27.675306576331455,85.34640388494304,77.68
yes,,27.675289150002595,85.34650634999512,110.46
yes,,27.675187530319125,85.34633324258671,67.26
yes,,27.675818459520976,85.34635835390975,213.67
yes,,27.675748008244707,85.34614392509029,122.07
yes,,27.676046914064166,85.34634463089598,117.63
yes,,27.675742900005588,85.34670019999989,88.43
yes,,27.67567623013427,85.3466887021,49.89
yes,,27.675769866138022,85.34730797689997,142.38
yes,,27.675871782066668,85.34695852664557,104.88
yes,,27.67595365000934,85.3469633500016,120.16
yes,,27.675915081075544,85.3468128977026,159.95
yes,,27.676154586110542,85.34717592221212,106.27
yes,,27.67636059999472,85.34761699999284,193.08
yes,,27.676237150004464,85.34758709999937,87.76
yes,,27.67602925000701,85.3472967000017,81.86
yes,,27.67594210000627,85.34729785000155,69.29
yes,,27.675876319968022,85.34728236205602,57.48
yes,,27.6758247500088,85.34739565000314,75.34
yes,,27.67105401682781,85.34893999905832,43.29
yes,,27.67093165000312,85.34875945000702,46.58
yes,,27.671223300003653,85.3493097500031,51.99
yes,,27.67100039892715,85.34900008333061,50.73
yes,,27.67189008142683,85.34923314175748,115.7
yes,,27.671402650000644,85.34895954999831,18.89
yes,,27.671922896354882,85.34814608664628,61.02
yes,,27.67187865000207,85.34822755000073,27.25
yes,,27.671957933366595,85.34828109029242,16.3
yes,,27.67191865000208,85.34825355000156,19.35
yes,,27.671666482940267,85.3483089473961,68.57
yes,,27.67147540000126,85.34842825000062,18.62
yes,,27.67151550000588,85.34835240000508,49.02
yes,,27.67159304887985,85.3483758737396,36.59
yes,,27.671656750001052,85.34844744999761,25.11
yes,,27.671694550001867,85.34863810000051,25.83
yes,,27.67724948080658,85.34832504026427,231.38
yes,,27.677656050006405,85.34882820000155,74.39
yes,,27.67776030089164,85.34883551302936,195.17
yes,,27.67765714973497,85.3487171173932,234.41
yes,,27.677854600021988,85.34877575000804,136.76
yes,,27.67905298059221,85.34922930348998,182.84
yes,,27.67879591213979,85.34867727634402,300.56
yes,,27.67940553726649,85.3493287737408,114.36
yes,,27.679389650001784,85.34902729999962,38.77
yes,,27.679648055147734,85.34897557739568,416.76
yes,,27.679948393185963,85.34927712430459,233.15
yes,,27.679715600020266,85.34928780000276,92.4
yes,,27.6798141549624,85.34927437597769,193.45
yes,,27.679598722382238,85.34921575523568,204.78
yes,,27.679561380924028,85.3493496219553,113.66
yes,,27.679843592438104,85.34894482222398,111.37
yes,,27.679768950010008,85.34905665000092,51.82
yes,,27.679830872761237,85.3490686163219,58.49
yes,,27.679982950000227,85.34909824999838,90.64
yes,,27.680090623745862,85.34911756858503,53.27
yes,,27.68016760000437,85.34912204999898,118.23
yes,,27.68028135898776,85.34913450363698,141.9
yes,,27.680243429098834,85.3489616876788,306.16
yes,,27.680132007447533,85.3486771778743,87.6
yes,,27.680223050002944,85.3486951999993,69.31
yes,,27.680345849993422,85.34869824999859,63.41
yes,,27.680628031991795,85.34841094774956,223.14
yes,,27.680656999991456,85.34814479999572,61.29
yes,,27.680689649993628,85.3480784999972,81.27
yes,,27.680676449996326,85.34801239999666,35.44
yes,,27.680690160593542,85.3479558783204,38.44
yes,,27.680576550005256,85.348575349995,227.66
yes,,27.67996547835167,85.34836664349258,40.41
yes,,27.679988145182726,85.34801957177078,160.72
yes,,27.680021361729576,85.34792972545897,111.76
yes,,27.679776699992242,85.3482323499931,172.43
yes,,27.679905706694505,85.34017737308089,155.19
yes,,27.679633649996926,85.34018174999137,54.96
yes,,27.67960593872824,85.34025856966274,84.72
yes,,27.679512694130377,85.34001992220283,137.7
yes,,27.67965603057694,85.34011469492566,65.29
yes,,27.67971956684192,85.34027100156818,53.12
yes,,27.67961398714046,85.3403409828645,113.59
yes,,27.679785748993606,85.3402719587502,69.27
yes,,27.67968690000618,85.34806304999942,80.83
yes,,27.678709050009058,85.34790859999949,114.94
yes,,27.67880179901595,85.34794649356432,149.98
yes,,27.67879880000067,85.34819014999933,47.65
yes,,27.678715061680492,85.34818567649343,64.26
yes,,27.678653050004808,85.34860779999924,106.91
yes,,27.678503793234064,85.34823126822936,114.9
yes,,27.678578143559793,85.34851398708754,120.56
yes,,27.67771069322521,85.34840128366098,223.21
yes,,27.677521820707003,85.34863485718091,37.51
yes,,27.677591841648287,85.34864757029307,30.15
yes,,27.677608400000906,85.34848234999681,53.47
yes,,27.677615946935898,85.34855584614262,145.07
yes,,27.677737195350065,85.34856596978531,104.4
yes,,27.67126923423968,85.34851457231329,34.75
yes,,27.67102135000377,85.34829660000646,48.65
yes,,27.67115670000397,85.34848744999171,58.05
yes,,27.6711374500023,85.34837294999477,36.78
yes,,27.673815647003618,85.34202838563124,89.71
yes,,27.673689212927385,85.34319827093375,30.78
yes,,27.673806700001712,85.34323764999934,31.91
yes,,27.673735245272056,85.34313783563688,55.0
yes,,27.673806087528817,85.34302821804145,111.28
yes,,27.6736981000039,85.34298445000195,54.79
yes,,27.67321211037039,85.34300913660077,7.42
yes,,27.673166472771833,85.34294878394967,99.16
yes,,27.6732151700724,85.34286723821927,295.96
yes,,27.673825800002103,85.34407255000156,24.2
yes,,27.673840450001563,85.34421269999629,52.49
yes,,27.673835550002284,85.3439871499995,39.63
yes,,27.674020381426768,85.34367024501654,20.06
yes,,27.67387731862927,85.34370085450314,53.14
yes,,27.67383740000113,85.3439116499969,36.72
yes,,27.673945874241287,85.3437447362411,50.57
yes,,27.673269650546793,85.3433920633467,94.68
yes,,27.67686992585891,85.34718303850967,135.32
yes,,27.676860300009054,85.34730875000322,75.7
yes,,27.677174950000907,85.34783619999872,40.63
yes,,27.677194279399817,85.34774753586152,69.23
yes,,27.673641925962666,85.34421350794722,68.55
yes,,27.673603162249332,85.34405696587106,16.59
yes,,27.673627441779306,85.34457764464162,81.27
yes,,27.673716567607574,85.34458456587471,69.83
yes,,27.67370719999809,85.34466569999901,57.58
yes,,27.673757766588366,85.34447778318135,44.87
yes,,27.673827650007944,85.34433920000211,38.38
yes,,27.67370171976392,85.34432011029763,22.84
yes,,27.67374519660568,85.34433747066028,41.38
yes,,27.673587800001094,85.34434699999966,16.86
yes,,27.673587463861207,85.34428248775482,14.41
yes,,27.67366585322012,85.34440968424745,118.38
yes,,27.673457134201538,85.34444806778127,75.58
yes,,27.673336300002614,85.34452679999953,54.48
yes,,27.673424122959553,85.3445108463804,40.93
yes,,27.673112605952298,85.34451118489626,40.93
yes,,27.67314771614783,85.34446769781653,40.58
yes,,27.673105250001207,85.3442640499958,23.64
yes,,27.673042150003727,85.34434240000573,32.23
yes,,27.67299914703367,85.34421433784982,120.63
yes,,27.673154044992362,85.3440107652856,154.9
yes,,27.673320350009597,85.34424530000923,45.4
yes,,27.673359214743012,85.34427161856158,47.13
yes,,27.67348990038708,85.34424276658771,29.05
yes,,27.6733887000025,85.34412710000123,35.17
yes,,27.67333749734581,85.3440321166259,13.05
yes,,27.673414649170354,85.34394306694975,25.09
yes,,27.673483829609754,85.34391027933317,61.38
yes,,27.678181541419427,85.34757345289707,209.97
yes,,27.678345006337473,85.34730738087917,75.63
yes,,27.679164520552593,85.34748195922293,76.87
yes,,27.679323199999608,85.34757769999263,105.43
yes,,27.678818175031488,85.34759279298338,51.05
yes,,27.678800099999084,85.34735569999803,12.25
yes,,27.678787600003833,85.34740665000176,27.37
yes,,27.67882139391548,85.34750116945993,44.12
yes,,27.67884923090006,85.3474297413592,53.18
yes,,27.67893471756153,85.34743915117454,26.91
yes,,27.678884678711047,85.34760114160727,68.1
yes,,27.678758270753235,85.3477855627732,94.97
yes,,27.678901572683067,85.34787968172192,91.01
yes,,27.678960733332065,85.34776699982024,139.58
yes,,27.679309750012944,85.34734730000159,65.59
yes,,27.679319050001475,85.34776504999999,22.24
yes,,27.679488650004245,85.34763990000017,51.8
yes,,27.679578177625032,85.34765014094354,66.24
yes,,27.680270049994572,85.34744409999976,45.38
yes,,27.68035697013576,85.34738856146323,51.12
yes,,27.680229699999785,85.34763549999668,71.28
yes,,27.68022575000263,85.34752079999906,68.3
yes,,27.680184457581042,85.34787322699901,137.07
yes,,27.680538576490328,85.34759409792036,43.26
yes,,27.680793099996123,85.3476058499995,74.49
yes,,27.671030500006918,85.34761869998346,75.03
yes,,27.67389630893005,85.3447057258336,56.37
yes,,27.673709664402512,85.3447215261648,24.05
yes,,27.673734700006534,85.34522309999937,101.96
yes,,27.67329575683247,85.34505437836113,26.52
yes,,27.673168397366823,85.34492506758585,28.23
yes,,27.673260684558144,85.3448909930776,28.02
yes,,27.673220770432472,85.34484143541907,38.11
yes,,27.673245350001828,85.34476839999984,29.79
yes,,27.673304889786777,85.3446981198849,46.52
yes,,27.673525808680136,85.34465312638105,76.36
yes,,27.67349485000373,85.34482824999994,40.31
yes,,27.67354719461188,85.34486072420381,38.78
yes,,27.673714737454915,85.3448873310153,37.51
yes,,27.673596450003078,85.34500624999974,33.32
yes,,27.673537768787458,85.3449967872574,75.26
yes,,27.673773079752298,85.34501250975515,43.95
yes,,27.673010900002122,85.34518900000172,23.95
yes,,27.672973850157586,85.34516431662398,26.52
yes,,27.67305391269263,85.34522624049946,34.94
yes,,27.67286274419642,85.34484791386245,26.28
yes,,27.673085950004193,85.34487055000066,62.46
yes,,27.673025484336534,85.34479905355121,35.15
yes,,27.672740700007566,85.34320840000119,111.56
yes,,27.672941400006916,85.34294944999918,111.76
yes,,27.672972400005595,85.34315490000465,53.21
yes,,27.673117750010512,85.34325690001332,77.24
yes,,27.672945485057227,85.34247200393082,34.53
yes,,27.672838017281073,85.34249025189673,49.5
yes,,27.67272015136162,85.34284328300198,128.81
yes,,27.672522166253106,85.34387541839536,35.95
yes,,27.672615967258103,85.34367679623541,142.21
yes,,27.672605044466927,85.34355334974205,54.93
yes,,27.672894067586213,85.34348747850493,203.78
yes,,27.67316680316575,85.343521483393,35.29
yes,,27.673124850003475,85.3436042499984,57.08
yes,,27.673053802420704,85.3435592332536,53.61
yes,,27.67246395189742,85.344257083839,26.05
yes,,27.67260334952348,85.3443379166656,25.96
yes,,27.67256690469743,85.34440263492685,55.34
yes,,27.672652596919317,85.34448771589543,38.67
yes,,27.672794183482157,85.34450589823169,35.33
yes,,27.672887850006322,85.34431530000394,93.85
yes,,27.672742200004436,85.34412775000337,63.15
yes,,27.67266210000773,85.34408890001058,99.81
yes,,27.672940257975085,85.34393116844588,99.0
yes,,27.672378197472746,85.34399396680479,54.03
yes,,27.67239249927537,85.34411146674788,67.83
yes,,27.672360000002175,85.34462369999996,34.01
yes,,27.672321116616956,85.34455879911854,46.95
yes,,27.672334000003705,85.34442945000089,56.41
yes,,27.672387748860555,85.34451041658606,74.65
yes,,27.67175618330404,85.34471799986382,33.33
yes,,27.671839151423168,85.34463648287525,69.27
yes,,27.67194895000306,85.3445689000026,34.57
yes,,27.671992949452896,85.3446138168178,26.83
yes,,27.67203060000157,85.34455459999965,25.53
yes,,27.672066450001548,85.3444572999933,43.27
yes,,27.672094941977328,85.34441026497848,54.53
yes,,27.67197428800432,85.34440163172638,61.18
yes,,27.672011056135123,85.34432588312431,37.51
yes,,27.67214965000267,85.34421544999967,42.45
yes,,27.672400483938887,85.34535658151107,14.73
yes,,27.672428602379323,85.34528788879382,57.12
yes,,27.672534083832787,85.34528338314126,37.82
yes,,27.672484650001728,85.34516900000247,35.68
yes,,27.67196801523384,85.34528468694309,42.21
yes,,27.67180904434136,85.34508603725051,79.53
yes,,27.672053600707407,85.3450031333718,18.24
yes,,27.671642334594587,85.34503717245515,60.22
yes,,27.67154840000098,85.34503224999841,18.4
yes,,27.672181400004416,85.34460484999855,69.75
yes,,27.671361938982148,85.34583224329866,79.63
yes,,27.671407400005734,85.3457778499886,63.84
yes,,27.671294771330448,85.34564763076887,48.24
yes,,27.671233850002096,85.345603950003,24.6
yes,,27.67126220299163,85.3454444345356,37.66
yes,,27.67504370000764,85.3402387499835,176.26
yes,,27.674866665928946,85.34088574830444,38.88
yes,,27.674474350019864,85.34081305003015,203.55
yes,,27.674477745727376,85.3410820232544,112.88
yes,,27.67217142636021,85.34578920054294,48.01
yes,,27.67224900000092,85.34582609999502,63.99
yes,,27.67218164651231,85.34586866857848,21.29
yes,,27.672103405380067,85.34585776172553,41.44
yes,,27.672125400000517,85.34597364999867,27.5
yes,,27.671801847186686,85.3459784153665,35.11
yes,,27.67180571660801,85.34578484559765,29.86
yes,,27.671884078643576,85.34625526390145,69.31
yes,,27.67153265000238,85.34605994999951,37.17
yes,,27.67157605000172,85.34601390000041,27.51
yes,,27.671639766520457,85.3459779941583,30.01
yes,,27.674015056585713,85.34186746137723,244.8
yes,,27.674060264707858,85.34153604464238,83.41
yes,,27.674172000004383,85.34159884999674,77.88
yes,,27.674438483075786,85.34126368763488,37.12
yes,,27.674225386741206,85.3418129061887,77.05
yes,,27.674259550002304,85.34176529998057,69.57
yes,,27.67431890730456,85.34170693373406,83.53
yes,,27.674377750004584,85.34157875000172,64.0
yes,,27.673861934034875,85.34164788132256,27.56
yes,,27.672292050002476,85.34564229999737,28.2
yes,,27.672267934688023,85.34556094750218,49.04
yes,,27.67403945000185,85.34233795000044,27.07
yes,,27.67555561460699,85.34047704378825,223.85
yes,,27.675401526916097,85.34092037274732,62.99
yes,,27.67531450000863,85.34101345000205,63.3
yes,,27.675370397886834,85.34101762075922,40.99
yes,,27.67549448244878,85.34086994557221,112.16
yes,,27.675372441343328,85.3407974668176,171.83
yes,,27.67537620000258,85.34069000000068,34.81
yes,,27.675288172599537,85.34054693371756,30.28
yes,,27.675530350000813,85.34070529997739,322.48
yes,,27.675171800001234,85.34082379998026,71.63
yes,,27.6752260940204,85.340915788866,25.87
yes,,27.67521186705427,85.34099145128341,66.02
yes,,27.67513055000555,85.34113704999655,103.45
yes,,27.67516875000098,85.34059634999137,35.71
yes,,27.67582187542533,85.34104353672925,87.01
yes,,27.67597368871788,85.34089847975306,122.38
yes,,27.67575359999986,85.34067204999997,82.96
yes,,27.67622525002042,85.34103235000167,173.07
yes,,27.676181462845744,85.33975277179913,13.73
yes,,27.675589000002184,85.3398678499991,73.43
yes,,27.675705449994204,85.33981370000048,59.28
yes,,27.675773526135586,85.33972771095222,125.71
yes,,27.675882745123953,85.33995977436292,56.7
yes,,27.675921700001016,85.34011449999888,18.37
yes,,27.67604056695378,85.33972775056792,88.98
yes,,27.676229600000067,85.34018024999786,109.58
yes,,27.676788342690838,85.33976382118779,126.56
yes,,27.676472999873184,85.33974801466742,156.07
yes,,27.67662537605524,85.34008691104917,90.4
yes,,27.67667145000206,85.3403110999999,30.86
yes,,27.676590000006215,85.34105579999944,101.91
yes,,27.676823900007825,85.34103129999738,60.07
yes,,27.676651249999622,85.34080794999826,36.11
yes,,27.67663659405259,85.34070392142881,84.27
yes,,27.676433722065045,85.34110566735707,70.43
yes,,27.676350347752145,85.34106086921706,170.54
yes,,27.67639572721496,85.34074346560699,99.19
yes,,27.67642287667597,85.34064949478608,49.03
yes,,27.677372136756645,85.34048657259217,168.24
yes,,27.6773668227847,85.34058650570752,124.46
yes,,27.677343900015146,85.34095549999846,86.92
yes,,27.67717989999324,85.34077744999881,79.12
yes,,27.67717370000218,85.34066834999977,48.82
yes,,27.677132382210957,85.34053468470914,50.98
yes,,27.676909225244973,85.34057883733117,103.36
yes,,27.676971390346722,85.34090054318133,78.66
yes,,27.676896303533663,85.341020772166,83.41
yes,,27.677362923022326,85.33987791360438,94.74
yes,,27.67722235000225,85.34019634999983,52.01
yes,,27.67700852635793,85.3398195332462,50.66
yes,,27.676919058986297,85.33991367569166,51.18
yes,,27.677740845684106,85.34042792421685,75.19
yes,,27.677614088112954,85.34036887401668,100.04
yes,,27.67759772431149,85.34024006387283,122.97
yes,,27.670283749263916,85.34669391678645,62.82
yes,,27.67050830000434,85.34647505000343,58.78
yes,,27.67056515000504,85.34652695000341,68.68
yes,,27.670530180347345,85.34629342774869,33.78
yes,,27.671480999999986,85.34640559999801,31.09
yes,,27.67132474580147,85.34627848544993,120.62
yes,,27.6712653667541,85.34622593237461,91.54
yes,,27.671216763044438,85.34611359310433,73.26
yes,,27.67083774359633,85.34656913288467,64.0
yes,,27.67132188104427,85.34657639377939,16.95
yes,,27.671438150000174,85.34656594999322,69.92
yes,,27.6713471000055,85.34650049999806,107.63
yes,,27.671119585636625,85.34637949156158,134.07
yes,,27.68109204999568,85.343149500001,52.89
yes,,27.68072867291825,85.34309530233942,36.05
yes,,27.680674299999392,85.34277559999836,27.56
yes,,27.680698708071926,85.34292322678183,48.56
yes,,27.681019799999543,85.34292780000023,38.28
yes,,27.67790426123503,85.34042642379876,106.3
yes,,27.677595561222102,85.34044597584533,109.09
yes,,27.677579825517284,85.34056478815782,140.95
yes,,27.677722024497402,85.3405719561767,187.95
yes,,27.677755940828565,85.34070905601637,122.89
yes,,27.67762492392096,85.3407136061923,185.25
yes,,27.677707025684605,85.34107938742163,138.2
yes,,27.67775572448186,85.34093066014496,145.6
yes,,27.67759090000759,85.34091174999953,106.75
yes,,27.678213750004844,85.34078869999874,143.64
yes,,27.680836400001116,85.34330109999989,26.68
yes,,27.68097229999496,85.34344779999735,63.71
yes,,27.678138757338573,85.3398115815566,40.97
yes,,27.68116663701921,85.34351876981064,14.92
yes,,27.680657423916504,85.34326935700705,94.13
yes,,27.680669926360338,85.34383134436285,28.91
yes,,27.680858293414733,85.34385241089466,144.05
yes,,27.681001289817793,85.34392223216378,131.19
yes,,27.680714962249613,85.34341289441628,87.74
yes,,27.680575896290865,85.34336857436713,78.95
yes,,27.680575714171574,85.3437264001541,82.28
yes,,27.680839102930243,85.34342911940851,44.59
yes,,27.68106952216962,85.3427050819612,24.37
yes,,27.68098817554986,85.34302818758198,77.74
yes,,27.679188150004656,85.34040479999965,161.69
yes,,27.67920980000569,85.34019509999953,71.14
yes,,27.68048433391816,85.34395572023287,49.18
yes,,27.680545971189677,85.34387956028448,44.28
yes,,27.680580645070616,85.3443753949874,90.49
yes,,27.68086070000096,85.34432344999992,16.59
yes,,27.680822027177662,85.3445360131243,83.17
yes,,27.680635249997202,85.34393809999803,61.03
yes,,27.68084254222904,85.34425506885586,59.28
yes,,27.681004499999876,85.34434329999644,38.46
yes,,27.681161749995177,85.3432991999995,50.05
yes,,27.681186049998374,85.34322814999979,27.39
yes,,27.68089767484544,85.3451793623405,30.71
yes,,27.680588250004458,85.34491970000394,47.68
yes,,27.68070785000316,85.34489305000174,33.75
yes,,27.680506657825287,85.34474513004501,158.05
yes,,27.680730266535853,85.34473148472212,58.84
yes,,27.680700249999386,85.34460754999316,52.93
yes,,27.681058533075255,85.34492579922994,24.06
yes,,27.680988010687006,85.34468224204662,68.36
yes,,27.67911419542355,85.34107437450919,58.93
yes,,27.678991549997235,85.34092570000087,88.46
yes,,27.679100200003845,85.34092279999992,110.7
yes,,27.67905824999776,85.3408331500003,40.03
yes,,27.679132192281852,85.3408341756328,19.91
yes,,27.679055149999044,85.34077840000025,36.94
yes,,27.680880300002208,85.34526879999954,16.76
yes,,27.680515300001282,85.3455479999999,45.88
yes,,27.680874224958316,85.34565591697476,61.88
yes,,27.680976300000776,85.34581410000038,33.11
yes,,27.680939846135143,85.34569567484712,40.91
yes,,27.680677177689343,85.34550376230823,119.69
yes,,27.680843800017723,85.34553024999161,157.03
yes,,27.680912450004477,85.34641569999931,68.35
yes,,27.68078605000368,85.34597454999714,28.59
yes,,27.680814450006025,85.3461559999929,73.57
yes,,27.680538260067756,85.34697152895328,36.09
yes,,27.680679350001267,85.34226544999922,15.29
yes,,27.68100295000155,85.341911699999,11.4
yes,,27.680669824814938,85.34215890977536,51.27
yes,,27.680978421781806,85.34241077810188,31.96
yes,,27.681061356039425,85.34237327276307,28.87
yes,,27.680609583304026,85.34170590095086,32.81
yes,,27.67985724376566,85.34051922328267,60.45
yes,,27.67982425000247,85.34641989999858,88.68
yes,,27.679737950018282,85.34655345000463,79.06
yes,,27.67968235633233,85.34663914701345,257.57
yes,,27.679859685245887,85.34659764766951,114.21
yes,,27.679954742153207,85.34671586155484,110.33
yes,,27.67992909675059,85.34730446006441,111.2
yes,,27.68005769999964,85.34713420000006,10.7
yes,,27.68004405733021,85.34709907262756,16.74
yes,,27.68013908597873,85.34704937603735,42.18
yes,,27.680137672905083,85.34722410679038,59.66
yes,,27.68021846085929,85.34715467867626,90.33
yes,,27.680292974183118,85.34689265858565,111.35
yes,,27.680448849997877,85.34683030000004,58.66
yes,,27.68044425000485,85.34692834999933,118.42
yes,,27.680537696581847,85.3468731745901,93.43
yes,,27.68061984999796,85.34698709999951,45.41
yes,,27.68063178172682,85.34692078901665,40.46
yes,,27.680636226040264,85.34670458889576,111.23
yes,,27.680648900004677,85.34730089999957,35.86
yes,,27.68058897354842,85.34718855685452,185.39
yes,,27.679893655455164,85.34717069424795,52.73
yes,,27.67992452279893,85.34592235495418,37.44
yes,,27.680304100000463,85.34656124999779,58.15
yes,,27.680403967272564,85.34656843080758,43.12
yes,,27.68025729999679,85.34608344999965,69.45
yes,,27.679927407381044,85.3425316788057,145.23
yes,,27.68010240000664,85.3419553500055,49.03
yes,,27.680404400002573,85.34222490000421,32.78
yes,,27.680352045663955,85.34217081729597,59.52
yes,,27.680392550002477,85.3421012999922,71.43
yes,,27.680450265659115,85.34230439588164,55.95
yes,,27.680269350001723,85.3431408499975,105.08
yes,,27.67987745000355,85.34262775000002,52.83
yes,,27.680132200004937,85.34272975000255,28.12
yes,,27.680074300004428,85.34272380000054,56.46
yes,,27.680090465539486,85.34260367825756,30.57
yes,,27.680089034980437,85.34264747158748,44.08
yes,,27.680100391122004,85.34255857235954,24.24
yes,,27.68000995552173,85.34261307800274,35.82
yes,,27.680023882913833,85.34253259351738,54.43
yes,,27.6800784499997,85.3425109499995,13.99
yes,,27.67996139008592,85.34269397306134,37.52
yes,,27.68001419545093,85.34270157187292,42.01
yes,,27.680366373171676,85.3430583496096,82.38
yes,,27.680406550006882,85.34282030000128,83.29
yes,,27.680406701955782,85.34270037627508,86.56
yes,,27.679888050001896,85.34294809999639,80.56
yes,,27.680020200019847,85.34300450000595,131.67
yes,,27.680305828779453,85.34256038424449,31.02
yes,,27.680269300005033,85.34551030000009,44.82
yes,,27.679821934662925,85.34553227823491,152.65
yes,,27.679876974887186,85.34541120563689,53.99
yes,,27.679943078419612,85.34553273794762,164.74
yes,,27.679981522225034,85.3454286076582,41.33
yes,,27.67996790000251,85.34534064999818,85.09
yes,,27.68049467770999,85.34581431941191,216.07
yes,,27.680058171834414,85.34517725880467,34.98
yes,,27.679990128148503,85.34515999094722,70.27
yes,,27.680094871382774,85.34510995417585,33.38
yes,,27.6804113000038,85.3451925500012,37.42
yes,,27.680454769624397,85.34511276617219,43.11
yes,,27.680184678175706,85.34500333654478,63.94
yes,,27.67992125005061,85.3446710500075,275.3
yes,,27.680337000010923,85.34466445000069,54.49
yes,,27.679954733359292,85.34433956651814,63.09
yes,,27.679963299999876,85.34423604999675,27.05
yes,,27.679933749998067,85.34416595000155,58.91
yes,,27.680252404024312,85.34414267893233,67.02
yes,,27.680211122889023,85.34423225389368,75.31
yes,,27.68019570500244,85.34442807660673,132.99
yes,,27.68039296166204,85.34386832582776,58.25
yes,,27.680373124577496,85.34379016253828,47.41
yes,,27.680464866894287,85.34406036645686,107.29
yes,,27.680370029608106,85.34421229849306,90.61
yes,,27.68042776302151,85.34427986815498,73.16
yes,,27.68004804999803,85.34425440000211,53.28
yes,,27.680035000004818,85.34437104999589,119.31
yes,,27.680351900007892,85.34453120000026,111.99
yes,,27.680434871506296,85.34442046016731,100.71
yes,,27.68014337426005,85.34335625959253,41.84
yes,,27.680328475922742,85.34371594692307,31.53
yes,,27.68031522317514,85.34363353955405,94.3
yes,,27.680247750013947,85.34363020000042,77.56
yes,,27.680348400004302,85.34330164999892,93.92
yes,,27.680470970042634,85.3434670926965,35.2
yes,,27.679553030166918,85.3416113371187,52.44
yes,,27.679561820650573,85.34172034710654,53.7
yes,,27.679618108973717,85.34175432550819,24.16
yes,,27.679632249998026,85.34169594999906,55.79
yes,,27.67973630000168,85.34164179999897,68.79
yes,,27.6796342595859,85.34162582617475,58.24
yes,,27.679763218662494,85.3415436260876,36.16
yes,,27.679489941122974,85.34121582447433,189.64
yes,,27.67961310001568,85.34123374999861,152.05
yes,,27.679489320211868,85.34148971288263,112.56
yes,,27.67087610000305,85.34737640000037,48.4
yes,,27.670919183221695,85.34743935194997,55.32
yes,,27.670687000004616,85.34714929999465,60.39
yes,,27.670956816916615,85.34718250426968,31.46
yes,,27.67095403336408,85.3470711500807,54.19
yes,,27.67154402793945,85.34691944096464,104.01
yes,,27.67093095000304,85.34690789998531,129.06
yes,,27.671859200001077,85.34633664999517,52.29
yes,,27.680124400004416,85.3471305499997,55.72
yes,,27.67938764503736,85.3469289087037,94.66
yes,,27.679732300015704,85.34722034999909,168.0
yes,,27.679709204510186,85.34645386698175,90.13
yes,,27.679891999998873,85.34630554999923,99.28
yes,,27.679611582287613,85.34619023392682,36.14
yes,,27.679631502674514,85.34608952698503,117.98
yes,,27.6797573426341,85.34604147600827,13.99
yes,,27.67981057761854,85.34604949370967,27.01
yes,,27.679293757289003,85.34648252733376,38.58
yes,,27.679539253711827,85.3464185309749,31.35
yes,,27.679435960543817,85.34620658262952,21.63
yes,,27.679414317796187,85.34625220187091,36.27
yes,,27.67977699999891,85.34471999999802,68.62
yes,,27.679695250010546,85.34469505000267,38.29
yes,,27.679627700003472,85.34468249999794,114.23
yes,,27.6794231701227,85.34501040555119,37.91
yes,,27.679402704866582,85.34509708522766,118.99
yes,,27.679475049997354,85.34516559999915,34.52
yes,,27.679561996014854,85.3451604704767,74.46
yes,,27.679329550006116,85.34443415000091,56.66
yes,,27.679345300006347,85.34430560000223,49.73
yes,,27.679415784484966,85.34421707222918,54.15
yes,,27.679794850002203,85.34405869999429,59.02
yes,,27.679549700011115,85.34405969998463,122.59
yes,,27.679706600002756,85.34399759999715,59.33
yes,,27.67972185000497,85.34413105000823,78.19
yes,,27.679409700002385,85.34411654999919,43.48
yes,,27.679483300250936,85.34416248333154,42.85
yes,,27.679549100002603,85.3443410499982,71.48
yes,,27.679427099998836,85.34431569999434,78.45
yes,,27.67934237405409,85.34388386691246,21.71
yes,,27.67939106458643,85.3438065773481,52.46
yes,,27.67930088046188,85.34357599215856,113.02
yes,,27.679326650001016,85.34347679999478,65.93
yes,,27.679427666026772,85.34352014917857,33.79
yes,,27.67951499999883,85.34334159999497,116.97
yes,,27.67935189999852,85.34324589999787,42.12
yes,,27.679747406447884,85.34304922527696,55.72
yes,,27.67948245000347,85.34291625000075,46.42
yes,,27.67950885001061,85.34278065000657,96.58
yes,,27.67961406546778,85.34281990491534,199.26
yes,,27.679629047899663,85.34302897004322,55.89
yes,,27.67944182161771,85.34301706114964,59.24
yes,,27.6795447947561,85.34301272043582,154.31
yes,,27.679351003887945,85.34311302848452,101.82
yes,,27.679263531929344,85.34310601349361,119.17
yes,,27.679367777926792,85.34299683932882,70.96
yes,,27.679379949998733,85.34291944999744,46.83
yes,,27.679289791644273,85.34298347181652,69.97
yes,,27.679690671886057,85.34250610789255,34.2
yes,,27.679657849995095,85.3427281499984,38.24
yes,,27.679652874136742,85.34263766004575,153.33
yes,,27.679753450003094,85.34206354999932,92.93
yes,,27.67944580000456,85.34211185000039,45.38
yes,,27.679677853116463,85.342040827088,56.74
yes,,27.679622350005072,85.34199919999992,63.89
yes,,27.679470542845408,85.34234007421922,63.47
yes,,27.679168984815647,85.34384062883674,44.09
yes,,27.679252214252045,85.34395366844257,114.19
yes,,27.67914319081428,85.34395566958582,88.81
yes,,27.679005122434734,85.34412740850071,60.97
yes,,27.67870635000194,85.34423194999977,51.84
yes,,27.67889992531223,85.3465109409779,46.94
yes,,27.679153258025813,85.34708732477606,34.33
yes,,27.67879909998927,85.34707069998097,156.24
yes,,27.678935300011048,85.34698515000095,143.78
yes,,27.679217100003747,85.34620739999652,94.35
yes,,27.679024200006374,85.34558889997506,109.61
yes,,27.678932353093515,85.34576143051316,29.37
yes,,27.678943449997345,85.34584179999361,46.25
yes,,27.678977249999157,85.3457142499954,34.02
yes,,27.678903150007304,85.34568235000607,77.72
yes,,27.67882890000206,85.34563304999735,48.61
yes,,27.678864100020213,85.34371065000398,71.56
yes,,27.678714749995326,85.3433372999989,28.81
yes,,27.678761701733336,85.34273095864177,51.01
yes,,27.67869268227411,85.34272381437195,45.77
yes,,27.67867714739107,85.34286342131529,47.69
yes,,27.678665367062916,85.34296055356039,19.53
yes,,27.678728301006306,85.34303473979575,19.09
yes,,27.67927570000335,85.34521505000127,28.49
yes,,27.679199249999154,85.34520044999437,91.7
yes,,27.6788756771031,85.34455354651118,90.98
yes,,27.67872740000381,85.34494324999908,101.09
yes,,27.678844014565843,85.34511667894331,75.0
yes,,27.67898920000566,85.34515090000149,61.74
yes,,27.67827631530509,85.34665011998929,63.64
yes,,27.678255600013262,85.34691440000799,102.97
yes,,27.67836585470063,85.3467215290049,252.71
yes,,27.678299450012137,85.34711465000456,114.37
yes,,27.67842475000229,85.34722559999334,114.47
yes,,27.67854921881368,85.34723220415405,53.67
yes,,27.67850149035989,85.34684651945693,91.12
yes,,27.678535119643744,85.34675764344213,74.12
yes,,27.678014900006,85.34643564999129,247.65
yes,,27.678124400004243,85.34629714999645,159.41
yes,,27.67848665001631,85.34646095000289,145.82
yes,,27.678379949991058,85.3460277999899,117.45
yes,,27.67851982168027,85.34610855682386,180.2
yes,,27.678987215764792,85.34201812906399,47.61
yes,,27.678877900000263,85.34188049999804,14.05
yes,,27.678890650000728,85.34182540000003,11.45
yes,,27.678730876158184,85.3422326321472,44.95
yes,,27.67811318389248,85.34564818310304,84.53
yes,,27.67863620020978,85.34536878317232,68.11
yes,,27.678667279678745,85.34165658260031,65.43
yes,,27.678840400002095,85.34116954999992,19.88
yes,,27.678810087219844,85.3413651573828,45.81
yes,,27.678288400012388,85.3446811666758,70.78
yes,,27.67846218286107,85.34458004694835,57.24
yes,,27.678550600003913,85.34457555000047,30.09
yes,,27.67861779179397,85.34458127268587,82.76
yes,,27.67862365001698,85.34499805000965,51.59
yes,,27.67840960002405,85.3451001000159,139.7
yes,,27.678198700009613,85.34491990000558,65.42
yes,,27.67813199721488,85.34491452290989,38.7
yes,,27.678085550008007,85.34490560000036,60.64
yes,,27.67820359668814,85.34465546897525,104.33
yes,,27.678037427435527,85.34119100307767,43.52
yes,,27.677446546704594,85.34112432061976,99.54
yes,,27.67748559777657,85.34134905658142,23.96
yes,,27.677453180606538,85.34122644676985,45.35
yes,,27.677498906598803,85.34147612635122,59.49
yes,,27.67746973285466,85.3416108853564,108.61
yes,,27.67745243001077,85.3417180419352,16.43
yes,,27.677588422933365,85.34125361309222,136.97
yes,,27.67759250691355,85.34140477674579,81.06
yes,,27.677636300010242,85.34152735000039,104.64
yes,,27.67764105354583,85.34171862633201,42.54
yes,,27.67760221473837,85.34163992677641,40.97
yes,,27.67765271455439,85.34184262697883,61.26
yes,,27.678037677026534,85.34129930295406,78.32
yes,,27.67777463743005,85.34157632898572,71.57
yes,,27.67775230831656,85.34143197908459,15.1
yes,,27.677680250005082,85.3414112999996,82.78
yes,,27.67771095001619,85.34125815000138,157.79
yes,,27.67829967608885,85.3443296469191,36.75
yes,,27.67861082441158,85.34379586939355,160.88
yes,,27.6780866757766,85.34405261473455,115.98
yes,,27.67818035244068,85.34408984223109,175.08
yes,,27.678166949995763,85.34398339999875,54.31
yes,,27.678163621977998,85.34391390524,67.24
yes,,27.67829647405166,85.34438705427125,109.55
yes,,27.678633903969256,85.34433312688991,58.22
yes,,27.678694124290136,85.34399256355074,82.16
yes,,27.678643850005255,85.34420240000036,37.58
yes,,27.671870250003494,85.34736490000006,73.91
yes,,27.671941149999103,85.34726565000045,48.8
yes,,27.67184685000043,85.34727865000116,50.26
yes,,27.67186621809042,85.34693312179076,40.47
yes,,27.67189006618657,85.34686686824094,54.5
yes,,27.67166620000233,85.34733165000125,77.31
yes,,27.67159952087779,85.34735038753992,35.89
yes,,27.671665222570635,85.34718098682308,38.62
yes,,27.678282955774446,85.34323112706308,126.14
yes,,27.678682126037714,85.34352134326033,127.64
yes,,27.678501784265062,85.3437210683711,71.53
yes,,27.678514199995686,85.34360919999486,97.06
yes,,27.67759011060821,85.34702907788005,93.29
yes,,27.677598519082096,85.34695408392088,81.64
yes,,27.677773750002494,85.34672824999748,85.25
yes,,27.677949439288547,85.3470074693099,61.0
yes,,27.67198892184727,85.3474663433701,42.41
yes,,27.671950249995298,85.3476395000074,53.73
yes,,27.671795691125688,85.34767177830494,37.14
yes,,27.671663846078445,85.34809527946108,42.37
yes,,27.67162098340765,85.34814481710872,30.12
yes,,27.671321349495177,85.34809476676405,32.02
yes,,27.67141025674311,85.34803987172974,74.84
yes,,27.67132432940388,85.34796256914579,52.42
yes,,27.671383800007256,85.34789320000321,102.86
yes,,27.67138250000298,85.3477453999967,65.42
yes,,27.67178414999926,85.34751690000019,19.53
yes,,27.671692500000688,85.34765464999961,58.49
yes,,27.671626744747766,85.34764787395618,38.02
yes,,27.671670615945086,85.34757652581011,83.44
yes,,27.677536712935577,85.3418197181187,122.25
yes,,27.67776315327831,85.34239197821212,55.96
yes,,27.677818603138824,85.34241621199702,55.8
yes,,27.677902750006922,85.34245770000132,58.48
yes,,27.678101942962428,85.341903005861,96.82
yes,,27.678073232493336,85.34231068313692,108.94
yes,,27.677631157827854,85.34639513033697,78.27
yes,,27.67754661928214,85.3463625077994,82.2
yes,,27.677514450008385,85.34621750000527,47.39
yes,,27.677711300003235,85.34639420000057,37.27
yes,,27.677814605299638,85.34643953522631,121.36
yes,,27.672231050000622,85.34659899999828,14.92
yes,,27.672077604781677,85.34657918296466,43.41
yes,,27.672190265989755,85.34651831184426,38.45
yes,,27.672114000001592,85.34640899999316,32.37
yes,,27.672429000007696,85.34611625000494,55.01
yes,,27.67236614524259,85.34621145952948,259.74
yes,,27.672346468086666,85.34636665488462,51.29
yes,,27.67791422236252,85.34311034613648,17.68
yes,,27.67763703002172,85.34308059863588,129.14
yes,,27.678086783889555,85.34340138283241,31.35
yes,,27.678064317963916,85.34348581602295,43.73
yes,,27.677593699999893,85.3433052999992,19.46
yes,,27.677956567159256,85.3432163073776,93.99
yes,,27.67640275000198,85.34658300000092,16.5
yes,,27.67645605000821,85.34657165000331,52.17
yes,,27.677910993783637,85.34357392072683,21.92
yes,,27.677698900003755,85.34334180000542,34.05
yes,,27.67770284830415,85.3435687582249,43.21
yes,,27.677829097159787,85.34346482837827,23.26
yes,,27.677995150001433,85.34416624999992,19.73
yes,,27.677540341292527,85.34445034838664,68.25
yes,,27.677544345557454,85.34432987520997,87.2
yes,,27.677625727511614,85.3443488459946,53.43
yes,,27.678029400009724,85.34506109999752,43.65
yes,,27.677723011186483,85.34485761055643,49.19
yes,,27.677603782286457,85.34558848937823,23.96
yes,,27.67764887935508,85.34548561086258,37.42
yes,,27.677562471139023,85.34548523189312,99.3
yes,,27.677583922515165,85.3457835397451,91.59
yes,,27.67793500000674,85.34530260000315,56.66
yes,,27.677946251688518,85.345629208477,77.85
yes,,27.67768811282482,85.34593026294115,46.92
yes,,27.677771132075605,85.34581208650488,26.08
yes,,27.677760778766636,85.34592499352786,76.79
yes,,27.67796169999854,85.34589560000012,21.76
yes,,27.67788132539981,85.3458192868225,73.12
yes,,27.678005132259056,85.3457818926248,40.05
yes,,27.67781539323162,85.34606067830077,70.23
yes,,27.67635215000562,85.34724990000069,50.59
yes,,27.676408349999715,85.34688594999359,68.09
yes,,27.6771601139145,85.34632258291226,188.62
yes,,27.677414050004113,85.34617109999633,118.61
yes,,27.677047999989433,85.34612119999123,121.21
yes,,27.67707232825995,85.34619262030567,64.86
yes,,27.677170100005092,85.34614785000147,34.87
yes,,27.677229682654115,85.34608206328639,35.59
yes,,27.678148700002815,85.34285540000118,19.54
yes,,27.678412899429805,85.34177616829588,26.07
yes,,27.67847759531234,85.34177722201008,87.15
yes,,27.67864022509432,85.34196364552976,76.76
yes,,27.678337296268232,85.3421384232642,60.42
yes,,27.678289147901317,85.34226241837604,56.62
yes,,27.678485300003704,85.34231759999771,99.66
yes,,27.67847565000125,85.34241844999514,99.07
yes,,27.67861256655709,85.34239943240485,52.53
yes,,27.678607284964034,85.34162554961864,38.07
yes,,27.678163049997423,85.3415347000002,54.59
yes,,27.67852011786801,85.34125854071777,65.19
yes,,27.678477824045615,85.3413931628057,27.83
yes,,27.678560650003863,85.34136859999961,67.07
yes,,27.67685480000071,85.34147499999976,20.36
yes,,27.677332306581587,85.34125977982181,82.71
yes,,27.677253532161867,85.34120552823744,84.86
yes,,27.67738105001052,85.34143875000069,116.31
yes,,27.67726922062572,85.3414143153622,153.35
yes,,27.677381155870446,85.34160202545951,77.98
yes,,27.67727809149468,85.34160817333422,109.74
yes,,27.677436550003645,85.34132299999948,63.54
yes,,27.676966049997638,85.34112890000222,42.45
yes,,27.676950020012043,85.34134442854918,40.33
yes,,27.676946365289343,85.3412389827246,37.99
yes,,27.676968500000324,85.34163499999399,114.35
yes,,27.67706166923397,85.34159546705482,46.05
yes,,27.677097309231833,85.34170471691188,58.83
yes,,27.677255483369297,85.34172861671394,75.43
yes,,27.677081449993207,85.34128859999194,69.58
yes,,27.677092299998314,85.34120989999694,81.29
yes,,27.677077007474242,85.34142139773101,162.32
yes,,27.675129400000916,85.34568544999986,43.23
yes,,27.675135625703604,85.34577678754007,85.67
yes,,27.675413200007004,85.34519244999963,113.89
yes,,27.67554094999412,85.34522719998606,172.89
yes,,27.675356725254325,85.34569164479001,30.39
yes,,27.675347658070947,85.34562667553249,55.11
yes,,27.675270656408177,85.3456326255108,84.68
yes,,27.675252823984682,85.34573511164014,70.76
yes,,27.675011600000747,85.34476719999931,89.55
yes,,27.675173474161692,85.34476551174852,123.28
yes,,27.675315239430155,85.34478444746048,224.01
yes,,27.67557635001012,85.34511219997894,75.99
yes,,27.675520250689132,85.34385918257075,55.2
yes,,27.67560987038348,85.34396033745438,28.5
yes,,27.67545133691749,85.34361401069431,89.25
yes,,27.675194350005576,85.3433217499994,104.83
yes,,27.67529261713594,85.34355832583017,129.84
yes,,27.675383900509768,85.34353188285895,92.68
yes,,27.67538000000372,85.34369029999638,69.22
yes,,27.675458311139643,85.34328492550162,75.17
yes,,27.675432321647317,85.34379913054627,33.37
yes,,27.675545851394922,85.34389286396801,18.34
yes,,27.67416332159139,85.34248395219782,62.25
yes,,27.673621260675414,85.34631350393573,78.88
yes,,27.673712200007273,85.34635394999673,156.08
yes,,27.6732630000037,85.34654499999975,58.04
yes,,27.67326884086807,85.34595806919658,63.37
yes,,27.673493597716277,85.34616626836099,69.07
yes,,27.67331620001029,85.34621915000653,62.88
yes,,27.673378980154386,85.34623250801204,71.51
yes,,27.673798650004894,85.34612474999966,80.15
yes,,27.673777484346104,85.34603509709441,68.92
yes,,27.67376935000192,85.34593564999845,76.24
yes,,27.673652249999485,85.3460124499979,79.43
yes,,27.673485619324,85.3462731555934,86.74
yes,,27.677057350008624,85.34321039999998,80.82
yes,,27.677035650002463,85.34310789999938,90.52
yes,,27.676874078469854,85.34320599482344,31.24
yes,,27.67698277718137,85.34282925610782,60.06
yes,,27.67701197796349,85.34262573771849,91.51
yes,,27.677011599999236,85.3429380499987,53.69
yes,,27.67718380001035,85.34313799999903,70.42
yes,,27.677415392794952,85.34341346631707,42.27
yes,,27.67735587514846,85.34345778387173,53.27
yes,,27.67703819302149,85.34359792296594,87.79
yes,,27.676913777577784,85.34365247146127,65.86
yes,,27.677131975669397,85.34362354280252,79.39
yes,,27.677026769352704,85.34339549252952,113.6
yes,,27.676896147867506,85.34337391877335,128.85
yes,,27.677142250008767,85.34336029999999,71.13
yes,,27.67723477772707,85.3434096428546,109.0
yes,,27.677345851005654,85.3433457260457,54.04
yes,,27.673885012223998,85.34360577370164,32.99
yes,,27.67384485000797,85.3437952500026,99.09
yes,,27.674219192647584,85.34373252557464,127.19
yes,,27.673597403253073,85.34548506530702,28.87
yes,,27.673498249252184,85.34571081744514,43.4
yes,,27.673371153330873,85.34580853089976,222.13
yes,,27.673398800001742,85.34567484999566,69.62
yes,,27.67324305000509,85.34579715000135,64.18
yes,,27.673243317979036,85.34565460339309,129.12
yes,,27.67320063600434,85.345554465509,35.52
yes,,27.67325881482599,85.34554309197951,28.4
yes,,27.673301800003202,85.34551959999159,43.02
yes,,27.67335170000307,85.34548824999773,47.66
yes,,27.67321165000638,85.34525080000397,71.65
yes,,27.673274846209576,85.34530461747939,77.58
yes,,27.673782100009976,85.34581645000223,75.53
yes,,27.67362345001515,85.3453190499992,108.06
yes,,27.673606879093036,85.34521102379925,39.24
yes,,27.673638852676998,85.34562303643229,58.89
yes,,27.673755800004095,85.3455172500013,50.02
yes,,27.67317638221459,85.34576149012084,82.13
yes,,27.674067849993943,85.3462486499897,66.06
yes,,27.673876541921484,85.34627226970476,149.08
yes,,27.67416889670564,85.34650556913004,71.09
yes,,27.674360301781842,85.3465589314913,27.01
yes,,27.674284149999412,85.34645719999784,26.1
yes,,27.674412724378215,85.34648664260439,41.63
yes,,27.67404569999797,85.3460409499947,96.93
yes,,27.674773704055852,85.34628312392152,58.63
yes,,27.67460550000427,85.34603239999959,49.33
yes,,27.67468266015944,85.3460271754349,79.86
yes,,27.67490312602502,85.34608824528466,27.05
yes,,27.676814600002285,85.34401549999917,104.78
yes,,27.677037294233664,85.34386707527175,54.93
yes,,27.677062479489223,85.34397393696696,25.24
yes,,27.677125085100762,85.34403796911307,46.53
yes,,27.677119810024443,85.34424279678998,27.07
yes,,27.67700088703706,85.3441063499832,54.44
yes,,27.67729409354725,85.34457847118978,124.8
yes,,27.676900079792247,85.34497400617062,77.0
yes,,27.676866521373515,85.34478761771211,310.85
yes,,27.676938588337986,85.34506542050828,19.8
yes,,27.676954978512402,85.34498128372397,19.74
yes,,27.677075345112655,85.34494033312464,133.49
yes,,27.677389012384317,85.34470599722752,58.33
yes,,27.677268778422658,85.34470716529441,89.66
yes,,27.677000839186007,85.34564618059848,20.16
yes,,27.676947419966304,85.34554395991866,70.11
yes,,27.676991250012296,85.34543495000342,111.71
yes,,27.67722237190923,85.34564262884948,82.43
yes,,27.677373770656825,85.34566857840642,188.52
yes,,27.676437492868764,85.34180377215452,43.4
yes,,27.676314955975588,85.34162848462483,243.85
yes,,27.676686828350856,85.34121914789337,28.86
yes,,27.676742000004076,85.34115159999952,64.98
yes,,27.67670940000459,85.34169399999976,72.66
yes,,27.676783800002053,85.34168349999914,46.95
yes,,27.676719532007592,85.34182072881389,68.25
yes,,27.676631392963134,85.3416949730116,69.98
yes,,27.67644800360863,85.3416488252682,37.26
yes,,27.67651605000768,85.34166249999984,44.42
yes,,27.676535411570846,85.34156871803582,30.9
yes,,27.676268400001547,85.34153189999994,22.29
yes,,27.676276073578986,85.34140420919957,77.31
yes,,27.676207287798526,85.34121625045441,116.8
yes,,27.676307254517376,85.34124277960358,76.5
yes,,27.676516824753516,85.34127259078453,31.11
yes,,27.67642517268998,85.34124389703342,135.29
yes,,27.6764665218202,85.34140975902844,68.57
yes,,27.676379100002986,85.34141434999854,86.52
yes,,27.676605750011056,85.34139674999997,68.64
yes,,27.67676665000065,85.34199569999997,7.01
yes,,27.67666504999963,85.34186100000025,19.29
yes,,27.676875777851805,85.342267392764,66.11
yes,,27.676765151242883,85.34232444150256,98.34
yes,,27.676237667662363,85.34218576584855,60.5
yes,,27.67683495000061,85.3419162499999,90.26
yes,,27.67632547777165,85.34199248861444,17.0
yes,,27.676384850004634,85.34201555000048,41.34
yes,,27.676497522481537,85.34190441556537,74.58
yes,,27.676469326043215,85.34217785343264,47.14
yes,,27.67657000000059,85.34224709999756,81.74
yes,,27.676798433849644,85.34581315679652,62.21
yes,,27.676333944275243,85.34475152269904,12.53
yes,,27.676424318944168,85.34479010251512,41.23
yes,,27.676317242809947,85.34503356924192,52.24
yes,,27.67641505149806,85.34517531251973,140.59
yes,,27.67658055000194,85.34471809999826,86.73
yes,,27.676703122332945,85.34516520908396,126.9
yes,,27.67659220000565,85.34514530000163,53.85
yes,,27.67632550001812,85.34405659999965,79.81
yes,,27.676376100003722,85.34391164999907,82.44
yes,,27.676453516011897,85.34408136724645,105.92
yes,,27.676742900000548,85.34414114999994,24.18
yes,,27.676724500007584,85.3440187499993,61.33
yes,,27.67681595000858,85.34412235000173,45.53
yes,,27.676810399998196,85.34430719999575,94.4
yes,,27.676777614898565,85.34444027921299,92.21
yes,,27.67671623592502,85.34455092050739,323.23
yes,,27.676401906046706,85.34445398441292,101.05
yes,,27.67636670000551,85.34335284999965,30.47
yes,,27.676453600003278,85.34341794999976,53.71
yes,,27.67673188486494,85.3432872321597,35.09
yes,,27.676236019861495,85.34322590837797,18.15
yes,,27.676227199999293,85.34332884999803,28.08
yes,,27.676304400001293,85.34324429999808,45.31
yes,,27.6762977305366,85.3433285444701,34.89
yes,,27.676423569361095,85.34319901939277,45.23
yes,,27.676504179790726,85.34332209578565,53.76
yes,,27.676646000005174,85.34336689999978,75.27
yes,,27.67631835000115,85.34379174999977,35.66
yes,,27.67660868169721,85.3437873627089,98.43
yes,,27.676654216127947,85.34322347976189,27.42
yes,,27.67681280000038,85.34326304999944,20.13
yes,,27.676820352510468,85.34337972967383,32.76
yes,,27.6764883345883,85.34315472119525,15.57
yes,,27.676797685805493,85.34288100022057,83.55
yes,,27.676754069681483,85.34301652263738,55.19
yes,,27.676818946936876,85.34302252429318,32.73
yes,,27.67662365000044,85.34298179999944,20.46
yes,,27.676547600002678,85.34295864999908,61.6
yes,,27.676423249997217,85.34273029999754,30.48
yes,,27.676448128048477,85.34282034367361,75.77
yes,,27.67643070000075,85.34295869999998,11.9
yes,,27.67590770000172,85.34257804999983,26.24
yes,,27.676042635028615,85.34259021940949,42.75
yes,,27.675721840026096,85.34272212023059,42.28
yes,,27.675759449995336,85.34303920000232,53.82
yes,,27.676217245259217,85.34285892525644,80.25
yes,,27.67523240809901,85.34277762525426,82.03
yes,,27.675229817107653,85.34287491619409,52.82
yes,,27.675291932001706,85.34289801556889,26.24
yes,,27.675518399997088,85.34284749999968,48.39
yes,,27.675267421166943,85.34310717508903,132.88
yes,,27.67551107800399,85.34276762359147,34.22
yes,,27.674569150006658,85.34249069999834,108.54
yes,,27.67451299970229,85.34258861678853,105.69
yes,,27.674872000003333,85.34270684999967,48.25
yes,,27.67497340000278,85.34276864999978,35.52
yes,,27.674614550007433,85.34283215000158,60.27
yes,,27.67501327521874,85.3430836903586,98.09
yes,,27.674985809196347,85.34246517512048,59.03
yes,,27.67503556438978,85.34230952647157,29.57
yes,,27.674596017361658,85.34190135382866,102.98
yes,,27.674776205739686,85.34192028952484,126.97
yes,,27.67486030655582,85.34239617611267,64.87
yes,,27.675452500000528,85.34183214999875,22.02
yes,,27.675516950004972,85.34211605000175,22.85
yes,,27.675456751565786,85.34208683061566,87.57
yes,,27.6750633624125,85.34196122570397,67.87
yes,,27.67510313640126,85.34209104146935,43.17
yes,,27.676037909872996,85.34194402760912,64.32
yes,,27.675896462776702,85.34208652778202,23.0
yes,,27.676018343217777,85.34221482178309,90.88
yes,,27.675759713875845,85.34227347648908,60.64
yes,,27.67597254999117,85.34240834999619,178.99
yes,,27.674549450001244,85.34132349999568,29.78
yes,,27.674643950007958,85.34159134998009,55.54
yes,,27.67464950822233,85.34176084909667,128.41
yes,,27.674561602795787,85.34170536528629,137.02
yes,,27.675021775570592,85.34167745381474,52.02
yes,,27.674953588856155,85.34174870162991,75.13
yes,,27.67488283396851,85.3412284610913,66.54
yes,,27.674687001176643,85.34119920462432,59.4
yes,,27.6747952238055,85.34143131175763,35.92
yes,,27.675306617729966,85.34166280966721,24.9
yes,,27.67517515000422,85.34167685000166,45.66
yes,,27.675328352592874,85.34114953182235,48.2
yes,,27.67510416821829,85.34171953712226,95.52
yes,,27.675260002767708,85.34172993120903,48.87
yes,,27.67553288001042,85.34171709453139,41.75
yes,,27.67541261508488,85.34157202947435,75.36
yes,,27.67549296790313,85.3414302593009,147.18
yes,,27.67618547540824,85.34137839261712,96.55
yes,,27.67591999895703,85.34122779652616,208.38
yes,,27.675703099999957,85.3413179999981,26.28
yes,,27.675722936880963,85.34160621059024,321.07
yes,,27.67609777383095,85.34168856812846,24.46
yes,,27.67245865000219,85.3472990000027,35.26
yes,,27.672160721562243,85.34729514608648,64.07
yes,,27.672481374857917,85.34662557334443,41.47
yes,,27.67244018343486,85.34656968639631,38.3
yes,,27.672405234150915,85.34667824279096,24.12
yes,,27.672102251015517,85.34691318336259,49.01
yes,,27.67240249755601,85.34702023419932,58.32
yes,,27.672318500003293,85.3468099499976,56.64
yes,,27.672245550002387,85.3467319499897,39.93
yes,,27.6722199000033,85.34676839998362,53.17
yes,,27.67219319385006,85.34683086505773,120.86
yes,,27.67262871175958,85.34806394838033,55.4
yes,,27.672449150001658,85.34782734999982,23.78
yes,,27.672000104964052,85.3478802729083,31.0
yes,,27.672144292100942,85.3477824621304,79.22
yes,,27.672517497630643,85.34741293247161,87.29
yes,,27.67210860000214,85.34832434999926,45.98
yes,,27.67203075198119,85.34830513086023,34.13
yes,,27.67261615000232,85.3482855000003,32.21
yes,,27.67241510000191,85.34931889999802,50.08
yes,,27.672192100007035,85.3491566000002,89.35
yes,,27.67217225000224,85.34930334999925,62.52
yes,,27.67209510000093,85.34911859999917,23.5
yes,,27.672101217663474,85.34887010119468,27.59
yes,,27.67209385000665,85.34897710000286,61.09
yes,,27.672283220256283,85.34892491535655,38.25
yes,,27.67259855000097,85.35067154999214,83.48
yes,,27.672291861604325,85.35055973181268,56.24
yes,,27.672130832951634,85.35053214914524,66.98
yes,,27.672132650002197,85.35043460000014,32.05
yes,,27.67214421974702,85.35036575616581,34.2
yes,,27.67231400000245,85.350487149997,72.42
yes,,27.67230528112789,85.3503247378808,25.12
yes,,27.672562767588005,85.35044915169762,45.1
yes,,27.67247581842726,85.35043330491307,55.86
yes,,27.672489359270134,85.35036993177451,29.93
yes,,27.672399067743275,85.35022600165007,72.57
yes,,27.672458767652014,85.34982910494692,25.15
yes,,27.672420181076635,85.34968089452279,55.31
yes,,27.67237015000058,85.34952654999545,41.28
yes,,27.67224142099661,85.3494158048908,45.43
yes,,27.672155300001723,85.3496760999973,47.3
yes,,27.672080204262404,85.34958478058158,56.02
yes,,27.674598091737238,85.34565746478366,62.79
yes,,27.674099725575065,85.34554077979561,25.42
yes,,27.674186688079946,85.34563773066218,37.22
yes,,27.67419667645927,85.34569619244984,45.42
yes,,27.673860300004538,85.34584914999967,76.53
yes,,27.673894240209712,85.34529612490863,53.18
yes,,27.67419697560299,85.34555834226924,38.21
yes,,27.674162649998628,85.34547399999974,70.03
yes,,27.67419202219278,85.34577000868549,24.69
yes,,27.67409760000937,85.34594590000066,49.47
yes,,27.6743782500037,85.34586449999956,73.5
yes,,27.674380222155026,85.34595370469944,37.4
yes,,27.674439828215426,85.34487888683702,31.49
yes,,27.674785499992904,85.3450710499973,82.89
yes,,27.674945000005152,85.34508469999949,91.26
yes,,27.6745299158607,85.3448528333282,51.42
yes,,27.674480972352033,85.34462120922328,22.54
yes,,27.674754425362064,85.3447282560121,67.95
yes,,27.674472689946636,85.34417577258878,19.73
yes,,27.67453753655975,85.34413244820301,29.47
yes,,27.674536487968805,85.34401402868657,25.75
yes,,27.67443423605395,85.34434616840925,42.23
yes,,27.67457496643375,85.3441552990026,9.74
yes,,27.674636500584818,85.3441352333654,22.78
yes,,27.674141398907363,85.34447431713619,10.5
yes,,27.6741535199869,85.34406301320031,65.28
yes,,27.67423861063718,85.34407037012039,89.64
yes,,27.67393289703596,85.3439247183888,79.13
yes,,27.67416119945173,85.34416109960807,40.67
yes,,27.67396425000193,85.34405444999966,39.38
yes,,27.673942022042485,85.34434636164576,49.99
yes,,27.67406770000423,85.34446825,55.92
yes,,27.673952397469733,85.34515247072947,14.86
yes,,27.67439895000947,85.34517340000197,41.37
yes,,27.67434257248745,85.34517276187582,52.92
yes,,27.674247440104086,85.34515682139708,44.24
yes,,27.674173734028145,85.3451215375229,28.8
yes,,27.67411297320498,85.34511196614099,43.67
yes,,27.674248525082543,85.34484822820993,38.01
yes,,27.674271640125163,85.34472915902926,83.55
yes,,27.67415943283471,85.34486591602443,51.82
yes,,27.6743753499987,85.34483489999937,25.54
yes,,27.674364639384002,85.35195691851638,79.31
yes,,27.674086499995337,85.35204984999355,31.93
yes,,27.673928399999955,85.3520542499968,24.54
yes,,27.67395222363754,85.3520017859464,35.15
yes,,27.673852849998486,85.35184919999583,36.01
yes,,27.673850100008416,85.35194195000396,68.51
yes,,27.672784257544436,85.3499388326312,44.88
yes,,27.672950947552685,85.34994661708913,29.98
yes,,27.67340073745575,85.35203861630805,20.1
yes,,27.67324500390809,85.35153672956879,101.69
yes,,27.67339929851336,85.35167260908781,20.64
yes,,27.67323942018425,85.35192911547121,59.84
yes,,27.67356210000087,85.35190719999589,68.34
yes,,27.673776050013714,85.35172270000925,93.51
yes,,27.673488024123472,85.35129928072713,11.88
yes,,27.67343955000068,85.35137964999977,58.5
yes,,27.673339549999,85.35137780000045,44.82
yes,,27.673716810210937,85.35096757833907,54.55
yes,,27.673179200344617,85.35085945258186,43.87
yes,,27.67304705763336,85.35135703921286,59.21
yes,,27.673146449999457,85.35126494999943,28.42
yes,,27.67277394703758,85.35138737326807,61.37
yes,,27.672687146935267,85.35085221844106,51.92
yes,,27.672918750004428,85.35056450001032,42.88
yes,,27.67306673379214,85.35050913342054,37.6
yes,,27.67287584154204,85.35037984057331,56.76
yes,,27.6732724000013,85.35062439999956,24.45
yes,,27.673312290505162,85.35007410928851,79.03
yes,,27.67127916037153,85.34407823455744,194.27
yes,,27.671117544081245,85.34377516765089,74.02
yes,,27.671042347131593,85.34371229857265,43.69
yes,,27.684351950002647,85.3417143999998,34.77
no,Sitting Area (outside) of Mahadevshtag Temple,27.680764251103085,85.34111470285029,857.76
yes,,27.683020069397184,85.36358269298842,143.2
yes,,27.682736485513246,85.3636610024282,29.21
yes,,27.68279645001169,85.36347855000272,111.61
yes,,27.682571541924755,85.36303918289302,104.77
yes,,27.68246887374771,85.36332927369769,101.88
yes,,27.681993893648077,85.36149792178054,108.32
yes,,27.681881144927914,85.3613134616652,73.32
yes,,27.681761422720125,85.36128900958172,131.01
yes,,27.681608916917558,85.36111560082702,100.23
yes,,27.681812669083428,85.36105122393461,46.2
yes,,27.68189471757529,85.36115448306184,68.62
yes,,27.681171182266315,85.36093953132637,95.89
yes,,27.681086240219738,85.36110040982737,106.41
yes,,27.680888467696228,85.36065843905091,104.76
yes,,27.68121650000104,85.35844538298389,13.97
yes,,27.682109831126798,85.35555132595701,49.23
yes,,27.68608810408577,85.35126830656006,108.09
yes,,27.68625600000358,85.35116819999979,57.95
yes,,27.686636558624645,85.3513967176688,86.83
yes,,27.687361800007455,85.3512038999797,283.74
yes,,27.687690099990448,85.34897795002347,246.33
yes,,27.68114393948909,85.36104396311343,42.31
yes,,27.68764068004743,85.34913381094663,98.68
yes,,27.689960762639856,85.34469711562481,8.04
yes,,27.689997672163365,85.34469583834132,8.27
yes,,27.69036114512293,85.34484927713399,23.87
yes,,27.690476427636817,85.34491704167138,30.49
yes,,27.6861371948955,85.36148492168738,16.39
yes,,27.686002496601688,85.36091414362375,117.69
yes,,27.686341515361338,85.35678253569607,11.28
yes,,27.68626116245285,85.35671776049972,8.18
yes,,27.686464036675833,85.35114007254019,575.97
yes,,27.68617199217382,85.35092766871654,32.0
yes,,27.686158831605898,85.35096687842818,14.54
yes,,27.686152814086782,85.35099278801007,13.33
yes,,27.686150165734276,85.3510294011331,7.0
yes,,27.68570045687752,85.35055205470401,437.48
yes,,27.68549816555542,85.35004549896681,191.65
yes,,27.685266435725772,85.35008870159174,255.84
yes,,27.68511356568824,85.34990615000997,210.77
yes,,27.685012395076644,85.3498637454952,175.76
yes,,27.685854550003477,85.34999080000047,31.2
yes,,27.685718000064846,85.35010685003893,168.91
yes,,27.685328173480684,85.35024053145504,220.18
yes,,27.68509583921019,85.35015436759268,139.02
yes,,27.68530158743738,85.35033827960841,220.8
yes,,27.685275044953908,85.35043585719906,221.84
yes,,27.685069182435402,85.35025218605107,136.2
yes,,27.68504190111038,85.35034930349681,139.75
yes,,27.684924593904448,85.35017428751947,176.01
yes,,27.684824514593167,85.34976214846768,279.33
yes,,27.684769949950375,85.34988504990228,244.51
yes,,27.684762628037724,85.3500284662596,266.73
yes,,27.684777355684172,85.350167021851,131.23
yes,,27.684568081742007,85.3497271815327,106.55
yes,,27.68452265001865,85.34988455000983,105.91
yes,,27.68431624998878,85.34983714995057,170.3
yes,,27.68502637082634,85.35069378553587,53.88
yes,,27.685837420211946,85.35023443825774,29.45
yes,,27.68582580886,85.35026918845635,25.62
yes,,27.685821699998076,85.35030754999455,23.56
yes,,27.685569795295113,85.35046441980002,211.15
yes,,27.685794403310954,85.35034349651312,20.88
yes,,27.6857791000001,85.3503780999988,15.41
yes,,27.68589594317618,85.35011297291447,13.76
yes,,27.686035734666188,85.35103764053916,43.37
yes,,27.685727778361205,85.35089088735212,94.72
yes,,27.685817700013644,85.35010630000637,53.61
yes,,27.683672050001228,85.34999524998776,65.17
yes,,27.683641395251897,85.3504171629959,14.99
yes,,27.687061212739426,85.3519456107654,26.67
yes,,27.686684439861803,85.35176260625582,186.89
yes,,27.68674448505636,85.35161966828413,34.17
yes,,27.691049791507734,85.35171188910624,62.42
yes,,27.692737494032443,85.35188809408957,3.7
yes,,27.69345347556128,85.35225185030454,28.66
yes,,27.691029660376678,85.35321981639295,816.4
yes,,27.689264321971734,85.33924151568954,1791.32
yes,,27.679422492580343,85.36383185899537,93.54
yes,,27.678477024818317,85.36378629363466,33.1
house,ipshahome,27.696620642576665,85.35281692735069,12.15
yes,,27.67497556167371,85.34320196878173,68.7
yes,,27.675006233346718,85.34331476665504,75.8
farm,Jasmin House,27.675431745013196,85.35024893558806,500.43
yes,,27.688051550002964,85.33792579999817,86.3
residential,,27.69038855016399,85.3384249000172,1146.16
residential,,27.688191049883446,85.33730955091828,68.25
yes,,27.688351734034917,85.3381213330087,55.96
residential,,27.68823787648756,85.33700904894452,66.88
residential,,27.68803290000126,85.33804790000015,15.4
residential,,27.6874979385677,85.3368465466204,446.88
gate,,27.68822094179689,85.33711327203453,3.83
gate,,27.688205900000078,85.33720744999991,4.05
residential,,27.685857723021552,85.34117344102286,113.36
residential,,27.685794700009115,85.34111070000723,124.41
roof,,27.686441500001035,85.34068894999852,41.83
yes,,27.686391650454677,85.33880845638069,52.35
yes,,27.691971576378968,85.34665029407657,48.91
yes,,27.67430507600706,85.3395354811774,85.91
residential,,27.67358211838592,85.33998044745663,176.62
residential,,27.673526256828666,85.33990427344987,81.58
residential,,27.673487352387877,85.3398552183225,86.72
residential,,27.673450911589125,85.33980721363734,78.48
residential,,27.673413422277143,85.33975648655762,90.81
residential,,27.67339459919493,85.33971211922069,32.34
yes,,27.67344632692836,85.34024218708959,430.12
yes,,27.687925100001046,85.35027519999264,174.81
yes,,27.687682143219465,85.35042660654892,168.46
yes,,27.692976299998048,85.34660994999754,72.55
yes,,27.693246361525357,85.34976831560711,105.28
yes,,27.690973650040657,85.34750597675485,114.22
yes,,27.690936959674392,85.34764443012348,109.58
yes,,27.68211106379452,85.33893440080696,187.27
house,#2,27.692585700000162,85.34503019999165,58.72
house,#3,27.692617500008627,85.34485060000362,90.15
house,#4,27.692518986147526,85.34481509933777,96.52
house,#5,27.692778722437534,85.34463883895658,96.53
house,#6,27.692883729441874,85.34467741280834,65.32
house,#7,27.69254384355448,85.34519304604635,127.27
house,#8,27.69246055000873,85.34513015000292,86.6
yes,#8,27.693044062976416,85.3455456328219,35.96
yes,#9,27.693191650004078,85.34546480000094,50.12
yes,#10,27.69312622482717,85.34535814295751,35.23
yes,,27.690875613973777,85.36248373082101,104.81
yes,,27.6891506742541,85.3432334294249,134.19
yes,Soul Café,27.691807761944656,85.34495911145417,30.09
yes,,27.677412143885974,85.36199031368291,68.1
yes,,27.67747755115143,85.36191015005812,92.57
yes,,27.677977750004626,85.36168480000092,51.27
yes,,27.677922562562905,85.36159093001265,61.92
yes,,27.67794064999313,85.36146249998806,92.38
yes,,27.677948399995973,85.36139509999255,64.08
yes,,27.67797954999499,85.36122409999098,73.78
yes,,27.677994670529262,85.36133810543572,32.53
yes,,27.6780621000052,85.36089320000089,53.2
yes,,27.678078121491808,85.36101220949423,50.04
yes,,27.678113052119404,85.36091067600044,30.18
yes,,27.677846519823017,85.36231641545363,15.18
yes,,27.67787099999928,85.36213474999349,86.91
yes,,27.677646970399817,85.36212341216084,51.37
yes,,27.694778265016456,85.34912947387983,60.95
yes,,27.69489340000153,85.34924244999962,106.49
yes,,27.67533581806335,85.36062665864135,92.29
yes,,27.67526079813477,85.36057676785266,117.71
yes,,27.67515955002288,85.36055105002033,117.76
yes,,27.675003864157514,85.36038157589277,55.52
yes,,27.675048711892874,85.36047713081076,62.24
yes,,27.675019599999263,85.36054114999433,64.56
yes,,27.67499050000393,85.3607225499999,62.8
yes,,27.67498042020726,85.36062330623038,82.57
yes,,27.675068766690085,85.36075451961975,53.85
yes,,27.675158604487336,85.36076650194832,71.69
yes,,27.67523160603213,85.36078005151703,104.72
yes,,27.676924300005656,85.35231715000451,75.4
yes,,27.67697540000504,85.352382200006,60.01
yes,,27.674914093371466,85.35331042677511,57.24
yes,,27.673935849998777,85.35255519999782,55.24
yes,,27.67402852671684,85.3525636738779,67.36
yes,,27.67419432565729,85.35258806933075,143.01
yes,,27.67042549778447,85.35299394729003,302.24
retail,मनोहरा तरकारी बजार,27.673395778767368,85.35413868903052,1617.15
yes,,27.673503188382906,85.35845981568689,87.82
yes,,27.673529670830487,85.35772349738629,375.71
yes,,27.69581263208287,85.35022883379713,40.35
yes,,27.675263459008033,85.35804699302408,114.24
yes,,27.67526483166041,85.35835233459953,221.93
yes,,27.675364447765247,85.35832052208146,40.99
yes,,27.67592044313908,85.35606166685422,119.36
yes,,27.676532446208263,85.35627353429913,286.61
yes,,27.67897759702608,85.35526456852436,755.04
yes,,27.679342600072015,85.35475005004628,581.3
yes,,27.68244347796332,85.35526758853591,119.9
yes,,27.682370731483825,85.3552061497936,187.12
yes,,27.68171906203495,85.35498448362826,485.98
yes,,27.681861281934534,85.35494376692277,50.82
yes,,27.671420074189495,85.35417652361791,473.56
yes,,27.671603689341314,85.35449091817999,88.89
yes,,27.671677407816812,85.35445140570152,54.39
yes,,27.67811896981368,85.35494812395343,448.65
yes,,27.677304320503904,85.35329336751128,279.27
yes,,27.685123223040833,85.36113310768118,636.84
yes,,27.685128685425582,85.36162645714911,148.24
yes,,27.684516540541225,85.3610712732352,160.81
yes,,27.68467557670436,85.36087190973878,499.74
yes,,27.6848152915897,85.36080452206009,677.19
yes,,27.683719493668217,85.35990344384777,501.55
yes,,27.683500003933258,85.35971882375927,476.51
yes,,27.683320300008806,85.35965149997094,198.07
yes,,27.683448144604615,85.35957158704055,79.91
yes,,27.68323825206773,85.35997756563717,125.75
yes,,27.683089498011224,85.35979003395514,160.87
yes,,27.676523047719645,85.36204830399343,652.35
yes,,27.677356133701668,85.36267902317405,1065.26
yes,,27.677253345017192,85.36219849004435,87.56
yes,,27.677110896074602,85.36317366936579,127.47
yes,,27.67748110762433,85.36319350819296,107.67
yes,,27.677387034801946,85.36317101953223,137.24
yes,,27.67509570145002,85.36142176654116,369.03
yes,,27.67496960001024,85.36153145000645,141.06
yes,,27.67503051354977,85.36195221527919,171.49
yes,,27.67514911847155,85.36206537951715,57.93
yes,,27.675023716321558,85.36187929063044,75.27
yes,,27.67518240955369,85.36194477234062,214.75
yes,,27.67641444408147,85.35971405765747,305.71
yes,,27.676512929371302,85.35983654253725,423.0
yes,,27.676664513748904,85.35980894445898,381.44
yes,,27.676710241659183,85.35965261072518,117.21
yes,,27.67600333292863,85.36031684350326,115.44
yes,,27.67587465694844,85.36026688044758,141.85
yes,,27.675758611833043,85.3604137070932,77.25
yes,,27.675332973724057,85.36020408604728,118.41
yes,,27.67585818883999,85.36065289218499,126.87
yes,,27.675778364384126,85.36048100487245,33.32
yes,,27.67571341471334,85.3602351801519,101.86
yes,,27.675066293033257,85.3593216447663,61.38
yes,,27.6761140212355,85.3574705390067,293.92
yes,,27.676349704288928,85.35746111906474,132.14
yes,,27.67691411911838,85.3574489075891,140.7
yes,,27.67750447824292,85.35824736588961,289.47
yes,,27.67739182434379,85.35819180842162,132.12
yes,,27.677297722049673,85.3581425489827,140.92
yes,,27.677706475388195,85.35821909954002,126.06
yes,,27.677929497134283,85.35794556876856,174.17
yes,,27.677822035432513,85.35727533366396,142.85
yes,,27.67789445337295,85.35727500899378,43.92
yes,,27.677437033567163,85.35726156320847,115.24
yes,,27.677016297196833,85.35697770165386,210.85
yes,,27.676758856715416,85.35694270686513,219.14
yes,,27.67672291945372,85.35675966815968,129.91
yes,,27.674712873904568,85.35649671278989,233.06
yes,,27.673936821656387,85.35588749740567,822.33
yes,,27.672136554646055,85.35574036142566,277.7
yes,,27.67501196310005,85.36124572594056,65.16
yes,,27.67557567321093,85.35917938103667,157.4
yes,,27.67601225115375,85.35938376541328,109.92
yes,,27.675911018146355,85.35938355918984,73.21
yes,,27.676321514767764,85.35931144949522,76.77
yes,,27.67637257944915,85.35933430167279,42.38
yes,,27.676168649999727,85.35940924999444,30.87
yes,,27.67610843621095,85.35964864773356,74.26
yes,,27.676178021353266,85.3596603075736,61.16
yes,,27.676263026872647,85.35966148492093,119.83
yes,,27.67609848268432,85.35977834793326,79.44
yes,,27.67614858516459,85.36013783726212,108.06
yes,,27.676148640523554,85.36003037355557,79.59
yes,,27.676139532907033,85.36053959766647,109.48
yes,,27.676145586726193,85.36093989245231,131.62
yes,,27.675686246012738,85.36056562821491,114.07
yes,,27.67550120681001,85.36033552166742,83.53
yes,,27.67543059232692,85.36042628890814,115.88
yes,,27.675467967687297,85.36046936565266,48.61
yes,,27.675602200005535,85.3603936499915,110.95
yes,,27.675600206974256,85.36017490382048,155.23
yes,,27.67516850521468,85.36026324407361,80.96
yes,,27.675069718244615,85.35952857279267,77.01
yes,,27.675438443357887,85.35918358699301,81.85
yes,,27.674209314778256,85.33903846227733,993.11
yes,,27.674104837230917,85.33920066616183,384.24
yes,,27.676624733402377,85.36221314638351,174.58
yes,,27.676950950139286,85.36229905311524,153.35
yes,,27.675991399780806,85.36156194091848,494.17
yes,,27.675762543312384,85.36177223613089,100.12
yes,,27.675659371498856,85.3617224305802,100.7
yes,,27.675697943588847,85.36152302059533,113.66
yes,,27.675614299999737,85.36140964999673,48.81
yes,,27.675310049995755,85.35882709999039,69.25
yes,,27.676423601957797,85.35722279613297,79.46
yes,,27.676285502076116,85.35712766017365,101.03
yes,,27.67629464999186,85.35662044996842,99.72
yes,,27.675605183269543,85.36085667393976,25.24
yes,,27.675687550001452,85.36075819999942,28.04
yes,,27.67576236578626,85.36074808772825,95.14
yes,,27.675767483359078,85.36099508301054,88.49
yes,,27.67594843864501,85.36107035221228,103.24
yes,,27.676086765941246,85.36114124242005,108.31
yes,,27.67615985000402,85.36119069999863,73.78
yes,,27.676249217679644,85.36098571007875,70.64
yes,,27.676214911515004,85.36059241009549,102.11
yes,,27.676342532220854,85.36060709796524,113.2
yes,,27.67630032791106,85.36266256790147,103.85
yes,,27.676148818150207,85.36285212314004,29.86
yes,,27.676554162277853,85.36251410694793,103.93
yes,,27.676838829546703,85.3625691930502,140.11
yes,,27.677323319218402,85.3620324785968,90.81
yes,,27.677239766639048,85.36112282404554,129.03
yes,,27.677163581249584,85.360801323672,82.34
yes,,27.677235618498017,85.36129681644873,202.66
yes,,27.67728730000445,85.36146424999879,92.48
yes,,27.67743110887001,85.3614266359429,199.43
yes,,27.677478122233715,85.36154455534344,66.95
yes,,27.677516006234924,85.36147669104712,17.33
yes,,27.67722518596959,85.36160494017669,79.37
yes,,27.67729105671472,85.3616517569672,81.59
yes,,27.677355823167638,85.3616954958156,14.42
yes,,27.677617599995603,85.36153719999143,79.8
yes,,27.677597974377782,85.36162484137066,160.01
yes,,27.67774743765437,85.36131451702245,67.94
yes,,27.677773539807394,85.36125226727752,54.99
yes,,27.677815019137594,85.36136456574931,99.69
yes,,27.67755075000168,85.3611857999981,52.35
yes,,27.677781088254473,85.36048913366247,141.86
yes,,27.678981139252585,85.35999596898972,114.98
yes,,27.679043156296725,85.36005042473505,76.42
yes,,27.678769030161046,85.36002059584433,144.73
yes,,27.678354627189385,85.36026256689975,243.86
yes,,27.67844825215914,85.36076021794227,297.87
yes,,27.678225250018045,85.36061080000451,103.5
yes,,27.67892107467658,85.36148501501718,257.52
yes,,27.678967769074394,85.36112793152071,321.7
yes,,27.680764777398778,85.36155552978609,237.65
yes,,27.680543564495053,85.3618626361855,260.71
yes,,27.68070937325809,85.36198671729119,106.5
yes,,27.680482526927396,85.36256171576001,232.49
yes,,27.67991366368546,85.3626553095571,79.88
yes,,27.679934253396993,85.36260201010707,82.6
yes,,27.679885607645343,85.36277365903204,63.05
yes,,27.67966499122902,85.3626490193274,105.55
yes,,27.67924391736245,85.36342716652392,199.52
yes,,27.679007469765185,85.36325610209434,154.93
yes,,27.67484496036693,85.34864107714365,74.62
yes,,27.67139456808165,85.35576070826488,105.15
yes,,27.684245350020692,85.36135970003393,120.53
yes,,27.684854360524017,85.36164019598269,99.75
yes,,27.68499655001353,85.36205380001753,128.17
yes,,27.685798366242494,85.36213284050868,334.86
yes,,27.675705670146836,85.35496395261659,105.48
yes,,27.673300137139236,85.35254681585643,549.98
yes,,27.673502050003545,85.35253794999758,115.82
yes,,27.677123176904278,85.36290048946134,72.75
yes,,27.677188573255165,85.36292571677616,68.18
yes,,27.677104323045956,85.36297595912839,23.81
yes,,27.674410000011047,85.36132110000237,56.75
yes,,27.6742715331419,85.3612606963983,14.95
yes,,27.671263632071813,85.35437825168623,101.75
yes,,27.674441181511643,85.3393934359207,242.52
yes,,27.671380808739542,85.35462175979146,115.63
yes,,27.670775807398655,85.35523825116046,81.37
yes,,27.670794439938447,85.35516088371023,75.39
yes,,27.67169915519363,85.3547797998456,64.75
yes,,27.67179455960334,85.3547158215193,75.56
yes,,27.67193288107156,85.35512495708812,74.09
yes,,27.67183978089426,85.35511298402186,34.43
yes,,27.678757629267793,85.35738712804259,556.44
yes,,27.675669800003483,85.35873544998994,158.47
yes,,27.675797641473675,85.35933697778314,118.01
yes,,27.67571088411345,85.35947915074759,56.81
yes,,27.675793020862674,85.35983981551809,70.57
yes,,27.675682400005567,85.35996330000089,73.59
yes,,27.675633453527965,85.3600440515434,56.46
yes,,27.675743229462945,85.36008716682325,147.44
yes,,27.67586868380789,85.36004165080837,81.45
yes,,27.677045748674924,85.35913465400246,113.94
yes,,27.677283405889767,85.35937404494494,116.64
yes,,27.67730656806523,85.35969650330728,94.44
yes,,27.677980978422447,85.36001451282944,120.04
yes,,27.677861427887773,85.35993031520873,73.4
yes,,27.677770849318197,85.35978129745249,178.92
yes,,27.676458181208062,85.35759684625818,108.89
yes,,27.670032175449364,85.35267780322687,7.13
yes,,27.67123593142231,85.35555135237335,75.5
yes,,27.67122747126909,85.35569358850344,104.36
yes,,27.671167999997465,85.35579274999631,80.78
yes,,27.671157115919414,85.35453812528608,425.17
yes,,27.670844584561706,85.3547698297028,117.06
yes,,27.6722121180321,85.35554746904388,153.07
yes,,27.671753349999246,85.3568882000514,141.38
yes,,27.67377820496547,85.36004349891905,184.28
yes,,27.673754489220297,85.35993753217585,39.8
yes,,27.67468852609425,85.3566672903477,101.67
yes,,27.674466605529602,85.35669288371425,136.25
yes,,27.674435999335447,85.35681647571693,57.22
yes,,27.67472561312368,85.35627439441247,89.77
yes,,27.674503237123233,85.35560597030613,70.23
yes,,27.67273434089703,85.35496767158547,138.96
yes,,27.67275524999353,85.35589054999441,95.5
yes,,27.672751088635486,85.35634941447684,150.92
yes,,27.68958401341695,85.36156079592483,75.96
yes,,27.670398134365662,85.35424255602939,159.18
yes,,27.67214165001005,85.35648144999446,71.49
yes,,27.672596019216865,85.35635940218735,155.33
yes,,27.672795400032086,85.35709240001447,96.29
yes,,27.67293858163026,85.35680405095782,187.1
yes,,27.67326268554561,85.35655204433174,275.41
yes,,27.673268921335005,85.35669477204692,300.98
yes,,27.673200012679604,85.35685829914206,90.49
yes,,27.672384889158494,85.35711075796326,250.86
yes,,27.672343149997964,85.35664255000064,53.47
yes,,27.67237012007465,85.35676097198687,54.19
yes,,27.67231445000942,85.35675554999982,51.07
yes,,27.672686739253173,85.35668907422732,86.92
yes,,27.672696067780304,85.3567684066669,112.2
yes,,27.672056750982506,85.35806896079022,175.06
yes,,27.673328805204743,85.36019978830625,21.07
yes,,27.673602045433945,85.36029049206128,84.15
yes,,27.67366703679615,85.36027459301184,68.05
yes,,27.673741907706066,85.36029625379368,101.5
yes,,27.673865939842322,85.36062084429658,91.28
yes,,27.673967587665356,85.36065291692745,72.76
yes,,27.674078674133817,85.36050751099364,76.63
yes,,27.67426633714122,85.36013541978794,144.73
yes,,27.674353332011055,85.36016864982996,103.3
yes,,27.676081449992612,85.35893865000354,72.74
yes,,27.6772734000006,85.35846194999708,42.18
yes,,27.679238900012315,85.36005854999678,101.77
yes,,27.679428800005407,85.3599036499986,77.39
yes,,27.679385994966193,85.36009139982974,109.87
yes,,27.679314224237995,85.36029744172983,84.29
yes,,27.679436550013165,85.36036389999748,106.58
yes,,27.67944440001074,85.36050404999807,101.44
yes,,27.67958474999556,85.36079239999891,71.06
yes,,27.679832184819357,85.36037236600671,134.1
yes,,27.67997416432359,85.36006074748106,121.76
yes,,27.67977201858288,85.35975549678484,72.38
yes,,27.679743621312127,85.35967865140458,98.96
yes,,27.679494527528565,85.36005439917088,101.86
yes,,27.678534114266714,85.36048812913323,68.2
yes,,27.67849306820517,85.36063298136239,712.64
yes,,27.6786066902664,85.36079316043465,85.59
yes,,27.67835480988196,85.36089389834258,187.5
yes,,27.678493227103992,85.36091979330504,192.9
yes,,27.671617742056668,85.35754379134929,71.21
yes,,27.67548784307912,85.36225301542704,114.15
yes,,27.67632687392672,85.36237545722845,51.75
yes,,27.676245007724525,85.36251783529418,103.87
yes,,27.67647214069836,85.36297419900896,95.18
yes,,27.67635466819428,85.36290691548855,95.42
yes,,27.676245730495477,85.36290630178098,47.06
yes,,27.677881514196216,85.36372314182408,233.32
yes,,27.67781346616301,85.36385389578481,28.01
yes,,27.677748400009015,85.3628950000038,66.23
yes,,27.67765823192514,85.36342341218474,126.15
yes,,27.677581591074876,85.36359713616277,138.54
yes,,27.67857053008169,85.36386484822218,129.53
yes,,27.678651641999263,85.36382413699485,99.97
yes,,27.67863286721738,85.36403556452586,110.8
yes,,27.678851702626517,85.36405694155492,21.8
yes,,27.678809774733498,85.36385120849555,97.06
yes,,27.67882492065679,85.36373814953521,79.96
yes,,27.67755115362583,85.36299394949705,87.18
yes,,27.6774853385251,85.36292903435947,123.81
yes,,27.67802036817083,85.36253220887994,124.44
yes,,27.678382550006013,85.36279170000053,87.19
yes,,27.678533243483052,85.36273419706474,90.1
yes,,27.67876575548272,85.36299134538348,215.79
yes,,27.67858465329808,85.36299498699478,92.14
yes,,27.678661799998693,85.36309750000068,59.66
yes,,27.678818291752517,85.36308377577443,54.17
yes,,27.679667900000133,85.36368649999982,64.79
yes,,27.679653492578513,85.36377677260762,80.5
yes,,27.679868186154383,85.36377921576195,74.87
yes,,27.679933629420056,85.36334311043221,101.74
yes,,27.67988592209764,85.36350484507409,85.57
yes,,27.679828850003847,85.36333974999961,71.72
yes,,27.679467584225527,85.36318604244433,69.02
yes,,27.678386250007566,85.3618875999999,89.09
yes,,27.67828649114721,85.3620024029704,63.75
yes,,27.678160150311957,85.36192021624264,50.11
yes,,27.678319420672462,85.36169492229669,112.95
yes,,27.678244949075392,85.36170948280672,99.08
yes,,27.67817826035286,85.3617233257828,107.97
yes,,27.678100312145855,85.3616331883248,75.58
yes,,27.678755686816743,85.36105810920216,438.77
yes,,27.673640824882774,85.3604502364497,74.17
yes,,27.673554762728376,85.36041782707109,39.78
yes,,27.67358328988042,85.36051872544186,4.99
yes,,27.673637524443393,85.36055780309097,49.21
yes,,27.673759032207936,85.36065749646377,142.15
yes,,27.674234900002578,85.3585904499983,63.84
yes,,27.674353340576165,85.35992591918529,44.46
yes,,27.674494410851057,85.35953969943392,54.95
yes,,27.674575797936384,85.35947708624626,67.76
yes,,27.674271249998768,85.3591062999974,31.02
yes,,27.674253449994872,85.35873099999444,85.78
yes,,27.673756608873724,85.35638777130282,93.13
yes,,27.673217361563914,85.35633695192045,135.08
yes,,27.672903199852293,85.35655781851175,108.65
yes,,27.672944913848216,85.35628476115043,74.54
yes,,27.67375347094909,85.35858810212393,87.7
yes,,27.673834901949323,85.35835771480176,130.74
yes,,27.67333537051902,85.35817975030007,83.16
yes,,27.67327250785396,85.35812420349693,66.47
yes,,27.67308488146596,85.35797479452599,104.53
yes,,27.673131208292407,85.35875057215326,184.34
yes,,27.67304047339709,85.35868712379589,130.17
yes,,27.672775052564422,85.35483832881677,49.88
yes,,27.672524296945817,85.35472801379544,209.15
yes,,27.675492650012192,85.35637830000049,48.94
yes,,27.673747182381504,85.35909375436731,92.6
yes,,27.673881999998986,85.35952299999771,31.21
yes,,27.67381487081591,85.35947995957225,48.66
yes,,27.67388709999539,85.35962424999363,49.37
yes,,27.679268148142665,85.35530175564449,136.14
yes,,27.68138077113696,85.35663375696147,38.78
yes,,27.681016705346472,85.35650890625108,54.44
yes,,27.678940992771956,85.36287182388993,60.85
yes,,27.678885903144586,85.36278269323789,112.1
yes,,27.678803236014083,85.36272644275917,76.35
yes,,27.678736503050224,85.36266827122988,68.0
yes,,27.678935365201,85.36320778891655,52.62
yes,,27.678992026789107,85.36240181872726,71.04
yes,,27.67823806565745,85.36220101145014,100.18
yes,,27.678053288107687,85.36212468938321,45.93
yes,,27.678065191473653,85.3622132359549,80.1
yes,,27.67947148119952,85.35812525739819,119.46
yes,,27.679573526159192,85.35806442962863,147.01
yes,,27.679530907863253,85.3582824996793,50.2
yes,,27.68068294736294,85.35785654507754,84.24
yes,,27.68053917538708,85.35772953888699,63.92
yes,,27.68041484525513,85.35747123825621,49.53
yes,,27.68039080377229,85.35743674555835,49.71
yes,,27.678211250016727,85.35715220001194,105.54
yes,,27.677138750004005,85.35665165000088,51.7
yes,,27.686538815227276,85.34514043414543,392.65
yes,,27.687706661072035,85.34524214648323,60.78
yes,,27.691600113731614,85.35114249477432,246.45
yes,,27.691375371123126,85.34994590530783,453.97
yes,,27.68846060663936,85.35256283535747,948.48
yes,,27.68834961470724,85.35214515914498,329.62
yes,,27.688390119311993,85.3523383067922,36.41
yes,,27.68743052011038,85.34949156988364,156.48
yes,,27.68703482879215,85.34695957788765,198.07
yes,,27.689102668782017,85.34102221452598,230.35
yes,,27.68895214999996,85.34096969999618,33.98
yes,,27.687582350057514,85.3400371000145,388.03
yes,,27.687785850040015,85.33880040001064,123.9
yes,,27.68769617929451,85.33920053568245,48.2
yes,,27.689893318995576,85.33945206037342,109.84
yes,,27.690168376553682,85.33906897982008,302.14
yes,,27.693601058975478,85.34848145581462,136.7
yes,,27.686359200045935,85.35842024625137,152.53
yes,,27.6854426000097,85.36104079999929,152.88
yes,,27.686141630187212,85.36085889061181,329.34
yes,,27.684269470477837,85.35825583381947,590.65
yes,,27.68393338818921,85.3578920223088,1138.54
yes,,27.683910692053992,85.3580731583558,118.8
yes,,27.683745422054162,85.35798286679261,100.07
yes,,27.6837511963867,85.35830134940652,281.11
yes,,27.683328422549074,85.35896253669351,393.24
yes,,27.684020300004907,85.35846694999132,86.14
yes,,27.68406900493191,85.3586596171286,72.97
yes,,27.684158852124856,85.35845978949757,97.73
yes,,27.683432075253993,85.35739389251266,140.52
yes,,27.68361695741245,85.35751415535307,107.15
yes,,27.683651839268464,85.35734558327358,277.29
yes,,27.683555100004117,85.35710899999638,73.17
yes,,27.68344146380815,85.35723123969314,56.34
yes,,27.682182554173433,85.35654425554205,219.41
yes,,27.683352137119524,85.35733371062246,80.37
yes,,27.683165659305892,85.35833327172905,1819.94
yes,,27.683586696897027,85.35860552660773,396.02
yes,,27.683481763892395,85.35851511056543,115.9
yes,,27.68573236285496,85.35713704655367,214.63
yes,,27.685705248968357,85.35695890913834,253.15
yes,,27.68512301290931,85.35681793096568,182.42
yes,,27.695264387401306,85.35361095835644,76.59
yes,,27.6944171964209,85.3553872686385,72.36
yes,,27.694235850000528,85.35385854999578,43.18
yes,,27.692243622660275,85.35271824547343,463.14
yes,,27.69202236423301,85.3527025728468,356.65
yes,,27.693116118852405,85.352494624312,228.81
yes,,27.69307196246357,85.35268404684682,130.04
yes,,27.693222399056378,85.35271666753032,92.69
yes,,27.693226477065718,85.35317278742559,152.16
yes,,27.693702154833737,85.35285111671448,266.8
yes,,27.693486650069072,85.35289843340642,379.54
yes,,27.693369317204603,85.35322252864408,104.15
yes,,27.693567500005205,85.35314290000213,57.09
yes,,27.693654458118203,85.35303101940943,125.54
aeroplane,,27.69402283953951,85.35359083771169,570.07
yes,,27.673210245582407,85.35905270804486,143.28
yes,,27.67800053929104,85.36274872474515,110.17
yes,,27.67808597845943,85.36275104266933,35.11
yes,,27.678609940919607,85.36231973242258,117.96
yes,,27.679230264325028,85.36224026322203,128.61
yes,,27.67924112405518,85.36248977050778,122.02
yes,,27.679067840635366,85.36172263268587,97.53
yes,,27.679512125492103,85.36105345054202,71.09
yes,,27.679531908157497,85.36116599242699,66.33
yes,,27.680023416516562,85.36036717333194,84.87
yes,,27.68019067428604,85.36027367261424,89.14
yes,,27.680276468374352,85.35997754687615,93.48
yes,,27.680364185935918,85.35961455332234,146.1
yes,,27.680567296154464,85.3597116710176,81.91
yes,,27.680731370724445,85.3601848574986,103.12
yes,,27.680770899996137,85.36028079999708,45.48
yes,,27.68085825204126,85.36050902237206,61.54
yes,,27.680714399679555,85.36055584208214,82.46
yes,,27.680967574065072,85.36026759800815,130.02
yes,,27.680002600006734,85.35957739999911,108.28
yes,,27.67965269058543,85.35980918511333,70.57
yes,,27.679701249191957,85.35997971629241,26.58
yes,,27.67880853223787,85.360627557221,89.03
yes,,27.67793984999855,85.3607650499955,63.47
yes,,27.67797606734582,85.36065636213202,129.87
yes,,27.678052050002073,85.36030884999956,49.03
yes,,27.683288300028043,85.36113594997984,178.15
yes,,27.684130100009178,85.3598113999885,178.24
yes,,27.68398065001245,85.35970515001705,111.16
yes,,27.682861750003557,85.35696219999743,70.23
yes,,27.68298665603476,85.35713633328015,144.92
yes,,27.68273503266738,85.35684519638212,68.71
yes,,27.67699395473048,85.35443288018115,119.03
yes,,27.67694375000208,85.35421865000025,28.55
yes,,27.67621038499059,85.35488883867924,128.42
yes,,27.67540129115073,85.34035140150638,117.85
yes,,27.67721521894284,85.34528935690486,25.68
yes,,27.677276468763285,85.34544623334833,239.39
yes,,27.67240021234022,85.34378639530132,322.55
yes,,27.671500297516253,85.34525074389352,594.45
yes,,27.67462520000126,85.35564614999949,41.32
yes,,27.67606357963749,85.35310997026362,173.91
yes,,27.68718650006836,85.35124645005912,271.31
yes,,27.687259329071956,85.35171361940799,255.93
yes,,27.6874951999937,85.3518866999711,138.85
yes,,27.687538549995356,85.35223064995621,282.91
yes,,27.688023517424234,85.35134375139116,251.36
yes,,27.687679216757285,85.35140554901729,206.75
yes,,27.68434377215854,85.34977258676317,35.6
yes,,27.688495480647656,85.35175007691205,122.18
yes,,27.691129950012915,85.35348100000728,103.68
yes,,27.69080164724559,85.35358180736058,69.41
yes,,27.69163354548327,85.35351368108853,664.01
yes,,27.691533266772243,85.35368797396367,531.43
yes,,27.692249550025693,85.35379565000929,141.76
yes,,27.692375807165785,85.35380360148326,177.82
yes,,27.69240099974275,85.35394431509145,59.87
yes,,27.68676512562099,85.36435731341301,106.74
yes,,27.686733519386024,85.36422867259914,102.82
yes,,27.686649599281274,85.3643794166701,20.33
yes,,27.683588392716597,85.35984012131132,300.81
yes,,27.689911966063445,85.3416334323108,62.25
yes,,27.68998644999917,85.3415606499997,42.32
yes,,27.69029191703234,85.34130514731956,40.64
yes,,27.690280349998485,85.34119210000034,17.85
residential,,27.68826510000027,85.33732109999771,86.23
yes,,27.686555483199793,85.34558775606934,2286.54
yes,,27.688325900003278,85.35285714999272,126.17
yes,,27.692245014562488,85.35180633173886,300.95
yes,,27.69263618480284,85.35230132943703,168.14
yes,,27.692762000019282,85.3523910000136,139.36
yes,,27.692923800016576,85.35274960000596,100.55
yes,,27.686057617797793,85.36337877098181,24.75
yes,,27.68577412641507,85.36262115282084,81.91
yes,,27.686580793042282,85.34570332661404,113.68
yes,,27.686874800000265,85.34895015000001,1.9
yes,,27.68688282298404,85.34892086428671,1.19
yes,,27.686874627065222,85.34889349450167,4.57
yes,,27.68686235000011,85.34891999999996,3.34
yes,,27.68692569107845,85.34907202311668,1.87
yes,,27.68692007202947,85.3490435268108,2.64
yes,,27.686896350001618,85.34904865000023,6.37
yes,,27.687119479262417,85.3494299303552,7.43
yes,,27.68705179630639,85.34956097298306,5.78
yes,,27.687075271064348,85.34955580822503,2.68
yes,,27.687038167941463,85.34944835207686,7.28
yes,,27.68705054999943,85.3494167999997,9.08
yes,,27.687149450002174,85.3495141000009,11.42
yes,,27.68715472679349,85.34943994206667,6.95
yes,,27.68719630000048,85.34949870000014,5.75
yes,,27.687208350000287,85.34946129999997,4.73
yes,,27.687333374298863,85.34878818871138,18.8
yes,,27.672808110830434,85.34439158583403,81.55
yes,,27.672607658244548,85.34504351906925,9.05
yes,,27.672557400001317,85.34499225000162,14.97
yes,,27.682418917340545,85.364764188149,122.67
yes,,27.682949900008403,85.34133619999844,69.87
yes,,27.6829275031667,85.34168947341311,87.4
yes,,27.68307734999741,85.34036610000021,20.21
yes,,27.683273299994127,85.33955079998414,97.08
yes,,27.68313022606511,85.33956943981276,35.37
yes,,27.683082426412373,85.34133222391598,79.8
yes,,27.69623760906618,85.3471338297506,55.76
yes,,27.69619939062329,85.34720784800088,99.94
yes,,27.696179673575394,85.34726615558954,49.72
yes,,27.693718649999877,85.34087299999882,11.52
yes,,27.69584836701192,85.35452349518177,798.03
yes,,27.67827826936464,85.36378914038626,71.34
yes,,27.672042469484484,85.35535391377438,86.35
yes,,27.671610717027978,85.35552539272884,143.39
yes,,27.67187294695302,85.35560287273503,90.27
yes,,27.67179401696028,85.35553544781295,128.99
yes,,27.67172033300798,85.3559628561686,59.17
yes,,27.674593150003975,85.3577463499959,26.12
yes,,27.674026219695474,85.35741310145762,108.7
yes,,27.67391507741992,85.3573939658951,84.01
yes,,27.67072599713293,85.35547778799862,5.74
yes,,27.67132535214005,85.35682341887953,118.96
yes,,27.671827614836527,85.35736929988646,50.64
yes,,27.671961441347044,85.35740959874843,57.56
yes,,27.671718188241726,85.35736566750118,110.82
yes,,27.671763670422838,85.35775771237209,76.98
yes,,27.680628914162497,85.36341855230322,97.23
yes,,27.68052690671385,85.36340747169392,67.5
yes,,27.680538271138744,85.36354282717106,56.82
yes,,27.680865103194556,85.36380884591642,145.46
yes,Homestay Inn,27.681041202682284,85.3639329928999,108.53
yes,,27.681007950423343,85.36377859924615,69.07
yes,,27.680980582486175,85.36386546991682,71.31
yes,,27.681187884292477,85.36398305546312,127.43
yes,,27.681529612045125,85.36444318205412,121.63
yes,,27.681972009182125,85.36438429593515,26.36
yes,,27.68192348525736,85.36442671454124,87.25
yes,,27.680503799582556,85.36372294187537,106.4
yes,,27.680284352333338,85.36426865400611,96.38
yes,,27.68032048060052,85.36416898701953,136.2
yes,,27.680541209326787,85.36428139263577,60.45
yes,,27.671263934337937,85.35644515736797,124.68
yes,,27.67305891093131,85.35655661729464,274.68
yes,,27.67350851999958,85.3562220358236,75.54
yes,,27.6742413028414,85.35591864650327,129.56
yes,,27.673416887231458,85.35785938631712,126.18
yes,,27.673668949771585,85.35824759874684,122.17
yes,,27.673586610439518,85.35822147811143,118.67
yes,,27.67353595884593,85.35804486259757,89.44
yes,,27.673493237791604,85.35818195413957,99.2
yes,,27.67355081742894,85.35836315310397,126.56
yes,,27.673064819711726,85.35849494157821,82.97
yes,,27.67298789746035,85.35845717445596,99.08
yes,,27.673253055752497,85.35916692545366,111.61
yes,,27.67315540521489,85.35939326845987,107.25
yes,,27.6732263050661,85.3585108329598,107.64
yes,,27.6732109883891,85.35825615878939,92.08
yes,,27.672874986956078,85.35736816818142,36.28
yes,,27.672970546571406,85.35741242861634,64.96
yes,,27.68080650257377,85.36353373247816,107.04
yes,,27.68081852907604,85.36336807034755,92.92
yes,,27.681345392776482,85.36352486771382,96.54
yes,,27.682260021970578,85.36462498680856,131.85
yes,,27.68215686078022,85.36454041466891,122.26
yes,,27.682010260861205,85.36467982783891,80.65
yes,,27.6820357346683,85.36458725093897,94.11
yes,,27.681958536892644,85.36473936702099,81.44
yes,,27.68183044963221,85.36440615915708,56.03
yes,,27.68187487219834,85.36433828283471,137.56
yes,,27.682052274308205,85.3634385519665,76.87
yes,,27.681879744182627,85.36324398233943,106.64
yes,,27.681717371160577,85.36299466500266,119.69
yes,,27.681821832239688,85.36305013375585,100.63
yes,,27.68184188412176,85.36294366070233,116.64
yes,,27.681666630600034,85.36273842440316,119.16
yes,,27.681609866601082,85.36284099160476,83.62
yes,,27.681772694022087,85.36277658498324,106.08
yes,,27.681847671157364,85.36281953624692,85.89
yes,,27.681242233071764,85.36427895582906,90.01
yes,,27.681180357076826,85.36424968710146,85.8
yes,,27.681100789940583,85.36421628552124,113.12
yes,,27.68062925407821,85.36368516197447,100.58
yes,,27.680596408052338,85.3636262476744,47.36
yes,,27.681658543446943,85.36502800626872,82.78
yes,,27.681576616528147,85.36297080654691,78.9
yes,,27.681668222567936,85.3631331068395,125.03
yes,,27.68148689234816,85.36304509298519,93.89
yes,,27.681380482071813,85.3629903165271,121.47
yes,,27.681421877262903,85.36283476956157,82.29
yes,,27.68105353314617,85.36279272116356,146.83
yes,,27.681240920080494,85.36231423625945,240.39
yes,,27.68111307703222,85.36210749436117,90.16
yes,,27.680852166083163,85.3620185019813,145.75
yes,,27.68085531820999,85.36448850695291,110.39
yes,,27.680785974883545,85.3644204033854,132.62
yes,,27.680677917909737,85.36442908469242,127.9
yes,,27.680506382286087,85.3647577398201,100.25
yes,,27.681197193286682,85.36496540842506,70.16
yes,,27.681120944631104,85.36493149297053,90.64
yes,,27.68105263949437,85.36489724082908,59.24
yes,,27.68200616466411,85.36507059363274,106.44
yes,,27.682026767333827,85.36495104471392,85.95
yes,,27.682085522955347,85.36499741304995,77.24
yes,,27.68229397366811,85.36495319440715,85.12
yes,,27.681867036336744,85.36499114951437,89.95
yes,,27.682564108176248,85.36514668648205,40.36
yes,,27.68155436357682,85.36356375554787,83.98
yes,,27.681493479157723,85.36349600198162,195.97
yes,,27.681430196968392,85.3633885992682,50.0
yes,,27.681470939817476,85.36375724387045,28.33
yes,,27.68170878997546,85.36357191860544,84.94
yes,,27.681189050005024,85.36378455000035,74.28
yes,,27.679484443534303,85.3626196458167,114.89
yes,,27.679350800199607,85.36246236826851,55.23
yes,,27.67968686012671,85.3625302301348,90.67
yes,,27.679566401214256,85.3623830826623,105.04
yes,,27.67948697345621,85.36230036402756,122.18
yes,,27.67943310000403,85.3627495499896,83.63
yes,,27.679301731250376,85.3626591323978,62.07
yes,,27.67916550089872,85.36310841438744,117.28
yes,,27.680405365032996,85.36311607315685,140.34
yes,,27.68046586652691,85.36301531594411,89.13
yes,,27.68061403299054,85.36271254270218,64.36
yes,,27.680381308839625,85.36268586182587,69.41
yes,,27.680650816794483,85.36232340490825,98.71
yes,,27.68032427621705,85.3618646771414,125.93
yes,,27.680178909798123,85.36168155465373,72.17
yes,,27.679938939941664,85.36177159158643,102.04
yes,,27.679929322476305,85.36183715328306,60.31
yes,,27.679485162879423,85.3617335412545,163.18
yes,,27.680097552501696,85.36218312855227,25.48
yes,,27.679728519805156,85.36233727854507,73.55
yes,,27.680095595048357,85.36282657255123,135.57
yes,,27.68037511753568,85.36241953699351,38.86
yes,,27.680321274210343,85.36247924972642,94.31
yes,,27.68099722665573,85.36223003112735,66.34
yes,,27.680918302226196,85.36220099420449,64.75
yes,,27.680840862411646,85.36217691694131,42.72
yes,,27.68098228012363,85.36231362470147,68.38
yes,,27.68093211109528,85.36228399240764,40.25
yes,,27.681507530653302,85.36241981122012,117.56
yes,,27.68140333637734,85.36240703684796,33.2
yes,,27.681403962388185,85.36250322722222,111.11
yes,,27.681346656963836,85.36257899497767,68.54
yes,,27.68145474817407,85.36263997752933,123.4
yes,,27.681584307304377,85.36256795689279,90.55
yes,,27.68146781405705,85.36283235130091,92.01
yes,,27.681736670534388,85.36335851883068,113.66
yes,,27.681661268956123,85.36330437337007,105.7
yes,,27.681578635440633,85.36326521451943,127.75
yes,,27.68148034503246,85.3632238282164,89.14
yes,,27.68142193086789,85.36316935554794,82.82
yes,,27.681381098727254,85.363273957199,87.24
yes,,27.680982375139003,85.36341430220429,170.92
yes,,27.6806394850575,85.3631407949707,182.89
yes,,27.680201969278247,85.3630568662898,90.87
yes,,27.680150312462295,85.36299415697022,63.44
yes,,27.681323491664948,85.36471416806864,18.81
yes,,27.681696304794617,85.36474103765646,77.34
yes,,27.681637928434085,85.36479667725888,91.49
yes,,27.681792794295063,85.36482520749368,98.68
yes,,27.681811158755178,85.3647566938463,18.69
yes,,27.6813583760355,85.36452037448456,98.95
yes,,27.681445571743232,85.36455779289767,91.74
yes,,27.681511263689355,85.3645949722588,91.35
yes,,27.680622086414832,85.36486501772261,37.18
yes,,27.6804962823035,85.36482525567442,33.78
yes,,27.679292581315217,85.3640281949468,102.64
yes,,27.67932954496575,85.36445238069291,177.27
yes,,27.67927278944624,85.36362792921355,108.95
yes,,27.679286360709305,85.363743974699,114.01
yes,,27.679399966465837,85.36347593571239,86.38
yes,,27.679489099998566,85.36366224999429,91.55
yes,,27.679522409223935,85.36393393488174,42.58
yes,,27.679513357430732,85.36409016634056,55.31
yes,,27.68004488024654,85.36346178973594,69.2
yes,,27.679980128319915,85.36360883208683,106.46
yes,,27.680065451813768,85.36360268171556,87.6
yes,,27.680311123933286,85.36373932973385,84.76
yes,,27.680284470501725,85.36361915354428,142.42
yes,,27.680183813974782,85.36361463801417,42.65
yes,,27.68014869684359,85.36368969791373,87.91
yes,,27.680447949999007,85.36384804999746,25.59
yes,,27.68041883952503,85.36398689841458,91.33
yes,,27.680376276660603,85.36341890382671,49.57
yes,,27.67972293077234,85.36317515464164,90.05
yes,,27.67970611870554,85.36302027436979,72.33
yes,,27.679844693957556,85.36318202124018,74.79
yes,,27.679258247864595,85.3632470318712,552.72
yes,,27.680401679799424,85.36332740043262,22.81
yes,,27.68027788005003,85.3633297774237,18.24
yes,,27.67959198434479,85.36290300940763,62.17
yes,,27.679547489728144,85.36284020350928,70.73
yes,,27.67929946877829,85.3629873674261,79.87
yes,,27.678332767323084,85.36291975332016,36.18
yes,,27.67798546440617,85.36284098178187,83.37
yes,,27.677858093565725,85.36304691405707,64.85
yes,,27.677797973240516,85.36303363528903,64.78
yes,,27.67647516629787,85.36249612163307,65.95
yes,,27.67592731404212,85.36212199582444,57.05
yes,,27.675963200001593,85.36203430000013,31.06
yes,,27.67587229369849,85.3621639168088,38.85
yes,,27.676041450001485,85.36212735000024,33.2
yes,,27.676045033509613,85.36233396386605,84.58
yes,,27.676003358666772,85.36227644953323,62.31
yes,,27.675944871503653,85.36234245115992,60.37
yes,,27.681271193094023,85.36321771827726,88.01
yes,,27.681187277381067,85.36317087598023,87.69
yes,,27.68120213076196,85.3633458175988,78.01
yes,,27.681220373317707,85.36346681776706,53.13
yes,,27.681105515890035,85.36344735891527,114.98
yes,,27.68100896411279,85.36323157065775,87.45
yes,,27.680893550259654,85.36312077789785,95.16
yes,,27.68081998292818,85.36309013649604,57.16
yes,,27.681107046607913,85.36297544360303,108.54
yes,,27.68093196807233,85.36287490383977,101.03
yes,,27.680647298486438,85.36153722328012,78.76
yes,,27.680917706010728,85.3618196033052,82.22
yes,,27.68078836357685,85.36185725515054,110.72
yes,,27.681022244567842,85.36154111377549,95.52
yes,,27.68094443483327,85.36151869800935,74.48
yes,,27.680870906097617,85.3615108539438,98.03
yes,,27.681011568986484,85.36059017499191,87.81
yes,,27.68102180893631,85.36085762967427,58.62
yes,,27.681035953446884,85.36101812629155,28.35
yes,,27.68141924058053,85.36122625401465,95.09
yes,,27.6814064446779,85.36132589898392,101.14
yes,,27.681542827415882,85.36119407697694,81.25
yes,,27.68148827878697,85.36148153968288,126.79
yes,,27.681250872788965,85.36116438479903,229.35
yes,,27.680849220759356,85.36081233553959,115.17
yes,,27.680795119513483,85.3607312745812,43.6
yes,,27.680557908353055,85.36101493676321,97.91
yes,,27.680195585357335,85.36102882548265,52.26
yes,,27.679754558914457,85.36126275130246,123.78
yes,,27.680160549933973,85.36326755522772,83.76
yes,,27.680093864311164,85.3631830845262,133.04
yes,,27.680011484348345,85.36310889202284,78.03
yes,,27.679942661540295,85.36309447794459,77.22
yes,,27.679593984645823,85.36305913234581,18.3
yes,,27.679301795884488,85.36285202622683,151.65
yes,,27.678959071214553,85.36330951381399,34.32
yes,,27.67902999978178,85.36370812138632,93.53
yes,,27.67901053979608,85.36365360570495,88.8
yes,,27.679052873024677,85.3636099068964,36.07
yes,,27.678995335259337,85.36358075954509,51.42
yes,,27.67905604759727,85.36354965287678,49.7
yes,,27.676384160039344,85.36281056672915,128.4
yes,,27.675834834747565,85.36189325729379,37.29
yes,,27.67589291752479,85.3618042453226,35.8
yes,,27.676646172236996,85.35731803852504,198.57
yes,,27.676540200412234,85.35708673618241,473.61
yes,,27.67682865002623,85.35724000001889,81.16
yes,,27.676906933942973,85.35697872026432,222.77
yes,,27.676249635966986,85.35798270243794,155.58
yes,,27.675608298075513,85.3582450197006,78.81
yes,,27.675699384113244,85.35811756648047,104.94
yes,,27.676296835885715,85.35753814927108,70.74
yes,,27.677559094749682,85.35807458053874,688.07
yes,,27.67770522697225,85.358545163143,120.62
yes,,27.67784869046878,85.35862031830074,78.13
yes,,27.67775139404005,85.35882021245135,99.96
yes,,27.678232791744776,85.35863082158207,235.59
yes,,27.67858085000277,85.35854814999954,44.85
yes,,27.678429900847092,85.35852231633804,58.72
yes,,27.678383451923008,85.35865695730865,73.98
yes,,27.679086652388545,85.36039497581164,113.01
yes,,27.67915429999904,85.36073179999711,45.68
yes,,27.67879455944567,85.36082730813564,104.63
yes,,27.678250776444774,85.36083089100268,163.09
yes,,27.67748835259656,85.3612350919073,230.6
yes,,27.677566650005883,85.36106430000173,59.43
yes,,27.677589245267306,85.3609653022913,74.54
yes,,27.677602077490203,85.36087278490722,61.27
yes,,27.677476373181253,85.36114108846643,107.68
yes,,27.67739607979025,85.36110817238718,53.75
yes,,27.67733133075913,85.36110254139044,17.58
yes,,27.676889669195536,85.36215156515286,52.53
yes,,27.676727931136327,85.3620796863107,26.71
yes,,27.67955160000039,85.36320169999951,14.69
yes,,27.67969418286221,85.36420308263784,158.48
yes,,27.679659697928045,85.36435189098924,89.66
yes,,27.67965945305267,85.36444676909159,51.7
yes,,27.679842832538796,85.36442108761727,112.18
yes,,27.681243201881227,85.3614442656475,99.72
yes,,27.6812223289498,85.36152848553239,83.63
yes,,27.68122181933198,85.36161735126379,92.87
yes,,27.681023580303584,85.36127198890452,60.69
yes,,27.680503361605517,85.36129891696487,90.24
yes,,27.680166726544446,85.36111289795227,78.62
yes,,27.68012281192157,85.36118491473017,117.97
yes,,27.67992886027709,85.36132419745928,57.01
yes,,27.679985987126493,85.36156934723459,112.94
yes,,27.67946668580841,85.36065375629245,105.38
yes,,27.67937264196931,85.36060805445474,97.01
yes,,27.67935858340427,85.36066249896412,28.01
yes,,27.6792039046658,85.36057125487893,92.93
yes,,27.679122072690213,85.36024755421734,62.98
yes,,27.67963703337015,85.36107485506541,118.3
yes,,27.67963253448047,85.36098034582766,56.22
yes,,27.679677155091532,85.36110807988504,43.53
yes,,27.679385654531842,85.36204889890692,333.86
yes,,27.67870490845532,85.36365150560242,98.64
yes,,27.678700683639814,85.36354044532324,104.14
yes,,27.67849660000094,85.36388414999972,38.23
yes,,27.678365717678798,85.36362639245446,75.32
yes,,27.678448519739543,85.36360453187699,61.72
yes,,27.67825535619416,85.36326217762907,105.95
yes,,27.678117850004348,85.36347039999718,119.49
yes,,27.6780343991006,85.36344147761739,87.34
yes,,27.67810692888011,85.36355820331731,78.93
yes,,27.678003216765,85.36356772096521,85.4
yes,,27.67805130699626,85.36366270386492,120.17
yes,,27.6728601164741,85.3530642737479,57.88
yes,,27.672949734117445,85.35332594702139,140.32
yes,,27.673059324135327,85.3533611723603,56.09
yes,,27.67314299486392,85.3535718654256,82.55
yes,,27.672479436785284,85.35381341334703,67.19
yes,,27.672743643343757,85.35372286909121,86.49
yes,,27.67265554660111,85.3536759316018,69.78
yes,,27.672547505643195,85.35334012046934,74.06
yes,,27.672907164303787,85.3523072013916,78.08
yes,,27.672852496254862,85.3527799242226,233.44
yes,,27.673812919558355,85.35448483107258,66.66
yes,,27.674054700034908,85.3544470000147,235.61
yes,,27.673987850011628,85.3542947500016,98.58
yes,,27.67394224427735,85.35408167082663,77.87
yes,,27.674580829564505,85.35449097754444,95.46
yes,,27.67467484999743,85.35430024999629,20.37
yes,,27.674698753087952,85.35423542659784,21.12
yes,,27.674732041148197,85.35424840893634,20.22
yes,,27.67476557866933,85.35424479639497,27.06
yes,,27.674798550006738,85.3542552499997,22.75
yes,,27.674834700007292,85.35422559999942,26.94
yes,,27.67483276917068,85.35432860860898,28.32
yes,,27.67468282187754,85.3545975632344,52.78
yes,,27.673396949141978,85.35072912253744,54.46
yes,,27.67257622267834,85.35181471925522,65.53
yes,,27.672821250005413,85.35215714998995,60.45
yes,,27.672745250002933,85.35220555000225,33.76
yes,,27.672133350011485,85.35209180000346,84.62
yes,,27.6717455643538,85.3527050778725,55.43
yes,,27.671603900000445,85.35254099999923,23.45
yes,,27.670377999999967,85.35155924999883,24.1
yes,,27.67040730000293,85.35062769999993,45.98
yes,,27.676687867540256,85.35508447552769,256.16
yes,,27.67767708265501,85.35469655687608,40.56
yes,,27.678318853666173,85.35422725884594,214.74
yes,,27.678518088679734,85.35452165096336,384.98
yes,,27.67909005282935,85.35412938134782,610.96
yes,,27.6792410396573,85.3541548474395,215.06
yes,,27.673778600000773,85.34404259999893,22.17
yes,,27.684915866422532,85.34646145061447,66.86
yes,,27.684897068359117,85.34652659309012,44.56
yes,,27.687998645022,85.34856180234527,66.78
yes,,27.672771753854718,85.35310407662746,124.58
yes,,27.672620123792548,85.35314686096036,149.95
yes,,27.67243239662396,85.35287044861094,152.22
yes,,27.671940299077587,85.35283909597194,317.28
