area,osmid,latitude,longitude
Baneshwor,31148689,27.701876399999996,85.33914770000001
Baneshwor,1362317831,27.7020731,85.3385623
Baneshwor,360695605,27.701524299999992,85.3400588
Baneshwor,8506382777,27.701457099999995,85.3386426
Baneshwor,31150622,27.69713449999999,85.3505564
Baneshwor,2285165664,27.6969232,85.3508922
Baneshwor,6078178581,27.6961925,85.3501026
Baneshwor,1835392171,27.6977043,85.351134
Baneshwor,2283988126,27.697873800000004,85.3493775
Baneshwor,31150626,27.6982445,85.3487924
Baneshwor,12074608009,27.698609999999995,85.3495525
Baneshwor,3343356455,27.6984912,85.3483252
Baneshwor,31150628,27.698537399999996,85.3482052
Baneshwor,296332795,27.698819299999997,85.3473815
Baneshwor,6072590005,27.697420799999996,85.3477849
Baneshwor,31150643,27.701458099999993,85.340226
Baneshwor,3547387336,27.702124600000005,85.3405805
Baneshwor,2218374662,27.701195299999995,85.3408881
Baneshwor,31230922,27.687306399999997,85.35052220000001
Baneshwor,3045212606,27.686489899999998,85.3500447
Baneshwor,12989555495,27.6876231,85.3507234
Baneshwor,1274031398,27.699222899999995,85.3461296
Baneshwor,12520722847,27.698852599999995,85.3468978
Baneshwor,313735977,27.6915458,85.3324837
Baneshwor,1382902995,27.692420299999995,85.3331474
Baneshwor,1281221675,27.691705299999995,85.3320603
Baneshwor,1440792315,27.6900582,85.331793
Baneshwor,1281221669,27.691208699999997,85.333714
Baneshwor,313735983,27.6882089,85.3355568
Baneshwor,5289759124,27.688286599999994,85.3355777
Baneshwor,4914887960,27.688141899999994,85.3355352
Baneshwor,1281233923,27.6900571,85.3289071
Baneshwor,314911416,27.7002733,85.3243761
Baneshwor,1400078037,27.699958799999997,85.3264174
Baneshwor,317530944,27.685613400000005,85.347147
Baneshwor,5645771107,27.685578799999995,85.3469679
Baneshwor,1399427366,27.700609099999998,85.3396438
Baneshwor,360695716,27.696149799999997,85.337552
Baneshwor,1382903026,27.695942699999993,85.3375615
Baneshwor,672589942,27.696980199999995,85.3377323
Baneshwor,668708812,27.693635099999998,85.3262334
Baneshwor,2338508487,27.693469499999996,85.3267887
Baneshwor,7111414483,27.6917442,85.3257115
Baneshwor,2139807311,27.697811900000005,85.3379586
Baneshwor,3547375976,27.696758200000005,85.3386306
Baneshwor,2244693649,27.6973911,85.3365578
Baneshwor,672589973,27.6961589,85.3411326
Baneshwor,1317087958,27.696193300000004,85.3411424
Baneshwor,1382903029,27.696225699999996,85.3402764
Baneshwor,1950327064,27.6954414,85.340876
Baneshwor,672590014,27.6925077,85.3362174
Baneshwor,728152062,27.692159599999997,85.33531440000002
Baneshwor,1317084982,27.692918699999996,85.3379134
Baneshwor,3495404576,27.693386399999998,85.3368302
Baneshwor,1882453048,27.690885999999995,85.3360448
Baneshwor,672590063,27.6928521,85.3382696
Baneshwor,4346927216,27.692484,85.3381219
Baneshwor,1382903002,27.692797899999995,85.3385334
Baneshwor,672686234,27.68560749999999,85.3381047
Baneshwor,1931315731,27.6852829,85.3381118
Baneshwor,6538302358,27.685833400000003,85.3381194
Baneshwor,672686255,27.6852604,85.3391474
Baneshwor,672686235,27.6848324,85.3380183
Baneshwor,1931994030,27.685125999999997,85.3368269
Baneshwor,1882430902,27.684154099999997,85.3378107
Baneshwor,1931372160,27.685452699999995,85.3398036
Baneshwor,2172272920,27.684758200000005,85.3402647
Baneshwor,672686522,27.6816479,85.3434072
Baneshwor,1317078161,27.6816536,85.3434763
Baneshwor,10113638939,27.681607200000002,85.3426317
Baneshwor,1382902993,27.692339199999996,85.33499450000001
Baneshwor,1382902980,27.691559,85.3345735
Baneshwor,728152066,27.6928441,85.3334286
Baneshwor,1908520568,27.692734899999998,85.3337864
Baneshwor,728152067,27.694263,85.3339294
Baneshwor,1281221696,27.6943283,85.3330645
Baneshwor,1382824329,27.6947565,85.3339145
Baneshwor,728152069,27.6941657,85.3347389
Baneshwor,2148862751,27.6942311,85.3348899
Baneshwor,6858024929,27.6934736,85.3344912
Baneshwor,728152075,27.694040100000002,85.3370788
Baneshwor,2174567977,27.694225299999996,85.3371211
Baneshwor,728152153,27.697819700000004,85.3353573
Baneshwor,2137067818,27.6978592,85.3352487
Baneshwor,1382903053,27.6968469,85.33503190000002
Baneshwor,10700878920,27.697652199999997,85.3359345
Baneshwor,728152154,27.697943099999996,85.3347093
Baneshwor,1393448763,27.698035899999997,85.3344873
Baneshwor,12098738941,27.697551400000002,85.3345227
Baneshwor,728152157,27.6984824,85.33338630000002
Baneshwor,3487279464,27.6980879,85.3334998
Baneshwor,728152163,27.699494199999997,85.33531880000001
Baneshwor,2451535405,27.699063299999995,85.3317603
Baneshwor,1382824410,27.699618899999997,85.33557640000001
Baneshwor,728152166,27.699640799999997,85.3366143
Baneshwor,1393448791,27.6989931,85.3365629
Baneshwor,13773028735,27.699465399999998,85.3376676
Baneshwor,1347468306,27.699636199999997,85.3362583
Baneshwor,728152168,27.6993152,85.3383698
Baneshwor,3774439018,27.699357999999997,85.3383802
Baneshwor,1317087941,27.699194299999995,85.3383251
Baneshwor,1273357515,27.692771999999998,85.3282346
Baneshwor,1950483614,27.692878499999996,85.3280908
Baneshwor,4315547715,27.6926457,85.3285019
Baneshwor,6054284835,27.69204489999999,85.3279368
Baneshwor,1273374990,27.6883346,85.3247532
Baneshwor,4315496276,27.688398199999998,85.3242403
Baneshwor,1273375168,27.688805199999997,85.3250909
Baneshwor,1731645811,27.687735,85.3247616
Baneshwor,1273375041,27.690369499999992,85.3259379
Baneshwor,4911978323,27.691254000000004,85.3262343
Baneshwor,4047542080,27.690324799999996,85.3266227
Baneshwor,1832500437,27.69050319999999,85.3253188
Baneshwor,1273375047,27.6905461,85.3251254
Baneshwor,4911978373,27.691654399999994,85.3253431
Baneshwor,1273375093,27.690855,85.32376390000002
Baneshwor,4911978379,27.6923733,85.3238273
Baneshwor,1805087606,27.690583400000005,85.3236339
Baneshwor,1273375148,27.688960599999998,85.3242112
Baneshwor,1832500381,27.6892232,85.3241059
Baneshwor,1941204629,27.688243599999996,85.3257546
Baneshwor,1273515715,27.688733400000004,85.3513712
Baneshwor,4789784966,27.68894089999999,85.3501863
Baneshwor,1274031186,27.7028689,85.34612670000001
Baneshwor,1274031404,27.703242599999996,85.3457671
Baneshwor,1274031386,27.702519999999993,85.3466382
Baneshwor,1274031326,27.703825300000002,85.3459788
Baneshwor,2157327654,27.701338699999997,85.3458758
Baneshwor,1281196429,27.705554600000006,85.3449718
Baneshwor,1350400337,27.702117500000004,85.3494602
Baneshwor,1274031324,27.7045438,85.3464219
Baneshwor,2156954813,27.703726899999996,85.3465423
Baneshwor,1274031362,27.7012332,85.3482338
Baneshwor,6054463912,27.7016725,85.3476661
Baneshwor,1274031466,27.700580500000004,85.3483451
Baneshwor,1274031458,27.7021864,85.3469725
Baneshwor,1317085099,27.699282599999993,85.3457732
Baneshwor,1317085219,27.6963331,85.3474493
Baneshwor,12520722849,27.699222799999994,85.3464563
Baneshwor,1274031400,27.701795600000004,85.3474364
Baneshwor,6089360209,27.7009951,85.3469631
Baneshwor,9381543991,27.702001299999992,85.3472036
Baneshwor,1281196397,27.704473299999997,85.344988
Baneshwor,1274031457,27.69929509999999,85.345621
Baneshwor,1950362248,27.6993293,85.34534150000002
Baneshwor,1395061152,27.700600399999995,85.3459669
Baneshwor,1395070034,27.700132,85.3479319
Baneshwor,1274038036,27.7024327,85.3375269
Baneshwor,1274038038,27.7026343,85.3368386
Baneshwor,1835392338,27.7020998,85.3384809
Baneshwor,6089715685,27.703078399999992,85.33757080000001
Baneshwor,1281218842,27.702646299999994,85.3367986
Baneshwor,1347468317,27.7008576,85.336648
Baneshwor,1274038044,27.7049761,85.3290204
Baneshwor,1281218872,27.7052115,85.3292849
Baneshwor,1274038168,27.702792699999996,85.3362988
Baneshwor,1281218790,27.703281999999994,85.3361955
Baneshwor,6059082987,27.702551099999994,85.3360781
Baneshwor,1281218986,27.703014000000003,85.3355858
Baneshwor,1279198127,27.691951799999995,85.3309527
Baneshwor,8220268583,27.690384499999997,85.3309687
Baneshwor,1382824251,27.692632,85.3307127
Baneshwor,2168021890,27.691843899999995,85.3313594
Baneshwor,1945637573,27.692343199999996,85.3293881
Baneshwor,1280126110,27.7014566,85.3496495
Baneshwor,6075746468,27.701365399999997,85.3499905
Baneshwor,6075746454,27.700956400000003,85.3491542
Baneshwor,1280128328,27.680800299999998,85.3395264
Baneshwor,6084175092,27.680716900000004,85.3394536
Baneshwor,10113638921,27.680999100000005,85.3390884
Baneshwor,10113638936,27.681067099999996,85.3403198
Baneshwor,1281196411,27.701995200000002,85.3439789
Baneshwor,12518252749,27.702128000000002,85.3435844
Baneshwor,6522184056,27.701175799999998,85.3438539
Baneshwor,1950520571,27.705926199999997,85.3443093
Baneshwor,1281196473,27.700956299999998,85.3438681
Baneshwor,1395061153,27.700665699999995,85.3458338
Baneshwor,1394568912,27.700660099999993,85.3437539
Baneshwor,1281218785,27.705721900000007,85.332104
Baneshwor,1281218808,27.705600300000004,85.3323693
Baneshwor,1835392383,27.704745,85.3363336
Baneshwor,7025158491,27.7035952,85.3377119
Baneshwor,1281218800,27.7038708,85.3355755
Baneshwor,1281218968,27.703834499999996,85.3358182
Baneshwor,1281218891,27.705460700000003,85.3325903
Baneshwor,6098833129,27.704985699999995,85.3315428
Baneshwor,1281218810,27.7056945,85.3300334
Baneshwor,8417378779,27.7054356,85.33037800000001
Baneshwor,1281218812,27.703913299999996,85.33264
Baneshwor,1905312701,27.70380769999999,85.3329153
Baneshwor,5100065664,27.704327699999997,85.3312106
Baneshwor,10588903158,27.703410699999996,85.3322674
Baneshwor,1281218840,27.701756300000003,85.3281152
Baneshwor,1400078206,27.702121600000005,85.3282105
Baneshwor,1400078153,27.7015084,85.3273523
Baneshwor,1962226010,27.70164199999999,85.3282117
Baneshwor,1281218847,27.7052168,85.3308504
Baneshwor,1281218869,27.704415699999995,85.3288451
Baneshwor,2224742041,27.7049461,85.3291269
Baneshwor,2262615650,27.703893299999994,85.3286185
Baneshwor,3775699525,27.7037706,85.3305005
Baneshwor,2041703560,27.705278,85.3293543
Baneshwor,6098838364,27.70479569999999,85.3323622
Baneshwor,1281218913,27.705186699999995,85.3333215
Baneshwor,2105153041,27.705910600000003,85.3326974
Baneshwor,1281219000,27.7062999,85.3315053
Baneshwor,1281218946,27.7038043,85.3360047
Baneshwor,3047043265,27.703235899999996,85.3359521
Baneshwor,10606379199,27.705355399999995,85.3361758
Baneshwor,1281218954,27.7062376,85.3312017
Baneshwor,7464580359,27.7060976,85.3312504
Baneshwor,6089568469,27.7041581,85.3357905
Baneshwor,1281218977,27.7034334,85.3303998
Baneshwor,4210507176,27.7028249,85.329461
Baneshwor,1400078348,27.7033454,85.3314274
Baneshwor,10606337587,27.703336399999998,85.3344635
Baneshwor,1281221650,27.702700899999996,85.3358878
Baneshwor,1400078208,27.702195400000004,85.33498570000002
Baneshwor,1281218994,27.7069786,85.3334235
Baneshwor,1835518189,27.705986800000005,85.3337354
Baneshwor,2105153090,27.706318899999992,85.33161290000001
Baneshwor,1281219001,27.702291099999993,85.3286029
Baneshwor,1400078199,27.702041200000007,85.3291595
Baneshwor,1400078150,27.701460799999996,85.3351808
Baneshwor,1281221660,27.697842299999998,85.3313275
Baneshwor,3179376308,27.69801680000001,85.3314844
Baneshwor,1400077995,27.697582,85.3305098
Baneshwor,1832459961,27.697283,85.331632
Baneshwor,1281221663,27.699688699999996,85.3306402
Baneshwor,1281221661,27.6999505,85.3327343
Baneshwor,1400078038,27.699906099999993,85.3324028
Baneshwor,10700866600,27.700251999999992,85.3338173
Baneshwor,1400078062,27.700365499999993,85.3325669
Baneshwor,2341773785,27.699831,85.330871
Baneshwor,3131197956,27.699724500000002,85.3305752
Baneshwor,1950423260,27.6910187,85.3341849
Baneshwor,1281221672,27.6961789,85.3307296
Baneshwor,1950448999,27.6963474,85.3304284
Baneshwor,10755475392,27.695762599999995,85.32973990000002
Baneshwor,1382824274,27.6931535,85.3324796
Baneshwor,1281221678,27.70333049999999,85.326442
Baneshwor,1910625698,27.7027825,85.3262261
Baneshwor,3362930834,27.702776099999994,85.3273795
Baneshwor,2031401969,27.6948889,85.3332231
Baneshwor,1382824315,27.69435379999999,85.3326658
Baneshwor,1281221704,27.6955593,85.3375835
Baneshwor,2174589222,27.6953848,85.3395143
Baneshwor,2176739905,27.695261,85.3373748
Baneshwor,10902101316,27.695066200000003,85.3385134
Baneshwor,1281221707,27.7018187,85.3256359
Baneshwor,6537401367,27.700636899999996,85.3242689
Baneshwor,1400078184,27.701782,85.3269606
Baneshwor,1281221716,27.699857899999998,85.3309252
Baneshwor,1400078036,27.699926399999995,85.331745
Baneshwor,1400078078,27.700533999999994,85.3311047
Baneshwor,1281233878,27.683829699999997,85.3333345
Baneshwor,1941180378,27.683751399999995,85.3333251
Baneshwor,1281233921,27.684203,85.3329414
Baneshwor,1931989930,27.684373299999994,85.3336172
Baneshwor,1281233885,27.687332399999992,85.3352889
Baneshwor,4508222042,27.687104499999997,85.3352619
Baneshwor,1281234039,27.686917799999996,85.3337314
Baneshwor,1281233887,27.6862114,85.3433177
Baneshwor,1281233954,27.684537499999998,85.3429783
Baneshwor,1281233897,27.686457199999992,85.3431324
Baneshwor,1350400473,27.686747399999994,85.3435632
Baneshwor,1281233890,27.686921800000004,85.3286728
Baneshwor,1281234133,27.686986499999996,85.3285516
Baneshwor,1281234028,27.686318599999996,85.3296692
Baneshwor,1934727603,27.687031800000003,85.3291044
Baneshwor,1281233893,27.684419299999995,85.3400724
Baneshwor,1281233967,27.68458519999999,85.3407149
Baneshwor,1931372135,27.6847869,85.3403612
Baneshwor,1931981201,27.6842905,85.3395706
Baneshwor,1281233896,27.6844264,85.3423007
Baneshwor,1931252868,27.6844507,85.342153
Baneshwor,1931981217,27.684664799999997,85.3428586
Baneshwor,1931372127,27.684517499999995,85.3428544
Baneshwor,1281234065,27.6865289,85.3431628
Baneshwor,1931372233,27.686602900000004,85.3424784
Baneshwor,1281233898,27.686767600000003,85.332752
Baneshwor,1281234035,27.686290599999996,85.3322381
Baneshwor,1281233928,27.68719309999999,85.3331975
Baneshwor,1382902964,27.687397899999993,85.3326241
Baneshwor,1281233905,27.685627099999998,85.33511350000002
Baneshwor,11986984706,27.6861078,85.3333214
Baneshwor,1908520542,27.685265900000005,85.3356472
Baneshwor,1281234079,27.686814900000005,85.3352398
Baneshwor,2129610824,27.6817136,85.3316326
Baneshwor,3072788040,27.681443199999993,85.33271240000002
Baneshwor,1882485978,27.681925199999995,85.3324498
Baneshwor,1281234036,27.684233999999996,85.3326978
Baneshwor,1931989933,27.684596999999997,85.3329545
Baneshwor,1945637506,27.6901147,85.32894380000002
Baneshwor,6671608041,27.68998549999999,85.3288591
Baneshwor,7155782681,27.6924617,85.3238578
Baneshwor,1281233927,27.68758,85.3318797
Baneshwor,1382902959,27.687031999999995,85.3315859
Baneshwor,1281234122,27.687464699999996,85.3324436
Baneshwor,13438910198,27.687888800000003,85.3315844
Baneshwor,4914887993,27.6885186,85.3337691
Baneshwor,1281233932,27.685566600000005,85.3306758
Baneshwor,1281234064,27.685485900000007,85.3307355
Baneshwor,7171248685,27.685781999999996,85.33037040000002
Baneshwor,1382902940,27.685972200000002,85.33143370000002
Baneshwor,1281233936,27.687350699999996,85.3276812
Baneshwor,1934727604,27.687230899999996,85.3278106
Baneshwor,1934727660,27.688704499999993,85.328206
Baneshwor,1347475695,27.687445099999998,85.3269755
Baneshwor,1347475715,27.6866912,85.3262236
Baneshwor,1281233942,27.683682600000004,85.3326516
Baneshwor,11055636761,27.6834809,85.3333214
Baneshwor,1931989910,27.6839409,85.3322163
Baneshwor,1931989899,27.68330829999999,85.3322506
Baneshwor,1281233950,27.690112299999996,85.32855120000002
Baneshwor,1281233983,27.689888399999997,85.3284505
Baneshwor,7734537008,27.6904138,85.3279543
Baneshwor,1931252816,27.682239999999997,85.341391
Baneshwor,1931981211,27.684437699999997,85.3409282
Baneshwor,1281233969,27.685826399999996,85.3412795
Baneshwor,1931981294,27.685698799999997,85.3411342
Baneshwor,1931981288,27.685539600000002,85.3413717
Baneshwor,1281233996,27.685948,85.3415107
Baneshwor,1281233979,27.6829664,85.3314944
Baneshwor,1281234030,27.682886799999995,85.3311514
Baneshwor,12955693455,27.683202599999998,85.331415
Baneshwor,1882485960,27.6818147,85.332075
Baneshwor,1882485977,27.6831734,85.3320512
Baneshwor,1945637529,27.6911148,85.328461
Baneshwor,1281233991,27.684829199999996,85.3299595
Baneshwor,1383959449,27.684663,85.3295638
Baneshwor,1932009891,27.684323899999995,85.3303767
Baneshwor,1931372210,27.685566799999997,85.3419152
Baneshwor,6671608037,27.6866772,85.3421413
Baneshwor,1281234011,27.68254509999999,85.3329334
Baneshwor,1931989896,27.682819700000003,85.33310340000001
Baneshwor,1931989862,27.6821279,85.3333304
Baneshwor,1281234019,27.684815,85.3286999
Baneshwor,7171225772,27.68558869999999,85.3292682
Baneshwor,5284629311,27.6854308,85.3279827
Baneshwor,1281234102,27.684393000000004,85.32909170000002
Baneshwor,1941172901,27.6859424,85.3301507
Baneshwor,1382902952,27.686616999999995,85.3304487
Baneshwor,1933346961,27.683494500000002,85.3308893
Baneshwor,1281234138,27.686184299999997,85.3327405
Baneshwor,1382902945,27.6861768,85.3320276
Baneshwor,1281234066,27.685051800000004,85.3324976
Baneshwor,6115155544,27.6841197,85.332013
Baneshwor,11986984704,27.686481899999997,85.3329746
Baneshwor,1281234059,27.6824545,85.3381303
Baneshwor,6084861447,27.682662099999998,85.3378941
Baneshwor,6398218864,27.682920199999998,85.3389879
Baneshwor,6084424918,27.681789,85.3368557
Baneshwor,1281234061,27.686686299999998,85.3312535
Baneshwor,1281234063,27.6826261,85.33000230000002
Baneshwor,2285895699,27.684012,85.3293675
Baneshwor,13828178687,27.682847699999993,85.3300347
Baneshwor,1932009903,27.684859300000003,85.3312752
Baneshwor,1933482456,27.6865834,85.3431896
Baneshwor,1480868048,27.6873819,85.3393361
Baneshwor,1932009907,27.685075400000002,85.3321966
Baneshwor,1281234068,27.684463599999997,85.3416573
Baneshwor,1931981203,27.684341799999995,85.34165810000002
Baneshwor,1931981209,27.684452199999996,85.34151340000001
Baneshwor,1281234070,27.6829359,85.3354692
Baneshwor,1931993998,27.6829529,85.3357111
Baneshwor,1931989893,27.682649799999997,85.3354915
Baneshwor,1480867629,27.6829574,85.3351545
Baneshwor,1480868017,27.6867185,85.3359078
Baneshwor,1281234098,27.6833404,85.3340692
Baneshwor,1931989885,27.6823985,85.3338807
Baneshwor,13438910194,27.688047899999997,85.3327605
Baneshwor,1934705656,27.686483799999998,85.3284264
Baneshwor,1382902948,27.6863386,85.33286270000002
Baneshwor,1317078023,27.681118099999996,85.3419181
Baneshwor,6084075951,27.6811532,85.3421268
Baneshwor,1317078024,27.6861739,85.3440744
Baneshwor,6231298063,27.685483,85.3435058
Baneshwor,1317078188,27.686080299999997,85.3446087
Baneshwor,1933482453,27.6865967,85.3444734
Baneshwor,3826786241,27.6843826,85.3479485
Baneshwor,3045212586,27.6854006,85.3472827
Baneshwor,1317078075,27.682812999999992,85.3434137
Baneshwor,1317078096,27.6830958,85.3425019
Baneshwor,6054493837,27.683123100000003,85.3434042
Baneshwor,10113450297,27.685269699999996,85.3434958
Baneshwor,1909209732,27.681730200000004,85.341436
Baneshwor,1317078102,27.683212599999997,85.3453458
Baneshwor,10113509507,27.6841082,85.3450771
Baneshwor,1887753811,27.6835878,85.3461919
Baneshwor,2467145313,27.6831462,85.3450167
Baneshwor,1317078129,27.68547539999999,85.345707
Baneshwor,1317078276,27.68560229999999,85.3455148
Baneshwor,10113520824,27.685127900000005,85.346264
Baneshwor,6084381056,27.684642099999998,85.3458677
Baneshwor,1317078149,27.684458199999995,85.3445683
Baneshwor,10113401534,27.683953500000005,85.344044
Baneshwor,6231288062,27.683066499999992,85.3446232
Baneshwor,6231288064,27.685186499999997,85.3446119
Baneshwor,9870114223,27.686055299999996,85.3447457
Baneshwor,1317078211,27.686197799999995,85.3446458
Baneshwor,9870114227,27.686261199999997,85.3446733
Baneshwor,1317078221,27.685035199999998,85.3463947
Baneshwor,1317078337,27.6847708,85.3469815
Baneshwor,10113520820,27.684631799999995,85.345938
Baneshwor,1887753844,27.685942400000002,85.34536800000001
Baneshwor,6084381017,27.6843594,85.3456506
Baneshwor,6084381043,27.6848617,85.3470208
Baneshwor,6084381025,27.683972199999996,85.3465515
Baneshwor,1317084929,27.688879,85.3448007
Baneshwor,1350400437,27.6879724,85.3458261
Baneshwor,1350400222,27.689122600000005,85.3452729
Baneshwor,1350400274,27.6886256,85.3439781
Baneshwor,1317084931,27.6944699,85.3489871
Baneshwor,8531156666,27.694674800000005,85.348964
Baneshwor,1317085087,27.694378100000005,85.3498082
Baneshwor,8527133172,27.6945786,85.3485587
Baneshwor,1317084932,27.695047999999993,85.340662
Baneshwor,1317084935,27.695035299999997,85.3405889
Baneshwor,1317087874,27.6951602,85.3406557
Baneshwor,1950338917,27.6940247,85.3408125
Baneshwor,1317084955,27.694548,85.3399251
Baneshwor,2137067432,27.695323899999998,85.3397901
Baneshwor,1317084942,27.693078399999994,85.3513201
Baneshwor,6089424340,27.6930648,85.351348
Baneshwor,13475357815,27.6939558,85.3514206
Baneshwor,6059335856,27.6932485,85.3509229
Baneshwor,1317084945,27.6967028,85.34562520000001
Baneshwor,1317085205,27.697468399999998,85.3455596
Baneshwor,2075651251,27.69596779999999,85.3456837
Baneshwor,1317085198,27.696478799999998,85.3468024
Baneshwor,1317084951,27.6889877,85.3432773
Baneshwor,1317084961,27.6892775,85.3423646
Baneshwor,1317085140,27.6902595,85.344189
Baneshwor,1350400263,27.688658099999994,85.3423114
Baneshwor,1317084978,27.6939704,85.3388224
Baneshwor,2236930398,27.694435399999996,85.3400286
Baneshwor,2169476859,27.689654699999995,85.3426044
Baneshwor,1317084986,27.688174299999996,85.3408623
Baneshwor,3607694580,27.6899955,85.3404535
Baneshwor,1317084963,27.69307939999999,85.3405099
Baneshwor,1317085046,27.6930559,85.3406215
Baneshwor,1382903008,27.693142199999993,85.3399922
Baneshwor,1882466133,27.6943191,85.3379493
Baneshwor,1317084979,27.694527899999997,85.3372059
Baneshwor,1382824340,27.6950559,85.3372989
Baneshwor,3547375958,27.6950902,85.3357062
Baneshwor,6671608036,27.687217800000003,85.3407766
Baneshwor,1317085128,27.689963099999996,85.339674
Baneshwor,1317084988,27.694318399999993,85.3502812
Baneshwor,6059335826,27.69420369999999,85.3509319
Baneshwor,1872770493,27.694868099999997,85.3503396
Baneshwor,1317084996,27.693636499999993,85.3500335
Baneshwor,1317084989,27.694242999999997,85.3477228
Baneshwor,1872770488,27.694053099999994,85.3478122
Baneshwor,1317085176,27.694594099999996,85.3458399
Baneshwor,1950412122,27.694804499999996,85.3475358
Baneshwor,1317084990,27.6941455,85.3514169
Baneshwor,1317085034,27.6937383,85.3496422
Baneshwor,1872770522,27.6934989,85.3504024
Baneshwor,1317085002,27.694876,85.3475329
Baneshwor,11041573001,27.694905899999995,85.3475124
Baneshwor,1317085133,27.694795699999997,85.3488622
Baneshwor,1317085011,27.690315399999996,85.3441712
Baneshwor,1872776696,27.6907952,85.3451566
Baneshwor,2169477600,27.691842699999995,85.3448612
Baneshwor,1317085013,27.695332600000004,85.3472293
Baneshwor,6075217481,27.695653499999995,85.3469128
Baneshwor,13475357814,27.695799899999997,85.3476575
Baneshwor,1317085174,27.693643899999994,85.34882840000002
Baneshwor,1950348098,27.6929981,85.3409477
Baneshwor,2168867482,27.692248,85.3404218
Baneshwor,1317085070,27.693135899999998,85.3487246
Baneshwor,1872770560,27.6928104,85.3495712
Baneshwor,1872770557,27.692718100000004,85.3483887
Baneshwor,1317085072,27.691884399999992,85.3449408
Baneshwor,10974194798,27.6926203,85.34537160000001
Baneshwor,1872776701,27.690955399999993,85.3456186
Baneshwor,1872770504,27.694934699999997,85.3498675
Baneshwor,1950362241,27.6986365,85.3456226
Baneshwor,1317085111,27.688845999999998,85.3468686
Baneshwor,1350400448,27.68820609999999,85.3471348
Baneshwor,1317085163,27.689681200000003,85.3480114
Baneshwor,11332164913,27.688960400000003,85.3467406
Baneshwor,2027904876,27.6899712,85.3393497
Baneshwor,1317085135,27.6912639,85.346589
Baneshwor,7826061221,27.691813699999997,85.3468272
Baneshwor,3071240249,27.690264999999997,85.346791
Baneshwor,1317087962,27.691669999999995,85.3478262
Baneshwor,2169476867,27.690210300000004,85.3433661
Baneshwor,1989334747,27.688644399999998,85.3480801
Baneshwor,1350400231,27.6913827,85.3482519
Baneshwor,2562660251,27.6939957,85.3478759
Baneshwor,4773215451,27.6938509,85.3457132
Baneshwor,1395061126,27.6951441,85.3460315
Baneshwor,6084891446,27.696456399999995,85.3468435
Baneshwor,12024110393,27.696206499999995,85.3467694
Baneshwor,1317087862,27.693236999999993,85.3445252
Baneshwor,6460011847,27.693014099999992,85.3444737
Baneshwor,1950345201,27.693907200000005,85.344384
Baneshwor,6460011848,27.6934993,85.3437059
Baneshwor,1317087867,27.6914438,85.34170830000001
Baneshwor,1950348085,27.69178,85.3427805
Baneshwor,1317087931,27.6910112,85.34250360000001
Baneshwor,1317087888,27.6916383,85.3413906
Baneshwor,2168893745,27.690562,85.3414726
Baneshwor,2236875481,27.695058899999996,85.3414066
Baneshwor,1317087878,27.689886799999996,85.3469082
Baneshwor,1317087956,27.689975499999996,85.3469895
Baneshwor,8552567334,27.6900528,85.3468203
Baneshwor,11332164919,27.689237299999995,85.3469608
Baneshwor,1317087882,27.6980567,85.3438502
Baneshwor,2030361128,27.6981374,85.3433999
Baneshwor,3081212892,27.697583199999993,85.343894
Baneshwor,3072783198,27.698460600000004,85.3438365
Baneshwor,1317087887,27.6937016,85.343265
Baneshwor,2169503617,27.693761,85.3430151
Baneshwor,1317087986,27.693332899999994,85.34307260000001
Baneshwor,1317087975,27.695149699999998,85.3436903
Baneshwor,2169503261,27.6932386,85.3432519
Baneshwor,1317087907,27.6925546,85.3414432
Baneshwor,1950348069,27.691102,85.3406368
Baneshwor,1317087889,27.692999199999996,85.3456178
Baneshwor,10974194801,27.692962799999997,85.3457022
Baneshwor,10994078555,27.6929883,85.3449659
Baneshwor,1317087892,27.6908245,85.3431021
Baneshwor,1317087924,27.69067459999999,85.3429731
Baneshwor,1950348086,27.6918761,85.3438365
Baneshwor,1317087902,27.692403,85.3441786
Baneshwor,1317087929,27.692268600000002,85.3440844
Baneshwor,1317087947,27.692886199999997,85.3424021
Baneshwor,1317087908,27.692869500000004,85.3415159
Baneshwor,1317087920,27.692795999999998,85.3471959
Baneshwor,1872770501,27.692961399999998,85.3473007
Baneshwor,6079020739,27.692577099999998,85.3470627
Baneshwor,1317087921,27.69826460000001,85.3428745
Baneshwor,8465124644,27.6982969,85.3426777
Baneshwor,2030361130,27.698214699999994,85.3430346
Baneshwor,3072787063,27.6988811,85.3430246
Baneshwor,1317087930,27.690251699999997,85.3427379
Baneshwor,13475284898,27.6906017,85.3434947
Baneshwor,2169477602,27.691843399999996,85.34465070000002
Baneshwor,2169476862,27.6901063,85.342806
Baneshwor,4529599017,27.6901629,85.3414247
Baneshwor,2028487480,27.691623299999996,85.3427112
Baneshwor,1317087940,27.698449699999998,85.3416328
Baneshwor,2030361156,27.698765299999998,85.3398515
Baneshwor,1347468310,27.6976706,85.3416355
Baneshwor,1950355035,27.699254200000002,85.3414762
Baneshwor,1347468288,27.69816479999999,85.3380409
Baneshwor,1317087943,27.6957534,85.3444243
Baneshwor,1395061136,27.695506899999998,85.3444368
Baneshwor,2236868138,27.695966499999997,85.3426003
Baneshwor,5001115876,27.696766399999998,85.3441061
Baneshwor,13475316901,27.6924981,85.3420966
Baneshwor,13475316907,27.6902947,85.3473866
Baneshwor,1950345222,27.6960706,85.3416895
Baneshwor,2030361096,27.697196899999994,85.3415886
Baneshwor,2295498210,27.69206519999999,85.3482081
Baneshwor,1950345213,27.695093699999994,85.3428656
Baneshwor,1950338924,27.695390799999995,85.3444251
Baneshwor,1347468269,27.700330299999997,85.3432425
Baneshwor,2057264928,27.700904399999995,85.3417454
Baneshwor,1394568901,27.6999407,85.3440578
Baneshwor,1347468327,27.6997157,85.3432187
Baneshwor,1347468281,27.697794399999992,85.3405215
Baneshwor,3469102976,27.6977725,85.3406837
Baneshwor,1347468296,27.697548099999995,85.3400741
Baneshwor,2139807208,27.696980199999995,85.3404103
Baneshwor,1347468305,27.69758669999999,85.3393166
Baneshwor,1382903061,27.697104500000005,85.3401842
Baneshwor,6300549149,27.6975967,85.339069
Baneshwor,1950493587,27.699608400000002,85.3359427
Baneshwor,1950520561,27.700575099999995,85.3373618
Baneshwor,1347468319,27.699838799999995,85.3442397
Baneshwor,2028654048,27.699432199999993,85.3449538
Baneshwor,3547382807,27.698794599999996,85.3438979
Baneshwor,1835392255,27.699618100000002,85.3415226
Baneshwor,1347475716,27.687642099999998,85.3264076
Baneshwor,5284629282,27.687459899999997,85.3263243
Baneshwor,5284629283,27.6876552,85.325783
Baneshwor,1347475719,27.686558799999993,85.3261842
Baneshwor,5284629299,27.686927800000003,85.324694
Baneshwor,1350400180,27.689417299999995,85.3485241
Baneshwor,5319922948,27.689389399999996,85.3487254
Baneshwor,3045193465,27.688688400000004,85.34859170000001
Baneshwor,1350400332,27.689984300000003,85.3483859
Baneshwor,1350400184,27.688335499999994,85.342796
Baneshwor,3071240243,27.6901876,85.3455654
Baneshwor,6081170094,27.691565899999997,85.3484269
Baneshwor,1350400433,27.688145099999996,85.34202620000002
Baneshwor,1350400417,27.688553999999993,85.34391010000002
Baneshwor,1350400300,27.687741999999997,85.3476913
Baneshwor,1887753884,27.687638299999996,85.346198
Baneshwor,1350400420,27.688234800000004,85.3483693
Baneshwor,10918066400,27.685889399999997,85.347963
Baneshwor,1350400318,27.690942900000003,85.34558260000001
Baneshwor,3045192328,27.690862,85.3491883
Baneshwor,5319922949,27.689962700000002,85.348761
Baneshwor,1350400333,27.695403599999995,85.3495843
Baneshwor,3047043262,27.695192499999997,85.3503939
Baneshwor,1960133687,27.696392599999996,85.3478859
Baneshwor,1960135224,27.6957568,85.3496656
Baneshwor,1350400400,27.687498999999995,85.3451914
Baneshwor,4373161018,27.686950499999995,85.3443771
Baneshwor,3071240242,27.686803300000005,85.3425903
Baneshwor,1350400453,27.6884705,85.34850850000001
Baneshwor,1886290465,27.687150500000005,85.34883
Baneshwor,6109536650,27.687047999999997,85.3415555
Baneshwor,13475316912,27.6879808,85.342511
Baneshwor,1350400450,27.6917418,85.3488724
Baneshwor,6081170092,27.69169829999999,85.3487423
Baneshwor,13475357816,27.6920641,85.3490563
Baneshwor,1872770563,27.692129599999998,85.3505145
Baneshwor,6081358062,27.688349399999996,85.3488362
Baneshwor,4373161206,27.687527899999996,85.3441722
Baneshwor,1933491192,27.686666400000004,85.3432342
Baneshwor,1350400500,27.702463699999992,85.34137560000002
Baneshwor,12518275574,27.702209,85.3412571
Baneshwor,1950520568,27.7021868,85.3420772
Baneshwor,1350400553,27.7026854,85.34086520000001
Baneshwor,1350400524,27.7061258,85.3439879
Baneshwor,2201363919,27.7064885,85.3426811
Baneshwor,10606383861,27.705132099999997,85.3434861
Baneshwor,2687363990,27.7022687,85.3406489
Baneshwor,1362317841,27.7037079,85.3414089
Baneshwor,1350400554,27.687785699999996,85.3445947
Baneshwor,1350400574,27.692232399999995,85.3513735
Baneshwor,6089421853,27.692060799999997,85.351222
Baneshwor,1872770495,27.692550899999993,85.3509979
Baneshwor,1919833069,27.6946115,85.3516877
Baneshwor,1350400588,27.702265099999998,85.3431263
Baneshwor,1395061257,27.7026209,85.3433241
Baneshwor,2030361256,27.702654099999993,85.3422639
Baneshwor,1835392341,27.7030559,85.33888770000002
Baneshwor,6089270926,27.704044799999988,85.341565
Baneshwor,6115028208,27.7039637,85.33955280000002
Baneshwor,1362317847,27.7040675,85.3392193
Baneshwor,1835392376,27.7044045,85.3387283
Baneshwor,6115028205,27.7037122,85.3390582
Baneshwor,1382824235,27.6913996,85.3377044
Baneshwor,2168645751,27.691350599999993,85.33732650000002
Baneshwor,1382824238,27.6921075,85.3379716
Baneshwor,1382902974,27.6912595,85.3388677
Baneshwor,5050000593,27.692193200000002,85.3371583
Baneshwor,1382824292,27.6935214,85.331368
Baneshwor,1382824269,27.6930231,85.3304153
Baneshwor,1382824309,27.694269999999996,85.3308571
Baneshwor,1950448974,27.693831899999992,85.3297665
Baneshwor,2027912414,27.6936892,85.3326113
Baneshwor,1382824301,27.694137999999995,85.3313921
Baneshwor,1382824311,27.694295,85.3309178
Baneshwor,1382824322,27.694575899999997,85.3316718
Baneshwor,1382824306,27.694226,85.3299909
Baneshwor,1382824308,27.694231699999996,85.3305821
Baneshwor,3179385488,27.694252299999995,85.3297294
Baneshwor,10755475391,27.695572799999994,85.3298365
Baneshwor,1382824330,27.694796699999998,85.330759
Baneshwor,4170147131,27.6944996,85.3311069
Baneshwor,11700416978,27.695426700000002,85.3327231
Baneshwor,2148862947,27.6949739,85.33405620000002
Baneshwor,1382824375,27.695799399999995,85.3324858
Baneshwor,6114705844,27.696711199999992,85.3322011
Baneshwor,1382903025,27.695861200000003,85.3342054
Baneshwor,1382824360,27.695392799999993,85.3341925
Baneshwor,1382824384,27.695863999999997,85.3341499
Baneshwor,3547375956,27.6953781,85.33453680000001
Baneshwor,1382824362,27.695415499999996,85.3339186
Baneshwor,2031401978,27.695575899999998,85.3336344
Baneshwor,3547375951,27.69637549999999,85.3325527
Baneshwor,1382824387,27.695936299999996,85.33380100000001
Baneshwor,9923906209,27.6964236,85.3330111
Baneshwor,1382824402,27.697064499999993,85.3330917
Baneshwor,6114700961,27.697126699999995,85.3331336
Baneshwor,3547375950,27.696921600000003,85.33277270000002
Baneshwor,1382903051,27.696773999999998,85.3344372
Baneshwor,1382902907,27.6813406,85.3377379
Baneshwor,10113450289,27.680951999999994,85.3374781
Baneshwor,1835391891,27.682316199999992,85.33884510000001
Baneshwor,1907145656,27.681202699999996,85.3381842
Baneshwor,1382902909,27.681322699999996,85.3406707
Baneshwor,1382902913,27.68163639999999,85.3409327
Baneshwor,1382902918,27.681882899999998,85.340189
Baneshwor,6670372129,27.682351899999993,85.3401506
Baneshwor,1382902922,27.6820616,85.3399259
Baneshwor,1924770956,27.681383499999995,85.3401563
Baneshwor,10113450296,27.682133899999993,85.3398472
Baneshwor,10113638932,27.681879099999993,85.3396873
Baneshwor,1382902924,27.682268100000005,85.3397166
Baneshwor,1382902928,27.682499400000005,85.3392036
Baneshwor,1924770967,27.6817811,85.3391523
Baneshwor,1382902935,27.685296599999997,85.3314096
Baneshwor,1382902942,27.6860608,85.3317231
Baneshwor,1382902949,27.686448999999996,85.3315101
Baneshwor,1382902950,27.686397899999996,85.3318433
Baneshwor,1382902954,27.6867185,85.3320838
Baneshwor,1382902966,27.687631600000003,85.3304546
Baneshwor,1934727612,27.687462899999996,85.3300164
Baneshwor,1382902969,27.687942999999997,85.3309552
Baneshwor,1934727648,27.688525999999996,85.3310225
Baneshwor,1382902973,27.6906362,85.3386878
Baneshwor,1931351638,27.6907932,85.3371078
Baneshwor,1931351630,27.690053500000005,85.3388373
Baneshwor,4346950882,27.691488899999996,85.3389304
Baneshwor,1382903005,27.692962599999998,85.3352037
Baneshwor,1908531968,27.6926069,85.3345341
Baneshwor,1382903010,27.693147999999994,85.3396131
Baneshwor,2168646524,27.6925705,85.3385086
Baneshwor,2168867596,27.6925905,85.3399039
Baneshwor,1382903027,27.696020999999995,85.337402
Baneshwor,7060317725,27.696143699999997,85.3366466
Baneshwor,1950327072,27.696225799999997,85.3402558
Baneshwor,1382903039,27.6965958,85.3392905
Baneshwor,1382903063,27.697086799999997,85.3394884
Baneshwor,3547375975,27.696690799999995,85.33903680000002
Baneshwor,1382903050,27.696801199999996,85.3345583
Baneshwor,9923906208,27.696194,85.334961
Baneshwor,1950355020,27.6972354,85.338983
Baneshwor,1383959427,27.683195,85.3304187
Baneshwor,1933346960,27.6833155,85.3303709
Baneshwor,1393448756,27.6976398,85.3359718
Baneshwor,2214150526,27.698698999999998,85.3365946
Baneshwor,10004149726,27.695163399999988,85.3460184
Baneshwor,1950412131,27.695431899999992,85.3466023
Baneshwor,1395061134,27.6954856,85.3445533
Baneshwor,7147295938,27.6952032,85.3454459
Baneshwor,13475357828,27.695960199999995,85.3447098
Baneshwor,12518252750,27.7005817,85.3453756
Baneshwor,6089270686,27.703048700000004,85.3424417
Baneshwor,6089270699,27.703503699999995,85.3436363
Baneshwor,1395061331,27.7038118,85.3441228
Baneshwor,6075888106,27.699805899999998,85.3474469
Baneshwor,1950520560,27.700493300000005,85.3476058
Baneshwor,1399427351,27.695936399999997,85.3496683
Baneshwor,1399427355,27.696212100000004,85.349049
Baneshwor,1919833100,27.695890199999997,85.3500563
Baneshwor,1960133683,27.696332800000004,85.348766
Baneshwor,1960133679,27.696155799999993,85.3487848
Baneshwor,1399427364,27.7006418,85.3400472
Baneshwor,2137068395,27.699892299999995,85.3397441
Baneshwor,1950355037,27.700192200000004,85.3415614
Baneshwor,1400077986,27.6966469,85.3295866
Baneshwor,1400078000,27.6977639,85.3285107
Baneshwor,1400077993,27.697414199999997,85.3304679
Baneshwor,3179381482,27.696152100000003,85.3294323
Baneshwor,12768027518,27.696531800000002,85.3301491
Baneshwor,1400078003,27.6979588,85.329461
Baneshwor,6352206466,27.697951999999997,85.3303301
Baneshwor,3547375947,27.698093,85.32858130000001
Baneshwor,7171228368,27.696412799999997,85.3280673
Baneshwor,1400078001,27.6970031,85.3325272
Baneshwor,6114705827,27.697240799999996,85.3326247
Baneshwor,3547375944,27.698034099999997,85.3293608
Baneshwor,1400078007,27.6982509,85.3297829
Baneshwor,1400078010,27.698415100000002,85.3293811
Baneshwor,1400078011,27.6984633,85.3300531
Baneshwor,1400078017,27.699167800000005,85.3297694
Baneshwor,4914118175,27.698725300000003,85.3287793
Baneshwor,1400078025,27.699648699999997,85.3296866
Baneshwor,1400078019,27.6993987,85.3286442
Baneshwor,1830679630,27.6996054,85.3278774
Baneshwor,7080306700,27.6990128,85.328864
Baneshwor,1400078028,27.699700399999998,85.3289552
Baneshwor,1400078024,27.699672600000003,85.3276066
Baneshwor,1400078083,27.7006906,85.3278692
Baneshwor,4210507346,27.700379199999997,85.3293797
Baneshwor,13439106415,27.6997831,85.3289875
Baneshwor,1400078067,27.700359699999996,85.3317846
Baneshwor,1400078134,27.701270400000002,85.3270942
Baneshwor,1400078070,27.70045079999999,85.3322859
Baneshwor,1400078097,27.700781199999998,85.3323723
Baneshwor,2147423128,27.700719199999995,85.3308061
Baneshwor,1400078093,27.700747,85.3278376
Baneshwor,12785842089,27.700081899999994,85.3281439
Baneshwor,1400078084,27.7006654,85.33275620000002
Baneshwor,1400078092,27.700682399999998,85.3286954
Baneshwor,1400078154,27.7015284,85.3284123
Baneshwor,1400078099,27.7008581,85.3278515
Baneshwor,1400078112,27.701037200000002,85.3324349
Baneshwor,1400078128,27.701210900000003,85.3325179
Baneshwor,1400078133,27.7012561,85.3318977
Baneshwor,1400078125,27.7011906,85.3297328
Baneshwor,11374591838,27.701310199999995,85.3298056
Baneshwor,10606285525,27.7008403,85.3305115
Baneshwor,2057264929,27.7013852,85.3289114
Baneshwor,1400078140,27.701353199999996,85.3326301
Baneshwor,12998904624,27.7004951,85.3337476
Baneshwor,8412557268,27.702045099999992,85.3318865
Baneshwor,4525518993,27.701805199999995,85.3328645
Baneshwor,8447513165,27.701178,85.3330538
Baneshwor,13439106402,27.700780199999997,85.334511
Baneshwor,1400078171,27.7016715,85.33331920000002
Baneshwor,1400078155,27.701552499999995,85.3299447
Baneshwor,1400078159,27.701578299999998,85.3298877
Baneshwor,1400078190,27.7017973,85.3307577
Baneshwor,1400078177,27.7016925,85.3295994
Baneshwor,1400078222,27.7022449,85.329745
Baneshwor,1400078173,27.701684100000005,85.3332859
Baneshwor,1400078258,27.7026567,85.3335779
Baneshwor,1400078237,27.7024045,85.327193
Baneshwor,13439088291,27.702072100000002,85.3308766
Baneshwor,3495996495,27.7015383,85.3315704
Baneshwor,1400078196,27.701858799999997,85.332699
Baneshwor,4525522409,27.702167999999997,85.331944
Baneshwor,1400078198,27.702017399999995,85.33446730000001
Baneshwor,1400078241,27.7025486,85.3343908
Baneshwor,1400078283,27.702867200000004,85.3285679
Baneshwor,1400078232,27.7023521,85.3309081
Baneshwor,1400078239,27.702550699999996,85.3309215
Baneshwor,1400078238,27.702459999999995,85.334111
Baneshwor,12998608795,27.702579899999996,85.3344764
Baneshwor,1400078292,27.702959499999995,85.3341897
Baneshwor,4210507181,27.703143099999995,85.3286803
Baneshwor,1400078345,27.703285599999994,85.3270901
Baneshwor,1400078321,27.70289339999999,85.3337825
Baneshwor,1400078334,27.703129599999997,85.33345220000001
Baneshwor,1400078337,27.7031362,85.3331141
Baneshwor,1400078353,27.703516699999998,85.3338536
Baneshwor,10588903156,27.7029711,85.3323627
Baneshwor,1905248701,27.703420500000004,85.3341751
Baneshwor,6671608059,27.689411699999997,85.3309918
Baneshwor,1832594023,27.684958299999995,85.3260424
Baneshwor,4525509657,27.68391989999999,85.3349574
Baneshwor,1882479208,27.682508999999992,85.3346782
Baneshwor,1480867632,27.6861697,85.3362808
Baneshwor,1931994050,27.686226899999994,85.3360561
Baneshwor,1480868024,27.686608699999997,85.3364459
Baneshwor,1931994038,27.6856279,85.3363379
Baneshwor,1480867862,27.6868835,85.3359707
Baneshwor,1931994062,27.686873499999997,85.3359395
Baneshwor,1931994061,27.6868403,85.3361994
Baneshwor,4914887991,27.688048699999992,85.3359171
Baneshwor,1480868015,27.685063899999992,85.3354968
Baneshwor,1480868060,27.684447700000003,85.3351474
Baneshwor,1931315726,27.684567299999998,85.33637970000001
Baneshwor,1931315740,27.686773000000006,85.33644120000001
Baneshwor,1480868049,27.6874639,85.3389464
Baneshwor,2168953899,27.687436400000006,85.3393496
Baneshwor,10794940147,27.6875207,85.3389625
Baneshwor,4331927952,27.687373299999997,85.3389209
Baneshwor,10945918822,27.687869199999998,85.337105
Baneshwor,1931315723,27.684312999999996,85.3361846
Baneshwor,1480868065,27.683541100000003,85.327887
Baneshwor,1480868082,27.6847713,85.32639640000001
Baneshwor,2632050743,27.684541299999996,85.3268038
Baneshwor,1632564300,27.706251399999996,85.3383082
Baneshwor,6089389573,27.706734300000004,85.338243
Baneshwor,1835392466,27.7061124,85.3383316
Baneshwor,6522173998,27.707125400000002,85.3392957
Baneshwor,1641523662,27.681799499999997,85.3335576
Baneshwor,10006667110,27.681572000000003,85.3331025
Baneshwor,1641523668,27.68222039999999,85.3344098
Baneshwor,1933346955,27.6811524,85.3340483
Baneshwor,1931989861,27.681950999999994,85.3346122
Baneshwor,1934789230,27.687053200000005,85.3244043
Baneshwor,5284609582,27.6878809,85.3256822
Baneshwor,4331927983,27.687624599999996,85.3250411
Baneshwor,4315496401,27.690663499999996,85.3233414
Baneshwor,1832500432,27.690239999999996,85.3235394
Baneshwor,1805087637,27.6925936,85.3239406
Baneshwor,7111414482,27.692518999999997,85.3238932
Baneshwor,1832459964,27.6973684,85.3314137
Baneshwor,1832500327,27.687862299999995,85.326463
Baneshwor,1931663092,27.688232800000005,85.3264982
Baneshwor,1941204628,27.6881527,85.3277464
Baneshwor,1832500368,27.689071700000003,85.3266185
Baneshwor,1945608863,27.689195399999996,85.3261496
Baneshwor,8407423250,27.688442699999992,85.3265569
Baneshwor,1941204638,27.689382299999995,85.3248626
Baneshwor,2338442494,27.689700600000002,85.3237919
Baneshwor,6139834147,27.689284399999995,85.3233298
Baneshwor,1832500421,27.690040700000004,85.3251465
Baneshwor,1832500426,27.690080099999996,85.325172
Baneshwor,1941204637,27.689220199999998,85.3260797
Baneshwor,8124368498,27.6899697,85.3235047
Baneshwor,1883494807,27.684138399999995,85.3274516
Baneshwor,1833816656,27.705427599999993,85.3403009
Baneshwor,13277053618,27.704976199999994,85.3389833
Baneshwor,6115140256,27.7052476,85.3407382
Baneshwor,1835392436,27.705888499999993,85.3397491
Baneshwor,1835391879,27.681179799999995,85.3381805
Baneshwor,6084937280,27.680981799999998,85.3380499
Baneshwor,1924770948,27.681151699999997,85.3382523
Baneshwor,2051129928,27.681959799999998,85.3384733
Baneshwor,1835392166,27.6976821,85.3517974
Baneshwor,1835392173,27.697717,85.3512269
Baneshwor,6078178308,27.6973823,85.35175670000001
Baneshwor,5479469191,27.696313499999995,85.351827
Baneshwor,1835392180,27.698013699999997,85.3511231
Baneshwor,9946579878,27.6982856,85.3507193
Baneshwor,6075245298,27.6982684,85.3513651
Baneshwor,1835392185,27.6984181,85.3515609
Baneshwor,1835392217,27.6991642,85.3505513
Baneshwor,2296804218,27.699733000000002,85.348681
Baneshwor,6075202462,27.7003433,85.350172
Baneshwor,6522174222,27.6997766,85.3407931
Baneshwor,1950520562,27.700761499999995,85.3378721
Baneshwor,1835392354,27.703571599999997,85.337884
Baneshwor,2687363991,27.7028983,85.3392723
Baneshwor,1835392371,27.704276199999995,85.3381488
Baneshwor,1835392381,27.704610999999993,85.3384716
Baneshwor,1835392382,27.7046972,85.3381897
Baneshwor,3047043295,27.7058803,85.3365824
Baneshwor,1835392389,27.7049341,85.337315
Baneshwor,1835392393,27.704965799999993,85.3375947
Baneshwor,6089433203,27.704651,85.33715170000002
Baneshwor,1835392406,27.705222299999996,85.338331
Baneshwor,1894972619,27.704825799999995,85.3377524
Baneshwor,1835392411,27.705517599999997,85.3422499
Baneshwor,6089270919,27.704806399999995,85.3419191
Baneshwor,1835392477,27.7062004,85.3399682
Baneshwor,1835392493,27.706423099999995,85.3400804
Baneshwor,1835518185,27.705758599999996,85.3345069
Baneshwor,8417181032,27.705809599999995,85.3343318
Baneshwor,6089568477,27.7044934,85.3356549
Baneshwor,1905275533,27.705524999999998,85.3341343
Baneshwor,1905248730,27.705905199999997,85.3340099
Baneshwor,1905275547,27.7055726,85.3335498
Baneshwor,1835518193,27.706301600000003,85.3344731
Baneshwor,1838294586,27.683437999999995,85.3368702
Baneshwor,1931989904,27.6835444,85.3366352
Baneshwor,1838294594,27.683201000000004,85.3367443
Baneshwor,1838294589,27.6838209,85.33718060000001
Baneshwor,6102912560,27.684457999999992,85.3370628
Baneshwor,1882434416,27.682973800000003,85.3374953
Baneshwor,1838295041,27.683006799999998,85.3362659
Baneshwor,1838301703,27.682860899999998,85.3362592
Baneshwor,1883101885,27.68298659999999,85.3360651
Baneshwor,1838297456,27.681524899999996,85.3353411
Baneshwor,1838297459,27.681332599999998,85.3355587
Baneshwor,1933425223,27.6816734,85.3350162
Baneshwor,1931989814,27.68078,85.33481650000002
Baneshwor,1931989828,27.681123600000003,85.3358241
Baneshwor,1931412512,27.680972599999993,85.3351739
Baneshwor,1838301701,27.682580599999998,85.3361744
Baneshwor,1931989876,27.682032999999993,85.3363302
Baneshwor,1931989890,27.6826089,85.3361488
Baneshwor,1882473616,27.6824884,85.336519
Baneshwor,1838302986,27.682639799999997,85.3366047
Baneshwor,1882490070,27.681613199999997,85.3313451
Baneshwor,1872454769,27.684056300000005,85.3393218
Baneshwor,1872454781,27.684189899999996,85.3393392
Baneshwor,1882430845,27.6839707,85.3392903
Baneshwor,1931981180,27.684050900000003,85.33938120000002
Baneshwor,1882430882,27.684170799999997,85.3392372
Baneshwor,1872454782,27.6845984,85.3386565
Baneshwor,10755251842,27.6843503,85.3383148
Baneshwor,1931989931,27.684379900000003,85.3389317
Baneshwor,1872454805,27.6834519,85.3393645
Baneshwor,1872454813,27.6829942,85.33928590000001
Baneshwor,1931981162,27.683552,85.3397658
Baneshwor,1931252820,27.6830215,85.3399175
Baneshwor,3415558671,27.693440100000004,85.3475685
Baneshwor,1877263402,27.692265399999993,85.3507245
Baneshwor,1872770550,27.69328030000001,85.3501246
Baneshwor,11990079777,27.69305329999999,85.3465471
Baneshwor,6059335832,27.693397799999993,85.3506169
Baneshwor,1872770524,27.692443599999997,85.3501859
Baneshwor,1872770532,27.693152100000002,85.3498695
Baneshwor,1872770561,27.692851899999997,85.3502377
Baneshwor,6084823220,27.6833408,85.3384395
Baneshwor,1933425350,27.6838923,85.3396095
Baneshwor,1882430870,27.6835096,85.3380201
Baneshwor,1932000421,27.683321099999997,85.3378047
Baneshwor,1882430898,27.6832107,85.3382348
Baneshwor,1931989907,27.6837282,85.3377239
Baneshwor,10755251839,27.6843377,85.3389916
Baneshwor,1931989914,27.683873899999995,85.3379616
Baneshwor,1882430886,27.6827533,85.33777980000002
Baneshwor,1882430910,27.683050400000003,85.3380877
Baneshwor,1882601483,27.6904372,85.3359524
Baneshwor,2824221640,27.6939752,85.3378111
Baneshwor,3547375964,27.6947996,85.3379499
Baneshwor,1882477186,27.6822734,85.3349752
Baneshwor,1931989877,27.6822332,85.33503950000001
Baneshwor,1882479210,27.683379999999996,85.3313578
Baneshwor,1931989916,27.684094700000003,85.3320387
Baneshwor,1882485952,27.682716499999994,85.3317488
Baneshwor,1882485956,27.6830579,85.3323355
Baneshwor,1882485958,27.6832545,85.3321718
Baneshwor,1908509314,27.6819318,85.332342
Baneshwor,1882485974,27.682864299999995,85.3322436
Baneshwor,1882490080,27.683366700000004,85.3305189
Baneshwor,13438910132,27.690330600000003,85.3359948
Baneshwor,1882601487,27.6903398,85.335901
Baneshwor,1950423240,27.6904394,85.3355257
Baneshwor,1887753756,27.682655399999998,85.3450785
Baneshwor,8507999204,27.683440199999993,85.3469172
Baneshwor,1887753821,27.6839283,85.3459553
Baneshwor,1887753813,27.6838935,85.344817
Baneshwor,10113509503,27.684026599999992,85.3458804
Baneshwor,10113509506,27.6837727,85.3456512
Baneshwor,9870114226,27.6859708,85.3458056
Baneshwor,1887753845,27.685988099999996,85.3464445
Baneshwor,1990638925,27.685877699999995,85.3466389
Baneshwor,1887753862,27.6863754,85.3446873
Baneshwor,1887753857,27.686225899999997,85.34638110000002
Baneshwor,6084672313,27.687562599999996,85.3459624
Baneshwor,1887753901,27.687903399999993,85.3491106
Baneshwor,1887753910,27.688273299999995,85.3491909
Baneshwor,1887753906,27.688060599999996,85.3500048
Baneshwor,1887753912,27.68834079999999,85.3500459
Baneshwor,5047708028,27.688318199999998,85.3490142
Baneshwor,5047708034,27.688487100000003,85.3500944
Baneshwor,5047773627,27.6882943,85.3504312
Baneshwor,1887753922,27.6891877,85.3501009
Baneshwor,6081358066,27.689270099999998,85.3491159
Baneshwor,6081342044,27.690259699999995,85.3500286
Baneshwor,1887753926,27.689306499999994,85.3489776
Baneshwor,5319922947,27.68993379999999,85.348941
Baneshwor,1887753939,27.690092799999995,85.3490288
Baneshwor,6081358081,27.6907636,85.349273
Baneshwor,6081358073,27.6901018,85.3492239
Baneshwor,1887753945,27.690621300000004,85.35053
Baneshwor,2285170926,27.691179800000004,85.3510742
Baneshwor,2285170919,27.689656799999998,85.3504502
Baneshwor,1894972567,27.705247099999998,85.3389586
Baneshwor,1894972589,27.705733899999995,85.3388799
Baneshwor,1894972664,27.7055438,85.3391921
Baneshwor,1905248710,27.7040922,85.3345
Baneshwor,1905283466,27.7048679,85.3339039
Baneshwor,1906516045,27.682147400000005,85.3436856
Baneshwor,10113401521,27.68239749999999,85.3438219
Baneshwor,1941186201,27.682555599999993,85.3320814
Baneshwor,1908520569,27.693228499999993,85.3346528
Baneshwor,1960135220,27.694969700000005,85.351593
Baneshwor,1919833097,27.695463099999994,85.351333
Baneshwor,1919833113,27.696273499999997,85.35188930000001
Baneshwor,1924770939,27.680630400000002,85.33939240000001
Baneshwor,1924770942,27.680784000000003,85.3389555
Baneshwor,1924770943,27.680833699999997,85.33845490000002
Baneshwor,1924770944,27.6810621,85.3385259
Baneshwor,6084937272,27.680500399999993,85.3384376
Baneshwor,1924770949,27.6811917,85.3386467
Baneshwor,10113638928,27.6812205,85.3387002
Baneshwor,1924770962,27.681558899999995,85.3385649
Baneshwor,1924770966,27.681786499999998,85.3387269
Baneshwor,1924770963,27.681621499999988,85.3390527
Baneshwor,10113638929,27.6814788,85.3393922
Baneshwor,10113450291,27.681984799999995,85.3388974
Baneshwor,1931252825,27.6832133,85.341476
Baneshwor,1931252823,27.683167700000002,85.3399121
Baneshwor,1931252845,27.683444,85.3401617
Baneshwor,6084235925,27.6832695,85.3404574
Baneshwor,1931252849,27.683531399999996,85.3414911
Baneshwor,1931981164,27.683741099999995,85.34060240000001
Baneshwor,1931252853,27.683673999999996,85.3414731
Baneshwor,1931981156,27.6836187,85.3418466
Baneshwor,1931981166,27.683738499999997,85.3413893
Baneshwor,1931252858,27.683721799999994,85.3418671
Baneshwor,6110985947,27.684101999999996,85.3420299
Baneshwor,1931252863,27.683843399999997,85.3400408
Baneshwor,1931981174,27.683867899999996,85.3405176
Baneshwor,1931252864,27.6838638,85.3406772
Baneshwor,1931981168,27.6837746,85.3411128
Baneshwor,1931270124,27.680855199999996,85.3342373
Baneshwor,1931288736,27.683575699999995,85.3342593
Baneshwor,1936281038,27.683611399999997,85.3340691
Baneshwor,1931994064,27.686764999999998,85.3365678
Baneshwor,1931315758,27.687723600000005,85.33739600000001
Baneshwor,10945918823,27.687821700000004,85.3369381
Baneshwor,1931994059,27.686816499999996,85.3369748
Baneshwor,6671608032,27.687742600000004,85.3384115
Baneshwor,1931981262,27.685228699999996,85.3407215
Baneshwor,1931372147,27.6848749,85.3425378
Baneshwor,1931372150,27.684895699999995,85.3423506
Baneshwor,1931372197,27.6855505,85.3425557
Baneshwor,1931981243,27.684901900000003,85.3419984
Baneshwor,1931372226,27.685804299999994,85.3424765
Baneshwor,1931981266,27.6852038,85.34205630000001
Baneshwor,1933347743,27.6806787,85.3351835
Baneshwor,1931412506,27.680917699999995,85.3335739
Baneshwor,1931412508,27.6808009,85.3353636
Baneshwor,1931412537,27.68751779999999,85.338286
Baneshwor,2287697049,27.686855899999998,85.3382083
Baneshwor,4331927930,27.68762299999999,85.337832
Baneshwor,1931981160,27.683616099999995,85.34194
Baneshwor,1931981179,27.684053700000003,85.34051640000001
Baneshwor,1931981181,27.684181199999998,85.3407523
Baneshwor,1931981195,27.6841897,85.3412589
Baneshwor,1931981205,27.684400000000004,85.3412471
Baneshwor,1931981207,27.6845184,85.3394823
Baneshwor,1931981224,27.684733899999994,85.3415969
Baneshwor,1931981213,27.684599699999996,85.3410358
Baneshwor,1931981230,27.684792699999996,85.3416855
Baneshwor,1931981228,27.684874099999995,85.3413507
Baneshwor,1931981241,27.684976499999998,85.3413999
Baneshwor,1931981257,27.685190199999997,85.3421156
Baneshwor,1931981260,27.685213099999995,85.3412903
Baneshwor,1931981281,27.685477500000005,85.3409388
Baneshwor,3079593483,27.6853286,85.3414506
Baneshwor,2151721486,27.685741299999993,85.340882
Baneshwor,1931993994,27.681748799999994,85.3348671
Baneshwor,1931989874,27.682275900000004,85.3334905
Baneshwor,2162535263,27.6817689,85.3328395
Baneshwor,1931989882,27.682208100000004,85.3365095
Baneshwor,1933425232,27.682062299999995,85.3352962
Baneshwor,1931989886,27.682580799999997,85.3355382
Baneshwor,1931989891,27.682610399999998,85.3355652
Baneshwor,1931989889,27.6826932,85.3356348
Baneshwor,1931989892,27.6827888,85.3331559
Baneshwor,1931989897,27.6830708,85.3332296
Baneshwor,1931989898,27.6833309,85.3327877
Baneshwor,8516254342,27.683422499999995,85.3321448
Baneshwor,1931989901,27.683299299999998,85.3373506
Baneshwor,1931989906,27.6837156,85.3318771
Baneshwor,1931989917,27.6841294,85.3386867
Baneshwor,1931989926,27.684310099999998,85.3388456
Baneshwor,1931989924,27.684322699999996,85.3317962
Baneshwor,1932009897,27.6845502,85.3318086
Baneshwor,1931994011,27.683914099999996,85.3346066
Baneshwor,1931994000,27.683325499999995,85.3357296
Baneshwor,1931994005,27.683741700000002,85.3345286
Baneshwor,1931994009,27.683910200000003,85.3346487
Baneshwor,1931994015,27.684090299999998,85.3347384
Baneshwor,1931994032,27.685168899999997,85.3365044
Baneshwor,11986984707,27.685324899999994,85.3363976
Baneshwor,1931994056,27.686408300000004,85.3381741
Baneshwor,1931994057,27.6864841,85.3372979
Baneshwor,1931994068,27.687070699999996,85.3362778
Baneshwor,1931994069,27.686957600000003,85.3358275
Baneshwor,1931994071,27.687316700000004,85.3379656
Baneshwor,1931994074,27.6873243,85.336466
Baneshwor,4914887978,27.6879113,85.3365194
Baneshwor,1932000419,27.682229099999997,85.3356854
Baneshwor,13072269842,27.684612299999994,85.3309338
Baneshwor,4331663414,27.684858499999997,85.3319704
Baneshwor,1934727607,27.687228400000002,85.3296436
Baneshwor,1934727633,27.688239799999998,85.3289371
Baneshwor,2287713775,27.687053099999993,85.3279511
Baneshwor,1934727638,27.6882728,85.3292921
Baneshwor,1934727635,27.688244899999997,85.3296496
Baneshwor,1934727662,27.689071799999997,85.33128860000001
Baneshwor,1936281040,27.6838733,85.3341511
Baneshwor,1936281043,27.684170799999997,85.335877
Baneshwor,1936281044,27.6842204,85.3357166
Baneshwor,1936281047,27.684288099999996,85.335594
Baneshwor,1936281048,27.684324299999997,85.3354352
Baneshwor,1936281049,27.684355099999998,85.3356201
Baneshwor,1941172902,27.686069199999995,85.330416
Baneshwor,10911235465,27.689644,85.3281177
Baneshwor,1945608799,27.6896874,85.32406
Baneshwor,1945608853,27.6890064,85.3274895
Baneshwor,6671608057,27.690212599999995,85.3290113
Baneshwor,1945637508,27.690414699999998,85.3291408
Baneshwor,1945637511,27.690519699999996,85.3292142
Baneshwor,1945637517,27.690969799999994,85.3285394
Baneshwor,4285662131,27.690421199999996,85.3294372
Baneshwor,1945637538,27.6915331,85.3296134
Baneshwor,1945637520,27.691276799999997,85.3284792
Baneshwor,1945637558,27.6919485,85.3287688
Baneshwor,1945637547,27.691758599999993,85.32913
Baneshwor,1945637528,27.6911338,85.3302945
Baneshwor,1945637574,27.6922981,85.3289902
Baneshwor,1950448946,27.6925688,85.3291501
Baneshwor,1950338914,27.693822199999996,85.3419498
Baneshwor,2169503657,27.693861600000005,85.3416163
Baneshwor,12075223107,27.6936066,85.3422193
Baneshwor,1950345207,27.694152600000002,85.3454796
Baneshwor,1950345208,27.694423200000003,85.3430544
Baneshwor,1950345210,27.694626600000007,85.3430377
Baneshwor,1950345212,27.694670299999995,85.3428058
Baneshwor,1950345211,27.694589499999996,85.3431745
Baneshwor,6460011860,27.694714800000003,85.3426001
Baneshwor,1950345214,27.695296300000003,85.341935
Baneshwor,5083254131,27.695508899999997,85.3418245
Baneshwor,1950345217,27.695587099999997,85.3416004
Baneshwor,5047980961,27.6955357,85.3416052
Baneshwor,2236841792,27.696041799999993,85.3420157
Baneshwor,2168866986,27.691267,85.3405924
Baneshwor,3607694583,27.6900222,85.3404621
Baneshwor,2103671066,27.699161899999996,85.340701
Baneshwor,3703236413,27.7003982,85.3416147
Baneshwor,13438910199,27.689515899999993,85.3331863
Baneshwor,10003524804,27.690983899999996,85.3359491
Baneshwor,1950483607,27.692438499999998,85.3272309
Baneshwor,4912512337,27.6932415,85.327514
Baneshwor,6054245413,27.692529499999996,85.3275151
Baneshwor,6522206450,27.694342900000002,85.3289075
Baneshwor,6072602408,27.697029999999998,85.3487732
Baneshwor,6072590013,27.696839099999995,85.3475067
Baneshwor,6081588475,27.695076699999998,85.3521797
Baneshwor,6081555467,27.695452399999997,85.3505206
Baneshwor,1996642315,27.7044065,85.3417333
Baneshwor,3547387340,27.7044436,85.3417505
Baneshwor,11801775046,27.7046383,85.3411263
Baneshwor,2007675777,27.6985221,85.3483463
Baneshwor,2296825748,27.699230499999995,85.3473635
Baneshwor,2007675803,27.698813599999998,85.3487208
Baneshwor,2007675825,27.6990131,85.3486104
Baneshwor,6072419128,27.699213799999995,85.3485507
Baneshwor,2026212071,27.693050800000005,85.3513742
Baneshwor,2027904868,27.6899039,85.3393343
Baneshwor,9923906216,27.6937272,85.331978
Baneshwor,2028487483,27.691673,85.34247910000002
Baneshwor,6078077833,27.698657099999995,85.3449211
Baneshwor,11649195040,27.6972397,85.3408875
Baneshwor,2030361122,27.697923400000004,85.3432969
Baneshwor,2030361126,27.698114300000004,85.3399453
Baneshwor,3469102983,27.6979235,85.3407403
Baneshwor,3547382797,27.697469699999996,85.3428266
Baneshwor,2030361164,27.6992183,85.3398557
Baneshwor,2137068473,27.700102699999995,85.3400904
Baneshwor,4418404809,27.6991074,85.3402789
Baneshwor,2039623357,27.681048600000004,85.3390538
Baneshwor,10113638926,27.681156500000004,85.3389611
Baneshwor,5765055468,27.700741399999995,85.3291388
Baneshwor,6084881479,27.695705700000005,85.3468725
Baneshwor,2105152985,27.705599699999993,85.3315453
Baneshwor,2105153036,27.70588339999999,85.3315453
Baneshwor,2137067653,27.696067699999997,85.340069
Baneshwor,2139807154,27.696738699999994,85.3388788
Baneshwor,2139807231,27.697107499999998,85.338983
Baneshwor,2139807342,27.6979793,85.3372774
Baneshwor,2148862213,27.691724,85.3277373
Baneshwor,6054284839,27.691877199999997,85.3278267
Baneshwor,8411216604,27.690968599999998,85.3273498
Baneshwor,2148862305,27.6921473,85.3268305
Baneshwor,2148862474,27.692790199999994,85.3266087
Baneshwor,6522078884,27.6914157,85.3273022
Baneshwor,7111414484,27.6915711,85.3260865
Baneshwor,2157725810,27.699427099999998,85.3466978
Baneshwor,6075888115,27.700045899999996,85.3468733
Baneshwor,2168022200,27.692594400000004,85.3314792
Baneshwor,2168645883,27.691539799999994,85.3372756
Baneshwor,13132469511,27.691522600000003,85.3405093
Baneshwor,2168867084,27.691341699999995,85.3395139
Baneshwor,6671608034,27.6875278,85.3393735
Baneshwor,13475316911,27.689838699999992,85.3421147
Baneshwor,13475284855,27.691829999999996,85.3444078
Baneshwor,2169503331,27.6933886,85.3428852
Baneshwor,2169503417,27.6934969,85.3415712
Baneshwor,2169503773,27.694203100000003,85.3416068
Baneshwor,2174567983,27.694249699999997,85.336888
Baneshwor,12075223091,27.695664500000003,85.3393802
Baneshwor,2176739906,27.695479799999998,85.3367579
Baneshwor,2194071410,27.6903831,85.3411418
Baneshwor,12518284227,27.7018854,85.3412725
Baneshwor,3547381090,27.6968604,85.3421944
Baneshwor,2236868116,27.695806499999993,85.3425398
Baneshwor,2236875462,27.694684500000008,85.3413437
Baneshwor,2236930390,27.6939942,85.3399488
Baneshwor,6460011855,27.694367,85.3401621
Baneshwor,2244693669,27.698031600000004,85.3367683
Baneshwor,2257263981,27.691070099999994,85.3518082
Baneshwor,2257263983,27.691471199999995,85.3518452
Baneshwor,8535807068,27.691520099999995,85.3515298
Baneshwor,11991772841,27.7039693,85.3278125
Baneshwor,2273499392,27.687120099999998,85.3350386
Baneshwor,6078180355,27.696007699999996,85.3509331
Baneshwor,2285170922,27.6905336,85.3513643
Baneshwor,2287697059,27.6870531,85.3375633
Baneshwor,2287712537,27.686594099999997,85.3276316
Baneshwor,2295498219,27.691889099999997,85.3483708
Baneshwor,2296804225,27.699981100000002,85.34876010000002
Baneshwor,2296804227,27.6998824,85.3483073
Baneshwor,2296831454,27.700534199999996,85.3488339
Baneshwor,2296831477,27.699940699999996,85.3491619
Baneshwor,2309313205,27.684384299999998,85.3462349
Baneshwor,6084381015,27.68426199999999,85.3461523
Baneshwor,2309340136,27.6830437,85.3439427
Baneshwor,10113401531,27.6830597,85.3441867
Baneshwor,2311625916,27.702083999999992,85.3480762
Baneshwor,2336772622,27.690677000000004,85.3280223
Baneshwor,4315534379,27.692367500000003,85.3287438
Baneshwor,2336822185,27.691352899999988,85.3356859
Baneshwor,10003524786,27.6912444,85.3360614
Baneshwor,10003524790,27.691545900000005,85.3354668
Baneshwor,10003524809,27.691430299999997,85.3351439
Baneshwor,4912512336,27.693291799999997,85.3274291
Baneshwor,2341773781,27.699646199999997,85.3310143
Baneshwor,2451535386,27.69972449999999,85.3320922
Baneshwor,6114929994,27.69955339999999,85.3308393
Baneshwor,6114983094,27.6980363,85.3314134
Baneshwor,2459211264,27.6956562,85.3302883
Baneshwor,6098944104,27.697870799999993,85.3316809
Baneshwor,6112810635,27.695557700000002,85.3307214
Baneshwor,8386360785,27.685381099999997,85.3279274
Baneshwor,8489424015,27.703277000000003,85.339462
Baneshwor,10918103015,27.686502599999997,85.3497361
Baneshwor,4921723834,27.706070099999998,85.3366163
Baneshwor,6089399050,27.705534199999992,85.3372465
Baneshwor,3547382799,27.6984903,85.3438714
Baneshwor,3072783204,27.6985158,85.3433315
Baneshwor,3072787064,27.6989146,85.3428361
Baneshwor,3072788041,27.6811313,85.3328157
Baneshwor,12594417766,27.6972033,85.3439704
Baneshwor,3081212893,27.697612199999995,85.3434369
Baneshwor,10902708803,27.700036499999996,85.3304496
Baneshwor,6114983135,27.697987799999996,85.3315435
Baneshwor,3179381484,27.695899499999996,85.3293504
Baneshwor,12508902899,27.696040300000007,85.3300571
Baneshwor,3179381486,27.695621299999996,85.3294114
Baneshwor,3547375937,27.696078099999998,85.3287349
Baneshwor,3179381499,27.6926765,85.3289304
Baneshwor,3362930825,27.70267069999999,85.3271318
Baneshwor,11990079773,27.6935698,85.3470848
Baneshwor,3467448551,27.692034299999996,85.3275608
Baneshwor,3469105809,27.698145599999997,85.3407635
Baneshwor,3469105817,27.6982491,85.3407982
Baneshwor,3469105824,27.698309199999997,85.3403936
Baneshwor,3481649731,27.7033552,85.33765200000002
Baneshwor,3487279466,27.6979672,85.3339665
Baneshwor,4264083868,27.6957611,85.3278682
Baneshwor,3547375957,27.695188099999996,85.3344988
Baneshwor,3547375961,27.695374799999993,85.335766
Baneshwor,3547375971,27.69600279999999,85.3391272
Baneshwor,3547375979,27.696183199999993,85.3384217
Baneshwor,3547382793,27.696972799999998,85.341884
Baneshwor,12594417765,27.697734199999992,85.3419524
Baneshwor,3547387339,27.702448,85.3396996
Baneshwor,13277053619,27.704794399999997,85.3419136
Baneshwor,3547387344,27.704008599999998,85.3428946
Baneshwor,6089270279,27.7042363,85.3430797
Baneshwor,3547387346,27.7056231,85.3361694
Baneshwor,3596875546,27.682076,85.3440189
Baneshwor,10113401518,27.6822597,85.3440727
Baneshwor,3703236412,27.7004304,85.3414204
Baneshwor,3774439017,27.6991846,85.3390408
Baneshwor,5052677635,27.70447609999999,85.3307105
Baneshwor,6218260085,27.690688,85.3228206
Baneshwor,3860906245,27.6895585,85.3435041
Baneshwor,13475316909,27.689829200000002,85.3436395
Baneshwor,4911978332,27.6910716,85.3265797
Baneshwor,4210504939,27.7004767,85.3300347
Baneshwor,4912512340,27.6933504,85.3275237
Baneshwor,4506622351,27.690765999999993,85.329632
Baneshwor,4285662132,27.690311299999998,85.3293755
Baneshwor,6522206448,27.694309599999993,85.3292602
Baneshwor,4330486903,27.685766,85.3465685
Baneshwor,4331927912,27.6878999,85.3369669
Baneshwor,10945918824,27.6879663,85.3369901
Baneshwor,5050000601,27.692257999999995,85.3373547
Baneshwor,13475357827,27.69380470000001,85.3463419
Baneshwor,10294756065,27.705756199999993,85.3376207
Baneshwor,5001115874,27.69691269999999,85.3432154
Baneshwor,7147295945,27.696850299999998,85.3440785
Baneshwor,5047708029,27.688600100000002,85.3490427
Baneshwor,5047708035,27.6885169,85.3497754
Baneshwor,5052690303,27.705083600000002,85.3311286
Baneshwor,6286951467,27.6955102,85.3421568
Baneshwor,6671608045,27.688372299999997,85.3355978
Baneshwor,5765055465,27.700825299999998,85.329436
Baneshwor,6054271832,27.697235299999996,85.3517641
Baneshwor,6054463909,27.701187800000003,85.34733350000002
Baneshwor,6075518381,27.701461899999995,85.3475175
Baneshwor,10113401526,27.683253200000003,85.3431306
Baneshwor,6059335855,27.693405999999996,85.3509855
Baneshwor,12074607971,27.698051999999997,85.3480178
Baneshwor,6072602402,27.697354299999997,85.3484125
Baneshwor,6075245312,27.6989965,85.3504525
Baneshwor,6075518378,27.70131329999999,85.3478033
Baneshwor,13475284890,27.6926901,85.3463422
Baneshwor,11990061668,27.690346399999996,85.3494593
Baneshwor,10113638915,27.6806725,85.3395995
Baneshwor,6084381021,27.684341000000003,85.3460354
Baneshwor,10113509509,27.6841668,85.3457537
Baneshwor,6084823210,27.683400399999996,85.3389497
Baneshwor,6084861441,27.683120099999996,85.3387901
Baneshwor,6084890998,27.696277199999997,85.3451791
Baneshwor,10113450290,27.680778399999994,85.3379323
Baneshwor,6089270915,27.7043813,85.3423507
Baneshwor,6089270920,27.70346349999999,85.3420396
Baneshwor,6089360202,27.700513399999995,85.3470137
Baneshwor,6089389562,27.7067464,85.3374484
Baneshwor,6089433195,27.7043919,85.337743
Baneshwor,6089433204,27.7041248,85.3372814
Baneshwor,6114929989,27.699076599999998,85.3308421
Baneshwor,6115028202,27.703494299999992,85.339222
Baneshwor,6115028206,27.70367,85.3394284
Baneshwor,6115140251,27.7047945,85.3406784
Baneshwor,10113401537,27.685206099999995,85.34488740000002
Baneshwor,6231298057,27.685430300000004,85.3438307
Baneshwor,10113450299,27.685401499999998,85.34411100000001
Baneshwor,10113450298,27.685218399999993,85.3437954
Baneshwor,6231298060,27.68486649999999,85.3437121
Baneshwor,6460011859,27.694764,85.342405
Baneshwor,12075223097,27.694271000000004,85.3428258
Baneshwor,6522184060,27.7013036,85.3431863
Baneshwor,6537401360,27.7005322,85.3241599
Baneshwor,6538302364,27.685758299999993,85.3370132
Baneshwor,10945918826,27.688033899999997,85.3371527
Baneshwor,6671608051,27.689153899999997,85.3320663
Baneshwor,13438986008,27.688841199999995,85.3335947
Baneshwor,13439088279,27.698910399999995,85.3292039
Baneshwor,10759147097,27.694834099999998,85.3452917
Baneshwor,12024110391,27.6966584,85.3448197
Baneshwor,7826219561,27.6919865,85.346092
Baneshwor,12100785766,27.7051756,85.3302949
Baneshwor,9792068175,27.697932200000004,85.3425509
Baneshwor,13475357811,27.6946504,85.3494492
Baneshwor,13475316908,27.689933699999994,85.3462815
Baneshwor,12725162840,27.6967882,85.3330061
Baneshwor,10003524810,27.6914229,85.3350223
Baneshwor,10003524811,27.691538,85.3351903
Baneshwor,10113401523,27.6832627,85.3430206
Baneshwor,10113401524,27.683333300000005,85.3431058
Baneshwor,10113401529,27.683468000000005,85.3442189
Baneshwor,10113401532,27.6841171,85.3438206
Baneshwor,10113509504,27.683724,85.3455681
Baneshwor,10113509505,27.683860399999997,85.3455974
Baneshwor,10113509508,27.684050299999996,85.345623
Baneshwor,10113520823,27.685098299999996,85.3462378
Baneshwor,10113638923,27.681259200000003,85.3391036
Baneshwor,10113638930,27.6815757,85.3398382
Baneshwor,10113638933,27.680830999999998,85.3404471
Baneshwor,10113638935,27.680928999999992,85.3404135
Baneshwor,10113638934,27.680968199999995,85.3404906
Baneshwor,10113638937,27.681438499999995,85.3424748
Baneshwor,10606285527,27.7004236,85.3302469
Baneshwor,10700878921,27.697218899999996,85.3357713
Baneshwor,10755251841,27.6846284,85.3390717
Baneshwor,10945918825,27.687936,85.3371244
Baneshwor,13475284883,27.692554800000003,85.3457278
Baneshwor,13475284894,27.692708299999996,85.3447956
Baneshwor,11041572999,27.695434199999998,85.3479606
Baneshwor,13475284860,27.689329899999997,85.3473169
Baneshwor,11374591839,27.7014152,85.3294574
Baneshwor,11986984703,27.6862874,85.3334051
Baneshwor,12024110392,27.6962654,85.3463821
Baneshwor,12074607995,27.69836589999999,85.3500306
Baneshwor,12074607999,27.698553599999993,85.35033370000001
Baneshwor,12518252748,27.7018189,85.3434712
Baneshwor,12594417767,27.6973103,85.3434545
Baneshwor,13439106409,27.702444700000004,85.3348084
Baneshwor,13439088298,27.700756199999994,85.3340037
Baneshwor,13132469513,27.691530000000004,85.3397551
Baneshwor,13438910196,27.688411300000002,85.3318224
Baneshwor,13475284874,27.6924299,85.345896
Baneshwor,13475284899,27.6907697,85.3435805
Baneshwor,13475357817,27.693886900000003,85.346828
Baneshwor,13475357824,27.693733099999996,85.3468059
Baneshwor,13475357818,27.6933977,85.3459429
Baneshwor,13475357823,27.693344799999995,85.3467415
Baneshwor,13773028736,27.699923099999996,85.3378295
Baneshwor,6085145227,27.6804974,85.3384411
Baneshwor,1832500466,27.691704399999995,85.3227006
Baneshwor,5100066227,27.707338799999995,85.3372185
Baneshwor,1931989812,27.6807682,85.3365543
Baneshwor,7464580351,27.706723900000004,85.3340138
New Road,31019141,27.707059200000003,85.3142236
New Road,2126598729,27.7084279,85.314312
New Road,1918201219,27.707294100000002,85.3133103
New Road,31019147,27.7087085,85.3148712
New Road,1273136916,27.709263299999996,85.3167188
New Road,31019262,27.707475699999996,85.31226440000002
New Road,2294227607,27.707545099999997,85.3121378
New Road,268302021,27.705961099999996,85.3121932
New Road,2275695453,27.707360499999997,85.3131246
New Road,2126598718,27.707932799999995,85.313085
New Road,2126598676,27.706683799999997,85.3108291
New Road,5463610196,27.7079823,85.3199155
New Road,31149202,27.708001999999997,85.3167795
New Road,268301932,27.7061501,85.3162171
New Road,31149337,27.708973699999998,85.3170477
New Road,31152551,27.69992939999999,85.31343
New Road,6540538696,27.700144700000003,85.3134609
New Road,6540538699,27.6999746,85.3131819
New Road,31152565,27.704546799999996,85.3138349
New Road,31232256,27.705718999999995,85.3140673
New Road,268301992,27.704604900000003,85.3124781
New Road,31152730,27.703500900000005,85.3136902
New Road,1275280773,27.7036951,85.3136896
New Road,31152736,27.702881200000004,85.3136751
New Road,1464034169,27.7032136,85.3129134
New Road,31152946,27.701945400000003,85.3086485
New Road,724832285,27.7024762,85.3088029
New Road,2599227753,27.7019519,85.3085909
New Road,1273136760,27.701712800000003,85.3095873
New Road,13018588066,27.701300099999997,85.3081629
New Road,31153241,27.7137938,85.3032515
New Road,268116994,27.713766,85.3031645
New Road,296319856,27.715099,85.3037404
New Road,3316347267,27.7133512,85.303719
New Road,31153258,27.711601200000004,85.306361
New Road,13022380560,27.71118819999999,85.3082724
New Road,3066254520,27.712804799999997,85.304432
New Road,296319862,27.7115232,85.3059228
New Road,31231440,27.694485399999994,85.319791
New Road,10901289775,27.6947244,85.3202281
New Road,1918201216,27.705858199999994,85.3130339
New Road,6511954906,27.706723400000005,85.3141903
New Road,103589515,27.6938598,85.3139669
New Road,8696222060,27.693901899999997,85.3140031
New Road,103589530,27.698030099999997,85.3132536
New Road,2705193740,27.69843269999999,85.3118305
New Road,4220117432,27.698052399999998,85.313335
New Road,6098827708,27.697741200000007,85.3122721
New Road,945656969,27.7137338,85.3026235
New Road,268301438,27.714911299999997,85.3103032
New Road,7042932947,27.712685899999993,85.3103131
New Road,268301580,27.712377599999996,85.3111151
New Road,1349680750,27.712209699999995,85.3111276
New Road,845548936,27.711657400000007,85.3091169
New Road,268301633,27.708239999999993,85.3118296
New Road,943246302,27.709949,85.3121868
New Road,6102184567,27.7097325,85.3110659
New Road,268301695,27.710586599999992,85.3095841
New Road,2139844850,27.710527999999996,85.310664
New Road,9466148229,27.7107663,85.309165
New Road,2139844842,27.709985199999995,85.3105206
New Road,268301866,27.714228300000002,85.3124169
New Road,1962909343,27.7140996,85.3130809
New Road,4723674796,27.7143814,85.3113434
New Road,2409517223,27.713291300000005,85.3122433
New Road,1274184084,27.703520899999997,85.3163832
New Road,6511954910,27.7069074,85.3146006
New Road,1273357465,27.705891100000002,85.317618
New Road,268301942,27.702481399999996,85.3164487
New Road,4915380424,27.702132399999996,85.3164755
New Road,1830679642,27.70229159999999,85.3167799
New Road,268301945,27.703432000000003,85.3111291
New Road,7165468564,27.7036184,85.3111413
New Road,7165468566,27.703385099999995,85.3116015
New Road,1464034170,27.703378700000002,85.3111229
New Road,268301947,27.701927,85.3108059
New Road,1968470455,27.70158899999999,85.31074
New Road,724831567,27.7016887,85.3109893
New Road,268301980,27.703258300000005,85.3128812
New Road,268301984,27.703753499999994,85.3126023
New Road,268301986,27.703927000000004,85.3125309
New Road,13384582701,27.703518099999997,85.312027
New Road,1968450340,27.703926,85.31198190000002
New Road,268301996,27.705111300000002,85.3121778
New Road,1802839465,27.7053934,85.312173
New Road,13384582707,27.7051983,85.3120641
New Road,268301997,27.7057531,85.3121796
New Road,764945815,27.7059077,85.3126189
New Road,1832396446,27.712643999999997,85.3001811
New Road,3439289402,27.714028200000005,85.300642
New Road,268308289,27.712588399999998,85.3006522
New Road,1211158008,27.712612500000002,85.3003978
New Road,1741695823,27.713626600000005,85.3013292
New Road,1954452620,27.7114287,85.3010341
New Road,3066257482,27.7152002,85.3043127
New Road,949307734,27.710060699999996,85.3059198
New Road,1275284680,27.7113943,85.3026985
New Road,296319868,27.708868799999994,85.305783
New Road,8410999755,27.7096434,85.3059022
New Road,13022342624,27.708463699999996,85.3052573
New Road,1273136932,27.709034099999997,85.30490520000001
New Road,1278967558,27.70874439999999,85.3065717
New Road,296329366,27.7094206,85.303056
New Road,945656958,27.709414399999996,85.3031454
New Road,296329367,27.7094979,85.3024112
New Road,3081560769,27.7095083,85.3022745
New Road,304249943,27.7108698,85.297005
New Road,7438313550,27.710730200000004,85.2971811
New Road,1741695875,27.7107881,85.2969057
New Road,7438313547,27.711195899999996,85.2966923
New Road,1741695876,27.711642899999994,85.2973793
New Road,313131693,27.710011399999996,85.3147368
New Road,1906492115,27.7096825,85.314686
New Road,1278029518,27.7102813,85.3147797
New Road,1906492118,27.709885600000003,85.3158582
New Road,1280027668,27.710158500000002,85.3132702
New Road,1918270902,27.710598999999995,85.3148307
New Road,1349025722,27.7139273,85.3139698
New Road,313343727,27.71046739999999,85.3121968
New Road,3499033209,27.711076100000003,85.312198
New Road,1857063115,27.710368800000005,85.3129626
New Road,2139844853,27.710554899999995,85.3109554
New Road,360831200,27.6985689,85.3000778
New Road,6106602821,27.6988255,85.3006348
New Road,1832460000,27.698516499999997,85.3003152
New Road,10938937765,27.698486799999998,85.2996154
New Road,360831201,27.6984702,85.3005407
New Road,1645448845,27.6982223,85.3016628
New Road,668709076,27.688863100000003,85.3062528
New Road,668709078,27.689603399999996,85.3057243
New Road,1273357595,27.688586299999997,85.3068075
New Road,668709079,27.690313500000002,85.305509
New Road,6525277214,27.688673999999995,85.3048587
New Road,1947167509,27.690429599999998,85.3055124
New Road,12099005259,27.690418199999993,85.3043532
New Road,668709081,27.6915772,85.305827
New Road,671292294,27.6920301,85.3059569
New Road,2308132335,27.690962299999995,85.30671880000001
New Road,669642771,27.690996199999997,85.3055131
New Road,3495785945,27.6914299,85.3050699
New Road,669642783,27.6940348,85.3043124
New Road,1498830744,27.693946500000003,85.3043147
New Road,1906506577,27.693924099999997,85.3051105
New Road,3488665239,27.69377089999999,85.3036172
New Road,1906506592,27.695298400000002,85.3044947
New Road,670169115,27.7076336,85.3073006
New Road,1803523807,27.707909099999995,85.3062736
New Road,670169117,27.708596900000003,85.307624
New Road,1803523770,27.706821500000004,85.3070375
New Road,6294688463,27.706971900000003,85.3097809
New Road,1803523643,27.7080658,85.31007630000002
New Road,949307730,27.709868699999998,85.30809190000001
New Road,671276899,27.689617599999995,85.3107113
New Road,1832594124,27.689182499999998,85.3121368
New Road,1832594115,27.688954,85.3105127
New Road,1273357428,27.6898682,85.3093444
New Road,764951626,27.6922533,85.3048572
New Road,6054373419,27.691790699999995,85.3083486
New Road,671292335,27.691384599999996,85.3100909
New Road,1832594207,27.6910772,85.3111735
New Road,2133633067,27.690874499999996,85.3098352
New Road,3357750115,27.692562999999993,85.3107786
New Road,671498616,27.696338400000002,85.3049743
New Road,1895480561,27.697051800000004,85.3048382
New Road,671498653,27.6938645,85.3051427
New Road,671498707,27.694170400000004,85.3065962
New Road,1906496465,27.693131399999995,85.3050989
New Road,1906496466,27.693247600000003,85.3054026
New Road,13116561254,27.6939463,85.3073484
New Road,2303810214,27.694580500000004,85.306922
New Road,671498729,27.6961615,85.3071662
New Road,13945884186,27.696211499999997,85.3069724
New Road,1275284580,27.6958229,85.3082264
New Road,1895492931,27.6950596,85.3071502
New Road,671498771,27.6937448,85.30303780000001
New Road,1832459889,27.6942246,85.3031219
New Road,1123087261,27.692280599999997,85.3015675
New Road,671498780,27.693591000000005,85.3020864
New Road,1832459887,27.6942678,85.3016687
New Road,8433597935,27.693643099999996,85.3006875
New Road,12084783261,27.693174999999997,85.3017239
New Road,671498809,27.6916392,85.3006649
New Road,1278967673,27.692127699999986,85.3009007
New Road,1278041210,27.691795,85.298741
New Road,671853966,27.710108199999997,85.2953351
New Road,1832337439,27.710019499999998,85.2953564
New Road,1832337464,27.7100696,85.2954682
New Road,671853967,27.708326599999996,85.2966732
New Road,1952293761,27.708453199999994,85.2972641
New Road,1832337268,27.7083796,85.2966641
New Road,1521669858,27.706631799999997,85.2953368
New Road,671853968,27.708701599999998,85.2983286
New Road,12067503029,27.708735299999997,85.2983849
New Road,671853971,27.70771889999999,85.299744
New Road,1832337269,27.7084753,85.2973489
New Road,1555395352,27.706951400000005,85.2992002
New Road,671853973,27.707759,85.3006958
New Road,1647231875,27.707870999999994,85.30062
New Road,3490913111,27.707597000000003,85.30088790000002
New Road,724169588,27.702550199999997,85.3076323
New Road,724832284,27.7024286,85.30826110000001
New Road,1906554301,27.703188499999996,85.3075545
New Road,724831583,27.7016973,85.3078287
New Road,724273969,27.6993586,85.3161208
New Road,1273136909,27.699491199999994,85.3154107
New Road,724275078,27.699954499999997,85.3166044
New Road,13875327985,27.699632599999997,85.3168911
New Road,724275665,27.699042199999997,85.3170568
New Road,13875327983,27.6991345,85.3163523
New Road,724277749,27.7056326,85.3215684
New Road,13052203598,27.705630000000006,85.3217575
New Road,1805063042,27.703130999999992,85.321194
New Road,10933380600,27.705664099999996,85.32077810000001
New Road,724316521,27.7066327,85.3069808
New Road,1274183531,27.7061369,85.3068372
New Road,9500516426,27.7060717,85.3095656
New Road,724831440,27.699400199999996,85.3099711
New Road,1645445984,27.6995544,85.3098222
New Road,1906486746,27.6986535,85.31040780000001
New Road,1645445989,27.6995603,85.3100787
New Road,724831444,27.699730499999998,85.3078004
New Road,1498844493,27.699331399999995,85.307644
New Road,1273136896,27.699508799999997,85.3083269
New Road,724831445,27.700407299999984,85.30747390000002
New Road,724831446,27.701255900000003,85.3051915
New Road,2599227046,27.701409699999996,85.3078402
New Road,1496687899,27.702019499999995,85.3053248
New Road,2126598618,27.700617500000003,85.3049126
New Road,724831565,27.7015827,85.3100624
New Road,1805964464,27.701239399999995,85.3100158
New Road,8523421736,27.701292599999995,85.311499
New Road,8403531792,27.701465199999994,85.3078088
New Road,724831897,27.699161999999994,85.3076131
New Road,1498844470,27.699292299999996,85.3071932
New Road,1278041222,27.698555499999998,85.3077803
New Road,724832282,27.705477700000003,85.3065973
New Road,1275274773,27.7060331,85.3068033
New Road,1518058858,27.7065232,85.3047737
New Road,13278125830,27.7048752,85.3063476
New Road,1906554299,27.702512000000002,85.3086253
New Road,1274183794,27.703325099999997,85.3091016
New Road,728152679,27.702523099999993,85.3043512
New Road,1273136738,27.702334,85.3042222
New Road,1278967720,27.703536399999994,85.3054554
New Road,8393721094,27.702781099999992,85.3036118
New Road,728152684,27.7015784,85.3018832
New Road,13031024413,27.701635900000007,85.301871
New Road,2556730055,27.7015903,85.3019469
New Road,10290927849,27.701280899999997,85.3019819
New Road,728152686,27.700787799999997,85.3021768
New Road,3488665486,27.7008788,85.3021576
New Road,1968470520,27.700437399999995,85.3023486
New Road,728152869,27.701618099999994,85.3004197
New Road,1954433329,27.701614699999993,85.3008462
New Road,5257881111,27.7015536,85.2999021
New Road,1555395318,27.703624599999998,85.2972405
New Road,728153021,27.697498299999996,85.296317
New Road,6385120648,27.6982643,85.2961418
New Road,5083317693,27.697803000000004,85.2973342
New Road,2214586164,27.696584799999997,85.2935482
New Road,728153027,27.698518599999996,85.2950585
New Road,1954398343,27.6987382,85.294217
New Road,728153040,27.6994742,85.2953408
New Road,1954398326,27.6984262,85.2954452
New Road,728153036,27.700394499999994,85.2956301
New Road,1954398373,27.700984699999996,85.295809
New Road,1954398372,27.7004763,85.2953404
New Road,1954398356,27.6998942,85.2958764
New Road,728153038,27.699642299999997,85.2944987
New Road,1954398349,27.699585,85.2949196
New Road,1832349212,27.698866299999995,85.2937511
New Road,1954398347,27.699397499999996,85.2957413
New Road,728153041,27.699320399999998,85.2961124
New Road,728153042,27.698358799999998,85.2958264
New Road,728153049,27.700384500000002,85.3021046
New Road,728153126,27.7041258,85.2953476
New Road,1832317188,27.703907399999995,85.2961155
New Road,1832317201,27.7042082,85.2949716
New Road,764944507,27.697218299999996,85.3045321
New Road,1835366042,27.697948799999992,85.30283930000002
New Road,1832459937,27.695959300000002,85.3036802
New Road,2127119730,27.697572799999993,85.304512
New Road,764944520,27.6957673,85.3036181
New Road,11395378890,27.6956384,85.303975
New Road,1498830758,27.69202419999999,85.3039321
New Road,765002045,27.7153294,85.3050729
New Road,1275284634,27.715170899999993,85.3056016
New Road,1832500448,27.691169499999994,85.2983518
New Road,1349680699,27.7123602,85.3094617
New Road,947910095,27.711481499999998,85.3086195
New Road,849950824,27.711387599999995,85.3176101
New Road,5316976755,27.710039899999998,85.3174264
New Road,1906502772,27.711186999999995,85.3184107
New Road,849950826,27.713199499999998,85.3128048
New Road,2597929538,27.713321399999998,85.31335340000001
New Road,1968417638,27.712280100000005,85.3126711
New Road,1280027714,27.709801699999996,85.3131985
New Road,943246309,27.705380399999992,85.311428
New Road,9485253024,27.703994600000005,85.3111721
New Road,1803523644,27.705893100000004,85.3094819
New Road,6279948351,27.709294699999997,85.30312340000002
New Road,1496651503,27.713621599999993,85.30137130000001
New Road,945666473,27.693875000000002,85.3142516
New Road,13232597955,27.69385309999999,85.31426520000001
New Road,945666476,27.693716499999997,85.3139739
New Road,6491954467,27.69384609999999,85.3137197
New Road,945666477,27.693649800000003,85.3140839
New Road,3312046843,27.7112986,85.3085893
New Road,1968417665,27.71299069999999,85.3086747
New Road,1349027255,27.710244599999996,85.3081892
New Road,1349027180,27.710072500000003,85.3072871
New Road,3442556595,27.709987299999998,85.3059146
New Road,994329767,27.7099162,85.318267
New Road,1273357429,27.707976299999995,85.3180839
New Road,3066257541,27.692589899999998,85.3026375
New Road,8433588215,27.692654500000003,85.3013638
New Road,3442528416,27.692540499999996,85.29681
New Road,12065060561,27.711617699999998,85.3002498
New Road,1273136736,27.703910800000006,85.30211150000001
New Road,1555378580,27.704821500000005,85.3021314
New Road,1278967569,27.703915799999994,85.3029601
New Road,1278967563,27.703198399999998,85.3022248
New Road,1496676804,27.700971900000003,85.303629
New Road,5338697482,27.7019829,85.3026967
New Road,1464034171,27.7034652,85.3102253
New Road,1273136762,27.703520999999995,85.31023100000002
New Road,1273136763,27.7088119,85.3029725
New Road,1803523822,27.708232799999998,85.302843
New Road,6106446033,27.708874099999992,85.3023711
New Road,1273136774,27.7053028,85.3042334
New Road,1518024114,27.706338499999994,85.3025908
New Road,1273136808,27.704807200000005,85.3044733
New Road,1555378617,27.705009500000003,85.3035431
New Road,1803523698,27.704152199999996,85.306003
New Road,1278967663,27.7039879,85.3043552
New Road,1273136831,27.708997000000004,85.3038438
New Road,1803523809,27.708181899999996,85.3047096
New Road,1802839535,27.7081186,85.3038848
New Road,5244654100,27.7102559,85.3042288
New Road,1273136877,27.7010417,85.2930488
New Road,3484091295,27.7010996,85.2932804
New Road,1954398354,27.699867899999997,85.2932772
New Road,1273136884,27.707112200000005,85.30186680000001
New Road,2573973247,27.708164200000002,85.3022371
New Road,1954452604,27.706409699999995,85.3017634
New Road,1273136891,27.7085323,85.3143863
New Road,1806066068,27.708940799999997,85.3145896
New Road,1805964554,27.6994617,85.3085623
New Road,1805964478,27.7003252,85.3084543
New Road,1273136899,27.703631100000003,85.3092407
New Road,1464034173,27.703580499999997,85.3092088
New Road,1968450265,27.699871199999997,85.3137888
New Road,1274183965,27.709926899999996,85.3172059
New Road,1273136926,27.706360000000004,85.3023462
New Road,1278967548,27.705594699999995,85.3022287
New Road,1349027188,27.7097015,85.3050646
New Road,2222458523,27.708496799999992,85.3047927
New Road,1273357555,27.690079899999997,85.3094515
New Road,1832594126,27.689123900000002,85.3089213
New Road,1906505151,27.707975699999995,85.3179413
New Road,1906505149,27.708002199999996,85.3191418
New Road,1832594194,27.690662400000004,85.3127578
New Road,1273357464,27.706973199999993,85.3177397
New Road,2906087425,27.706271299999997,85.3176855
New Road,1906513002,27.705828700000005,85.3184951
New Road,1273357533,27.688616799999995,85.3090279
New Road,1832594110,27.6886847,85.3083123
New Road,1273357549,27.690701299999997,85.3084294
New Road,1832594204,27.6909993,85.3082418
New Road,1966285102,27.689035,85.3073082
New Road,1273357597,27.693815699999995,85.3142776
New Road,6102297737,27.6929513,85.3149493
New Road,1802839493,27.7067117,85.3050014
New Road,1274183615,27.7057713,85.3191422
New Road,10558643749,27.704528699999997,85.319046
New Road,4539613962,27.70570879999999,85.3198812
New Road,1274183665,27.703246199999995,85.3190221
New Road,3510666431,27.70339,85.3175105
New Road,6054212750,27.703152299999996,85.3203719
New Road,4861407195,27.70355749999999,85.309127
New Road,1274183884,27.7100632,85.3172449
New Road,1274183984,27.7099889,85.3174497
New Road,6294694811,27.7098735,85.3176747
New Road,5316976746,27.709866899999994,85.3173674
New Road,1274192048,27.6939136,85.3156134
New Road,8696422713,27.693389199999995,85.3158143
New Road,1274192049,27.694209700000002,85.3166511
New Road,1872401717,27.6942385,85.3167801
New Road,6581990455,27.693903799999998,85.3171187
New Road,1274192053,27.692229299999997,85.3156444
New Road,1906604320,27.6919626,85.3159115
New Road,1803547436,27.704459699999994,85.3137817
New Road,1275280775,27.703982100000005,85.3111707
New Road,1275280796,27.7111567,85.3084087
New Road,1275284474,27.713808899999993,85.3063158
New Road,1741813715,27.7144486,85.3059114
New Road,1741813719,27.713391699999995,85.3065111
New Road,11837554953,27.714716899999996,85.3068888
New Road,1275284544,27.712010799999998,85.3076106
New Road,6193720260,27.713383299999997,85.306517
New Road,1803523854,27.711427599999997,85.3082424
New Road,1906541511,27.696860199999996,85.3086839
New Road,1275284592,27.6950366,85.3099937
New Road,3482120052,27.695310299999992,85.3082732
New Road,1278967611,27.694503899999997,85.3114084
New Road,1275284597,27.697425799999998,85.3090692
New Road,1906486745,27.6984543,85.30977
New Road,5083291774,27.696981699999995,85.3097722
New Road,1275284602,27.697950099999996,85.3114129
New Road,1805970367,27.697275999999995,85.3113295
New Road,1918270895,27.710207399999998,85.3154336
New Road,1954613645,27.710291899999998,85.3147124
New Road,1278032888,27.7067728,85.3198662
New Road,5882274961,27.7075476,85.3198715
New Road,7464564341,27.706632399999997,85.3202132
New Road,7464564337,27.706778499999995,85.3191751
New Road,1954405925,27.691351699999995,85.2989392
New Road,5050316032,27.692530999999992,85.2984372
New Road,3445945063,27.698062399999998,85.3084467
New Road,1498844486,27.698577800000002,85.3069437
New Road,1278041231,27.699659200000006,85.3089581
New Road,1278967645,27.7004634,85.3089765
New Road,1966254790,27.699648600000003,85.3095193
New Road,1278041236,27.699686399999997,85.3134057
New Road,1278041238,27.697388600000004,85.3078539
New Road,13945884183,27.696628599999993,85.3069758
New Road,1278041256,27.69729,85.3084136
New Road,1278041265,27.697653299999995,85.3068209
New Road,1278041264,27.6973538,85.3063687
New Road,1278041286,27.69662,85.3056506
New Road,1498856528,27.698009899999995,85.30502860000001
New Road,1947138087,27.696926199999996,85.30674450000001
New Road,1778815368,27.696692099999996,85.3054776
New Road,1832459943,27.696331399999995,85.3065279
New Road,1278967530,27.691736,85.30139060000002
New Road,10264402302,27.691116700000002,85.3025697
New Road,1802839480,27.705664,85.3027435
New Road,7371674714,27.7031057,85.3026302
New Road,1906522544,27.702166799999997,85.3025964
New Road,1906532563,27.704614499999998,85.302672
New Road,1278967603,27.697184599999996,85.3121271
New Road,3734834985,27.694346499999998,85.3118744
New Road,8433588214,27.69266989999999,85.3013318
New Road,1832594257,27.692805600000003,85.2997879
New Road,1803523686,27.703804799999993,85.3059047
New Road,1280027600,27.7094909,85.3131476
New Road,9494440775,27.708101500000005,85.3134384
New Road,1918245516,27.7081978,85.3136862
New Road,1918270887,27.709743500000002,85.313576
New Road,1280033502,27.706891799999998,85.30447120000001
New Road,1341029355,27.7145973,85.3111166
New Road,4366638417,27.714440599999993,85.3110719
New Road,1348908795,27.699567,85.3170199
New Road,1805062924,27.6985068,85.3215704
New Road,1349027136,27.7051997,85.30030600000002
New Road,1954433397,27.706729099999997,85.30065360000002
New Road,1521669872,27.7056717,85.2977633
New Road,1349027166,27.704609299999998,85.3001239
New Road,1349027142,27.709055900000003,85.30704630000001
New Road,1555395383,27.704475899999995,85.2972257
New Road,1349027212,27.70417189999999,85.301104
New Road,1349027183,27.709845000000005,85.3046302
New Road,3442556538,27.709685,85.3050999
New Road,1349027202,27.706403399999996,85.2993218
New Road,1349027241,27.704197299999993,85.3016053
New Road,1349027216,27.709547899999997,85.3067592
New Road,1349027240,27.710461,85.3070042
New Road,10290927845,27.7023425,85.3018599
New Road,2602976038,27.712189699999993,85.31148680000001
New Road,13630040268,27.701751299999998,85.3127405
New Road,1490263257,27.699995200000004,85.3131395
New Road,1906483096,27.700343199999992,85.311952
New Road,1906525615,27.701338799999995,85.3028323
New Road,3812548853,27.7005714,85.3048263
New Road,1906548356,27.7015642,85.3074463
New Road,1497582908,27.7094532,85.3103938
New Road,8451830339,27.7095313,85.3099342
New Road,1498830739,27.691753900000002,85.3046492
New Road,1498830754,27.691848300000004,85.3045116
New Road,3495786957,27.691582699999998,85.3049269
New Road,1498830750,27.693247299999996,85.3044578
New Road,13116561242,27.69119419999999,85.3026284
New Road,1498844398,27.699542000000008,85.3072958
New Road,1906547295,27.700114399999993,85.3057343
New Road,1498844412,27.698833999999994,85.3057335
New Road,1498856542,27.69855919999999,85.30546260000001
New Road,1498844428,27.699125400000003,85.3052348
New Road,2276890042,27.698672300000002,85.3039985
New Road,1906547293,27.6996322,85.3054973
New Road,1498844449,27.6931688,85.3102222
New Road,2109786739,27.693477399999995,85.3095849
New Road,1498844488,27.6991757,85.30715120000002
New Road,1832459992,27.698264700000003,85.3041303
New Road,1518058866,27.706756099999996,85.3048341
New Road,1518058863,27.7073237,85.3052967
New Road,1803523791,27.707247700000003,85.3055612
New Road,9062837198,27.7068021,85.3050297
New Road,2222446293,27.7068323,85.3048554
New Road,1521669839,27.706375099999995,85.2957703
New Road,1555395380,27.7061988,85.2976019
New Road,3232624744,27.7056056,85.2972575
New Road,1906532573,27.7048074,85.3024557
New Road,6525417835,27.7037469,85.2967067
New Road,1906585077,27.7001106,85.3099516
New Road,1805964565,27.7003011,85.3111601
New Road,1906509962,27.697554099999998,85.30151480000002
New Road,1645448853,27.6992383,85.3030446
New Road,2129447235,27.698795199999996,85.3030247
New Road,1906504614,27.696215799999994,85.3011136
New Road,2573973245,27.708286999999988,85.3017699
New Road,1647231881,27.708211499999997,85.3004545
New Road,1647231891,27.7086434,85.3011497
New Road,1832337334,27.7092342,85.3002233
New Road,1647231887,27.7084927,85.3014035
New Road,1647231893,27.708756499999996,85.3011432
New Road,1647231898,27.709544999999995,85.301736
New Road,9173705747,27.709590699999996,85.3001635
New Road,5100028361,27.710720799999997,85.3015309
New Road,1659467685,27.709274399999998,85.2990837
New Road,1952293765,27.709342399999997,85.2988955
New Road,1832337275,27.709036599999997,85.2989481
New Road,8463642586,27.709782999999998,85.2993208
New Road,1659467690,27.7098539,85.2993704
New Road,12064969178,27.709997899999998,85.2990721
New Road,12675762481,27.709648799999997,85.2998744
New Road,1741695787,27.711058799999996,85.2979127
New Road,1741695848,27.710389199999998,85.2977123
New Road,11027578459,27.711275399999995,85.2983303
New Road,7438313555,27.7114817,85.2973943
New Road,1741695818,27.711780800000003,85.2986953
New Road,11027577102,27.7117854,85.2989861
New Road,1741695847,27.711774000000002,85.2983494
New Road,1741695895,27.7114858,85.2986893
New Road,1832396456,27.712786100000002,85.2988135
New Road,5052636302,27.710769199999994,85.3014952
New Road,1741695826,27.711339199999998,85.2989549
New Road,1741695858,27.711818299999997,85.29959910000001
New Road,1741695833,27.711011799999998,85.2965447
New Road,1832337539,27.710795999999995,85.296357
New Road,1832396343,27.711645599999997,85.2976714
New Road,12064988386,27.711555599999997,85.2983357
New Road,3067917314,27.710156300000005,85.298586
New Road,11027581829,27.711826,85.2992956
New Road,2169116353,27.71157669999999,85.3001969
New Road,1741695870,27.710601199999996,85.2967774
New Road,7438313551,27.71047129999999,85.29701480000001
New Road,9173705750,27.7116465,85.2975359
New Road,1741813735,27.7131621,85.3062995
New Road,8402450419,27.713032599999995,85.3064467
New Road,3316339946,27.7137367,85.3039079
New Road,1802496959,27.708162999999992,85.304847
New Road,8413515037,27.708040999999998,85.3057043
New Road,1805146083,27.708430099999998,85.30498720000001
New Road,1802496973,27.708579299999997,85.3050538
New Road,1802839448,27.7011769,85.3116313
New Road,5317014559,27.700504099999996,85.3115988
New Road,1805964497,27.701262599999996,85.3106676
New Road,8444526480,27.708124299999998,85.3036771
New Road,4861407531,27.703738899999998,85.3091473
New Road,1803523682,27.703737499999995,85.3075124
New Road,1803523780,27.707073799999996,85.3060391
New Road,1803523805,27.707916,85.30624900000001
New Road,1803523786,27.707145800000003,85.30553130000001
New Road,8513772267,27.708168800000003,85.3034372
New Road,1803547391,27.69843029999999,85.3215525
New Road,3511456911,27.6991759,85.3174747
New Road,1805062855,27.697965399999998,85.3214495
New Road,12344171107,27.698613799999997,85.3196856
New Road,1805062871,27.698416200000004,85.321619
New Road,3569151193,27.698494399999998,85.3216367
New Road,1905259269,27.699534699999997,85.3218015
New Road,1805062934,27.6989824,85.317759
New Road,1805063008,27.701038200000003,85.322198
New Road,1832460028,27.7010449,85.322136
New Road,1805063017,27.701605799999996,85.3223011
New Road,5846566937,27.7016164,85.32222400000002
New Road,1805063038,27.703087299999993,85.3225162
New Road,1906554322,27.703159600000003,85.3219781
New Road,1805964511,27.698713,85.3087714
New Road,5052652029,27.696787999999994,85.3106648
New Road,1817308847,27.6943801,85.3197662
New Road,1832460041,27.701901800000005,85.3201461
New Road,1832317054,27.701063299999998,85.2956507
New Road,1832317077,27.701541599999995,85.2958172
New Road,3484091298,27.701264299999995,85.293774
New Road,1832317055,27.701258699999997,85.2980659
New Road,1832349259,27.701036700000003,85.29772730000002
New Road,13057420958,27.7014831,85.2991523
New Road,1832317101,27.701775,85.2978856
New Road,1954433350,27.7022312,85.2985855
New Road,2137630148,27.7022948,85.2964994
New Road,1954433355,27.7028719,85.2957854
New Road,1952293762,27.708727599999996,85.2963624
New Road,1832337273,27.7089377,85.2949887
New Road,1832337277,27.70900219999999,85.2973339
New Road,1832337341,27.709312300000004,85.2951332
New Road,1832337331,27.709090499999995,85.2945336
New Road,12064948726,27.709244099999992,85.2984963
New Road,12064948727,27.709277499999992,85.2973376
New Road,1832337329,27.709056899999997,85.2969152
New Road,1832337282,27.709006600000002,85.2961226
New Road,1952293770,27.709550200000002,85.2957052
New Road,1832337335,27.7092158,85.2964471
New Road,1952293764,27.709221499999998,85.2954059
New Road,6055917016,27.709191300000004,85.2964922
New Road,1832337409,27.709558299999994,85.2970705
New Road,9173705748,27.709476700000003,85.3001458
New Road,1832337411,27.709587100000004,85.296149
New Road,1832337366,27.7094437,85.2973409
New Road,6055919722,27.7096549,85.2966591
New Road,1832337418,27.709736799999998,85.2971645
New Road,1832337431,27.7099411,85.2959173
New Road,1832337420,27.70978539999999,85.2963617
New Road,1952293771,27.709576499999997,85.2975985
New Road,1832337452,27.7100005,85.2973388
New Road,1832337505,27.7103021,85.2966606
New Road,3481720566,27.710190899999997,85.2960534
New Road,1832337495,27.7101506,85.2974804
New Road,8463642584,27.7097946,85.2979285
New Road,1832337519,27.71051629999999,85.2962168
New Road,1832349206,27.6984656,85.2932754
New Road,1832349209,27.698873900000002,85.2934852
New Road,1832349220,27.699074799999998,85.2930003
New Road,1832349223,27.6990981,85.2935188
New Road,1832349226,27.69916389999999,85.2927128
New Road,1832349258,27.700882499999995,85.2973023
New Road,1954433309,27.699389599999996,85.297636
New Road,2129447227,27.698436899999997,85.2993969
New Road,1832396453,27.712702899999993,85.2985205
New Road,1832396458,27.7127775,85.299509
New Road,12666351158,27.712936599999992,85.2997537
New Road,1832459855,27.6915611,85.3154048
New Road,6102297726,27.691805399999996,85.3159937
New Road,6295491695,27.692919,85.3149085
New Road,1832459865,27.6924751,85.31215310000002
New Road,1832459884,27.694057500000003,85.3127044
New Road,1895492933,27.6926852,85.3113699
New Road,1832459876,27.6936277,85.3000975
New Road,1906504137,27.6949669,85.3004082
New Road,1832500504,27.694204499999998,85.3122365
New Road,1906504130,27.694381500000006,85.3019301
New Road,8433597926,27.694414699999996,85.3014411
New Road,1832459901,27.694719199999994,85.3023802
New Road,1832459942,27.696309900000003,85.3027391
New Road,1832459903,27.6950065,85.3053435
New Road,1832459916,27.6952478,85.3054183
New Road,1832459929,27.6957045,85.3056178
New Road,1832459921,27.695307,85.3063594
New Road,1832459924,27.695484999999998,85.3061438
New Road,1832459931,27.695735800000005,85.3054289
New Road,4662969601,27.696428999999995,85.302298
New Road,1832459950,27.696784499999993,85.3010263
New Road,10725355626,27.6968794,85.3008313
New Road,1954398220,27.696162599999997,85.3006433
New Road,1906509959,27.6974068,85.3014435
New Road,1906509965,27.698101599999998,85.3001055
New Road,1832460009,27.7001958,85.3219513
New Road,1832460021,27.700684500000005,85.3206046
New Road,1832500459,27.691642199999997,85.2981271
New Road,3442502054,27.691971799999994,85.297975
New Road,3442503105,27.6918297,85.2975777
New Road,1832500497,27.692827,85.2975729
New Road,3442505078,27.6924213,85.2977783
New Road,1832500525,27.69547469999999,85.2969973
New Road,7775386647,27.695442599999993,85.2973621
New Road,11600711370,27.6950393,85.2970603
New Road,1832500534,27.696500699999998,85.300112
New Road,1832500541,27.696941099999997,85.2989467
New Road,1954398123,27.695639799999995,85.2994523
New Road,10725355620,27.697187700000004,85.2990357
New Road,1954400567,27.6955987,85.298659
New Road,6054211121,27.6894716,85.3129409
New Road,1966285107,27.689574000000004,85.3078638
New Road,1832594168,27.690168999999997,85.310845
New Road,1832594196,27.690889999999996,85.3081068
New Road,10964737766,27.691274899999993,85.3082474
New Road,6525461201,27.694026999999995,85.2994118
New Road,10575913433,27.6919667,85.2997693
New Road,11201810070,27.7113404,85.3131066
New Road,1872401703,27.694752399999995,85.3170185
New Road,1872401707,27.6944485,85.3169869
New Road,6102004293,27.695444199999997,85.3178165
New Road,2103595855,27.694387000000003,85.316728
New Road,6097228890,27.7001708,85.3204197
New Road,3488665474,27.6985086,85.3098619
New Road,4135066591,27.709713500000003,85.3154241
New Road,1906492617,27.695542299999996,85.3139105
New Road,6540617754,27.6952347,85.3126862
New Road,1906496463,27.692754099999995,85.3029489
New Road,3488665212,27.693015700000004,85.3036487
New Road,1906504133,27.694655100000002,85.3017621
New Road,4663710454,27.694845,85.3010488
New Road,1906504605,27.695648499999997,85.3014772
New Road,1906504609,27.6959578,85.3021916
New Road,1906505145,27.7074074,85.3178762
New Road,10558643753,27.7077232,85.3179124
New Road,7464564329,27.7079933,85.3195208
New Road,7464564334,27.707706999999996,85.3191859
New Road,1906506581,27.694158399999996,85.3051872
New Road,1906506586,27.694370199999998,85.3051046
New Road,1906509960,27.697465899999997,85.3011852
New Road,1906509961,27.697521399999992,85.3009742
New Road,10725355624,27.697283799999994,85.3010347
New Road,1906513003,27.706859799999993,85.3185771
New Road,1906513584,27.698079999999997,85.2993675
New Road,5289395944,27.697620799999996,85.299186
New Road,1906513585,27.698407999999993,85.299297
New Road,5047816072,27.6981084,85.2982506
New Road,1906513590,27.700969599999993,85.3001043
New Road,2306361405,27.700214599999995,85.3020726
New Road,1906515640,27.7064468,85.3216613
New Road,2101155059,27.701640799999996,85.3027866
New Road,1906524967,27.705167899999992,85.3180969
New Road,6110937572,27.704738599999992,85.3033273
New Road,1906537467,27.6966413,85.3069191
New Road,1906547294,27.6996534,85.3054423
New Road,2274962023,27.7001005,85.3045048
New Road,8402142352,27.7012783,85.3073701
New Road,8449743715,27.703138700000004,85.30873130000002
New Road,1906554311,27.702379199999992,85.3218753
New Road,5846566944,27.7031038,85.3224504
New Road,1906581482,27.696324399999998,85.3099632
New Road,4204975406,27.696530400000004,85.3106032
New Road,1906581520,27.696798599999997,85.3099761
New Road,8387852995,27.6965723,85.3099654
New Road,1918270899,27.71050139999999,85.315575
New Road,1945793646,27.70824739999999,85.30576240000002
New Road,2308132307,27.690364099999996,85.3064192
New Road,1952293739,27.706602799999995,85.2975797
New Road,6109479868,27.7072694,85.297824
New Road,2516877348,27.7076977,85.2974576
New Road,6294655433,27.709641999999995,85.299034
New Road,1952293768,27.709555599999998,85.2983551
New Road,6294655438,27.709848799999993,85.2984875
New Road,2306396979,27.695532399999994,85.2996338
New Road,2306396976,27.6953482,85.29864470000001
New Road,11600594467,27.695187900000004,85.2999858
New Road,1954398274,27.696689799999994,85.2971648
New Road,5047741962,27.6978719,85.2975467
New Road,1954433328,27.701510199999998,85.29944080000001
New Road,6125066000,27.701967400000004,85.29930740000002
New Road,11975117128,27.702247599999996,85.2995086
New Road,7371674751,27.7022856,85.2982975
New Road,3488779131,27.7109242,85.3013419
New Road,12065060502,27.711356099999993,85.3006947
New Road,1954532224,27.692184699999995,85.297421
New Road,3442502053,27.691907999999994,85.2975199
New Road,1968417633,27.7117042,85.3121381
New Road,7027659330,27.7116542,85.3121393
New Road,1968417656,27.711593599999997,85.3128767
New Road,1968417642,27.7124367,85.3129723
New Road,2528825725,27.712043100000002,85.3129443
New Road,11204843724,27.7115702,85.3131196
New Road,2121879283,27.7130092,85.3096171
New Road,3060871352,27.7154733,85.3085785
New Road,13384579798,27.703626299999996,85.3119715
New Road,2556730054,27.701861500000003,85.30273600000001
New Road,6480929600,27.694302999999998,85.3095761
New Road,13384579795,27.707766399999997,85.3130838
New Road,2129447236,27.6986885,85.3037781
New Road,10570143291,27.7022476,85.2973205
New Road,2139103570,27.698293099999994,85.2964063
New Road,2139844845,27.710300099999998,85.3106315
New Road,2139844844,27.710226000000002,85.310872
New Road,2139844847,27.7105299,85.31094310000002
New Road,2169036498,27.710890499999994,85.3000415
New Road,8321253262,27.710624199999998,85.299995
New Road,12065060496,27.71112799999999,85.3000949
New Road,12065060492,27.71135539999999,85.3001479
New Road,2214586270,27.6976596,85.2938601
New Road,13384582722,27.7069637,85.3128371
New Road,2303740962,27.689814900000002,85.3130513
New Road,6525461204,27.694356099999997,85.298551
New Road,2308132278,27.690083999999995,85.3063784
New Road,2308132316,27.6907607,85.3065636
New Road,11204843727,27.7120114,85.3131829
New Road,2603025692,27.71332749999999,85.3111857
New Road,2603025695,27.713342400000002,85.3109386
New Road,2906087426,27.706301800000006,85.3173096
New Road,8463642581,27.709914,85.29846070000002
New Road,11250182252,27.709249099999997,85.3023684
New Road,3081560772,27.709661899999997,85.3024131
New Road,3232624748,27.705078999999998,85.2972222
New Road,3316339919,27.7139981,85.3039718
New Road,3316339934,27.7142639,85.3040213
New Road,3316339943,27.7139054,85.3044155
New Road,7418530913,27.692885899999997,85.3094843
New Road,3442502055,27.692068800000005,85.2979402
New Road,5050316037,27.692327200000005,85.2978252
New Road,3442556607,27.710020799999995,85.305164
New Road,3442556594,27.709976099999995,85.3053026
New Road,3442556611,27.71001,85.3056724
New Road,3442556649,27.710188599999995,85.3051831
New Road,3445877349,27.715128899999996,85.3069212
New Road,11837554956,27.715010300000003,85.3069139
New Road,3445877350,27.7152063,85.306432
New Road,3455349194,27.698332299999997,85.3079665
New Road,3446271593,27.703442099999997,85.3027056
New Road,3461299389,27.694419599999996,85.2955889
New Road,10910005018,27.710068599999996,85.2963576
New Road,3513606649,27.6931554,85.3087762
New Road,12017324494,27.701561299999998,85.2931362
New Road,12017324493,27.701816500000003,85.2939507
New Road,3488665488,27.7008797,85.3007688
New Road,3495785948,27.6913624,85.30449130000001
New Road,3495786962,27.691476999999995,85.3054925
New Road,3499033210,27.711093999999996,85.3118468
New Road,3513606654,27.693537399999997,85.3089328
New Road,6098344979,27.693850099999995,85.3115684
New Road,7464564308,27.705679099999998,85.3204223
New Road,4541324876,27.7054344,85.3198591
New Road,4539613965,27.704998099999997,85.3200056
New Road,4541324877,27.7054377,85.3197979
New Road,4663699839,27.694514500000004,85.30135080000001
New Road,4922436092,27.711660499999997,85.3122339
New Road,5047612309,27.6943486,85.2982692
New Road,5047612311,27.694116599999997,85.2985204
New Road,5047626285,27.6940895,85.2985169
New Road,5047626286,27.693980499999995,85.2987715
New Road,5052683231,27.6975619,85.2980845
New Road,5052652027,27.696883599999996,85.3104569
New Road,5083300445,27.697330000000004,85.3102662
New Road,5083291811,27.6972683,85.3104776
New Road,5083291775,27.697150500000003,85.3097694
New Road,5083317694,27.6980859,85.29723260000002
New Road,5100028366,27.710814599999996,85.3020661
New Road,13057420964,27.702398900000002,85.2997498
New Road,5325106862,27.694278800000003,85.3099733
New Road,5463610197,27.707984599999996,85.31989240000001
New Road,13818871145,27.707142999999995,85.3204451
New Road,10722657872,27.713436199999993,85.3073868
New Road,8463642588,27.709859599999998,85.2991347
New Road,6294655437,27.709895199999995,85.2986428
New Road,12067503020,27.710018699999996,85.2986737
New Road,6540617752,27.695222299999994,85.3128296
New Road,6540617753,27.6952347,85.312365
New Road,12045029968,27.6940258,85.3174901
New Road,6597532266,27.692071700000003,85.3171472
New Road,8321253258,27.711410199999996,85.2971924
New Road,7464529882,27.7049954,85.3203834
New Road,7464564292,27.7052457,85.3205095
New Road,7464564304,27.705414800000003,85.3206778
New Road,7464564309,27.7052949,85.3185173
New Road,7464564310,27.705099199999996,85.3184952
New Road,7464564328,27.7073247,85.3184965
New Road,7775386663,27.694040100000002,85.2973394
New Road,12065060475,27.710699500000004,85.2996917
New Road,12065060516,27.710291400000006,85.2998782
New Road,8387853004,27.696112199999998,85.3093281
New Road,10917578032,27.6959875,85.3098088
New Road,12084783257,27.692567600000004,85.301502
New Road,8444526481,27.707711399999997,85.3035925
New Road,8463642587,27.7099461,85.298914
New Road,8513772268,27.7078631,85.3033923
New Road,12045029942,27.693213499999995,85.3163494
New Road,12047041936,27.709625300000003,85.2999699
New Road,9173705752,27.711209299999997,85.2981178
New Road,9422010774,27.713347799999998,85.3075256
New Road,9466148225,27.710557799999993,85.3090086
New Road,10015395906,27.697140899999997,85.2934915
New Road,10275339197,27.701706100000003,85.3018561
New Road,10302079182,27.7088605,85.3073999
New Road,13930518952,27.709505299999996,85.3075981
New Road,10558643743,27.704565300000002,85.3201058
New Road,10558643752,27.7076465,85.3182229
New Road,10558643754,27.707763999999997,85.3176221
New Road,10722657864,27.7137022,85.3076996
New Road,10725355622,27.697085900000005,85.2998807
New Road,10917744502,27.7017685,85.3134267
New Road,10933434829,27.706918299999998,85.32108
New Road,11027577096,27.711524799999992,85.2992255
New Road,11027577099,27.711545,85.2989607
New Road,11027581828,27.7118257,85.2992393
New Road,12065082373,27.711115999999993,85.298907
New Road,12064988387,27.711430999999997,85.2985
New Road,11027581826,27.7119694,85.2992902
New Road,11204843726,27.712558200000007,85.3132613
New Road,11600594463,27.695485800000004,85.2998693
New Road,11837554952,27.714721499999996,85.3071338
New Road,11837554954,27.714953300000005,85.3073146
New Road,12045114414,27.702098,85.2931161
New Road,12064948733,27.709264199999993,85.29805
New Road,12064966360,27.710917499999997,85.2986334
New Road,12064966365,27.710688899999997,85.2986388
New Road,12067503010,27.710507300000003,85.2990525
New Road,12065060539,27.7108244,85.2991909
New Road,12065060481,27.710485299999995,85.2997761
New Road,12065060485,27.711217899999998,85.2999558
New Road,12065060493,27.7110457,85.3005914
New Road,12065060497,27.7111927,85.3007386
New Road,12065060505,27.710232400000002,85.3005103
New Road,12065060507,27.710118699999995,85.3003323
New Road,12065060522,27.710026100000004,85.2999051
New Road,12067503019,27.709912899999996,85.2999146
New Road,12067503015,27.709879199999996,85.3001858
New Road,12084783260,27.693023,85.3019527
New Road,12344171111,27.697037699999996,85.3190707
New Road,13018588064,27.7009302,85.3083531
New Road,13057420950,27.7008743,85.299528
New Road,13116561234,27.691027399999992,85.3033756
New Road,13384579792,27.7075717,85.3127325
New Road,13627700816,27.707748799999997,85.3134726
New Road,10187536808,27.6887569,85.309831
Koteshwor,31150617,27.6956534,85.3532259
Koteshwor,5597223709,27.695311299999997,85.3548284
Koteshwor,1835392122,27.694267499999995,85.3545268
Koteshwor,1919833113,27.696273499999997,85.35188930000001
Koteshwor,31228768,27.678788299999997,85.3495325
Koteshwor,6275508137,27.678938400000003,85.349528
Koteshwor,1942462680,27.6783339,85.3488421
Koteshwor,2051114390,27.6784728,85.3496994
Koteshwor,31230922,27.687306399999997,85.35052220000001
Koteshwor,3045212606,27.686489899999998,85.3500447
Koteshwor,12989555495,27.6876231,85.3507234
Koteshwor,317530944,27.685613400000005,85.347147
Koteshwor,5645771107,27.685578799999995,85.3469679
Koteshwor,5645760469,27.683696700000002,85.349122
Koteshwor,360711690,27.6785965,85.3535894
Koteshwor,9432621349,27.678512700000002,85.3535448
Koteshwor,360711691,27.6809869,85.3548323
Koteshwor,3486894760,27.678127399999994,85.3523484
Koteshwor,3496255369,27.6807864,85.3553209
Koteshwor,2442356098,27.6819696,85.3553364
Koteshwor,360711692,27.6839687,85.3563737
Koteshwor,3067777233,27.6846845,85.3567497
Koteshwor,1835366014,27.682766300000004,85.3557559
Koteshwor,12723246997,27.683367699999998,85.358229
Koteshwor,360711696,27.686483900000002,85.3580875
Koteshwor,12875103042,27.686911199999994,85.3584539
Koteshwor,1835366033,27.684853399999998,85.3568419
Koteshwor,12640708644,27.686399800000004,85.3587018
Koteshwor,360711700,27.691217299999998,85.36136
Koteshwor,1811325211,27.6918804,85.3612961
Koteshwor,3486860192,27.6910243,85.3614293
Koteshwor,10980190271,27.6913219,85.3616506
Koteshwor,360712059,27.689572199999994,85.3606438
Koteshwor,360714978,27.6894211,85.3613421
Koteshwor,6286951471,27.689111000000004,85.36037090000002
Koteshwor,1811325105,27.6898176,85.3629926
Koteshwor,1811325115,27.6900019,85.36213860000001
Koteshwor,360715460,27.6864134,85.3642695
Koteshwor,12522297225,27.686341599999995,85.3643716
Koteshwor,1807014445,27.6867931,85.3646433
Koteshwor,12948975031,27.6866344,85.3639549
Koteshwor,457275238,27.6819476,85.3623977
Koteshwor,3417009116,27.6818242,85.3623787
Koteshwor,10847850553,27.682807199999992,85.362474
Koteshwor,3417009129,27.6819508,85.36288690000002
Koteshwor,457275239,27.681436399999996,85.3622624
Koteshwor,5047733486,27.681375799999994,85.362247
Koteshwor,5047734622,27.6814932,85.3619316
Koteshwor,457275240,27.6807652,85.3621043
Koteshwor,5047733492,27.6806196,85.3620589
Koteshwor,10847850516,27.681358299999992,85.3612657
Koteshwor,457275241,27.680084599999994,85.3619486
Koteshwor,5052932559,27.679836999999996,85.3619055
Koteshwor,3486915874,27.680280800000002,85.3608881
Koteshwor,457275242,27.6788732,85.3617784
Koteshwor,457275243,27.678743000000004,85.3617702
Koteshwor,5302924794,27.6800907,85.3609905
Koteshwor,1835365996,27.677995599999996,85.361896
Koteshwor,2291037278,27.678684199999996,85.3608865
Koteshwor,457275245,27.677918399999996,85.3619209
Koteshwor,2425000505,27.678626899999998,85.3625077
Koteshwor,457275246,27.6772897,85.3617246
Koteshwor,12658417527,27.677497799999994,85.3636993
Koteshwor,2427758403,27.676399399999998,85.3614172
Koteshwor,457275276,27.68164060000001,85.36455460000002
Koteshwor,13503495519,27.681720100000003,85.3642952
Koteshwor,13503528520,27.681153399999996,85.3643367
Koteshwor,457275277,27.68144539999999,85.3648817
Koteshwor,2425000606,27.6802439,85.3641261
Koteshwor,457275343,27.6790647,85.363141
Koteshwor,2425000526,27.6791909,85.3640339
Koteshwor,13523950865,27.6782104,85.3633816
Koteshwor,672686234,27.68560749999999,85.3381047
Koteshwor,1931315731,27.6852829,85.3381118
Koteshwor,6538302358,27.685833400000003,85.3381194
Koteshwor,672686255,27.6852604,85.3391474
Koteshwor,672686235,27.6848324,85.3380183
Koteshwor,1931994030,27.685125999999997,85.3368269
Koteshwor,1882430902,27.684154099999997,85.3378107
Koteshwor,1931372160,27.685452699999995,85.3398036
Koteshwor,2172272920,27.684758200000005,85.3402647
Koteshwor,672686341,27.6767735,85.3442007
Koteshwor,1899616546,27.6761493,85.3449503
Koteshwor,10113612405,27.67619519999999,85.3441346
Koteshwor,10113612407,27.677040499999997,85.34425810000002
Koteshwor,672686347,27.677939300000006,85.3429365
Koteshwor,3643291257,27.6778824,85.3428969
Koteshwor,1317078210,27.6788756,85.3430049
Koteshwor,3643291263,27.678300299999997,85.3416896
Koteshwor,672686350,27.6751488,85.34231190000001
Koteshwor,10113612401,27.675057499999998,85.3428227
Koteshwor,1924770768,27.6751333,85.3418763
Koteshwor,672686362,27.676076799999993,85.3425491
Koteshwor,7027625294,27.674504999999996,85.3427088
Koteshwor,10113612377,27.676398099999997,85.3426422
Koteshwor,1899616543,27.6760853,85.3414165
Koteshwor,672686495,27.67563699999999,85.3390291
Koteshwor,1966272586,27.6755936,85.339112
Koteshwor,672686496,27.675862599999995,85.3385374
Koteshwor,1317078044,27.676111099999996,85.3404611
Koteshwor,672686500,27.676729399999996,85.3372841
Koteshwor,10113612391,27.676599600000003,85.3390229
Koteshwor,9452045264,27.676937399999996,85.3375631
Koteshwor,672686511,27.6799908,85.3396059
Koteshwor,1924770926,27.680034699999993,85.338575
Koteshwor,10113638919,27.680426699999998,85.3392927
Koteshwor,6084177077,27.679649599999998,85.3396677
Koteshwor,672686522,27.6816479,85.3434072
Koteshwor,1317078161,27.6816536,85.3434763
Koteshwor,1914505662,27.6811868,85.342644
Koteshwor,10113638939,27.681607200000002,85.3426317
Koteshwor,1273503537,27.677210599999995,85.3442944
Koteshwor,10113612414,27.677177899999997,85.34465390000001
Koteshwor,1911066586,27.6773918,85.3441838
Koteshwor,1273503554,27.6780113,85.349545
Koteshwor,5310868242,27.6784022,85.3490965
Koteshwor,1273503561,27.6770369,85.3455341
Koteshwor,6081984632,27.67680759999999,85.3459439
Koteshwor,12925349654,27.677678899999997,85.3457176
Koteshwor,1273503578,27.6877985,85.3592305
Koteshwor,8817729374,27.6885428,85.3598571
Koteshwor,8817729366,27.687598499999996,85.3590664
Koteshwor,3486899339,27.688228599999995,85.358383
Koteshwor,1273503599,27.695488699999988,85.355046
Koteshwor,5597223705,27.695314599999996,85.3550847
Koteshwor,1273515715,27.688733400000004,85.3513712
Koteshwor,1525726643,27.691279599999998,85.35284050000001
Koteshwor,4789784966,27.68894089999999,85.3501863
Koteshwor,1273515748,27.695031,85.3549272
Koteshwor,3339451293,27.6952328,85.35493820000002
Koteshwor,11140550244,27.6703238,85.3473495
Koteshwor,1942462611,27.6703448,85.3485783
Koteshwor,1280128320,27.673400499999993,85.342913
Koteshwor,3498342527,27.673389399999994,85.34291
Koteshwor,1280128327,27.6735685,85.3425894
Koteshwor,8509132091,27.6738938,85.3432728
Koteshwor,1280128324,27.6708889,85.346409
Koteshwor,6082138172,27.671053899999997,85.3461812
Koteshwor,9480118565,27.6706589,85.3466838
Koteshwor,1835345270,27.671828699999992,85.3468776
Koteshwor,9469153933,27.673591899999995,85.3424937
Koteshwor,1835345500,27.674030999999996,85.3431194
Koteshwor,1280128328,27.680800299999998,85.3395264
Koteshwor,6084175092,27.680716900000004,85.3394536
Koteshwor,10113638921,27.680999100000005,85.3390884
Koteshwor,10113638936,27.681067099999996,85.3403198
Koteshwor,1280128395,27.672325599999997,85.3443418
Koteshwor,1835345274,27.6718992,85.3448413
Koteshwor,3488696714,27.672666499999995,85.3449391
Koteshwor,2099483695,27.672571300000005,85.3440883
Koteshwor,1280128416,27.672764299999997,85.3438484
Koteshwor,13116073203,27.673257999999997,85.3442263
Koteshwor,1281233887,27.6862114,85.3433177
Koteshwor,1281233954,27.684537499999998,85.3429783
Koteshwor,1281233897,27.686457199999992,85.3431324
Koteshwor,1350400473,27.686747399999994,85.3435632
Koteshwor,1281233893,27.684419299999995,85.3400724
Koteshwor,1281233967,27.68458519999999,85.3407149
Koteshwor,1931372135,27.6847869,85.3403612
Koteshwor,1931981201,27.6842905,85.3395706
Koteshwor,1281233896,27.6844264,85.3423007
Koteshwor,1931252868,27.6844507,85.342153
Koteshwor,1931981217,27.684664799999997,85.3428586
Koteshwor,1931372127,27.684517499999995,85.3428544
Koteshwor,1281234065,27.6865289,85.3431628
Koteshwor,1931372233,27.686602900000004,85.3424784
Koteshwor,1281233905,27.685627099999998,85.33511350000002
Koteshwor,1908520542,27.685265900000005,85.3356472
Koteshwor,1931252816,27.682239999999997,85.341391
Koteshwor,1931981211,27.684437699999997,85.3409282
Koteshwor,1281233969,27.685826399999996,85.3412795
Koteshwor,1931981294,27.685698799999997,85.3411342
Koteshwor,1931981288,27.685539600000002,85.3413717
Koteshwor,1281233996,27.685948,85.3415107
Koteshwor,1931372210,27.685566799999997,85.3419152
Koteshwor,6671608037,27.6866772,85.3421413
Koteshwor,1281234059,27.6824545,85.3381303
Koteshwor,6084861447,27.682662099999998,85.3378941
Koteshwor,6105375373,27.6797373,85.3363627
Koteshwor,6398218864,27.682920199999998,85.3389879
Koteshwor,6084424918,27.681789,85.3368557
Koteshwor,1933482456,27.6865834,85.3431896
Koteshwor,1480868048,27.6873819,85.3393361
Koteshwor,1281234068,27.684463599999997,85.3416573
Koteshwor,1931981203,27.684341799999995,85.34165810000002
Koteshwor,1931981209,27.684452199999996,85.34151340000001
Koteshwor,1281234070,27.6829359,85.3354692
Koteshwor,1931993998,27.6829529,85.3357111
Koteshwor,1931989893,27.682649799999997,85.3354915
Koteshwor,1480867629,27.6829574,85.3351545
Koteshwor,1480868017,27.6867185,85.3359078
Koteshwor,1317078023,27.681118099999996,85.3419181
Koteshwor,6084075951,27.6811532,85.3421268
Koteshwor,1317078037,27.6806038,85.3414478
Koteshwor,10113486059,27.680714999999992,85.3420054
Koteshwor,1317078024,27.6861739,85.3440744
Koteshwor,6231298063,27.685483,85.3435058
Koteshwor,1317078188,27.686080299999997,85.3446087
Koteshwor,1933482453,27.6865967,85.3444734
Koteshwor,1317078036,27.678799299999998,85.34432520000001
Koteshwor,1899616598,27.678760000000004,85.3444762
Koteshwor,10113638852,27.678777199999992,85.3439026
Koteshwor,6084075943,27.679439099999996,85.3442578
Koteshwor,1911066577,27.6806253,85.3412871
Koteshwor,1899616681,27.680275800000004,85.3421563
Koteshwor,1317078092,27.676524999999998,85.3405858
Koteshwor,1317078262,27.6756628,85.3403553
Koteshwor,1924790453,27.676109300000007,85.3407909
Koteshwor,1317078055,27.678329000000005,85.3401765
Koteshwor,1924771887,27.6782839,85.3400471
Koteshwor,1317078254,27.67841539999999,85.3409351
Koteshwor,10113486052,27.6786807,85.3400888
Koteshwor,1317078058,27.679069099999992,85.3477943
Koteshwor,1899616600,27.678895899999997,85.3490127
Koteshwor,1317078214,27.6789631,85.34766660000001
Koteshwor,13080698885,27.679716199999998,85.3477577
Koteshwor,1317078069,27.6843401,85.3485469
Koteshwor,3826786241,27.6843826,85.3479485
Koteshwor,3045212586,27.6854006,85.3472827
Koteshwor,1317078070,27.6779566,85.3395153
Koteshwor,1924771882,27.677603499999996,85.3394497
Koteshwor,1899616584,27.677890099999995,85.3391366
Koteshwor,1317078075,27.682812999999992,85.3434137
Koteshwor,1317078096,27.6830958,85.3425019
Koteshwor,6054493837,27.683123100000003,85.3434042
Koteshwor,1317078083,27.6791183,85.3469488
Koteshwor,10113638886,27.679415999999996,85.3470035
Koteshwor,1317078189,27.679130699999998,85.3463605
Koteshwor,1317078087,27.676674699999996,85.3405895
Koteshwor,3402025238,27.6767832,85.3406494
Koteshwor,1924770798,27.6769691,85.3396396
Koteshwor,10113450297,27.685269699999996,85.3434958
Koteshwor,1909209732,27.681730200000004,85.341436
Koteshwor,1317078102,27.683212599999997,85.3453458
Koteshwor,10113509507,27.6841082,85.3450771
Koteshwor,1887753811,27.6835878,85.3461919
Koteshwor,2467145313,27.6831462,85.3450167
Koteshwor,1317078105,27.6774787,85.34079570000002
Koteshwor,3517001031,27.6772756,85.3408422
Koteshwor,10113638841,27.677847400000005,85.3408349
Koteshwor,1924771880,27.677531999999996,85.3400674
Koteshwor,1317078127,27.6770616,85.3407996
Koteshwor,1899616561,27.676936299999998,85.3415008
Koteshwor,1317078129,27.68547539999999,85.345707
Koteshwor,1317078276,27.68560229999999,85.3455148
Koteshwor,10113520824,27.685127900000005,85.346264
Koteshwor,6084381056,27.684642099999998,85.3458677
Koteshwor,1317078148,27.679258999999995,85.3400134
Koteshwor,10113486049,27.679261499999996,85.340627
Koteshwor,1317078280,27.679210599999998,85.3396214
Koteshwor,10113486054,27.678852699999997,85.3400373
Koteshwor,1317078149,27.684458199999995,85.3445683
Koteshwor,10113401534,27.683953500000005,85.344044
Koteshwor,6231288062,27.683066499999992,85.3446232
Koteshwor,6231288064,27.685186499999997,85.3446119
Koteshwor,1317078156,27.680645700000003,85.3459795
Koteshwor,10113638858,27.6806325,85.3459
Koteshwor,1317078169,27.680688799999995,85.3470746
Koteshwor,10113638859,27.6800033,85.3463647
Koteshwor,10113638958,27.680729299999992,85.3459283
Koteshwor,1887753690,27.681568200000005,85.3443192
Koteshwor,1887753682,27.680686099999992,85.3472137
Koteshwor,10113638892,27.680006699999996,85.347
Koteshwor,1317078171,27.680669099999992,85.3450351
Koteshwor,10113638912,27.68102259999999,85.3444635
Koteshwor,1317078240,27.6805469,85.3453359
Koteshwor,10113638856,27.679886899999993,85.3448033
Koteshwor,1317078186,27.6753907,85.3398638
Koteshwor,1924770764,27.6749363,85.3406022
Koteshwor,9870114223,27.686055299999996,85.3447457
Koteshwor,1317078211,27.686197799999995,85.3446458
Koteshwor,1317078228,27.678624799999998,85.3452222
Koteshwor,1926197338,27.6794858,85.3461992
Koteshwor,10113638819,27.6788016,85.3434733
Koteshwor,5104932609,27.6788996,85.3428042
Koteshwor,9870114227,27.686261199999997,85.3446733
Koteshwor,1924770876,27.678620499999997,85.3474575
Koteshwor,1317078221,27.685035199999998,85.3463947
Koteshwor,1317078337,27.6847708,85.3469815
Koteshwor,10113520820,27.684631799999995,85.345938
Koteshwor,6082128328,27.678657299999998,85.3450821
Koteshwor,10113612364,27.6782512,85.3456452
Koteshwor,10113638949,27.680567499999995,85.3454653
Koteshwor,6081873336,27.6802853,85.3454293
Koteshwor,3072786824,27.6783861,85.3416587
Koteshwor,10113638837,27.677982899999996,85.3408514
Koteshwor,10113612388,27.6756388,85.3408625
Koteshwor,1887753844,27.685942400000002,85.34536800000001
Koteshwor,6084381017,27.6843594,85.3456506
Koteshwor,9916241581,27.679280799999997,85.3396288
Koteshwor,1924770853,27.678184400000003,85.3390528
Koteshwor,1317078292,27.678187499999996,85.3463994
Koteshwor,1924770859,27.678165,85.3464927
Koteshwor,1924770832,27.677895099999994,85.3460752
Koteshwor,1317078306,27.6770679,85.3393069
Koteshwor,1924770819,27.677371899999997,85.339382
Koteshwor,1317078312,27.6766209,85.3390285
Koteshwor,1899616581,27.677274500000003,85.3382151
Koteshwor,6084381043,27.6848617,85.3470208
Koteshwor,6084381025,27.683972199999996,85.3465515
Koteshwor,1317084929,27.688879,85.3448007
Koteshwor,1350400437,27.6879724,85.3458261
Koteshwor,1350400222,27.689122600000005,85.3452729
Koteshwor,1350400274,27.6886256,85.3439781
Koteshwor,1317084931,27.6944699,85.3489871
Koteshwor,8531156666,27.694674800000005,85.348964
Koteshwor,1317085087,27.694378100000005,85.3498082
Koteshwor,8527133172,27.6945786,85.3485587
Koteshwor,1950338917,27.6940247,85.3408125
Koteshwor,1317084942,27.693078399999994,85.3513201
Koteshwor,6089424340,27.6930648,85.351348
Koteshwor,13475357815,27.6939558,85.3514206
Koteshwor,6059335856,27.6932485,85.3509229
Koteshwor,2075651251,27.69596779999999,85.3456837
Koteshwor,1317085198,27.696478799999998,85.3468024
Koteshwor,1317084951,27.6889877,85.3432773
Koteshwor,1317084961,27.6892775,85.3423646
Koteshwor,1317085140,27.6902595,85.344189
Koteshwor,1350400263,27.688658099999994,85.3423114
Koteshwor,2169476859,27.689654699999995,85.3426044
Koteshwor,1317084986,27.688174299999996,85.3408623
Koteshwor,3607694580,27.6899955,85.3404535
Koteshwor,1317084963,27.69307939999999,85.3405099
Koteshwor,1317085046,27.6930559,85.3406215
Koteshwor,1382903008,27.693142199999993,85.3399922
Koteshwor,6671608036,27.687217800000003,85.3407766
Koteshwor,1317085128,27.689963099999996,85.339674
Koteshwor,1317084988,27.694318399999993,85.3502812
Koteshwor,6059335826,27.69420369999999,85.3509319
Koteshwor,1872770493,27.694868099999997,85.3503396
Koteshwor,1317084996,27.693636499999993,85.3500335
Koteshwor,1317084989,27.694242999999997,85.3477228
Koteshwor,1872770488,27.694053099999994,85.3478122
Koteshwor,1317085176,27.694594099999996,85.3458399
Koteshwor,1950412122,27.694804499999996,85.3475358
Koteshwor,1317084990,27.6941455,85.3514169
Koteshwor,1317085034,27.6937383,85.3496422
Koteshwor,1872770522,27.6934989,85.3504024
Koteshwor,1317085002,27.694876,85.3475329
Koteshwor,11041573001,27.694905899999995,85.3475124
Koteshwor,1317085133,27.694795699999997,85.3488622
Koteshwor,1317085011,27.690315399999996,85.3441712
Koteshwor,1872776696,27.6907952,85.3451566
Koteshwor,2169477600,27.691842699999995,85.3448612
Koteshwor,1317085013,27.695332600000004,85.3472293
Koteshwor,6075217481,27.695653499999995,85.3469128
Koteshwor,13475357814,27.695799899999997,85.3476575
Koteshwor,1317085174,27.693643899999994,85.34882840000002
Koteshwor,1950348098,27.6929981,85.3409477
Koteshwor,2168867482,27.692248,85.3404218
Koteshwor,1317085070,27.693135899999998,85.3487246
Koteshwor,1872770560,27.6928104,85.3495712
Koteshwor,1872770557,27.692718100000004,85.3483887
Koteshwor,1317085072,27.691884399999992,85.3449408
Koteshwor,10974194798,27.6926203,85.34537160000001
Koteshwor,1872776701,27.690955399999993,85.3456186
Koteshwor,1872770504,27.694934699999997,85.3498675
Koteshwor,1317085111,27.688845999999998,85.3468686
Koteshwor,1350400448,27.68820609999999,85.3471348
Koteshwor,1317085163,27.689681200000003,85.3480114
Koteshwor,11332164913,27.688960400000003,85.3467406
Koteshwor,2027904876,27.6899712,85.3393497
Koteshwor,1317085135,27.6912639,85.346589
Koteshwor,7826061221,27.691813699999997,85.3468272
Koteshwor,3071240249,27.690264999999997,85.346791
Koteshwor,1317087962,27.691669999999995,85.3478262
Koteshwor,2169476867,27.690210300000004,85.3433661
Koteshwor,1989334747,27.688644399999998,85.3480801
Koteshwor,1350400231,27.6913827,85.3482519
Koteshwor,2562660251,27.6939957,85.3478759
Koteshwor,4773215451,27.6938509,85.3457132
Koteshwor,1395061126,27.6951441,85.3460315
Koteshwor,6084891446,27.696456399999995,85.3468435
Koteshwor,12024110393,27.696206499999995,85.3467694
Koteshwor,1317085219,27.6963331,85.3474493
Koteshwor,1317087862,27.693236999999993,85.3445252
Koteshwor,6460011847,27.693014099999992,85.3444737
Koteshwor,1950345201,27.693907200000005,85.344384
Koteshwor,6460011848,27.6934993,85.3437059
Koteshwor,1317087867,27.6914438,85.34170830000001
Koteshwor,1950348085,27.69178,85.3427805
Koteshwor,1317087931,27.6910112,85.34250360000001
Koteshwor,1317087888,27.6916383,85.3413906
Koteshwor,2168893745,27.690562,85.3414726
Koteshwor,1317087878,27.689886799999996,85.3469082
Koteshwor,1317087956,27.689975499999996,85.3469895
Koteshwor,8552567334,27.6900528,85.3468203
Koteshwor,11332164919,27.689237299999995,85.3469608
Koteshwor,1317087887,27.6937016,85.343265
Koteshwor,2169503617,27.693761,85.3430151
Koteshwor,1317087986,27.693332899999994,85.34307260000001
Koteshwor,1317087975,27.695149699999998,85.3436903
Koteshwor,2169503261,27.6932386,85.3432519
Koteshwor,1317087907,27.6925546,85.3414432
Koteshwor,1950348069,27.691102,85.3406368
Koteshwor,1317087889,27.692999199999996,85.3456178
Koteshwor,10974194801,27.692962799999997,85.3457022
Koteshwor,10994078555,27.6929883,85.3449659
Koteshwor,1317087892,27.6908245,85.3431021
Koteshwor,1317087924,27.69067459999999,85.3429731
Koteshwor,1950348086,27.6918761,85.3438365
Koteshwor,1317087902,27.692403,85.3441786
Koteshwor,1317087929,27.692268600000002,85.3440844
Koteshwor,1317087947,27.692886199999997,85.3424021
Koteshwor,1317087908,27.692869500000004,85.3415159
Koteshwor,1317087920,27.692795999999998,85.3471959
Koteshwor,1872770501,27.692961399999998,85.3473007
Koteshwor,6079020739,27.692577099999998,85.3470627
Koteshwor,1317087930,27.690251699999997,85.3427379
Koteshwor,13475284898,27.6906017,85.3434947
Koteshwor,2169477602,27.691843399999996,85.34465070000002
Koteshwor,2169476862,27.6901063,85.342806
Koteshwor,4529599017,27.6901629,85.3414247
Koteshwor,2028487480,27.691623299999996,85.3427112
Koteshwor,1317087943,27.6957534,85.3444243
Koteshwor,1395061136,27.695506899999998,85.3444368
Koteshwor,13475316901,27.6924981,85.3420966
Koteshwor,13475316907,27.6902947,85.3473866
Koteshwor,2295498210,27.69206519999999,85.3482081
Koteshwor,1950345213,27.695093699999994,85.3428656
Koteshwor,1950338924,27.695390799999995,85.3444251
Koteshwor,1350400180,27.689417299999995,85.3485241
Koteshwor,5319922948,27.689389399999996,85.3487254
Koteshwor,3045193465,27.688688400000004,85.34859170000001
Koteshwor,1350400332,27.689984300000003,85.3483859
Koteshwor,1350400184,27.688335499999994,85.342796
Koteshwor,3071240243,27.6901876,85.3455654
Koteshwor,6081170094,27.691565899999997,85.3484269
Koteshwor,1350400433,27.688145099999996,85.34202620000002
Koteshwor,1350400417,27.688553999999993,85.34391010000002
Koteshwor,1350400300,27.687741999999997,85.3476913
Koteshwor,1887753884,27.687638299999996,85.346198
Koteshwor,1350400420,27.688234800000004,85.3483693
Koteshwor,10918066400,27.685889399999997,85.347963
Koteshwor,1350400318,27.690942900000003,85.34558260000001
Koteshwor,3045192328,27.690862,85.3491883
Koteshwor,5319922949,27.689962700000002,85.348761
Koteshwor,1350400333,27.695403599999995,85.3495843
Koteshwor,3047043262,27.695192499999997,85.3503939
Koteshwor,1960133687,27.696392599999996,85.3478859
Koteshwor,1960135224,27.6957568,85.3496656
Koteshwor,1350400400,27.687498999999995,85.3451914
Koteshwor,4373161018,27.686950499999995,85.3443771
Koteshwor,3071240242,27.686803300000005,85.3425903
Koteshwor,1350400453,27.6884705,85.34850850000001
Koteshwor,1886290465,27.687150500000005,85.34883
Koteshwor,6109536650,27.687047999999997,85.3415555
Koteshwor,13475316912,27.6879808,85.342511
Koteshwor,1350400450,27.6917418,85.3488724
Koteshwor,6081170092,27.69169829999999,85.3487423
Koteshwor,13475357816,27.6920641,85.3490563
Koteshwor,1872770563,27.692129599999998,85.3505145
Koteshwor,6081358062,27.688349399999996,85.3488362
Koteshwor,4373161206,27.687527899999996,85.3441722
Koteshwor,1933491192,27.686666400000004,85.3432342
Koteshwor,1350400554,27.687785699999996,85.3445947
Koteshwor,1350400574,27.692232399999995,85.3513735
Koteshwor,6089421853,27.692060799999997,85.351222
Koteshwor,1872770495,27.692550899999993,85.3509979
Koteshwor,1919833069,27.6946115,85.3516877
Koteshwor,1382902974,27.6912595,85.3388677
Koteshwor,10928001340,27.675116199999998,85.3383867
Koteshwor,4514705309,27.6781839,85.3367067
Koteshwor,1382902863,27.6799558,85.3370151
Koteshwor,10113450285,27.679867300000005,85.3372671
Koteshwor,10113450289,27.680951999999994,85.3374781
Koteshwor,1382902907,27.6813406,85.3377379
Koteshwor,1835391891,27.682316199999992,85.33884510000001
Koteshwor,1907145656,27.681202699999996,85.3381842
Koteshwor,1382902909,27.681322699999996,85.3406707
Koteshwor,1382902913,27.68163639999999,85.3409327
Koteshwor,1382902918,27.681882899999998,85.340189
Koteshwor,6670372129,27.682351899999993,85.3401506
Koteshwor,1382902922,27.6820616,85.3399259
Koteshwor,1924770956,27.681383499999995,85.3401563
Koteshwor,10113450296,27.682133899999993,85.3398472
Koteshwor,10113638932,27.681879099999993,85.3396873
Koteshwor,1382902924,27.682268100000005,85.3397166
Koteshwor,1382902928,27.682499400000005,85.3392036
Koteshwor,1924770967,27.6817811,85.3391523
Koteshwor,1382902973,27.6906362,85.3386878
Koteshwor,1931351630,27.690053500000005,85.3388373
Koteshwor,4346950882,27.691488899999996,85.3389304
Koteshwor,1382903010,27.693147999999994,85.3396131
Koteshwor,2168867596,27.6925905,85.3399039
Koteshwor,10004149726,27.695163399999988,85.3460184
Koteshwor,1950412131,27.695431899999992,85.3466023
Koteshwor,1395061134,27.6954856,85.3445533
Koteshwor,7147295938,27.6952032,85.3454459
Koteshwor,13475357828,27.695960199999995,85.3447098
Koteshwor,1399427351,27.695936399999997,85.3496683
Koteshwor,1399427355,27.696212100000004,85.349049
Koteshwor,1919833100,27.695890199999997,85.3500563
Koteshwor,1960133683,27.696332800000004,85.348766
Koteshwor,1960133679,27.696155799999993,85.3487848
Koteshwor,4525509657,27.68391989999999,85.3349574
Koteshwor,1480867632,27.6861697,85.3362808
Koteshwor,1931994050,27.686226899999994,85.3360561
Koteshwor,1480868024,27.686608699999997,85.3364459
Koteshwor,1931994038,27.6856279,85.3363379
Koteshwor,1480867862,27.6868835,85.3359707
Koteshwor,1931994062,27.686873499999997,85.3359395
Koteshwor,1931994061,27.6868403,85.3361994
Koteshwor,4914887991,27.688048699999992,85.3359171
Koteshwor,1480868015,27.685063899999992,85.3354968
Koteshwor,1480868060,27.684447700000003,85.3351474
Koteshwor,1931315726,27.684567299999998,85.33637970000001
Koteshwor,1931315740,27.686773000000006,85.33644120000001
Koteshwor,1480868049,27.6874639,85.3389464
Koteshwor,2168953899,27.687436400000006,85.3393496
Koteshwor,10794940147,27.6875207,85.3389625
Koteshwor,4331927952,27.687373299999997,85.3389209
Koteshwor,10945918822,27.687869199999998,85.337105
Koteshwor,1931315723,27.684312999999996,85.3361846
Koteshwor,1489365978,27.6714636,85.3519029
Koteshwor,11482202434,27.671719399999994,85.3516972
Koteshwor,1835345180,27.670350599999992,85.3522608
Koteshwor,9999077033,27.6710401,85.3516453
Koteshwor,1489366027,27.670286899999997,85.3526232
Koteshwor,9999060718,27.670642299999997,85.3529653
Koteshwor,2257263983,27.691471199999995,85.3518452
Koteshwor,1807303547,27.687023199999995,85.3643911
Koteshwor,1807014448,27.687287199999997,85.3641203
Koteshwor,1807303545,27.687092099999994,85.3640651
Koteshwor,1807303562,27.6877063,85.3642217
Koteshwor,1807303549,27.687229100000003,85.3641754
Koteshwor,1807303553,27.687427900000003,85.3638944
Koteshwor,1807303555,27.6875442,85.3633649
Koteshwor,1807303551,27.68722,85.3631041
Koteshwor,12875103056,27.687329400000003,85.3629474
Koteshwor,10980068643,27.687050399999997,85.3633447
Koteshwor,1807303573,27.688182499999996,85.3638592
Koteshwor,1807303563,27.687715699999995,85.363503
Koteshwor,1807303565,27.687891299999997,85.3621435
Koteshwor,1807303571,27.6881829,85.3634335
Koteshwor,2177065996,27.688237299999997,85.3616456
Koteshwor,1835366034,27.6877127,85.3623927
Koteshwor,12522316589,27.687695999999995,85.36187620000001
Koteshwor,1807303587,27.688568899999996,85.3633934
Koteshwor,1807303604,27.688923299999995,85.3634004
Koteshwor,1807303608,27.6889291,85.3636123
Koteshwor,1807303657,27.68946259999999,85.3634652
Koteshwor,1807303628,27.6892767,85.3635976
Koteshwor,1807303674,27.6898452,85.3631062
Koteshwor,1811325113,27.6900053,85.3629806
Koteshwor,1811325116,27.690001499999997,85.3625652
Koteshwor,1811325184,27.691227799999997,85.3622085
Koteshwor,1811325209,27.691858900000003,85.3617075
Koteshwor,1835345181,27.670403,85.3537781
Koteshwor,1835345161,27.6699939,85.3496336
Koteshwor,1835345189,27.670600700000005,85.3501896
Koteshwor,11841727346,27.669862299999995,85.3499206
Koteshwor,1835345172,27.6701459,85.3533733
Koteshwor,1835345197,27.670718599999997,85.3549397
Koteshwor,1835345178,27.6703795,85.354384
Koteshwor,1835345193,27.670647,85.3541672
Koteshwor,8442749085,27.670811999999998,85.3524833
Koteshwor,1835345183,27.6704948,85.3469594
Koteshwor,6082014921,27.6702431,85.3472437
Koteshwor,1835345215,27.671037199999997,85.3477181
Koteshwor,3084111877,27.670374599999995,85.3505013
Koteshwor,1835345200,27.670708099999995,85.349982
Koteshwor,4315534372,27.671239599999993,85.3562919
Koteshwor,1835345225,27.67135,85.3537181
Koteshwor,12635085571,27.6707432,85.354946
Koteshwor,1835345246,27.671567099999997,85.3543466
Koteshwor,1835345212,27.671031999999997,85.34984590000002
Koteshwor,3635272240,27.66992129999999,85.3491206
Koteshwor,1835345210,27.6710559,85.3550267
Koteshwor,1835345244,27.671524699999996,85.3546595
Koteshwor,1835345262,27.671825799999997,85.355205
Koteshwor,1835345233,27.671357599999997,85.3555604
Koteshwor,1835345254,27.6716312,85.349999
Koteshwor,6084152247,27.671161999999995,85.3496413
Koteshwor,11140550229,27.6707752,85.3480884
Koteshwor,1835345269,27.671779899999994,85.3472185
Koteshwor,1835345314,27.6724137,85.3565296
Koteshwor,1835345251,27.6716164,85.3539821
Koteshwor,1835345226,27.671193499999994,85.3508579
Koteshwor,1835345237,27.671466400000003,85.3509501
Koteshwor,6084229172,27.670064200000002,85.3508433
Koteshwor,1835345228,27.671298500000006,85.3558992
Koteshwor,4493490826,27.670962199999998,85.3557709
Koteshwor,1835345292,27.672096300000003,85.3555982
Koteshwor,8503481119,27.671256399999997,85.3513325
Koteshwor,1835345243,27.6714927,85.3507828
Koteshwor,1835345242,27.671483899999995,85.3455439
Koteshwor,1835345250,27.671579400000002,85.3457508
Koteshwor,6079030646,27.6712013,85.3459292
Koteshwor,3498351434,27.671592099999998,85.3503596
Koteshwor,1906612419,27.6732027,85.351367
Koteshwor,8497217791,27.6721462,85.3552617
Koteshwor,6079030635,27.6714627,85.3459047
Koteshwor,3497388900,27.671876,85.3461386
Koteshwor,9476411552,27.671743799999994,85.3456008
Koteshwor,1835345322,27.672683700000007,85.3546534
Koteshwor,1835345257,27.671721600000005,85.3496504
Koteshwor,1835345456,27.6736563,85.3506484
Koteshwor,10606343722,27.671747699999994,85.3494101
Koteshwor,1835345261,27.67178339999999,85.3492958
Koteshwor,9489409157,27.6720567,85.3481924
Koteshwor,6084152891,27.67071500000001,85.3481959
Koteshwor,1835345294,27.672110700000005,85.3480907
Koteshwor,1835345279,27.671929299999995,85.3467775
Koteshwor,2099483607,27.672063599999998,85.3450876
Koteshwor,6079102999,27.6719828,85.34668290000002
Koteshwor,6079201779,27.6722645,85.3473108
Koteshwor,2427684326,27.6724996,85.3558167
Koteshwor,1835345315,27.6724083,85.3479588
Koteshwor,1835345297,27.672106699999997,85.3463374
Koteshwor,1906612414,27.672225600000004,85.3460716
Koteshwor,6081374230,27.672029999999992,85.3465018
Koteshwor,1835345305,27.672264,85.3571869
Koteshwor,1892732789,27.671934900000004,85.3574976
Koteshwor,2289785295,27.6727915,85.3576052
Koteshwor,1835345310,27.67241329999999,85.3475842
Koteshwor,1835345330,27.672736799999992,85.3474075
Koteshwor,1835345362,27.672800499999994,85.3564464
Koteshwor,1835345335,27.672758199999997,85.3481749
Koteshwor,1835345320,27.672526199999997,85.3455935
Koteshwor,6081373718,27.672261599999995,85.34532260000002
Koteshwor,9485432884,27.673289,85.3459132
Koteshwor,1835345321,27.6725677,85.3553472
Koteshwor,1835345367,27.672948199999997,85.355435
Koteshwor,1835345378,27.673047099999998,85.3548261
Koteshwor,6079205893,27.673421599999998,85.346369
Koteshwor,3497406809,27.672750900000004,85.3484105
Koteshwor,2289785743,27.6735394,85.3563253
Koteshwor,2427644371,27.672875899999998,85.355923
Koteshwor,9998918752,27.673223700000005,85.35550000000002
Koteshwor,9998918753,27.673336999999997,85.3549313
Koteshwor,1835345435,27.673436199999998,85.3523817
Koteshwor,1906612423,27.6734741,85.3519326
Koteshwor,1835345437,27.673455999999998,85.3530093
Koteshwor,1906612428,27.673724399999998,85.3524169
Koteshwor,3486879148,27.6734631,85.35309490000002
Koteshwor,9999077087,27.6743973,85.3534602
Koteshwor,1835345442,27.673533699999997,85.3515331
Koteshwor,1835345445,27.673628399999995,85.3512353
Koteshwor,1906612424,27.673495199999994,85.351713
Koteshwor,1906612442,27.67398590000001,85.3515964
Koteshwor,6081849136,27.6736322,85.3510341
Koteshwor,8506073258,27.674060199999996,85.3513221
Koteshwor,1835345449,27.6735819,85.3461411
Koteshwor,1835345450,27.6735651,85.3464274
Koteshwor,6078272278,27.673998499999993,85.345953
Koteshwor,6078272289,27.674124899999992,85.3463291
Koteshwor,11734304576,27.673866899999997,85.3466176
Koteshwor,1835345455,27.673683299999997,85.3562493
Koteshwor,4361239594,27.6737089,85.3560954
Koteshwor,11668891238,27.6742486,85.3562773
Koteshwor,1835345464,27.673688199999997,85.3502544
Koteshwor,1906612453,27.674314599999995,85.3503671
Koteshwor,1835345478,27.6737844,85.3556406
Koteshwor,1835345489,27.673864299999998,85.3551827
Koteshwor,6651767242,27.674844700000005,85.3559295
Koteshwor,3316554173,27.6748696,85.3555927
Koteshwor,1906601040,27.6742651,85.3433377
Koteshwor,1835345600,27.675004199999997,85.356409
Koteshwor,11840534279,27.6749149,85.3563982
Koteshwor,3316554190,27.675089499999995,85.3564193
Koteshwor,12925493398,27.675096699999994,85.3546631
Koteshwor,1835345660,27.6754977,85.3449037
Koteshwor,6078655422,27.676246200000005,85.3460368
Koteshwor,6078369754,27.675296099999994,85.3451839
Koteshwor,12211889881,27.674638599999998,85.3437403
Koteshwor,1835345728,27.677684700000004,85.3482308
Koteshwor,1906664464,27.6774269,85.3488157
Koteshwor,4170700892,27.6767955,85.3468649
Koteshwor,1899616593,27.678321499999996,85.3491838
Koteshwor,1963141980,27.671778700000004,85.3421688
Koteshwor,9998931994,27.673113899999993,85.35955310000001
Koteshwor,1835365965,27.6745324,85.3612665
Koteshwor,1835365893,27.673133299999996,85.3595303
Koteshwor,9974315711,27.673064399999998,85.3594005
Koteshwor,1835365938,27.6738972,85.3598888
Koteshwor,4887518453,27.674094799999995,85.35883860000001
Koteshwor,9998931998,27.6737821,85.3604197
Koteshwor,1835365971,27.6747386,85.3583735
Koteshwor,4861275783,27.6746763,85.3610258
Koteshwor,1835365972,27.674749199999997,85.35810080000002
Koteshwor,9974113189,27.6743836,85.3579922
Koteshwor,1835365974,27.674836799999998,85.3563888
Koteshwor,1835365976,27.6753572,85.3609338
Koteshwor,1835365978,27.675491599999997,85.3606045
Koteshwor,1835695207,27.6748999,85.3607815
Koteshwor,1835365987,27.676498399999996,85.3594953
Koteshwor,2289814512,27.674941899999997,85.3602944
Koteshwor,3486915822,27.6771207,85.3598405
Koteshwor,4916617947,27.6759132,85.3591153
Koteshwor,1835365992,27.6771503,85.3598516
Koteshwor,1835366007,27.679599800000005,85.3646074
Koteshwor,13506211577,27.679295199999995,85.3642341
Koteshwor,1835366012,27.6818537,85.36391040000001
Koteshwor,8272620627,27.680861899999996,85.3634783
Koteshwor,2442356109,27.682719999999996,85.3557318
Koteshwor,1835366016,27.6831213,85.3570305
Koteshwor,1835366018,27.683107900000003,85.357451
Koteshwor,9387764597,27.682386200000003,85.3564157
Koteshwor,9387764591,27.6826751,85.3570799
Koteshwor,1835366019,27.683066499999995,85.3579545
Koteshwor,9387764587,27.6824397,85.3574161
Koteshwor,1835366021,27.6828221,85.35830250000001
Koteshwor,1835366024,27.683545799999997,85.3589223
Koteshwor,9387764589,27.682202199999995,85.3577554
Koteshwor,9933064580,27.682576699999995,85.3586451
Koteshwor,1835366022,27.683285799999997,85.3592531
Koteshwor,1835366028,27.684210500000002,85.3600422
Koteshwor,10774502874,27.683045299999996,85.3595786
Koteshwor,1835366030,27.684435000000004,85.3597033
Koteshwor,12723285425,27.683794400000004,85.3586022
Koteshwor,1835366025,27.683812599999992,85.3585787
Koteshwor,10774502832,27.684307999999994,85.3590132
Koteshwor,3486910202,27.6839683,85.3603939
Koteshwor,10774560356,27.684486499999995,85.36015790000002
Koteshwor,1835366031,27.684668199999997,85.3599393
Koteshwor,1835366032,27.6846325,85.3593615
Koteshwor,10774502857,27.684997400000004,85.3602775
Koteshwor,10774560361,27.6848163,85.359424
Koteshwor,10774502863,27.684617100000004,85.3591239
Koteshwor,10774502835,27.6848653,85.35729870000002
Koteshwor,3486811561,27.6875598,85.356967
Koteshwor,9037025239,27.687470899999997,85.3627447
Koteshwor,2177065949,27.686297699999994,85.36126900000001
Koteshwor,1835391819,27.6778342,85.3387229
Koteshwor,1899616588,27.677980599999998,85.3388781
Koteshwor,1924770822,27.677462199999997,85.3384174
Koteshwor,1924770845,27.677896099999995,85.3383052
Koteshwor,1835391858,27.679309199999995,85.3393146
Koteshwor,1835391862,27.6793962,85.3388794
Koteshwor,9916225706,27.678884499999995,85.3391804
Koteshwor,1835391865,27.679460700000003,85.3386073
Koteshwor,2178043800,27.679480100000003,85.3382173
Koteshwor,6085183360,27.678984,85.3387529
Koteshwor,1835391873,27.6795276,85.3375468
Koteshwor,1906556798,27.6792567,85.3374578
Koteshwor,1835391875,27.679800199999995,85.3374168
Koteshwor,1924770904,27.679471699999993,85.3379795
Koteshwor,6085145222,27.680427899999998,85.3377504
Koteshwor,1835391879,27.681179799999995,85.3381805
Koteshwor,6084937280,27.680981799999998,85.3380499
Koteshwor,1924770948,27.681151699999997,85.3382523
Koteshwor,2051129928,27.681959799999998,85.3384733
Koteshwor,1838294586,27.683437999999995,85.3368702
Koteshwor,1931989904,27.6835444,85.3366352
Koteshwor,1838294594,27.683201000000004,85.3367443
Koteshwor,1838294589,27.6838209,85.33718060000001
Koteshwor,6102912560,27.684457999999992,85.3370628
Koteshwor,1882434416,27.682973800000003,85.3374953
Koteshwor,1838295041,27.683006799999998,85.3362659
Koteshwor,1838301703,27.682860899999998,85.3362592
Koteshwor,1883101885,27.68298659999999,85.3360651
Koteshwor,1838297456,27.681524899999996,85.3353411
Koteshwor,1838297459,27.681332599999998,85.3355587
Koteshwor,1933425223,27.6816734,85.3350162
Koteshwor,1931989828,27.681123600000003,85.3358241
Koteshwor,1931412512,27.680972599999993,85.3351739
Koteshwor,1838301701,27.682580599999998,85.3361744
Koteshwor,1931989876,27.682032999999993,85.3363302
Koteshwor,1931989890,27.6826089,85.3361488
Koteshwor,1882473616,27.6824884,85.336519
Koteshwor,1838302986,27.682639799999997,85.3366047
Koteshwor,1872454769,27.684056300000005,85.3393218
Koteshwor,1872454781,27.684189899999996,85.3393392
Koteshwor,1882430845,27.6839707,85.3392903
Koteshwor,1931981180,27.684050900000003,85.33938120000002
Koteshwor,1882430882,27.684170799999997,85.3392372
Koteshwor,1872454782,27.6845984,85.3386565
Koteshwor,10755251842,27.6843503,85.3383148
Koteshwor,1931989931,27.684379900000003,85.3389317
Koteshwor,1872454805,27.6834519,85.3393645
Koteshwor,1872454813,27.6829942,85.33928590000001
Koteshwor,1931981162,27.683552,85.3397658
Koteshwor,1931252820,27.6830215,85.3399175
Koteshwor,3415558671,27.693440100000004,85.3475685
Koteshwor,1877263402,27.692265399999993,85.3507245
Koteshwor,1872770550,27.69328030000001,85.3501246
Koteshwor,11990079777,27.69305329999999,85.3465471
Koteshwor,6059335832,27.693397799999993,85.3506169
Koteshwor,1872770524,27.692443599999997,85.3501859
Koteshwor,1872770532,27.693152100000002,85.3498695
Koteshwor,1872770561,27.692851899999997,85.3502377
Koteshwor,6084823220,27.6833408,85.3384395
Koteshwor,1933425350,27.6838923,85.3396095
Koteshwor,1882430870,27.6835096,85.3380201
Koteshwor,1932000421,27.683321099999997,85.3378047
Koteshwor,1882430898,27.6832107,85.3382348
Koteshwor,1931989907,27.6837282,85.3377239
Koteshwor,10755251839,27.6843377,85.3389916
Koteshwor,1931989914,27.683873899999995,85.3379616
Koteshwor,1882430886,27.6827533,85.33777980000002
Koteshwor,1882430910,27.683050400000003,85.3380877
Koteshwor,1882477186,27.6822734,85.3349752
Koteshwor,1931989877,27.6822332,85.33503950000001
Koteshwor,10113638881,27.680674300000003,85.3475208
Koteshwor,1887753700,27.681785099999995,85.3474462
Koteshwor,1887753683,27.680556500000005,85.3481445
Koteshwor,10113638884,27.680663699999997,85.3477983
Koteshwor,10113638874,27.680448399999996,85.3484547
Koteshwor,1887753718,27.6819823,85.3479405
Koteshwor,1887753685,27.681332499999996,85.3451008
Koteshwor,10113638943,27.6811244,85.3450665
Koteshwor,6287110836,27.681308499999997,85.3454071
Koteshwor,10113638942,27.6813696,85.3448863
Koteshwor,1887753756,27.682655399999998,85.3450785
Koteshwor,1887753704,27.681850099999995,85.3473373
Koteshwor,1887753782,27.683048200000005,85.3480418
Koteshwor,1887753768,27.6828211,85.3464943
Koteshwor,1887753767,27.6828732,85.3484338
Koteshwor,1887753740,27.6823405,85.3459508
Koteshwor,1906556825,27.681746299999997,85.3461429
Koteshwor,10113638960,27.682064299999997,85.3457127
Koteshwor,2467145367,27.681994099999997,85.34508
Koteshwor,3596874835,27.6826106,85.3492396
Koteshwor,1887753787,27.683098899999997,85.3466336
Koteshwor,1887753770,27.682944499999998,85.3471549
Koteshwor,1887753790,27.6831629,85.3480465
Koteshwor,1887753776,27.6830854,85.3466847
Koteshwor,10113520828,27.682467599999995,85.3470138
Koteshwor,8507999204,27.683440199999993,85.3469172
Koteshwor,2038006737,27.68351759999999,85.3490582
Koteshwor,1887753821,27.6839283,85.3459553
Koteshwor,1887753813,27.6838935,85.344817
Koteshwor,10113509503,27.684026599999992,85.3458804
Koteshwor,10113509506,27.6837727,85.3456512
Koteshwor,9870114226,27.6859708,85.3458056
Koteshwor,1887753845,27.685988099999996,85.3464445
Koteshwor,1990638925,27.685877699999995,85.3466389
Koteshwor,1887753862,27.6863754,85.3446873
Koteshwor,1887753857,27.686225899999997,85.34638110000002
Koteshwor,6084672313,27.687562599999996,85.3459624
Koteshwor,1887753901,27.687903399999993,85.3491106
Koteshwor,1887753910,27.688273299999995,85.3491909
Koteshwor,1887753906,27.688060599999996,85.3500048
Koteshwor,1887753912,27.68834079999999,85.3500459
Koteshwor,5047708028,27.688318199999998,85.3490142
Koteshwor,5047708034,27.688487100000003,85.3500944
Koteshwor,5047773627,27.6882943,85.3504312
Koteshwor,1887753922,27.6891877,85.3501009
Koteshwor,6081358066,27.689270099999998,85.3491159
Koteshwor,6081342044,27.690259699999995,85.3500286
Koteshwor,1887753926,27.689306499999994,85.3489776
Koteshwor,5319922947,27.68993379999999,85.348941
Koteshwor,1887753939,27.690092799999995,85.3490288
Koteshwor,6081358081,27.6907636,85.349273
Koteshwor,6081358073,27.6901018,85.3492239
Koteshwor,1887753945,27.690621300000004,85.35053
Koteshwor,2285170926,27.691179800000004,85.3510742
Koteshwor,2285170919,27.689656799999998,85.3504502
Koteshwor,1892732814,27.672322899999998,85.3582932
Koteshwor,2476303315,27.671704199999994,85.3574699
Koteshwor,2289785289,27.672423600000002,85.3584768
Koteshwor,1899616532,27.675515099999995,85.344013
Koteshwor,1899616539,27.6757743,85.344034
Koteshwor,1899616538,27.675875599999994,85.3435969
Koteshwor,10113612402,27.675527099999996,85.343594
Koteshwor,3402025231,27.676076499999997,85.3412572
Koteshwor,3402075116,27.6765391,85.341503
Koteshwor,10920911261,27.6760864,85.3450584
Koteshwor,1899616575,27.677171799999996,85.3415353
Koteshwor,1899616562,27.6769356,85.3426975
Koteshwor,1906556753,27.677108399999998,85.3427188
Koteshwor,1899616570,27.677092499999997,85.3419521
Koteshwor,10113638828,27.676956999999998,85.3418894
Koteshwor,10907401589,27.6774138,85.3383652
Koteshwor,1924770805,27.6771303,85.337953
Koteshwor,1899616597,27.6787922,85.343533
Koteshwor,10113638824,27.678773399999997,85.3437134
Koteshwor,10113486038,27.6789366,85.3435601
Koteshwor,10113612368,27.678710799999998,85.3446926
Koteshwor,1899616621,27.679425199999994,85.3447131
Koteshwor,1899616684,27.680452999999996,85.34935120000002
Koteshwor,2619331841,27.678846899999993,85.349118
Koteshwor,1899616601,27.678940099999995,85.3425894
Koteshwor,3290252691,27.678933299999997,85.3421861
Koteshwor,1899616640,27.6797946,85.34261
Koteshwor,1899616611,27.6791813,85.3420456
Koteshwor,1899616651,27.679824,85.3419616
Koteshwor,3483829885,27.6792193,85.3409778
Koteshwor,10113638854,27.679547900000003,85.3447541
Koteshwor,4529499842,27.679726399999996,85.3460242
Koteshwor,1899616630,27.679639199999997,85.3432997
Koteshwor,10113486043,27.6794291,85.3432399
Koteshwor,1899616632,27.679689899999993,85.343558
Koteshwor,2336774825,27.679730899999992,85.3429467
Koteshwor,10113486030,27.680162799999998,85.3427716
Koteshwor,1899616649,27.6798161,85.3426452
Koteshwor,6082315200,27.679993399999997,85.3420047
Koteshwor,6084174776,27.679583699999995,85.3413449
Koteshwor,4504293524,27.680249899999996,85.3422973
Koteshwor,10113638865,27.6804134,85.3486577
Koteshwor,1909209730,27.6804688,85.3494947
Koteshwor,9992835066,27.681325400000002,85.3493169
Koteshwor,1906516045,27.682147400000005,85.3436856
Koteshwor,10113401521,27.68239749999999,85.3438219
Koteshwor,1906556748,27.676591499999994,85.3434144
Koteshwor,10113638826,27.677096899999988,85.34328680000002
Koteshwor,1906556762,27.67812689999999,85.3377253
Koteshwor,1924770851,27.6781093,85.3373458
Koteshwor,6105164414,27.6780402,85.3379349
Koteshwor,1906556772,27.67834659999999,85.3372612
Koteshwor,1906556768,27.6783197,85.3370443
Koteshwor,1924770877,27.6787053,85.3371568
Koteshwor,6105164011,27.6782064,85.336771
Koteshwor,1924770891,27.679067,85.3364981
Koteshwor,6084950668,27.6789643,85.337274
Koteshwor,6084950664,27.679254499999995,85.3367831
Koteshwor,6085183365,27.679031199999997,85.3380717
Koteshwor,1906556807,27.680376999999996,85.3388247
Koteshwor,3596920761,27.681516499999997,85.3461496
Koteshwor,10113638964,27.6819634,85.3464153
Koteshwor,12211882053,27.6743087,85.3438696
Koteshwor,1906601047,27.674819600000003,85.3470021
Koteshwor,6078371785,27.675175700000004,85.3461059
Koteshwor,6078655403,27.675674799999992,85.347437
Koteshwor,1906601052,27.675393099999994,85.3510001
Koteshwor,1906601054,27.67549,85.3510521
Koteshwor,1906612462,27.6751363,85.3518193
Koteshwor,1906612412,27.671767500000005,85.3516435
Koteshwor,9999077050,27.6719021,85.3516434
Koteshwor,9999077041,27.671857099999997,85.3513791
Koteshwor,1906612421,27.6731842,85.3544816
Koteshwor,6431258814,27.6731641,85.3543674
Koteshwor,9999077101,27.6736588,85.3520416
Koteshwor,1960036355,27.6730954,85.3518685
Koteshwor,9999077077,27.674446699999994,85.3525702
Koteshwor,10004638793,27.674501900000003,85.351721
Koteshwor,1906612446,27.674119799999993,85.3510846
Koteshwor,1906612457,27.674592199999996,85.3511747
Koteshwor,1906612461,27.6750769,85.3532246
Koteshwor,6084263619,27.675033099999997,85.3537231
Koteshwor,1942462673,27.675093599999997,85.3528044
Koteshwor,10004638799,27.6745583,85.3517478
Koteshwor,1906664421,27.672381999999995,85.3451853
Koteshwor,5645760470,27.6826266,85.3493306
Koteshwor,1911066574,27.679220899999997,85.3408586
Koteshwor,1911066587,27.679833600000002,85.3408722
Koteshwor,9726169371,27.680638600000005,85.3410463
Koteshwor,3643291254,27.677733699999997,85.3431331
Koteshwor,10113486070,27.6812366,85.3428416
Koteshwor,1960135220,27.694969700000005,85.351593
Koteshwor,1919833097,27.695463099999994,85.351333
Koteshwor,6078178581,27.6961925,85.3501026
Koteshwor,5479469191,27.696313499999995,85.351827
Koteshwor,1924770757,27.6745671,85.3411828
Koteshwor,2293203968,27.674732399999996,85.3409703
Koteshwor,10113612382,27.674354099999995,85.3414688
Koteshwor,3598992296,27.6746529,85.3414745
Koteshwor,1924770758,27.674602299999997,85.3420035
Koteshwor,1924770761,27.674747299999996,85.3417611
Koteshwor,10113612380,27.674513999999995,85.3421468
Koteshwor,2293871901,27.674024700000004,85.3424317
Koteshwor,1933425178,27.675258299999992,85.34105450000001
Koteshwor,1924799680,27.675118599999998,85.340747
Koteshwor,1924770773,27.675442,85.3420055
Koteshwor,10113612394,27.67529529999999,85.3416017
Koteshwor,1924770785,27.6765391,85.339737
Koteshwor,6105164135,27.677066499999995,85.3378128
Koteshwor,6105164418,27.6772741,85.337778
Koteshwor,1924777785,27.676964999999996,85.3376084
Koteshwor,1924770807,27.6771776,85.3402656
Koteshwor,5047716956,27.677221999999997,85.3400179
Koteshwor,1924770816,27.6773795,85.3374782
Koteshwor,1924770821,27.6774936,85.3372345
Koteshwor,10113450278,27.677505099999998,85.3372141
Koteshwor,6105164415,27.677832099999996,85.33788
Koteshwor,1924770840,27.677759899999998,85.3368135
Koteshwor,10113450266,27.678220899999996,85.3384322
Koteshwor,10113450271,27.677940499999995,85.3381968
Koteshwor,1924770867,27.678415299999998,85.3388233
Koteshwor,1926702175,27.677767099999997,85.3474158
Koteshwor,1924770879,27.6786797,85.3469756
Koteshwor,1924770868,27.6785377,85.3366707
Koteshwor,10113450281,27.6783587,85.3362586
Koteshwor,2051129776,27.678974,85.3365699
Koteshwor,6075934079,27.678815,85.347339
Koteshwor,4170700900,27.678418199999992,85.3484085
Koteshwor,2052363097,27.6787534,85.3371828
Koteshwor,6085183370,27.678765299999995,85.338053
Koteshwor,2178043825,27.680007399999997,85.338302
Koteshwor,1924770939,27.680630400000002,85.33939240000001
Koteshwor,3517203251,27.680515099999997,85.3393307
Koteshwor,1924770942,27.680784000000003,85.3389555
Koteshwor,1924770943,27.680833699999997,85.33845490000002
Koteshwor,1924770944,27.6810621,85.3385259
Koteshwor,6084937272,27.680500399999993,85.3384376
Koteshwor,1924770949,27.6811917,85.3386467
Koteshwor,10113638928,27.6812205,85.3387002
Koteshwor,1924770962,27.681558899999995,85.3385649
Koteshwor,1924770966,27.681786499999998,85.3387269
Koteshwor,1924770963,27.681621499999988,85.3390527
Koteshwor,10113638929,27.6814788,85.3393922
Koteshwor,10113450291,27.681984799999995,85.3388974
Koteshwor,1924772446,27.677768699999998,85.3403092
Koteshwor,10113638834,27.678103699999998,85.3402399
Koteshwor,3401985798,27.6761183,85.3409126
Koteshwor,1926197340,27.679674199999997,85.3462712
Koteshwor,10113638860,27.679451,85.3463352
Koteshwor,10113638861,27.679604199999996,85.3465162
Koteshwor,4170700895,27.677173799999995,85.3465112
Koteshwor,1931252825,27.6832133,85.341476
Koteshwor,1931252823,27.683167700000002,85.3399121
Koteshwor,1931252845,27.683444,85.3401617
Koteshwor,6084235925,27.6832695,85.3404574
Koteshwor,1931252849,27.683531399999996,85.3414911
Koteshwor,1931981164,27.683741099999995,85.34060240000001
Koteshwor,1931252853,27.683673999999996,85.3414731
Koteshwor,1931981156,27.6836187,85.3418466
Koteshwor,1931981166,27.683738499999997,85.3413893
Koteshwor,1931252858,27.683721799999994,85.3418671
Koteshwor,6110985947,27.684101999999996,85.3420299
Koteshwor,1931252863,27.683843399999997,85.3400408
Koteshwor,1931981174,27.683867899999996,85.3405176
Koteshwor,1931252864,27.6838638,85.3406772
Koteshwor,1931981168,27.6837746,85.3411128
Koteshwor,6105375379,27.6802439,85.3359034
Koteshwor,1931994064,27.686764999999998,85.3365678
Koteshwor,1931315758,27.687723600000005,85.33739600000001
Koteshwor,10945918823,27.687821700000004,85.3369381
Koteshwor,1931994059,27.686816499999996,85.3369748
Koteshwor,6671608032,27.687742600000004,85.3384115
Koteshwor,1931981262,27.685228699999996,85.3407215
Koteshwor,1931372147,27.6848749,85.3425378
Koteshwor,1931372150,27.684895699999995,85.3423506
Koteshwor,1931372197,27.6855505,85.3425557
Koteshwor,1931981243,27.684901900000003,85.3419984
Koteshwor,1931372226,27.685804299999994,85.3424765
Koteshwor,1931981266,27.6852038,85.34205630000001
Koteshwor,1931412500,27.680376000000003,85.3355132
Koteshwor,1931412501,27.680473599999996,85.3354156
Koteshwor,1933347743,27.6806787,85.3351835
Koteshwor,1931412508,27.6808009,85.3353636
Koteshwor,1931412537,27.68751779999999,85.338286
Koteshwor,2287697049,27.686855899999998,85.3382083
Koteshwor,4331927930,27.68762299999999,85.337832
Koteshwor,1931981160,27.683616099999995,85.34194
Koteshwor,1931981179,27.684053700000003,85.34051640000001
Koteshwor,1931981181,27.684181199999998,85.3407523
Koteshwor,1931981195,27.6841897,85.3412589
Koteshwor,1931981205,27.684400000000004,85.3412471
Koteshwor,1931981207,27.6845184,85.3394823
Koteshwor,1931981224,27.684733899999994,85.3415969
Koteshwor,1931981213,27.684599699999996,85.3410358
Koteshwor,1931981230,27.684792699999996,85.3416855
Koteshwor,1931981228,27.684874099999995,85.3413507
Koteshwor,1931981241,27.684976499999998,85.3413999
Koteshwor,1931981257,27.685190199999997,85.3421156
Koteshwor,1931981260,27.685213099999995,85.3412903
Koteshwor,1931981281,27.685477500000005,85.3409388
Koteshwor,3079593483,27.6853286,85.3414506
Koteshwor,2151721486,27.685741299999993,85.340882
Koteshwor,1931989798,27.680293799999994,85.3356978
Koteshwor,1931989812,27.6807682,85.3365543
Koteshwor,1931989882,27.682208100000004,85.3365095
Koteshwor,1933425232,27.682062299999995,85.3352962
Koteshwor,1931989886,27.682580799999997,85.3355382
Koteshwor,1931989891,27.682610399999998,85.3355652
Koteshwor,1931989889,27.6826932,85.3356348
Koteshwor,1931989901,27.683299299999998,85.3373506
Koteshwor,1931989917,27.6841294,85.3386867
Koteshwor,1931989926,27.684310099999998,85.3388456
Koteshwor,1931994000,27.683325499999995,85.3357296
Koteshwor,1931994032,27.685168899999997,85.3365044
Koteshwor,11986984707,27.685324899999994,85.3363976
Koteshwor,1931994056,27.686408300000004,85.3381741
Koteshwor,1931994057,27.6864841,85.3372979
Koteshwor,1931994068,27.687070699999996,85.3362778
Koteshwor,1931994069,27.686957600000003,85.3358275
Koteshwor,1931994071,27.687316700000004,85.3379656
Koteshwor,1931994074,27.6873243,85.336466
Koteshwor,4914887978,27.6879113,85.3365194
Koteshwor,1932000419,27.682229099999997,85.3356854
Koteshwor,1933425180,27.6754846,85.3411514
Koteshwor,10113612395,27.675788300000004,85.3413007
Koteshwor,1936281043,27.684170799999997,85.335877
Koteshwor,1936281044,27.6842204,85.3357166
Koteshwor,1936281047,27.684288099999996,85.335594
Koteshwor,1936281048,27.684324299999997,85.3354352
Koteshwor,1936281049,27.684355099999998,85.3356201
Koteshwor,10606343718,27.6706316,85.3482938
Koteshwor,6082341709,27.670421700000002,85.3486968
Koteshwor,1942462677,27.675189,85.3527968
Koteshwor,2051114322,27.675294899999994,85.3527826
Koteshwor,6275508133,27.678146499999997,85.3486957
Koteshwor,1950338914,27.693822199999996,85.3419498
Koteshwor,2169503657,27.693861600000005,85.3416163
Koteshwor,12075223107,27.6936066,85.3422193
Koteshwor,1950345207,27.694152600000002,85.3454796
Koteshwor,1950345208,27.694423200000003,85.3430544
Koteshwor,1950345210,27.694626600000007,85.3430377
Koteshwor,1950345212,27.694670299999995,85.3428058
Koteshwor,1950345211,27.694589499999996,85.3431745
Koteshwor,6460011860,27.694714800000003,85.3426001
Koteshwor,2168866986,27.691267,85.3405924
Koteshwor,3607694583,27.6900222,85.3404621
Koteshwor,1960036348,27.67180189999999,85.3523443
Koteshwor,6081577607,27.6720165,85.3523753
Koteshwor,6081577832,27.67154869999999,85.3526604
Koteshwor,9999077070,27.672748400000007,85.3516744
Koteshwor,9999077092,27.672313100000004,85.3524003
Koteshwor,6081588475,27.695076699999998,85.3521797
Koteshwor,6081555467,27.695452399999997,85.3505206
Koteshwor,1963141983,27.672175599999996,85.3423767
Koteshwor,3518753767,27.672367599999998,85.3414837
Koteshwor,3505031735,27.673531400000005,85.34195870000002
Koteshwor,2026212071,27.693050800000005,85.3513742
Koteshwor,2027904868,27.6899039,85.3393343
Koteshwor,2028487483,27.691673,85.34247910000002
Koteshwor,2038006738,27.684266799999996,85.3493483
Koteshwor,10918103024,27.6863099,85.3499468
Koteshwor,3045212619,27.6827629,85.3494398
Koteshwor,2039623357,27.681048600000004,85.3390538
Koteshwor,10113638926,27.681156500000004,85.3389611
Koteshwor,3316556742,27.676437499999995,85.3527714
Koteshwor,2051114327,27.6756659,85.3509596
Koteshwor,2071264426,27.673318,85.3403093
Koteshwor,2071264427,27.673724,85.3399766
Koteshwor,2071264465,27.674044699999993,85.33966810000001
Koteshwor,3518753760,27.673358099999998,85.3400964
Koteshwor,6084881479,27.695705700000005,85.3468725
Koteshwor,2099483634,27.672225500000003,85.345298
Koteshwor,13116073202,27.6728963,85.3444134
Koteshwor,2155727708,27.682836799999997,85.363622
Koteshwor,10980122053,27.6824058,85.3634731
Koteshwor,13132469511,27.691522600000003,85.3405093
Koteshwor,2168867084,27.691341699999995,85.3395139
Koteshwor,6671608034,27.6875278,85.3393735
Koteshwor,13475316911,27.689838699999992,85.3421147
Koteshwor,13475284855,27.691829999999996,85.3444078
Koteshwor,2169503331,27.6933886,85.3428852
Koteshwor,2169503417,27.6934969,85.3415712
Koteshwor,2169503773,27.694203100000003,85.3416068
Koteshwor,2177065938,27.686091800000003,85.3617682
Koteshwor,7639054206,27.686504999999997,85.3619868
Koteshwor,2177065942,27.6861678,85.361188
Koteshwor,3486910233,27.6860075,85.3620312
Koteshwor,6286951470,27.685296899999997,85.3605381
Koteshwor,2177065946,27.6858069,85.3598171
Koteshwor,8817729362,27.6855757,85.3601589
Koteshwor,2177065954,27.6866201,85.3604824
Koteshwor,6522165028,27.685986299999996,85.3595553
Koteshwor,2177065952,27.686387499999995,85.3608602
Koteshwor,2177065972,27.6873078,85.3615247
Koteshwor,8817729365,27.686664299999997,85.3604184
Koteshwor,10980068650,27.687442799999996,85.3616252
Koteshwor,10980068652,27.687214900000004,85.361666
Koteshwor,2177065994,27.688096400000003,85.3615836
Koteshwor,12723246933,27.687923,85.3610682
Koteshwor,8817729370,27.6886679,85.3610222
Koteshwor,2194071410,27.6903831,85.3411418
Koteshwor,2257263981,27.691070099999994,85.3518082
Koteshwor,8535807068,27.691520099999995,85.3515298
Koteshwor,2285170922,27.6905336,85.3513643
Koteshwor,2287697059,27.6870531,85.3375633
Koteshwor,2289785299,27.673338899999994,85.3577486
Koteshwor,9974113123,27.673218800000004,85.3569606
Koteshwor,9974315842,27.6734637,85.3580868
Koteshwor,8445778850,27.674108599999993,85.3568565
Koteshwor,2293871893,27.673833999999996,85.34224240000002
Koteshwor,10301888937,27.6742898,85.3428575
Koteshwor,2295498219,27.691889099999997,85.3483708
Koteshwor,2309313205,27.684384299999998,85.3462349
Koteshwor,6084381015,27.68426199999999,85.3461523
Koteshwor,2309340136,27.6830437,85.3439427
Koteshwor,10113401531,27.6830597,85.3441867
Koteshwor,10113486039,27.6793026,85.3428496
Koteshwor,2336774898,27.681212499999997,85.3439084
Koteshwor,10582114781,27.678940300000004,85.3642364
Koteshwor,2425000603,27.680229099999995,85.36316820000002
Koteshwor,2425000529,27.679230399999998,85.3641268
Koteshwor,12555901666,27.678708099999994,85.3641343
Koteshwor,2425000609,27.680454099999995,85.3632537
Koteshwor,12555901634,27.6806333,85.362576
Koteshwor,13503495527,27.6807761,85.3634248
Koteshwor,2442356100,27.682110899999998,85.3550744
Koteshwor,2442356101,27.682205900000003,85.3549086
Koteshwor,10774590161,27.681967599999997,85.3544918
Koteshwor,7055080946,27.6823431,85.3546668
Koteshwor,3067771331,27.6843096,85.3561134
Koteshwor,10774560350,27.6824523,85.3562582
Koteshwor,6275508140,27.678767199999992,85.349252
Koteshwor,10918103015,27.686502599999997,85.3497361
Koteshwor,5645760472,27.678946599999996,85.3496796
Koteshwor,3067771330,27.6844382,85.3561596
Koteshwor,10774590135,27.6845328,85.3562593
Koteshwor,3067777234,27.684573400000005,85.355956
Koteshwor,3486894919,27.683256599999996,85.3550527
Koteshwor,9999077020,27.6702532,85.35065200000001
Koteshwor,3498354052,27.6698824,85.3501865
Koteshwor,9078290855,27.675613,85.355629
Koteshwor,3316554184,27.673472900000007,85.3534196
Koteshwor,6072535397,27.673850500000004,85.3536531
Koteshwor,4361234255,27.674766400000003,85.3610687
Koteshwor,8817729340,27.675556099999998,85.356534
Koteshwor,3316556732,27.676250799999995,85.3536307
Koteshwor,3316556740,27.676462099999995,85.35284610000001
Koteshwor,3373842418,27.677762099999992,85.35406860000002
Koteshwor,3486894756,27.675450000000005,85.35199380000002
Koteshwor,5597223708,27.6952142,85.3550619
Koteshwor,5597223706,27.695335899999996,85.3549709
Koteshwor,8817729323,27.677486999999996,85.3543505
Koteshwor,11990079773,27.6935698,85.3470848
Koteshwor,3417009125,27.6819006,85.36189510000001
Koteshwor,10847850552,27.682092300000008,85.3614078
Koteshwor,3417009130,27.681907799999994,85.3617682
Koteshwor,3417009131,27.681917899999995,85.3616072
Koteshwor,10847850547,27.681786499999994,85.3617344
Koteshwor,3417145768,27.67755079999999,85.3416787
Koteshwor,10113638832,27.677582299999997,85.34190480000001
Koteshwor,3480503467,27.679806099999997,85.3563928
Koteshwor,3480503481,27.67924019999999,85.3569128
Koteshwor,10774560345,27.678940600000004,85.3571106
Koteshwor,3480507869,27.68083899999999,85.3576432
Koteshwor,3486744310,27.676283499999997,85.3558378
Koteshwor,3480507873,27.6815443,85.3582664
Koteshwor,8817729350,27.6809728,85.3564104
Koteshwor,10113486044,27.6790811,85.3409822
Koteshwor,3485906749,27.673155,85.3597633
Koteshwor,8817729329,27.677519399999998,85.3563594
Koteshwor,10980190273,27.6910417,85.3617445
Koteshwor,3486880279,27.675190499999992,85.3458583
Koteshwor,13116073206,27.674860600000002,85.3458474
Koteshwor,3486894912,27.681453900000005,85.3533742
Koteshwor,10774590159,27.68231079999999,85.3545468
Koteshwor,3486894923,27.6834223,85.3547776
Koteshwor,3486899320,27.687469299999997,85.3589535
Koteshwor,3486899328,27.6877594,85.3578998
Koteshwor,9409576404,27.688173999999997,85.3572699
Koteshwor,12875103023,27.688511100000003,85.3585506
Koteshwor,3486910198,27.6834005,85.3611738
Koteshwor,12522297211,27.683519499999996,85.3610956
Koteshwor,12522297210,27.684009199999995,85.3623876
Koteshwor,8817729356,27.682932299999997,85.3596935
Koteshwor,3486910201,27.683745999999992,85.3607485
Koteshwor,8817729357,27.684628900000003,85.3615011
Koteshwor,8817729361,27.6848761,85.3611425
Koteshwor,3486910228,27.686080999999998,85.3625174
Koteshwor,3486910231,27.6858227,85.3623141
Koteshwor,11698113345,27.686281499999996,85.3626637
Koteshwor,12522297226,27.6853091,85.3637122
Koteshwor,9387655078,27.6857091,85.3624826
Koteshwor,12875100658,27.685671599999996,85.3617674
Koteshwor,11698113344,27.686477999999994,85.3623768
Koteshwor,3486910243,27.686800899999998,85.3637178
Koteshwor,12875103055,27.6864152,85.3631585
Koteshwor,3486915825,27.677356500000002,85.3593128
Koteshwor,3486915833,27.6785364,85.3574446
Koteshwor,8817729336,27.678266999999998,85.3573245
Koteshwor,8817729335,27.679712999999996,85.3579988
Koteshwor,9078290845,27.678378400000003,85.3578435
Koteshwor,12512223664,27.6776483,85.3564257
Koteshwor,5302924804,27.680514099999996,85.3607543
Koteshwor,3488696702,27.673683999999998,85.344118
Koteshwor,4124501232,27.673500199999996,85.3449115
Koteshwor,6081374026,27.673359299999998,85.3454213
Koteshwor,10774560346,27.67956059999999,85.354864
Koteshwor,3496258780,27.677974599999995,85.3634568
Koteshwor,3498342528,27.672991399999994,85.342667
Koteshwor,9469153932,27.673206399999998,85.3423459
Koteshwor,9480118569,27.670262899999997,85.34627780000001
Koteshwor,3498351435,27.6711743,85.3502196
Koteshwor,3498359855,27.6698642,85.3490845
Koteshwor,3498377727,27.671392099999995,85.3443093
Koteshwor,11842724299,27.672605,85.3417481
Koteshwor,10113638916,27.6803691,85.3396424
Koteshwor,10880307776,27.672692299999998,85.3411301
Koteshwor,6275508121,27.6724457,85.3414054
Koteshwor,9992835064,27.6821908,85.3492618
Koteshwor,3596875546,27.682076,85.3440189
Koteshwor,10113401518,27.6822597,85.3440727
Koteshwor,10113638963,27.6815015,85.3463271
Koteshwor,6081464319,27.681357299999988,85.3461253
Koteshwor,3596996028,27.679511499999993,85.34701240000001
Koteshwor,13080698884,27.6793798,85.3466765
Koteshwor,10113612383,27.6747877,85.3413268
Koteshwor,10113638845,27.678002699999997,85.343317
Koteshwor,10113638842,27.677861999999998,85.3415555
Koteshwor,3860906245,27.6895585,85.3435041
Koteshwor,13475316909,27.689829200000002,85.3436395
Koteshwor,6081374016,27.6734942,85.3451895
Koteshwor,4170699888,27.676679699999998,85.3467013
Koteshwor,4170700893,27.6770786,85.3463515
Koteshwor,4330486903,27.685766,85.3465685
Koteshwor,4331927912,27.6878999,85.3369669
Koteshwor,10945918824,27.6879663,85.3369901
Koteshwor,4361234259,27.6748712,85.3610755
Koteshwor,10113486027,27.6801894,85.3425392
Koteshwor,10113486061,27.680632799999998,85.342231
Koteshwor,10113638901,27.680105,85.3456515
Koteshwor,13475357827,27.69380470000001,85.3463419
Koteshwor,9974113127,27.6733254,85.358456
Koteshwor,9974315864,27.674237900000005,85.3583196
Koteshwor,5047708029,27.688600100000002,85.3490427
Koteshwor,5047708035,27.6885169,85.3497754
Koteshwor,5052616442,27.677124,85.3399526
Koteshwor,13503512295,27.68127279999999,85.3625603
Koteshwor,5047733491,27.681482100000004,85.3629551
Koteshwor,10980086884,27.681354499999998,85.362665
Koteshwor,5047733493,27.6805021,85.3624079
Koteshwor,5052932566,27.6798811,85.3615314
Koteshwor,5104932614,27.679081499999995,85.3429897
Koteshwor,5302924795,27.6800282,85.3607953
Koteshwor,10847850542,27.681601199999996,85.3614508
Koteshwor,13523924009,27.6804564,85.3611892
Koteshwor,5302924810,27.680466599999995,85.3614638
Koteshwor,5302925124,27.6806988,85.3612472
Koteshwor,10113401526,27.683253200000003,85.3431306
Koteshwor,6059335855,27.693405999999996,85.3509855
Koteshwor,6072522064,27.671429400000008,85.35312100000002
Koteshwor,9999077104,27.6742206,85.353789
Koteshwor,9999077078,27.673882799999994,85.3541878
Koteshwor,6078272215,27.674138099999997,85.3462212
Koteshwor,6078272222,27.6742915,85.3457911
Koteshwor,6078272226,27.674228899999992,85.3453836
Koteshwor,6078272223,27.674055399999997,85.3452557
Koteshwor,6078369735,27.6740558,85.3450552
Koteshwor,6078272270,27.6739837,85.3453723
Koteshwor,6078371669,27.6741146,85.3463848
Koteshwor,6078369734,27.675239100000002,85.3449065
Koteshwor,13266856746,27.674625599999995,85.3448144
Koteshwor,13475284890,27.6926901,85.3463422
Koteshwor,6081374234,27.672522199999996,85.3468964
Koteshwor,6079201782,27.672644599999995,85.3466892
Koteshwor,13266856743,27.672860699999998,85.3467992
Koteshwor,11990061668,27.690346399999996,85.3494593
Koteshwor,6081518236,27.681222,85.346024
Koteshwor,6081464327,27.681733299999994,85.3455881
Koteshwor,6081464391,27.681427700000004,85.3454927
Koteshwor,6081464387,27.6812249,85.3459813
Koteshwor,6081518233,27.681089999999998,85.3464491
Koteshwor,10113638955,27.681123599999992,85.34618940000001
Koteshwor,9999077053,27.672047999999997,85.3521842
Koteshwor,10113638902,27.6801404,85.3452911
Koteshwor,6082276693,27.6701029,85.3470849
Koteshwor,6082128321,27.678366699999998,85.3447704
Koteshwor,11696693502,27.678369899999996,85.3449181
Koteshwor,8513129364,27.680667800000002,85.3423225
Koteshwor,10113638915,27.6806725,85.3395995
Koteshwor,6084177072,27.6795208,85.34038180000002
Koteshwor,11064235605,27.679938200000002,85.33993290000001
Koteshwor,6084227956,27.670052999999996,85.3511377
Koteshwor,9999077029,27.670533699999996,85.3517387
Koteshwor,12925493397,27.675024900000007,85.3547535
Koteshwor,6084381021,27.684341000000003,85.3460354
Koteshwor,10113509509,27.6841668,85.3457537
Koteshwor,6084823210,27.683400399999996,85.3389497
Koteshwor,6084861441,27.683120099999996,85.3387901
Koteshwor,10113450290,27.680778399999994,85.3379323
Koteshwor,6085145225,27.680228899999992,85.3383133
Koteshwor,10113447330,27.680186199999998,85.3385353
Koteshwor,6085145227,27.6804974,85.3384411
Koteshwor,10113450267,27.6780924,85.3383147
Koteshwor,10113401537,27.685206099999995,85.34488740000002
Koteshwor,6231298057,27.685430300000004,85.3438307
Koteshwor,10113450299,27.685401499999998,85.34411100000001
Koteshwor,10113450298,27.685218399999993,85.3437954
Koteshwor,6231298060,27.68486649999999,85.3437121
Koteshwor,12723246922,27.685068799999993,85.36085870000001
Koteshwor,10113638951,27.680993899999997,85.3453179
Koteshwor,8817729321,27.676478599999996,85.3548187
Koteshwor,6460011859,27.694764,85.342405
Koteshwor,12075223097,27.694271000000004,85.3428258
Koteshwor,10774502860,27.685758099999994,85.3592218
Koteshwor,12723246938,27.686203799999998,85.3591731
Koteshwor,6538302364,27.685758299999993,85.3370132
Koteshwor,10945918826,27.688033899999997,85.3371527
Koteshwor,10759147097,27.694834099999998,85.3452917
Koteshwor,7639054197,27.685223499999996,85.3580452
Koteshwor,10774502846,27.685496999999994,85.3585714
Koteshwor,10774502853,27.684930599999998,85.3583488
Koteshwor,7826219561,27.6919865,85.346092
Koteshwor,9974315859,27.6741101,85.3566677
Koteshwor,8445779404,27.675546199999996,85.35693300000001
Koteshwor,13476463197,27.6755201,85.3574404
Koteshwor,8817729333,27.677008299999997,85.3576609
Koteshwor,8503474927,27.670625399999995,85.3518981
Koteshwor,9999076699,27.671117699999996,85.351203
Koteshwor,10004638797,27.674553099999994,85.3514441
Koteshwor,10113520831,27.6833606,85.3470704
Koteshwor,11696693501,27.6805676,85.3426993
Koteshwor,13475357811,27.6946504,85.3494492
Koteshwor,13475316908,27.689933699999994,85.3462815
Koteshwor,10962868704,27.6748341,85.339057
Koteshwor,8817716116,27.676749,85.3538454
Koteshwor,8817729318,27.6767056,85.3540229
Koteshwor,12498841293,27.6753432,85.3544139
Koteshwor,12512215525,27.677423900000004,85.3566005
Koteshwor,8817729331,27.677323299999994,85.3568686
Koteshwor,8817729332,27.6771664,85.3572744
Koteshwor,8817729339,27.675580699999998,85.356088
Koteshwor,8817729342,27.6781126,85.3577107
Koteshwor,9078290849,27.676853999999995,85.3580616
Koteshwor,9078290853,27.677957899999996,85.3581072
Koteshwor,9424853415,27.681777599999997,85.35909580000002
Koteshwor,12512215532,27.680076800000002,85.3582604
Koteshwor,8817729344,27.679022199999995,85.3586216
Koteshwor,9078290846,27.678223,85.3582363
Koteshwor,9387760372,27.6828154,85.3599868
Koteshwor,9387764430,27.682390399999996,85.3588867
Koteshwor,8817729358,27.684591699999995,85.3615593
Koteshwor,8817729359,27.685058000000005,85.3619285
Koteshwor,12522297212,27.684391199999993,85.3618444
Koteshwor,12522297207,27.685264000000004,85.3621087
Koteshwor,12522297205,27.685347699999998,85.3615129
Koteshwor,11698113353,27.686847199999995,85.3601787
Koteshwor,9396185171,27.687243199999998,85.3609793
Koteshwor,12723246942,27.687320899999996,85.3594774
Koteshwor,8817729367,27.688295299999993,85.3603013
Koteshwor,12723246932,27.688313699999995,85.3602653
Koteshwor,8817729372,27.6876928,85.3613484
Koteshwor,11698113356,27.687882299999995,85.36111350000002
Koteshwor,9396169214,27.686950899999996,85.3623793
Koteshwor,9078290848,27.6780675,85.358629
Koteshwor,9078290850,27.677929899999995,85.3589766
Koteshwor,12512215527,27.6792276,85.3591848
Koteshwor,12512215514,27.676490499999993,85.3579022
Koteshwor,9078290851,27.676724000000004,85.3584015
Koteshwor,9078290852,27.6790989,85.3595177
Koteshwor,12635243922,27.677401699999997,85.35914600000001
Koteshwor,12512215509,27.676230199999996,85.3586094
Koteshwor,12512215529,27.679036599999993,85.3596787
Koteshwor,9387655074,27.6850409,85.3635054
Koteshwor,12522297216,27.68527449999999,85.3631544
Koteshwor,12522297222,27.684379900000003,85.3628101
Koteshwor,12522297209,27.6854712,85.36229
Koteshwor,12522297214,27.6855009,85.362809
Koteshwor,9387764429,27.682109199999996,85.3586317
Koteshwor,9933064579,27.682009299999994,85.357577
Koteshwor,10980068644,27.6866457,85.362988
Koteshwor,11698113349,27.686754699999995,85.3608754
Koteshwor,9452045268,27.6770983,85.3372338
Koteshwor,9469153929,27.673499199999995,85.3423972
Koteshwor,9480615632,27.6804401,85.343521
Koteshwor,10113486028,27.68051399999999,85.342932
Koteshwor,10060732818,27.681749599999996,85.3484141
Koteshwor,10060729111,27.681354899999995,85.3488772
Koteshwor,9999076716,27.670373099999992,85.3507251
Koteshwor,9999077022,27.6707913,85.3515601
Koteshwor,9999077025,27.670688099999996,85.3515434
Koteshwor,9999077028,27.670569899999997,85.3515326
Koteshwor,9999077026,27.670444399999997,85.3513887
Koteshwor,9999077039,27.6715696,85.351544
Koteshwor,9999077060,27.672142300000008,85.3515918
Koteshwor,9999077052,27.672325299999997,85.3523136
Koteshwor,9999077100,27.6725795,85.3516253
Koteshwor,9999077068,27.672675399999996,85.351727
Koteshwor,9999077071,27.6731944,85.3516701
Koteshwor,9999077075,27.6743869,85.3528261
Koteshwor,9999077084,27.674183799999998,85.3543898
Koteshwor,9999077085,27.674142199999995,85.3531761
Koteshwor,10004638792,27.674467600000003,85.3518833
Koteshwor,10004638796,27.674607199999997,85.3512738
Koteshwor,10113401523,27.6832627,85.3430206
Koteshwor,10113401524,27.683333300000005,85.3431058
Koteshwor,10113401529,27.683468000000005,85.3442189
Koteshwor,10113401532,27.6841171,85.3438206
Koteshwor,10113450270,27.677637499999996,85.3381162
Koteshwor,10113450276,27.6774433,85.33681
Koteshwor,10113450279,27.678567700000002,85.3362764
Koteshwor,10113450284,27.6796796,85.3371654
Koteshwor,10113486021,27.6797895,85.34018890000002
Koteshwor,10113486037,27.6789831,85.3432171
Koteshwor,10113486045,27.6788029,85.3405282
Koteshwor,10113486050,27.678707,85.3402834
Koteshwor,10113486053,27.6788786,85.340264
Koteshwor,10113486062,27.680605699999997,85.34216
Koteshwor,10113486065,27.68070579999999,85.3428845
Koteshwor,10113486072,27.681212300000002,85.3437991
Koteshwor,10113509504,27.683724,85.3455681
Koteshwor,10113509505,27.683860399999997,85.3455974
Koteshwor,10113509508,27.684050299999996,85.345623
Koteshwor,10113520823,27.685098299999996,85.3462378
Koteshwor,10113612361,27.6788139,85.3457786
Koteshwor,10113612365,27.678490799999995,85.3446863
Koteshwor,10113612372,27.6781178,85.3446853
Koteshwor,10113612373,27.678068599999996,85.3448442
Koteshwor,10113612376,27.6779507,85.3445084
Koteshwor,10113612381,27.6745196,85.3416098
Koteshwor,10113612385,27.6752197,85.3406315
Koteshwor,10113612389,27.676264,85.3392032
Koteshwor,10113612392,27.675601299999997,85.34178950000002
Koteshwor,10113612398,27.675470899999997,85.3428563
Koteshwor,10113612404,27.6762658,85.3437475
Koteshwor,10113612406,27.677119699999995,85.3438903
Koteshwor,10113612409,27.6774833,85.3445553
Koteshwor,10113612415,27.677727799999996,85.3449438
Koteshwor,10113638817,27.677938799999996,85.3447655
Koteshwor,10113638818,27.678683500000005,85.3434602
Koteshwor,10113638821,27.678294299999997,85.3436047
Koteshwor,10113638825,27.676923699999993,85.3432775
Koteshwor,10113638829,27.6774748,85.3421731
Koteshwor,10113638830,27.677684400000004,85.3419887
Koteshwor,10113638836,27.6780122,85.3404571
Koteshwor,10113638838,27.677998600000002,85.3412443
Koteshwor,10113638850,27.6792028,85.3440365
Koteshwor,10113638853,27.6796161,85.3444301
Koteshwor,10113638855,27.679845899999993,85.3450967
Koteshwor,10113638857,27.680314399999993,85.3458966
Koteshwor,10113638862,27.680138099999997,85.3486171
Koteshwor,10113638866,27.679730099999997,85.348153
Koteshwor,10113638868,27.679865499999995,85.3481638
Koteshwor,10113638867,27.6798857,85.3478868
Koteshwor,10113638871,27.6800906,85.348082
Koteshwor,10113638870,27.6800995,85.3478667
Koteshwor,10113638875,27.681271699999996,85.3477789
Koteshwor,10113638878,27.680666199999994,85.3477326
Koteshwor,10113638879,27.681022300000002,85.3475247
Koteshwor,10113638882,27.680398200000003,85.34774
Koteshwor,10113638885,27.6793495,85.3473464
Koteshwor,10113638887,27.6798023,85.3465092
Koteshwor,10113638894,27.679535399999995,85.3455654
Koteshwor,10113638897,27.679723,85.3455899
Koteshwor,10113638896,27.679758,85.3454155
Koteshwor,10113638904,27.6803287,85.3443168
Koteshwor,10113638907,27.680506499999996,85.3442829
Koteshwor,10113638906,27.680559099999993,85.344006
Koteshwor,10113638918,27.680446899999996,85.3390751
Koteshwor,10113638923,27.681259200000003,85.3391036
Koteshwor,10113638930,27.6815757,85.3398382
Koteshwor,10113638933,27.680830999999998,85.3404471
Koteshwor,10113638935,27.680928999999992,85.3404135
Koteshwor,10113638934,27.680968199999995,85.3404906
Koteshwor,10113638937,27.681438499999995,85.3424748
Koteshwor,10113638940,27.681139799999993,85.3448754
Koteshwor,10113638944,27.6808061,85.3451523
Koteshwor,10113638952,27.680797499999994,85.3452016
Koteshwor,10113638950,27.680983099999995,85.3456311
Koteshwor,10113638959,27.68194619999999,85.3459778
Koteshwor,10113638961,27.6813779,85.3463117
Koteshwor,10113638962,27.6816351,85.3463419
Koteshwor,10582114782,27.678928799999998,85.3643463
Koteshwor,10755251841,27.6846284,85.3390717
Koteshwor,10774502838,27.68454819999999,85.358106
Koteshwor,10774502839,27.684661,85.3587578
Koteshwor,10774502856,27.685608499999994,85.3588128
Koteshwor,10774502854,27.685294000000003,85.3592795
Koteshwor,10774560362,27.6849306,85.3588262
Koteshwor,10847850528,27.681677799999996,85.3617056
Koteshwor,10847850543,27.681778799999996,85.3614313
Koteshwor,10919851257,27.672860399999998,85.3413178
Koteshwor,10907401588,27.677021799999995,85.33892
Koteshwor,10928001336,27.674901799999997,85.33823510000002
Koteshwor,10945918825,27.687936,85.3371244
Koteshwor,13475284883,27.692554800000003,85.3457278
Koteshwor,10980068642,27.6868285,85.3631491
Koteshwor,12522297228,27.686578399999995,85.362921
Koteshwor,13475284894,27.692708299999996,85.3447956
Koteshwor,11041572999,27.695434199999998,85.3479606
Koteshwor,13475284860,27.689329899999997,85.3473169
Koteshwor,12522297227,27.6854854,85.3638481
Koteshwor,11698113352,27.6875414,85.36072530000001
Koteshwor,11840534280,27.674966799999996,85.3556978
Koteshwor,12024110392,27.6962654,85.3463821
Koteshwor,12512215502,27.675073099999995,85.35837000000001
Koteshwor,12512215503,27.6754472,85.3585261
Koteshwor,12512215516,27.675495199999997,85.3578792
Koteshwor,12512215517,27.676343300000003,85.3582785
Koteshwor,12512215520,27.675943800000002,85.3580903
Koteshwor,12512215519,27.6758422,85.3583648
Koteshwor,12512215524,27.676725299999998,85.3562584
Koteshwor,12512215528,27.679350099999997,85.358868
Koteshwor,12512223665,27.677752399999996,85.3561894
Koteshwor,12520256348,27.685591000000002,85.3646488
Koteshwor,12520256349,27.6852808,85.3644148
Koteshwor,12520256350,27.684954799999993,85.3641697
Koteshwor,12520256377,27.684298199999997,85.3651422
Koteshwor,12520256357,27.6831347,85.361993
Koteshwor,12522297206,27.685439499999998,85.3618568
Koteshwor,12522297208,27.685651900000003,85.3620166
Koteshwor,12522297215,27.684136899999995,85.3622061
Koteshwor,12522297213,27.684371699999993,85.3618722
Koteshwor,12875103051,27.6845624,85.3625608
Koteshwor,12522297224,27.6857916,85.3640751
Koteshwor,12555901670,27.6781846,85.3636813
Koteshwor,12723246921,27.6858133,85.36145790000002
Koteshwor,12875100659,27.685676999999995,85.3613482
Koteshwor,12875103044,27.686182299999995,85.3582737
Koteshwor,12875103038,27.6873699,85.3578459
Koteshwor,13132469513,27.691530000000004,85.3397551
Koteshwor,13475284874,27.6924299,85.345896
Koteshwor,13475284899,27.6907697,85.3435805
Koteshwor,13475357817,27.693886900000003,85.346828
Koteshwor,13475357824,27.693733099999996,85.3468059
Koteshwor,13475357818,27.6933977,85.3459429
Koteshwor,13475357823,27.693344799999995,85.3467415
Koteshwor,13503512299,27.680776099999996,85.3622208
Koteshwor,6078180355,27.696007699999996,85.3509331
Koteshwor,3490503386,27.6830176,85.3642823
Bhaktapur durbar square,31229764,27.675492099999992,85.42348220000001
Bhaktapur durbar square,268308530,27.675504799999995,85.4232407
Bhaktapur durbar square,1749994636,27.675309699999993,85.4247322
Bhaktapur durbar square,8815036053,27.676277,85.4227761
Bhaktapur durbar square,31229772,27.6748097,85.4274646
Bhaktapur durbar square,317530962,27.674791999999993,85.4273397
Bhaktapur durbar square,558559384,27.674578999999994,85.4276385
Bhaktapur durbar square,31229779,27.675390200000002,85.42998300000001
Bhaktapur durbar square,1835631082,27.675206199999998,85.4299117
Bhaktapur durbar square,10611523385,27.67549689999999,85.4304501
Bhaktapur durbar square,360716750,27.6767663,85.4295778
Bhaktapur durbar square,31229783,27.675910600000005,85.4317154
Bhaktapur durbar square,3481928884,27.675408999999995,85.4317574
Bhaktapur durbar square,10611523396,27.676402799999998,85.4312853
Bhaktapur durbar square,6687213102,27.6759913,85.4318698
Bhaktapur durbar square,31229786,27.676282799999996,85.4326931
Bhaktapur durbar square,1835677338,27.677400599999995,85.4332912
Bhaktapur durbar square,31229789,27.6760674,85.4337894
Bhaktapur durbar square,990795940,27.676023899999997,85.4336912
Bhaktapur durbar square,2071101140,27.676201299999992,85.4341518
Bhaktapur durbar square,31229796,27.677375699999995,85.4368917
Bhaktapur durbar square,1835677322,27.677317400000003,85.4367343
Bhaktapur durbar square,10599100079,27.6776902,85.4377093
Bhaktapur durbar square,10683413885,27.6764626,85.4370991
Bhaktapur durbar square,31230059,27.666872900000005,85.4172444
Bhaktapur durbar square,1835638029,27.666016199999998,85.4169089
Bhaktapur durbar square,31230068,27.6657824,85.4230736
Bhaktapur durbar square,2080972331,27.665880400000002,85.4230893
Bhaktapur durbar square,1835637876,27.664355,85.4221629
Bhaktapur durbar square,3491130795,27.6661513,85.420124
Bhaktapur durbar square,31230072,27.665672499999992,85.4255998
Bhaktapur durbar square,6498793631,27.6657728,85.4256018
Bhaktapur durbar square,457278557,27.6645964,85.4256034
Bhaktapur durbar square,2071120805,27.6657029,85.4250138
Bhaktapur durbar square,31230188,27.6698247,85.4376057
Bhaktapur durbar square,672613113,27.6697563,85.4381406
Bhaktapur durbar square,1402613258,27.671637599999997,85.4380859
Bhaktapur durbar square,1402608080,27.6692406,85.4374624
Bhaktapur durbar square,31230194,27.673434300000004,85.4383363
Bhaktapur durbar square,2056400342,27.673471199999994,85.4387266
Bhaktapur durbar square,31230195,27.673705999999996,85.4383096
Bhaktapur durbar square,990795975,27.6735696,85.4372174
Bhaktapur durbar square,2056400343,27.673722800000004,85.438664
Bhaktapur durbar square,31230198,27.6746339,85.437513
Bhaktapur durbar square,1835610995,27.6748353,85.4377009
Bhaktapur durbar square,990800573,27.6751927,85.4370676
Bhaktapur durbar square,31230233,27.666456899999996,85.437595
Bhaktapur durbar square,10721035161,27.6665523,85.4374327
Bhaktapur durbar square,1835630867,27.6659255,85.4389755
Bhaktapur durbar square,1990735122,27.666497899999996,85.4364784
Bhaktapur durbar square,317530961,27.675495600000005,85.4229449
Bhaktapur durbar square,268308540,27.674124499999998,85.4231061
Bhaktapur durbar square,10852615653,27.6720126,85.4223866
Bhaktapur durbar square,1945526759,27.673887699999998,85.4242478
Bhaktapur durbar square,268308579,27.672191500000004,85.4229909
Bhaktapur durbar square,2449077177,27.6722203,85.4230977
Bhaktapur durbar square,1964124050,27.6715535,85.4230689
Bhaktapur durbar square,268308582,27.6722371,85.4238913
Bhaktapur durbar square,1945526741,27.672085499999998,85.4238932
Bhaktapur durbar square,6286872091,27.672637900000005,85.4240777
Bhaktapur durbar square,268308626,27.6727842,85.4262738
Bhaktapur durbar square,1942529534,27.6725514,85.4266418
Bhaktapur durbar square,1750007688,27.672713099999992,85.42529740000002
Bhaktapur durbar square,1750007693,27.6723419,85.4258505
Bhaktapur durbar square,268308667,27.6710115,85.4256181
Bhaktapur durbar square,1942529489,27.67137849999999,85.4249239
Bhaktapur durbar square,1942462618,27.670447099999997,85.4254104
Bhaktapur durbar square,1274128991,27.670475899999996,85.4267169
Bhaktapur durbar square,1942529491,27.6713615,85.4257233
Bhaktapur durbar square,268308671,27.672002100000004,85.4294434
Bhaktapur durbar square,360717099,27.671666800000004,85.4301552
Bhaktapur durbar square,2057256581,27.6721856,85.42902620000001
Bhaktapur durbar square,2056479202,27.670964099999996,85.4289803
Bhaktapur durbar square,268308711,27.6705563,85.4288491
Bhaktapur durbar square,1990761379,27.6703232,85.4292531
Bhaktapur durbar square,268308720,27.670368799999995,85.4284514
Bhaktapur durbar square,669575793,27.6698386,85.4281586
Bhaktapur durbar square,990801561,27.6703641,85.4280507
Bhaktapur durbar square,2163956736,27.6783899,85.4400255
Bhaktapur durbar square,8815036042,27.675474300000005,85.4215161
Bhaktapur durbar square,1274128932,27.6753831,85.427282
Bhaktapur durbar square,724346627,27.67509709999999,85.42571650000001
Bhaktapur durbar square,360716733,27.684112499999998,85.430209
Bhaktapur durbar square,10794710745,27.683909000000003,85.4301548
Bhaktapur durbar square,2478834033,27.6842725,85.4302158
Bhaktapur durbar square,3484442894,27.683808799999994,85.4307655
Bhaktapur durbar square,360716746,27.6777172,85.4296745
Bhaktapur durbar square,8815034492,27.6777053,85.4301775
Bhaktapur durbar square,10129508803,27.677437699999995,85.429638
Bhaktapur durbar square,8815034493,27.678956099999997,85.4295004
Bhaktapur durbar square,1274128970,27.676833999999996,85.429558
Bhaktapur durbar square,3629449689,27.677017499999998,85.4307782
Bhaktapur durbar square,360717064,27.6747232,85.4318949
Bhaktapur durbar square,990800949,27.6741894,85.4318861
Bhaktapur durbar square,6002015507,27.675158099999997,85.4318433
Bhaktapur durbar square,10773235010,27.675041900000004,85.4315065
Bhaktapur durbar square,360717066,27.673495599999992,85.4318846
Bhaktapur durbar square,360717074,27.673924399999997,85.4330411
Bhaktapur durbar square,990795950,27.674025299999997,85.4330598
Bhaktapur durbar square,360717075,27.6740599,85.4333768
Bhaktapur durbar square,2197209963,27.6734478,85.4323654
Bhaktapur durbar square,991161002,27.674067600000004,85.4335136
Bhaktapur durbar square,360717081,27.6734497,85.4348151
Bhaktapur durbar square,990902855,27.6736078,85.435197
Bhaktapur durbar square,360717086,27.672489,85.4340617
Bhaktapur durbar square,991161010,27.6725131,85.433645
Bhaktapur durbar square,990902886,27.672441399999997,85.4336465
Bhaktapur durbar square,990902854,27.6723868,85.4341327
Bhaktapur durbar square,360717090,27.672506699999996,85.432601
Bhaktapur durbar square,457278491,27.6712391,85.432344
Bhaktapur durbar square,10741549813,27.672340999999992,85.433339
Bhaktapur durbar square,10801670093,27.6725895,85.4315945
Bhaktapur durbar square,1402603523,27.671889799999995,85.4302984
Bhaktapur durbar square,360717104,27.671338799999997,85.4298612
Bhaktapur durbar square,2478824379,27.670902799999993,85.4307003
Bhaktapur durbar square,360717799,27.667720799999998,85.4242367
Bhaktapur durbar square,10116392199,27.667800299999993,85.4242973
Bhaktapur durbar square,10116392180,27.6673797,85.4250475
Bhaktapur durbar square,2057213903,27.6676361,85.4241841
Bhaktapur durbar square,360717804,27.6683107,85.4246973
Bhaktapur durbar square,1274128884,27.669034799999995,85.4249432
Bhaktapur durbar square,1990814904,27.6684986,85.4256763
Bhaktapur durbar square,360722452,27.6776201,85.4332135
Bhaktapur durbar square,1835677381,27.678341699999997,85.4340739
Bhaktapur durbar square,10129508757,27.679253400000004,85.4329628
Bhaktapur durbar square,457276973,27.673505599999995,85.43901230000002
Bhaktapur durbar square,6403378239,27.673570100000003,85.4394525
Bhaktapur durbar square,1402635230,27.672829499999995,85.4390898
Bhaktapur durbar square,1835611067,27.676886699999997,85.4410762
Bhaktapur durbar square,457278023,27.671479199999993,85.4245614
Bhaktapur durbar square,2014943519,27.671442499999994,85.4247287
Bhaktapur durbar square,457278024,27.671523499999996,85.4241929
Bhaktapur durbar square,1942529508,27.671856499999993,85.424508
Bhaktapur durbar square,1945526738,27.671532599999992,85.4238645
Bhaktapur durbar square,1942462646,27.671132899999993,85.4240857
Bhaktapur durbar square,457278027,27.671480299999992,85.4223482
Bhaktapur durbar square,1835630944,27.671523300000004,85.42274120000002
Bhaktapur durbar square,1835630899,27.670359199999996,85.4223183
Bhaktapur durbar square,2343968544,27.671964599999995,85.4222749
Bhaktapur durbar square,1964121121,27.671423999999995,85.421343
Bhaktapur durbar square,457278056,27.680250299999994,85.418954
Bhaktapur durbar square,457278059,27.6802798,85.4201119
Bhaktapur durbar square,457278063,27.680309,85.4221147
Bhaktapur durbar square,11668989515,27.6819442,85.419652
Bhaktapur durbar square,10839988122,27.6783599,85.4225303
Bhaktapur durbar square,457278078,27.68394229999999,85.4230301
Bhaktapur durbar square,12106115763,27.681815499999992,85.4255821
Bhaktapur durbar square,457278097,27.679767099999996,85.4294099
Bhaktapur durbar square,8815034500,27.681403999999993,85.4270717
Bhaktapur durbar square,5004395169,27.6794077,85.4294725
Bhaktapur durbar square,3484442893,27.683713499999996,85.4301027
Bhaktapur durbar square,457278110,27.681590699999994,85.433072
Bhaktapur durbar square,12966305632,27.6816608,85.4329318
Bhaktapur durbar square,457278113,27.6806738,85.432839
Bhaktapur durbar square,1835677585,27.682033099999998,85.4331312
Bhaktapur durbar square,457278490,27.670468499999995,85.4320927
Bhaktapur durbar square,1274129024,27.670274900000003,85.4326114
Bhaktapur durbar square,669576371,27.6706078,85.4318896
Bhaktapur durbar square,9299870399,27.670911399999998,85.4322418
Bhaktapur durbar square,457278499,27.6713877,85.4333456
Bhaktapur durbar square,457278495,27.6711737,85.4313813
Bhaktapur durbar square,457278502,27.671352499999994,85.4313269
Bhaktapur durbar square,990902840,27.670750399999996,85.4315048
Bhaktapur durbar square,10768740667,27.6708835,85.4333344
Bhaktapur durbar square,457278500,27.671423600000004,85.4342027
Bhaktapur durbar square,990902850,27.6711864,85.4345489
Bhaktapur durbar square,2071101077,27.6716328,85.431824
Bhaktapur durbar square,457278543,27.659204399999997,85.4254648
Bhaktapur durbar square,3487123142,27.660213100000004,85.4259505
Bhaktapur durbar square,457278550,27.6615012,85.4261134
Bhaktapur durbar square,1835637631,27.662189799999997,85.4261053
Bhaktapur durbar square,1835637570,27.6614167,85.4251999
Bhaktapur durbar square,457278553,27.6637434,85.4261001
Bhaktapur durbar square,12864304396,27.6627145,85.426075
Bhaktapur durbar square,1990657726,27.6638368,85.4274286
Bhaktapur durbar square,1835637899,27.664487100000002,85.4248427
Bhaktapur durbar square,457278559,27.666508000000004,85.4255682
Bhaktapur durbar square,2210851375,27.6665054,85.4254438
Bhaktapur durbar square,1402618679,27.667129900000003,85.4259901
Bhaktapur durbar square,457278562,27.667673399999998,85.4270213
Bhaktapur durbar square,1402622150,27.666819,85.4269893
Bhaktapur durbar square,6290301240,27.6674838,85.4262879
Bhaktapur durbar square,457278564,27.668191299999993,85.4272362
Bhaktapur durbar square,10111116153,27.6685348,85.4261882
Bhaktapur durbar square,457278647,27.667917999999997,85.4326887
Bhaktapur durbar square,990902830,27.668198500000003,85.4317954
Bhaktapur durbar square,457278649,27.6672028,85.4329673
Bhaktapur durbar square,1402615817,27.66787169999999,85.4342827
Bhaktapur durbar square,12839696128,27.6666013,85.4338295
Bhaktapur durbar square,10748386463,27.666591199999996,85.4329738
Bhaktapur durbar square,457278653,27.6665124,85.4330152
Bhaktapur durbar square,1402616623,27.665517399999995,85.4301408
Bhaktapur durbar square,457278659,27.664982399999996,85.4331323
Bhaktapur durbar square,1402539045,27.666494799999995,85.433848
Bhaktapur durbar square,3476646274,27.66425900000001,85.43316490000001
Bhaktapur durbar square,3500855098,27.664554999999996,85.4322355
Bhaktapur durbar square,457278664,27.663405299999994,85.4329328
Bhaktapur durbar square,3487464362,27.663201299999997,85.4335668
Bhaktapur durbar square,10601261216,27.663219399999996,85.4328019
Bhaktapur durbar square,457278668,27.662476099999992,85.4325281
Bhaktapur durbar square,10601393579,27.6610785,85.4319783
Bhaktapur durbar square,10601393678,27.662321699999996,85.4332597
Bhaktapur durbar square,457278673,27.661044299999997,85.4319598
Bhaktapur durbar square,10601261461,27.660309799999993,85.4317028
Bhaktapur durbar square,10601261480,27.662011499999995,85.4317914
Bhaktapur durbar square,457278676,27.6591967,85.4316885
Bhaktapur durbar square,12100039547,27.659300499999997,85.4311329
Bhaktapur durbar square,3476646564,27.659041900000002,85.4316738
Bhaktapur durbar square,10601261430,27.6600629,85.4316693
Bhaktapur durbar square,457278846,27.662013199999997,85.4381156
Bhaktapur durbar square,10601261306,27.661735099999994,85.4372016
Bhaktapur durbar square,457278845,27.662018199999995,85.4381796
Bhaktapur durbar square,1835630842,27.66424959999999,85.437453
Bhaktapur durbar square,457278849,27.662749,85.4373859
Bhaktapur durbar square,10601261245,27.6645077,85.4352066
Bhaktapur durbar square,10601261426,27.6623508,85.4371425
Bhaktapur durbar square,457279982,27.671683000000005,85.4391678
Bhaktapur durbar square,1939395213,27.6712918,85.4390607
Bhaktapur durbar square,1402636376,27.671710499999996,85.4399635
Bhaktapur durbar square,1402635250,27.671650499999995,85.4386428
Bhaktapur durbar square,1402636359,27.67268019999999,85.439165
Bhaktapur durbar square,457279983,27.669708799999995,85.4386465
Bhaktapur durbar square,457279985,27.669936699999997,85.4387039
Bhaktapur durbar square,672613114,27.669473299999993,85.4391046
Bhaktapur durbar square,1402636367,27.6703786,85.4388139
Bhaktapur durbar square,1402635141,27.6699975,85.4404204
Bhaktapur durbar square,558559357,27.672544799999997,85.4309977
Bhaktapur durbar square,990800968,27.672743300000004,85.4305303
Bhaktapur durbar square,1835630993,27.6732172,85.4309842
Bhaktapur durbar square,1945526743,27.6721589,85.430512
Bhaktapur durbar square,558559360,27.673431,85.43186610000001
Bhaktapur durbar square,558559367,27.672199999999997,85.4358257
Bhaktapur durbar square,2071101091,27.672130599999996,85.4358577
Bhaktapur durbar square,558559379,27.672390599999993,85.4270172
Bhaktapur durbar square,990795854,27.672359400000005,85.4273281
Bhaktapur durbar square,558559382,27.673141299999997,85.4269118
Bhaktapur durbar square,9928599901,27.6736481,85.4256961
Bhaktapur durbar square,10614695712,27.6742937,85.42802360000002
Bhaktapur durbar square,990787501,27.669887300000003,85.4279217
Bhaktapur durbar square,669576370,27.670148299999997,85.4317489
Bhaktapur durbar square,1990761376,27.670217799999996,85.4314361
Bhaktapur durbar square,2071101042,27.670642899999997,85.4318542
Bhaktapur durbar square,669576373,27.6699143,85.433653
Bhaktapur durbar square,990902848,27.6697041,85.43413300000002
Bhaktapur durbar square,990902847,27.6694133,85.4339742
Bhaktapur durbar square,669576383,27.667001999999993,85.4364568
Bhaktapur durbar square,2071120808,27.666714100000004,85.437082
Bhaktapur durbar square,6262959441,27.666634599999995,85.4364574
Bhaktapur durbar square,11542167204,27.667740800000004,85.435112
Bhaktapur durbar square,1990735124,27.6680686,85.4370566
Bhaktapur durbar square,3510683235,27.669517800000005,85.439916
Bhaktapur durbar square,1402641479,27.668493199999997,85.4399534
Bhaktapur durbar square,724346622,27.674456700000004,85.4255362
Bhaktapur durbar square,724346624,27.67452979999999,85.425557
Bhaktapur durbar square,1894328890,27.673900300000003,85.425445
Bhaktapur durbar square,1894346966,27.6748921,85.4236054
Bhaktapur durbar square,990787510,27.6703512,85.4275736
Bhaktapur durbar square,10759085181,27.6759327,85.4334869
Bhaktapur durbar square,2056479308,27.6743346,85.4335106
Bhaktapur durbar square,990795946,27.675714899999996,85.4331205
Bhaktapur durbar square,990795949,27.67434,85.433057
Bhaktapur durbar square,2183278321,27.674104200000002,85.432429
Bhaktapur durbar square,2071101108,27.6725286,85.4370603
Bhaktapur durbar square,1835611013,27.6754959,85.4371137
Bhaktapur durbar square,2056479343,27.675453000000005,85.435848
Bhaktapur durbar square,990800585,27.673808599999994,85.4351633
Bhaktapur durbar square,10775287563,27.674046300000004,85.4350889
Bhaktapur durbar square,990800950,27.674327699999996,85.4311769
Bhaktapur durbar square,10621292519,27.674646,85.4307637
Bhaktapur durbar square,990800953,27.674607,85.4306592
Bhaktapur durbar square,990914623,27.6746755,85.4305036
Bhaktapur durbar square,1990761483,27.6737733,85.4306581
Bhaktapur durbar square,990800957,27.673749799999992,85.4292504
Bhaktapur durbar square,1274129113,27.6737897,85.4291656
Bhaktapur durbar square,990800960,27.672627099999996,85.4292856
Bhaktapur durbar square,1894258550,27.67373939999999,85.4298735
Bhaktapur durbar square,990800964,27.672495300000005,85.4296952
Bhaktapur durbar square,990800965,27.67284229999999,85.4298449
Bhaktapur durbar square,1945526745,27.6722165,85.4304401
Bhaktapur durbar square,1945526751,27.6726929,85.4303933
Bhaktapur durbar square,991160882,27.673265599999997,85.4307183
Bhaktapur durbar square,990801550,27.670310499999996,85.43108
Bhaktapur durbar square,1990761357,27.670093999999995,85.4310941
Bhaktapur durbar square,1945526735,27.670612299999995,85.4306066
Bhaktapur durbar square,990801553,27.6691388,85.4305048
Bhaktapur durbar square,990801556,27.6686477,85.4303048
Bhaktapur durbar square,5050366641,27.6679914,85.43014700000002
Bhaktapur durbar square,1402616614,27.668415200000002,85.4311305
Bhaktapur durbar square,990902849,27.669849599999996,85.4343144
Bhaktapur durbar square,1274129101,27.6707029,85.4344735
Bhaktapur durbar square,1402615813,27.669664999999995,85.4350862
Bhaktapur durbar square,1274128965,27.6716774,85.4348663
Bhaktapur durbar square,990902904,27.665493,85.42726770000002
Bhaktapur durbar square,3416371110,27.665212799999995,85.4293286
Bhaktapur durbar square,2477600855,27.666175099999997,85.4272948
Bhaktapur durbar square,990902948,27.675691699999998,85.4360626
Bhaktapur durbar square,2071092641,27.676281999999997,85.4359966
Bhaktapur durbar square,2071092637,27.6759246,85.4366126
Bhaktapur durbar square,2158589986,27.6756455,85.4356575
Bhaktapur durbar square,990902949,27.6760821,85.4371355
Bhaktapur durbar square,1835611032,27.676226999999994,85.43788830000001
Bhaktapur durbar square,990914624,27.674893899999997,85.4301459
Bhaktapur durbar square,1990761520,27.67497029999999,85.4298739
Bhaktapur durbar square,991161130,27.6731453,85.4323585
Bhaktapur durbar square,1274128876,27.669669899999995,85.4231855
Bhaktapur durbar square,1835630889,27.669809699999995,85.4228686
Bhaktapur durbar square,3486413075,27.6707468,85.4239488
Bhaktapur durbar square,10821739067,27.669342899999997,85.4250461
Bhaktapur durbar square,1274128887,27.676617599999993,85.4272525
Bhaktapur durbar square,8815036089,27.6762835,85.4272989
Bhaktapur durbar square,1274128992,27.677742999999996,85.4276051
Bhaktapur durbar square,10129508805,27.676621999999995,85.4264058
Bhaktapur durbar square,1274128925,27.676193099999995,85.4268126
Bhaktapur durbar square,1274128943,27.6760463,85.4261299
Bhaktapur durbar square,12606164146,27.675931499999997,85.42564140000002
Bhaktapur durbar square,10889988293,27.6767337,85.425896
Bhaktapur durbar square,1274128962,27.676799899999995,85.4290961
Bhaktapur durbar square,1274129029,27.6774105,85.4283828
Bhaktapur durbar square,8815036090,27.676463399999996,85.428223
Bhaktapur durbar square,1274128972,27.6710849,85.4354125
Bhaktapur durbar square,5052666537,27.671031299999996,85.4354588
Bhaktapur durbar square,1274128980,27.6687208,85.42613930000002
Bhaktapur durbar square,2478760284,27.6689582,85.4262505
Bhaktapur durbar square,2478837823,27.6686307,85.4257413
Bhaktapur durbar square,1274129009,27.669510399999997,85.42650940000001
Bhaktapur durbar square,8815034486,27.678058599999996,85.4276522
Bhaktapur durbar square,1274129059,27.669988199999995,85.4252862
Bhaktapur durbar square,12564912542,27.6708886,85.4325531
Bhaktapur durbar square,1835610978,27.674039499999996,85.4427493
Bhaktapur durbar square,1274129110,27.673705299999998,85.4253912
Bhaktapur durbar square,1945526757,27.673706799999998,85.42479790000002
Bhaktapur durbar square,1835630872,27.666498899999997,85.4357551
Bhaktapur durbar square,10628421650,27.668629200000005,85.4372832
Bhaktapur durbar square,1402615836,27.669379299999996,85.4365325
Bhaktapur durbar square,1402612883,27.6676744,85.4420364
Bhaktapur durbar square,1402643560,27.667978600000005,85.4420336
Bhaktapur durbar square,1402641445,27.667969499999995,85.4414172
Bhaktapur durbar square,1402613270,27.671178200000003,85.4366903
Bhaktapur durbar square,1402613272,27.671129600000004,85.4364949
Bhaktapur durbar square,1402613276,27.67171,85.4369817
Bhaktapur durbar square,1402613271,27.6707388,85.4362786
Bhaktapur durbar square,1964133895,27.670408999999996,85.4364061
Bhaktapur durbar square,1402615842,27.6708236,85.4356015
Bhaktapur durbar square,5052666538,27.671354899999997,85.4359326
Bhaktapur durbar square,1402615847,27.672004299999998,85.435896
Bhaktapur durbar square,1402616584,27.666088799999997,85.4302488
Bhaktapur durbar square,2477600852,27.6660191,85.428323
Bhaktapur durbar square,1402616592,27.665528899999998,85.4278675
Bhaktapur durbar square,10839160037,27.667261000000003,85.4255113
Bhaktapur durbar square,1402620577,27.666780000000003,85.42315390000002
Bhaktapur durbar square,1402620586,27.6671628,85.4228731
Bhaktapur durbar square,1402620581,27.6659642,85.4231092
Bhaktapur durbar square,2281987688,27.667446999999996,85.4235742
Bhaktapur durbar square,10810788308,27.666981399999997,85.4208952
Bhaktapur durbar square,2477439329,27.666719999999998,85.4279155
Bhaktapur durbar square,1402635086,27.670014800000004,85.4409378
Bhaktapur durbar square,1402635115,27.670028800000004,85.4414429
Bhaktapur durbar square,1402635097,27.67173989999999,85.4408631
Bhaktapur durbar square,1402635152,27.668411499999998,85.4409817
Bhaktapur durbar square,1402635089,27.6717282,85.4403598
Bhaktapur durbar square,1402635204,27.673079799999996,85.44030870000002
Bhaktapur durbar square,1939395209,27.671328699999997,85.4403773
Bhaktapur durbar square,1402635123,27.6717602,85.44137520000001
Bhaktapur durbar square,1402635099,27.673184299999996,85.4408144
Bhaktapur durbar square,1402635227,27.673278799999995,85.4413079
Bhaktapur durbar square,1402635102,27.6709288,85.4414078
Bhaktapur durbar square,1402635200,27.6704764,85.4414237
Bhaktapur durbar square,13229664385,27.670941899999995,85.4419177
Bhaktapur durbar square,1402636373,27.6700849,85.44295690000001
Bhaktapur durbar square,3481926658,27.6696014,85.44145600000002
Bhaktapur durbar square,1402635171,27.6717874,85.4418757
Bhaktapur durbar square,1402636364,27.670439699999996,85.4404062
Bhaktapur durbar square,1402641449,27.669526800000003,85.4404423
Bhaktapur durbar square,1402635235,27.6684953,85.4404882
Bhaktapur durbar square,1402635155,27.670985,85.4429234
Bhaktapur durbar square,1402635282,27.6714294,85.4429043
Bhaktapur durbar square,1402636366,27.670520799999995,85.4429423
Bhaktapur durbar square,3628527756,27.671812,85.4428955
Bhaktapur durbar square,3497014419,27.671389099999992,85.4418935
Bhaktapur durbar square,1402636361,27.6722414,85.4418578
Bhaktapur durbar square,1402635173,27.6729359,85.44183
Bhaktapur durbar square,1402636368,27.672609799999996,85.4418441
Bhaktapur durbar square,1402635253,27.6733813,85.441821
Bhaktapur durbar square,1402636369,27.672977600000003,85.4428708
Bhaktapur durbar square,1402635197,27.6691353,85.4414763
Bhaktapur durbar square,1402643570,27.668689899999997,85.4420078
Bhaktapur durbar square,1402636360,27.6729924,85.4399143
Bhaktapur durbar square,1402635248,27.67382269999999,85.4412907
Bhaktapur durbar square,3481926666,27.673844100000004,85.4414477
Bhaktapur durbar square,4314071908,27.673797800000003,85.4410318
Bhaktapur durbar square,1402636363,27.672865500000004,85.4399206
Bhaktapur durbar square,10718782557,27.672236299999998,85.4428842
Bhaktapur durbar square,1402636370,27.672628200000002,85.4428772
Bhaktapur durbar square,3481926660,27.6696304,85.4429694
Bhaktapur durbar square,1402643536,27.66834279999999,85.4420143
Bhaktapur durbar square,5655538111,27.662216000000004,85.4181272
Bhaktapur durbar square,1749973461,27.672072899999996,85.4244602
Bhaktapur durbar square,13229664386,27.672622699999994,85.4244347
Bhaktapur durbar square,1749994631,27.676323600000003,85.4248201
Bhaktapur durbar square,2174800759,27.6757634,85.4247974
Bhaktapur durbar square,1945526750,27.6726443,85.4250468
Bhaktapur durbar square,1942529502,27.671724200000003,85.4254119
Bhaktapur durbar square,1835610977,27.674000999999997,85.4425605
Bhaktapur durbar square,1835610986,27.6745292,85.4418564
Bhaktapur durbar square,1835610992,27.674842599999998,85.4425578
Bhaktapur durbar square,1835610979,27.674144,85.4395393
Bhaktapur durbar square,4326798596,27.674271800000003,85.4402657
Bhaktapur durbar square,1835610987,27.6745397,85.4396041
Bhaktapur durbar square,1835610983,27.674391599999996,85.44097940000002
Bhaktapur durbar square,1835610990,27.674752799999997,85.4409126
Bhaktapur durbar square,1835610984,27.674291699999998,85.4384229
Bhaktapur durbar square,3481926669,27.674361599999997,85.4387602
Bhaktapur durbar square,2056400348,27.674842799999997,85.4382115
Bhaktapur durbar square,1835610991,27.6748091,85.4414
Bhaktapur durbar square,4287310018,27.6748328,85.4395945
Bhaktapur durbar square,1835610994,27.674840899999996,85.4413493
Bhaktapur durbar square,1835611002,27.675193,85.44248
Bhaktapur durbar square,1835611001,27.675139099999996,85.4409197
Bhaktapur durbar square,1835610997,27.6749365,85.4381429
Bhaktapur durbar square,1835611016,27.6755693,85.4375556
Bhaktapur durbar square,1835611019,27.675646500000003,85.4379766
Bhaktapur durbar square,1835611011,27.6755482,85.4424036
Bhaktapur durbar square,3476660292,27.6754423,85.4404732
Bhaktapur durbar square,1835611003,27.675341599999992,85.4385702
Bhaktapur durbar square,10655813324,27.675726899999997,85.4384563
Bhaktapur durbar square,1835611014,27.675551700000003,85.4396227
Bhaktapur durbar square,2057213954,27.6750621,85.4386159
Bhaktapur durbar square,1835611008,27.675753099999998,85.4400322
Bhaktapur durbar square,8815033582,27.675492800000004,85.44037
Bhaktapur durbar square,1835611028,27.676141299999994,85.4412487
Bhaktapur durbar square,1894309098,27.675947799999996,85.43964360000001
Bhaktapur durbar square,5547396958,27.675930899999997,85.4423113
Bhaktapur durbar square,8815033579,27.6753039,85.4396214
Bhaktapur durbar square,1835611020,27.675709099999995,85.4383624
Bhaktapur durbar square,2134543476,27.676166099999996,85.437987
Bhaktapur durbar square,1835611033,27.6763195,85.442231
Bhaktapur durbar square,2056400357,27.676526399999997,85.4411544
Bhaktapur durbar square,1835611083,27.677400099999996,85.4378182
Bhaktapur durbar square,1835611051,27.676600300000004,85.4389304
Bhaktapur durbar square,1835611064,27.6766721,85.4396944
Bhaktapur durbar square,10661760120,27.67599999999999,85.439646
Bhaktapur durbar square,1835611074,27.6771642,85.4388265
Bhaktapur durbar square,2056400352,27.6762485,85.4396576
Bhaktapur durbar square,1835611069,27.677030299999995,85.4396275
Bhaktapur durbar square,1835611077,27.6772544,85.440997
Bhaktapur durbar square,1835611082,27.677267799999992,85.4395775
Bhaktapur durbar square,1835611075,27.6771991,85.4390708
Bhaktapur durbar square,2071092648,27.677469900000002,85.4387524
Bhaktapur durbar square,10646228501,27.6769457,85.43912320000001
Bhaktapur durbar square,1835611090,27.677524499999993,85.440943
Bhaktapur durbar square,1835611091,27.6775177,85.4395171
Bhaktapur durbar square,1835611095,27.6777588,85.4408946
Bhaktapur durbar square,1835611098,27.677838799999996,85.4394643
Bhaktapur durbar square,1835611102,27.678065299999993,85.4408281
Bhaktapur durbar square,1835611096,27.677984700000003,85.4386132
Bhaktapur durbar square,1835611103,27.6782181,85.4394208
Bhaktapur durbar square,2164838899,27.678913799999993,85.4399346
Bhaktapur durbar square,2163956731,27.677970200000004,85.4402418
Bhaktapur durbar square,1835630837,27.663861299999997,85.439455
Bhaktapur durbar square,1835630849,27.6648144,85.4395133
Bhaktapur durbar square,1835630828,27.663236899999998,85.4388497
Bhaktapur durbar square,1835630830,27.6635659,85.4383508
Bhaktapur durbar square,1835630844,27.664137999999994,85.4399998
Bhaktapur durbar square,1835630859,27.6654683,85.4386052
Bhaktapur durbar square,1835630871,27.6659724,85.4358095
Bhaktapur durbar square,10719708994,27.6655357,85.439684
Bhaktapur durbar square,12864248679,27.665723399999997,85.4361564
Bhaktapur durbar square,12008950390,27.666498599999994,85.4359867
Bhaktapur durbar square,1835630881,27.669362499999995,85.4223157
Bhaktapur durbar square,3486426185,27.668732699999996,85.421762
Bhaktapur durbar square,1835630895,27.6702134,85.4231861
Bhaktapur durbar square,11338701179,27.670966399999998,85.42332430000002
Bhaktapur durbar square,1835630897,27.6703116,85.4226537
Bhaktapur durbar square,1894346931,27.6710136,85.4227101
Bhaktapur durbar square,1835630936,27.671406699999995,85.4192903
Bhaktapur durbar square,10860658736,27.6713443,85.4202436
Bhaktapur durbar square,8826615522,27.6724675,85.4193932
Bhaktapur durbar square,1964124048,27.6712402,85.4227225
Bhaktapur durbar square,1835630948,27.671563399999993,85.4233778
Bhaktapur durbar square,11338701195,27.671183299999996,85.4233482
Bhaktapur durbar square,1835631093,27.6763493,85.4365665
Bhaktapur durbar square,1835631119,27.676695399999996,85.4365043
Bhaktapur durbar square,2071092643,27.676615000000005,85.4359323
Bhaktapur durbar square,2291478685,27.677215299999997,85.4364677
Bhaktapur durbar square,1835637563,27.66106389999999,85.4206441
Bhaktapur durbar square,1835637608,27.6620026,85.4204614
Bhaktapur durbar square,4170423825,27.6619859,85.424274
Bhaktapur durbar square,3499967144,27.6607743,85.4250015
Bhaktapur durbar square,1835637606,27.6622854,85.4242462
Bhaktapur durbar square,1835637644,27.662366099999996,85.4238087
Bhaktapur durbar square,3492910935,27.661935799999995,85.4207458
Bhaktapur durbar square,3492910961,27.662079999999996,85.4203522
Bhaktapur durbar square,1835637621,27.662168100000002,85.422417
Bhaktapur durbar square,1835637639,27.662284500000002,85.4228001
Bhaktapur durbar square,3486973154,27.66177499999999,85.4219059
Bhaktapur durbar square,1835637672,27.6626304,85.4222133
Bhaktapur durbar square,1835637637,27.662336099999997,85.419899
Bhaktapur durbar square,2267877263,27.662530599999997,85.4200797
Bhaktapur durbar square,3505303266,27.662270399999997,85.4195425
Bhaktapur durbar square,3629567705,27.6623279,85.4236589
Bhaktapur durbar square,1835637817,27.663748999999996,85.4239438
Bhaktapur durbar square,1835637831,27.663872799999993,85.4221393
Bhaktapur durbar square,2071120764,27.663623900000005,85.4210819
Bhaktapur durbar square,1835637757,27.66359629999999,85.42092640000001
Bhaktapur durbar square,2071120762,27.6636058,85.4210269
Bhaktapur durbar square,13055587511,27.6631141,85.4205399
Bhaktapur durbar square,3505705126,27.663305899999997,85.4186225
Bhaktapur durbar square,1835637807,27.663514,85.4179174
Bhaktapur durbar square,12097490927,27.663905299999996,85.4228251
Bhaktapur durbar square,1835637821,27.663953799999998,85.4189969
Bhaktapur durbar square,1835637927,27.6647097,85.4184427
Bhaktapur durbar square,1835637856,27.664185299999993,85.4218091
Bhaktapur durbar square,10810771777,27.6652631,85.4208612
Bhaktapur durbar square,1835637888,27.6644581,85.4195896
Bhaktapur durbar square,13055587518,27.664188299999992,85.4194187
Bhaktapur durbar square,1835637963,27.664966,85.4181115
Bhaktapur durbar square,1835637960,27.664997999999994,85.4180057
Bhaktapur durbar square,9928611323,27.6650466,85.4179196
Bhaktapur durbar square,8489980225,27.665937899999992,85.4184496
Bhaktapur durbar square,1835637990,27.665349200000005,85.41975540000001
Bhaktapur durbar square,6794004751,27.6659672,85.420093
Bhaktapur durbar square,1835637999,27.6654639,85.4173011
Bhaktapur durbar square,1835638007,27.6656065,85.4164696
Bhaktapur durbar square,1835703802,27.665888699999996,85.4164052
Bhaktapur durbar square,11715962853,27.665451599999997,85.4164032
Bhaktapur durbar square,1835677300,27.675836499999996,85.4196381
Bhaktapur durbar square,5310822271,27.6758962,85.4188031
Bhaktapur durbar square,8815036098,27.676719999999992,85.4197068
Bhaktapur durbar square,1835677311,27.677257599999997,85.4348227
Bhaktapur durbar square,10603987421,27.677306599999998,85.4352995
Bhaktapur durbar square,1835677352,27.6776478,85.4365666
Bhaktapur durbar square,2135037000,27.677722799999998,85.4365199
Bhaktapur durbar square,10604112400,27.677521099999996,85.4357841
Bhaktapur durbar square,1835677354,27.6777171,85.417597
Bhaktapur durbar square,12606277293,27.67751279999999,85.417536
Bhaktapur durbar square,1969627413,27.6782061,85.4159845
Bhaktapur durbar square,10839988140,27.677948899999997,85.4183131
Bhaktapur durbar square,1835677384,27.678441499999998,85.4176333
Bhaktapur durbar square,1835677433,27.679669699999998,85.4353002
Bhaktapur durbar square,1835677391,27.678439899999994,85.4361241
Bhaktapur durbar square,1835677395,27.678461,85.435987
Bhaktapur durbar square,12964116954,27.679103100000003,85.436741
Bhaktapur durbar square,12964116963,27.6779493,85.4360725
Bhaktapur durbar square,3476660286,27.680334099999996,85.4360268
Bhaktapur durbar square,10794710733,27.683251199999997,85.4328375
Bhaktapur durbar square,1835677640,27.682611699999995,85.41914500000001
Bhaktapur durbar square,1835677656,27.6827994,85.4191502
Bhaktapur durbar square,1835677704,27.683575199999996,85.4335546
Bhaktapur durbar square,3476656123,27.6826402,85.4367634
Bhaktapur durbar square,11715962847,27.665884499999997,85.4153974
Bhaktapur durbar square,1835703826,27.666535699999997,85.4155619
Bhaktapur durbar square,1835703849,27.6668353,85.4150011
Bhaktapur durbar square,1835703841,27.666739899999996,85.414824
Bhaktapur durbar square,1835703896,27.667628999999998,85.4153778
Bhaktapur durbar square,1835769368,27.665584899999992,85.4397626
Bhaktapur durbar square,12555969439,27.665993799999995,85.4390419
Bhaktapur durbar square,1835769665,27.673915599999997,85.4132165
Bhaktapur durbar square,1835769679,27.675054499999998,85.4149754
Bhaktapur durbar square,1835769744,27.676042799999998,85.4152352
Bhaktapur durbar square,6286872107,27.6760347,85.4151714
Bhaktapur durbar square,5310822274,27.676117299999998,85.4171857
Bhaktapur durbar square,1894295711,27.6755287,85.435322
Bhaktapur durbar square,1894295715,27.676388499999998,85.43515170000002
Bhaktapur durbar square,1894295716,27.675286200000002,85.4353742
Bhaktapur durbar square,1894295714,27.67662139999999,85.4350754
Bhaktapur durbar square,10604112402,27.6770251,85.4359856
Bhaktapur durbar square,2158589984,27.675418699999998,85.4357642
Bhaktapur durbar square,11743197960,27.6749815,85.4351233
Bhaktapur durbar square,11338701171,27.670794899999997,85.4239754
Bhaktapur durbar square,1942529503,27.671756899999995,85.4250163
Bhaktapur durbar square,1942529514,27.6721973,85.426237
Bhaktapur durbar square,1942529510,27.6718978,85.424883
Bhaktapur durbar square,1942529537,27.672606999999992,85.4247911
Bhaktapur durbar square,10787171763,27.6721997,85.4263335
Bhaktapur durbar square,1945526747,27.672639300000004,85.4242948
Bhaktapur durbar square,1945526755,27.673291799999998,85.4248609
Bhaktapur durbar square,1964144900,27.669877299999996,85.4195095
Bhaktapur durbar square,10860293785,27.6698075,85.4188
Bhaktapur durbar square,1964144917,27.670134999999995,85.42020830000001
Bhaktapur durbar square,10864786592,27.669442799999995,85.4194805
Bhaktapur durbar square,10860658765,27.6710603,85.4202761
Bhaktapur durbar square,10862825645,27.669104899999997,85.4198308
Bhaktapur durbar square,10864775243,27.6708414,85.4215685
Bhaktapur durbar square,1964144942,27.671130599999998,85.4202638
Bhaktapur durbar square,10864775245,27.671184499999995,85.4215682
Bhaktapur durbar square,1964144943,27.6711859,85.4216009
Bhaktapur durbar square,8814984809,27.677813499999992,85.4157496
Bhaktapur durbar square,1969627419,27.678615,85.415425
Bhaktapur durbar square,3500043193,27.660751399999995,85.4282029
Bhaktapur durbar square,2169457045,27.668153499999995,85.4371101
Bhaktapur durbar square,4961504981,27.671029000000004,85.4248832
Bhaktapur durbar square,2014979318,27.673598699999996,85.4234847
Bhaktapur durbar square,2014979319,27.673726299999995,85.4230746
Bhaktapur durbar square,2057213957,27.6751582,85.439622
Bhaktapur durbar square,2060215048,27.678323000000002,85.431855
Bhaktapur durbar square,12606164160,27.677542999999993,85.4314331
Bhaktapur durbar square,3476656089,27.6787693,85.4319032
Bhaktapur durbar square,12966312656,27.6787962,85.4312904
Bhaktapur durbar square,2071092684,27.6809199,85.4362491
Bhaktapur durbar square,2071101047,27.670816,85.4319116
Bhaktapur durbar square,10759085180,27.6755159,85.4345724
Bhaktapur durbar square,2071120755,27.663010899999993,85.42047190000001
Bhaktapur durbar square,3492910941,27.662689899999997,85.4202344
Bhaktapur durbar square,13055587517,27.6631662,85.4201013
Bhaktapur durbar square,4176726878,27.665348199999993,85.4163234
Bhaktapur durbar square,2135037033,27.678044100000005,85.4371405
Bhaktapur durbar square,12966305655,27.678423700000003,85.4369375
Bhaktapur durbar square,2135037044,27.678691299999993,85.4373678
Bhaktapur durbar square,2169457010,27.6663345,85.4408341
Bhaktapur durbar square,12606164149,27.675912599999997,85.4255608
Bhaktapur durbar square,2210851371,27.665907699999995,85.4251082
Bhaktapur durbar square,10116392185,27.667620499999998,85.4226413
Bhaktapur durbar square,2478799708,27.6689365,85.4258023
Bhaktapur durbar square,2478806765,27.677319799999996,85.42263870000001
Bhaktapur durbar square,2478806766,27.677705899999996,85.4225539
Bhaktapur durbar square,12606277299,27.677291,85.4222263
Bhaktapur durbar square,8815036051,27.676600599999993,85.4227614
Bhaktapur durbar square,8815036064,27.677277299999997,85.423909
Bhaktapur durbar square,8815036076,27.67765199999999,85.42395440000001
Bhaktapur durbar square,8815036075,27.678093000000004,85.4225262
Bhaktapur durbar square,7706950643,27.6636093,85.4291679
Bhaktapur durbar square,10601203110,27.66256179999999,85.4343491
Bhaktapur durbar square,3476646315,27.659545799999997,85.4335837
Bhaktapur durbar square,10601393676,27.660633,85.4337117
Bhaktapur durbar square,3476656013,27.663475400000003,85.4306761
Bhaktapur durbar square,14019923672,27.6622457,85.4296781
Bhaktapur durbar square,3476656081,27.663530500000004,85.4299543
Bhaktapur durbar square,10601393450,27.663480699999994,85.4315593
Bhaktapur durbar square,3476656037,27.660107999999994,85.4294948
Bhaktapur durbar square,3476656043,27.659033800000003,85.4295343
Bhaktapur durbar square,12100039559,27.659657199999998,85.4304043
Bhaktapur durbar square,10588737565,27.660137500000005,85.429174
Bhaktapur durbar square,3476656046,27.658787899999993,85.4295947
Bhaktapur durbar square,12100039556,27.659110999999992,85.4302467
Bhaktapur durbar square,12100039546,27.658853399999998,85.4299723
Bhaktapur durbar square,3476656074,27.6628528,85.4296984
Bhaktapur durbar square,3476656076,27.663097599999997,85.4297614
Bhaktapur durbar square,12864304365,27.663215899999997,85.4289003
Bhaktapur durbar square,3476656083,27.676703299999993,85.43095790000001
Bhaktapur durbar square,12606164157,27.677094499999995,85.4313954
Bhaktapur durbar square,10129508762,27.6791957,85.4318574
Bhaktapur durbar square,3476656092,27.679505100000004,85.4313293
Bhaktapur durbar square,10129508772,27.6795824,85.430905
Bhaktapur durbar square,3476660291,27.679775900000003,85.4362768
Bhaktapur durbar square,12966337081,27.679346499999994,85.4374404
Bhaktapur durbar square,10599473108,27.679363499999997,85.4362154
Bhaktapur durbar square,10601203051,27.661032499999994,85.4357584
Bhaktapur durbar square,10601203108,27.661056899999995,85.4369348
Bhaktapur durbar square,3481926671,27.674584599999996,85.4413489
Bhaktapur durbar square,8815034503,27.684027300000004,85.428899
Bhaktapur durbar square,8814984805,27.677501599999992,85.4146042
Bhaktapur durbar square,10594053949,27.677855899999997,85.4148216
Bhaktapur durbar square,3492910946,27.6618951,85.4211352
Bhaktapur durbar square,5047949868,27.660719400000005,85.4215307
Bhaktapur durbar square,3487095604,27.659719799999998,85.4282966
Bhaktapur durbar square,12100055531,27.6596885,85.4285603
Bhaktapur durbar square,3487123143,27.6600519,85.4270318
Bhaktapur durbar square,3500043094,27.659970399999995,85.4273193
Bhaktapur durbar square,3487123151,27.659568699999998,85.426688
Bhaktapur durbar square,3487123150,27.659229900000003,85.4268333
Bhaktapur durbar square,3487123155,27.659267,85.4272816
Bhaktapur durbar square,3487123152,27.659189599999998,85.4274341
Bhaktapur durbar square,3487123157,27.6586313,85.4270733
Bhaktapur durbar square,3489413686,27.6690781,85.416094
Bhaktapur durbar square,3489414798,27.668676099999995,85.4156077
Bhaktapur durbar square,3491130816,27.6680767,85.4152312
Bhaktapur durbar square,3489414809,27.6692407,85.4145173
Bhaktapur durbar square,10001504660,27.6686078,85.4141113
Bhaktapur durbar square,3491130797,27.6662336,85.4201378
Bhaktapur durbar square,3491130799,27.666354300000002,85.4201629
Bhaktapur durbar square,3491130808,27.667155900000004,85.4172884
Bhaktapur durbar square,10810771768,27.667421499999996,85.4173882
Bhaktapur durbar square,3492895909,27.6596034,85.4239709
Bhaktapur durbar square,3492910957,27.6622236,85.4207685
Bhaktapur durbar square,3492910937,27.662325500000005,85.4207489
Bhaktapur durbar square,3492910940,27.662541299999997,85.4208277
Bhaktapur durbar square,3492910942,27.6625957,85.4203628
Bhaktapur durbar square,3492910965,27.6626873,85.4204686
Bhaktapur durbar square,3492910948,27.662310499999997,85.4211766
Bhaktapur durbar square,3505394826,27.662591599999995,85.4210439
Bhaktapur durbar square,10601261212,27.662465199999996,85.4317057
Bhaktapur durbar square,4326798603,27.673706399999993,85.4403761
Bhaktapur durbar square,4873994775,27.666238699999997,85.4186051
Bhaktapur durbar square,8815034488,27.6795959,85.42997980000001
Bhaktapur durbar square,8814984813,27.6763441,85.4189346
Bhaktapur durbar square,8814984802,27.676313199999996,85.4171435
Bhaktapur durbar square,13055587507,27.6628051,85.4179126
Bhaktapur durbar square,11542167222,27.666609099999995,85.4359894
Bhaktapur durbar square,10993259771,27.676458199999995,85.4151828
Bhaktapur durbar square,8814984800,27.6771514,85.4153368
Bhaktapur durbar square,8814984804,27.677299399999995,85.4150064
Bhaktapur durbar square,8814984801,27.676764399999996,85.4161533
Bhaktapur durbar square,8814984808,27.677487199999998,85.4155531
Bhaktapur durbar square,10993259773,27.6766907,85.4153466
Bhaktapur durbar square,8814984811,27.676783899999993,85.4172815
Bhaktapur durbar square,10594053933,27.676955999999993,85.41481020000002
Bhaktapur durbar square,10594053944,27.678171099999993,85.4150193
Bhaktapur durbar square,8815036027,27.677152399999994,85.4174249
Bhaktapur durbar square,8815036034,27.676727200000002,85.4190511
Bhaktapur durbar square,10612131331,27.6780004,85.428214
Bhaktapur durbar square,10129508785,27.679081599999996,85.4278207
Bhaktapur durbar square,8815034487,27.677962399999995,85.4285806
Bhaktapur durbar square,10794710719,27.678596000000002,85.4300868
Bhaktapur durbar square,12606164161,27.678156700000002,85.4301272
Bhaktapur durbar square,10612131332,27.678996599999998,85.4283644
Bhaktapur durbar square,8815034496,27.680480600000003,85.4275349
Bhaktapur durbar square,12106115769,27.680659799999994,85.427214
Bhaktapur durbar square,8815036035,27.676924999999997,85.4182595
Bhaktapur durbar square,10846084695,27.6774907,85.4193019
Bhaktapur durbar square,12606277292,27.677252200000005,85.4183663
Bhaktapur durbar square,8815036044,27.676141799999996,85.4216168
Bhaktapur durbar square,8815036046,27.6762583,85.4216322
Bhaktapur durbar square,8815036093,27.676745299999997,85.4206798
Bhaktapur durbar square,8815036048,27.6766528,85.4216937
Bhaktapur durbar square,8815036047,27.6772513,85.4216999
Bhaktapur durbar square,8815036056,27.677223899999994,85.4213713
Bhaktapur durbar square,12606277298,27.677282999999996,85.4221118
Bhaktapur durbar square,12606277302,27.676611599999994,85.422283
Bhaktapur durbar square,12606277303,27.6772028,85.4211614
Bhaktapur durbar square,10839988126,27.6780277,85.4212851
Bhaktapur durbar square,8815036057,27.677186300000002,85.4208982
Bhaktapur durbar square,8815036058,27.677155199999998,85.4205083
Bhaktapur durbar square,10839988127,27.6779802,85.420819
Bhaktapur durbar square,12606277310,27.6771237,85.4196878
Bhaktapur durbar square,8815036061,27.6773714,85.4197536
Bhaktapur durbar square,8815036102,27.678088,85.41998
Bhaktapur durbar square,8815036065,27.677196399999996,85.4247006
Bhaktapur durbar square,8815036071,27.677964299999992,85.4248415
Bhaktapur durbar square,8815036068,27.6770502,85.4251342
Bhaktapur durbar square,12606164148,27.676757099999996,85.4255583
Bhaktapur durbar square,8815036070,27.676999499999997,85.4258271
Bhaktapur durbar square,10839988112,27.678894900000003,85.4254288
Bhaktapur durbar square,10129508779,27.678992299999994,85.425931
Bhaktapur durbar square,8815036078,27.678464300000005,85.4249165
Bhaktapur durbar square,8815036073,27.678038399999995,85.4240091
Bhaktapur durbar square,8815036074,27.678074400000003,85.423276
Bhaktapur durbar square,10840059398,27.678430199999998,85.423288
Bhaktapur durbar square,8815036080,27.678929300000004,85.4250085
Bhaktapur durbar square,10839988119,27.678727000000002,85.423298
Bhaktapur durbar square,12606164153,27.677029399999995,85.4280516
Bhaktapur durbar square,10839988134,27.6781785,85.419467
Bhaktapur durbar square,9928611324,27.664366200000003,85.4172991
Bhaktapur durbar square,10001564054,27.6680194,85.41454980000002
Bhaktapur durbar square,10001564055,27.667570499999997,85.4141669
Bhaktapur durbar square,12097490932,27.6670075,85.425164
Bhaktapur durbar square,10129508780,27.6790841,85.426451
Bhaktapur durbar square,10129508804,27.676598299999995,85.4263307
Bhaktapur durbar square,10588737563,27.659653399999996,85.4288568
Bhaktapur durbar square,10588737564,27.6601825,85.428879
Bhaktapur durbar square,12100039566,27.660570899999996,85.4288895
Bhaktapur durbar square,12100039567,27.6604622,85.4291899
Bhaktapur durbar square,10594053943,27.6771554,85.4144196
Bhaktapur durbar square,10594053935,27.6764738,85.4146716
Bhaktapur durbar square,10594053942,27.676403199999996,85.4142345
Bhaktapur durbar square,10594053936,27.6763323,85.4137689
Bhaktapur durbar square,10599473109,27.679059,85.4363719
Bhaktapur durbar square,10599473111,27.679381,85.4359356
Bhaktapur durbar square,10601261345,27.660932700000004,85.4362709
Bhaktapur durbar square,10601203119,27.661737799999994,85.4357978
Bhaktapur durbar square,10601203052,27.661478899999995,85.4343185
Bhaktapur durbar square,10601393483,27.661441100000005,85.4336927
Bhaktapur durbar square,10601203473,27.662008,85.4362916
Bhaktapur durbar square,10601261273,27.662221699999996,85.4356782
Bhaktapur durbar square,10601261248,27.662399499999996,85.4313428
Bhaktapur durbar square,10601261409,27.662873800000003,85.4332374
Bhaktapur durbar square,10601261297,27.664445699999998,85.4340501
Bhaktapur durbar square,10601261377,27.6623203,85.435134
Bhaktapur durbar square,10601261465,27.662708199999997,85.43502790000001
Bhaktapur durbar square,10601261288,27.660604599999996,85.4362031
Bhaktapur durbar square,10601261356,27.661625200000003,85.4370391
Bhaktapur durbar square,10601261476,27.662154899999997,85.4369358
Bhaktapur durbar square,10601261354,27.662110100000003,85.4310183
Bhaktapur durbar square,10601261382,27.662678199999995,85.4338695
Bhaktapur durbar square,10601393524,27.662417599999998,85.4337548
Bhaktapur durbar square,14019923682,27.659662199999996,85.4325065
Bhaktapur durbar square,10601393494,27.660157299999995,85.4328211
Bhaktapur durbar square,10601393715,27.663491199999996,85.4317087
Bhaktapur durbar square,10601393698,27.6640869,85.4316358
Bhaktapur durbar square,10601393528,27.6613508,85.4339676
Bhaktapur durbar square,10601393602,27.6609277,85.4324914
Bhaktapur durbar square,10601393737,27.661035699999996,85.4321633
Bhaktapur durbar square,12100039534,27.659149000000003,85.4326151
Bhaktapur durbar square,10601393722,27.660774299999996,85.4331058
Bhaktapur durbar square,10603987423,27.677701799999998,85.4353389
Bhaktapur durbar square,10628421633,27.666948099999995,85.4420646
Bhaktapur durbar square,12966305528,27.683743799999995,85.4319343
Bhaktapur durbar square,10794710734,27.6829991,85.4319667
Bhaktapur durbar square,10794710746,27.683784599999996,85.4310678
Bhaktapur durbar square,10810771767,27.667304399999995,85.41791
Bhaktapur durbar square,10810771769,27.668504399999996,85.4178682
Bhaktapur durbar square,10810771771,27.6655038,85.4214317
Bhaktapur durbar square,10810771773,27.665704499999997,85.4218702
Bhaktapur durbar square,10810771774,27.665746100000003,85.4221639
Bhaktapur durbar square,12097490936,27.665272199999997,85.4218823
Bhaktapur durbar square,10810771779,27.664843999999995,85.4207135
Bhaktapur durbar square,10810788314,27.667469599999997,85.420053
Bhaktapur durbar square,12606277296,27.678235700000002,85.4220061
Bhaktapur durbar square,10839988136,27.6782073,85.419084
Bhaktapur durbar square,10846084698,27.6775871,85.4189551
Bhaktapur durbar square,10855826202,27.667981600000005,85.4199751
Bhaktapur durbar square,10864786594,27.670046199999994,85.4181099
Bhaktapur durbar square,10864786586,27.6687515,85.4201082
Bhaktapur durbar square,11542167220,27.666601,85.434843
Bhaktapur durbar square,11668989511,27.680856,85.4189613
Bhaktapur durbar square,11715962829,27.664604700000005,85.41659560000001
Bhaktapur durbar square,11743197964,27.674995999999997,85.4342157
Bhaktapur durbar square,12097490931,27.6643802,85.422644
Bhaktapur durbar square,12100039555,27.6589483,85.430519
Bhaktapur durbar square,12100039563,27.659403200000003,85.4299584
Bhaktapur durbar square,12100039564,27.6607133,85.4291846
Bhaktapur durbar square,12100039565,27.660513799999997,85.4287058
Bhaktapur durbar square,12100055532,27.660122999999995,85.4285744
Bhaktapur durbar square,12106115768,27.680326900000004,85.4270066
Bhaktapur durbar square,12564912541,27.67091549999999,85.4328957
Bhaktapur durbar square,12606164152,27.675480599999997,85.4261451
Bhaktapur durbar square,12606164158,27.677554700000005,85.4307841
Bhaktapur durbar square,12606164164,27.6779561,85.4307492
Bhaktapur durbar square,12606277294,27.6773059,85.4183371
Bhaktapur durbar square,12606277304,27.676765199999995,85.4211998
Bhaktapur durbar square,12864304369,27.662286899999998,85.428739
Bhaktapur durbar square,12864304378,27.663242299999997,85.4282059
Bhaktapur durbar square,12864304395,27.66269159999999,85.4267981
Bhaktapur durbar square,12951549737,27.675323700000003,85.4141988
Bhaktapur durbar square,12951549740,27.6751298,85.4148365
Bhaktapur durbar square,12966305521,27.6847062,85.4324327
Bhaktapur durbar square,13055587515,27.662636499999998,85.4206203
Bhaktapur durbar square,14019923668,27.662373999999993,85.4292382
Patan durbar square,103589478,27.683556900000003,85.3187269
Patan durbar square,6548964019,27.683472499999997,85.3187802
Patan durbar square,2047751806,27.684320099999997,85.3186453
Patan durbar square,253205163,27.672622999999998,85.3249685
Patan durbar square,670393082,27.6712341,85.3243887
Patan durbar square,2309012017,27.671530299999997,85.3260357
Patan durbar square,268307839,27.669285499999997,85.3219786
Patan durbar square,564129602,27.66974829999999,85.3222299
Patan durbar square,3111513219,27.6691362,85.3219353
Patan durbar square,360455542,27.6699061,85.3217268
Patan durbar square,268307869,27.666469799999998,85.3235775
Patan durbar square,1273477840,27.666969800000004,85.3240188
Patan durbar square,1273478310,27.6668135,85.3232993
Patan durbar square,1933305707,27.664846099999995,85.32393910000002
Patan durbar square,314962644,27.680137,85.3172134
Patan durbar square,4315496274,27.6791472,85.31681460000001
Patan durbar square,1880066220,27.6801355,85.317126
Patan durbar square,314962647,27.67786879999999,85.3163244
Patan durbar square,1880066214,27.677871000000003,85.3162251
Patan durbar square,1753696756,27.677313999999996,85.3175558
Patan durbar square,317532043,27.6773606,85.3163299
Patan durbar square,314962702,27.676039600000003,85.3133537
Patan durbar square,2308181792,27.675855199999997,85.3144991
Patan durbar square,669324762,27.6760172,85.3131397
Patan durbar square,6391961482,27.676418999999996,85.3135881
Patan durbar square,314962713,27.677697799999994,85.3121437
Patan durbar square,669252469,27.677761299999997,85.3126004
Patan durbar square,314962717,27.6764501,85.3114685
Patan durbar square,314966975,27.6753916,85.3106483
Patan durbar square,1880051651,27.67677279999999,85.3105137
Patan durbar square,314964026,27.671560099999997,85.3184993
Patan durbar square,13077799038,27.671642300000002,85.3182441
Patan durbar square,2306645439,27.671460800000002,85.3187379
Patan durbar square,9713005828,27.6720646,85.318711
Patan durbar square,669716096,27.674742,85.3102568
Patan durbar square,669324798,27.675575700000003,85.3129054
Patan durbar square,314967067,27.675826499999996,85.3146945
Patan durbar square,1880051635,27.675656,85.3146915
Patan durbar square,1880051628,27.6756749,85.3156152
Patan durbar square,317532033,27.68309,85.3186878
Patan durbar square,1880066230,27.683111499999992,85.3186171
Patan durbar square,317532061,27.681906799999997,85.3179266
Patan durbar square,6684876431,27.6770218,85.316555
Patan durbar square,1879942072,27.677139499999996,85.3163035
Patan durbar square,1942462683,27.6819255,85.3178511
Patan durbar square,1350468463,27.680447799999996,85.3173405
Patan durbar square,360309110,27.668270200000002,85.33029040000001
Patan durbar square,3484304799,27.668778500000002,85.3310385
Patan durbar square,3484304680,27.6678504,85.3306538
Patan durbar square,360309782,27.665571200000002,85.3344767
Patan durbar square,3072780817,27.665474499999995,85.3350053
Patan durbar square,10921122136,27.6658144,85.3338166
Patan durbar square,2524551142,27.666651899999994,85.3346732
Patan durbar square,360455511,27.668149099999997,85.3216987
Patan durbar square,360455521,27.667195800000002,85.32233850000001
Patan durbar square,1127867474,27.667596099999997,85.3214393
Patan durbar square,2117345075,27.667080199999994,85.322636
Patan durbar square,3111511204,27.670062299999998,85.3214916
Patan durbar square,360455544,27.67224299999999,85.3152884
Patan durbar square,669529183,27.672102499999998,85.3160304
Patan durbar square,669642742,27.673029699999997,85.3155637
Patan durbar square,1781191226,27.672125099999995,85.3127265
Patan durbar square,6269266811,27.6725385,85.3141718
Patan durbar square,362504084,27.662647399999994,85.3192996
Patan durbar square,9998042607,27.6614497,85.3183221
Patan durbar square,1278980906,27.664561499999998,85.3202828
Patan durbar square,1832603362,27.662413399999995,85.3197078
Patan durbar square,391201715,27.6769838,85.3165973
Patan durbar square,6684876432,27.676998599999994,85.3165426
Patan durbar square,425256487,27.676036000000007,85.3181373
Patan durbar square,425227540,27.669392499999997,85.3285513
Patan durbar square,425268149,27.6704642,85.3293812
Patan durbar square,3484304795,27.66863,85.3297351
Patan durbar square,425227568,27.675047099999997,85.3185946
Patan durbar square,425256551,27.6754872,85.3189185
Patan durbar square,425227570,27.673996499999994,85.3184218
Patan durbar square,2195431378,27.675415699999995,85.31766130000001
Patan durbar square,425227575,27.673112599999993,85.3186702
Patan durbar square,1879150993,27.674234199999994,85.31802380000002
Patan durbar square,9972249665,27.673047999999998,85.3186054
Patan durbar square,1480909451,27.673411200000004,85.3202004
Patan durbar square,425227584,27.674258,85.320991
Patan durbar square,1480909450,27.673992099999996,85.320744
Patan durbar square,1480909322,27.674297,85.3208723
Patan durbar square,1480909388,27.673801799999993,85.3228823
Patan durbar square,425256488,27.675974,85.3180857
Patan durbar square,434978470,27.675772199999994,85.3185314
Patan durbar square,1278980875,27.675784299999997,85.3157477
Patan durbar square,1801257236,27.6752765,85.3192197
Patan durbar square,425268139,27.674918800000004,85.3246347
Patan durbar square,945666481,27.675365199999998,85.3239844
Patan durbar square,4333265319,27.673524599999997,85.3239127
Patan durbar square,1759658425,27.675586800000005,85.3250459
Patan durbar square,425268140,27.6745893,85.3255506
Patan durbar square,1905861638,27.67479439999999,85.325686
Patan durbar square,1382902639,27.673609199999998,85.3266969
Patan durbar square,425268145,27.672830099999995,85.3275114
Patan durbar square,1933312054,27.672068999999997,85.3272573
Patan durbar square,1382902675,27.674397899999995,85.3278989
Patan durbar square,1942462671,27.6728295,85.3285342
Patan durbar square,2217009682,27.670355199999996,85.3296471
Patan durbar square,1942462645,27.6711885,85.3288129
Patan durbar square,425268155,27.670005600000003,85.3325494
Patan durbar square,1942462605,27.6701683,85.3330098
Patan durbar square,425268159,27.669415700000005,85.3314576
Patan durbar square,1382902559,27.6701827,85.3318063
Patan durbar square,1382902552,27.669518600000004,85.3314306
Patan durbar square,425307049,27.672849699999997,85.3138153
Patan durbar square,1274183971,27.672574699999995,85.31404500000001
Patan durbar square,6509956332,27.672687699999994,85.31358570000002
Patan durbar square,1052006853,27.6766538,85.31909030000001
Patan durbar square,434978482,27.682920499999994,85.3190916
Patan durbar square,434978486,27.681418399999995,85.3200826
Patan durbar square,1382902908,27.681254499999994,85.3203201
Patan durbar square,1350468471,27.6793475,85.3204772
Patan durbar square,434978498,27.678201799999993,85.321195
Patan durbar square,1052006763,27.676937400000003,85.3199416
Patan durbar square,1382824205,27.6775604,85.3214684
Patan durbar square,3925024545,27.6703017,85.322441
Patan durbar square,1000817406,27.669208399999995,85.3233607
Patan durbar square,564129604,27.668445899999995,85.3250411
Patan durbar square,2201313152,27.6680931,85.325992
Patan durbar square,4889364060,27.667839999999998,85.3246971
Patan durbar square,564129608,27.669769999999996,85.3261189
Patan durbar square,4127479889,27.6691796,85.3234334
Patan durbar square,2201313153,27.668988099999996,85.3267149
Patan durbar square,1933312051,27.670859099999998,85.3267674
Patan durbar square,564129612,27.6685747,85.32722
Patan durbar square,1382902537,27.66791359999999,85.3275442
Patan durbar square,1942462601,27.6697979,85.3280143
Patan durbar square,564129620,27.6752577,85.3260063
Patan durbar square,10140036083,27.675677,85.32526560000001
Patan durbar square,2224211576,27.675686899999995,85.32625740000002
Patan durbar square,1759675443,27.674895799999994,85.3257462
Patan durbar square,3969708911,27.674795099999997,85.3268286
Patan durbar square,564129624,27.675929299999996,85.3263745
Patan durbar square,945666482,27.676844199999998,85.3258631
Patan durbar square,4451772866,27.676299800000002,85.3265883
Patan durbar square,668710460,27.6681538,85.3131263
Patan durbar square,1832603543,27.6676699,85.3133247
Patan durbar square,1781192441,27.670687099999995,85.3117725
Patan durbar square,11968706127,27.668022500000003,85.31300340000001
Patan durbar square,668710462,27.6665947,85.3137365
Patan durbar square,2684818085,27.6664072,85.31560340000001
Patan durbar square,1832603474,27.666177200000003,85.3138865
Patan durbar square,3484390262,27.667469099999998,85.3133838
Patan durbar square,3079795571,27.677675499999996,85.3131244
Patan durbar square,1753092951,27.6784082,85.313012
Patan durbar square,669252479,27.6775578,85.3138476
Patan durbar square,669252872,27.677114399999994,85.3138077
Patan durbar square,671274941,27.678508099999995,85.3134948
Patan durbar square,669252874,27.677401999999997,85.3139978
Patan durbar square,669252480,27.676541899999997,85.3136275
Patan durbar square,10661120781,27.676782899999996,85.3136857
Patan durbar square,12042746757,27.676597099999995,85.3132863
Patan durbar square,10661120800,27.676992900000002,85.3141692
Patan durbar square,1753700481,27.6777378,85.3152504
Patan durbar square,669269013,27.6802014,85.3145201
Patan durbar square,1879736128,27.680149899999996,85.3120767
Patan durbar square,6525036830,27.681301299999998,85.3127945
Patan durbar square,1832593897,27.680092899999995,85.3153745
Patan durbar square,669642793,27.670654600000002,85.3160743
Patan durbar square,6089246047,27.67205299999999,85.3163292
Patan durbar square,669529190,27.667565000000003,85.3163749
Patan durbar square,1937688850,27.667291999999996,85.3173736
Patan durbar square,1832603552,27.667797099999998,85.31634240000001
Patan durbar square,1937713249,27.667005900000003,85.3163174
Patan durbar square,669529191,27.667212599999996,85.3176271
Patan durbar square,1127867537,27.6676127,85.3177795
Patan durbar square,669529194,27.666778299999997,85.3188987
Patan durbar square,669529195,27.66691659999999,85.3191472
Patan durbar square,1278980969,27.665546899999995,85.3185846
Patan durbar square,669642803,27.667280799999993,85.3190868
Patan durbar square,669529196,27.6656318,85.3194118
Patan durbar square,3486744913,27.6653415,85.3189642
Patan durbar square,1127867636,27.664651499999998,85.3195676
Patan durbar square,669530135,27.674530999999995,85.3235057
Patan durbar square,669642745,27.6733375,85.3156596
Patan durbar square,1274183808,27.6734285,85.3141691
Patan durbar square,1753692764,27.673843899999998,85.3157842
Patan durbar square,669642758,27.6728782,85.3169993
Patan durbar square,11844798248,27.670630199999998,85.3160807
Patan durbar square,669642817,27.670303099999998,85.3175612
Patan durbar square,11844798236,27.668015399999998,85.3190295
Patan durbar square,669642808,27.668291800000002,85.31900630000001
Patan durbar square,1832609117,27.670898,85.3198808
Patan durbar square,11844798252,27.670264799999998,85.3177121
Patan durbar square,6054561835,27.669429399999995,85.31733380000001
Patan durbar square,669642818,27.670158900000004,85.3181292
Patan durbar square,669642839,27.673076399999996,85.3135384
Patan durbar square,6509956337,27.6729001,85.3138183
Patan durbar square,1880051598,27.674564299999997,85.3145333
Patan durbar square,10824964251,27.674656999999996,85.3101942
Patan durbar square,669716160,27.6734004,85.3124459
Patan durbar square,669716147,27.673034700000002,85.313165
Patan durbar square,12250190871,27.673044000000008,85.3134626
Patan durbar square,3483296474,27.672042399999995,85.3119439
Patan durbar square,3820720589,27.670195399999994,85.3237899
Patan durbar square,670393090,27.666469999999997,85.3161766
Patan durbar square,1278980985,27.663045699999998,85.3169552
Patan durbar square,670393101,27.682180399999996,85.3162038
Patan durbar square,2128611315,27.6821901,85.316081
Patan durbar square,2128610115,27.682156699999997,85.3163935
Patan durbar square,670393106,27.6834946,85.31594660000002
Patan durbar square,670393110,27.6836923,85.315204
Patan durbar square,913527391,27.6845683,85.3164568
Patan durbar square,1921819500,27.683239299999997,85.3145863
Patan durbar square,672686495,27.67563699999999,85.3390291
Patan durbar square,1966272586,27.6755936,85.339112
Patan durbar square,672686496,27.675862599999995,85.3385374
Patan durbar square,672686500,27.676729399999996,85.3372841
Patan durbar square,10113612391,27.676599600000003,85.3390229
Patan durbar square,9452045264,27.676937399999996,85.3375631
Patan durbar square,1924777786,27.6773061,85.3362745
Patan durbar square,672686930,27.672722699999998,85.3300227
Patan durbar square,1382902617,27.672870600000003,85.3306419
Patan durbar square,1382902606,27.6724116,85.3299041
Patan durbar square,675711098,27.679046,85.3149011
Patan durbar square,1880066217,27.678483399999998,85.3164734
Patan durbar square,725879820,27.6844394,85.3229117
Patan durbar square,1480868086,27.683589899999994,85.3244477
Patan durbar square,1273374977,27.684434099999994,85.3227564
Patan durbar square,1480867625,27.684459500000003,85.3233313
Patan durbar square,725879824,27.683035199999996,85.3258172
Patan durbar square,1883494803,27.683118900000004,85.3258585
Patan durbar square,1273374936,27.682450699999997,85.32563370000001
Patan durbar square,725879874,27.6786456,85.3258817
Patan durbar square,1382902836,27.678610499999998,85.3257217
Patan durbar square,725879875,27.678617699999997,85.3261502
Patan durbar square,3490937862,27.679960799999993,85.3252652
Patan durbar square,1832593859,27.678650399999995,85.3261785
Patan durbar square,1832593832,27.6781549,85.3263122
Patan durbar square,725879877,27.680729600000003,85.3272293
Patan durbar square,1832593940,27.6811466,85.327374
Patan durbar square,10901406246,27.679848300000003,85.3266259
Patan durbar square,913521376,27.680462199999997,85.3278296
Patan durbar square,913521373,27.681850299999997,85.32857570000002
Patan durbar square,1958252613,27.6819483,85.3286392
Patan durbar square,1832593933,27.680939799999997,85.32807540000002
Patan durbar square,1832593946,27.681518100000005,85.3287984
Patan durbar square,913521378,27.6801822,85.3283964
Patan durbar square,1908509228,27.680108499999996,85.327581
Patan durbar square,1832593928,27.6808053,85.3279824
Patan durbar square,1832593886,27.679917000000003,85.3289272
Patan durbar square,1832593885,27.679810099999997,85.328232
Patan durbar square,1832593919,27.6805371,85.3285956
Patan durbar square,913521393,27.682594799999997,85.3285685
Patan durbar square,6672181683,27.6827995,85.3284328
Patan durbar square,1958252615,27.682066499999994,85.3283251
Patan durbar square,2267992256,27.684221799999996,85.3166998
Patan durbar square,945666480,27.673734899999996,85.3232346
Patan durbar square,3365887911,27.674512499999995,85.3235575
Patan durbar square,1480909317,27.676101299999996,85.3224481
Patan durbar square,1832593789,27.677115999999995,85.3260214
Patan durbar square,1800123463,27.676470999999996,85.3266782
Patan durbar square,2224201466,27.677084199999996,85.3255895
Patan durbar square,1000805999,27.679257399999997,85.3223842
Patan durbar square,1382902852,27.6794603,85.3223169
Patan durbar square,1871761821,27.678309399999993,85.3233014
Patan durbar square,5372754314,27.67861179999999,85.32092
Patan durbar square,1278980894,27.664954199999997,85.313198
Patan durbar square,1000811892,27.667363400000003,85.3277658
Patan durbar square,1966262107,27.6674518,85.3276538
Patan durbar square,3810248100,27.667299499999995,85.3278659
Patan durbar square,2516884271,27.665959599999997,85.3283071
Patan durbar square,1000811898,27.6656545,85.3284187
Patan durbar square,1127867133,27.6654061,85.3278229
Patan durbar square,1000811899,27.665445099999996,85.3284596
Patan durbar square,3718192322,27.665364099999998,85.3284778
Patan durbar square,1000811909,27.663133800000004,85.3272969
Patan durbar square,1273478097,27.6622754,85.3269079
Patan durbar square,1000811915,27.662303000000005,85.3275368
Patan durbar square,3202162606,27.6632393,85.3284357
Patan durbar square,11893434954,27.661999799999997,85.3274587
Patan durbar square,1000811922,27.660656099999997,85.327077
Patan durbar square,4885277338,27.662880899999998,85.3288926
Patan durbar square,1273478288,27.6678057,85.322945
Patan durbar square,1052006743,27.674861899999996,85.3176208
Patan durbar square,9972249662,27.674749699999996,85.3175216
Patan durbar square,1052006846,27.675094499999993,85.3173997
Patan durbar square,1937703889,27.6774721,85.3188732
Patan durbar square,1052006814,27.6754977,85.3163727
Patan durbar square,1880051623,27.675685899999998,85.3157044
Patan durbar square,9032611181,27.674475699999995,85.3160538
Patan durbar square,1880072134,27.6768487,85.31863300000002
Patan durbar square,3498903650,27.6648271,85.3275899
Patan durbar square,1127867144,27.665351899999997,85.3263625
Patan durbar square,3345468852,27.6643734,85.3260286
Patan durbar square,9999898005,27.663951900000004,85.3147126
Patan durbar square,10925899411,27.662560400000004,85.3162804
Patan durbar square,1127867224,27.6728262,85.3338066
Patan durbar square,1382902604,27.6723262,85.3353542
Patan durbar square,1127867271,27.673339,85.3341622
Patan durbar square,1382902620,27.673032699999997,85.3327105
Patan durbar square,1127867227,27.673136599999996,85.3322617
Patan durbar square,2190887850,27.673122799999994,85.3320716
Patan durbar square,1127867310,27.6736026,85.3315669
Patan durbar square,1127867242,27.679283899999998,85.3264412
Patan durbar square,1832593871,27.679132799999998,85.326881
Patan durbar square,10901412861,27.679701999999995,85.3265464
Patan durbar square,1127867249,27.678876299999995,85.3276665
Patan durbar square,2131315081,27.679112699999994,85.3278811
Patan durbar square,1832593856,27.678672799999998,85.3283107
Patan durbar square,1832593830,27.67816039999999,85.3273292
Patan durbar square,1127867255,27.678476599999996,85.32895260000001
Patan durbar square,2131315065,27.6786511,85.3294549
Patan durbar square,1281233955,27.679614400000002,85.3294997
Patan durbar square,3353738925,27.67798399999999,85.3287194
Patan durbar square,3371845358,27.673504500000004,85.3339179
Patan durbar square,3371845378,27.6733165,85.3344513
Patan durbar square,1127867291,27.6751608,85.3321857
Patan durbar square,1127867294,27.675365599999992,85.33226350000001
Patan durbar square,11359874969,27.674226199999996,85.3334607
Patan durbar square,1127867299,27.675570999999998,85.3326465
Patan durbar square,10719661919,27.675145699999998,85.3311111
Patan durbar square,1382902725,27.675685100000003,85.3339755
Patan durbar square,1382902742,27.676293699999995,85.3324894
Patan durbar square,2329314160,27.674135199999995,85.3306006
Patan durbar square,1127867397,27.6681384,85.311479
Patan durbar square,12925997357,27.669612,85.3117735
Patan durbar square,1832603520,27.667230199999995,85.3118208
Patan durbar square,1127867456,27.6711424,85.31939090000002
Patan durbar square,1480909426,27.671290799999998,85.319102
Patan durbar square,1127867460,27.669827599999998,85.3187144
Patan durbar square,1127867468,27.671340999999998,85.3190001
Patan durbar square,1127867470,27.669814199999998,85.3183232
Patan durbar square,1278981017,27.665484399999997,85.3206254
Patan durbar square,1127867511,27.664750400000003,85.3182747
Patan durbar square,1278980881,27.664490499999996,85.3187812
Patan durbar square,1278980942,27.663729399999998,85.3176984
Patan durbar square,1127867539,27.667812499999997,85.3172525
Patan durbar square,1127867550,27.6683729,85.318053
Patan durbar square,1127867559,27.6603041,85.3238656
Patan durbar square,1832603343,27.660829799999995,85.3231469
Patan durbar square,1127867573,27.6616983,85.3216436
Patan durbar square,1273456431,27.6614345,85.3222403
Patan durbar square,1127867594,27.661111699999996,85.3214273
Patan durbar square,1832603361,27.6622355,85.3202174
Patan durbar square,1127867592,27.660633699999995,85.3212489
Patan durbar square,1832603342,27.6602734,85.3220878
Patan durbar square,1832603357,27.6615457,85.32000010000002
Patan durbar square,1273374934,27.681289700000004,85.3249629
Patan durbar square,1382902885,27.6805921,85.3239634
Patan durbar square,1832593926,27.680812899999996,85.3250447
Patan durbar square,1832593960,27.682331399999992,85.3263497
Patan durbar square,1480867794,27.685263099999997,85.3206393
Patan durbar square,1480867575,27.6851019,85.32285690000002
Patan durbar square,3489466144,27.6859401,85.3202327
Patan durbar square,1273375049,27.6863351,85.32244700000001
Patan durbar square,1480867987,27.685979499999995,85.3233786
Patan durbar square,1480867898,27.686431199999994,85.3219733
Patan durbar square,6054276606,27.685562799999996,85.3220018
Patan durbar square,2308270206,27.661307399999995,85.3223953
Patan durbar square,13470103447,27.661151699999994,85.3220424
Patan durbar square,3486952804,27.666953599999996,85.3244115
Patan durbar square,1273478333,27.667080399999996,85.3234465
Patan durbar square,1273477943,27.6669124,85.3297335
Patan durbar square,1273477962,27.66702719999999,85.3286688
Patan durbar square,3496752131,27.667077599999995,85.3300206
Patan durbar square,3484304611,27.666470699999998,85.3295026
Patan durbar square,4889200844,27.666492799999997,85.3285988
Patan durbar square,1273477966,27.667293799999996,85.3302231
Patan durbar square,1382902516,27.667363799999997,85.3301551
Patan durbar square,1273477975,27.667667899999998,85.3308685
Patan durbar square,9992803097,27.6666958,85.3320388
Patan durbar square,10011832682,27.659980699999995,85.3258725
Patan durbar square,1273478115,27.6718765,85.3174248
Patan durbar square,4495004978,27.671998699999993,85.3167392
Patan durbar square,1966262117,27.666826699999998,85.3232561
Patan durbar square,2306644480,27.6705375,85.3104546
Patan durbar square,1274183956,27.672904399999997,85.3133734
Patan durbar square,13232650972,27.672934899999998,85.3133795
Patan durbar square,7048170195,27.6650766,85.3132512
Patan durbar square,3486744950,27.6659745,85.317341
Patan durbar square,1966262262,27.6628489,85.3166011
Patan durbar square,11958533020,27.666406299999995,85.322311
Patan durbar square,1281233878,27.683829699999997,85.3333345
Patan durbar square,1941180378,27.683751399999995,85.3333251
Patan durbar square,1281233921,27.684203,85.3329414
Patan durbar square,1931989930,27.684373299999994,85.3336172
Patan durbar square,1281233915,27.681331899999993,85.3319049
Patan durbar square,2129610824,27.6817136,85.3316326
Patan durbar square,1838310508,27.681192200000005,85.3317752
Patan durbar square,3072788040,27.681443199999993,85.33271240000002
Patan durbar square,1882485978,27.681925199999995,85.3324498
Patan durbar square,1281234036,27.684233999999996,85.3326978
Patan durbar square,1931989933,27.684596999999997,85.3329545
Patan durbar square,1281233932,27.685566600000005,85.3306758
Patan durbar square,1281234064,27.685485900000007,85.3307355
Patan durbar square,7171248685,27.685781999999996,85.33037040000002
Patan durbar square,1281233941,27.680724499999993,85.3309184
Patan durbar square,1281234023,27.680927799999996,85.3312333
Patan durbar square,1281233942,27.683682600000004,85.3326516
Patan durbar square,11055636761,27.6834809,85.3333214
Patan durbar square,1931989910,27.6839409,85.3322163
Patan durbar square,1931989899,27.68330829999999,85.3322506
Patan durbar square,1281234021,27.6800527,85.3299575
Patan durbar square,1281233979,27.6829664,85.3314944
Patan durbar square,1281234030,27.682886799999995,85.3311514
Patan durbar square,12955693455,27.683202599999998,85.331415
Patan durbar square,1882485960,27.6818147,85.332075
Patan durbar square,1882485977,27.6831734,85.3320512
Patan durbar square,1281233991,27.684829199999996,85.3299595
Patan durbar square,1383959449,27.684663,85.3295638
Patan durbar square,1932009891,27.684323899999995,85.3303767
Patan durbar square,1281234011,27.68254509999999,85.3329334
Patan durbar square,1931989896,27.682819700000003,85.33310340000001
Patan durbar square,1931989862,27.6821279,85.3333304
Patan durbar square,1281234019,27.684815,85.3286999
Patan durbar square,7171225772,27.68558869999999,85.3292682
Patan durbar square,5284629311,27.6854308,85.3279827
Patan durbar square,1281234102,27.684393000000004,85.32909170000002
Patan durbar square,1908509269,27.6808952,85.3310261
Patan durbar square,1838310454,27.68102620000001,85.33141760000001
Patan durbar square,1838310277,27.680682199999996,85.3310352
Patan durbar square,1941172901,27.6859424,85.3301507
Patan durbar square,1933346961,27.683494500000002,85.3308893
Patan durbar square,1281234066,27.685051800000004,85.3324976
Patan durbar square,6115155544,27.6841197,85.332013
Patan durbar square,6105375373,27.6797373,85.3363627
Patan durbar square,6084424918,27.681789,85.3368557
Patan durbar square,1281234063,27.6826261,85.33000230000002
Patan durbar square,8371913625,27.6808268,85.3308513
Patan durbar square,2285895699,27.684012,85.3293675
Patan durbar square,13828178687,27.682847699999993,85.3300347
Patan durbar square,1932009903,27.684859300000003,85.3312752
Patan durbar square,1932009907,27.685075400000002,85.3321966
Patan durbar square,1281234070,27.6829359,85.3354692
Patan durbar square,1931993998,27.6829529,85.3357111
Patan durbar square,1931989893,27.682649799999997,85.3354915
Patan durbar square,1480867629,27.6829574,85.3351545
Patan durbar square,1281234098,27.6833404,85.3340692
Patan durbar square,1931989885,27.6823985,85.3338807
Patan durbar square,1899616584,27.677890099999995,85.3391366
Patan durbar square,1317078186,27.6753907,85.3398638
Patan durbar square,1924770853,27.678184400000003,85.3390528
Patan durbar square,1317078306,27.6770679,85.3393069
Patan durbar square,1924770819,27.677371899999997,85.339382
Patan durbar square,1924770798,27.6769691,85.3396396
Patan durbar square,1317078312,27.6766209,85.3390285
Patan durbar square,1899616581,27.677274500000003,85.3382151
Patan durbar square,1347475719,27.686558799999993,85.3261842
Patan durbar square,1347475715,27.6866912,85.3262236
Patan durbar square,1382824190,27.676363800000004,85.3213325
Patan durbar square,9972249657,27.6754645,85.3211586
Patan durbar square,4927918347,27.675804899999996,85.3205877
Patan durbar square,1382824192,27.676636199999997,85.3219937
Patan durbar square,1382824196,27.6771459,85.3235793
Patan durbar square,1382824198,27.677276499999998,85.3219757
Patan durbar square,1382824201,27.677331599999995,85.3231191
Patan durbar square,1382902746,27.6764675,85.3244125
Patan durbar square,1382824204,27.677568999999995,85.3226376
Patan durbar square,1871761819,27.6779447,85.3235495
Patan durbar square,1382902517,27.6674235,85.3300028
Patan durbar square,3484304671,27.667553900000005,85.3302722
Patan durbar square,1382902524,27.667693799999995,85.32898
Patan durbar square,1382902529,27.667862799999995,85.3282311
Patan durbar square,1382902565,27.6702157,85.33132
Patan durbar square,1382902572,27.6709945,85.3322149
Patan durbar square,1382902567,27.6703519,85.3304753
Patan durbar square,2217009693,27.670145699999992,85.3304839
Patan durbar square,13396927916,27.671185999999995,85.3319129
Patan durbar square,3702142035,27.6715993,85.3379935
Patan durbar square,1382902645,27.673740799999997,85.3359195
Patan durbar square,1942462668,27.6721074,85.33525370000001
Patan durbar square,4910331374,27.671352899999995,85.3306525
Patan durbar square,1942462661,27.6718386,85.3292418
Patan durbar square,2218533808,27.673728899999997,85.3268632
Patan durbar square,13372030343,27.674277299999993,85.3262949
Patan durbar square,3371845327,27.673933699999996,85.3355657
Patan durbar square,1382902737,27.675942399999997,85.3363538
Patan durbar square,1382902666,27.674221699999997,85.3275376
Patan durbar square,2218509067,27.6744362,85.3276635
Patan durbar square,1894151692,27.6744769,85.328016
Patan durbar square,1382902680,27.674561500000003,85.3351005
Patan durbar square,1960680053,27.674757199999995,85.3349673
Patan durbar square,3371843437,27.673871699999996,85.3336756
Patan durbar square,3371843465,27.6741752,85.335348
Patan durbar square,1382902681,27.674630800000003,85.32842780000001
Patan durbar square,1958252540,27.674628999999996,85.329061
Patan durbar square,7950611917,27.674881400000004,85.3282365
Patan durbar square,1382902691,27.674843699999997,85.3295729
Patan durbar square,3353706232,27.6746828,85.3294987
Patan durbar square,1832593768,27.676580199999997,85.330793
Patan durbar square,1382902723,27.675767099999995,85.3372204
Patan durbar square,10928001340,27.675116199999998,85.3383867
Patan durbar square,1382902745,27.6763436,85.3366714
Patan durbar square,1960680165,27.6759782,85.3346377
Patan durbar square,1960680003,27.675010799999995,85.3347168
Patan durbar square,1835391817,27.6765053,85.3351503
Patan durbar square,13348313890,27.676534199999995,85.3315334
Patan durbar square,13331650601,27.6777548,85.3319951
Patan durbar square,1382902765,27.6772343,85.3355205
Patan durbar square,1904414910,27.676137500000006,85.3242106
Patan durbar square,1759675961,27.6756933,85.3250906
Patan durbar square,6199736236,27.676525899999994,85.33516170000001
Patan durbar square,3072788067,27.678468,85.3322636
Patan durbar square,4529763640,27.677701499999998,85.335773
Patan durbar square,1382902783,27.6777682,85.3357037
Patan durbar square,1382902799,27.677795500000002,85.3356791
Patan durbar square,4514705309,27.6781839,85.3367067
Patan durbar square,1382902841,27.679012299999997,85.3353437
Patan durbar square,1382902818,27.678231799999995,85.3233662
Patan durbar square,6305110492,27.67876,85.3235108
Patan durbar square,1382902844,27.6790149,85.3249187
Patan durbar square,1382902863,27.6799558,85.3370151
Patan durbar square,1906556780,27.678458,85.3355857
Patan durbar square,1838310171,27.679426099999993,85.3351988
Patan durbar square,1382902857,27.6795807,85.3236424
Patan durbar square,1872394457,27.679995400000003,85.3218264
Patan durbar square,1382902859,27.6796562,85.3226834
Patan durbar square,1382902864,27.6799358,85.32372810000001
Patan durbar square,1382902867,27.6800375,85.3235009
Patan durbar square,1872394458,27.6801279,85.3224928
Patan durbar square,6054301935,27.679299299999997,85.3229979
Patan durbar square,10113450285,27.679867300000005,85.3372671
Patan durbar square,10113450289,27.680951999999994,85.3374781
Patan durbar square,7171268447,27.679591900000002,85.3245428
Patan durbar square,1382902877,27.680259399999994,85.3236665
Patan durbar square,1382902876,27.6803199,85.3215949
Patan durbar square,1382902884,27.680604,85.321738
Patan durbar square,3486273045,27.680337799999997,85.3237205
Patan durbar square,4976577291,27.681451699999997,85.3220117
Patan durbar square,2331016912,27.681433200000004,85.3224928
Patan durbar square,1382902906,27.6813179,85.321489
Patan durbar square,13426949982,27.681585800000004,85.3211705
Patan durbar square,1382902920,27.681729699999995,85.320763
Patan durbar square,3853951668,27.6820783,85.32081990000002
Patan durbar square,1382902935,27.685296599999997,85.3314096
Patan durbar square,1383959427,27.683195,85.3304187
Patan durbar square,1933346960,27.6833155,85.3303709
Patan durbar square,1480867569,27.685304699999996,85.32500240000002
Patan durbar square,1480867585,27.684912400000005,85.3248266
Patan durbar square,1832594023,27.684958299999995,85.3260424
Patan durbar square,1480867770,27.68556969999999,85.3231366
Patan durbar square,1480867667,27.6845993,85.3259095
Patan durbar square,1480867814,27.6850743,85.3242998
Patan durbar square,1480868083,27.684394200000003,85.32467
Patan durbar square,2516920891,27.684406100000004,85.3241094
Patan durbar square,7454785715,27.6853915,85.3234992
Patan durbar square,1882479208,27.682508999999992,85.3346782
Patan durbar square,1480867643,27.685778200000005,85.3216031
Patan durbar square,4273001089,27.685742300000005,85.3212124
Patan durbar square,2130324005,27.685274599999996,85.3203928
Patan durbar square,1480868100,27.6855429,85.3204508
Patan durbar square,1480868099,27.684539199999996,85.3207646
Patan durbar square,1480867999,27.6859836,85.3207117
Patan durbar square,4273001090,27.6864878,85.321638
Patan durbar square,1480867922,27.686096,85.3199343
Patan durbar square,1480867961,27.6857496,85.3205659
Patan durbar square,1480868065,27.683541100000003,85.327887
Patan durbar square,1832593989,27.6828807,85.3277122
Patan durbar square,1480868081,27.684137899999996,85.3262106
Patan durbar square,1832593997,27.683488099999998,85.3260371
Patan durbar square,1832594010,27.684193200000003,85.3258095
Patan durbar square,1480868082,27.6847713,85.32639640000001
Patan durbar square,2632050743,27.684541299999996,85.3268038
Patan durbar square,1832594014,27.684349799999996,85.3262476
Patan durbar square,5050465104,27.685855199999995,85.3199218
Patan durbar square,1480868123,27.6822088,85.3275486
Patan durbar square,1480909334,27.673568100000004,85.3202839
Patan durbar square,1480909433,27.6737455,85.3206104
Patan durbar square,1480909362,27.670636799999993,85.32039350000001
Patan durbar square,1480909387,27.6722395,85.3212781
Patan durbar square,1962233632,27.672481599999998,85.321389
Patan durbar square,5047884662,27.671672099999995,85.323072
Patan durbar square,8451383813,27.6736454,85.3228307
Patan durbar square,1480909421,27.6728055,85.3224736
Patan durbar square,2316129088,27.673228399999996,85.3216415
Patan durbar square,1962231660,27.672494799999996,85.3233929
Patan durbar square,1962233626,27.6731759,85.3201071
Patan durbar square,1480913854,27.67268079999999,85.3131875
Patan durbar square,1832603570,27.669875299999998,85.3106975
Patan durbar square,9662909526,27.661343699999996,85.31821870000002
Patan durbar square,6275508032,27.662680899999994,85.3163525
Patan durbar square,1497486942,27.660969999999995,85.3291503
Patan durbar square,10922217136,27.6619081,85.3284506
Patan durbar square,1641523662,27.681799499999997,85.3335576
Patan durbar square,10006667110,27.681572000000003,85.3331025
Patan durbar square,1641523668,27.68222039999999,85.3344098
Patan durbar square,1933346955,27.6811524,85.3340483
Patan durbar square,1931989861,27.681950999999994,85.3346122
Patan durbar square,2036074904,27.6784214,85.3115147
Patan durbar square,1753692762,27.6741365,85.3158757
Patan durbar square,1753692763,27.674507399999996,85.314573
Patan durbar square,1753692766,27.673713000000003,85.3164094
Patan durbar square,1753696758,27.676935199999996,85.3173111
Patan durbar square,10140036084,27.6755186,85.3251738
Patan durbar square,13372030340,27.674869800000003,85.3257307
Patan durbar square,1764303668,27.6727047,85.3135044
Patan durbar square,10825005184,27.6718085,85.3125307
Patan durbar square,2034381108,27.670952999999997,85.3120112
Patan durbar square,2034381099,27.6710516,85.3117658
Patan durbar square,1781192443,27.672222999999992,85.3103004
Patan durbar square,1817402415,27.671684700000004,85.3117446
Patan durbar square,1800123460,27.677709900000004,85.3280962
Patan durbar square,8556556969,27.677144700000003,85.327881
Patan durbar square,1832593825,27.6778388,85.3270833
Patan durbar square,1800123462,27.6765487,85.3271853
Patan durbar square,8556556966,27.676531299999994,85.3272531
Patan durbar square,13368976705,27.676555399999994,85.3269384
Patan durbar square,13371086019,27.676785099999993,85.3273049
Patan durbar square,1962229529,27.674340499999996,85.320765
Patan durbar square,1832593705,27.674753599999995,85.3268227
Patan durbar square,3359128799,27.674343899999997,85.3263585
Patan durbar square,1832593747,27.6758331,85.3276796
Patan durbar square,3469133965,27.675758100000003,85.3279204
Patan durbar square,3340570430,27.6781865,85.3306333
Patan durbar square,3353706226,27.67740149999999,85.329777
Patan durbar square,1832593804,27.677209700000002,85.3294711
Patan durbar square,6199736219,27.6766684,85.3294721
Patan durbar square,1832593816,27.677527200000004,85.3294098
Patan durbar square,3371845164,27.6776277,85.3285876
Patan durbar square,8556556983,27.6775276,85.3293623
Patan durbar square,1832593868,27.678909399999995,85.3284315
Patan durbar square,1832593874,27.679261599999993,85.3286163
Patan durbar square,1832593880,27.6795893,85.3287639
Patan durbar square,1832593877,27.6794792,85.3280657
Patan durbar square,1832593904,27.6802891,85.3291128
Patan durbar square,2172903345,27.6815015,85.3154854
Patan durbar square,13331650603,27.680403799999997,85.3288736
Patan durbar square,1908509275,27.681212499999994,85.32899
Patan durbar square,13331650604,27.6806658,85.3283013
Patan durbar square,1832593951,27.6817639,85.3263204
Patan durbar square,1832593939,27.681101399999996,85.326963
Patan durbar square,1832593949,27.6816895,85.3269565
Patan durbar square,1832593959,27.6823663,85.313659
Patan durbar square,1832593978,27.6826768,85.3143806
Patan durbar square,2128611329,27.682608899999995,85.3146421
Patan durbar square,1832593986,27.682776599999993,85.328402
Patan durbar square,1832593991,27.6829073,85.317503
Patan durbar square,1880066227,27.6823862,85.3180645
Patan durbar square,2686573018,27.6830334,85.3173104
Patan durbar square,2686573011,27.6826479,85.3182582
Patan durbar square,1832593993,27.683201499999992,85.3271179
Patan durbar square,1832593995,27.683284599999997,85.3266266
Patan durbar square,1832594009,27.684167799999994,85.3267301
Patan durbar square,1883494807,27.684138399999995,85.3274516
Patan durbar square,1832603351,27.6613349,85.3198989
Patan durbar square,1832603355,27.661484,85.3192261
Patan durbar square,1966262322,27.6647305,85.3142678
Patan durbar square,3485927798,27.6655129,85.3131177
Patan durbar square,1832603478,27.6663376,85.3263575
Patan durbar square,4170469289,27.6645101,85.3256514
Patan durbar square,1832603484,27.666562799999994,85.326269
Patan durbar square,11958533016,27.6662664,85.3267584
Patan durbar square,5726291338,27.667346099999996,85.3256909
Patan durbar square,1832603540,27.667603599999996,85.3272487
Patan durbar square,1832603553,27.667876999999997,85.3264385
Patan durbar square,1832603551,27.667806899999995,85.3161288
Patan durbar square,1832603564,27.668548599999998,85.3160943
Patan durbar square,11968731392,27.668432799999994,85.31473740000001
Patan durbar square,1832603569,27.669326899999998,85.3115189
Patan durbar square,1874491706,27.669398599999994,85.3114072
Patan durbar square,2181547284,27.664852099999997,85.33658830000002
Patan durbar square,1835356379,27.664986699999996,85.3364291
Patan durbar square,1835356581,27.665981,85.3366136
Patan durbar square,1835356538,27.6657738,85.3371484
Patan durbar square,1835356557,27.665864799999998,85.3370609
Patan durbar square,10690480706,27.666015699999996,85.337567
Patan durbar square,2524551124,27.666778100000002,85.3371656
Patan durbar square,2479349788,27.666264699999992,85.3378882
Patan durbar square,1835356903,27.667304499999997,85.33593930000002
Patan durbar square,1835357055,27.667672199999995,85.3361645
Patan durbar square,1835356908,27.667358099999998,85.3368025
Patan durbar square,11655011156,27.667596999999997,85.3353629
Patan durbar square,1835356963,27.6674986,85.3372167
Patan durbar square,1835357108,27.667821399999994,85.3366587
Patan durbar square,1835357040,27.667612500000004,85.3372849
Patan durbar square,1835357129,27.6679658,85.3374192
Patan durbar square,1835357114,27.667846999999995,85.3378343
Patan durbar square,8890008095,27.6687819,85.3367535
Patan durbar square,1835357139,27.6680759,85.3381329
Patan durbar square,1835357211,27.668355199999997,85.3375621
Patan durbar square,1835391819,27.6778342,85.3387229
Patan durbar square,1899616588,27.677980599999998,85.3388781
Patan durbar square,1924770822,27.677462199999997,85.3384174
Patan durbar square,1924770845,27.677896099999995,85.3383052
Patan durbar square,2178043800,27.679480100000003,85.3382173
Patan durbar square,6085183360,27.678984,85.3387529
Patan durbar square,1835391873,27.6795276,85.3375468
Patan durbar square,1906556798,27.6792567,85.3374578
Patan durbar square,1835391875,27.679800199999995,85.3374168
Patan durbar square,1924770904,27.679471699999993,85.3379795
Patan durbar square,6085145222,27.680427899999998,85.3377504
Patan durbar square,1838297456,27.681524899999996,85.3353411
Patan durbar square,1838297459,27.681332599999998,85.3355587
Patan durbar square,1933425223,27.6816734,85.3350162
Patan durbar square,1931989814,27.68078,85.33481650000002
Patan durbar square,1931989828,27.681123600000003,85.3358241
Patan durbar square,1931412512,27.680972599999993,85.3351739
Patan durbar square,1931989876,27.682032999999993,85.3363302
Patan durbar square,1932000373,27.6793138,85.3346266
Patan durbar square,1931305164,27.679654300000003,85.335047
Patan durbar square,1838310270,27.6798819,85.3315167
Patan durbar square,1931989791,27.6802394,85.3317256
Patan durbar square,3154827233,27.680451399999995,85.3311387
Patan durbar square,1838310274,27.679278599999993,85.33202040000002
Patan durbar square,9628315409,27.6804129,85.3306377
Patan durbar square,1931989755,27.679169599999998,85.332348
Patan durbar square,9628315408,27.680603499999997,85.3308786
Patan durbar square,1838310451,27.680109999999996,85.33219280000002
Patan durbar square,1931989794,27.680388400000002,85.3318964
Patan durbar square,1931270108,27.679852399999998,85.3325833
Patan durbar square,1882490070,27.681613199999997,85.3313451
Patan durbar square,1871761820,27.677764699999997,85.3238034
Patan durbar square,1872394460,27.680220700000003,85.3222238
Patan durbar square,1874491703,27.669157599999995,85.3112734
Patan durbar square,1880051652,27.676879599999992,85.3162026
Patan durbar square,1880051657,27.677288000000008,85.316249
Patan durbar square,10088645036,27.675136100000007,85.3146151
Patan durbar square,1880051655,27.6771247,85.3162246
Patan durbar square,2308053006,27.68110039999999,85.3175202
Patan durbar square,1880072140,27.678054800000005,85.31907100000001
Patan durbar square,1882477186,27.6822734,85.3349752
Patan durbar square,1931989877,27.6822332,85.33503950000001
Patan durbar square,1882479210,27.683379999999996,85.3313578
Patan durbar square,1931989916,27.684094700000003,85.3320387
Patan durbar square,1882485952,27.682716499999994,85.3317488
Patan durbar square,1882485956,27.6830579,85.3323355
Patan durbar square,1882485958,27.6832545,85.3321718
Patan durbar square,1908509314,27.6819318,85.332342
Patan durbar square,1882485974,27.682864299999995,85.3322436
Patan durbar square,1882490064,27.679712099999996,85.3334525
Patan durbar square,1932000400,27.679536599999988,85.3332985
Patan durbar square,1932000411,27.679769199999996,85.3335347
Patan durbar square,1931270115,27.680204200000002,85.3331004
Patan durbar square,1882490080,27.683366700000004,85.3305189
Patan durbar square,1882492238,27.679827099999994,85.3336202
Patan durbar square,1932000376,27.6795639,85.3337248
Patan durbar square,1931270124,27.680855199999996,85.3342373
Patan durbar square,1931989792,27.6801642,85.3340691
Patan durbar square,2216939926,27.6746997,85.3281329
Patan durbar square,10907401589,27.6774138,85.3383652
Patan durbar square,1924770805,27.6771303,85.337953
Patan durbar square,1905218528,27.671618299999995,85.3384253
Patan durbar square,3479079520,27.6716207,85.338593
Patan durbar square,6525630506,27.6722886,85.3384163
Patan durbar square,13372030337,27.6747841,85.3257588
Patan durbar square,1906556762,27.67812689999999,85.3377253
Patan durbar square,1924770851,27.6781093,85.3373458
Patan durbar square,6105164414,27.6780402,85.3379349
Patan durbar square,1906556772,27.67834659999999,85.3372612
Patan durbar square,1906556768,27.6783197,85.3370443
Patan durbar square,1924770877,27.6787053,85.3371568
Patan durbar square,6105164011,27.6782064,85.336771
Patan durbar square,1960680061,27.6781036,85.3356429
Patan durbar square,1924770891,27.679067,85.3364981
Patan durbar square,6084950668,27.6789643,85.337274
Patan durbar square,6084950664,27.679254499999995,85.3367831
Patan durbar square,6085183365,27.679031199999997,85.3380717
Patan durbar square,1941186201,27.682555599999993,85.3320814
Patan durbar square,1924770785,27.6765391,85.339737
Patan durbar square,6105164135,27.677066499999995,85.3378128
Patan durbar square,6105164418,27.6772741,85.337778
Patan durbar square,1924777785,27.676964999999996,85.3376084
Patan durbar square,1924770816,27.6773795,85.3374782
Patan durbar square,1924770821,27.6774936,85.3372345
Patan durbar square,10113450278,27.677505099999998,85.3372141
Patan durbar square,6105164415,27.677832099999996,85.33788
Patan durbar square,1924770840,27.677759899999998,85.3368135
Patan durbar square,10113450266,27.678220899999996,85.3384322
Patan durbar square,10113450271,27.677940499999995,85.3381968
Patan durbar square,1924770867,27.678415299999998,85.3388233
Patan durbar square,1924770868,27.6785377,85.3366707
Patan durbar square,10113450281,27.6783587,85.3362586
Patan durbar square,2051129776,27.678974,85.3365699
Patan durbar square,2052363097,27.6787534,85.3371828
Patan durbar square,6085183370,27.678765299999995,85.338053
Patan durbar square,3072788042,27.680767799999995,85.3329356
Patan durbar square,1931270116,27.680239299999997,85.3341654
Patan durbar square,13128354448,27.680314599999996,85.3342855
Patan durbar square,13128354447,27.680243400000002,85.3336981
Patan durbar square,1933346948,27.680566200000005,85.3344803
Patan durbar square,1931288736,27.683575699999995,85.3342593
Patan durbar square,1936281038,27.683611399999997,85.3340691
Patan durbar square,1931989771,27.6798681,85.3349295
Patan durbar square,6105375379,27.6802439,85.3359034
Patan durbar square,1931412495,27.6801535,85.3347605
Patan durbar square,1933347742,27.680389100000003,85.3346004
Patan durbar square,1931989790,27.680040799999997,85.33483300000002
Patan durbar square,1931412501,27.680473599999996,85.3354156
Patan durbar square,1931412500,27.680376000000003,85.3355132
Patan durbar square,1933347743,27.6806787,85.3351835
Patan durbar square,1931412506,27.680917699999995,85.3335739
Patan durbar square,1931412508,27.6808009,85.3353636
Patan durbar square,1931989754,27.679059099999993,85.3334352
Patan durbar square,6112206580,27.679237199999996,85.3334282
Patan durbar square,13015047539,27.679125700000004,85.3325406
Patan durbar square,1931989758,27.679358900000004,85.3324254
Patan durbar square,1931989757,27.679328499999997,85.33276
Patan durbar square,1931989761,27.6796106,85.3324751
Patan durbar square,1931989763,27.6793443,85.3334248
Patan durbar square,1931989798,27.680293799999994,85.3356978
Patan durbar square,1931989775,27.679901400000002,85.3345616
Patan durbar square,3482228244,27.679461900000003,85.3344107
Patan durbar square,1931989812,27.6807682,85.3365543
Patan durbar square,1931993994,27.681748799999994,85.3348671
Patan durbar square,1931989874,27.682275900000004,85.3334905
Patan durbar square,2162535263,27.6817689,85.3328395
Patan durbar square,1931989882,27.682208100000004,85.3365095
Patan durbar square,1933425232,27.682062299999995,85.3352962
Patan durbar square,1931989886,27.682580799999997,85.3355382
Patan durbar square,1931989891,27.682610399999998,85.3355652
Patan durbar square,1931989889,27.6826932,85.3356348
Patan durbar square,1931989892,27.6827888,85.3331559
Patan durbar square,1931989897,27.6830708,85.3332296
Patan durbar square,1931989898,27.6833309,85.3327877
Patan durbar square,8516254342,27.683422499999995,85.3321448
Patan durbar square,1931989906,27.6837156,85.3318771
Patan durbar square,1931989924,27.684322699999996,85.3317962
Patan durbar square,1932009897,27.6845502,85.3318086
Patan durbar square,1931994005,27.683741700000002,85.3345286
Patan durbar square,1932000409,27.6797804,85.3341514
Patan durbar square,1932000419,27.682229099999997,85.3356854
Patan durbar square,13072269842,27.684612299999994,85.3309338
Patan durbar square,4331663414,27.684858499999997,85.3319704
Patan durbar square,10913562788,27.664717700000004,85.3242885
Patan durbar square,2329313950,27.670674999999992,85.3269945
Patan durbar square,2217009674,27.6718571,85.327716
Patan durbar square,13627032244,27.670928100000005,85.3266875
Patan durbar square,1936281040,27.6838733,85.3341511
Patan durbar square,2832567842,27.666952299999995,85.31731050000002
Patan durbar square,11844798243,27.666979000000005,85.3165989
Patan durbar square,1937729036,27.683521299999995,85.320244
Patan durbar square,5050275178,27.683015999999995,85.319044
Patan durbar square,11668987561,27.670466199999996,85.332845
Patan durbar square,1942462622,27.670514,85.3335393
Patan durbar square,3371843444,27.6694397,85.3328989
Patan durbar square,1942462609,27.670459199999996,85.3380345
Patan durbar square,1942462633,27.670754600000002,85.3380859
Patan durbar square,1942462635,27.6708421,85.3371169
Patan durbar square,9992803086,27.6703411,85.3381114
Patan durbar square,1942462621,27.6704303,85.3337997
Patan durbar square,3371843454,27.670106900000004,85.3344857
Patan durbar square,4908403355,27.6712104,85.3345782
Patan durbar square,1942462655,27.6716796,85.3349622
Patan durbar square,1942462643,27.671091299999993,85.3374659
Patan durbar square,3479078795,27.670438699999995,85.3358149
Patan durbar square,3371844841,27.671826099999997,85.33578980000001
Patan durbar square,2217009691,27.671525899999992,85.3283289
Patan durbar square,5105027852,27.672088499999997,85.3289216
Patan durbar square,2128602029,27.682061,85.3169793
Patan durbar square,1958252551,27.6758544,85.3286655
Patan durbar square,3469133973,27.675878799999992,85.3285742
Patan durbar square,1960680095,27.675642799999995,85.33501700000001
Patan durbar square,6199736230,27.675623299999998,85.3353732
Patan durbar square,1960680169,27.676550399999996,85.3336946
Patan durbar square,2306501544,27.6724605,85.3234373
Patan durbar square,1966262092,27.662598599999995,85.3163139
Patan durbar square,6275508015,27.6618651,85.3172077
Patan durbar square,4127480777,27.666956699999997,85.3225692
Patan durbar square,7027609113,27.663496499999997,85.3158127
Patan durbar square,1966262453,27.664042,85.3147084
Patan durbar square,2034381982,27.671171399999995,85.3111329
Patan durbar square,2036074894,27.679158,85.311723
Patan durbar square,2047751789,27.684238699999995,85.3183139
Patan durbar square,2052363316,27.6841168,85.3183401
Patan durbar square,2047751803,27.684296399999997,85.3176466
Patan durbar square,2049740412,27.678568699999992,85.3209456
Patan durbar square,4315496174,27.679397,85.3179429
Patan durbar square,2071264427,27.673724,85.3399766
Patan durbar square,2071264432,27.673269599999998,85.3394001
Patan durbar square,2071264457,27.673005399999997,85.3394135
Patan durbar square,2071264465,27.674044699999993,85.33966810000001
Patan durbar square,2071264436,27.6726446,85.3393925
Patan durbar square,3518753707,27.6726265,85.3397451
Patan durbar square,2071264459,27.6716159,85.3392688
Patan durbar square,2071264438,27.673001999999997,85.3397302
Patan durbar square,3518753760,27.673358099999998,85.3400964
Patan durbar square,8567058697,27.671626699999994,85.3390945
Patan durbar square,3518753741,27.6715245,85.3399636
Patan durbar square,2128611308,27.6810442,85.31619
Patan durbar square,2128611309,27.6817834,85.3162945
Patan durbar square,2128611312,27.6819555,85.316021
Patan durbar square,2128611321,27.682261599999997,85.3145741
Patan durbar square,2130324001,27.684562000000003,85.3202221
Patan durbar square,5075006059,27.685281399999994,85.3202841
Patan durbar square,10678153810,27.678184799999997,85.3295453
Patan durbar square,2189334667,27.661904799999995,85.3313228
Patan durbar square,2479349607,27.662021599999992,85.331364
Patan durbar square,2190887854,27.672502799999997,85.3320178
Patan durbar square,2218509068,27.6747397,85.328013
Patan durbar square,2217009668,27.6697303,85.33048
Patan durbar square,2217009672,27.6697156,85.3307246
Patan durbar square,2217009669,27.6695426,85.3300008
Patan durbar square,2224247837,27.668487099999997,85.3300524
Patan durbar square,5105027844,27.671670700000004,85.3280847
Patan durbar square,2217009690,27.670119099999997,85.3306972
Patan durbar square,2218533754,27.6736691,85.32694
Patan durbar square,2224211585,27.675657499999996,85.3263515
Patan durbar square,2306645437,27.670784899999997,85.3183786
Patan durbar square,2308053009,27.681185999999997,85.317224
Patan durbar square,2308181842,27.676183399999996,85.3145543
Patan durbar square,2314315235,27.668317200000004,85.3328014
Patan durbar square,8436679876,27.669108299999998,85.332741
Patan durbar square,9998042604,27.6675203,85.3328949
Patan durbar square,2329314164,27.674432200000002,85.330706
Patan durbar square,2337289813,27.662283200000005,85.3324248
Patan durbar square,5053278745,27.6618257,85.3326176
Patan durbar square,2479349684,27.662901300000005,85.3321114
Patan durbar square,5068621122,27.6623861,85.3326026
Patan durbar square,2337289819,27.663862199999997,85.3322678
Patan durbar square,2479349722,27.663603100000003,85.3321304
Patan durbar square,2337289821,27.664168800000002,85.3323737
Patan durbar square,3480333210,27.664313299999996,85.331866
Patan durbar square,2479349689,27.66301959999999,85.3333526
Patan durbar square,2337289822,27.6645236,85.3324556
Patan durbar square,3366892388,27.6651528,85.3330952
Patan durbar square,3366893927,27.665211199999998,85.3320985
Patan durbar square,2337289828,27.6655236,85.3316305
Patan durbar square,2479349587,27.6616842,85.3319138
Patan durbar square,5068578060,27.661547300000002,85.3318933
Patan durbar square,12080466214,27.6616423,85.3322006
Patan durbar square,5053278737,27.6619182,85.3319221
Patan durbar square,5068578062,27.662050400000002,85.3317732
Patan durbar square,2479349642,27.662471700000005,85.3312182
Patan durbar square,2479349659,27.662573899999998,85.3320691
Patan durbar square,2479349753,27.664151399999994,85.3304859
Patan durbar square,3444702360,27.662745300000005,85.3320926
Patan durbar square,3444702383,27.662922399999992,85.3321135
Patan durbar square,3444702391,27.6629773,85.3325202
Patan durbar square,2516884275,27.666271299999995,85.3272915
Patan durbar square,2524551125,27.666860199999995,85.3369957
Patan durbar square,8890008096,27.667007799999997,85.3370374
Patan durbar square,2567962529,27.6849021,85.3198676
Patan durbar square,2567962533,27.685298099999997,85.3199307
Patan durbar square,5050275163,27.685306499999996,85.3197771
Patan durbar square,8386360785,27.685381099999997,85.3279274
Patan durbar square,3354084135,27.6827577,85.3183494
Patan durbar square,3072788041,27.6811313,85.3328157
Patan durbar square,3072788066,27.6779577,85.3320984
Patan durbar square,3079795574,27.677173499999995,85.3129083
Patan durbar square,5050275179,27.6854631,85.3185858
Patan durbar square,3111511203,27.6711084,85.3220807
Patan durbar square,12088836701,27.6709229,85.3219675
Patan durbar square,9924479323,27.669022000000002,85.3222992
Patan durbar square,3353738919,27.676560600000002,85.3275304
Patan durbar square,3354084153,27.6838249,85.3180501
Patan durbar square,13372030341,27.6743746,85.3262537
Patan durbar square,3925051659,27.6659447,85.33195490000001
Patan durbar square,3371641866,27.6845312,85.3191247
Patan durbar square,10731945473,27.684800999999997,85.3195764
Patan durbar square,3371845330,27.668560600000003,85.3344488
Patan durbar square,3371845178,27.670386500000003,85.3348148
Patan durbar square,10845340120,27.6690457,85.3356855
Patan durbar square,3371845130,27.674016299999995,85.3351173
Patan durbar square,3371844799,27.6738757,85.3347259
Patan durbar square,3479078794,27.670426399999997,85.3357696
Patan durbar square,3481647248,27.6731069,85.33471200000001
Patan durbar square,3444702351,27.6621133,85.3330137
Patan durbar square,5053034775,27.6627827,85.3314107
Patan durbar square,3444702382,27.6629368,85.331836
Patan durbar square,3469133803,27.6751443,85.3282031
Patan durbar square,4973151249,27.6753857,85.328265
Patan durbar square,3469133959,27.675741799999997,85.327985
Patan durbar square,4973151266,27.6750934,85.3283605
Patan durbar square,3469133907,27.675578299999994,85.327943
Patan durbar square,3469133922,27.675626000000005,85.3278538
Patan durbar square,3469133941,27.6756341,85.3278319
Patan durbar square,3479078605,27.670091299999992,85.3357548
Patan durbar square,8567058699,27.671627799999996,85.338652
Patan durbar square,3481643306,27.6730736,85.3346984
Patan durbar square,3481647249,27.673208600000002,85.3349197
Patan durbar square,3484304456,27.6657582,85.3296488
Patan durbar square,3484304470,27.665977,85.3292556
Patan durbar square,3484304476,27.666116499999998,85.329371
Patan durbar square,3670095632,27.665910399999994,85.3298323
Patan durbar square,3484304613,27.666456599999997,85.3305413
Patan durbar square,3484304679,27.66780489999999,85.3307123
Patan durbar square,3484304684,27.6681228,85.334585
Patan durbar square,3484390263,27.667597599999997,85.3136947
Patan durbar square,3484390268,27.6678339,85.3139629
Patan durbar square,3486648185,27.667538299999997,85.314516
Patan durbar square,9998079525,27.6654045,85.3130737
Patan durbar square,3486952797,27.664979199999998,85.32428870000001
Patan durbar square,4492325099,27.666014899999997,85.3246985
Patan durbar square,3486952801,27.666050299999995,85.324388
Patan durbar square,3643246287,27.666956699999997,85.3244425
Patan durbar square,3496752130,27.6668021,85.3303509
Patan durbar square,3514746298,27.662660299999995,85.3292435
Patan durbar square,3514746344,27.662050899999997,85.3306381
Patan durbar square,3514746300,27.6623657,85.3309124
Patan durbar square,3514746302,27.663454099999996,85.3298911
Patan durbar square,4891116421,27.66678449999999,85.3246111
Patan durbar square,3670095628,27.665671599999996,85.3302037
Patan durbar square,3925046356,27.665468100000002,85.3307554
Patan durbar square,3702142031,27.671956000000005,85.3379324
Patan durbar square,3766822863,27.660970299999995,85.32476570000001
Patan durbar square,8463618620,27.6603722,85.324521
Patan durbar square,3820720588,27.670069599999994,85.3241252
Patan durbar square,3925024543,27.6705607,85.3222
Patan durbar square,4315496176,27.678575899999995,85.3193104
Patan durbar square,12597531967,27.678774399999995,85.318435
Patan durbar square,4450342523,27.671771300000003,85.3167622
Patan durbar square,4451772869,27.676164700000005,85.3270171
Patan durbar square,10765645690,27.664331199999992,85.3301018
Patan durbar square,5726291336,27.6676043,85.3251935
Patan durbar square,12088836692,27.6710786,85.3307133
Patan durbar square,12088836693,27.671483499999994,85.33013930000001
Patan durbar square,12088836698,27.671208000000004,85.3309158
Patan durbar square,4974879857,27.6768515,85.3275376
Patan durbar square,13371086021,27.676959899999993,85.3276107
Patan durbar square,5075006075,27.685014699999993,85.3196655
Patan durbar square,5050282532,27.685397700000003,85.3189185
Patan durbar square,5050282533,27.685303100000002,85.3189268
Patan durbar square,5053263650,27.661609699999993,85.3324042
Patan durbar square,5068578061,27.6615479,85.3317522
Patan durbar square,5075006064,27.6847558,85.3200972
Patan durbar square,10561476950,27.67265859999999,85.3164153
Patan durbar square,10113450267,27.6780924,85.3383147
Patan durbar square,6199736211,27.676698799999997,85.3300002
Patan durbar square,8556556981,27.676561,85.3300639
Patan durbar square,6199736217,27.676557500000005,85.3297778
Patan durbar square,8556556980,27.676261399999998,85.3297003
Patan durbar square,6269266812,27.6721544,85.3139898
Patan durbar square,6275508004,27.6702211,85.3383796
Patan durbar square,9992803098,27.669145099999998,85.3363661
Patan durbar square,12088387149,27.669739299999996,85.3395005
Patan durbar square,6275508088,27.666568999999992,85.3322453
Patan durbar square,11850404036,27.66491239999999,85.3309163
Patan durbar square,10661120798,27.676308599999995,85.3142563
Patan durbar square,6525630501,27.6716326,85.3388625
Patan durbar square,8563418207,27.6728334,85.3383991
Patan durbar square,8451383814,27.673683399999998,85.3226764
Patan durbar square,10011832676,27.660151000000003,85.3244691
Patan durbar square,8463618625,27.660402600000005,85.32511210000001
Patan durbar square,8556556982,27.6766093,85.3303435
Patan durbar square,8556556984,27.6777574,85.329396
Patan durbar square,8563418203,27.6734811,85.33837290000001
Patan durbar square,8563418205,27.673048199999997,85.3386726
Patan durbar square,8563418209,27.6732884,85.3382444
Patan durbar square,8563418208,27.673491199999997,85.337883
Patan durbar square,10962868699,27.672822700000005,85.3369421
Patan durbar square,10962868704,27.6748341,85.339057
Patan durbar square,8567058698,27.672689799999997,85.3391422
Patan durbar square,8567058700,27.6718657,85.3386491
Patan durbar square,9032611175,27.6736804,85.316851
Patan durbar square,9452045268,27.6770983,85.3372338
Patan durbar square,10922217202,27.661388899999995,85.31826610000002
Patan durbar square,9972249664,27.674498500000006,85.3175765
Patan durbar square,10561476943,27.674281200000003,85.3176275
Patan durbar square,10011832683,27.660080600000004,85.3256455
Patan durbar square,10088645032,27.675435,85.3142124
Patan durbar square,10113450270,27.677637499999996,85.3381162
Patan durbar square,10113450276,27.6774433,85.33681
Patan durbar square,10113450279,27.678567700000002,85.3362764
Patan durbar square,10113450284,27.6796796,85.3371654
Patan durbar square,10113612389,27.676264,85.3392032
Patan durbar square,10661120776,27.677016100000007,85.3132177
Patan durbar square,10669294721,27.664315999999992,85.3346579
Patan durbar square,10719661922,27.675528299999996,85.331054
Patan durbar square,10765645689,27.664452599999997,85.3299938
Patan durbar square,10901406248,27.679949399999998,85.3262129
Patan durbar square,10901412862,27.679794899999997,85.3261585
Patan durbar square,10907243449,27.6786666,85.322023
Patan durbar square,10907243466,27.678058299999996,85.3214778
Patan durbar square,10907401588,27.677021799999995,85.33892
Patan durbar square,10922227626,27.6599623,85.3267883
Patan durbar square,10928001336,27.674901799999997,85.33823510000002
Patan durbar square,11359874972,27.674748699999995,85.3341557
Patan durbar square,11655011155,27.6680314,85.3356385
Patan durbar square,11844798241,27.668279599999998,85.3185301
Patan durbar square,11844798244,27.670622400000003,85.3156561
Patan durbar square,11844798249,27.670523899999996,85.3178602
Patan durbar square,11850404039,27.6644209,85.3313085
Patan durbar square,11958533018,27.6661814,85.3229322
Patan durbar square,12088836691,27.6709603,85.3309896
Patan durbar square,13396927919,27.670814299999993,85.3308307
Patan durbar square,12088836706,27.6711943,85.3216501
Patan durbar square,12597531963,27.6780057,85.3183249
Patan durbar square,13077799039,27.671158799999997,85.318
Patan durbar square,13077799050,27.671131699999997,85.3180792
Patan durbar square,13077799041,27.670878599999998,85.3176859
Patan durbar square,13331576897,27.6774914,85.3317252
Patan durbar square,13331650602,27.680808499999998,85.3290886
Patan durbar square,13630080291,27.67722729999999,85.3272368
Patan durbar square,13426949981,27.6818607,85.321463
Patan durbar square,8567058692,27.672702099999995,85.33986700000001
Patan durbar square,1934705656,27.686483799999998,85.3284264
Patan durbar square,2287712537,27.686594099999997,85.3276316
Boudha stupa,31019057,27.720427899999997,85.3639697
Boudha stupa,724349918,27.7205971,85.3620589
Boudha stupa,2169068697,27.7204852,85.3643991
Boudha stupa,5622458522,27.721410800000005,85.3644406
Boudha stupa,2115566261,27.7175028,85.3474043
Boudha stupa,38922351,27.714553599999995,85.355618
Boudha stupa,10917701198,27.714147399999998,85.3547264
Boudha stupa,10774810157,27.716635299999997,85.35751530000002
Boudha stupa,13128761330,27.7151357,85.3545884
Boudha stupa,38922654,27.7165939,85.3543712
Boudha stupa,3484734115,27.716319599999995,85.3536891
Boudha stupa,2169134890,27.7170731,85.3550088
Boudha stupa,6197842591,27.715885499999988,85.354466
Boudha stupa,38923286,27.7197255,85.3615542
Boudha stupa,38923289,27.719491799999993,85.3611863
Boudha stupa,4386503008,27.719987699999997,85.36189190000002
Boudha stupa,2115566297,27.719273099999995,85.3615806
Boudha stupa,38923292,27.7190131,85.3606789
Boudha stupa,2169134971,27.720670800000004,85.3614322
Boudha stupa,2115566274,27.7187331,85.3611299
Boudha stupa,724349961,27.718157299999998,85.3599692
Boudha stupa,38924215,27.7141869,85.3495942
Boudha stupa,1274038023,27.7148798,85.35028
Boudha stupa,3074569170,27.714481100000004,85.3492595
Boudha stupa,38924244,27.7158237,85.3523238
Boudha stupa,2163523070,27.715913,85.3525661
Boudha stupa,1274038029,27.7155841,85.351552
Boudha stupa,3482124169,27.715665400000002,85.352679
Boudha stupa,38924455,27.711762699999998,85.3540516
Boudha stupa,2169379327,27.710542500000003,85.3551201
Boudha stupa,5312347261,27.7116755,85.3545945
Boudha stupa,9634995159,27.71207529999999,85.353812
Boudha stupa,38924466,27.712423899999997,85.3528088
Boudha stupa,2085375294,27.712502099999995,85.3525683
Boudha stupa,2085379309,27.712257200000003,85.3532943
Boudha stupa,6082017039,27.712987999999996,85.3532632
Boudha stupa,1275597054,27.7094412,85.35679
Boudha stupa,38926512,27.713357099999996,85.3502342
Boudha stupa,5089217378,27.713632699999998,85.3506087
Boudha stupa,2085379278,27.712929,85.3513213
Boudha stupa,2169351115,27.725364100000004,85.376099
Boudha stupa,253198571,27.72525079999999,85.3759105
Boudha stupa,253198576,27.724209499999997,85.37510650000002
Boudha stupa,10262556214,27.7248205,85.3763058
Boudha stupa,11868991008,27.7231117,85.3740066
Boudha stupa,10134741075,27.723960899999994,85.3753177
Boudha stupa,352916101,27.722925899999993,85.3616482
Boudha stupa,3479633645,27.723052799999998,85.3614908
Boudha stupa,3486820246,27.723746699999996,85.3620772
Boudha stupa,3480332040,27.7225472,85.3617434
Boudha stupa,360702806,27.731145299999994,85.3514526
Boudha stupa,4034389043,27.730992899999997,85.3514443
Boudha stupa,360702813,27.729097,85.3515039
Boudha stupa,6336980221,27.729370100000004,85.3503166
Boudha stupa,13075968181,27.728508600000005,85.351849
Boudha stupa,2169446449,27.7293695,85.3515731
Boudha stupa,360702822,27.727990599999995,85.3513867
Boudha stupa,2169446383,27.728232,85.3498895
Boudha stupa,2048110322,27.727302100000006,85.350888
Boudha stupa,360702831,27.724577999999998,85.3496841
Boudha stupa,2090627855,27.7246802,85.35025620000002
Boudha stupa,360702832,27.7246014,85.3494198
Boudha stupa,1887603584,27.7260052,85.3501704
Boudha stupa,2048110301,27.724625400000004,85.349011
Boudha stupa,2270281293,27.7241294,85.3494005
Boudha stupa,360702834,27.7235257,85.3493102
Boudha stupa,2185027111,27.723137199999996,85.3491924
Boudha stupa,2048110299,27.724043100000003,85.3493827
Boudha stupa,6335225714,27.723545100000003,85.348915
Boudha stupa,360702836,27.722356999999995,85.3488571
Boudha stupa,2048110277,27.7221637,85.3485659
Boudha stupa,11860168343,27.7228269,85.3495885
Boudha stupa,360703396,27.723558899999997,85.3507898
Boudha stupa,3653030685,27.723588000000003,85.350837
Boudha stupa,2269124138,27.723384299999996,85.3504906
Boudha stupa,2090627856,27.724742599999992,85.3506659
Boudha stupa,360703405,27.728744799999998,85.3591988
Boudha stupa,8462830228,27.728849200000003,85.3593686
Boudha stupa,8462830317,27.729203599999998,85.35887
Boudha stupa,9990963681,27.7286529,85.3591414
Boudha stupa,360703419,27.7320649,85.3623031
Boudha stupa,1523344432,27.7319274,85.3628127
Boudha stupa,2169426516,27.732148499999997,85.3622615
Boudha stupa,2169300761,27.731543799999997,85.3615748
Boudha stupa,360703421,27.732443299999996,85.3621422
Boudha stupa,3482103898,27.732435499999998,85.3616325
Boudha stupa,2169403280,27.7329631,85.3620289
Boudha stupa,11727253102,27.729575499999996,85.373621
Boudha stupa,360704760,27.72817309999999,85.371142
Boudha stupa,360704762,27.72799579999999,85.3707591
Boudha stupa,2169370936,27.728381299999995,85.3713876
Boudha stupa,5049931081,27.729301299999996,85.3704455
Boudha stupa,5052600536,27.727502999999995,85.3699234
Boudha stupa,11727253089,27.727178499999994,85.3719382
Boudha stupa,360704766,27.727180399999998,85.3692567
Boudha stupa,2169351372,27.7271196,85.3691334
Boudha stupa,2169351309,27.726799899999996,85.3703058
Boudha stupa,360704778,27.7259505,85.3628826
Boudha stupa,360704781,27.7258846,85.3618421
Boudha stupa,1523344199,27.726432199999998,85.36384210000001
Boudha stupa,10617290497,27.725569300000004,85.3628405
Boudha stupa,1044353085,27.726007799999998,85.360944
Boudha stupa,11690625720,27.725536099999996,85.3617391
Boudha stupa,360704786,27.726052599999996,85.3601586
Boudha stupa,1887597176,27.725216799999995,85.3580837
Boudha stupa,12075292409,27.726059199999998,85.3605611
Boudha stupa,12075292403,27.7266431,85.3600775
Boudha stupa,360704790,27.724974999999997,85.3578064
Boudha stupa,12100388742,27.724569999999996,85.3572654
Boudha stupa,11502103068,27.725163399999996,85.3580242
Boudha stupa,1887597178,27.723559499999997,85.3580704
Boudha stupa,360704795,27.722437699999997,85.3546284
Boudha stupa,2169134976,27.721537199999993,85.3549164
Boudha stupa,3483206734,27.722179200000003,85.35394400000001
Boudha stupa,10302113557,27.723623,85.3560394
Boudha stupa,360704832,27.719137099999998,85.350485
Boudha stupa,360704833,27.7186706,85.3496328
Boudha stupa,4528047841,27.7193316,85.3509749
Boudha stupa,4528047840,27.719617699999997,85.3507188
Boudha stupa,1835421367,27.719540699999996,85.3496409
Boudha stupa,1835421151,27.717944099999997,85.3480922
Boudha stupa,360704864,27.720111600000003,85.3577157
Boudha stupa,6522165274,27.718983199999997,85.3568763
Boudha stupa,2169134936,27.7193991,85.3545707
Boudha stupa,1783077236,27.720658800000002,85.3612219
Boudha stupa,2178207733,27.721399300000005,85.3581586
Boudha stupa,360704932,27.7205651,85.3647743
Boudha stupa,4997639271,27.7206185,85.3650168
Boudha stupa,9961204007,27.7204499,85.364919
Boudha stupa,360705219,27.7185857,85.3705954
Boudha stupa,2169105592,27.7184759,85.37058520000001
Boudha stupa,3811373159,27.718655399999992,85.3705556
Boudha stupa,1835421272,27.7189189,85.3708358
Boudha stupa,360705228,27.715816200000003,85.3709119
Boudha stupa,2169074759,27.71568939999999,85.3710255
Boudha stupa,11868257563,27.716578099999996,85.3704163
Boudha stupa,2169058541,27.716216199999998,85.3713252
Boudha stupa,360705237,27.71446519999999,85.3710558
Boudha stupa,2169074731,27.7137829,85.3715874
Boudha stupa,1835420851,27.715329099999998,85.3712862
Boudha stupa,10007926138,27.713934999999992,85.3703644
Boudha stupa,360705527,27.721738499999997,85.3726585
Boudha stupa,3811249644,27.721668799999996,85.3725333
Boudha stupa,2169058982,27.721800999999992,85.3727909
Boudha stupa,2169350671,27.7229171,85.3732562
Boudha stupa,3651304920,27.7180202,85.3602414
Boudha stupa,1887593406,27.717861999999997,85.3595912
Boudha stupa,2194348799,27.7242622,85.3598958
Boudha stupa,1044353100,27.722505700000003,85.36297650000002
Boudha stupa,3626551793,27.7219371,85.36265100000001
Boudha stupa,3482374208,27.7232799,85.36332210000002
Boudha stupa,3877804745,27.722374899999995,85.36331730000002
Boudha stupa,2843359601,27.722799699999996,85.3623776
Boudha stupa,1044353108,27.72225389999999,85.364934
Boudha stupa,5622451152,27.721991999999993,85.3649115
Boudha stupa,3883585296,27.722429100000003,85.3651944
Boudha stupa,1044353112,27.722784799999992,85.3655209
Boudha stupa,1143907542,27.7294087,85.3501143
Boudha stupa,1143907557,27.7287654,85.3499354
Boudha stupa,1144695692,27.727841099999996,85.3492257
Boudha stupa,2270294417,27.728731999999997,85.3501274
Boudha stupa,2526129309,27.7275953,85.34908960000001
Boudha stupa,12088692807,27.714956699999995,85.3502454
Boudha stupa,1835420840,27.7156758,85.3514735
Boudha stupa,2169101455,27.711421700000002,85.3611531
Boudha stupa,2169101313,27.7098252,85.3569594
Boudha stupa,5312370129,27.7123249,85.3725221
Boudha stupa,10970239588,27.713184199999997,85.3735797
Boudha stupa,10970381926,27.711311599999995,85.3719302
Boudha stupa,1279096733,27.723208999999997,85.359182
Boudha stupa,3480194351,27.722878099999996,85.358596
Boudha stupa,2169305421,27.723236699999994,85.3598239
Boudha stupa,1279096745,27.721748900000005,85.3681988
Boudha stupa,9961222734,27.721763099999997,85.3686329
Boudha stupa,1279096746,27.7211966,85.3683282
Boudha stupa,3479576656,27.722367999999996,85.3678617
Boudha stupa,2169058974,27.721166899999997,85.3681407
Boudha stupa,2169105876,27.7214354,85.3702187
Boudha stupa,1279096751,27.722793899999996,85.3677452
Boudha stupa,2169350831,27.724144599999995,85.3664234
Boudha stupa,2169350741,27.7233302,85.3681637
Boudha stupa,1279096756,27.7210572,85.3674668
Boudha stupa,9961205533,27.720726800000005,85.3656516
Boudha stupa,1835421396,27.719661800000004,85.3669744
Boudha stupa,1280109722,27.7237786,85.3724371
Boudha stupa,5047538033,27.72245,85.3716964
Boudha stupa,1280109743,27.725266200000004,85.3739465
Boudha stupa,2169350745,27.723376100000003,85.372775
Boudha stupa,1280109786,27.725967700000005,85.3744541
Boudha stupa,11070432886,27.7253266,85.3734342
Boudha stupa,1280109748,27.725399899999996,85.3653449
Boudha stupa,1280109755,27.725463599999998,85.3655618
Boudha stupa,2169350968,27.7248517,85.3646457
Boudha stupa,11419453467,27.725215,85.3646949
Boudha stupa,1523344222,27.726825399999996,85.364413
Boudha stupa,2169351133,27.7254802,85.3658429
Boudha stupa,1280109762,27.721504000000003,85.3716166
Boudha stupa,2169058979,27.721499699999995,85.3714322
Boudha stupa,5083311096,27.721508299999993,85.3717004
Boudha stupa,5047537711,27.721872299999998,85.3716124
Boudha stupa,2278250635,27.7264579,85.3750247
Boudha stupa,1280109767,27.721932599999995,85.3735566
Boudha stupa,2169074843,27.721914000000005,85.3733312
Boudha stupa,3811249587,27.721925799999998,85.3741273
Boudha stupa,3811339736,27.723330799999996,85.3752449
Boudha stupa,1280109772,27.721461799999997,85.3711601
Boudha stupa,5052539442,27.721467,85.3706524
Boudha stupa,5052539450,27.7217321,85.3711167
Boudha stupa,2169351256,27.726409999999994,85.3749827
Boudha stupa,12311629477,27.7262098,85.3740223
Boudha stupa,1280109788,27.7269565,85.3685952
Boudha stupa,3189982110,27.7270474,85.368578
Boudha stupa,3189982105,27.7267399,85.3684207
Boudha stupa,13347181013,27.727045899999993,85.3687656
Boudha stupa,1280126263,27.7110847,85.3650979
Boudha stupa,1835392571,27.709359899999995,85.3685195
Boudha stupa,8817729403,27.7107858,85.3701447
Boudha stupa,1280138521,27.7180363,85.3511047
Boudha stupa,9918803249,27.718085400000003,85.3507051
Boudha stupa,1280138540,27.719427600000003,85.3515588
Boudha stupa,1778882047,27.7174615,85.3508967
Boudha stupa,1280138541,27.7273322,85.3652987
Boudha stupa,2169351375,27.7272333,85.366577
Boudha stupa,3447981593,27.727479699999996,85.3655799
Boudha stupa,1523307368,27.727370299999997,85.3569382
Boudha stupa,2048173661,27.727525999999994,85.356662
Boudha stupa,10011618450,27.727117400000004,85.35747030000002
Boudha stupa,2168874661,27.7264726,85.35546500000001
Boudha stupa,10011618447,27.7276823,85.3574468
Boudha stupa,1523307410,27.728788899999998,85.3551677
Boudha stupa,2168865280,27.7282697,85.3556049
Boudha stupa,1523307483,27.7298398,85.355105
Boudha stupa,2066262412,27.7286764,85.3550371
Boudha stupa,1523319535,27.728891399999995,85.3570751
Boudha stupa,2169300602,27.729780399999992,85.3549273
Boudha stupa,1523307494,27.7303219,85.3551843
Boudha stupa,2169300714,27.7308714,85.3546906
Boudha stupa,2169300665,27.7302508,85.3555991
Boudha stupa,1523307539,27.731363099999992,85.354219
Boudha stupa,3652900893,27.7317626,85.3536015
Boudha stupa,3652892965,27.731527999999997,85.3546882
Boudha stupa,1523319477,27.7270345,85.3491213
Boudha stupa,2048110316,27.7269158,85.3499604
Boudha stupa,2048110304,27.724643399999998,85.3488375
Boudha stupa,1523319508,27.728153699999996,85.3545441
Boudha stupa,2168834946,27.727951200000003,85.3530001
Boudha stupa,2168887256,27.727768199999996,85.3545849
Boudha stupa,2169300494,27.728871600000005,85.3571731
Boudha stupa,2066262543,27.730789999999995,85.3565305
Boudha stupa,1523319621,27.731095199999995,85.3566713
Boudha stupa,5047304370,27.7314096,85.356549
Boudha stupa,1523319661,27.7317805,85.3572039
Boudha stupa,2066262546,27.732014600000003,85.3569819
Boudha stupa,5049941824,27.7318547,85.3573076
Boudha stupa,1523319730,27.733730799999996,85.3587825
Boudha stupa,2169426770,27.733462899999992,85.3586143
Boudha stupa,6335193731,27.7338285,85.3585748
Boudha stupa,2910320729,27.733973699999996,85.3591244
Boudha stupa,1523344156,27.724541,85.3572267
Boudha stupa,1887597179,27.7242666,85.3568327
Boudha stupa,6064959301,27.724695999999998,85.3572018
Boudha stupa,1523344225,27.7268657,85.3637836
Boudha stupa,1523344214,27.726585399999998,85.3582442
Boudha stupa,2169300294,27.726639399999996,85.3581646
Boudha stupa,2169300303,27.7269074,85.3588006
Boudha stupa,2169300348,27.727321900000003,85.3639837
Boudha stupa,2169300329,27.727014599999997,85.3628895
Boudha stupa,1523344259,27.728495200000005,85.3688865
Boudha stupa,1523344333,27.729683300000005,85.3690672
Boudha stupa,2169387586,27.7288243,85.3682685
Boudha stupa,1523344290,27.728885999999996,85.3680551
Boudha stupa,7629771165,27.728909099999992,85.3677591
Boudha stupa,2169351447,27.7277428,85.3667869
Boudha stupa,1523344304,27.729358499999996,85.3643035
Boudha stupa,6281369810,27.729154500000007,85.3652561
Boudha stupa,1523344325,27.729707599999998,85.3643263
Boudha stupa,1523344416,27.73086339999999,85.3636505
Boudha stupa,1523344381,27.730059200000003,85.3647198
Boudha stupa,5047321397,27.729517500000004,85.369954
Boudha stupa,2169351700,27.7299934,85.3681811
Boudha stupa,2169351753,27.730464499999997,85.369367
Boudha stupa,1523344421,27.730896799999996,85.3648227
Boudha stupa,6577642574,27.730008999999992,85.3650698
Boudha stupa,1523344431,27.731210799999992,85.3647417
Boudha stupa,2169351940,27.731176200000004,85.365434
Boudha stupa,2169352020,27.731790900000004,85.3653495
Boudha stupa,2169370959,27.732468599999997,85.3637912
Boudha stupa,2231990572,27.717396299999997,85.3510198
Boudha stupa,1835421077,27.716996599999998,85.3488053
Boudha stupa,3480398001,27.721659700000004,85.3609744
Boudha stupa,1791501083,27.730211899999997,85.3605559
Boudha stupa,2169300642,27.73012449999999,85.3605034
Boudha stupa,12875047970,27.730275,85.3604464
Boudha stupa,2169300753,27.7315317,85.3615522
Boudha stupa,1791501085,27.733180799999996,85.3621415
Boudha stupa,11830356776,27.7329703,85.3624257
Boudha stupa,2169426804,27.733826699999998,85.3627013
Boudha stupa,2168979782,27.709634399999988,85.3689544
Boudha stupa,10972420867,27.709913299999997,85.3693981
Boudha stupa,1835407671,27.711594299999994,85.3627576
Boudha stupa,1835407681,27.7121458,85.3627504
Boudha stupa,1835407672,27.711711599999997,85.363202
Boudha stupa,2115566070,27.711820599999996,85.3618573
Boudha stupa,1835407675,27.71188039999999,85.3643958
Boudha stupa,1835407680,27.712136599999994,85.3631696
Boudha stupa,10245931974,27.711438,85.3668434
Boudha stupa,1835407682,27.712324600000002,85.36442640000001
Boudha stupa,1835407679,27.712154599999995,85.3613092
Boudha stupa,2115566097,27.712531199999997,85.3608319
Boudha stupa,2115566104,27.712548899999994,85.3614869
Boudha stupa,1835407683,27.712343599999997,85.3631681
Boudha stupa,2115566095,27.712528699999993,85.3627485
Boudha stupa,2115566077,27.7121612,85.3618946
Boudha stupa,1835407686,27.712329100000005,85.3640072
Boudha stupa,1835407708,27.713603,85.3644433
Boudha stupa,3483916193,27.712880199999997,85.3631676
Boudha stupa,1835407684,27.7123369,85.3636029
Boudha stupa,1835407712,27.713618699999998,85.3635949
Boudha stupa,3483916226,27.713610800000005,85.364021
Boudha stupa,1835407690,27.712810899999994,85.3588453
Boudha stupa,1835407700,27.7131702,85.358847
Boudha stupa,12741153866,27.712764900000003,85.359604
Boudha stupa,2169134831,27.712807,85.3580933
Boudha stupa,1835407691,27.7128869,85.3627474
Boudha stupa,1835407703,27.7132525,85.3627536
Boudha stupa,1835407692,27.712899499999995,85.3615948
Boudha stupa,1835407705,27.713278799999998,85.361604
Boudha stupa,2115566106,27.712617600000005,85.3615135
Boudha stupa,1835407693,27.712957899999992,85.36607560000002
Boudha stupa,1835420590,27.713277,85.3665868
Boudha stupa,1835407697,27.713174199999997,85.3601665
Boudha stupa,2115566114,27.712990399999995,85.3601681
Boudha stupa,1835407724,27.713654199999997,85.3601722
Boudha stupa,2115566115,27.7131721,85.3597708
Boudha stupa,1835407699,27.713167700000003,85.3593928
Boudha stupa,2115566129,27.71372489999999,85.3593852
Boudha stupa,1835407706,27.713484499999996,85.3588026
Boudha stupa,2169134835,27.7131789,85.3584177
Boudha stupa,1835407720,27.7136341,85.3627678
Boudha stupa,1835407714,27.713655600000003,85.3616092
Boudha stupa,2115566117,27.7135689,85.358548
Boudha stupa,2115566127,27.713740600000005,85.3589166
Boudha stupa,1835407738,27.7139941,85.3644495
Boudha stupa,1835407716,27.713622600000004,85.3633838
Boudha stupa,1835407757,27.714026200000003,85.3616034
Boudha stupa,2115566122,27.7136164,85.3612179
Boudha stupa,1835407718,27.71362649999999,85.3631774
Boudha stupa,1835407746,27.713986800000004,85.3634269
Boudha stupa,1835407750,27.714007400000003,85.3627813
Boudha stupa,1835407722,27.713635099999998,85.3607311
Boudha stupa,1835407740,27.713946799999995,85.36072730000001
Boudha stupa,2115566123,27.713640299999998,85.3605558
Boudha stupa,2115566119,27.713628499999995,85.3608772
Boudha stupa,2115566131,27.713891899999997,85.3601724
Boudha stupa,1835407725,27.7137962,85.358019
Boudha stupa,12100192635,27.713757799999996,85.358092
Boudha stupa,2169134854,27.7139585,85.35769450000001
Boudha stupa,2115566146,27.714270800000005,85.3581587
Boudha stupa,1835407727,27.7138416,85.36583650000001
Boudha stupa,1835407735,27.7139773,85.3652583
Boudha stupa,2057211715,27.7160513,85.3645099
Boudha stupa,1835407733,27.713953899999996,85.3601754
Boudha stupa,1835407771,27.714246599999996,85.3601858
Boudha stupa,1835407779,27.714420399999998,85.3644462
Boudha stupa,1835407742,27.71400029999999,85.3641152
Boudha stupa,1835407769,27.714240499999992,85.36074900000001
Boudha stupa,1835407744,27.713998400000005,85.3637948
Boudha stupa,1835407800,27.7146332,85.3641392
Boudha stupa,1835407809,27.714803299999996,85.363803
Boudha stupa,4923971495,27.714002299999997,85.3630974
Boudha stupa,10245931985,27.714586199999996,85.3634412
Boudha stupa,1835407775,27.714392600000004,85.3627737
Boudha stupa,1835407755,27.714018999999993,85.36200040000001
Boudha stupa,1835407751,27.7147256,85.3572793
Boudha stupa,9349946207,27.714509099999997,85.3575738
Boudha stupa,2169141643,27.7136248,85.3566608
Boudha stupa,6078353574,27.715148299999996,85.3576194
Boudha stupa,1835407777,27.7143689,85.3620071
Boudha stupa,1835407767,27.7142362,85.3616002
Boudha stupa,1835407763,27.714136499999995,85.3573396
Boudha stupa,2169134851,27.713802099999995,85.3572149
Boudha stupa,1835407765,27.714248399999995,85.3594047
Boudha stupa,13133114988,27.71404589999999,85.3593965
Boudha stupa,2425022239,27.714614399999995,85.3594065
Boudha stupa,2115566140,27.714260699999993,85.3588289
Boudha stupa,1835407781,27.714574799999998,85.3616
Boudha stupa,8476554963,27.714235999999993,85.3610668
Boudha stupa,1835407785,27.714591299999995,85.3601858
Boudha stupa,8476517253,27.714589699999998,85.3627597
Boudha stupa,1835407807,27.7147391,85.36200480000001
Boudha stupa,12109446192,27.71493969999999,85.3616025
Boudha stupa,1835407783,27.7145777,85.3610089
Boudha stupa,12109446193,27.7149435,85.3610367
Boudha stupa,12109490601,27.715042300000004,85.3601837
Boudha stupa,1835407788,27.714577099999996,85.3576177
Boudha stupa,6309060204,27.7149682,85.3579108
Boudha stupa,1835407792,27.714561199999995,85.357988
Boudha stupa,12100192634,27.714706000000003,85.3581111
Boudha stupa,1835407802,27.7147072,85.3589843
Boudha stupa,12100192631,27.7149376,85.3589699
Boudha stupa,2115566142,27.71430339999999,85.3585829
Boudha stupa,1835407805,27.714755999999998,85.3627598
Boudha stupa,1835407823,27.7150405,85.3627681
Boudha stupa,1835407826,27.715096099999997,85.3633918
Boudha stupa,2115566162,27.714981399999992,85.3620135
Boudha stupa,1835407822,27.715007399999994,85.3634379
Boudha stupa,1835407811,27.71489,85.3582436
Boudha stupa,1835407830,27.715237499999997,85.3589922
Boudha stupa,1835407863,27.71553,85.3587044
Boudha stupa,1835407832,27.715242100000005,85.3632026
Boudha stupa,1835407836,27.7152807,85.36241430000001
Boudha stupa,1835407828,27.7151874,85.3633376
Boudha stupa,3469034262,27.715358899999995,85.3636155
Boudha stupa,1835407841,27.715340199999996,85.3589934
Boudha stupa,2169134865,27.715889999999998,85.3626274
Boudha stupa,1835407834,27.715282799999997,85.3615928
Boudha stupa,12109482515,27.715492299999998,85.3615793
Boudha stupa,1887593093,27.7152843,85.3612314
Boudha stupa,1835407872,27.715940400000004,85.3624195
Boudha stupa,1835407837,27.715283999999997,85.3610321
Boudha stupa,1887593134,27.715284099999995,85.3609019
Boudha stupa,1835407839,27.7153174,85.3601794
Boudha stupa,2057215995,27.7159242,85.3602072
Boudha stupa,1887593091,27.715291599999997,85.3605363
Boudha stupa,13128761313,27.715325,85.3597087
Boudha stupa,1835407862,27.715524499999997,85.3589809
Boudha stupa,1835407843,27.715335800000002,85.3593471
Boudha stupa,1835407845,27.7153295,85.3594251
Boudha stupa,1835407867,27.715870699999996,85.359353
Boudha stupa,1835407869,27.715866199999997,85.3589995
Boudha stupa,1835407865,27.715576199999997,85.3583412
Boudha stupa,1835407876,27.7158961,85.3585772
Boudha stupa,1835407890,27.716309599999995,85.35923360000001
Boudha stupa,13128761308,27.7158684,85.35977
Boudha stupa,1835407893,27.716366199999992,85.3624192
Boudha stupa,1835407884,27.716192099999997,85.3587883
Boudha stupa,1835407878,27.7160617,85.3582385
Boudha stupa,1835407905,27.716439700000002,85.3585201
Boudha stupa,1835407909,27.7167364,85.3591606
Boudha stupa,1835407901,27.71637099999999,85.3620338
Boudha stupa,1835407913,27.7167298,85.3629239
Boudha stupa,1835407902,27.716382900000003,85.361601
Boudha stupa,8475685613,27.7154802,85.3620173
Boudha stupa,1835407915,27.716758399999996,85.361616
Boudha stupa,1887593122,27.716392099999997,85.3612648
Boudha stupa,1835407923,27.716790199999995,85.3592727
Boudha stupa,2169134882,27.716541100000004,85.3632092
Boudha stupa,5416090828,27.717234199999993,85.36329720000002
Boudha stupa,1835407917,27.716745,85.3624625
Boudha stupa,5622445259,27.717138199999997,85.361627
Boudha stupa,1835407921,27.7167531,85.3620427
Boudha stupa,3651304919,27.716754799999997,85.360209
Boudha stupa,1835407948,27.7174236,85.3624613
Boudha stupa,1835407949,27.717552999999995,85.3620537
Boudha stupa,1887593097,27.717336799999998,85.3593899
Boudha stupa,1835407926,27.716747899999998,85.3597419
Boudha stupa,1835407925,27.7165924,85.3700382
Boudha stupa,1835407947,27.717425299999995,85.3695763
Boudha stupa,2169058516,27.715954000000004,85.3694576
Boudha stupa,2434925636,27.717319800000002,85.3597624
Boudha stupa,1887593116,27.7158747,85.3598478
Boudha stupa,2169058778,27.717369699999992,85.3688818
Boudha stupa,2169058806,27.717663199999997,85.3690785
Boudha stupa,1835407963,27.7183487,85.3624652
Boudha stupa,5622445258,27.7173312,85.3628797
Boudha stupa,1835407964,27.7183947,85.3620504
Boudha stupa,1835407951,27.7176697,85.3616688
Boudha stupa,1835407965,27.7183543,85.3616727
Boudha stupa,1835407953,27.7177963,85.3612492
Boudha stupa,5622445264,27.717821499999996,85.3608794
Boudha stupa,5622445260,27.717144899999994,85.3612649
Boudha stupa,1835407967,27.718527999999992,85.3614375
Boudha stupa,1835407955,27.7177012,85.3593748
Boudha stupa,1887593409,27.717445799999997,85.358814
Boudha stupa,1835407960,27.718315499999996,85.3636574
Boudha stupa,1835407961,27.7183169,85.3633272
Boudha stupa,12741212227,27.71827860000001,85.3638103
Boudha stupa,5622445271,27.718916299999997,85.3638652
Boudha stupa,1835407962,27.7183294,85.3629073
Boudha stupa,9961204015,27.7189188,85.363345
Boudha stupa,5622445257,27.717592099999997,85.3633161
Boudha stupa,1835407970,27.719245699999995,85.3629203
Boudha stupa,2115566276,27.718743199999995,85.3623607
Boudha stupa,3651304923,27.718698299999996,85.3620845
Boudha stupa,2115566284,27.718924599999998,85.3620152
Boudha stupa,1835407969,27.719244999999994,85.3633421
Boudha stupa,9961222717,27.719617599999992,85.3633489
Boudha stupa,5622445274,27.719265299999996,85.3639881
Boudha stupa,1835407971,27.719254300000003,85.3623953
Boudha stupa,2115566298,27.7192606,85.3620243
Boudha stupa,1835420508,27.711008900000003,85.368916
Boudha stupa,2169007860,27.7112808,85.36733020000001
Boudha stupa,12738349537,27.711471299999996,85.3689249
Boudha stupa,1835420533,27.712136299999997,85.3689858
Boudha stupa,2763505396,27.711882400000004,85.367435
Boudha stupa,2169058301,27.713502799999993,85.3692475
Boudha stupa,12972964868,27.712990299999998,85.3687351
Boudha stupa,1835420609,27.713390499999996,85.3668537
Boudha stupa,1835420663,27.713624599999996,85.3673478
Boudha stupa,1835420685,27.713764299999998,85.3681284
Boudha stupa,1835420683,27.713804799999995,85.3682747
Boudha stupa,1835420754,27.7146215,85.3682431
Boudha stupa,2169068500,27.712274799999992,85.367439
Boudha stupa,2241584614,27.714954900000002,85.3496549
Boudha stupa,2169058370,27.714702999999997,85.3682683
Boudha stupa,12109490602,27.714441299999997,85.3686672
Boudha stupa,1835420835,27.715257699999995,85.36841520000002
Boudha stupa,10007926153,27.7151425,85.368396
Boudha stupa,2169058520,27.7159638,85.3679849
Boudha stupa,2169058398,27.715032399999995,85.3691188
Boudha stupa,2231990531,27.7161834,85.3516645
Boudha stupa,6081371374,27.716251900000003,85.3508211
Boudha stupa,2169058496,27.7156513,85.3710602
Boudha stupa,2169058500,27.715754799999996,85.37201060000001
Boudha stupa,1835420944,27.715687399999997,85.3500462
Boudha stupa,2232061771,27.716372,85.3501815
Boudha stupa,7955967486,27.7157824,85.3503565
Boudha stupa,1835420954,27.715880700000003,85.3724416
Boudha stupa,2169074757,27.7154028,85.3726349
Boudha stupa,1835421023,27.7163842,85.371831
Boudha stupa,2169068602,27.715973399999996,85.3735468
Boudha stupa,1835420986,27.7161,85.3744561
Boudha stupa,12638680634,27.7164028,85.3745368
Boudha stupa,1960096459,27.7148235,85.3738517
Boudha stupa,1835421004,27.716276800000003,85.36706820000002
Boudha stupa,2169058722,27.716771600000005,85.3672368
Boudha stupa,12109482508,27.716082699999998,85.3677994
Boudha stupa,2169058676,27.716586699999997,85.3719316
Boudha stupa,2169058543,27.716196299999996,85.3716461
Boudha stupa,1835421067,27.7168538,85.3515406
Boudha stupa,4915816484,27.716528799999995,85.3515692
Boudha stupa,6396900014,27.7174001,85.3517207
Boudha stupa,12088692813,27.7168009,85.3519846
Boudha stupa,1835421076,27.716955799999994,85.3748121
Boudha stupa,2169105525,27.717015399999994,85.3749186
Boudha stupa,3811339802,27.717996699999997,85.37365740000001
Boudha stupa,6084206482,27.7173975,85.3476656
Boudha stupa,2115566230,27.7165942,85.3490392
Boudha stupa,2169105541,27.717808600000005,85.3764538
Boudha stupa,1835421113,27.7174677,85.3722242
Boudha stupa,2169058773,27.717355799999993,85.3721975
Boudha stupa,1835421121,27.717724799999996,85.3723649
Boudha stupa,2169058701,27.716653199999993,85.3731208
Boudha stupa,2169058814,27.7178625,85.3725793
Boudha stupa,5868119587,27.7177105,85.37194390000002
Boudha stupa,2687263918,27.717618199999993,85.3475712
Boudha stupa,10680537003,27.718672100000003,85.3482368
Boudha stupa,1835421193,27.7184377,85.3728886
Boudha stupa,2169074788,27.7183521,85.3731109
Boudha stupa,2169058846,27.718893800000004,85.3710268
Boudha stupa,1835421197,27.7185563,85.3762768
Boudha stupa,1835421451,27.7200587,85.3761459
Boudha stupa,1835421234,27.7188204,85.3696984
Boudha stupa,2169068681,27.71946359999999,85.3697141
Boudha stupa,2169058848,27.7188672,85.3694227
Boudha stupa,3811373173,27.718961099999998,85.3706036
Boudha stupa,1835421304,27.718979399999995,85.3705403
Boudha stupa,2169068678,27.719433599999995,85.3699352
Boudha stupa,1835421364,27.7195178,85.3696986
Boudha stupa,2169074815,27.720016399999995,85.3700014
Boudha stupa,2169074814,27.720011400000004,85.3691561
Boudha stupa,1835421487,27.7203177,85.3497416
Boudha stupa,13619503483,27.719193699999998,85.3483737
Boudha stupa,2169058919,27.719534899999996,85.3673809
Boudha stupa,2169058932,27.719730499999997,85.3667701
Boudha stupa,1835421401,27.71960079999999,85.3748325
Boudha stupa,2169058934,27.719846900000004,85.3738806
Boudha stupa,11668766209,27.720167899999996,85.3750362
Boudha stupa,2169105629,27.718930399999998,85.3746553
Boudha stupa,13133685687,27.72033709999999,85.37630320000001
Boudha stupa,3516943399,27.720263699999997,85.37580290000001
Boudha stupa,6352013593,27.7206044,85.3499821
Boudha stupa,13619503477,27.7202076,85.3488283
Boudha stupa,1835421492,27.7204592,85.3517724
Boudha stupa,2303602134,27.7200359,85.3512442
Boudha stupa,1835421609,27.7213826,85.3507958
Boudha stupa,4528047828,27.721217300000003,85.3526841
Boudha stupa,1835421526,27.720627499999996,85.3480881
Boudha stupa,3074599709,27.7201452,85.3480439
Boudha stupa,3489618769,27.721189899999995,85.3477837
Boudha stupa,1835421573,27.721197499999995,85.3765895
Boudha stupa,2169105846,27.720966999999998,85.3766742
Boudha stupa,3516943951,27.7213585,85.3764617
Boudha stupa,3516944056,27.721283699999997,85.3767085
Boudha stupa,4528047836,27.722400400000005,85.3515658
Boudha stupa,6352664525,27.721063099999995,85.3498735
Boudha stupa,1835421658,27.721656499999998,85.3484365
Boudha stupa,10680541809,27.7217132,85.3483973
Boudha stupa,2181451937,27.721163899999997,85.3487002
Boudha stupa,1835421665,27.721736099999994,85.3769998
Boudha stupa,2278250604,27.721754400000005,85.3767494
Boudha stupa,13133829912,27.721730299999997,85.3770729
Boudha stupa,2169105882,27.7216395,85.3769811
Boudha stupa,1835421671,27.72179849999999,85.3761658
Boudha stupa,11054212344,27.721794600000003,85.37625180000002
Boudha stupa,2169105889,27.7218409,85.3756042
Boudha stupa,1835421714,27.721945999999996,85.3481788
Boudha stupa,2082265929,27.722613600000003,85.3481339
Boudha stupa,5577639829,27.721388299999997,85.3473689
Boudha stupa,2185027075,27.7220996,85.3475133
Boudha stupa,1835421745,27.7220296,85.3536941
Boudha stupa,3483206708,27.7225095,85.3530782
Boudha stupa,4528047818,27.721542299999996,85.3530842
Boudha stupa,1835421803,27.7228657,85.35203520000002
Boudha stupa,3081361944,27.7226504,85.3521422
Boudha stupa,3483206693,27.723277499999995,85.3517415
Boudha stupa,2169308590,27.7223651,85.3525824
Boudha stupa,1835421874,27.723958700000004,85.3543438
Boudha stupa,3608382471,27.7235649,85.3539945
Boudha stupa,1835421919,27.7251654,85.353392
Boudha stupa,1887598532,27.724297799999995,85.35554140000002
Boudha stupa,1835421882,27.7240013,85.3564719
Boudha stupa,12100388737,27.72398739999999,85.356456
Boudha stupa,8465519038,27.724197700000005,85.3561165
Boudha stupa,1835421889,27.724035099999995,85.3515392
Boudha stupa,1887603578,27.724136299999994,85.351708
Boudha stupa,1835421911,27.724414299999996,85.35214050000002
Boudha stupa,3483206737,27.723472199999996,85.35333640000002
Boudha stupa,2168881081,27.724798700000004,85.3517927
Boudha stupa,3489224343,27.724687299999996,85.3526197
Boudha stupa,2168881084,27.725329699999996,85.3536491
Boudha stupa,1835421921,27.727686199999997,85.3589515
Boudha stupa,2169300442,27.728450399999996,85.3591325
Boudha stupa,2169300382,27.727646599999996,85.35916410000002
Boudha stupa,1835421923,27.728507099999998,85.3591226
Boudha stupa,9990963680,27.728509899999995,85.3589493
Boudha stupa,1835461929,27.7235984,85.3481359
Boudha stupa,6337090333,27.723493700000006,85.3481304
Boudha stupa,1835461946,27.724031399999994,85.3479835
Boudha stupa,2169455043,27.723646,85.3486842
Boudha stupa,1835461935,27.7238484,85.3475214
Boudha stupa,2082265939,27.7234786,85.3474885
Boudha stupa,2169455046,27.7245462,85.3487198
Boudha stupa,1835461964,27.724364699999995,85.3475066
Boudha stupa,1835462000,27.7245172,85.3483493
Boudha stupa,1835462007,27.724596399999992,85.3482451
Boudha stupa,1835462032,27.7249885,85.3488388
Boudha stupa,1835462042,27.7250548,85.3485095
Boudha stupa,1835462175,27.726804799999996,85.3487554
Boudha stupa,1835462055,27.725465699999997,85.3484787
Boudha stupa,2066262017,27.7257945,85.3479104
Boudha stupa,1835462185,27.7271267,85.3488531
Boudha stupa,2014914513,27.727383100000004,85.3489904
Boudha stupa,2172114662,27.716206999999997,85.3752109
Boudha stupa,1887593087,27.716401999999995,85.3609072
Boudha stupa,1887593089,27.71641139999999,85.360566
Boudha stupa,3485192097,27.716231499999996,85.36027080000001
Boudha stupa,1887593132,27.718345400000004,85.3594757
Boudha stupa,1887593410,27.7181782,85.3593433
Boudha stupa,1918071326,27.7181989,85.3582049
Boudha stupa,2212454122,27.718535600000003,85.3590883
Boudha stupa,1887597181,27.7251782,85.3581126
Boudha stupa,1887599905,27.7250406,85.3565161
Boudha stupa,2075994870,27.724418999999994,85.3559698
Boudha stupa,1887598535,27.724678000000004,85.3555753
Boudha stupa,1887598534,27.7251865,85.3561003
Boudha stupa,6064961515,27.724865,85.3559581
Boudha stupa,1887599901,27.7252328,85.3559587
Boudha stupa,10118175767,27.725034,85.3556659
Boudha stupa,1887599895,27.724562600000002,85.3558608
Boudha stupa,1887599896,27.725536699999996,85.3571711
Boudha stupa,1887599907,27.725222599999995,85.3567896
Boudha stupa,1887599900,27.724706799999993,85.3549196
Boudha stupa,1887599903,27.72557089999999,85.35405290000001
Boudha stupa,2181448363,27.7254547,85.3539005
Boudha stupa,1887601615,27.725884599999997,85.3545156
Boudha stupa,1887600558,27.724640199999996,85.3544187
Boudha stupa,1887600560,27.7245424,85.3542772
Boudha stupa,2181448040,27.7245615,85.3546861
Boudha stupa,1887600561,27.7244984,85.3542073
Boudha stupa,1887600563,27.724459200000002,85.3543598
Boudha stupa,1887600574,27.725195699999997,85.3537755
Boudha stupa,1887601613,27.726894500000004,85.3537826
Boudha stupa,2168800376,27.726973900000004,85.3541299
Boudha stupa,1887601624,27.7276685,85.3539585
Boudha stupa,2168887259,27.726500599999994,85.3542097
Boudha stupa,2322108331,27.726937699999997,85.3527909
Boudha stupa,2169300282,27.72611209999999,85.3548831
Boudha stupa,11001176614,27.7254016,85.3549123
Boudha stupa,2168874670,27.727464599999998,85.355055
Boudha stupa,2168834948,27.727686299999995,85.3532174
Boudha stupa,1887603576,27.72626079999999,85.3518928
Boudha stupa,2168881074,27.726478599999997,85.3517854
Boudha stupa,1887603603,27.7262537,85.3521309
Boudha stupa,3653030704,27.726204999999993,85.3514577
Boudha stupa,1887603577,27.724987299999995,85.3515577
Boudha stupa,1887603601,27.725541399999997,85.3511206
Boudha stupa,1887603595,27.724873,85.3514184
Boudha stupa,1887603579,27.727310799999998,85.3517351
Boudha stupa,1887603597,27.727372299999992,85.3520241
Boudha stupa,1887603599,27.7269488,85.3504917
Boudha stupa,2168834951,27.727029799999993,85.351752
Boudha stupa,2048110310,27.726518999999996,85.3503826
Boudha stupa,1887603589,27.725129999999996,85.3521244
Boudha stupa,2168881080,27.726046799999995,85.3527384
Boudha stupa,2090627857,27.72477419999999,85.3509699
Boudha stupa,2168834949,27.727017099999994,85.3520475
Boudha stupa,1887603604,27.726517799999993,85.3513285
Boudha stupa,1887607909,27.733784299999993,85.356656
Boudha stupa,2169426825,27.734040799999995,85.3567397
Boudha stupa,1887612669,27.732064599999998,85.3536087
Boudha stupa,5049940893,27.7320246,85.3535756
Boudha stupa,1887612688,27.731862400000004,85.3534347
Boudha stupa,14021718072,27.732137399999992,85.3532107
Boudha stupa,5312370130,27.7124125,85.3724867
Boudha stupa,12921055906,27.7185648,85.3470888
Boudha stupa,6075243337,27.7274456,85.3485225
Boudha stupa,2048110287,27.7230459,85.3484763
Boudha stupa,6337090330,27.723035199999998,85.3481363
Boudha stupa,2048110298,27.723154299999997,85.3488868
Boudha stupa,2048110295,27.72303279999999,85.3488757
Boudha stupa,2082265937,27.723159599999995,85.34891360000002
Boudha stupa,2270282857,27.7241869,85.3489971
Boudha stupa,2048110320,27.727178699999996,85.3500395
Boudha stupa,4170337647,27.727499000000005,85.3504403
Boudha stupa,10011625213,27.727632199999995,85.35642950000002
Boudha stupa,10011665352,27.728175099999998,85.3569592
Boudha stupa,9961222723,27.7183978,85.3658632
Boudha stupa,3469248731,27.715920300000004,85.3642408
Boudha stupa,6336980217,27.729204,85.3534433
Boudha stupa,2169300695,27.730602299999997,85.3562703
Boudha stupa,5049940901,27.732664200000002,85.3565205
Boudha stupa,2169426628,27.732824499999992,85.3571048
Boudha stupa,2066262552,27.7329734,85.35832260000001
Boudha stupa,2169426699,27.732988100000004,85.3583898
Boudha stupa,2169426588,27.7325692,85.3578222
Boudha stupa,2066262557,27.733168599999996,85.3575962
Boudha stupa,2169426714,27.733133899999995,85.3575043
Boudha stupa,2169403343,27.7338846,85.3578304
Boudha stupa,3529887428,27.7339719,85.3606503
Boudha stupa,2169426830,27.734184899999995,85.3596119
Boudha stupa,6064961518,27.724372899999995,85.356002
Boudha stupa,6337090327,27.722915000000004,85.3481378
Boudha stupa,2082265930,27.722640699999996,85.3474954
Boudha stupa,6337090328,27.722940899999998,85.34750510000002
Boudha stupa,2082265940,27.723500600000005,85.3471096
Boudha stupa,6337090331,27.7233423,85.3489169
Boudha stupa,2528845436,27.723195,85.3475113
Boudha stupa,3490488408,27.7125639,85.3523272
Boudha stupa,2085375295,27.713008700000003,85.3530082
Boudha stupa,2085379272,27.713669200000002,85.351401
Boudha stupa,5089217417,27.713662999999997,85.3515496
Boudha stupa,5089217382,27.713658399999996,85.3508605
Boudha stupa,6084314017,27.714267899999992,85.3514703
Boudha stupa,3490488417,27.712617899999994,85.35205770000002
Boudha stupa,6082013075,27.713176699999998,85.353716
Boudha stupa,2085379310,27.712458599999998,85.3546031
Boudha stupa,9634995158,27.712575999999995,85.3540285
Boudha stupa,13128761325,27.712423900000005,85.3547574
Boudha stupa,2090627852,27.724438399999997,85.3510522
Boudha stupa,2115566101,27.712535500000005,85.3618978
Boudha stupa,3081631973,27.712724099999996,85.3601617
Boudha stupa,2716709500,27.7129807,85.3608507
Boudha stupa,2115566112,27.712977699999996,85.3612046
Boudha stupa,2115566113,27.712985299999986,85.3605477
Boudha stupa,2115566133,27.7138943,85.3597926
Boudha stupa,13133114994,27.713613800000005,85.3584336
Boudha stupa,10590377537,27.7136219,85.3610651
Boudha stupa,2115566125,27.713678900000005,85.3582795
Boudha stupa,2115566144,27.7142526,85.3585463
Boudha stupa,2115566135,27.713897699999997,85.3593905
Boudha stupa,2232069208,27.715853600000003,85.3492324
Boudha stupa,2287641203,27.7173093,85.3528724
Boudha stupa,2168821834,27.726791500000004,85.3551406
Boudha stupa,2168874672,27.72743609999999,85.3544194
Boudha stupa,2168850014,27.7274739,85.3534172
Boudha stupa,10011625214,27.7277994,85.3562224
Boudha stupa,2169300287,27.726364900000004,85.3552776
Boudha stupa,2181518436,27.7255868,85.3531643
Boudha stupa,2168887253,27.726196799999997,85.35398460000002
Boudha stupa,2169007866,27.711721499999996,85.36729240000001
Boudha stupa,2763505402,27.711998499999993,85.3671497
Boudha stupa,2169058299,27.713512700000003,85.3695916
Boudha stupa,2169058338,27.714275699999998,85.3699014
Boudha stupa,2169058300,27.713523799999994,85.3705837
Boudha stupa,2169058306,27.713666500000002,85.3716422
Boudha stupa,2169068549,27.7129322,85.3720422
Boudha stupa,2169068569,27.714625299999994,85.3701729
Boudha stupa,10007926147,27.714870099999995,85.3690059
Boudha stupa,2169058427,27.7152306,85.3676707
Boudha stupa,2169058374,27.714805299999988,85.3704684
Boudha stupa,2169058495,27.715657199999995,85.3692176
Boudha stupa,2169058488,27.715577899999996,85.3679588
Boudha stupa,2169058485,27.715476400000004,85.3637246
Boudha stupa,3469038408,27.7166093,85.3632731
Boudha stupa,2169058514,27.7159089,85.3684844
Boudha stupa,2169058518,27.715973499999993,85.3682309
Boudha stupa,5867027212,27.7165972,85.3692899
Boudha stupa,2169058631,27.716442599999997,85.3682737
Boudha stupa,2169058526,27.7160304,85.3678935
Boudha stupa,2169058629,27.7164665,85.3680167
Boudha stupa,5867010904,27.716236799999997,85.3713413
Boudha stupa,2169058662,27.7166308,85.3704144
Boudha stupa,2169058596,27.71634,85.3714029
Boudha stupa,5867013372,27.716069199999996,85.37146250000002
Boudha stupa,2169058556,27.716230299999996,85.3725625
Boudha stupa,2169058609,27.7164093,85.3714418
Boudha stupa,2169058597,27.716346299999994,85.3730558
Boudha stupa,2169058690,27.7166092,85.3715564
Boudha stupa,5867015494,27.716810899999995,85.3708678
Boudha stupa,2169058748,27.717109599999993,85.3681219
Boudha stupa,2169058733,27.716879000000002,85.3688741
Boudha stupa,2169058718,27.7168656,85.3703998
Boudha stupa,2169058707,27.7166758,85.37194790000001
Boudha stupa,2169058682,27.716601299999997,85.3737132
Boudha stupa,2169058738,27.716991899999996,85.3720417
Boudha stupa,2169058805,27.7176754,85.3704886
Boudha stupa,2169068604,27.7169872,85.3676426
Boudha stupa,5867027219,27.717041899999995,85.3684864
Boudha stupa,5867027204,27.7167896,85.3691156
Boudha stupa,2169058756,27.717194099999993,85.3711627
Boudha stupa,2169074775,27.717072199999997,85.3680344
Boudha stupa,5867027205,27.717136599999996,85.3682667
Boudha stupa,2169058752,27.717159399999996,85.37376710000001
Boudha stupa,2169058761,27.7172432,85.3669958
Boudha stupa,2169058765,27.717225399999997,85.3667895
Boudha stupa,2169058813,27.717852399999998,85.3670804
Boudha stupa,5868119586,27.717403099999995,85.3719293
Boudha stupa,5867027220,27.7172558,85.368553
Boudha stupa,2169058781,27.7174364,85.3717137
Boudha stupa,2169058798,27.7176362,85.3707765
Boudha stupa,2169105556,27.718027499999998,85.3709701
Boudha stupa,2169058827,27.7182612,85.3669311
Boudha stupa,5620816313,27.717880900000004,85.36618090000002
Boudha stupa,2169058838,27.7185587,85.3664066
Boudha stupa,10944258256,27.718232100000005,85.3674951
Boudha stupa,2169058864,27.719043699999997,85.37107430000002
Boudha stupa,2169058858,27.71900799999999,85.3714116
Boudha stupa,2169074796,27.719229599999995,85.3724597
Boudha stupa,2169058884,27.719351700000004,85.3713634
Boudha stupa,2169058859,27.7190461,85.373822
Boudha stupa,2169058888,27.7193426,85.3738332
Boudha stupa,2169058880,27.7193093,85.3710612
Boudha stupa,2169058875,27.719224,85.3743015
Boudha stupa,2169058885,27.719349499999996,85.3728685
Boudha stupa,11668805609,27.720388599999996,85.3724023
Boudha stupa,2169058896,27.7194295,85.37332
Boudha stupa,2169058899,27.7195825,85.3738619
Boudha stupa,2169058914,27.7195976,85.3736057
Boudha stupa,11668805596,27.720113199999997,85.3737158
Boudha stupa,2169058935,27.7199289,85.3738452
Boudha stupa,3811249598,27.720201899999996,85.3737445
Boudha stupa,3811249628,27.7207948,85.3744742
Boudha stupa,2169058962,27.720795799999998,85.3730676
Boudha stupa,2169058963,27.720783899999994,85.3733366
Boudha stupa,2169058976,27.7212775,85.3725573
Boudha stupa,5047374128,27.721395800000003,85.3725721
Boudha stupa,3811373165,27.720403099999995,85.3710804
Boudha stupa,2169058980,27.721521399999993,85.3720038
Boudha stupa,2278250611,27.7215815,85.3723484
Boudha stupa,5047374117,27.72134979999999,85.37201540000001
Boudha stupa,2169068494,27.711990700000005,85.367298
Boudha stupa,12109490610,27.712029999999995,85.3679913
Boudha stupa,2169068520,27.712761,85.3707063
Boudha stupa,2169068582,27.715445,85.3695033
Boudha stupa,2169068579,27.7153573,85.37375830000002
Boudha stupa,2169068635,27.7178871,85.3679988
Boudha stupa,2169068613,27.717128999999996,85.3637215
Boudha stupa,2169068655,27.7182086,85.3637835
Boudha stupa,2169068629,27.717609,85.3635569
Boudha stupa,2169068674,27.7192339,85.3641783
Boudha stupa,2169068688,27.719790799999995,85.3640574
Boudha stupa,9961204013,27.7191557,85.3645487
Boudha stupa,5047306781,27.720049600000003,85.37092440000002
Boudha stupa,5622445272,27.719608499999993,85.364027
Boudha stupa,2169074738,27.7138907,85.3723025
Boudha stupa,2169074744,27.714958400000004,85.3717801
Boudha stupa,2169074753,27.715146999999998,85.3721279
Boudha stupa,12989668199,27.714550699999997,85.3721121
Boudha stupa,12100702181,27.715252799999995,85.3723225
Boudha stupa,2169074786,27.717683200000003,85.368099
Boudha stupa,2169074813,27.719718199999996,85.3724732
Boudha stupa,2169074818,27.7201666,85.3691629
Boudha stupa,2169074819,27.720326899999996,85.3691204
Boudha stupa,2169101333,27.7101595,85.3570827
Boudha stupa,11791607353,27.71122859999999,85.3593459
Boudha stupa,2169101518,27.712191699999998,85.3585214
Boudha stupa,2169101515,27.7121237,85.3600748
Boudha stupa,2169101522,27.7121401,85.3594319
Boudha stupa,9916163696,27.71809339999999,85.3718372
Boudha stupa,2169105621,27.718875100000005,85.3750891
Boudha stupa,2169105857,27.721116699999993,85.3754487
Boudha stupa,2169105866,27.721237700000003,85.3749936
Boudha stupa,11668766201,27.720393800000004,85.3751494
Boudha stupa,2169105890,27.7218716,85.3752126
Boudha stupa,2169350677,27.723099099999995,85.3704173
Boudha stupa,11054212343,27.7226591,85.37581
Boudha stupa,2169134822,27.711963799999996,85.3557524
Boudha stupa,2169134823,27.7119465,85.356145
Boudha stupa,2169134826,27.712344400000003,85.3557523
Boudha stupa,5312347273,27.711926799999997,85.3565626
Boudha stupa,2169134833,27.712849799999997,85.3561718
Boudha stupa,2169134824,27.7122041,85.3571311
Boudha stupa,4170346359,27.71257019999999,85.3574743
Boudha stupa,2169134839,27.713205599999995,85.3569881
Boudha stupa,3485653662,27.712448999999996,85.3552053
Boudha stupa,2169134828,27.712644200000003,85.3557682
Boudha stupa,2169134834,27.7128607,85.3558225
Boudha stupa,2169134843,27.713375899999996,85.3556008
Boudha stupa,2169134837,27.713183299999997,85.3580941
Boudha stupa,2169134832,27.712837699999998,85.3565639
Boudha stupa,2169134840,27.713206900000003,85.3565682
Boudha stupa,2169134841,27.7132192,85.3559226
Boudha stupa,3485192094,27.713191900000005,85.3576685
Boudha stupa,2169134838,27.7131973,85.357398
Boudha stupa,12747241502,27.713475699999996,85.3570924
Boudha stupa,2169141641,27.7133653,85.3565607
Boudha stupa,2169134842,27.713277499999993,85.3559437
Boudha stupa,2169134849,27.713693599999996,85.3560999
Boudha stupa,2169141646,27.713506999999996,85.3557728
Boudha stupa,2169134847,27.7134898,85.3576786
Boudha stupa,2169134852,27.7137396,85.3576871
Boudha stupa,3481810839,27.7135147,85.3571075
Boudha stupa,3485687145,27.713781499999996,85.3558051
Boudha stupa,2169134861,27.715990199999993,85.3553879
Boudha stupa,6081553735,27.717130399999995,85.3555781
Boudha stupa,2169134895,27.717301500000005,85.3553805
Boudha stupa,2169134917,27.718040800000004,85.3543154
Boudha stupa,2169136371,27.718299,85.3562898
Boudha stupa,2169134906,27.7175815,85.3540591
Boudha stupa,6072399817,27.717600499999993,85.3535986
Boudha stupa,2169134918,27.718098200000004,85.3535539
Boudha stupa,6072540594,27.718584900000003,85.3544685
Boudha stupa,6072399816,27.7182143,85.3528087
Boudha stupa,2169134929,27.7190394,85.3546558
Boudha stupa,2197385943,27.7186206,85.3555675
Boudha stupa,2169300270,27.725211099999996,85.3552312
Boudha stupa,2169300277,27.7258618,85.3552025
Boudha stupa,2169300280,27.725896,85.3553783
Boudha stupa,10011231027,27.726678399999997,85.3581149
Boudha stupa,2169300302,27.7269146,85.3578059
Boudha stupa,2169300401,27.727968299999997,85.3578769
Boudha stupa,2169300310,27.7269358,85.3591781
Boudha stupa,3487118624,27.727020600000003,85.3593868
Boudha stupa,2169300358,27.727306900000002,85.3622245
Boudha stupa,10617290492,27.726895400000007,85.3624357
Boudha stupa,2169300341,27.7271437,85.3610936
Boudha stupa,2169300462,27.7286541,85.3621199
Boudha stupa,2169300383,27.727648299999995,85.3606941
Boudha stupa,2169300366,27.727430299999998,85.3599178
Boudha stupa,2169300504,27.7289813,85.36150050000002
Boudha stupa,10011625210,27.7282201,85.3578281
Boudha stupa,10011231032,27.7282369,85.3583573
Boudha stupa,10011618449,27.7277253,85.3575174
Boudha stupa,2169300426,27.7282901,85.3578744
Boudha stupa,3483167267,27.7286138,85.3573873
Boudha stupa,2169300485,27.728779799999998,85.3579412
Boudha stupa,2169300552,27.729350599999997,85.360392
Boudha stupa,2169300449,27.728510499999995,85.3589138
Boudha stupa,6994196250,27.7308959,85.3624532
Boudha stupa,2169300520,27.729110899999995,85.3611775
Boudha stupa,2169300605,27.7297689,85.3614071
Boudha stupa,2169300568,27.729431499999997,85.3601872
Boudha stupa,2169300554,27.729368400000002,85.36013980000001
Boudha stupa,2169300587,27.729600399999995,85.3597151
Boudha stupa,2169300679,27.730397399999998,85.3542586
Boudha stupa,2169300604,27.729783400000002,85.358515
Boudha stupa,2169300615,27.729811799999997,85.361068
Boudha stupa,2169300624,27.7298939,85.3609177
Boudha stupa,12883089339,27.7304118,85.361182
Boudha stupa,2169300629,27.730021499999996,85.3612793
Boudha stupa,2169300712,27.730872899999998,85.3620339
Boudha stupa,5047304364,27.731156999999996,85.3558233
Boudha stupa,2169300683,27.730436200000003,85.3540343
Boudha stupa,5052557965,27.731218700000003,85.3562107
Boudha stupa,11778575164,27.730891,85.3622539
Boudha stupa,2169300738,27.7312587,85.3592249
Boudha stupa,2169300743,27.731348799999996,85.3584616
Boudha stupa,11397267429,27.730474999999995,85.359111
Boudha stupa,2169300795,27.731768499999987,85.3592239
Boudha stupa,2169300778,27.731665600000003,85.357999
Boudha stupa,11397267423,27.730897699999993,85.3583434
Boudha stupa,2169300803,27.731836099999995,85.36092020000001
Boudha stupa,2169300774,27.7316544,85.3598522
Boudha stupa,2169305438,27.730189099999997,85.3574061
Boudha stupa,2169300830,27.732208999999997,85.3578454
Boudha stupa,2169300835,27.732306400000002,85.3593949
Boudha stupa,2169426513,27.732033399999995,85.3605118
Boudha stupa,2169305452,27.731958500000005,85.3611986
Boudha stupa,2169426555,27.732501299999996,85.3594726
Boudha stupa,2169305414,27.7226339,85.3596782
Boudha stupa,3480199833,27.7226161,85.359952
Boudha stupa,3556861970,27.7234636,85.359853
Boudha stupa,4528047820,27.721752,85.3528281
Boudha stupa,4528047834,27.7221207,85.3521508
Boudha stupa,3479582122,27.723600799999996,85.3705536
Boudha stupa,3479582117,27.723376600000005,85.3687294
Boudha stupa,3490310405,27.723527899999997,85.36830190000002
Boudha stupa,3490310154,27.722654099999993,85.36928080000001
Boudha stupa,11868991014,27.722669800000002,85.3725256
Boudha stupa,2169350758,27.723636400000004,85.3684125
Boudha stupa,2169350965,27.7248168,85.3688138
Boudha stupa,7810660037,27.7239527,85.36589920000002
Boudha stupa,2169350841,27.7242728,85.3673112
Boudha stupa,2169351138,27.7256153,85.3674617
Boudha stupa,2169351205,27.726112799999996,85.3721493
Boudha stupa,3481428753,27.7254936,85.3690772
Boudha stupa,2212767329,27.7234724,85.3634597
Boudha stupa,11419492372,27.724763699999997,85.3639901
Boudha stupa,2169351180,27.725790799999995,85.3672411
Boudha stupa,2169351189,27.7260142,85.3682886
Boudha stupa,2169351155,27.725815500000007,85.3728868
Boudha stupa,2169351383,27.727294999999998,85.3739875
Boudha stupa,13261561692,27.725212099999993,85.3729105
Boudha stupa,13354916419,27.7264428,85.3680539
Boudha stupa,2169351183,27.7258979,85.3716484
Boudha stupa,3488315676,27.726704199999997,85.3703957
Boudha stupa,2169351217,27.726129899999993,85.3682776
Boudha stupa,13261595201,27.725991399999998,85.3725397
Boudha stupa,2169351259,27.726430899999997,85.3724679
Boudha stupa,6522131373,27.726202699999995,85.36895690000001
Boudha stupa,2169351293,27.726698199999994,85.3718599
Boudha stupa,12311629484,27.726353499999995,85.372708
Boudha stupa,5302188198,27.726739,85.3727151
Boudha stupa,2169351354,27.726993100000005,85.3742005
Boudha stupa,6584940820,27.727407899999996,85.3739228
Boudha stupa,2169351444,27.7277804,85.3744221
Boudha stupa,2169351535,27.7282372,85.3741893
Boudha stupa,2169351543,27.728497500000003,85.3662422
Boudha stupa,13261561686,27.728416700000004,85.3736159
Boudha stupa,2169351588,27.7294816,85.36609330000002
Boudha stupa,6577642568,27.728776999999994,85.3658291
Boudha stupa,2169351546,27.7285896,85.371805
Boudha stupa,2169351566,27.729312,85.3732852
Boudha stupa,2169351596,27.7295492,85.3726803
Boudha stupa,2169351584,27.729531,85.37131420000001
Boudha stupa,2169351639,27.7298667,85.3715368
Boudha stupa,2169351623,27.72984599999999,85.3710171
Boudha stupa,2169351616,27.7297203,85.372317
Boudha stupa,2169351592,27.7294889,85.3662271
Boudha stupa,2169351598,27.7293515,85.3655029
Boudha stupa,6281369813,27.7295444,85.3664685
Boudha stupa,2169351656,27.729931499999996,85.3660599
Boudha stupa,2169351775,27.7304988,85.3657851
Boudha stupa,2169351675,27.729971499999998,85.370878
Boudha stupa,2169351843,27.730915799999995,85.3717488
Boudha stupa,2169351644,27.72987820000001,85.3717014
Boudha stupa,2169351704,27.730053600000005,85.3716788
Boudha stupa,2169351733,27.730163799999996,85.3707048
Boudha stupa,2169351883,27.7310061,85.3715806
Boudha stupa,2169351784,27.7304929,85.3679682
Boudha stupa,2169387609,27.7295902,85.367905
Boudha stupa,2169351765,27.730425899999997,85.3703772
Boudha stupa,2169351931,27.7310945,85.3713605
Boudha stupa,2169351739,27.730216799999994,85.36590720000001
Boudha stupa,2169351759,27.730290999999994,85.3719273
Boudha stupa,2169351772,27.730460099999995,85.3702091
Boudha stupa,2169351793,27.7305876,85.3704398
Boudha stupa,2169351801,27.730767799999995,85.3659176
Boudha stupa,6281369814,27.7302642,85.3669247
Boudha stupa,2169351799,27.730727999999996,85.3680752
Boudha stupa,2169351946,27.731207199999997,85.371127
Boudha stupa,2169351892,27.7310055,85.3692542
Boudha stupa,2169351850,27.730900699999996,85.3670991
Boudha stupa,2169351815,27.7307994,85.3666199
Boudha stupa,12951708958,27.7311072,85.3664528
Boudha stupa,12946985744,27.730827499999997,85.36687850000001
Boudha stupa,2169352018,27.731760499999993,85.367097
Boudha stupa,2169351988,27.73157249999999,85.36964570000002
Boudha stupa,2169351955,27.731360799999997,85.3659283
Boudha stupa,2169370941,27.731425500000004,85.3660988
Boudha stupa,11665655669,27.731032499999998,85.3662023
Boudha stupa,2169352012,27.7316477,85.366729
Boudha stupa,12615456106,27.7319595,85.3665899
Boudha stupa,2169387654,27.7321047,85.3682687
Boudha stupa,12615456105,27.731980899999996,85.3651717
Boudha stupa,2169370952,27.732027799999997,85.3657009
Boudha stupa,11575756257,27.72879379999999,85.371121
Boudha stupa,2169370947,27.7318872,85.3658961
Boudha stupa,7379793998,27.733532499999995,85.3668306
Boudha stupa,6689773386,27.732986700000005,85.36726430000002
Boudha stupa,11778575167,27.732866300000005,85.3635228
Boudha stupa,2169371034,27.7335729,85.3652658
Boudha stupa,2169370987,27.7331244,85.3686157
Boudha stupa,7379810285,27.7343591,85.3638935
Boudha stupa,7379793995,27.7342256,85.3657442
Boudha stupa,7379793991,27.733752799999998,85.367226
Boudha stupa,4512961924,27.729113300000005,85.3683147
Boudha stupa,2169387590,27.7291083,85.3673143
Boudha stupa,2169387652,27.732115499999992,85.3687973
Boudha stupa,2169387667,27.732314099999996,85.3700684
Boudha stupa,2169387671,27.7325931,85.3689665
Boudha stupa,2169387673,27.7326581,85.3643347
Boudha stupa,12951708964,27.732033499999996,85.3640357
Boudha stupa,2169403278,27.732929699999996,85.3598371
Boudha stupa,7996813408,27.732776699999995,85.3596951
Boudha stupa,2169426758,27.733443600000005,85.3600604
Boudha stupa,2169426764,27.7334268,85.3613749
Boudha stupa,2169403406,27.734834699999997,85.36184690000002
Boudha stupa,5083293154,27.7341825,85.3617403
Boudha stupa,2169426857,27.7346162,85.3633897
Boudha stupa,11778575166,27.73266329999999,85.3627547
Boudha stupa,2169426518,27.732177499999995,85.3572513
Boudha stupa,2169426541,27.732404400000004,85.3583933
Boudha stupa,2169426617,27.732727199999996,85.35482
Boudha stupa,6225648949,27.732431299999995,85.3549558
Boudha stupa,6225657025,27.7330129,85.3545569
Boudha stupa,2181442373,27.7329801,85.3550918
Boudha stupa,2169426620,27.732762699999995,85.3576215
Boudha stupa,2169426787,27.7337044,85.357414
Boudha stupa,5083293011,27.733434100000004,85.3632739
Boudha stupa,5083293128,27.734572,85.3633291
Boudha stupa,2169426832,27.7342633,85.3595683
Boudha stupa,5107000010,27.733996099999995,85.3591635
Boudha stupa,3482097432,27.7344771,85.3585728
Boudha stupa,2169446222,27.723021399999997,85.3510489
Boudha stupa,9634989483,27.7229092,85.3506152
Boudha stupa,2169446416,27.7290798,85.3522409
Boudha stupa,2169446431,27.729258899999998,85.35192630000002
Boudha stupa,2169446474,27.7295826,85.3523025
Boudha stupa,3652900866,27.7303053,85.3514099
Boudha stupa,2169446623,27.731287699999996,85.3518597
Boudha stupa,2169446698,27.7315927,85.3527638
Boudha stupa,2270282858,27.724203499999994,85.3487004
Boudha stupa,10252710795,27.7147453,85.3745842
Boudha stupa,3479664868,27.721313199999997,85.3585687
Boudha stupa,2181518434,27.726125599999996,85.3536182
Boudha stupa,2194348798,27.724005200000004,85.35901940000001
Boudha stupa,2194348803,27.7240337,85.3600413
Boudha stupa,9961205535,27.7229974,85.3650739
Boudha stupa,6396900009,27.7181399,85.35260060000002
Boudha stupa,3074560231,27.714816399999997,85.3496264
Boudha stupa,8496997199,27.7157811,85.3482315
Boudha stupa,2246848774,27.716768300000002,85.3477755
Boudha stupa,11860250971,27.723012999999998,85.3505503
Boudha stupa,3538133649,27.723707099999995,85.349807
Boudha stupa,2270294418,27.7288076,85.3504472
Boudha stupa,7030588596,27.717395700000004,85.3524265
Boudha stupa,2303602135,27.720451599999997,85.3506881
Boudha stupa,2303602139,27.720542599999995,85.350522
Boudha stupa,13629178170,27.720699699999997,85.3509603
Boudha stupa,6342558722,27.717302,85.3602293
Boudha stupa,6075278829,27.727685999999995,85.3485064
Boudha stupa,2528845437,27.723185599999997,85.3481355
Boudha stupa,6337090332,27.723327,85.3481501
Boudha stupa,5415998191,27.712863,85.3660354
Boudha stupa,13619503476,27.720114999999996,85.3482928
Boudha stupa,13347181011,27.7267771,85.3687866
Boudha stupa,3447981643,27.728186199999996,85.365879
Boudha stupa,3469034225,27.715193799999998,85.3639813
Boudha stupa,11866121412,27.715311499999995,85.36489
Boudha stupa,3469249220,27.717542000000005,85.3656804
Boudha stupa,3479596492,27.7223558,85.3668883
Boudha stupa,13300966327,27.721624099999993,85.3676447
Boudha stupa,3479597097,27.723405899999996,85.3657821
Boudha stupa,3482101744,27.723551299999993,85.3646991
Boudha stupa,3479629682,27.7239094,85.3621547
Boudha stupa,3480354537,27.724078699999996,85.3622228
Boudha stupa,3479629683,27.723989599999996,85.3619834
Boudha stupa,3479638823,27.7236128,85.36257260000001
Boudha stupa,3479638917,27.723525099999996,85.3614182
Boudha stupa,3479638824,27.7230662,85.3623261
Boudha stupa,13001999649,27.721759799999997,85.3587133
Boudha stupa,3480195512,27.721187200000003,85.3588902
Boudha stupa,3480194356,27.722733199999997,85.35939
Boudha stupa,3480199834,27.722435299999997,85.359888
Boudha stupa,3480333257,27.722677399999995,85.3611126
Boudha stupa,11690625725,27.7226282,85.3620248
Boudha stupa,3480397996,27.7223844,85.3610111
Boudha stupa,3480343642,27.7216063,85.3638484
Boudha stupa,3480354540,27.724324300000003,85.3619032
Boudha stupa,13041306912,27.721980299999995,85.360396
Boudha stupa,11419435957,27.7216858,85.3601194
Boudha stupa,3480398005,27.7212982,85.3598149
Boudha stupa,3482124173,27.714369700000002,85.3527034
Boudha stupa,3482285969,27.7232291,85.352958
Boudha stupa,6075744483,27.7282167,85.3490161
Boudha stupa,12100388732,27.723490099999996,85.3533913
Boudha stupa,3483599377,27.717163899999996,85.3602277
Boudha stupa,5622445262,27.7171614,85.3605839
Boudha stupa,6081499179,27.717118799999998,85.3540386
Boudha stupa,3485352880,27.7136365,85.3517648
Boudha stupa,6084313994,27.7136339,85.3520197
Boudha stupa,5047428269,27.714247400000005,85.3519954
Boudha stupa,6078108084,27.712706100000002,85.3552723
Boudha stupa,3486820250,27.7239723,85.3615328
Boudha stupa,3487118626,27.7267315,85.3596879
Boudha stupa,5068559820,27.726478299999993,85.3698949
Boudha stupa,3490310419,27.7238374,85.3678257
Boudha stupa,3490488437,27.7131899,85.352796
Boudha stupa,3490488435,27.713022799999994,85.3522846
Boudha stupa,3529881654,27.732692200000002,85.359974
Boudha stupa,4533582752,27.717916799999998,85.3606337
Boudha stupa,5047303991,27.731583999999998,85.3554154
Boudha stupa,6225648966,27.731570699999992,85.3533172
Boudha stupa,3811339738,27.723825800000004,85.3760909
Boudha stupa,13133685677,27.7229813,85.3762817
Boudha stupa,3811339762,27.7242154,85.3759429
Boudha stupa,5083311112,27.7211536,85.3719881
Boudha stupa,5052544271,27.7204841,85.3706318
Boudha stupa,8465513577,27.7227234,85.3652638
Boudha stupa,10884406757,27.72927159999999,85.3685372
Boudha stupa,4528047819,27.721906399999998,85.3526142
Boudha stupa,13619503492,27.722784900000004,85.3514622
Boudha stupa,4915816483,27.716533799999997,85.3514492
Boudha stupa,10245931984,27.714587199999997,85.363107
Boudha stupa,5622451153,27.721711299999996,85.3650758
Boudha stupa,5047282959,27.7319173,85.3554688
Boudha stupa,12882979285,27.731882299999995,85.3559285
Boudha stupa,5047872460,27.7286528,85.3695996
Boudha stupa,5047336412,27.7146655,85.3518296
Boudha stupa,5089217424,27.7143673,85.3517125
Boudha stupa,5047337424,27.7207192,85.3716374
Boudha stupa,10682967587,27.714905499999997,85.3522615
Boudha stupa,5047537959,27.7222699,85.3716274
Boudha stupa,5047537963,27.7222751,85.371779
Boudha stupa,5047538047,27.7223369,85.3724682
Boudha stupa,5047827600,27.733547499999997,85.3626871
Boudha stupa,5049931088,27.729214,85.3714555
Boudha stupa,5049931089,27.729117799999997,85.3713791
Boudha stupa,5049931091,27.729463900000002,85.3707196
Boudha stupa,6225648954,27.732001199999996,85.3542895
Boudha stupa,5049941826,27.731782800000005,85.3575401
Boudha stupa,5052539452,27.721885,85.3711109
Boudha stupa,11668899015,27.728363300000005,85.3697294
Boudha stupa,5083293124,27.7334719,85.3635522
Boudha stupa,5083311097,27.721439699999998,85.3716992
Boudha stupa,5089217379,27.713770899999993,85.350503
Boudha stupa,6084314020,27.714158699999995,85.3507206
Boudha stupa,11347926995,27.713910099999996,85.3501066
Boudha stupa,6084314025,27.714345099999996,85.3510759
Boudha stupa,5107000012,27.734214199999993,85.3592414
Boudha stupa,5302188195,27.7269575,85.3727237
Boudha stupa,12311629480,27.727230199999997,85.3730426
Boudha stupa,5622445261,27.717150300000004,85.3609703
Boudha stupa,6287075363,27.716175600000003,85.3714431
Boudha stupa,5867013373,27.7159655,85.3715882
Boudha stupa,6072399801,27.717932999999995,85.352924
Boudha stupa,10774810161,27.716923799999996,85.3562285
Boudha stupa,6082013073,27.713180799999996,85.3534962
Boudha stupa,6082013081,27.713163399999992,85.3541131
Boudha stupa,11347926996,27.713990100000004,85.3521231
Boudha stupa,6084314004,27.7145339,85.3503129
Boudha stupa,6084314014,27.7144009,85.3512571
Boudha stupa,6225657009,27.733233199999994,85.3552133
Boudha stupa,6225648951,27.7324491,85.3544507
Boudha stupa,6225657013,27.733386,85.3549217
Boudha stupa,6225657012,27.733187299999997,85.35530350000002
Boudha stupa,6225657014,27.7336592,85.3562439
Boudha stupa,11665655671,27.729166899999996,85.3666502
Boudha stupa,6577642578,27.730486499999998,85.366914
Boudha stupa,6335193728,27.734092,85.3585721
Boudha stupa,6352013598,27.7216756,85.3497009
Boudha stupa,6396900019,27.717587899999998,85.3517935
Boudha stupa,6522165263,27.719126699999997,85.35790350000002
Boudha stupa,6988775771,27.720660499999997,85.3469373
Boudha stupa,12951708996,27.7313042,85.3626611
Boudha stupa,7379793989,27.734129799999995,85.366947
Boudha stupa,7379793992,27.7344446,85.3650519
Boudha stupa,13254113779,27.734370999999992,85.3658576
Boudha stupa,13254113778,27.734012499999995,85.3658524
Boudha stupa,7810660038,27.724012299999995,85.3656081
Boudha stupa,12717783279,27.72402019999999,85.3555948
Boudha stupa,10970381949,27.710890400000004,85.370591
Boudha stupa,10607168216,27.7226593,85.3507082
Boudha stupa,9961204011,27.7199713,85.3645997
Boudha stupa,12647505880,27.72219219999999,85.3659781
Boudha stupa,12361423390,27.719619299999994,85.36321840000001
Boudha stupa,9961222718,27.71962269999999,85.3629592
Boudha stupa,10011231028,27.727089499999998,85.3583329
Boudha stupa,10011231045,27.727238900000003,85.358391
Boudha stupa,10011618448,27.727939699999993,85.3574249
Boudha stupa,12875047966,27.728273000000005,85.3577007
Boudha stupa,10011665317,27.7282406,85.3564746
Boudha stupa,13261561681,27.72373589999999,85.3754492
Boudha stupa,10245931977,27.711854199999994,85.3666717
Boudha stupa,10970259078,27.71466179999999,85.3749616
Boudha stupa,10970239577,27.714278899999996,85.3743244
Boudha stupa,12717783280,27.723638100000002,85.3560567
Boudha stupa,12965858088,27.723185899999997,85.3563958
Boudha stupa,10617290494,27.725371699999997,85.363394
Boudha stupa,10680537004,27.718867,85.3474597
Boudha stupa,10680541805,27.721670999999997,85.3491742
Boudha stupa,10680541806,27.721992499999992,85.3489514
Boudha stupa,10774810154,27.717372,85.356775
Boudha stupa,10970259076,27.714894199999996,85.3752199
Boudha stupa,10970381934,27.711260999999997,85.3717887
Boudha stupa,11397267430,27.730529699999995,85.35849900000001
Boudha stupa,11419453465,27.72178179999999,85.3597395
Boudha stupa,11502103066,27.724873099999996,85.3583099
Boudha stupa,11668766205,27.720287100000004,85.3755927
Boudha stupa,11727253097,27.730055699999998,85.3727704
Boudha stupa,11778575161,27.731296499999992,85.3623587
Boudha stupa,11778575165,27.732528700000003,85.3629796
Boudha stupa,12100192639,27.711767599999998,85.3590488
Boudha stupa,11860250976,27.722567099999996,85.3505194
Boudha stupa,11868991006,27.723571999999994,85.3737923
Boudha stupa,12075292406,27.7267512,85.3605938
Boudha stupa,12100388733,27.723683600000005,85.3569674
Boudha stupa,12100388738,27.7242341,85.3577439
Boudha stupa,12100702177,27.714799500000005,85.37276890000001
Boudha stupa,12109446194,27.7147808,85.36084990000002
Boudha stupa,12361423389,27.7198966,85.3632217
Boudha stupa,12723641613,27.723847000000003,85.3548914
Boudha stupa,12875047967,27.730504099999997,85.3602815
Boudha stupa,12946985740,27.7314732,85.3666444
Boudha stupa,13128761314,27.713595999999995,85.3551731
Boudha stupa,13128761320,27.71382669999999,85.3558017
Boudha stupa,13128761321,27.7132861,85.3548914
Boudha stupa,13128761327,27.71571519999999,85.354827
Boudha stupa,13133685673,27.723512699999997,85.3766616
Boudha stupa,13133685688,27.7204925,85.3760742
Boudha stupa,13261561699,27.725651299999996,85.3723573
Boudha stupa,13261561700,27.725898799999992,85.372716
Boudha stupa,2169387680,27.734547399999997,85.364401
Boudha stupa,2169105708,27.719388199999997,85.3769368
Boudha stupa,6988757780,27.720517899999997,85.3474346
Pulchowk,103589478,27.683556900000003,85.3187269
Pulchowk,6548964019,27.683472499999997,85.3187802
Pulchowk,2047751806,27.684320099999997,85.3186453
Pulchowk,253205163,27.672622999999998,85.3249685
Pulchowk,670393082,27.6712341,85.3243887
Pulchowk,2309012017,27.671530299999997,85.3260357
Pulchowk,268307839,27.669285499999997,85.3219786
Pulchowk,564129602,27.66974829999999,85.3222299
Pulchowk,3111513219,27.6691362,85.3219353
Pulchowk,360455542,27.6699061,85.3217268
Pulchowk,268307869,27.666469799999998,85.3235775
Pulchowk,1273477840,27.666969800000004,85.3240188
Pulchowk,1273478310,27.6668135,85.3232993
Pulchowk,314962644,27.680137,85.3172134
Pulchowk,4315496274,27.6791472,85.31681460000001
Pulchowk,1880066220,27.6801355,85.317126
Pulchowk,314962647,27.67786879999999,85.3163244
Pulchowk,1880066214,27.677871000000003,85.3162251
Pulchowk,1753696756,27.677313999999996,85.3175558
Pulchowk,317532043,27.6773606,85.3163299
Pulchowk,314962668,27.678799499999993,85.3097394
Pulchowk,314962694,27.677877899999995,85.3095056
Pulchowk,669762949,27.679266900000002,85.3086555
Pulchowk,6094379802,27.679753699999992,85.3101497
Pulchowk,3047241796,27.6786304,85.3103828
Pulchowk,314962713,27.677697799999994,85.3121437
Pulchowk,1052006844,27.67797,85.3082245
Pulchowk,314962705,27.677128399999997,85.3091984
Pulchowk,314962702,27.676039600000003,85.3133537
Pulchowk,2308181792,27.675855199999997,85.3144991
Pulchowk,669324762,27.6760172,85.3131397
Pulchowk,6391961482,27.676418999999996,85.3135881
Pulchowk,2308181843,27.676910599999996,85.3099468
Pulchowk,669519386,27.67753099999999,85.3081443
Pulchowk,2998100573,27.676165299999997,85.30853920000001
Pulchowk,669252469,27.677761299999997,85.3126004
Pulchowk,314962717,27.6764501,85.3114685
Pulchowk,314966975,27.6753916,85.3106483
Pulchowk,1880051651,27.67677279999999,85.3105137
Pulchowk,314964026,27.671560099999997,85.3184993
Pulchowk,13077799038,27.671642300000002,85.3182441
Pulchowk,2306645439,27.671460800000002,85.3187379
Pulchowk,9713005828,27.6720646,85.318711
Pulchowk,669716096,27.674742,85.3102568
Pulchowk,669324798,27.675575700000003,85.3129054
Pulchowk,10927808986,27.6751875,85.3081045
Pulchowk,314967067,27.675826499999996,85.3146945
Pulchowk,1880051635,27.675656,85.3146915
Pulchowk,1880051628,27.6756749,85.3156152
Pulchowk,317532033,27.68309,85.3186878
Pulchowk,1880066230,27.683111499999992,85.3186171
Pulchowk,317532061,27.681906799999997,85.3179266
Pulchowk,6684876431,27.6770218,85.316555
Pulchowk,1879942072,27.677139499999996,85.3163035
Pulchowk,1942462683,27.6819255,85.3178511
Pulchowk,1350468463,27.680447799999996,85.3173405
Pulchowk,317532096,27.683430299999998,85.3128397
Pulchowk,1832593979,27.682738400000005,85.3124248
Pulchowk,1832594007,27.684049399999996,85.3122269
Pulchowk,1895430091,27.683247599999998,85.3130687
Pulchowk,317532109,27.680750299999996,85.3103399
Pulchowk,391200222,27.681176599999997,85.3087599
Pulchowk,6094606286,27.681790900000003,85.3100983
Pulchowk,3630778394,27.681944999999995,85.3110588
Pulchowk,317532118,27.683111199999995,85.3115762
Pulchowk,1798111248,27.6829266,85.3116109
Pulchowk,2117331427,27.683279399999996,85.310946
Pulchowk,317532136,27.685545399999995,85.3127919
Pulchowk,2810322291,27.685692499999995,85.3121319
Pulchowk,2828404357,27.685000199999994,85.3127562
Pulchowk,668708996,27.6862476,85.3133923
Pulchowk,317532274,27.688557399999997,85.3160542
Pulchowk,1273357431,27.690153000000002,85.3173596
Pulchowk,1883621350,27.688578399999994,85.3158636
Pulchowk,360455511,27.668149099999997,85.3216987
Pulchowk,360455521,27.667195800000002,85.32233850000001
Pulchowk,1127867474,27.667596099999997,85.3214393
Pulchowk,2117345075,27.667080199999994,85.322636
Pulchowk,3111511204,27.670062299999998,85.3214916
Pulchowk,360455544,27.67224299999999,85.3152884
Pulchowk,669529183,27.672102499999998,85.3160304
Pulchowk,669642742,27.673029699999997,85.3155637
Pulchowk,1781191226,27.672125099999995,85.3127265
Pulchowk,6269266811,27.6725385,85.3141718
Pulchowk,391200215,27.6826675,85.3064048
Pulchowk,391200218,27.681687299999997,85.3076376
Pulchowk,6094645493,27.682954900000002,85.3057354
Pulchowk,2828404359,27.681655199999998,85.30585120000002
Pulchowk,1947167486,27.683482,85.3068027
Pulchowk,1895430095,27.6814344,85.3080989
Pulchowk,2822154251,27.68213619999999,85.3078261
Pulchowk,669253613,27.6819843,85.3094808
Pulchowk,391200249,27.6828037,85.3099133
Pulchowk,669253610,27.682915399999995,85.30992
Pulchowk,1832593972,27.68248669999999,85.3097449
Pulchowk,6094606190,27.681980400000004,85.3101156
Pulchowk,391201043,27.6793212,85.3048031
Pulchowk,391201051,27.6803964,85.305422
Pulchowk,6813021911,27.680097999999997,85.3034511
Pulchowk,1815638932,27.679563099999996,85.3057353
Pulchowk,1879841989,27.678925099999997,85.3046745
Pulchowk,1832593884,27.679874999999996,85.307014
Pulchowk,391201072,27.683924,85.3069364
Pulchowk,1947167489,27.68366109999999,85.3079518
Pulchowk,1947167490,27.683821399999996,85.306899
Pulchowk,391201073,27.684579699999997,85.3070875
Pulchowk,391201074,27.685134899999998,85.3072078
Pulchowk,671292471,27.685171200000003,85.3048778
Pulchowk,1832594030,27.685211899999995,85.307195
Pulchowk,1278967636,27.683979999999995,85.3080334
Pulchowk,391201715,27.6769838,85.3165973
Pulchowk,6684876432,27.676998599999994,85.3165426
Pulchowk,425256487,27.676036000000007,85.3181373
Pulchowk,425268149,27.6704642,85.3293812
Pulchowk,425227568,27.675047099999997,85.3185946
Pulchowk,425256551,27.6754872,85.3189185
Pulchowk,425227570,27.673996499999994,85.3184218
Pulchowk,2195431378,27.675415699999995,85.31766130000001
Pulchowk,425227575,27.673112599999993,85.3186702
Pulchowk,1879150993,27.674234199999994,85.31802380000002
Pulchowk,9972249665,27.673047999999998,85.3186054
Pulchowk,1480909451,27.673411200000004,85.3202004
Pulchowk,425227584,27.674258,85.320991
Pulchowk,1480909450,27.673992099999996,85.320744
Pulchowk,1480909322,27.674297,85.3208723
Pulchowk,1480909388,27.673801799999993,85.3228823
Pulchowk,425256488,27.675974,85.3180857
Pulchowk,434978470,27.675772199999994,85.3185314
Pulchowk,1278980875,27.675784299999997,85.3157477
Pulchowk,1801257236,27.6752765,85.3192197
Pulchowk,425268139,27.674918800000004,85.3246347
Pulchowk,945666481,27.675365199999998,85.3239844
Pulchowk,4333265319,27.673524599999997,85.3239127
Pulchowk,1759658425,27.675586800000005,85.3250459
Pulchowk,425268140,27.6745893,85.3255506
Pulchowk,1905861638,27.67479439999999,85.325686
Pulchowk,1382902639,27.673609199999998,85.3266969
Pulchowk,425268145,27.672830099999995,85.3275114
Pulchowk,1933312054,27.672068999999997,85.3272573
Pulchowk,1382902675,27.674397899999995,85.3278989
Pulchowk,1942462671,27.6728295,85.3285342
Pulchowk,1942462645,27.6711885,85.3288129
Pulchowk,425307049,27.672849699999997,85.3138153
Pulchowk,1274183971,27.672574699999995,85.31404500000001
Pulchowk,6509956332,27.672687699999994,85.31358570000002
Pulchowk,1052006853,27.6766538,85.31909030000001
Pulchowk,434978482,27.682920499999994,85.3190916
Pulchowk,434978486,27.681418399999995,85.3200826
Pulchowk,1382902908,27.681254499999994,85.3203201
Pulchowk,1350468471,27.6793475,85.3204772
Pulchowk,434978498,27.678201799999993,85.321195
Pulchowk,1052006763,27.676937400000003,85.3199416
Pulchowk,1382824205,27.6775604,85.3214684
Pulchowk,3925024545,27.6703017,85.322441
Pulchowk,1000817406,27.669208399999995,85.3233607
Pulchowk,564129604,27.668445899999995,85.3250411
Pulchowk,2201313152,27.6680931,85.325992
Pulchowk,4889364060,27.667839999999998,85.3246971
Pulchowk,564129608,27.669769999999996,85.3261189
Pulchowk,4127479889,27.6691796,85.3234334
Pulchowk,2201313153,27.668988099999996,85.3267149
Pulchowk,1933312051,27.670859099999998,85.3267674
Pulchowk,564129612,27.6685747,85.32722
Pulchowk,1942462601,27.6697979,85.3280143
Pulchowk,564129620,27.6752577,85.3260063
Pulchowk,10140036083,27.675677,85.32526560000001
Pulchowk,2224211576,27.675686899999995,85.32625740000002
Pulchowk,1759675443,27.674895799999994,85.3257462
Pulchowk,3969708911,27.674795099999997,85.3268286
Pulchowk,564129624,27.675929299999996,85.3263745
Pulchowk,945666482,27.676844199999998,85.3258631
Pulchowk,4451772866,27.676299800000002,85.3265883
Pulchowk,1832594055,27.685745,85.3144337
Pulchowk,671276782,27.68723519999999,85.3138512
Pulchowk,1832594080,27.6867687,85.3122598
Pulchowk,668709055,27.687536200000004,85.3108181
Pulchowk,1123087265,27.687520700000004,85.3108442
Pulchowk,671300434,27.687884699999998,85.3101495
Pulchowk,12088169793,27.68768989999999,85.3110071
Pulchowk,668709061,27.685317299999998,85.3071406
Pulchowk,3413830444,27.6858,85.3067044
Pulchowk,669799078,27.686236599999994,85.3068555
Pulchowk,1278967686,27.686344200000004,85.3061177
Pulchowk,668710460,27.6681538,85.3131263
Pulchowk,1832603543,27.6676699,85.3133247
Pulchowk,1781192441,27.670687099999995,85.3117725
Pulchowk,11968706127,27.668022500000003,85.31300340000001
Pulchowk,668710462,27.6665947,85.3137365
Pulchowk,2684818085,27.6664072,85.31560340000001
Pulchowk,1832603474,27.666177200000003,85.3138865
Pulchowk,3484390262,27.667469099999998,85.3133838
Pulchowk,3079795571,27.677675499999996,85.3131244
Pulchowk,1753092951,27.6784082,85.313012
Pulchowk,669252479,27.6775578,85.3138476
Pulchowk,669252872,27.677114399999994,85.3138077
Pulchowk,671274941,27.678508099999995,85.3134948
Pulchowk,669252874,27.677401999999997,85.3139978
Pulchowk,669252480,27.676541899999997,85.3136275
Pulchowk,10661120781,27.676782899999996,85.3136857
Pulchowk,12042746757,27.676597099999995,85.3132863
Pulchowk,10661120800,27.676992900000002,85.3141692
Pulchowk,1753700481,27.6777378,85.3152504
Pulchowk,11441794958,27.683019799999997,85.3094548
Pulchowk,669273227,27.683238699999997,85.3099717
Pulchowk,2530550639,27.6823139,85.3088754
Pulchowk,669269013,27.6802014,85.3145201
Pulchowk,1879736128,27.680149899999996,85.3120767
Pulchowk,6525036830,27.681301299999998,85.3127945
Pulchowk,1832593897,27.680092899999995,85.3153745
Pulchowk,669269035,27.6812213,85.3034658
Pulchowk,10747568562,27.681151300000003,85.3034444
Pulchowk,1832593947,27.6815701,85.3039147
Pulchowk,669273238,27.6832608,85.3099104
Pulchowk,669273237,27.6834502,85.3091387
Pulchowk,2921796727,27.683548799999997,85.3088774
Pulchowk,11441794959,27.683131399999997,85.3090337
Pulchowk,2921786894,27.683793700000003,85.3098317
Pulchowk,1879752258,27.677570599999996,85.3081519
Pulchowk,669519388,27.677691999999997,85.307694
Pulchowk,669519389,27.677784499999994,85.3073923
Pulchowk,669519404,27.677944899999993,85.3079107
Pulchowk,669519402,27.678317399999997,85.3076132
Pulchowk,1879712404,27.677510699999996,85.3072687
Pulchowk,9944048715,27.678246300000005,85.3061379
Pulchowk,669519396,27.6785965,85.3037391
Pulchowk,13681398542,27.678171899999995,85.3036773
Pulchowk,6091848383,27.678524099999997,85.30264680000002
Pulchowk,6054527237,27.6784811,85.3043095
Pulchowk,669519400,27.679530599999996,85.3079903
Pulchowk,669642793,27.670654600000002,85.3160743
Pulchowk,6089246047,27.67205299999999,85.3163292
Pulchowk,669529190,27.667565000000003,85.3163749
Pulchowk,1937688850,27.667291999999996,85.3173736
Pulchowk,1832603552,27.667797099999998,85.31634240000001
Pulchowk,1937713249,27.667005900000003,85.3163174
Pulchowk,669529191,27.667212599999996,85.3176271
Pulchowk,1127867537,27.6676127,85.3177795
Pulchowk,669529194,27.666778299999997,85.3188987
Pulchowk,669529195,27.66691659999999,85.3191472
Pulchowk,1278980969,27.665546899999995,85.3185846
Pulchowk,669642803,27.667280799999993,85.3190868
Pulchowk,669529196,27.6656318,85.3194118
Pulchowk,3486744913,27.6653415,85.3189642
Pulchowk,669529200,27.684423899999995,85.309713
Pulchowk,669529201,27.684765099999996,85.3097447
Pulchowk,11441794961,27.68431069999999,85.3093341
Pulchowk,669799081,27.6851374,85.3091295
Pulchowk,669529259,27.688988699999996,85.3203346
Pulchowk,1273375190,27.689133199999997,85.3200038
Pulchowk,4315496269,27.6878253,85.322144
Pulchowk,5011232824,27.689760299999996,85.3207477
Pulchowk,669530135,27.674530999999995,85.3235057
Pulchowk,669642745,27.6733375,85.3156596
Pulchowk,1274183808,27.6734285,85.3141691
Pulchowk,1753692764,27.673843899999998,85.3157842
Pulchowk,669642758,27.6728782,85.3169993
Pulchowk,11844798248,27.670630199999998,85.3160807
Pulchowk,669642817,27.670303099999998,85.3175612
Pulchowk,11844798236,27.668015399999998,85.3190295
Pulchowk,669642808,27.668291800000002,85.31900630000001
Pulchowk,1832609117,27.670898,85.3198808
Pulchowk,11844798252,27.670264799999998,85.3177121
Pulchowk,6054561835,27.669429399999995,85.31733380000001
Pulchowk,669642818,27.670158900000004,85.3181292
Pulchowk,669642839,27.673076399999996,85.3135384
Pulchowk,6509956337,27.6729001,85.3138183
Pulchowk,1880051598,27.674564299999997,85.3145333
Pulchowk,10824964251,27.674656999999996,85.3101942
Pulchowk,669716160,27.6734004,85.3124459
Pulchowk,669716147,27.673034700000002,85.313165
Pulchowk,12250190871,27.673044000000008,85.3134626
Pulchowk,3483296474,27.672042399999995,85.3119439
Pulchowk,669726405,27.674687599999995,85.3079849
Pulchowk,669726419,27.6732511,85.3079488
Pulchowk,669726529,27.673911800000003,85.3096601
Pulchowk,669781718,27.6729504,85.3090134
Pulchowk,1832593644,27.673501700000003,85.3070507
Pulchowk,5282490651,27.67262759999999,85.3078288
Pulchowk,669726546,27.675091199999997,85.3069073
Pulchowk,1879880666,27.6751196,85.3066358
Pulchowk,1832593714,27.674875499999995,85.3074473
Pulchowk,669762950,27.6785629,85.3083221
Pulchowk,1781192443,27.672222999999992,85.3103004
Pulchowk,4912135659,27.6716202,85.308054
Pulchowk,669799086,27.686524000000002,85.30817710000001
Pulchowk,1731664837,27.6868231,85.307243
Pulchowk,11441794960,27.684608799999996,85.3089546
Pulchowk,669799085,27.686410499999994,85.3091076
Pulchowk,670393099,27.685604499999997,85.3110338
Pulchowk,1832594077,27.686598499999995,85.309458
Pulchowk,2810335721,27.6869822,85.3086807
Pulchowk,12872898655,27.685618399999996,85.3077832
Pulchowk,3820720589,27.670195399999994,85.3237899
Pulchowk,670393090,27.666469999999997,85.3161766
Pulchowk,1123087290,27.6862427,85.3111505
Pulchowk,2868278801,27.6852728,85.3113465
Pulchowk,670393101,27.682180399999996,85.3162038
Pulchowk,2128611315,27.6821901,85.316081
Pulchowk,2128610115,27.682156699999997,85.3163935
Pulchowk,670393106,27.6834946,85.31594660000002
Pulchowk,670393110,27.6836923,85.315204
Pulchowk,913527391,27.6845683,85.3164568
Pulchowk,1832594016,27.684633900000005,85.3141236
Pulchowk,1921819500,27.683239299999997,85.3145863
Pulchowk,671276867,27.688573999999996,85.3142311
Pulchowk,4455975951,27.687126299999996,85.3143997
Pulchowk,1832594111,27.688996799999998,85.3127949
Pulchowk,1273357433,27.6897493,85.3148615
Pulchowk,1883622609,27.688394300000002,85.31503560000002
Pulchowk,671276899,27.689617599999995,85.3107113
Pulchowk,1832594124,27.689182499999998,85.3121368
Pulchowk,1832594115,27.688954,85.3105127
Pulchowk,1273357428,27.6898682,85.3093444
Pulchowk,671278888,27.681364900000002,85.3123899
Pulchowk,671292461,27.684574400000002,85.3044253
Pulchowk,1278967624,27.6844809,85.30476
Pulchowk,6098252446,27.6840589,85.3042594
Pulchowk,671292495,27.685564499999998,85.3048164
Pulchowk,1895480564,27.685678100000004,85.3051325
Pulchowk,671300450,27.688319799999995,85.3103121
Pulchowk,1273357506,27.6883146,85.3092394
Pulchowk,10187536805,27.68844749999999,85.3103525
Pulchowk,12088169796,27.688267,85.3105002
Pulchowk,671513546,27.677890500000004,85.305801
Pulchowk,1879767370,27.677992600000003,85.305536
Pulchowk,1832593777,27.6767349,85.3058026
Pulchowk,671513550,27.677745599999998,85.30533360000001
Pulchowk,671513551,27.6779491,85.3051037
Pulchowk,1879880677,27.677506199999996,85.3051772
Pulchowk,1879841970,27.6778065,85.3046236
Pulchowk,1879767372,27.678065399999998,85.3053876
Pulchowk,671513557,27.676796099999997,85.3036004
Pulchowk,1753129107,27.6765871,85.3029349
Pulchowk,10740813789,27.676293100000002,85.3040488
Pulchowk,672686930,27.672722699999998,85.3300227
Pulchowk,1382902617,27.672870600000003,85.3306419
Pulchowk,1382902606,27.6724116,85.3299041
Pulchowk,675711098,27.679046,85.3149011
Pulchowk,1880066217,27.678483399999998,85.3164734
Pulchowk,725879816,27.685474400000004,85.3181161
Pulchowk,3084428265,27.685463199999997,85.3181236
Pulchowk,5050275183,27.685799999999997,85.318436
Pulchowk,4455971834,27.686711400000007,85.3172848
Pulchowk,725879820,27.6844394,85.3229117
Pulchowk,1480868086,27.683589899999994,85.3244477
Pulchowk,1273374977,27.684434099999994,85.3227564
Pulchowk,1480867625,27.684459500000003,85.3233313
Pulchowk,725879824,27.683035199999996,85.3258172
Pulchowk,1883494803,27.683118900000004,85.3258585
Pulchowk,1273374936,27.682450699999997,85.32563370000001
Pulchowk,725879874,27.6786456,85.3258817
Pulchowk,1382902836,27.678610499999998,85.3257217
Pulchowk,725879875,27.678617699999997,85.3261502
Pulchowk,3490937862,27.679960799999993,85.3252652
Pulchowk,1832593859,27.678650399999995,85.3261785
Pulchowk,1832593832,27.6781549,85.3263122
Pulchowk,725879877,27.680729600000003,85.3272293
Pulchowk,1832593940,27.6811466,85.327374
Pulchowk,10901406246,27.679848300000003,85.3266259
Pulchowk,913521376,27.680462199999997,85.3278296
Pulchowk,764952756,27.68867489999999,85.316906
Pulchowk,764952757,27.689081300000005,85.3161583
Pulchowk,9838292217,27.6882888,85.3165932
Pulchowk,1480867738,27.687298399999996,85.3191722
Pulchowk,913521373,27.681850299999997,85.32857570000002
Pulchowk,1958252613,27.6819483,85.3286392
Pulchowk,1832593933,27.680939799999997,85.32807540000002
Pulchowk,1832593946,27.681518100000005,85.3287984
Pulchowk,913521378,27.6801822,85.3283964
Pulchowk,1908509228,27.680108499999996,85.327581
Pulchowk,1832593928,27.6808053,85.3279824
Pulchowk,1832593886,27.679917000000003,85.3289272
Pulchowk,1832593885,27.679810099999997,85.328232
Pulchowk,1832593919,27.6805371,85.3285956
Pulchowk,913521393,27.682594799999997,85.3285685
Pulchowk,6672181683,27.6827995,85.3284328
Pulchowk,1958252615,27.682066499999994,85.3283251
Pulchowk,913527399,27.6856673,85.3165855
Pulchowk,2267992256,27.684221799999996,85.3166998
Pulchowk,2303740823,27.686007899999996,85.3167134
Pulchowk,11064139378,27.685538600000005,85.3159136
Pulchowk,945666480,27.673734899999996,85.3232346
Pulchowk,3365887911,27.674512499999995,85.3235575
Pulchowk,1480909317,27.676101299999996,85.3224481
Pulchowk,1832593789,27.677115999999995,85.3260214
Pulchowk,1800123463,27.676470999999996,85.3266782
Pulchowk,2224201466,27.677084199999996,85.3255895
Pulchowk,1000805999,27.679257399999997,85.3223842
Pulchowk,1382902852,27.6794603,85.3223169
Pulchowk,1871761821,27.678309399999993,85.3233014
Pulchowk,5372754314,27.67861179999999,85.32092
Pulchowk,1273478288,27.6678057,85.322945
Pulchowk,1052006743,27.674861899999996,85.3176208
Pulchowk,9972249662,27.674749699999996,85.3175216
Pulchowk,1052006846,27.675094499999993,85.3173997
Pulchowk,1052006748,27.683880500000004,85.3083329
Pulchowk,4165247972,27.684238599999997,85.3084572
Pulchowk,1937703889,27.6774721,85.3188732
Pulchowk,1052006814,27.6754977,85.3163727
Pulchowk,1880051623,27.675685899999998,85.3157044
Pulchowk,9032611181,27.674475699999995,85.3160538
Pulchowk,1880072134,27.6768487,85.31863300000002
Pulchowk,1123078695,27.672393400000004,85.3042453
Pulchowk,1123078697,27.673076999999996,85.3048368
Pulchowk,1832593577,27.6721198,85.3052917
Pulchowk,1123078699,27.6735485,85.3053367
Pulchowk,11458377129,27.673144500000003,85.3044645
Pulchowk,1123078701,27.674376899999995,85.3059815
Pulchowk,1832593625,27.673077899999996,85.3062611
Pulchowk,1123078704,27.6751203,85.3065792
Pulchowk,1879787751,27.676259899999998,85.3067998
Pulchowk,1832593719,27.675039299999998,85.3060388
Pulchowk,1123078850,27.674630600000004,85.3034558
Pulchowk,6090145524,27.6748734,85.3036654
Pulchowk,2521634549,27.674664899999996,85.3040659
Pulchowk,10740663886,27.674258600000005,85.3036357
Pulchowk,1123078872,27.6714485,85.307477
Pulchowk,1832593565,27.671852,85.3064734
Pulchowk,2610659558,27.671081299999997,85.3073829
Pulchowk,5282490656,27.672275399999997,85.307718
Pulchowk,1123078875,27.671881099999993,85.3063728
Pulchowk,1832593566,27.671850999999997,85.3060744
Pulchowk,1937681602,27.672221499999996,85.3066534
Pulchowk,1123087284,27.687114499999993,85.3103451
Pulchowk,1127867310,27.6736026,85.3315669
Pulchowk,1127867242,27.679283899999998,85.3264412
Pulchowk,1832593871,27.679132799999998,85.326881
Pulchowk,10901412861,27.679701999999995,85.3265464
Pulchowk,1127867249,27.678876299999995,85.3276665
Pulchowk,2131315081,27.679112699999994,85.3278811
Pulchowk,1832593856,27.678672799999998,85.3283107
Pulchowk,1832593830,27.67816039999999,85.3273292
Pulchowk,1127867255,27.678476599999996,85.32895260000001
Pulchowk,2131315065,27.6786511,85.3294549
Pulchowk,1281233955,27.679614400000002,85.3294997
Pulchowk,3353738925,27.67798399999999,85.3287194
Pulchowk,10719661919,27.675145699999998,85.3311111
Pulchowk,2329314160,27.674135199999995,85.3306006
Pulchowk,1127867391,27.669373399999998,85.3101732
Pulchowk,1127867397,27.6681384,85.311479
Pulchowk,2296727398,27.6678481,85.3091124
Pulchowk,1496573259,27.669582900000005,85.3103377
Pulchowk,12925997357,27.669612,85.3117735
Pulchowk,1832603520,27.667230199999995,85.3118208
Pulchowk,1127867419,27.6702553,85.3069439
Pulchowk,12658088258,27.67031589999999,85.3069768
Pulchowk,11458377134,27.6710268,85.3055955
Pulchowk,1127867456,27.6711424,85.31939090000002
Pulchowk,1480909426,27.671290799999998,85.319102
Pulchowk,1127867460,27.669827599999998,85.3187144
Pulchowk,1127867468,27.671340999999998,85.3190001
Pulchowk,1127867470,27.669814199999998,85.3183232
Pulchowk,1278981017,27.665484399999997,85.3206254
Pulchowk,1127867539,27.667812499999997,85.3172525
Pulchowk,1127867550,27.6683729,85.318053
Pulchowk,1273357420,27.687698000000005,85.3165814
Pulchowk,3405700883,27.6868497,85.3171899
Pulchowk,1506236651,27.688075299999998,85.3161679
Pulchowk,13290623933,27.6871006,85.3163415
Pulchowk,1273357555,27.690079899999997,85.3094515
Pulchowk,1832594126,27.689123900000002,85.3089213
Pulchowk,3567339068,27.690731499999995,85.3171194
Pulchowk,13459728254,27.6906458,85.3175833
Pulchowk,1832594194,27.690662400000004,85.3127578
Pulchowk,1273357502,27.6859615,85.3103032
Pulchowk,1273357533,27.688616799999995,85.3090279
Pulchowk,1832594086,27.6875907,85.308179
Pulchowk,1832594110,27.6886847,85.3083123
Pulchowk,1966285095,27.688443299999996,85.3070809
Pulchowk,1273374932,27.687950800000003,85.3194771
Pulchowk,1273375166,27.6885198,85.3196969
Pulchowk,10678569436,27.687321499999996,85.3225814
Pulchowk,1832459855,27.6915611,85.3154048
Pulchowk,1273374934,27.681289700000004,85.3249629
Pulchowk,1382902885,27.6805921,85.3239634
Pulchowk,1832593926,27.680812899999996,85.3250447
Pulchowk,1832593960,27.682331399999992,85.3263497
Pulchowk,1273374959,27.687359199999996,85.3224163
Pulchowk,11328582322,27.687885199999993,85.3226084
Pulchowk,1480867794,27.685263099999997,85.3206393
Pulchowk,1480867575,27.6851019,85.32285690000002
Pulchowk,1273374990,27.6883346,85.3247532
Pulchowk,4315496276,27.688398199999998,85.3242403
Pulchowk,1273375168,27.688805199999997,85.3250909
Pulchowk,1731645811,27.687735,85.3247616
Pulchowk,1273375016,27.686765799999996,85.3208003
Pulchowk,1480867841,27.686643099999998,85.321122
Pulchowk,1480867920,27.686894199999998,85.3204559
Pulchowk,3489466144,27.6859401,85.3202327
Pulchowk,1273375093,27.690855,85.32376390000002
Pulchowk,1273375049,27.6863351,85.32244700000001
Pulchowk,1480867987,27.685979499999995,85.3233786
Pulchowk,1480867898,27.686431199999994,85.3219733
Pulchowk,6054276606,27.685562799999996,85.3220018
Pulchowk,1805087606,27.690583400000005,85.3236339
Pulchowk,1273375130,27.6917565,85.3211672
Pulchowk,12045029940,27.6918207,85.3201005
Pulchowk,5042508096,27.691350199999995,85.3210126
Pulchowk,1273375148,27.688960599999998,85.3242112
Pulchowk,1832500381,27.6892232,85.3241059
Pulchowk,1941204629,27.688243599999996,85.3257546
Pulchowk,4930106853,27.690674199999997,85.3177797
Pulchowk,3486952804,27.666953599999996,85.3244115
Pulchowk,1273478333,27.667080399999996,85.3234465
Pulchowk,1273478115,27.6718765,85.3174248
Pulchowk,4495004978,27.671998699999993,85.3167392
Pulchowk,1966262117,27.666826699999998,85.3232561
Pulchowk,1274183608,27.669619999999995,85.3098496
Pulchowk,1278967525,27.670072399999995,85.3090759
Pulchowk,2306644480,27.6705375,85.3104546
Pulchowk,1274183686,27.6687832,85.3079503
Pulchowk,3489494565,27.668960599999995,85.3072077
Pulchowk,1274183956,27.672904399999997,85.3133734
Pulchowk,13232650972,27.672934899999998,85.3133795
Pulchowk,6525021469,27.6704632,85.30868870000002
Pulchowk,9867440954,27.6705329,85.3092856
Pulchowk,6525258729,27.6842946,85.30570730000001
Pulchowk,6094629481,27.683186900000003,85.3051287
Pulchowk,3486744950,27.6659745,85.317341
Pulchowk,11958533020,27.666406299999995,85.322311
Pulchowk,1281233890,27.686921800000004,85.3286728
Pulchowk,1281234133,27.686986499999996,85.3285516
Pulchowk,1281234028,27.686318599999996,85.3296692
Pulchowk,1934727603,27.687031800000003,85.3291044
Pulchowk,1281233915,27.681331899999993,85.3319049
Pulchowk,2129610824,27.6817136,85.3316326
Pulchowk,1838310508,27.681192200000005,85.3317752
Pulchowk,7171248685,27.685781999999996,85.33037040000002
Pulchowk,1281233936,27.687350699999996,85.3276812
Pulchowk,1934727604,27.687230899999996,85.3278106
Pulchowk,1347475695,27.687445099999998,85.3269755
Pulchowk,1347475715,27.6866912,85.3262236
Pulchowk,1281233941,27.680724499999993,85.3309184
Pulchowk,1281234023,27.680927799999996,85.3312333
Pulchowk,1281234021,27.6800527,85.3299575
Pulchowk,1281233979,27.6829664,85.3314944
Pulchowk,1281234030,27.682886799999995,85.3311514
Pulchowk,12955693455,27.683202599999998,85.331415
Pulchowk,1882485960,27.6818147,85.332075
Pulchowk,1281233991,27.684829199999996,85.3299595
Pulchowk,1383959449,27.684663,85.3295638
Pulchowk,1932009891,27.684323899999995,85.3303767
Pulchowk,1281234019,27.684815,85.3286999
Pulchowk,7171225772,27.68558869999999,85.3292682
Pulchowk,5284629311,27.6854308,85.3279827
Pulchowk,1281234102,27.684393000000004,85.32909170000002
Pulchowk,1908509269,27.6808952,85.3310261
Pulchowk,1838310454,27.68102620000001,85.33141760000001
Pulchowk,1838310277,27.680682199999996,85.3310352
Pulchowk,1941172901,27.6859424,85.3301507
Pulchowk,1933346961,27.683494500000002,85.3308893
Pulchowk,1281234063,27.6826261,85.33000230000002
Pulchowk,8371913625,27.6808268,85.3308513
Pulchowk,2285895699,27.684012,85.3293675
Pulchowk,13828178687,27.682847699999993,85.3300347
Pulchowk,1934705656,27.686483799999998,85.3284264
Pulchowk,1347475716,27.687642099999998,85.3264076
Pulchowk,5284629282,27.687459899999997,85.3263243
Pulchowk,5284629283,27.6876552,85.325783
Pulchowk,1347475719,27.686558799999993,85.3261842
Pulchowk,5284629299,27.686927800000003,85.324694
Pulchowk,1382824190,27.676363800000004,85.3213325
Pulchowk,9972249657,27.6754645,85.3211586
Pulchowk,4927918347,27.675804899999996,85.3205877
Pulchowk,1382824192,27.676636199999997,85.3219937
Pulchowk,1382824196,27.6771459,85.3235793
Pulchowk,1382824198,27.677276499999998,85.3219757
Pulchowk,1382824201,27.677331599999995,85.3231191
Pulchowk,1382902746,27.6764675,85.3244125
Pulchowk,1382824204,27.677568999999995,85.3226376
Pulchowk,1871761819,27.6779447,85.3235495
Pulchowk,1942462661,27.6718386,85.3292418
Pulchowk,2218533808,27.673728899999997,85.3268632
Pulchowk,13372030343,27.674277299999993,85.3262949
Pulchowk,1382902666,27.674221699999997,85.3275376
Pulchowk,2218509067,27.6744362,85.3276635
Pulchowk,1894151692,27.6744769,85.328016
Pulchowk,1382902681,27.674630800000003,85.32842780000001
Pulchowk,1958252540,27.674628999999996,85.329061
Pulchowk,7950611917,27.674881400000004,85.3282365
Pulchowk,1382902691,27.674843699999997,85.3295729
Pulchowk,3353706232,27.6746828,85.3294987
Pulchowk,1832593768,27.676580199999997,85.330793
Pulchowk,13348313890,27.676534199999995,85.3315334
Pulchowk,13331650601,27.6777548,85.3319951
Pulchowk,1904414910,27.676137500000006,85.3242106
Pulchowk,1759675961,27.6756933,85.3250906
Pulchowk,1382902818,27.678231799999995,85.3233662
Pulchowk,6305110492,27.67876,85.3235108
Pulchowk,1382902844,27.6790149,85.3249187
Pulchowk,1382902857,27.6795807,85.3236424
Pulchowk,1872394457,27.679995400000003,85.3218264
Pulchowk,1382902859,27.6796562,85.3226834
Pulchowk,1382902864,27.6799358,85.32372810000001
Pulchowk,1382902867,27.6800375,85.3235009
Pulchowk,1872394458,27.6801279,85.3224928
Pulchowk,6054301935,27.679299299999997,85.3229979
Pulchowk,7171268447,27.679591900000002,85.3245428
Pulchowk,1382902877,27.680259399999994,85.3236665
Pulchowk,1382902876,27.6803199,85.3215949
Pulchowk,1382902884,27.680604,85.321738
Pulchowk,3486273045,27.680337799999997,85.3237205
Pulchowk,4976577291,27.681451699999997,85.3220117
Pulchowk,2331016912,27.681433200000004,85.3224928
Pulchowk,1382902906,27.6813179,85.321489
Pulchowk,13426949982,27.681585800000004,85.3211705
Pulchowk,1382902920,27.681729699999995,85.320763
Pulchowk,3853951668,27.6820783,85.32081990000002
Pulchowk,1383959427,27.683195,85.3304187
Pulchowk,1933346960,27.6833155,85.3303709
Pulchowk,1480867569,27.685304699999996,85.32500240000002
Pulchowk,1480867585,27.684912400000005,85.3248266
Pulchowk,1832594023,27.684958299999995,85.3260424
Pulchowk,1480867770,27.68556969999999,85.3231366
Pulchowk,1480867667,27.6845993,85.3259095
Pulchowk,1480867814,27.6850743,85.3242998
Pulchowk,1480868083,27.684394200000003,85.32467
Pulchowk,1480867605,27.68662279999999,85.3187633
Pulchowk,2514549232,27.6862253,85.31960390000002
Pulchowk,2516920891,27.684406100000004,85.3241094
Pulchowk,7454785715,27.6853915,85.3234992
Pulchowk,1480867643,27.685778200000005,85.3216031
Pulchowk,4273001089,27.685742300000005,85.3212124
Pulchowk,2514549233,27.687012699999993,85.3200521
Pulchowk,2130324005,27.685274599999996,85.3203928
Pulchowk,1480868100,27.6855429,85.3204508
Pulchowk,1480868099,27.684539199999996,85.3207646
Pulchowk,1480867999,27.6859836,85.3207117
Pulchowk,4273001090,27.6864878,85.321638
Pulchowk,1480867922,27.686096,85.3199343
Pulchowk,1480867961,27.6857496,85.3205659
Pulchowk,1480868065,27.683541100000003,85.327887
Pulchowk,1832593989,27.6828807,85.3277122
Pulchowk,1480868081,27.684137899999996,85.3262106
Pulchowk,1832593997,27.683488099999998,85.3260371
Pulchowk,1832594010,27.684193200000003,85.3258095
Pulchowk,1480868082,27.6847713,85.32639640000001
Pulchowk,2632050743,27.684541299999996,85.3268038
Pulchowk,1832594014,27.684349799999996,85.3262476
Pulchowk,5050465104,27.685855199999995,85.3199218
Pulchowk,1480868123,27.6822088,85.3275486
Pulchowk,1480909334,27.673568100000004,85.3202839
Pulchowk,1480909433,27.6737455,85.3206104
Pulchowk,1480909362,27.670636799999993,85.32039350000001
Pulchowk,1480909387,27.6722395,85.3212781
Pulchowk,1962233632,27.672481599999998,85.321389
Pulchowk,5047884662,27.671672099999995,85.323072
Pulchowk,8451383813,27.6736454,85.3228307
Pulchowk,1480909421,27.6728055,85.3224736
Pulchowk,2316129088,27.673228399999996,85.3216415
Pulchowk,1962231660,27.672494799999996,85.3233929
Pulchowk,1962233626,27.6731759,85.3201071
Pulchowk,1480913854,27.67268079999999,85.3131875
Pulchowk,1832603570,27.669875299999998,85.3106975
Pulchowk,1934789230,27.687053200000005,85.3244043
Pulchowk,1832500305,27.687612599999998,85.3234564
Pulchowk,5284609582,27.6878809,85.3256822
Pulchowk,4331927983,27.687624599999996,85.3250411
Pulchowk,10187536804,27.687905400000002,85.3072145
Pulchowk,2036074904,27.6784214,85.3115147
Pulchowk,1753129054,27.676103500000004,85.3042378
Pulchowk,1753129102,27.676169399999996,85.304378
Pulchowk,1753129086,27.676978999999996,85.3048894
Pulchowk,1832593780,27.676827299999992,85.3052782
Pulchowk,1832593750,27.675897599999995,85.304828
Pulchowk,1754323086,27.675605200000003,85.3046628
Pulchowk,1753692762,27.6741365,85.3158757
Pulchowk,1753692763,27.674507399999996,85.314573
Pulchowk,1753692766,27.673713000000003,85.3164094
Pulchowk,1753696758,27.676935199999996,85.3173111
Pulchowk,6090145529,27.675503599999995,85.303746
Pulchowk,1879880665,27.675006200000002,85.305647
Pulchowk,10140036084,27.6755186,85.3251738
Pulchowk,13372030340,27.674869800000003,85.3257307
Pulchowk,1764303668,27.6727047,85.3135044
Pulchowk,10825005184,27.6718085,85.3125307
Pulchowk,2034381108,27.670952999999997,85.3120112
Pulchowk,2034381099,27.6710516,85.3117658
Pulchowk,1817402415,27.671684700000004,85.3117446
Pulchowk,12074848512,27.671734699999995,85.3098109
Pulchowk,11459029479,27.683098200000003,85.311968
Pulchowk,1800123460,27.677709900000004,85.3280962
Pulchowk,8556556969,27.677144700000003,85.327881
Pulchowk,1832593825,27.6778388,85.3270833
Pulchowk,1800123462,27.6765487,85.3271853
Pulchowk,8556556966,27.676531299999994,85.3272531
Pulchowk,13368976705,27.676555399999994,85.3269384
Pulchowk,13371086019,27.676785099999993,85.3273049
Pulchowk,1962229529,27.674340499999996,85.320765
Pulchowk,4315496401,27.690663499999996,85.3233414
Pulchowk,1832500432,27.690239999999996,85.3235394
Pulchowk,6102297726,27.691805399999996,85.3159937
Pulchowk,1832500330,27.687873899999996,85.32295
Pulchowk,1832500327,27.687862299999995,85.326463
Pulchowk,1931663092,27.688232800000005,85.3264982
Pulchowk,1941204628,27.6881527,85.3277464
Pulchowk,1832500368,27.689071700000003,85.3266185
Pulchowk,1945608863,27.689195399999996,85.3261496
Pulchowk,8407423250,27.688442699999992,85.3265569
Pulchowk,1832500377,27.689228600000003,85.3227187
Pulchowk,1832500408,27.689575799999997,85.3229084
Pulchowk,1941204638,27.689382299999995,85.3248626
Pulchowk,2338442494,27.689700600000002,85.3237919
Pulchowk,3813798550,27.690196399999994,85.3226221
Pulchowk,6139834147,27.689284399999995,85.3233298
Pulchowk,1832500421,27.690040700000004,85.3251465
Pulchowk,1832500426,27.690080099999996,85.325172
Pulchowk,1941204637,27.689220199999998,85.3260797
Pulchowk,8124368498,27.6899697,85.3235047
Pulchowk,1832500439,27.690552099999998,85.3213323
Pulchowk,4982217724,27.6904865,85.3216307
Pulchowk,3625174425,27.6904025,85.3210984
Pulchowk,1832500446,27.690847900000005,85.3203574
Pulchowk,4999061155,27.690707099999997,85.3208163
Pulchowk,1832593520,27.670885,85.3073036
Pulchowk,10910003019,27.671433399999998,85.3059532
Pulchowk,1832593596,27.672560799999992,85.3068651
Pulchowk,1832593607,27.672872099999992,85.3069243
Pulchowk,1832593631,27.673144799999996,85.3043206
Pulchowk,1832593680,27.674040199999993,85.3072212
Pulchowk,1832593682,27.6741172,85.3069628
Pulchowk,1832593705,27.674753599999995,85.3268227
Pulchowk,3359128799,27.674343899999997,85.3263585
Pulchowk,1832593717,27.675006399999997,85.305903
Pulchowk,1832593726,27.675263499999996,85.3061056
Pulchowk,1832593744,27.675624099999997,85.3062907
Pulchowk,1832593749,27.675742299999996,85.30591
Pulchowk,1832593747,27.6758331,85.3276796
Pulchowk,3469133965,27.675758100000003,85.3279204
Pulchowk,3340570430,27.6781865,85.3306333
Pulchowk,3353706226,27.67740149999999,85.329777
Pulchowk,1832593770,27.676701199999997,85.30791030000002
Pulchowk,1879787750,27.6759638,85.3077368
Pulchowk,10740663895,27.676082300000004,85.3051666
Pulchowk,3575792026,27.67679509999999,85.3054403
Pulchowk,1832593804,27.677209700000002,85.3294711
Pulchowk,6199736219,27.6766684,85.3294721
Pulchowk,1832593816,27.677527200000004,85.3294098
Pulchowk,3371845164,27.6776277,85.3285876
Pulchowk,8556556983,27.6775276,85.3293623
Pulchowk,1832593868,27.678909399999995,85.3284315
Pulchowk,1832593874,27.679261599999993,85.3286163
Pulchowk,1832593880,27.6795893,85.3287639
Pulchowk,1832593873,27.679278299999996,85.3067692
Pulchowk,1832593878,27.679495700000004,85.3068541
Pulchowk,1832593877,27.6794792,85.3280657
Pulchowk,2308181893,27.6796073,85.3065116
Pulchowk,1832593904,27.6802891,85.3291128
Pulchowk,2172903345,27.6815015,85.3154854
Pulchowk,13331650603,27.680403799999997,85.3288736
Pulchowk,1908509275,27.681212499999994,85.32899
Pulchowk,13331650604,27.6806658,85.3283013
Pulchowk,1832593951,27.6817639,85.3263204
Pulchowk,1832593939,27.681101399999996,85.326963
Pulchowk,3488254295,27.681661499999993,85.303995
Pulchowk,1832593949,27.6816895,85.3269565
Pulchowk,1832593953,27.681799000000005,85.304107
Pulchowk,2542911179,27.681916499999996,85.3041979
Pulchowk,2484910356,27.682362400000002,85.30375350000001
Pulchowk,1832593959,27.6823663,85.313659
Pulchowk,1832593988,27.6828201,85.3138986
Pulchowk,1832593962,27.682323500000003,85.3133806
Pulchowk,1832593978,27.6826768,85.3143806
Pulchowk,1832593970,27.682442,85.30330380000001
Pulchowk,3479809421,27.682787799999996,85.3033574
Pulchowk,1832593983,27.682762,85.3090035
Pulchowk,2128611329,27.682608899999995,85.3146421
Pulchowk,1832593986,27.682776599999993,85.328402
Pulchowk,6525036832,27.68312,85.3133073
Pulchowk,1832593991,27.6829073,85.317503
Pulchowk,1880066227,27.6823862,85.3180645
Pulchowk,2686573018,27.6830334,85.3173104
Pulchowk,2686573011,27.6826479,85.3182582
Pulchowk,1832593992,27.683211100000005,85.3050786
Pulchowk,1832593993,27.683201499999992,85.3271179
Pulchowk,1832593995,27.683284599999997,85.3266266
Pulchowk,1832594009,27.684167799999994,85.3267301
Pulchowk,1832593996,27.6833838,85.3035599
Pulchowk,3764754857,27.684626100000003,85.3125142
Pulchowk,1883494807,27.684138399999995,85.3274516
Pulchowk,1832594025,27.685063999999997,85.3144663
Pulchowk,1832594033,27.685312100000004,85.3150694
Pulchowk,1957345771,27.685332899999995,85.3075027
Pulchowk,1832594053,27.685746799999997,85.31493150000001
Pulchowk,5021868147,27.686238899999992,85.3151487
Pulchowk,6680605871,27.685553599999995,85.314663
Pulchowk,1832594075,27.686529499999995,85.3153014
Pulchowk,1966285091,27.6878581,85.3093937
Pulchowk,3820720595,27.688654099999997,85.31272530000001
Pulchowk,1832594107,27.6887871,85.31133770000001
Pulchowk,12088169795,27.6883579,85.3113089
Pulchowk,6054211121,27.6894716,85.3129409
Pulchowk,1832594168,27.690168999999997,85.310845
Pulchowk,5726291338,27.667346099999996,85.3256909
Pulchowk,1832603553,27.667876999999997,85.3264385
Pulchowk,1832603551,27.667806899999995,85.3161288
Pulchowk,1832603564,27.668548599999998,85.3160943
Pulchowk,11968731392,27.668432799999994,85.31473740000001
Pulchowk,1832603569,27.669326899999998,85.3115189
Pulchowk,1874491706,27.669398599999994,85.3114072
Pulchowk,1838310270,27.6798819,85.3315167
Pulchowk,1931989791,27.6802394,85.3317256
Pulchowk,3154827233,27.680451399999995,85.3311387
Pulchowk,1838310274,27.679278599999993,85.33202040000002
Pulchowk,9628315409,27.6804129,85.3306377
Pulchowk,1931989755,27.679169599999998,85.332348
Pulchowk,9628315408,27.680603499999997,85.3308786
Pulchowk,1838310451,27.680109999999996,85.33219280000002
Pulchowk,1931989794,27.680388400000002,85.3318964
Pulchowk,1931270108,27.679852399999998,85.3325833
Pulchowk,1882490070,27.681613199999997,85.3313451
Pulchowk,1871761820,27.677764699999997,85.3238034
Pulchowk,1872394460,27.680220700000003,85.3222238
Pulchowk,1874491651,27.666999099999995,85.3099824
Pulchowk,1874491703,27.669157599999995,85.3112734
Pulchowk,9944063622,27.676457199999994,85.3068384
Pulchowk,6281811975,27.677104299999996,85.3074672
Pulchowk,1879754194,27.6784612,85.3049433
Pulchowk,1879841984,27.6784476,85.3047752
Pulchowk,1879787748,27.675764899999997,85.308322
Pulchowk,6284038955,27.675722099999998,85.3076635
Pulchowk,1880051652,27.676879599999992,85.3162026
Pulchowk,1880051657,27.677288000000008,85.316249
Pulchowk,10088645036,27.675136100000007,85.3146151
Pulchowk,1880051655,27.6771247,85.3162246
Pulchowk,1937672815,27.6765822,85.30973390000001
Pulchowk,2308053006,27.68110039999999,85.3175202
Pulchowk,1880072140,27.678054800000005,85.31907100000001
Pulchowk,1882479210,27.683379999999996,85.3313578
Pulchowk,1882485952,27.682716499999994,85.3317488
Pulchowk,1882490080,27.683366700000004,85.3305189
Pulchowk,1883621349,27.6876077,85.3155438
Pulchowk,1883622611,27.687594399999995,85.3149213
Pulchowk,2216939926,27.6746997,85.3281329
Pulchowk,1895370637,27.671065199999997,85.3076423
Pulchowk,6991550341,27.6705385,85.3086013
Pulchowk,1895430067,27.6805929,85.3077154
Pulchowk,2902204598,27.685714299999997,85.3063913
Pulchowk,13372030337,27.6747841,85.3257588
Pulchowk,1906604320,27.6919626,85.3159115
Pulchowk,6262892928,27.6907836,85.3171418
Pulchowk,1921819506,27.683655100000003,85.3139557
Pulchowk,1931989758,27.679358900000004,85.3324254
Pulchowk,13015047539,27.679125700000004,85.3325406
Pulchowk,1931989761,27.6796106,85.3324751
Pulchowk,13072269842,27.684612299999994,85.3309338
Pulchowk,2329313950,27.670674999999992,85.3269945
Pulchowk,2217009674,27.6718571,85.327716
Pulchowk,13627032244,27.670928100000005,85.3266875
Pulchowk,2287713775,27.687053099999993,85.3279511
Pulchowk,1937681607,27.672340899999995,85.3063781
Pulchowk,2832567842,27.666952299999995,85.31731050000002
Pulchowk,11844798243,27.666979000000005,85.3165989
Pulchowk,1937729036,27.683521299999995,85.320244
Pulchowk,5050275178,27.683015999999995,85.319044
Pulchowk,2217009691,27.671525899999992,85.3283289
Pulchowk,5105027852,27.672088499999997,85.3289216
Pulchowk,2128602029,27.682061,85.3169793
Pulchowk,1945608799,27.6896874,85.32406
Pulchowk,1947167484,27.682977899999994,85.3086318
Pulchowk,3371421244,27.683365799999997,85.3084393
Pulchowk,6525258718,27.6839468,85.3065119
Pulchowk,6135535989,27.685157299999997,85.308141
Pulchowk,1958252551,27.6758544,85.3286655
Pulchowk,3469133973,27.675878799999992,85.3285742
Pulchowk,2306501544,27.6724605,85.3234373
Pulchowk,4127480777,27.666956699999997,85.3225692
Pulchowk,2025946238,27.6870368,85.3164941
Pulchowk,2034381982,27.671171399999995,85.3111329
Pulchowk,2036074894,27.679158,85.311723
Pulchowk,2047751789,27.684238699999995,85.3183139
Pulchowk,2052363316,27.6841168,85.3183401
Pulchowk,2047751803,27.684296399999997,85.3176466
Pulchowk,2049740412,27.678568699999992,85.3209456
Pulchowk,4315496174,27.679397,85.3179429
Pulchowk,2117331434,27.683712,85.310623
Pulchowk,2128611308,27.6810442,85.31619
Pulchowk,2128611309,27.6817834,85.3162945
Pulchowk,2128611312,27.6819555,85.316021
Pulchowk,2128611321,27.682261599999997,85.3145741
Pulchowk,2130324001,27.684562000000003,85.3202221
Pulchowk,5075006059,27.685281399999994,85.3202841
Pulchowk,10678153810,27.678184799999997,85.3295453
Pulchowk,2218509068,27.6747397,85.328013
Pulchowk,5105027844,27.671670700000004,85.3280847
Pulchowk,2218533754,27.6736691,85.32694
Pulchowk,2224211585,27.675657499999996,85.3263515
Pulchowk,2287712537,27.686594099999997,85.3276316
Pulchowk,4455971833,27.686493799999997,85.3169753
Pulchowk,2303740962,27.689814900000002,85.3130513
Pulchowk,2306645437,27.670784899999997,85.3183786
Pulchowk,2308053009,27.681185999999997,85.317224
Pulchowk,2308181842,27.676183399999996,85.3145543
Pulchowk,12063265976,27.677170899999997,85.3100533
Pulchowk,2329314164,27.674432200000002,85.330706
Pulchowk,6094624785,27.683017399999997,85.3041346
Pulchowk,2517682926,27.6713978,85.3055648
Pulchowk,2521634899,27.6741679,85.30397210000001
Pulchowk,2521636244,27.673747599999995,85.303658
Pulchowk,10740813782,27.674513899999997,85.3038061
Pulchowk,2542911161,27.68174159999999,85.3046588
Pulchowk,2567962529,27.6849021,85.3198676
Pulchowk,2567962533,27.685298099999997,85.3199307
Pulchowk,5050275163,27.685306499999996,85.3197771
Pulchowk,8386360785,27.685381099999997,85.3279274
Pulchowk,3354084135,27.6827577,85.3183494
Pulchowk,2822154252,27.682095899999993,85.3080837
Pulchowk,2822154257,27.682613699999994,85.3083385
Pulchowk,2828404358,27.685133099999998,85.3124232
Pulchowk,2902204599,27.6853641,85.3062345
Pulchowk,2902642117,27.678953899999993,85.3039772
Pulchowk,9999898013,27.678468600000002,85.3023258
Pulchowk,11442110595,27.684041700000005,85.3105116
Pulchowk,2921796728,27.683937200000003,85.3089837
Pulchowk,2998100575,27.67598969999999,85.3095019
Pulchowk,3047241802,27.678141300000004,85.3103933
Pulchowk,3072788066,27.6779577,85.3320984
Pulchowk,3072788067,27.678468,85.3322636
Pulchowk,3079795574,27.677173499999995,85.3129083
Pulchowk,5050275179,27.6854631,85.3185858
Pulchowk,3111511203,27.6711084,85.3220807
Pulchowk,12088836701,27.6709229,85.3219675
Pulchowk,9924479323,27.669022000000002,85.3222992
Pulchowk,3307711909,27.687519500000004,85.3177336
Pulchowk,3353738919,27.676560600000002,85.3275304
Pulchowk,3354084153,27.6838249,85.3180501
Pulchowk,13372030341,27.6743746,85.3262537
Pulchowk,3371641866,27.6845312,85.3191247
Pulchowk,10731945473,27.684800999999997,85.3195764
Pulchowk,3469133803,27.6751443,85.3282031
Pulchowk,4973151249,27.6753857,85.328265
Pulchowk,3469133959,27.675741799999997,85.327985
Pulchowk,4973151266,27.6750934,85.3283605
Pulchowk,3469133907,27.675578299999994,85.327943
Pulchowk,3469133922,27.675626000000005,85.3278538
Pulchowk,3469133941,27.6756341,85.3278319
Pulchowk,3484390263,27.667597599999997,85.3136947
Pulchowk,3484390268,27.6678339,85.3139629
Pulchowk,3486648185,27.667538299999997,85.314516
Pulchowk,3643246287,27.666956699999997,85.3244425
Pulchowk,4520000346,27.68185829999999,85.3037808
Pulchowk,5023456426,27.6902231,85.3209907
Pulchowk,3632509293,27.682308299999992,85.3108458
Pulchowk,4891116421,27.66678449999999,85.3246111
Pulchowk,3764754859,27.684362599999996,85.3131642
Pulchowk,6218260085,27.690688,85.3228206
Pulchowk,6524898782,27.6903624,85.32202
Pulchowk,3820720588,27.670069599999994,85.3241252
Pulchowk,3925024543,27.6705607,85.3222
Pulchowk,4315496176,27.678575899999995,85.3193104
Pulchowk,12597531967,27.678774399999995,85.318435
Pulchowk,4450342523,27.671771300000003,85.3167622
Pulchowk,4451772869,27.676164700000005,85.3270171
Pulchowk,10228125256,27.686413900000005,85.3141359
Pulchowk,5726291336,27.6676043,85.3251935
Pulchowk,12088836693,27.671483499999994,85.33013930000001
Pulchowk,11696994818,27.671485199999996,85.308302
Pulchowk,13459728246,27.690639300000004,85.31766250000001
Pulchowk,4974879857,27.6768515,85.3275376
Pulchowk,13371086021,27.676959899999993,85.3276107
Pulchowk,5038732121,27.690191499999994,85.3214742
Pulchowk,4984197003,27.690935699999997,85.3208872
Pulchowk,4984197004,27.691006499999997,85.3205999
Pulchowk,7113789150,27.691034399999996,85.3209171
Pulchowk,5011232822,27.689439999999998,85.321271
Pulchowk,5019501405,27.690030399999998,85.3214855
Pulchowk,5021868148,27.68634,85.314838
Pulchowk,5042508097,27.6914851,85.3205853
Pulchowk,5075006075,27.685014699999993,85.3196655
Pulchowk,5050282532,27.685397700000003,85.3189185
Pulchowk,5050282533,27.685303100000002,85.3189268
Pulchowk,5075006064,27.6847558,85.3200972
Pulchowk,11696994819,27.6727926,85.307262
Pulchowk,6054211114,27.689320399999996,85.3129806
Pulchowk,10740663880,27.677935,85.3040146
Pulchowk,10561476950,27.67265859999999,85.3164153
Pulchowk,6091848381,27.678092399999997,85.3026782
Pulchowk,6525263190,27.678478199999994,85.3024529
Pulchowk,6092012364,27.677354899999997,85.3035915
Pulchowk,6092012366,27.677572199999993,85.3036156
Pulchowk,13681398543,27.677944699999998,85.3039597
Pulchowk,6094379796,27.679068599999997,85.3109139
Pulchowk,6094379797,27.679152800000004,85.310819
Pulchowk,6094379801,27.679666,85.3105693
Pulchowk,9944075573,27.6792191,85.3111794
Pulchowk,9864962364,27.679829600000005,85.3106082
Pulchowk,6094530032,27.6814427,85.3070314
Pulchowk,9864962358,27.680894,85.30706760000001
Pulchowk,6094606188,27.681851199999993,85.3104613
Pulchowk,6094606282,27.681629099999995,85.310533
Pulchowk,6094645491,27.683294099999998,85.3056528
Pulchowk,6135535986,27.685015199999995,85.3083911
Pulchowk,6199736211,27.676698799999997,85.3300002
Pulchowk,8556556981,27.676561,85.3300639
Pulchowk,6199736217,27.676557500000005,85.3297778
Pulchowk,8556556980,27.676261399999998,85.3297003
Pulchowk,3567339065,27.691036699999994,85.3176484
Pulchowk,13459728267,27.690703299999996,85.3175884
Pulchowk,6269266812,27.6721544,85.3139898
Pulchowk,10661120798,27.676308599999995,85.3142563
Pulchowk,6524898781,27.689700399999996,85.3217366
Pulchowk,6525021465,27.669507699999997,85.30815260000001
Pulchowk,6525036831,27.681943799999996,85.3129122
Pulchowk,6525036833,27.682501999999996,85.3129296
Pulchowk,6680605872,27.685653299999988,85.3147301
Pulchowk,6680605874,27.6855512,85.3147596
Pulchowk,10747568552,27.680440300000004,85.3038275
Pulchowk,6991550331,27.6715842,85.3095992
Pulchowk,7113789157,27.691210699999996,85.3200766
Pulchowk,8451383814,27.673683399999998,85.3226764
Pulchowk,8556556982,27.6766093,85.3303435
Pulchowk,8556556984,27.6777574,85.329396
Pulchowk,9032611175,27.6736804,85.316851
Pulchowk,9838279216,27.688468599999997,85.3163083
Pulchowk,9944063618,27.678882499999997,85.3064008
Pulchowk,9944063623,27.6764003,85.3073038
Pulchowk,9972249664,27.674498500000006,85.3175765
Pulchowk,10561476943,27.674281200000003,85.3176275
Pulchowk,10088645032,27.675435,85.3142124
Pulchowk,10187536808,27.6887569,85.309831
Pulchowk,10661120776,27.677016100000007,85.3132177
Pulchowk,10719661922,27.675528299999996,85.331054
Pulchowk,10747568556,27.6806838,85.3040408
Pulchowk,10747568561,27.681007999999995,85.303967
Pulchowk,10747568560,27.6809819,85.3040796
Pulchowk,10824964250,27.6748144,85.309841
Pulchowk,10901406248,27.679949399999998,85.3262129
Pulchowk,10901412862,27.679794899999997,85.3261585
Pulchowk,10907243449,27.6786666,85.322023
Pulchowk,10907243466,27.678058299999996,85.3214778
Pulchowk,10910003018,27.671358499999997,85.30620760000001
Pulchowk,11458377128,27.673396299999997,85.304484
Pulchowk,11844798241,27.668279599999998,85.3185301
Pulchowk,11844798244,27.670622400000003,85.3156561
Pulchowk,11844798249,27.670523899999996,85.3178602
Pulchowk,11958533018,27.6661814,85.3229322
Pulchowk,12088836706,27.6711943,85.3216501
Pulchowk,12597531963,27.6780057,85.3183249
Pulchowk,12966689901,27.687362099999994,85.3156978
Pulchowk,13077799039,27.671158799999997,85.318
Pulchowk,13077799050,27.671131699999997,85.3180792
Pulchowk,13077799041,27.670878599999998,85.3176859
Pulchowk,13331576897,27.6774914,85.3317252
Pulchowk,13331650602,27.680808499999998,85.3290886
Pulchowk,13630080291,27.67722729999999,85.3272368
Pulchowk,13426949981,27.6818607,85.321463
Pulchowk,13459728268,27.690704300000004,85.3176696
Pulchowk,13681398544,27.678239599999998,85.3040099
Pulchowk,6597532266,27.692071700000003,85.3171472
Durbar Marg,31019141,27.707059200000003,85.3142236
Durbar Marg,2126598729,27.7084279,85.314312
Durbar Marg,1918201219,27.707294100000002,85.3133103
Durbar Marg,31019147,27.7087085,85.3148712
Durbar Marg,1273136916,27.709263299999996,85.3167188
Durbar Marg,31019262,27.707475699999996,85.31226440000002
Durbar Marg,2294227607,27.707545099999997,85.3121378
Durbar Marg,268302021,27.705961099999996,85.3121932
Durbar Marg,2275695453,27.707360499999997,85.3131246
Durbar Marg,2126598718,27.707932799999995,85.313085
Durbar Marg,2126598676,27.706683799999997,85.3108291
Durbar Marg,31019450,27.713211800000007,85.31789240000002
Durbar Marg,6294694810,27.713216499999998,85.3177914
Durbar Marg,6294694806,27.713026899999996,85.3178641
Durbar Marg,6294694809,27.7132602,85.3181378
Durbar Marg,31019475,27.7099485,85.3200724
Durbar Marg,5463610196,27.7079823,85.3199155
Durbar Marg,6225669693,27.709903699999995,85.3203672
Durbar Marg,31019738,27.718120599999995,85.3171214
Durbar Marg,1730492304,27.718399499999997,85.3173838
Durbar Marg,5283285602,27.717105699999998,85.316108
Durbar Marg,5380368913,27.717896299999996,85.3213049
Durbar Marg,31148719,27.7053618,85.3267764
Durbar Marg,2110521035,27.7058625,85.3268628
Durbar Marg,10904951033,27.705388399999993,85.3261561
Durbar Marg,31148727,27.705647199999998,85.3228701
Durbar Marg,5846566945,27.7056262,85.3228286
Durbar Marg,1910615997,27.705020899999994,85.3228242
Durbar Marg,31148993,27.7096378,85.3220779
Durbar Marg,11135347255,27.707989199999997,85.3218188
Durbar Marg,31151047,27.7102787,85.3221256
Durbar Marg,31149202,27.708001999999997,85.3167795
Durbar Marg,268301932,27.7061501,85.3162171
Durbar Marg,31149337,27.708973699999998,85.3170477
Durbar Marg,1279198223,27.7102859,85.3226667
Durbar Marg,5312607672,27.7105115,85.32197080000002
Durbar Marg,31151322,27.7136702,85.3219451
Durbar Marg,1806053878,27.713647599999998,85.3210171
Durbar Marg,10964766565,27.7133112,85.3219903
Durbar Marg,296319801,27.713375599999992,85.3236749
Durbar Marg,31151329,27.7121043,85.3221335
Durbar Marg,3459643220,27.711881699999992,85.3214043
Durbar Marg,31152551,27.69992939999999,85.31343
Durbar Marg,6540538696,27.700144700000003,85.3134609
Durbar Marg,6540538699,27.6999746,85.3131819
Durbar Marg,31152565,27.704546799999996,85.3138349
Durbar Marg,31232256,27.705718999999995,85.3140673
Durbar Marg,268301992,27.704604900000003,85.3124781
Durbar Marg,31152730,27.703500900000005,85.3136902
Durbar Marg,1275280773,27.7036951,85.3136896
Durbar Marg,31152736,27.702881200000004,85.3136751
Durbar Marg,1464034169,27.7032136,85.3129134
Durbar Marg,31152946,27.701945400000003,85.3086485
Durbar Marg,724832285,27.7024762,85.3088029
Durbar Marg,1273136760,27.701712800000003,85.3095873
Durbar Marg,31153077,27.715138,85.3113644
Durbar Marg,2115211909,27.7150858,85.3118589
Durbar Marg,1349697698,27.715839899999995,85.3115315
Durbar Marg,31153241,27.7137938,85.3032515
Durbar Marg,268116994,27.713766,85.3031645
Durbar Marg,296319856,27.715099,85.3037404
Durbar Marg,3316347267,27.7133512,85.303719
Durbar Marg,31153258,27.711601200000004,85.306361
Durbar Marg,13022380560,27.71118819999999,85.3082724
Durbar Marg,3066254520,27.712804799999997,85.304432
Durbar Marg,296319862,27.7115232,85.3059228
Durbar Marg,1918201216,27.705858199999994,85.3130339
Durbar Marg,6511954906,27.706723400000005,85.3141903
Durbar Marg,268116939,27.7188423,85.3095996
Durbar Marg,268301469,27.718119799999997,85.3098527
Durbar Marg,268116940,27.718809099999998,85.309086
Durbar Marg,268117002,27.717812099999993,85.3093768
Durbar Marg,1980583709,27.719192,85.3095753
Durbar Marg,3313867016,27.718989099999998,85.3090914
Durbar Marg,1945772074,27.718519,85.3088349
Durbar Marg,1275284625,27.717872399999997,85.3062791
Durbar Marg,268116998,27.71928399999999,85.3095412
Durbar Marg,728153921,27.719727699999996,85.309559
Durbar Marg,2290302763,27.720776999999995,85.3085676
Durbar Marg,7154169483,27.717679099999998,85.30927740000001
Durbar Marg,268117004,27.7164689,85.3086778
Durbar Marg,2127184413,27.716408899999994,85.3089455
Durbar Marg,296319851,27.715543399999998,85.3085249
Durbar Marg,2127180649,27.717192899999997,85.3089905
Durbar Marg,268301375,27.716695699999995,85.3101683
Durbar Marg,268301507,27.7160209,85.3115821
Durbar Marg,1349697724,27.71745569999999,85.31027560000001
Durbar Marg,2597876878,27.716803400000003,85.309519
Durbar Marg,5533222482,27.715959499999997,85.3100003
Durbar Marg,268301438,27.714911299999997,85.3103032
Durbar Marg,6383972992,27.715776099999996,85.3103721
Durbar Marg,7042932947,27.712685899999993,85.3103131
Durbar Marg,268301463,27.718122299999997,85.3101281
Durbar Marg,1977485242,27.718213899999995,85.310556
Durbar Marg,3416542474,27.716693200000005,85.3117209
Durbar Marg,268301580,27.712377599999996,85.3111151
Durbar Marg,1349680750,27.712209699999995,85.3111276
Durbar Marg,845548936,27.711657400000007,85.3091169
Durbar Marg,268301633,27.708239999999993,85.3118296
Durbar Marg,943246302,27.709949,85.3121868
Durbar Marg,6102184567,27.7097325,85.3110659
Durbar Marg,268301695,27.710586599999992,85.3095841
Durbar Marg,2139844850,27.710527999999996,85.310664
Durbar Marg,9466148229,27.7107663,85.309165
Durbar Marg,2139844842,27.709985199999995,85.3105206
Durbar Marg,268301866,27.714228300000002,85.3124169
Durbar Marg,1962909343,27.7140996,85.3130809
Durbar Marg,4723674796,27.7143814,85.3113434
Durbar Marg,5533228822,27.714928399999998,85.3125817
Durbar Marg,2409517223,27.713291300000005,85.3122433
Durbar Marg,1274184084,27.703520899999997,85.3163832
Durbar Marg,6511954910,27.7069074,85.3146006
Durbar Marg,1273357465,27.705891100000002,85.317618
Durbar Marg,268301942,27.702481399999996,85.3164487
Durbar Marg,4915380424,27.702132399999996,85.3164755
Durbar Marg,1830679642,27.70229159999999,85.3167799
Durbar Marg,268301945,27.703432000000003,85.3111291
Durbar Marg,7165468564,27.7036184,85.3111413
Durbar Marg,7165468566,27.703385099999995,85.3116015
Durbar Marg,1464034170,27.703378700000002,85.3111229
Durbar Marg,268301947,27.701927,85.3108059
Durbar Marg,1968470455,27.70158899999999,85.31074
Durbar Marg,724831567,27.7016887,85.3109893
Durbar Marg,268301980,27.703258300000005,85.3128812
Durbar Marg,268301984,27.703753499999994,85.3126023
Durbar Marg,268301986,27.703927000000004,85.3125309
Durbar Marg,13384582701,27.703518099999997,85.312027
Durbar Marg,1968450340,27.703926,85.31198190000002
Durbar Marg,268301996,27.705111300000002,85.3121778
Durbar Marg,1802839465,27.7053934,85.312173
Durbar Marg,13384582707,27.7051983,85.3120641
Durbar Marg,268301997,27.7057531,85.3121796
Durbar Marg,764945815,27.7059077,85.3126189
Durbar Marg,268307716,27.717279700000002,85.3248982
Durbar Marg,314187885,27.7169137,85.3247433
Durbar Marg,932366290,27.7172845,85.3256485
Durbar Marg,1950327082,27.7176137,85.3237953
Durbar Marg,268307740,27.717721499999996,85.3278611
Durbar Marg,2090732555,27.717578900000003,85.3269891
Durbar Marg,1950516719,27.7173266,85.329543
Durbar Marg,2402314079,27.716639700000005,85.32756180000001
Durbar Marg,2006144734,27.718442599999992,85.3280339
Durbar Marg,268307757,27.7171094,85.3303876
Durbar Marg,268307761,27.716478899999995,85.3301893
Durbar Marg,7288045591,27.716856,85.3312905
Durbar Marg,1965933566,27.717875299999996,85.3306198
Durbar Marg,296319786,27.714443899999996,85.3294225
Durbar Marg,1490246586,27.7163303,85.3307154
Durbar Marg,268307767,27.715966699999996,85.33202800000001
Durbar Marg,2093231574,27.715516600000004,85.3318712
Durbar Marg,2509228359,27.716234899999993,85.3310853
Durbar Marg,268307791,27.7138516,85.3326411
Durbar Marg,2094299976,27.714004100000004,85.332695
Durbar Marg,268307797,27.711983599999996,85.3316982
Durbar Marg,2094299969,27.713955699999993,85.332845
Durbar Marg,8500094491,27.7119629,85.331778
Durbar Marg,1490246564,27.712462899999995,85.3295809
Durbar Marg,1912985515,27.710480999999998,85.33220970000002
Durbar Marg,6095166374,27.7099395,85.3327712
Durbar Marg,268545728,27.718131399999997,85.3120749
Durbar Marg,1801280175,27.718138199999995,85.3120142
Durbar Marg,1963985532,27.717783700000002,85.3131812
Durbar Marg,728153891,27.7191881,85.3124735
Durbar Marg,296319775,27.711280499999997,85.3261016
Durbar Marg,2244594593,27.711553700000003,85.3254982
Durbar Marg,3489613401,27.7114642,85.3261513
Durbar Marg,3188112298,27.7111208,85.3261653
Durbar Marg,296319781,27.713130999999997,85.3266341
Durbar Marg,3489148966,27.713425000000004,85.3256548
Durbar Marg,2105345267,27.7140918,85.3268749
Durbar Marg,1912954944,27.7119554,85.3262291
Durbar Marg,296319783,27.714835399999995,85.3270757
Durbar Marg,3499239714,27.7149026,85.3267299
Durbar Marg,296319785,27.709993999999995,85.3259879
Durbar Marg,2106855884,27.710584199999992,85.3261351
Durbar Marg,8289216050,27.709907899999997,85.3263381
Durbar Marg,2105344604,27.710111099999992,85.3250148
Durbar Marg,1279198216,27.714430399999998,85.3294143
Durbar Marg,6190548828,27.713298,85.3238676
Durbar Marg,296319821,27.716030999999997,85.3070788
Durbar Marg,2127175022,27.7158847,85.3074674
Durbar Marg,1280033481,27.716277099999996,85.3069273
Durbar Marg,1280033459,27.716031899999997,85.306909
Durbar Marg,296319826,27.715790299999995,85.3077416
Durbar Marg,3060871356,27.7163148,85.3079998
Durbar Marg,3060871352,27.7154733,85.3085785
Durbar Marg,2725008956,27.7159669,85.303912
Durbar Marg,3066257482,27.7152002,85.3043127
Durbar Marg,949307734,27.710060699999996,85.3059198
Durbar Marg,296319868,27.708868799999994,85.305783
Durbar Marg,8410999755,27.7096434,85.3059022
Durbar Marg,13022342624,27.708463699999996,85.3052573
Durbar Marg,1273136932,27.709034099999997,85.30490520000001
Durbar Marg,1278967558,27.70874439999999,85.3065717
Durbar Marg,313131693,27.710011399999996,85.3147368
Durbar Marg,1906492115,27.7096825,85.314686
Durbar Marg,1278029518,27.7102813,85.3147797
Durbar Marg,1906492118,27.709885600000003,85.3158582
Durbar Marg,1280027668,27.710158500000002,85.3132702
Durbar Marg,313140515,27.7126414,85.3286681
Durbar Marg,11287567659,27.712600699999996,85.3287057
Durbar Marg,2102953736,27.7128278,85.3279123
Durbar Marg,6091850562,27.713604299999997,85.3290498
Durbar Marg,313286659,27.713651099999996,85.3153947
Durbar Marg,1278029417,27.713300199999995,85.3173121
Durbar Marg,1918270902,27.710598999999995,85.3148307
Durbar Marg,1349025722,27.7139273,85.3139698
Durbar Marg,9684915039,27.7167752,85.3160135
Durbar Marg,313343727,27.71046739999999,85.3121968
Durbar Marg,3499033209,27.711076100000003,85.312198
Durbar Marg,1857063115,27.710368800000005,85.3129626
Durbar Marg,2139844853,27.710554899999995,85.3109554
Durbar Marg,313541417,27.709281,85.326078
Durbar Marg,10904431333,27.7091713,85.3249434
Durbar Marg,1393448818,27.707930399999995,85.3257401
Durbar Marg,8289216051,27.709841499999996,85.3261358
Durbar Marg,314187884,27.716405999999996,85.325527
Durbar Marg,2004031749,27.715408999999994,85.3253849
Durbar Marg,6190544514,27.716543899999998,85.3262159
Durbar Marg,6537401355,27.7004599,85.3240438
Durbar Marg,480426810,27.719531799999995,85.3283052
Durbar Marg,1950516797,27.719175599999996,85.3281948
Durbar Marg,1950516810,27.719747999999996,85.3270159
Durbar Marg,6994282958,27.7198236,85.3283541
Durbar Marg,480426819,27.7212792,85.3279795
Durbar Marg,932366282,27.7206196,85.3263729
Durbar Marg,1490246606,27.720070699999997,85.3283578
Durbar Marg,480426820,27.721712399999998,85.3279063
Durbar Marg,480426822,27.722357599999995,85.3279727
Durbar Marg,2021303047,27.721718699999993,85.3276549
Durbar Marg,1950323231,27.7219908,85.3285863
Durbar Marg,670169115,27.7076336,85.3073006
Durbar Marg,1803523807,27.707909099999995,85.3062736
Durbar Marg,670169117,27.708596900000003,85.307624
Durbar Marg,1803523770,27.706821500000004,85.3070375
Durbar Marg,6294688463,27.706971900000003,85.3097809
Durbar Marg,1803523643,27.7080658,85.31007630000002
Durbar Marg,949307730,27.709868699999998,85.30809190000001
Durbar Marg,724168380,27.7159392,85.3129243
Durbar Marg,1349697714,27.715776899999998,85.3120039
Durbar Marg,5533228823,27.7162954,85.3130977
Durbar Marg,724832284,27.7024286,85.30826110000001
Durbar Marg,1906554301,27.703188499999996,85.3075545
Durbar Marg,724273969,27.6993586,85.3161208
Durbar Marg,1273136909,27.699491199999994,85.3154107
Durbar Marg,724275078,27.699954499999997,85.3166044
Durbar Marg,13875327985,27.699632599999997,85.3168911
Durbar Marg,724277749,27.7056326,85.3215684
Durbar Marg,13052203598,27.705630000000006,85.3217575
Durbar Marg,1805063042,27.703130999999992,85.321194
Durbar Marg,10933380600,27.705664099999996,85.32077810000001
Durbar Marg,724316521,27.7066327,85.3069808
Durbar Marg,1274183531,27.7061369,85.3068372
Durbar Marg,9500516426,27.7060717,85.3095656
Durbar Marg,724831174,27.719262099999998,85.3058174
Durbar Marg,724831239,27.7193077,85.3050824
Durbar Marg,1275284556,27.719173099999995,85.3068826
Durbar Marg,724831179,27.719659699999998,85.3057745
Durbar Marg,3069847083,27.7188456,85.3057337
Durbar Marg,3069847106,27.719641299999996,85.3065702
Durbar Marg,1278006175,27.720010000000002,85.3057132
Durbar Marg,724831180,27.720220499999993,85.3057296
Durbar Marg,1278006113,27.720026399999995,85.3061738
Durbar Marg,1275284583,27.719309399999997,85.30504910000002
Durbar Marg,1278006225,27.7195163,85.3049169
Durbar Marg,724831276,27.7184978,85.3056193
Durbar Marg,1275284629,27.718400899999995,85.3056413
Durbar Marg,1275294149,27.718269999999997,85.305196
Durbar Marg,724831287,27.719789299999988,85.3070152
Durbar Marg,1952134537,27.719898599999997,85.3065531
Durbar Marg,6292645109,27.7193411,85.3068911
Durbar Marg,10690288531,27.7202772,85.306971
Durbar Marg,724831565,27.7015827,85.3100624
Durbar Marg,1805964464,27.701239399999995,85.3100158
Durbar Marg,8523421736,27.701292599999995,85.311499
Durbar Marg,724832282,27.705477700000003,85.3065973
Durbar Marg,1275274773,27.7060331,85.3068033
Durbar Marg,1518058858,27.7065232,85.3047737
Durbar Marg,13278125830,27.7048752,85.3063476
Durbar Marg,1906554299,27.702512000000002,85.3086253
Durbar Marg,1274183794,27.703325099999997,85.3091016
Durbar Marg,728153834,27.724376599999992,85.3137977
Durbar Marg,728153942,27.72469179999999,85.3138195
Durbar Marg,1950480647,27.7243777,85.3139979
Durbar Marg,10653589094,27.723757399999997,85.3136328
Durbar Marg,1977514714,27.7194945,85.3125897
Durbar Marg,1963985539,27.7183971,85.313888
Durbar Marg,728153896,27.717841299999996,85.3148984
Durbar Marg,1280033546,27.7185646,85.3152112
Durbar Marg,728153897,27.717324799999997,85.31475630000001
Durbar Marg,2064586561,27.717038599999995,85.3157626
Durbar Marg,2290302733,27.719885199999997,85.3102743
Durbar Marg,5533222459,27.7200374,85.3095325
Durbar Marg,728153922,27.720909599999995,85.3095843
Durbar Marg,1979178696,27.721297999999994,85.3094782
Durbar Marg,2290302778,27.7210685,85.3096547
Durbar Marg,728153940,27.724698700000005,85.312473
Durbar Marg,4814193215,27.7245182,85.3125287
Durbar Marg,1278005986,27.724985400000005,85.312389
Durbar Marg,1979178698,27.725572,85.3140708
Durbar Marg,765002040,27.717710899999997,85.3059706
Durbar Marg,1275294153,27.718107600000003,85.305734
Durbar Marg,12964276905,27.7174375,85.306183
Durbar Marg,1909619262,27.716660199999996,85.3043224
Durbar Marg,765002045,27.7153294,85.3050729
Durbar Marg,1275284630,27.7154551,85.3054371
Durbar Marg,1275284634,27.715170899999993,85.3056016
Durbar Marg,789051259,27.721007299999997,85.3198463
Durbar Marg,11366072311,27.720696399999994,85.3210331
Durbar Marg,1954292588,27.7205023,85.3193315
Durbar Marg,2102387771,27.722255199999996,85.3207417
Durbar Marg,789059622,27.717769399999998,85.323212
Durbar Marg,932366340,27.718100999999994,85.3233276
Durbar Marg,932366320,27.717891099999996,85.321774
Durbar Marg,1349680699,27.7123602,85.3094617
Durbar Marg,947910095,27.711481499999998,85.3086195
Durbar Marg,849950824,27.711387599999995,85.3176101
Durbar Marg,5316976755,27.710039899999998,85.3174264
Durbar Marg,1906502772,27.711186999999995,85.3184107
Durbar Marg,849950826,27.713199499999998,85.3128048
Durbar Marg,2597929538,27.713321399999998,85.31335340000001
Durbar Marg,1968417638,27.712280100000005,85.3126711
Durbar Marg,849950837,27.711365799999996,85.3188057
Durbar Marg,2054076124,27.711584899999995,85.3188644
Durbar Marg,1274038977,27.711133500000003,85.3187031
Durbar Marg,849950841,27.711239199999998,85.3194418
Durbar Marg,932366257,27.7216712,85.3239943
Durbar Marg,10166060289,27.722763900000004,85.3236738
Durbar Marg,6441562046,27.7219661,85.323519
Durbar Marg,1955840820,27.72137439999999,85.3245889
Durbar Marg,932366266,27.722343199999997,85.3249142
Durbar Marg,1516136449,27.72243239999999,85.3249016
Durbar Marg,2088226804,27.7220813,85.325879
Durbar Marg,932366270,27.723353499999998,85.3243351
Durbar Marg,932366272,27.723405799999995,85.3242766
Durbar Marg,2087478246,27.7234479,85.324899
Durbar Marg,1278029434,27.7229879,85.323512
Durbar Marg,1399446523,27.723754399999997,85.3242374
Durbar Marg,932366273,27.720173799999994,85.322855
Durbar Marg,932366333,27.720435700000003,85.3241264
Durbar Marg,932366324,27.718527699999996,85.3219286
Durbar Marg,1399446429,27.720390799999997,85.3262241
Durbar Marg,1399446445,27.721995399999997,85.3267603
Durbar Marg,932366284,27.719935299999996,85.3258295
Durbar Marg,932366305,27.720209600000004,85.3251569
Durbar Marg,932366298,27.719338199999996,85.326207
Durbar Marg,2005965159,27.7203603,85.3262014
Durbar Marg,932366286,27.7198383,85.3243059
Durbar Marg,932366336,27.719516499999997,85.32411270000001
Durbar Marg,2089552941,27.719574099999996,85.3245824
Durbar Marg,932366294,27.718414199999998,85.3258765
Durbar Marg,2090732578,27.718380199999995,85.3259191
Durbar Marg,2005965148,27.719542499999996,85.3266035
Durbar Marg,2089552966,27.71988069999999,85.3250053
Durbar Marg,932366306,27.7204274,85.3245158
Durbar Marg,1399446435,27.720926999999996,85.3253264
Durbar Marg,1954292592,27.721227699999996,85.3246104
Durbar Marg,932366307,27.7205106,85.3240845
Durbar Marg,932366308,27.7209885,85.3235739
Durbar Marg,2097895514,27.720874899999995,85.323464
Durbar Marg,2090665086,27.7215435,85.3231676
Durbar Marg,932366316,27.722746800000003,85.3210897
Durbar Marg,1950480617,27.723210299999995,85.3214419
Durbar Marg,1399446456,27.7224814,85.3225161
Durbar Marg,1950480608,27.7229558,85.320348
Durbar Marg,1390371551,27.720179099999996,85.3206859
Durbar Marg,2027912785,27.719778299999998,85.3232802
Durbar Marg,5085549934,27.7189972,85.3236789
Durbar Marg,2303320738,27.7185032,85.322638
Durbar Marg,1280027714,27.709801699999996,85.3131985
Durbar Marg,943246309,27.705380399999992,85.311428
Durbar Marg,9485253024,27.703994600000005,85.3111721
Durbar Marg,1803523644,27.705893100000004,85.3094819
Durbar Marg,943246317,27.7175871,85.3113218
Durbar Marg,8523593236,27.7182173,85.3112896
Durbar Marg,3312046843,27.7112986,85.3085893
Durbar Marg,1968417665,27.71299069999999,85.3086747
Durbar Marg,1349027255,27.710244599999996,85.3081892
Durbar Marg,1349027180,27.710072500000003,85.3072871
Durbar Marg,3442556595,27.709987299999998,85.3059146
Durbar Marg,1918191110,27.719174399999993,85.3310666
Durbar Marg,994329767,27.7099162,85.318267
Durbar Marg,1273357429,27.707976299999995,85.3180839
Durbar Marg,1274038978,27.7099872,85.3197887
Durbar Marg,994735227,27.709751199999996,85.3216939
Durbar Marg,5221098568,27.710303000000003,85.3218566
Durbar Marg,2509324515,27.7167909,85.3315352
Durbar Marg,1464034171,27.7034652,85.3102253
Durbar Marg,1273136762,27.703520999999995,85.31023100000002
Durbar Marg,1273136831,27.708997000000004,85.3038438
Durbar Marg,1803523809,27.708181899999996,85.3047096
Durbar Marg,1802839535,27.7081186,85.3038848
Durbar Marg,5244654100,27.7102559,85.3042288
Durbar Marg,1273136891,27.7085323,85.3143863
Durbar Marg,1806066068,27.708940799999997,85.3145896
Durbar Marg,1273136899,27.703631100000003,85.3092407
Durbar Marg,1464034173,27.703580499999997,85.3092088
Durbar Marg,1968450265,27.699871199999997,85.3137888
Durbar Marg,1274183965,27.709926899999996,85.3172059
Durbar Marg,1349027188,27.7097015,85.3050646
Durbar Marg,2222458523,27.708496799999992,85.3047927
Durbar Marg,1906505151,27.707975699999995,85.3179413
Durbar Marg,1906505149,27.708002199999996,85.3191418
Durbar Marg,1273357432,27.7098023,85.3214298
Durbar Marg,1273357490,27.7079686,85.3212704
Durbar Marg,1273357464,27.706973199999993,85.3177397
Durbar Marg,2906087425,27.706271299999997,85.3176855
Durbar Marg,1906513002,27.705828700000005,85.3184951
Durbar Marg,1274038044,27.7049761,85.3290204
Durbar Marg,1281218872,27.7052115,85.3292849
Durbar Marg,1400078381,27.7052961,85.3278111
Durbar Marg,6089507706,27.7108806,85.3199704
Durbar Marg,1802839493,27.7067117,85.3050014
Durbar Marg,1274183615,27.7057713,85.3191422
Durbar Marg,10558643749,27.704528699999997,85.319046
Durbar Marg,4539613962,27.70570879999999,85.3198812
Durbar Marg,1274183665,27.703246199999995,85.3190221
Durbar Marg,3510666431,27.70339,85.3175105
Durbar Marg,6054212750,27.703152299999996,85.3203719
Durbar Marg,4861407195,27.70355749999999,85.309127
Durbar Marg,1274183884,27.7100632,85.3172449
Durbar Marg,6294694805,27.713032999999996,85.3177622
Durbar Marg,1274183984,27.7099889,85.3174497
Durbar Marg,6294694811,27.7098735,85.3176747
Durbar Marg,5316976746,27.709866899999994,85.3173674
Durbar Marg,1803547436,27.704459699999994,85.3137817
Durbar Marg,1275280775,27.703982100000005,85.3111707
Durbar Marg,1275280796,27.7111567,85.3084087
Durbar Marg,1275284474,27.713808899999993,85.3063158
Durbar Marg,1741813715,27.7144486,85.3059114
Durbar Marg,1741813719,27.713391699999995,85.3065111
Durbar Marg,11837554953,27.714716899999996,85.3068888
Durbar Marg,1275284544,27.712010799999998,85.3076106
Durbar Marg,6193720260,27.713383299999997,85.306517
Durbar Marg,1803523854,27.711427599999997,85.3082424
Durbar Marg,3069847079,27.7183474,85.3065613
Durbar Marg,3069847099,27.718380299999993,85.3063091
Durbar Marg,7239673190,27.715628699999996,85.3058152
Durbar Marg,1945772063,27.716330000000003,85.3056651
Durbar Marg,1275294174,27.717582299999997,85.3040736
Durbar Marg,1275294143,27.7170494,85.3038569
Durbar Marg,1275294138,27.718771699999998,85.3044818
Durbar Marg,1909619258,27.716007800000003,85.303671
Durbar Marg,1278006010,27.720916499999998,85.3063828
Durbar Marg,1278006235,27.7208382,85.3061987
Durbar Marg,10690288532,27.720219799999995,85.3065069
Durbar Marg,3069847085,27.7210555,85.3067096
Durbar Marg,1278006300,27.719778599999998,85.3051595
Durbar Marg,13132308368,27.719872399999996,85.3052966
Durbar Marg,6294694802,27.713260300000005,85.3175133
Durbar Marg,1349025749,27.7126435,85.3171193
Durbar Marg,2968346226,27.7228406,85.323012
Durbar Marg,1918270895,27.710207399999998,85.3154336
Durbar Marg,1954613645,27.710291899999998,85.3147124
Durbar Marg,1278032888,27.7067728,85.3198662
Durbar Marg,5882274961,27.7075476,85.3198715
Durbar Marg,7464564341,27.706632399999997,85.3202132
Durbar Marg,7464564337,27.706778499999995,85.3191751
Durbar Marg,1279198110,27.705511499999997,85.3251317
Durbar Marg,2105136767,27.705566100000002,85.3246097
Durbar Marg,6092206116,27.704900099999996,85.3250684
Durbar Marg,10915466251,27.706654999999994,85.3253187
Durbar Marg,1279198126,27.710149399999995,85.3244068
Durbar Marg,6098737535,27.710152099999995,85.32428790000002
Durbar Marg,1490234303,27.711244900000004,85.3244581
Durbar Marg,1279198211,27.714191200000002,85.3302724
Durbar Marg,1490246636,27.7142564,85.33005370000001
Durbar Marg,1887863878,27.7102468,85.3230619
Durbar Marg,2105344869,27.7114245,85.3229046
Durbar Marg,1280027600,27.7094909,85.3131476
Durbar Marg,9494440775,27.708101500000005,85.3134384
Durbar Marg,1918245516,27.7081978,85.3136862
Durbar Marg,1918270887,27.709743500000002,85.313576
Durbar Marg,3445877349,27.715128899999996,85.3069212
Durbar Marg,1280033465,27.724388700000002,85.3125183
Durbar Marg,2290302837,27.722250299999995,85.3127458
Durbar Marg,1835495807,27.7241128,85.31152740000002
Durbar Marg,1280033466,27.722646199999996,85.3102227
Durbar Marg,1280033472,27.722677000000004,85.310271
Durbar Marg,1280033553,27.721753399999997,85.3101295
Durbar Marg,6307115492,27.722986900000002,85.3095042
Durbar Marg,12328582962,27.7226179,85.3108607
Durbar Marg,1835461922,27.7233211,85.310419
Durbar Marg,1883487759,27.716333,85.3069947
Durbar Marg,1280033529,27.716453,85.3067869
Durbar Marg,1280033482,27.7188322,85.3154686
Durbar Marg,1967791436,27.719717700000004,85.3159763
Durbar Marg,1962919178,27.719786700000004,85.3156913
Durbar Marg,1280033490,27.719809800000004,85.3159891
Durbar Marg,1730492281,27.7194517,85.3173784
Durbar Marg,1967792430,27.7219877,85.3151697
Durbar Marg,1280033502,27.706891799999998,85.30447120000001
Durbar Marg,1280033512,27.717572099999998,85.3118872
Durbar Marg,1349697720,27.717313000000008,85.3126051
Durbar Marg,1280033521,27.716832399999998,85.3091166
Durbar Marg,1280033525,27.719088099999997,85.3146289
Durbar Marg,1280033592,27.718678900000004,85.3150958
Durbar Marg,1945855413,27.718624499999997,85.31469240000001
Durbar Marg,6098486618,27.7198414,85.3145771
Durbar Marg,4713742236,27.716473799999992,85.3051691
Durbar Marg,1280033532,27.7199137,85.3126712
Durbar Marg,1966083663,27.7206117,85.3128362
Durbar Marg,1977514724,27.720727399999994,85.3123751
Durbar Marg,1280033544,27.720134999999996,85.3140383
Durbar Marg,10653589096,27.7204062,85.3140261
Durbar Marg,1977514735,27.721349100000005,85.3110358
Durbar Marg,1977514736,27.7213739,85.3097611
Durbar Marg,1280033556,27.717192999999998,85.3083718
Durbar Marg,4366618674,27.7179264,85.3079282
Durbar Marg,10774767395,27.716865899999995,85.3077611
Durbar Marg,2587954164,27.717446600000002,85.3091285
Durbar Marg,1280033590,27.723479599999997,85.3104491
Durbar Marg,4814193340,27.723942699999995,85.3108009
Durbar Marg,5475832402,27.723649799999993,85.309267
Durbar Marg,1281218810,27.7056945,85.3300334
Durbar Marg,6072477237,27.706105999999995,85.3307013
Durbar Marg,8417378779,27.7054356,85.33037800000001
Durbar Marg,1281218856,27.708993299999996,85.3302073
Durbar Marg,1897175428,27.7088925,85.3306926
Durbar Marg,2105153295,27.709061700000003,85.3299019
Durbar Marg,7464580332,27.7064618,85.3286107
Durbar Marg,1281218869,27.704415699999995,85.3288451
Durbar Marg,2224742041,27.7049461,85.3291269
Durbar Marg,2262615650,27.703893299999994,85.3286185
Durbar Marg,2041703560,27.705278,85.3293543
Durbar Marg,1281218954,27.7062376,85.3312017
Durbar Marg,7464580359,27.7060976,85.3312504
Durbar Marg,7464580361,27.706412799999995,85.3309896
Durbar Marg,1281221643,27.7056301,85.3277887
Durbar Marg,1281221710,27.7053776,85.3275187
Durbar Marg,1281221678,27.70333049999999,85.326442
Durbar Marg,1910625698,27.7027825,85.3262261
Durbar Marg,1400078354,27.7035383,85.3265169
Durbar Marg,3362930834,27.702776099999994,85.3273795
Durbar Marg,1281221707,27.7018187,85.3256359
Durbar Marg,6537401367,27.700636899999996,85.3242689
Durbar Marg,1400078184,27.701782,85.3269606
Durbar Marg,8408454980,27.703196799999997,85.32493610000002
Durbar Marg,1400078374,27.704704999999997,85.3271468
Durbar Marg,1341029355,27.7145973,85.3111166
Durbar Marg,4366638417,27.714440599999993,85.3110719
Durbar Marg,1349025723,27.715929999999997,85.3141632
Durbar Marg,1349027142,27.709055900000003,85.30704630000001
Durbar Marg,1349027183,27.709845000000005,85.3046302
Durbar Marg,3442556538,27.709685,85.3050999
Durbar Marg,1349027216,27.709547899999997,85.3067592
Durbar Marg,1349027240,27.710461,85.3070042
Durbar Marg,2602976038,27.712189699999993,85.31148680000001
Durbar Marg,1349697706,27.717578899999996,85.3107696
Durbar Marg,1349697708,27.7168959,85.3111202
Durbar Marg,1349697744,27.7168487,85.3117712
Durbar Marg,2228496961,27.717317299999998,85.3127483
Durbar Marg,3095891150,27.71735869999999,85.3118404
Durbar Marg,1349697752,27.717117199999997,85.3131182
Durbar Marg,1390371554,27.720571000000003,85.3210515
Durbar Marg,1999696346,27.720466099999996,85.3218521
Durbar Marg,1393448805,27.705471900000003,85.3255352
Durbar Marg,6091625791,27.705873799999996,85.3257775
Durbar Marg,1393448811,27.706492299999994,85.3270246
Durbar Marg,2110521041,27.706167700000005,85.3269387
Durbar Marg,1490234345,27.707040099999993,85.3271616
Durbar Marg,4976287284,27.706482899999994,85.3261583
Durbar Marg,1393448813,27.707616799999993,85.3254544
Durbar Marg,10173035822,27.7078659,85.3257396
Durbar Marg,1399446427,27.720099099999988,85.326604
Durbar Marg,3195476999,27.7201481,85.3265159
Durbar Marg,1399446442,27.722084299999995,85.3264303
Durbar Marg,1954292603,27.72279799999999,85.3263689
Durbar Marg,3452339476,27.722097999999995,85.3232706
Durbar Marg,1399446477,27.722950299999997,85.3256382
Durbar Marg,2087432755,27.7231453,85.3256019
Durbar Marg,2087463102,27.7228168,85.32545570000002
Durbar Marg,1399446487,27.722908999999994,85.32508880000002
Durbar Marg,2027446804,27.723424999999995,85.3250515
Durbar Marg,1399446500,27.7233844,85.3255235
Durbar Marg,1399446506,27.723384300000003,85.3256058
Durbar Marg,2086900007,27.7233615,85.3262633
Durbar Marg,1399446534,27.7241529,85.3247091
Durbar Marg,11733936616,27.724736200000002,85.3229801
Durbar Marg,1399446530,27.72361619999999,85.3250961
Durbar Marg,1400078237,27.7024045,85.327193
Durbar Marg,4210507181,27.703143099999995,85.3286803
Durbar Marg,1400078345,27.703285599999994,85.3270901
Durbar Marg,1400078360,27.703885700000004,85.3266898
Durbar Marg,6525292082,27.7036102,85.3265465
Durbar Marg,13630040268,27.701751299999998,85.3127405
Durbar Marg,7025144182,27.7113021,85.324492
Durbar Marg,6098737553,27.711340099999994,85.323979
Durbar Marg,1490234308,27.7110039,85.3293111
Durbar Marg,2105153455,27.710804800000002,85.3300396
Durbar Marg,1490234351,27.7110431,85.32825820000001
Durbar Marg,1912963840,27.711691199999994,85.3297341
Durbar Marg,1490234314,27.708812200000004,85.3276283
Durbar Marg,6091647588,27.708957299999994,85.32767150000001
Durbar Marg,6094648307,27.7092332,85.32913550000002
Durbar Marg,1490234349,27.70842,85.3275116
Durbar Marg,1490234325,27.7091014,85.3297249
Durbar Marg,2108676862,27.708043399999998,85.3288738
Durbar Marg,1490234328,27.711674900000002,85.3283842
Durbar Marg,4884895878,27.711837199999998,85.3291897
Durbar Marg,1490234347,27.7113263,85.3275572
Durbar Marg,1490234335,27.708077199999998,85.3274015
Durbar Marg,2108676854,27.7079076,85.3278755
Durbar Marg,8448303069,27.707622500000003,85.3272899
Durbar Marg,6091625974,27.7071677,85.3277797
Durbar Marg,2108676812,27.7073013,85.3272191
Durbar Marg,2108676863,27.7080532,85.3287657
Durbar Marg,12109465766,27.710469899999993,85.3280948
Durbar Marg,1490234353,27.7106466,85.3312968
Durbar Marg,1912964803,27.710753499999992,85.3304986
Durbar Marg,6095172243,27.709972800000003,85.33104790000002
Durbar Marg,1490234356,27.7121019,85.32926
Durbar Marg,12109465771,27.71199139999999,85.3292274
Durbar Marg,1490246542,27.7127809,85.3309129
Durbar Marg,1490246629,27.7212145,85.3293538
Durbar Marg,1950323232,27.7220344,85.32868
Durbar Marg,1490246604,27.720901300000005,85.3290875
Durbar Marg,1950323208,27.720883399999998,85.3298878
Durbar Marg,1918191130,27.720702399999993,85.3288488
Durbar Marg,1954292622,27.7233935,85.3271027
Durbar Marg,2034533065,27.721420500000004,85.3287953
Durbar Marg,1490246646,27.7161537,85.3265473
Durbar Marg,2004031746,27.715075600000002,85.3262208
Durbar Marg,1490263257,27.699995200000004,85.3131395
Durbar Marg,1906483096,27.700343199999992,85.311952
Durbar Marg,1497582908,27.7094532,85.3103938
Durbar Marg,8451830339,27.7095313,85.3099342
Durbar Marg,1516136452,27.7223364,85.3245293
Durbar Marg,1518058866,27.706756099999996,85.3048341
Durbar Marg,1518058863,27.7073237,85.3052967
Durbar Marg,1803523791,27.707247700000003,85.3055612
Durbar Marg,9062837198,27.7068021,85.3050297
Durbar Marg,2222446293,27.7068323,85.3048554
Durbar Marg,1950480561,27.721024599999993,85.317786
Durbar Marg,1741813735,27.7131621,85.3062995
Durbar Marg,8402450419,27.713032599999995,85.3064467
Durbar Marg,3316339946,27.7137367,85.3039079
Durbar Marg,1775824909,27.724671100000002,85.3223905
Durbar Marg,4525843765,27.7233318,85.3215324
Durbar Marg,1797883229,27.700696199999996,85.3235994
Durbar Marg,1832460045,27.7022836,85.3241284
Durbar Marg,1805063008,27.701038200000003,85.322198
Durbar Marg,6537401364,27.700613999999998,85.32407050000002
Durbar Marg,1977485245,27.718189700000003,85.3115701
Durbar Marg,1802496959,27.708162999999992,85.304847
Durbar Marg,8413515037,27.708040999999998,85.3057043
Durbar Marg,1805146083,27.708430099999998,85.30498720000001
Durbar Marg,1802496973,27.708579299999997,85.3050538
Durbar Marg,1802839448,27.7011769,85.3116313
Durbar Marg,5317014559,27.700504099999996,85.3115988
Durbar Marg,1805964497,27.701262599999996,85.3106676
Durbar Marg,8444526480,27.708124299999998,85.3036771
Durbar Marg,4861407531,27.703738899999998,85.3091473
Durbar Marg,1803523682,27.703737499999995,85.3075124
Durbar Marg,1803523780,27.707073799999996,85.3060391
Durbar Marg,1803523805,27.707916,85.30624900000001
Durbar Marg,1803523786,27.707145800000003,85.30553130000001
Durbar Marg,1832460028,27.7010449,85.322136
Durbar Marg,1805063017,27.701605799999996,85.3223011
Durbar Marg,5846566937,27.7016164,85.32222400000002
Durbar Marg,1805063038,27.703087299999993,85.3225162
Durbar Marg,6097881170,27.702855499999995,85.3227678
Durbar Marg,1906554322,27.703159600000003,85.3219781
Durbar Marg,1806046486,27.713648899999995,85.3201709
Durbar Marg,6089506432,27.712382599999994,85.3198242
Durbar Marg,1897347799,27.7135095,85.3191295
Durbar Marg,1806053841,27.712978399999997,85.3209379
Durbar Marg,11006411423,27.712934700000005,85.3214402
Durbar Marg,6225669695,27.7124873,85.3208587
Durbar Marg,1832460041,27.701901800000005,85.3201461
Durbar Marg,1832460009,27.7001958,85.3219513
Durbar Marg,1832460021,27.700684500000005,85.3206046
Durbar Marg,6097881128,27.7024409,85.3242811
Durbar Marg,1910615978,27.702472699999994,85.3234035
Durbar Marg,1832460052,27.702645000000004,85.3229977
Durbar Marg,8409421901,27.702567599999995,85.3229557
Durbar Marg,1832460061,27.703642099999996,85.3247005
Durbar Marg,1832460079,27.7045166,85.3250793
Durbar Marg,6092206162,27.7048658,85.3250789
Durbar Marg,7464564351,27.7048171,85.3232999
Durbar Marg,1835495786,27.723269800000004,85.3114066
Durbar Marg,12121934533,27.7232515,85.3117106
Durbar Marg,1835495789,27.7235669,85.3114517
Durbar Marg,12079803163,27.723605299999996,85.311044
Durbar Marg,1835495823,27.725202699999997,85.3204918
Durbar Marg,4871999524,27.725826899999994,85.3206806
Durbar Marg,10656692225,27.725190800000004,85.3205391
Durbar Marg,4871999521,27.725260999999996,85.3202595
Durbar Marg,11201810070,27.7113404,85.3131066
Durbar Marg,1883487782,27.717154400000002,85.3070554
Durbar Marg,10774767391,27.716816199999997,85.3076664
Durbar Marg,1887863869,27.709560399999997,85.3278299
Durbar Marg,2105153312,27.709310099999993,85.3287912
Durbar Marg,6098737537,27.7085334,85.3220658
Durbar Marg,7048878174,27.7086184,85.3317847
Durbar Marg,1897175436,27.70870289999999,85.3314097
Durbar Marg,6095166382,27.7096761,85.3309305
Durbar Marg,1897347796,27.712778800000002,85.3189565
Durbar Marg,1897347798,27.712947999999997,85.3189914
Durbar Marg,1897347797,27.71291,85.3191773
Durbar Marg,1905259269,27.699534699999997,85.3218015
Durbar Marg,6097228890,27.7001708,85.3204197
Durbar Marg,1905324295,27.7013306,85.3232002
Durbar Marg,6097881153,27.701758199999997,85.3231908
Durbar Marg,4135066591,27.709713500000003,85.3154241
Durbar Marg,1906505145,27.7074074,85.3178762
Durbar Marg,10558643753,27.7077232,85.3179124
Durbar Marg,7464564329,27.7079933,85.3195208
Durbar Marg,7464564334,27.707706999999996,85.3191859
Durbar Marg,1906513003,27.706859799999993,85.3185771
Durbar Marg,1906515640,27.7064468,85.3216613
Durbar Marg,1906524967,27.705167899999992,85.3180969
Durbar Marg,8449743715,27.703138700000004,85.30873130000002
Durbar Marg,1906554311,27.702379199999992,85.3218753
Durbar Marg,5846566944,27.7031038,85.3224504
Durbar Marg,1909619259,27.71606729999999,85.3033222
Durbar Marg,7464564354,27.704972199999997,85.3232238
Durbar Marg,1912954942,27.711808700000002,85.3269214
Durbar Marg,7464587194,27.710757099999995,85.3303971
Durbar Marg,1912964804,27.711191599999992,85.3306254
Durbar Marg,1914428393,27.7118105,85.3324187
Durbar Marg,7464587193,27.7116967,85.3328737
Durbar Marg,2034533045,27.71911589999999,85.3310473
Durbar Marg,1918191114,27.7194534,85.32983070000002
Durbar Marg,1918191116,27.7201451,85.3299479
Durbar Marg,1950323194,27.719916099999995,85.3307065
Durbar Marg,1918270899,27.71050139999999,85.315575
Durbar Marg,1945772071,27.718323599999998,85.3086576
Durbar Marg,1945793646,27.70824739999999,85.30576240000002
Durbar Marg,1945855405,27.717954599999995,85.3144969
Durbar Marg,1945855409,27.718467399999998,85.3146631
Durbar Marg,1945855415,27.7186708,85.3141251
Durbar Marg,1945855421,27.7189099,85.3137719
Durbar Marg,13535800452,27.7190176,85.3145773
Durbar Marg,1950323223,27.721503399999996,85.328525
Durbar Marg,5085606738,27.7184518,85.3239043
Durbar Marg,1950410875,27.715366999999997,85.331011
Durbar Marg,1950410877,27.715393700000003,85.3311017
Durbar Marg,2093231585,27.715672499999997,85.3308422
Durbar Marg,1950480558,27.720771,85.3183317
Durbar Marg,1962928184,27.722161199999995,85.3187895
Durbar Marg,3072788245,27.723066800000005,85.3159806
Durbar Marg,1950480584,27.721894100000004,85.3131796
Durbar Marg,1950480605,27.722793199999998,85.3133981
Durbar Marg,1950480592,27.722445799999996,85.3145085
Durbar Marg,1950480593,27.7224757,85.3142464
Durbar Marg,1967796542,27.7242551,85.3144122
Durbar Marg,1950480594,27.722255599999997,85.3201643
Durbar Marg,1950480595,27.722774400000002,85.3195653
Durbar Marg,1950480615,27.723092900000005,85.319666
Durbar Marg,1950480616,27.723179099999996,85.3193989
Durbar Marg,10656692222,27.72345419999999,85.3186204
Durbar Marg,10656692226,27.723785899999992,85.3201044
Durbar Marg,6441561855,27.723895999999996,85.3208356
Durbar Marg,1950480646,27.724170900000004,85.3147185
Durbar Marg,1950480650,27.724606700000002,85.3148771
Durbar Marg,5267360391,27.7235307,85.3155913
Durbar Marg,1950480653,27.7248455,85.3152925
Durbar Marg,1950480654,27.724933099999998,85.3152281
Durbar Marg,1983912875,27.7255051,85.31627410000002
Durbar Marg,1950480670,27.7259291,85.3160741
Durbar Marg,2006160020,27.718595599999993,85.3296426
Durbar Marg,1950516779,27.718257799999996,85.3261302
Durbar Marg,1950516781,27.7185642,85.3303867
Durbar Marg,1950516786,27.718709899999997,85.3297977
Durbar Marg,9676681281,27.718805100000004,85.3295516
Durbar Marg,9676681277,27.718765599999994,85.32900650000002
Durbar Marg,11419079996,27.7188138,85.3281096
Durbar Marg,11690574305,27.7195161,85.3273646
Durbar Marg,1950516813,27.719796,85.325017
Durbar Marg,1950516837,27.720396499999996,85.3269883
Durbar Marg,1950516840,27.72074110000001,85.3268596
Durbar Marg,6190544509,27.722486699999997,85.32623850000002
Durbar Marg,3495538404,27.723185999999995,85.3270286
Durbar Marg,1957158919,27.712923099999998,85.32400980000001
Durbar Marg,3489610170,27.7122266,85.3250265
Durbar Marg,10211546701,27.7124887,85.3229358
Durbar Marg,1962909348,27.714801899999994,85.3133138
Durbar Marg,6101838609,27.721956300000002,85.3196217
Durbar Marg,2090626914,27.717990499999996,85.3306631
Durbar Marg,10653589092,27.721956299999995,85.3154428
Durbar Marg,1968417633,27.7117042,85.3121381
Durbar Marg,7027659330,27.7116542,85.3121393
Durbar Marg,1968417656,27.711593599999997,85.3128767
Durbar Marg,1968417642,27.7124367,85.3129723
Durbar Marg,2528825725,27.712043100000002,85.3129443
Durbar Marg,11204843724,27.7115702,85.3131196
Durbar Marg,2121879283,27.7130092,85.3096171
Durbar Marg,13384579798,27.703626299999996,85.3119715
Durbar Marg,1977485258,27.7183871,85.3099976
Durbar Marg,1977485296,27.718710699999995,85.3116902
Durbar Marg,11753381009,27.7196711,85.3117785
Durbar Marg,1977514722,27.720426,85.3112681
Durbar Marg,4506370585,27.7211941,85.3113841
Durbar Marg,1979178697,27.721285399999996,85.3097079
Durbar Marg,6307115499,27.7229612,85.3087566
Durbar Marg,2290302872,27.7255118,85.3137286
Durbar Marg,2004031732,27.713164700000004,85.3245739
Durbar Marg,9516036872,27.7137949,85.3249559
Durbar Marg,2004031734,27.713291299999998,85.3249845
Durbar Marg,9514971631,27.714734499999995,85.3260161
Durbar Marg,6097976465,27.7183739,85.328371
Durbar Marg,2026094156,27.718746800000005,85.3251017
Durbar Marg,5049966230,27.7186007,85.3249284
Durbar Marg,2026094159,27.719048199999996,85.3250379
Durbar Marg,5085635892,27.719139499999997,85.3252755
Durbar Marg,2026094161,27.719176999999995,85.3253674
Durbar Marg,2034533051,27.7193648,85.3301757
Durbar Marg,2041703548,27.7060477,85.3281967
Durbar Marg,7464580380,27.7072313,85.3309359
Durbar Marg,2086891068,27.723034399999992,85.3264939
Durbar Marg,2086900001,27.723239299999992,85.3262708
Durbar Marg,2087432756,27.7231183,85.3257531
Durbar Marg,2087463099,27.7227336,85.3254512
Durbar Marg,2087463101,27.722825699999998,85.325377
Durbar Marg,2087478251,27.723630699999994,85.3249293
Durbar Marg,2089552950,27.719769,85.3247023
Durbar Marg,2089552959,27.719850199999996,85.3251628
Durbar Marg,2090665084,27.721325299999993,85.3230721
Durbar Marg,2090732579,27.718334399999996,85.32707
Durbar Marg,2090732580,27.718544699999995,85.326397
Durbar Marg,2094300009,27.714635,85.3323783
Durbar Marg,6094574747,27.715374099999995,85.3325806
Durbar Marg,2102387769,27.7219251,85.321214
Durbar Marg,2102387770,27.7222498,85.3211774
Durbar Marg,2102387772,27.722265699999998,85.3217932
Durbar Marg,2102953731,27.712587899999995,85.3275858
Durbar Marg,2102953737,27.712882099999998,85.3276657
Durbar Marg,2102953738,27.7129828,85.328114
Durbar Marg,2102994257,27.713072699999994,85.3277351
Durbar Marg,4756018598,27.706374499999995,85.3249078
Durbar Marg,6092406470,27.7102241,85.330254
Durbar Marg,2105153452,27.7106584,85.329216
Durbar Marg,2105153464,27.711328099999992,85.330181
Durbar Marg,6089724743,27.710969,85.3262161
Durbar Marg,6089724734,27.710500699999994,85.3269736
Durbar Marg,6091626003,27.707575599999995,85.3272796
Durbar Marg,2108676829,27.707533499999997,85.3268731
Durbar Marg,2108676845,27.707609199999993,85.3289115
Durbar Marg,6117619185,27.707395899999998,85.3293253
Durbar Marg,6094648253,27.707886300000002,85.3295714
Durbar Marg,2108676847,27.707731,85.3266382
Durbar Marg,2108676864,27.7081167,85.3289029
Durbar Marg,2108676881,27.7081517,85.3287848
Durbar Marg,10904951055,27.7058414,85.3265888
Durbar Marg,2110521049,27.7063511,85.3260013
Durbar Marg,13384579795,27.707766399999997,85.3130838
Durbar Marg,2127175016,27.715583199999994,85.3074446
Durbar Marg,2127180630,27.71725399999999,85.3088539
Durbar Marg,2139844845,27.710300099999998,85.3106315
Durbar Marg,2139844844,27.710226000000002,85.310872
Durbar Marg,2139844847,27.7105299,85.31094310000002
Durbar Marg,10079509729,27.7169182,85.3124245
Durbar Marg,11991772841,27.7039693,85.3278125
Durbar Marg,13384582722,27.7069637,85.3128371
Durbar Marg,2289122859,27.7251634,85.3131527
Durbar Marg,2290302741,27.720222899999996,85.310499
Durbar Marg,2290302761,27.720672299999997,85.3101832
Durbar Marg,2290302745,27.7203207,85.310722
Durbar Marg,2290302786,27.721263999999998,85.3085978
Durbar Marg,2290302839,27.7222993,85.3119992
Durbar Marg,2371610276,27.707606199999997,85.33137620000001
Durbar Marg,7464580383,27.708248400000002,85.331621
Durbar Marg,7464580347,27.707488500000004,85.3317228
Durbar Marg,2402314080,27.716844699999992,85.3267902
Durbar Marg,9992417132,27.7175049,85.3317547
Durbar Marg,11204843727,27.7120114,85.3131829
Durbar Marg,2587954169,27.717234999999995,85.3096653
Durbar Marg,2597876879,27.716664599999994,85.3094982
Durbar Marg,2603025692,27.71332749999999,85.3111857
Durbar Marg,2603025695,27.713342400000002,85.3109386
Durbar Marg,2906087426,27.706301800000006,85.3173096
Durbar Marg,3069572503,27.707062299999997,85.32300360000002
Durbar Marg,11135347251,27.7067121,85.322873
Durbar Marg,3069572504,27.706908,85.3233099
Durbar Marg,4756018580,27.706917899999997,85.32429230000001
Durbar Marg,3069572505,27.707041799999995,85.323412
Durbar Marg,3069847089,27.719352699999995,85.3065688
Durbar Marg,7734211127,27.719370599999998,85.3060418
Durbar Marg,3092564553,27.7161368,85.3144286
Durbar Marg,3121552818,27.715279800000005,85.3252792
Durbar Marg,3121552821,27.715407299999992,85.3249909
Durbar Marg,3188112322,27.7142037,85.32501
Durbar Marg,3188112324,27.714141300000005,85.3257153
Durbar Marg,5720211160,27.7140809,85.3253991
Durbar Marg,3195477000,27.7200528,85.3264451
Durbar Marg,3316339919,27.7139981,85.3039718
Durbar Marg,3316339934,27.7142639,85.3040213
Durbar Marg,3316339943,27.7139054,85.3044155
Durbar Marg,3362930825,27.70267069999999,85.3271318
Durbar Marg,3416542475,27.716621599999996,85.3124286
Durbar Marg,3442556607,27.710020799999995,85.305164
Durbar Marg,3442556594,27.709976099999995,85.3053026
Durbar Marg,3442556611,27.71001,85.3056724
Durbar Marg,3442556649,27.710188599999995,85.3051831
Durbar Marg,11837554956,27.715010300000003,85.3069139
Durbar Marg,3445877350,27.7152063,85.306432
Durbar Marg,3452339491,27.7224538,85.323488
Durbar Marg,3452339482,27.722172299999993,85.323671
Durbar Marg,6089529258,27.711876800000006,85.3209749
Durbar Marg,3484414475,27.7253554,85.3198824
Durbar Marg,3489221699,27.7254514,85.3195108
Durbar Marg,3489221693,27.7218169,85.3178663
Durbar Marg,3489221700,27.725937999999992,85.3196606
Durbar Marg,4502789165,27.7121118,85.3251854
Durbar Marg,13439066912,27.712739899999995,85.3253026
Durbar Marg,8417925979,27.7118495,85.3254575
Durbar Marg,3495538403,27.723118499999998,85.327287
Durbar Marg,3499033210,27.711093999999996,85.3118468
Durbar Marg,4525843761,27.7230746,85.3224476
Durbar Marg,7464564308,27.705679099999998,85.3204223
Durbar Marg,4541324876,27.7054344,85.3198591
Durbar Marg,4539613965,27.704998099999997,85.3200056
Durbar Marg,4541324877,27.7054377,85.3197979
Durbar Marg,4814193216,27.724542799999995,85.31174400000002
Durbar Marg,4814193343,27.724134399999997,85.3107356
Durbar Marg,10089445694,27.723440299999996,85.3089941
Durbar Marg,6459903884,27.7117449,85.3295515
Durbar Marg,4914118181,27.700505099999997,85.3239792
Durbar Marg,4922436092,27.711660499999997,85.3122339
Durbar Marg,10904951035,27.706552199999997,85.3258772
Durbar Marg,5085549941,27.7186815,85.3231078
Durbar Marg,5380368914,27.7182026,85.3213625
Durbar Marg,5463610197,27.707984599999996,85.31989240000001
Durbar Marg,5720211159,27.713775600000005,85.3250288
Durbar Marg,13818871145,27.707142999999995,85.3204451
Durbar Marg,6089506425,27.71222939999999,85.3207965
Durbar Marg,6089724741,27.710810799999997,85.3269965
Durbar Marg,6291625143,27.705736200000004,85.3263095
Durbar Marg,6091647480,27.709041799999994,85.3269797
Durbar Marg,6092206109,27.7051135,85.3246042
Durbar Marg,6092206160,27.7048491,85.3253429
Durbar Marg,6092406477,27.710263300000005,85.3296451
Durbar Marg,7464587190,27.709722700000004,85.3326036
Durbar Marg,6095172240,27.7101036,85.3307609
Durbar Marg,6097881163,27.702240099999994,85.3226824
Durbar Marg,12085488711,27.702195900000003,85.322943
Durbar Marg,10653589095,27.719855,85.3148903
Durbar Marg,6098737525,27.7087737,85.3242746
Durbar Marg,6126295458,27.7142323,85.32626420000001
Durbar Marg,6126295460,27.714349500000004,85.325885
Durbar Marg,10722657872,27.713436199999993,85.3073868
Durbar Marg,6225669692,27.710562499999998,85.3205142
Durbar Marg,6225669694,27.7124863,85.3213561
Durbar Marg,6307115490,27.723185400000002,85.3097565
Durbar Marg,10779882927,27.7159294,85.3104313
Durbar Marg,6525309986,27.7034243,85.3255655
Durbar Marg,6537401360,27.7005322,85.3241599
Durbar Marg,6994282950,27.720141100000003,85.3291429
Durbar Marg,12276927808,27.7113525,85.3245223
Durbar Marg,7464587189,27.709086699999997,85.3321384
Durbar Marg,7239673189,27.715850299999996,85.30570490000001
Durbar Marg,7464529882,27.7049954,85.3203834
Durbar Marg,7464564292,27.7052457,85.3205095
Durbar Marg,7464564304,27.705414800000003,85.3206778
Durbar Marg,7464564309,27.7052949,85.3185173
Durbar Marg,7464564310,27.705099199999996,85.3184952
Durbar Marg,7464564328,27.7073247,85.3184965
Durbar Marg,7464564348,27.7047375,85.3237322
Durbar Marg,7464564352,27.7050061,85.3234617
Durbar Marg,7464580330,27.706815399999996,85.3279554
Durbar Marg,7464580331,27.706698799999998,85.3284777
Durbar Marg,7464580339,27.706841199999992,85.3285803
Durbar Marg,7464580373,27.7062133,85.3304672
Durbar Marg,7464580384,27.708386999999995,85.33132360000002
Durbar Marg,7464587191,27.709936799999994,85.3320015
Durbar Marg,8540839939,27.710878299999994,85.33284100000002
Durbar Marg,12100785766,27.7051756,85.3302949
Durbar Marg,9422010774,27.713347799999998,85.3075256
Durbar Marg,9466148225,27.710557799999993,85.3090086
Durbar Marg,9676681278,27.71839,85.3288786
Durbar Marg,9676888181,27.718917600000005,85.329604
Durbar Marg,10060702702,27.711605100000003,85.3246448
Durbar Marg,10173035824,27.707794299999993,85.3261341
Durbar Marg,10173035833,27.707468299999995,85.3262664
Durbar Marg,10211546690,27.711938499999995,85.3231756
Durbar Marg,10302079182,27.7088605,85.3073999
Durbar Marg,13930518952,27.709505299999996,85.3075981
Durbar Marg,10558643743,27.704565300000002,85.3201058
Durbar Marg,10558643752,27.7076465,85.3182229
Durbar Marg,10558643754,27.707763999999997,85.3176221
Durbar Marg,10653589093,27.72388309999999,85.3129779
Durbar Marg,10690288534,27.721754499999996,85.3073908
Durbar Marg,10722657864,27.7137022,85.3076996
Durbar Marg,10904958370,27.7055613,85.3265789
Durbar Marg,10917744502,27.7017685,85.3134267
Durbar Marg,10933434829,27.706918299999998,85.32108
Durbar Marg,10964766566,27.713358500000002,85.3225175
Durbar Marg,11204843726,27.712558200000007,85.3132613
Durbar Marg,11419079995,27.718728399999993,85.3284261
Durbar Marg,11753381008,27.7197481,85.3114348
Durbar Marg,11837554952,27.714721499999996,85.3071338
Durbar Marg,11837554954,27.714953300000005,85.3073146
Durbar Marg,12109465762,27.71038679999999,85.3288673
Durbar Marg,12109465767,27.712098199999993,85.3295452
Durbar Marg,12540786112,27.72316839999999,85.3122282
Durbar Marg,12121934535,27.7230724,85.3116595
Durbar Marg,12540786111,27.7229187,85.3116331
Durbar Marg,12540786109,27.723007999999997,85.3121781
Durbar Marg,12276927806,27.711602500000005,85.32379320000001
Durbar Marg,13135572705,27.722642800000003,85.3115838
Durbar Marg,12328582966,27.722804099999994,85.3113688
Durbar Marg,12540786110,27.722869199999998,85.3120472
Durbar Marg,12964276914,27.717897699999998,85.3069714
Durbar Marg,13132308365,27.719612999999995,85.3054487
Durbar Marg,13135572704,27.722615899999997,85.3118568
Durbar Marg,13384579792,27.7075717,85.3127325
Durbar Marg,13627700816,27.707748799999997,85.3134726
Durbar Marg,1348908795,27.699567,85.3170199
Durbar Marg,3511456911,27.6991759,85.3174747
Kirtipur,1124409606,27.6695431,85.287541
Kirtipur,356102496,27.68723809999999,85.2663445
Kirtipur,2323975470,27.687242299999998,85.2666964
Kirtipur,457280746,27.667001399999993,85.2743712
Kirtipur,1819871872,27.6672278,85.2743991
Kirtipur,2039710712,27.6674532,85.27579080000001
Kirtipur,457280747,27.667816199999997,85.2769207
Kirtipur,457280750,27.6676113,85.2773145
Kirtipur,3335665404,27.668470799999994,85.2765715
Kirtipur,4529384147,27.668036599999994,85.2786121
Kirtipur,2052414209,27.666598299999997,85.2775124
Kirtipur,457280758,27.668422599999996,85.2800322
Kirtipur,1895867759,27.668374999999997,85.2799148
Kirtipur,1124409610,27.6686758,85.2810068
Kirtipur,1818544218,27.6685914,85.2791465
Kirtipur,457280760,27.669568299999995,85.2842326
Kirtipur,2069377364,27.669526499999996,85.2841197
Kirtipur,1651322033,27.670019700000005,85.2812989
Kirtipur,1651322078,27.6692773,85.2860659
Kirtipur,913398317,27.6747581,85.2804077
Kirtipur,11021747329,27.6746418,85.2794276
Kirtipur,913493831,27.674469799999997,85.2804894
Kirtipur,913398336,27.67759489999999,85.2749751
Kirtipur,2342058562,27.676119699999997,85.2742736
Kirtipur,913398338,27.678050599999995,85.2736937
Kirtipur,2019361148,27.677293500000005,85.2729029
Kirtipur,913398341,27.67878109999999,85.27288
Kirtipur,11037097339,27.6823606,85.2729369
Kirtipur,8590014835,27.678645799999998,85.2722447
Kirtipur,913398374,27.681276099999998,85.2753441
Kirtipur,10648641706,27.681293899999996,85.2757909
Kirtipur,6289192484,27.681662499999998,85.2752548
Kirtipur,977632829,27.680528199999998,85.2763671
Kirtipur,913398384,27.678523499999997,85.2796072
Kirtipur,10976209064,27.6787108,85.28001
Kirtipur,10600399261,27.677914100000002,85.2801147
Kirtipur,913398388,27.6773844,85.2806278
Kirtipur,1487816150,27.6770541,85.2808718
Kirtipur,3309239153,27.679746,85.2747527
Kirtipur,913398389,27.677098099999995,85.2816288
Kirtipur,2516814621,27.67937029999999,85.2815911
Kirtipur,913398439,27.676682299999996,85.2835298
Kirtipur,3304362175,27.677125399999998,85.2811779
Kirtipur,1895835879,27.673805499999997,85.2821267
Kirtipur,1123078678,27.6780312,85.2846454
Kirtipur,913398442,27.6784879,85.2852053
Kirtipur,913493802,27.670661000000003,85.2790338
Kirtipur,2069390834,27.6707091,85.2790442
Kirtipur,2052414286,27.670120099999984,85.2786603
Kirtipur,1818544244,27.6705306,85.2793075
Kirtipur,913493812,27.671816700000004,85.2794355
Kirtipur,1836317835,27.671307599999995,85.2774648
Kirtipur,1651317319,27.671798499999994,85.2796941
Kirtipur,2052414357,27.6729109,85.2797096
Kirtipur,3213763811,27.674199,85.2810609
Kirtipur,3289721726,27.673859399999998,85.2799538
Kirtipur,977632825,27.688268799999996,85.2868889
Kirtipur,13144481017,27.68818389999999,85.2868368
Kirtipur,13162029612,27.688424800000004,85.285779
Kirtipur,977636485,27.6790152,85.2787623
Kirtipur,1965646394,27.6813064,85.2779629
Kirtipur,977632841,27.6814015,85.27918610000002
Kirtipur,8438897536,27.6814328,85.2793036
Kirtipur,2057443584,27.6807512,85.2792856
Kirtipur,1965646380,27.681362199999995,85.2780535
Kirtipur,10648641710,27.682700799999996,85.2788103
Kirtipur,977632854,27.683505299999997,85.28051060000001
Kirtipur,9938672661,27.683862899999998,85.2807042
Kirtipur,11785928046,27.6837907,85.2800619
Kirtipur,6094484919,27.6826083,85.2801067
Kirtipur,977632866,27.6851787,85.2815068
Kirtipur,2517667886,27.685257000000004,85.281538
Kirtipur,2254729333,27.6856701,85.2823023
Kirtipur,2517667525,27.684540400000003,85.2811573
Kirtipur,977632871,27.685958299999992,85.2819152
Kirtipur,977632873,27.6861476,85.2819984
Kirtipur,1123078588,27.685883099999998,85.2798648
Kirtipur,977632965,27.6863883,85.282009
Kirtipur,977632878,27.686275499999994,85.2829249
Kirtipur,977632881,27.6865142,85.28347510000002
Kirtipur,977632883,27.686725399999997,85.2837224
Kirtipur,5047620427,27.686778399999998,85.2833345
Kirtipur,5047610567,27.68695449999999,85.2838339
Kirtipur,10564154637,27.686776399999996,85.2842335
Kirtipur,977632892,27.687418,85.2847275
Kirtipur,10564154651,27.687496899999996,85.28486030000002
Kirtipur,5235109813,27.687060100000004,85.2839884
Kirtipur,5235109809,27.687634600000003,85.2840826
Kirtipur,977632922,27.688530799999995,85.2847023
Kirtipur,7257108622,27.688601300000002,85.2847263
Kirtipur,5312278542,27.689246199999996,85.2838719
Kirtipur,5235109676,27.68809169999999,85.2841335
Kirtipur,977632957,27.6875706,85.282255
Kirtipur,1123078664,27.6875247,85.2823844
Kirtipur,977632959,27.687554199999997,85.2820298
Kirtipur,1123078594,27.687313999999997,85.2806919
Kirtipur,1123078592,27.686717300000005,85.2805407
Kirtipur,6094656490,27.686369999999997,85.2823356
Kirtipur,3482297127,27.685769099999998,85.27962010000002
Kirtipur,10838683969,27.6867835,85.2801845
Kirtipur,10838683962,27.687553499999996,85.2804557
Kirtipur,1123078598,27.688202299999997,85.2802267
Kirtipur,1123078600,27.6884654,85.2802361
Kirtipur,10001978797,27.6878931,85.2796114
Kirtipur,2002197665,27.689066500000003,85.2802877
Kirtipur,2002197653,27.688603200000003,85.2807806
Kirtipur,1123078604,27.689592,85.2803267
Kirtipur,1954458814,27.6897551,85.2804363
Kirtipur,1954458812,27.689644,85.2808175
Kirtipur,1954463484,27.689023399999996,85.2794479
Kirtipur,1123078619,27.684787699999994,85.2791526
Kirtipur,2523793191,27.684469299999996,85.2789863
Kirtipur,2517667375,27.685348699999988,85.2795113
Kirtipur,3499785367,27.6847484,85.2789267
Kirtipur,1123078621,27.684157799999998,85.2784444
Kirtipur,2254728702,27.682995400000003,85.2780339
Kirtipur,13499099049,27.6837963,85.277968
Kirtipur,1123078629,27.6820808,85.2770999
Kirtipur,10550700296,27.6821765,85.2772205
Kirtipur,10648641716,27.6818713,85.2768494
Kirtipur,10648641720,27.6825291,85.2766606
Kirtipur,1123078640,27.6833248,85.27886
Kirtipur,11780809093,27.68367419999999,85.2793369
Kirtipur,1123078662,27.6791387,85.2805678
Kirtipur,11523852481,27.679026199999992,85.2803232
Kirtipur,11523852485,27.679451099999998,85.2807215
Kirtipur,13999262695,27.680087599999997,85.2803636
Kirtipur,5047610551,27.6874586,85.2825542
Kirtipur,11038493639,27.680358199999997,85.2625581
Kirtipur,2053906829,27.682760999999996,85.2636619
Kirtipur,1124397505,27.674794499999997,85.2777568
Kirtipur,2057197841,27.6747016,85.2782576
Kirtipur,3289721720,27.674641299999994,85.2773398
Kirtipur,3289721724,27.675106700000004,85.2771244
Kirtipur,1124397526,27.673138999999995,85.2745012
Kirtipur,1124397535,27.672591699999995,85.2736639
Kirtipur,3254997268,27.673608299999998,85.2758766
Kirtipur,2053906476,27.6727324,85.275007
Kirtipur,3679393073,27.670228799999997,85.2706267
Kirtipur,2314172464,27.674385699999995,85.27262340000001
Kirtipur,9676966450,27.668191499999995,85.2681039
Kirtipur,1124409617,27.6691839,85.2825371
Kirtipur,1895867271,27.667372499999995,85.2810784
Kirtipur,2069377372,27.6682348,85.2839015
Kirtipur,1124409628,27.668174699999998,85.2839858
Kirtipur,1895867254,27.6669686,85.2834943
Kirtipur,1523694631,27.689178599999995,85.2779992
Kirtipur,2167523605,27.6893044,85.2771528
Kirtipur,1954463473,27.688412099999997,85.27771770000001
Kirtipur,1523694645,27.6895751,85.2780453
Kirtipur,1523694634,27.690188999999997,85.2779554
Kirtipur,1954458823,27.690434499999995,85.2780551
Kirtipur,2167523765,27.690481399999996,85.2775
Kirtipur,1523694637,27.6907118,85.2772618
Kirtipur,2002197669,27.6893408,85.2767746
Kirtipur,11070504721,27.6910056,85.2773442
Kirtipur,1954463504,27.689572099999996,85.2784534
Kirtipur,1523696779,27.686155999999997,85.2771174
Kirtipur,1523719523,27.686595199999996,85.2773205
Kirtipur,1523698449,27.686266,85.2765527
Kirtipur,2002197617,27.685147400000005,85.2765016
Kirtipur,2002197624,27.6859245,85.2779519
Kirtipur,1523698410,27.6852029,85.2753113
Kirtipur,1523698448,27.684329899999994,85.2755112
Kirtipur,6525517402,27.685363799999998,85.2753992
Kirtipur,11037027599,27.684910700000003,85.2747498
Kirtipur,1523698414,27.6840325,85.2754484
Kirtipur,13640165254,27.683453899999993,85.2749613
Kirtipur,2254728768,27.6844685,85.2760962
Kirtipur,8624295039,27.684061399999997,85.2738564
Kirtipur,2002197628,27.686436200000003,85.2762791
Kirtipur,1523698452,27.685815099999996,85.275583
Kirtipur,6095230454,27.6866111,85.275378
Kirtipur,6095230438,27.685784699999996,85.27498110000002
Kirtipur,1523698910,27.6827308,85.2751809
Kirtipur,13640165260,27.682662899999997,85.2750836
Kirtipur,12073658856,27.683166400000005,85.2759452
Kirtipur,3335669836,27.6821167,85.2758948
Kirtipur,1523705695,27.6880429,85.2699702
Kirtipur,2522734296,27.688451499999996,85.2703988
Kirtipur,2062627938,27.686903799999996,85.2698058
Kirtipur,2522737962,27.687678199999997,85.2694488
Kirtipur,1523705711,27.686839999999993,85.2702246
Kirtipur,11058042407,27.686880999999996,85.27044
Kirtipur,12061551570,27.685698199999994,85.2700757
Kirtipur,1523719521,27.687064200000002,85.2760233
Kirtipur,12049515971,27.686746299999996,85.2758287
Kirtipur,2332467694,27.6873766,85.276681
Kirtipur,1523719541,27.687226999999996,85.2753622
Kirtipur,2332467650,27.687123999999997,85.2775498
Kirtipur,1523719535,27.687850199999996,85.2742154
Kirtipur,12049472859,27.6878892,85.2743591
Kirtipur,4331936290,27.6859418,85.2734878
Kirtipur,2167523572,27.688465199999996,85.274587
Kirtipur,6525517419,27.687745800000002,85.2745409
Kirtipur,2523783829,27.687647399999996,85.2755185
Kirtipur,1523725483,27.683085799999994,85.2742882
Kirtipur,8624295043,27.6832546,85.2740403
Kirtipur,1651317284,27.672266399999998,85.2800141
Kirtipur,2069377373,27.672213700000004,85.2808263
Kirtipur,1651317294,27.672519899999998,85.2801243
Kirtipur,1651317293,27.672110700000005,85.2822317
Kirtipur,2052414338,27.6721197,85.2817526
Kirtipur,1651317332,27.6724733,85.2821843
Kirtipur,2052414330,27.6717064,85.2821715
Kirtipur,3405327299,27.672826999999998,85.2801534
Kirtipur,1651317316,27.673295599999992,85.2804019
Kirtipur,3213763812,27.672981500000002,85.2801947
Kirtipur,1651317330,27.673608299999998,85.2804763
Kirtipur,3509595226,27.6732716,85.2820962
Kirtipur,1866803571,27.671678000000004,85.27984430000001
Kirtipur,1651317323,27.672189499999995,85.2811237
Kirtipur,2052414335,27.671858500000006,85.2810554
Kirtipur,2052414343,27.672140900000002,85.2814358
Kirtipur,3509595220,27.673587599999994,85.282131
Kirtipur,3213763814,27.672826100000005,85.2821211
Kirtipur,2036034086,27.6723477,85.2838354
Kirtipur,1651322075,27.6701681,85.2808328
Kirtipur,2390209188,27.669839,85.2792256
Kirtipur,1866803497,27.6704861,85.2805191
Kirtipur,1815716248,27.6686668,85.2763633
Kirtipur,1819871910,27.668236699999994,85.2757131
Kirtipur,1815716257,27.6694709,85.2772819
Kirtipur,1815716254,27.669341900000003,85.2776733
Kirtipur,2052414280,27.6695776,85.2778311
Kirtipur,9587085819,27.6690674,85.2781618
Kirtipur,1836317754,27.6697959,85.2763187
Kirtipur,1818535600,27.669614400000004,85.2777055
Kirtipur,2052414302,27.670329200000005,85.2780277
Kirtipur,1818535606,27.669874799999995,85.2784309
Kirtipur,1818544243,27.670271899999996,85.2792308
Kirtipur,7610792528,27.668757099999993,85.2796708
Kirtipur,1818544223,27.668796199999996,85.2785697
Kirtipur,2390209178,27.6689857,85.2783066
Kirtipur,1819871851,27.665803699999998,85.2811379
Kirtipur,9932911391,27.667284800000004,85.2811623
Kirtipur,9706506838,27.666420100000003,85.27992310000002
Kirtipur,2041461846,27.667231599999994,85.2725371
Kirtipur,2071067888,27.668069299999996,85.2756177
Kirtipur,1819871908,27.668041200000005,85.2788488
Kirtipur,3503339930,27.667561499999998,85.2792381
Kirtipur,2041461888,27.668614400000003,85.2752818
Kirtipur,2053906409,27.669955799999997,85.2763241
Kirtipur,1836317834,27.671298699999998,85.2773865
Kirtipur,1836317874,27.671731799999996,85.27672510000001
Kirtipur,8719688521,27.670622399999996,85.2776855
Kirtipur,3403374312,27.671066599999996,85.2781407
Kirtipur,1836317839,27.6715162,85.2764959
Kirtipur,2053906412,27.670779699999997,85.2762124
Kirtipur,2053906417,27.6717618,85.275712
Kirtipur,2053906470,27.6726029,85.2770449
Kirtipur,1866803522,27.671240700000002,85.2799629
Kirtipur,1892712157,27.690110099999995,85.2825246
Kirtipur,1954458868,27.690618100000002,85.2818894
Kirtipur,1892712177,27.690994499999995,85.2810213
Kirtipur,1954471098,27.690953199999996,85.2809588
Kirtipur,1892712178,27.6909222,85.281492
Kirtipur,1895828571,27.669308199999996,85.2813727
Kirtipur,3509595227,27.6737939,85.2821556
Kirtipur,9706519019,27.66691159999999,85.2835211
Kirtipur,9706519073,27.666827,85.28269670000002
Kirtipur,1918442317,27.671532499999998,85.290126
Kirtipur,1918457644,27.6837861,85.2815665
Kirtipur,13999262690,27.684957500000003,85.2822908
Kirtipur,13917502489,27.682218099999996,85.2815792
Kirtipur,9938672665,27.6836008,85.2811243
Kirtipur,1931790472,27.689046,85.2835969
Kirtipur,13908744338,27.689306599999995,85.2838233
Kirtipur,1931790477,27.689361999999996,85.2840234
Kirtipur,9999912987,27.6894041,85.2840793
Kirtipur,7257108624,27.6893155,85.2839565
Kirtipur,1931790478,27.689505199999992,85.2836635
Kirtipur,1954458810,27.689655899999998,85.2812753
Kirtipur,7173808607,27.6904808,85.281748
Kirtipur,2002197672,27.689659999999996,85.2810749
Kirtipur,12797491592,27.689055599999996,85.2808209
Kirtipur,7173808602,27.690347600000003,85.2803765
Kirtipur,2516597062,27.689718499999998,85.2788027
Kirtipur,1954458870,27.690601099999995,85.2781958
Kirtipur,6443251674,27.690169099999995,85.2784443
Kirtipur,2516623780,27.6906897,85.2806403
Kirtipur,2516619892,27.6910157,85.27818910000002
Kirtipur,2002197645,27.688265299999998,85.2776443
Kirtipur,10838683942,27.6886204,85.2784551
Kirtipur,1954463481,27.6886222,85.2785688
Kirtipur,1954463483,27.6888323,85.27912220000002
Kirtipur,10232185955,27.6880291,85.2791839
Kirtipur,10001978784,27.688556999999996,85.2797251
Kirtipur,2002197663,27.688954699999996,85.2799893
Kirtipur,2516596294,27.6893332,85.2785049
Kirtipur,10550700291,27.681570799999996,85.2780576
Kirtipur,8467387937,27.681798699999998,85.2771229
Kirtipur,2002197614,27.6846765,85.277057
Kirtipur,9938672675,27.684372700000004,85.2773188
Kirtipur,12098092869,27.684579199999998,85.2766342
Kirtipur,13499099051,27.684993099999996,85.2774031
Kirtipur,2002197619,27.685220900000004,85.2775634
Kirtipur,11780809092,27.685149699999997,85.2775046
Kirtipur,2002197620,27.6854263,85.2776386
Kirtipur,7402369384,27.685053,85.2784566
Kirtipur,2002197630,27.6869799,85.2782552
Kirtipur,9938672678,27.6858319,85.2783524
Kirtipur,2517662506,27.687019500000005,85.2781
Kirtipur,2002197633,27.6872977,85.2783526
Kirtipur,2002197632,27.687201199999993,85.277584
Kirtipur,6525517432,27.687860799999996,85.2774817
Kirtipur,11058117813,27.687457,85.278275
Kirtipur,10838683956,27.6877832,85.2793453
Kirtipur,2002197646,27.688876599999993,85.2810533
Kirtipur,6443251677,27.689292199999997,85.276663
Kirtipur,2019360394,27.6739427,85.2680374
Kirtipur,2019360404,27.674111700000005,85.2693652
Kirtipur,2019360410,27.674255500000005,85.2677507
Kirtipur,9696990446,27.673350499999994,85.267789
Kirtipur,2019360468,27.674805600000003,85.2696536
Kirtipur,3266684150,27.6736572,85.2716125
Kirtipur,2019360438,27.674478099999998,85.2663305
Kirtipur,2208679119,27.6728735,85.2644548
Kirtipur,2019360435,27.674462899999995,85.2724551
Kirtipur,9572578254,27.6747157,85.2720898
Kirtipur,7171300433,27.675094899999998,85.2726231
Kirtipur,2019360675,27.676277399999996,85.2656625
Kirtipur,2019360493,27.675301900000004,85.27061570000001
Kirtipur,11464559214,27.674535899999995,85.2702496
Kirtipur,2019360672,27.676287199999994,85.2716854
Kirtipur,11464559187,27.675189,85.2710017
Kirtipur,11068224976,27.676348,85.2716467
Kirtipur,2019360677,27.676335699999996,85.2720724
Kirtipur,2342691197,27.676450299999996,85.2653301
Kirtipur,2342691128,27.6760877,85.2651091
Kirtipur,11464550666,27.675714700000004,85.2718985
Kirtipur,2342107334,27.676669799999996,85.2728203
Kirtipur,2019361155,27.6778986,85.2666762
Kirtipur,3486716621,27.6779322,85.2669244
Kirtipur,2342691682,27.6780703,85.26519
Kirtipur,2019361214,27.679076899999995,85.2695158
Kirtipur,9724030174,27.678811199999995,85.2686402
Kirtipur,2019361217,27.679215099999997,85.2701181
Kirtipur,13540469580,27.6782788,85.2692002
Kirtipur,2053906718,27.679623399999997,85.2698348
Kirtipur,2513460684,27.673723,85.2823008
Kirtipur,2041461898,27.668689999999998,85.2712664
Kirtipur,2041461900,27.668332599999996,85.2737656
Kirtipur,3240790429,27.669254300000002,85.2713999
Kirtipur,3254993176,27.668950999999996,85.2736293
Kirtipur,2052414304,27.6706025,85.2782434
Kirtipur,3403374311,27.670569299999993,85.277709
Kirtipur,2052414307,27.6706661,85.2782502
Kirtipur,2052414336,27.6718803,85.2808621
Kirtipur,3405324273,27.672978299999997,85.2797281
Kirtipur,8719688523,27.670308299999995,85.2752995
Kirtipur,3240790432,27.671225800000002,85.2749345
Kirtipur,2053906448,27.672349099999995,85.2752779
Kirtipur,3410361447,27.672467600000004,85.27520090000002
Kirtipur,2053906501,27.6728832,85.2771805
Kirtipur,2640029183,27.673146599999995,85.2757965
Kirtipur,3410355426,27.673342999999996,85.2768149
Kirtipur,3405332523,27.6735427,85.2787471
Kirtipur,2053906650,27.674527199999996,85.2770734
Kirtipur,2053906742,27.680422,85.2682076
Kirtipur,13540469587,27.6803263,85.2712306
Kirtipur,2053906781,27.6810689,85.2669634
Kirtipur,13546708268,27.680956200000004,85.2690378
Kirtipur,2053906787,27.6812309,85.2665139
Kirtipur,3479631052,27.6807418,85.2673475
Kirtipur,2053906798,27.681596,85.2657985
Kirtipur,2053906820,27.6819965,85.266311
Kirtipur,2053906804,27.681693899999996,85.2645396
Kirtipur,11455084530,27.6808615,85.2656044
Kirtipur,2053906812,27.681725299999997,85.2643363
Kirtipur,11036951597,27.682906,85.2648356
Kirtipur,11036992016,27.681738400000004,85.26411250000001
Kirtipur,13995680488,27.681169500000003,85.2641094
Kirtipur,2053906813,27.6817174,85.2639706
Kirtipur,2053906818,27.681901199999995,85.2635445
Kirtipur,11455084535,27.6811992,85.2637701
Kirtipur,2053906826,27.6825045,85.2636464
Kirtipur,11036992018,27.6819278,85.2630562
Kirtipur,3463260145,27.682704299999997,85.26762230000001
Kirtipur,11037008106,27.6823074,85.2665615
Kirtipur,11036992008,27.682781899999995,85.2636745
Kirtipur,2057197915,27.6812634,85.2715393
Kirtipur,11037097361,27.6819659,85.2710142
Kirtipur,10880537839,27.678928699999997,85.2801637
Kirtipur,2057443629,27.682122400000004,85.2800073
Kirtipur,11523852492,27.682376799999993,85.2800796
Kirtipur,11064487401,27.681616099999996,85.280503
Kirtipur,2062627733,27.683159799999995,85.2647251
Kirtipur,2062627749,27.683349999999994,85.2650089
Kirtipur,3509668076,27.683120099999996,85.2649226
Kirtipur,2062627775,27.6838892,85.2657743
Kirtipur,13640348200,27.683565999999995,85.2641672
Kirtipur,3463256718,27.684099000000003,85.266193
Kirtipur,11036950293,27.68328689999999,85.2662842
Kirtipur,2062627793,27.684460199999993,85.2672158
Kirtipur,11036932684,27.684504799999996,85.2674004
Kirtipur,11036932704,27.684317099999998,85.2667429
Kirtipur,6094850380,27.684772599999988,85.2670678
Kirtipur,2062627799,27.684642199999995,85.2676844
Kirtipur,2521180340,27.684759,85.2678849
Kirtipur,11036998802,27.684196599999996,85.2676557
Kirtipur,2062627807,27.6850292,85.2684605
Kirtipur,2062627810,27.6851839,85.268666
Kirtipur,11037024624,27.6847285,85.2684455
Kirtipur,2062627823,27.685587400000003,85.2692466
Kirtipur,11037024623,27.684663,85.2690219
Kirtipur,11037024634,27.685508999999996,85.2680825
Kirtipur,2062627826,27.6857366,85.2693233
Kirtipur,2522746088,27.686434600000002,85.2685675
Kirtipur,2062627866,27.68635819999999,85.2695915
Kirtipur,4493261138,27.684632099999995,85.2708911
Kirtipur,2062627846,27.6860966,85.2858716
Kirtipur,3499585042,27.686413900000005,85.2869015
Kirtipur,2254729053,27.685139799999998,85.2831407
Kirtipur,11366106025,27.6862064,85.2856738
Kirtipur,12061551587,27.68632480000001,85.2692357
Kirtipur,2062627870,27.686316699999992,85.2853497
Kirtipur,2062627918,27.68667479999999,85.2854348
Kirtipur,10564155848,27.685523200000002,85.2832375
Kirtipur,2062627881,27.686417999999993,85.285074
Kirtipur,2254729294,27.685546399999996,85.2827799
Kirtipur,2062627926,27.686788100000005,85.2877789
Kirtipur,10564154629,27.686820300000004,85.28546350000002
Kirtipur,2062627970,27.688133700000005,85.2865294
Kirtipur,10923440781,27.6880884,85.2867807
Kirtipur,9696900902,27.669125600000005,85.2838404
Kirtipur,2643178676,27.688742199999997,85.2748456
Kirtipur,12049472841,27.688057399999998,85.2750459
Kirtipur,11058298799,27.688688500000005,85.2742419
Kirtipur,2167523578,27.689025999999995,85.2751624
Kirtipur,11058298787,27.6893216,85.2754593
Kirtipur,11872078770,27.688469600000005,85.276582
Kirtipur,2167523593,27.6892395,85.2713277
Kirtipur,2757767334,27.689054899999995,85.2710979
Kirtipur,2167523684,27.6898929,85.2712777
Kirtipur,3482124928,27.6894873,85.27167340000001
Kirtipur,2254730946,27.688461399999998,85.2724214
Kirtipur,12088416130,27.689247699999992,85.2687476
Kirtipur,2167523624,27.6894751,85.2692771
Kirtipur,2522746305,27.689567099999998,85.2693173
Kirtipur,2522742546,27.6892829,85.2695156
Kirtipur,2167523626,27.689476,85.2764245
Kirtipur,2760085820,27.690527899999996,85.2759992
Kirtipur,2167523679,27.6898403,85.2700036
Kirtipur,2167523705,27.690202700000004,85.2705786
Kirtipur,2167523702,27.6901892,85.2706117
Kirtipur,2522742379,27.68989669999999,85.2695935
Kirtipur,2167523795,27.690786799999998,85.2755538
Kirtipur,11058298783,27.6896048,85.2757059
Kirtipur,2167523916,27.6913148,85.2755926
Kirtipur,11070440695,27.6908441,85.2747591
Kirtipur,9734559255,27.6696744,85.2651247
Kirtipur,3488881592,27.670943899999994,85.2647092
Kirtipur,13499099050,27.68320149999999,85.27774020000001
Kirtipur,10648641711,27.6825537,85.2776709
Kirtipur,2254728741,27.683911500000004,85.2764869
Kirtipur,8936203561,27.684024100000002,85.2765372
Kirtipur,8936203558,27.684186099999998,85.2764671
Kirtipur,2254728862,27.6847299,85.2718272
Kirtipur,5053162077,27.685911499999992,85.2723245
Kirtipur,2254728960,27.6850804,85.27090870000002
Kirtipur,2254729240,27.68549279999999,85.2710999
Kirtipur,2254729105,27.685203700000002,85.2822791
Kirtipur,2254729331,27.685668499999995,85.2706195
Kirtipur,5050422735,27.6856281,85.2711563
Kirtipur,5053129185,27.6850163,85.2714028
Kirtipur,2254729488,27.685942999999998,85.2714052
Kirtipur,9205000512,27.6860258,85.27127
Kirtipur,2254729523,27.6859992,85.271652
Kirtipur,2254729898,27.686542099999997,85.2719839
Kirtipur,7810535759,27.6861132,85.2721218
Kirtipur,2254729612,27.6861518,85.270978
Kirtipur,5050422734,27.685975499999994,85.270874
Kirtipur,2254729763,27.686398299999997,85.2711149
Kirtipur,2254729721,27.6862823,85.267225
Kirtipur,11056457469,27.686056999999998,85.2675333
Kirtipur,2521178709,27.6866566,85.2658516
Kirtipur,2306373794,27.6872395,85.2676031
Kirtipur,2254730049,27.686697900000002,85.2716794
Kirtipur,5053162052,27.686982999999998,85.2708168
Kirtipur,2254730769,27.6877435,85.2719261
Kirtipur,11058042435,27.687019999999997,85.2724602
Kirtipur,11058167922,27.688648499999996,85.2725744
Kirtipur,2298431290,27.683552899999995,85.2681038
Kirtipur,3463258668,27.683263999999994,85.2679689
Kirtipur,2298431338,27.683937300000004,85.2685061
Kirtipur,10872181912,27.683903199999996,85.2686079
Kirtipur,2298431432,27.6841003,85.2684985
Kirtipur,4296417978,27.687325700000002,85.268576
Kirtipur,2342106931,27.675054099999997,85.2737277
Kirtipur,2332467759,27.6876433,85.2767548
Kirtipur,12097345392,27.6756731,85.2741459
Kirtipur,11068224975,27.6765544,85.2733254
Kirtipur,9702761571,27.678450699999996,85.2645441
Kirtipur,2342691796,27.678514099999994,85.2644281
Kirtipur,11011530065,27.678752799999994,85.2645361
Kirtipur,9708889790,27.6788842,85.2638775
Kirtipur,2513460676,27.674447699999998,85.2821696
Kirtipur,2516597061,27.690185699999997,85.2787952
Kirtipur,3316385567,27.691377899999992,85.2781545
Kirtipur,10923723221,27.6908596,85.27917120000001
Kirtipur,2516623779,27.69102549999999,85.2802615
Kirtipur,2516786936,27.680766600000002,85.2807129
Kirtipur,2831039051,27.6811729,85.28048130000002
Kirtipur,2516789968,27.679481800000005,85.2807327
Kirtipur,9049662898,27.6803574,85.2815767
Kirtipur,2516791272,27.679345799999993,85.2811973
Kirtipur,2516814622,27.6792904,85.2814873
Kirtipur,2516814948,27.6787989,85.2809762
Kirtipur,10600399265,27.6780807,85.28110050000001
Kirtipur,2517628397,27.684223900000003,85.277447
Kirtipur,2517662508,27.686666300000002,85.2780401
Kirtipur,6094576835,27.6850297,85.2799311
Kirtipur,2517667531,27.685087799999994,85.280898
Kirtipur,6094576815,27.685061799999993,85.2810341
Kirtipur,6094576813,27.685305899999996,85.2809523
Kirtipur,11780809073,27.685506599999993,85.2802408
Kirtipur,3463256470,27.6857009,85.2665307
Kirtipur,2521180313,27.6853078,85.2670991
Kirtipur,12061551574,27.6855185,85.2673743
Kirtipur,11058155340,27.688510899999997,85.2680567
Kirtipur,3482124913,27.688533899999996,85.27048230000001
Kirtipur,2522737252,27.689136099999995,85.2693147
Kirtipur,2522737553,27.688866399999995,85.2695987
Kirtipur,11058113503,27.688906899999996,85.2691146
Kirtipur,2522737257,27.688855999999998,85.2690504
Kirtipur,2522737258,27.68872339999999,85.2688472
Kirtipur,2522737960,27.688557699999997,85.2687746
Kirtipur,11058155331,27.6886236,85.2689084
Kirtipur,2522737961,27.6882511,85.2689207
Kirtipur,11058155333,27.688400199999997,85.2685215
Kirtipur,2523783831,27.687917799999997,85.2756263
Kirtipur,7810535751,27.6877825,85.2752868
Kirtipur,6525517427,27.688024799999994,85.2766161
Kirtipur,3254997265,27.673257199999995,85.275973
Kirtipur,12049472842,27.688086,85.2756455
Kirtipur,2757746297,27.685649599999998,85.2725978
Kirtipur,6096304034,27.685623899999992,85.2725287
Kirtipur,5053162073,27.6858645,85.2725254
Kirtipur,10872181920,27.685599499999995,85.2734047
Kirtipur,6098817511,27.6913112,85.2772996
Kirtipur,11523852500,27.681012299999992,85.2816016
Kirtipur,3139103840,27.670206499999995,85.2705965
Kirtipur,3240790408,27.669085900000002,85.2691821
Kirtipur,3139103851,27.67188879999999,85.2738075
Kirtipur,3240790421,27.6707084,85.2741054
Kirtipur,3509595223,27.6729694,85.2811811
Kirtipur,3509595228,27.672953299999996,85.2821444
Kirtipur,3509595221,27.67282839999999,85.2811893
Kirtipur,9676966458,27.668277999999997,85.2682037
Kirtipur,10255329794,27.6699645,85.2727073
Kirtipur,3240790425,27.6693742,85.27208410000001
Kirtipur,10255329792,27.6696857,85.2744098
Kirtipur,3259586663,27.6658141,85.2708027
Kirtipur,3304362177,27.678000099999995,85.2806876
Kirtipur,10600399262,27.678042899999994,85.2804069
Kirtipur,10962868674,27.691522,85.278219
Kirtipur,3463256465,27.684821999999997,85.2654096
Kirtipur,3482082869,27.6848611,85.2642792
Kirtipur,11038338743,27.6854983,85.2663745
Kirtipur,3463256716,27.684407700000005,85.2659635
Kirtipur,14000774798,27.683690799999994,85.2631384
Kirtipur,3463257764,27.683194199999996,85.2681962
Kirtipur,3463257767,27.683007800000002,85.26887810000001
Kirtipur,3509668059,27.6826692,85.2692076
Kirtipur,10872181909,27.683291499999996,85.2691849
Kirtipur,3463257773,27.682104899999995,85.2694728
Kirtipur,3463260150,27.6832565,85.2676632
Kirtipur,11037008114,27.682902899999995,85.26571870000001
Kirtipur,3479631037,27.6812988,85.2674744
Kirtipur,3483198514,27.682182199999996,85.2685829
Kirtipur,3482086903,27.686158699999996,85.2652174
Kirtipur,3482124900,27.688118399999993,85.2679616
Kirtipur,3482124910,27.688733600000003,85.2732249
Kirtipur,3482124922,27.6892263,85.2734352
Kirtipur,6083008687,27.6880384,85.2711327
Kirtipur,3482124914,27.688604599999998,85.273636
Kirtipur,3482124921,27.6892625,85.27402990000002
Kirtipur,3482124931,27.689496300000002,85.2738536
Kirtipur,3482124925,27.6894146,85.2730091
Kirtipur,3482124934,27.6897578,85.27221750000001
Kirtipur,11915116030,27.6901747,85.2732656
Kirtipur,13640758088,27.69023040000001,85.2732288
Kirtipur,3482124970,27.690679900000003,85.2743322
Kirtipur,9938672674,27.6861758,85.2795759
Kirtipur,3483198516,27.681654999999996,85.2690281
Kirtipur,3486716622,27.6778133,85.26695040000001
Kirtipur,3486716623,27.677938599999997,85.2671687
Kirtipur,3486716624,27.677634800000003,85.2672173
Kirtipur,3488882194,27.671135999999997,85.2649397
Kirtipur,3494476674,27.686969499999996,85.2797088
Kirtipur,3496200451,27.672638699999997,85.2636299
Kirtipur,9999912992,27.688604100000003,85.28644800000001
Kirtipur,3499585049,27.6870229,85.2871944
Kirtipur,13977868150,27.687453,85.2866547
Kirtipur,3499785368,27.6849224,85.2789469
Kirtipur,3499785381,27.685818699999995,85.2787181
Kirtipur,12049472866,27.6861366,85.2786208
Kirtipur,3503339936,27.667287500000004,85.2789844
Kirtipur,10872181913,27.6855883,85.2735385
Kirtipur,4493261103,27.683249,85.2697971
Kirtipur,11037024615,27.683767299999996,85.2691759
Kirtipur,5047610553,27.6872634,85.2829708
Kirtipur,5050010356,27.689460299999997,85.2841418
Kirtipur,10923518153,27.689543099999998,85.2842223
Kirtipur,13162029610,27.688607599999997,85.2858139
Kirtipur,5050422736,27.685683199999996,85.2710431
Kirtipur,5053129180,27.684600899999992,85.2716833
Kirtipur,5053129186,27.6848746,85.271098
Kirtipur,5053162068,27.686096699999993,85.2725339
Kirtipur,10872181927,27.684566300000004,85.2723518
Kirtipur,5053162078,27.686031699999997,85.2722997
Kirtipur,5235109670,27.688109100000002,85.2847027
Kirtipur,5416197949,27.6669885,85.2819461
Kirtipur,6092288757,27.677611399999996,85.2814203
Kirtipur,13917502491,27.682687699999995,85.2797984
Kirtipur,6095230432,27.685798399999992,85.2739824
Kirtipur,11925443570,27.6857934,85.2742346
Kirtipur,7810535739,27.686217699999997,85.2743295
Kirtipur,7810535746,27.685783899999997,85.2747634
Kirtipur,6095230443,27.686393499999998,85.2749746
Kirtipur,7810535730,27.6863872,85.2742677
Kirtipur,6095230445,27.686618799999994,85.2749876
Kirtipur,7810535741,27.6867697,85.2741115
Kirtipur,10872181917,27.685264600000004,85.2727826
Kirtipur,6624405669,27.684793899999995,85.2727
Kirtipur,6289192477,27.682636099999996,85.2750452
Kirtipur,13640165287,27.6854563,85.2750817
Kirtipur,6525517413,27.68772299999999,85.2743969
Kirtipur,6624405668,27.684778499999997,85.2728071
Kirtipur,7171300416,27.6747035,85.271665
Kirtipur,7171300421,27.675059399999995,85.2717834
Kirtipur,11464559182,27.6752943,85.2717309
Kirtipur,7402369377,27.683512600000004,85.2772294
Kirtipur,9938672660,27.684822299999997,85.2783029
Kirtipur,7610792527,27.6691882,85.2794637
Kirtipur,7810535727,27.6861657,85.2746518
Kirtipur,11037037906,27.684595200000004,85.2749006
Kirtipur,8435889420,27.6885555,85.2861588
Kirtipur,13144481012,27.6886409,85.2861845
Kirtipur,11068224986,27.678827499999997,85.272333
Kirtipur,8624295038,27.684321599999997,85.2740802
Kirtipur,13640165256,27.6835165,85.2739836
Kirtipur,8936203557,27.6835957,85.2759095
Kirtipur,12098092868,27.684112399999997,85.2767412
Kirtipur,9676966456,27.667553899999998,85.2685928
Kirtipur,9676966455,27.667531900000004,85.26864060000001
Kirtipur,9676966457,27.6676693,85.2687099
Kirtipur,9676966462,27.668717999999995,85.2679138
Kirtipur,9696900908,27.668981799999997,85.2834747
Kirtipur,9696990445,27.6733339,85.2682134
Kirtipur,9706668151,27.673222299999995,85.2671888
Kirtipur,9702761560,27.67859049999999,85.2635046
Kirtipur,9702761575,27.678089399999994,85.2638812
Kirtipur,9706506843,27.665769900000004,85.2794629
Kirtipur,9706515402,27.665948399999998,85.275683
Kirtipur,9706515403,27.665703399999998,85.274981
Kirtipur,9706519023,27.666721299999995,85.2840654
Kirtipur,9706519077,27.6663901,85.2827968
Kirtipur,9706519087,27.6674565,85.281874
Kirtipur,11011530077,27.6792622,85.2640571
Kirtipur,9724030175,27.678920799999997,85.2685461
Kirtipur,11038493615,27.679263999999996,85.2687099
Kirtipur,9724030198,27.678944,85.26710270000001
Kirtipur,9938672668,27.682944200000005,85.2807736
Kirtipur,9938672677,27.684201899999998,85.2769872
Kirtipur,9938672679,27.6862271,85.2784339
Kirtipur,13162029611,27.6884907,85.2857924
Kirtipur,10001978787,27.6881959,85.2794387
Kirtipur,11058117808,27.6876411,85.2785001
Kirtipur,10255329793,27.6695006,85.2728708
Kirtipur,10550700293,27.6820012,85.277919
Kirtipur,10648641721,27.6822621,85.277324
Kirtipur,10564154632,27.6869518,85.285158
Kirtipur,10564154641,27.687121699999988,85.2851272
Kirtipur,10564154638,27.6870029,85.2844848
Kirtipur,10564154649,27.687260600000002,85.2848656
Kirtipur,10564154648,27.6871347,85.284474
Kirtipur,12098170902,27.6828678,85.2759969
Kirtipur,10648641723,27.682360199999998,85.2774425
Kirtipur,10648641713,27.682174999999997,85.278129
Kirtipur,10648641717,27.6820659,85.2766513
Kirtipur,10648641722,27.682510299999997,85.277106
Kirtipur,10648641729,27.682965200000005,85.2767539
Kirtipur,10838683941,27.688380299999995,85.2783176
Kirtipur,10838683948,27.6872475,85.2799626
Kirtipur,10838683958,27.687595499999997,85.2800886
Kirtipur,10838683963,27.6872428,85.2802254
Kirtipur,11925443574,27.685428199999997,85.2734059
Kirtipur,11011530073,27.6793061,85.2645493
Kirtipur,11011530075,27.679344099999998,85.26428770000001
Kirtipur,11021747330,27.674169699999997,85.27935850000001
Kirtipur,12061551571,27.6842881,85.2674185
Kirtipur,11036950105,27.684751900000002,85.2666113
Kirtipur,12061531955,27.684173599999998,85.2681046
Kirtipur,11898415806,27.682674199999997,85.2656268
Kirtipur,11037024611,27.6838376,85.2688476
Kirtipur,11037024617,27.684562499999995,85.2697508
Kirtipur,11037024621,27.684631799999995,85.2692784
Kirtipur,12061551582,27.685180900000002,85.269407
Kirtipur,11037024632,27.685747500000005,85.2680724
Kirtipur,11037097334,27.6830797,85.2727718
Kirtipur,11037097360,27.681632299999997,85.2708581
Kirtipur,11986938902,27.685613499999995,85.2660862
Kirtipur,13995680493,27.6795912,85.2633335
Kirtipur,11056457468,27.6861532,85.2676184
Kirtipur,11058042405,27.686661599999997,85.270656
Kirtipur,11058042433,27.687005199999998,85.2721695
Kirtipur,11058113497,27.688500399999995,85.2695096
Kirtipur,12797485093,27.6877469,85.2782909
Kirtipur,11058155341,27.688512899999996,85.2681199
Kirtipur,11058155343,27.688438799999997,85.2677161
Kirtipur,11058167923,27.689215599999994,85.273101
Kirtipur,12096363024,27.6892439,85.2762019
Kirtipur,11058298794,27.68902529999999,85.2742548
Kirtipur,11068224980,27.676450999999993,85.2707385
Kirtipur,11068224981,27.676743800000004,85.2713473
Kirtipur,12097423402,27.6767705,85.270894
Kirtipur,12097423408,27.6760686,85.2703106
Kirtipur,11070440691,27.691313599999997,85.2746155
Kirtipur,11299358850,27.676671199999994,85.2670512
Kirtipur,11299358859,27.6768501,85.2677729
Kirtipur,11366106036,27.686577099999994,85.2863132
Kirtipur,11464529233,27.674709899999996,85.2714908
Kirtipur,11464529234,27.674442099999997,85.2713976
Kirtipur,11464559199,27.67441059999999,85.2715297
Kirtipur,11464559212,27.67465169999999,85.2703455
Kirtipur,11464550662,27.674952799999996,85.2714117
Kirtipur,11464559179,27.6753655,85.271462
Kirtipur,11464551395,27.6744278,85.2703549
Kirtipur,11464559172,27.675461699999996,85.27210100000002
Kirtipur,11464559178,27.675378600000002,85.2713124
Kirtipur,11464559190,27.6742532,85.2699519
Kirtipur,11523852486,27.6819747,85.2805151
Kirtipur,11523852491,27.6823291,85.2805416
Kirtipur,11785928045,27.684302699999993,85.2803558
Kirtipur,12049472849,27.6884588,85.2766534
Kirtipur,12061551569,27.685813599999996,85.2698473
Kirtipur,12088416129,27.6894492,85.2688938
Kirtipur,12797491591,27.6889297,85.2766601
Kirtipur,12097345396,27.675991399999994,85.2736795
Kirtipur,12097345397,27.6771138,85.270544
Kirtipur,12097423401,27.677050799999993,85.2710013
Kirtipur,12098092870,27.6843487,85.2767681
Kirtipur,12098170901,27.6826623,85.2757917
Kirtipur,13540469581,27.679827499999995,85.2716249
Kirtipur,13540469582,27.6804941,85.2720165
Kirtipur,13640165255,27.683470700000004,85.2745889
Kirtipur,13917502490,27.682827799999995,85.2792539
Kirtipur,13917502493,27.682777400000003,85.2794499
Kirtipur,13917502492,27.682471500000002,85.2797393
Kirtipur,13917502494,27.682494200000004,85.2793753
Kirtipur,10923723216,27.691043400000005,85.2798178
Kirtipur,11064235828,27.691021500000005,85.2730346
