place_id,poi_type,name,primary_type,formatted_address,latitude,longitude,distance_from_center_m,google_types
ChIJs5XdmsUZ6zkR6ihsak2jvvU,bank,Layeku SACCOS,bank,"M8FF+HVM, मङ्गल बजार रोड, Lalitpur 44700, Nepal",27.673957,85.3246829,69.36,
ChIJnXAjgMUZ6zkRS1qJsbz6pXg,bank,Sikharadip SACCOS,bank,"M8FF+9JF, महापाल रोड, Lalitpur 44600, Nepal",27.6734301,85.32405399999999,93.22,
ChIJp_S8PwAZ6zkRM3pmWSJz_zA,bank,Global IME Bank Limited,bank,"Lalitpur Patan-16, ललितपुर 44700, Nepal",27.6736005,85.3237858,121.63,
ChIJdc-0GAgZ6zkRP-EcLc2ilf0,bank,Nible bank,bank,"M8FF+VVG, Kwalakhu Nhoolan Marg, Lalitpur 44700, Nepal",27.6746324,85.32468659999999,140.47,
ChIJl7DSYooZ6zkR8oaZrd1QLZQ,bank,Manikeshav Narayan SACCOS,bank,"M8FG+V7V, Bangalamukhi-Shankhamul Rd, Lalitpur 44700, Nepal",27.6746936,85.3257497,161.68,
ChIJ-zChcM8Z6zkRH3YoTzGfqik,bank,Jai Bhimsen SACCOS,bank,"M8FF+G83, महापाल रोड, Lalitpur 44700, Nepal",27.673769,85.323301,172.27,
ChIJST6aY_YZ6zkRFP4EHxyPuaU,bank,Sathibhai SACCOS,bank,"M8FF+P84, Dhaugal Rd, Lalitpur 44700, Nepal",27.6742561,85.3233296,190.05,
ChIJ99Oj8t4Z6zkRWhZ-2IBDWK8,bank,"Nabil Bank Limited, Mangalbazar Branch",bank,"Mangal Bazar Ward 8, Lalitpur 44700, Nepal",27.6752062,85.3247574,202.26,
ChIJpQRSO8UZ6zkRbKIdIBudqBc,bank,Yuva SACCOS,bank,"M8CG+J8G, Hakha-Chusika nani galli, Lalitpur 44700, Nepal",27.6715712,85.3258255,219.0,
ChIJaT2ABc8Z6zkRpeVVup0oHN0,bank,Nepal Bank Limited,bank,"M8FC+GVQ, Gabahal Rd, Lalitpur 44600, Nepal",27.6738426,85.3222322,276.97,
ChIJHSg5VcUZ6zkRE8coinNGlTw,bank,Urja SACCOS,bank,"M8CF+8MQ, Lalitpur 44700, Nepal",27.6708447,85.3242369,293.91,
ChIJW-5b-cUZ6zkRFnRLocz1ac0,bank,Basubarna SACCOS,bank,"M8GF+CPG, Lalitpur 44700, Nepal",27.676061,85.32432879999999,303.18,
ChIJ-eBragAZ6zkRBuxlcZSx_hs,bank,Siddhartha Bank,bank,"M8CG+FJ4 सौगल, Hakha-Chusika nani galli, Lalitpur 44700, Nepal",27.6710162,85.3265066,303.76,
ChIJvXLoN4kZ6zkR7y8_rhI9ceI,bank,Ratnakar SACCOS,bank,"M8FC+HQ8, Gabahal Rd, Lalitpur 44600, Nepal",27.6739121,85.3219596,304.77,
ChIJAagTV8UZ6zkRzabSEujgi3g,bank,Prabhu Bank ATM,atm,"M8CF+8J8, Lalitpur 44700, Nepal",27.6707801,85.32406379999999,305.56,
ChIJZ1Z8w8UZ6zkRWYEd4NzVO9g,bank,Luza: SACCOS,bank,"M8GG+9FM, Kwalakhu Rd, Lalitpur 44600, Nepal",27.675973400000004,85.3261689,308.43,
ChIJdwVR0cQZ6zkRNXLBWY7VH_o,bank,Yala Multipurpose Co-op,bank,"M8CG+9P2, Lalitpur 44600, Nepal",27.6708797,85.3267534,329.17,
ChIJjePJwS4Z6zkR_ho0irZMaqI,bank,Kumari Bank Limited Tangal Branch,bank,"M8CF+6G5, टंगाल मार्ग, Lalitpur 44700, Nepal",27.6705036,85.3238727,340.66,
ChIJqXolA88Z6zkR3vwq5JL47HQ,bank,Laxmi Sunrise Bank Limited - Gabahal Branch,bank,"M8FC+PCJ, Ratnakar Mahavihar, Gabahal Gabahal Rd, Lalitpur 44600, Nepal",27.6739571,85.3215702,343.38,
ChIJmWnuQsUZ6zkRC2BSkAAHQ8Q,bank,Agricultural Development Bank Limited - Mangalbazar Branch,bank,"M8CG+5R9, Lalitpur 44600, Nepal",27.6704116,85.3271037,391.58,
ChIJadky5c4Z6zkRGL3Do_a5pRI,bank,Palpasa Saving & Credit Co-operative Ltd.,bank,"M8FC+H8Q, पुर्नचन्दि, Lalitpur 44700, Nepal",27.673959000000004,85.320849,413.47,
ChIJy3xBB9AZ6zkR5Rhq3OvgJ7U,bank,Luckysree SACCOS,bank,"M89F+WH9, Lalitpur 44700, Nepal",27.6697919,85.3239696,413.84,
ChIJYw821M8Z6zkRKJBMy2yuvKk,bank,Sree Chandi SACCOS,bank,"कुमारिपार्टि, M8CC+6MC, Lalitpur 44700, Nepal",27.6705717,85.3216288,457.3,
ChIJpfm7RtUZ6zkR74kg9IR2fLA,bank,Laxmi Bank Limited - Patan Branch,bank,"M89H+X4Q, Lalitpur 44600, Nepal",27.6699668,85.32786109999999,474.47,
ChIJkwAkK9AZ6zkRv_fmdZDK6ko,bank,Artisans Multipurpose Co-op,bank,"M8CC+3JH, F24, Lalitpur 44600, Nepal",27.670190700000003,85.3216017,489.22,
ChIJYwBRzlIZ6zkRhkWRACw44xM,bank,Nilgiri SACCOS,bank,"M89G+H4V, Prayag Pokhari Marg, Lalitpur 44600, Nepal",27.66899,85.32530849999999,491.31,
ChIJ0SqfmNoZ6zkREaomCFT1liU,bank,Lagankhel SACCOS,bank,"M89F+HPQ, Prayag Pokhari Marg, Lalitpur 44700, Nepal",27.668956,85.3243739,497.98,
ChIJr5shDdAZ6zkRhpoWuP5hv9g,bank,Vee Exim SACCOS,bank,"M89F+JC2, Prayag Pokhari Marg, Lalitpur 44700, Nepal",27.6690102,85.3235061,509.81,
ChIJ7SMElM4Z6zkRedGh039msBE,bank,Padmavati SACCOS,bank,"न:बहाल-२०, न:बहाल, Lalitpur 44700, Nepal",27.6742858,85.31987889999999,513.83,
ChIJJWbtvsgZ6zkRymAIROk5DME,bank,Ta:nani SACCOS,bank,"त:ननी टोल, न्‍याढल, ललितपुर -२२, Lalitpur 44700, Nepal",27.677628,85.32288609999999,514.16,
ChIJDb4y09EZ6zkRsI-49DlKiFE,bank,Nabil Bank,bank,"M89C+XH, Lalitpur 44600, Nepal",27.6699828,85.32137759999999,521.18,
ChIJSxuzLNAZ6zkRPxvrJ98jgqE,bank,Goodwill SACCOS,bank,"M89C+XH7, Satdobato Road, Lalitpur 44600, Nepal",27.6699082,85.32140780000002,525.25,
ChIJF2wtscQZ6zkRPgJjdnxt2rc,bank,"Nabil Bank Limited, Chyasal Branch",bank,"9 Ward, Lalitpur 44600, Nepal",27.67501,85.330066,530.02,
ChIJOfzjzncZ6zkRqvLpWsED8EM,bank,Janapriya Multipurpose Co-op,bank,"M8CC+3C2, Lalitpur 44600, Nepal",27.6701258,85.3210251,534.58,
ChIJ6dGc09EZ6zkRoY9r0WaNhpc,bank,Subidha SACCOS,bank,"त्रिमुर्ति कोम्प्लेस, Lalitpur 44700, Nepal",27.669922,85.321202,538.01,
ChIJgcRMT-UW6zkRTz9L08zLhJE,bank,Siddhartha Bank | Kumaripati,bank,"M8CC+848, Kumaripati - Mahalaximisthan Rd, Lalitpur 44700, Nepal",27.6708178,85.32035839999999,539.79,
ChIJD6vs4c0Z6zkRerk4aQctIjM,bank,Panchashil Multipurpose Co-op,bank,"M8C9+QWJ, Satdobato Road, Lalitpur 44600, Nepal",27.6719649,85.3197618,539.96,
ChIJR1YJCtoZ6zkRfRYzH2fp6mg,bank,राष्ट्रिय सहकारी बैंक,bank,"M89C+PVQ, Lalitpur 44700, Nepal",27.6692561,85.32208659999999,542.8,
ChIJzUFU4rkZ6zkR4W9SOoCj71c,bank,Sanima Bank Limited,bank,"M89C+JWQ, Satdobato Road, Lalitpur 44600, Nepal",27.6690994,85.3223546,544.56,
ChIJf60QONAZ6zkRimHmcNYSdNM,bank,Prime Commercial Bank Ltd. Patan Branch,bank,"उर्मीला स्मृति भवन, पाटन हस्पिटल, Lalitpur 44700, Nepal",27.6690087,85.3224582,548.71,
ChIJl4ltNtAZ6zkRsoclNCj3b48,bank,Rastriya Banijya Bank,bank,"5 Road, Lalitpur 44700, Nepal",27.6691898,85.32207489999999,549.68,
ChIJ4-M_ZvQZ6zkRx2dMb_ir_uM,bank,Shipkala SACCOS,bank,"Prayag Pokhari Marg, Lalitpur, Nepal",27.6682947,85.3250735,567.73,
ChIJzxKs8toZ6zkRzilyXl0-a8o,bank,Hamro Namuna SACCOS,bank,"M89G+842, Prayag Pokhari Marg, Lalitpur 44700, Nepal",27.668251,85.32526800000001,573.15,
ChIJ45wuKWIZ6zkRtLlJ-lyFyyI,bank,"Shangri-la Development Bank, Kumaripati Branch",bank,"M8CC+72M, Satdobato Road, Lalitpur 44600, Nepal",27.6707101,85.3200316,573.45,
ChIJpdBXEM4Z6zkRR6ADXHRU1mg,bank,NMB Bank Limited,bank,"M8CC+62P, Lalitpur 44600, Nepal",27.6705987,85.3200794,576.05,
ChIJazw6NlUZ6zkRq7OPDU2KmWc,bank,Jhee Multiple Co-operative,bank,"M8G9+5R2, Shreebahal Rd, Lalitpur 44600, Nepal",27.6753924,85.3195051,584.7,
ChIJD_l7Dc4Z6zkRe3VUhU98Kxg,bank,Lalitpur City SACCOS,bank,"2nd floor, 1 पूर्णचन्डी मार्ग, Lalitpur 44600, Nepal",27.6715516,85.31941139999999,587.47,
ChIJk77jSNAZ6zkRM8WYRalEhpI,bank,Jeevankunj SACCOS,bank,"M89C+FP5, लगनखेल सडक, Lalitpur 44700, Nepal",27.66865,85.3218749,611.29,
ChIJLwFUStAZ6zkR_2aT_ikRGVM,bank,Nepal Investment Mega Bank,bank,"M89C+FMC, लगनखेल रोड, Lalitpur 44700, Nepal",27.668684,85.321631,620.53,
ChIJ4aeSCc4Z6zkRpVsS7OH3dQ0,bank,Citizens Bank International Limited,bank,"M8C9+HJH, Lalitpur 44600, Nepal",27.6714298,85.3190983,621.1,
ChIJJYx1eMMZ6zkRYi-EWZLVUa8,bank,Dainik SACCOS,bank,"M8C9+GM6, Lalitpur 44600, Nepal",27.6712756,85.3191425,623.32,
ChIJkwgrK8wZ6zkRGk4495KE83I,bank,NAWAKANTIPUR M.P. CO-OPERATIVE,bank,"Nawakantipur, Lalitpur 44700, Nepal",27.6731718,85.3186405,626.77,
ChIJQ_fDoNQZ6zkRYT_VwivBIyk,bank,Hamro SACCOS,bank,"Lalitpur, Nepal",27.6679303,85.3265729,627.62,
ChIJk7cUMdAZ6zkRB5ci-BhmX1A,bank,Nepal Finance Limited,bank,"M89G+5J6, Lagankhel Satdobato Rd, Lalitpur 44600, Nepal",27.6679101,85.3265247,628.64,
ChIJw_dCD84Z6zkRqHmqma5ymQ4,bank,Star SACCOS,bank,"कुमारीपाटी, कुमारीपाटी सडक, Lalitpur 44700, Nepal",27.671056000000004,85.319188,628.9,
ChIJ9YMeHMkZ6zkRyAXg-TAvU60,bank,Siddhartha Bank | Patan,bank,"Patan Dhoka, Patandhoka Road, Lalitpur 13806, Nepal",27.677836900000003,85.3209246,635.97,
ChIJ9fsgHMkZ6zkR9Z75lF0nSmk,bank,Manemandap Saving And Credit Cooperation Ltd.,bank,"Kothulachhi Building, Lalitpur 44600, Nepal",27.6780151,85.3211535,637.83,
ChIJncBmCs4Z6zkR1C2J2U1VgQU,bank,नव ललित बहुउद्देश्यीय सहकारी संस्था लि.,bank,"M8C9+JG9, कुमारीपाटी सडक, Lalitpur 44700, Nepal",27.6715424,85.3188629,638.68,
ChIJhTe9HcwZ6zkROiqfnWzaM4I,bank,Sevenseas Handicraft SACCOS,bank,"M8G9+2GJ, Patan Dhoka-Madan Smarak Road, Lalitpur 44700, Nepal",27.6750834,85.31875529999999,642.8,
ChIJ5R4H_24Z6zkRI3faCf96MlE,bank,Garima Bikas Bank Ltd. Kumaripati Branch,bank,"M8C9+CJJ, Satdobato Road, Lalitpur 44600, Nepal",27.6710759,85.319017,643.37,
ChIJJT1rTtAZ6zkRv9oqYk7_Big,bank,Sammunaat SACCOS,bank,"M89C+8PM, Lalitpur 44700, Nepal",27.668337,85.32179099999999,645.61,
ChIJt-NXftAZ6zkR5kM150iGWm0,bank,Jwala Nhayakan SACCOS,bank,"M89F+3G6, Lalitpur 44700, Nepal",27.6676586,85.3237812,649.6,
ChIJg4QYB9sZ6zkR-0YK0RI0Kg4,bank,Lalitpur District SACCOS,bank,"M89G+3QW, Prayag Pokhari Marg, Lalitpur 44600, Nepal",27.6677487,85.32696039999999,657.38,
ChIJqVjw4M0Z6zkRBItan1y69QA,bank,Global IME Bank Limited,bank,"Lalitpur 44600, Nepal",27.671623,85.31861839999999,658.77,
ChIJi_8HqtsZ6zkRpgyr_BRinWY,bank,Naya Tara SACCOS,bank,"M89G+2PR, Prayag Pokhari Marg, Lalitpur 44700, Nepal",27.6676052,85.32676330000001,667.34,
ChIJq5nY480Z6zkRtORL5aROG0c,bank,Pashupati SACCOS,bank,"M8C9+GCP, कुमारी पाटी सडक, Lalitpur 44700, Nepal",27.671342,85.318575,672.82,
ChIJ-QITwKkZ6zkR-po63TrBOUc,bank,Lumanti SACCOS,bank,"M89H+FQP, Hakatole, Lalitpur 44600, Nepal",27.6687164,85.3294631,681.47,
ChIJmydRrdEZ6zkRZe8IPD0Q-28,bank,Laxmi Bank Limited,bank,"पाटन हस्‍िपटल, लगनखेल रोड, Lalitpur 44700, Nepal",27.6681279,85.3213164,689.39,
ChIJWeetfNoZ6zkRY8xsdCDJC4o,bank,Teacher's Development SACCOS,bank,"M88F+VRG, Lalitpur 44700, Nepal",27.667197,85.3245879,690.93,
ChIJ52IA2UkZ6zkR8Xz2-wz7rHA,bank,Muktinath Bikash Bank,bank,"M8C9+P9, Lalitpur 44600, Nepal",27.6718146,85.31810329999999,701.67,
ChIJ8b2UZNoZ6zkRAEQstm_AKjM,bank,Lalitpur Multipurpose Co-op,bank,"M88F+RVM, Lalitpur 44700, Nepal",27.6670796,85.3246873,703.47,
ChIJpb_Bws0Z6zkROMXuzlQEC7Q,bank,Ananta SACCOS,bank,"M8C9+P6G, कुमारीपाटी मार्ग, Lalitpur 44700, Nepal",27.6718133,85.3180754,704.36,
ChIJO9DKfNAZ6zkRMg5PRr20Dfs,bank,Global IME Bank Limited,bank,"M89C+4J5 Karmachari Sanchaya Kosh Building, Mahalaxmi Road, Lalitpur 44700, Nepal",27.6678464,85.3214639,708.95,
ChIJdd63hNAZ6zkRW4OdFdVCkic,bank,Everest Bank Ltd. Lagankhel Branch,bank,"M88F+RGV, Lalitpur 44600, Nepal",27.667111,85.3237979,709.25,
ChIJUZvtrjcZ6zkR6N0fkpIXplM,bank,Tridev SACCOS,bank,"M88F+RM7 near Medat hospital, Lalitpur 44700, Nepal",27.6670487,85.32417679999999,710.87,
ChIJ3fYiedoZ6zkRzrO_BoiOWSI,bank,Laxmi Sunrise Bank Ltd. Lagankhel Branch,bank,"M88F+RHF, Karuna Rd, Lalitpur 44700, Nepal",27.6670527,85.3239299,713.61,
ChIJsdq6j48Z6zkRykyRLEQHS_M,bank,Stambha SACCOS,bank,"M88F+RH9, Lalitpur 44700, Nepal",27.6670328,85.32396969999999,715.23,
ChIJ4W35cEgZ6zkREKb_gS74NDc,bank,Kamana Sewa Bikash Bank Limited Kumaripati,bank,"M8C9+P5V, Lalitpur 44700, Nepal",27.6718516,85.3179186,718.29,
ChIJ3dCyhkcZ6zkReQNnmSuajZo,bank,Pumori SACCOS,bank,"M88F+PPP, Lalitpur 44700, Nepal",27.6668468,85.3243292,731.67,
ChIJJfylwM0Z6zkRg3JAgSXUDuc,bank,Sahayatri SACCOS,bank,"मानभवन, कुमारीपाटी सडक, Lalitpur 44700, Nepal",27.6720731,85.31743999999999,758.96,
ChIJl-CucdoZ6zkRMmLZ4XaYvU0,bank,Appolo Multipurpose Coop,bank,"M88F+JQH, Lalitpur 44700, Nepal",27.666571,85.32447049999999,761.14,
ChIJP4IR7dwZ6zkRd5xnK3l9-0s,bank,Swaniga SACCOS,bank,"सिन्‍पा, M89J+C6F, Lalitpur 44600, Nepal",27.6685702,85.3305326,765.03,
ChIJFSVLvs0Z6zkR0zLwE44ArHM,bank,Machhapuchchhre Bank Limited,bank,"M8C8+MWW, Lalitpur 44600, Nepal",27.6717323,85.317324,778.32,
ChIJq6oa59wZ6zkRhk84mGOAz90,bank,Freedom SACCOS,bank,"M89J+HC3, Lalitpur 44600, Nepal",27.6688836,85.3310427,778.66,
ChIJeUtJAdEZ6zkRRsa6Gt8o3M8,bank,United Education SACCOS,bank,"यूनाईटेड, लगनखेल रोड, Lalitpur 44700, Nepal",27.667108,85.321077,799.21,
ChIJeVEmBNEZ6zkR37S22vno5lc,bank,Lalitpur Consumer Cooperative Ltd.,bank,"M88C+R94, Road, Lalitpur 44700, Nepal",27.6670212,85.32094,814.22,
ChIJiR75kVYZ6zkR0fcb9yrxEtw,bank,Dhanalakshmi SACCOS,bank,"M88F+9G9, Lalitpur 44700, Nepal",27.6659031,85.3238562,841.19,
ChIJJT0mM7QZ6zkR9fN5xo3LTg4,bank,Machhapuchchhre Bank Pulchowk,bank,"M8G9+X2M, Lalitpur 44600, Nepal",27.677439,85.317587,857.08,
ChIJDwTfbMcZ6zkRfMvU0T35QrI,bank,Manidwon SACCOS,bank,"M8JG+8WX, Lalitpur 44600, Nepal",27.6808631,85.3273612,861.82,
ChIJWVsVDNQZ6zkRG2PuShZNv34,bank,Hello Nayan SACCOS,bank,"M88C+J94, Lalitpur 44700, Nepal",27.6665184,85.3209644,862.25,
ChIJIcD-NdAZ6zkRQoCBMOK2jCk,bank,Maatri SACCOS,bank,"First Floor, Karuna Path, Lalitpur 44700, Nepal",27.665635,85.3244957,864.86,
ChIJr1_b19EZ6zkRWkyECzCESp4,bank,Kumari Bank Limited,bank,"Agnishala Rd, Lalitpur 44700, Nepal",27.6721495,85.3163161,866.39,
ChIJ1eMZiMwZ6zkRllyy5Gc6cCw,bank,Gainwell SACCOS,bank,"पुल्चोक, मछिन्द्र मार्ग, Lalitpur 44600, Nepal",27.6752602,85.3164168,870.17,
ChIJBX87Cs0Z6zkRZko9pNwmrvs,bank,Laligurans SACCOS,bank,"M8C8+QFF, Lalitpur 44700, Nepal",27.6719322,85.3161567,886.01,
ChIJMe6l8ecZ6zkRZRI4SzheHdU,bank,Jor Ganesh Saving & Credit Cooperative Ltd,bank,"M89M+X8W, Pinchhen 7, Lalitpur 44600, Nepal",27.66999,85.3333198,902.79,
ChIJ41bkd9oZ6zkRjSScV5XkveU,bank,Yupgram SACCOS,bank,"M8F8+678, Lalitpur 44600, Nepal",27.673027,85.3157141,915.37,
ChIJQ39NfAAZ6zkR6-XTMNIpDCM,bank,Rastriya Banijya Bank Limited (RBBL),bank,"Gwarko -17, ललितपुर 44700, Nepal",27.6671547,85.331183,923.58,
ChIJu_f_gMwZ6zkRBKGteJ2g6hA,bank,Guna Multipurpose Co-op,bank,"Tripadma School Rd, Lalitpur 44700, Nepal",27.6758376,85.3160254,924.4,
ChIJRcRdI8oZ6zkRKc9zidoCqIw,bank,Kanchan Development Bank,bank,"M8H9+WHQ, Krishna Galli Marg, Lalitpur 44600, Nepal",27.679841,85.31897,930.34,
ChIJI_U9Ds0Z6zkRqFzjlF2_6hM,bank,Doleshwor Multipurpose Co-op,bank,"M8C8+R76, Kathmandu 44600, Nepal",27.6720432,85.31563829999999,934.16,
ChIJAZ9z7swZ6zkR5HMS_abN8EU,bank,Alkapuri SACCOS,bank,"M8F8+M62, Lalitpur 44700, Nepal",27.6741276,85.31550969999999,938.05,
ChIJAZ9z7swZ6zkRQPYOSfnUANw,bank,Narasimha SACCOS,bank,"M8F8+M62, Lalitpur 44700, Nepal",27.6741276,85.31550969999999,938.05,
ChIJu1Asf8sZ6zkRdEtOp7bclqI,bank,Carina SACCOS,bank,"M8G8+HCH, Tripadma School Rd, Lalitpur 44700, Nepal",27.6764381,85.3160978,939.47,
ChIJlatoncsZ6zkRxVO3RtYXMdw,bank,Namaste Shuv SACCOS,bank,"M8G8+PFX, Tripadma School Rd, Lalitpur 44700, Nepal",27.676866,85.31624800000002,944.09,
ChIJK29GIugZ6zkR7Akh2zNl2po,bank,Shree Bhola Ganesh Saving & Credit Cooperative Ltd,bank,"M8CM+XV7, Road, Lalitpur 44600, Nepal",27.6724014,85.3346787,959.56,
ChIJPYhcdssZ6zkR8hjpMhzb7h4,bank,Shree Laligurans Multipurpose Co-op,bank,"M8G8+QCR, Lalitpur 44600, Nepal",27.6769819,85.3160037,971.31,
ChIJh7YPl4MZ6zkRNgS3ea-vSO8,bank,Maa baglamukhi sahakari,bank,"M8JH+JHH, UN Park Lane, Lalitpur 44600, Nepal",27.6813904,85.32904429999999,973.66,
ChIJgWRYncwZ6zkRwcGtAuhvaHU,bank,Sumeru SACCOS,bank,"M8G8+C55, Lalitpur 44600, Nepal",27.6760247,85.31546960000001,982.83,
ChIJ60ZI68oZ6zkRbWk3kOtF3rg,bank,Everest Bank Ltd. Pulchowk Branch,bank,"M8H8+6J6, Lalitpur 44700, Nepal",27.678036,85.316501,982.95,
ChIJgZ0LpN0Z6zkRcfyeJB_bwRk,bank,Nepal SBI Bank Limited,bank,"M88J+VR3, रिङ्ग रोड, Lalitpur 44600, Nepal",27.667128,85.332049,984.0,
ChIJc4UNWSsZ6zkREO1M-H94fGY,bank,Shree Pinnacle SACCOS,bank,"M8F7+2X5, Lalitpur 44600, Nepal",27.6725149,85.3149913,990.51,
ChIJIZWsY8sZ6zkRW7gZIw_xZKo,bank,Career SACCOS,bank,"M8G8+F49, Tripadma School Rd, Lalitpur 44700, Nepal",27.6761657,85.3153671,997.2,
ChIJezhPdN0Z6zkRLyjMTATCNCU,bank,Global IME Bank Limited,bank,"44600 Rd, Lalitpur 44700, Nepal",27.6680357,85.33322439999999,1005.86,
ChIJHXCSccsZ6zkRJkhCspC-JLA,bank,Puchwo SACCOS,bank,"M8G8+R7M, Lalitpur 44700, Nepal",27.6770919,85.3156736,1005.98,
ChIJ744SwTIY6zkRgqzOLR9ue6c,bank,NIC ASIA Bank Jawalakhel Branch,bank,"M8C7+WWG, Lalitpur 44600, Nepal",27.6722478,85.31483399999999,1009.27,
ChIJ6-14C8sZ6zkR4P7Ezyjo-6Y,bank,डायनामिक वचतऋृण सहकारी,bank,"M8H8+39F, Lalitpur 44700, Nepal",27.6776902,85.3159319,1012.4,
ChIJEW92118Z6zkR5ZYzOpZb1b4,bank,"Prime Commercial Bank, Pulchowk",bank,"Lalitpur 44600, Nepal",27.6781031,85.3161954,1012.52,
ChIJaew9qmEZ6zkRFkzOjCsWpNU,bank,Nepal Investment Mega Bank (NIMB),bank,"M8JJ+67V, Shankhamul Brg, Kathmandu 44600, Nepal",27.6806337,85.3312723,1014.13,
ChIJKQMGbSkZ6zkRtqiRkEuiMZ8,bank,Pratibha Saving and Credit Co-operative Ltd.,bank,"Road, Lalitpur 44700, Nepal",27.6652303,85.3203757,1016.18,
ChIJbYjHn8wZ6zkRuk5jdHmLIBE,bank,Neel Baarahi SACCOS,bank,"M8G8+922, Lalitpur 44700, Nepal",27.675889,85.315028,1020.24,
ChIJVdgYqMsZ6zkRB9oI-2B1cMs,bank,Pragati SACCOS,bank,"M8H8+8FG, Lalitpur 44700, Nepal",27.6783013,85.316214,1022.53,
ChIJ_ZxVhMwZ6zkR2WeswfJxqwg,bank,Global IME Bank Limited,bank,"M8F7+RV, Lalitpur 44600, Nepal",27.674608400000004,85.31468699999999,1024.42,
ChIJf6LgX8sZ6zkRUJaS4vaHNLc,bank,Tapai Hamro SACCOS,bank,"M8G7+9X2, Lalitpur 44700, Nepal",27.6758928,85.314903,1032.21,
ChIJRdiXJ80Z6zkRVyT1fII86Ms,bank,Nepal SBI Bank Ltd. Patan Branch,bank,"Patan, Lalitpur 44700, Nepal",27.6729361,85.3144039,1044.73,
ChIJQzqLCUEZ6zkR-QCJLM1Aluk,bank,Delight Multipurpose Co-op,bank,"M8F7+2Q2, Lalitpur 44600, Nepal",27.6725168,85.3143832,1050.1,
ChIJHcnTU8oZ6zkRbjFcomkEkoI,bank,NIC ASIA Bank Pulchowk Branch,bank,"M8H8+PMR, Lalitpur 44700, Nepal",27.6793189,85.31666799999999,1051.83,
ChIJ5-IiSEsZ6zkRydph5jVGqEE,bank,Kantipur SACCOS,bank,"M8F7+9M, Lalitpur 44600, Nepal",27.6734615,85.31422769999999,1060.83,
ChIJwwymXhoZ6zkRP5jd7VEwzyI,bank,Nepal Finance limited,bank,"M8J9+PWW, Lalitpur 44600, Nepal",27.6818345,85.3199228,1062.81,
ChIJwZkWJc0Z6zkROhV2kwwgKWE,bank,Standard Chartered Bank,bank,"M8F7+GMW, Lalitpur 44700, Nepal",27.6738527,85.3142033,1064.4,
ChIJfS-D5o4Z6zkRHoe9v9C2_d4,bank,"Kamana Sewa Bikas Bank Limited , Gwarko",bank,"M88J+GWX, Lalitpur 44705, Nepal",27.6663716,85.332354,1065.48,
ChIJrZTWRMoZ6zkR-2ccvm9lhGE,bank,Guheswori Merchant Banking & Finance Ltd .,bank,"Harihar Bhawan Marg, Lalitpur 44700, Nepal",27.6798463,85.3168385,1076.89,
ChIJ8zkZYsAZ6zkRYTY4WTASb3w,bank,Prabhu Bank Limited,bank,"Near Shankhamul Bridge, शंखमुल रोड, Kathmandu 44600, Nepal",27.681058,85.3317154,1078.14,
ChIJJ3lcCB8Z6zkRpbM6n7_PjZc,bank,Laxmi Bank,bank,"Sincere Business Complex, Lalitpur 44601, Nepal",27.6783809,85.3155973,1078.92,
ChIJEbEAKQEZ6zkReiS7SSaEIBQ,bank,Prabhu Bank Limited,bank,"M8F7+5J3, Jawalakhel Rd, Lalitpur 44600, Nepal",27.6728666,85.31403189999999,1081.72,
ChIJQZRmAtwZ6zkRkA8N6oq-Ct8,bank,Siddhartha Bank Ltd. Gwarko (B & B Extension Counter) Branch,bank,"M87H+RXM B & B EXTENSION COUNTER, Ring Rd, Lalitpur 44700, Nepal",27.6645949,85.3299361,1093.11,
ChIJcbV-C_YZ6zkRYl9rnLsd3ts,bank,Nawa Udaya Multipurpose Co-op,bank,"M8C7+WHG, Lalitpur 44600, Nepal",27.6723038,85.3139568,1094.3,
ChIJRx8fYsAZ6zkRaUwWY4GaB_Q,bank,Galkot Ghumte Multipurpose Co-op,bank,"M8JJ+GPF, Bangalamukhi-Shankhamul Rd, Kathmandu 44600, Nepal",27.681316,85.331785,1105.07,
ChIJpXD698oZ6zkRRQQN0yD3Gag,bank,Rastriya Banijya Bank,bank,"M8H8+WG2, Lalitpur 44600, Nepal",27.6797669,85.3162629,1114.2,
ChIJ35yEzSgZ6zkRMK2-lxcimh4,bank,Citizens Bank Limited - Gwarko Branch,bank,"M88J+2F9, Lalitpur 44700, Nepal",27.665035000000003,85.3312486,1115.27,
ChIJ85LxWMoZ6zkR0_SelbAgPR8,bank,Nepal Investment Mega Bank Limited,bank,"M8H8+VFV, Lalitpur 44700, Nepal",27.679731,85.3161849,1117.62,
ChIJs1B_aOgZ6zkR01Ch1PYEDWM,bank,Deprosc Laghubitta Bikas Bank Ltd.,bank,"M8CP+RGR, Sahid Sukraraj Marg, Lalitpur 44700, Nepal",27.6721247,85.33627899999999,1119.72,
ChIJSRJSZugZ6zkRom8-V7Uw0I8,bank,Dristi Multipurpose Co-op,bank,"M8CP+RGX, Lalitpur 44600, Nepal",27.6721068,85.33635939999999,1127.83,
ChIJO4hBbMoZ6zkRzXK39BOA3Vk,bank,Himalayan Bank Ltd. Patan Branch,bank,"M8J8+CWP, पुल्चोक रोड, Lalitpur 44700, Nepal",27.681079,85.31733,1139.97,
ChIJY_DZg8AZ6zkRFJ0xYxt2b_E,bank,Ugartara Bahuudhesyiya Co-op,bank,"M8JJ+VG9, Kathmandu 44600, Nepal",27.682151,85.331372,1157.83,
ChIJieSq5coZ6zkRvnCFYTfkIqg,bank,Everest Bank IRN,bank,"M8H8+Q5J, Lalitpur 44600, Nepal",27.6794605,85.3153846,1162.18,
ChIJvbc0gd0Z6zkRKLrBmfV3Xbk,bank,Prabhu Bank Limited,bank,"44600 Ring Rd, Lalitpur 44700, Nepal",27.6683404,85.3355204,1178.93,
ChIJzQ2RvCEZ6zkRmptwOtr25mg,bank,Gyanjoti SACCOS,bank,"Yaat Paun Marg, Kathmandu 44600, Nepal",27.6814228,85.3328576,1180.9,
ChIJi1wJOOIZ6zkReQrpngOsNGk,bank,ज्ञान ज्योति महिला उत्थान सहकारी,bank,"Yaat Paun Marg, Kathmandu 44600, Nepal",27.6814277,85.33293300000001,1186.19,
ChIJLxhB4rUZ6zkRAYQLCrZ1_m0,bank,Nabil Bank Limited - Pulchowk Branch,bank,"3468 Yala Sadak, Lalitpur 44600, Nepal",27.6816742,85.3173918,1186.5,
ChIJCWM6icoZ6zkRXiOXW3yZdXw,bank,Standard Chartered Bank,bank,"M8J8+998, Lalitpur 44600, Nepal",27.6809131,85.3159467,1221.76,
ChIJLVCK9J4Z6zkRBUmhREvSGcM,bank,Machchhapuchchhre Bank ATM,bank,"Prera Business Complex, Lalitpur 44600, Nepal",27.671476,85.31255159999999,1244.4,
ChIJu0Yjo9YZ6zkRkzcrnVuOC-o,bank,Narahari SACCOS,bank,"22 Mahalaxmi Mandir Marga, Lalitpur 44700, Nepal",27.663182,85.319373,1264.12,
ChIJiZMqlTIY6zkRTuhyldg8mg4,bank,Subekshhya Multipurpose Co-op,bank,"M8C6+MWF, Lalitpur 44700, Nepal",27.671695,85.312286,1266.3,
ChIJ_6AYlTIY6zkRwzmQj_-cbWc,bank,Mega Bank,atm,"Lalitpur Metropolitan City - 04, Lalitpur 44709, Nepal",27.671408,85.31219899999999,1279.91,
ChIJCwIYlTIY6zkR0XNgQXO13pg,bank,Nepal Investment Mega Bank Limited,bank,"जावलाखेल रोड, Lalitpur 44700, Nepal",27.6713939,85.31220130000001,1279.95,
ChIJwQOZoucZ6zkR61OkQr3BwNY,bank,Machhapuchchhre Bank,bank,"M89P+PVW, Ring Rd, Lalitpur 44600, Nepal",27.6693519,85.33719839999999,1282.83,
ChIJL-k36b8Z6zkRgFN_6U1LVKE,bank,Laxmi Sunrise Bank Limited,bank,"M8MM+25J, Shankhamul Marga, Kathmandu 44600, Nepal",27.6825984,85.3328906,1284.47,
ChIJUZI33rUZ6zkRJy70YANb5uQ,bank,Citizens Bank International Limited,bank,"M8M9+CCG, Lalitpur 44600, Nepal",27.683574,85.3185769,1296.1,
ChIJHQAAHp0Z6zkRjnm84YqsZbg,bank,Siddhartha Bank Limited,bank,"Shankhamul Marga, Kathmandu 44600, Nepal",27.6826263,85.33316289999999,1303.31,
ChIJ90wroN0Z6zkRoLNgCS66AKk,bank,Everest Bank Ltd. Gwarko Branch,bank,"Chowk Ring Rd, Lalitpur 44700, Nepal",27.6655878,85.3351182,1321.92,
ChIJb7H5N18Z6zkRK3HrMbQR_QI,bank,Sadbhab Multipurpose Co-op,bank,"M8MM+66P, Kathmandu 44600, Nepal",27.6830951,85.3330812,1339.93,
ChIJF9y36K8Z6zkRb2KNa3CTO24,bank,WEAN Multipurpose Co-op,bank,"Lalitpur 44700, Nepal",27.6621376,85.32014219999999,1340.59,
ChIJwe5voj4Z6zkRblldJt71AaM,bank,EBL ATM IMADOL,bank,"M88P+656, Lalitpur, Nepal",27.6655341,85.33538639999999,1345.81,
ChIJvXbtU0YZ6zkRAsMqak6J0wo,bank,prime bank LTD shankhamul branch,bank,"M8MM+778, Shankhamul Marga, Kathmandu 44600, Nepal",27.6831519,85.3332001,1351.98,
ChIJ2xhsnNYZ6zkRIxb_s4r4EdM,bank,Vijaya Multipurpose Co-op,bank,"M869+XJC, Road, Lalitpur 44700, Nepal",27.6624493,85.3190005,1353.43,
ChIJKWhXM4IZ6zkR6kk5WhNgN1c,bank,Sanima Bank,bank,"M8CQ+9C9, Ring Rd, Lalitpur 44600, Nepal",27.6709689,85.3385505,1361.51,
ChIJDw_rS-cZ6zkRvEVeBerH9eY,bank,Hari Om Multipurpose Co-op,bank,"M88P+34W, Imadol Marg, 44700, Nepal",27.665241,85.335334,1363.36,
ChIJ073GFeYZ6zkR3UidgbDkaLA,bank,Citygram Multipurpose Co-op,bank,"M89Q+V8R, Lalitpur 44600, Nepal",27.6697388,85.3382785,1369.53,
ChIJpfFZvb8Z6zkRvMw8tdU4xAo,bank,Shantidoot SACCOS,bank,"M8MJ+HX7, मध्य मार्ग, Kathmandu 44600, Nepal",27.6839157,85.3324201,1378.81,
ChIJ9229rOoZ6zkRB_7qnIW436E,bank,Eco Care SACCOS,bank,"M8JM+XV7, Kathmandu 44600, Nepal",27.6824064,85.33466820000001,1381.78,
ChIJfYeXgtYZ6zkROr3WL7KU4lk,bank,Miteri SACCOS,bank,"Sanchaykosh Building 2nd Floor, Lalitpur 44700, Nepal",27.6621744,85.3188235,1388.55,
ChIJ4cyGm8AZ6zkR1CRCntvrWmA,bank,"कुमारी बैंक लिमिटेड, शंखमूल",bank,"M8MM+C9X opposite to shankhamul tower, Kathmandu 44601, Nepal",27.6836189,85.33349969999999,1411.27,
ChIJmcz-JxQZ6zkR6Rau9Iygtb8,bank,Citizens Bank International Limited,bank,"M878+5QF, Ring Rd, Lalitpur 44700, Nepal",27.6629313,85.3167813,1417.79,
ChIJo1Kkq-gZ6zkR8p1XLL9_rNU,bank,Nabil Bank Limited Balkumari Branch,bank,"M8CQ+FPX, 44600 Ring Rd, Lalitpur 44600, Nepal",27.6711614,85.339226,1422.87,
ChIJEcHxfy0Y6zkR13sNr8qb3D0,bank,United Multi Purpose Co-op,bank,"13, Lalitpur 44700, Nepal",27.669932,85.31107290000001,1424.68,
ChIJYzM1BuYZ6zkRo1E_0O0FlFQ,bank,Global SACCOS,bank,"M8CQ+4PC, Lalitpur 44600, Nepal",27.6703026,85.33926629999999,1446.5,
ChIJD98QLNQZ6zkRt3SVqJE461Y,bank,Green House SACCOS,bank,"M869+P93, Ring Rd, Lalitpur 44700, Nepal",27.661771,85.318412,1446.72,
ChIJYzM1BuYZ6zkRC4g2qZLFZTw,bank,Biswo SACCOS,bank,"M8CQ+4PM, Boje Pokhari Marga, Lalitpur 44700, Nepal",27.6703257,85.33930749999999,1449.83,
ChIJRZy1PeEZ6zkRr4o8EE9dY20,bank,Ankur SACCOS,bank,"44700, Nepal",27.6649306,85.33624329999999,1453.57,
ChIJW6bbCOYZ6zkRZvF-uh-sJDE,bank,Sree Samuhik Sewa Multipurpose Co-op,bank,"M8CQ+2PC, Lalitpur 44600, Nepal",27.6700616,85.3392777,1454.2,
ChIJA6ryDHQZ6zkRnRQiv7Eweu4,bank,Samar Saving and Credit Co-operative Ltd.,bank,"Jwagal Madhu Marg, Lalitpur 44600, Nepal",27.6854433,85.31909309999999,1460.02,
ChIJw1vI3L8Z6zkRhHoREtBGMFg,bank,Swo-bikash SACCOS,bank,"New Baneshwor, शंखमुल मार्ग, Kathmandu 44600, Nepal",27.684202,85.3336941,1475.0,
ChIJ2XzXYiIZ6zkR0yQvNwvnvVc,bank,Sanima Bank Limited -Thasikhel Branch,bank,"M878+2FM, Lalitpur 44700, Nepal",27.6625983,85.31618519999999,1481.96,
ChIJl2-i9dQZ6zkRH2OrlkxAshU,bank,Pratibha Multipurpose Co-op,bank,"M878+3C5, Ring Rd, Lalitpur 44700, Nepal",27.662636,85.316125,1482.05,
ChIJ37yvXnoZ6zkRxy3NpBMK2HY,bank,Hilltop Junar Investment Branch Office,bank,"M86F+2H7, Lagankhel Road, Lalitpur 44700, Nepal",27.6600478,85.32391229999999,1488.56,
ChIJC3356SwY6zkRXK9VoSjE1Q8,bank,Muktinath SACCOS,bank,"M886+9WV, Ring Rd, Lalitpur 44700, Nepal",27.6659952,85.3123016,1497.25,
ChIJP0sAbsUZ6zkRAb7-wlLyPtw,bus_stop,Mangal Bazar,bus_stop,"Mangal Bazaar, Lalitpur 44600, Nepal",27.6726484,85.32491979999999,83.95,
ChIJa-mhJs4Z6zkRspUJ-inaSEY,bus_stop,Kumaripati Agnishal,bus_stop,"Kumaripati, Lalitpur 44600, Nepal",27.6706587,85.320484,539.16,
ChIJFTjbk9oZ6zkRJzXoq97P8gM,bus_stop,Prayag Pokhari,bus_stop,"Thaina, Lalitpur, Nepal",27.6685126,85.3249672,543.46,
ChIJycEyTNAZ6zkRH1ZXTg-FK_s,bus_stop,Patan Hospital Bus Stop,bus_stop,"Sincha, Lalitpur 44700, Nepal",27.6683439,85.3216529,651.71,
ChIJ-1CzdMwZ6zkRuK7qFhX6-2I,bus_stop,TOURIST BUS PARK,bus_stop,"Natole Rd, Lalitpur 44700, Nepal",27.675764,85.317497,784.22,
ChIJ6-ncCM0Z6zkRFiLyy6LqLJM,bus_stop,Manbhawan Bus Stop,bus_stop,"Lagankhel Sadak, ललितपुर 44700, Nepal",27.6721328,85.3159534,901.95,
ChIJH00mnssZ6zkRgbjl1BOOnno,bus_stop,Pulchowk,bus_stop,"Pulchowk, Lalitpur 44600, Nepal",27.6767823,85.316171,947.28,
ChIJ6UVYEM0Z6zkRlMZ3Xi1g70s,bus_stop,Manbhawan,bus_stop,"Manbhawan, Lalitpur 44600, Nepal",27.672205,85.3154062,954.06,
ChIJM_B1sd0Z6zkRwuHrDBEaOpY,bus_stop,Gwarko Bus Stop,bus_stop,"Ring Rd, Lalitpur 44600, Nepal",27.666858,85.3321,1008.98,
ChIJ-YD9sN0Z6zkRxhL1UfiU9UU,bus_stop,ग्वार्को,bus_stop,"Ring Rd, Lalitpur, Nepal",27.6668304,85.3321983,1017.91,
ChIJ34XcpN0Z6zkRefpBYM_cTVM,bus_stop,ग्वार्को,bus_stop,"Ring Rd, Lalitpur, Nepal",27.6671298,85.3325524,1019.44,
ChIJSaSXP-gZ6zkRYk3iwIJlL18,bus_stop,Bakumari Chyasal Bus Stop,bus_stop,"Sahid Sukra Raj Marg, Balkumari 44700, Nepal",27.672409,85.335517,1041.51,
ChIJnWcdJc0Z6zkRb274BvQO7nI,bus_stop,Jawalakhel Bus Stop,bus_stop,"Lagankhel Satdobato Rd, Lalitpur 44700, Nepal",27.6724331,85.3144276,1046.66,
ChIJa7naLs0Z6zkR_jFqLPoSWl8,bus_stop,Jawalakhel Bus Stop,bus_stop,"Lagankhel Satdobato Rd, Lalitpur 44700, Nepal",27.6724723,85.3141164,1076.72,
ChIJNYTDHLYZ6zkRzh3U5sto8GE,bus_stop,Engineering Campus Bus Stop,bus_stop,"Patandhoka Road, Lalitpur 44700, Nepal",27.6822289,85.3195064,1120.91,
ChIJrUG3o94Z6zkRKGp4_ji4UOI,bus_stop,B And B,bus_stop,"Lalitpur 44700, Nepal",27.6643106,85.33022369999999,1134.08,
ChIJ1_QTbcoZ6zkRSqSqbO8dISM,bus_stop,HariharBhawan,bus_stop,"Hariharbhawan, Lalitpur 44600, Nepal",27.6810722,85.31739739999999,1135.02,
ChIJJ75JZuoZ6zkRvUYd07eIWPw,bus_stop,Partner city maikarovasa Park,bus_stop,"Koteshwor, Kathmandu 44600, Nepal",27.6789864,85.3355064,1206.75,
ChIJne6iYtcZ6zkRRTcqAiCebko,bus_stop,Patan Industrial Estate,bus_stop,"Sincha, Lalitpur 44700, Nepal",27.6624633,85.32392689999999,1220.69,
ChIJkT_SJ9kZ6zkRO7prjIf_cF0,bus_stop,बोदीग्राम बस बिसौनी,bus_stop,"Ring Rd, Lalitpur 44700, Nepal",27.661965,85.3284482,1316.08,
ChIJpSvCIuYZ6zkRCNVrRJGxWL0,bus_stop,खरीको बोट,bus_stop,"Ring Rd, Lalitpur 44600, Nepal",27.6702513,85.3380713,1333.98,
ChIJLdOnYNQZ6zkRg7jG98v63xo,bus_stop,थसिखेल बस बिसौनी,bus_stop,"Thasikhel, Lalitpur 44700, Nepal",27.6628717,85.3164876,1439.89,
ChIJifITXtQZ6zkRNNYohkk_cNA,bus_stop,Thasikhel Chowk,bus_stop,"Ring Rd, Lalitpur 44700, Nepal",27.662842,85.31643,1445.88,
ChIJP25xWNMZ6zkR1dZ5-InpJ24,bus_stop,कुसुन्ती बस बिसौनी,bus_stop,"Kusunti, Lalitpur 44700, Nepal",27.6642751,85.3143844,1456.85,
ChIJ2eRZ8iwY6zkRQaSi7-ocQLQ,bus_stop,कुसुन्ती बस बिसौनी,bus_stop,"Ring Rd, Lalitpur 44600, Nepal",27.6653328,85.31313480000001,1473.09,
ChIJGR_I0tUZ6zkRd4LLBSlh6Ck,bus_stop,Mahalaxmisthan Chowk,bus_stop,"Ring Rd, Lalitpur 44700, Nepal",27.661415,85.3182269,1490.28,
ChIJ8fDLL7QZ6zkRmkx4gE1Vveo,bus_stop,Jwagal Chowk Bus Stop,bus_stop,"Chakupat, Lalitpur 44600, Nepal",27.6854496,85.31824309999999,1495.96,
ChIJv5v1jA8Z6zkRVaMELxeoZKc,cinema,TeamQuest Pvt Ltd,corporate_office,"M8G8+VRJ, Gabahal Rd, Lalitpur 44600, Nepal",27.676884,85.3171488,864.77,
ChIJL8Snl8sZ6zkRDe-mZCHzi-c,cinema,"QFX Cinemas, Labim Mall",movie_theater,"3rd & 4th Floor, Labim Mall, Lalitpur 44600, Nepal",27.6771855,85.3169181,900.31,
ChIJkRrgLgAZ6zkR0qc-X_WMpwk,cinema,Brothers Motion Pictures Pvt. Ltd.,,"Machaga: Sinchahiti Marg Dakshin, Lalitpur 44700, Nepal",27.6652968,85.3287251,972.85,
ChIJyUGjht0Z6zkRT4qkrh0OM5k,cinema,Guna Cinema,movie_theater,"Ring Rd, Lalitpur 44600, Nepal",27.6677089,85.3339957,1088.69,
ChIJqZrkCAAZ6zkRcgaHiDWZE1E,cinema,Guna Cinema Complex,movie_theater,"M88M+G6J, Lalitpur, Nepal",27.6663423,85.3330053,1112.37,
ChIJwy3dSAAZ6zkRYJKphcLXxDU,cinema,Chill ville,movie_theater,"M8G7+J7J, Lalitpur 44600, Nepal",27.676576,85.31313480000001,1220.62,
ChIJSUhgvBoZ6zkRjZaFgb7hZm4,clinic,Niramaya Diagnostics Pvt. Ltd,medical_clinic,"Lalitpur 44600, Nepal",27.6729664,85.3243789,77.88,
ChIJdxlbWSsZ6zkRJ8d35zJitDc,clinic,Muskaan Dental Inn,dental_clinic,"Lalitpur 44600, Nepal",27.6732734,85.32413760000001,86.08,
ChIJ46DgOx0Z6zkRtXSwkMWR-5w,clinic,SASS Community Dental Clinic,dental_clinic,"Lalitpur 44600, Nepal",27.6732136,85.3236356,135.95,
ChIJDQNGFcUZ6zkRcUDc7SmG4J8,clinic,Mira Dental Clinic,medical_clinic,"हका, Tichhu galli, Lalitpur 44700, Nepal",27.672007,85.325294,157.58,
ChIJz_u4EwAZ6zkRh6gbQ7Dptyc,clinic,Dental Durbar,dental_clinic,"Haugal, Mangalbazar, Haugal, ललितपुर 44700, Nepal",27.6719118,85.3248854,165.86,
ChIJ41gMU0QZ6zkRRSlm7ubM3TE,clinic,Smile sparkles dental clinic,dental_clinic,"Satyamohan joshi road, Lalitpur 44600, Nepal",27.6737067,85.32305629999999,194.42,
ChIJVTB4c88Z6zkR73dvfgrM4hE,clinic,Amatya Dental Clinic,dental_clinic,"Kayagu Nani Galli, Lalitpur 44600, Nepal",27.6732845,85.3227883,218.18,
ChIJ7WM4KgAZ6zkRhPNOz8XjJyE,clinic,Ilanani Physiotherapy Center,medical_clinic,"M8GF+5QV, Ilanani, Lalitpur 44600, Nepal",27.6754894,85.324428,239.06,
ChIJQ4NpWM8Z6zkR7nASV_Kdjd0,clinic,Siddhi Medical Hall,pharmacy,"धलायचा लँ, Lalitpur 44600, Nepal",27.675378,85.3239868,241.52,
ChIJS2AKbq0Z6zkRXB8IP192lFc,clinic,Bodhi Dental Clinic,dental_clinic,"Lalitpur 44600, Nepal",27.6725243,85.3273086,247.32,
ChIJAw8KvM4Z6zkR6RPyQi0UNxg,clinic,Nemkul Optical Works,medical_clinic,"Gabahal Rd, Lalitpur 44600, Nepal",27.6739015,85.3225523,247.4,
ChIJM97YHuQZ6zkRL2VGU2OIaxw,clinic,Shree Ram Pharma And Clinic,medical_clinic,"M8CG+C8F, Haugal, Lalitpur 44600, Nepal",27.671056900000004,85.3257982,272.14,
ChIJ0e8_ddYZ6zkRowA_H20X06U,clinic,शिव तान्त्रिक,medical_clinic,"Unnamed Road, M8CG+QW6, Lalitpur 44600, Nepal",27.6719229,85.32725599999999,276.28,
ChIJ8TKQ08UZ6zkRYevmd9D9bmg,clinic,Medical Shop,medical_clinic,"44600, ललितपुर 44600, Nepal",27.6759496,85.3262434,308.81,
ChIJuwqbWR0Z6zkR5I3K5Kvzsy8,clinic,Brush and Floss Dental Clinic,dental_clinic,"Gabahal Rd, Lalitpur 44600, Nepal",27.674088800000003,85.3216233,341.23,
ChIJ1dezqtoZ6zkRmjYelMpSSqY,clinic,मेरी स्वास्थ्य सेन्टर,medical_clinic,"M8CF+5J6, Lalitpur 44700, Nepal",27.670407,85.3240129,346.71,
ChIJcbUHANAZ6zkRVMm0jzXVeKQ,clinic,Shrestha Denture Service,dental_clinic,"M8CF+5H4, Lalitpur 44600, Nepal",27.6703818,85.3239686,350.64,
ChIJdfo-0ocZ6zkRpA-oOj7hvC4,clinic,Oracle Dental Clinic,dental_clinic,"Jana Bahal Rd, Lalitpur 44600, Nepal",27.6744591,85.3214568,368.25,
ChIJwR061MkZ6zkRkdJid3mBA9g,clinic,HARATI DENTAL HOME,dental_clinic,"M8CG+8QM, Lalitpur 44600, Nepal",27.6701723,85.3263755,383.61,
ChIJkZo7ztoZ6zkRPuChAxj0Qmo,clinic,PRAGYANANDA SMRITI HEALTH CLINIC,medical_clinic,"M8CG+284, Hakha-Chusika nani galli, Lalitpur 44600, Nepal",27.6700182,85.3258328,384.88,
ChIJmW3iYFcZ6zkRCATYR0ImFsk,clinic,Eye Q Optical Gabahal,store,"Gabahal Rd, Lalitpur 44600, Nepal",27.6741091,85.3211514,387.11,
ChIJ__rw5p4Z6zkRE0zzZRCIFbc,clinic,Miram Clinic,medical_clinic,"Dr. Ram Chhaya Man Amatya Near MOLIHSS College; Besides Citizen College 19, Lalitpur 44600, Nepal",27.6712321,85.32182019999999,395.17,
ChIJbezt6M4Z6zkRHOFumnHgLpE,clinic,Merospecs and eyewear,medical_clinic,"Lalitpur 44700, Nepal",27.6744973,85.3206421,446.15,
ChIJVRIo70gZ6zkRupvXpWB4NJI,clinic,Aesthetic and dental studio,dental_clinic,"M8FC+C57, पूर्णचन्डी मार्ग, Lalitpur 44600, Nepal",27.6735341,85.3204032,452.92,
ChIJpVtiYZEZ6zkRFjBT1JVL-vQ,clinic,Yala Health Care,medical_clinic,"Chyasal Gachhen Rd, Lalitpur 44600, Nepal",27.6746307,85.3294255,456.78,
ChIJUQ290GUZ6zkRt6L9dY-ryQ4,clinic,Family Smile Dental Clinic ( Care Center ),dental_clinic,"Lalitpur 00977, Nepal",27.6699542,85.3278806,476.74,
ChIJD82XKskZ6zkRQVjQvUZRGr8,clinic,Family Welfare Service,medical_clinic,"M8GC+FGW, धलायचा लँ, Lalitpur 44600, Nepal",27.6762281,85.32132460000001,479.46,
ChIJtxW784gZ6zkRF5AeE5mggoI,clinic,B & B Optical Center & Eye Clinic,store,"Thabu Rd, Lalitpur 44600, Nepal",27.6693545,85.3232259,482.57,
ChIJq6mJKtAZ6zkRoCetK3X4prY,clinic,Smile Plus Dental Care,dental_clinic,"M8CC+3MR, लगनखेल रोड, Lalitpur 44700, Nepal",27.67024,85.32162819999999,483.44,
ChIJ8fLRjGYZ6zkRD4VoWTddvGE,clinic,Gabahal Dental Clinic,dental_clinic,"Lalitpur 44600, Nepal",27.6745352,85.3201684,492.25,
ChIJ35aQFToZ6zkRu8UIJFVeNXY,clinic,Famous Dental Clinic,dental_clinic,"12 Shankhadhar Sakhwa Marg, Lalitpur 44600, Nepal",27.6691422,85.3235545,494.38,
ChIJnxujCtAZ6zkRfCdmNAb75jU,clinic,SHIVA SHAKTI DENTAL CLINIC HOME,dental_clinic,"M89F+JH8, Prayag Pokhari Marg, Lalitpur 44700, Nepal",27.6690291,85.3239609,496.68,
ChIJ12Cm7WYZ6zkRCeOjiQA1qjw,clinic,Physio Nepal,medical_clinic,"Itti Chowk, Lalitpur 44700, Nepal",27.6695079,85.3222086,512.7,
ChIJG_xNw18Z6zkRemHbeUfzwWE,clinic,The Vision Expert,medical_clinic,"Lalitpur 44600, Nepal",27.6696547,85.3217355,526.1,
ChIJLZ28-GUZ6zkRWJDsg-QNQss,clinic,Expert Clinic,medical_clinic,"Etee Chwok, Kumaripati - Mahalaximisthan Rd, ललितपुर 44600, Nepal",27.6693443,85.3222025,528.46,
ChIJd2w6mdoZ6zkRF1cwIddCAvs,clinic,"Patan Acupuncture Clinic, Prayagpokhari, Lagankhel, Lalitpur",medical_clinic,"Prayagpokhari, Lagankhel, Patan , Lalitpur 44700, Nepal",27.6686993,85.3241882,528.77,
ChIJmf1qBeIZ6zkR1U4PDbbFa00,clinic,Expert Dental Clinic,dental_clinic,"M89C+PVG, Lalitpur 44600, Nepal",27.6693191,85.3222183,530.05,
ChIJvZMMvs4Z6zkRXEj9VXZwh7Q,clinic,LOTUS AYURVEDA CLINIC,medical_clinic,"Lalitpur 44600, Nepal",27.674761000000004,85.319785,535.38,
ChIJ64l409EZ6zkRNv-hAuQ4i3A,clinic,ANU'S DENTAL HOME PVT LTD,dental_clinic,"3rd Floor, Trimurti Bhawan, Lalitpur 44700, Nepal",27.669936,85.321218,535.79,
ChIJs3P8oS4Z6zkRb5vocwC2TA0,clinic,Muskan Dental Care,dental_clinic,"M89F+G86, Prayag Pokhari Marg, Lalitpur 44700, Nepal",27.6687786,85.3232536,541.89,
ChIJg8NbLgAZ6zkRXBpcZzs6R3E,clinic,The Best Optical Shop,medical_clinic,"Prayag Pokhari Chowk, Lalitpur, Nepal",27.6685126,85.3249672,543.46,
ChIJTa8eXQAZ6zkRe7EUQDZKpGA,clinic,Fortune Dental Clinic,dental_clinic,"Prayag Pokhari, Lalitpur 44700, Nepal",27.6684873,85.325256,546.85,
ChIJzYwaHbAZ6zkREFJX-Thlyog,clinic,BellaDent Dental Clinic and Implant Center,dental_clinic,"Lalitpur 44700, Nepal",27.6689007,85.3217831,592.16,
ChIJNZr7LhIZ6zkRCHF2Biz8SmE,clinic,Jaye globle medical,medical_clinic,"M89F+85Q, Prayag Pokhari Marg, Lalitpur 44700, Nepal",27.6683322,85.3229849,597.43,
ChIJq2wdNtAZ6zkRoM3hRhEestg,clinic,"DermaDent Nepal Hair transplant Centre, Skin Esthetic Lasers & Cosmetic Surgery Centre, Dental Clinic & Implant Centre",medical_clinic,"Near, Hospital, ललितपुर 44600, Nepal",27.668868300000003,85.32162699999999,603.53,
ChIJhR4FStAZ6zkR1cOmoiYJHiM,clinic,Patan Dental Clinic,dental_clinic,"Near Patan Hospital and Lalitpur Finance, लगनखेल मार्ग, Lalitpur 44700, Nepal",27.6688382,85.3216637,604.36,
ChIJF-TzVQAZ6zkRAFrog7u5tyI,clinic,SUDRISHTI EYECONIC,medical_clinic,"M89C+FPP, Hospital Rd, Lalitpur, Nepal",27.6687347,85.3218385,605.01,
ChIJm_nDJTYZ6zkR5pMUfQr1-xs,clinic,LUNIVA DENTAL CLINIC,dental_clinic,"NEAR BLUEBIRD COLLEGE, 5 Mahalaxmisthan Rd, Lalitpur 44700, Nepal",27.6705192,85.3197161,611.04,
ChIJPaH5pc4Z6zkR97dUMEmCkkY,clinic,Family Health Clinic,medical_clinic,"M8G9+4MR, Lalitpur 44600, Nepal",27.6753712,85.3191456,616.77,
ChIJoWjYllgZ6zkR0AU1GtXlyCU,clinic,Smile Studio Dental Clinic,dental_clinic,"Lagankhel Satdobato Rd, Lalitpur, Nepal",27.6685546,85.3219026,619.13,
ChIJl25Ls5AZ6zkRjHFiqRxZ5G0,clinic,Danta Sewa,dental_clinic,"M89G+5H9, Lagankhel-Gwarko Road, Lalitpur 44700, Nepal",27.6679097,85.3264688,627.39,
ChIJAVSRIAAZ6zkReB5b_ODXous,clinic,Healing Ranibow Nepal.,medical_clinic,"M89C+FJ5, Lalitpur, Nepal",27.668631200000004,85.3215941,627.44,
ChIJWcXmAdsZ6zkRLDMAK2FlogM,clinic,Gentle Care Dental Clinic,dental_clinic,"Lalitpur, Nepal",27.6678877,85.326567,632.07,
ChIJq87oTtAZ6zkRK4J72TJIXOU,clinic,PATAN OM POLYCLINIC,medical_clinic,"Lalitpur 44700, Nepal",27.6684375,85.3218125,634.84,
ChIJJT1rTtAZ6zkRxRaAEPCWF1Y,clinic,Well Care Diagnostic Center,medical_clinic,"M89C+9P8, Lalitpur 44700, Nepal",27.6684145,85.3218233,636.54,
ChIJFe2BlIcZ6zkRfW6ggvPc83A,clinic,Ratnadeep ENT clinic,medical_clinic,"Chabhahal, Pimbahal Rd, Lalitpur 44600, Nepal",27.6764025,85.3194809,637.84,
ChIJ8zOoHskZ6zkRpdwBAIFDUg0,clinic,Lumanti Dental Clinic,dental_clinic,"Lalitpur 44600, Nepal",27.6779838,85.32110569999999,637.85,
ChIJ67OmTNAZ6zkRNo2kRlARaOE,clinic,Better Smiles The Dental Care (दन्त हेरविचार क्लिनिक),dental_clinic,"Lalitpur, Nepal",27.668509,85.3214411,647.0,
ChIJS4tQaQAZ6zkR9ZfzxLvz22k,clinic,Agni Dental and Implant Center (Lagankhel),dental_clinic,"Lalitpur 44600, Nepal",27.6682889,85.32182639999999,648.59,
ChIJr10rGwAZ6zkRkKX1DEdfkgg,clinic,Dynamic Dental - Dental Clinic in Lalitpur,dental_clinic,"Lalitpur 44600, Nepal",27.6716533,85.3185584,663.41,
ChIJr9mO3c0Z6zkRJFNUaGuhDbU,clinic,Perfect Dental Care Center-Braces and Clear Aligners,dental_clinic,"Kumaripati Lalitpur, काठमाडौँ 44600, Nepal",27.6716385,85.31855829999999,663.9,
ChIJX7UdQQAZ6zkRyOewkWcZDLQ,clinic,Happy Space Nepal,medical_clinic,"M8HH+8GV Chamundamai Mandir, Lalitpur 44600, Nepal",27.6783606,85.32879419999999,666.22,
ChIJ3WWfQ-gZ6zkRnwlQ-sHlEFA,clinic,A Dente Home,dental_clinic,"Lalitpur 44600, Nepal",27.669952,85.3192304,685.43,
ChIJG9nBxf8Z6zkRs31okHgL4W0,clinic,Pro Dental Care,dental_clinic,"Kumaripati, Mahalaxmisthan Road(Behind Bluebird College, M899+XMG, ललितपुर 44600, Nepal",27.6699286,85.31921659999999,688.01,
ChIJNa5u3c0Z6zkRJg2scZipHhg,clinic,Braces the Dental Clinic,dental_clinic,"Lalitpur 44700, Nepal",27.6717715,85.31822919999999,690.91,
ChIJPRa4l9sZ6zkRA20y3jm9KLc,clinic,Sydney Dental Clinic Nepal,dental_clinic,"Lalitpur 44600, Nepal",27.670551,85.3187643,690.97,
ChIJb4yhRDwZ6zkRjHOQC_XrBdA,clinic,Oral and Dental Care,dental_clinic,"Lalitpur 44700, Nepal",27.6672846,85.32369229999999,692.09,
ChIJ4VyOWckZ6zkRmlWcERvkZXk,clinic,HARDIC HEALTH CARE,medical_clinic,"M8G9+QM6, Patan Dhoka-Madan Smarak Road, Lalitpur 44700, Nepal",27.6769077,85.3191496,695.72,
ChIJM4tIwIcZ6zkRzvXFYs2aeD8,clinic,Patan Private Clinic,medical_clinic,"Patan Hospital Bus Stop, M89C+97J, ललितपुर 44700, Nepal",27.66847,85.3206331,696.74,
ChIJ_fOydbIZ6zkR-LV0zh7zCtI,clinic,Noor Optical,medical_clinic,"M8C9+R6G, Lalitpur 44600, Nepal",27.6718372,85.31807239999999,703.99,
ChIJnT0OLAAZ6zkRPk4FTgugmBg,clinic,Nepal Center of Nuclear Medicine,medical_center,"M8C9+6CR, Lalitpur 44600, Nepal",27.6709191,85.3183349,711.97,
ChIJXz0he9oZ6zkR4edbB0sM6ik,clinic,HRL & Clinic,medical_clinic,"Lalitpur 44700, Nepal",27.6669375,85.3245625,719.89,
ChIJO62QBQAZ6zkRo8QOlSydRKY,clinic,Classic Dental Care,dental_clinic,"12 Lagankhel Satdobato Rd, Lalitpur 44700, Nepal",27.6669642,85.3241674,720.31,
ChIJ4WHdetoZ6zkRnhUuudwPGeI,clinic,Mr. gaebindasrama hospital,government_office,"M88F+QR7, Lalitpur 44700, Nepal",27.6669244,85.3245565,721.38,
ChIJ47e8etoZ6zkR9Ql0xp0t9Ew,clinic,PATAN EYE CARE CLINIC,medical_clinic,"Lalitpur 44700, Nepal",27.6669044,85.32456499999999,723.55,
ChIJNTMObAYZ6zkR0MBJOceKd4w,clinic,Parag Cardiologist,medical_clinic,"Kanibahal, Unique Galli, Lalitpur 44700, Nepal",27.6670714,85.3268859,727.8,
ChIJE-gnvgzqtYsRnY0A86e4eNg,clinic,National Gastro Liver Center,doctor,"M89C+2JG Karmachari Sanchaykosh Bhawan, Hospital Rd, Lalitpur 44700, Nepal",27.667565,85.3215701,731.48,
ChIJ7yDiV9AZ6zkRsOb0t2-a2JM,clinic,SAJHA DENTAL CARE PVT. LTD.,dental_clinic,"Lalitpur 44700, Nepal",27.667387,85.32197400000001,732.02,
ChIJQ1vNVAAZ6zkRdetlVyugnoU,clinic,Yachu Lagankhel,medical_clinic,"opposite of mental hospital, Lalitpur 44700, Nepal",27.6672873,85.3221398,735.75,
ChIJl5CrRgAZ6zkR0VGA6xEjRSc,clinic,Inus Health Care and Diagnostic Center,medical_clinic,"M8GJ+5VM, Lalitpur 44600, Nepal",27.6754619,85.33217510000001,742.83,
ChIJe76_DrcZ6zkRFgL8oxt_1v4,clinic,"Sparsh Dental Pulchowk, Lalitpur",dental_clinic,"Lalitpur 44700, Nepal",27.6769838,85.3185565,749.27,
ChIJ-_8-AC8Z6zkRicJJ7sgNaG0,clinic,Family dental home,dental_clinic,"Lalitpur 44700, Nepal",27.6667155,85.3239088,751.01,
ChIJb0VtOLS8zAsRnhQtRaFCCXg,clinic,Precision Dental Clinic,dental_clinic,"Tyagal - Lalitpur Rd, Lalitpur 44600, Nepal",27.6684548,85.3303978,764.81,
ChIJ8YnXTV0Z6zkRVXcF2HzhEeM,clinic,Spine Care and Sports Rehab Physiotherapy clinic,physiotherapist,"Chakhupat, Chakupat Marg Paschim, Lalitpur 44700, Nepal",27.6798134,85.3220097,771.54,
ChIJ1wwIC8kZ6zkRogPI9fWzG8U,clinic,Clinic Of Dr.Sundar Mani Dixit,medical_clinic,"M8HC+H3H, Sajha Road, Lalitpur 44700, Nepal",27.6789307,85.3202499,772.66,
ChIJq6qq6tAZ6zkRPOseWx8D4HE,clinic,Lagankhel Dental Clinic,dental_clinic,"Lagankhel Satdobato Rd, Lalitpur 44700, Nepal",27.6664454,85.3236964,783.9,
ChIJf6aSu80Z6zkRcMMmTY5Um2k,clinic,Patan Community Eye Care Center,medical_clinic,"M8C8+RRG, Lalitpur 44700, Nepal",27.672073,85.317092,792.6,
ChIJUz52UQAZ6zkR2KU6BslukL4,clinic,AGNI DENTAL (SHANKHAMUL) 🦷,dental_clinic,"M8HH+QRC, सङ्खमूल मार्ग, Lalitpur 44700, Nepal",27.6793513,85.3294688,794.71,
ChIJ-_CPvVwZ6zkRQHivA1-jHsM,clinic,Dr. Anagha Pradhan Malla Obstetrician - Gynecologist,medical_clinic,"Mahalaxmi Marg, Lalitpur 44700, Nepal",27.6671097,85.3210911,798.38,
ChIJa3VpcpIZ6zkRQExzFQM6Okw,clinic,Aawaj Speech and Hearing Centre,medical_clinic,"20 Machhindra Marg, Lalitpur 44700, Nepal",27.6744453,85.316974,798.86,
ChIJ40vl7tAZ6zkRya2Wh-cLjFI,clinic,Kamal Pharmacy,pharmacy,"M88C+JVH, Lalitpur 44700, Nepal",27.6665656,85.3222315,807.38,
ChIJQ7gSDiwZ6zkRrGgx7dM-hdA,clinic,Valley Star Dental Plaza,dental_clinic,"Lalitpur 44600, Nepal",27.676623700000004,85.3326446,833.78,
ChIJWbt6MQAZ6zkRInbJaZhG8Mk,clinic,Eyemate Clinic Shankhamul,medical_clinic,"Paramount Plaza, Banglamukhi road, Lalitpur 44600, Nepal",27.6796863,85.3297003,838.35,
ChIJWUlcr0gZ6zkRfwD2baNnuRE,clinic,Oro Plus Dental Clinic,dental_clinic,"M8G8+MWF, Lalitpur 44600, Nepal",27.6766854,85.3172998,841.68,
ChIJz4OEEwAZ6zkRQ-qxab45et0,clinic,Project Green Circle Wellbeing,medical_clinic,"M8G8+MW6, Labim Mall Galli, Lalitpur 44600, Nepal",27.6766568,85.3172651,843.39,
ChIJy4zTEscZ6zkR54_VJW29dBg,clinic,Ashoka Polyclinic,medical_clinic,"M8JG+8W4, Mani Rd, Lalitpur 44600, Nepal",27.6807666,85.32733069999999,850.67,
ChIJ18bId-UZ6zkRKIe2TCXRDxk,clinic,Patan International Optical,medical_clinic,"Lukhusi, Lalitpur 44700, Nepal",27.6672639,85.33016339999999,850.94,
ChIJ18sEHtEZ6zkR7Sl5ikvqhjA,clinic,Yosas Clinic,medical_clinic,"लगनखेल सडक, Lalitpur 44700, Nepal",27.6663755,85.32105159999999,872.52,
ChIJgzZGENEZ6zkRuA1V4KnSzZ4,clinic,Kathmandu Eye Centre,medical_clinic,"लगनखेल रोड, Lalitpur 44700, Nepal",27.6670023,85.3198074,876.11,
ChIJ9QxOp80Z6zkRdk99ghZlO8M,clinic,Oral Dental Home,dental_clinic,"Lalitpur 44700, Nepal",27.671966200000004,85.31619479999999,881.64,
ChIJH7rvapsZ6zkRoph4Ufxtr1c,clinic,Ananeke Beauty Salon & Spa,beauty_salon,"2nd Floor, Labim Mall, ललितपुर 44600, Nepal",27.6772197,85.3170664,889.24,
ChIJc7TmCQAZ6zkRnZKONLWedKo,clinic,Diverse Way Clinic,medical_clinic,"M8JH+9J3, Lalitpur 44600, Nepal",27.6807767,85.32880759999999,901.88,
ChIJ0U6nAs0Z6zkRY-tu3qyDiJ8,clinic,Aawaj Speech and Hearing Centre,medical_clinic,"ward no. 20, Lalitpur 44600, Nepal",27.6734933,85.31580679999999,905.36,
ChIJ3eFtf8sZ6zkR3gN-uZexbcw,clinic,PRADHAN'S DENTAL CLINIC,dental_clinic,"M8G8+FFX, Tripadma School Rd, Lalitpur 44700, Nepal",27.6762398,85.3162431,918.32,
ChIJ0Qc7OIoZ6zkRRkrSSrqRQis,clinic,Advance Breast Clinic,medical_clinic,"Lalitpur 44600, Nepal",27.6730482,85.3156284,923.7,
ChIJ_xeecKUZ6zkRKDjqLt75_b4,clinic,De'Cure Speciality clinic,dental_clinic,"Mahalaxmisthan Rd, Lalitpur 44700, Nepal",27.6658484,85.3208846,932.39,
ChIJUXnox0EZ6zkRuXmHpeNy9II,clinic,SAMYAG DRISHTI EYE CENTRE,medical_clinic,"Lalitpur 00977, Nepal",27.6719076,85.31567969999999,932.71,
ChIJARmbOaoZ6zkRwULGQ5_OUOM,clinic,Ganpati health Care Pvt.Ltd,medical_clinic,"8 Balkumari Rd, Lalitpur 44700, Nepal",27.6706261,85.3340121,939.55,
ChIJDaLlagAZ6zkRAHxGNWppqdA,clinic,Asrik healthcare,medical_clinic,"M8G8+F9Q, Lalitpur 44600, Nepal",27.6762069,85.3159779,941.67,
ChIJSeBIUFwZ6zkRR1SnXLrWcro,clinic,National Chest Center,medical_clinic,"National Chest Center, JK Central, 4th floor, ललितपुर 44600, Nepal",27.6728245,85.31542,945.56,
ChIJhTaY06qC0gwRF5bD6-9HGOc,clinic,Yala Physiocore,medical_clinic,"alka 1 hospital, Lalitpur 44700, Nepal",27.6741688,85.31542139999999,947.12,
ChIJv8MFJOgZ6zkRQFke88F-y9s,clinic,Nepal Dental Association,dental_clinic,"M8FM+3V2, Road, Lalitpur 44600, Nepal",27.6726432,85.3346547,954.47,
ChIJiZi-fwAZ6zkRLX_qWQ1IW5M,clinic,Vaidehi Dental And Community Clinic,dental_clinic,"Yapa Bhawan, Lalitpur 44700, Nepal",27.6753171,85.31553799999999,955.84,
ChIJv2AsANgZ6zkR2lkNZncPd7A,clinic,AGNI DENTAL & IMPLANT CENTER (Pulchowk),dental_clinic,"4 Pulchowk Rd, Lalitpur 44600, Nepal",27.6760059,85.315676,962.81,
ChIJWVmByKgZ6zkRn_7C5fncLUc,clinic,Blurkart,medical_clinic,"Lalitpur 44600, Nepal",27.676309,85.3157452,967.06,
ChIJ-5mr2TEY6zkRDZLR7Tv56E4,clinic,32smiles-a complete dental care,dental_clinic,"Manbhawan Rd, Lalitpur 44600, Nepal",27.6694771,85.3162329,967.3,
ChIJk9gZ9bIZ6zkRFv1eHWahUZc,clinic,Alka Dental Home,dental_clinic,"Lalitpur 44700, Nepal",27.6746156,85.31527249999999,967.4,
ChIJIY3TsFIZ6zkR1ifYbzwdW5g,clinic,Hello dental clinic,dental_clinic,"M8GM+9Q, Lalitpur 44600, Nepal",27.6759674,85.33439010000001,967.75,
ChIJQ7wJd8sZ6zkRpVOtMZWn1mw,clinic,Kapil Dental Clinic,dental_clinic,"Kathmandu 44600, Nepal",27.6768716,85.3159694,969.45,
ChIJObVe6swZ6zkR45C6fickoKE,clinic,Guheshwori Dental Multispeciality and Implants Hub,dentist,"Lalitpur 44600, Nepal",27.6742976,85.3151362,976.45,
ChIJgxtc6swZ6zkRKWXYR1uUKNs,clinic,नवयुग फार्मसी,medical_clinic,"M8F8+P28, Lalitpur 44700, Nepal",27.6742888,85.3150829,981.57,
ChIJ66f2fMsZ6zkRfgYXfOdBp_E,clinic,"My Dental Clinic, Pulchowk, Lalitpur,Nepal",dental_clinic,"LA KHEL PATH, Lalitpur 44600, Nepal",27.6759134,85.31543649999999,982.35,
ChIJJwWTrd0Z6zkRmqSo4Yl68zo,clinic,Community Vision Care - Eye Care Center,medical_clinic,"Lalitpur 44700, Nepal",27.6670879,85.3321467,993.96,
ChIJ5zfxlswZ6zkR1uRstDX4xhU,clinic,Yash Opticare,medical_clinic,"44600, ललितपुर 44600, Nepal",27.6749369,85.3150351,996.06,
ChIJq3CwagAZ6zkRi-PabcJ2WUI,clinic,Smile Studio,dental_clinic,"Kholcha Pokhari Marg, Lalitpur 44600, Nepal",27.6824312,85.32593299999999,1008.42,
ChIJLfSoLr4Z6zkRJcJLX-wRTxo,clinic,Dentistree The Dental Clinic,dental_clinic,"M8C7+HXX, Shanti Bagaicha Road, Lalitpur 44600, Nepal",27.6714817,85.3149815,1009.38,
ChIJpcTGbq4Z6zkRn-6jY-gHxBg,clinic,Alka IVF Center,medical_clinic,"Lalitpur 44600, Nepal",27.6746398,85.3148389,1010.06,
ChIJOarjOdEZ6zkRjhpNcw2uB4Q,clinic,परिवार नियोजन संस्थागत क्लिनिक,medical_clinic,"M88C+34P, Lalitpur 44700, Nepal",27.6652059,85.320334,1020.45,
ChIJyStGYoQZ6zkRM80e4mpFWXo,clinic,Axis Physiotherapy Pvt. Ltd.,medical_clinic,"Pulchowk Rd, Lalitpur 44600, Nepal",27.6781523,85.316133,1020.61,
ChIJz1fvBgzDyaYR48-J9JRhM4g,clinic,Scion Fertility Centre Pvt. Ltd,medical_clinic,"Lalitpur 44600, Nepal",27.678595200000004,85.316386,1026.27,
ChIJd7refaMZ6zkRh2166cUGleI,clinic,GENESIS COUNSELING,medical_clinic,"Lalitpur 44600, Nepal",27.6684026,85.3339773,1044.2,
ChIJNUfgQwAZ6zkR7Ei_tewffRg,clinic,Skin & Hair Hub Nepal,skin_care_clinic,"Lalitpur 44600, Nepal",27.6785659,85.3160936,1048.41,
ChIJAymMYKgZ6zkRHXcCUzWOZJM,clinic,Upatyaka Pathology & Clinic Pvt. Ltd.,medical_clinic,"M8F7+CP9, Jawalakhel Rd, Lalitpur 44600, Nepal",27.6735389,85.31435069999999,1048.81,
ChIJbZhbBwAZ6zkRrf71aVSBdOs,clinic,RAY-BAN Store Kipa Eyewear,store,"Lalitpur 44600, Nepal",27.6725124,85.31437629999999,1050.82,
ChIJv2snFCsZ6zkRvuNztn5IFFU,clinic,Sumeru Diagnostics Pvt Ltd,medical_clinic,"M8G7+JX7, Pulchowk Rd, Lalitpur 44600, Nepal",27.6764629,85.314852,1055.76,
ChIJg0P5u90Z6zkRi1hA4DOlc0Q,clinic,Bal Pharmacy,government_office,"M88M+M3M, Ring Rd, Lalitpur 44700, Nepal",27.666724,85.3326653,1058.72,
ChIJIaGQCPEZ6zkRsiVTUqpOy7c,clinic,Lalitpur Eye Care Center,store,"Lalitpur 44600, Nepal",27.6725838,85.3142483,1062.66,
ChIJkUyKmlwZ6zkRU7pim1UlAnI,clinic,Suppliers International Pvt. Ltd.,medical_clinic,"M8HM+MF3, Lalitpur 44600, Nepal",27.6791422,85.3336733,1066.37,
ChIJl3ps2ZYZ6zkRIK9-AoBs1mo,clinic,Dr Lal PathLabs – Patient Service Centre,medical_clinic,"KMC Ward 10, Sankhamul - Balkumari Rd, Kathmandu 56900, Nepal",27.6811271,85.3314335,1067.52,
ChIJX2AQ4ckZ6zkR5C3BfVfObNw,clinic,Dental Avenue,dental_clinic,"Patandhoka Road, Lalitpur 44600, Nepal",27.6818308,85.3198061,1067.9,
ChIJjUxrzswZ6zkR9FtF9tqMyAU,clinic,Samyak Diagnostic,medical_clinic,"M8F7+CJR Norkhang Complex, Lalitpur 44700, Nepal",27.6739355,85.3141718,1067.97,
ChIJLwv7P3sZ6zkR11TWpQTAe1o,clinic,Dr Lal PathLabs – Patient Service Centre,medical_clinic,"GF, Harihar Bhawan, ललितपुर 44600, Nepal",27.6797234,85.31683609999999,1068.03,
ChIJfWp853kZ6zkRv7NGMc2dHgo,clinic,Clinic One Kathmandu Ultrasound,medical_clinic,"Norkhang Complex, Lalitpur 44700, Nepal",27.6738737,85.31414749999999,1070.0,
ChIJsdTFOgAZ6zkRxCsq4YD9yQA,clinic,Clear Sight optical,medical_clinic,"in front of Ward No. 4 Office, Lalitpur 44600, Nepal",27.6732747,85.31411709999999,1071.79,
ChIJJxCPiOcZ6zkRUi0Tur7pV90,clinic,Tooth Fairy Dental Clinic,dental_clinic,"Ring Rd, Lalitpur 44700, Nepal",27.668636,85.334462,1071.85,
ChIJ8VbKWsoZ6zkRwQd_UgW9TzE,clinic,Homoeopathic Sagarmatha Clinic,medical_clinic,"Harihar Bhawan, Pulchowk Rd, Lalitpur 44700, Nepal",27.6797997,85.31683830000001,1073.47,
ChIJS0xIwF0Z6zkREix8fj-UAXc,clinic,Dr. Ekta Malla Rana,doctor,"2nd Floor, Norkhang Complex, Pulchowk Rd, Lalitpur 44600, Nepal",27.6738131,85.31407809999999,1076.52,
ChIJ6dkvzswZ6zkRbJOhxOK3eOo,clinic,Clinic One,medical_clinic,"Norkhang Complex, 2nd Floor, Lalitpur 44600, Nepal",27.6738369,85.3140724,1077.19,
ChIJ4yx7OwcZ6zkR8AlYLcHSXns,clinic,Kist Opticals and Watch Centre,wholesaler,"F072, Lalitpur, Nepal",27.6664404,85.3326429,1079.53,
ChIJ7cxgLs0Z6zkRT8YsdRbS6jU,clinic,Samaj Dental Jawalakhel,dental_clinic,"Lalitpur 44600, Nepal",27.6723547,85.31402419999999,1087.08,
ChIJa3dtegAZ6zkRG4fb-4GK_ww,clinic,OUR VISION OPTIC,medical_clinic,"M8F7+4H9, Lalitpur 44600, Nepal",27.6727984,85.3139786,1087.4,
ChIJEVsLzswZ6zkRBkBUiVRXpQQ,clinic,JAWALAKHEL EYE CLINIC,medical_clinic,"Narkhang Complex, Lalitpur 44700, Nepal",27.673837,85.313963,1087.96,
ChIJvbf6TVoZ6zkR4mxZa1bGuc8,clinic,Deep Optics And Eye Care,medical_clinic,"05 Avm chowk, Lalitpur 44600, Nepal",27.6672957,85.316271,1095.29,
ChIJyTc0LI8Z6zkRoZzErnn7nOo,clinic,ANOVA Skin & Hair Clinic - Hair Transplant in Nepal,doctor,"Lalitpur 44700, Nepal",27.6728121,85.313896,1095.42,
ChIJRV_7T9H7lDkRVmlPO-X8gE8,clinic,Dr. Parash Poudel,doctor,"Lalitpur 44600, Nepal",27.6672796,85.3162693,1096.53,
ChIJ-RHYOs8Z6zkRxD0KrWHkMCg,clinic,ENT Healthcare,medical_clinic,"Kathmandu 44600, Nepal",27.6814111,85.3317031,1108.69,
ChIJYWVLtR0Z6zkR0poiwJ-CAC8,clinic,Dr Deepa Chudal Clinic,doctor,"Kathmandu 44600, Nepal",27.681410300000003,85.3317259,1109.96,
ChIJtTT2IZMZ6zkRRhBIoyXG3VI,clinic,"Dr Vikash Paudel, Dermatologist",doctor,"10 Near Bagmati River, Kathmandu 44600, Nepal",27.6813285,85.33184949999999,1110.03,
ChIJd9x7bMoZ6zkR6r4-gSpJnZs,clinic,Homeopathic Pharmacy and Clinic,medical_clinic,"Pulchowk Rd, Lalitpur 44600, Nepal",27.6807027,85.3172641,1113.41,
ChIJZdS4XJEZ6zkRkS3wQdqIdqI,clinic,Shankhamul Dental Care,dental_clinic,"M8JJ+HQC, Shankhamul Marga, Kathmandu 44600, Nepal",27.6814459,85.33189159999999,1122.92,
ChIJWaqd6t0Z6zkRtw2tEd0JvxY,clinic,Kailash Dental Clinic,dental_clinic,"Lalitpur, Nepal",27.6662194,85.3330773,1127.05,
ChIJGS4EQAsX6zkRSOSLspt9B_A,clinic,Eye Health Coach Nepal,consultant,"Lagankhel Satdobato Rd, Lalitpur 44700, Nepal",27.6632782,85.3242197,1128.11,
ChIJETaaXncZ6zkRIsLRCwa-Jjw,clinic,Women Health Clinic,medical_clinic,"228/98, Ganesh Marg, Shankhamul, Near Neric Academy School, काठमाडौँ 44600, Nepal",27.6803741,85.3333761,1132.12,
ChIJvyh6UQAZ6zkRQx3biHU8rK8,clinic,Dr Rupa Jha clinic gyne,medical_clinic,"M8JM+593, Kshitij Marg, Kathmandu 44600, Nepal",27.6803771,85.33342909999999,1136.15,
ChIJx78A5oEZ6zkRKOamOi4zQp0,clinic,Lalitpur Medical Center,medical_clinic,"M88M+F8M, F072, Lalitpur, Nepal",27.6662094,85.33329049999999,1142.74,
ChIJDQBvd7QZ6zkRGtOL4AkYARM,clinic,Nepal Academy of Psychology,medical_clinic,"Yala Sadak, Lalitpur 44701, Nepal",27.678913,85.3151231,1149.68,
ChIJzxYze8AZ6zkRg_nIAqvy-jw,clinic,MEGA VISION,store,"M8JJ+MVC, Kathmandu 44600, Nepal",27.681684,85.332144,1159.04,
ChIJvzbRStkZ6zkRQBai5QSNi94,clinic,Orthoplast Rehab Center Pvt. Ltd.,medical_clinic,"रिङ्ग रोड, Lalitpur 44700, Nepal",27.6636886,85.3293353,1161.19,
ChIJFbNvy0kY6zkR0WXmmRrbiX4,clinic,Shakya Acupuncture Healing Clinic,medical_clinic,"Harihar Bhawan, Lalitpur 44600, Nepal",27.6799695,85.31580249999999,1163.58,
ChIJK9idpC0Z6zkR8UhNKzL4s1g,clinic,Hopeful Horizons Nepal - Center for Wellbeing,medical_clinic,"M8G7+VJ, Lalitpur 44710, Nepal",27.677208500000003,85.3139482,1167.8,
ChIJYUJPHQAZ6zkR_EiyVcc8Fa8,clinic,Deep Talk Office,medical_clinic,"M8MG+GWQ, Lalitpur 44700, Nepal",27.6838089,85.3273959,1181.22,
ChIJ2b0TSwAZ6zkRr6ZqnN75CJI,clinic,Anvi Dental Clinic,dental_clinic,"M88M+899, Lalitpur, Nepal",27.6657807,85.3334694,1188.88,
ChIJd9Nvra4Z6zkRsodYdwIm-mU,clinic,Dr sumit singh maharjan,medical_clinic,"Lalitpur 44700, Nepal",27.6786031,85.3144296,1190.88,
ChIJd60Wt-AZ6zkRVaSJr7Je364,clinic,Sight Savers Eye Clinic and Opticals,medical_clinic,"Lalitpur 44700, Nepal",27.6785996,85.3144073,1192.61,
ChIJ0UqrUQAZ6zkRUi1IAT4D1Sg,clinic,Dr Janer Kurumbang,medical_clinic,"Shankamul Near, Bigmart, काठमाडौँ 44600, Nepal",27.6818135,85.3326273,1199.73,
ChIJq6zqwdkZ6zkRUw82opz4Zew,clinic,Door step health services ( homecare ),medical_clinic,"M87J+C23, Lalitpur 44700, Nepal",27.6635151,85.33005109999999,1206.47,
ChIJaTlxB84Z6zkR4uy8EDjxeec,clinic,Nepal Physiotherapy & Rehabilitation Centre,medical_clinic,"Surkha Raj Marga, Lalitpur 44700, Nepal",27.6717014,85.3371648,1212.74,
ChIJBcY2zccZ6zkR7htgavkPzh0,clinic,Advance Dental Care & Multispeciality Center,dental_clinic,"Chundevi Galli, Lalitpur 44690, Nepal",27.6783459,85.3140038,1214.49,
ChIJfcQkD4gZ6zkRcavF0r84NOk,clinic,Janani Fertility Clinic,medical_clinic,"Lalitpur 44600, Nepal",27.6824326,85.3180405,1215.91,
ChIJB9Tc_avVpqcRsgn7hePIXBA,clinic,Trust Dental Clinic,dental_clinic,"Shankhamul Marga, Kathmandu 44600, Nepal",27.681998,85.33277249999999,1224.67,
ChIJFYNBg5UZ6zkRJHcd-yFrf1s,clinic,Nirvana Psychosocial Care Center & Research Institute,medical_clinic,"Ganesh Marga, Kathmandu 44600, Nepal",27.6818568,85.3330804,1231.82,
ChIJp55tDQAZ6zkRCeBdbC-q0xk,clinic,Signal International Pvt. Ltd.,medical_clinic,"Kupondole Hts Rd, Lalitpur 44600, Nepal",27.6825112,85.3178461,1233.96,
ChIJi6ixLyi0rkwRCjEs8zcJklg,clinic,Dr Jaswan Shakya | Plastic Surgeon,doctor,"Sher Camp Marg, Lalitpur 44600, Nepal",27.6826447,85.3177458,1251.79,
ChIJrxeHMdgZ6zkRfMEPfjGbzJM,clinic,De Ni Healing Clinic,medical_clinic,"Damodar Marg, Lalitpur 44600, Nepal",27.6687057,85.3133993,1256.01,
ChIJeUgROccZ6zkRUEinbIM9fF8,clinic,Nepal E.N.T Center Pvt Ltd,medical_clinic,"M8M9+453, Lalitpur 44600, Nepal",27.6827903,85.3178283,1260.55,
ChIJccUZ4bUZ6zkR6xWfxPlTpWk,clinic,Lalitpur Dental House,dental_clinic,"M8M9+7CP, Lalitpur 44600, Nepal",27.6832022,85.31856599999999,1260.71,
ChIJScnq2bUZ6zkRJlcrowbTqvM,clinic,Public Lalitpur Dental Clinic Pvt. Ltd.,dental_clinic,"Patandhoka Road, Lalitpur 44700, Nepal",27.6832429,85.3185623,1264.81,
ChIJmc3tQv0Z6zkRSracf-ABbpc,clinic,Lions Dental Service Center,dental_clinic,"M8M9+68M, Kupondole Rd, Lalitpur 44600, Nepal",27.6830997,85.31829069999999,1264.82,
ChIJr6Bo6jIY6zkRGU12vE3dDdo,clinic,DENTAL IMAGING CENTER,medical_clinic,"M8C6+MWR, Lalitpur 44700, Nepal",27.6717261,85.3122647,1267.86,
ChIJD4oTBeUZ6zkRl9WQmLPNc-Q,clinic,"Natural Health Home, Dr. Dharma Raj Karki is Founder and Chief Medical Officer of Natural Health Home.",medical_clinic,"Near, 16 Ganesh Marga, Khutte 44600, Nepal",27.6823042,85.3332838,1282.85,
ChIJ81VA-yIb6zkRilm9Yg-Al2E,clinic,Nova Dental and aesthetic clinic,dental_clinic,"Harit colony, Lalitpur 44800, Nepal",27.6686175,85.3369694,1293.12,
ChIJ_3VjPAAZ6zkR82gdNl4lGOQ,clinic,Ashirbad Health care Clinic,medical_clinic,"M8MM+26Q, Kathmandu 44600, Nepal",27.6825932,85.3330998,1296.58,
ChIJXzHacQAZ6zkRQJDQ72uUBjQ,clinic,Nova dental,dental_clinic,"Harit colony, gwarko , lalitpur, काठमाडौँ 46600, Nepal",27.6686139,85.3370199,1297.82,
ChIJ-TxOXQAZ6zkRO8umAfrDZ1g,clinic,Family Planning Association of Nepal,medical_clinic,"M8J8+H5W, Lalitpur 44600, Nepal",27.6814859,85.3154591,1300.41,
ChIJZcjHhBEZ6zkRqpck_R21SbI,clinic,Lalitpur dental service center,dental_clinic,"Diamond Marg, Lalitpur 44700, Nepal",27.6835002,85.3181912,1308.0,
ChIJvx4j3bUZ6zkRzDq3C9PS5cU,clinic,Elisa House Pvt. Ltd.,medical_clinic,"M8M9+C78, Lalitpur 44600, Nepal",27.6835441,85.3182145,1311.02,
ChIJc-5OF9QZ6zkR_8mxc-aqArQ,clinic,Laxman Pharmaceuticals,medical_clinic,"Lalitpur 44700, Nepal",27.663265,85.3180795,1317.01,
ChIJD9zXam8Z6zkRCqg22iZa2NE,clinic,Ikeba Dental Clinic,dentist,"Lalitpur 44600, Nepal",27.6734343,85.3116172,1317.88,
ChIJM7drmUUZ6zkRwMATOU1bADA,clinic,Alive physiotherapy clinic,medical_clinic,"M88M+4XV, Lalitpur, Nepal",27.6653367,85.33490250000001,1324.72,
ChIJ21FJPJoZ6zkRhJtRzQm75Lo,clinic,Alright Dental Care Pvt. Ltd.,dental_clinic,"M8C6+5PC, Ekantakuna Rd, Lalitpur 44600, Nepal",27.6704335,85.3117647,1344.46,
ChIJ12JRVAAZ6zkRmNHvR4lcNxk,clinic,A Grade German Homeo patchy Clinic,medical_clinic,"10 Kupondole Rd, Lalitpur 44600, Nepal",27.6840331,85.31824139999999,1356.78,
ChIJG9zkt-0Z6zkRUspwwCpFKjs,clinic,Best Therapy and Mental Health Counseling Service- Mind Care,medical_clinic,"10 Madhya Marga, Kathmandu 44600, Nepal",27.6837896,85.3323519,1363.36,
ChIJ1avgfAAZ6zkRf17_e7Iflj0,clinic,Neurotherapy treatment center,medical_clinic,"M8HP+QQ3, Kathmandu 44600, Nepal",27.6794611,85.3370728,1366.59,
ChIJ88k0iWAZ6zkRTeAdEIPItI8,clinic,Dr. Sabin's Dental Clinic Pvt. Ltd.,dental_clinic,"Lalitpur 44600, Nepal",27.684124,85.3181915,1368.0,
ChIJTXq_DQAZ6zkRe_mf-PM_dGY,clinic,Sajha Dental Care Mahalaxmisthan branch,dental_clinic,"Mahalaxmisthan Rd, Lalitpur 44700, Nepal",27.6622534,85.3191064,1368.61,
ChIJk-09PDEjzG8RFawGegTcoLs,clinic,Karunya Mental Health Unit,medical_clinic,"Mahalaxmisthan-05, ललितपुर 44700, Nepal",27.6623202,85.3189374,1369.06,
ChIJ58P7QQAZ6zkRL43gr4mhf6I,clinic,Aakar Mental Health Counseling,medical_clinic,"M86F+FC5, Yala Sadak, Lalitpur 44700, Nepal",27.6611472,85.32359710000001,1369.44,
ChIJ5ab0YWq-sYcRutteYOUkwMI,clinic,Karunya Health Care Pvt. Ltd.,medical_clinic,"Lalitpur 44700, Nepal",27.6622969,85.3189232,1372.0,
ChIJu3PJibQZ6zkRhJO8wRSMWDw,clinic,Dr Bishal Mani Poudel Clinic ( Jibika Pharmacy & Health Clinic ),medical_clinic,"10 Madhya Marg, Kathmandu 44600, Nepal",27.6837727,85.33264,1377.06,
ChIJnyteIAAZ6zkRa18zVPVK1oY,clinic,Dr. Arbind Bhusal Clinic ( Brain & Mind Wellness Center ),doctor,"10 Madhya Marg, Kathmandu 44600, Nepal",27.6837858,85.33262909999999,1377.69,
ChIJ-0XU1FUY6zkR4_vWtfdPnto,clinic,Kumari Dental Care,dental_clinic,"Jhamsikhel Road, Lalitpur 44600, Nepal",27.6783083,85.31212909999999,1379.95,
ChIJf6hMq-oZ6zkRgHV3IUQC4tM,clinic,Sadhana Ayurved Upachar Sewa Pvt. Ltd.,medical_clinic,"Kathmandu 44600, Nepal",27.6824869,85.33456029999999,1381.02,
ChIJEyxqA78Z6zkR9OtOo8EaXtU,clinic,Helios Hospital,general_hospital,"Shaligram Village complex, Opposite staff College, Lalitpur 44600, Nepal",27.6709322,85.31122669999999,1383.82,
ChIJ11Z8d8gZ6zkR3fFpVdT7kJE,clinic,पाणीनी आयुर्वेद प्रा लि,medical_clinic,"M88P+36G, Lalitpur, Nepal",27.6651981,85.3355706,1383.98,
ChIJs-zBHlAZ6zkRPvWy0sSkFAo,clinic,National Eye Clinic,medical_clinic,"Imaldol, Lalitpur 44705, Nepal",27.6652033,85.33559,1385.04,
ChIJpatiQ_QZ6zkRyw24Jv3SWgQ,clinic,Hamro Aayurved (पाणीनि आुयुर्भेद),medical_clinic,"M88P+36P, F072, Lalitpur, Nepal",27.6652051,85.3355922,1385.07,
ChIJcy1GirYZ6zkRzfccby17up8,clinic,एक्‍युपर्‍ेसर सेन्टर,medical_clinic,"Jwagal-10, Lalitpur 44700, Nepal",27.6850553,85.3198942,1390.11,
ChIJfaRC98gZ6zkRrQQCtPK0iXw,clinic,MBS Transformer,medical_clinic,"Lalitpur 44600, Nepal",27.6824162,85.3152083,1390.97,
ChIJ7_n9H5EZ6zkR17Io6wujpfA,clinic,Thasikhel Veterinary Clinic,medical_clinic,"M878+5QF, Ring Rd, Lalitpur 44700, Nepal",27.6629916,85.3170383,1397.94,
ChIJCUCYWGMZ6zkRaUSSqKqziOs,clinic,Janaki Dental clinic,dental_clinic,"Lalitpur 44600, Nepal",27.6702046,85.3387551,1400.38,
ChIJm9WrBdQ2ZCERMlyyIgZGZI8,clinic,Mayas Aesthetic Center and Academy,skin_care_clinic,"Sankhamul Chowk Near Sandar Momo, Above Kumari Bank, काठमाडौँ 44600, Nepal",27.6836241,85.3333961,1405.71,
ChIJ16cD6XEZ6zkRurYPo5A8LTg,clinic,Physiocare by Luisha,medical_clinic,"New Baneshwor, Shree, 10/15 Aadarsha Marga, काठमाडौँ 44600, Nepal",27.683817,85.33310089999999,1406.42,
ChIJmSoIQboZ6zkREV1YFlSbUzk,clinic,Swasthya Dental and Wellness Center,dental_clinic,"Steel Tower, Damodar Margha Near, Lalitpur 44700, Nepal",27.664899,85.31435719999999,1411.39,
ChIJ7zh0dN0Z6zkRaCH12xQhuws,clinic,Aims Physiotherapy,physiotherapist,"Ring Rd, Lalitpur 44600, Nepal",27.6711387,85.3391181,1412.85,
ChIJeTVeNwAZ6zkRN2GxbOJgkf0,clinic,Bisan care,medical_clinic,"Mahalaxmisthan, Lalitpur-15, 44700 चक्रपथ, ललितपुर 44700, Nepal",27.6618825,85.3189086,1414.22,
ChIJtccXZwAZ6zkRLMo1CGRhA_w,clinic,Mega Smile Dental Clinic Pvt Ltd.,dental_clinic,"Jwagal Madhu Road, Lalitpur 44600, Nepal",27.6853456,85.3198422,1422.08,
ChIJX6tSF18Z6zkRsCeNNsH7sh8,clinic,Nepal Public Health Association,medical_clinic,"Lalitpur 44600, Nepal",27.6853499,85.3198417,1422.54,
ChIJGULdwb8Z6zkR2rNiKN81iL8,clinic,रिया बैध भण्डार,medical_clinic,"M8MM+H7M, Kathmandu 44600, Nepal",27.6839696,85.3331615,1423.79,
ChIJX4QNBS0Z6zkROdLglPjEcGo,clinic,Ganeshman Singh Memorial Chasma Ghar | Eye Clinic in Lalitpur,medical_clinic,"M869+MFM, 44700 Ring Rd, Lalitpur 44700, Nepal",27.6618053,85.318748,1428.74,
ChIJ25RcKdQZ6zkRYKqRiWUk6SY,clinic,TM Dental Clinic,dental_clinic,"M869+PCV, Lalitpur 44700, Nepal",27.661870900000004,85.3185337,1431.43,
ChIJx9myTWEZ6zkRHCYJ6h09ils,clinic,Kasturaba Dental Care,dental_clinic,"F072, Nepal",27.665056000000003,85.3360713,1431.63,
ChIJX-gPx1kZ6zkRr_cF6pt-ApA,clinic,Soothe Services Contact Office,medical_clinic,"Lalitpur 44700, Nepal",27.6659448,85.31310870000002,1434.76,
ChIJ68zAdMsZ6zkRSV3cQkxtVgQ,clinic,Garima Health Clinic,medical_clinic,"Lalitpur 44600, Nepal",27.6651604,85.3362981,1441.31,
ChIJkzOJYgAZ6zkRIoLq4ku8Swk,clinic,Laser wave physiotherapy clinic,medical_clinic,"M88P+2HV, Lalitpur 00977, Nepal",27.6651032,85.33641229999999,1454.03,
ChIJZdBSX2gZ6zkRh8QhSQU6iDY,clinic,B.B.M.Trishakti Pvt. Ltd,medical_clinic,"Madhya Marga, Kathmandu 44600, Nepal",27.6853751,85.33100089999999,1456.8,
ChIJG_rbkbIZ6zkRnk8ZoMVk3N0,clinic,OXYMED TRADELINK,store,"Rio 4 Mrag, Lalitpur 44600, Nepal",27.6861436,85.3215257,1457.74,
ChIJlyAd7PMZ6zkR3sYz5wX39XA,clinic,Nozomi Oral and Dental Care,dental_clinic,"1 Kupondole Rd, Lalitpur 44600, Nepal",27.6854555,85.3190108,1464.51,
ChIJNdkOuZUZ6zkR5m-kDEs4ZGs,clinic,Sundar Dental Home,dental_clinic,"Shankhamul Marga, Kathmandu 44600, Nepal",27.684182,85.33356859999999,1466.05,
ChIJdUNFSwAZ6zkRH2K0AwpDE1Y,clinic,Sunil dental lab,dental_clinic,"M8PJ+4M8, Kathmandu 44600, Nepal",27.6852832,85.3316923,1476.56,
ChIJ7zfHhvEZ6zkRkwLiF88zkTg,clinic,"Dr. Basanta Maharjan: Consultant Orthopedic, MSK Onco, Hand and Reconstructive Microsurgeon",medical_clinic,"KIST Hospital Road, 44700, Nepal",27.6632134,85.3346998,1481.71,
ChIJcW6i9dQZ6zkRbbG89F4r_wU,clinic,partibha Polyclinic,medical_clinic,"M878+3C5, Ring Rd, Lalitpur 44700, Nepal",27.662635,85.3161229,1482.26,
ChIJp8Iuk5MZ6zkRAqrVb4I5R3c,clinic,Dr Suresh Adhikari’s Mental Health Clinic,doctor,"Jwagal Road, Lalitpur 44600, Nepal",27.6854828,85.3185319,1486.87,
ChIJ_WnAGgAZ6zkRnerkTrbFSTo,clinic,Wellness Care Pvt. Ltd,medical_clinic,"M869+CJQ, Ring Rd, Lalitpur 44700, Nepal",27.6610788,85.3191114,1487.73,
ChIJVfiXF98Z6zkRTKzXhB2KGn4,clinic,Happy Minds,medical_clinic,"Lalitpur 44600, Nepal",27.678708,85.31113119999999,1487.78,
ChIJow5pewAZ6zkRrS__25JfveE,clinic,Nims Clinic Imadol Branch,medical_clinic,"M87P+RMH, 44700, Nepal",27.6646721,85.3364811,1490.05,
ChIJZWnvYa0Z6zkRk2qS8L6Y1lQ,clinic,Bluecross Dental Clinic,dental_clinic,"Bahundhara, Kist Hospital chowk Imadol, Mahalaxmi-2, Lalitpur, Nepal",27.664871,85.3366774,1490.6,
ChIJvZdkTNsZ6zkR8KH0oV-IBOo,clinic,Moms Care Polyclinic Pvt. Ltd.,doctor,"32 Sahyoginagar Marga, Kathmandu 44600, Nepal",27.6779286,85.33928110000001,1493.74,
ChIJY25zSQoZ6zkRD6eNASm3k6k,clinic,आरभ क्लिनिक एन्ड डायग्नोष्टिक सेन्टर,medical_clinic,"M8HQ+PFC, Kathmandu 44600, Nepal",27.679309300000003,85.3386529,1496.42,
ChIJMzTAPQAZ6zkRO1OkNVAaHQc,college,IT Group Of Nepal,university,"M8FG+34W, Lalitpur 44600, Nepal",27.6727432,85.3253203,79.55,
ChIJ7To1dakZ6zkRoxqSXxgm3KY,college,young picasso,university,"Bakhun Bahal, Patan chusika galli, Lalitpur 44600, Nepal",27.6726992,85.32696849999999,208.93,
ChIJmfgqWsUZ6zkRO-pC0Vfk6JU,college,Sugata Buddhist College,university,"M8CF+HM2, Lalitpur 44600, Nepal",27.6713873,85.32414059999999,239.27,
ChIJjWzIlsQZ6zkRuWB4t7jhM1k,college,Shree Shanti H. S. School,secondary_school,"M8FH+272, शहीद शुकर्‍ मार्ग, Lalitpur 44700, Nepal",27.672511,85.328147,325.29,
ChIJ1WVs1s8Z6zkRA7reH7FNn4k,college,Moonlight Secondary School (Moliss),school,"Lalitpur 44700, Nepal",27.670449,85.3217545,458.06,
ChIJyxbHd14Z6zkROVJhjWU4Css,college,Able infotech,university,"Lalitpur 44600, Nepal",27.67044,85.32159,470.21,
ChIJgVpPRc4Z6zkR2f79UdkuDzA,college,Kantipur Valley College (KVC),university,"M8CC+V4C, 19 Purnachandi Marg, Lalitpur 44700, Nepal",27.6721964,85.3202709,484.55,
ChIJ5ThLQs4Z6zkR0pnjSiAyuiQ,college,Plan Academy,university,"M8CC+V3X, Agnishala Rd, Lalitpur 44700, Nepal",27.67224,85.3202419,485.99,
ChIJc9zDK9AZ6zkRneM_hAOnvxc,college,Grand Academy,university,"M8CC+2MM, Lalitpur 44600, Nepal",27.670081900000003,85.32167609999999,493.23,
ChIJSVGeTRUZ6zkRXwCjpbsYneQ,college,HDNP,university,"50 Duwaa Nani, Lalitpur 44600, Nepal",27.6766879,85.3216277,493.9,
ChIJGf-WicoZ6zkRSJmiEMUpi4k,college,NHDP Office,university,"50, ललितपुर 44600, Nepal",27.6765779,85.3214493,497.12,
ChIJN9PMOM4Z6zkRNhGMdd7iqwY,college,TechAxis - Best IT Training Institute in Nepal,,"Lalitpur 44600, Nepal",27.6715711,85.32039189999999,497.27,
ChIJD9TZKNAZ6zkReH8w6dt6Byk,college,Rolwaling College,university,"M8CC+4GR, Kumaripati - Mahalaximisthan Rd, Lalitpur 44600, Nepal",27.6703554,85.32125710000001,500.47,
ChIJAfQTT5QZ6zkRWCXRSIGwmBw,college,CAFODAT COLLEGE,university,"134/17 Kumari Marg Purnachandi, Lalitpur Metropolitan Corporation Ward Number 19, ललितपुर 44600, Nepal",27.6722753,85.3199662,511.24,
ChIJe8__YxkZ6zkRcM-WLw4GXZk,college,Citizen College,university,"Khaala Marg, Lalitpur 44600, Nepal",27.6692274,85.32269579999999,516.49,
ChIJR9fbltAZ6zkR03zLIJM02go,college,NIMS College,university,"M88F+CG9 Kanibahal, Lalitpur 44700, Nepal",27.6714616,85.3201112,527.48,
ChIJ71BQZM4Z6zkRCzW-6q9-_ZA,college,Caspian Valley College,university,"Kumaripati, Lalitpur 44700, Nepal",27.6726918,85.31964049999999,533.62,
ChIJ-V-DBNoZ6zkRgVzvKuAvdbA,college,Nirvana College,university,"M8CC+F2V, Kumaripati - Mahalaximisthan Rd, Lalitpur 44600, Nepal",27.6713733,85.3200073,540.85,
ChIJQY_29NYZ6zkRayx5s0GfLNI,college,SooraAcharya Academy,university,"M8CC+H28 27.671372 85.320049, ललितपुर 44600, Nepal",27.6714096,85.3199828,541.38,
ChIJuc7S-ggZ6zkR2TOI40Sl4ow,college,Salen Mobile Guru Training Center,university,"Paryag pokhri, Yashodhara Marg, Lalitpur, Nepal",27.6684434,85.3252091,551.53,
ChIJ98gm3X0Z6zkRmg1YWJDoDwo,college,"Patan Multiple Campus, Department of Rural Development (RD)",university,"44600, ललितपुर 44600, Nepal",27.6779066,85.32229029999999,567.73,
ChIJvWVU6cgZ6zkRGrogTtQa_RI,college,Patan Multiple Campus (Science & IT),university,"M8GC+863, Pimbahal Rd, Lalitpur 44600, Nepal",27.6780605,85.32233930000001,580.69,
ChIJSW6wPYgZ6zkRP_jHovbpfVM,college,Readers Network Nepal,university,"M89C+X5F, Lalitpur 44600, Nepal",27.6699427,85.3204068,593.62,
ChIJRyP1IwAZ6zkRVK9T2zn3byA,college,PUBOSS +2,university,"M89C+X5F, Lalitpur 44600, Nepal",27.6699427,85.3204068,593.62,
ChIJPesC99EZ6zkRN2RruXPH6Ds,college,Omega College,university,"M89C+Q57, Kumaripati First Lane Marg, Lalitpur 44700, Nepal",27.6697527,85.3204971,600.93,
ChIJmUI0ECAZ6zkRO47daUNKUbc,college,Mega Valley College,university,"M8C9+PMR, Lalitpur 44600, Nepal",27.671856,85.3191346,602.58,
ChIJKcGKG-wZ6zkRA1Yh6MeghHw,college,Supernova College,university,"Lalitpur 44707, Nepal",27.6716519,85.3190781,614.71,
ChIJXae7c84Z6zkRJO6rKWy5omA,college,Mega National College,university,"M8C9+MQH, Lalitpur 44700, Nepal",27.6716464,85.31907509999999,615.18,
ChIJhW3Kd9AZ6zkRjOikvFYEBUs,college,Bluebird Secondary School and College,university,"M8C9+4R3, Lalitpur 44600, Nepal",27.6702738,85.3195452,639.84,
ChIJYX0JBcsZ6zkREWoXh6GD0GY,college,VIRINCHI COLLEGE,university,"M8F9+4JM, पूर्णचन्डी मार्ग, Lalitpur 44600, Nepal",27.6727033,85.3185455,640.31,
ChIJP1OBseQZ6zkRPOsZctj5Ezc,college,NIIT Lalitpur Branch,university,"Unnamed Road, M8C9+FHR, ललितपुर 44600, Nepal",27.6712431,85.3189008,646.74,
ChIJoeQa-80Z6zkReltf9I6c_bI,college,"Advance Academy, Lalitpur",university,"Lokeswor Street Lokeswor Street 2, Lalitpur 44700, Nepal",27.6708433,85.318891,665.38,
ChIJQQny74wZ6zkRc2xsNxW84BI,college,Swoyambhu International College,university,"Kanibahal Sinchahiti Road, Lalitpur 44700, Nepal",27.6674583,85.3262428,671.93,
ChIJZRX9WesZ6zkR6PmhXK3g4PI,college,British Model College,university,"Lalitpur 44600, Nepal",27.6793769,85.3262573,676.03,
ChIJu7uIWZIZ6zkRmo4GWuJlp2s,college,"Microsoft Silverlight Computer Institute, Lagankhel",,"Chowk Buspark, Lalitpur 44600, Nepal",27.6676011,85.3227599,681.5,
ChIJS4JMdVAZ6zkRRAGJhYpD2ks,college,Prime CA Lagankhel,university,"M88G+R65, Lagankhel-Gwarko Road, Lalitpur 44700, Nepal",27.667179,85.3263789,704.95,
ChIJycYUWNAZ6zkR0x4D7OrCJa4,college,पाटन स्वास्थ्य विज्ञान प्रतिष्ठान,university,"Patan Hospital, Satdobato Rd, 44700, ललितपुर, Nepal",27.6682998,85.3205665,715.71,
ChIJp-H17HwZ6zkRGb9v0_zWZrs,college,BCA Department (Patan multiple campus),university,"M8HC+GCP, Lalitpur 44600, Nepal",27.6788364,85.32107979999999,717.25,
ChIJ2cUbma8Z6zkRRQ0ogsVK-vc,college,Vedas College,university,"M8F9+439, Lalitpur 44600, Nepal",27.6727807,85.3177484,717.42,
ChIJfd_KRgAZ6zkRdpqXehm_19k,college,Pinnacle College(BBM/BBS/CA),university,"M899+RJJ, Mahalaxmisthan Rd, Lalitpur 44600, Nepal",27.669628000000003,85.31898129999999,726.1,
ChIJTbYNNcwZ6zkRWyvkRBAnkT4,college,Aberdeen International College,university,"M8F9+72W, Lalitpur 44700, Nepal",27.6732311,85.31757979999999,730.95,
ChIJFbSwea8Z6zkR7aYbdkeE5UE,college,Economics Building (Patan multiple campus),university,"M8HC+RQG, Lalitpur 44600, Nepal",27.6795636,85.3219422,748.59,
ChIJtSkYEooZ6zkRQRM3aXZjXBg,college,Republica College,university,"M899+X98, Lalitpur 44600, Nepal",27.6699165,85.31844819999999,752.54,
ChIJH0B-AwAZ6zkRsvjpaGOHIKk,college,Roman Shrestha,university,"M8HC+PFF, Lalitpur 44600, Nepal",27.6793171,85.3211824,757.77,
ChIJ1cWTq0EZ6zkRHlR79heP4Rw,college,"Humanities and social science building, Patan multiple campus",university,"M8HC+M9Q Yatayaat Bus Stand, Patandhoka Road, Lalitpur 44700, Nepal",27.6792162,85.320988,757.86,
ChIJX0dGDNEZ6zkR1pZ6pf5CKU8,college,Pinnacle College (BSc. Microbiology)/ Pinnacle Technical College (Pharmacy),university,"Nahiti Ganesh Galli Purba, Lalitpur 44700, Nepal",27.6665592,85.3248546,760.8,
ChIJ6VTWXhcntawR8RUXu2x7cM0,college,MEGA College Purbanchal,university,"Lalitpur 44700, Nepal",27.6702996,85.31804509999999,766.77,
ChIJx88bDwAZ6zkRj22H1JgnbJ4,college,AIMS COLLEGE PARKING,university,"M88F+HX5, Kupondole Rd, Lalitpur 44600, Nepal",27.6664818,85.3250802,769.31,
ChIJMRsgaQAZ6zkRBuUHCVWkkuM,college,"School of Public Health, PAHS",university,"M899+8RM, Lalitpur, Nepal",27.6683429,85.3195319,778.57,
ChIJ4dYkrckZ6zkRys9_uGgK3o8,college,International Buddhist Tzu Chi Foundation,university,"44600, ललितपुर 44600, Nepal",27.6796736,85.321275,788.15,
ChIJ-0xykdAZ6zkRuEelE9vJKYI,college,Namuna Machhindra College,university,"M88F+H6P, Satdobato Road, Lalitpur 44700, Nepal",27.6664657,85.32307209999999,794.09,
ChIJD0roqRcZ6zkRTBPRZ37c5F0,college,Koinonia Leadership Institute of Nepal (KLIN),university,"M899+CGR, Lalitpur 44600, Nepal",27.6688293,85.31876369999999,797.16,
ChIJoYLJlZYZ6zkR2giGiZ5Y3C4,college,United College,university,"Lalitpur 44600, Nepal",27.6692449,85.3183779,799.21,
ChIJ-zTPpckZ6zkR5cXad2qohJE,college,Patan Multiple Campus (BCA),university,"Lalitpur 44700, Nepal",27.6799023,85.32137689999999,806.26,
ChIJo6lMTcgZ6zkRI_QAwKAns-s,college,Patan Administrative Block,university,"M8HC+XHF, Lalitpur 44600, Nepal",27.679941,85.3214338,807.67,
ChIJw2vaQdoZ6zkRpmo7tuZHD6E,college,Aims international college,university,"M88F+CVH, Karuna Rd, Lalitpur 44700, Nepal",27.6658927,85.32510289999999,834.84,
ChIJcf5ce-QZ6zkRvgwJkZFxJes,college,Center for Leadership and Entrepreneurship,educational_institution,"South to Patan Hospital, Lagankhel sadak, Lalitpur 44700, Nepal",27.6667741,85.3208283,843.56,
ChIJ9SsWDNEZ6zkRgcFQVTrTYgc,college,Campion Academy,,"M88C+Q48, Nahiti Ganesh Galli Purba, Lalitpur 44700, Nepal",27.666922,85.32032600000001,854.83,
ChIJ-TJxDAAZ6zkRfgtSdBkCSq4,college,Oxbridge foundation for global studies,university,"M889+8M5, Lalitpur 44700, Nepal",27.6719195,85.3164571,857.23,
ChIJqVNd1p0Z6zkRpSTOFCmhXiM,college,Kathmandu,university,"M88F+93M, Lalitpur 44700, Nepal",27.6659534,85.3226706,859.21,
ChIJhXiCi8EZ6zkRLo2XgfHsB0I,college,Himalaya College of Engineering,educational_institution,"M8GM+R42, Chyasal-9, Lalitpur 44700, Nepal",27.6770118,85.3327667,863.85,
ChIJyXu9gcoZ6zkRNWK1ZkchDdk,college,Kathmandu,university,"M8JG+CV9, Lalitpur 44600, Nepal",27.6810498,85.32684599999999,869.83,
ChIJdakviswZ6zkRNGi5YNuvgjw,college,Sagarmatha Secondary School,school,"Lalitpur 44700, Nepal",27.6746437,85.316249,872.78,
ChIJN1zHLnUZ6zkRH3F3QVHS3Bw,college,School,university,"M89J+9Q3, Lalitpur 44600, Nepal",27.6683808,85.33192609999999,881.31,
ChIJ7817mMEZ6zkRfPMNdgcsOH8,college,Shramik Shanti Campus,university,"M8HJ+7W8, शंखमुल घाट, Lalitpur 44700, Nepal",27.6781743,85.3323253,895.64,
ChIJBVZcbtoZ6zkRx_7XrftdgiY,college,Pinnacle Academy College (+2 Building),school,"to Hospital Rd, Lalitpur 44700, Nepal",27.6667102,85.3198697,899.22,
ChIJofrvAhEZ6zkRhDlZ_dsebJ4,college,CUBE Education,consultant,"Jawalakhel Machindra Marg, House. 129, ललितपुर 44600, Nepal",27.6737175,85.31585609999999,901.14,
ChIJqz2WEKcZ6zkRMtw6AmHfuhw,college,Green book publication,university,"M8GM+8F4, Lalitpur 44600, Nepal",27.6757103,85.3338074,904.55,
ChIJl_gBN64Z6zkRZH_eky63lG0,college,Chakupat Campus Road,university,"M8JG+M43, Bangalamukhi Rd, Lalitpur 44600, Nepal",27.681637,85.3253028,916.4,
ChIJ25NcGdoZ6zkR5mkGC07VZiI,college,Nesfield International College,university,"बटुक भैरब, Lalitpur 44700, Nepal",27.6651268,85.3249969,919.94,
ChIJ3c3IzskZ6zkRH0JUiESEaHg,college,"Exam Control Office, Institute Of Engineering (pangre ghar)",university,"M8JC+CCC, Lalitpur 44600, Nepal",27.6810594,85.3210165,937.68,
ChIJhdDLWgAZ6zkR2uitBLyzi78,college,"Chemical Engineering Lab, Pulchowk Campus",university,"Pulchowk Mess, Lalitpur 44600, Nepal",27.681793,85.32335479999999,947.22,
ChIJSSnQbAAZ6zkRSihJvakaiAQ,college,New Kaushal college,university,"M8HJ+QPM, Sankhamul Pul, Lalitpur 44600, Nepal",27.6794525,85.3317912,948.77,
ChIJURzZls0Z6zkR_ETRe0bu8Cc,college,प्रसादी एकेडेमी,university,"Lalitpur 44700, Nepal",27.6705136,85.3159214,949.89,
ChIJCxKsYtEZ6zkRORC18dnsBGk,college,Nepal Open University (नेपाल खुला विश्वविद्यालय),university,"Kumaripati - Mahalaximisthan Rd, Lalitpur 44700, Nepal",27.6667558,85.3188318,956.45,
ChIJAShoRd0Z6zkRZ9itZTs_Vkk,college,Kathmandu University School of Management,university,"बालकुमारी जाने बाटो, Lalitpur 44700, Nepal",27.6699275,85.3338989,957.63,
ChIJo3i7wbgZ6zkRTKFqEkK1wYk,college,Lumbini Buddhist University,university,"M8H8+7PX Mahabir, Lalitpur 3, Nepal",27.6782363,85.31685279999999,965.84,
ChIJWYQqD90Z6zkRyLjtRozI7Yw,college,Quest International College,university,"Lalitpur 44700, Nepal",27.6680698,85.3328768,976.2,
ChIJTyXZkaIX6zkR9-oMVWH-mkI,college,Ojashwi College,university,"Gwarko Chowk, Lalitpur 44700, Nepal",27.6677553,85.33273,986.63,
ChIJDSBIZhQZ6zkRsHSi9T0kuE0,college,Lalit,university,"M8JG+WGQ, Mani Rd, Lalitpur 44600, Nepal",27.6823384,85.3263554,1002.83,
ChIJKyWfGMoZ6zkRu6JcrQ-g_qY,college,"Department of Architecture, Pulchowk Campus",university,"M8J9+685, Pulchowk Rd, Lalitpur 44600, Nepal",27.6805127,85.3183696,1025.58,
ChIJd-XyFhoZ6zkRwGpcMeSg2PM,college,Caspian College for Management & Information Technology (CCMIT),university,"Dakshinkali Marg Dakshin, Lalitpur 44700, Nepal",27.6655279,85.3195013,1029.29,
ChIJXyGg9UAZ6zkRydFg0Gqby_8,college,"Lalitpur NIST College, Management Block",university,"Ring Rd, Lalitpur 44600, Nepal",27.6687745,85.3340837,1031.86,
ChIJK-O1UwAZ6zkRaRuxSo5d46Q,college,"Chyasal, lalitpur",university,"M8GM+HXQ, Lalitpur 44600, Nepal",27.676469,85.334974,1039.77,
ChIJp8qCFjMZ6zkRAz4Z0ScfpNE,college,NBK Smriti Bahuprabidhik Sikhhyalaya,university,"Lalitpur 44600, Nepal",27.6654762,85.3193064,1044.36,
ChIJCaxk0LcZ6zkR3_Pm_08tuc8,college,Institute of Enginnering ईञ्जीनियरिङ्ग अध्ययन संस्थान,university,"M8J9+CCF, Lalitpur 44600, Nepal",27.6810531,85.3185314,1062.97,
ChIJB2flTtEZ6zkR2To5wRIwkj4,college,Bright Vision International College,university,"M87C+W3H, Mahalaxmisthan Rd, Lalitpur 44700, Nepal",27.6648138,85.3202494,1063.2,
ChIJG0l2G8oZ6zkRrY87TGb2wGE,college,Office of the Dean,university,"M8J9+C97, पुल्चोक रोड, Lalitpur 44600, Nepal",27.681039,85.31841600000001,1068.58,
ChIJ3xqfwksZ6zkRJ4UD0axM6Sc,college,"Heavy Lab, Pulchowk Campus",university,"M8JC+R4W, Lalitpur 44600, Nepal",27.6821143,85.3203285,1072.63,
ChIJt5649ssZ6zkR7OMzx4o8G5U,college,"Institute of Engineering, Pulchowk Campus",educational_institution,"M8MC+54H, Lalitpur 44600, Nepal",27.6811119,85.31841399999999,1075.15,
ChIJLQKIplcZ6zkROEQsHPxq-dw,college,Pulchowk Campus ICT Tower,university,"M8J9+QRF, Lalitpur 44600, Nepal",27.6819462,85.3195355,1092.07,
ChIJc8N6LPkZ6zkRB1qWYUQW9Mc,college,Skill Shikshya - Best IT Training Institute in Nepal,,"Siddhartha Margha Sankhamul - 31, काठमाडौँ 44600, Nepal",27.6814198,85.33172139999999,1110.54,
ChIJDWCdNxoZ6zkRTRHeCC1LTtA,college,Basic science block,university,"M88M+G6J, Lalitpur, Nepal",27.6663423,85.3330053,1112.37,
ChIJb2DmzC4Z6zkRvroZT3iWXeY,college,University Enterprise Center,university,"M8J9+PFH, Lalitpur 44600, Nepal",27.6818091,85.3187397,1119.97,
ChIJ9YlEArYZ6zkRMettoc_jkN8,college,ICTC Building,university,"M8J9+RMQ, Lalitpur 44600, Nepal",27.6820926,85.3192258,1121.41,
ChIJd_oiAMoZ6zkRSCsFTD6TVN0,college,"Department of Electrical, Electronics and Computer Engineering",university,"M8J9+PGR, Pulchowk Rd, Lalitpur 44700, Nepal",27.6818583,85.31875939999999,1123.48,
ChIJRaBWCQAZ6zkRtdY2bdkQ-1I,college,Hamro class 080BCTCD,university,"M89H+CHJ Dhalachhen, Galli, Lalitpur 44600, Nepal",27.6818325,85.3186913,1124.77,
ChIJG962ZeMZ6zkRcGnuPNZMmdY,college,"NIST College, Lalitpur",university,"44600 Ring Rd, Lalitpur 44600, Nepal",27.6691528,85.3354789,1134.87,
ChIJeVjw6UoY6zkRgp70n-zzFMU,college,National Institute of Science Lalitpur NIST,corporate_office,"44600 Ring Rd, Lalitpur 44600, Nepal",27.6691522,85.3354793,1134.93,
ChIJox9EXawZ6zkRkdYQl15n7kY,college,Department of Applied Sciences and Chemical Engineering,university,"M8MC+54H, Lalitpur 44600, Nepal",27.6829479,85.3203443,1156.43,
ChIJY0LsR7YZ6zkRf_I2u8NFNwM,college,Center for Energy Studies,university,"M8MC+789, Lalitpur 44700, Nepal",27.6831632,85.32084549999999,1160.14,
ChIJLQFzBLYZ6zkR0ACv7R422rs,college,"IOE, KOICA ICT Center",university,"M8J9+XJ6, Lalitpur 44600, Nepal",27.6824171,85.31903059999999,1162.26,
ChIJN52yOk4Z6zkR0n7OlfObk1g,college,"Department of Science and Humanities, Pulchowk Campus",university,"M8MC+63M, Lalitpur 44600, Nepal",27.6830893,85.3201598,1178.12,
ChIJrURB-bUZ6zkRL4Bi16AmT9A,college,"Department of Electrical Engineering,Pulchowk Campus",university,"Pulchowk Rd, Lalitpur 44700, Nepal",27.6822407,85.318404,1178.24,
ChIJx-yVFY8Z6zkRwvXBDQ4AzdE,college,"Public Health Lab, Pulchowk Campus",university,"M8MC+63M, Lalitpur 44600, Nepal",27.6831044,85.3201253,1181.03,
ChIJG_jZclcZ6zkRJL6Q0QLdOVI,college,CIDS,university,"M8M9+6X2, Lalitpur 44600, Nepal",27.6830152,85.3199042,1181.06,
ChIJNws7dgAZ6zkRGsEzliBY2_4,college,G Block Department of Applied Sciences and chemical engineering,university,"M8MC+737, Lalitpur 44600, Nepal",27.6831725,85.3201592,1186.61,
ChIJOxU-UW8Z6zkRqjha7dHSVW0,college,"BLOCK F, Pulchowk Campus",university,"M8M9+4PQ, Lalitpur 44600, Nepal",27.682849,85.3193496,1188.91,
ChIJ86hXPZEZ6zkR37JEqXYrSM8,college,"Central Material Testing Laboratory, Pulchowk Campus",university,"M8J9+XCX, Lalitpur 44600, Nepal",27.6824845,85.3186236,1189.39,
ChIJ42UkrjkZ6zkRpuvi8nF5VfY,college,Electrical Club Pulchowk Campus,university,"Lalitpur 44600, Nepal",27.6823243,85.31828740000002,1192.33,
ChIJuwijCwAZ6zkRs-6KKmx6Q2Q,college,Embark College,university,"M8M9+3HJ, Yala Sadak, Lalitpur 44600, Nepal",27.6827075,85.3189029,1196.49,
ChIJX0Q_6YQZ6zkR_j0qy5OZEGI,college,Lumbini International Academy of Science and Technology - LIAST,university,"Unnamed Road, M887+XWC, ललितपुर 44700, Nepal",27.6674298,85.31475979999999,1207.33,
ChIJ3Ww3BAAZ6zkRiuzOz0f2Eko,college,Career Academy (Entrance Preparation/ Tuition classes),university,"Jawalakhel Football Ground, Lalitpur 44600, Nepal",27.6755172,85.3129352,1211.17,
ChIJvQot2dIZ6zkR7IPrg-1cTOA,college,National Multiple Higher Secondary School,university,"M887+XRG, Lalitpur 44600, Nepal",27.6674432,85.3145845,1220.98,
ChIJzwHYxt4Z6zkR0Tkxo_m6hUo,college,Kathmandu College of Management,,"Ring Rd, Lalitpur 44700, Nepal",27.6631552,85.32996159999999,1239.54,
ChIJq6pqNL8Z6zkR7hq2HDMM7_Q,college,SV College,university,"M8MH+JPH, Kathmandu 44600, Nepal",27.6840529,85.3293714,1260.34,
ChIJ26AR7K0Z6zkRKXs0qAlG8GA,college,Sudha Sagar Collage,university,"M88M+9W2, Imadol Marg, 44600, Nepal",27.6658849,85.334755,1273.25,
ChIJK2irprcZ6zkRqwJJtXaaYgo,college,Asian College of Medical Science & Technology,university,"M8MC+VW8, Lalitpur 44600, Nepal",27.6846587,85.32234009999999,1279.02,
ChIJefcKY4IZ6zkRN8br0Z0cVmQ,college,निम्स्ट कलेज,school,"Harit Colony Street 1, Lalitpur 44600, Nepal",27.6682724,85.33702699999999,1314.48,
ChIJ8UPrR4gZ6zkRmM4pWyrJnvk,college,Consultancy,university,"M88P+RG5, F072, Lalitpur 44600, Nepal",27.667035,85.3363832,1325.73,
ChIJZb5jemYZ6zkRrMNHhJVhC_Y,college,Bridge course team,university,"Lalitpur 44600, Nepal",27.666811000000003,85.31367829999999,1334.12,
ChIJC_hI8b8Z6zkR95qgef5djrI,college,Laligurans Rastriya College (LRC),university,"M8MM+49V, Shankhamul Marga, Kathmandu 44600, Nepal",27.6828687,85.33341659999999,1339.94,
ChIJMw1Gq5IZ6zkRl59dpRPeEGI,college,Triton Int´l College,university,"Koteshwor - 32, Kathmandu 44600, Nepal",27.6759074,85.33854029999999,1362.21,
ChIJeWrmfwAZ6zkRZ8pxsl2XvTU,college,NIMST College,university,"44600 Ring Rd, Lalitpur 44600, Nepal",27.6683165,85.3376443,1367.48,
ChIJ419Kr-gZ6zkRtsZ49M0APZY,college,Nepal College of Information Technology,educational_institution,"Balkumari Rd, Lalitpur 44600, Nepal",27.6713817,85.3387383,1371.38,
ChIJkXK63r0Z6zkRM8LYh1coqrg,college,Himalayan Institute of Science & Technology,university,"M8CF+5H9, Lalitpur 44600, Nepal",27.66275,85.33236869999999,1388.88,
ChIJKfYM_IcZ6zkRfexjznH_0vA,college,Cosmos College of Management and Technology (Block B),university,"M869+RH4, Road, Lalitpur 44700, Nepal",27.6620063,85.318947,1400.15,
ChIJU4gD5r8Z6zkRlpOs_1yjQ8E,college,Medhavi College (मेधावी कलेज),university,"M8PJ+4M8, शंखमुल मार्ग, Kathmandu 44600, Nepal",27.6836147,85.3338165,1429.62,
ChIJKyIa6L8Z6zkRxKU-kJtq8bE,college,Gyan Niketan H. S. School,secondary_school,"शंखमुल मार्ग, Kathmandu 44600, Nepal",27.683881000000003,85.333592,1440.16,
ChIJR25izVTveQgR8ZbCoi7S5i0,college,TEJ Center,university,"Ground floor, M8P9+2CJ Chaurangee Complex, Lalitpur 44600, Nepal",27.6850734,85.318561,1444.6,
ChIJ9-vpc9cb6zkRIHaD5Na21xU,college,NextLevel Skills,,"Shankhamul Marga, Kathmandu 44600, Nepal",27.6841381,85.3333761,1451.2,
ChIJS1RjF-_XKqwRpzVXn_ulcms,college,Skill Spark | Best IT training institute in Kathmandu,,"6th Floor, Shankhamul Tower, शंखमुल मार्ग, Kathmandu 44600, Nepal",27.6841453,85.3333688,1451.45,
ChIJN3dTOsUZ6zkRXpjgaBtCeac,college,Patan International College,university,"M8M8+QQH, Lalitpur 44600, Nepal",27.6844258,85.31699429999999,1457.59,
ChIJ_42brbUZ6zkRo4nndSa4pBI,college,Patan College For Professional Studies,university,"162, Patan 44700 Kupondole Rd, Lalitpur 44700, Nepal",27.6844602,85.317011,1459.92,
ChIJA5dFabUZ6zkROVFb6hL8q0M,college,Kaicho Group,university,"Dunggedhara Near GVS School, काठमाडौँ 44600, Nepal",27.682129,85.33616409999999,1466.51,
ChIJWeWQd4MZ6zkRGAjLc14CU8Q,college,LiviTech Pvt. Ltd,university,"M8PJ+4M8, Kathmandu 44600, Nepal",27.6852831,85.33169219999999,1476.55,
ChIJp31iqdoZ6zkRn53iVOcrBf8,hospital,patan heart clinic patko,hospital,"Banglamukhi road, Lalitpur 44600, Nepal",27.6743426,85.3243859,121.01,
ChIJoa2EqdoZ6zkRWgUn2tSbBk4,hospital,Ram Pharma,medical_center,"M8CF+PXJ, Lalitpur 44600, Nepal",27.6718438,85.3249037,173.3,
ChIJY78fpVwZ6zkRbadsEQfoah8,hospital,Smarika pharmacy,medical_center,"M8GG+9FH, Lalitpur 44600, Nepal",27.675931400000003,85.3262427,306.93,
ChIJK3f2QwAZ6zkRzaDIjL7hlgo,hospital,Abhay Upachar Kendra Patan,medical_center,"M8CF+H2F, Tichhu galli, Lalitpur 44700, Nepal",27.6714687,85.3226814,313.45,
ChIJjQhQzs8Z6zkR_LPESDTF5uk,hospital,DR. RAM CHHAYA MAN AMATYA,hospital,"M8CC+FPW, Lalitpur 44600, Nepal",27.671228,85.321821,395.39,
ChIJp82pMpkZ6zkRWjl-8Vz0e_c,hospital,Kumbeshwor medical hall,medical_center,"Lalitpur 44600, Nepal",27.6768888,85.32601369999999,400.57,
ChIJpZIidAAZ6zkRYQTiEM375Cg,hospital,Jagnath medical hall,medical_center,"M8GF+VJQ, Lalitpur 44600, Nepal",27.6771856,85.32409559999999,430.26,
ChIJBV_0c90Z6zkR_zdielV0HPM,hospital,urusha pharma,medical_center,"M8GG+MXH, Bangalamukhi Rd, Lalitpur 44700, Nepal",27.6766114,85.32752219999999,434.97,
ChIJRX38DtAZ6zkRouCZ5LgI7xQ,hospital,Nepal Veterinary Distributor,veterinary_care,"12 Tangal Tole, Lalitpur 44600, Nepal",27.669648700000003,85.323596,439.44,
ChIJr0_rPNAZ6zkRKDltysTIrOo,hospital,DIYAS HOSPITAL PVT.LTD,hospital,"19, Lalitpur 44700, Nepal",27.6707802,85.32118249999999,475.59,
ChIJW4O_MQgZ6zkRnj3HbWRS0TY,hospital,Accu Life Pharmacy Pvt. Ltd.,medical_center,"M89F+Q65, Thabu Rd, Lalitpur 44600, Nepal",27.6693893,85.3231223,482.78,
ChIJSVpaD9AZ6zkRxTYYPH5npPA,hospital,Banglamukhi Medical Center,medical_center,"M89F+M9H, Lalitpur 44600, Nepal",27.6691785,85.3234693,493.02,
ChIJKcWBxJgZ6zkRihk3Q0Apch8,hospital,Dr. Kenison Shrestha's MindCare Clinic,medical_clinic,"Kumaripati - Mahalaximisthan Rd, Lalitpur 44600, Nepal",27.6695554,85.3222467,506.23,
ChIJXdSJBAAZ6zkRsh0OuC4hMZE,hospital,Tisha pharmacy,medical_center,"Lalitpur 44600, Nepal",27.6698175,85.3281988,507.86,
ChIJB8DcIwAZ6zkR-boBaX4K2fg,hospital,Cosmic pharmacy,medical_center,"M89G+G4C, Lalitpur 44600, Nepal",27.6688058,85.3252753,511.57,
ChIJcyOZFwAZ6zkRoxH_GFC0v2k,hospital,All Nepal Pharmaceuticals,medical_center,"M89F+GPF, Prayag Pokhari Marg, Lalitpur 44600, Nepal",27.6688072,85.3242992,515.34,
ChIJa1mDFVoZ6zkR5JwOBQAKR0s,hospital,New Vision optical,hospital,"M89F+FQ6, Lalitpur, Nepal",27.6686645,85.3243849,530.04,
ChIJ43d0F84Z6zkR8NbW47nwbb8,hospital,NAHUNDA WELL WOMEN CLINIC,medical_center,"Jamshikhel, Lalitpur 44700, Nepal",27.671100000000003,85.319902,563.42,
ChIJk_zpEQAZ6zkRImbhCCVYmZY,hospital,VISION MEDI SALES P. LTD.,medical_center,"M89G+6F8, Prayag Pokhari Marg, Lalitpur, Nepal",27.6680329,85.3261898,608.19,
ChIJL0sWHAAZ6zkRa5dU8EY_-Ko,hospital,InsuCare Nepal,medical_center,"Hospital Rd, Lalitpur, Nepal",27.6687544,85.3217021,610.18,
ChIJHaQ_SQAZ6zkR0UumQ0mQ29E,hospital,Varun Ayurveda Pharma,medical_center,"ABC Shopping Complex, Lalitpur 44700, Nepal",27.668240500000003,85.322761,614.62,
ChIJmxDPTtAZ6zkRuEpNBwKfQYI,hospital,रचना हाड जोर्नी तथा नशा उपचार केन्द्र,medical_center,"पाटन हस्‍िपटल रोड, Lalitpur 44700, Nepal",27.668414400000003,85.3218246,636.49,
ChIJ0VI8WtAZ6zkRUP0XMVNJ7ms,hospital,Mental Hospital,hospital,"M89C+6QJ, Lalitpur 44700, Nepal",27.6679404,85.32223019999999,665.54,
ChIJBXtzxGkZ6zkRCFrRhvQKbGM,hospital,MMTP,hospital,"M89C+6QJ, Lalitpur 44700, Nepal",27.6680774,85.32190059999999,665.91,
ChIJm5gmUdAZ6zkRMyWJxnDiMJU,hospital,Lagankhel Tangal-12,hospital,"12 Lagankhel Satdobato Rd, Lalitpur 44700, Nepal",27.6679059,85.3219326,681.52,
ChIJ__YIZQAZ6zkRDM7nrvzLUZM,hospital,Yala Swasthya Sewa Kendra,hospital,"M8G9+MMF, Lalitpur 44600, Nepal",27.6768264,85.31910719999999,694.18,
ChIJkY-TSAAZ6zkRHdm0NUXYXkc,hospital,Department of Dermatology,hospital,"M89C+F2X, Lalitpur, Nepal",27.6687057,85.32010439999999,710.56,
ChIJnT0OLAAZ6zkRPk4FTgugmBg,hospital,Nepal Center of Nuclear Medicine,medical_center,"M8C9+6CR, Lalitpur 44600, Nepal",27.6709191,85.3183349,711.97,
ChIJca-bvtEZ6zkRL3lkCFg9iUg,hospital,Patan Hospital,hospital,"Lagankhel Satdobato Rd, Lalitpur 44700, Nepal",27.668302,85.3205683,715.41,
ChIJE-gnvgzqtYsRnY0A86e4eNg,hospital,National Gastro Liver Center,doctor,"M89C+2JG Karmachari Sanchaykosh Bhawan, Hospital Rd, Lalitpur 44700, Nepal",27.667565,85.3215701,731.48,
ChIJWe0A6cEZ6zkRqLKImLWJ1UE,hospital,Aaditya Ayurvedic Ausadhalaya,medical_center,"Lalitpur 44700, Nepal",27.6672085,85.32200399999999,749.02,
ChIJLat5F7gZ6zkRBnYhUGIkXpA,hospital,Lalitpur Physiotherapy Clinic,hospital,"11 Chakupat Rd, Lalitpur 44600, Nepal",27.6800363,85.32642539999999,751.15,
ChIJT57NdtoZ6zkRO2k3z22ELcs,hospital,"Patan Heart Clinic ,Lagankhel (Lalitpur General Practice Clinic)",hospital,"M88F+JP6, Lalitpur 44700, Nepal",27.6665365,85.3242707,766.56,
ChIJqWm-914Z6zkRPs5Bwa1hBdQ,hospital,"Dr. Lal Pathlabs, Lagankhel",hospital,"M88F+HFV, Lalitpur 44700, Nepal",27.6664793,85.32367479999999,780.53,
ChIJq6qq6tAZ6zkRPOseWx8D4HE,hospital,Lagankhel Dental Clinic,dental_clinic,"Lagankhel Satdobato Rd, Lalitpur 44700, Nepal",27.6664454,85.3236964,783.9,
ChIJjQEt7MwZ6zkRUoehL3_saCE,hospital,"Laser Therapy Clinic, Lagankhel",hospital,"Lalitpur 44700, Nepal",27.6663712,85.324209,785.44,
ChIJ97PXR_oZ6zkR7jYOg2M98w4,hospital,Time Medicare Clinic & Pathlab,hospital,"Mahalaxmi Marg, Lalitpur 44700, Nepal",27.6672025,85.3211583,786.15,
ChIJ-_CPvVwZ6zkRQHivA1-jHsM,hospital,Dr. Anagha Pradhan Malla Obstetrician - Gynecologist,medical_clinic,"Mahalaxmi Marg, Lalitpur 44700, Nepal",27.6671097,85.3210911,798.38,
ChIJrduu6hMZ6zkRKesPWWYQpyU,hospital,"Urban Health Center-9, Lalitpur",hospital,"M8HJ+H47, Sankhamul - Balkumari Rd, Lalitpur 44600, Nepal",27.6789033,85.3302995,804.24,
ChIJV3JXCgAZ6zkR2qWOWuPbBCg,hospital,Muna Veterinary Hospital Pvt. Ltd.,hospital,"Lalitpur 44700, Nepal",27.6660469,85.3238573,825.34,
ChIJZTCgfwAZ6zkRJN2g4HUvesI,hospital,Shifa Pharmacy Near KUSUM Lalitpur,medical_center,"M89M+X3V, Lalitpur 44600, Nepal",27.670107,85.332625,835.41,
ChIJm5gmUdAZ6zkRxtuEHbyAUTM,hospital,laliguras vet pharma,hospital,"M88F+9G9, Lagankhel Satdobato Rd, Lalitpur 44700, Nepal",27.665904,85.3238713,840.9,
ChIJpY7SbwAZ6zkRiKMWxDVoXLg,hospital,Patan International Hospital,hospital,"Lalitpur 44708, Nepal",27.6672263,85.3300197,845.94,
ChIJix1fDMoZ6zkRCA-Q-jJr4n0,hospital,Doctor Smile Dental Care Centre Pvt Ltd,hospital,"Pulchowk Rd, Lalitpur 44600, Nepal",27.676719,85.3172378,848.8,
ChIJORilRZwZ6zkRhVCyPiS7noM,hospital,Lalitpur Polyclinic,hospital,"M88F+93M, Lalitpur 44700, Nepal",27.6659615,85.3226701,858.36,
ChIJObuvIs0Z6zkRtT_hQWBGcQM,hospital,Royal Ayurveda,medical_center,"M8C8+V8J, Lalitpur 44600, Nepal",27.6722102,85.31577829999999,917.7,
ChIJAYEoD80Z6zkRUDZy9CbQPwA,hospital,HIMALAYAN AYURVEDA MEDICAL HOSPITAL,hospital,"M8C8+V8J, Lalitpur 44600, Nepal",27.6722205,85.31576919999999,918.42,
ChIJ_0mvVQAZ6zkR2VQzZdrSVk0,hospital,Sankhamul audio therapy,hospital,"M8JH+9J3, Lalitpur 44600, Nepal",27.6808878,85.3289467,918.84,
ChIJkRKSWgAZ6zkRuoDUR7n1IAQ,hospital,Sparsha nepal ost sankhamul,medical_center,"M8JH+CF4, Kathmandu 44600, Nepal",27.6810017,85.3287142,921.01,
ChIJ0QDrv_EZ6zkR9y8dJVIuUN0,hospital,REBOUND PHYSIOTHERAPY AND WELLNESS,hospital,"Unnamed Road, Lalitpur 44600, Nepal",27.6754794,85.315792,935.77,
ChIJuzoVRgAZ6zkR05HdrImX7y8,hospital,Saiba Medical Center,medical_center,"Yapa Bhawan, Lalitpur 44700, Nepal",27.6755042,85.3157919,936.46,
ChIJMf1VHgAZ6zkRRvLiubZfXCc,hospital,Tirupati health care pvt. ltd,medical_center,"M8CM+6JR, Lalitpur 44600, Nepal",27.6706198,85.33400809999999,939.41,
ChIJy-Sn7cwZ6zkR9UAyOhJLc0o,hospital,SURYODAYA MEDICAL CENTER PVT.LTD.,medical_center,"M8F8+P5Q, Lalitpur 44700, Nepal",27.6743252,85.3154852,942.6,
ChIJt9YMHc0Z6zkR3p3ViwGxXR8,hospital,Kidoz Child Health Center - Paediatric,hospital,"Lalitpur 44600, Nepal",27.6730031,85.3153354,952.75,
ChIJq1zidssZ6zkRNd9C8T3XqSM,hospital,Shanti Pharma,medical_center,"M8G8+QC4, Tripadma School Rd, Lalitpur 44700, Nepal",27.6768774,85.3160778,959.92,
ChIJXTmpii0Y6zkRJTY_yjOX8Z4,hospital,Alka Hospital Pvt. Ltd.,hospital,"Lalitpur 44600, Nepal",27.6741796,85.3151963,969.3,
ChIJdZbeGV8Z6zkRkdXosagKk6g,hospital,Aadhya Neuro and Multispeciality Center,hospital,"chowk Ring Rd, Lalitpur 44600, Nepal",27.6675156,85.3325704,991.93,
ChIJC_ri30sZ6zkRmFEPEJvRM78,hospital,GNP Hospital Pvt.Ltd,hospital,"Gwarko chowk, Lalitpur 00977, Nepal",27.6675083,85.33256879999999,992.35,
ChIJP2JIqbIZ6zkRl5dtCm4mb2Q,hospital,"B&B Hospital, Gwarko (Baidya & Banskota)",general_hospital,"Lalitpur 44700, Nepal",27.664921,85.3292584,1031.88,
ChIJQ6X92swZ6zkR-TfxjfdurbI,hospital,Hamro Dental Clinic,hospital,"Pulchowk Rd, Lalitpur 44600, Nepal",27.6742923,85.31456340000001,1032.52,
ChIJ7WjeOOgZ6zkRIM1AXiT-3uE,hospital,Lalitpur Blood Bank,hospital,"M8FP+86P, Lalitpur 44600, Nepal",27.6733387,85.3355802,1041.91,
ChIJaUExlo9J6zkRP5rzP9bKH2c,hospital,Turant Call Pvt. Ltd.,corporate_office,"Shankhamul Marga, Kathmandu 44600, Nepal",27.6808648,85.3314359,1044.33,
ChIJ70G8oMwZ6zkRBdMLzI7zd2s,hospital,Sumeru City Hospital,hospital,"Damkalchowk, Lalitpur 44700, Nepal",27.675899,85.3147285,1048.95,
ChIJf78jXgAZ6zkR2QNs3nR-BkQ,hospital,Nirvana Pharmacy,medical_center,"M8G7+8R8, Lalitpur 44600, Nepal",27.6757954,85.3145728,1060.79,
ChIJa2cclt0Z6zkR8fglasBn0uU,hospital,Global Hospital,hospital,"Ring Rd, Lalitpur 44700, Nepal",27.666616200000004,85.33259939999999,1062.58,
ChIJhfLO6VAZ6zkRzw-w9nHwe80,hospital,Aloki Care Home & Rehabilitation Center,service,"Lalitpur 44600, Nepal",27.6719485,85.3143049,1065.5,
ChIJl3ps2ZYZ6zkRIK9-AoBs1mo,hospital,Dr Lal PathLabs – Patient Service Centre,medical_clinic,"KMC Ward 10, Sankhamul - Balkumari Rd, Kathmandu 56900, Nepal",27.6811271,85.3314335,1067.52,
ChIJLwv7P3sZ6zkR11TWpQTAe1o,hospital,Dr Lal PathLabs – Patient Service Centre,medical_clinic,"GF, Harihar Bhawan, ललितपुर 44600, Nepal",27.6797234,85.31683609999999,1068.03,
ChIJmYUP18wZ6zkR1mpd6zT3xk8,hospital,National Hospital,hospital,"M8F7+7MR, Pulchowk Rd, Lalitpur 44600, Nepal",27.6732438,85.3141486,1068.74,
ChIJFVOqNgAZ6zkRdivJiFXUFW0,hospital,Aayan life sciences,medical_center,"M8F7+5J3, Jawalakhel Rd, Lalitpur 44600, Nepal",27.672858,85.3140348,1081.48,
ChIJyTAnJPQZ6zkRpeR2V_CVlSw,hospital,Vaccination Clinic,medical_center,"Lalitpur 44700, Nepal",27.6738595,85.3139453,1089.81,
ChIJd1VE9KQZ6zkRY9mPArVvBNY,hospital,Tulsi Multi Speciality Clinic,doctor,"Avm chowk 05 Lalitpur, Kathmandu 44600, Nepal",27.6672107,85.3162909,1099.64,
ChIJ-RHYOs8Z6zkRxD0KrWHkMCg,hospital,ENT Healthcare,medical_clinic,"Kathmandu 44600, Nepal",27.6814111,85.3317031,1108.69,
ChIJq6qq6t0Z6zkR_cJ4KZmipyE,hospital,miracle himalayan adventures traveo and tours,hospital,"M88M+G6J, Lalitpur, Nepal",27.6663423,85.3330053,1112.37,
ChIJqZoeJ0oZ6zkRyrySA3k8Yhg,hospital,B&B Skin and Aesthetics Clinic,hospital,"Gwarkow Lalitpur, काठमाडौँ 00977, Nepal",27.6663423,85.3330053,1112.37,
ChIJb52cXesZ6zkRdfoJrSjhef8,hospital,SOTRAN Nepal,hospital,"M8GP+M78, Lalitpur 44600, Nepal",27.676674,85.3356914,1113.99,
ChIJ4yOzHp0Z6zkRznOkGK25CWk,hospital,राष्ट्रिय वाथरोग केन्द्र,hospital,"M8F7+2F3, Lalitpur 44600, Nepal",27.6725006,85.3136821,1119.02,
ChIJd0MZv7cZ6zkREHIOJu0UkK0,hospital,Dr Surendra Acharya Oral and Maxillofacial Surgeon/Craniomaxillofacial Surgeon,hospital,"Kathmandu 44700, Nepal",27.6644172,85.33075079999999,1148.22,
ChIJ60IJQQQZ6zkR_hCdKuZqVXs,hospital,Jana Kalyan Medical Hall,medical_center,"Koteshwor -35, SahayogiNagar, Dovan Pul Kathmandu -35, Kathmandu 00977, Nepal",27.6778584,85.33579639999999,1173.06,
ChIJsVjrUDMY6zkRZxylxHpaR1U,hospital,Lalitpur Heart Clinic,hospital,"44600,, ललितपुर 44600, Nepal",27.6754466,85.31298319999999,1205.03,
ChIJX8jmjNMZ6zkRBnU3z9E_zRY,hospital,Hospice Nepal,hospital,"M878+WXV, Lalitpur 44700, Nepal",27.6648655,85.3174281,1206.9,
ChIJCY2pN9gZ6zkRoTtCu-0telo,hospital,Srijana Medical Hall,medical_center,"M87J+QX8, Lalitpur 44700, Nepal",27.6644044,85.3324458,1240.24,
ChIJeUgROccZ6zkRUEinbIM9fF8,hospital,Nepal E.N.T Center Pvt Ltd,medical_clinic,"M8M9+453, Lalitpur 44600, Nepal",27.6827903,85.3178283,1260.55,
ChIJc3vHPnMZ6zkRpG-_YcvlT2I,hospital,Nutrif care,medical_center,"Kathmandu 44600, Nepal",27.6832857,85.331456,1269.83,
ChIJEypmtK4Z6zkRte4RJdFEUq0,hospital,Balkumari,medical_center,"M89P+MRQ, Lalitpur 44600, Nepal",27.6692093,85.3371148,1280.81,
ChIJaXBkE1sZ6zkRi9V8B5YIM9c,hospital,Dr. Laxmi House,hospital,"M8HP+GRQ, Shrinkhala Galli, Kathmandu 44600, Nepal",27.6784076,85.3370127,1307.43,
ChIJNXPfDucZ6zkRx8WOwvUKRCQ,hospital,Safal Hospital - Physiotherapy and Migraine Hospital,hospital,"Pako Mahadev Marg, Lalitpur 44700, Nepal",27.6675452,85.3365285,1308.72,
ChIJ7XORii4Z6zkRNZQaUrN3OXU,hospital,Lalitpur Three Tesla MRI & Diagnostic Center Pvt.Ltd.,hospital,"Lalitpur 44600, Nepal",27.6681202,85.3130925,1311.38,
ChIJ1brXm78Z6zkRipLzskOnRAw,hospital,Samriddhi Health Service,hospital,"M8MJ+9VV, Kathmandu 44600, Nepal",27.6834981,85.3321644,1326.09,
ChIJoR-Xs8gZ6zkRGv2MrdyEkiM,hospital,"Dr. Neeraj Singh, MD, DM",doctor,"Helios Hospital Jawalakhel-4, ललितपुर 44600, Nepal",27.6706462,85.3116878,1346.23,
ChIJVb_gUCxVkzkRQw4ckd5vDME,hospital,Dr Vikash Paudel Skin Clinic,doctor,"Lalitpur 44600, Nepal",27.6623373,85.3191621,1357.84,
ChIJG9zkt-0Z6zkRUspwwCpFKjs,hospital,Best Therapy and Mental Health Counseling Service- Mind Care,medical_clinic,"10 Madhya Marga, Kathmandu 44600, Nepal",27.6837896,85.3323519,1363.36,
ChIJHym_-bYZ6zkRXydr2em38EQ,hospital,Purnima Medical,hospital,"Jwaagal, M8PC+388, Lalitpur 44600, Nepal",27.6851737,85.3208126,1372.57,
ChIJEyxqA78Z6zkR9OtOo8EaXtU,hospital,Helios Hospital,general_hospital,"Shaligram Village complex, Opposite staff College, Lalitpur 44600, Nepal",27.6709322,85.31122669999999,1383.82,
ChIJvXhSENwZ6zkRaltX90eWf10,hospital,Health Education and Line pact-Nepal,hospital,"M869+RFG, Road, Lalitpur 44700, Nepal",27.6620539,85.31869979999999,1405.94,
ChIJRZs6DaAZ6zkRnzG9GbcSdA0,hospital,Alfa Diagnostic Lab,medical_center,"M88P+28W, Nepal",27.6651132,85.33582419999999,1409.02,
ChIJW66DPQAZ6zkRak7n5af2wd4,hospital,sushila celinic,medical_center,"12 Jwagal Madhu Marg, Lalitpur 44600, Nepal",27.685231,85.31962,1418.21,
ChIJVxAbKtQZ6zkRtpG8lMkYu2U,hospital,Ganeshman Singh Hospital,hospital,"M869+MFM, Ring Rd, Lalitpur 44700, Nepal",27.661808,85.318744,1428.64,
ChIJTfVHTPEZ6zkR6GfpTJs6roY,hospital,Dr Rakshya Koirala,hospital,"Lalitpur Mahalaxmisthan-15, ललितपुर 44700, Nepal",27.661628,85.318578,1453.76,
ChIJc2-YOgAZ6zkRswAbNiFppUQ,hospital,Harihar Health Care Pvt. Ltd,pharmacy,"Sankhamul 31, Kathmandu 44600, Nepal",27.6830337,85.3351201,1463.08,
ChIJCUtfr5YZ6zkRRTCUVZOKlsk,hospital,Lalitpur Metro City Hospital,hospital,"Damodar Marg, Lalitpur 44700, Nepal",27.6634769,85.3147745,1493.84,
ChIJpftHp8UZ6zkRWyyTNiwsQgg,museum,Patan Museum,museum,"M8FG+944, भिन्द्यो क्व - सौग: लँ, Lalitpur 44700, Nepal",27.6733773,85.3253361,33.19,"tourist_attraction, art_museum, museum, point_of_interest, establishment"
ChIJHe7BmcUZ6zkRcMvXg4gB7Ho,museum,Milan Handicraft,museum,"भिन्द्यो क्व - सौग: लँ, Lalitpur 44700, Nepal",27.6739898,85.32482929999999,67.7,"museum, point_of_interest, store, establishment"
ChIJ7ZHyg8UZ6zkR56TyWHgwc10,museum,Hand Made Souvenir Shop,store,"Lalitpur 44600, Nepal",27.6736874,85.32435459999999,71.14,"museum, store, point_of_interest, establishment"
ChIJnxR3msUZ6zkRpQcUwQYi7K0,museum,इतिहास हस्तकला,museum,"M8FF+JW6, भिन्द्यो क्व - सौग: लँ, Lalitpur 44700, Nepal",27.6740336,85.3247753,73.85,"museum, point_of_interest, establishment"
ChIJJXefosUZ6zkR4cC4ByaVpxo,museum,ADVENTURE ART GALLERY,art_gallery,"भिन्द्यो क्व - सौग: लँ, Lalitpur 44700, Nepal",27.6740784,85.3252701,79.99,"art_gallery, museum, point_of_interest, store, establishment"
ChIJ4d8AmcUZ6zkRCXnFLnyVU1w,museum,Om Handicrafts,museum,"Lalitpur 44700, Nepal",27.674169,85.3250779,85.85,"shopping_mall, museum, point_of_interest, establishment"
ChIJ_6NCvcUZ6zkRhqO1N8SLqqM,museum,TIBETAN SINGINGBOWL CENTER/ LAMSAL HANDICRAFT,museum,"भिन्द्यो क्व, Bhimshen ,(Bangalaamukhi marga, Lalitpur 44600, Nepal",27.6741906,85.3253016,92.79,"museum, point_of_interest, establishment"
ChIJqRBukMUZ6zkRnTNGuhqY1ig,museum,Thanka Art Gallery,museum,"Kwalakhu Rd, Lalitpur 44700, Nepal",27.6741911,85.3245895,96.81,"art_gallery, museum, point_of_interest, establishment"
ChIJXWOliMUZ6zkRpSlwgaNLFfg,museum,The Unique Handicraft अनुपम हस्तकला,museum,"Kwalakhu Rd, Lalitpur 44700, Nepal",27.6740611,85.324218,106.46,"museum, point_of_interest, establishment"
ChIJB--3mcUZ6zkRvNQjkS_8L_E,museum,Adi Buddha Handicraft,,"PatakwoGalli, Lalitpur 44600, Nepal",27.6736156,85.3262615,126.52,"museum, point_of_interest, establishment"
ChIJ8czXjcUZ6zkRUIzxnUdg5Wk,museum,TARA ART CONCERN,museum,"Kwalakhu Rd, Lalitpur 44700, Nepal",27.6745017,85.3244879,132.48,"museum, point_of_interest, establishment"
ChIJmbUWjMUZ6zkR_Cf_Ygw_W_U,museum,ALLOY SINGING BOWL CENTER,museum,"Way to Golden Temple, Kwalakhu Rd, Lalitpur 44700, Nepal",27.6745118,85.3243656,138.51,"museum, point_of_interest, establishment"
ChIJJwbM7MUZ6zkRP8Dy6BT2Vvo,museum,STATUE HOUSE,museum,"M8FF+VV4, Kwalakhu Nhoolan Marg, Lalitpur 44700, Nepal",27.6746259,85.3247112,139.25,"museum, point_of_interest, establishment"
ChIJDweKlMUZ6zkRoOoT8zahRxQ,museum,PATAN FINE ART,museum,"M8FF+VX9, Kwalakhu Nhoolan Marg, Lalitpur 44700, Nepal",27.67467,85.324992,141.22,"museum, point_of_interest, establishment"
ChIJkZN-k8UZ6zkRK17fP1PasOQ,museum,NIRVANA THANGKA GALLERY,museum,"क्वाल्खु, Lalitpur 44700, Nepal",27.6746786,85.32493509999999,142.32,"museum, point_of_interest, establishment"
ChIJW7DVh8UZ6zkRTDoJ7iMTCUs,museum,MANI MANDAP CRAFTS PVT. LTD.,museum,"पट्को गल्ली, Lalitpur 44600, Nepal",27.6746391,85.32407330000001,165.26,"museum, point_of_interest, establishment"
ChIJeRwdpnIZ6zkR7JUWktVq1qg,museum,Shakya Siddhartha Thanka Painting School,museum,"Kwalakhu Rd, Lalitpur 44700, Nepal",27.6749802,85.3247906,176.92,"museum, point_of_interest, establishment"
ChIJnWVZEA0qlTkR8Gj2qH1sExw,museum,Buddhist Art Gallery,museum,"Yala Dhwakha Marg, Lalitpur 44600, Nepal",27.6749186,85.3244043,178.76,"museum, point_of_interest, establishment"
ChIJuTfQw8cZ6zkRjkqniS7Gto8,museum,Satyamohan Joshi Loksahitya Sangrahalaya,museum,"M8FG+3PX, Lalitpur 44600, Nepal",27.6726894,85.3268227,196.11,"museum, point_of_interest, establishment"
ChIJc-Ar7MUZ6zkR_EfvkuZGFB0,museum,Gautam Gift Emporium,gift_shop,"22 Kwalakhu rd, near Golden Temple, ललितपुर 44600, Nepal",27.6752072,85.3247581,202.36,"gift_shop, museum, point_of_interest, store, establishment"
ChIJJ_h2WM8Z6zkRSiKRhohHeD8,museum,Dragon Craft,store,"Dhalayacha - Nagabahal Rd, Lalitpur 44600, Nepal",27.6751965,85.3240484,220.65,"store, museum, wholesaler, point_of_interest, establishment"
ChIJe1Ec9sUZ6zkRlRIDTuTlVp8,museum,PEACE GALLERY IMPEX,museum,"M8GF+3HW, धलायचा लँ, Lalitpur 44700, Nepal",27.6752349,85.3239667,228.0,"museum, point_of_interest, establishment"
ChIJ5Y2O9sUZ6zkR8kreHym9-R8,museum,KALCHAKRA HANDICRAFT,museum,"धलायचा, धलायचा लँ, Lalitpur 44700, Nepal",27.6753009,85.32407719999999,230.08,"museum, point_of_interest, establishment"
ChIJqR9P9sUZ6zkRNV5UzMoFNt4,museum,TRINITY ARTS & CRAFT,museum,"धलायचा लँ, Lalitpur 44700, Nepal",27.675335,85.324067,233.96,"museum, point_of_interest, establishment"
ChIJ60DsJMUZ6zkRXns1sT7iP_0,museum,The Craft Zone,museum,"M8CG+HCW, Hakha-Chusika nani galli, Lalitpur 44600, Nepal",27.6714821,85.3260919,238.83,"museum, point_of_interest, establishment"
ChIJmcNO58QZ6zkRq_eJT10gBJg,museum,Gyanlal Handcraft,,"M8CG+RQ7, Lalitpur 44700, Nepal",27.6720413,85.32693050000002,242.83,"museum, point_of_interest, establishment"
ChIJi50suuoZ6zkRVbxPjAIYrDM,museum,Ashoka Handicrafts,,"Nagbahal, 44700 Khachhen, Lalitpur 44700, Nepal",27.675453800000003,85.3236608,263.71,"art_gallery, museum, store, point_of_interest, establishment"
ChIJTUCrTM8Z6zkRjrTpe8FsezM,museum,MACHHIN HANDICRAFT,museum,"नक : बहिल टोल , १६ ललितपुर नेपाल, Lalitpur 44600, Nepal",27.6762349,85.32300149999999,371.62,"museum, point_of_interest, establishment"
ChIJu47NNM8Z6zkRgZkH7pRs_Uw,museum,BUDDHA SAMAYA TARA ARTS,museum,"बालिफल, धलायचा लँ, Lalitpur 44600, Nepal",27.676215,85.3224649,400.37,"museum, point_of_interest, establishment"
ChIJiSXw0NoZ6zkR18k08MkvjaQ,museum,Mahabaudha Traders,,"थैना टोल महाबौद्ध सडक, M89G+XC8, ललितपुर 44700, Nepal",27.6699194,85.3260631,400.93,"museum, point_of_interest, store, establishment"
ChIJ-07ENM8Z6zkR437ma0FSi0s,museum,Utpala Arts,store,"M8GC+GV9, धलायचा लँ, Lalitpur 44600, Nepal",27.676298700000004,85.32223640000001,421.84,"museum, store, point_of_interest, establishment"
ChIJVbvdtsgZ6zkRauta0zM4IRM,museum,Hera Silver Tibetan Handicraft,museum,"M8GF+P53, टापाहिटी, Lalitpur 44700, Nepal",27.6767567,85.32292939999999,425.31,"museum, point_of_interest, establishment"
ChIJA15wzcgZ6zkRXk9zlkYXUdo,museum,Sampurna Craft's,museum,"बालिफल, धलायचा लँ, Lalitpur 44600, Nepal",27.6762931,85.3218285,448.36,"museum, point_of_interest, establishment"
ChIJ4_H7WsUZ6zkRYPk4poodox0,museum,Pwasya Metal Craft,,"Ward no. 12 Tangal, ललितपुर 44700, Nepal",27.6692539,85.32441570000002,464.6,"museum, point_of_interest, establishment"
ChIJecwxNc8Z6zkRK6tEX09Ze4A,museum,Devcraft,,"M8GC+MPF, Lalitpur 44700, Nepal",27.6766804,85.3217872,482.85,"museum, point_of_interest, establishment"
ChIJV5jc2sgZ6zkRf5vqg1HRkwg,museum,M.K. HANDICRAFT,museum,"बलिफल, धलायचा लँ, Lalitpur 44700, Nepal",27.6771497,85.3218895,517.36,"museum, point_of_interest, establishment"
ChIJ0a1nYNsZ6zkRydyhEmv-IO8,museum,Babu Ratna Stone Carving,museum,"मंगलबजार रोड, Lalitpur 44700, Nepal",27.6690262,85.32899379999999,625.47,"museum, point_of_interest, establishment"
ChIJIT3hn9wZ6zkR7-fdA2YSqOY,museum,Dhalachhen,museum,"M89H+JMJ, Tyagal - Lalitpur Rd, Lalitpur 44600, Nepal",27.6690839,85.3291526,630.52,"museum, point_of_interest, establishment"
ChIJJb5_ONsZ6zkRycnNjeIE_z4,museum,Diamond Handicraft,store,"Lukhusi, ललितपुर 44700, Nepal",27.6679543,85.3277288,662.48,"gift_shop, home_goods_store, museum, point_of_interest, store, establishment"
ChIJgfcWR4kZ6zkRB-ECEbaCsCY,museum,दुपाःत्वाः पुखुसि फल्चा ( Phukhusi Phalcha ),museum,"Lalitpur 44600, Nepal",27.6695731,85.330258,670.21,"museum, point_of_interest, establishment"
ChIJXV3tOQAZ6zkRMpJnqn6QHrg,museum,Newa stone craft,museum,"M8CJ+29V, Bhinchhen Baha Marg Uttar, Lalitpur 44600, Nepal",27.670102900000003,85.33090949999999,687.8,"museum, point_of_interest, establishment"
ChIJWeGDlMUZ6zkR60c19CPaNJg,museum,JUJU HANDICRAFT EXPORTERS,museum,"Chakupat-11, Lalitpur 44700, Nepal",27.6803221,85.32530129999999,770.27,"museum, point_of_interest, establishment"
ChIJJWlnhswZ6zkRGv7_6y9jo-0,museum,R N Joshi Museum,art_museum,"Opposite to Jhamsikhel Road, Pulchowk, Lalitpur 44600, Nepal",27.6754439,85.3159484,919.87,"art_museum, tourist_attraction, museum, point_of_interest, establishment"
ChIJX6Zfuw4Z6zkRMBi9AW384_k,museum,Khukuri house gallery,museum,"Patan industrial estate, Lalitpur 44700, Nepal",27.664022,85.3265519,1053.93,"museum, point_of_interest, establishment"
ChIJMQIyatkZ6zkRi2dWbLDREBI,museum,Seolee Handicraft,museum,"M87H+C3G, Deepawali Marg, Lalitpur 44700, Nepal",27.6635727,85.3277043,1124.73,"museum, point_of_interest, establishment"
ChIJUe-T2tkZ6zkR3kWZFGFIP6A,museum,Nepalese Crafts Pvt. Ltd.,museum,"Patan Industrial Estate, Thulo Chakra, Lalitpur 44700, Nepal",27.6624371,85.3245074,1219.98,"museum, point_of_interest, establishment"
ChIJeWc_17UZ6zkRMe5M6bkpgUA,museum,SMILE WEAR,museum,"होटल हिमालयन पछाडी, कुपोन्डोल, Lalitpur 44700, Nepal",27.6836563,85.3186601,1300.14,"museum, point_of_interest, establishment"
ChIJAylAcPsZ6zkRblOWn-Ie4Y0,museum,Purna Museum of Newa Art,museum,"Kupondole Hts Rd, Lalitpur 44700, Nepal",27.6835836,85.3180318,1324.04,"museum, point_of_interest, establishment"
ChIJS9mZol4Z6zkR-D95_Ntpgl8,museum,Bodhisattva International,art_museum,"House no 91, Diamond Marg, Lalitpur 44600, Nepal",27.6837028,85.3179828,1337.87,"art_museum, museum, point_of_interest, establishment"
ChIJ40ox37UZ6zkRWkO16Bno1aE,museum,Craft's Souvenir,store,"M8M9+R9X, Lalitpur 44600, Nepal",27.6846006,85.31847289999999,1401.51,"museum, store, point_of_interest, establishment"
ChIJCeQDQv0Y6zkRvqHz4Q-EmGw,museum,108 Shop,museum,"Bakhundole Marg, Lalitpur 44600, Nepal",27.6825434,85.3151141,1407.6,"museum, point_of_interest, establishment"
ChIJ0Xpl07UZ6zkRvLPNSBDPDLE,museum,Kipoo Craft Creation,museum,"M8M9+V9V, Lalitpur 44700, Nepal",27.6847413,85.318415,1418.03,"museum, point_of_interest, establishment"
ChIJ81qR-zQY6zkRbkFgDQoDNsQ,museum,HUNGRY EYE ART GALLERY,art_gallery,"Lalitpur 44700, Nepal",27.6783642,85.3113835,1450.03,"art_gallery, art_museum, museum, point_of_interest, establishment"
ChIJK1XaFIoY6zkR3dVWOncD59I,museum,Nepal Olympic Museum,museum,"Bodigram marg, ललितपुर 44700, Nepal",27.6609979,85.32992039999999,1461.71,"museum, point_of_interest, establishment"
ChIJt2is5BoZ6zkRXsXixL4GXog,museum,TechSuru,museum,"Kathmandu 44600, Nepal",27.6852832,85.3316923,1476.56,"museum, point_of_interest, establishment"
ChIJ_eeLLrQZ6zkRljKKcbzXDKQ,museum,AANKHI JHYAL,museum,"M8P9+48Q, Lalitpur 44700, Nepal",27.685331800000004,85.3183646,1478.92,"museum, point_of_interest, establishment"
ChIJszwEecUZ6zkRx2wZ9bpFpkY,office,WallStreet Investment & Trading Co. Ltd,corporate_office,"M8FF+7Q5, Durbar Square, Lalitpur 44600, Nepal",27.673133,85.3244721,59.87,
ChIJCWOpdAAZ6zkR2dfVSv__lPY,office,Control ticket,corporate_office,"M8FG+422, Lalitpur 44600, Nepal",27.6727354,85.3250067,73.9,
ChIJxe7N7hEZ6zkRPWp6B3qvYXg,office,Awake Tech Solution,corporate_office,"Lalitpur 44600, Nepal",27.6740207,85.3264848,161.69,
ChIJOyNSYc8Z6zkR95DoSO59yOs,office,tulaja bhawani saving and credit co-operative limited,corporate_office,"M8FF+QF6, PatakwoGalli, Lalitpur 44600, Nepal",27.6744187,85.32363,176.16,
ChIJvcw_YEoZ6zkRgh-2deNxvRo,office,Kalash Cooperative organization,corporate_office,"M8CG+P26, Lalitpur 44600, Nepal",27.6717784,85.3250284,180.34,
ChIJ17nL2LUZ6zkRZQzXT0Ykkho,office,13 Steps Designer,corporate_office,"M8GF+2RV, Lalitpur 44600, Nepal",27.6751163,85.3245355,196.25,
ChIJjZdTPMUZ6zkRKxpVEiNEfaM,office,Visual Arts,corporate_office,"M8CG+M7W, Lalitpur 44600, Nepal",27.6717276,85.3256877,197.91,
ChIJGU7nFooZ6zkRWNWjqR1XwX4,office,"Naksa Deparment, Lalitpur Metropolitan City",corporate_office,"M8FF+R9W, Dhaugal Rd, Lalitpur 44600, Nepal",27.6746077,85.32346650000001,202.08,
ChIJ38gwSssZ6zkRr4-dK6zuNKA,office,马恒达4S店,corporate_office,"M8CH+P3J, Dhime manhyon galli, Lalitpur 44600, Nepal",27.6718261,85.3276491,314.14,
ChIJD34VefAZ6zkRZtqDcdj4lwM,office,Jeevak's Home,corporate_office,"Lalitpur 44600, Nepal",27.6763352,85.32470620000001,327.66,
ChIJrd3YbwAZ6zkRfdtEE73d7JI,office,Rbb mangalbazar,corporate_office,"M8CG+9P8 Saugal chwok, Lalitpur 44600, Nepal",27.6709093,85.32683399999999,330.64,
ChIJyZ_QiIsZ6zkRiiUUcTFlsJ4,office,August Mountain Travels And Tours Private Limited,corporate_office,"M8FH+X56, Lalitpur 44600, Nepal",27.6749227,85.32790399999999,332.34,
ChIJNVNMIwAZ6zkR5daJ5BGXsHk,office,Rudolph Corporate Services,corporate_office,"M8FC+3J8, Lalitpur 44600, Nepal",27.6726579,85.321567,347.99,
ChIJXYyIhFEY6zkRFxbmQlDY-mU,office,Ship Logistics Nepal Pvt. Ltd.,corporate_office,"M8FC+3J7, Kathmandu 44600, Nepal",27.6726576,85.32153880000001,350.7,
ChIJp3YCGb0Z6zkRKZ2X_5zEsAQ,office,MAPLE YAK PVT. LTD.,corporate_office,"Agnishala Rd, Lalitpur 44700, Nepal",27.6724452,85.3214514,365.22,
ChIJAQBAHs8Z6zkRknwRQXb48Qc,office,Creative Point Nepal,corporate_office,"Siddhartha Bank, Old Baneshwor Chowk,Sinamangal Rd, Kathmandu 44600, Nepal",27.6744591,85.3214568,368.25,
ChIJ_-To0doZ6zkRErUUOH_Teiw,office,Third Eye Business Group Pvt. Ltd.,corporate_office,"M8CG+29Q, Lalitpur 44600, Nepal",27.6700875,85.325977,380.69,
ChIJdV1PQL0Z6zkRqA74PRmJfmk,office,Panda Multi Services Pvt. Ltd,corporate_office,"M89F+VRH, Lalitpur 44600, Nepal",27.6696801,85.3246125,415.39,
ChIJf5U2Ws4Z6zkRe0HP1XDvv6A,office,Digital MICR Solutions Pvt Ltd,corporate_office,"M8FC+37X, Lalitpur 44600, Nepal",27.6727332,85.3207446,425.56,
ChIJiy_eGwAZ6zkRMSQGvLuUuUQ,office,Ren Luxe,corporate_office,"M8GC+44J, Pyangathan Marg, Lalitpur 44600, Nepal",27.6749461,85.3208811,440.54,
ChIJA1mBnm4Z6zkRRLWJXyhpMAY,office,Cargo Channel Pvt Ltd,corporate_office,"M8CH+687, Nuga Luhiti Rd, Lalitpur 44600, Nepal",27.6705424,85.3282874,453.62,
ChIJ6aFXTR4Z6zkR46mnJZaxY9k,office,Rosemary consaltancy,corporate_office,"Lalitpur 44600, Nepal",27.6711958,85.3210617,458.78,
ChIJs57EFyEZ6zkRYDJkaLqy3mw,office,Crab Tech Pvt. Ltd,corporate_office,"Shanti Marg, Lalitpur 44600, Nepal",27.674369,85.3204646,459.44,
ChIJ28Mgrc4Z6zkRrEs-vly67k4,office,UB World Trade Pvt.Ltd,corporate_office,"12 Prayag Pokhari Marg, Lalitpur 44600, Nepal",27.669344400000004,85.32355249999999,472.95,
ChIJn-UC8PsZ6zkRIJsbowNH1i8,office,Mega Multipurpose Co-operative Ltd.,corporate_office,"M89F+R42, Lalitpur 44600, Nepal",27.6695146,85.322775,484.42,
ChIJWyf1O3QZ6zkRvSaFY3vttes,office,Gogrihamart,corporate_office,"M8FC+R3V, Pyangathan Marg, Lalitpur 44600, Nepal",27.6746161,85.3201775,493.77,
ChIJWUbSBgAZ6zkRXCcTY4-ZUwk,office,Silver Law Associates,corporate_office,"M8CC+2JX, Lalitpur 44700, Nepal",27.6701118,85.32160449999999,495.47,
ChIJ05lzYBcZ6zkRMFflBmJiJLA,office,north east interior,corporate_office,"M89F+M8F, Prayag Pokhari Marg, Lalitpur 44600, Nepal",27.6691868,85.323287,497.93,
ChIJUVV-QM4Z6zkRMxEFFuD8_ro,office,Smarttel Office,corporate_office,"M8CC+P39, Lalitpur 44600, Nepal",27.6717775,85.3202353,502.7,
ChIJVzpZDPUZ6zkR_K8onMymd48,office,King business group,corporate_office,"M89F+HF9, Lalitpur 44600, Nepal",27.6689235,85.3237274,513.3,
ChIJIerIX_cZ6zkRZE8ykzIA1aQ,office,Any country holidays pvt.Ltd,corporate_office,"M8CC+2H2, Satdobato Road, Lalitpur 44600, Nepal",27.6700001,85.3213993,518.32,
ChIJN68yQgAZ6zkRrUMMRn3s5o4,office,KM Complex Lagankhel,corporate_office,"M89C+QV5, Lalitpur 44600, Nepal",27.6693756,85.3222383,523.65,
ChIJjz8XBOMZ6zkRoW3V4j4bUIU,office,Vpn foods,corporate_office,"M8GH+W5J, Shankhamul Marg, Lalitpur 44600, Nepal",27.6773456,85.32790380000002,523.69,
ChIJ_Vy4LNAZ6zkROPlC7I0kWLg,office,Out Door Nepal Travels Pvt. Ltd,corporate_office,"M89C+XH3, Lalitpur 44600, Nepal",27.669892,85.32142449999999,525.48,
ChIJO5x-ddAZ6zkRXbAJ7Oe4ri0,office,Prayag Saving And Credit Co-operative Society Ltd,corporate_office,"Prayag Pokhari Marg, Lalitpur 44700, Nepal",27.66873,85.3240237,528.11,
ChIJWxyBW6AZ6zkR3cE5XyVBWSg,office,Ekata Multipurpose Co-Operative Society Ltd.,corporate_office,"M8CC+H2Q, Lalitpur 44600, Nepal",27.671459,85.3201055,528.11,
ChIJL7yfQcMZ6zkR4Ml16ojOVCc,office,Alpha Enterprises Pvt. Ltd (Omega Air Conditioner),corporate_office,"Lalitpur 44600, Nepal",27.671924500000003,85.33017319999999,535.2,
ChIJ7zFUp8EZ6zkRiM0jaXezSk4,office,kumari marg,corporate_office,"M8C9+WV3, Lalitpur 44600, Nepal",27.6722556,85.3196739,539.71,
ChIJ6SlomNoZ6zkR1Os8j48FAWg,office,Arise Tech IT Solution,corporate_office,"M89F+CRC, Prayag Pokhari Marg, Lalitpur 44600, Nepal",27.6685572,85.3245146,540.61,
ChIJwep8aGoZ6zkRP_dokLL5rEM,office,Che&Co,corporate_office,"Lalitpur 44600, Nepal",27.6722308,85.31967,540.74,
ChIJRbD3HKIZ6zkRBiEBt4Czq8o,office,Samudaya Multipurpose Co-operative Ltd,corporate_office,"M89F+CX5, Lalitpur, Nepal",27.6685206,85.32497769999999,542.57,
ChIJvyIBbdAZ6zkRlRwrSilzzgU,office,Four Square Engineering Solution,corporate_office,"M89F+G75, Lalitpur, Nepal",27.6687681,85.3232488,543.15,
ChIJuYWVF8AZ6zkR7f_HY6htrUk,office,Sambodhi,corporate_office,"M89G+93J, Prayag Pokhari Marg, Lalitpur, Nepal",27.6684742,85.3251425,547.9,
ChIJyc8uvc4Z6zkR0OBdIpLoAoI,office,B Motorcycle Workshop,corporate_office,"M8F9+VRH, Lalitpur 44600, Nepal",27.6746924,85.3196163,549.29,
ChIJj0r97NoZ6zkRddG145g-arU,office,Naulo Bihani Saving & Credit Co-Operative Ltd.,corporate_office,"M89G+94Q, Lalitpur, Nepal",27.6684692,85.3253744,549.52,
ChIJO2kHg0YZ6zkRIKRyByEGlh4,office,NISAF Research,corporate_office,"M8GH+8XC, Lalitpur 44600, Nepal",27.6758164,85.32990079999999,552.36,
ChIJBQvDZ0UZ6zkRWhVQ-gpfy7Q,office,Shera Nepal,corporate_office,"M89C+JWQ, Satdobato Road, Lalitpur 44600, Nepal",27.6691374,85.3220479,556.03,
ChIJB_PRhc4Z6zkRNvdJAJzOhyg,office,Axis Consult,corporate_office,"20 Purnachandi Marg, Lalitpur 44600, Nepal",27.6735848,85.3192558,566.03,
ChIJqaMIHQAZ6zkRBkKA41SKkss,office,Bhol Station,corporate_office,"M8FJ+479, Lalitpur 44600, Nepal",27.6727867,85.330732,568.57,
ChIJGfTr3SUZ6zkRGusKCrlXAQ8,office,"Devi Arts, Shreebahal",corporate_office,"M8F9+XQP, Natole Rd, Lalitpur 44600, Nepal",27.6749667,85.31944399999999,574.19,
ChIJMU6wEs4Z6zkR8EYfY2wqxvU,office,पशुपति इन्जिनियरिङ र बिल्डर्स प्राइवेट लिमिटेड,corporate_office,"M8C9+MQQ, Lalitpur 44600, Nepal",27.6717044,85.3194853,574.86,
ChIJt5vD030Z6zkRltEn6CkLUS4,office,NortEast Interior,corporate_office,"M89G+884, Lalitpur 44700, Nepal",27.6682584,85.32581619999999,577.34,
ChIJT0qwb9AZ6zkRp4KnMhQ4IPE,office,China Trade Centre,corporate_office,"M89F+87P, Lalitpur, Nepal",27.6683449,85.3231952,589.53,
ChIJixArz7kZ6zkRvCOD22fg-Cg,office,Premium It Solutions,corporate_office,"M89C+X5F, Lalitpur 44600, Nepal",27.6699427,85.3204068,593.62,
ChIJsegwTzIZ6zkRBguvXB9aiEY,office,kantipur###,corporate_office,"Lalitpur 44600, Nepal",27.6699427,85.3204068,593.62,
ChIJ9QGsHs4Z6zkRIiyhFfsJJpc,office,Smart Pay Pvt Ltd,corporate_office,"Kumaripati - Mahalaximisthan Rd, Lalitpur 44600, Nepal",27.6706227,85.3198001,597.98,
ChIJsQ75d9sZ6zkR_gotLxOgYvk,office,Nepal Mandal Televison,corporate_office,"Patan Dhoka, Patandhoka Road, Lalitpur 44600, Nepal",27.6778342,85.3214285,605.64,
ChIJsaazH8kZ6zkRGYAA3A2PyAA,office,Ropeway and Cablecar Pvt Ltd Office,corporate_office,"20 Ward, Lalitpur 44600, Nepal",27.6778237,85.3212686,613.98,
ChIJKXSsI38Z6zkRL28kvIGMshI,office,Mero Real Estate,corporate_office,"Kani Bahal, Prayag Pokhari Near Sangha, Arts, Lalitpur 44700, Nepal",27.6679583,85.3261855,616.25,
ChIJY0z8tIYZ6zkR9y_DVylX8QQ,office,Archway Nepa Consultant pvt. Ltd.,corporate_office,"Lalitpur, Nepal",27.6678915,85.3265371,630.94,
ChIJdy_gCM4Z6zkRkXxYivTs858,office,VIRAL NEPAL,corporate_office,"M8C9+FJ6, Kumaripati - Mahalaximisthan Rd, Lalitpur 44600, Nepal",27.6711744,85.3190259,638.24,
ChIJ13LNT8oZ6zkRvIpz-qzMGSw,office,Adda by Business Veins Pvt. Ltd.,corporate_office,"House no. 77, No 22,, Pulchowk Rd, ललितपुर 44600, Nepal",27.6786864,85.3224395,639.62,
ChIJZ2631s0Z6zkRZewWYeff_6Q,office,Acclaim Technology,corporate_office,"M8F9+3CR, Lalitpur 44600, Nepal",27.6727285,85.31850519999999,643.92,
ChIJfc8ZP8kZ6zkRyz8WB7XnDk8,office,Health Communication Capacity Collaborative (HC3) Nepal Project,corporate_office,"M8GC+X35, Patan Dhoka-Madan Smarak Road, Lalitpur 44600, Nepal",27.67738,85.32022669999999,645.6,
ChIJNwPbn5gZ6zkRZbHGBPaAMh8,office,Ghar Expert,corporate_office,"Lalitpur 44600, Nepal",27.6739214,85.31845129999999,647.48,
ChIJzVE5OQAZ6zkRUtFekGtEP7c,office,nü cosmetics (Indrakamal International Pvt Ltd),cosmetics_store,"Lalitpur 44700, Nepal",27.679223500000003,85.3248131,647.81,
ChIJszWj2sYZ6zkRCtu8cHVTQO8,office,Geovisualization Engineering & Spatial Technologies,corporate_office,"Lalitpur 44600, Nepal",27.6675603,85.3245006,651.2,
ChIJwcHwT8kZ6zkRxNKb_7Mcc4o,office,Ashviana Corporation Pvt. Ltd.,corporate_office,"M8G9+QV3, Lalitpur 44600, Nepal",27.6768869,85.3196566,653.61,
ChIJ8a_RbRkZ6zkRE51aJlWQwr0,office,PalmMind IT Consultancy,corporate_office,"Unnamed Road, M8F9+Q94, Lalitpur 44600, Nepal",27.6743789,85.3184534,653.8,
ChIJgcvmFvwZ6zkR_1L7gDY8dNI,office,Breakthrough ACTION Nepal Project,corporate_office,"M8G9+RW7, Lalitpur 44600, Nepal",27.6770475,85.3197919,653.85,
ChIJd8KJZPoZ6zkRPuUjd3NSR-I,office,Lab Infra tech Pvt.ltd.Lalitpur,corporate_office,"M8HH+G2V, Dathulan Rd, Lalitpur 44600, Nepal",27.6788945,85.3273722,654.1,
ChIJX7ifMgAZ6zkRV_PxkcLyPVs,office,Amatyalaya,corporate_office,"M8HF+H3G, Lalitpur 44600, Nepal",27.6789289,85.3227165,654.62,
ChIJN61KrxYZ6zkRoaxL_3doagM,office,Gav's Designs & More Pvt. Ltd,corporate_office,"Lalitpur 44600, Nepal",27.6790823,85.32319129999999,656.47,
ChIJzbO40uIZ6zkRHDBIi9H4xjA,office,Airflow chakupat branch,corporate_office,"M8HG+P79, Bangalamukhi Rd, Lalitpur 44600, Nepal",27.6792973,85.32569289999999,659.29,
ChIJd0ya4W4Z6zkRLinYfno1Ph0,office,CESIF Nepal (Centre for Social Innovation and Foreign Policy),corporate_office,"Lalitpur 44700, Nepal",27.6692791,85.32010749999999,664.91,
ChIJ35fyr9QZ6zkRetMIItrlMZ4,office,JHUCCP,corporate_office,"M8G9+QR6, Lalitpur 44600, Nepal",27.676904600000004,85.3195263,665.13,
ChIJ8SE_h8wZ6zkRsMQZYHJvZZA,office,CYPHER TECHNOLOGY PVT. LTD,corporate_office,"Lalitpur 44700, Nepal",27.6689275,85.3205085,665.56,
ChIJsbYDZGsZ6zkRYxnBPgEFx2U,office,UNOPS Nepal,corporate_office,"M8G9+RVV Oasis Complex, Patan Dhoka-Madan Smarak Road, Lalitpur 44700, Nepal",27.6770413,85.319609,667.66,
ChIJ9d5aRckZ6zkRzoQFeZ3Zev8,office,Oasis Complex,corporate_office,"Oasis Complex, Patan Dhoka-Madan Smarak Road, Lalitpur 44700, Nepal",27.6771183,85.31967159999999,668.03,
ChIJm_XzvnkZ6zkRsmk1cDoAmLE,office,Vaishnavi Infotech Pvt Ltd,corporate_office,"M8G9+8F5, Gabahal Rd, Lalitpur 44600, Nepal",27.6757525,85.31873999999999,669.65,
ChIJz6azVAAZ6zkRY8HRPzZHcys,office,Lopho Tech Pvt. Ltd.,corporate_office,"M8G9+9F9, Lalitpur 44600, Nepal",27.6759066,85.3187392,676.6,
ChIJGTWKBgAZ6zkR-UOm_Zo8Gi4,office,PlantSat,corporate_office,"M8HF+RM7, Pulchowk - Dhobighat Rd, Kathmandu 44366, Nepal",27.6795369,85.3241568,687.43,
ChIJD24zZAAZ6zkRy-tV80PE648,office,Grasen Ev,corporate_office,"M8GJ+M99, Shankhamul Bagmati Marg, Lalitpur 44600, Nepal",27.6766549,85.3309822,691.39,
ChIJgzlQMwAZ6zkR8Btf1mZWwZs,office,Abacus Insights Nepal,corporate_office,"M8HF+M2P, Lalitpur 44600, Nepal",27.6792465,85.3225282,694.17,
ChIJOcOXOwAZ6zkRtSOz5xYuNzk,office,Meromoto Assured,corporate_office,"M8HH+H8C, Shankhamul Brg, Lalitpur 44600, Nepal",27.678941700000003,85.328267,695.13,
ChIJu_8afAAZ6zkReGNsE8W1z8c,office,Oometo Partners Lagankhel City Branch Office,corporate_office,"M88F+RH9, Lalitpur 44700, Nepal",27.6670808,85.32398479999999,709.74,
ChIJE2WP6ncZ6zkRA79rdSiHO-A,office,Delta Multimedia Production,corporate_office,"M89C+3JW, Lalitpur 44700, Nepal",27.6677252,85.3215908,714.76,
ChIJI5SE0sUZ6zkRpgZhT3eCFJ8,office,educorenepal,corporate_office,"M8HH+8VH, Lalitpur 44700, Nepal",27.6783068,85.32973659999999,717.81,
ChIJG3en958Z6zkRSwDYuPIUigY,office,LUNKHUSI TOLE SANGH,corporate_office,"M89H+4C9, Lalitpur, Nepal",27.6677916,85.3286212,718.39,
ChIJuUfyTZUZ6zkR0O1Y67QO_4g,office,CHDS Nepal,corporate_office,"Lokeyswar Galli 2, Lalitpur 44600, Nepal",27.6699232,85.318795,723.08,
ChIJLVGw8MIZ6zkRAd1Od4tQuUc,office,Mascot Associate,corporate_office,"M8FJ+7XV, Lalitpur 44600, Nepal",27.6732363,85.3324085,729.78,
ChIJsQ_KZX4Z6zkRcLP0hedLj2E,office,Inland Revenue Office Lalitpur 2,corporate_office,"M88C+XMW, Satdobato Road, Lalitpur 44700, Nepal",27.6674919,85.3216941,733.19,
ChIJcenIjjMZ6zkRsZDRPd9X2_c,office,MMS Multipurpose Pvt.Ltd,corporate_office,"M8HC+MGF, Lalitpur 44600, Nepal",27.6791794,85.32130099999999,738.69,
ChIJeUeF0MwZ6zkRtY50UaRiwUs,office,Muse Education & Migration Services Pvt Ltd,corporate_office,"Opposite to united academy, Lalitpur 44700, Nepal",27.6696647,85.3187227,744.75,
ChIJp8BrRwAZ6zkRhzE9bNny2_4,office,Outline Marketing,corporate_office,"M8GJ+6V9, Lalitpur 44600, Nepal",27.6754765,85.3322205,747.58,
ChIJEUR2SZcZ6zkR5kXZmnsP_qI,office,Mobilepay,corporate_office,"M89J+93M, Lalitpur 44700, Nepal",27.6684747,85.3301699,747.76,
ChIJf2ZXUgAZ6zkRYGjv4WisYv8,office,Guide International,corporate_office,"M88C+X8F, Hospital Rd, Lalitpur 44700, Nepal",27.6676697,85.3209122,753.69,
ChIJh2IkIscZ6zkRt1NcyB2_52g,office,Vishakha Construction,corporate_office,"M8HH+W62, Lalitpur 44600, Nepal",27.6797742,85.3280015,767.94,
ChIJ_X6vdsgZ6zkRQXLqSuMQgxw,office,Shanti Griha,corporate_office,"M8JF+3FX, Mitra Marg, Lalitpur 44600, Nepal",27.6802328,85.3237358,769.9,
ChIJXfSjR7wZ6zkR7A6hM4GrDz4,office,"Lukushi, Mu-Nani",corporate_office,"Hakatole-Lunkhushi Rd, Lalitpur 44600, Nepal",27.6677938,85.3296846,775.52,
ChIJDwcGIQAZ6zkRP-1GK7o1bSo,office,Nivix Pharmaceuticals Ltd.,corporate_office,"M8GM+53V, Lalitpur 44600, Nepal",27.6754938,85.3326787,791.19,
ChIJ8TaubAAZ6zkRgTAalQ3u6XU,office,NDC,corporate_office,"M8GM+53V, Lalitpur 44600, Nepal",27.6754938,85.3326787,791.19,
ChIJI6_ILscZ6zkRWCDlruR7Xkg,office,EBCG,corporate_office,"M8HH+WF8, Lalitpur 44600, Nepal",27.6797766,85.3287072,797.5,
ChIJP1P-agAZ6zkRSt4yqhKHsMM,office,Swastik Design & Printing Suppliers Pvt. Ltd.,corporate_office,"M8GM+44P, Chyasal-9, Lalitpur 44600, Nepal",27.6753383,85.3328263,800.26,
ChIJCQDY_K0Z6zkRrsuEZmrrBqs,office,Sustainable Solutions,,"Kanibahal Sinchahiti Road, Lalitpur 44700, Nepal",27.6667592,85.3281725,801.8,
ChIJGRc1ycoZ6zkRfKaavCrnSc8,office,Digital Anka Pvt. Ltd.,corporate_office,"M8M9+88G, 10 Mitra Marg, Lalitpur 44600, Nepal",27.680552,85.3237739,804.38,
ChIJo4NHlVYZ6zkRq0h4kDWaIko,office,Tactical Solutions,corporate_office,"M8JF+6M Office Building, Lalitpur 44600, Nepal",27.6806069,85.3242606,804.67,
ChIJ40-2KwAZ6zkRW8yoig8QC1M,office,Foneinsure Pvt. Ltd,corporate_office,"M8H8+957, Lalitpur 44700, Nepal",27.6786237,85.31919429999999,815.0,
ChIJXTcBfAAZ6zkR9bS97hBB-IY,office,Bhul dhila,corporate_office,"M8CM+M6G, Lalitpur 44600, Nepal",27.6716801,85.33308869999999,819.18,
ChIJBcdCXgAZ6zkRMTKDXQfNu1A,office,Brothers lekhapadhi,corporate_office,"M88F+9PV, Lalitpur 44700, Nepal",27.6660362,85.324151,823.07,
ChIJv4ySo4oZ6zkRp1BUlHyT8rQ,office,FoneNxt,corporate_office,"M8H8+957, Lalitpur 44700, Nepal",27.6787275,85.31909030000001,830.41,
ChIJ7UFbjs0Z6zkRg8-H3Z-wLuk,office,Accelerating Investment and Infrastructure in Nepal - (AIIN),corporate_office,"M8C8+8R8, Lalitpur 44600, Nepal",27.6707852,85.317071,833.2,
ChIJs56acdwZ6zkRnxd2RhaorrY,office,Sinohydro Bureau 7 Co.Ltd,corporate_office,"Lokeshwor Marg, Lalitpur 44600, Nepal",27.6698359,85.317546,834.2,
ChIJM4M8KwAZ6zkRy1mdgxMt39Q,office,Firiri Ventures,corporate_office,"M899+9GG, Dakshinkali St, Lalitpur 44700, Nepal",27.6682277,85.3188576,834.67,
ChIJxR31m8cZ6zkRl5yNPhp8U38,office,MarcoNepal Creative Agency,corporate_office,"M8JG+8CQ, Kholcha Pokhari 44600, Nepal",27.6808467,85.3260942,835.02,
ChIJYzRuo8kZ6zkR9H4quJtdn8A,office,Himalayan Job Explorer Pvt. Ltd,corporate_office,"M8HC+V4H, Patandhoka Road, Lalitpur 44700, Nepal",27.6796848,85.3203556,835.19,
ChIJMynIjs0Z6zkRBuAU86dXFjw,office,YCO Pvt. Ltd.,corporate_office,"M8C8+6RQ, Lalitpur 44600, Nepal",27.6705989,85.31709389999999,838.56,
ChIJBctg3O0Z6zkRUJj5lZRG1_Y,office,E&T Nepal Pvt Ltd,corporate_office,"M8JF+9P6, Lalitpur 44600, Nepal",27.6809205,85.3242526,839.47,
ChIJybRP-BMZ6zkRD_AhriGSN5Y,office,Archio Design Pvt Ltd,corporate_office,"Kathmandu 44600, Nepal",27.680972,85.3247851,842.23,
ChIJ40u9E34Z6zkRfAHF5aIRg_U,office,Tattva Farms HQ,corporate_office,"M8M4+6MX, Lalitpur 44600, Nepal",27.6787542,85.3188965,845.98,
ChIJvYvqeU0Z6zkRt6avtakMlSM,office,leads innovation,corporate_office,"262 Krishna Galli Marg, Lalitpur 44600, Nepal",27.6792775,85.31943249999999,853.05,
ChIJNf_9-8sZ6zkRE5eP7d1GrtI,office,Angel's Associates Pvt. Ltd.,corporate_office,"M88F+93M, Lalitpur 44700, Nepal",27.6659615,85.3226701,858.36,
ChIJ4VNYDQAZ6zkRe02p-kSnUA0,office,Dhan lama,corporate_office,"M88F+93M, Lalitpur 44700, Nepal",27.6659534,85.3226706,859.21,
ChIJbXxnUwAZ6zkRZhgDvV43t2M,office,Lagankhel,corporate_office,"M88F+93M, Lalitpur 44700, Nepal",27.6659534,85.3226706,859.21,
ChIJg7iGEQAZ6zkRdzBgGRKS9Xs,office,Lukhunsi,corporate_office,"M88J+V4W, Lunkhusi Marg, Lalitpur 44700, Nepal",27.6672317,85.3303146,862.76,
ChIJ9eBaTBkZ6zkRIWBF0TQLYmk,office,Nexsus Engineering Consultancy,corporate_office,"M88C+GFX, Lalitpur 44700, Nepal",27.6663511,85.3212234,867.56,
ChIJpWG6yNsZ6zkRmNxvbfHEWNs,office,TSN Corporation,corporate_office,"TSN Industrial Complex, 96 पाटन औधोगिक छेत्र सडक, Lalitpur 44700, Nepal",27.6658181,85.32713849999999,868.97,
ChIJOe7HVAAZ6zkRI-QelpFsrb0,office,Balkumari saptakhel,corporate_office,"M8FM+9GQ, Lalitpur 44600, Nepal",27.6734571,85.33384600000001,871.14,
ChIJoyVnp9AZ6zkREtB5PNVi98I,office,RB Technology,corporate_office,"M88F+6HQ, Lalitpur 44700, Nepal",27.6655754,85.32396969999999,875.95,
ChIJBywo51YZ6zkR7hZYg60maaw,office,Kiran Lekhapadi Center Lalitpur,corporate_office,"M88F+6HH, Lalitpur 44700, Nepal",27.665554600000004,85.3239734,878.21,
ChIJHYT197MZ6zkRy2LdksBrKiM,office,Lalitpur Electricity Billing Office,corporate_office,"M88C+CQF, Lalitpur 44700, Nepal",27.6659492,85.3219331,881.83,
ChIJNQ-9gNMZ6zkRn7gfpJ7Ef8M,office,Shell Engineering Consultancy Pvt. Ltd.,corporate_office,"Lalitpur 44600, Nepal",27.6813082,85.3257311,882.29,
ChIJU6wzNcEZ6zkRfzAgPXRelZw,office,The Crazy Studio Pvt. Ltd.,service,"M8F8+GF Kathmandu, Lalitpur 44700, Nepal",27.673799,85.3160455,882.91,
ChIJj86K7vUZ6zkR-zO91lWvG1U,office,KBC Nepal Studio,corporate_office,"M8GM+Q5X, Lalitpur 44600, Nepal",27.6769879,85.3329986,882.93,
ChIJUcD1A_4Z6zkRVGKXCytdcFM,office,Peepalbot lekhapadai kendra,corporate_office,"M88F+6J2, Satdobato Road, Lalitpur 44700, Nepal",27.6655077,85.324007,883.02,
ChIJNVi9kccZ6zkRb6SfVa_nZII,office,Padhna Jane,corporate_office,"Lalitpur 44600, Nepal",27.6813365,85.3256615,884.9,
ChIJ_a62LwAZ6zkRZGwseBsdFHk,office,Roy Group of Company Pvt. Ltd.,corporate_office,"M8G8+3F3, Lalitpur 44700, Nepal",27.675275,85.316239,887.57,
ChIJPUSF5n8Z6zkRx6slYlU5Xp0,office,S&S Engineering Consultancy Pvt. Ltd.,corporate_office,"Lalitpur 44600, Nepal",27.6724903,85.31604279999999,887.85,
ChIJATtcCQAZ6zkRJOWENvF9Pxo,office,Lagankhel Visa Services,travel_agency,"Mahalaxmisthan Rd, Lalitpur 44700, Nepal",27.6663213,85.3208025,889.06,
ChIJgWdXcQAZ6zkR-y_JNSe4wfI,office,NexGen Innovations Pvt. Ltd,corporate_office,"NexGen 44600, Nepal",27.6752043,85.3162026,889.25,
ChIJzzY7jbEZ6zkRVbNYScYAa5Y,office,NEA Engineering Company Ltd,consultant,"Pathan Dhoka road, ललितपुर 44700, Nepal",27.6804786,85.3207254,892.59,
ChIJXbFnFAAZ6zkRby2oV87Qq3c,office,Lawpath Kathmandu,corporate_office,"M8F8+P85, Lalitpur 44700, Nepal",27.6741667,85.31597219999999,893.09,
ChIJuR1oWAAZ6zkRY7DNAYIbnB4,office,Fenix Innovations,corporate_office,"M8H9+H85, Durbar Tole St, Lalitpur 44600, Nepal",27.6788297,85.3183103,893.58,
ChIJlSP2t1YZ6zkRWsZkknaEzvI,office,"SMCA Associates, Chartered Accountants",corporate_office,"Alka Hospital, Lalitpur 44600, Nepal",27.6741404,85.3159592,894.09,
ChIJAQAAQNIZ6zkRrJfSujkM1X4,office,OFFBEAT TRAILS Pvt. Ltd.,corporate_office,"5 woda, Lalitpur 44600, Nepal",27.6687373,85.31757429999999,896.41,
ChIJ7WrBTSwZ6zkR1Ae6psJ9e9g,office,Adventure Bhumi Pvt. Ltd.,corporate_office,"Lalitpur 44700, Nepal",27.6670556,85.3193774,896.81,
ChIJP8Z6R90Z6zkR47NrgAdkp4Y,office,KAYO International,corporate_office,"Lalitpur 44600, Nepal",27.6697305,85.3331177,897.52,
ChIJhbydHTIZ6zkRTlyFKdwq2_M,office,PTE Class Nepal,corporate_office,"Lalitpur 44600, Nepal",27.6737219,85.3158435,902.4,
ChIJwe0AfgAZ6zkR8eAV1p-_XnY,office,NTTC,corporate_office,"M8JJ+329, Sankhamul Pul, Lalitpur 44600, Nepal",27.6801552,85.33010349999999,903.76,
ChIJ1dsLaQAZ6zkROCVHZGL2Fmo,office,SuryaJyoti Life Insurance manbhawan,corporate_office,"Lalitpur 44600, Nepal",27.6708134,85.3161524,917.53,
ChIJ39ImhskZ6zkRwsb_6lqvIEk,office,Nepal Cylinders Ltd,corporate_office,"M8H9+WJ2, Lalitpur 44600, Nepal",27.6797586,85.3190132,920.58,
ChIJdamzSQAZ6zkRckPVnwQJOJ0,office,Dream Big Workshop Software Company,corporate_office,"Bridge, Lalitpur 44600, Nepal",27.680897,85.32903139999999,923.32,
ChIJczJuQ5UZ6zkR-siNujiSoUc,office,Inorins Technologies,corporate_office,"Lalitpur 44700, Nepal",27.6658977,85.3208836,927.5,
ChIJaSW_xPgZ6zkRrcN-qprFzAQ,office,Worldlink Manbhuwan branch,corporate_office,"Manbhawan Rd, Lalitpur 44600, Nepal",27.6708619,85.3160111,929.1,
ChIJX0_EYgAZ6zkRa9E8t1Ccu5k,office,Urja,corporate_office,"M8H9+WHQ, Krishna Galli Marg, Lalitpur 44600, Nepal",27.6798411,85.3189701,930.34,
ChIJR7rNR3cX6zkR0tVNaUOVPXM,office,Shailung Construction Company,corporate_office,"Manbhawan Rd, Lalitpur 44700, Nepal",27.6703792,85.316181,931.16,
ChIJpfOBi5MZ6zkRcWL884i2T10,office,IEI Industrial Engineering International Pvt. Ltd.,,"M8HM+27Q, Lalitpur 44600, Nepal",27.6775772,85.3332188,933.15,
ChIJOVdKDNwZ6zkRL58tpIOw5sc,office,Supra Services Pvt. Ltd.,service,"17 Ward, Lalitpur 44600, Nepal",27.6659999,85.32952890000001,935.95,
ChIJT9xy6e0Z6zkRFIjNuEFv_9s,office,ललितपुर जिल्ला बचत तथा ऋण सहकारी संघ लिमिटेड,corporate_office,"M88C+889, Lalitpur 44700, Nepal",27.665793800000003,85.3208452,939.54,
ChIJ0T4IgNIZ6zkRz1j9D0y8sqY,office,TBSU Helvetas,corporate_office,"Lalitpur 44600, Nepal",27.6701141,85.3162023,940.26,
ChIJH7X7ockZ6zkRIos5LBJrmrA,office,Panchakanya Group,corporate_office,"Krishna Galli Marg, Lalitpur 44600, Nepal",27.6798217,85.31878770000002,940.27,
ChIJSREEgNIZ6zkRCjDrD-_wuew,office,Magic Bus Nepal,corporate_office,"Road, Lalitpur 44600, Nepal",27.6701392,85.3161829,940.94,
ChIJ13LNT8oZ6zkR67Wj3pVxkjw,office,TARA ARTS,corporate_office,"Pulchowk Rd, Lalitpur 44600, Nepal",27.6755157,85.3157399,941.74,
ChIJRV01FwAZ6zkRqY8SreY-WDE,office,JK Central,corporate_office,"Lalitpur 44600, Nepal",27.6728256,85.3154301,944.56,
ChIJa1_wHM0Z6zkR9KPVWzfAi4c,office,Needle Weave Pvt. Ltd,corporate_office,"M8F8+45M, Lalitpur 44700, Nepal",27.6728319,85.31542940000001,944.58,
ChIJ60ezEIUZ6zkRlZtd8iDM0zs,office,Shailung Group Of Companies,corporate_office,"M8C8+2F7, Road, Lalitpur 44600, Nepal",27.6700432,85.3161775,945.6,
ChIJOw5sJtoZ6zkRzMFVF5GZ1AA,office,SWOG Office,corporate_office,"Batuk Bhairab Temple, Kathmandu 44700, Nepal",27.6649098,85.3257582,947.02,
ChIJH5scTAAZ6zkRryJsGgDlxh8,office,Forall Manufacturing Pvt. Ltd,corporate_office,"Lalitpur 44600, Nepal",27.6729943,85.3153648,949.9,
ChIJLThasQoZ6zkRlubCY-WXohI,office,Hawapani Nepal हावापानी नेपाल,corporate_office,"Mani Rd, Lalitpur 44600, Nepal",27.6818698,85.326522,953.65,
ChIJUZf2DHcZ6zkRCldUT3vH8F8,office,U. Dhungana & Co.,corporate_office,"M8F8+J48, Lalitpur 44600, Nepal",27.6740412,85.31532349999999,955.56,
ChIJp2Mb4jcZ6zkR8QcVr3fbUfs,office,R.Gupta & Associate's,corporate_office,"13/160, 3rd Floor, Mero Sahakari Building Damkal Chowk, Nearby Alka Hospital, Pulchowk Rd, ललितपुर 44600, Nepal",27.6754579,85.3155448,958.8,
ChIJ4bRaPAAZ6zkR2Ov-X_uGglw,office,Urja Tila,corporate_office,"M898+WCH, Manbhawan Rd, Lalitpur 44600, Nepal",27.6698215,85.3161169,961.03,
ChIJ1b6hirMZ6zkRdWWprhE89XE,office,srtechsoft,corporate_office,"Lalitpur 44600, Nepal",27.6703732,85.33414549999999,961.45,
ChIJ9zbgQQAZ6zkRyTTdmf5PmEg,office,Snow Feed Roselle,corporate_office,"M889+JHP, Lalitpur 44700, Nepal",27.666598,85.3189477,962.97,
ChIJ38Bqr4QZ6zkRbp8TpBpTtNs,office,Hotel Narayani,corporate_office,"M8H8+7PX, Lalitpur 44600, Nepal",27.6782363,85.31685279999999,965.84,
ChIJKR-shJQZ6zkRDgHdjYMWD88,office,F1ARL,corporate_office,"Lalitpur 44600, Nepal",27.6782363,85.31685279999999,965.84,
ChIJqfcQMAAZ6zkRyZDdklEHaHA,office,Anurag'office,corporate_office,"M8JG+VH2, Lalitpur 44600, Nepal",27.6820167,85.3262848,966.45,
ChIJnRjz__YZ6zkRdIjK66yTeWE,office,MM Traders,corporate_office,"Lalitpur 44700, Nepal",27.6647484,85.3240491,966.56,
ChIJk-sDKgAZ6zkRtT_6JdSgUag,office,Centegic Tower,corporate_office,"Dakshinkali Marg Purba, Lalitpur 44700, Nepal",27.6664004,85.3191377,969.06,
ChIJezCLTAAZ6zkRNqWMBeNhOCA,office,General medical supplyers,corporate_office,"M8C8+H3H, Lalitpur 44700, Nepal",27.671499,85.3153057,977.78,
ChIJha5BVmoZ6zkR4Nx6r1K3lDk,office,Ko Banchha Crorepati Office काे बन्छ कराेडपति,corporate_office,"Unnamed Road, M8GM+WH7, ललितपुर 44600, Nepal",27.6772904,85.33391739999999,978.9,
ChIJP_UeYQAZ6zkRuMK-zP9v2Jw,office,SYS STUDIO,corporate_office,"M8FM+VWH, Khushichwa Sadak, Lalitpur 44600, Nepal",27.6746792,85.3348475,980.11,
ChIJpZG3JOgZ6zkRmQBxvNVTSec,office,Nepal Yatayat Byabasai Rastriya Mahasangh,corporate_office,"Lalitpur 44600, Nepal",27.6726666,85.3349391,982.15,
ChIJLQGVDQAZ6zkR-_XTnC0estM,office,Nepal Show,corporate_office,"Lalitpur 44600, Nepal",27.6820746,85.3269699,983.88,
ChIJw3df-hUZ6zkReIyq4dfPNOY,office,"Advertising in Use, Pvt. Ltd",corporate_office,"Bridge, Lalitpur 44600, Nepal",27.6804656,85.3310364,985.19,
ChIJK3UeYgAZ6zkRavIWuRsb0iw,office,P.R. Gabion Wires Pvt. Ltd.,corporate_office,"M8FM+3X5, Lalitpur 44600, Nepal",27.6726448,85.3349733,985.71,
ChIJhVgWzqEZ6zkRJzC3UJxwOFY,office,"Telemko Autolink (70mai, Botslab)",corporate_office,"Gwarkho Chowk, ललितपुर 44600, Nepal",27.6676696,85.33267740000001,988.75,
ChIJsXvADgAZ6zkRfkIINqAOLJ0,office,Himalayan Food International Pvt.Ltd,corporate_office,"NP Lalitpur Mahanagarpalika, 142 Wada No.-10, ललितपुर 44600, Nepal",27.6815513,85.3209399,990.64,
ChIJ79bVWN0Z6zkRzlXrx9iIT10,office,Kusom Placement Cell,corporate_office,"M89M+WM4, बालकुमारी जाने बाटो, Lalitpur 44700, Nepal",27.6697573,85.33420970000002,993.28,
ChIJxUJZniIZ6zkRMTnHSnNwfsA,office,Himalayan Distillery Ltd.,corporate_office,"Uttar Kuna Shanti Bagaicha Rd, Lalitpur 44700, Nepal",27.6712862,85.3151949,993.77,
ChIJLe-DZRAZ6zkRXQlHbHcev1c,office,best Paani Pvt. Ltd,corporate_office,"Gwarko Sadak, Lalitpur 44600, Nepal",27.6678207,85.3329316,997.49,
ChIJ4WMEaqEZ6zkRuxGjdPiiDqk,office,MSCCSPL,corporate_office,"M89M+347, Lalitpur 44600, Nepal",27.6676523,85.33281,1000.0,
ChIJ65BHC8sZ6zkRCbGTom0P_jk,office,Biraj Print Support,corporate_office,"M8H8+298, Lalitpur 44600, Nepal",27.6775285,85.3159609,1001.52,
ChIJ93xKI3kZ6zkRwdP1XdHSAHU,office,Mahalaxmi Metal Industry,corporate_office,"M87G+Q88, Lalitpur 44700, Nepal",27.664419,85.3257951,1001.71,
ChIJfxffaYwZ6zkRPkynWufARRE,office,Maharjan Stone Carving,,"Lalitpur 44700, Nepal",27.6715266,85.3349605,1002.75,
ChIJMSZUSUcZ6zkRPidAlDN0f4I,office,South Asian Engineering Consultancy,corporate_office,"Khushichwa Galli 1, Lalitpur 44600, Nepal",27.6754441,85.3349217,1003.12,
ChIJ9USX74IZ6zkRQ9FE2y26Lco,office,Med Dent Nepal,corporate_office,"Dhantil Marg, Lalitpur 44600, Nepal",27.6824239,85.3259613,1007.87,
ChIJXaeUucIZ6zkRnTEoIvhoixk,office,Digiage media,corporate_office,"M8JC+QGM, Lalitpur 44600, Nepal",27.6818969,85.3213457,1011.02,
ChIJk8eRgzEZ6zkRLYgvUGtiev4,office,Padma Group of Companies,corporate_office,"M8JC+M64, Lalitpur 44600, Nepal",27.6816278,85.3205917,1012.65,
ChIJkVh86igZ6zkRwfkH0Gq14kc,office,Goldmine Business Group Pvt. Ltd.,,"M8JC+H8Q, Lalitpur 44600, Nepal",27.6815982,85.3205045,1013.4,
ChIJ-5KUebgZ6zkRmChdxVWaD40,office,Integrated Group Nepal,corporate_office,"M8JG+X9X, Mani Rd, Lalitpur 44600, Nepal",27.6824937,85.3259866,1015.83,
ChIJFyrSdsEZ6zkRCGwT4775bPY,office,Sumeru/A2,corporate_office,"M8JC+H3M, Chakupat Marg, Lalitpur 44600, Nepal",27.6814688,85.32016139999999,1015.88,
ChIJx7YudQAZ6zkRdoB8SFem9No,office,OneSky,corporate_office,"2935 Pulchowk Rd, Lalitpur 44700, Nepal",27.6784472,85.3163551,1019.64,
ChIJP-u-cQAZ6zkRWQatkMQ9Ecc,office,P.K. Acharya and Associates,corporate_office,"M87F+MQX, Lalitpur 44700, Nepal",27.6642375,85.3244844,1020.09,
ChIJk_2LGwAZ6zkRp3SQceOdo2E,office,3DI Teachers Hostel,corporate_office,"M89M+HP4, Lalitpur 44600, Nepal",27.6692557,85.3342455,1020.45,
ChIJtXOcTQAZ6zkRIJ6WqRKO5ww,office,HAMRO ONLINE SERVICE,corporate_office,"Druk Mahadev Marg, Lalitpur 44600, Nepal",27.6698887,85.33458399999999,1021.37,
ChIJv_lZYowZ6zkRuH3jqam-r4w,office,The Storytellers,corporate_office,"M8MG+28J, Mani Rd, Lalitpur 44600, Nepal",27.6825816,85.3257625,1023.7,
ChIJFXPGY90Z6zkRSVw-DN0oBqA,office,Kamala Complex Gwsrko Ringroad,corporate_office,"44600 Ring Rd, Lalitpur 44700, Nepal",27.668869,85.33408999999999,1027.2,
ChIJ6_9yWAAZ6zkRC5hqZQPwaUY,office,STL International Pvt.Ltd.,corporate_office,"M8FP+H57, Lalitpur 44600, Nepal",27.6739165,85.3354353,1029.22,
ChIJpSMFDcsZ6zkRxcxaW8_OAys,office,Caravan Bag Supplier,corporate_office,"M8H8+27W, Aaksheswor Mahavihar Galli Uttar, Lalitpur 44600, Nepal",27.6776075,85.3156899,1029.27,
ChIJC__BGgAZ6zkRt8uhhWKKnTM,office,AirCharge Nepal,corporate_office,"House 146, Milap Marg, Kathmandu 44600, Nepal",27.6681191,85.3335987,1030.46,
ChIJYVXab9AZ6zkRyXitd-_DYyM,office,Ashirbad Paints Pvt. Ltd.,corporate_office,"Shankhamul Marga, Kathmandu 44600, Nepal",27.6812399,85.330709,1037.3,
ChIJz-GzgvIZ6zkR0_NjKjjfRII,office,Path finder travel and tours pvt ltd,corporate_office,"Unnamed Road, ललितपुर 44600, Nepal",27.673136600000003,85.31445339999999,1038.99,
ChIJG3qbSAAZ6zkRfCMa4bBdx7I,office,Maa baishno devi S & CCO,corporate_office,"M88C+24G, Mahalaxmisthan Rd, Lalitpur 44700, Nepal",27.665013700000003,85.32031669999999,1040.33,
ChIJb74olFUZ6zkRhVGtxtcdMEw,office,Purnendu Productions Pvt. Ltd,corporate_office,"M8JJ+5QM, Kathmandu 44600, Nepal",27.6804706,85.3319255,1040.78,
ChIJF-qm6LgZ6zkRkMayUL7ItQc,office,shubhecha,corporate_office,"M8F7+9Q3, Pulchowk Rd, Lalitpur 44600, Nepal",27.6733829,85.3144192,1041.95,
ChIJk35nUQAZ6zkRIKzlKoF4vLI,office,Manbhawan,corporate_office,"M898+6GR, Manbhawan Marg, Lalitpur 44600, Nepal",27.6681127,85.3162602,1042.31,
ChIJZYNHQQwZ6zkRDmlC5QHfR2k,office,Amnil Technologies,corporate_office,"Lalitpur 44600, Nepal",27.6681044,85.31626349999999,1042.56,
ChIJaUExlo9J6zkRP5rzP9bKH2c,office,Turant Call Pvt. Ltd.,corporate_office,"Shankhamul Marga, Kathmandu 44600, Nepal",27.6808648,85.3314359,1044.33,
ChIJy_ZtD88Z6zkRRguAG_dxbEw,office,New generation engineering consultancy,corporate_office,"Bhagwan Marga, Lalitpur 44600, Nepal",27.6739624,85.33559029999999,1044.75,
ChIJ2by4JQAZ6zkRRiRxENEyNQ8,office,Noon Resources,corporate_office,"M8F7+CPH, Lalitpur 44600, Nepal",27.6735715,85.3143633,1047.62,
ChIJz-_WYgYZ6zkRn7E9DvWsrBM,office,eSewa Ltd.,corporate_office,"eSewa Building, Lalitpur 44600, Nepal",27.6790701,85.3164882,1048.84,
ChIJCRR5MM0Z6zkRsHpYiWfVh-0,office,General Trade International Pvt. Ltd.,corporate_office,"M8F7+4PP, Lalitpur 44600, Nepal",27.6728416,85.3143334,1052.23,
ChIJP0zUvDcZ6zkREasFgzc0xX8,office,Buuzz Nepal HQ,corporate_office,"P897+P97, Kathmandu 44600, Nepal",27.6781659,85.3157502,1053.8,
ChIJX0djvmwZ6zkRtIZkV1y6Cm4,office,Nepasoft Solution Pvt. Ltd,corporate_office,"Lalitpur 44600, Nepal",27.6783273,85.31579909999999,1058.82,
ChIJj32ZLgAZ6zkRhRfTQ_jh9Fc,office,Redstone,corporate_office,"M889+7FF, Thasikhel Marg Uttar, Lalitpur 44700, Nepal",27.6656856,85.3186741,1060.15,
ChIJNfLBQwAZ6zkRgMK4sFYfW_w,office,Kitab Haru,corporate_office,"M8JJ+CGR, Kathmandu 44600, Nepal",27.6811734,85.33124200000002,1060.63,
ChIJkyPzMBcZ6zkRmdj9Tmlk3Zk,office,Shantika Lagi Sajha Abhiyan Nepal (SSAN),corporate_office,"M87C+W3H, Mahalaxmisthan Rd, Lalitpur 44700, Nepal",27.6648138,85.3202494,1063.2,
ChIJ53w9U5wZ6zkRIslrhfwFC78,office,Asterix Solution Pvt. Ltd.,corporate_office,"Gwarko-17, Lalitpur 44700, Nepal",27.6652455,85.3306454,1063.61,
ChIJ7WfTUgAZ6zkRuD1_bkN_pyI,office,APB Partnets Kathmandu,corporate_office,"M8JJ+CHV, Kathmandu 44600, Nepal",27.681108,85.331406,1064.2,
ChIJPbKIsckZ6zkR1a5qkT_8snU,office,aadinath saving and credit co-operative ltd,corporate_office,"M88J+359, Lalitpur 44700, Nepal",27.665157,85.3304981,1064.56,
ChIJuT9dCgAZ6zkRKswRbbAYX1A,office,Muktinath EXIM,corporate_office,"M8J9+PWM, Yala Dhwakha Marg, Lalitpur 44600, Nepal",27.6818309,85.3198063,1067.9,
ChIJL7OS6lcZ6zkRyJQDeKft2BU,office,Advance Professional Training And Recruitment Center Pvt.Ltd,corporate_office,"M8JJ+FH4, Kathmandu 44600, Nepal",27.6811286,85.3314429,1068.2,
ChIJIxw-QAAZ6zkRSf7WY604-LQ,office,HETERO LABS NEPAL,corporate_office,"M8F7+GMV, Jawalakhel Rd, Lalitpur 44600, Nepal",27.6738642,85.3141572,1068.99,
ChIJv8SIYgAZ6zkRl2Np9_srtIM,office,Investors Platform Pvt. Ltd,corporate_office,"M8JJ+GFG, Kathmandu 44600, Nepal",27.6813014,85.3312103,1070.47,
ChIJuZDdT9EZ6zkRHIHQEc7Y6hI,office,CO SITE,corporate_office,"M889+2QG, Kumaripati - Mahalaximisthan Rd, Lalitpur 44700, Nepal",27.6650599,85.319465,1075.71,
ChIJw9eZ7JkZ6zkRiG6ctPiieeI,office,Annapurna Real Estate,corporate_office,"Lalitpur 44600, Nepal",27.672931,85.31405629999999,1078.95,
ChIJcQ9sbgAZ6zkRvEh53uf8diU,office,Surita multiple propose Pvt.ltd,corporate_office,"M88J+9R7, Bafa Galli, Lalitpur 44700, Nepal",27.6658601,85.3319391,1081.61,
ChIJSyFPeY8Z6zkRQd5hnUCm5Ys,office,Advalent Nepal,corporate_office,"M898+59C, AVM Chowk, Lalitpur 44600, Nepal",27.6679486,85.3158753,1083.92,
ChIJK6YczswZ6zkRP_9p5eL0sY0,office,Future Works Building Solutions,corporate_office,"M8F7+GH5, Pulchowk Rd, Lalitpur 44600, Nepal",27.6737723,85.31398779999999,1085.22,
ChIJi-6mCwAZ6zkRCCpO2Qy6UIA,office,"Chakupat-10 Lalitpur, Nepal",corporate_office,"10 Chakupat Rd, Lalitpur 44600, Nepal",27.6828777,85.3276592,1085.92,
ChIJAQAAwMcZ6zkRY0ZEkGI-aho,office,Medic Mobile Nepal,non_profit_organization,"UN Park Lane, Lalitpur 44600, Nepal",27.6830696,85.3266696,1087.71,
ChIJw-i84ssZ6zkR61e2X52xCj4,office,Galli maps,corporate_office,"Yala Sadak, Lalitpur 44600, Nepal",27.6795404,85.316392,1088.44,
ChIJizNiRgAZ6zkR5DyqSh3bL3s,office,Aerawat Corp,corporate_office,"M8H8+F72, Lalitpur 44600, Nepal",27.678707,85.315649,1093.68,
ChIJ2TEjfAAZ6zkRLTFoUfOQKvA,office,RxPIN Spectrum Pathways,corporate_office,"M8H8+F72, Lalitpur 44600, Nepal",27.678707,85.3156487,1093.71,
ChIJvRHH6UgZ6zkRHewMVtbFyZI,office,Shree Ganga Traders,corporate_office,"M8MG+7CJ, Lalitpur 44600, Nepal",27.6832129,85.3260083,1095.65,
ChIJj4tkZzwZ6zkRZ8IUvo5mQnU,office,Nepdemy,corporate_office,"M8GP+V4C, Sankhamul - Balkumari Rd, Lalitpur 44600, Nepal",27.677187300000003,85.33527380000001,1095.85,
ChIJXx21Td8Z6zkRo1KzKpk0laU,office,The Nepal Initiative,corporate_office,"M8H8+84G, Lalitpur 44600, Nepal",27.6783036,85.3153336,1096.99,
ChIJHWy1NsAZ6zkRdw55JlUuEns,office,Elemech International Pvt. Ltd.,corporate_office,"Kathmandu 44600, Nepal",27.6800099,85.3333016,1099.31,
ChIJNw9NGwAZ6zkRQIBewpmWovk,office,FIRST CLASS CONSULTANT AND CONSULTANCY PVT. LTD.,corporate_office,"Oxbridge College, Lalitpur 44700, Nepal",27.6645756,85.31996439999999,1099.42,
ChIJ79kQ4oAZ6zkRzZdta2joeiI,office,Machineer Technology Pvt. Ltd.,corporate_office,"Yaat Paun Marg, Kathmandu 44600, Nepal",27.6803566,85.3329504,1100.58,
ChIJlUi3a7QZ6zkR0TVdi58IbyE,office,InfraSoft Solutions | Enterprise IT solutions in Nepal,corporate_office,"Chakupat Rd, Lalitpur 44600, Nepal",27.6830748,85.32744439999999,1102.39,
ChIJvbfM3CMZ6zkR9HX0v4bwvFM,office,Esewa Money Transfer,corporate_office,"F1Soft Group Building 2nd floor, Lalitpur 44600, Nepal",27.6792571,85.3159609,1102.93,
ChIJ42cLUcoZ6zkRg5aaYx6i2gw,office,F1SOFT Group Tower,corporate_office,"M8H8+PGM, Pulchowk Rd, Lalitpur 44600, Nepal",27.6792652,85.3159372,1105.34,
ChIJs5hzcAAZ6zkR7WTxlH_IZwM,office,KUL Solution Pvt. Ltd.,corporate_office,"M8MG+7WG, Lalitpur 44600, Nepal",27.6831763,85.3273169,1110.76,
ChIJ4-JmIL4Z6zkR5VI9U1SUVyY,office,Logline Production,corporate_office,"M8JJ+JJ7, Kathmandu 44600, Nepal",27.6815476,85.3315531,1112.29,
ChIJMZFni5YZ6zkR-ehVTDA5p9M,office,Imperium Engineering Consultancy,corporate_office,"M88M+G6J, Lalitpur, Nepal",27.6663423,85.3330053,1112.37,
ChIJuZoqhgYZ6zkRNtuTl4bEOYQ,office,Success Services Multipurpose Company Prv.LtD,corporate_office,"M88M+C4X, Lalitpur, Nepal",27.6661079,85.3328473,1120.12,
ChIJC3hWIgAZ6zkRvrXzOftOjPU,office,Premier Healthcare Nepal Pvt Ltd,corporate_office,"M8JJ+VCM, Shanti Marga, Kathmandu 44600, Nepal",27.682013,85.33091519999999,1120.94,
ChIJWe5rVtEZ6zkR_9wM1GTEZCI,office,BKM Frozen Food,corporate_office,"M879+WHJ, Lalitpur 44700, Nepal",27.6648424,85.318889,1125.9,
ChIJvRKCpLoZ6zkRK3zSW2Sloi0,office,Avartan,corporate_office,"M8H8+C3J, Lalitpur 44600, Nepal",27.6785897,85.3151468,1128.91,
ChIJeVjw6UoY6zkRgp70n-zzFMU,office,National Institute of Science Lalitpur NIST,corporate_office,"44600 Ring Rd, Lalitpur 44600, Nepal",27.6691522,85.3354793,1134.93,
ChIJF5nYv-cZ6zkRy2jftNFLnyk,office,Lalitpur Brick Industry Association,corporate_office,"44600 Ring Rd, Lalitpur 44700, Nepal",27.6696361,85.33573030000001,1136.55,
ChIJu2Nj3oMZ6zkRiap4CPJN5Io,office,Kaarya Productions,corporate_office,"Unnamed Road, M8MF+CMV, ललितपुर 44600, Nepal",27.6836144,85.32416219999999,1138.78,
ChIJo0dzbOoZ6zkRusVXfAkWMg8,office,Innovative pharma lab,corporate_office,"Rupantaran Marg, Kathmandu 44600, Nepal",27.6783009,85.3351753,1140.6,
ChIJqUNEdy4Z6zkRktPqQIREXWs,office,Women Development Training Center,corporate_office,"M8C7+3H3, Lalitpur 44600, Nepal",27.6701425,85.31393279999999,1148.48,
ChIJP5JhWc4Z6zkRInUsi8dTpL8,office,NextGen Solutions,corporate_office,"Kantipur FM Road, Near Kantipur FM, ललितपुर 44600, Nepal",27.6771984,85.31409479999999,1153.95,
ChIJm4PjgVQY6zkROd8N8t-vLts,office,CoSys Software,corporate_office,"हरिहरभवन, Lalitpur 44600, Nepal",27.6791966,85.315253,1156.15,
ChIJ66cSTZgZ6zkR4HJ8ukuNg74,office,Balaram’s House,corporate_office,"M8MG+FHR, Lalitpur 44600, Nepal",27.6837279,85.3263815,1156.44,
ChIJ-Ry3MAAZ6zkRmLveAvoYqTI,office,Urban Nepal Consulting Pvt.Ltd,corporate_office,"6 Mandap Hiti Marg, Lalitpur 44700, Nepal",27.6633994,85.32826209999999,1157.49,
ChIJz1mtyQwZ6zkRdvoZRwSD3Vg,office,Future Enterprises Runit,corporate_office,"M8MF+GG9, Lalitpur 44600, Nepal",27.6837933,85.3238748,1160.98,
ChIJuS3773gZ6zkRMclxZu30IM4,office,Dangol’s House,corporate_office,"M88M+FC6, Lalitpur, Nepal",27.666158,85.33350999999999,1162.24,
ChIJ121bgsAZ6zkR7SMbzPZd01U,office,Uniview UNV Nepal - Techno Vision,corporate_office,"Shankhamul Marga, Kathmandu 44600, Nepal",27.6822716,85.3312579,1163.13,
ChIJixKXTAAZ6zkR86wKTR8T290,office,DigititUp Agency Pvt. Ltd.,corporate_office,"M8MF+GG9, Lalitpur 44600, Nepal",27.6838663,85.3238745,1169.06,
ChIJC2TRJBEZ6zkRuxvzlrm3Y6M,office,Verity Distribution Pvt.Ltd.,corporate_office,"M87J+J6C, Ring Rd, Lalitpur 44700, Nepal",27.6640565,85.33046399999999,1170.03,
ChIJ7XSejhoZ6zkRvdoz7IetOkw,office,BNG GROUP PVT.LTD,corporate_office,"M8JJ+WGG, Kathmandu 44600, Nepal",27.6823151,85.33132119999999,1170.54,
ChIJbe_VTZIZ6zkR3peOQtDTuWs,office,Red Circle Creative Solutions,service,"Kathmandu 44600, Nepal",27.6838984,85.324124,1170.55,
ChIJneeG__UZ6zkRxfJPRNDX-5E,office,S.P. Enterprises,corporate_office,"Kathmandu 44600, Nepal",27.6786552,85.33531289999999,1171.66,
ChIJzQNPkyQZ6zkR4BiLu7uUCAA,office,Heal Society Of Nepal,corporate_office,"Unnamed Road, M879+QG7, ललितपुर 44700, Nepal",27.6644011,85.3187914,1172.65,
ChIJj_4RHQAZ6zkROSitHZY7rh4,office,EK Ra Sunya Inc,corporate_office,"M8CP+FMV, Saraswoti Marg, Lalitpur 44600, Nepal",27.6711614,85.3366873,1177.53,
ChIJway4IQAZ6zkRxB6maEROG8A,office,TDR Mukti Block B,corporate_office,"M8H7+4R3, Lalitpur 44600, Nepal",27.6780989,85.3142811,1177.76,
ChIJEVYGzjIY6zkR2ua6eDYBs8E,office,Nepal GIS Society,corporate_office,"M8C7+3C9, Lalitpur 44600, Nepal",27.6701568,85.3136047,1178.69,
ChIJye3gYtIZ6zkRa6KITMIYw0c,office,Silk Group,corporate_office,"Lalitpur 44600, Nepal",27.6696187,85.3362172,1181.95,
ChIJky7VaAAZ6zkR9eWFDFt2pPI,office,Incybrix Security Technology,corporate_office,"M88M+34F, Lalitpur 44700, Nepal",27.6652197,85.3326658,1182.07,
ChIJi-wlh-oZ6zkRJEvI9183YeA,office,Archiconcept Pvt.Ltd,service,"Newbaneshowr, Sankhamu-31, Ganeshmarga, Kathmandu, Nepal 44600, Nepal",27.679665,85.334762,1187.17,
ChIJkU-KNX0Z6zkR2LKvDZfpwpM,office,Nepali Hands ( Udhami Nepali Pvt.Ltd,corporate_office,"M8MH+7WV, Kathmandu 44600, Nepal",27.6832267,85.3297838,1189.89,
ChIJScIXlt4Z6zkRPL0YtbwDqhs,office,SKP International Pvt. Ltd,corporate_office,"Unnamed Road, M87J+G58, ललितपुर 44700, Nepal",27.6637839,85.3304672,1197.16,
ChIJY_3XutkZ6zkRe78YoT_3zxU,office,Gahana Sansar,corporate_office,"M87G+385, Lalitpur 44700, Nepal",27.662627,85.32586049999999,1200.9,
ChIJXa0AuuUZ6zkR2c-_fctOXLE,office,Male International,,"Sinchahity, Lalitpur 44600, Nepal",27.6629056,85.3279025,1201.42,
ChIJ8WgCeQAZ6zkRztQOM0mHAtM,office,Baruns Jung villa,corporate_office,"M88M+34F, Lalitpur 44700, Nepal",27.6650017,85.3327236,1204.41,
ChIJY6CKSbEZ6zkRkLQxSn6aZjg,office,Namaste Chiya Industry,corporate_office,"M888+8FW, Lalitpur 44700, Nepal",27.665875,85.3161933,1205.11,
ChIJYV6_enYZ6zkR9IMhV57h7Yo,office,Albelo Multi Trading Pvt.Ltd.,corporate_office,"Lalitpur 44700, Nepal",27.6843068,85.3243528,1214.45,
ChIJZ1lDJbgZ6zkRzT7BBGqMhSM,office,Incode Technology pvt ltd,corporate_office,"M8MF+PQP, Lalitpur 44600, Nepal",27.6843269,85.3244505,1216.22,
ChIJabD2hr4Z6zkRvUzLbHadyfw,office,Dharatee Meditech Pvt. Ltd.,corporate_office,"M8HP+W2F, Ganesh Marga, Kathmandu 44600, Nepal",27.6798187,85.3350485,1220.05,
ChIJFRBVDfkZ6zkRQKdblDzTZf0,office,GrowBiz Management Pvt. Ltd,corporate_office,"Way to B&B Medical College, Lalitpur 44700, Nepal",27.6637022,85.33082639999999,1221.5,
ChIJwxV8lWMY6zkRbZYWJ6tLmwI,office,Mahakali Mechi Technologies & Suppliers Pvt Ltd,corporate_office,"Lalitpur 44600, Nepal",27.6783275,85.3138963,1223.01,
ChIJfQCofEIZ6zkRLbel2DQC1OI,office,Brick Consult Pvt. Ltd,corporate_office,"M8MF+QH3, Lane 2, Lalitpur 44600, Nepal",27.6843823,85.32392100000001,1225.79,
ChIJYwy95DwZ6zkRWOrVbY_Xe60,office,Maitri Holdings Services Pvt Ltd,corporate_office,"Pulchowk Lalitpur -3, ललितपुर 44700, Nepal",27.6783833,85.3138851,1226.79,
ChIJDURolGYZ6zkRKkI16tnDK_E,office,RVWRMP,corporate_office,"M888+M28, Road, Lalitpur 44600, Nepal",27.6666504,85.31508029999999,1231.9,
ChIJTeFGBzgZ6zkRtxNBfXv1sYI,office,Tribal Ace pvt. Ltd,corporate_office,"Jana Ekta Marg, Kathmandu 44600, Nepal",27.6831706,85.33097409999999,1235.48,
ChIJ99nemEcZ6zkRaO9oC4rCV-o,office,Tech Pro Pvt Ltd,corporate_office,"M8M9+7JM, Sahid Sukraraj Marga, Lalitpur 44600, Nepal",27.683209800000004,85.3190467,1238.35,
ChIJJ6-fcwAZ6zkRODg8QRNZBic,office,Samakoshi,corporate_office,"M89P+593, Lalitpur 44600, Nepal",27.668014,85.33608699999999,1245.29,
ChIJL5BMexAZ6zkRUDMai35q6NE,office,SS Bhawan,corporate_office,"M89P+JM6, Lalitpur 44600, Nepal",27.6690257,85.33664739999999,1245.87,
ChIJqeihCgAZ6zkRKmuZUqD-Mig,office,Medi-Dent Enterprises,corporate_office,"M8CP+2VF, Lalitpur 44600, Nepal",27.6700374,85.3371739,1255.8,
ChIJkdrvHDIY6zkRdS6OmE0UGcU,office,IDMC Pvt. Ltd.,corporate_office,"M8C7+342, Ekantakuna Rd, Lalitpur 44600, Nepal",27.670126300000003,85.3127646,1258.69,
ChIJy6_T6k8Z6zkRuPNzxwbXgXw,office,KG Technologies pvt. ltd,corporate_office,"31 New Baneshwor Rd, Kathmandu 44600, Nepal",27.6632933,85.3307943,1260.38,
ChIJfzkbEzsZ6zkROKfu7NzK33w,office,Nepal Integral Mission Society,corporate_office,"Shri Shanta Marg, Kathmandu 44600, Nepal",27.6778077,85.3368835,1268.7,
ChIJ-_fQGm4Z6zkRHpB0ySsvfgI,office,DWOKO Nepal,corporate_office,"M8MJ+8JC, Kathmandu 44600, Nepal",27.6833041,85.331503,1273.93,
ChIJxfdvgC0Y6zkRVvJNzwBDHyE,office,NETTV Pvt. Ltd.,corporate_office,"Prera Business Complex, Lalitpur 44600, Nepal",27.6715412,85.3122081,1276.54,
ChIJj8eHt_EZ6zkRfiwFe-FVlks,office,BMS Nepal,corporate_office,"M8MF+XR5, Lane 1, Lalitpur 44600, Nepal",27.6848881,85.3246018,1278.02,
ChIJK20UmjIY6zkR-dlfm8TLhcs,office,स्टिल टावर (Steel Tower),corporate_office,"M8C6+4X6, Lalitpur 44600, Nepal",27.6702964,85.31239719999999,1288.17,
ChIJ1YEfu2cZ6zkRBUVoZ0Q2jcc,office,Lama Architects & Associates Pvt. Ltd,corporate_office,"21 Thasikhel Marga Uttar, Lalitpur 44700, Nepal",27.6638045,85.3176584,1288.86,
ChIJ2VcX8-oZ6zkRSDZgnveEaG0,office,Paramount Dc Tours and Travels,corporate_office,"Ganesh Marga, Kathmandu 44600, Nepal",27.6800262,85.3357453,1289.37,
ChIJX-uYqeEZ6zkRROSqRj0QB_E,office,Creative Ideas Nepal,corporate_office,"Shankhamul, Kathmandu 44600, Nepal",27.6839269,85.3305814,1293.14,
ChIJWZOmeCIZ6zkR18gHVbTOgqo,office,BN Engineering Consultancy,corporate_office,"Lalitpur 44600, Nepal",27.6846864,85.32182929999999,1293.24,
ChIJnSKNARcZ6zkRS3B38tnEj5o,office,JaguarLogistic,corporate_office,"Near, Steel Tower, ललितपुर 44600, Nepal",27.6702278,85.312332,1296.41,
ChIJ45jQIOYZ6zkRP2kEBlAvlDc,office,"Kathmandu Upatyaka Khanepani Ltd., Balkumari Branch",corporate_office,"44600 Ring Rd, Lalitpur 44700, Nepal",27.6707522,85.3378223,1296.57,
ChIJH5BKSgAZ6zkRAVohvegaS9k,office,Capital tree,corporate_office,"M887+XFJ, Damodar Marg, Lalitpur 44600, Nepal",27.6674561,85.31365,1298.51,
ChIJJ86VULYZ6zkRJKjCDDS8ziw,office,Himawanti Nepal,corporate_office,"M8MC+Q8V, Lalitpur 44600, Nepal",27.684486300000003,85.320793,1300.49,
ChIJryh-8eoZ6zkRxlaZP-khj3s,office,Poudel’s,corporate_office,"484, Ganesh Marga 31, M8JP+39 Plus code:, 31 Ganesh Marg, काठमाडौँ 44600, Nepal",27.6801143,85.3359332,1310.16,
ChIJqSCXJgAZ6zkRiGVZnGOq6XU,office,International Documents Hub Pvt Ltd,corporate_office,"Kathmandu 44600, Nepal",27.682833,85.33300589999999,1312.13,
ChIJ1cmVmEcZ6zkRd4QbgG9Kwlw,office,郭哥经常去的土建设计院,corporate_office,"Nepal, Kathmandu, 邮政编码:邮政编码: 44600",27.6828491,85.33299079999999,1312.67,
ChIJq0mYn20Z6zkRjSsPlfnGNn0,office,PA Group,corporate_office,"M8HP+HQJ, Kathmandu 44600, Nepal",27.678963300000003,85.33688719999999,1323.97,
ChIJq4G-MAAZ6zkRgIqGpTMBkJk,office,SEEPORT Consultancy,corporate_office,"M8MC+V64, Lalitpur 44600, Nepal",27.684660800000003,85.3205986,1325.03,
ChIJid2lXrYZ6zkRsAjZs6eO4E4,office,Air Zone Travel,corporate_office,"M8MC+R4Q, Lalitpur 44600, Nepal",27.6845975,85.3203613,1326.25,
ChIJ5eJfCD4Z6zkR13eUI9Wycwg,office,R K commercial,corporate_office,"M8JM+WHV, Kathmandu 44600, Nepal",27.6823621,85.3339326,1329.21,
ChIJtU4u2gYZ6zkRmFah3x5I6jQ,office,Asterisk Solutions Private Limited,corporate_office,"M88P+523, F072, Lalitpur, Nepal",27.6653997,85.33503449999999,1329.62,
ChIJtZIvTJMZ6zkRUxK2YZDR6L4,office,Medikoma Technologies Pvt. Ltd.,corporate_office,"Kathmandu 44600, Nepal",27.6829774,85.3331068,1330.94,
ChIJDc53HxcZ6zkRg7OFYjEfe-8,office,Grofatafat Pvt Ltd,corporate_office,"Maitri Marg, Lalitpur 44600, Nepal",27.6819616,85.31553919999999,1332.0,
ChIJIeaWAKQZ6zkRhIwzQZMjJmI,office,Youth Initiative,corporate_office,"Kathmandu 44600, Nepal",27.679152,85.3368665,1332.12,
ChIJW02IGQAZ6zkRjNPQ5GJ-CQo,office,LASA Nepal private limited,corporate_office,"P92H+W8X, Kageshwori Manohara 44600, Nepal",27.6627003,85.3311054,1333.05,
ChIJCw_yNT0Z6zkRcv9ddudNvOg,office,RDM Consultancy,corporate_office,"जनता सडक, Kathmandu 44600, Nepal",27.6790764,85.3369364,1334.16,
ChIJwR_vJQAZ6zkRjkKxx6AHnd8,office,Dhungedhara kathmandu,corporate_office,"M8MJ+JFJ, Nagarjun 44600, Nepal",27.6840965,85.33114429999999,1334.44,
ChIJOa0QYpoZ6zkR2fVHNDQPIho,office,Danphe Multipurpose private limited,corporate_office,"M86C+MMV, Talchikhel Mahalaxmi Marg, Lalitpur 44700, Nepal",27.6617471,85.32166629999999,1336.69,
ChIJCelr2TQY6zkRjGrPRdxF4hg,office,CG Square,corporate_office,"44600, ललितपुर 44600, Nepal",27.678535,85.3127036,1338.74,
ChIJL9riGwAZ6zkRywS9zL8RXCM,office,PROJECT ENGINEERING CONSULTANCY AND RESEARCH (P) LTD. (PRECAR),corporate_office,"Kathmandu 44600, Nepal",27.6846004,85.33003339999999,1340.43,
ChIJLW7uMdMZ6zkRm63RDHZovQk,office,MaDRA,corporate_office,"Damodar Marg, Lalitpur 44600, Nepal",27.6661587,85.3141146,1340.7,
ChIJj3nk2zQY6zkR9ZqUyU2sxvo,office,CG Holdings,corporate_office,"CG Towers, 358 Pulchowk Jhamsikhel Marg, Lalitpur 44600, Nepal",27.6785255,85.312635,1344.4,
ChIJ-Yx9PwAZ6zkRuMuc-JfjrKg,office,Kanchanjangha Tea Estate And Research Center Private Limited,corporate_office,"M86C+V2Q, Road, Lalitpur 44700, Nepal",27.6621245,85.3199523,1348.73,
ChIJK00WYSgZ6zkRFkqYo1QKYjE,office,Miracle Super Foods,corporate_office,"M887+P9Q, Lalitpur 44600, Nepal",27.6668314,85.3134831,1349.0,
ChIJjeP4ELwZ6zkRewYOQ8K_Sh4,office,Life Sciences Solutions,corporate_office,"M8GQ+R7W, Kathmandu 44600, Nepal",27.6770968,85.3380646,1350.59,
ChIJa9PEDHQZ6zkRK-kORQHFrTM,office,Paneru Home,corporate_office,"M8JP+79P, Dafechari Marg, Kathmandu 44600, Nepal",27.6807227,85.33596089999999,1352.03,
ChIJqyYUawAZ6zkR6LztnnUOhto,office,The Malla Incorporate Pvt Ltd,corporate_office,"M8JM+WQ2, Suruchi Marga, Kathmandu 44600, Nepal",27.6823118,85.33436789999999,1353.86,
ChIJ6_GA7-oZ6zkRTdsDl9pqw40,office,Bel Innovations Inc.,corporate_office,"Ganesh Marga, Kathmandu 44600, Nepal",27.680511,85.33623469999999,1359.83,
ChIJBbGyaC0Y6zkRX2luSmxrBbo,office,IMC Worldwide,corporate_office,"M896+MRR, Lalitpur 44600, Nepal",27.6692444,85.3120079,1360.31,
ChIJN9y9QwAZ6zkRkcHIcWfxTXM,office,Ghumte Engineering PVT.LTD,corporate_office,"M8MJ+R7F, Kathmandu 44600, Nepal",27.684555,85.33067539999999,1360.46,
ChIJhcDbWwAZ6zkRnC62UmE0Ruw,office,Treemia Trading,corporate_office,"10 Kupondole Rd, Lalitpur 44600, Nepal",27.684292900000003,85.3186779,1361.85,
ChIJg0zv900Z6zkRfoM1gI6xIwo,office,Sarbham Technology,,"Jwagal Madhu Marg, Lalitpur 44600, Nepal",27.6850239,85.32058440000002,1363.69,
ChIJFSaaM9MZ6zkRqJJKPWQpwFo,office,kusunti Youth Club,corporate_office,"13 Tyagal - Lalitpur Rd, ललितपुर 44600, Nepal",27.6661301,85.3138164,1366.17,
ChIJU03fNwAZ6zkR4WEOOyRinuA,office,Griha Engineering and Property Valuers Pvt. Ltd.,corporate_office,"Jwaagal, M8PC+388, ललितपुर 44600, Nepal",27.6851221,85.32082670000001,1366.68,
ChIJ-emEiycZ6zkRhgruJC8x-Oc,office,Dhungana Multipurpose,corporate_office,"Ring Rd, Lalitpur 44700, Nepal",27.6708092,85.338574,1367.41,
ChIJ6XcWRF4Z6zkR2MrNJPqmyuI,office,Fast Contact Construction Company,corporate_office,"M88P+453, Lalitpur, Nepal",27.6652507,85.335408,1368.1,
ChIJjwktDiwZ6zkRq3gVkBGq120,office,Ramailo Tech,corporate_office,"Harit Colony Street 3, Lalitpur 44600, Nepal",27.667771,85.3373594,1368.64,
ChIJERNJ8h8Z6zkRjF3-gEzlQgM,office,Swachchha Urja Bikas (SUB) Pvt. Ltd. (स्वच्छ ऊर्जा विकास प्रा.लि.),corporate_office,"Kathmandu 44600, Nepal",27.6851004,85.3205407,1373.13,
ChIJf5trbx0Z6zkRfWBJcIVR7b4,office,WINGS EDUCATION Pvt.Ltd.,corporate_office,"M8MM+96W, Madhya Marg, Kathmandu 44600, Nepal",27.6834772,85.3330928,1375.01,
ChIJuwlahEoZ6zkR-KIczg13jpQ,office,Friends in High Places,corporate_office,"210 Jhamsikhel Marg, Lalitpur 44600, Nepal",27.6783075,85.3121821,1375.13,
ChIJ22TJTQAZ6zkRVRvX61Omiog,office,NETTV Office,corporate_office,"74 Damodar Marg, Lalitpur 44700, Nepal",27.665515,85.3142168,1377.1,
ChIJn5KpWr8Z6zkRv9srCUUONTs,office,Bhaskar Herbaceuticals Pvt. Ltd.,corporate_office,"M8CQ+9FG, Lalitpur 44600, Nepal",27.670937,85.33871789999999,1378.37,
ChIJ87tuh9cZ6zkREYh5pLrCOsM,office,Apurba Engineering consultancy Pvt.Ltd.,corporate_office,"Balkumari Suspension Bridge, कोटेश्वर-३५, जनता सडक, काठमाडौँ 44600, Nepal",27.6759471,85.3387202,1380.45,
ChIJT9vPIwUZ6zkRpr0kfyLTvwI,office,Global Accounting Pvt. Ltd.,corporate_office,"Madhya Marg, Kathmandu Sankhamul, Kathmandu 00977, Nepal",27.6836479,85.3329582,1382.97,
ChIJO-HFDv0Z6zkRuQd0AwK6DEI,office,Attend Pvt Ltd,corporate_office,"3584 Yala Sadak, Lalitpur 44600, Nepal",27.6846733,85.3190554,1383.47,
ChIJ3Zo4-XUZ6zkR-LmpaHlXMfw,office,Organization Development Support,corporate_office,"Unnamed Road, M86C+GHW, ललितपुर 44700, Nepal",27.6613596,85.32145899999999,1383.5,
ChIJ1edGvS8Z6zkRHzMtmYCi4xM,office,崇教真光ネパール Sukyo Mahikari Nepal,corporate_office,"Sanchaykosh Building 2nd Floor, Lalitpur 44700, Nepal",27.6622092,85.3187993,1386.12,
ChIJZXxHAAAZ6zkRibFsVrxl1n8,office,Hive Trading and Sourcing Pvt. Ltd.,corporate_office,"Kathmandu 44600, Nepal",27.6842581,85.33200670000001,1390.6,
ChIJuTWOfVQZ6zkRhUV0vLQPqjo,office,Venturetwo,corporate_office,"M8P9+2XM, Kathmandu 44600, Nepal",27.6850868,85.3199293,1392.14,
ChIJc6SFXQAZ6zkRV3XbkgWLnQ4,office,CREATRIX TECHNOLOGOES,corporate_office,"Chettrapal Bhagvati Galli, Lalitpur 44600, Nepal",27.6850307,85.31975659999999,1392.53,
ChIJB2hW5aMZ6zkRazmiKJSsVUo,office,MY Trade Center,corporate_office,"M8HP+QWQ, Kathmandu 44600, Nepal",27.6794715,85.3373696,1392.65,
ChIJe2LAfg0Z6zkRvyQVQGnhSNI,office,Sam Events,corporate_office,"Bakhundole, Lalitpur 44600, Nepal",27.6823806,85.3151383,1392.92,
ChIJtS8ByywY6zkR-TgqeBTpa68,office,Kriyasheel Kreations,corporate_office,"Damodar Marg, Lalitpur 44600, Nepal",27.6659877,85.3135947,1393.14,
ChIJ7zU7i7YZ6zkRLmLQzm8mtZk,office,SubWay Nepal Engineering Consultancy,corporate_office,"M8PC+22R, Lalitpur 44600, Nepal",27.6851236,85.3200041,1393.34,
ChIJ8c6ij6kZ6zkR-xYoQ2KHlcU,office,Jugad production,corporate_office,"M8JP+9FW, Kathmandu 44600, Nepal",27.681059,85.3362099,1394.2,
ChIJB9l1yywY6zkRskZJNDCs9EA,office,Associate Travel,corporate_office,"M887+9CV, Lalitpur 44600, Nepal",27.6659812,85.31355479999999,1396.74,
ChIJs7kxfC0Y6zkRcmm70n9MnYM,office,Rural Access Program,corporate_office,"M896+WH6, Lalitpur 44600, Nepal",27.6697913,85.311406,1397.54,
ChIJQSNhfTYY6zkRipOaELuVADk,office,Build Up Nepal,corporate_office,"Kusunti Height, Ring Rd Uttar, ललितपुर 44700, Nepal",27.664507,85.31494289999999,1399.56,
ChIJ7eYgawAZ6zkRAxxMjEUUn-8,office,Benchmark Research and Training Associates,corporate_office,"Kathmandu 44600, Nepal",27.6795118,85.3374276,1399.82,
ChIJTTfBOgAZ6zkRC57h5wkcnpQ,office,ProCircle Business Consultants Pvt. Ltd.,corporate_office,"M8C6+J9F, Lalitpur 44600, Nepal",27.6715723,85.310935,1399.9,
ChIJD0PG0UsZ6zkR7PBBMGdOvFI,office,Botsplash Technologies Pvt. Ltd.,corporate_office,"Shanti Chok Marg, Lalitpur 44600, Nepal",27.6716932,85.31091219999999,1400.23,
ChIJ_e5LFAAZ6zkRUrR1YT_d-rY,office,Kupandole Jugwal Lalitpur,corporate_office,"M8P9+3XG, Jwagal Madhu Marg, Lalitpur 44600, Nepal",27.6851767,85.319958,1400.47,
ChIJh_u-JwAZ6zkRNI_22lv1Oic,office,Sekhai skill & language training center,corporate_office,"M8J8+X27, Bakhundole Marg, Lalitpur 44600, Nepal",27.6824128,85.3150586,1400.96,
ChIJpZa2EbUZ6zkRHC0x3mSybSI,office,Asteroid venture Pvt. Ltd.,corporate_office,"162 Kupondole Rd, Lalitpur 44700, Nepal",27.6832275,85.3160934,1401.19,
ChIJRU21MXAZ6zkRhZzgNMA0Drc,office,TechInherit Pvt. Ltd.,corporate_office,"M8MM+9G3, Shree Nagar Marg, Kathmandu 44600, Nepal",27.6833842,85.33378689999999,1407.55,
ChIJs29U6usZ6zkRmaXOUurkVS0,office,Basuki Trading Company,corporate_office,"M8HQ+684, Kathmandu 44600, Nepal",27.6780241,85.3383214,1408.97,
ChIJI68Yn5UZ6zkRzKqCukzeWRI,office,Tea City,corporate_office,"M887+8CJ, Damodar Marg, Lalitpur 44700, Nepal",27.6658344,85.3135198,1409.21,
ChIJ3ZFgBL8Z6zkR7j7QLXxMnCA,office,Jaya Buland Nirman Company,corporate_office,"M8MJ+WFQ, Kathmandu 44600, Nepal",27.6848409,85.3312246,1412.13,
ChIJpRdeZKMb6zkROO6EY3h012I,office,Mero Rating,corporate_office,"Kathmandu 44600, Nepal",27.6832283,85.3340841,1412.27,
ChIJq9iRyiwY6zkRoGUxKRiLVas,office,The Himalayan Connections,corporate_office,"M887+8C6, Damodar Marg, Lalitpur 44600, Nepal",27.6657843,85.31352260000001,1412.32,
ChIJScrEDVUY6zkRDWq4BwQYmww,office,Lucky Productions Pvt. Ltd.,corporate_office,"Mahalaxmisthan, Lalitpur-15, Kathmandu 44700, Nepal",27.6618226,85.3189475,1418.64,
ChIJB9U94NEZ6zkRWqo6pXTlKZ0,office,Dewdrop Water Treatment Services Pvt. Ltd.,corporate_office,"8 Ward, Lalitpur 44600, Nepal",27.6681664,85.338139,1418.74,
ChIJqbNlp0EZ6zkRxzn2d6jkUP8,office,Yashodhara Sadan,corporate_office,"Madhya Marg, Kathmandu 44600, Nepal",27.6846287,85.33186189999999,1419.68,
ChIJC2OZUQAZ6zkR7Bsu5tPXjgg,office,SCSS Consulting,corporate_office,"M8C6+Q7C, Lalitpur 44600, Nepal",27.6719577,85.3106631,1420.92,
ChIJfc46SAAZ6zkRGCMhSg-AGo0,office,Deu Ghar Pvt. Ltd.,corporate_office,"M8HQ+3F7, Sahyoginagar Marga, Kathmandu 44600, Nepal",27.6776733,85.3386645,1427.02,
ChIJy6NUnfMZ6zkRwgD1_PbtvAQ,office,代表处办公室,corporate_office,"03 Jhamsikhel Road, Lalitpur 44600, Nepal",27.6770875,85.3110995,1428.93,
ChIJMTbxl9YZ6zkRI3wEsHSaj3w,office,Cepad Hydro Consultants,corporate_office,"M869+R6M, Road, Lalitpur 44700, Nepal",27.6620789,85.3180344,1433.62,
ChIJmbFCOgAZ6zkRxjFdhTanEUw,office,Mabilung Energy,corporate_office,"M8M8+JM4, Kupondole Hts Rd, Lalitpur 44600, Nepal",27.6840044,85.31670199999999,1434.6,
ChIJgf40BQAX6zkRRJuBQ07lUzA,office,Shivani Biotech Pvt Ltd,corporate_office,"44600, Nepal",27.6640655,85.3350801,1436.23,
ChIJDfxyJuAZ6zkRcLxHMUHS5GQ,office,TATUS Pvt. Ltd,consultant,"Dautil Marg, Lalitpur 44600, Nepal",27.6619226,85.31826749999999,1438.18,
ChIJ3zCqbAAZ6zkR4u0QMTykO14,office,WELCOME HOUSE,corporate_office,"M8GQ+5Q8, Amaravati Marg, Kathmandu 44600, Nepal",27.675412100000003,85.3394486,1440.3,
ChIJ70VYaVcZ6zkR2kJwK4yZRz0,office,Tamrakar bhushan,corporate_office,"Kathmandu 44600, Nepal",27.684812500000003,85.3319375,1441.2,
ChIJ9_fVskQZ6zkRT8YQfcbxWTY,office,Collection Point (Hero Service Center),corporate_office,"M87M+FVQ, Lalitpur 44700, Nepal",27.6637122,85.3347477,1442.89,
ChIJlwPBWdcZ6zkRhqrdIvL7hlM,office,A7 Visuals,corporate_office,"M8M8+965, Bakhundole, Lalitpur 44600, Nepal",27.6833793,85.3156164,1443.99,
ChIJYbZoEAAZ6zkRPGEPURIx8QA,office,ROE Network,corporate_office,"M86G+4FG, Lalitpur 44700, Nepal",27.6604345,85.32602750000001,1445.24,
ChIJyUV4ZwAZ6zkRlNz0BohdbwQ,office,农业发展,corporate_office,"Nepal, Lalitpur, 邮政编码: 44600邮政编码: 44600",27.6717391,85.31043249999999,1446.39,
ChIJDxRHJBoZ6zkRUO_kCd5Cx1o,office,Marbs Creation,service,"M869+P94, Lalitpur 44700, Nepal",27.6617554,85.3184531,1446.46,
ChIJ4ydM3fQZ6zkRjJ_grjItyic,office,East China Hydropower Company,corporate_office,"M8C6+M5V, Lalitpur 44600, Nepal",27.6717264,85.3104329,1446.53,
ChIJS5pqt18Z6zkRzNn8XqLuTrE,office,sachidananda palace,corporate_office,"M88P+9RW, 44600, Nepal",27.6659915,85.33708109999999,1447.09,
ChIJi52AHwAZ6zkRa-dz4V_CIJA,office,Mobile Finance Technology Pvt. Ltd.,corporate_office,"10 Kupondole Rd, Lalitpur 44600, Nepal",27.6842453,85.31671279999999,1456.1,
ChIJMd56KqYZ6zkRvy-3O_IIXh8,office,NDA nepal dental association,corporate_office,"Road, Lalitpur 44600, Nepal",27.6737268,85.33980869999999,1458.74,
ChIJCR5rKXEZ6zkRcVUdN4qX2QQ,office,Alliance for Prosperity,corporate_office,"M8F6+X3G, Dhobighat Road, Lalitpur 44600, Nepal",27.6749386,85.3102186,1465.61,
ChIJe1s8QQAZ6zkRYvEltrxkYFw,office,Fewa Technologies,corporate_office,"M8M8+GC3, Lalitpur 44600, Nepal",27.6839745,85.3161143,1465.66,
ChIJMzdD1kIZ6zkRr2Lne0VfMoU,office,Nepa Hima Trade Link Pvt. Ltd.,corporate_office,"Bakhundol, Lalitpur 44600, Nepal",27.6826262,85.3143127,1469.7,
ChIJkZLwBQAZ6zkRwlHlJ3WnAU0,office,Lalitpur Dolahiti,corporate_office,"M878+3F6, Ring Rd, Lalitpur 44700, Nepal",27.6626629,85.3161552,1477.88,
ChIJXSCsN8oZ6zkRT8oypIwepcc,office,JB BUILDING,corporate_office,"M8MP+72V, पर्‍गतिनगर मार्ग, Kathmandu 44600, Nepal",27.6832787,85.3350696,1479.8,
ChIJNySkljMY6zkR0LeUTx4ygtk,office,ICT For Agri Pvt. Ltd,corporate_office,"M8F6+V2C, Lalitpur 44600, Nepal",27.6746834,85.3100212,1481.92,
ChIJ7VVsldEZ6zkRj3PdmWylBaQ,office,Jagat,corporate_office,"Lalitpur 44700, Nepal",27.6629815,85.3156101,1482.29,
ChIJ7QX-Rq8Z6zkRWL3g-avUG-0,office,SEWAJ,corporate_office,"Unnamed Road, Kathmandu 44600, काठमाडौँ 44600, Nepal",27.6789559,85.33870259999999,1484.04,
ChIJC5be0xEZ6zkRsBGziFloHZQ,office,Rhombus Engineering Solutions Pvt. Ltd,corporate_office,"Pragati Nagar Road, Kathmandu 44600, Nepal",27.6830706,85.3353941,1484.55,
ChIJlxO_t4oZ6zkRNv9BQx1j-Wk,office,Lotus Bioscience Nepal Pvt Ltd,corporate_office,"Lalitpur-15, ललितपुर 44700, Nepal",27.6605624,85.3291517,1484.88,
ChIJa30t8rgZ6zkR5IBbxEmays4,office,Celltronic Telesolutions,corporate_office,"M878+47X, Lalitpur 44700, Nepal",27.6628538,85.3157432,1485.34,
ChIJpZa2EbUZ6zkR2Ziyp9gfJI8,office,My 🏠,corporate_office,"Near Paradise Man power 138/39, 162 Kupondole Rd, Lalitpur 44700, Nepal",27.6838321,85.3154656,1492.33,
ChIJCyCYSgEZ6zkRYYp7Hop_RtA,office,National Institute of Contemporary Studies,corporate_office,"M8M8+G4Q, Lalitpur 44600, Nepal",27.6838301,85.3153502,1499.33,
ChIJC4IQQQAZ6zkRT8dyR8ETfag,office,Cosmic Innovation Center (CIC),corporate_office,"M8M8+H6J, Lalitpur 44600, Nepal",27.6839598,85.31552719999999,1499.61,
ChIJmVuXvUYZ6zkROBaLPdoZ_FM,parking_space,Gabahal Cycle Parking,parking,"Gabahal Rd, Lalitpur 44700, Nepal",27.6741671,85.3209249,410.26,"parking, transportation_service, point_of_interest, establishment"
ChIJNVdUYqAZ6zkRpfzvvHSxWdo,parking_space,Homelink Car Parking Solution,parking_garage,"M8C9+HJH, Yala Sadak, Lalitpur 44600, Nepal",27.671426500000003,85.3191121,619.95,"parking_garage, parking_lot, parking, transportation_service, point_of_interest, service, establishment"
ChIJ64-QXTMZ6zkRpNwamPI_8Ko,parking_space,Patan Cycle Parking,parking,"Patan Hospital Bus Stop, M89C+7JR, ललितपुर 44700, Nepal",27.6682425,85.3215274,667.71,"parking, transportation_service, point_of_interest, establishment"
ChIJU2T0WQAZ6zkRG8N2OBw9Fis,parking_space,Ashik dent & paint,parking_garage,"M8HG+JX3, Sankhamul - Balkumari Rd, Lalitpur 44600, Nepal",27.6790217,85.3274184,668.93,"parking_garage, parking_lot, parking, transportation_service, point_of_interest, service, establishment"
ChIJO95LWgAZ6zkRiAzxHrAtjKE,parking_space,patan hospital parking,parking,"M89C+CH4, Lalitpur, Nepal",27.668412900000003,85.3211901,669.54,"parking, transportation_service, point_of_interest, establishment"
ChIJ-YVGJgAZ6zkR34aEUSGgau0,parking_space,Parking lot falcha pharmacy,parking_lot,"Yashodhara Marg, Lalitpur 44700, Nepal",27.6671403,85.3236336,708.93,"parking_lot, parking, transportation_service, point_of_interest, service, establishment"
ChIJNdD3FoYZ6zkRlF02qEbIotc,parking_space,Patan Dhoka Cycle Parking,parking,"Lalitpur 44700, Nepal",27.6787198,85.3207039,727.24,"parking, transportation_service, point_of_interest, establishment"
ChIJC6tHFZAZ6zkR6Oo4naarSJg,parking_space,Karmacharya Sanchaya Kosh Parking Lot,parking_lot,"Lagankhel Wet Market, Lalitpur 44700, Nepal",27.6672519,85.32136349999999,771.76,"parking_lot, parking, transportation_service, service, point_of_interest, establishment"
ChIJ9clRDQAZ6zkRFn0vP6cFZzs,parking_space,Phanetanku,parking_lot,"J9V2+CX6, Lalitpur 44700, Nepal",27.6755674,85.3326462,790.58,"parking_lot, parking, transportation_service, service, point_of_interest, establishment"
ChIJuSgpAgAZ6zkR65sqZfAJZtY,parking_space,Nepal College of Information Technology,parking_lot,"M8GM+26R, Lalitpur 44600, Nepal",27.6751217,85.3330053,811.23,"parking_lot, parking, transportation_service, service, point_of_interest, establishment"
ChIJx_D-IAAZ6zkR1z8pM9E83UA,parking_space,Maa Banglamukhi Auto Home,parking_lot,"M8JG+74J, Lalitpur 44600, Nepal",27.6807138,85.3252527,813.64,"parking_lot, parking, transportation_service, point_of_interest, service, establishment"
ChIJvQmClwIZ6zkR_9TrdZ1llQM,parking_space,Arseazam,parking_lot,"M8JG+74J, Lalitpur 44600, Nepal",27.6807138,85.3252527,813.64,"parking_lot, parking, transportation_service, point_of_interest, service, establishment"
ChIJd4k0pBsZ6zkRIx5F7pucYEs,parking_space,Om Auto Servicing Center,parking_lot,"M88J+V2J, Lukushi, Lalitpur 44700, Nepal",27.6671676,85.32998780000001,849.43,"parking_lot, parking, transportation_service, service, point_of_interest, establishment"
ChIJg8CksuoZ6zkRffkTVP_eLy8,parking_space,Lagankhel Cycle Parking,parking,"M88C+FRQ, लगनखेल थुर मार्ग, Lalitpur 44700, Nepal",27.6661764,85.3221222,851.76,"parking, transportation_service, point_of_interest, establishment"
ChIJTzQxV2cZ6zkROvj_nGAlkYY,parking_space,Lalitpur Metropolitan Free Parking,parking,"M8G8+MQM, Gabahal Rd, Lalitpur 44600, Nepal",27.6766639,85.31704409999999,863.43,"parking, transportation_service, point_of_interest, establishment"
ChIJj_efMwAZ6zkREi-fZZibUnk,parking_space,Mahalaxmi Autohub,parking_lot,"M88G+69H, Lalitpur 44700, Nepal",27.6655629,85.3259903,876.89,"parking_lot, parking, transportation_service, point_of_interest, service, establishment"
ChIJqZ3RSAAZ6zkRBX0g-FCcLGY,parking_space,Ridhi Ganesh Car Parking & EV fast charging Station & Recondition,parking_lot,"Lalitpur 44700, Nepal",27.6669773,85.3195033,896.13,"parking_lot, parking, transportation_service, service, point_of_interest, establishment"
ChIJZ4xtf8wZ6zkRN20XIg9oznI,parking_space,Bhatbhateni Bicycle Parking,parking,"M8H9+VM8, Lalitpur 44600, Nepal",27.679657400000004,85.31921469999999,899.26,"parking, transportation_service, point_of_interest, establishment"
ChIJ31GXD2YZ6zkRSvDZVmkwCR4,parking_space,Pulchowk Cycle parking,parking,"1873 Satyamohan Joshi Marg, Lalitpur 44600, Nepal",27.6767888,85.31665629999999,903.92,"parking, transportation_service, point_of_interest, establishment"
ChIJgzWDuCgZ6zkRUPaRQ0AG_FM,parking_space,Mahanagar Bus Park,parking_garage,"9 Sankhamul - Balkumari Rd, Lalitpur 44600, Nepal",27.6778948,85.3329374,927.76,"parking_garage, parking_lot, parking, transportation_service, point_of_interest, service, establishment"
ChIJI2kLZgAZ6zkRsxDfx0NYw6E,parking_space,WorldLink HO Parking,parking_lot,"M8F7+4XG, Lalitpur 44600, Nepal",27.6728247,85.31496469999999,990.3,"parking_lot, parking, point_of_interest, transportation_service, service, establishment"
ChIJM9pg0twZ6zkRhk8y4KshjYo,parking_space,B&B Car Parking Lot,parking_lot,"M88H+2XP, Lalitpur 44700, Nepal",27.6650865,85.32996419999999,1045.73,"parking_lot, parking, transportation_service, service, point_of_interest, establishment"
ChIJh0nDN54Z6zkR_RlVvqkEJuM,parking_space,Parking @ Pulchowk,parking_lot,"M8J9+VX6, Lalitpur 44600, Nepal",27.6821521,85.3199042,1094.94,"parking_lot, parking, transportation_service, service, point_of_interest, establishment"
ChIJRxa0DQAZ6zkRkubzafFYfpI,parking_space,B and B hospital parking,parking,"M87H+QXF, Lalitpur 44700, Nepal",27.6644467,85.3299258,1107.45,"parking, transportation_service, point_of_interest, establishment"
ChIJlTlwBAAZ6zkRQdFILbIX0AE,parking_space,Helicopter Parking,parking_lot,"M8J9+WV4, Lalitpur 44600, Nepal",27.6822594,85.3196926,1115.17,"parking_lot, parking, transportation_service, service, point_of_interest, establishment"
ChIJNX822tkZ6zkR9AEflQScFbs,parking_space,Jawalakhel Cycle Parking,parking,"Zoo Rd, Lalitpur 44600, Nepal",27.6731906,85.3127301,1208.51,"parking, transportation_service, point_of_interest, establishment"
ChIJ1-gJVwAZ6zkRV9KYFRjZKUk,parking_space,My home kk,parking_lot,"M87H+488, Lalitpur 44700, Nepal",27.6627875,85.3283281,1224.73,"parking_lot, parking, transportation_service, point_of_interest, service, establishment"
ChIJOS3BHx4Z6zkRDy7d87DeIOs,parking_space,NEW PLANET,parking_lot,"M87J+9F4, Lalitpur 44700, Nepal",27.6633951,85.3311993,1269.0,"parking_lot, parking, transportation_service, point_of_interest, service, establishment"
ChIJgX2ASAAZ6zkRVE5vNNCbgIg,parking_space,Jhamsikhel paid parking,parking_lot,"M8G7+847, Jhamsikhel Road, Lalitpur 44600, Nepal",27.6760281,85.3123952,1275.18,"parking_lot, parking, transportation_service, point_of_interest, service, establishment"
ChIJee-jNAAZ6zkR6azK9nl2wrc,parking_space,UN park parking,parking,"M8MG+X9H, Park Ln, Lalitpur 44600, Nepal",27.6850411,85.3259467,1297.78,"parking, transportation_service, point_of_interest, establishment"
ChIJpXJxaAAZ6zkRuNHk2q7EjKY,parking_space,Mahalaxmisthan park,park_and_ride,"M879+3HG, Lalitpur 44700, Nepal",27.6629533,85.31864809999999,1319.34,"park_and_ride, parking, transportation_service, point_of_interest, establishment"
ChIJMVJLBgAZ6zkRjZ0NB7CI2uQ,parking_space,Sandar momo parking,parking,"M8MM+9C7, Shree Nagar Marg, Kathmandu 44600, Nepal",27.6834001,85.3335333,1393.75,"parking, transportation_service, point_of_interest, establishment"
ChIJC8k246IZ6zkRmd-AtLbXSGc,parking_space,Bus station,park_and_ride,"M88P+3GF, Imadol Marg, 44700, Nepal",27.6651715,85.3362434,1436.36,"park_and_ride, parking, transportation_service, point_of_interest, establishment"
ChIJQ1IH474Z6zkRcDKVVUufOuc,parking_space,DDI Banquet&Event Management,banquet_hall,"M8PJ+385, मध्य मार्ग, Kathmandu 44600, Nepal",27.685461000000004,85.331092,1469.17,"banquet_hall, parking, event_venue, transportation_service, point_of_interest, establishment"
ChIJ_2sv7MUZ6zkRb1uD1-6Iuhk,recreation,Golden Temple Singing Bowls and Healing Center,spa,"Lalitpur 44600, Nepal",27.675123,85.3248364,192.27,"spa, yoga_studio, fitness_center, gym, sports_complex, sports_school, sports_activity_location, health, point_of_interest, establishment"
ChIJtQYdOgAZ6zkRyObmoxGdLxI,recreation,Ilanani,park,"M8GF+5P6, Lalitpur 44700, Nepal",27.6753346,85.3243732,223.8,"park, point_of_interest, establishment"
ChIJyaurDQAZ6zkRzAAPvNeAxIM,recreation,Saugal ground,playground,"M8CG+FQW, Lalitpur 44600, Nepal",27.670892,85.3269126,336.52,"playground, point_of_interest, establishment"
ChIJFbiadgAZ6zkRe14Kr0YWHqs,recreation,Spark Fitness,gym,"M8FC+HH4, Gabahal Rd, Lalitpur 44600, Nepal",27.67388,85.32145609999999,353.04,"gym, health, sports_activity_location, point_of_interest, establishment"
ChIJ_4tmKQAZ6zkRMMQQuqI2H_E,recreation,Banglamukhi playground,playground,"M8GG+9WQ, Kwalakhu Rd, Lalitpur 44600, Nepal",27.676146400000004,85.3271011,368.88,"playground, point_of_interest, establishment"
ChIJw2ljAAAZ6zkROCWrKRedZdM,recreation,Chyasal youth club Lalitpur,sports_complex,"M8FH+X96, Chyasal Belachhen Road, Lalitpur 44600, Nepal",27.674883,85.3285641,387.78,"sports_complex, sports_activity_location, point_of_interest, establishment"
ChIJATyzvawZ6zkRrCy9UcbIYhs,recreation,Guppy Nepal,sports_complex,"Patan 44700, Nepal",27.6701125,85.3275,440.73,"sports_complex, sports_activity_location, point_of_interest, establishment"
ChIJOzKV8S4Z6zkR1OLMXKtHSTs,recreation,JBL SNOOKER AND RESTAURANT,sports_complex,"Pimbahal Rd, Lalitpur 44600, Nepal",27.6761046,85.32161699999999,448.8,"sports_complex, sports_activity_location, event_venue, point_of_interest, establishment"
ChIJ-ZknE9AZ6zkR8aGmxTctT0o,recreation,UNITY SNOOKER AND POOL HOUSE,sports_complex,"M89F+H7R, Prayag Pokhari Marg, Lalitpur 44700, Nepal",27.668992,85.323149,522.94,"sports_complex, event_venue, sports_activity_location, point_of_interest, establishment"
ChIJJ3sI5pEZ6zkR4nVEMB66mt8,recreation,Maharjan Snooker and Pool House,sports_complex,"Lalitpur 44600, Nepal",27.6777305,85.3227835,528.69,"sports_complex, sports_activity_location, event_venue, point_of_interest, establishment"
ChIJef5gegAZ6zkRPALmXvzr0lE,recreation,Yogalates N Dance Studio,yoga_studio,"M8C9+QWR, Lalitpur 44700, Nepal",27.6719916,85.319779,537.46,"yoga_studio, fitness_center, sports_complex, gym, sports_activity_location, sports_school, health, point_of_interest, establishment"
ChIJ79X9Nd8Z6zkR-bK3Y4HaYX4,recreation,Pro Bodybuilding and Fitness,gym,"M8CC+848, Lalitpur 44600, Nepal",27.6707875,85.3203281,544.11,"gym, sports_activity_location, health, point_of_interest, establishment"
ChIJq6q6WsYZ6zkR7nAokqSrVMc,recreation,Children's Park,park,"M8HG+99W, Lalitpur 44600, Nepal",27.6784964,85.3259392,574.19,"park, point_of_interest, establishment"
ChIJW0_YDwAZ6zkRbtDSXGmvMVM,recreation,Imukhel Bal Udhyan,park,"M8HG+9GV, Lalitpur 44600, Nepal",27.6784968,85.3261163,577.3,"park, point_of_interest, establishment"
ChIJ36NJe6kZ6zkRrL7iLvCvoPo,recreation,Creative Futsal,sports_complex,"M8GH+R9J Home, Sankhamul - Balkumari Rd, Lalitpur 44600, Nepal",27.677166300000003,85.3290574,578.81,"sports_complex, sports_activity_location, point_of_interest, establishment"
ChIJ5_R1DgAZ6zkRAJrbLmw4X1w,recreation,Chyasa Dekwo SADAK,playground,"M8FJ+JC6, Lalitpur 9, Nepal",27.6740371,85.3310285,597.87,"playground, point_of_interest, establishment"
ChIJT-s9mHAZ6zkRmfB39e7UIWk,recreation,Aqua Treasures,sports_complex,"6 Prayag Pokhari, Lalitpur 44600, Nepal",27.6680298,85.3262068,608.85,"sports_complex, sports_activity_location, point_of_interest, establishment"
ChIJLVd65ToZ6zkRZNNFEkVjkXw,recreation,Gainz Garage,gym,"Lalitpur, Nepal",27.6690053,85.3206664,648.78,"gym, sports_activity_location, health, point_of_interest, establishment"
ChIJSbpc26QZ6zkR6IqCmsKw5Jg,recreation,Kings gym and fitness,gym,"5 Kumaripati - Mahalaximisthan Rd, Lalitpur 44700, Nepal",27.6712037,85.3188047,657.15,"gym, sports_activity_location, health, point_of_interest, establishment"
ChIJY8vsdwAZ6zkRhgdFkqPyEw4,recreation,Advance Academy Futsal,playground,"M8C9+9F, Lalitpur 44600, Nepal",27.670927100000004,85.31889989999999,660.66,"playground, point_of_interest, establishment"
ChIJEybgNAAZ6zkRMDAKefae_64,recreation,Laxmj,gym,"M89F+426, Lalitpur 44700, Nepal",27.6678229,85.3225654,664.88,"gym, sports_activity_location, health, point_of_interest, establishment"
ChIJswXsbAAZ6zkR_iDwCIFALj8,recreation,LastMan,gym,"M8G9+2CJ, Lalitpur 44700, Nepal",27.675085400000004,85.31851859999999,665.2,"gym, sports_activity_location, health, point_of_interest, establishment"
ChIJx7b7iXEZ6zkRpG_wruu5Jf8,recreation,Energym,fitness_center,"Shankhamul Brg, Lalitpur 44600, Nepal",27.6784018,85.3287969,670.17,"fitness_center, gym, sports_activity_location, health, point_of_interest, establishment"
ChIJ1erET5IZ6zkRp18Ns316djQ,recreation,Shape well Fitness Center,fitness_center,"Dathulan Rd, Lalitpur 44600, Nepal",27.6789964,85.327838,682.16,"fitness_center, gym, sports_activity_location, health, point_of_interest, establishment"
ChIJKbBbC2wZ6zkRyPFtNKOomuc,recreation,Titan Gym & Fitness,fitness_center,"M8C9+P75, Lalitpur 44600, Nepal",27.6717692,85.31823899999999,690.05,"fitness_center, gym, sports_activity_location, health, point_of_interest, establishment"
ChIJ-TbUsmsZ6zkRDiDufXmeWQs,recreation,GK Boutique Gym,gym,"20 Satyamohan Joshi Marg, Lalitpur 44600, Nepal",27.675713800000004,85.31841059999999,698.03,"gym, health, sports_activity_location, point_of_interest, establishment"
ChIJ0UYlD2oZ6zkRfg36Sc1QEUs,recreation,Timeout,sports_bar,"Lalitpur 44600, Nepal",27.6694721,85.31934749999999,707.54,"sports_bar, cafe, sports_complex, bar, sports_club, sports_activity_location, association_or_organization, food, point_of_interest, establishment"
ChIJ3XchgvgZ6zkRqc5VmgHqm0k,recreation,GK Royal Group,gym,"patan, M8G9+QGH, काठमाडौँ 44700, Nepal",27.6769375,85.31886229999999,721.13,"gym, health, sports_activity_location, point_of_interest, establishment"
ChIJi87v15oZ6zkR7xh1rRtOQKs,recreation,Nine Point GYM,gym,"Lalitpur 44600, Nepal",27.6742233,85.3176811,726.52,"gym, sports_activity_location, health, point_of_interest, establishment"
ChIJD4o1P8wZ6zkRp8vWpD2Q21k,recreation,Ward Health Implementation Committee,fitness_center,"M8F9+M2Q, नाग: गा, Lalitpur 44700, Nepal",27.6742202,85.317601,734.3,"fitness_center, gym, sports_activity_location, health, point_of_interest, establishment"
ChIJk0I80jQY6zkRgCoATXpUUGg,recreation,Hardik Fitness Club,fitness_center,"पुल्‍चोक पुल्‍चोक ३ पाटन, Lalitpur 44700, Nepal",27.6773084,85.31894779999999,737.61,"fitness_center, gym, health, sports_activity_location, point_of_interest, establishment"
ChIJayiBx80Z6zkRid_2UcPsXe0,recreation,Gold's Gym,gym,"Taphalhon Marg, Lalitpur 44600, Nepal",27.6722946,85.31751179999999,747.58,"gym, sports_activity_location, health, point_of_interest, establishment"
ChIJkcEdAgAZ6zkRInIEGb6l-cA,recreation,Maharjan Gym,gym,"M8C8+VXW, Lalitpur 44600, Nepal",27.6722342,85.3174659,753.17,"gym, sports_activity_location, health, point_of_interest, establishment"
ChIJ9xTzVwAZ6zkRLrviyu6XY_0,recreation,Freedom Fitness Center,gym,"M8HG+XRJ, Lalitpur 44600, Nepal",27.6799765,85.3268731,754.18,"gym, sports_activity_location, health, point_of_interest, establishment"
ChIJDcShjdwZ6zkR8MjdTbcw8XE,recreation,scientific yog center,gym,"M89J+933, Lalitpur 44600, Nepal",27.6683941,85.3301779,754.88,"gym, sports_activity_location, health, point_of_interest, establishment"
ChIJ-US5msEZ6zkRCA9DTUgcccE,recreation,Eleven star Club,gym,"M8HH+V88, Lalitpur 44600, Nepal",27.6796677,85.3283295,770.2,"gym, sports_activity_location, health, point_of_interest, establishment"
ChIJB5eOZQAZ6zkRtdZZYCSvZkE,recreation,Dhobighat,gym,"M8C8+RW6, Ring Rd, Lalitpur 44700, Nepal",27.6720254,85.31725899999999,777.47,"gym, sports_activity_location, health, point_of_interest, establishment"
ChIJD9RlWAAZ6zkRDmgA9X-I5WI,recreation,The Gentleman’s Break,sports_complex,"Chyasal-9, ललितपुर 44600, Nepal",27.676343000000003,85.332178,778.92,"sports_complex, sports_activity_location, event_venue, point_of_interest, establishment"
ChIJMX-bdHkZ6zkRJ0PDVEaW34w,recreation,Shoonya Yogalaya,yoga_studio,"Khatal Manidwan Marg, Lalitpur 44600, Nepal",27.6803954,85.32595529999999,783.52,"yoga_studio, fitness_center, sports_school, gym, sports_complex, sports_activity_location, health, point_of_interest, establishment"
ChIJ9bWmfwAZ6zkR23v5WEJiFLs,recreation,Maa Banglamukhi Skate Park,skateboard_park,"M8GM+53J, Lalitpur 44600, Nepal",27.6754668,85.33264009999999,786.67,"skateboard_park, sports_complex, sports_activity_location, point_of_interest, establishment"
ChIJXVX1fQAZ6zkRr6JYkMOzcXg,recreation,Chyasa Dekwo Sadak,skateboard_park,"9 chysa Dekwo sadak, Lalitpur 44600, Nepal",27.6767472,85.3320444,787.23,"skateboard_park, sports_complex, sports_activity_location, point_of_interest, establishment"
ChIJMWQEbQAZ6zkRFk-qSazciGE,recreation,LMC Park,park,"M8G9+C2P Tourist Buspark, Tripadma School Rd, Lalitpur 44600, Nepal",27.6760849,85.3175909,788.32,"park, point_of_interest, establishment"
ChIJx0PeBQAZ6zkRzfhyiDyTkFI,recreation,The Gentlemans’s Break,sports_complex,"Chyasal-9, ललितपुर 44600, Nepal",27.6763008,85.332335,791.05,"sports_complex, sports_activity_location, event_venue, point_of_interest, establishment"
ChIJ0zbTsooZ6zkR5_zPjmjdPks,recreation,Bagmati NRNA Park,park,"Sankhamul - Balkumari Rd, Lalitpur 44600, Nepal",27.6779553,85.3311736,791.3,"park, point_of_interest, establishment"
ChIJAelDGc4Z6zkRNe8PYYg4BJM,recreation,Kumari fitness center . lalitpur.kanibahal,gym,"लगनखेल रोड, Lalitpur 44600, Nepal",27.6668499,85.32814139999999,791.31,"sports_complex, gym, sports_activity_location, sports_school, health, point_of_interest, establishment"
ChIJ81jnTAAZ6zkRlPyHygdGHQw,recreation,K.T.M. Skating & Entertainment Park Pvt. Ltd.,sports_complex,"M89J+65G, Lalitpur 44700, Nepal",27.6680832,85.330444,798.08,"sports_complex, event_venue, sports_activity_location, point_of_interest, establishment"
ChIJ2U6NUwAZ6zkRvtVE8NLyvjM,recreation,flower nursery,park,"M899+3W8, Lalitpur 44700, Nepal",27.6676641,85.31983629999999,815.71,"park, point_of_interest, establishment"
ChIJj3wbdQAZ6zkRqO60-d3aQuY,recreation,Park बगैँचा,park,"M8C8+QM3, Lalitpur 44600, Nepal",27.6718051,85.3167772,828.94,"park, point_of_interest, establishment"
ChIJUS5EjWkZ6zkR4ShQVhD8Xg8,recreation,Mind And Motion Pilates Studio,gym,"Lalitpur 44600, Nepal",27.6730892,85.3165487,832.96,"sports_school, sports_complex, gym, sports_activity_location, health, point_of_interest, establishment"
ChIJ92wZ_fAZ6zkRiazcBgJo4oU,recreation,Yala Sports,sports_complex,"Pinchhen-07, Lalitpur 44700, Nepal",27.6699625,85.33256449999999,837.27,"sports_complex, athletic_field, sports_club, association_or_organization, sports_activity_location, point_of_interest, establishment"
ChIJcUHP-FMZ6zkRq-I2r6Hyxog,recreation,lagankhel,park,"M88C+GV8, Lalitpur 44700, Nepal",27.6662809,85.3222121,837.87,"park, point_of_interest, establishment"
ChIJXfOU70gZ6zkRFK3VOIM0Lis,recreation,NAMUNA PLAYGROUND,playground,"M88F+87Q, Lalitpur 44700, Nepal",27.6658417,85.32323029999999,858.32,"playground, point_of_interest, establishment"
ChIJF4OFwX0Z6zkRJ_WuE3fYwWY,recreation,Sankhamul Park,park,"Kathmandu 44600, Nepal",27.6788887,85.3312256,865.05,"park, point_of_interest, establishment"
ChIJ_32WusIZ6zkRkB_6NpC7IYk,recreation,Guita Open Garden,park,"M8CM+JC7, Lalitpur 44600, Nepal",27.6715494,85.33356049999999,867.76,"park, point_of_interest, establishment"
ChIJR16KDQAZ6zkRTLLqpAiyjuI,recreation,Tutu's World (Labim Mall),playground,"M8G8+VR4, Gabahal Rd, Lalitpur 44600, Nepal",27.6771375,85.3170736,884.29,"playground, point_of_interest, establishment"
ChIJl5oARdQZ6zkRWPmz9lAaAdo,recreation,One tall tree,park,"10 Patandhoka Road, Lalitpur 44600, Nepal",27.680628,85.32123940000001,884.93,"park, point_of_interest, establishment"
ChIJS6UYXQAZ6zkRLhKT0kdtG8U,recreation,MINI PARK P3,park,"M8JH+5MF, Shankhamul Planning Cross 1, Lalitpur 44700, Nepal",27.6804492,85.3291811,885.39,"park, point_of_interest, establishment"
ChIJzb1FTwAZ6zkRiUSMbO_1x7Y,recreation,Mahima anshu sankhamul park,park,"M8HJ+FPP, Kathmandu 44600, Nepal",27.678723,85.33182950000001,895.89,"park, point_of_interest, establishment"
ChIJeQ46SwAZ6zkRIROxchBF19k,recreation,MINI PARK P3,park,"M8JH+8F5, Shankhamul Planning Cross 3, Lalitpur 44600, Nepal",27.6807503,85.3287332,896.18,"park, point_of_interest, establishment"
ChIJ36jNvsIZ6zkRRf_d0UvHmps,recreation,Om snooker house,playground,"Sinchahiti Water Stone Spout, Lalitpur 44700, Nepal",27.6661247,85.3289662,898.33,"playground, point_of_interest, establishment"
ChIJe6gBbgAZ6zkRXZ3XcLVRExA,recreation,Aakriti Sports and Shoe Center,sports_complex,"M88C+F98, Mahalaxmisthan Rd, Lalitpur 44700, Nepal",27.666157,85.3209425,899.06,"sports_complex, sports_activity_location, point_of_interest, establishment"
ChIJE__pcwAZ6zkRBQjzWKJc4ro,recreation,Sankhamul Planning Cross 4,playground,"M8JH+99F, Kathmandu 44600, Nepal",27.6809332,85.3284264,903.05,"playground, point_of_interest, establishment"
ChIJ_S_6FgAZ6zkRqaP_HGuTQNI,recreation,Fitness Sarthi,health,"M8G8+FHW, Lalitpur 44600, Nepal",27.6762743,85.316401,905.09,"fitness_center, gym, sports_activity_location, health, point_of_interest, establishment"
ChIJq-n6RbwZ6zkRjXje-c2c7vo,recreation,Jhanakhya Metro Park झनाख्यः मेत्रो पार्क,park,"M8G8+JJC, Lalitpur 44600, Nepal",27.6765719,85.31649999999999,908.3,"park, point_of_interest, establishment"
ChIJSyvYlXUZ6zkREY_RRuFlGLg,recreation,Pulchowk Gym Hall,gym,"M8JF+JC2, Lalitpur 44600, Nepal",27.6814895,85.3235062,911.46,"gym, sports_activity_location, health, point_of_interest, establishment"
ChIJ--ZBMNkZ6zkRoO0PP2EmBrQ,recreation,Lalitpur Metro Park,park,"M8G8+MJ2 Jhanakhya Metro Park झनाख्यः मेत्रो पार्क, Lalitpur 44600, Nepal",27.676775300000003,85.3164651,920.46,"park, point_of_interest, establishment"
ChIJGUZiNGUZ6zkR105ICZPV_L0,recreation,Butterfly square,park,"Lalitpur 44600, Nepal",27.673398,85.31560300000001,925.37,"park, point_of_interest, establishment"
ChIJT6JhEEMZ6zkR_LZzfiBBuS0,recreation,Bajra Power Gym,gym,"Batuk bhairav, Lalitpur 44700, Nepal",27.6650195,85.32541959999999,932.78,"gym, sports_activity_location, health, point_of_interest, establishment"
ChIJzTpvkeMZ6zkR-hhsW73p0Rc,recreation,"Namah Yoga Studio at Patandhoka, Nepal",yoga_studio,"M8H9+XF3, Krishna Galli Marg, Lalitpur 44600, Nepal",27.6798823,85.3186618,953.47,"yoga_studio, fitness_center, gym, sports_complex, sports_school, health, sports_activity_location, point_of_interest, establishment"
ChIJ6Q-UIcgZ6zkRpn8rk_N3How,recreation,IOE Basketball Court,playground,"M8JF+P28, Lalitpur 44600, Nepal",27.6817921,85.3225701,963.35,"playground, point_of_interest, establishment"
ChIJk5zvAOoZ6zkRalLvBY6daMY,recreation,National Sports Centre Pvt. Ltd.,swimming_pool,"M8GM+26R, Lalitpur 44600, Nepal",27.6770538,85.3338971,965.75,"swimming_pool, skateboard_park, sauna, athletic_field, fitness_center, sports_complex, gym, spa, sports_activity_location, public_bath, sports_club, association_or_organization, health, point_of_interest, establishment"
ChIJX0OneAAZ6zkRwO97lO5tHTg,recreation,Simran Park,park,"M87F+X8H Ashok Stupa, Lalitpur 44700, Nepal",27.6647495,85.32349549999999,973.24,"park, point_of_interest, establishment"
ChIJo-ORRgAZ6zkRwCry5iLXBV0,recreation,"Calisthenics park, Outdoor Gym",playground,"M8JF+P28, Lalitpur 44600, Nepal",27.6819373,85.322779,974.17,"playground, point_of_interest, establishment"
ChIJI10kJAAZ6zkRjzsNo14c4Ww,recreation,नुहुच्छे मार्ग,park,"M8JF+WH4, Lalitpur 44600, Nepal",27.6821404,85.3236755,980.6,"park, point_of_interest, establishment"
ChIJbZMSs90Z6zkRbLiJKxg9QSI,recreation,Patan Gym,gym,"M88J+MPV, रिङ्ग रोड, Lalitpur 44700, Nepal",27.666749,85.33179,997.03,"gym, health, sports_activity_location, point_of_interest, establishment"
ChIJFwVWzN0Z6zkRT59nt5WoQDg,recreation,Gwarko Ceragem korean therapy,fitness_center,"Ring Rd, Lalitpur 44700, Nepal",27.6666346,85.33177549999999,1005.55,"fitness_center, gym, health, sports_activity_location, point_of_interest, establishment"
ChIJ74Xw9bcZ6zkRjNbABB_hi8Q,recreation,Align Pilates and Wellness Studio,gym,"one sky building, Lalitpur 44600, Nepal",27.6784166,85.31635349999999,1017.9,"gym, sports_complex, sports_school, health, sports_activity_location, point_of_interest, establishment"
ChIJIzwX4QcZ6zkRpm8G_EdE_b4,recreation,Afit Studios,fitness_center,"5th floor, One Sky Building, Lalitpur 44600, Nepal",27.6784389,85.3163081,1023.0,"fitness_center, yoga_studio, gym, sports_complex, sports_school, health, sports_activity_location, point_of_interest, service, establishment"
ChIJU5ksLAAZ6zkREvqpyws7-5I,recreation,Patan Sports Hub Cricsal,playground,"Lalitpur 44600, Nepal",27.6728313,85.33541489999999,1027.56,"playground, point_of_interest, establishment"
ChIJ2bw6eHIZ6zkRM7mmwEBQstY,recreation,Pocket park,park,"M8F7+XV3, Lalitpur 44600, Nepal",27.674891,85.3146708,1030.59,"park, point_of_interest, establishment"
ChIJTa94tksZ6zkR2aqr_8svfc8,recreation,Chyasal Stadium,playground,"M8GM+FFW, Lalitpur 44600, Nepal",27.6777738,85.3342371,1031.46,"playground, point_of_interest, establishment"
ChIJwTdgycEZ6zkRcE-RWWq_2ys,recreation,Bishnu Mandap,yoga_studio,"M8HM+M75, Kathmandu 44600, Nepal",27.6791479,85.3332396,1032.87,"yoga_studio, fitness_center, sports_complex, gym, sports_activity_location, sports_school, health, point_of_interest, establishment"
ChIJiQuf6cAZ6zkRUCIbDIyYTxM,recreation,Sankhamul Yoga Park,park,"Bridge, Lalitpur 44600, Nepal",27.6788743,85.3335379,1037.98,"park, point_of_interest, establishment"
ChIJKSpUSQAZ6zkR2U2sWKsETVo,recreation,sri satya saii Park,park,"M8JH+PRX, Kathmandu 44600, Nepal",27.681867500000003,85.329624,1045.86,"park, point_of_interest, establishment"
ChIJg4Cj5bcZ6zkR1n2XM6iprYw,recreation,IOE Football Ground,playground,"Faculty and Staff Residence, Pulchowk Campus Bangalamukhi Rd, Lalitpur 44600, Nepal",27.6827226,85.3231233,1052.97,"playground, point_of_interest, establishment"
ChIJ5bp-bgAZ6zkRbOtiCTZSbcA,recreation,The U,park,"M8HM+CMR Bagmati-Manohara Confluence, जनता सडक, Kathmandu 44600, Nepal",27.6785882,85.3339967,1057.21,"park, point_of_interest, establishment"
ChIJg6SmDQAZ6zkRJhLarnqq7Lc,recreation,Public park,park,"M8F7+QPF, Pulchowk Rd, Lalitpur 44600, Nepal",27.6744344,85.3142781,1062.08,"park, point_of_interest, establishment"
ChIJO0Ypy2QZ6zkRkfFf46mjMYE,recreation,Bagmati-Manohara Confluence,nature_preserve,"M8HM+CMR, जनता सडक, Kathmandu 44600, Nepal",27.678617600000003,85.33412679999999,1069.74,"nature_preserve, park, point_of_interest, establishment"
ChIJH8AeAvoZ6zkRG0vt2snbl8g,recreation,Satya Sai Bagmati Udhan,park,"M8JH+VR5, UN Park Lane, Lalitpur 44600, Nepal",27.6821346,85.3296064,1071.94,"park, point_of_interest, establishment"
ChIJI1i-dwAZ6zkRzQUgwIjAMPc,recreation,nist college,sports_complex,"M8JJ+FHH, Kathmandu 44600, Nepal",27.6811841,85.3314989,1076.44,"sports_complex, event_venue, sports_activity_location, point_of_interest, establishment"
ChIJl2N6AwAZ6zkRe38E4f-dKG8,recreation,Triveni Park,park,"M8HM+FMM, Janata Marg, Kathmandu 44600, Nepal",27.6787146,85.3341859,1080.49,"park, point_of_interest, establishment"
ChIJs1aUFkMZ6zkRvgC_IDgsfNs,recreation,Yoga Chakra,yoga_studio,"03 Jhamsikhel Road, Lalitpur 44700, Nepal",27.6758332,85.31422119999999,1095.37,"yoga_studio, fitness_center, sports_school, sports_complex, gym, sports_activity_location, health, point_of_interest, establishment"
ChIJsb6ibugZ6zkRunE_i8cWCVU,recreation,Balkumari Remix Club,sports_complex,"M8CP+QC5, Lalitpur 44600, Nepal",27.671882,85.3360995,1105.99,"sports_complex, sports_activity_location, point_of_interest, establishment"
ChIJ6xrFzmYZ6zkR6tydL9bYX7Y,recreation,Hammer Fitness,fitness_center,"Druk Mahadev, Lalitpur 44700, Nepal",27.6693768,85.3353036,1108.91,"fitness_center, gym, sports_activity_location, health, point_of_interest, establishment"
ChIJ26ROewAZ6zkRJI0r8mHOOsQ,recreation,Parapet,playground,"M8MC+385, Lalitpur 44600, Nepal",27.6828797,85.3214996,1109.02,"playground, point_of_interest, establishment"
ChIJaaSePAAZ6zkRf80K1VEdR1o,recreation,NEPAL KYOKUSHIN KAIKAN SONADA KARATE ASSOCIATION,gym,"9 Sankhamul - Balkumari Rd, Lalitpur 44600, Nepal",27.6772147,85.33542330000002,1110.61,"gym, sports_activity_location, health, point_of_interest, establishment"
ChIJ9y8aCgAZ6zkRyN6dyUV0vrM,recreation,Hemx,playground,"M88M+G6J, Lalitpur, Nepal",27.6663423,85.3330053,1112.37,"playground, point_of_interest, establishment"
ChIJX_DRCwAZ6zkRN_2mRUcB0qA,recreation,Boss Fitness Studio,gym,"Bagmati Corridor, Kathmandu 44600, Nepal",27.6792583,85.3342102,1116.65,"gym, sports_activity_location, health, point_of_interest, establishment"
ChIJsY0QdOcZ6zkRcf88tvCTtQM,recreation,Agni Fitness Club,fitness_center,"Lalitpur 44700, Nepal",27.6653175,85.3318919,1126.22,"fitness_center, gym, health, sports_activity_location, point_of_interest, establishment"
ChIJCfu0PmsZ6zkR9yNo3iQfVPA,recreation,Royal Tulip Kathmandu,hotel,"South Pako Mahadev Tole House, 5736 Ring Rd, Lalitpur 23199, Nepal",27.6676169,85.3345365,1138.2,"hotel, wedding_venue, coffee_shop, bar, food_store, cafe, event_venue, spa, lodging, gym, health, swimming_pool, sports_activity_location, service, food, point_of_interest, store, establishment"
ChIJ-deZYoMZ6zkR4oCOeQbJhLs,recreation,Tranquility Spa - Royal Tulip Kathmandu,spa,"South Pako, Mahadev Tole, House 5736, Gwarko near Gwarko Chowk, ललितपुर 44600, Nepal",27.6676423,85.3345571,1138.28,"sauna, public_bath, beauty_salon, massage_spa, spa, massage, gym, health, swimming_pool, sports_activity_location, service, point_of_interest, establishment"
ChIJIQ-7de4Z6zkRubfS6AJxMXk,recreation,Jawalakhel Park,park,"M8F7+897, Lalitpur 44600, Nepal",27.6732833,85.3134109,1141.31,"park, point_of_interest, establishment"
ChIJw6RgiekZ6zkRPiqEvkpbLHw,recreation,Progress Nepal,yoga_studio,"Kathmandu 44600, Nepal",27.6816187,85.3321152,1151.55,"yoga_studio, fitness_center, sports_complex, gym, sports_activity_location, sports_school, health, point_of_interest, establishment"
ChIJafrPKMYZ6zkR6c9YyUtjYBs,recreation,Mandap hiti,park,"M87H+72F, Sincha Galli, Lalitpur 44700, Nepal",27.6631755,85.3275534,1164.39,"park, point_of_interest, establishment"
ChIJVVWlKDMY6zkRki2ZRbMYg_8,recreation,Children Park,park,"M8F7+86C, Lalitpur 44700, Nepal",27.6733059,85.3130159,1180.18,"park, point_of_interest, establishment"
ChIJXeFDQgAZ6zkRQ96TkYeNVng,recreation,CRAZYYY GANG PLAY AREA,playground,"M8M9+5Q8, Patandhoka Road, Lalitpur 44600, Nepal",27.6829224,85.3195386,1187.59,"playground, point_of_interest, establishment"
ChIJewBr3DIY6zkRMjhjviF1fe4,recreation,Jawalakhel Footbal Ground,playground,"44600, ललितपुर 44600, Nepal",27.6725027,85.3125822,1226.91,"playground, point_of_interest, establishment"
ChIJoyKyKQAZ6zkR6XqFLmf6RDQ,recreation,Nirvana Yogalaya,yoga_studio,"31 Ganesh Marga, Kathmandu 44600, Nepal",27.6818531,85.33308509999999,1231.81,"yoga_studio, fitness_center, sports_complex, gym, sports_activity_location, sports_school, health, point_of_interest, establishment"
ChIJfZNLOqEZ6zkRQdbsFKhq4Aw,recreation,phisss nepal,pet_store,"Lalitpur 44700, Nepal",27.6716792,85.33736809999999,1232.9,"aquarium, ranch, farm, pet_store, service, sports_complex, sports_activity_location, store, food, point_of_interest, establishment"
ChIJ16pGCwAZ6zkR6vOhnu_lggw,recreation,Sculpture Fitness,gym,"M87G+2R, Lalitpur 44700, Nepal",27.6624562,85.3270943,1234.25,"gym, health, sports_activity_location, point_of_interest, establishment"
ChIJyw82AZsZ6zkR4VlKhIiMAcA,recreation,St.Xavier's Jawalakhel Ground,playground,"M8F6+QWG, Lalitpur 44600, Nepal",27.6746482,85.31252760000001,1236.03,"playground, point_of_interest, establishment"
ChIJn8so7S4Z6zkRRtlXzarRo48,recreation,Glide City Skate Park,sports_complex,"4th Cross, Lalitpur 44600, Nepal",27.6845229,85.32478820000001,1236.99,"coffee_shop, cafe, sports_coaching, sports_complex, sports_activity_location, sports_club, school, food_store, child_care_agency, educational_institution, service, association_or_organization, food, point_of_interest, store, establishment"
ChIJL6RPjWgZ6zkRXiiHqi3W038,recreation,Nepa Health & Fitness Empire,gym,"17 Bafal Marg, Lalitpur 44700, Nepal",27.6636428,85.33106,1238.25,"gym, health, sports_activity_location, point_of_interest, establishment"
ChIJBZ5KfukZ6zkR7O4ghBMHtrE,recreation,Peace Garden,park,"कोटेश्वर-३५, जनता सडक, Kathmandu 44600, Nepal",27.676629,85.3370489,1239.64,"park, point_of_interest, establishment"
ChIJ__9DCrYZ6zkRJ7FU4KN1Oi8,recreation,Saheed Shukra Park,park,"M8M9+7H6, Patandhoka Road, Lalitpur 44600, Nepal",27.6831745,85.3188923,1242.18,"park, point_of_interest, establishment"
ChIJEQ_SPwAZ6zkRqvW2SgJC8Eg,recreation,S&S Skate Park and Cafe,indoor_playground,"Dobhanpul, Sahayoginagar, M8HP+HC8, काठमाडौँ 44600, Nepal",27.6789231,85.33609229999999,1253.1,"indoor_playground, playground, point_of_interest, establishment"
ChIJB1JVCgAZ6zkRvRE7A-wEw7A,recreation,ढकाल बा चौतारी,park,"कोटेश्वर-३५, जनता सडक, काठमाडौँ 44600, Nepal",27.6766399,85.3371882,1253.12,"park, point_of_interest, establishment"
ChIJMcaIcNcZ6zkRM0UtSj1eg8s,recreation,Army Physical Training and Sports Centre,sports_complex,"M86F+V8M, Lalitpur 44700, Nepal",27.6622028,85.3232981,1256.3,"sports_complex, sports_activity_location, point_of_interest, establishment"
ChIJQS6_TgAX6zkRwvSTF0QHKH4,recreation,"Kamal Pokhari , Imadol",park,"44700, F072, ललितपुर, Nepal",27.6656302,85.3342849,1257.97,"park, point_of_interest, establishment"
ChIJgZvgZywZ6zkRQBjDixPx0jE,recreation,Jestha Nagarik Diwa Sewa Kendra (Oldage Day Care Center),park,"M8CQ+92J, Lalitpur 44600, Nepal",27.6709713,85.3375191,1262.07,"park, point_of_interest, establishment"
ChIJix5QgDIY6zkRvazUZugGUBU,recreation,Up Everest,corporate_office,"Jwagal Madhu Marg, Lalitpur 44600, Nepal",27.6845592,85.3226231,1262.73,"corporate_office, adventure_sports_center, sports_complex, travel_agency, sports_activity_location, point_of_interest, service, establishment"
ChIJS1y2OgAZ6zkRQ8dqOZTrMsE,recreation,Saraswoti Tole Patk,park,"M8CQ+92J Jestha Nagarik Diwa Sewa Kendra (Oldage Day Care Center, Lalitpur 44600, Nepal",27.6707982,85.33750370000001,1264.85,"park, point_of_interest, establishment"
ChIJDQwrj-oZ6zkRvMVBydWHClE,recreation,Divine Yoga Institute,yoga_studio,"Ganesh Marga, Kathmandu 44600, Nepal",27.6803291,85.3352723,1271.55,"yoga_studio, fitness_center, sports_school, sports_complex, gym, sports_activity_location, health, point_of_interest, establishment"
ChIJvxldWAAZ6zkRcaAvLZRCVPk,recreation,Calisthenics park,gym,"M8GP+HXQ, Lalitpur 44600, Nepal",27.6764647,85.33747819999999,1275.16,"gym, sports_activity_location, health, point_of_interest, establishment"
ChIJ9RBZGAAZ6zkRRnuLPzAySaI,recreation,Dhanwantri,gym,"22 Park Ln, Lalitpur 44600, Nepal",27.6848837,85.32591459999999,1280.1,"gym, sports_activity_location, health, point_of_interest, establishment"
ChIJ59E8bwAZ6zkRAEKY90O5sg0,recreation,Ganesh Man Singh Park गणेशमान सिंह पार्क,park,"Administrative staff college, Lalitpur 44600, Nepal",27.6710123,85.3122111,1287.09,"park, point_of_interest, establishment"
ChIJ__9T6TIY6zkRNGgqO1NL4f4,recreation,Badmintion Court,stadium,"M8C6+QR2, Lalitpur 44600, Nepal",27.671878,85.3120263,1288.76,"stadium, sports_complex, event_venue, sports_activity_location, point_of_interest, establishment"
ChIJmclAHgAZ6zkR0Mj3QtvGIAY,recreation,महालक्ष्मीस्थान पिपलको रुख,park,"M879+5MQ, Lalitpur 44700, Nepal",27.6629509,85.3192207,1293.8,"park, point_of_interest, establishment"
ChIJz1xN6vUZ6zkRZ3OBDsUuKyU,recreation,Sports Zone,indoor_playground,"Bafa: Khusi Marg, Kathmandu 44700, Nepal",27.6635623,85.33205269999999,1295.77,"indoor_playground, playground, point_of_interest, establishment"
ChIJGwyJMQAZ6zkRfmxzN5YCLcA,recreation,Akata Harit Park Badminton Court,playground,"M897+3C6, 308 Damodar Marg, Lalitpur 44600, Nepal",27.6676356,85.3135016,1301.17,"playground, point_of_interest, establishment"
ChIJ3aYsVgAZ6zkRFWeMm9d0Nvo,recreation,महालक्ष्मीस्थान पार्क तथा बगैचा,park,"M879+6G3, Lalitpur 44700, Nepal",27.6630234,85.3187916,1305.8,"park, point_of_interest, establishment"
ChIJAQAA294Z6zkR8LW107m0tEA,recreation,Nepal Football Association Complex,stadium,"M86H+XX3, Lalitpur 44700, Nepal",27.6623982,85.32993669999999,1316.41,"stadium, sports_complex, sports_activity_location, event_venue, point_of_interest, establishment"
ChIJnY5lEwAZ6zkRIcA1SUx3byc,recreation,Small park,park,"M8C6+8PC Shanti Batika, Lalitpur 44600, Nepal",27.6708704,85.31185909999999,1324.29,"park, point_of_interest, establishment"
ChIJq6p6mzIY6zkRWRDiV48qGkY,recreation,Machhindra Park,park,"M8C6+5PF, Lalitpur 44700, Nepal",27.6704301,85.3118042,1340.78,"park, point_of_interest, establishment"
ChIJkTRGqbkZ6zkRmyS3jTXMWgw,recreation,UN Park,park,"M8PG+5CW, Park Ln, Lalitpur 44700, Nepal",27.6854905,85.32606770000001,1348.51,"park, point_of_interest, establishment"
ChIJB75NiB4Z6zkR4DQ-13_65cQ,recreation,Gwarko Itown Rambo Chaur,playground,"M88P+RG5, F072, Lalitpur 44600, Nepal",27.6665594,85.33633859999999,1351.07,"playground, point_of_interest, establishment"
ChIJV1Iam9YZ6zkRC74LgvoVyVY,recreation,Nitya,sports_school,"M869+WMQ, Ring Rd, Lalitpur 44700, Nepal",27.6623478,85.31924719999999,1353.25,"fitness_center, gym, sports_school, health, sports_activity_location, point_of_interest, establishment"
ChIJq85SCAAZ6zkRLxkuVZPZkUE,recreation,Play Ground by Samsara,playground,"M8G6+JMW, Jhamsikhel Road, Lalitpur 44600, Nepal",27.6766039,85.3117085,1356.48,"playground, point_of_interest, establishment"
ChIJe8JJXvQZ6zkRXjyMJwouZ8s,recreation,The Kathmandu Nutrition Hub,fitness_center,"M86H+MJF, Lalitpur 44700, Nepal",27.6616875,85.32906249999999,1362.44,"fitness_center, gym, health, sports_activity_location, point_of_interest, establishment"
ChIJOT0Y1dgZ6zkRS7xQNE9ZWOo,recreation,Nepal Squash and Rackets Association Squash Court,athletic_field,"M86H+MJF, Lalitpur 44700, Nepal",27.6616791,85.329043,1362.77,"sports_complex, athletic_field, sports_activity_location, point_of_interest, establishment"
ChIJG9zkt-0Z6zkRUspwwCpFKjs,recreation,Best Therapy and Mental Health Counseling Service- Mind Care,medical_clinic,"10 Madhya Marga, Kathmandu 44600, Nepal",27.6837896,85.3323519,1363.36,"yoga_studio, fitness_center, sports_complex, gym, doctor, hospital, sports_activity_location, sports_school, medical_clinic, health, point_of_interest, service, establishment"
ChIJ837reAAZ6zkRh4zMr479YJY,recreation,Snooker House & Pool,sports_complex,"M8CQ+QG2, Lalitpur 44600, Nepal",27.6718372,85.3387848,1368.55,"event_venue, sports_complex, sports_activity_location, point_of_interest, establishment"
ChIJuRP-SwAZ6zkR7m9z3CB6mzQ,recreation,Amrit's Happy place,playground,"Lalitpur 44600, Nepal",27.667015,85.33692099999999,1371.95,"playground, point_of_interest, establishment"
ChIJuSSsLvcZ6zkRTo48XZqznaQ,recreation,Vajra Yogalaya,yoga_studio,"Opposite of Norwegian Embassy, Lalitpur 44600, Nepal",27.6823352,85.3152532,1381.42,"yoga_studio, fitness_center, gym, sports_complex, sports_school, sports_activity_location, health, point_of_interest, establishment"
ChIJESGOTPoZ6zkR0ofU1Hs9_dQ,recreation,Sam Fitness Club Pvt.Ltd,gym,"Lalitpur 44600, Nepal",27.682337,85.3152387,1382.55,"gym, sports_activity_location, health, point_of_interest, establishment"
ChIJoZRmIgAZ6zkRZ34l9YWzw-8,recreation,Mama speed gun liyera basne thaau,park,"M8CQ+5FV, Lalitpur 44600, Nepal",27.6704977,85.33867550000001,1384.84,"park, point_of_interest, establishment"
ChIJg5XsRr0Z6zkRriuRZZs2E6g,recreation,Sahayoginagar Park,park,"M8JP+2VH, Kathmandu 44600, Nepal",27.6798765,85.3370561,1388.54,"park, point_of_interest, establishment"
ChIJIcHby9gZ6zkRvQ4iCvl25Jc,recreation,Deependra International Sports Complex,sports_complex,"Lalitpur 44700, Nepal",27.6614673,85.32945219999999,1397.42,"sports_complex, sports_activity_location, point_of_interest, establishment"
ChIJgTKJh30Z6zkRK6DsdQuIR00,recreation,Shape up fitness & gym,fitness_center,"M8CQ+CJM, Ring Rd, Lalitpur 44600, Nepal",27.671099700000003,85.3390457,1406.62,"fitness_center, gym, sports_activity_location, health, point_of_interest, establishment"
ChIJq6rq0dgZ6zkRgfdPWbgXNb0,recreation,Nepal International Shooting Range,stadium,"M86H+CC5, Lalitpur 44700, Nepal",27.6611685,85.3287254,1408.69,"stadium, sports_complex, event_venue, sports_activity_location, point_of_interest, establishment"
ChIJkdOzFwAZ6zkRFbiLFbUF-48,recreation,New Bulls Gym and physical fitness centre,gym,"M8PJ+4QQ, Shankhamul Marga, Kathmandu 44600, Nepal",27.6848667,85.3313581,1420.46,"gym, sports_activity_location, health, point_of_interest, establishment"
ChIJzchTXNQZ6zkRWXP8FNHmNwQ,recreation,Nepal Shooting Complex,sports_complex,"M86H+H9X, Lalitpur 44700, Nepal",27.6610991,85.3289099,1420.96,"sports_complex, sports_activity_location, point_of_interest, establishment"
ChIJPV6c_H8Z6zkRUfdRvqI34uE,recreation,Gorkhey Fitness,gym,"Shree Nagar Marg, Kathmandu 44600, Nepal",27.6831389,85.3343479,1421.27,"gym, sports_activity_location, health, point_of_interest, establishment"
ChIJ_RcTMgAZ6zkRK7WEOXVTGVM,recreation,Athlete Land Training Club,gym,"Lalitpur 44600, Nepal",27.6692423,85.3386529,1421.76,"gym, sauna, fitness_center, public_bath, sports_school, sports_club, spa, association_or_organization, sports_complex, sports_activity_location, sports_coaching, health, point_of_interest, establishment"
ChIJGcR1ewAZ6zkRqolJl6noXVw,recreation,Ullasa Yoga,yoga_studio,"Jwagal Madhu Road, Lalitpur 44600, Nepal",27.6853535,85.31981329999999,1423.92,"yoga_studio, fitness_center, gym, sports_complex, sports_school, health, sports_activity_location, point_of_interest, establishment"
ChIJ38EF2OYZ6zkRl-muBXWgvic,recreation,Kaya boxing gym,sports_coaching,"Ashok tol, Mahalaxmi 44600, Nepal",27.6658377,85.3369136,1443.46,"sports_complex, sports_coaching, sports_school, gym, health, sports_activity_location, point_of_interest, establishment"
ChIJE2JUXzQY6zkRQ7eGZ-ouPqE,recreation,The Pump Jhamsikhel,gym,"Gyanmandala Complex, Jhamsikhel Road, ललितपुर 44600, Nepal",27.6773289,85.3110018,1446.02,"gym, sports_activity_location, health, point_of_interest, establishment"
ChIJzy3rQqkZ6zkRZI1Hcogz5-k,recreation,Yoga Abhyasa,yoga_studio,"First floor, Gyanmandala Complex, Jhamsikhel Road, Kathmandu 44600, Nepal",27.6774587,85.3110073,1449.94,"yoga_studio, fitness_center, sports_complex, gym, sports_activity_location, sports_school, health, point_of_interest, establishment"
ChIJDe3LEwAZ6zkRg49appFqLzg,recreation,Lock n Roll MMA,sports_coaching,"M8H6+2CR, Jhamsikhel Road, Lalitpur 44600, Nepal",27.6776138,85.3110006,1456.02,"sports_coaching, sports_complex, gym, sports_activity_location, sports_school, health, point_of_interest, establishment"
ChIJE6Qk8usZ6zkRaNWz6kGfi7I,recreation,Saraswati Park,park,"M8HQ+5H7, Sahyoginagar Marga, Kathmandu 44600, Nepal",27.6779225,85.3389215,1460.22,"park, point_of_interest, establishment"
ChIJMUrTMN8Z6zkRlCBay29BdQ8,recreation,Nepal Olympic Committee,sports_complex,"Lalitpur 44700, Nepal",27.6609905,85.3299345,1462.94,"sports_complex, sports_activity_location, point_of_interest, establishment"
ChIJLUCzQgAZ6zkRl32X_Ee2llw,recreation,Aaryan-Singh Ground,playground,"M8PG+M4H, Kathmandu 44600, Nepal",27.6866963,85.3253591,1478.9,"playground, point_of_interest, establishment"
ChIJPy15ZjAZ6zkRoomFjU0IGWI,recreation,Mahalaxmisthan,park,"M869+H8C Mahalaxmisthan Chowk, M869+VGQ, ललितपुर 44700, Nepal",27.661345,85.31831849999999,1493.25,"park, point_of_interest, establishment"
ChIJyeKDFwAZ6zkRzrlLDHfkCsI,retail,Haku Patasi हाकु पतासी Newa: Clothing Brand,clothing_store,"M8FF+HX7, Durbar Tole St, Lalitpur 44600, Nepal",27.6739991,85.3248121,69.14,"clothing_store, point_of_interest, store, establishment"
ChIJg-sfZeAZ6zkRY2MuTUxYWgc,retail,"Jhighu kapa pasal,lp.",womens_clothing_store,"Lalitpur 11111, Nepal",27.673827,85.32448520000001,69.46,"womens_clothing_store, clothing_store, point_of_interest, store, establishment"
ChIJ6dzAmcUZ6zkRcRFQceh3Slg,retail,Asta Mangal Art And Craft,shopping_mall,"M8FG+J2R, Lalitpur 44700, Nepal",27.6741086,85.3250108,78.8,"shopping_mall, point_of_interest, establishment"
ChIJHzDvawAZ6zkRw0yYPsg38cY,retail,Yala Pashmina and Cashmere,clothing_store,"M8FG+H62, भिन्द्यो क्व - सौग: लँ, Lalitpur 44600, Nepal",27.6738469,85.3256468,80.79,"clothing_store, point_of_interest, store, establishment"
ChIJy-wbmsUZ6zkRNVH3A0pe2z8,retail,MIXED MUSIC CENTER,store,"M8FF+MX4, भिन्द्यो क्व - सौग: लँ, Lalitpur 44700, Nepal",27.6741313,85.32495279999999,81.45,"book_store, point_of_interest, store, establishment"
ChIJ4d8AmcUZ6zkRCXnFLnyVU1w,retail,Om Handicrafts,museum,"Lalitpur 44700, Nepal",27.674169,85.3250779,85.85,"shopping_mall, museum, point_of_interest, establishment"
ChIJ12lRvcUZ6zkRhrzxU8gGylY,retail,FAIR PRICE PASHMINA SHOP,clothing_store,"NOrth of Bhimsen mandir, Ward No 18, भिन्द्यो क्व - सौग: लँ, Lalitpur 44700, Nepal",27.674157,85.325278,88.51,"clothing_store, point_of_interest, store, establishment"
ChIJEdLIRAAZ6zkRREM7yYOjMDE,retail,Cafune Nepal,clothing_store,"M8FG+P4C, Lalitpur 44600, Nepal",27.674315,85.32526600000001,105.06,"clothing_store, point_of_interest, store, establishment"
ChIJzViq7MUZ6zkRvDld9wX885Q,retail,Shade collection,jewelry_store,"Kwalakhu Nhoolan Marg, Lalitpur 44600, Nepal",27.6744959,85.325417,128.59,"jewelry_store, point_of_interest, store, establishment"
ChIJzYyXKDQZ6zkRAsdXfqhkz8g,retail,Patan Antique Bowls,home_goods_store,"Swotha Rd, Lalitpur 44700, Nepal",27.6745374,85.3255715,138.43,"home_goods_store, point_of_interest, store, establishment"
ChIJQVeMK4cZ6zkRYToLDg79n6M,retail,Rivo Aesthetics,clothing_store,"Dragon Bakery Prayagpokhari 447700, Lalitpur 44700, Nepal",27.6746671,85.3250181,140.91,"clothing_store, point_of_interest, store, establishment"
ChIJ5yRJvsUZ6zkROUXkdOdRE_A,retail,Hallmark Patan Gems & Jewellery,jewelry_store,"M8FG+V48, New Rd, Lalitpur 44700, Nepal",27.6746612,85.32532139999999,143.77,"jewelry_store, point_of_interest, store, establishment"
ChIJsbh6AdgZ6zkR0bGZwgRRrZY,retail,Classic Tibetan Thanka Store,home_goods_store,"New Rd, Lalitpur 44600, Nepal",27.6746876,85.32521369999999,144.71,"home_goods_store, point_of_interest, store, establishment"
ChIJpQzrrcUZ6zkR_FGzORyYs98,retail,AYRUS NEW COLLECTIONS,clothing_store,"M8FG+HGX, भिन्द्यो क्व - सौग: लँ, Lalitpur 44700, Nepal",27.6739899,85.32636169999999,149.28,"clothing_store, point_of_interest, store, establishment"
ChIJ26nmlMUZ6zkRdety9jwip7w,retail,Keywest Handicraft Enterprises,shopping_mall,"Kwalakhu Rd, Lalitpur 44600, Nepal",27.6747526,85.325063,150.53,"shopping_mall, wholesaler, point_of_interest, establishment"
ChIJk37DlD4Z6zkR28EAKf6TWns,retail,"Khajurico Pasal, Swotha",convenience_store,"M8FG+R7V, Swotha Rd, Lalitpur 44600, Nepal",27.6746199,85.3256648,150.62,"convenience_store, food_store, food, point_of_interest, store, establishment"
ChIJey9nVcQZ6zkRC02LPlQtg7E,retail,A.I. ELECTRIC HOME,electronics_store,"11 दरवार स्‍क्‍वायर मार्ग, Lalitpur 44700, Nepal",27.6734628,85.3266273,160.4,"electronics_store, point_of_interest, store, establishment"
ChIJCS2SqeQZ6zkRt4XG96ZL0Pc,retail,Maskin Nepal,clothing_store,"M8FG+QF8, Swotha Rd, Lalitpur 44600, Nepal",27.6744052,85.3262142,163.68,"clothing_store, point_of_interest, store, establishment"
ChIJa4bEcQwZ6zkRkhP4jJmuGtk,retail,Bisesh Creation,clothing_store,"Swotha Rd, Patan 44600, Nepal",27.6744064,85.3262161,163.9,"clothing_store, point_of_interest, store, establishment"
ChIJ9-3azosZ6zkRz6piiKUpriA,retail,Sick Rags Apparel,clothing_store,"ओल्खु -विन्द्यो लाछी ल:, M8FG+JM4, ललितपुर 44600, Nepal",27.6740158,85.3267111,181.88,"clothing_store, point_of_interest, store, establishment"
ChIJv66NzdoZ6zkRNO4OpLCESOU,retail,PURNA PHOTOS,electronics_store,"Tole, Lalitpur 44700, Nepal",27.6702192,85.32585379999999,363.55,"electronics_store, home_goods_store, service, point_of_interest, store, establishment"
ChIJrzgAztoZ6zkR9ODWN6pHVos,retail,Rajamati Collection,womens_clothing_store,"M8CG+393, Lalitpur 44700, Nepal",27.6701388,85.32591339999999,373.62,"womens_clothing_store, clothing_store, point_of_interest, store, establishment"
ChIJvUTg_zIZ6zkRYeNqrtn4mew,retail,DR Mobile & Repairing Centre,electronics_store,"12 Chakrabahil - Mahaboudha Rd, Lalitpur 44600, Nepal",27.6699939,85.32587160000001,388.35,"electronics_store, point_of_interest, store, establishment"
ChIJYYBx6-IZ6zkRBcjZN8juMTc,retail,Klarah Collection,clothing_store,"Lalitpur 44600, Nepal",27.6699615,85.32590499999999,392.59,"clothing_store, point_of_interest, store, establishment"
ChIJrxSv0doZ6zkRgA6wsNGNczk,retail,ROSE FASHION,womens_clothing_store,"M89G+XCP, CHAKRAWAHIL, Lalitpur 44700, Nepal",27.6699661,85.32606419999999,395.95,"womens_clothing_store, clothing_store, point_of_interest, store, establishment"
ChIJLe2JgtIZ6zkRSTFILueH1CY,retail,Hamro Induction,electronics_store,"Maitri Tole, Lalitpur 44600, Nepal",27.6699354,85.32603329999999,398.46,"electronics_store, point_of_interest, store, establishment"
ChIJe5_v8ioZ6zkRNlVdexeXGas,retail,Laxmi Khadya Bhandar,shopping_mall,"M8GF+RR3, Lalitpur 44600, Nepal",27.677014000000003,85.324552,404.27,"shopping_mall, point_of_interest, establishment"
ChIJIfo7GusZ6zkRoKFxWbGY-6c,retail,aarasu boutique,clothing_store,"M8FC+J92, Gabahal Rd, Lalitpur 44600, Nepal",27.6740141,85.3208844,411.0,"clothing_store, store, point_of_interest, establishment"
ChIJZ160-s4Z6zkRoSaVaxMl25s,retail,NEW RAJ CARPET UDYOG,building_materials_store,"M8FC+H8P, पुर्णचण्‍डी मार्ग, Lalitpur 44700, Nepal",27.6739558,85.3208191,416.33,"building_materials_store, home_goods_store, store, point_of_interest, establishment"
ChIJNQk5WwAZ6zkRDZiMF82MxFE,retail,Pream and sons ornaments,jewelry_store,"M8FC+H8P, पुर्णचण्‍डी मार्ग, Lalitpur 44700, Nepal",27.673915500000003,85.3207831,419.2,"jewelry_store, store, point_of_interest, establishment"
ChIJ1fkXNXgZ6zkRkUWlYwQRK3A,retail,Bajra Silver Jewels,jewelry_store,"Gabahal Rd, Kathmandu 44700, Nepal",27.6738233,85.3207469,421.46,"jewelry_store, wholesaler, manufacturer, store, point_of_interest, service, establishment"
ChIJWyGYm6cZ6zkRojbtzUOydPE,retail,H.M Enterprises,home_improvement_store,"Gabahal Rd, Lalitpur 44600, Nepal",27.6738414,85.32067359999999,428.86,"building_materials_store, home_improvement_store, home_goods_store, store, point_of_interest, establishment"
ChIJdWNzFyoZ6zkRYXFaIGOEmEo,retail,Twesha Concepts,jewelry_store,"Lalitpur 44600, Nepal",27.6696768,85.3262213,431.12,"jewelry_store, point_of_interest, store, establishment"
ChIJ-bf35c4Z6zkRbB9xYyHQniM,retail,R.K BAJRACHARYA & SONS,jewelry_store,"Lalitpur 44700, Nepal",27.6742826,85.32073199999999,431.6,"jewelry_store, store, point_of_interest, establishment"
ChIJXdxV0ZMZ6zkRa9udI3htdMQ,retail,Indira Silver Palace,jewelry_store,"M8FC+P79, Lalitpur 44600, Nepal",27.6742776,85.3207214,432.49,"jewelry_store, store, point_of_interest, establishment"
ChIJ2_mh5c4Z6zkRd_ouREYS5S8,retail,Ipson Fancy Shop,store,"M8FC+M7P, Lalitpur 44700, Nepal",27.6742054,85.3206888,433.89,"clothing_store, store, point_of_interest, establishment"
ChIJE_FFgQ8Z6zkRmLZTdr7iDeU,retail,C.2N.R.SMALL STORE,home_goods_store,"M8GG+VCH, Konti Rd, Lalitpur 44600, Nepal",27.67718,85.3261184,434.51,"home_goods_store, store, point_of_interest, establishment"
ChIJh_-dvM4Z6zkRptR25kcGhfI,retail,The Rich and Royal Emporium,clothing_store,"Gabahal Rd, Lalitpur 44600, Nepal",27.6742952,85.3206721,437.66,"clothing_store, store, point_of_interest, establishment"
ChIJm-mKCwAZ6zkRGS1K3-TIKKo,retail,Mid-Mart,department_store,"M8GF+WVP, Unnamed Road, Lalitpur 44700, Nepal",27.6773289,85.3246983,437.88,"department_store, store, point_of_interest, establishment"
ChIJof40784Z6zkRQiOYFumQYpw,retail,IRIS Fashion,jewelry_store,"M8FC+P65, Lalitpur 44700, Nepal",27.6742726,85.3206206,442.04,"jewelry_store, store, point_of_interest, establishment"
ChIJSYJK8c4Z6zkRnFBdFBY_yZg,retail,PURNACHANDI STATIONERY,book_store,"M8FC+C59, Lalitpur 44600, Nepal",27.6735397,85.32047109999999,446.25,"book_store, store, point_of_interest, establishment"
ChIJOzLcaY4Z6zkR3r8a-KVw-7w,retail,Run Shoes (PEAK),shoe_store,"M8FC+Q7J, Lalitpur 44600, Nepal",27.6743257,85.3205534,449.81,"shoe_store, store, point_of_interest, establishment"
ChIJJe8MZgAZ6zkRdEbkRYl8Jag,retail,Titura adda,convenience_store,"85 669460056398194, Lalitpur 44600, Nepal",27.669377,85.32562879999999,451.6,"convenience_store, food_store, food, point_of_interest, store, establishment"
ChIJy1-AGwAZ6zkRUciPH_gMxgo,retail,Titura adda,convenience_store,"M89G+P67, Prayag Pokhari Marg, Lalitpur 44700, Nepal",27.6692901,85.32554619999999,460.15,"convenience_store, food_store, food, point_of_interest, store, establishment"
ChIJsQ5RVgAZ6zkRzxyYk1UohsA,retail,the CN Edit,womens_clothing_store,"M8FC+R3V, Pyangathan Marg, Lalitpur 44600, Nepal",27.6743909,85.32045079999999,461.33,"womens_clothing_store, clothing_store, store, point_of_interest, establishment"
ChIJXVLbbsoZ6zkR9b2gwxDXegM,retail,Asal plaza,shopping_mall,"Gabahal Rd, Lalitpur 44600, Nepal",27.6743909,85.3204186,464.41,"shopping_mall, point_of_interest, establishment"
ChIJY5vXOukZ6zkRw1316ma0BUg,retail,Shoiex,shoe_store,"M8FC+P5R, Gabahal Rd, Lalitpur 44600, Nepal",27.6743711,85.32040529999999,465.17,"shoe_store, store, point_of_interest, establishment"
ChIJDzZUnsoZ6zkRVnYTImX22aU,retail,Shangrila Bazaar,clothing_store,"Lalitpur 44600, Nepal",27.6744177,85.3204009,466.82,"clothing_store, store, point_of_interest, establishment"
ChIJb2zI684Z6zkR78jrae8sokY,retail,Right Choice Shoes Center,shoe_store,"M8FC+P4Q, Lalitpur 44700, Nepal",27.6743347,85.32036749999999,467.87,"shoe_store, store, point_of_interest, establishment"
ChIJqQnbFoYZ6zkRT3ryNnlJ944,retail,Faisonam,womens_clothing_store,"M8FC+P4G, Lalitpur 44600, Nepal",27.6743215,85.3203365,470.53,"womens_clothing_store, clothing_store, store, point_of_interest, establishment"
ChIJieMIDwAZ6zkRRkd-7AvUBk0,retail,Knitting Nepal,clothing_store,"M8FH+XQQ, Lalitpur 44600, Nepal",27.674896,85.3294755,471.07,"clothing_store, point_of_interest, store, establishment"
ChIJP4pZYcYZ6zkRT8oXG6ifOc0,retail,Kumbeshwar Technical School,,"Kumbeshwar, Lalitpur 44700, Nepal",27.677504,85.32629,473.69,"non_profit_organization, primary_school, child_care_agency, building_materials_store, manufacturer, school, educational_institution, service, home_goods_store, association_or_organization, store, point_of_interest, establishment"
ChIJibxmSOEZ6zkRYa7xn3tzn6Y,retail,Ptown Collection,clothing_store,"M8FC+G3P, Lalitpur 44600, Nepal",27.6738334,85.3202081,474.34,"clothing_store, store, point_of_interest, establishment"
ChIJq3YYQgAZ6zkR4DM_o_4QNmc,retail,Elkis Fashion,clothing_store,"M8FH+XQQ, Lalitpur 44600, Nepal",27.6749529,85.32948929999999,474.61,"clothing_store, point_of_interest, store, establishment"
ChIJoZEPnPIZ6zkRb7EuMd5UZMQ,retail,KAYA CREATION,jewelry_store,"Shankhamul Bagmati Marg, Lalitpur 44600, Nepal",27.674901,85.3296156,484.19,"jewelry_store, point_of_interest, store, establishment"
ChIJ4-2hzHEZ6zkROL9K2YQNbTE,retail,Mandala wallpapers and home decor,home_improvement_store,"Alko Hiti, Lalitpur 44600, Nepal",27.6778288,85.3252301,492.98,"service, home_improvement_store, home_goods_store, store, point_of_interest, establishment"
ChIJnYqt6toZ6zkR6WtNCX2k_iE,retail,Twins Mobile and Computer center,electronics_store,"Lalitpur 44600, Nepal",27.6689703,85.32525199999999,493.18,"electronics_store, point_of_interest, store, establishment"
ChIJmddNldoZ6zkRlsBraMI3euE,retail,Traders maitriya,furniture_store,"M89G+H3Q, Prayag Pokhari Marg, Lalitpur 44700, Nepal",27.668953,85.325233,495.02,"furniture_store, home_improvement_store, home_goods_store, point_of_interest, store, establishment"
ChIJ7XCtEAAZ6zkRZmkPsYCHA4s,retail,Lalitpur gabahal,clothing_store,"M8F9+VXX, पुल्चोक गाबहाल मार्ग, Lalitpur 44600, Nepal",27.6743421,85.3200538,498.21,"clothing_store, store, point_of_interest, establishment"
ChIJGyXXLQAX6zkRqu6bKIspRt8,retail,Alline interior pvt.ltd,furniture_store,"M89G+G4M, Prayag Pokhari Marg, Lalitpur 44600, Nepal",27.668839,85.32529199999999,507.97,"furniture_store, home_improvement_store, home_goods_store, point_of_interest, store, establishment"
ChIJF_lypp0Z6zkROxme8tdU8wA,retail,Genesis Tech Traders,electronics_store,"Lalitpur 44600, Nepal",27.672551400000003,85.33019,519.73,"electronics_store, point_of_interest, store, establishment"
ChIJozv9wCMZ6zkRJM2NFFL65Ro,retail,Bijay Tandukar Store,home_goods_store,"Konti Rd, Lalitpur 44600, Nepal",27.6778129,85.32688569999999,524.65,"home_goods_store, store, point_of_interest, establishment"
ChIJU42DPvwZ6zkRnGi2u5p_Y_A,retail,Kapil Furniture,furniture_store,"Lalitpur 44600, Nepal",27.6701197,85.3211618,525.27,"furniture_store, home_improvement_store, home_goods_store, store, point_of_interest, establishment"
ChIJI6OAoN8Z6zkROrB5kHWOtDU,retail,Sista Wears,womens_clothing_store,"Lalitpur 44700, Nepal",27.669887900000003,85.3213554,530.4,"womens_clothing_store, clothing_store, store, point_of_interest, establishment"
ChIJAwfTnDoZ6zkRB0vVPhedZ34,retail,Saraswati fancy shop,clothing_store,"Lalitpur 44600, Nepal",27.674279,85.3302958,530.58,"clothing_store, point_of_interest, store, establishment"
ChIJ3WXPdwAZ6zkReladQRDsj-I,retail,Panchakanya Gadgets suppliers,electronics_store,"M89F+CVX, Prayag Pokhari Marg, Lalitpur, Nepal",27.6686226,85.3247451,531.82,"electronics_store, point_of_interest, store, establishment"
ChIJUf8tCAAZ6zkRCRs431IPDAU,retail,Puntay,shopping_mall,"M8CC+39H, Lalitpur 44600, Nepal",27.6701986,85.32097499999999,532.76,"shopping_mall, point_of_interest, establishment"
ChIJwwUQLdAZ6zkRwL_wplKMbss,retail,A & S THE ELEGANT CHOICE,womens_clothing_store,"M89C+VHX, Lalitpur 44700, Nepal",27.669749,85.32149500000001,532.87,"womens_clothing_store, clothing_store, store, point_of_interest, establishment"
ChIJiap_09EZ6zkRGkxHuZl9trg,retail,Tulip Collection,womens_clothing_store,"Trimurti Guna Shambhu Bhawan, लगनखेल रोड, Lalitpur 44600, Nepal",27.669959,85.321224,533.55,"womens_clothing_store, clothing_store, store, point_of_interest, establishment"
ChIJ-8E3R8YZ6zkRjbcfYV3sSLo,retail,B.R. Tailors,clothing_store,"M8HG+74M, Ikhachhe Rd, Lalitpur 44700, Nepal",27.6782095,85.32530779999999,535.65,"clothing_store, store, point_of_interest, establishment"
ChIJRU3W0tEZ6zkRYM3DPZM_A7g,retail,Max Fashion Wear,womens_clothing_store,"M89C+WGH, Satdobato Road, Lalitpur 44700, Nepal",27.6698019,85.3213543,537.56,"womens_clothing_store, clothing_store, store, point_of_interest, establishment"
ChIJS6YENwAZ6zkR1yCUAm6UAWk,retail,Tanuja palace,clothing_store,"M8FJ+35V, Lalitpur 44700, Nepal",27.6727257,85.3304081,537.82,"clothing_store, point_of_interest, store, establishment"
ChIJkbec09EZ6zkRL-It6mmiRRo,retail,Bright Angel Fashion Wear,clothing_store,"Trimurti Gunashabhu Bhawan, लगनखेल मार्ग, Lalitpur 44600, Nepal",27.669921,85.3211989,538.3,"clothing_store, store, point_of_interest, establishment"
ChIJ16iIRAAZ6zkRH5q89Cr8S6w,retail,Sunapati furniture center,furniture_store,"M87Q+FJ3, इमाडोल मार्, Lalitpur 44700, Nepal",27.6750837,85.3301433,539.98,"furniture_store, home_improvement_store, home_goods_store, point_of_interest, store, establishment"
ChIJu7VjmcgZ6zkR3aZmLEOZ1gM,retail,पि. एस. उड काभिङग् एण्ड फर्निचर सेन्टर,furniture_store,"M8HF+6CJ, Lalitpur 44700, Nepal",27.678083,85.323531,540.45,"furniture_store, home_improvement_store, home_goods_store, store, point_of_interest, establishment"
ChIJKXst1eYZ6zkROA_OP7Q9Vp4,retail,Himalayan Masala Udhyog,home_goods_store,"M89F+CX8, Lalitpur, Nepal",27.6685367,85.3249395,540.81,"home_goods_store, point_of_interest, store, establishment"
ChIJ5fkb09EZ6zkRQeWUkrT5G4Y,retail,E-WORLD,electronics_store,"M89C+WGC, Kumaripati - Mahalaximisthan Rd, Lalitpur 44600, Nepal",27.669813,85.3212726,542.05,"electronics_store, store, point_of_interest, establishment"
ChIJK7hPIs4Z6zkRk-J1kw4vrSc,retail,Aavaran,clothing_store,"Lalitpur 44700, Nepal",27.6703589,85.3206884,542.8,"clothing_store, store, point_of_interest, establishment"
ChIJ8eDik9oZ6zkRKJRFvhyiJE0,retail,Modern paints and hardware,building_materials_store,"Prayag Pokhari Marg, Lalitpur 44700, Nepal",27.6684814,85.3250228,546.93,"home_goods_store, building_materials_store, point_of_interest, store, establishment"
ChIJ4Rk61NEZ6zkRT_Xrl0meyBk,retail,Attraction Furnishing - Furniture and Home Decor Store,furniture_store,"Lalitpur 44700, Nepal",27.6703763,85.32061379999999,547.37,"furniture_store, building_materials_store, service, home_improvement_store, home_goods_store, store, point_of_interest, establishment"
ChIJ9SoHk9oZ6zkRfNqtSvygmSY,retail,Binaya Books and Stationery,book_store,"M89G+93R, Prayag Pokhari Marg, Lalitpur 44700, Nepal",27.668478600000004,85.3251446,547.42,"book_store, point_of_interest, store, establishment"
ChIJZWu2m8gZ6zkRUyN3IwOu5vU,retail,Photo Xpose nepal,service,"Lalitpur 44600, Nepal",27.6781477,85.32348999999999,548.46,"electronics_store, service, home_goods_store, store, point_of_interest, establishment"
ChIJ_1gILdAZ6zkRXRg1nAR-wrY,retail,Awesome,womens_clothing_store,"M89C+RHV, Satdobato Road, Lalitpur 44700, Nepal",27.6696079,85.3214108,550.21,"womens_clothing_store, clothing_store, store, point_of_interest, establishment"
ChIJdfEATwAZ6zkRlvBvEyeg5QU,retail,"Fair Price Kumaripati, lalitpur",convenience_store,"13 Lagankhel Satdobato Rd, Lalitpur 44600, Nepal",27.6700737,85.3208435,551.67,"convenience_store, food_store, store, point_of_interest, food, establishment"
ChIJw1J0m3gZ6zkRZDpLhm8aZ_8,retail,Mr. Deals Nepal,electronics_store,"Prayag Pokhari, Lalitpur 44600, Nepal",27.6684234,85.3252625,553.98,"electronics_store, point_of_interest, store, establishment"
ChIJ6aQZ7doZ6zkR6JnyIGNltA4,retail,Mother Lakshmi Enterprises,furniture_store,"M89G+94H, Prayag Pokhari Marg, Lalitpur 44700, Nepal",27.668426,85.3253469,554.14,"furniture_store, home_improvement_store, home_goods_store, point_of_interest, store, establishment"
ChIJC4oULwAZ6zkRA8zjWY_2nOY,retail,Shital Store,convenience_store,"M8FJ+X59, Lalitpur 44600, Nepal",27.674897,85.330387,555.99,"convenience_store, food_store, food, point_of_interest, store, establishment"
ChIJKZo-msgZ6zkRUFS4kcxz4ao,retail,Koirala Store,home_goods_store,"M8HF+79P, Lalitpur 44700, Nepal",27.6782185,85.32344979999999,557.11,"home_goods_store, store, point_of_interest, establishment"
ChIJf4IGFaMR6zkRrKx65ZhxrJo,retail,The Designer Tailors,tailor,"Prayag Pokhari, Kathmandu 44701, Nepal",27.6683191,85.32573219999999,569.55,"tailor, home_goods_store, clothing_store, service, point_of_interest, store, establishment"
ChIJZ-0ZAgQZ6zkRWUW36QmHjH0,retail,Sharmila Fashion Wear,clothing_store,"M89G+79P, Prayag Pokhari Marg, Lalitpur 44700, Nepal",27.6683158,85.32575369999999,570.19,"clothing_store, point_of_interest, store, establishment"
ChIJ22qTbIgZ6zkRhvgi3YbWm0o,retail,NexGen Services Pvt Ltd.,electronics_store,"M8CC+25X, Lalitpur 44600, Nepal",27.6701039,85.32049719999999,575.28,"electronics_store, store, point_of_interest, establishment"
ChIJM3WTu6oZ6zkRT9WFtyXFPZA,retail,KForKurta,clothing_store,"Bholdhoka 08, ललितपुर 44600, Nepal",27.6723887,85.3307858,580.75,"clothing_store, point_of_interest, store, establishment"
ChIJFS5Y1tEZ6zkR3F9JxUIPW8o,retail,Kids Planet,clothing_store,"Kumaripati First Lane Marg, Lalitpur 44700, Nepal",27.6697711,85.3206905,585.6,"clothing_store, store, point_of_interest, establishment"
ChIJje3Vj8gZ6zkRKTf2jnvhzOQ,retail,BAJRA BOUTIQUE,womens_clothing_store,"M8HF+97M, Lalitpur 44700, Nepal",27.678452,85.3231689,589.99,"womens_clothing_store, clothing_store, store, point_of_interest, establishment"
ChIJ24M1psMZ6zkRmP9tLta3J8Y,retail,Mila furniture and pharnisinga,furniture_store,"M8FJ+G99, Lonal Tole Marg, Lalitpur 44700, Nepal",27.673786000000003,85.3309879,591.22,"furniture_store, home_improvement_store, home_goods_store, point_of_interest, store, establishment"
ChIJ6Xgrd9AZ6zkRlMe4O1t18q0,retail,MERMAID,clothing_store,"Kumaripati - Mahalaximisthan Rd, Lalitpur 44600, Nepal",27.6699427,85.3204068,593.62,"clothing_store, store, point_of_interest, establishment"
ChIJs6W_19EZ6zkR7KdJA5YqBZQ,retail,NUBUK A FASHION GALLERY & SHOELAND,clothing_store,"Opposite Sujuki showroom, Lalitpur 44700, Nepal",27.6699427,85.3204068,593.62,"clothing_store, store, point_of_interest, establishment"
ChIJo2fkmg8Z6zkReWioscSVKH8,retail,Shreeyaam Jewellers,jewelry_store,"26-1, First Trace Lane, ललितपुर 44600, Nepal",27.6699427,85.3204068,593.62,"jewelry_store, store, point_of_interest, establishment"
ChIJB4rkST4Z6zkRxS4FCp8HpMo,retail,Electronics Store,electronics_store,"Lalitpur 44700, Nepal",27.6699427,85.3204068,593.62,"electronics_store, store, point_of_interest, establishment"
ChIJ4YOz28oZ6zkRS_6RgHUdURM,retail,Y.R Trade Links Pvt. Ltd,home_goods_store,"Banglamukhi Road, M8HG+FCG, ललितपुर 44600, Nepal",27.678682100000003,85.3260722,596.76,"home_goods_store, store, point_of_interest, establishment"
ChIJj5Ob5gIa6zkRwtY_Fjd39wg,retail,Oznome Online Store,clothing_store,"Lalitpur 44600, Nepal",27.6778345,85.32138139999999,608.37,"clothing_store, point_of_interest, store, establishment"
ChIJe3xWG98Z6zkRj2rLiiZMDms,retail,HAMMER Outfit,clothing_store,"Lalitpur 44600, Nepal",27.6778555,85.32141100000001,608.57,"clothing_store, point_of_interest, store, establishment"
ChIJOY0OycYZ6zkRh7uKfeCoVrE,retail,Raju Store,supermarket,"Bangalamukhi-Shankhamul Rd, Lalitpur 44600, Nepal",27.6779923,85.3286165,622.56,"supermarket, grocery_store, food_store, food, point_of_interest, store, establishment"
ChIJfe8BWQAZ6zkRWn27sHg3YtQ,retail,K mart & K food patan dhoka,convenience_store,"M8HC+5HR, Lalitpur 44600, Nepal",27.6779935,85.3213786,622.95,"convenience_store, food_store, food, point_of_interest, store, establishment"
ChIJ-W6oTqYZ6zkRo0Y4UmJC2UM,retail,Daalee The Boutique,clothing_store,"M8GC+X67, Lalitpur 44600, Nepal",27.6774139,85.32054140000001,626.08,"clothing_store, point_of_interest, store, establishment"
ChIJ65mvzKYZ6zkR_NXwTU1umXo,retail,Attire affair,clothing_store,"Lalitpur 44600, Nepal",27.6774161,85.3205297,627.06,"clothing_store, point_of_interest, store, establishment"
ChIJKdwWPgAZ6zkRR8Y7RGh8s8Q,retail,RAYA FASHION,clothing_store,"M8HC+38G, Lalitpur 44600, Nepal",27.6776927,85.32082969999999,629.67,"clothing_store, point_of_interest, store, establishment"
ChIJccjkHQAZ6zkReSsTN27d6rE,retail,Jwojalapa collection,womens_clothing_store,"M89H+JMF, Tyagal - Lalitpur Rd, Lalitpur 44600, Nepal",27.6690568,85.32915679999999,633.09,"womens_clothing_store, clothing_store, store, point_of_interest, establishment"
ChIJb0vsEM4Z6zkRLxpGhfdGpWg,retail,NEW J.B.TRADERS,electronics_store,"कुमारी पाटी, Lalitpur 44700, Nepal",27.6698339,85.3199471,636.27,"electronics_store, store, point_of_interest, establishment"
ChIJG_oxHMkZ6zkRnJnJsJDBm0Q,retail,Patan Dhoka Kurta Collection,womens_clothing_store,"Kothulachhi Building, Patandhoka Road, Lalitpur 44700, Nepal",27.6780354,85.32117439999999,638.43,"womens_clothing_store, clothing_store, point_of_interest, store, establishment"
ChIJXQtqGckZ6zkRnrmtIBlfPwQ,retail,Patan Clothes,clothing_store,"M8HC+49R, Lalitpur 44600, Nepal",27.6778608,85.32090459999999,639.28,"clothing_store, point_of_interest, store, establishment"
ChIJWV04ycYZ6zkR2slKIDMc0qM,retail,Adinna Collection,clothing_store,"M8HH+7FG, Lalitpur 44600, Nepal",27.6781921,85.3287106,646.1,"clothing_store, point_of_interest, store, establishment"
ChIJjWswBwAZ6zkRDWpa7YrcBJw,retail,Saithu Ganesh shankhamul lalitpur,jewelry_store,"M8HH+6G5, Bangalamukhi-Shankhamul Rd, Lalitpur 44600, Nepal",27.6780698,85.32891719999999,646.86,"jewelry_store, point_of_interest, store, establishment"
ChIJbcT9YgAZ6zkRHKOnQLiLUhk,retail,Rasasri Enterprises pvt ltd,clothing_store,"Lalitpur 44700, Nepal",27.6692383,85.3203767,649.18,"clothing_store, store, point_of_interest, establishment"
ChIJpQ6MUQAZ6zkR_14JIYYa8ZM,retail,Shree3 Garment,clothing_store,"M8CJ+VHW, Lalitpur 44700, Nepal",27.6722026,85.3314536,649.32,"clothing_store, point_of_interest, store, establishment"
ChIJq9YUHMkZ6zkRHmnAipGftHI,retail,Imperial.Nepal,clothing_store,"Patan Dhoka-Madan Smarak Road, Lalitpur 44700, Nepal",27.6781496,85.32106999999999,654.75,"clothing_store, point_of_interest, store, establishment"
ChIJt5nOy8YZ6zkRRLUl0d-zlIk,retail,Didi Bahini Ko Sano Pasal,home_goods_store,"M8HH+7HF, सङ्खमूल मार्ग, Lalitpur 44700, Nepal",27.6781866,85.32893399999999,658.3,"home_goods_store, point_of_interest, store, establishment"
ChIJV71iHMkZ6zkRvp5hP4jnmpI,retail,Patan Book Shop,book_store,"Patandhoka Road, Lalitpur 44700, Nepal",27.6782365,85.3210407,664.25,"book_store, point_of_interest, store, establishment"
ChIJUZewqcQZ6zkRc1qkr-4fYlA,retail,Arnico Stone Carvings / Nunem stone handicraft,sculpture,"Haktole Ganesh, Lalitpur 44600, Nepal",27.6688701,85.32940030000002,664.45,"sculpture, home_goods_store, store, point_of_interest, establishment"
ChIJVTVUuhcZ6zkR3IkSVSb92Qc,retail,MoFaSo,clothing_store,"Dathulan Rd, Lalitpur 48700, Nepal",27.6788785,85.3277696,667.45,"clothing_store, store, point_of_interest, establishment"
ChIJpelizMYZ6zkR3YYEHjYc80k,retail,Resunga Cottage Industry Pvt.ltd.,home_goods_store,"M8HH+8HH, Bangalamukhi-Shankhamul Rd, Lalitpur 44700, Nepal",27.6783183,85.3289944,673.65,"home_goods_store, point_of_interest, store, establishment"
ChIJr7mb2SYZ6zkRBah9GDHdipU,retail,harati maa kitchen & electronic home store,furniture_store,"Lalitpur 44600, Nepal",27.673467,85.3318431,673.92,"furniture_store, home_improvement_store, home_goods_store, point_of_interest, store, establishment"
ChIJS95NIgAZ6zkRnS0-PyVL4b0,retail,bholdhoka,jewelry_store,"M8FJ+6P9, Lalitpur 44700, Nepal",27.6730375,85.331897,680.38,"jewelry_store, point_of_interest, store, establishment"
ChIJtUbTaAAZ6zkRg9h5E2PfbJQ,retail,Shankhamul chamunda temple lalitpur,furniture_store,"M8HH+9J3, Lalitpur 44600, Nepal",27.6783816,85.3290416,682.08,"furniture_store, home_improvement_store, home_goods_store, point_of_interest, store, establishment"
ChIJ8U-BagAZ6zkR0P1JRqeTpQQ,retail,Bright Future Trading Pvt. Ltd,manufacturer,"02 Dekuwa Marg, Lalitpur 44600, Nepal",27.6764672,85.33101959999999,683.89,"storage, wholesaler, home_improvement_store, home_goods_store, service, point_of_interest, store, manufacturer, establishment"
ChIJe1Ly_MIZ6zkRg4zjbODCRXs,retail,पाटन ज्यासः पसः,jewelry_store,"M8FJ+6Q4, Lalitpur 44700, Nepal",27.6730112,85.3319491,685.68,"jewelry_store, point_of_interest, store, establishment"
ChIJDWBzvS8Z6zkRY0V43zNVSXc,retail,Rubin Traders,home_goods_store,"M8FJ+MQP, Lalitpur 44600, Nepal",27.6742063,85.3319398,689.25,"home_goods_store, point_of_interest, store, establishment"
ChIJI6MymtwZ6zkRMfjngjhb_Ho,retail,Prashansa Jewellers,jewelry_store,"M89H+FRX, Lalitpur 44700, Nepal",27.668741,85.329618,689.35,"jewelry_store, store, point_of_interest, establishment"
ChIJ-W4M_MIZ6zkRDLqxQF0JGiU,retail,न्यू मंगल स्टोर,service,"Lonla Tole Marga, Lalitpur 44700, Nepal",27.673183,85.3320129,691.02,"home_goods_store, service, point_of_interest, store, supplier, establishment"
ChIJE2Nr_sgZ6zkRWou_VLPO544,retail,Shubha-Prabhat Books and Stationery,book_store,"Campus Rd, Lalitpur 44700, Nepal",27.6787965,85.3214464,694.64,"book_store, point_of_interest, store, establishment"
ChIJw6mudVsZ6zkR8H359mQvdiw,retail,"Kedar Stationery,Patan Dhoka",book_store,"M8HC+GH7, Campus Rd, Lalitpur 44600, Nepal",27.6787956,85.32143099999999,695.32,"book_store, point_of_interest, store, establishment"
ChIJKf94BMkZ6zkRvcT8WI0XMhI,retail,Nyaupane Shoes,shoe_store,"M8HC+CCM, Campus Rd, Lalitpur 44700, Nepal",27.678594000000004,85.321044,696.65,"shoe_store, point_of_interest, store, establishment"
ChIJnep0JgAZ6zkRJuZQQ20kWww,retail,Nepalique Studios,clothing_store,"Jor ganesh, downhill beside, Jyapu Samaj, Lalitpur 44600, Nepal",27.6738814,85.33207449999999,698.72,"clothing_store, point_of_interest, store, establishment"
ChIJ-eIHlecZ6zkRf78-t3xCmIg,retail,Sassy Wears | Lingerie for Every Woman,clothing_store,"Haktole, Lalitpur 44700, Nepal",27.6686739,85.3296892,699.58,"womens_clothing_store, wholesaler, clothing_store, store, point_of_interest, establishment"
ChIJJ9XI6dwZ6zkR9rdcgaMDltU,retail,Electrician 24 hours,electrician,"Tyagal - Lalitpur Rd, Lalitpur 44600, Nepal",27.6691943,85.3302901,700.07,"electrician, electronics_store, service, store, point_of_interest, establishment"
ChIJaYlAOMEZ6zkRPtAI4CjoxNw,retail,Aruna,home_goods_store,"M8HH+6X6, Lalitpur 44600, Nepal",27.678035,85.32988189999999,704.79,"home_goods_store, point_of_interest, store, establishment"
ChIJIyjHKwAZ6zkRQ4I7MkN-Jz0,retail,Shakya Colour House,building_materials_store,"M8HH+M4X, Lalitpur 44600, Nepal",27.6792295,85.3278552,706.56,"building_materials_store, home_goods_store, store, point_of_interest, establishment"
ChIJzYKImYEZ6zkR4luMnuPHiW0,retail,Shree Salinadi Electronics & Mobile Center,electronics_store,"M8FJ+7VX, बालकुमारी लँ, Lalitpur 44600, Nepal",27.6732284,85.3322199,711.24,"electronics_store, point_of_interest, store, establishment"
ChIJJ11KRr8Z6zkRtsHzIkFKHok,retail,CollektiveHub Pvt. Ltd.,clothing_store,"Manidow Marg, Lalitpur 44600, Nepal",27.6797343,85.3260329,711.65,"clothing_store, store, point_of_interest, establishment"
ChIJa5f5mQ0Z6zkRNQxjuYz08xo,retail,Rock's home,shoe_store,"Khatal Marg, Lalitpur 44600, Nepal",27.6798369,85.32524599999999,716.16,"shoe_store, store, point_of_interest, establishment"
ChIJ6ckdlYEZ6zkRnAyKuKyyKio,retail,"Siddhi Laxmi Jewellers, Tyagal, Patan",home_goods_store,"Lalitpur 44600, Nepal",27.6686221,85.32990079999999,717.76,"home_goods_store, store, point_of_interest, establishment"
ChIJnUa_IHIZ6zkRlKWbgkcmfs8,retail,AAMO By Aayusha Shrestha,jewelry_store,"Subha Shree, Lalitpur 44600, Nepal",27.677968,85.31976100000001,723.99,"jewelry_store, point_of_interest, store, establishment"
ChIJ2d320MgZ6zkRMzTABc-F74Y,retail,LASAKUSH FASHION HOUSE,womens_clothing_store,"Chakupat Rd, Lalitpur 44600, Nepal",27.6799149,85.3254097,725.55,"womens_clothing_store, clothing_store, store, point_of_interest, establishment"
ChIJPawIgCsZ6zkRMVsEyD0gERs,retail,Netra furniture,furniture_store,"M8HJ+63J, Kathmandu 44600, Nepal",27.6780939,85.3301346,726.68,"furniture_store, home_improvement_store, home_goods_store, point_of_interest, store, establishment"
ChIJfUSXkdwZ6zkRPlVLayGKlRc,retail,Clothing Store,clothing_store,"M89J+C2G, Lalitpur 44700, Nepal",27.6685541,85.3300704,734.62,"clothing_store, store, point_of_interest, establishment"
ChIJLS_hKAAZ6zkRrUX53OkwC_c,retail,All in one undergarments shop,clothing_store,"M8HC+MG8, Lalitpur 44600, Nepal",27.6791694,85.3213153,737.03,"clothing_store, point_of_interest, store, establishment"
ChIJ1eQkcXwZ6zkRd7uRk7dU19w,retail,Saubhagya,clothing_store,"Tyagal - Lalitpur Rd, Lalitpur 44600, Nepal",27.6685364,85.3301082,738.6,"clothing_store, store, point_of_interest, establishment"
ChIJHwjcCMkZ6zkRQaqgSVkWUTk,retail,himal,book_store,"M8HC+MGF, Lalitpur 44600, Nepal",27.6791794,85.32130099999999,738.69,"book_store, point_of_interest, store, establishment"
ChIJQTrdR38Z6zkR7DNji4Cj4Ho,retail,Urban Vastra,clothing_store,"Lalitpur 44600, Nepal",27.6731244,85.3325696,746.05,"clothing_store, point_of_interest, store, establishment"
ChIJ5VHGHAAZ6zkRQiF5ESNQxTc,retail,PK Store,convenience_store,"8 Guitaa Marg, Lalitpur 44600, Nepal",27.6703834,85.3317708,746.38,"convenience_store, food_store, store, food, point_of_interest, establishment"
ChIJqS7lCMkZ6zkRBJ_NMsOKPyE,retail,Adhikari Books and Stationery,book_store,"Patandhoka Road, Lalitpur 44700, Nepal",27.6788638,85.32056329999999,748.32,"book_store, point_of_interest, store, establishment"
ChIJTXK5HgAZ6zkR8Vb3jSBGC3g,retail,The vintage clothing store,clothing_store,"M8FM+736, Lalitpur 44600, Nepal",27.6731725,85.3326367,752.45,"clothing_store, point_of_interest, store, establishment"
ChIJh1NiXNgZ6zkRlMhi14Tio9g,retail,Hisi Du,clothing_store,"17 tygal tole, Lalitpur 44700, Nepal",27.6682548,85.33005589999999,758.43,"clothing_store, store, point_of_interest, establishment"
ChIJ638G07gZ6zkRes18Wjngdo4,retail,TG Digital,electronics_store,"Hariyali Marg, Kathmandu 30610, Nepal",27.6782997,85.31957349999999,763.14,"electronics_store, point_of_interest, store, establishment"
ChIJdVNEzR4Z6zkRmtctZpIhOBw,retail,Nebuer Studio,store,"Nebuer Studio, Lalitpur 44600, Nepal",27.6802999,85.32587269999999,772.03,"store, art_studio, home_goods_store, point_of_interest, establishment"
ChIJJ0Ipcegb6zkRfZKCOZURldw,retail,SK Fashion Wears,clothing_store,"Sankhamul - Balkumari Rd, Lalitpur 44600, Nepal",27.679278,85.3292537,776.31,"clothing_store, point_of_interest, store, establishment"
ChIJqSvZjNwZ6zkRWY9SVVKiz9M,retail,Pilacchen Liquor Store,supermarket,"M89J+852, Lalitpur 44600, Nepal",27.6682696,85.33039149999999,779.32,"supermarket, grocery_store, food_store, store, food, point_of_interest, establishment"
ChIJFVPipq4Z6zkRwaEUl9p56KA,retail,UR Collection,clothing_store,"M89J+HGM, Lalitpur 44600, Nepal",27.669023,85.33123499999999,783.5,"clothing_store, store, point_of_interest, establishment"
ChIJrb4NA-sZ6zkRKrBCjZhDWDM,retail,Bishwo Stationery and Photocopy Center,book_store,"M8GJ+PV4, Lalitpur 44600, Nepal",27.6767599,85.33220349999999,801.73,"book_store, point_of_interest, store, establishment"
ChIJ0WhhXXQZ6zkRx7yFpImTuPo,retail,Tapestry Haven Nepal,home_improvement_store,"Jagatnarayan street, Lalitpur 44660, Nepal",27.6784349,85.3308885,806.02,"home_improvement_store, home_goods_store, point_of_interest, store, establishment"
ChIJX0T4CFcZ6zkRhKc2SEiCqXg,retail,Aarovhi kitchen store,furniture_store,"Lalitpur 44600, Nepal",27.6731845,85.333187,806.57,"furniture_store, home_improvement_store, home_goods_store, store, point_of_interest, establishment"
ChIJP5KPEqgZ6zkR8S4sXniNtTQ,retail,RSK INKARTS CUSTOMS,clothing_store,"Tyagal - Lalitpur Rd Near M89J+557, Lalitpur 44600, ललितपुर 44700, Nepal",27.667879,85.330336,808.09,"clothing_store, body_art_service, service, store, point_of_interest, establishment"
ChIJW5TJalYZ6zkReu4mvWx-qik,retail,Bigmart Chyasal,supermarket,"Balkumari Rd, Lalitpur 44600, Nepal",27.6727014,85.33318609999999,809.87,"supermarket, grocery_store, food_store, store, food, point_of_interest, establishment"
ChIJVW_ET8wZ6zkR8SeAeOKWFBY,retail,Aabha Collections,clothing_store,"Nahiti Batuk Bhairab Marg, Lalitpur 44700, Nepal",27.6661919,85.3262847,811.43,"clothing_store, point_of_interest, store, establishment"
ChIJ76ZVQDYZ6zkRlJGjAed9p8Y,retail,MD tailoring and shirting suiting center,clothing_store,"M88G+C4R, Lalitpur 44700, Nepal",27.6661021,85.32526349999999,811.9,"clothing_store, point_of_interest, store, establishment"
ChIJ43Iq9dwZ6zkREopMO4D9m50,retail,Amit Electric Workshop,electronics_store,"M89J+557, Lalitpur 44600, Nepal",27.6679,85.3304359,812.76,"electronics_store, store, point_of_interest, establishment"
ChIJGVQWSgAZ6zkRUYtKLHSuGNc,retail,Chakupat,clothing_store,"M8JG+73Q, Lalitpur 44600, Nepal",27.6807125,85.3252329,813.44,"clothing_store, store, point_of_interest, establishment"
ChIJCxahrTIZ6zkRg00xcYEDiPc,retail,Manyata's Collection,clothing_store,"Lalitpur 44600, Nepal",27.6807183,85.32523239999999,814.08,"clothing_store, store, point_of_interest, establishment"
ChIJ36PyKgAZ6zkR-ct4Qm4ZS3A,retail,Kumari Furniture,furniture_store,"M8JG+6QC, Manidwan Marg, Lalitpur 44600, Nepal",27.6805578,85.32689110000001,817.41,"furniture_store, home_improvement_store, home_goods_store, store, point_of_interest, establishment"
ChIJmZ73qE0Z6zkRL_tGNB7o5dY,retail,Baby Basic,child_care_agency,"UN Park Lane, Kathmandu 44600, Nepal",27.6746481,85.33318059999999,817.45,"clothing_store, store, child_care_agency, point_of_interest, service, establishment"
ChIJiRmxY_gZ6zkRWqIMDOaHewg,retail,KK MART TYAGAL,convenience_store,"TYAGAL, Lalitpur 44700, Nepal",27.6679462,85.3306028,819.87,"convenience_store, food_store, store, food, point_of_interest, establishment"
ChIJWTTZctoZ6zkRQSL26YiioXk,retail,Suman Dress Desigining & Tailoring Center,clothing_store,"M88F+CQ8, BatukBhairab Marg, Lalitpur 44700, Nepal",27.6660337,85.32443900000001,820.96,"clothing_store, point_of_interest, store, establishment"
ChIJOeHQWgAZ6zkRQgnZr3ewI9w,retail,Goya wears,clothing_store,"M8JG+2HW, Campus Rd, Lalitpur 44700, Nepal",27.6795683,85.3295954,821.71,"clothing_store, point_of_interest, store, establishment"
ChIJqZckRi8Z6zkRZQ5TOXflnTg,retail,Rabina Cosmetics And Parlor,shopping_mall,"Unnamed Road, M8JG+6QJ, ललितपुर 44600, Nepal",27.680597,85.32690029999999,821.86,"shopping_mall, point_of_interest, establishment"
ChIJNVeDBwAZ6zkRWyyHevF1ZLQ,retail,Wave Traders Pvt.Ltd,building_materials_store,"M8JH+2GC, UN Park Lane, Lalitpur 44700, Nepal",27.6800128,85.32881499999999,825.72,"home_goods_store, building_materials_store, point_of_interest, store, establishment"
ChIJU8sdN_8Z6zkRxxlrn1e6sAM,retail,Goldstar Shoe (Susab collection),shoe_store,"Shankhamul Brg, Kathmandu 44600, Nepal",27.6796097,85.3296435,828.16,"shoe_store, point_of_interest, store, establishment"
ChIJqfRT9UEZ6zkRRE-kCK70zqU,retail,Paramount Plaza,shopping_mall,"Shankhamul Marga, Kathmandu 44600, Nepal",27.6796063,85.3296944,830.63,"shopping_mall, point_of_interest, establishment"
ChIJJZse-WMZ6zkR_63FC70EgQk,retail,Maiya ladies fashion shop,clothing_store,"M8FM+59V, Lalitpur 44600, Nepal",27.67298,85.3334351,831.96,"clothing_store, store, point_of_interest, establishment"
ChIJk9YB9twZ6zkRupxbBVYTcC4,retail,SHREE MANAKAMNA FOOTWERS,shoe_store,"M89J+37M, ग्वार्को रोड, Lalitpur 44700, Nepal",27.6677242,85.3306874,843.8,"shoe_store, store, point_of_interest, establishment"
ChIJw41_Od0Z6zkRa0hFFTSyDL8,retail,Shree Balkumari Krishna Furniture,furniture_store,"M89M+W2H, Lalitpur 44600, Nepal",27.6698245,85.332624,849.56,"furniture_store, home_improvement_store, home_goods_store, store, point_of_interest, establishment"
ChIJrUqam8kZ6zkRYysg4n2V_XU,retail,Gahana,jewelry_store,"262 Krishna Galli Marg, Lalitpur 44600, Nepal",27.6792672,85.3194644,850.16,"jewelry_store, point_of_interest, store, establishment"
ChIJD5b0NNoZ6zkRoARTc9gK5pQ,retail,Mr spacious wood Office,furniture_store,"M88G+8HR, पाटन इन्‍डसटि्र्‍यल इस्‍टेट, Lalitpur 44700, Nepal",27.665852,85.3263999,850.55,"furniture_store, home_improvement_store, home_goods_store, point_of_interest, store, establishment"
ChIJFUbpyBkZ6zkRIw8zYge-4RM,retail,The OOTD Clothing,clothing_store,"Near Balkumari mandir, Lalitpur 44770, Nepal",27.6727884,85.3336248,852.05,"clothing_store, store, point_of_interest, establishment"
ChIJ42O3r3UZ6zkRoQuHtskGR-0,retail,Keshar And Son’s Furniture,manufacturer,"Road, Lalitpur 44600, Nepal",27.6730763,85.3336875,856.26,"furniture_store, home_improvement_store, home_goods_store, wholesaler, manufacturer, store, point_of_interest, service, establishment"
ChIJASDsYl0Z6zkRNRDF4O9BXPw,retail,Readymade cloth shop,clothing_store,"M8HH+XVC, Bangalamukhi-Shankhamul Rd, Lalitpur 44600, Nepal",27.6799332,85.3296502,858.74,"clothing_store, point_of_interest, store, establishment"
ChIJPxyEZC8Z6zkRVMNVBwQ5t70,retail,KSW,sportswear_store,"Saptakhel Sadak, Lalitpur 44700, Nepal",27.6747913,85.3336399,864.76,"sportswear_store, clothing_store, sporting_goods_store, store, point_of_interest, establishment"
ChIJA-duVU4Z6zkR5RzH3XrJpv0,retail,New pradip electronics,electronics_store,"Lalitpur 44700, Nepal",27.6676655,85.33094349999999,865.55,"electronics_store, store, point_of_interest, establishment"
ChIJ9fPehMkZ6zkRqRFe6WqkipU,retail,Bhat-Bhateni Supermarket Krishna Galli,grocery_store,"262 Krishna Galli Marg, Lalitpur 44600, Nepal",27.6795149,85.3195183,868.16,"grocery_store, department_store, food_store, food, point_of_interest, store, establishment"
ChIJfedjWNwZ6zkRNPysH3Ns3r0,retail,CITY JEWELLERY,jewelry_store,"त्यागल, Tyagal Marg, Lalitpur 44700, Nepal",27.667635,85.3309667,869.59,"jewelry_store, store, point_of_interest, establishment"
ChIJNYnEfbsZ6zkREacwDg1a61s,retail,sunil mahat,clothing_store,"M88G+63F, Karuna Path, Lalitpur 44700, Nepal",27.665562,85.3251689,871.7,"clothing_store, point_of_interest, store, establishment"
ChIJKRaaNwAZ6zkRU_BjWAcLkbY,retail,R&G Jewellery,jewelry_store,"Pilachhen Deko Marg, Lalitpur 44600, Nepal",27.6692336,85.33252069999999,873.58,"jewelry_store, store, point_of_interest, establishment"
ChIJQ5O-OgAZ6zkRm3UyhBxD6s8,retail,Urban Attire Hub,clothing_store,"Kanibahal Sinchahiti Road, Lalitpur 44700, Nepal",27.6654021,85.32595409999999,894.28,"clothing_store, point_of_interest, store, establishment"
ChIJ8QEHMtoZ6zkRn0Fr70Vz9vU,retail,ALLIED FOAM INDUSTRIES,furniture_store,"Patan industrial estate, Lalitpur 44700, Nepal",27.6654298,85.32626309999999,894.93,"furniture_store, home_improvement_store, home_goods_store, point_of_interest, store, establishment"
ChIJT07HCs0Z6zkRpp7BQkwwjww,retail,SWEET 16 COLLECTION,womens_clothing_store,"M8C8+MC9, AVM रोड, Lalitpur 44700, Nepal",27.6716722,85.3161185,895.47,"womens_clothing_store, clothing_store, store, point_of_interest, establishment"
ChIJ9xvgawAZ6zkRipQoa4mDsPo,retail,Dk electrical,electronics_store,"Word n.2, ghadhi rode bypass, chauk 44600, Nepal",27.6687372,85.31757429999999,896.42,"electronics_store, store, point_of_interest, establishment"
ChIJ5f-Ip4sZ6zkRx0ob7B21te4,retail,Celestie,clothing_store,"Lalitpur 44600, Nepal",27.6737157,85.31581469999999,905.2,"clothing_store, store, point_of_interest, establishment"
ChIJlz1WGNEZ6zkRN-MYJyX8cfE,retail,जय जगदम्बा स्टेशनरी,book_store,"M88C+C9M, Lalitpur 44700, Nepal",27.6660771,85.32091919999999,908.04,"book_store, store, point_of_interest, establishment"
ChIJX2td_MwZ6zkRT6pG0_3rpSY,retail,The Deuce Nepal,shopping_mall,"M8F8+88R, Lalitpur 44600, Nepal",27.6733569,85.3157591,910.01,"shopping_mall, point_of_interest, establishment"
ChIJEwDWGdEZ6zkRANkfjX-9HZQ,retail,Hamro Gahana industry Pvt.Ltd,wholesaler,"M88C+F75, Mahalaxmisthan Rd, Lalitpur 44700, Nepal",27.6661357,85.32073009999999,910.65,"jewelry_store, store, wholesaler, point_of_interest, establishment"
ChIJBaoAY8sZ6zkRxqObmoq5k74,retail,Online Magazine dot com & Online Weekly,book_store,"M8F8+98C, Lalitpur 44700, Nepal",27.6734456,85.31575130000002,910.78,"book_store, store, point_of_interest, establishment"
ChIJP-sA8ZoZ6zkRPjBFqCtJ6pM,retail,Gorkha Jewellers,jewelry_store,"Lalitpur 44600, Nepal",27.6718422,85.3159148,911.29,"jewelry_store, store, point_of_interest, establishment"
ChIJS1YxXgAZ6zkROqDbbffrLhE,retail,kids kapada,store,"Machhindra Marg, Pachhim 44600, Nepal",27.673331,85.3157339,912.51,"clothing_store, store, point_of_interest, establishment"
ChIJvTR0OgAZ6zkRhsLXwFokWoM,retail,Svara,clothing_store,"Kathmandu 44600, Nepal",27.6714249,85.31599539999999,913.53,"clothing_store, store, point_of_interest, establishment"
ChIJeVZ1GNEZ6zkRU74FZpJHWAc,retail,रिवाज जुत्ता पसल,shoe_store,"M88C+996, लगनखेल सडक, Lalitpur 44700, Nepal",27.66591,85.3208815,926.36,"shoe_store, store, point_of_interest, establishment"
ChIJXzTccgAZ6zkRROa9LA7gGuY,retail,SamjhanaRentalService&Catring,furniture_store,"M88F+2JP, Satdobato Road, Lalitpur 44700, Nepal",27.665034,85.32415429999999,933.98,"furniture_store, home_improvement_store, home_goods_store, point_of_interest, store, establishment"
ChIJMzmIxcEZ6zkRko4qitVmKIw,retail,Kapadaa - Nepali Online Fashion Store,,"Manbhawan Rd, Lalitpur 44700, Nepal",27.6710517,85.3158728,935.97,"market, clothing_store, store, wholesaler, point_of_interest, establishment"
ChIJP0oo3IgZ6zkRACl5nWg68kQ,retail,Mahalaxmi marga,shopping_mall,"M88C+973, Road, Lalitpur 44700, Nepal",27.6658984,85.3206634,937.11,"shopping_mall, point_of_interest, establishment"
ChIJD4Zb8rwZ6zkRX5Bi7kzYd60,retail,Immanuel readymad kapada pasal,clothing_store,"M88C+78X, Mahalaxmi Marg, Lalitpur 12345, Nepal",27.6657348,85.3208502,945.24,"clothing_store, store, point_of_interest, establishment"
ChIJCxr3ML8Z6zkRvSyQ9D8W-Is,retail,C.P. Screen print,clothing_store,"M8FM+4RQ, Sahid Sukra Raj Marg, Lalitpur 44700, Nepal",27.6729708,85.3346116,947.71,"clothing_store, store, point_of_interest, establishment"
ChIJVVs_VAAZ6zkRFemoyuZX5AU,retail,Immanuel readymad kapada pasal,clothing_store,"M88C+863, Lalitpur 44700, Nepal",27.6657682,85.32062289999999,951.82,"clothing_store, store, point_of_interest, establishment"
ChIJB97e_rAZ6zkR7f14I64nlTs,retail,"PP Collections, Nepal",clothing_store,"Lalitpur 44700, Nepal",27.6660191,85.3299964,956.91,"clothing_store, store, point_of_interest, establishment"
ChIJp2PvHMgZ6zkR7iJBmft59Uw,retail,Niraula Stores,home_goods_store,"Lalitpur 44600, Nepal",27.6818785,85.32320650000001,959.17,"home_goods_store, store, point_of_interest, establishment"
ChIJKWE9V9wZ6zkR-ne0skYyVa4,retail,Nani Fancy Store,clothing_store,"44600 Lukhusi Machagal, Lalitpur 44700, Nepal",27.6659542,85.32996039999999,961.3,"clothing_store, store, point_of_interest, establishment"
ChIJB1MxS9wZ6zkRBCvnbXUXfHc,retail,Devendra Ticket Booking Counter,shopping_mall,"44600 Lukhusi Machagal, Lalitpur 44700, Nepal",27.6659542,85.32996039999999,961.3,"shopping_mall, point_of_interest, establishment"
ChIJE8NI2iMZ6zkRqPLTpJ0RWHo,retail,MD Daud Ali,clothing_store,"44600 Ring Rd, Lalitpur 44700, Nepal",27.6659545,85.329967,961.6,"clothing_store, store, point_of_interest, establishment"
ChIJv0YfQoIZ6zkR8fI2uv7y5lk,retail,Pretty Fashion wears,clothing_store,"44600 Ring Rd, Lalitpur 44700, Nepal",27.6659545,85.329967,961.6,"clothing_store, store, point_of_interest, establishment"
ChIJ0Wnm0NsZ6zkRIRuFP4zUdWo,retail,Steel Wood Pvt Ltd,furniture_store,"M88G+2X4, Lalitpur 44700, Nepal",27.6650212,85.3274546,962.53,"furniture_store, home_improvement_store, home_goods_store, point_of_interest, store, establishment"
ChIJ2cQan1cZ6zkRspOAtYQvciQ,retail,BBQ Coal or Koila Store,shopping_mall,"Unnamed Road, M87F+VQQ, ललितपुर 44700, Nepal",27.6647233,85.3244923,966.1,"shopping_mall, point_of_interest, establishment"
ChIJ7wKcHwAZ6zkRWL-Vyt2W5KQ,retail,Philips showroom near batuk bhairab,electronics_store,"Batuk Bhairab Temple, Kathmandu 44700, Nepal",27.664666300000004,85.3244323,972.75,"electronics_store, point_of_interest, store, establishment"
ChIJX8eFZtEZ6zkRnAGZ7Mk7Svs,retail,esp jeans tailors,clothing_store,"M889+FPQ, Kumaripati - Mahalaximisthan Rd, Lalitpur 44700, Nepal",27.6662023,85.3193546,974.49,"clothing_store, store, point_of_interest, establishment"
ChIJLwPVYqsZ6zkR2TIIMhkZMyQ,retail,Quickly Furnitech,furniture_store,"Old Blood, Bank marg, Kathmandu 44600, Nepal",27.6751522,85.33473599999999,978.34,"furniture_store, home_improvement_store, home_goods_store, store, point_of_interest, establishment"
ChIJaX3eyX4Z6zkR88voJpqE7sM,retail,Furniture store,furniture_store,"M8CM+MW3, Lalitpur 44600, Nepal",27.6715972,85.3347512,980.96,"furniture_store, home_improvement_store, home_goods_store, store, point_of_interest, establishment"
ChIJc1RTQgcZ6zkRjR7jGK6ItIc,retail,Jalpa traders,home_goods_store,"M8JH+M9R, Lalitpur 44600, Nepal",27.6817306,85.32837909999999,984.27,"home_goods_store, store, point_of_interest, establishment"
ChIJ2XmPZh4Z6zkR1dZm7ixWmYs,retail,FUMO Concept Store Nepal,home_improvement_store,"Lalitpur 44600, Nepal",27.6822505,85.32562,986.02,"home_improvement_store, home_goods_store, store, point_of_interest, establishment"
ChIJa4XxHcAZ6zkRgcPW8B4LuyU,retail,Retro botique,clothing_store,"Balkumari, Kathmandu 44700, Nepal",27.6790873,85.3327242,989.18,"clothing_store, point_of_interest, store, establishment"
ChIJs8MdzkcZ6zkRPcliLAHcUeE,retail,Fumo bean bags Nepal,furniture_store,"Lalitpur 44700, Nepal",27.6822855,85.32558790000002,989.72,"furniture_store, home_improvement_store, home_goods_store, store, point_of_interest, establishment"
ChIJY_lPFM0Z6zkR6fmTVtAVqBI,retail,BHAVANA FURNITURE UDHYOG,furniture_store,"M8C8+P2P, Lalitpur 44700, Nepal",27.6718296,85.31509179999999,991.22,"furniture_store, home_improvement_store, home_goods_store, store, point_of_interest, establishment"
ChIJ8UTpdgAZ6zkROByiKApjcLw,retail,Vugo store,clothing_store,"M87G+Q2X, Lalitpur 44700, Nepal",27.6644845,85.3250979,991.41,"clothing_store, point_of_interest, store, establishment"
ChIJKXnTG3kZ6zkRzsJf3NIbSs4,retail,Aayan_shi Apparels,clothing_store,"M8F8+X28, Lalitpur 44600, Nepal",27.6749237,85.315063,993.1,"clothing_store, store, point_of_interest, establishment"
ChIJsXxDbqgZ6zkRzXAGQDLJcyI,retail,Clozilla office,clothing_store,"M87G+Q6M, Lalitpur 44700, Nepal",27.6644596,85.3255477,995.59,"clothing_store, point_of_interest, store, establishment"
ChIJZ4wOnF7zeG4REXs8wAJgyxs,retail,RayTech,electronics_store,"Lalitpur 44700, Nepal",27.6663384,85.3312175,995.72,"electronics_store, store, point_of_interest, establishment"
ChIJqcpudrgZ6zkR5iH7CXRle44,retail,Sumiz Fashion Wear,clothing_store,"M8JG+W6Q, Lalitpur 44600, Nepal",27.6823393,85.3256074,995.8,"clothing_store, store, point_of_interest, establishment"
ChIJ-a1UitkZ6zkRe3lJYmVwcoU,retail,अममोल स्टील उड फर्निचर,furniture_store,"M87G+Q5G, बटुक भैरब, Lalitpur 44700, Nepal",27.6644448,85.32545890000002,996.8,"furniture_store, home_improvement_store, home_goods_store, point_of_interest, store, establishment"
ChIJ7RpE_w4Z6zkR_yx1A_elb2M,retail,Trisha Stationary Supplier's,wholesaler,"M87G+Q88, Lalitpur 44700, Nepal",27.6644384,85.32553709999999,997.89,"book_store, wholesaler, point_of_interest, store, establishment"
ChIJUbecOgAZ6zkRinMu1KbYt-s,retail,Just Another Shoe Shop (JASS ),shoe_store,"Jhamsikhel Road, Lalitpur 44600, Nepal",27.6749237,85.31499389999999,999.81,"shoe_store, store, point_of_interest, establishment"
ChIJk1ZYmXwZ6zkRWoer0mKc2uM,retail,GroCart Nepal,shopping_mall,"Lalitpur 00977, Nepal",27.6818117,85.3213074,1003.53,"shopping_mall, point_of_interest, establishment"
ChIJqUSFRQAZ6zkRxL8SfxXUAa8,retail,Bigmart Supermarket - Manbhawan,supermarket,"M898+9J6, Lalitpur 44600, Nepal",27.6684096,85.31650139999999,1004.17,"supermarket, grocery_store, food_store, store, point_of_interest, food, establishment"
ChIJb_oC-dkZ6zkRbp6kqHmS1U0,retail,Batuk Bhairab Mini Mart,shopping_mall,"M87F+QQ5, Lalitpur 44700, Nepal",27.664378,85.32448520000001,1004.48,"shopping_mall, point_of_interest, establishment"
ChIJz6NqWgAZ6zkRxhLsc6BeBCE,retail,Fashion sense 99,clothing_store,"M88J+GHV, Lalitpur 44700, Nepal",27.6663525,85.33143690000001,1007.93,"clothing_store, store, point_of_interest, establishment"
ChIJfW8kdQAZ6zkRoOQOHcJEHYY,retail,Fashion sense 994,clothing_store,"M88J+GHV, Lalitpur 44700, Nepal",27.6663526,85.3314372,1007.94,"clothing_store, store, point_of_interest, establishment"
ChIJk5lm5fsZ6zkRjneS6KGVtKw,retail,"Samsung Experience Store - Smart Plaza, Pulchowk",electronics_store,"Lalitpur 44600, Nepal",27.6779691,85.3161397,1009.65,"electronics_store, store, point_of_interest, establishment"
ChIJtwCfbQAZ6zkRElvp5xDyD90,retail,Zunki3,clothing_store,"M8JC+J5G, Lalitpur 44600, Nepal",27.6815522,85.32045339999999,1011.02,"clothing_store, store, point_of_interest, establishment"
ChIJm-vUZgAZ6zkR7N-qDmYhpWM,retail,sohan kasaii,clothing_store,"M88J+757, Machagaa Galli 6, Lalitpur 44700, Nepal",27.6656327,85.330373,1012.88,"clothing_store, store, point_of_interest, establishment"
ChIJmbOg3ckZ6zkRgtZtlR2EXXw,retail,SuvaVastra. The Boutique,clothing_store,"M8JC+H3F, Patandhoka Road, Lalitpur 44700, Nepal",27.6814467,85.32016829999999,1013.39,"clothing_store, store, point_of_interest, establishment"
ChIJ4zxrglUZ6zkRIwSBx7jRer8,retail,vas.inc,clothing_store,"M8MG+284, Mani Rd, Lalitpur 44600, Nepal",27.6825003,85.3258132,1015.07,"clothing_store, store, point_of_interest, establishment"
ChIJw2uvQLIZ6zkRRNsBaC-LUK8,retail,Global Link Technology Pvt. Ltd,electronics_store,"Lalitpur 44700, Nepal",27.6674692,85.31715299999999,1015.9,"home_goods_store, electronics_store, store, service, point_of_interest, establishment"
ChIJYx-sqqAZ6zkRawFGJsgHZLI,retail,The Sipora Boutique,clothing_store,"M898+9GR, Road, Lalitpur 44600, Nepal",27.6684862,85.3162625,1019.27,"clothing_store, store, point_of_interest, establishment"
ChIJ1zoOCMsZ6zkRSHJjbXRUi3U,retail,FASHION AVENUE,clothing_store,"M8H8+7F2, Lalitpur 44700, Nepal",27.6781487,85.31614390000001,1019.49,"clothing_store, store, point_of_interest, establishment"
ChIJX6tpwcwZ6zkRI1j60Nes17g,retail,"Anmol Enterprises IT, Stationery and whiteboards",shopping_mall,"M8F7+MVF, Lalitpur 44700, Nepal",27.6741968,85.3146807,1020.05,"shopping_mall, point_of_interest, establishment"
ChIJiTSZ5x0Z6zkR3ErhQOCkRcU,retail,Bonjour Nepal Pulchowk,clothing_store,"81 Jhamsikhel Road, Lalitpur 44700, Nepal",27.6780196,85.31601690000001,1022.92,"cosmetics_store, clothing_store, store, point_of_interest, establishment"
ChIJSytIMzUZ6zkR4Aj7wz-ynZE,retail,Hettich Experience Centre - Lalitpur,furniture_store,"Ground floor, One sky, Next to Nidan Hospital, Harihar Bhawan, ललितपुर 44700, Nepal",27.6785462,85.3163669,1024.78,"furniture_store, home_improvement_store, home_goods_store, store, point_of_interest, establishment"
ChIJqQOitagZ6zkRXYdRISTcJ2g,retail,Sheziro.Commission,store,"Lalitpur 44700, Nepal",27.6825605,85.3262022,1025.46,"store, clothing_store, point_of_interest, establishment"
ChIJW2nWeNkZ6zkReBmMW-T0rTA,retail,Himal Tents Pvt Ltd,manufacturer,"69 Patan Industrial Estate, Lalitpur 44700, Nepal",27.6642813,85.32668269999999,1027.41,"manufacturer, furniture_store, home_improvement_store, home_goods_store, restaurant, food, point_of_interest, store, establishment"
ChIJGfGt4MkZ6zkR2A7cSJp8geM,retail,New Craze Fashion,clothing_store,"M8JC+J27, Patandhoka Road, Lalitpur 44700, Nepal",27.681532,85.3200411,1027.66,"clothing_store, store, point_of_interest, establishment"
ChIJD5qWe7gZ6zkRVeF9vSQP2kg,retail,Kala Kathmandu,home_goods_store,"Unnamed Road, Patan, 44600, ネ, パール 44600, Nepal",27.6826316,85.326136,1032.58,"home_goods_store, store, point_of_interest, establishment"
ChIJEWuqwswZ6zkRIOQ8Qz3jLrs,retail,Lotus System - The Complete IT Solutions,service,"Pulchowk Rd, Lalitpur 44600, Nepal",27.6742778,85.3145514,1033.54,"electronics_store, store, point_of_interest, service, establishment"
ChIJtQU1xMwZ6zkRcFI65ZPTx5Q,retail,Sweet Diva Boutique & Collection,clothing_store,"Opposite to St. Xaviers School, जावलाखेल रोड, Lalitpur 44700, Nepal",27.6742426,85.3145341,1034.88,"clothing_store, store, point_of_interest, establishment"
ChIJyz58B0QZ6zkRqobP2pzwAKw,retail,Rk Fashion Boutique,clothing_store,"Yala Sadak, Lalitpur 44600, Nepal",27.6733619,85.31448669999999,1035.31,"clothing_store, store, point_of_interest, establishment"
ChIJfY2MaB0Z6zkRqrIm9DBnTiA,retail,Kesari Collections,clothing_store,"M8F7+8QQ, Lalitpur 44600, Nepal",27.6733463,85.3144804,1035.94,"clothing_store, store, point_of_interest, establishment"
ChIJ-eb7PoQZ6zkR2KirAha7CbA,retail,Vitalic sportswear Pvt.Ltd | Balkumari,clothing_store,"Kathmandu 44600, Nepal",27.6740609,85.33550629999999,1037.21,"clothing_store, store, point_of_interest, establishment"
ChIJP1bJGwAZ6zkR8rUkcuC6URo,retail,Compass Men's Wear,clothing_store,"Shankhamul Marga, Kathmandu 44600, Nepal",27.6809389,85.3312735,1041.32,"clothing_store, point_of_interest, store, establishment"
ChIJC7iQya0Z6zkRqcmg7E-wiJI,retail,Represent Store,clothing_store,"Lalitpur 44600, Nepal",27.6700709,85.33489469999999,1042.35,"clothing_store, store, point_of_interest, establishment"
ChIJnw9OIKgZ6zkRJWItDQKeqQA,retail,Doorstoyou Gwarko,electronics_store,"Unnamed Road, M89M+RVW, ललितपुर 44600, Nepal",27.6696146,85.3346876,1042.74,"electronics_store, store, point_of_interest, establishment"
ChIJ-wAcV9IZ6zkRji7AIccuaGI,retail,KRIJALA ENTERPRISES,book_store,"मानभवन, AVM चोक, Lalitpur 44700, Nepal",27.6678472,85.3164323,1045.52,"book_store, store, point_of_interest, establishment"
ChIJAwly7CgZ6zkRDPbeMFKGAiU,retail,Missio,clothing_store,"M8F7+VQ2, Lalitpur 44700, Nepal",27.6746594,85.3144615,1047.18,"clothing_store, store, point_of_interest, establishment"
ChIJJbasqJMZ6zkREqTppTCeEIc,retail,"KTM CTY, Jawalakhel",clothing_store,"M8F7+CP9, Lalitpur 44700, Nepal",27.6735377,85.3143518,1048.7,"clothing_store, store, point_of_interest, establishment"
ChIJO5sPagAZ6zkRhvnopDDb5Sk,retail,Bles,home_goods_store,"M8F7+VQG, Lalitpur 44600, Nepal",27.6746909,85.3144477,1049.0,"home_goods_store, store, point_of_interest, establishment"
ChIJY_dz2swZ6zkRIIXkSGcm-5E,retail,Santa's Boutique,clothing_store,"M8F7+CP9, Lalitpur 44700, Nepal",27.6735377,85.31434759999999,1049.11,"clothing_store, store, point_of_interest, establishment"
ChIJd3UPjcAZ6zkRicDpIidgjhs,retail,Traders H vakratundaya,furniture_store,"M8JJ+CFH, Bangalamukhi-Shankhamul Rd, Kathmandu 44600, Nepal",27.6810727,85.3312232,1050.44,"furniture_store, home_improvement_store, home_goods_store, point_of_interest, store, establishment"
ChIJKetruMwZ6zkRSGRlgmkuAs0,retail,TRIVENI ELECTRICAL & LIGHT,home_improvement_store,"M8F7+VQ2, Lalitpur 44700, Nepal",27.6746402,85.3143867,1054.2,"home_improvement_store, home_goods_store, store, point_of_interest, establishment"
ChIJJ5AondkZ6zkR59wUZk1Xxxs,retail,ARYAN FOAM INDUSTRIES P. Ltd.,furniture_store,"M87G+HGP, Lalitpur 44700, Nepal",27.663964,85.3263431,1057.54,"furniture_store, home_improvement_store, home_goods_store, point_of_interest, store, establishment"
ChIJrd0xVNIZ6zkRUTG_wokxcpg,retail,Prinshu Stationery,book_store,"A.V.M Chowk, Lalitpur 44700, Nepal",27.6676076,85.3164151,1062.82,"book_store, store, point_of_interest, establishment"
ChIJOTV2iOwZ6zkRVjcU3eGYGCQ,retail,Shreepage,clothing_store,"Mahalaxmisthan Rd, Kathmandu 44600, Nepal",27.6648138,85.3202494,1063.2,"clothing_store, store, point_of_interest, establishment"
ChIJSRdTD0EZ6zkRRgXLv8pv0fk,retail,Gadgets Collection,electronics_store,"M8HM+MF3, Kathmandu 44600, Nepal",27.6791422,85.3336733,1066.37,"electronics_store, store, point_of_interest, establishment"
ChIJkzZJEMsZ6zkRnTJHDJjggDY,retail,Swagat Provision,department_store,"M8H8+658, Lalitpur 44700, Nepal",27.678036,85.315461,1071.49,"department_store, store, point_of_interest, establishment"
ChIJ6-5x0cwZ6zkRe4Bb05p8RM0,retail,Photo Fair Digital Color Lab,electronics_store,"Buddha Air Building, Lalitpur 44700, Nepal",27.6737167,85.3141239,1071.6,"electronics_store, home_goods_store, store, point_of_interest, service, establishment"
ChIJi7zF0cwZ6zkRLVbrRmMP1mI,retail,सस्तो बजार - हामौ बजार,home_improvement_store,"M8F7+FJW, Lalitpur 44700, Nepal",27.6737315,85.3140751,1076.46,"home_improvement_store, home_goods_store, store, point_of_interest, establishment"
ChIJ1XQBKgAZ6zkR1W_WYyad_uM,retail,Bismata Collection,clothing_store,"M8CP+H7H, Lalitpur 44600, Nepal",27.6714476,85.3357401,1079.69,"clothing_store, store, point_of_interest, establishment"
ChIJI1Wlz8wZ6zkR5pkIoIJkZfA,retail,Mac Support Patan,electronics_store,"M8F7+GJV, Pulchowk Rd, Lalitpur 44600, Nepal",27.6738586,85.3140317,1081.31,"electronics_store, store, point_of_interest, establishment"
ChIJ01E2zswZ6zkRGhYBJxEEfBU,retail,Neo Store - Jawalakhel,electronics_store,"Norkhang Complex, Lalitpur 44600, Nepal",27.673829,85.3140109,1083.2,"electronics_store, store, point_of_interest, establishment"
ChIJsdCbz2gZ6zkRKkmOukGQ6zs,retail,Food Mario,meal_delivery,"M8H8+PGJ, Pulchowk Rd, Lalitpur 44600, Nepal",27.679341,85.31626949999999,1084.21,"meal_delivery, hypermarket, food_delivery, supermarket, grocery_store, food_store, service, store, point_of_interest, food, establishment"
ChIJV6_t90oZ6zkRiASw2_sGGZA,retail,CMS Digital Printing,manufacturer,"Jhamsikhel Road, Lalitpur 44600, Nepal",27.6781342,85.31535989999999,1085.48,"clothing_store, manufacturer, service, store, point_of_interest, establishment"
ChIJ9yZeqyoZ6zkRzZh3WSSbX3g,retail,Lalitpur mahalaxmi Mandir road,clothing_store,"M87C+R4F, Mahalaxmi Marg, Lalitpur 44700, Nepal",27.664572,85.3202833,1085.98,"clothing_store, store, point_of_interest, establishment"
ChIJ2e7YRQAZ6zkRGkbEli4QEUI,retail,All in one,electronics_store,"4 Mahalaxmi Marg, Lalitpur 44700, Nepal",27.664572,85.3202833,1085.98,"electronics_store, store, point_of_interest, establishment"
ChIJF7hAmtkZ6zkR-6J5U2glGrk,retail,Everest Foam Industries,furniture_store,"M87G+F95, पाटन औधोगिक छेत्र सडक, Lalitpur 44700, Nepal",27.663643,85.32599700000002,1089.36,"furniture_store, home_improvement_store, home_goods_store, point_of_interest, store, establishment"
ChIJLQ0yRQAZ6zkR-KCO9jgMak4,retail,"trishool megastore, lalitpur",clothing_store,"M8H8+97C, Jhamsikhel Road, Lalitpur 44600, Nepal",27.6784197,85.31544629999999,1093.9,"clothing_store, store, point_of_interest, establishment"
ChIJ9TMSoMwZ6zkRRlVNzKHTymo,retail,NEWAKAR ENTERPRISES,furniture_store,"Lalitpur 44700, Nepal",27.6659263,85.3322501,1095.62,"furniture_store, home_improvement_store, home_goods_store, store, point_of_interest, establishment"
ChIJL6NDLNwZ6zkR-B6isK_aSfI,retail,Vaidya Paints,building_materials_store,"M88J+4JC, Ring Rd, Lalitpur 44700, Nepal",27.6653107,85.33150169999999,1104.1,"building_materials_store, home_goods_store, store, point_of_interest, establishment"
ChIJf7vVGcsZ6zkRoKdpV1vOVLk,retail,DIART Gems & Jewelry,jewelry_store,"pulchowk, Lalitpur 44700, Nepal",27.678161700000004,85.315118,1107.83,"jewelry_store, store, point_of_interest, establishment"
ChIJi0dzYgAZ6zkR8hcXdwdikBA,retail,Uniform planet,clothing_store,"M8GP+V5R, Sankhamul - Balkumari Rd, Lalitpur 44600, Nepal",27.677244,85.3353999,1109.73,"clothing_store, store, point_of_interest, establishment"
ChIJRyxXaeYZ6zkRiDTy3am5KSQ,retail,Abhijeet Tilee And Sanitary,building_materials_store,"M88J+2F8, Road, Lalitpur 44700, Nepal",27.6650486,85.3312121,1112.03,"building_materials_store, home_goods_store, store, point_of_interest, establishment"
ChIJvyLTefHJlDkRtsJO7r1snb4,retail,Mazzako Shopping Pvt.Ltd,shopping_mall,"Lalitpur 44600, Nepal",27.6689735,85.3351406,1113.33,"shopping_mall, point_of_interest, establishment"
ChIJT8at-hMZ6zkRxy0n0jIACcY,retail,MH Thrift Store,clothing_store,"B & B Hospital Marg, Lalitpur 44700, Nepal",27.6642188,85.3295155,1113.55,"clothing_store, store, point_of_interest, establishment"
ChIJTzdI6-cZ6zkRrUUzp2Jza24,retail,Winter Solution,clothing_store,"Lalitpur 44600, Nepal",27.6694353,85.3354461,1119.19,"clothing_store, store, point_of_interest, establishment"
ChIJZ3xClOcZ6zkRvYEtRZOALXs,retail,Aaditya Traders,furniture_store,"44600 Ring Rd, Lalitpur 44700, Nepal",27.669092,85.33530259999999,1121.97,"furniture_store, home_improvement_store, home_goods_store, store, point_of_interest, establishment"
ChIJBzOwujQZ6zkRSYLxjke277g,retail,Merlin Essentials,clothing_store,"Lalitpur 44700, Nepal",27.6785296,85.3151161,1128.12,"clothing_store, store, point_of_interest, establishment"
ChIJWza5VgAZ6zkRab80e892QjY,retail,Saraswati Stationery,book_store,"M89P+Q5G, Lalitpur 44600, Nepal",27.6694403,85.33556759999999,1129.98,"book_store, store, point_of_interest, establishment"
ChIJ62aetdYZ6zkROmjkEX3ZCUo,retail,TANG SANG FANCY,womens_clothing_store,"Mahalaxmisthan, Lalitpur 44700, Nepal",27.6642408,85.3200153,1130.59,"womens_clothing_store, clothing_store, store, point_of_interest, establishment"
ChIJi3jo0t0Z6zkRjWdG7M1PfbU,retail,R.G.S Store,grocery_store,"बाफल ।, Ring Rd, Lalitpur 44700, Nepal",27.6651994,85.3318405,1133.71,"grocery_store, shopping_mall, food_store, store, food, point_of_interest, establishment"
ChIJ2adsnd4Z6zkRxyMq0IIPpgg,retail,Valley Enterprises,building_materials_store,"रिङ्ग रोड, Lalitpur 44700, Nepal",27.6646913,85.3310126,1135.05,"hardware_store, building_materials_store, home_goods_store, store, point_of_interest, establishment"
ChIJxUItaAAZ6zkR6gzNJvZBGNk,retail,Intotrend Kids Warehouse,clothing_store,"M8HM+WJ8, Kathmandu 44600, Nepal",27.6798144,85.33405700000002,1141.99,"clothing_store, store, point_of_interest, establishment"
ChIJwWTSZugZ6zkRo90_ltfE4fk,retail,dhamala plastic store,shopping_mall,"बालकुमारी लँ, Lalitpur 44600, Nepal",27.6720665,85.3365103,1143.14,"shopping_mall, point_of_interest, establishment"
ChIJFQ3oqV4Z6zkRHaxHFJG0sq8,retail,RDR Fashion Wear,clothing_store,"Kathmandu 44600, Nepal",27.681952300000003,85.33147129999999,1144.74,"clothing_store, store, point_of_interest, establishment"
ChIJh0HVylMZ6zkRzeaniHZetD0,retail,"Retro Kits Nepal, Lalitpur",clothing_store,"Jhamsikhel Road, Lalitpur 44700, Nepal",27.6785074,85.3148677,1148.06,"clothing_store, store, point_of_interest, establishment"
ChIJk13pD0wZ6zkRaDy_iA2ccQk,retail,mermaid,womens_clothing_store,"Pulchowk Jhamsikhel Marg, Lalitpur 44600, Nepal",27.6785084,85.3148674,1148.14,"womens_clothing_store, clothing_store, store, point_of_interest, establishment"
ChIJnflfSAoZ6zkRUXDV3qTiEtc,retail,Sansa by aagya,clothing_store,"Pulchowk Jhamsikhel Marg, Lalitpur 44600, Nepal",27.6785241,85.31487419999999,1148.43,"clothing_store, store, point_of_interest, establishment"
ChIJoYPQod4Z6zkRhK1Zw3Nhfs0,retail,Filtec Nepal Pvt. Ltd,shopping_mall,"44600 Ring Rd, Lalitpur 44700, Nepal",27.6643861,85.33074549999999,1150.98,"shopping_mall, point_of_interest, establishment"
ChIJV53hbuoZ6zkRTj4OZ75Karw,retail,Jitendra and World Furniture,furniture_store,"M8HP+F25, Rupantaran Marg, Kathmandu 44600, Nepal",27.6786285,85.3350971,1151.79,"furniture_store, home_improvement_store, home_goods_store, store, point_of_interest, establishment"
ChIJDdhyfQQZ6zkRyG_B2uqciV8,retail,Solos Nepal,clothing_store,"Lalitpur 44600, Nepal",27.6785044,85.3148191,1152.06,"clothing_store, store, point_of_interest, establishment"
ChIJu3Qt9hIZ6zkRZsjamrv6VvE,retail,Nirdeep doll house & Training center,shopping_mall,"M87J+P7X, Lalitpur 44700, Nepal",27.6643592,85.33072899999999,1152.79,"shopping_mall, point_of_interest, establishment"
ChIJv357v-cZ6zkRAFdA3O_jqYA,retail,Nita Enterprises,building_materials_store,"M89P+P8M, Ring Rd, Lalitpur 44700, Nepal",27.669338,85.335782,1153.86,"building_materials_store, home_goods_store, store, point_of_interest, establishment"
ChIJeWIzIbwZ6zkRm4OccmxnWIM,retail,The Factory Team,shoe_store,"Jhamsikhel Road, Lalitpur 44600, Nepal",27.6785266,85.3148097,1154.08,"shoe_store, clothing_store, store, point_of_interest, establishment"
ChIJO95cMwAZ6zkRmQk7vKKwvCk,retail,TS1 CLOTHING STORE,clothing_store,"M879+RG6, Lalitpur 44700, Nepal",27.6645346,85.3187782,1160.69,"clothing_store, store, point_of_interest, establishment"
ChIJyQ0q8NEZ6zkRIIW6y7ZT2aE,retail,Fasoholic,clothing_store,"Kathmandu 44600, Nepal",27.678337,85.33538539999999,1160.71,"clothing_store, store, point_of_interest, establishment"
ChIJm88KPkQZ6zkROxEU8P5rGS8,retail,MBSH Nepal,shopping_mall,"Jhamsikhel Road, Lalitpur 44600, Nepal",27.6784173,85.31461519999999,1164.91,"shopping_mall, point_of_interest, establishment"
ChIJaY4iPQAZ6zkRv65DJaffP2s,retail,Asian paints jay maa ambee,building_materials_store,"M89P+Q95, Ring Rd, Lalitpur 44700, Nepal",27.6693811,85.3359274,1165.2,"building_materials_store, home_goods_store, store, point_of_interest, establishment"
ChIJyzn4O4MZ6zkR9N_S_beO7yU,retail,Gurkha Store Pulchowk,clothing_store,"Lalitpur 44600, Nepal",27.6784162,85.31460849999999,1165.43,"clothing_store, store, point_of_interest, establishment"
ChIJS7RIhF4Z6zkRmM2okMMmbzM,retail,Ayan Electric Workshop,electronics_store,"8 Balkumari Rd, Lalitpur 44700, Nepal",27.669387300000004,85.3359691,1168.73,"electronics_store, store, point_of_interest, establishment"
ChIJzz6LmxEZ6zkRTj_KAa2YSRA,retail,GLORY ARTS,shopping_mall,":Next To Mahabuddha Temple Gate, M879+QG7, ललितपुर 44700, Nepal",27.6644011,85.3187914,1172.65,"shopping_mall, point_of_interest, establishment"
ChIJa9SJ-dsZ6zkRME9jYQLLVDk,retail,IT Computer,electronics_store,"M8JJ+XF8, Swachha Marg, Kathmandu 44600, Nepal",27.6824204,85.33120009999999,1174.22,"electronics_store, store, point_of_interest, establishment"
ChIJq01pmOcZ6zkRT2oZkroB1sA,retail,Sheen Enterprises,hardware_store,"M89P+C64, रिङ्ग रोड, Lalitpur 44600, Nepal",27.6685228,85.3355874,1175.23,"hardware_store, building_materials_store, home_goods_store, store, point_of_interest, establishment"
ChIJ7ZGwpigZ6zkRDWlvZL8pqp0,retail,Greentech trade and suppliers private limited,home_goods_store,"Lalitpur 44600, Nepal",27.6685194,85.3356019,1176.67,"home_goods_store, store, point_of_interest, establishment"
ChIJ3dyl4XsZ6zkRIfJ04100TMM,retail,Berger Sales Depot,home_goods_store,"Peace Garden, कोटेश्वर-३५, जनता सडक, ललितपुर 44600, Nepal",27.6760089,85.33658899999999,1177.51,"home_goods_store, store, point_of_interest, establishment"
ChIJi9SkoucZ6zkRZuYr2_Fi6mU,retail,Jonej Enterprises,electronics_store,"M89P+C76, Ring Rd, Lalitpur 44700, Nepal",27.6685324,85.3356431,1179.61,"electronics_store, store, point_of_interest, establishment"
ChIJgcxbcwAZ6zkRPs48JNtZ9R0,retail,New shuva pustak,book_store,"Lalitpur 44700, Nepal",27.6637835,85.3199381,1179.79,"book_store, store, point_of_interest, establishment"
ChIJRygpNQAZ6zkRsjaJ81H1I0o,retail,Outfitnepal( jhamsikhel),womens_clothing_store,"M8H7+CRC, Pulchowk Jhamsikhel Marg, Lalitpur 44600, Nepal",27.6785678,85.3145182,1181.35,"womens_clothing_store, clothing_store, store, point_of_interest, establishment"
ChIJM02CoucZ6zkR_4Abw56i30M,retail,Good Paints Dealers,building_materials_store,"44600 Ring Rd, Lalitpur 44700, Nepal",27.6683607,85.3355926,1184.11,"building_materials_store, home_goods_store, store, point_of_interest, establishment"
ChIJddBJq6QZ6zkRx0maUeh8l3w,retail,Planet Infosys Pvt.Ltd.,,"Chakupath 22, UNParK Lalitpur, Lalitpur 44600, Nepal",27.683997,85.32628310000001,1185.09,"electronics_store, manufacturer, store, supplier, point_of_interest, establishment"
ChIJ-a1aOAAZ6zkRxafFJNSJ8ic,retail,Neon North,clothing_store,"M8H7+CQW, Lalitpur 44600, Nepal",27.6784167,85.3143611,1186.9,"clothing_store, store, point_of_interest, establishment"
ChIJbVtudgAZ6zkRRZ-0HglnpGA,retail,Riddhi Traders,furniture_store,"Gwarko 7, ललितपुर 44600, Nepal",27.6686394,85.3358524,1192.63,"furniture_store, home_improvement_store, home_goods_store, store, point_of_interest, establishment"
ChIJg6HKkWIX6zkR-khS_2prcgo,retail,Bira Furniture,manufacturer,"Patan Industrial estate, Lalitpur 44700, Nepal",27.6626126,85.3249926,1199.5,"furniture_store, home_improvement_store, home_goods_store, point_of_interest, store, manufacturer, establishment"
ChIJ7ehORikZ6zkRw_uUnYObVgc,retail,The booksbank nepal,book_store,"Kathmandu 00977, Nepal",27.6822803,85.3319471,1201.26,"book_store, store, point_of_interest, establishment"
ChIJkcScwpcZ6zkRCUMPBuUh5vU,retail,Gadget Sansar,shopping_mall,"कोटेश्वर-३५, जनता सडक, काठमाडौँ 44600, Nepal",27.6775325,85.3362944,1203.39,"shopping_mall, point_of_interest, establishment"
ChIJB7u931kZ6zkRWHBYRmUuuHg,retail,The Jersey Guy,clothing_store,"Shrinkhala Galli, Kathmandu 44600, Nepal",27.677926,85.3361365,1206.61,"clothing_store, store, point_of_interest, establishment"
ChIJExRLgUMZ6zkRA5seKsPJw0s,retail,AK Store Nepal,store,"Shrinkhala Galli, Kathmandu 44600, Nepal",27.6779087,85.336169,1208.72,"electronics_store, service, home_goods_store, store, point_of_interest, establishment"
ChIJazuZYAcR6zkRFureagVcfwk,retail,The Midpoint Bakery,cake_shop,"Gwarko Hattiban Marg, Lalitpur 44600, Nepal",27.6638748,85.33094849999999,1210.36,"cake_shop, coffee_shop, donut_shop, cafe, pastry_shop, bakery, dessert_shop, confectionery, home_goods_store, wholesaler, manufacturer, food_store, store, food, point_of_interest, establishment"
ChIJXed1huoZ6zkRRQcpIAZVMMI,retail,B S Collection,womens_clothing_store,"M8HM+XWH, Kathmandu 44600, Nepal",27.6799332,85.3348439,1211.36,"womens_clothing_store, clothing_store, store, point_of_interest, establishment"
ChIJmcXfdgAZ6zkROJaoMWjwr90,retail,Awale Niwas,electronics_store,"M8CP+HRX, Shahid Shukra Raj Sadak Paschim, Lalitpur 44600, Nepal",27.6714939,85.3371157,1211.79,"electronics_store, store, point_of_interest, establishment"
ChIJC0MiwZMZ6zkRdMPfNvHZQ3s,retail,ai store,clothing_store,"Madan Bhandari Road, Kathmandu 44600, Nepal",27.6801228,85.33474369999999,1216.32,"clothing_store, store, point_of_interest, establishment"
ChIJ4SQhYuoZ6zkRtOg8X8Aj0Sc,retail,Nincane Furnistore,manufacturer,"Kathmandu 44600, Nepal",27.6795175,85.33524849999999,1217.04,"manufacturer, furniture_store, home_improvement_store, home_goods_store, wholesaler, store, point_of_interest, establishment"
ChIJ2Z8tm-oZ6zkRhB8XZlHTFGo,retail,All In One Electronics Shop,electronics_store,"M8JM+4V2, Ganesh Marga, Kathmandu 44600, Nepal",27.680266,85.3346522,1219.13,"electronics_store, store, point_of_interest, establishment"
ChIJnfvdkIsZ6zkRS_zDxJb-6p4,retail,साइश्वर फेन्सि पसल,clothing_store,"M8HP+W24, Ganesh Marga, Kathmandu 44600, Nepal",27.6797696,85.3350907,1220.24,"clothing_store, store, point_of_interest, establishment"
ChIJd2kEmbcZ6zkRFXhVvEciHD0,retail,Jwagal Chowk,shopping_mall,"M8MF+P67, 1st Cross, Lalitpur 44600, Nepal",27.6842871,85.32304069999999,1225.87,"shopping_mall, point_of_interest, establishment"
ChIJD-_e61MZ6zkRxnGydonQyBM,retail,Babysi clothing studio,clothing_store,"Siddhartha Marg, Kathmandu 44600, Nepal",27.6830436,85.3310423,1226.33,"clothing_store, store, point_of_interest, establishment"
ChIJabXfsOcZ6zkR_M5wDxbAbPY,retail,Pathibhara intarapraijeja,building_materials_store,"M89P+HHC, Ring Rd, Lalitpur 44600, Nepal",27.668931,85.336387,1226.54,"building_materials_store, home_goods_store, store, point_of_interest, establishment"
ChIJK3IyYrPQYA8RyhPXMQqI-WY,retail,Bhitri Clothing,clothing_store,"Lalitpur 90002, Nepal",27.6843746,85.3264181,1228.28,"clothing_store, store, point_of_interest, establishment"
ChIJyUFyKFYZ6zkR2CANrmo9sSo,retail,Nyakton Nepal,clothing_store,"Kathmandu 44600, Nepal",27.6828944,85.33165249999999,1242.45,"clothing_store, store, point_of_interest, establishment"
ChIJ51gYCgAZ6zkRM-Zn2VkboCU,retail,Saira Stationery House Gwarko,book_store,"M87J+JPX, Ring Rd, Lalitpur 44700, Nepal",27.6640317,85.33196869999999,1247.45,"book_store, store, point_of_interest, establishment"
ChIJZbeNpMIZ6zkRif4vHf6vHEw,retail,WE empowering women by SAARC Shop,shopping_mall,"Lalitpur 44600, Nepal",27.67872,85.31382200000002,1249.62,"shopping_mall, point_of_interest, establishment"
ChIJg2NlCJUZ6zkRcRQWwTstMO8,retail,Ambassador Designs,clothing_store,"Lalitpur 44700, Nepal",27.6830377,85.31846709999999,1249.92,"clothing_store, store, point_of_interest, establishment"
ChIJ94Se3FIX6zkRhm35TdN6jt8,retail,Guchaa Decor,furniture_store,"M89P+JJ, Lalitpur 44600, Nepal",27.669104,85.3367394,1250.87,"furniture_store, general_contractor, manufacturer, supplier, home_improvement_store, service, home_goods_store, store, point_of_interest, establishment"
ChIJpblJMQAZ6zkR6BXbugQJtQ4,retail,Pulchok Marg,clothing_store,"M8M9+698, Yala Road, Lalitpur 44600, Nepal",27.6830459,85.3184617,1250.97,"clothing_store, store, point_of_interest, establishment"
ChIJ-wIMg9YZ6zkRgs0It-vkBO4,retail,MAHALAXMI ELECTRIC CENTER,electronics_store,"Lalitpur 44700, Nepal",27.6632023,85.31959409999999,1252.69,"electronics_store, store, point_of_interest, establishment"
ChIJbYwMRYEZ6zkRHMlzPa1gUXM,retail,Green Home Solution Pvt. Ltd.,home_improvement_store,"Lalitpur 44700, Nepal",27.6744259,85.3123293,1252.95,"home_improvement_store, home_goods_store, store, wholesaler, point_of_interest, establishment"
ChIJxw_edgAZ6zkRhLSncufOmOI,retail,Aashil prabin shoes center,shoe_store,"M8F6+QWG, Lalitpur 44600, Nepal",27.6744259,85.3123293,1252.95,"shoe_store, store, point_of_interest, establishment"
ChIJbQuaYYEZ6zkRWHRaUCZl7Rk,retail,Fulki Fashion Boutique NP,clothing_store,"M8M9+699, Kathmandu 44600, Nepal",27.6830625,85.3184375,1253.78,"tailor, clothing_store, store, service, point_of_interest, establishment"
ChIJvfCRcgAZ6zkRuTsdekHuQ64,retail,Kupandole,clothing_store,"10 Yala Sadak, Lalitpur 44700, Nepal",27.6831055,85.3185089,1254.29,"clothing_store, store, point_of_interest, establishment"
ChIJ4ejRUOYY6zkRL_Qp4oFaLv4,retail,Kajaria Prima Plus - Tiles Showroom in Kathmandu,building_materials_store,"U.N. Futsal, Park Ln, Lalitpur 44700, Nepal",27.6846088,85.32647,1254.74,"home_goods_store, building_materials_store, manufacturer, store, point_of_interest, establishment"
ChIJEUCVh7UZ6zkRTc9ligo3g6U,retail,TRENDS ATTIRE COLLECTION,womens_clothing_store,"M8J8+VP4, बखुन्दोल, Lalitpur 44700, Nepal",27.6821269,85.316834,1260.26,"womens_clothing_store, clothing_store, store, point_of_interest, establishment"
ChIJm_37MAAZ6zkRwgPlmSojcGI,retail,Krishna furniture balkumari 7,furniture_store,"M89P+MQV, Lalitpur 44600, Nepal",27.6692396,85.33692099999999,1261.81,"furniture_store, home_improvement_store, home_goods_store, store, point_of_interest, establishment"
ChIJY6rcSuYZ6zkRX_WpqzZhuMg,retail,SUPREME FURNITURE,furniture_store,"M89P+PQ4, Ring Rd, Lalitpur 44600, Nepal",27.669263,85.33694190000001,1262.77,"furniture_store, home_improvement_store, home_goods_store, store, point_of_interest, establishment"
ChIJ_7PNxv4Z6zkRN2QVf8GIRzU,retail,Kaapa Creations,home_goods_store,"INAR CHOW, Lalitpur 44600, Nepal",27.6832329,85.3185701,1263.46,"home_goods_store, store, point_of_interest, establishment"
ChIJ22sNwPkZ6zkRYMxiH3N1UWQ,retail,A Design by Ani,clothing_store,"M8M9+9H6, Kupondole Hts Rd, Lalitpur 44600, Nepal",27.6834016,85.3188804,1264.89,"clothing_store, store, point_of_interest, establishment"
ChIJw2pRemkZ6zkR57m4g0Gkq_Y,retail,GAG NEPAL - Kupondole,electronics_store,"Saheed Shukra Park, Patandhoka Road, Lalitpur 44700, Nepal",27.6834414,85.3188828,1268.67,"electronics_store, store, point_of_interest, establishment"
ChIJW1GFZAkZ6zkR0UHb1ODUW4A,retail,Mangaldeep Collection,shopping_mall,"Steel Tower, Lalitpur 44600, Nepal",27.670183,85.31261200000002,1271.29,"shopping_mall, point_of_interest, establishment"
ChIJmbhMDTsZ6zkRKKtEVi0uHoA,retail,Magnific Designer Fans - Nepal,service,"Index Furniture Mall, Lalitpur 44700, Nepal",27.67015,85.31261400000001,1272.14,"home_goods_store, store, wholesaler, service, point_of_interest, establishment"
ChIJZ4IGPErilwoRyVScIGzbmKI,retail,Pattu Shoes,shoe_store,"Lalitpur 44600, Nepal",27.6676868,85.31378079999999,1274.46,"shoe_store, store, point_of_interest, establishment"
ChIJB3uoPrQZ6zkRpP08WsOqL3A,retail,MAYJU KUPONDOLE,clothing_store,"Kupondole Rd, Lalitpur 44600, Nepal",27.6833929,85.3186466,1275.18,"clothing_store, store, point_of_interest, establishment"
ChIJ3X-i6LUZ6zkRTTegwbci51k,retail,Bardan Book Shop,store,"Lalitpur 44600, Nepal",27.6830876,85.3180508,1276.18,"book_store, store, point_of_interest, establishment"
ChIJwf1NRmQZ6zkRNYpfv0aHT_4,retail,Danfe Works Outlet,clothing_store,"Lalitpur 44600, Nepal",27.6848717,85.324264,1277.65,"clothing_store, store, point_of_interest, establishment"
ChIJMx7gVMIZ6zkRGmHlyAuuENQ,retail,Keshav Enterprises Pvt. Ltd,clothing_store,"Lalitpur 44700, Nepal",27.6636295,85.31815739999999,1278.44,"clothing_store, store, point_of_interest, establishment"
ChIJDcNEOe0Z6zkR5XoaHyL70-8,retail,Chandra Jyoti Suppliers or Indreni Energy Pvt.ltd,home_goods_store,"Lalitpur 44700, Nepal",27.6636295,85.31815739999999,1278.44,"home_goods_store, store, point_of_interest, establishment"
ChIJGzY2FQAZ6zkR8hkVROcPAZo,retail,Classy Fashion,clothing_store,"M8C6+4X6, Lalitpur 44600, Nepal",27.670335,85.312461,1280.97,"clothing_store, store, point_of_interest, establishment"
ChIJaYEQSuYZ6zkRuRl4rUr9Ro8,retail,Samyuktha Book Shop,book_store,"M89P+PVM, Ring Rd, Lalitpur 44600, Nepal",27.6693367,85.3371751,1281.27,"book_store, store, point_of_interest, establishment"
ChIJe3TedtAZ6zkRR6Qn5pegHMI,retail,Expo Electronic,electronics_store,"Unnamed Road, M878+VH5, ललितपुर 44700, Nepal",27.6646372,85.3164977,1284.71,"electronics_store, store, point_of_interest, establishment"
ChIJg2HqTVcZ6zkROy-NSv1vNjM,retail,Suprim Cane and Bamboo,furniture_store,"M8M9+CGP, Patandhoka Road, Lalitpur 44700, Nepal",27.6835846,85.31882619999999,1285.34,"furniture_store, home_improvement_store, home_goods_store, store, point_of_interest, establishment"
ChIJRenVPXsZ6zkRihCyqRl0OJs,retail,Neon The Labels,clothing_store,"2nd cross, UN Park, Barahi tol, Lalitpur 44600, Nepal",27.6848914,85.3232506,1289.34,"clothing_store, store, point_of_interest, establishment"
ChIJ434VXbUZ6zkRvapj7UE6s-w,retail,THE WORKSHOP OF JAVANA,jewelry_store,"Maitri Marg, Lalitpur 44700, Nepal",27.682083100000003,85.31625989999999,1293.42,"jewelry_store, store, point_of_interest, service, establishment"
ChIJafPDTQAZ6zkR9wbxEgzm69k,retail,Jenish Kirana Store,home_goods_store,"22, 14 Bagmati Corridor Yala Marg, Lalitpur 44600, Nepal",27.6850361,85.3254536,1294.65,"home_goods_store, store, point_of_interest, establishment"
ChIJl2Z8DQAZ6zkRFOJhcM50Ggc,retail,Just For You,womens_clothing_store,"M879+7CW, Lalitpur 44700, Nepal",27.6632358,85.3185819,1294.94,"womens_clothing_store, clothing_store, store, point_of_interest, establishment"
ChIJsaCcWtMZ6zkRbQU1uYhFRrk,retail,Jcyber & Communicaton,electronics_store,"M897+R28, Damodar Marg, Lalitpur 44600, Nepal",27.6695388,85.31256929999999,1297.25,"electronics_store, store, point_of_interest, establishment"
ChIJxXa0ZYEZ6zkRZFx4wRlneOM,retail,Chill wear,clothing_store,"Lalitpur 44600, Nepal",27.671714,85.3380488,1298.6,"clothing_store, store, point_of_interest, establishment"
ChIJx20lP1IY6zkRID6R9GdbHF4,retail,Anand Oriental Decorator,home_goods_store,"Kathmandu 44600, Nepal",27.6837093,85.31878499999999,1299.48,"furniture_store, home_improvement_store, home_goods_store, building_materials_store, store, general_contractor, service, point_of_interest, establishment"
ChIJ66hqRwMZ6zkRRfNWSpv2pVM,retail,"TILES & MORE..Tiles Showroom, Tiles ,Granite Sanitaryware,",building_materials_store,"TILES & MORE..Tiles Showroom, Tiles ,Granite Sanitaryware, Lalitpur 44600, Nepal",27.6695295,85.33747149999999,1301.38,"building_materials_store, home_goods_store, store, point_of_interest, establishment"
ChIJjaSmWMsZ6zkRCyUJExLVcRQ,retail,Quixote's Cove,book_store,"Lalitpur 44600, Nepal",27.66775,85.313402,1303.53,"book_store, cultural_center, store, association_or_organization, point_of_interest, establishment"
ChIJr27KB8wZ6zkRjrH21o5Jj1U,retail,Shree's Creation The Boutique,clothing_store,"M8GQ+Q2M, Sahyoginagar Marga, Kathmandu 44600, Nepal",27.6770555,85.3375987,1305.53,"clothing_store, store, point_of_interest, establishment"
ChIJ4xt7AFgZ6zkR14czxORkZ_E,retail,Zeshe,clothing_store,"M888+25R, Lalitpur 44700, Nepal",27.665121600000003,85.31546569999999,1314.89,"clothing_store, store, point_of_interest, establishment"
ChIJ-23LGQUZ6zkR2fRW1lxEfKg,retail,Sofa Point,furniture_store,"Lalitpur 44700, Nepal",27.6738097,85.3116526,1315.18,"furniture_store, home_improvement_store, home_goods_store, store, point_of_interest, establishment"
ChIJDxTpnTUZ6zkRMiTNxUWjWJg,retail,Red Carpet Nepal,jewelry_store,"M896+RWH, Lalitpur 44600, Nepal",27.6695565,85.312353,1316.73,"jewelry_store, store, point_of_interest, establishment"
ChIJRbljngQZ6zkRc-kQoqpWMCU,retail,Surabhi boutique,womens_clothing_store,"M8HP+HPG, Kathmandu 44600, Nepal",27.6789252,85.3368351,1317.46,"womens_clothing_store, clothing_store, store, point_of_interest, establishment"
ChIJn0WeZQAZ6zkRiYPoh3VtEPw,retail,Hamro mart,convenience_store,"M8JP+85Q, Kathmandu 44600, Nepal",27.6807924,85.33549029999999,1320.14,"convenience_store, food_store, store, point_of_interest, food, establishment"
ChIJE4Z8TcsZ6zkR2zY-S2rlPV4,retail,Savage Clothing,clothing_store,"Lalitpur 44600, Nepal",27.6628303,85.3311153,1320.61,"clothing_store, store, point_of_interest, establishment"
ChIJf0kb4mIZ6zkRXqrzL170WSg,retail,House of Technology,electronics_store,"Park Ln, Lalitpur 44700, Nepal",27.6852284,85.32368190000001,1321.65,"electronics_store, store, point_of_interest, establishment"
ChIJjRupMgAZ6zkR5pCJDw57rlo,retail,Ghb gudduhandworktheboutique,clothing_store,"M897+287, Damodar Marg, Lalitpur 44600, Nepal",27.6675452,85.3132973,1323.63,"clothing_store, store, point_of_interest, establishment"
ChIJKwlBHLsZ6zkRmj5XRk9tEqo,retail,Gossip Girls,clothing_store,"Siddharth marg, Kathmandu 44600, Nepal",27.6842874,85.33047189999999,1325.12,"clothing_store, store, point_of_interest, establishment"
ChIJafrNB2cZ6zkReR9cR4gn3uA,retail,Sabita Kapada pasal,clothing_store,"Damodar Marg, Lalitpur 44600, Nepal",27.6673575,85.3133767,1327.27,"clothing_store, store, point_of_interest, establishment"
ChIJn5fTSMEZ6zkRinX7091YGoY,retail,101 Deals Np,shopping_mall,"M87J+493, Gwarko Hattiban Marg, Lalitpur 44700, Nepal",27.6627089,85.3311224,1332.95,"shopping_mall, point_of_interest, establishment"
ChIJoVZSl7UZ6zkRNTC349a7MMk,retail,Dench Stores,clothing_store,"M8M8+6Q2, Maitri Marg, Lalitpur 44600, Nepal",27.6830051,85.31688439999999,1333.92,"clothing_store, store, point_of_interest, establishment"
ChIJYWKg2bUZ6zkRUPmllGtgrns,retail,GOODTHINGS,womens_clothing_store,"नबिल बैंक अगाडी, Lalitpur 44700, Nepal",27.683967000000003,85.3185589,1335.25,"womens_clothing_store, clothing_store, store, point_of_interest, establishment"
ChIJkdmf2bUZ6zkRpRbKJw4LkvQ,retail,MACDECOR PARKING,manufacturer,"M8M9+HCM, Lalitpur 44600, Nepal",27.6839749,85.31854779999999,1336.55,"furniture_store, home_improvement_store, home_goods_store, manufacturer, store, service, point_of_interest, establishment"
ChIJmWlPmtYZ6zkRoKwFrqqgJso,retail,Kalyan Pasal,clothing_store,"M869+XPP, रिङ्ग रोड, Lalitpur 44700, Nepal",27.662469,85.3193129,1338.3,"clothing_store, store, point_of_interest, establishment"
ChIJ3VBNmtYZ6zkRJwRrA9xlGIE,retail,चन्दा सुन चाँदी गहना गृह,jewelry_store,"M869+XPM, Road, Lalitpur 44700, Nepal",27.6624735,85.3192923,1338.7,"jewelry_store, store, point_of_interest, establishment"
ChIJ-VW-x-sZ6zkRO5VGWitbIps,retail,Mart Nepal,shopping_mall,"M8HQ+62X, Kathmandu 44600, Nepal",27.6781001,85.3376191,1348.07,"shopping_mall, point_of_interest, establishment"
ChIJJ7oQbgAZ6zkR4J6wkfOheko,retail,Kastu bastra,womens_clothing_store,"M8HP+CXJ, Shrinkhala Galli, Kathmandu 44600, Nepal",27.6785941,85.3373814,1349.11,"womens_clothing_store, clothing_store, store, point_of_interest, establishment"
ChIJp8Um17UZ6zkRTVsZiAnQSIw,retail,VELVET,womens_clothing_store,"M8M9+J9P, Lalitpur 44700, Nepal",27.684076200000003,85.3184545,1350.83,"womens_clothing_store, clothing_store, store, point_of_interest, establishment"
ChIJT7wz7nUZ6zkRiRxyKIK2T40,retail,dhana,home_goods_store,"Madhya Marg, Kathmandu 44600, Nepal",27.684387,85.33090299999999,1352.93,"home_goods_store, store, point_of_interest, establishment"
ChIJ2Zk6iWcZ6zkREq7-wbZ_8xs,retail,Drone Sewa Pvt. Ltd.,service,"Diamond Marg, Lalitpur 44600, Nepal",27.6838957,85.3179519,1357.84,"business_center, electronics_store, manufacturer, store, association_or_organization, point_of_interest, service, establishment"
ChIJL7UimL8Z6zkRCQ60igrAdQ0,retail,Nikhilesh Tailoring Center,clothing_store,"M8MJ+GW8, मध्य मार्ग, Kathmandu 44600, Nepal",27.683781,85.332319,1360.83,"clothing_store, store, point_of_interest, service, establishment"
ChIJQ1JWIAAZ6zkR6Y25n3H3JTc,retail,Jai mata di electronics pasal,electronics_store,"M8MJ+GX2, Kathmandu 44600, Nepal",27.6837585,85.33239669999999,1362.78,"electronics_store, store, point_of_interest, establishment"
ChIJ0eqJewAZ6zkRoeyRQSiTVME,retail,"Nakkhu, Bishnudevi",electronics_store,"M887+FG4 Nakkhu, Bishnudevi, Lalitpur 13, Nepal",27.666147,85.31382599999999,1364.3,"electronics_store, store, point_of_interest, establishment"
ChIJhRufvWsZ6zkRbAf7zXDb1xI,retail,Aayush Electrical Enterprises,electronics_store,"M8MM+F2J, Kathmandu 44600, Nepal",27.6837142,85.3325292,1365.66,"electronics_store, store, point_of_interest, establishment"
ChIJ61qWJAAZ6zkRKbqYY2PcWMs,retail,Jesum boutique,clothing_store,"M86J+XGC, Lalitpur 44700, Nepal",27.6624599,85.3313416,1367.43,"clothing_store, store, point_of_interest, establishment"
ChIJTyWAob8Z6zkRard0F2oCbAk,retail,S.B Kitchen & Gift,furniture_store,"M8MJ+JR6, मध्य मार्ग, Kathmandu 44600, Nepal",27.684048,85.3320289,1371.47,"furniture_store, home_improvement_store, home_goods_store, store, point_of_interest, establishment"
ChIJ_XogsOgZ6zkRWZcpJ-gXwFA,retail,Sr Hamro Mart a Convenient Store,department_store,"M8CQ+MG7, Sahid Sukraraj Marg, Lalitpur 44600, Nepal",27.6716685,85.33879689999999,1372.24,"department_store, store, point_of_interest, establishment"
ChIJo0MjrTsZ6zkRGQG2GDah7CM,retail,New BMW auto center,electronics_store,"M878+J8V, Ring Rd, Lalitpur 44700, Nepal",27.6641197,85.3157882,1373.98,"electronics_store, store, point_of_interest, establishment"
ChIJf9ar7e8b6zkRhFs2EiY19nA,retail,Affinityclo.np,clothing_store,"Jwagal Madhu Marg, Lalitpur 44600, Nepal",27.6851188,85.32055369999999,1374.66,"clothing_store, store, point_of_interest, establishment"
ChIJn3faW0gZ6zkROBTRRwygf8c,retail,HAMRO KINMEL BAZAR,shopping_mall,"Madhya Marg, Kathmandu 44600, Nepal",27.6839413,85.33232989999999,1376.54,"shopping_mall, point_of_interest, establishment"
ChIJ51K9aQAZ6zkRJ6-1Q5fRmLo,retail,Sole Nepal,shoe_store,"M8MJ+MPH, Kathmandu 44600, Nepal",27.6841756,85.33192129999999,1378.46,"shoe_store, store, point_of_interest, establishment"
ChIJuwPZ2hYZ6zkRi-A9AXcV73w,retail,Tejaswi Women Store,womens_clothing_store,"M8MJ+MPQ, Madhya Marg, Kathmandu 44600, Nepal",27.6842139,85.33185209999999,1378.82,"womens_clothing_store, clothing_store, store, point_of_interest, establishment"
ChIJw4gyIf8Z6zkRe7J_L5NdnpI,retail,New Creative books and stationery,book_store,"M8GQ+9FP, Balkumari, Kathmandu 44600, Nepal",27.6759563,85.33871189999999,1379.86,"book_store, store, point_of_interest, establishment"
ChIJP8j8or8Z6zkR7HZZ1Io9x9A,retail,Om Shree Fashion Collection,womens_clothing_store,"M8MJ+JW6, मध्य मार्ग, Kathmandu 44600, Nepal",27.6840299,85.3322553,1381.13,"womens_clothing_store, clothing_store, store, point_of_interest, establishment"
ChIJezwMmTUZ6zkR9TsTuQjz9_M,retail,HANGGER,clothing_store,"2 Lokeyswor galli, Lalitpur 44700, Nepal",27.6848672,85.31958329999999,1382.16,"clothing_store, store, point_of_interest, establishment"
ChIJTbZ-MNgZ6zkRCibcTI3IS-U,retail,Ganesh Store,convenience_store,"निर्मल बस्ती मार्ग, Lalitpur 44700, Nepal",27.660969,85.32472059999999,1382.54,"convenience_store, food_store, store, point_of_interest, food, establishment"
ChIJz2xOq7QZ6zkRLF3C0_RvtvU,retail,Bajra Fashion,clothing_store,"M8MJ+JVP, Madhya Marg, Kathmandu 44600, Nepal",27.684094,85.33219989999999,1384.43,"clothing_store, store, point_of_interest, establishment"
ChIJj3tQ6awZ6zkRRAxF5FleHmI,retail,Kavrely ladies tailors,clothing_store,"M8MJ+MRF, Kathmandu 44600, Nepal",27.6841865,85.3320375,1385.21,"clothing_store, store, point_of_interest, establishment"
ChIJDcNu8eQZ6zkRssKgO12Z9O0,retail,"S.P.Jonchhen Traders , Marigold wholesale",home_goods_store,"M8MJ+MRF, Madhya Marg, Kathmandu 44600, Nepal",27.684191,85.332045,1386.01,"home_goods_store, store, point_of_interest, establishment"
ChIJARYDZtQZ6zkROcTzD93UEps,retail,Snb Paint Shop,building_materials_store,"Ring Rd, Lalitpur 44700, Nepal",27.663198,85.316839,1390.26,"building_materials_store, home_goods_store, store, point_of_interest, establishment"
ChIJ_QzCX0wZ6zkRpd7Q33fMzNE,retail,Shahil store,clothing_store,"M8CQ+XJ4, Lalitpur 44600, Nepal",27.6723892,85.3390924,1392.3,"clothing_store, store, point_of_interest, establishment"
ChIJ17gruSwZ6zkRmM-bkgGn4jc,retail,Susha's Collection,clothing_store,"Saugal Tole, Chalachhein Galli, Lalitpur 44600, Nepal",27.6850307,85.31975659999999,1392.53,"clothing_store, store, point_of_interest, establishment"
ChIJdZshStgZ6zkRltsg7p81M9A,retail,Gautam Electric Shop,electronics_store,"M8HQ+M2F, Shrinkhala Galli, Kathmandu 44600, Nepal",27.6791979,85.33753569999999,1392.64,"electronics_store, store, point_of_interest, establishment"
ChIJvxhf6V0Z6zkRYbFMIXGKsIw,retail,HOME SHOP,clothing_store,"Nirmaleswor Galli, Lalitpur 44700, Nepal",27.6608383,85.324699,1397.11,"clothing_store, store, point_of_interest, establishment"
ChIJRTB-5SQZ6zkR5PSK75QgSCk,retail,eAcademy Nepal,,"Damodar Marg, Lalitpur 44700, Nepal",27.6658383,85.3136255,1400.61,"electronics_store, service, store, point_of_interest, establishment"
ChIJlwC_FKkZ6zkR87tIt3vBu48,retail,Laliusha tradex,womens_clothing_store,"32 Shrinkhala Galli, Kathmandu 44600, Nepal",27.678594800000003,85.3379585,1400.71,"womens_clothing_store, clothing_store, store, point_of_interest, establishment"
ChIJefhCUN4Z6zkRKsaEp5GVJMk,retail,Bafal Binayak Store,convenience_store,"M87J+2VH, Sundar Marg, Lalitpur 44700, Nepal",27.6625581,85.3322482,1401.04,"convenience_store, food_store, store, point_of_interest, food, establishment"
ChIJF8j3Jj4Z6zkRig-O-38TC2I,retail,WOM | Women Over Men,shopping_mall,"M8MJ+RMC, Madhya Marg, Kathmandu 44600, Nepal",27.6845612,85.331632,1402.4,"shopping_mall, point_of_interest, establishment"
ChIJb8dlJF0Z6zkRtFAiuYvqZn8,retail,Bluebell Technology Pvt Ltd,electronics_store,"M8MJ+RMC, Madhya Marg, Kathmandu 44600, Nepal",27.6845612,85.331632,1402.4,"electronics_store, store, point_of_interest, establishment"
ChIJ4zFK-CAZ6zkR1F1VPwEk2LM,retail,ORCHID BOUTIQUE,clothing_store,"M88P+27X, Imadol Road, 44700, Nepal",27.6651192,85.3357455,1402.73,"clothing_store, point_of_interest, store, establishment"
ChIJffI9zJwZ6zkRCetn3HnNeOg,retail,Manita Fashion Hub,clothing_store,"F072, Lalitpur 44700, Nepal",27.6651187,85.33574829999999,1402.97,"clothing_store, point_of_interest, store, establishment"
ChIJO3KGW9MZ6zkRDEXAb1wKf2k,retail,Maya Devi Cosmestics Shop,clothing_store,"M877+WR8, रिङ्ग रोड, Lalitpur 44700, Nepal",27.6647845,85.3145737,1404.29,"cosmetics_store, clothing_store, store, point_of_interest, establishment"
ChIJZeVZU9YZ6zkRRuDLW3M2Bro,retail,Prashanta Store,home_goods_store,"Talchikhel, M86C+FG6, Lalitpur 44700, Nepal",27.6611606,85.3212625,1409.85,"home_goods_store, point_of_interest, store, establishment"
ChIJA_F5XbUZ6zkR62YUHeAkurk,retail,HODGEPODGE wearhaus,clothing_store,"M8J7+XX2, Lalitpur 44600, Nepal",27.6823996,85.314894,1411.29,"clothing_store, store, point_of_interest, establishment"
ChIJNcUoDFAZ6zkRPtXB1qjCZJ0,retail,Dark Angel Boutique,clothing_store,"M88P+29R, Lalitpur, Nepal",27.6651061,85.335893,1414.67,"clothing_store, point_of_interest, store, establishment"
ChIJXf7UQsAZ6zkRH54olb0FJsY,retail,Dhurba store,home_goods_store,"M877+XMQ कुसुन्ती बस बिसौनी, Lalitpur 44700, Nepal",27.6649638,85.31424609999999,1414.75,"home_goods_store, store, point_of_interest, establishment"
ChIJj8IYom0Z6zkRqT9YkEblC7Q,retail,Aroma Wears,clothing_store,"Lalitpur 44700, Nepal",27.6606716,85.32565060000002,1416.78,"clothing_store, store, point_of_interest, establishment"
ChIJ197KVH8Z6zkRnoz0i87k69o,retail,Aama's Creation,clothing_store,"44600 Ring Rd, Lalitpur 44700, Nepal",27.6658177,85.3133862,1420.89,"clothing_store, store, point_of_interest, establishment"
ChIJ8Sy_5H0Z6zkR207C7LshbvU,retail,Muna Boutique & Tailoring,clothing_store,"Ganesh Marga, Kathmandu 44600, Nepal",27.6827625,85.33483939999999,1422.17,"clothing_store, store, point_of_interest, establishment"
ChIJ0TVykSAZ6zkRWPix0Q24zT0,retail,Radium Trade Int’l,electronics_store,"Bakhundole, Lalitpur 44600, Nepal",27.6824076,85.3147183,1424.17,"electronics_store, store, point_of_interest, establishment"
ChIJCfpaM-cZ6zkRM-O8y4JmlTk,retail,Light tareda and concerns,building_materials_store,"इमाडोल-६, 44700, Nepal",27.6650258,85.3359648,1425.85,"home_goods_store, building_materials_store, point_of_interest, store, establishment"
ChIJcU8iawAZ6zkRg_TV8ikP-LI,retail,"Shankhamul, Yaat paun marg",clothing_store,"01, काठमाडौँ 44700, Nepal",27.6827716,85.3348917,1426.42,"clothing_store, store, point_of_interest, establishment"
ChIJHwr2vdQZ6zkR3vEpMUonEE4,retail,"PASA FANCY, Gwarko,Imadol",clothing_store,"M88P+2CG, Lalitpur, Nepal",27.6650646,85.3360459,1429.11,"clothing_store, point_of_interest, store, establishment"
ChIJxRLBLQAZ6zkR6djVpnsc-ls,retail,Aliza Sirak Dasna Pasal,furniture_store,"united school United school, Lalitpur 44600, Nepal",27.6650444,85.33610279999999,1434.83,"furniture_store, home_improvement_store, home_goods_store, point_of_interest, store, establishment"
ChIJb73dLQAZ6zkR-1uZi69RE4A,retail,BoB’s wife,book_store,"M86F+5X8, Nirmaleswor Galli, Lalitpur 44700, Nepal",27.6604221,85.324968,1443.08,"book_store, store, point_of_interest, establishment"
ChIJey-f4n0Z6zkRldaWojBkVAo,retail,Shuvani kitchen center,building_materials_store,"M8MM+7W7, Shree Nagar Marg, Kathmandu 44600, Nepal",27.683165100000004,85.3348043,1452.96,"building_materials_store, home_goods_store, store, point_of_interest, establishment"
ChIJNz6SVlcZ6zkRLr6NRup_uNQ,retail,Nepal Iron Udhyog,furniture_store,"44600, Nepal",27.6649282,85.3362461,1453.95,"furniture_store, home_improvement_store, home_goods_store, point_of_interest, store, establishment"
ChIJQ93d9noZ6zkRrw2zrk7HUjA,retail,"A One Fancey Store , Sankhamul.",clothing_store,"M8MP+43R, श्रीनगर मार्ग, Kathmandu 44600, Nepal",27.6829267,85.33514480000001,1456.06,"clothing_store, store, point_of_interest, establishment"
ChIJWQ_TT5UZ6zkR1tLS2thawb8,retail,WELCOME SHIRTING SUITING & TAILORING,store,"नयाँ बानेश्‍वर, श्रीनगर मार्ग, Kathmandu 44600, Nepal",27.6830726,85.3349743,1456.53,"clothing_store, store, point_of_interest, service, establishment"
ChIJ7QqS-JUZ6zkRv4xOGeqry7o,retail,Jockey -Raya’s clothing store,clothing_store,"Kathmandu 44600, Nepal",27.6830592,85.3350274,1458.96,"clothing_store, store, point_of_interest, establishment"
ChIJsxZMTpUZ6zkR8UpS4C9EqY8,retail,श्री गोरखनाथ सुन चाँदी पसल,jewelry_store,"श्री नगर मार्ग, Kathmandu 44600, Nepal",27.6830376,85.3350664,1459.8,"jewelry_store, store, point_of_interest, establishment"
ChIJxbem4lYZ6zkR7hTUB1nkHGE,retail,ZeroData,clothing_store,"Bhattrai Marg, Lalitpur 44600, Nepal",27.6826807,85.3144814,1462.12,"clothing_store, store, point_of_interest, establishment"
ChIJn582lLYZ6zkR7tfngUm94jI,retail,C Brothers Enterprises,home_goods_store,"M878+67H, Unnamed Road, Lalitpur 44700, Nepal",27.663075,85.3157325,1466.65,"home_goods_store, store, point_of_interest, establishment"
ChIJ1QGuLOcZ6zkRFJSJntDLnis,retail,shree nitya suppliers,home_goods_store,"M87P+WGX, Nepal",27.6648665,85.3363676,1467.51,"home_goods_store, point_of_interest, store, establishment"
ChIJcT0GZpEZ6zkRBFkvfqmNdqM,retail,"Bajra Yogini Jewellers, Imadole",jewelry_store,Nepal,27.6648633,85.3363686,1467.82,"jewelry_store, point_of_interest, store, establishment"
ChIJNachINgZ6zkRcFZ5ftzVYpo,retail,DIVA Boutique,womens_clothing_store,"M86F+3JQ, सातदोबाटो सडक, Lalitpur 44700, Nepal",27.6602116,85.3241243,1469.02,"womens_clothing_store, clothing_store, store, point_of_interest, establishment"
ChIJFTpO0-AZ6zkR_EPIVAZYNoY,retail,Saphal Color Traders,building_materials_store,"M87P+XJR, F072, Nepal",27.6649821,85.3365269,1471.3,"home_goods_store, building_materials_store, point_of_interest, store, establishment"
ChIJn2qdlq8Z6zkR7jf_rxT-8yk,retail,Tara Christian Book Shop,book_store,"M865+CVX, Prabhawati Marg, Lalitpur 44700, Nepal",27.6637462,85.3147736,1471.92,"book_store, store, point_of_interest, establishment"
ChIJc2I-SZUZ6zkR_MckR67c-94,retail,Bangalamukhi Clothing Store,clothing_store,"M8MP+556, श्री नगर मार्ग, Kathmandu 44600, Nepal",27.6829213,85.33539329999999,1472.52,"clothing_store, store, point_of_interest, establishment"
ChIJV3up9NQZ6zkR_kQL_8jdsvI,retail,Sharma Sindhu Enterprises,hardware_store,"M878+49Q, Lalitpur 44700, Nepal",27.662833,85.315985,1472.69,"hardware_store, building_materials_store, home_goods_store, store, point_of_interest, establishment"
ChIJnfrMsNQZ6zkRql_R7htzAa8,retail,Bhawani Complex,department_store,"M877+FX4, Ring Rd, Lalitpur 44700, Nepal",27.663584000000004,85.31496,1472.73,"department_store, physiotherapist, health, store, restaurant, point_of_interest, food, establishment"
ChIJpVNFLwAZ6zkRYQrndPuYzPM,retail,Drone camera kin-bech,electronics_store,"M86F+3M2, Yala Sadak, Lalitpur 44700, Nepal",27.6601471,85.32413249999999,1476.13,"electronics_store, store, point_of_interest, establishment"
ChIJkfHIl9QZ6zkR2ipoMtH8x0A,retail,Bhawani Mart,shopping_mall,"3114 Ring Rd Dakshin, Lalitpur 44700, Nepal",27.6634173,85.3150919,1477.92,"shopping_mall, point_of_interest, establishment"
ChIJUQnDj7gZ6zkRWySKeFDsgHg,retail,Subtle & Chic,clothing_store,"Kathmandu 44600, Nepal",27.6833014,85.3350397,1479.71,"clothing_store, store, point_of_interest, establishment"
ChIJISMxB3oZ6zkRjK3YZ81YnZ4,retail,Magar Solta Repairing Center,electronics_store,"Bahundhara Chwok - Imadol, ललितपुर, Nepal",27.6647311,85.33645229999999,1483.62,"electronics_store, point_of_interest, store, establishment"
ChIJc2Ji0-AZ6zkR0ycm66uHTiU,retail,Reshika Communication,electronics_store,"F072, Nepal",27.6649026,85.33661649999999,1483.74,"electronics_store, point_of_interest, store, establishment"
ChIJ_4C1hy0Y6zkRE1CpumuGrNo,retail,Ankit lakhe store,supermarket,"M896+W5H, Lalitpur 44700, Nepal",27.669803,85.3104719,1485.54,"supermarket, grocery_store, food_store, food, point_of_interest, store, establishment"
ChIJK-V-WNAZ6zkRM1AQ8cGc1mY,retail,Mr Store Nepal,asian_grocery_store,"13 Damodar Marg, Lalitpur 12414, Nepal",27.6637914,85.31439189999999,1494.29,"asian_grocery_store, supermarket, grocery_store, food_store, store, point_of_interest, food, establishment"
ChIJf4khWCEZ6zkRRLVtByjnKJs,retail,Shubhkamna Readymade Suppliers,clothing_store,"Shree Nagar Marg, Kathmandu 44600, Nepal",27.6829235,85.3357226,1495.41,"clothing_store, store, point_of_interest, establishment"
ChIJmyz031MZ6zkRUJiVhBnsw98,retail,Chelis Collection,clothing_store,"M877+W88, Kusunti Marg 13, Lalitpur 44600, Nepal",27.6647912,85.3133167,1496.71,"clothing_store, store, point_of_interest, establishment"
ChIJieq9vLMZ6zkRvDx_WHvt4o0,retail,Urbantogs,jewelry_store,"Pragatinagar Marg, Kathmandu 44600, Nepal",27.6834549,85.3351067,1496.83,"jewelry_store, store, point_of_interest, establishment"
ChIJa5Os8qkZ6zkR6Q0UNhpyUyM,retail,Shubha Enterprises,home_goods_store,"Kathmandu 44600, Nepal",27.6834426,85.3351253,1497.03,"home_goods_store, store, point_of_interest, establishment"
ChIJl-csqMUZ6zkRlkoDt-c_Nkg,school,Adarsha Kanya Niketan Higher Secondary School,school,"M8FG+F94, भिन्द्यो क्व - सौग: लँ, Lalitpur 44700, Nepal",27.6736353,85.3259532,97.44,
ChIJmfgqWsUZ6zkRO-pC0Vfk6JU,school,Sugata Buddhist College,university,"M8CF+HM2, Lalitpur 44600, Nepal",27.6713873,85.32414059999999,239.27,
ChIJ87OfSgAZ6zkRbSJ3GPKst_0,school,Lalit LS School-Saugal,school,"M8CG+JRP, Lalitpur 44600, Nepal",27.6716156,85.32711429999999,287.61,
ChIJR39kw8QZ6zkR4ITOO_gMcQk,school,Lalit Bikas Nimna Madyamik Vidyalaya,school,"कुरि सौगल, ललितपुर, M8CG+MW7, Lalitpur 44600, Nepal",27.671661,85.3273009,297.88,
ChIJjWzIlsQZ6zkRuWB4t7jhM1k,school,Shree Shanti H. S. School,secondary_school,"M8FH+272, शहीद शुकर्‍ मार्ग, Lalitpur 44700, Nepal",27.672511,85.328147,325.29,
ChIJr5kDlN0Z6zkRCCJ8XoebdsM,school,Doremi pre-school,preschool,"F072, Lalitpur 44600, Nepal",27.6706605,85.3263161,331.04,
ChIJHZV4JM8Z6zkRwIg7z7xImho,school,Horizon English School,secondary_school,"M8FC+XQW, धलायचा लँ, Lalitpur 44700, Nepal",27.6749974,85.3219687,347.36,
ChIJM-avqs8Z6zkR_EHqyhpqY0s,school,Hilaros Montessori Pre - School,school,"M8FC+7HW, Lalitpur 44600, Nepal",27.673245700000003,85.3214409,350.9,
ChIJ0xDxrM8Z6zkRL_3rAOsi86Y,school,Purnachandi Boarding Secondary School,school,"M8FC+6H3, अग्निशाला सडक, Lalitpur 44700, Nepal",27.673002,85.3214285,354.48,
ChIJ-bfgsNoZ6zkRFDb23HSbgsU,school,श्री मिननाथ आदर्श शिक्षा सदन नि. मा. वि,government_office,"12 टगंल, Lalitpur 44700, Nepal",27.6698735,85.3248783,392.31,
ChIJNyHThpMZ6zkRs8dWBPirqh8,school,Room,school,"M8FC+49C, Lalitpur 44600, Nepal",27.6728075,85.3208981,409.27,
ChIJb_6wbcQZ6zkRjXRBkw_RhuM,school,Shramik Shanti Secondary School श्रमिक शान्ति माध्यमिक विद्यालय,government_office,"M8FH+QJJ, Lalitpur 44600, Nepal",27.6744736,85.3290081,412.36,
ChIJP8LW2egZ6zkREnki1gVypnA,school,Bhassara Sec. School,school,"M8FC+654, Purnachandi Rd, Lalitpur 44700, Nepal",27.6730186,85.32044549999999,450.51,
ChIJx03DJ9AZ6zkRkA7zk1secco,school,Y.M.B.A International Buddhist School,school,"M8CC+3RW, Lalitpur 44600, Nepal",27.6702481,85.3220758,453.6,
ChIJ1WVs1s8Z6zkRA7reH7FNn4k,school,Moonlight Secondary School (Moliss),school,"Lalitpur 44700, Nepal",27.670449,85.3217545,458.06,
ChIJ664uWQAZ6zkRV6BSNOloBwk,school,Open School (Yasodhara Open School),school,"M89G+P9F, Lalitpur 44600, Nepal",27.6693083,85.3259255,464.02,
ChIJP4pZYcYZ6zkRT8oXG6ifOc0,school,Kumbeshwar Technical School,,"Kumbeshwar, Lalitpur 44700, Nepal",27.677504,85.32629,473.69,
ChIJGcQv3doZ6zkR06M6843ULek,school,Shree Yashodhara Bauddha Secondary School,school,"M89G+P8X, 12 Chakrabahil - Mahaboudha Rd, Lalitpur 44600, Nepal",27.6691765,85.3259341,478.56,
ChIJZwOv0cgZ6zkR0s2wFKRf5dI,school,Badya Shiromani Gharana,school,"M8GC+PQ2, Mikhabahal - Baliphal Rd, Lalitpur 44600, Nepal",27.6767682,85.3218804,484.4,
ChIJd7i2rMQZ6zkRCInBaaU3Dl4,school,Shree Gyan Mandir School,school,"M8CH+8HH, Lalitpur 44600, Nepal",27.6708249,85.32898229999999,485.57,
ChIJ0RGlb8MZ6zkR_LNyK9Pfke4,school,Shubha Kamana Secondary Boarding School,school,"Lalitpur 44600, Nepal",27.6726766,85.3298895,488.17,
ChIJha3VldoZ6zkRzA1dQh0m3GU,school,SHREE BALKUMARI ENGLISH SECONDARY SCHOOL,secondary_school,"M89G+H2W, Prayag Pokhari Marg, Lalitpur 44700, Nepal",27.668984,85.325093,491.12,
ChIJ_doodAAZ6zkRuJFJ4FioeUo,school,Private SEE Coaching (Open School) Tuition,school,"M89F+M9G, Prayag Pokhari Marg, Lalitpur 44600, Nepal",27.6691918,85.32345959999999,491.9,
ChIJbRbbZbgZ6zkRFPBkEBGLV88,school,"Excel Institute - Computer Institute, English Language, Private SEE, SEE tuition, Computer course in Lagankhel",educational_institution,"Prayagpokhari, Lalitpur 44600, Nepal",27.6691901,85.3234597,492.08,
ChIJv_V2Ag4Z6zkR79Rd5mkWUQU,school,Subhakamana school,school,"M8CH+WWH, Chapat Rd, Lalitpur 44600, Nepal",27.6723085,85.3298633,494.06,
ChIJkwvKc8MZ6zkRRWdbi1UDScI,school,Lalit Kalyan Kendra Lower Secondary School,secondary_school,"M8FJ+53V, Lonla Tole Marg, Lalitpur 44700, Nepal",27.6729956,85.3301678,510.88,
ChIJ7V8o54_4i2AR9pyvyiIgk8A,school,Hotelogy Academy Kumaripati,school,"Yala Sadak, Lalitpur 44600, Nepal",27.6697515,85.3217032,519.61,
ChIJfZE8lsgZ6zkR9GI_jkoNyWc,school,New Sumnima secondary school,school,"M8HF+476, Lalitpur 44700, Nepal",27.6777818,85.32313169999999,520.81,
ChIJPQDzf7MZ6zkRGgZjm1Oppa4,school,Nirvana Montessori,school,"M8CC+H28, Lalitpur 44600, Nepal",27.6714006,85.3200669,534.25,
ChIJr7QQxscZ6zkRpHYmguktfkk,school,Ouzo Bakery School,school,"Mahalaxmisthan Rd, Lalitpur 44700, Nepal",27.6693153,85.3221336,534.77,
ChIJgcMiMBoZ6zkREXNrUGODKbU,school,V. S. P School (Vidhya Sagar Public School),school,"M8GJ+42M, Lalitpur 44600, Nepal",27.6753328,85.3300501,541.76,
ChIJYUC-bccZ6zkRs3LhQh04jLs,school,Ni-laa Montessori V. S. P School,school,"M8GJ+234, Lalitpur 44600, Nepal",27.6750119,85.33021269999999,543.71,
ChIJV9jINtAZ6zkRL1DvTOdwujU,school,Pragati Adarsh English School,school,"Lagankhel Road, Lalitpur 44600, Nepal",27.6692135,85.3217925,562.56,
ChIJJZxOFZkZ6zkRYF1zUcqbQBs,school,Lalitpur Swopna Sansar School,primary_school,"Khalan Marg, Lalitpur 44600, Nepal",27.6765772,85.3295151,567.89,
ChIJRzuoCvUZ6zkRDMQJKw8zDNg,school,Boost Stride Academy,,"Prayag Pokhary, Kathmandu 44700, Nepal",27.6682821,85.3248788,569.21,
ChIJr2jXc8gZ6zkR3TqwwXii8m8,school,Mitra School,school,"Lalitpur 44700, Nepal",27.6785976,85.32466289999999,578.9,
ChIJUTJyGc4Z6zkR4AOqEI6Y46M,school,Testing,educational_institution,"Lalitpur 44600, Nepal",27.6708125,85.3198125,586.3,
ChIJBfMfn84Z6zkRv8ALKcS2aFQ,school,Lotus Academic College,school,"M8F9+RM3, Patan Dhoka-Madan Smarak Road, Lalitpur 44700, Nepal",27.6745234,85.31916869999999,587.67,
ChIJj49ZEM4Z6zkRvIF9Tg2YMho,school,"JEF - Jasper Education Foundation - CMAT, KUUMAT, PUMAT, BCA, BSc.CSIT,..Entrance Preparation",educational_institution,"Lalitpur 44700, Nepal",27.6711101,85.31962089999999,587.73,
ChIJB-3wD8MZ6zkRFLCSOY7u0tc,school,Early Kids Home,school,"M8FJ+594, Lalitpur 44700, Nepal",27.6728816,85.33096359999999,590.09,
ChIJ7c5AMbkZ6zkRzFm1F5JEvok,school,Asami Education,school,"Lalitpur 44700, Nepal",27.6716468,85.31924409999999,599.41,
ChIJPesC99EZ6zkRN2RruXPH6Ds,school,Omega College,university,"M89C+Q57, Kumaripati First Lane Marg, Lalitpur 44700, Nepal",27.6697527,85.3204971,600.93,
ChIJb5e6hqUZ6zkR8-_a9RR_rn4,school,Chakupat,school,"M8HF+F46, 5 Mitra Galli, Lalitpur 44600, Nepal",27.678484,85.322918,601.34,
ChIJVS9IhU4Z6zkRcDAurkU4jVQ,school,Blooming Kids Pre School and Day Care,school,"M8HF+F46, Lalitpur 44600, Nepal",27.678484,85.322918,601.34,
ChIJvZGK2rQZ6zkRS66JEFDCDMk,school,Eden Garden Secondary Boarding School,school,"M8HF+FCC, Lalitpur 44600, Nepal",27.678688,85.3235011,606.24,
ChIJKSteRyAZ6zkR8S9cWqo-WSA,school,BabyStar Pre-school,school,"M8HF+F5J, Lalitpur 44600, Nepal",27.6787052,85.3228836,625.64,
ChIJjxY1q-UZ6zkR5Q_SNthyjw8,school,Little Scholars Kindergarten and Daycare,school,"M8C9+7MW, Kumaripati - Mahalaximisthan Rd, Lalitpur 44600, Nepal",27.6708202,85.31930890000001,629.59,
ChIJg9xmD84Z6zkRxVvX2Uudri0,school,Manaslu International Education,consultant,"Lalitpur 44600, Nepal",27.6710368,85.3191808,630.43,
ChIJTZ7akQUZ6zkRA25oilRpgtg,school,Star Kids Montessori,school,"Taphalho Rd, Lalitpur 44600, Nepal",27.6747179,85.3186303,644.15,
ChIJ5RelcQAZ6zkRhHf_ftSZK7A,school,Patan High School,secondary_school,"M8HC+8JR, Lalitpur 44600, Nepal",27.6783673,85.32150060000001,651.02,
ChIJvWZwzhEZ6zkRfIUwUmadI4A,school,Moral Sikha Academy,school,"Unnamed Road, Lalitpur 44600, Nepal",27.6726784,85.3315646,651.41,
ChIJqZhMycYZ6zkRmLzOMt4209E,school,Little City Kids Home,school,"M8HH+8F5, Bangalamukhi-Shankhamul Rd, Lalitpur 44700, Nepal",27.678265,85.3287469,654.81,
ChIJv3GkSmwZ6zkRfRSHpRuNCd8,school,Masterchef Hotel Training Center,school,"Buspark, Lalitpur 44700, Nepal",27.6676321,85.3234454,659.38,
ChIJ01mgKswZ6zkRko9zzm6lYwI,school,VIDYA VIKASH BOARDING HIGH SCHOOL,school,"पूर्णचण्डी मार्ग, Lalitpur 44700, Nepal",27.6741553,85.3183485,660.37,
ChIJg9oqTK0Z6zkR2hyROsT2WxM,school,Childent Talent Montessori School,school,"Prayagpokhari, M88F+XQG, ललितपुर 44700, Nepal",27.6674411,85.3244514,664.8,
ChIJTdHJxUQX6zkRHfiIq95zc6Y,school,Little Flowers Public School,school,"11 Dathulan Rd, Lalitpur 44601, Nepal",27.6786098,85.3283538,666.83,
ChIJ40hkJcwZ6zkRYKHccjg8EPQ,school,Bal Vinod Secondary School,secondary_school,"M8F9+H8C, नटोल, Lalitpur 44700, Nepal",27.673926,85.318252,667.08,
ChIJiRGgfYQZ6zkRDpVlQB9moVM,school,Omega secondary school,school,"Lalitpur 44600, Nepal",27.670255,85.31914979999999,673.94,
ChIJqwT9_MUZ6zkRMZzoy9oTdMM,school,Shree Chandee Adarsha Saral Secondary School,secondary_school,"M8HF+QHC, Lalitpur 44700, Nepal",27.6794442,85.3238774,681.12,
ChIJfVLCdFkZ6zkRgAeV1UZmX20,school,Nirvana Secondary School,school,"M8C9+9F, Lalitpur 44600, Nepal",27.6708929,85.3186772,682.21,
ChIJVVWVVtoZ6zkRl_JZVoaakdg,school,National Children's School,school,"M88G+WFC, Lalitpur 44700, Nepal",27.6673006,85.3261411,687.47,
ChIJ3ZewKe8Z6zkR00Ug_US5ftg,school,"Ristretto Barista Coffee School, Kumaripati",school,"M8C9+M8M, Lalitpur 44600, Nepal",27.6717016,85.31828569999999,687.64,
ChIJvbJgqdsZ6zkR22FJfy8dMFM,school,Bal Vikas Secondary School,school,"M88G+WQJ, Prayag Pokhari Marg, Lalitpur 44600, Nepal",27.6673288,85.3268878,700.22,
ChIJxcEidBUZ6zkRLV_3yMVo7o8,school,Milestone School,school,"Lalitpur 44700, Nepal",27.6670463,85.3256451,709.35,
ChIJR91jtsYZ6zkRIgZ2PSmzeK8,school,Chandani Secondary English School,school,"M8HH+6X6, Lalitpur 44600, Nepal",27.6780625,85.3299375,710.77,
ChIJ2aNhIDgY6zkRjFh-kb29LgE,school,Evolution School,school,"M8C9+6CR, Lalitpur 44600, Nepal",27.6706031,85.3185031,711.38,
ChIJyXJ2-ssZ6zkRrR8pc3wLsqE,school,Madan Smarak Secondary School,school,"M8G9+C9M, Patan Dhoka-Madan Smarak Road, Lalitpur 44700, Nepal",27.6760805,85.3184362,711.78,
ChIJrf4T-sIZ6zkR2D28IvoToUc,school,Universal Secondary English School,school,"M8FJ+7WF, Lonla Tole Marga, Lalitpur 44700, Nepal",27.673199,85.3322999,719.21,
ChIJOyUiNcwZ6zkRNZYcV5Gw8_s,school,GYAN-SHIKHA B. HIGH SCHOOL,secondary_school,"M8F9+73M, पूर्णचण्डी मार्ग, Lalitpur 44700, Nepal",27.6732114,85.3176766,721.48,
ChIJHeG2r9sZ6zkRBwcUXGXd2jY,school,Unique Model Academy,primary_school,"Kanibahal -6 , Lagankhel, Lalitpur 44700, Nepal",27.6671551,85.3270229,722.41,
ChIJCTsvSoMZ6zkR0IMi0NfAQpw,school,Manasukh Dhvani | Online Music School in Nepal,educational_institution,"Lalitpur 44600, Nepal",27.6758036,85.31817730000002,723.07,
ChIJt0WKFqoZ6zkRiJWSTzsxOyY,school,Himari Japanese Language School,school,"M89C+X8X, Lalitpur 44600, Nepal",27.6718342,85.3178327,726.96,
ChIJHS6N5cgZ6zkRtJE1qzfXFqo,school,Patan Secondary School,school,"M8HC+JFC, Lalitpur 44600, Nepal",27.679061,85.3211457,735.05,
ChIJWYHQEEEZ6zkR_iVvrMEVne4,school,Education Without Boarder,school,"M8HC+MGF, Lalitpur 00977, Nepal",27.6791794,85.32130099999999,738.69,
ChIJSzMhw8IZ6zkRMTWfM80BaeI,school,Oracle English Medium School,school,"M8CJ+QXG, Guitaa Marg, Lalitpur 44600, Nepal",27.6719464,85.3324464,750.89,
ChIJ_RhSkHMZ6zkRM61DSEdcafM,school,Unnati Secondary School,school,"Lalitpur 44700, Nepal",27.6664271,85.3251449,775.48,
ChIJq0ycIfsZ6zkRm4N9CgItrSc,school,Line Academy,educational_institution,"Jal Vinayak Marg, Lalitpur 44600, Nepal",27.675125,85.3172302,788.8,
ChIJ070ZMAAZ6zkRIQh2OtmVVhY,school,Home town,secondary_school,"M8GM+53V, Lalitpur 44600, Nepal",27.6754938,85.3326787,791.19,
ChIJqyfbRMwZ6zkRnM2r2RaLgU4,school,Smile Kindergarten,preschool,"M8F8+JQ8, Natole Rd, Lalitpur 44600, Nepal",27.674029,85.3169427,796.52,
ChIJlUDhlLgZ6zkRuWkmIk5nr1o,school,Heaven's Kindergarten,school,"Lalitpur 44600, Nepal",27.6804154,85.3266349,796.52,
ChIJ6RQh_c0Z6zkRSccn_Fe62wA,school,United Academy,educational_institution,"Lalitpur 44700, Nepal",27.6696081,85.3181244,797.64,
ChIJ_wctXAAZ6zkRMA0wRsFEEMs,school,Happy Hour Montessori,school,"Sinchahiti, Lalitpur 44700, Nepal",27.6663874,85.32719089999999,809.06,
ChIJa4kkXMwZ6zkRp9iH_yNLScU,school,Lovely Home Jawalakhel,school,"Lalitpur 44700, Nepal",27.6738179,85.3167922,809.6,
ChIJnwc5tzIZ6zkR5fFsG66oaNc,school,IGK Pre-school,primary_school,"M8JC+3WW, Mitra Marg, Lalitpur 44700, Nepal",27.6804859,85.3227055,819.67,
ChIJ7RezedwZ6zkRzwsXXIIj6Ew,school,श्रमजित किशोर माध्यामिक विद्यालय,secondary_school,"M88H+RPF, लुँखुसी, Lalitpur 44600, Nepal",27.667072,85.329296,821.03,
ChIJVVWVUMwZ6zkRx5OF0gXA9u0,school,Shikhar Boarding School,school,"M8F8+GJC, Lalitpur 44600, Nepal",27.673814,85.3165308,835.27,
ChIJ-U8KeswZ6zkRQSQA_us4I1A,school,TRI-PADMA VIDYASHRAM SECONDARY SCHOOL,secondary_school,"Tripadma School Rd, Lalitpur 44600, Nepal",27.6755591,85.3168728,835.55,
ChIJK4OIGtEZ6zkRGtK1CqGKw28,school,Academy of Culinary Arts and Hospitality Management,,"Lalitpur 44700, Nepal",27.6668098,85.32083469999999,839.79,
ChIJkwZUVswZ6zkR4kiWCAFzPhk,school,Cubby Care Pre House,school,"M8F8+FHG, Jawalakhel Rd, Lalitpur 44700, Nepal",27.673677800000004,85.3164675,840.81,
ChIJ5TeKoNEZ6zkRbXb5xuzor7s,school,Campion School,school,"M88C+R45, Mahalaxmi Road, Lalitpur 44700, Nepal",27.667,85.32034809999999,846.35,
ChIJdzTJsNMZ6zkRjucfvmXXQKA,school,The Rising School,school,"Sinchahiti (Kanibahal), Lalitpur Opposite to NIMS College, Lalitpur 44700, Nepal",27.6663104,85.328296,852.53,
ChIJi0Mek9sZ6zkRaUIq44En9Yg,school,Baal Vidhya Griha,preschool,"M88H+G87, Sinchahiti, Lalitpur 44700, Nepal",27.6662877,85.3282974,854.92,
ChIJYW8lcxMZ6zkRD266IjgKhWc,school,The Little Lambs Pre School and Day Care,preschool,"BatukBhairab Marg, Lalitpur 44600, Nepal",27.6657208,85.3258577,858.06,
ChIJUTyTn5wZ6zkRnmjI9vZwWhY,school,"Niharika Public School, Lunkhusi, Gwarko",school,"Unnamed Road, M88H+PWG, ललितपुर 44700, Nepal",27.6668232,85.32983,872.38,
ChIJdakviswZ6zkRNGi5YNuvgjw,school,Sagarmatha Secondary School,school,"Lalitpur 44700, Nepal",27.6746437,85.316249,872.78,
ChIJg-1kWdwZ6zkRxeKdTDj6MQc,school,Prabhat Higher Secondary School,school,"M89J+293, ग्वार्को सडक, Lalitpur 44700, Nepal",27.6675007,85.3309235,877.83,
ChIJk3EIsYcZ6zkRw0NufxnkJWs,school,Hamro Kids Zone pre school,school,"Deko sadak marga, Lalitpur 44600, Nepal",27.6695263,85.33276769999999,877.88,
ChIJE0Cr9okZ6zkRpsVSzGZbxTs,school,JoshiGroup,primary_school,"M8CM+CCM, Lalitpur 44600, Nepal",27.6710982,85.33354399999999,879.45,
ChIJ3yoe_sIZ6zkRFrsNfUcYPpM,school,Nava Vidya Mandir School/नव विद्या मन्दिर स्कुल,school,"Balkumari Rd, Lalitpur 44700, Nepal",27.6754737,85.3336449,881.98,
ChIJlZavEN0Z6zkRkqJ9OQHHoHE,school,Bal Deeksha Sadan Secondary School,government_office,"Bal Deekshya Sadan Higher Seconday School, 155 Deko Marga Uttar, Lalitpur 44600, Nepal",27.6688193,85.3324581,893.79,
ChIJBVZcbtoZ6zkRx_7XrftdgiY,school,Pinnacle Academy College (+2 Building),school,"to Hospital Rd, Lalitpur 44700, Nepal",27.6667102,85.3198697,899.22,
ChIJfaha8swZ6zkRfOzZNRHXgoQ,school,Prerana Kids Courtyard,preschool,"M8F8+P7G, Lalitpur 44600, Nepal",27.674311,85.315699,921.5,
ChIJi1fa7ycZ6zkRnerR6niRKQk,school,Baby Zone Pre-School and Child Care,preschool,"M8F8+M7R, Lalitpur 44600, Nepal",27.6742363,85.3156557,924.87,
ChIJzzJPCgAZ6zkR_zcBlRMY91M,school,Evolve IT Hub,,"Mahalaxmisthan Rd, Lalitpur 44700, Nepal",27.6658963,85.3208726,928.11,
ChIJV_qnJ8oZ6zkRdnbQdHaFtds,school,National Aviation Academy,school,"Krishna Galli Marg, Lalitpur 44700, Nepal",27.6798224,85.3189749,928.44,
ChIJZcTTjdcZ6zkR_4qsZv8hTuo,school,Springbells Montessori Day Care,school,"M899+35H, Lalitpur 44700, Nepal",27.6676932,85.3179825,938.22,
ChIJNUQXOmUZ6zkRp-McD46MaJk,school,"Gyanodaya secondary school ,pulchowk",school,"M8H8+7PX, Butwal 44600, Nepal",27.6782363,85.31685279999999,965.84,
ChIJDw6OA4gZ6zkRj3O9Zo3sD_0,school,Shining star pre school,preschool,"M8FM+QVX, Bhagwan marg, Lalitpur 44600, Nepal",27.6744875,85.33473099999999,965.86,
ChIJw9KePdEZ6zkRk1W6xyjvYr0,school,Lalitpur Madhyamik Vidyalaya (LMV),secondary_school,"M88C+75G, Lalitpur 44700, Nepal",27.6656778,85.32045889999999,968.14,
ChIJT8xNyIIZ6zkRFQTNJMyLKLM,school,Sayapatri (Marigold) School,school,"M88H+3F6, Lalitpur 44700, Nepal",27.6651609,85.328648,984.07,
ChIJlZkj-tsZ6zkRDI2Ioocs0rQ,school,Marigold Boarding High School,secondary_school,"M88H+3F6, रिङ्ग रोड, Lalitpur 44700, Nepal",27.66516,85.3286478,984.15,
ChIJWdIE2X0Z6zkRlYdiFxlKuR4,school,Future Stars High School,school,"M8F7+2XH, Lalitpur 44600, Nepal",27.6725652,85.3149885,990.25,
ChIJTXPTutQZ6zkRD3nibNBfDeo,school,Shree Lamanagi Lower Secondry School,school,"5499 Ring Rd Uttar, Lalitpur 44600, Nepal",27.6673005,85.33235049999999,991.96,
ChIJr6rFFM0Z6zkRxjRHwJ1D7Pk,school,Aksharaa Kindergarten,school,"M8C8+M22, Shanti Bagaicha Road, Lalitpur 44600, Nepal",27.6716428,85.31501790000002,1002.23,
ChIJX1horKwZ6zkRX4QhtB0jJLo,school,Bihani Kiran Pre School,school,"Deko marg, Lalitpur 44600, Nepal",27.6691517,85.33397769999999,1002.39,
ChIJEeN5u7AZ6zkRbEgDS4bncTU,school,Dreamz Sano Sansar School,preschool,"Mirmire tole, Kathmandu 44600, Nepal",27.664325,85.324466,1010.46,
ChIJv0dZUx4Z6zkRMt2yYoam47I,school,Shakya Animation,educational_institution,"Lalitpur 44600, Nepal",27.6820882,85.3282512,1017.75,
ChIJz5V4DlkZ6zkR76nrm2fDH8k,school,Hair n Shanti Unisex salon & Academy,beauty_salon,"2nd Floor, Miniso Building,Jawalakhel Chowk, Near world Link Office, Lagankhel Satdobato Rd, Lalitpur 44700, Nepal",27.6722305,85.31464860000001,1027.62,
ChIJqStRoZ4Z6zkR1lxNUO7dEcc,school,Takshashila Play Group and Nursery,preschool,"44600 Ring Rd, Lalitpur 44700, Nepal",27.6652504,85.3301841,1040.11,
ChIJMzJhpaQZ6zkR9QqZE0nPG-s,school,Technical Training & Research Institute (TTRI),school,"M899+WX8, Lalitpur 44600, Nepal",27.6654858,85.3193277,1042.34,
ChIJReJQjh8Z6zkRMFkD262IDOI,school,"St. Xavier's School Jawalakhel, Main Gate",secondary_school,"St. Xavier's School, Lalitpur 44600, Nepal",27.6741522,85.3142321,1063.66,
ChIJKRlqRwAZ6zkR0gQjFQlFImk,school,Petals Angels Child Care and Pre-school,preschool,"Lalitpur 44600, Nepal",27.6716468,85.3356391,1065.68,
ChIJ-eC3Rs0Z6zkRpKGSLqH6awE,school,Gate House,secondary_school,"M8F7+RM7, Lalitpur 44600, Nepal",27.6745331,85.3141639,1074.49,
ChIJ7Z0eStEZ6zkRrEe2Ds0ktIQ,school,Oxbridge International Secondary School,government_office,"M87C+V3M, महालक्ष्मीस्‍थान रोड, Lalitpur 44700, Nepal",27.6647187,85.3201662,1076.31,
ChIJJZ5M-IYZ6zkRDs4w2Z2RiJc,school,AIA Complex,secondary_school,"M8JM+625, Bangalamukhi-Shankhamul Rd, Kathmandu 24976, Nepal",27.6806078,85.3327111,1104.05,
ChIJ36oTpNIZ6zkR2vQtYeS-iVc,school,Ullens Kindergarten,school,"EPC 2678, Narayan Bhawan Bungalow, Lalitpur 44600, Nepal",27.6699704,85.314443,1107.36,
ChIJER3IASgZ6zkRlwlBYfPmeAI,school,Smart Care Boy's Hostel,government_office,"bds school, Lalitpur 44600, Nepal",27.6663423,85.3330053,1112.37,
ChIJsR0UZwAZ6zkROohiOHRpcjY,school,SXJ Children Park,secondary_school,"M8F7+VGV, Lalitpur 44600, Nepal",27.6747282,85.3138037,1112.4,
ChIJZRdPRcsZ6zkRay6Pf_QVlYQ,school,Shramik Bal Bigyan School,school,"M8G7+PP4, Lalitpur 44600, Nepal",27.6767668,85.3143405,1114.44,
ChIJXXr9VboZ6zkRcoBTjqH-gG4,school,school,school,"M8HM+MQ3 Bhume 3, sima 44600, Nepal",27.6791296,85.3344256,1125.78,
ChIJL6MeSDMY6zkRkL-uxKbO1nQ,school,St. Xavier's School,school,"Pulchowk Rd, Lalitpur 44700, Nepal",27.6743367,85.3135422,1133.1,
ChIJaQ_nFcAZ6zkRU30MLlW5hII,school,Neric Academy नेरिक एकेडेमी,secondary_school,"M8JM+67R, Kathmandu 44600, Nepal",27.6806006,85.3331494,1133.6,
ChIJDQBvd7QZ6zkRGtOL4AkYARM,school,Nepal Academy of Psychology,medical_clinic,"Yala Sadak, Lalitpur 44701, Nepal",27.678913,85.3151231,1149.68,
ChIJu1P9H60Z6zkRriQ9VdDlTYY,school,Eurokids Jawalakhel - Secondary Kindergarden/Montessori/Best Pre-School in Lalitpur Patan,preschool,"Damkal Marg, Lalitpur 44600, Nepal",27.6754234,85.3134862,1155.92,
ChIJp1O0QV8Z6zkRbTkDq5hh1vo,school,Sinchahiti Mahila Viddyalaya,school,"Sinchahiti, Lalitpur 44700, Nepal",27.6634693,85.32866489999999,1161.73,
ChIJFY23QLgZ6zkR7odejTrRHGU,school,Kids Merryland Secondary School,school,"M8MG+H4F, Lane 2, Lalitpur 44600, Nepal",27.6839269,85.3253084,1170.93,
ChIJFUfXm80Z6zkRS1PX0IN5wx0,school,Shree Choina Bina Guru Ganesh Adharbhut Bidyalaya,school,"M879+QG7, Lalitpur 44700, Nepal",27.6644011,85.3187914,1172.65,
ChIJIw-959IZ6zkRQBW1htWYGvQ,school,Adarsha Vidya Mandir,secondary_school,"M888+X24, Lalitpur 44600, Nepal",27.6673854,85.3150758,1184.24,
ChIJDwKXh1MZ6zkRmeRnW5zYBNc,school,Pixel Media & Multi-Media Training Academy,,"Ekta Marg, Kathmandu 44600, Nepal",27.6826623,85.3311007,1192.32,
ChIJkSx3UDMY6zkRZ9PN4Xmi0RI,school,Alpha's High School,secondary_school,"M8G7+463, Lalitpur 44700, Nepal",27.6752734,85.3130563,1194.45,
ChIJpf2bO9sZ6zkR1HiKe9XODWg,school,Shemrock Keen Kiddies Preschool,school,"Pulchowk - Dhobighat Rd, Lalitpur 44600, Nepal",27.6782763,85.3140078,1210.65,
ChIJXavRnOoZ6zkRmFJ1owAUP-g,school,Heartland Montessori,school,"M8JM+4QQ, Ganesh Marga, Kathmandu 44600, Nepal",27.6803266,85.33449019999999,1211.01,
ChIJ5_kLUwAZ6zkRjqmhESk-P_4,school,SVM High school,secondary_school,"M897+5PJ, Lalitpur 44600, Nepal",27.6679678,85.3142778,1216.46,
ChIJRYVgyQcZ6zkR0eksyn7ezHs,school,Little Hearts Kids Zone,school,"M87J+F9V, Lalitpur 44700, Nepal",27.663733,85.33091089999999,1222.42,
ChIJOQJ3Nb8Z6zkRh5WDHKDqb3s,school,Swapna Vatika School,school,"M8MH+RP6, Kathmandu 44600, Nepal",27.6838321,85.329279,1234.15,
ChIJn8so7S4Z6zkRRtlXzarRo48,school,Glide City Skate Park,sports_complex,"4th Cross, Lalitpur 44600, Nepal",27.6845229,85.32478820000001,1236.99,
ChIJx-1fymoZ6zkRnkI6VSfPXVM,school,Aakav kindergarten,school,"M878+VH5, Lalitpur 44700, Nepal",27.664886,85.3168992,1238.02,
ChIJsSDZyrgZ6zkRmBXP18IBet0,school,SV Academy,school,"M8MH+HJG, Kathmandu 44600, Nepal",27.6839398,85.3290725,1238.68,
ChIJNx_33tgZ6zkRrxAL-Krx_8c,school,Jana ekata margha,school,"M8MJ+96M, Kathmandu 44600, Nepal",27.6834529,85.3305516,1244.35,
ChIJ_W0yhwsZ6zkRMqv2DCzPdvQ,school,Iota Academy,school,"Kathmandu, Nepal",27.665532400000004,85.3342734,1264.65,
ChIJ32aTdyYZ6zkRfvadZaXnxYg,school,Shankha kids garten,school,"M8HP+8M2, Shrinkhala Galli, Kathmandu 44600, Nepal",27.6782633,85.33663589999999,1267.02,
ChIJ5zojmlAZ6zkRzCHlkira11s,school,SXJ Basketball Court 2,school,"M8G6+7HJ, Lalitpur 44700, Nepal",27.6751755,85.3121243,1283.21,
ChIJt08qNy0Y6zkR3ysSihIJRz8,school,Children's Garden pre-school,preschool,"M897+77W, Ekantakuna Rd, Jawalakhel Lalitpur 44600, Nepal",27.6682301,85.3131918,1297.18,
ChIJW0OgpNIZ6zkR4qaRjJm8ny8,school,Genesis International Preschool & Daycare Center,preschool,"M887+CVW, Road, Lalitpur 44600, Nepal",27.6661097,85.3146922,1299.06,
ChIJ8R4iXAAZ6zkRpvMIiXH6WOY,school,SXJ South Gate Parking Area,secondary_school,"M8F6+VPV, Lalitpur 44600, Nepal",27.6747407,85.31181230000001,1307.18,
ChIJx3QOAwAZ6zkRqHGc_3EDUhE,school,SXJ Basketball Court 3,secondary_school,"M8G6+4Q6, Lalitpur 44600, Nepal",27.6752798,85.3118958,1307.25,
ChIJA9AcfwAZ6zkR3lVnrV9s6LU,school,SXJ Basketball Court 1,secondary_school,"M8F6+PMP, Lalitpur 44600, Nepal",27.6743443,85.3117134,1312.6,
ChIJefcKY4IZ6zkRN8br0Z0cVmQ,school,निम्स्ट कलेज,school,"Harit Colony Street 1, Lalitpur 44600, Nepal",27.6682724,85.33702699999999,1314.48,
ChIJjcpSC78Z6zkRv9R-bhL_poU,school,Innovative English School,school,"Siddhartha Marg, Kathmandu 44600, Nepal",27.6838086,85.33149379999999,1322.28,
ChIJuyA5eTMY6zkRHcv4AyWZaTs,school,St. Mary's Sec. School,school,"M8G6+8MX, Lalitpur 44700, Nepal",27.6758556,85.3117401,1334.0,
ChIJMd-wbrkZ6zkRbhiVlcR3pH8,school,National Academy High School,secondary_school,"M8MM+58P, Kathmandu 44600, Nepal",27.6829507,85.33331749999999,1341.13,
ChIJXwBT2N4Z6zkRCo2ejFkoOuI,school,एन्फा एकेडेमी,school,"44600 Ring Rd, Lalitpur 44700, Nepal",27.6620203,85.329907,1354.5,
ChIJe0YiejMY6zkRjfHNt8mrfrU,school,St Mary's Primary School,primary_school,"44600, M8G6+7HJ, ललितपुर 44700, Nepal",27.6752926,85.3114081,1354.9,
ChIJa7S1NdMZ6zkRh8UyI-l7GdU,school,Landmark Academy [Aroma (B)- Block],school,"74 Damodar Marg, Lalitpur 44700, Nepal",27.6660149,85.31401129999999,1358.45,
ChIJMw1Gq5IZ6zkRl59dpRPeEGI,school,Triton Int´l College,university,"Koteshwor - 32, Kathmandu 44600, Nepal",27.6759074,85.33854029999999,1362.21,
ChIJW4mPMFUZ6zkRPbDH0EJ93Uw,school,Rainbow Kids International School,preschool,"Danphe Chari Marg, Kathmandu 44600, Nepal",27.6816553,85.3353999,1375.28,
ChIJmx0zTfwq4agR8gcnMiyRqEc,school,Daily Living,school,"Shrinkhala Galli, Kathmandu 44600, Nepal",27.6776891,85.3381583,1380.73,
ChIJXwZiS4KgGaARdyOtVAEnFPo,school,Sincere Pre School & Child Care Centre,preschool,"Lalitpur 44700, Nepal",27.6630675,85.317111,1386.94,
ChIJCRaWRdMZ6zkR8cqK7Z6wCF4,school,Daisy Pre-school Child Care,preschool,"M887+3PX, Damodar Marg, Lalitpur 44700, Nepal",27.665229000000004,85.314345,1387.99,
ChIJ7cRjgtYZ6zkRi6cdv2GBUMM,school,Caribbean Secondary School,school,"रिङ्ग रोड, Lalitpur 44700, Nepal",27.6619521,85.3188946,1407.8,
ChIJUdkkt98Z6zkR2wrHEQ545UM,school,Hospitality World Campus,educational_institution,"Jawalakhel Rd, Lalitpur 44600, Nepal",27.6700857,85.3111922,1408.8,
ChIJ6cx5eQAZ6zkR4AyzK4S54ig,school,St.Mary´s school west Gate,school,"56 Bhanimandal Marg, Lalitpur 44600, Nepal",27.6761121,85.3110135,1409.94,
ChIJo65n6esZ6zkRENZ3XPZYyl0,school,Phoolbari Montessori Kids World,school,"M8HQ+49F, Shrinkhala Galli, Kathmandu 44600, Nepal",27.6778195,85.3384323,1411.06,
ChIJTxxDf2IX6zkRBwTsKG3vHEM,school,United School,primary_school,"F072, Lalitpur 44700, Nepal",27.6650117,85.33584859999999,1418.23,
ChIJSZsKOqAZ6zkRiVQGN3ynA1A,school,Ekantakuna Marg,school,"M8MW+9CM, Kathmandu 44600, Nepal",27.670418,85.310954,1422.39,
ChIJKyIa6L8Z6zkRxKU-kJtq8bE,school,Gyan Niketan H. S. School,secondary_school,"शंखमुल मार्ग, Kathmandu 44600, Nepal",27.683881000000003,85.333592,1440.16,
ChIJz9b09TQY6zkRtV1gu-X0piE,school,Kathmandu Jazz Conservatory,educational_institution,"Kathmandu Jazz Conservatory,, Gyanmandala, Jhamsikhel, ललितपुर 44700, Nepal",27.6775932,85.31106559999999,1449.22,
ChIJS1RjF-_XKqwRpzVXn_ulcms,school,Skill Spark | Best IT training institute in Kathmandu,,"6th Floor, Shankhamul Tower, शंखमुल मार्ग, Kathmandu 44600, Nepal",27.6841453,85.3333688,1451.45,
ChIJK7gZYmIX6zkReCUT9RQKs4A,school,Reliable Students' School,primary_school,"Lalitpur 44700, Nepal",27.6603847,85.32358239999999,1453.95,
ChIJF1VVlUcY6zkRRr4cA62bbBU,school,Surshala Music Academy,educational_institution,"Kupandole Hight Marga, Bhkhundole, Lalitpur Near paradise international, Kutumba Hotel, ललितपुर 44700, Nepal",27.6837359,85.31582259999999,1462.04,
ChIJFduwkTMY6zkRBIDCgnA_AEA,school,Buttercups Kinderworld,preschool,"जावलाखेल रोड, Lalitpur 44700, Nepal",27.674971,85.3102017,1467.69,
ChIJCcF62asZ6zkRypIyfSpahjg,school,"KRIPS Pre-School, Satdobato, Lalitpur",preschool,"M86G+35G, Deepawali Marg, Lalitpur 44700, Nepal",27.6601644,85.3255119,1472.59,
ChIJBy389TQY6zkRRsCed28cZRk,school,"Hansol International Academy, Jamsikhel",school,"44600, ललितपुर 44600, Nepal",27.6776877,85.3108331,1474.28,
ChIJezeE32oZ6zkR2sHaYrvP-II,school,Stepping Stones,preschool,"162 Kupondole Rd, Lalitpur 44700, Nepal",27.6835581,85.3153734,1474.59,
ChIJm615kdQZ6zkRCCg9QBigRmw,school,Machhapuhhre International Pre School,preschool,"M878+75R, Ring Rd, Lalitpur 44700, Nepal",27.663226,85.31538800000001,1475.08,
ChIJj4mK4tEZ6zkRbGsCWAfyDlw,school,Kidzee Satdobato,school,"Deepawali Marg, Lalitpur 44700, Nepal",27.6601703,85.32636099999999,1477.17,
ChIJnbVOA7YZ6zkRXEdPQhOIDEI,school,Merge Home Tuition,educational_institution,"Shree Nagar Marg, Kathmandu 44600, Nepal",27.6829898,85.3356342,1494.53,
ChIJKf2J6iwY6zkRhC_fe1phrmE,school,Kidland School,school,"रिङ्ग रोड, Lalitpur 44600, Nepal",27.6660376,85.3122454,1499.29,
ChIJIeswG_cZ6zkRz0QGDUfymCM,school,Gyan niketan junior block,primary_school,"Unnamed Road, Kathmandu 44600, काठमाडौँ 44600, Nepal",27.6842973,85.33396839999999,1499.39,
ChIJi9ShncUZ6zkR0NZbQBZmYro,temple,Char Narayan / Pyamha Narandya,hindu_temple,"M8FF+9W5, Lalitpur 44600, Nepal",27.6733895,85.3248587,13.96,"hindu_temple, tourist_attraction, place_of_worship, association_or_organization, point_of_interest, establishment"
ChIJiXWa4F0Z6zkR0oADnMUeNlU,temple,Narasimha Temple,hindu_temple,"M8FF+8X5, Lalitpur 44600, Nepal",27.6732612,85.3249754,15.62,"hindu_temple, place_of_worship, association_or_organization, point_of_interest, establishment"
ChIJ54_-nsUZ6zkR-7sJGAo7sNg,temple,Krishna Mandir,hindu_temple,"Vishwanath Temple, Lalitpur 44700, Nepal",27.6735448,85.3248892,19.45,"hindu_temple, tourist_attraction, place_of_worship, association_or_organization, point_of_interest, establishment"
ChIJqZnOnsUZ6zkRPIcaI6HXj3Q,temple,Vishwanath Temple,hindu_temple,"M8FG+F24, Lalitpur 44700, Nepal",27.6736383,85.32508639999999,27.83,"hindu_temple, place_of_worship, association_or_organization, point_of_interest, establishment"
ChIJhxKKdsUZ6zkRuhDx6p_4jQE,temple,Hari Shankar Temple,hindu_temple,"M8FF+6XM, Durbar Tole St, Lalitpur 44600, Nepal",27.6730893,85.32492979999999,35.23,"hindu_temple, tourist_attraction, place_of_worship, association_or_organization, point_of_interest, establishment"
ChIJAQAMoMUZ6zkRvDvSfXv-w_Y,temple,Mani Keshav Narayan Chowk,hindu_temple,"M8FG+945, Lalitpur 44700, Nepal",27.673391,85.3253637,35.83,"hindu_temple, place_of_worship, association_or_organization, point_of_interest, establishment"
ChIJ5SqY2kgZ6zkRMzAa_tGBB0o,temple,Ma chinamastha temple,hindu_temple,"M8FF+FW6, Lalitpur 44600, Nepal",27.6736689,85.32472310000001,40.47,"hindu_temple, place_of_worship, association_or_organization, point_of_interest, establishment"
ChIJx58IdcUZ6zkRr63A-hnwFy8,temple,Taleju Temple,hindu_temple,"M8FG+636, Lalitpur 44700, Nepal",27.6730311,85.3251519,43.66,"hindu_temple, place_of_worship, association_or_organization, point_of_interest, establishment"
ChIJi2f0mMUZ6zkRZ60b6UzBTdA,temple,Bhimsen Mandir,hindu_temple,"M8FG+G3F, Lalitpur 44600, Nepal",27.6738055,85.32518160000001,48.51,"hindu_temple, tourist_attraction, place_of_worship, association_or_organization, point_of_interest, establishment"
ChIJzw4Pg8UZ6zkRmEIDYkVhvZc,temple,"Chinamasta Temple, Mammru galli",hindu_temple,"M8FF+CQG, ममरु गल्‍ली, Lalitpur 44700, Nepal",27.6735673,85.32445489999999,56.81,"hindu_temple, place_of_worship, association_or_organization, point_of_interest, establishment"
ChIJQbBxILIZ6zkRmOp8AxokCRs,temple,Annapurna Stamva,hindu_temple,"M8FG+F5X, भिन्द्यो क्व - सौग: लँ, Lalitpur 44600, Nepal",27.6737473,85.32548,61.04,"hindu_temple, place_of_worship, association_or_organization, point_of_interest, establishment"
ChIJAUlmn7gZ6zkRbSYhhqdwFsw,temple,Kopeshwar Mahādev (कोपेश्वर महादेव),hindu_temple,"M8FG+H3Q, M8FG+G3MLalitpur 44700, Nepal",27.6739513,85.325245,65.88,"hindu_temple, place_of_worship, association_or_organization, point_of_interest, establishment"
ChIJOx6hP9IZ6zkRC3yaNc0fhvc,temple,Muchhen Agam Chhen (मूछेँ आँग:छेँ),hindu_temple,"M8FG+C7H, भिन्द्यो क्व - सौग: लँ, Lalitpur 44600, Nepal",27.6735653,85.3257479,75.91,"hindu_temple, place_of_worship, association_or_organization, point_of_interest, establishment"
ChIJcyBvOe0Z6zkRE-M6n3a2WiE,temple,Mangalbazzar Ganesh Temple मणी कुमार गणेश मंदिर मंगलबजार,hindu_temple,"M8FG+H64, भिन्द्यो क्व - सौग: लँ, Lalitpur 44600, Nepal",27.6738934,85.3255691,78.43,"hindu_temple, place_of_worship, association_or_organization, point_of_interest, establishment"
ChIJtzjucAAZ6zkRi9JAxTKZgWQ,temple,Matangi (Das Mahavidhya) temple,hindu_temple,"M8FG+M5R, Lalitpur 44700, Nepal",27.6742878,85.3254236,107.17,"hindu_temple, place_of_worship, association_or_organization, point_of_interest, establishment"
ChIJW3MEVcQZ6zkRYFvbJuYrQAE,temple,Walkhu Ganesh Temple (वल्खु गणेद्योः),hindu_temple,"M8FG+9JQ, भिन्द्यो क्व - सौग: लँ, Lalitpur 44600, Nepal",27.6734665,85.3266225,159.95,"hindu_temple, place_of_worship, association_or_organization, point_of_interest, establishment"
ChIJv588SAAZ6zkRWuHOC6JFOiI,temple,Gajendra Mokshya Narayan Temple,hindu_temple,"M8FG+PG5, RoadLalitpur 44600, Nepal",27.6742603,85.3263554,164.21,"hindu_temple, place_of_worship, association_or_organization, point_of_interest, establishment"
ChIJKaF9uMUZ6zkRty5T4AtmH10,temple,Swotha Narayan Temple,hindu_temple,"M8FG+V8R, Lalitpur 44700, Nepal",27.6747277,85.3257546,165.28,"hindu_temple, place_of_worship, association_or_organization, point_of_interest, establishment"
ChIJQ9ChwMUZ6zkR_dBBpGyEg1A,temple,Swotha Krishna Mandir,hindu_temple,"Swotha Square, M8FG+W6H, छेंक्व झातपोल स्वथ लँ, Lalitpur 44600, Nepal",27.6748204,85.3256054,168.82,"hindu_temple, place_of_worship, association_or_organization, point_of_interest, establishment"
ChIJATxWlrkZ6zkRI1b8l-oNNPQ,temple,Walkhu,hindu_temple,"M8FG+GHW लाछी:, ओल्खु -विन्द्यो, Lalitpur 44600, Nepal",27.6736025,85.32673199999999,172.04,"hindu_temple, place_of_worship, association_or_organization, point_of_interest, establishment"
ChIJfyUllUgZ6zkRWeKXtrvHZ40,temple,Daubhal Ganesh Temple गणेश मन्दिर गणेश ध्यो,hindu_temple,"Daubahal, Dhaugal Rd, Lalitpur 44700, Nepal",27.6741095,85.32327819999999,187.01,"hindu_temple, place_of_worship, association_or_organization, point_of_interest, establishment"
ChIJgTeBwmYZ6zkRWkJ1YD2pjA4,temple,Krishna temple Daubhal कृष्ण मन्दिर दौवहाल,hindu_temple,"M8FF+H6G, Lalitpur 44600, Nepal",27.6739394,85.3230911,197.32,"hindu_temple, place_of_worship, association_or_organization, point_of_interest, establishment"
ChIJiYDqDwAZ6zkRXxw5_Q8ycY0,temple,"शिव मन्दिर, चक्रबहिल।",hindu_temple,"M8CF+JRX, Lalitpur 44700, Nepal",27.671342,85.324553,233.03,"hindu_temple, place_of_worship, association_or_organization, point_of_interest, establishment"
ChIJuw8pJgAZ6zkRiYDMy5gF3Cw,temple,"नारायण मन्दिर, चक्रबहिल।",hindu_temple,"M8CF+GR2, Mahabauddha Marg, Lalitpur 44600, Nepal",27.6712558,85.324506,243.34,"hindu_temple, place_of_worship, association_or_organization, point_of_interest, establishment"
ChIJAW9ZRcUZ6zkRqM2pkMR_Rhs,temple,"Shree Uma Maheshwar Mahadev Temple, Chakrabahil.",hindu_temple,"M8CF+FVC, चक्रबहिल - महाबौध्द रोद, Lalitpur 44600, Nepal",27.6711875,85.3246478,248.45,"hindu_temple, place_of_worship, association_or_organization, point_of_interest, establishment"
ChIJI4XfcwAZ6zkROdUWlMA4cEM,temple,"Trilingeshowr balkha , त्रिलिंगेश्वर बल्ख",hindu_temple,"M8FC+5XR, Balkha Rd, Lalitpur 44600, Nepal",27.6729524,85.3224032,260.52,"hindu_temple, place_of_worship, association_or_organization, point_of_interest, establishment"
ChIJWwxhW0EZ6zkRNQsg1r_1GZM,temple,Khapinchhen Ganesh Mandir,hindu_temple,"M8FH+H6V, Lalitpur 44600, Nepal",27.673676900000004,85.327715,269.13,"hindu_temple, place_of_worship, association_or_organization, point_of_interest, establishment"
ChIJ_7Qu5sUZ6zkRgfaOI3SpLdo,temple,Jhatapol Ganesh Temple,hindu_temple,"M8GF+8XR, Kwalakhu Rd, Lalitpur 44600, Nepal",27.6758604,85.3249035,273.75,"hindu_temple, place_of_worship, association_or_organization, point_of_interest, establishment"
ChIJQ16Z8sQZ6zkRMSctcvng9xY,temple,Neuta god temple,hindu_temple,"M8FH+44R, Lonal Tole Marg, Lalitpur 44700, Nepal",27.6728746,85.3277573,277.74,"hindu_temple, place_of_worship, association_or_organization, point_of_interest, establishment"
ChIJf3cBdYcZ6zkRa5VBPRV4X3Q,temple,Vagwati mandir,hindu_temple,"M8FH+Q6W, Khapinchhen Tole Rd, Lalitpur 44600, Nepal",27.6744591,85.3275601,278.26,"hindu_temple, place_of_worship, association_or_organization, point_of_interest, establishment"
ChIJNfULTVAZ6zkR8cLsc2aTlFo,temple,Bhairavi (Dus Mahavidya),hindu_temple,"Unnamed Road, M8FC+5V2, ललितपुर 44600, Nepal",27.6728812,85.32214859999999,286.66,"hindu_temple, place_of_worship, association_or_organization, point_of_interest, establishment"
ChIJByc6YMQZ6zkRmNWGkJM5mzo,temple,Khapinchhen Jay Shree Aakash Bhairav,hindu_temple,"M8FH+C5G, Khapinchhen Tole Rd, Lalitpur 44600, Nepal",27.6735567,85.3279513,291.15,"hindu_temple, place_of_worship, association_or_organization, point_of_interest, establishment"
ChIJR7T5EAAZ6zkRS-p-Ynr4Vjk,temple,Tandukar sana guthi,hindu_temple,"M8FH+Q4J, Kwalakhu Rd, Lalitpur 44600, Nepal",27.6744285,85.32772,291.24,"hindu_temple, place_of_worship, association_or_organization, point_of_interest, establishment"
ChIJnyx4SsUZ6zkRPEZ5sqwKcPM,temple,"Balkumari Tripura Sundari Temple, Chakrabahil",hindu_temple,"M8CG+74F, चकर्‍बहिल - महाबौध्द लँ, Lalitpur 44600, Nepal",27.6706866,85.3252983,303.14,"hindu_temple, place_of_worship, association_or_organization, point_of_interest, establishment"
ChIJxyN-ZaUZ6zkRJgTFYZGjZzE,temple,Bhagawati Temple,hindu_temple,"Kwelachhi Chyasa:, Lalitpur 44700, Nepal",27.6743745,85.3280199,316.51,"hindu_temple, place_of_worship, association_or_organization, point_of_interest, establishment"
ChIJ0a91UAAZ6zkR0mxsmauXzyc,temple,Dakshinamurti Temple,hindu_temple,"M8GG+CH4, Swotha Rd, Lalitpur 44600, Nepal",27.6759974,85.3264672,322.94,"hindu_temple, place_of_worship, association_or_organization, point_of_interest, establishment"
ChIJP-0wqs8Z6zkR7TDbgUaKlr8,temple,"Ganesh Temple , janbahal",hindu_temple,"M8FC+6M8, जन बहाल सडक, Lalitpur 44600, Nepal",27.6730478,85.3217135,326.0,"hindu_temple, place_of_worship, association_or_organization, point_of_interest, establishment"
ChIJucIj1MQZ6zkRrpp7nfIqJ3A,temple,सौग: गणेश स्थान,hindu_temple,"Lalitpur 44600, Nepal",27.6708555,85.326753,331.44,"hindu_temple, place_of_worship, association_or_organization, point_of_interest, establishment"
ChIJh_MnWwAZ6zkRl1wj_-9VaOE,temple,Ganesh Temple गणेश मन्दिर गणद्यो,hindu_temple,"M8FC+7JP, Durbar Tole St, Lalitpur 44600, Nepal",27.673124,85.3216217,334.09,"hindu_temple, place_of_worship, association_or_organization, point_of_interest, establishment"
ChIJPdrl6M8Z6zkRoBMQ9uhWV8Y,temple,Dhaneshwor Mahadev Temple,hindu_temple,"M8CF+C56, Ikhalakhu Rd, Lalitpur 44600, Nepal",27.6710378,85.3229034,334.1,"hindu_temple, place_of_worship, association_or_organization, point_of_interest, establishment"
ChIJ0znzsc8Z6zkRSNC8FErGkRM,temple,Tandhalibhi,hindu_temple,"M8CC+XP6, Agnishala Rd, Lalitpur 44600, Nepal",27.6724197,85.32175740000001,337.41,"hindu_temple, place_of_worship, association_or_organization, point_of_interest, establishment"
ChIJy_VRGgAZ6zkRa0hWCG8TOMs,temple,Unmatta Bhairav,hindu_temple,"M8GG+G9V, Lalitpur 44600, Nepal",27.6763485,85.3259277,340.35,"hindu_temple, place_of_worship, association_or_organization, point_of_interest, establishment"
ChIJJ6YXZQAZ6zkRmaodEfo87Cc,temple,Kumbeshwor tole bikash sastha,hindu_temple,"M8GG+G9V Banglamukhi, Lalitpur 44600, Nepal",27.6763584,85.32592609999999,341.37,"hindu_temple, place_of_worship, association_or_organization, point_of_interest, establishment"
ChIJgdP6PWgY6zkR43roUabV6Yg,temple,Shree Bangalamukhi Temple,hindu_temple,"M8GG+G9V, Lalitpur 44600, Nepal",27.6763584,85.32592609999999,341.37,"hindu_temple, place_of_worship, association_or_organization, point_of_interest, establishment"
ChIJO21FJAAZ6zkR1YvyMYJZb54,temple,Sitala Mata,hindu_temple,"M8GG+G9V, Lalitpur 44600, Nepal",27.676362,85.3259382,342.07,"hindu_temple, place_of_worship, association_or_organization, point_of_interest, establishment"
ChIJNVgZZgAZ6zkRslz8r7JEpJQ,temple,Thapahiti handi craft,hindu_temple,"M8CG+573, Hakha-Chusika nani galli, Lalitpur 44700, Nepal",27.6703708,85.32569409999999,343.7,"hindu_temple, place_of_worship, association_or_organization, point_of_interest, establishment"
ChIJF4pWZAAZ6zkRsEGYRgDhieM,temple,सौग: कृष्ण मन्दिर,hindu_temple,"08 Hakha-Chusika nani galli, Lalitpur 44600, Nepal",27.6708339,85.327004,346.93,"hindu_temple, place_of_worship, association_or_organization, point_of_interest, establishment"
ChIJS1ZahcQZ6zkRCxLAjG3ppGQ,temple,Shri Ganesh Temple,hindu_temple,"M8FH+49X, शहीद शुकर्‍ मार्ग, Lalitpur 44700, Nepal",27.6728503,85.32848810000002,348.89,"hindu_temple, place_of_worship, association_or_organization, point_of_interest, establishment"
ChIJY1WrbwAZ6zkRZHZv7DnG6RM,temple,श्री हरिद्रा गणेश ( गणेद्यो) Haridra Ganesh Temple,hindu_temple,"Kumbheshwor Temple, Kwalakhu Rd, Lalitpur 44600, Nepal",27.6764133,85.3260671,351.15,"hindu_temple, place_of_worship, association_or_organization, point_of_interest, establishment"
ChIJI1LfO8EZ6zkRNYF_1PtLspQ,temple,Na Sah Dyo नासः द्यो ( नृत्य नाथ),hindu_temple,"M8CG+9R, Lalitpur 44600, Nepal",27.6708441,85.3271022,351.61,"hindu_temple, place_of_worship, association_or_organization, point_of_interest, establishment"
ChIJEcedmsYZ6zkRTuXHlx6YC0c,temple,Kumbheshwor Temple (Patan),hindu_temple,"M8GG+HCJ, Lalitpur 44600, Nepal",27.676450400000004,85.3260037,353.3,"hindu_temple, place_of_worship, association_or_organization, point_of_interest, establishment"
ChIJY7YNy4wZ6zkRPNdGf2CwAkU,temple,Hari Har Temple,hindu_temple,"M8CG+8RG, Lalitpur 44600, Nepal",27.6708015,85.32706739999999,353.46,"hindu_temple, place_of_worship, association_or_organization, point_of_interest, establishment"
ChIJa6HneMYZ6zkR3Zr8n0zA_fo,temple,Harati Ajima Temple,hindu_temple,"44700 Banglamukhi Temple Chowk, Lalitpur 44600, Nepal",27.6764332,85.32626309999999,359.48,"hindu_temple, place_of_worship, association_or_organization, point_of_interest, establishment"
ChIJl2bNSwAZ6zkREYjDZIW24sc,temple,Bhuwaneshwori Temple,hindu_temple,"M8GF+937, Yala Dhwakha Marg, Lalitpur 44600, Nepal",27.6759074,85.3226607,361.66,"hindu_temple, place_of_worship, association_or_organization, point_of_interest, establishment"
ChIJfXElbcQZ6zkRtaawyPq9m84,temple,"Tin Mukhi Ganesh, Chyasal",hindu_temple,"M8FH+X84, Chyasal Belachhen Road, Lalitpur 44600, Nepal",27.6748952,85.3283144,366.29,"hindu_temple, place_of_worship, association_or_organization, point_of_interest, establishment"
ChIJgW2xAwAZ6zkR1w4d6ISW1ww,temple,"Rajrajeshwari Temple, Chakrabahil- Khincho.",hindu_temple,"M8CF+2VX, Lalitpur 44700, Nepal",27.6701065,85.3247276,367.2,"hindu_temple, place_of_worship, association_or_organization, point_of_interest, establishment"
ChIJLe--rM8Z6zkRiidhdxg5blU,temple,Agnishala,hindu_temple,"Road, Lalitpur 44700, Nepal",27.6726058,85.32127899999999,376.92,"hindu_temple, place_of_worship, association_or_organization, point_of_interest, establishment"
ChIJI1O6aa8Z6zkRWGzHi2ilkvM,temple,Ombahal Ganesh,hindu_temple,"M8GH+942, Lalitpur 44600, Nepal",27.6758787,85.32777809999999,388.34,"hindu_temple, place_of_worship, association_or_organization, point_of_interest, establishment"
ChIJReF-Ss8Z6zkRchixRuYDMwo,temple,Ganesh Temple,hindu_temple,"M8GF+F22, धलायचा लँ, Lalitpur 44600, Nepal",27.676139,85.32250669999999,391.2,"hindu_temple, place_of_worship, association_or_organization, point_of_interest, establishment"
ChIJi5gh174Z6zkRO7ENBI6Io08,temple,Ga:Hiti Lokeshwor Temple,hindu_temple,"M8GG+HVF, Shankhamul Marg, Lalitpur 44600, Nepal",27.6764303,85.3271587,398.4,"hindu_temple, place_of_worship, association_or_organization, point_of_interest, establishment"
ChIJAci8pY8Z6zkRyigkSILc1rU,temple,Kali (Dus Mahavidya),hindu_temple,"M89F+X7X, Gabahal Rd, Lalitpur 44600, Nepal",27.669993,85.32323129999999,416.96,"hindu_temple, place_of_worship, association_or_organization, point_of_interest, establishment"
ChIJ6dnwfgAZ6zkRNn8eHYq15qo,temple,Pagoda style temple,hindu_temple,"M8FC+J88, Purnachandi Rd, Lalitpur 44700, Nepal",27.6741911,85.3208604,417.03,"hindu_temple, place_of_worship, association_or_organization, point_of_interest, establishment"
ChIJZeEBDAAZ6zkRgtNv6mZjhq8,temple,寺院,hindu_temple,"M8FC+M8P, Lalitpur 44700, Nepal",27.6742042,85.320846,418.72,"hindu_temple, place_of_worship, association_or_organization, point_of_interest, establishment"
ChIJx42LqMQZ6zkRYeK1fOCXY90,temple,Shree karyabinayak Ganesh mindir,hindu_temple,"M8CH+QJJ, Lohal - Chapat, Lalitpur 44700, Nepal",27.6719699,85.3290001,424.8,"hindu_temple, place_of_worship, association_or_organization, point_of_interest, establishment"
ChIJoys1MwAZ6zkRl-cRMhjFtFo,temple,Suvam room,hindu_temple,"M8CH+HF4 Suvam room, Lalitpur 44600, Nepal",27.671377,85.3287062,428.73,"hindu_temple, place_of_worship, association_or_organization, point_of_interest, establishment"
ChIJuZVc2toZ6zkR0yRakGXpE00,temple,Shree Thaina Ganesh Temple,hindu_temple,"M89G+RFR, चकर्‍बहिल - महाबौध्द लँ, Lalitpur 44600, Nepal",27.669614,85.326133,435.52,"hindu_temple, place_of_worship, association_or_organization, point_of_interest, establishment"
ChIJ74zxsw8Z6zkRQNKPnS0E0VU,temple,Ganesh Temple चालाछें गनेद्य:,hindu_temple,"M8CH+22R, Tyagal - Lalitpur Rd, Lalitpur 44600, Nepal",27.6701176,85.3275305,441.94,"hindu_temple, place_of_worship, association_or_organization, point_of_interest, establishment"
ChIJEVF5QrMZ6zkR8r0-7d8mL3U,temple,Tapahiti Ganesh Temple,hindu_temple,"M8GF+WGH, Lalitpur 44600, Nepal",27.6773076,85.32385510000002,448.89,"hindu_temple, place_of_worship, association_or_organization, point_of_interest, establishment"
ChIJyVhTHV0Z6zkRG_WDHGLncs8,temple,Chapat Ganeshthan,hindu_temple,"M8CH+GHG, Chapat Rd, Lalitpur 44600, Nepal",27.671316200000003,85.32896749999999,454.24,"hindu_temple, place_of_worship, association_or_organization, point_of_interest, establishment"
ChIJE0eY884Z6zkRwyzjYhGUzAI,temple,Purnachandi (Sidhhilaxmi) Temple,hindu_temple,"Lalitpur 44700, Nepal",27.6735749,85.3202361,469.53,"hindu_temple, place_of_worship, association_or_organization, point_of_interest, establishment"
ChIJk4dgKd4Z6zkRr5ivOxPvHyU,temple,Bhairab Temple,hindu_temple,"Unnamed Road, ललितपुर 44600, Nepal",27.6773223,85.32318320000002,471.41,"hindu_temple, place_of_worship, association_or_organization, point_of_interest, establishment"
ChIJUyNlCQAZ6zkRhEJ1whq3NEE,temple,"Ratneshwar Temple , Sulimha रत्नेश्वर मन्दिर , सुलिम्ह",hindu_temple,"M8GC+JJC, Lalitpur 44600, Nepal",27.6765005,85.3214977,487.65,"hindu_temple, place_of_worship, association_or_organization, point_of_interest, establishment"
ChIJET4LDdAZ6zkRLJDeNI62cj0,temple,Shree Bighneshwar Ganesh Mandir,hindu_temple,"M89F+M9G, Lalitpur 44600, Nepal",27.6691767,85.3234437,493.99,"hindu_temple, place_of_worship, association_or_organization, point_of_interest, establishment"
ChIJyb3lR9sZ6zkRauXeNVLaUXo,temple,Krishna Temple Sundhara,hindu_temple,"M89H+V4X, Tyagal - Lalitpur Rd, Lalitpur 44600, Nepal",27.6697256,85.3278519,495.79,"hindu_temple, place_of_worship, association_or_organization, point_of_interest, establishment"
ChIJ-UygJAAZ6zkRVcuvWvHCmnY,temple,शिखर शैली मन्दिर Sundhara sikhar style Temple,hindu_temple,"M89H+V5J, Lalitpur 44600, Nepal",27.6697154,85.327874,497.96,"hindu_temple, place_of_worship, association_or_organization, point_of_interest, establishment"
ChIJ4b4pBAAZ6zkRB0TGTk559vw,temple,"Uma Maheshvara Temple उमा महेश्वर्वर , सुन्धारा",hindu_temple,"M89H+V5J, Lalitpur 44600, Nepal",27.6697152,85.3278744,498.0,"hindu_temple, place_of_worship, association_or_organization, point_of_interest, establishment"
ChIJ3erP284Z6zkRbmcrNbPUU_s,temple,सरस्वती माता (Lord Saraswati),hindu_temple,"M8GH+V25, Bangalamukhi-Shankhamul Rd, Lalitpur 44700, Nepal",27.67731,85.3275312,501.15,"hindu_temple, place_of_worship, association_or_organization, point_of_interest, establishment"
ChIJtZl3K8kZ6zkR6f2hzCPFW0E,temple,Chandeshwori Mai Temple,hindu_temple,"M8GC+GCH, Lalitpur 44600, Nepal",27.6763053,85.3210986,501.96,"hindu_temple, place_of_worship, association_or_organization, point_of_interest, establishment"
ChIJ-Xp81fYZ6zkR2uKt9knMaI4,temple,Degu Dyo,hindu_temple,"M89C+VV2, Lalitpur 44600, Nepal",27.6696451,85.32215120000001,503.02,"hindu_temple, place_of_worship, association_or_organization, point_of_interest, establishment"
ChIJoxrYXgAZ6zkRlf2Xudg5ADM,temple,इति टोल,hindu_temple,"M89C+RRR, Lalitpur 44600, Nepal",27.6696369,85.3220549,509.12,"hindu_temple, place_of_worship, association_or_organization, point_of_interest, establishment"
ChIJN0IKIBAZ6zkRAiIdJwtT4hU,temple,Saraswoti Temple,hindu_temple,"M89H+V76, Tyagal - Lalitpur Rd, Lalitpur 44600, Nepal",27.6696541,85.3281253,517.9,"hindu_temple, place_of_worship, association_or_organization, point_of_interest, establishment"
ChIJ1S0Wu8YZ6zkRlz6pi5r6FPo,temple,बुद्ध चैत्य,hindu_temple,"M8GH+V8R, Bangalamukhi-Shankhamul Rd, Lalitpur 44700, Nepal",27.6772416,85.328265,534.64,"hindu_temple, place_of_worship, association_or_organization, point_of_interest, establishment"
ChIJ_4qyF9sZ6zkR0_9QTZ3npUw,temple,Mahabuddha Temple,buddhist_temple,"Lalitpur 44700, Nepal",27.6689501,85.32710410000001,536.44,"buddhist_temple, hindu_temple, place_of_worship, association_or_organization, point_of_interest, establishment"
ChIJ7Zzt4doZ6zkRUz6-vD1YsdI,temple,Ganesh Mandir,hindu_temple,"M89G+FHX, Jyatha Marg, Lalitpur 44600, Nepal",27.6687258,85.32648280000001,539.87,"hindu_temple, place_of_worship, association_or_organization, point_of_interest, establishment"
ChIJd3CsfJcZ6zkR1Jk2EeH4Ogk,temple,Sako Ganesh Mandir,hindu_temple,"M89H+XG5, Lalitpur 44600, Nepal",27.669898,85.3288523,543.65,"hindu_temple, place_of_worship, association_or_organization, point_of_interest, establishment"
ChIJ6RdWRMYZ6zkROyZpWFaMdxg,temple,Alko Ganesh,hindu_temple,"M8HG+87H, Nagabahal - Nyadha Galli, Lalitpur 44600, Nepal",27.678324,85.3257345,552.28,"hindu_temple, place_of_worship, association_or_organization, point_of_interest, establishment"
ChIJd2-4QwAZ6zkRDzRqb0pIXUA,temple,Shiddhibinayak Temple,hindu_temple,"M8HC+2HX, Lalitpur 44600, Nepal",27.6776173,85.3215314,580.15,"hindu_temple, place_of_worship, association_or_organization, point_of_interest, establishment"
ChIJDfeY7BMZ6zkRNEZRmhDz5SQ,temple,Ubaha Ganesh Mandir,hindu_temple,"M89G+CV3, Chakrabahil - Mahaboudha Rd, Lalitpur 44600, Nepal",27.6685072,85.3271611,584.2,"hindu_temple, place_of_worship, association_or_organization, point_of_interest, establishment"
ChIJY42WbbQZ6zkRH8Cp2GNKIYs,temple,Naranchuka,hindu_temple,"M89H+VMG, Lalitpur 44600, Nepal",27.6696865,85.3292089,585.06,"hindu_temple, place_of_worship, association_or_organization, point_of_interest, establishment"
ChIJP4O6D8MZ6zkRuS1PXFzXV5w,temple,भोल ढोका हनुमान मूर्ति,hindu_temple,"M8FJ+69G, Lonla Tole Marga, Lalitpur 44700, Nepal",27.673062,85.3309585,587.97,"hindu_temple, place_of_worship, association_or_organization, point_of_interest, establishment"
ChIJjSUt27AZ6zkRd3-atLDyoIQ,temple,"Chabahal, Tunani, Krishna Mandir Chowk",hindu_temple,"M8G9+GXX, Chabahal, Lalitpur 44600, Nepal",27.6763632,85.31998109999999,593.99,"hindu_temple, place_of_worship, association_or_organization, point_of_interest, establishment"
ChIJR8JvoyQZ6zkRow5MPbIVCVA,temple,Ta-Dhoka Ganesh Temple तःढोका गणेश मंदिर,hindu_temple,"Web Experts Nepal Pvt. Ltd., Taphalhon Marg, Lalitpur 44600, Nepal",27.6731294,85.31893029999999,598.47,"hindu_temple, place_of_worship, association_or_organization, point_of_interest, establishment"
ChIJW6YWx8YZ6zkRADB-FN_YcVQ,temple,Saithu Ganesh Temple,hindu_temple,"M8HH+57Q, Bangalamukhi-Shankhamul Rd, Lalitpur 44700, Nepal",27.677966800000004,85.3282239,598.88,"hindu_temple, place_of_worship, association_or_organization, point_of_interest, establishment"
ChIJtcz3BQAZ6zkRgw2m2NPJuXg,temple,Surya Vighnayak,hindu_temple,"M8HH+58H, शंखमुल मार्ग, Lalitpur 44600, Nepal",27.6779332,85.3283532,602.59,"hindu_temple, place_of_worship, association_or_organization, point_of_interest, establishment"
ChIJMw10XpcZ6zkRjigR_DlO094,temple,Ta-Dhoka Shiva Temple तःढोका शिव मंदिर,hindu_temple,"M8F9+8G9, Taphalho Rd, Lalitpur 44600, Nepal",27.6732782,85.31884819999999,605.95,"hindu_temple, place_of_worship, association_or_organization, point_of_interest, establishment"
ChIJSejKXwAZ6zkR8b0AQ4BJA1A,temple,Sainthu ganesh ज्योतिषी राघव गुरू,hindu_temple,"M8HH+682, Bangalamukhi-Shankhamul Rd, Lalitpur 44700, Nepal",27.6781023,85.32815699999999,608.31,"hindu_temple, place_of_worship, association_or_organization, point_of_interest, establishment"
ChIJrf3Tt8YZ6zkRT39b-_uXYwI,temple,Mahadev temple,hindu_temple,"M8HH+4CQ, Lalitpur 44700, Nepal",27.677835800000004,85.3286229,608.74,"hindu_temple, place_of_worship, association_or_organization, point_of_interest, establishment"
ChIJq1dtLwAZ6zkRQ5OadAbkHBc,temple,Ratneshwor Mahadev Templ6,hindu_temple,"M899+XW3, Kumaripati - Mahalaximisthan Rd, Lalitpur 44600, Nepal",27.6699669,85.3199059,630.38,"hindu_temple, place_of_worship, association_or_organization, point_of_interest, establishment"
ChIJvwSxUckZ6zkRNjY4pXaCaEM,temple,Chhabahal Bhimsen,hindu_temple,"M8G9+HRC, Lalitpur 44600, Nepal",27.6764418,85.3195298,636.06,"hindu_temple, place_of_worship, association_or_organization, point_of_interest, establishment"
ChIJh5cgWwAZ6zkRDAEcwf5uaFM,temple,Khadgi digi dhy,hindu_temple,"M8HC+FW3, Lalitpur 44600, Nepal",27.6786341,85.3222931,640.14,"hindu_temple, place_of_worship, association_or_organization, point_of_interest, establishment"
ChIJxYO-C6sZ6zkRxGJMDeK4DUY,temple,Lokeshwor,hindu_temple,"M89F+44V, Lalitpur 44700, Nepal",27.667961,85.322852,640.71,"hindu_temple, place_of_worship, association_or_organization, point_of_interest, establishment"
ChIJ0Qs4qM4Z6zkRMdHE7-iooWU,temple,Na:Tole Ganesh Mandir,hindu_temple,"पुल्चोक गाबहाल मार्ग, Lalitpur 44600, Nepal",27.6755113,85.3188875,646.09,"hindu_temple, place_of_worship, association_or_organization, point_of_interest, establishment"
ChIJM0hHH8MZ6zkRKH4i47KZaeQ,temple,दक्षिणकाली माता मन्दिर,hindu_temple,"M8CJ+VHW, Lalitpur 44700, Nepal",27.672229,85.3314489,648.27,"hindu_temple, place_of_worship, association_or_organization, point_of_interest, establishment"
ChIJ-w-kuOYZ6zkRNUoiseDzEPk,temple,Dupat ganesh mandir,hindu_temple,"M89J+R2M, Lalitpur 44600, Nepal",27.6695757,85.3300369,653.35,"hindu_temple, place_of_worship, association_or_organization, point_of_interest, establishment"
ChIJgzrbCwAZ6zkRrfNB1Ktplig,temple,Haktwa Ganesh Mandir,hindu_temple,"M89H+GQV, Lalitpur 44600, Nepal",27.6688625,85.3294356,667.36,"hindu_temple, place_of_worship, association_or_organization, point_of_interest, establishment"
ChIJP-cHUtAZ6zkRTSwLHVLej0c,temple,"Surya Binayak Temple, Lagankhel",hindu_temple,"44700, ललितपुर, Nepal",27.6682012,85.32157939999999,669.06,"hindu_temple, place_of_worship, association_or_organization, point_of_interest, establishment"
ChIJx-15_8IZ6zkR2K0eELK21Ek,temple,Sri Sathya Narayana Murthy,hindu_temple,"M8FJ+CQJ, Kwalakhu Rd, Lalitpur 44700, Nepal",27.67358,85.331892,678.99,"hindu_temple, place_of_worship, association_or_organization, point_of_interest, establishment"
ChIJpb57fgAZ6zkR_czZ4JmLvGc,temple,Bhol Ganesh (भोल गणेश),hindu_temple,"M8FJ+8PR, Lalitpur 44600, Nepal",27.6735205,85.3318963,679.25,"hindu_temple, place_of_worship, association_or_organization, point_of_interest, establishment"
ChIJz7cHPgAZ6zkRCiMWpL9rDI4,temple,Ganesh Temple गण:द्यो,hindu_temple,"M89H+FRX, Lalitpur 44700, Nepal",27.6687398,85.32962479999999,689.89,"hindu_temple, place_of_worship, association_or_organization, point_of_interest, establishment"
ChIJkyC2kNwZ6zkRtnMD3q59JtM,temple,"श्री सिद्धिलक्ष्मी, भंगली,tyagal tole",hindu_temple,"M89H+FXW, Lalitpur 44600, Nepal",27.6687474,85.32995869999999,711.41,"hindu_temple, place_of_worship, association_or_organization, point_of_interest, establishment"
ChIJx8gOLcEZ6zkRGdNayeVNN-Q,temple,Chamunda Devi Temple,hindu_temple,"Chamunda Devi Mandir, Bangalamukhi-Shankhamul Rd, Lalitpur 44600, Nepal",27.6786556,85.3292056,716.26,"hindu_temple, place_of_worship, association_or_organization, point_of_interest, establishment"
ChIJe0lqUQAZ6zkRX4zBmOQv97U,temple,Saraswati mata temple,hindu_temple,"M8HH+FMW, Lalitpur 44600, Nepal",27.678821,85.32905269999999,722.92,"hindu_temple, place_of_worship, association_or_organization, point_of_interest, establishment"
ChIJEVrk9AkZ6zkRePkeCcDFFrg,temple,Sighbahili,hindu_temple,"Chamunda Devi Mandir, Bangalamukhi-Shankhamul Rd, Lalitpur 44600, Nepal",27.6787325,85.3292069,723.33,"hindu_temple, place_of_worship, association_or_organization, point_of_interest, establishment"
ChIJ1XCni2QZ6zkRJ6NCK-scz98,temple,ISKCON Lalitpur,hindu_temple,"Natole Rd, Lalitpur 44700, Nepal",27.6755359,85.3180563,723.85,"hindu_temple, place_of_worship, association_or_organization, point_of_interest, establishment"
ChIJDa1DLcEZ6zkRl7Wpx8z_n4E,temple,Sikabahi,hindu_temple,"M8HH+GPC, Lalitpur 44600, Nepal",27.6788142,85.32927049999999,734.36,"hindu_temple, place_of_worship, association_or_organization, point_of_interest, establishment"
ChIJaT-oaEgZ6zkRONsH-ohuNBw,temple,"Jor Ganesh, Pinchhen",hindu_temple,"M8CJ+4MR, Unnamed Road, Lalitpur 44600, Nepal",27.6703674,85.3316332,735.12,"hindu_temple, place_of_worship, association_or_organization, point_of_interest, establishment"
ChIJm8rwkdwZ6zkRu9kbptoQ8yM,temple,Tyagal ganesh temple,hindu_temple,"M89J+93F, Tyagal - Lalitpur Rd, Lalitpur 44600, Nepal",27.6684342,85.33015929999999,750.36,"hindu_temple, place_of_worship, association_or_organization, point_of_interest, establishment"
ChIJjz5phA0Z6zkRm-WOhp1CQDQ,temple,Ganchaa Mahadev,hindu_temple,"M89H+2HV, Hakatole-Lunkhushi Rd, Lalitpur 44700, Nepal",27.6676097,85.3289322,751.33,"hindu_temple, place_of_worship, association_or_organization, point_of_interest, establishment"
ChIJF8EhjdAZ6zkRUkHHGf2SDdY,temple,Laganeswor Mahadev Temple,hindu_temple,"M88F+Q35, लगनखेल थुर मार्ग, Lalitpur 44700, Nepal",27.6668959,85.3227448,756.55,"hindu_temple, place_of_worship, association_or_organization, point_of_interest, establishment"
ChIJicoHjH0Z6zkRGnCXmDFoC2g,temple,Dhanauji kataiya Nepal,hindu_temple,"Yadav tool, Lalitpur 44700, Nepal",27.6676006,85.32097139999999,757.13,"hindu_temple, place_of_worship, association_or_organization, point_of_interest, establishment"
ChIJlVOfK8EZ6zkRSE-wfwNgW_g,temple,लक्ष्मी नारायण स्थान,hindu_temple,"M8HH+JPV, Bangalamukhi-Shankhamul Rd, Lalitpur 44700, Nepal",27.679111,85.3293099,763.8,"hindu_temple, place_of_worship, association_or_organization, point_of_interest, establishment"
ChIJ4bzj0cIZ6zkRJWS4MjTjy-s,temple,Small Ganesh Temple,hindu_temple,"M8CJ+CWP, Guitaa Marg, Lalitpur 44600, Nepal",27.6710978,85.3323173,764.7,"hindu_temple, place_of_worship, association_or_organization, point_of_interest, establishment"
ChIJeUbXLwAZ6zkRjjBR3CP0UJo,temple,Natole Mahadya,hindu_temple,"M8F8+QVM, Lalitpur 44600, Nepal",27.6745006,85.31723050000001,774.83,"hindu_temple, place_of_worship, association_or_organization, point_of_interest, establishment"
ChIJGxaMzsIZ6zkR74Nys9Lu5-k,temple,Big Ganesh Temple,hindu_temple,"M8CM+C2J, Guitaa Marg, Lalitpur 44600, Nepal",27.6710933,85.3325105,782.82,"hindu_temple, place_of_worship, association_or_organization, point_of_interest, establishment"
ChIJSwobcswZ6zkRQgdjPBsNjvk,temple,Jal Vinayak Ganesh Temple,hindu_temple,"M8G8+4VX, Lalitpur 44600, Nepal",27.6753696,85.31721999999999,796.82,"hindu_temple, place_of_worship, association_or_organization, point_of_interest, establishment"
ChIJQaZtRwAZ6zkRQvuyraZ4GOo,temple,Nyachhyon Pokhari,hindu_temple,"M8F8+VP8, Lalitpur 44600, Nepal",27.6746646,85.31692009999999,808.0,"hindu_temple, place_of_worship, association_or_organization, point_of_interest, establishment"
ChIJdQHLQgAZ6zkRzLavpQiZHJA,temple,Honekkagal water pump,hindu_temple,"M88F+FM5, Karuna Path, Lalitpur 44700, Nepal",27.6661455,85.3242487,810.05,"hindu_temple, place_of_worship, association_or_organization, point_of_interest, establishment"
ChIJ3cFgdcEZ6zkRVLcfWvHDEcs,temple,Shiva temple,hindu_temple,"M8HJ+6HV, UN Park Lane, Lalitpur 44700, Nepal",27.6781184,85.3314067,820.54,"hindu_temple, place_of_worship, association_or_organization, point_of_interest, establishment"
ChIJnTW_GsEZ6zkRwj967xYZ0mA,temple,Sankhamul Mandir,hindu_temple,"M8HJ+G7G, शंखमुल मार्ग, Lalitpur 44700, Nepal",27.6788064,85.3307135,823.37,"hindu_temple, place_of_worship, association_or_organization, point_of_interest, establishment"
ChIJE_qNGcEZ6zkR5d9mSZLDbX8,temple,Jagat-Narayan Mandir,hindu_temple,"M8HJ+G7G, Shankhamul Brg, Lalitpur 44600, Nepal",27.6788141,85.3307054,823.45,"hindu_temple, tourist_attraction, place_of_worship, association_or_organization, point_of_interest, establishment"
ChIJCxbOCsEZ6zkRSDMvgY5rUwM,temple,Radha Krishna Temple,hindu_temple,"M8HJ+6J7, शंखमुल घाट, Lalitpur 44700, Nepal",27.6780309,85.33153469999999,824.16,"hindu_temple, place_of_worship, association_or_organization, point_of_interest, establishment"
ChIJD5feCsEZ6zkRNlMJoA8Q1qo,temple,Kam Dev Temple,hindu_temple,"M8HJ+6J7, शंखमुल घाट, Lalitpur 44700, Nepal",27.6780313,85.3315399,824.59,"hindu_temple, place_of_worship, association_or_organization, point_of_interest, establishment"
ChIJV4cTGcEZ6zkR81CvNSv3rGM,temple,Shri Ram temple arena,hindu_temple,"M8HJ+H76, UN Park Lane, Lalitpur 44700, Nepal",27.6789097,85.3306449,827.24,"hindu_temple, place_of_worship, association_or_organization, point_of_interest, establishment"
ChIJ9dJKDsEZ6zkRugZ_8t0CtnE,temple,Hanuman Mandir,hindu_temple,"M8HJ+9F9, शंखमुल घाट, Lalitpur 44700, Nepal",27.6784018,85.33121919999999,827.28,"hindu_temple, place_of_worship, association_or_organization, point_of_interest, establishment"
ChIJXVzV9loZ6zkRx21mfl7ouuM,temple,Ganesh Sthan,hindu_temple,"M88F+9PV, Lalitpur 44700, Nepal",27.665983,85.32429230000001,827.67,"hindu_temple, place_of_worship, association_or_organization, point_of_interest, establishment"
ChIJfw6mCsEZ6zkRyk9DT39eH0Q,temple,bhagvati temple,hindu_temple,"M8HJ+5MX, शंखमुल घाट, Lalitpur 44700, Nepal",27.6779783,85.3317301,835.69,"hindu_temple, place_of_worship, association_or_organization, point_of_interest, establishment"
ChIJx1CvCsEZ6zkRhEm61z2jZuQ,temple,Buddha temple,hindu_temple,"M8HJ+5MX, शंखमुल घाट, Lalitpur 44700, Nepal",27.6779782,85.3317304,835.71,"hindu_temple, place_of_worship, association_or_organization, point_of_interest, establishment"
ChIJC-ZlCsEZ6zkRtDwlc-IxbeU,temple,नौग्रह मण्डप,hindu_temple,"M8HJ+7JX, UN Park Lane, Lalitpur 44700, Nepal",27.6782462,85.3316115,845.14,"hindu_temple, place_of_worship, association_or_organization, point_of_interest, establishment"
ChIJZXBGBcEZ6zkR97h1a5Z2SvA,temple,Vishnu temple,hindu_temple,"M8HJ+GC5, शंखमुल मार्ग, Lalitpur 44700, Nepal",27.6787711,85.3311039,847.34,"hindu_temple, place_of_worship, association_or_organization, point_of_interest, establishment"
ChIJVf9wocEZ6zkRziOjrY_NfA0,temple,Shree Garuda Narayan Temple,hindu_temple,"M8HJ+7MV, Bangalamukhi-Shankhamul Rd, Lalitpur 44700, Nepal",27.6782275,85.3316862,849.5,"hindu_temple, place_of_worship, association_or_organization, point_of_interest, establishment"
ChIJZVQiocEZ6zkRbEMqR43N6KM,temple,Shree Sankhamuleshwor Mahadev Temple,hindu_temple,"M8HJ+7MP, UN Park Lane, Lalitpur 44700, Nepal",27.6782237,85.3317039,850.59,"hindu_temple, place_of_worship, association_or_organization, point_of_interest, establishment"
ChIJdad21t8Z6zkRcOxSfCg5MUQ,temple,Siddashram shakti kendra lagankhel,hindu_temple,"M88F+93M, Lalitpur 44700, Nepal",27.6659534,85.3226706,859.21,"hindu_temple, place_of_worship, association_or_organization, point_of_interest, establishment"
ChIJs1x3BwAZ6zkRl8NevLmNR7s,temple,banglamukhi temple,hindu_temple,"M88F+93M, Lalitpur 44700, Nepal",27.6659534,85.3226706,859.21,"hindu_temple, place_of_worship, association_or_organization, point_of_interest, establishment"
ChIJabc84MAZ6zkRkFtEV9Mbejo,temple,vayudeva house,hindu_temple,"M8HJ+Q5H, UN Park Lane, Lalitpur 44700, Nepal",27.6794435,85.3304773,861.69,"hindu_temple, place_of_worship, association_or_organization, point_of_interest, establishment"
ChIJ4c4dgBkZ6zkRUgnPHbk3Z1w,temple,Ancient Shakhamul Tirtha,hindu_temple,"M8HJ+HG2, Lalitpur 44600, Nepal",27.678826,85.3312521,862.01,"hindu_temple, place_of_worship, association_or_organization, point_of_interest, establishment"
ChIJ_4TRZbAZ6zkRtznahMzaRvw,temple,Ganesh Mandir Chakupat,hindu_temple,"M8JF+FWG, Mitra Marg, Lalitpur 44600, Nepal",27.6812084,85.324906,868.3,"hindu_temple, place_of_worship, association_or_organization, point_of_interest, establishment"
ChIJ43Nhh2kZ6zkRmWgCtE96gSA,temple,Shree Hanuman Mandir,hindu_temple,"M88F+6J2, Lalitpur 44700, Nepal",27.665511,85.32403049999999,882.4,"hindu_temple, place_of_worship, association_or_organization, point_of_interest, establishment"
ChIJIR9jfgAZ6zkRhK3hP2zGaJ0,temple,Dahal niwas,hindu_temple,"M8JH+F69, Lalitpur 44600, Nepal",27.6811616,85.32810049999999,915.46,"hindu_temple, place_of_worship, association_or_organization, point_of_interest, establishment"
ChIJZWBPGQAZ6zkRs2jEm1fNmZA,temple,Pokhariya jokhan tole,hindu_temple,"M88J+M6Q, Kathmandu 44600, Nepal",27.6667554,85.3305838,921.01,"hindu_temple, place_of_worship, association_or_organization, point_of_interest, establishment"
ChIJW2gpI9EZ6zkRr6NHx_UMLCg,temple,श्री सिद्धी बिनायक,hindu_temple,"M88C+886, Lalitpur 44700, Nepal",27.6657857,85.3207762,943.33,"hindu_temple, place_of_worship, association_or_organization, point_of_interest, establishment"
ChIJEY4Ud8sZ6zkR_zvLo-8f73o,temple,Vishnu Devi,hindu_temple,"M8G8+P9Q, Tripadma School Rd, Lalitpur 44700, Nepal",27.676844,85.3159809,967.19,"hindu_temple, place_of_worship, association_or_organization, point_of_interest, establishment"
ChIJd8zg5NsZ6zkR6m7LYLUuKzE,temple,Ganesh temple,hindu_temple,"M88H+39J, रिङ्ग रोड, Lalitpur 44700, Nepal",27.6652187,85.3283781,968.64,"hindu_temple, place_of_worship, association_or_organization, point_of_interest, establishment"
ChIJBXENYwAZ6zkRb-wxfzJ54ko,temple,Shiva Lingam शिव लिङ्गम् -1,hindu_temple,"M8JH+JHH, UN Park Lane, Lalitpur 44600, Nepal",27.6814318,85.329073,979.02,"hindu_temple, place_of_worship, association_or_organization, point_of_interest, establishment"
ChIJ0ZVgSAAZ6zkRalq9vfUGf5c,temple,Shiva Lingam शिव लिङ्गम् -2,hindu_temple,"M8JH+JHH, UN Park Lane, Lalitpur 44600, Nepal",27.6815785,85.32897,989.87,"hindu_temple, place_of_worship, association_or_organization, point_of_interest, establishment"
ChIJr_AmVAAZ6zkR5TZaQITkb_8,temple,Batuk Bhairab Temple बटुक भैरव मन्दिर,hindu_temple,"M87F+QPP, Lalitpur 44700, Nepal",27.6644603,85.32433069999999,996.23,"hindu_temple, place_of_worship, association_or_organization, point_of_interest, establishment"
ChIJ67fB1dUZ6zkRZUgOyViR59o,temple,हनुमान मन्दिर शंखमुल ऊॅं शान्ति पार्क Hanuman Mandir Shankhamul,hindu_temple,"M8HM+M46, Sankhamul - Balkumari Rd, Lalitpur 44600, Nepal",27.6791627,85.3327652,997.65,"hindu_temple, place_of_worship, association_or_organization, point_of_interest, establishment"
ChIJ04Tkn7gZ6zkRNejvSOfBUxA,temple,Mani Dumar,hindu_temple,"M8JH+V4V, Mani Rd, Lalitpur 44600, Nepal",27.6822427,85.3278037,1021.29,"hindu_temple, place_of_worship, association_or_organization, point_of_interest, establishment"
ChIJHfUODcsZ6zkRrVqXo3IgGwY,temple,Krishna Temple,hindu_temple,"M8H8+27V, Lalitpur 44700, Nepal",27.677614,85.31566690000001,1031.62,"hindu_temple, place_of_worship, association_or_organization, point_of_interest, establishment"
ChIJxTJYEAAZ6zkRupnR0_dZMxE,temple,Baba Bishwokarma Mandir,hindu_temple,"M8H8+WV9, Lalitpur 44600, Nepal",27.6797856,85.3172398,1043.13,"hindu_temple, place_of_worship, association_or_organization, point_of_interest, establishment"
ChIJq6puucwZ6zkRZhodZeoR4m0,temple,Ugrachandi Temple,hindu_temple,"M8F7+WQ9, पुल्चोव्क रोड, Lalitpur 44700, Nepal",27.674796,85.3144901,1046.53,"hindu_temple, place_of_worship, association_or_organization, point_of_interest, establishment"
ChIJk5yNSugZ6zkRKxOrmMsPk3U,temple,जल विनायक गणेश मन्दिर,hindu_temple,"M8FP+C7R, Amaravati Marg, Lalitpur 44700, Nepal",27.6736109,85.33565449999999,1049.47,"hindu_temple, place_of_worship, association_or_organization, point_of_interest, establishment"
ChIJL56DBX8Z6zkRP77j-bgv_oI,temple,Sri Sathya Sai Kendra Sankhamul Kathmandu,hindu_temple,"M8JH+VR2 Satya Sai Bagmati Udhan, UN Park Lane, Lalitpur 44600, Nepal",27.6821389,85.3295278,1069.13,"hindu_temple, place_of_worship, association_or_organization, point_of_interest, establishment"
ChIJuWxnaegZ6zkRqlOYipMx1Qw,temple,Balkumari Temple,hindu_temple,"M8CP+Q97, Lalitpur 44700, Nepal",27.6719173,85.3359114,1087.09,"hindu_temple, place_of_worship, association_or_organization, point_of_interest, establishment"
ChIJu9dqOAAZ6zkRPKZWstT2uZk,temple,क्वाछेँ,hindu_temple,"M8CP+Q97, Lalitpur 44700, Nepal",27.6719723,85.3359316,1088.14,"hindu_temple, place_of_worship, association_or_organization, point_of_interest, establishment"
ChIJDb7AfwAZ6zkRf5bkJmJy6D0,temple,DOVANMOD,hindu_temple,"M8HM+FQF, Kathmandu 44600, Nepal",27.678660500000003,85.3343494,1090.77,"hindu_temple, place_of_worship, association_or_organization, point_of_interest, establishment"
ChIJuSdghPwZ6zkRo8LrVkv-iKs,temple,Shiva Mandir,hindu_temple,"M8G7+XXM, Lalitpur 44600, Nepal",27.6774738,85.3149222,1090.89,"hindu_temple, place_of_worship, association_or_organization, point_of_interest, establishment"
ChIJF3Ndcy4Z6zkRyyVpWELo9o4,temple,"Shree Krishna Pranami Mandir Nijananda Ashram, Pulchowk",hindu_temple,"M8G7+XXQ, Lalitpur 44600, Nepal",27.6775134,85.314846,1099.55,"hindu_temple, place_of_worship, association_or_organization, point_of_interest, establishment"
ChIJNbnxPQAZ6zkRQQOmM3BapHo,temple,धन्नजय महादेव,hindu_temple,"M8H8+27W, Aaksheswor Mahavihar Galli Uttar, Lalitpur 44600, Nepal",27.6774212,85.3147182,1106.82,"hindu_temple, place_of_worship, association_or_organization, point_of_interest, establishment"
ChIJScA1oMAZ6zkRd_QU5B_Bziw,temple,SHIVA TEMPLE,hindu_temple,"M8JJ+V49, बुद्ध मार्ग, Kathmandu 44600, Nepal",27.6821672,85.3303538,1108.29,"hindu_temple, place_of_worship, association_or_organization, point_of_interest, establishment"
ChIJmR5shgsZ6zkRM3zxCfePiss,temple,Takhta Devi Bhawani Maa (Devi Bhgawati Maa),hindu_temple,"M8H7+4X6, Lalitpur 44600, Nepal",27.6777916,85.31488829999999,1109.03,"hindu_temple, place_of_worship, association_or_organization, point_of_interest, establishment"
ChIJMfNDSgAZ6zkR7iykR-TKeyk,temple,Paaku Ganesh (पाकु गणेश),hindu_temple,"M89P+Q42, Druk Mahadev Marg, Lalitpur 44600, Nepal",27.6692287,85.3352614,1111.88,"hindu_temple, place_of_worship, association_or_organization, point_of_interest, establishment"
ChIJrwcdbcoZ6zkRYqvmrtyF5Zg,temple,Panchamukhi Hanuman Mandir,hindu_temple,"M8J8+CW9, Pulchowk Rd, Lalitpur 44600, Nepal",27.681027,85.3173472,1134.52,"hindu_temple, place_of_worship, association_or_organization, point_of_interest, establishment"
ChIJZYBKOgAZ6zkRFoTRPCSfUtk,temple,Naaghthan Temple,hindu_temple,"M889+53H, Lalitpur 44700, Nepal",27.6654249,85.3177314,1139.64,"hindu_temple, place_of_worship, association_or_organization, point_of_interest, establishment"
ChIJ6c7JXwAZ6zkRwZN5DvioawA,temple,Saraswati Mandir,hindu_temple,"Yala Dhwakha Marg Lalitpur 44600 27.682523, 85, 319264Lalitpur 44700, Nepal",27.6824168,85.31942459999999,1143.1,"hindu_temple, place_of_worship, association_or_organization, point_of_interest, establishment"
ChIJFxCBVdEZ6zkR8gX81UH1naQ,temple,Surya Binayak Ganesh Temple,hindu_temple,"44700 Road, Lalitpur 44700, Nepal",27.6645717,85.318794,1156.36,"hindu_temple, place_of_worship, association_or_organization, point_of_interest, establishment"
ChIJGdtUO74Z6zkRM1XWl3F_gz4,temple,Ganesh Temple,hindu_temple,"M888+JCF, Thasikhel Siddhibinyak Marg, Lalitpur 44700, Nepal",27.6665524,85.31603659999999,1165.73,"hindu_temple, place_of_worship, association_or_organization, point_of_interest, establishment"
ChIJHW63WgAZ6zkRZQeQHd_MAI4,temple,Nawa Durga Mandir Sankhamul,hindu_temple,"M8JM+5GF, Kathmandu 44600, Nepal",27.6804348,85.3337852,1166.31,"hindu_temple, place_of_worship, association_or_organization, point_of_interest, establishment"
ChIJl9Hn39IZ6zkR3rO4J6dW7a8,temple,Lord Ganesh & Bhimsen Temple,hindu_temple,"M887+WX6, Lalitpur 44600, Nepal",27.6672775,85.31487589999999,1207.26,"hindu_temple, place_of_worship, association_or_organization, point_of_interest, establishment"
ChIJL0KwgbMZ6zkR8Xw7HE87lP8,temple,Vagwati mandir,hindu_temple,"M8JM+7MH, Kathmandu 44600, Nepal",27.680659,85.33416609999999,1210.87,"hindu_temple, place_of_worship, association_or_organization, point_of_interest, establishment"
ChIJt_P3ug8Z6zkR-4GhOs8r6jI,temple,Digu dhya:,hindu_temple,"M8G7+85P, Jhamsikhel Road, Lalitpur 44700, Nepal",27.6758326,85.31294899999999,1217.15,"hindu_temple, place_of_worship, association_or_organization, point_of_interest, establishment"
ChIJ57eOWAAZ6zkRLJUZrRWZOvg,temple,Devkota Kul Mandir (देवकोटा कुल मन्दिर),hindu_temple,"M8H7+8HJ, Lalitpur 44600, Nepal",27.6783279,85.3138965,1223.02,"hindu_temple, place_of_worship, association_or_organization, point_of_interest, establishment"
ChIJcQBJh0UZ6zkReiYhEW6zIQ8,temple,Chundevi Temple,hindu_temple,"M8H7+8HJ, Lalitpur 44600, Nepal",27.6783337,85.3138959,1223.36,"hindu_temple, place_of_worship, association_or_organization, point_of_interest, establishment"
ChIJBThTUSkZ6zkRJHQerBBLEIQ,temple,Ganesh Murti,hindu_temple,"कोटेश्वर-३५, जनता सडक, काठमाडौँ 44600, Nepal",27.676603000000004,85.33716539999999,1249.8,"hindu_temple, place_of_worship, association_or_organization, point_of_interest, establishment"
ChIJuxTqZwAZ6zkRVzgO699A-Oo,temple,Anu’s House,hindu_temple,"M8JP+F37, Batuk Kumar Marga, Kathmandu 44600, Nepal",27.6807785,85.334744,1262.46,"hindu_temple, place_of_worship, association_or_organization, point_of_interest, establishment"
ChIJMcaaTbgZ6zkRXzqq8iHxIsU,temple,धन्वन्तरी बाराही मन्दिर Dhanwontari Barahi Temple,hindu_temple,"M8MG+W9J, BCN Park Walking Trail, Lalitpur 44600, Nepal",27.6848299,85.3258867,1273.94,"hindu_temple, place_of_worship, association_or_organization, point_of_interest, establishment"
ChIJzQtJGdkZ6zkRDrGumoCRMxQ,temple,"कुल देवता ""नण्द""",hindu_temple,"M86H+V29, रिङ्ग रोड, Lalitpur 44700, Nepal",27.6621578,85.3276095,1276.22,"hindu_temple, place_of_worship, association_or_organization, point_of_interest, establishment"
ChIJoz4ki94Z6zkRjGxre_2FmKw,temple,Bafal Binayak Mandir,hindu_temple,"M87J+9HG, Lalitpur 44700, Nepal",27.6634421,85.3314631,1277.17,"hindu_temple, place_of_worship, association_or_organization, point_of_interest, establishment"
ChIJeweenegZ6zkRo7C3-jEJBLo,temple,Saraswati Temple,hindu_temple,"M8CQ+93F, Lalitpur 44600, Nepal",27.670948000000003,85.3376862,1278.7,"hindu_temple, place_of_worship, association_or_organization, point_of_interest, establishment"
ChIJQ4HYNuIZ6zkRD8s0upKDeNM,temple,Vishnu Temple,hindu_temple,"M8MG+X93, Park Ln, Lalitpur 44600, Nepal",27.6848842,85.3259068,1280.1,"hindu_temple, place_of_worship, association_or_organization, point_of_interest, establishment"
ChIJu_KJ6jIY6zkRyN44U6HhhY8,temple,ॐ सत्सङ्ग परिवार,hindu_temple,"M8C6+PQM, Lalitpur 44700, Nepal",27.6718362,85.31193429999999,1298.35,"hindu_temple, place_of_worship, association_or_organization, service, point_of_interest, establishment"
ChIJGTTKGAwZ6zkRU3xQr9GLsS0,temple,Jwagal Ganesh Mandir,hindu_temple,"M8MC+VHP, Lalitpur 44600, Nepal",27.6847149,85.3215359,1303.58,"hindu_temple, place_of_worship, association_or_organization, point_of_interest, establishment"
ChIJOd0f0bgZ6zkRnZANrUeqKyw,temple,गणेश शिव मन्दिर,hindu_temple,"M8MH+WF2, बुद्ध मार्ग, Kathmandu 44600, Nepal",27.684754,85.3286469,1312.59,"hindu_temple, place_of_worship, association_or_organization, point_of_interest, establishment"
ChIJ9aX2HdkZ6zkRXdqV-_u7h9c,temple,सुर्य र गणेश मन्दिर,hindu_temple,"M86H+P22, रिङ्ग रोड, Lalitpur 44700, Nepal",27.6617575,85.3275312,1318.37,"hindu_temple, place_of_worship, association_or_organization, point_of_interest, establishment"
ChIJo-sDn9YZ6zkRwU32VU00n6E,temple,Mahalaxmisthan Temple,hindu_temple,"M869+VMH Mahalaxmi Temple, Lalitpur 44700, Nepal",27.6627505,85.3190115,1322.9,"hindu_temple, place_of_worship, association_or_organization, point_of_interest, establishment"
ChIJpdisA-cZ6zkRSnvJJzZ5L7o,temple,Pako Mahadev Temple,hindu_temple,"M88P+XMH, Lalitpur 44600, Nepal",27.667439,85.3367288,1331.7,"hindu_temple, place_of_worship, association_or_organization, point_of_interest, establishment"
ChIJP3M6quoZ6zkRlkUyZIPBULk,temple,Yantapau Ganesh Mandir,hindu_temple,"Yaat Paun Marg, Kathmandu 44600, Nepal",27.682148,85.3343527,1339.55,"hindu_temple, place_of_worship, association_or_organization, point_of_interest, establishment"
ChIJ_fK4HgAZ6zkRIz3icrKKF5o,temple,श्री शंखेश्वर महादेव,hindu_temple,"M8JP+6F5, Ganesh Marga, Kathmandu 44600, Nepal",27.6805101,85.3362271,1359.16,"hindu_temple, place_of_worship, association_or_organization, point_of_interest, establishment"
ChIJk3V8CHsZ6zkRD1eKuPwpN1w,temple,Ganesh and bhagwati temples,hindu_temple,"M88P+47W, F072, Lalitpur, Nepal",27.6653726,85.3356976,1380.79,"hindu_temple, place_of_worship, association_or_organization, point_of_interest, establishment"
ChIJd5HFFQAZ6zkRAsP-eZ0p5d8,temple,Ganesh tample,hindu_temple,"M89P+2X2, Lalitpur 44600, Nepal",27.6674171,85.3373993,1390.53,"hindu_temple, place_of_worship, association_or_organization, point_of_interest, establishment"
ChIJ0TUr0LUZ6zkRBisLbuqXLdc,temple,Satoakito memorial,hindu_temple,"M8M9+P7V, Kupondole Rd, Lalitpur 44600, Nepal",27.6843633,85.3181752,1392.03,"hindu_temple, place_of_worship, association_or_organization, point_of_interest, establishment"
ChIJCRCkBAAZ6zkRP2NRQNSNdbI,temple,Anjumax house,hindu_temple,"9 Mahalaxmi Marg, Lalitpur 44700, Nepal",27.6621295,85.31882279999999,1393.07,"hindu_temple, place_of_worship, association_or_organization, point_of_interest, establishment"
ChIJf0nqMu8Z6zkR9GoIwx5L2T4,temple,Sunrise Homes Shiva Mandir,hindu_temple,"M8FQ+9QP, Kriti Marg, Lalitpur 44600, Nepal",27.6734664,85.339458,1423.77,"hindu_temple, place_of_worship, association_or_organization, point_of_interest, establishment"
ChIJK5O2GN8Z6zkRxZEKmdKHQDk,temple,Shree Suryabinayak Temple,hindu_temple,"M86J+H5F, Lalitpur 44700, Nepal",27.6614425,85.3304332,1433.24,"hindu_temple, place_of_worship, association_or_organization, point_of_interest, establishment"
ChIJo04JBgAZ6zkRHipawbYD7Hk,temple,Small shrine to Ganesha,hindu_temple,"M86H+FH5, Lalitpur 44700, Nepal",27.6610445,85.32924779999999,1436.15,"hindu_temple, place_of_worship, association_or_organization, point_of_interest, establishment"
ChIJ55lyub8Z6zkRT7AXkt9sxAQ,temple,Surya Panchayana Mandir,hindu_temple,"M8MM+Q42, श्री आदर्श मार्ग, Kathmandu 44600, Nepal",27.6843816,85.3327563,1440.28,"hindu_temple, place_of_worship, association_or_organization, point_of_interest, establishment"
ChIJ88NcKAAZ6zkR2IjpphbfC30,temple,Manamaneswori Devi Temple,hindu_temple,"M8C6+V44, Shanti Chok Marg, Lalitpur 44600, Nepal",27.6721327,85.310327,1451.79,"hindu_temple, place_of_worship, association_or_organization, point_of_interest, establishment"
ChIJMT8j8usZ6zkRnFvUMKUQAwo,temple,Saraswati Mandir,hindu_temple,"M8HQ+5H7, Sahyoginagar Marga, Kathmandu 44600, Nepal",27.6779219,85.3389145,1459.55,"hindu_temple, place_of_worship, association_or_organization, point_of_interest, establishment"
ChIJS8zE4b8Z6zkRmQjjn1sxY1Y,temple,Shree Shankha Binayak Temple,hindu_temple,"Shankhabinayak Marg, Kathmandu 44600, Nepal",27.6837007,85.33422279999999,1461.74,"hindu_temple, place_of_worship, association_or_organization, point_of_interest, establishment"
ChIJnXUkCuYZ6zkRV8rJYvepr4g,temple,Sri Siddhi Ganesh Temple,hindu_temple,"M89Q+WPG, Lalitpur 44600, Nepal",27.6698034,85.3393431,1467.99,"hindu_temple, place_of_worship, association_or_organization, point_of_interest, establishment"
ChIJ79CfVgAZ6zkRQuI9rH64W3c,temple,Radha Krishna Temple,hindu_temple,"M8JQ+832, Kathmandu 44600, Nepal",27.680760400000004,85.33764409999999,1490.0,"hindu_temple, place_of_worship, association_or_organization, point_of_interest, establishment"
ChIJCV1dltQZ6zkRiyAFp4WprJk,temple,त्र्‍िमूर्ती मन्दिर,hindu_temple,"M878+72H, Damodar Marg, Lalitpur 44700, Nepal",27.6631888,85.315102,1496.45,"hindu_temple, place_of_worship, association_or_organization, point_of_interest, establishment"
ChIJwd8g6G4Z6zkRfJXSaphtaKI,temple,brother trader,hindu_temple,"M89Q+9MR, Balkumari lan, Lalitpur 44700, Nepal",27.6684807,85.3391444,1496.46,"hindu_temple, place_of_worship, association_or_organization, point_of_interest, establishment"
