place_id,poi_type,name,primary_type,formatted_address,latitude,longitude,distance_from_center_m
ChIJl2BEeZcZ6zkRMtRMoN7ZwUs,bank,Nepal Cooperative Financial Institution,bank,"M8VP+GVR, Devkota Sadak, Kathmandu 44600, Nepal",27.6938527,85.3371528,25.35
ChIJY0HOeJcZ6zkRawb6tJIu3f4,bank,Vastabik SACCOS,bank,"M8VP+HQ5, Devkota Sadak, Kathmandu 44600, Nepal",27.693881,85.336996,38.81
ChIJVVb51pkZ6zkRMtFPxqztdAY,bank,Global IME Bank Limited,bank,"Kathmandu 44600, Nepal",27.6944349,85.33739240000001,52.82
ChIJdyrqzZkZ6zkRYRaFBexay1A,bank,Public Sutradhar Multipurpose Co-op.,bank,"M8WP+2VJ, Sahabhagita Marga, Kathmandu 44600, Nepal",27.6950784,85.3371375,126.63
ChIJXyQczZkZ6zkR0pOLzWycmhQ,bank,Sutradhar SACCOS,bank,"M8WP+2QW, Sahabhagita Marga, Kathmandu 44600, Nepal",27.695124000000003,85.3369641,135.75
ChIJGaZcmJcZ6zkRPOINtCK5IzQ,bank,Amrlavarsa SACCOS,bank,"M8VP+5G8, Devkota Sadak, Kathmandu 44600, Nepal",27.6929186,85.3363231,155.68
ChIJGaZcmJcZ6zkR-5R80j3KT-U,bank,Societal SACCOS,bank,"M8VP+5G8, Devkota Sadak, Kathmandu 44600, Nepal",27.6929181,85.336323,155.73
ChIJTVe9M5gZ6zkROz4T62PjR5M,bank,Sambandha SACCOS,bank,"M8WP+3MM, Sahabhagita Marga, Kathmandu 44600, Nepal",27.6952179,85.3366616,156.74
ChIJTVe9M5gZ6zkR-Ja6WxJgd2w,bank,Nobel Shoppe SACCOS,bank,"M8WP+3MM, Sahabhagita Marga, Kathmandu 44600, Nepal",27.6952179,85.3366616,156.74
ChIJ4caaWc0Z6zkRs7p4RCOOe_g,bank,Survey Sulav SACCOS,bank,"M8VP+2HQ, Shree Panchakumari Marg, Kathmandu 44600, Nepal",27.6926502,85.3364507,172.0
ChIJf5NH-S8Z6zkRXptkWu8abKw,bank,Artha Jagat SACCOS,bank,"M8RP+V8V, New Baneshwor Chowk, Kathmandu 44600, Nepal",27.6922336,85.3357986,247.17
ChIJy88hsJcZ6zkRdCsugH1nmfo,bank,Provision SACCOS,bank,"M8RP+QGJ, Devkota Sadak, Kathmandu 44600, Nepal",27.6919583,85.33626559999999,248.15
ChIJj8xVOucZ6zkRDZ2AWRFL224,bank,Alankar cooperatives LTD.,bank,"M8WQ+H3R, Devkota Sadak, Kathmandu 44600, Nepal",27.6964837,85.3376449,281.83
ChIJkwyOyJcZ6zkRrMlJhusEJzs,bank,Chhaku Bakku Bhagwati SACCOS,bank,"M8RP+R5M, अोख्‍खरबोट मार्ग, Kathmandu 44600, Nepal",27.692099,85.33542349999999,282.72
ChIJX8FcrZcZ6zkRx8aL_ilHfMg,bank,Jyoti Bikash Bank Limited,bank,"Karmacharya Plaza, 31 Devkota Sadak, Kathmandu 44600, Nepal",27.6915446,85.3359617,302.71
ChIJBwxYspcZ6zkRuMcWURJ-QZ0,bank,Mobile SACCOS,bank,"M8RP+HC9, Devkota Sadak, Kathmandu 44600, Nepal",27.6914172,85.3360967,309.69
ChIJ47YdUpYZ6zkR8anQEfdoooA,bank,Nagarik Dainik SACCOS,bank,"M8RP+HC5, Devkota Sadak, Kathmandu 44600, Nepal",27.6913964,85.33610689999999,311.4
ChIJv7aospcZ6zkRzECezwGbYIQ,bank,Swarna Shree SACCOS,bank,"M8RP+GG8, Devkota Sadak, Kathmandu 44600, Nepal",27.6912916,85.336314,314.73
ChIJgcuzibQZ6zkRMnO3ZaArdsI,bank,Mahalaxmi Bikas Bank Limited,bank,"Prabha Kanahiya Complex, M8WQ+P2V, देवकोटा सडक, काठमाडौँ 44600, Nepal",27.6968677,85.3375325,323.67
ChIJU_5xVJYZ6zkRoucpOS7ayco,bank,Samaj SACCOS,bank,"M8RP+CJQ, बिभुति जनक मार्ग, Kathmandu 44600, Nepal",27.6910861,85.33659809999999,328.71
ChIJcznxEZkZ6zkRW10xwkwSVao,bank,Shreeya SACCOS,bank,"M8WP+RWG, Devkota Sadak, Kathmandu 44600, Nepal",27.6970699,85.3373397,345.83
ChIJG8Z-G9MZ6zkRKsYCI8WqC9k,bank,Muktinath Bikas Bank Limited,bank,"M8RP+CF7, Kathmandu 44600, Nepal",27.6910316,85.3361726,346.64
ChIJt9mIS5YZ6zkRoisRUTh5EZM,bank,Jeevansathi SACCOS,bank,"M8RP+C9P, Devkota Sadak, Kathmandu 44600, Nepal",27.6910826,85.33595509999999,349.36
ChIJ9xd_fJgZ6zkR-o19j7ZVtsg,bank,Janasewi SACCOS,bank,"M8WP+P5R, Kathmandu 44600, Nepal",27.6968508,85.3353777,377.08
ChIJ-bV0UJYZ6zkRtjwD2iooTvo,bank,"Rastriya Banijya Bank Ltd., New Baneshwor Branch",bank,"M8RP+99M New Baneshwor, Kathmandu 44600, Nepal",27.6906863,85.33623229999999,381.15
ChIJm1A-SZYZ6zkR1hbcDoXQjQA,bank,Satyam SACCOS,bank,"M8RP+88G, Devkota Sadak, Kathmandu 44600, Nepal",27.6908169,85.3358308,381.33
ChIJb6M-0JYZ6zkRGVn-D2u-DNg,bank,National Co-operative Bank,bank,"M8RQ+8H3, बिभुति जनक मार्ग, Kathmandu 44600, Nepal",27.690754,85.338916,387.24
ChIJQfSsfpcZ6zkRvaBXvPJdQ8s,bank,Prabhu Bank Limided,bank,"M8XQ+349, Devkota Sadak, Kathmandu 44600, Nepal",27.6976602,85.3378583,414.13
ChIJweSfw58Z6zkRrBobBvF9F9A,bank,Shangri-la Development Bank Limited,bank,"M8XQ+34H Mid, Devkota Sadak, Kathmandu 00977, Nepal",27.6976826,85.3378695,416.73
ChIJ7ykSkoAZ6zkR92hLvcSs4bA,bank,Sanima Bank,bank,"M8XQ+34Q Mid, Kathmandu 44600, Nepal",27.6977063,85.3378748,419.41
ChIJJ9RvLpYZ6zkRrdhf61_o4E8,bank,Khaptad SACCOS,bank,"M8RM+8WW, भक्ति थापा सडक, Kathmandu 44600, Nepal",27.690865,85.334831,425.94
ChIJm6xTMJYZ6zkRAwWFWb8roYg,bank,Metro SACCOS,bank,"M8RP+72V, भक्ति थापा सडक, Kathmandu 44600, Nepal",27.6907382,85.33503739999999,426.08
ChIJT8hOKpYZ6zkRS2o4Pb7at68,bank,Kavil SACCOS,bank,"M8RM+CQ4, भक्ति थापा सडक, Kathmandu 44600, Nepal",27.6910051,85.33445669999999,436.81
ChIJ98_M7-wZ6zkRey6BIYl2sQQ,bank,Lumbini Bikas Bank Limited,bank,"Kathmandu 44600, Nepal",27.6903223,85.33559450000001,441.04
ChIJK4JRM5EZ6zkRpOX_DQEtQ0Y,bank,Cooperative Department,bank,"देउराली क्लब, 44600, Kathmandu 44600, Nepal",27.6903721,85.339483,449.49
ChIJixOgQJYZ6zkRhYLosF14Y6g,bank,Pararambhika SACCOS,bank,"M8RP+363, Kathmandu 44600, Nepal",27.6901271,85.33554749999999,462.82
ChIJq-W1jykZ6zkRq51uH0FwEa0,bank,Osmosis SACCOS,bank,"M8RP+248, Chakhkhu Bakhkhu Marg, Kathmandu 44600, Nepal",27.690046,85.33533779999999,479.42
ChIJi3czFZYZ6zkRYElZZxZP6wE,bank,Prime Commercial Bank Limited,bank,"10 Devkota Sadak, Kathmandu 44600, Nepal",27.689864,85.33555439999999,489.64
ChIJEVs7hZoZ6zkRcRNL6FuqMRg,bank,Mega Dreams Saving And Coopreative,bank,"M8WV+23R, Milan Chowk Marga, Kathmandu 44600, Nepal",27.6951043,85.34263469999999,532.78
ChIJ5c6F458Z6zkR_6zXTLALMCw,bank,Shine Resunga Development Bank Limited,bank,"M8QP+Q64, Kathmandu 44600, Nepal",27.689383900000003,85.33559369999999,538.38
ChIJVWwo3KIZ6zkRzScqc2H4-sA,bank,Panchatwo SACCOS,bank,"बानेश्वर-10, सहभागिता मार्ग, Kathmandu 44600, Nepal",27.695348,85.332042,547.75
ChIJB8e4EpYZ6zkRn3Wb3kgePPo,bank,Nepal Investment Mega Bank Limited (NIMB),bank,"Devkota Sadak, Kathmandu 44600, Nepal",27.6889991,85.3356218,578.15
ChIJBcpIyr4Z6zkRWWzfFnkZInw,bank,"Kamana Sewa Bikas Bank Ltd, New Baneshwor Branch",bank,"M8QP+J42, Kathmandu 44600, Nepal",27.6890115,85.3352811,587.78
ChIJ64FuSZkZ6zkRi3WVwSSDttg,bank,Dolphin SACCOS,bank,"M8XQ+V9R, Devkota Sadak, Kathmandu 44600, Nepal",27.699741,85.338386,650.4
ChIJeeiq3ooZ6zkRKmprCCRc2oI,bank,Mashreq Bank – Nepal Representative Office,corporate_office,"Ward No. 10, Devi Tower, Chakku Bakku Marga, Kathmandu 44600, Nepal",27.6896691,85.3327067,662.85
ChIJw9cN6bwZ6zkRM2DolnAuKeQ,bank,Rambha SACCOS,bank,"M8RJ+X85, Pushpa Nagar Marg, Kathmandu 44600, Nepal",27.6923918,85.3308629,664.93
ChIJo636IOMZ6zkRn2wiY29ZaQA,bank,Saujanya SACCOS,bank,"M8QV+X3J, Thulo Kharibot Marga, Kathmandu 44600, Nepal",27.6899711,85.34262939999999,681.08
ChIJf-RJ3JUZ6zkRpoEhVhAdtxA,bank,Standard Chartered Bank Nepal Head Office,bank,"Marg Ward No.34, Madan Bhandari Path, Kathmandu 44600, Nepal",27.6879394,85.3358879,685.39
ChIJp1sQ55UZ6zkRcqnexc-pzvs,bank,Machhapuchchhre Bank Limited,bank,"M8QP+56Q, Shankhamul Marga, Kathmandu 44600, Nepal",27.6879584,85.3355991,690.0
ChIJwX_l_JUZ6zkRDosMiAx2H0s,bank,Kumari Bank Limited,bank,"Citytop Building, मदन भण्डारी रोड, Kathmandu 44600, Nepal",27.688191600000003,85.3347893,690.28
ChIJfzD7wr0Z6zkRTvMgSQCjYAA,bank,NIC ASIA Bank New Baneshwor Branch,bank,"M8QM+J6W Kathmandu, Kathmandu 44600, Nepal",27.6890625,85.3330625,690.85
ChIJP3fw_JUZ6zkRJWAWnBrKSFk,bank,Andover Multipurpose Co-op,bank,"Citytop Building, मदन भण्डारी रोड, Kathmandu 44600, Nepal",27.688125,85.3347905,697.12
ChIJzx_FzJUZ6zkRqaFRhV1Fjlc,bank,Jyotipunja SACCOS,bank,"M8QP+3PH, Madan Bhandari Road, Kathmandu 44600, Nepal",27.6876984,85.336863,698.12
ChIJ-9Vyw70Z6zkRFksp3txWXic,bank,Laxmi Capital Market Ltd.,bank,"M8QM+M3J, Madan Bhandari Road, Kathmandu 44600, Nepal",27.6892233,85.33264559999999,703.35
ChIJ18zIAL4Z6zkRy1x-B_h41KQ,bank,Nepal Investment Mega Bank Limited,bank,"M8QM+8JQ, मदन भण्डारी सडक, Kathmandu 44600, Nepal",27.6883276,85.3340939,704.93
ChIJK1qrHZAZ6zkRW2HVQjSlYfk,bank,Katyayeni SACCOS,bank,"747 Bhimsengola Marg, Kathmandu 44600, Nepal",27.693597,85.34453239999999,705.36
ChIJ1_qYT8oZ6zkR1GGhQVo6TfM,bank,Nepal Bank,bank,"M8QP+2QW, Kathmandu 44600, Nepal",27.6876229,85.33694539999999,705.95
ChIJszlJmuIZ6zkRUkBA0g735wc,bank,DharmaKarma coperative LTD,bank,"M8WR+3J8 Kathmandu, Kathmandu 44600, Nepal",27.6953693,85.34439030000001,707.77
ChIJJWKJ_b0Z6zkRq97wxqJbEh0,bank,NMB Bank Limited New Baneshwor Branch,bank,"M8QM+9G9, Kathmandu 44600, Nepal",27.688408700000004,85.3338619,707.82
ChIJ99XABx0Z6zkRfD3svHtk9Vs,bank,Nabil Bank Limited - Baneshwor Branch,bank,"10 Shankhamul Marg, Kathmandu 44600, Nepal",27.6884204,85.33364759999999,717.27
ChIJZ7FhUZYZ6zkRxePYadMwiv0,bank,Kushwaha SACCOS,bank,"M8RJ+V4H, बिभुति जनक मार्ग, Kathmandu 44600, Nepal",27.692176300000003,85.3303587,719.19
ChIJ-_nytZoZ6zkRHQ1HFz116Ik,bank,Divya Mantra SACCOS,bank,"Katyayani Chowk Bhimsengola Marg baneshwor, M8WV+9P9, काठमाडौं 44604, Nepal",27.6959106,85.3443623,720.85
ChIJhdzn470Z6zkR8zKABa8-_qg,bank,Himalayan Bank ATM,bank,"M8QM+C92, Madan Bhandari Road, Kathmandu 44600, Nepal",27.6885167,85.333382,722.01
ChIJK23b55UZ6zkR6Ycjl_1G3ds,bank,Citizen Bank International Limited,bank,"M8QP+355, Kathmandu 44600, Nepal",27.6876458,85.3354772,726.67
ChIJ27NOPJQZ6zkRI9razZ3JSpo,bank,Nepal Investment Mega Bank Limited (NIMB),bank,"Subha Lakshya Complex, Madan Bhandari Marg, Kathmandu 44600, Nepal",27.687393,85.3379183,732.14
ChIJUSeCiwsZ6zkR_tztMlu9U6k,bank,Sunbarsha SACCOS,bank,"New Baneshwor Height, M8QJ+QQG, Madan Bhandari Road, काठमाडौँ 44600, Nepal",27.6894309,85.3319509,734.41
ChIJX79R2ZMZ6zkRTry24fWUa0Q,bank,Sahayatri Multipurpose Co-op,bank,"M8QR+7CX, ठूलो खरी बोट मार्ग, Kathmandu 44600, Nepal",27.6882335,85.3411167,735.4
ChIJJ48x0Z4Z6zkRVhdTp0HVsJI,bank,Banking Training Institute,bank,"P82P+7V5, Baneshowor Height Road, Kathmandu 44600, Nepal",27.7006311,85.3372258,741.95
ChIJa0pFTZEZ6zkRbFhwquOiRUY,bank,Lumbini Bikash Bank Limited,bank,"M8WV+FR3, Katyani Marg, Kathmandu 44600, Nepal",27.6961396,85.34453549999999,745.02
ChIJi9y93r0Z6zkRVfiNhS_vKck,bank,Sanima Bank Limited,bank,"M8QM+F33, Madan Bhandari Road, Kathmandu 44600, Nepal",27.6886283,85.332657,753.48
ChIJEZO_jY8Z6zkRSpo85XRFtuc,bank,रिजर्भ बचतऋण सहकारी,bank,"M8RH+VX5, भक्ति थापा सडक, Kathmandu 44600, Nepal",27.6921289,85.3299888,755.67
ChIJh03P4r0Z6zkRXCh1yBDXrRA,bank,Everest Bank Limited,bank,"M8QJ+HQ4, मदन भण्डारी रोड, Kathmandu 44600, Nepal",27.6888795,85.3319451,778.13
ChIJeesX8pUZ6zkRML0Dp91vqu8,bank,Global IME Bank ATM,atm,"शंखमुल मार्ग, Kathmandu 44600, Nepal",27.6871423,85.3351632,788.89
ChIJ74OlwIwZ6zkRHxs5rY07PwY,bank,Moneyplant SACCOS,bank,"M8PR+X6P, Kathmandu 44600, Nepal",27.687445,85.34057299999999,789.71
ChIJh4n6HskZ6zkRhZogsWS2VW8,bank,Global IME Bank Limited,bank,"Kathmandu 44600, Nepal",27.6871696,85.3349301,792.65
ChIJe3FboxAZ6zkR9lqdcxryb5s,bank,Nepal Infrastructure Bank Limited,bank,"M8QJ+W7Q, Kathmandu 44600, Nepal",27.6898377,85.3307476,797.84
ChIJHy12w5MZ6zkRbIofWEPvx30,bank,Gurkha Millennium Multi-Purpose Co-operative,bank,"N.K.Singh Marg, Kathmandu 44600, Nepal",27.6875784,85.34113889999999,800.32
ChIJDx-1s5MZ6zkR2cRwU1plDJQ,bank,Nepal SBI Bank Ltd. New Baneshwor Branch,bank,"New Baneshwor Branch Office, M8PR+X82, Madan Bhandari Path, Meen Bhawan, Kathmandu 44600, Nepal",27.6873826,85.34076379999999,803.68
ChIJcbmoKZMZ6zkRC-IGXdCYppk,bank,Garima bikask bank,bank,"M8QJ+GJJ, Kathmandu 44600, Nepal",27.6888409,85.3315042,811.6
ChIJ9WVTwZMZ6zkRvsFo1vrfobE,bank,Kalyan Upakar SACCOS,bank,"M8PR+XCG, Prayag Marg, Kathmandu 44600, Nepal",27.6874364,85.34108979999999,812.16
ChIJebAlk5UZ6zkRLa3FAJ6JQHM,bank,Ukali SACCOS,bank,"M8PP+P3J, Kathmandu 44600, Nepal",27.686844,85.335132,821.64
ChIJme2uYwAZ6zkRZanGuIP_ZGw,bank,Dhanpunja cooperative,bank,"M8PP+M59, Suruchi Marga, Kathmandu 44600, Nepal",27.6867013,85.3355192,827.66
ChIJ3RMdk5UZ6zkR6-LhcjjF1o4,bank,Lakshmi Bardan SACCOS,bank,"M8PP+P25, शंखमुल मार्ग, Kathmandu 44600, Nepal",27.686768,85.335111,830.33
ChIJhcjDw5MZ6zkRB9TyM9YIptg,bank,Agricultural Development Bank Ltd. Naya Baneshwor Branch,bank,"M8PQ+H6M, Kathmandu 44600, Nepal",27.68647,85.3380408,835.39
ChIJpfoSlJUZ6zkRTZZCG_os3pM,bank,Nagarik Kalyan Multipurpose Co-op,bank,"M8PP+M53, Shankhamul Marga, Kathmandu 44600, Nepal",27.6866254,85.3354268,837.94
ChIJIbSNG5wZ6zkRrg_cCvSNMkM,bank,परिचय बचतऋण सहकारी,bank,"P82Q+FWP, Kathmandu 44600, Nepal",27.7012128,85.3398194,841.48
ChIJNX14rrkZ6zkRB_x3buVbUY8,bank,Shivashree Multpurpose Co-op,bank,"P82P+JF8, Tanka Prasad Marg, Kathmandu 44600, Nepal",27.7015447,85.33619759999999,851.38
ChIJU7TXRXQZ6zkR8eTuiJnm3Ps,bank,Get Way SACCOS,bank,"P82R+G4J, सिनामंगल रोड, Kathmandu 44600, Nepal",27.7013374,85.34025129999999,867.67
ChIJRyUcq-8Z6zkRlPu6osD_cn4,bank,Relation SACCOS,bank,"P82R+8MC, Surya Bikram Gyawali Marg, Kathmandu 44600, Nepal",27.7008174,85.34164369999999,870.42
ChIJ29b8E5wZ6zkRsLWh2a7W3HA,bank,Siddhartha Bank | Old Baneshwor,bank,"ECards Nepal, Amarabati Marga, काठमाडौँ 13806, Nepal",27.7013489,85.3402997,870.44
ChIJrX5cF5wZ6zkRjGVqDPHNBek,bank,Orchid SACCOS,bank,"P82R+H36, सिनामङ्गल सडक, Kathmandu 44600, Nepal",27.701401,85.3401399,870.88
ChIJhRvNGZwZ6zkRfaiQJUQifao,bank,अर्किड बचत तथा ऋण सहकारी सस्था,bank,"P82R+H2G, Sinamangal Rd, Kathmandu 44600, Nepal",27.7014397,85.3400898,873.45
ChIJ6aI2Ga4Z6zkRI6se9uTKHic,bank,Chautara Multipurpose Co-op,bank,"Kathmandu 44600, Nepal",27.6878744,85.33175659999999,874.34
ChIJe71_bpwZ6zkRNoyTbYthWFc,bank,Manjari SACCOS,bank,"कुमारी कम्‍प्‍लेक्‍स, सिनामंगल रोड, Kathmandu 44600, Nepal",27.701211,85.3411028,885.67
ChIJL6UbeLwZ6zkRS6-RdpKNESk,bank,Bijuli Bazar SACCOS,bank,"M8RH+5PM, Kathmandu 44600, Nepal",27.6904706,85.32929159999999,885.86
ChIJLeEC2o8Z6zkRqRJ9gGsaazo,bank,Bina SACCOS,bank,"M8QW+X4C, Kathmandu 44600, Nepal",27.6899322,85.3452533,895.27
ChIJKSlVQ7sZ6zkRt00wSIhQ7oI,bank,Prabhu Bank Limited,bank,"M8RH+V94, Kathmandu 44600, Nepal",27.6921385,85.3284601,901.28
ChIJ77jaN5IZ6zkRPoNPDGH-v68,bank,Paripurak SACCOS,bank,"M8PV+V2G, शान्तिनगर मार्ग, Kathmandu 44600, Nepal",27.68719,85.342578,910.29
ChIJf7XksJMZ6zkROn-4mLUeAO0,bank,Kantipur SACCOS,bank,"Gorkha Complex, मदन भण्डारी मार्ग, Kathmandu 44600, Nepal",27.686611000000003,85.341539,914.03
ChIJERLbhJUZ6zkRWejKHv4lRI0,bank,Shubha Milan Multipurpose Co-op,bank,"M8PM+9XF, Kirti Marg, Kathmandu 44600, Nepal",27.6859352,85.3349356,924.2
ChIJyyTosvcZ6zkRsgTzqW6O6u8,bank,"Kamana Sewa Bikas Bank Ltd, Bhimsengola",bank,"M8XV+WM2, Kathmandu 44600, Nepal",27.6997585,85.3441387,926.56
ChIJIVjyUJsZ6zkRi5Q9Xqd_syM,bank,Laxmi Sunrise Bank Limited,bank,"M8XV+WJW, Kathmandu 44600, Nepal",27.6998545,85.34407739999999,929.73
ChIJq8rnWZsZ6zkRYAJPB7A_MHQ,bank,Prime Commercial Bank Ltd. Old Baneshwor Branch,bank,"P82V+2HP, Sinamangal Rd, Kathmandu 44600, Nepal",27.7000785,85.3439485,938.66
ChIJy54oA3wZ6zkR2A54b6q_AKg,bank,Delight SACCOS,bank,"M8WH+P8G, टंक प्रसाद घुम्ती सडक, Kathmandu 44600, Nepal",27.6967656,85.3283258,944.45
ChIJQeN3Do4Z6zkRpV708mIJ0rw,bank,Manab Kalyan Saving and Credit Cooperative Ltd,finance,"Shantinagar-31, Kathmandu 44600, Nepal",27.6893149,85.34541100000001,944.47
ChIJ11U1Y6QZ6zkRJTByLob_eZM,bank,Nabil Bank,bank,"Tanka Prasad Ghumti Sadak, Kathmandu 44600, Nepal",27.697225000000003,85.328504,946.3
ChIJ755dMF4Z6zkRfxwThiJBWlk,bank,"Shangri-la Development Bank, Anamnagar Branch",bank,"M8WH+C6G, Kathmandu 44600, Nepal",27.6960684,85.328064,946.7
ChIJ3S51jqQZ6zkRslzwdop3_fc,bank,Siddhartha Bank | Anamnagar,bank,"टंक प्रसाद घुम्ती सडक, Kathmandu 44600, Nepal",27.6962827,85.3281197,947.6
ChIJWfp0NrsZ6zkR0UAm3JvMYm0,bank,Ghansi SACCOS,bank,"M8VH+C3Q, टंक प्रसाद घुम्ती सडक, Kathmandu 44600, Nepal",27.693586000000003,85.327748,949.25
ChIJbV8VcQAZ6zkRD7tP9w09j6c,bank,Nepal Investment Mega Bank,bank,"M8WH+R9J, टंक प्रसाद घुम्ती सडक, Kathmandu 44600, Nepal",27.6971364,85.32839419999999,952.6
ChIJl_rzTsQZ6zkRxwyuAGbJlqM,bank,समंरण बचतऋण सहकारी,bank,"M8XH+FPX, Kathmandu 44600, Nepal",27.6987441,85.3293501,952.89
ChIJRfeX96YZ6zkRvxYOxFNEc0g,bank,Aaprawasi SACCOS,bank,"M8QW+J4X, Kathmandu 44600, Nepal",27.6890838,85.3453548,954.21
ChIJTTiwfoYZ6zkR_zQAUbxLDzk,bank,Nabil Bank Limited,bank,"44600 Sinamangal Rd, Kathmandu 44600, Nepal",27.7002251,85.3441947,967.2
ChIJW0hoSwAZ6zkR4D_RWo6cVLs,bank,Nabil bank atm,bank,"M8RW+VR2, Kathmandu 44600, Nepal",27.692112,85.3471045,979.25
ChIJT4TZQgAZ6zkR86LpSsl8fnI,bank,Shreeradhe Money Enterprise PVT.LTD,bank,"M8XH+GHV, Kathmandu 44600, Nepal",27.6988616,85.32893419999999,994.23
ChIJQZDF0zsZ6zkRfakRO3lxVCM,bank,Nepal Bank Limited,bank,"House Number 105, Manjushree Marg, काठमाडौँ 44600, Nepal",27.7024577,85.3408675,1005.35
ChIJM9bLN5wZ6zkRvNm6fUOPu0U,bank,Nepal SBI Bank,bank,"P83R+27F, Kathmandu 44600, Nepal",27.7025506,85.34066430000001,1008.47
ChIJp0qidZ8Z6zkROHfNcxDF29g,bank,Everest Bank Ltd. Maitidevi Branch,bank,"Setopool, P83P+552, Baburam Acharya Marg, Kathmandu 44600, Nepal",27.7028982,85.3354025,1012.77
ChIJD-9Ft8EZ6zkRRUKPJNaunmw,bank,Babiyakharka SACCOS,bank,"M8RW+6Q8, Kathmandu 44600, Nepal",27.6905269,85.3469551,1017.1
ChIJz7hw9vMZ6zkRI_kaIyg1fpY,bank,Global IME Bank Limited,bank,"M8VX+C3X, Kareshwor Marg, Kathmandu 44600, Nepal",27.6936614,85.3477764,1024.14
ChIJNS3eSZwZ6zkRHgJj_1KlI6w,bank,Alfa Saving & Credit Co-Operative Limited,association_or_organization,"बत्तीसपुतली, बत्तीसपुतली रोड, Kathmandu 44600, Nepal",27.702722,85.3407249,1028.44
ChIJ4cY9vr4Z6zkROOKp3B0Nf0o,bank,Sankhabudha SACCOS,bank,"M8PJ+R45, Bhawana Marg, Kathmandu 44600, Nepal",27.687005,85.330365,1036.89
ChIJXeJNnp8Z6zkRBgef12HA3bk,bank,Rastriya Banijya Bank Ltd.,bank,"P83P+75F Maitidevi, 78 Karna Marg, Kathmandu 44600, Nepal",27.7031971,85.3353999,1045.46
ChIJW21kUJQZ6zkRRXKDm2g6BqM,bank,"Mint Division - Nepal Rastra Bank टक्सार महाशाखा, नेपाल रास्ट्र बैंक",bank,"M8RH+238, Madan Bhandari Road, Kathmandu 44600, Nepal",27.6900307,85.32771679999999,1046.95
ChIJ-R1eqLsZ6zkRMvZLCPxV1BE,bank,Majdoor SACCOS,bank,"M8PJ+M4X, Kathmandu 44600, Nepal",27.6867386,85.3303741,1058.59
ChIJz-FbTJwZ6zkRzHbvEKoQovw,bank,Himalayan Bank - ATM,bank,"P83R+5FW, बत्तिसपुतली रोड, Kathmandu 44600, Nepal",27.7029808,85.34120720000001,1071.5
ChIJEyKJILsZ6zkRju2g0BoDHjE,bank,Fieun SACCOS,bank,"M8VG+2JQ, टंक प्रसाद घुम्ती सडक, Kathmandu 44600, Nepal",27.6925932,85.3266041,1071.8
ChIJp9IlW6AZ6zkRaz0YDHtzK88,bank,Agricultural Development Bank Ltd. Maitidevi Branch,bank,"Maitdevi Complex, Kathmandu 44600, Nepal",27.7032785,85.3344972,1074.34
ChIJ27JanZ8Z6zkRJXdR-kfajrA,bank,Citizens Bank International Limited,bank,"P83M+8WW, Kathmandu 44600, Nepal",27.7033587,85.3348178,1075.1
ChIJF8MLZlgZ6zkRjNajHNzSnE4,bank,Mangal Vinayak Cooperative,bank,"M8PH+RVJ, Kathmandu 44600, Nepal",27.6870842,85.3296536,1078.55
ChIJ27JanZ8Z6zkRrXevtnCLEsA,bank,"Citizens Bank, ATM",atm,"P83M+9W2, Kathmandu 44600, Nepal",27.7033779,85.33475140000002,1078.73
ChIJc85Yrp0Z6zkRhrabCKOA8yE,bank,Global IME Bank Limited,bank,"Kathmandu 44600, Nepal",27.7031619,85.34094669999999,1081.78
ChIJk_p4RwAZ6zkRKr0xjMFlkiE,bank,Machhapuchhre Bank,bank,"1 Battisputali Rd, Kathmandu 44604, Nepal",27.7032046,85.3409312,1085.78
ChIJzaPAbwAZ6zkRaqC0l-j3N5U,bank,Everest Bank ATM,bank,"M8WG+8JW, Kathmandu 44600, Nepal",27.6959175,85.3265136,1091.78
ChIJO0Ny4qQZ6zkRjZTSUF-UiFc,bank,Everest Bank Ltd,bank,"M8WG+FJM, Kathmandu 44600, Nepal",27.6962131,85.3265332,1096.92
ChIJN4pc4roZ6zkR8LhT5Nf6pCY,bank,Om Sai Vinayak SACCOS,bank,"M8RG+QHG, टंक प्रसाद घुम्ती सडक, Kathmandu 44600, Nepal",27.6919384,85.32646249999999,1098.16
ChIJE_DRLOcZ6zkRDuGkpuhS5IM,bank,NMB Bank Limited,bank,"M8VG+4FV Ward No. 11, Kathmandu Metropolitan 44600, Nepal",27.6928736,85.32617420000001,1109.89
ChIJYyC9fpIZ6zkRJrXzFLi4p84,bank,Siddhartha Bank,bank,"Jagadamba Tower Tinkune, काठमाडौँ 13806, Nepal",27.6859873,85.34434329999999,1120.71
ChIJK4cLd54Z6zkRScW1DzMVDF4,bank,Humanistic Multipurpose Co-op,bank,"9 ज्योति मार्ग, Kathmandu 44600, Nepal",27.7039588,85.3393143,1128.01
ChIJw1vI3L8Z6zkRhHoREtBGMFg,bank,Swo-bikash SACCOS,bank,"New Baneshwor, शंखमुल मार्ग, Kathmandu 44600, Nepal",27.684202,85.3336941,1144.12
ChIJgUubgI0Z6zkR-SjbfO_kTmQ,bank,Laxmi Sunrise Bank,bank,"1st Floor, जनता सडक, Kathmandu 44600, Nepal",27.685886,85.3445874,1144.38
ChIJl92xC6cZ6zkRASk5j_8Bc84,bank,Sangrila SACCOS,bank,"P83M+GMR, Baikuntha Marga, Kathmandu 44600, Nepal",27.7038625,85.3341524,1146.04
ChIJDasmY6QZ6zkRK_RDc5kmYtE,bank,Global IME Bank Limited,bank,"M8XH+R7V, टंक प्रसाद घुम्ती सडक, Kathmandu 44600, Nepal",27.6997355,85.3277006,1149.17
ChIJZ4qzfPIZ6zkRFj_bqwtxXHA,bank,"Sanima Bank Limited, Maitidevi Branch.",bank,"Kathmandu 44600, Nepal",27.7037982,85.3332764,1166.18
ChIJwfVNgo0Z6zkR7kG-V3jbDEk,bank,NMB Bank Limited,bank,"M8PV+8XM, Kathmandu 44600, Nepal",27.685829,85.3449334,1170.7
ChIJJ-iDI6AZ6zkRMtynzm_N1Do,bank,Nepal Investment Mega Bank Limited,bank,"मैतीदेवी मार्ग, Kathmandu 44600, Nepal",27.704036,85.33384,1173.36
ChIJ4xnkgY0Z6zkR_DYd_bn4y4g,bank,Bikash SACCOS,bank,"M8PW+822, Shri Ganesh Marg, Kathmandu 44600, Nepal",27.6857724,85.3450039,1179.98
ChIJu-exup0Z6zkR_GES3qORYuI,bank,नवकान्तिपुर बचतॠण सहकारी,bank,"बत्तिसपुतली सडक, Kathmandu 44600, Nepal",27.703981,85.3413779,1181.76
ChIJUze1JKAZ6zkRD-XrUWv2kQ8,bank,Nepal Investment Mega Bank Limited (NIMB) ATM,atm,"Kathmandu Metropolitan City- 30, Kathmandu 44600, Nepal",27.7040762,85.3337001,1181.77
ChIJaxRPgSUZ6zkR2XMRieXhFV0,bank,"Kamana Sewa Bikash Bank Ltd, Shantinagar Ext. Counter",bank,"Sairam Marg, Kathmandu 44600, Nepal",27.6887536,85.347954,1191.24
ChIJ4cyGm8AZ6zkR1CRCntvrWmA,bank,"कुमारी बैंक लिमिटेड, शंखमूल",bank,"M8MM+C9X opposite to shankhamul tower, Kathmandu 44601, Nepal",27.6836189,85.33349969999999,1211.69
ChIJD8tgnY0Z6zkRWmgbDcw4_qs,bank,Prarambha SACCOS,bank,"M8PW+75X, Muni Bhairab Marg, Kathmandu 44600, Nepal",27.6857467,85.3454726,1212.01
ChIJpfFZvb8Z6zkRvMw8tdU4xAo,bank,Shantidoot SACCOS,bank,"M8MJ+HX7, मध्य मार्ग, Kathmandu 44600, Nepal",27.6839157,85.3324201,1218.98
ChIJt4VZdo0Z6zkRHF9L-vvtwHE,bank,Sabhya Samaj Sakos,bank,"M8PW+755, Muni Bhairab Marg, Kathmandu 44600, Nepal",27.6856258,85.3454929,1223.48
ChIJRSlDo50Z6zkR75lq--y36Yo,bank,Capital Merchant Banking and Finance Ltd.,bank,"P83R+PJM, बत्तिसपुतली रोड, Kathmandu 44600, Nepal",27.704332,85.34156,1224.54
ChIJNWkfqo0Z6zkRymrhJvw7qqk,bank,Hilltop Junar Multipurpose Co-op,bank,"M8PW+GH8, Madan Bhandari Road, Kathmandu 44600, Nepal",27.6862864,85.3464532,1235.37
ChIJ71ww_58Z6zkR4OUTUEnd7aM,bank,ICFC Finance Ltd.,finance,"P83J+MW4, DILLIBAZAR SADAK, Kathmandu 44600, Nepal",27.7041383,85.3323303,1236.15
ChIJF-_ypo0Z6zkRSIYA1wM17WA,bank,Trisundari SACCOS,bank,"M8PW+CGQ, मदन भण्डारी पथ, Kathmandu 44600, Nepal",27.686079,85.346375,1245.92
ChIJ0YyKCo0Z6zkRKE5dzgvQRYs,bank,Commerce Bank Limited,bank,"Madan Bhandari Marg, Kathmandu 44600, Nepal",27.6856274,85.3459882,1255.73
ChIJf2fTruoZ6zkRFPDBPQ2iYwE,bank,Shraddha Saburu SACCOS,bank,"M8XX+V8P, Ring Rd, Kathmandu 44600, Nepal",27.6997232,85.34835620000001,1256.38
ChIJjxS5MIQZ6zkRXyxGJhhZYqE,bank,Real SACCOS,bank,"Kathmandu 44600, Nepal",27.7042034,85.3319678,1257.49
ChIJFeDCDAAZ6zkR2KS4f4Ca4YQ,bank,Progressive Finance Limited - Corporate Office,bank,"P84G+P57 Shri Raj Bhawan, Kathmandu 44600, Nepal",27.6856366,85.34603550000001,1258.12
ChIJvXbtU0YZ6zkRAsMqak6J0wo,bank,prime bank LTD shankhamul branch,bank,"M8MM+778, Shankhamul Marga, Kathmandu 44600, Nepal",27.6831519,85.3332001,1270.32
ChIJb7H5N18Z6zkRK3HrMbQR_QI,bank,Sadbhab Multipurpose Co-op,bank,"M8MM+66P, Kathmandu 44600, Nepal",27.6830951,85.3330812,1280.12
ChIJ98Qjqo0Z6zkRTFw4vW9hohE,bank,Junar SACCOS,bank,"M8PW+CQ2, Madan Bhandari Path, Kathmandu 44600, Nepal",27.6860166,85.34689329999999,1287.45
ChIJl4Z6AQAZ6zkRWBEed5FeiIY,bank,NMB Bank Cash Deposit machine,bank,"M8VF+9PV, Kathmandu 44600, Nepal",27.6934785,85.32431040000002,1287.91
ChIJexy_gY0Z6zkRtmvUiSQd4MM,bank,Global IME Bank Limited,bank,"Shri Ganesh Marg, Kathmandu 44600, Nepal",27.685581,85.3466078,1301.37
ChIJ9229rOoZ6zkRB_7qnIW436E,bank,Eco Care SACCOS,bank,"M8JM+XV7, Kathmandu 44600, Nepal",27.6824064,85.33466820000001,1312.16
ChIJJ1eNaDsZ6zkRf1loJwlbzOU,bank,Money Care SACCOS,bank,"Kathmandu, 44600, Rd 44600, Nepal",27.7043258,85.33092959999999,1315.99
ChIJFR96oKAZ6zkRWfk0nj799qw,bank,ATM-NICASIA Bank,bank,"M8VF+HH9, Postal Highway, गौरीगंज 57200, Nepal",27.6939067,85.32396969999999,1320.35
ChIJw2ks7qYZ6zkRwBfG0CBaCpQ,bank,Laxmi Sunrise Bank Limited,bank,"P82G+PVH, Kathmandu 44600, Nepal",27.701801,85.3272458,1325.02
ChIJHQAAHp0Z6zkRjnm84YqsZbg,bank,Siddhartha Bank Limited,bank,"Shankhamul Marga, Kathmandu 44600, Nepal",27.6826263,85.33316289999999,1326.89
ChIJ78-izI8Z6zkRZuFPr9t63Co,bank,"Citizens Bank, Sinamangal branch",bank,"New Nepal Education Board, Tara Marg, Kathmandu 44600, Nepal",27.697029800000003,85.35040509999999,1327.04
ChIJL-k36b8Z6zkRgFN_6U1LVKE,bank,Laxmi Sunrise Bank Limited,bank,"M8MM+25J, Shankhamul Marga, Kathmandu 44600, Nepal",27.6825984,85.3328906,1338.45
ChIJ7azCVAAZ6zkRLM49gkHp95M,bank,NIC ASIA Bank Dillibazar Branch,bank,"P83J+VF6 Ward No. 30, Kathmandu 44600, Nepal",27.7046984,85.3311635,1341.77
ChIJZfkhKE0Z6zkRNnRrjH3k4Ro,bank,Sukrapath Multipurpose Co-op,bank,"M8PX+F5R, Kathmandu 44600, Nepal",27.6862312,85.34790269999999,1346.11
ChIJoS7SgbAZ6zkRK-MHwg92D5Y,bank,Unnayan SACCOS,bank,"118 Radha Krishna Marg, Kathmandu 44600, Nepal",27.6907002,85.32396179999999,1369.95
ChIJWZXvG40Z6zkRQNZX--rO9ms,bank,Chase SACCOS,bank,"M8MW+WPG, Muni Bhairab Marg, Kathmandu 44600, Nepal",27.6848071,85.3468134,1377.87
ChIJb4bhvaAZ6zkRfInNQPLd7PI,bank,Sangam SACCOS,bank,"P83J+V4H, Kathmandu 44600, Nepal",27.7046924,85.3303723,1378.47
ChIJd_6hu6AZ6zkRiD8bMXDTKj0,bank,Global IME Bank Limited,bank,"डिल्लीबजार मार्ग, Kathmandu 44605, Nepal",27.7047217,85.330243,1387.69
ChIJoXm34YgZ6zkRWEKyO-6HRwA,bank,Nhu SACCOS,bank,"M9R2+QG4, Kathmandu 44600, Nepal",27.6918823,85.351321,1391.91
ChIJuxZoY7AZ6zkRKLoa6htcqMQ,bank,Safal SACCOS,bank,"M8RF+F7Q, Radha Krishna Marg, Kathmandu 44600, Nepal",27.691203,85.32323,1426.51
ChIJ1ZiiJX4Z6zkRWgw15QNLzKs,bank,Samyukta Shakti SACCOS,bank,"P83H+PG6, Ghattekulo Marga, Kathmandu 44600, Nepal",27.7042803,85.3287641,1427.04
ChIJiQ6SSacZ6zkRN5rBnPDsd0E,bank,United Power SACCOS,bank,"P83H+PF9, Kathmandu 44605, Nepal",27.7042757,85.3287455,1427.72
ChIJ6xFN2HcZ6zkRv3U1Wl_9kfk,bank,NIC ASIA Bank Battisputali Branch,bank,"P84V+94G, Ring Rd, Kathmandu 44600, Nepal",27.7059152,85.3428041,1432.61
ChIJY_DZg8AZ6zkRFJ0xYxt2b_E,bank,Ugartara Bahuudhesyiya Co-op,bank,"M8JJ+VG9, Kathmandu 44600, Nepal",27.682151,85.331372,1440.2
ChIJ88M11HcZ6zkRDa8k-LzOsJA,bank,Agricultural Development Bank Ltd. Banking Main Branch Office Old Baneshwor,bank,"P84R+GW2, Battisputali Rd, Kathmandu 44600, Nepal",27.7062522,85.3422653,1448.98
ChIJi1wJOOIZ6zkReQrpngOsNGk,bank,ज्ञान ज्योति महिला उत्थान सहकारी,bank,"Yaat Paun Marg, Kathmandu 44600, Nepal",27.6814277,85.33293300000001,1460.7
ChIJt0gbMx8Z6zkRayyOBFXvmSI,bank,NIC Asia Bank Ltd.,bank,"M8JQ+9WV, Sahayogi Nagar Marg, Kathmandu 44600, Nepal",27.6809768,85.3397896,1463.03
ChIJzQ2RvCEZ6zkRmptwOtr25mg,bank,Gyanjoti SACCOS,bank,"Yaat Paun Marg, Kathmandu 44600, Nepal",27.6814228,85.3328576,1463.46
ChIJEa4UkrAZ6zkRKD4403iXGdU,bank,Grahak Upayogi SACCOS,bank,"M8RF+25F, Maternity Hospital Road, Kathmandu 44600, Nepal",27.690074,85.322912,1488.59
ChIJJ7P3RpYZ6zkRuvu5kF_gyc4,bus_stop,New Baneshwor,bus_stop,"Shantinagar, Kathmandu 44600, Nepal",27.6903878,85.335801,426.55
ChIJ6ZBoW5EZ6zkRcQ_r-OfPFnY,bus_stop,"Minbhawan Bus Stop, Kathmandu, Central Region, Nepal",bus_stop,"N.K.Singh Marg, Kathmandu 44600, Nepal",27.6891626,85.3403905,610.27
ChIJ4_zoBpYZ6zkRafFfnioGiVI,bus_stop,New Baneshwor Bus Stop,bus_stop,"New Baneshwor Road, Kathmandu 44600, Nepal",27.6885866,85.33471320000001,652.64
ChIJs8WU2ZUZ6zkRqxVxEj4N3-4,bus_stop,New Baneshwor Bus Stand,bus_stop,"New Baneshwor Rd, Kathmandu 44600, Nepal",27.6881061,85.33615139999999,662.07
ChIJnZDv0JUZ6zkRV1wqgs-tcIo,bus_stop,New Baneshwor Bus Stop,bus_stop,"मदन भण्डारी रोड, Kathmandu 44600, Nepal",27.687908,85.336353,680.51
ChIJ_w5UspoZ6zkR99-XfN8cQfA,bus_stop,कात्यायनी चोक,bus_stop,"Kathmandu 44600, Nepal",27.6954215,85.3444523,715.02
ChIJedF1D5QZ6zkRZoFsL_XL7C4,bus_stop,Minbhawan Bus Stand,bus_stop,"New Baneshwor Rd, Kathmandu 44600, Nepal",27.6876886,85.3389892,715.12
ChIJp5uGk7wZ6zkRT9u9srdKeIc,bus_stop,Bijulibazar,bus_stop,"Bhaktithapa Road, काठमाडौँ 44600, Nepal",27.6921993,85.3302326,730.44
ChIJQzbvE5QZ6zkR1qcNuokX4wc,bus_stop,Minbhawan Bus Stop,bus_stop,"मदन भण्डारी रोड, Kathmandu 44600, Nepal",27.687327,85.338555,746.57
ChIJXWLINrsZ6zkRhay8CoP4-h4,bus_stop,Hanumansthan Bus Stop,bus_stop,"Tankaprasad Ghumti Road, Kathmandu 44617, Nepal",27.6934254,85.3275591,968.76
ChIJkWZ2Cp8Z6zkR0wampVSHjIQ,bus_stop,Seto Pool,bus_stop,"Baneshwor Height, Kathmandu 44600, Nepal",27.703005,85.3358073,1017.61
ChIJwZV-BKQZ6zkRdKN4Ar5XaZA,bus_stop,Anamnagar Bus Stop,bus_stop,"Ghattekulo, Kathmandu 44600, Nepal",27.6994643,85.32865939999999,1054.4
ChIJg-ntBqQZ6zkRGIYX3ox0LLs,bus_stop,Ghattekulo Bus Stop,bus_stop,"Tankaprasad Ghumti Road, Kathmandu 44617, Nepal",27.6994655,85.328603,1059.01
ChIJtwZHmY0Z6zkRHgjoUPtMmlw,bus_stop,Tinkune Bus Stand,bus_stop,"Kathmandu 44600, Nepal",27.6862127,85.3456729,1186.94
ChIJt9SWRKAZ6zkRzI6wbGzRaro,bus_stop,Maitidevi chowk,bus_stop,"Maitidevi, Kathmandu 44600, Nepal",27.703941,85.33246009999999,1210.93
ChIJwTvqmboZ6zkRCjcVnQUxvIE,bus_stop,Babar Mahal Bus Stand,bus_stop,"Madan Bhandari Path, Kathmandu 44617, Nepal",27.6920682,85.324449,1290.42
ChIJa5HtZIYZ6zkRE6iYfv8X4Uc,bus_stop,Tara Hal Chowk Bus Stop,bus_stop,"Sinamangal Rd, Kathmandu 44600, Nepal",27.6971845,85.35056229999999,1346.48
ChIJwQnyZIYZ6zkRN25TQPWr0CM,bus_stop,Tara Hall Chowk,bus_stop,"Sinamangal Rd, Kathmandu 44600, Nepal",27.697181000000004,85.35056600000001,1346.73
ChIJAWCrsqAZ6zkRmDDAk5XTRXw,bus_stop,Dillibazar Pipalko Bot Bus Stop,bus_stop,"Dilli Bazaar Rd, Kathmandu 44600, Nepal",27.7049619,85.3291342,1468.21
ChIJh_4NaKcZ6zkR_g8LO-Gyddo,cinema,One Cinemas Baneshwor,movie_theater,"Eyeplex Mall, 4th Floor, काठमाडौँ 44600, Nepal",27.6921948,85.3363684,220.11
ChIJd3VgFB4Z6zkRH-F-M8zoQP0,cinema,iNi Cinemas - NB Center,movie_theater,"4th Floor - NB Center, M8QP+46FKathmandu 44600, Nepal",27.6877282,85.33567239999999,713.05
ChIJ5zl09xQZ6zkRwDRYleoIRJo,cinema,National School of Film & Television (NSFT),,"Near Everest Hospital, Kathmandu 44600, Nepal",27.6886523,85.33286679999999,738.77
ChIJaRP2bgcZ6zkRH5BBa7Nj6h8,cinema,Camera person,event_venue,"Kathmandu 44600, Nepal",27.6976913,85.3297752,856.0
ChIJEZ_k9D8Z6zkRn1FgZvsC_As,clinic,SARWASU POLYCLINIC PVT. LTD.,medical_clinic,"M8VP+GVC, Kathmandu 44600, Nepal",27.6937894,85.3371374,30.5
ChIJgz1qCkJ8oUURY-kCgYzjxeI,clinic,Bharosa Dental Care,dental_clinic,"Bharosa Hospital, Devkota Sadak, Kathmandu 44600, Nepal",27.6943712,85.3370187,57.93
ChIJGa1fSAAZ6zkRpkp4xUTfkdk,clinic,HOne Korean Therapy New Baneshwor,medical_clinic,"Kathmandu 44600, Nepal",27.693477500000004,85.3370437,63.05
ChIJw-5A5twZ6zkRfWtzkK5L8pA,clinic,Lord of Dental,dental_clinic,"Mid Baneshwor, Kathmandu-31, काठमाडौँ 44600, Nepal",27.6952217,85.33744279999999,140.43
ChIJeeBNXsUZ6zkRqLNYSLtgq-M,clinic,Smilemax Dental & Maxillofacial Care,dental_clinic,"M8WQ+43F, Devkota Sadak, Kathmandu 44600, Nepal",27.6952574,85.33776250000001,149.1
ChIJxQTQi7neKiMRpBtCnFczyeM,clinic,Liver and Digestive Disease Center (LDDC),medical_clinic,"Kathmandu 44600, Nepal",27.6938809,85.3389066,150.56
ChIJQZP0xJkZ6zkR643Zh6hhroc,clinic,Cutiscare,skin_care_clinic,"Devkota Sadak, Kathmandu 44600, Nepal",27.6953249,85.33772119999999,155.44
ChIJyUUsGQAZ6zkR00munaCIuZo,clinic,AURA HEALTH CLINIC,medical_clinic,"ward 10 House number 525, Devkota Sadak, Kathmandu 44600, Nepal",27.6928603,85.33636609999999,157.85
ChIJlyaUt5kZ6zkRZeDeO_Ecbm0,clinic,Ganga Heart Clinic Private Limited.,medical_clinic,"Madhya Baneshwor - 10, Kathmandu 44600, Nepal",27.6953391,85.3369788,158.35
ChIJX1DAFYYY6zkRXp8AznmY-6A,clinic,Mayas Beauty Parlour and Training Center,beauty_salon,"Near EyePlex Mall, Opposite of Civil Bank, काठमाडौँ 44600, Nepal",27.6925715,85.3361225,197.91
ChIJmWH9CwAZ6zkRI4aHenlN0WE,clinic,Civil Dental Home,dental_clinic,"M8WQ+833, Kathmandu 44600, Nepal",27.6957571,85.33766829999999,201.83
ChIJF_VLMQAZ6zkRe4yNReq4l6I,clinic,Civil Dental Home,dental_clinic,"M8VQ+RV9, 31 Milan Chowk Marga, Kathmandu 44600, Nepal",27.6957566,85.3376938,202.15
ChIJ-y1UZ7UZ6zkR9cKsTFgUVGk,clinic,Smile Connect Dental Clinic,dental_clinic,"M8RP+W8P, New Baneshwor Road, Kathmandu 44600, Nepal",27.6923458,85.33581029999999,236.86
ChIJQ3GXEpYZ6zkRmY3qlKy6ekI,clinic,ओम दन्त क्लिनिक र दन्त चिकित्सा प्रत्यारोपण केन्द्र,dental_clinic,"M8RP+MGM, Devkota Sadak, Kathmandu 44600, Nepal",27.6917056,85.3363093,271.94
ChIJEwyKQBIZ6zkRm92GqDAc8O8,clinic,CAMS (Center for American Medical Specialists),medical_center,"M8RR+JR3, Jana Sahayogi Marga, Kathmandu 44600, Nepal",27.6911874,85.3373823,308.3
ChIJ5YbXSPYZ6zkRtYOoLPQFpzc,clinic,Poonam Beauty Academy,educational_institution,"Devkota Sadak, Kathmandu 44600, Nepal",27.691403,85.3360872,311.52
ChIJt42OBgAZ6zkRyVVvouGW-s8,clinic,Happy Nepal Mental Health Care,medical_clinic,"M8VR+W6R, Milan Chowk Marga, Kathmandu 44600, Nepal",27.6948582,85.3405141,324.33
ChIJDxFbXQAZ6zkRz4Ze_1NtWLA,clinic,Dental Care Center,dental_clinic,"M8RP+FF2, Kathmandu 44600, Nepal",27.6911332,85.336142,337.13
ChIJ-e34TZYZ6zkRGczxZcWC3Ng,clinic,Dental Care Hospital,dental_clinic,"M8RP+CCQ, Kathmandu 44600, Nepal",27.6910917,85.33612219999999,342.14
ChIJm5YNgbkZ6zkRT_qtxkzu2Mk,clinic,Invisalign Nepal,dental_clinic,"M8RP+9J7, Bibhuti Janak Marg, Kathmandu 44600, Nepal",27.6909375,85.3365625,345.59
ChIJk8nvEgAZ6zkRkOyNR1criwM,clinic,Aadarsh Ayurved Pharma,medical_clinic,"Bibhuti Janak Marg, Kathmandu 44600, Nepal",27.6908514,85.33726399999999,345.85
ChIJIVAQn5AZ6zkRPjnsMQ8WZo0,clinic,Banjara Ayurvedic Clinic,medical_clinic,"M8VR+M96, सुर्य बिक्रम मार्ग, Kathmandu 44600, Nepal",27.6941637,85.3409002,347.33
ChIJC6lrBA4Z6zkR4CVc28V7HaI,clinic,Samaj Dental Hospital,hospital,"M8RP+9J7, Bibhuti Janak Marg, Kathmandu 44600, Nepal",27.6909243,85.3365381,347.58
ChIJRaCDUZYZ6zkR-b2hol9KcYQ,clinic,मेट्रो आँखा क्‍िलनीक,store,"Behind Birendra International Convention Center, Binayak Complex, Bibhuti Janak Marga, Kathmandu 44600, Nepal",27.69093,85.336382,350.96
ChIJtyTwwJAZ6zkRCoPU-eKOHdQ,clinic,Good Life Physiotherapy and Sports Injury Clinic,medical_clinic,"Surya Bikram Marga, Kathmandu 44600, Nepal",27.6927856,85.34069000000001,351.08
ChIJm35qQdMZ6zkR-yhX1G4BS1E,clinic,"Dr Anupama Suwal Gurung Venus IVF center and obs and gynecology center in Kathmandu, Nepal",doctor,"M8WQ+V3G, Devkota Sadak, Kathmandu 44600, Nepal",27.6972234,85.3376512,363.85
ChIJTwRk25YZ6zkRE7e1wn2qopc,clinic,Samaj Dental Care Clinic Pvt. Ltd,dentist,"बिभुति जनक मार्ग, Kathmandu 44600, Nepal",27.6907893,85.338504,369.53
ChIJtTBdIC4Z6zkREVAJCs0XLwg,clinic,WiseCare Pharmacy/ Clinic,medical_clinic,"Surya Bikram Gywali, M8WR+593, Balbhadra Marga, काठमाडौँ 44600, Nepal",27.695394,85.34090719999999,382.13
ChIJoSUQSZYZ6zkRf2CrH7fIre8,clinic,Sahkha Pharmacies,medical_clinic,"M8RP+88F, Devkota Sadak, Kathmandu 44600, Nepal",27.690815,85.33579300000001,383.03
ChIJZajcs7cZ6zkRLvMvUlE656A,clinic,Healthy Home Baneshwor Branch,health,"Mid Baneshwor Near, Valley View School, Kathmandu 44600, Nepal",27.6973261,85.3389802,406.1
ChIJ1VQERpYZ6zkRCNyDikOEHwU,clinic,Global View Travel & Tours,medical_clinic,"M8RP+68J, Kathmandu 44600, Nepal",27.6905787,85.3357783,407.72
ChIJvQjCoz4Z6zkRLHGezWMbAkA,clinic,Smile Dentistry Dental Clinic,dental_clinic,"Puja Pratisthan, Maiti Devi Marg, Kathmandu 44600, Nepal",27.6976166,85.33586729999999,433.01
ChIJ00KBl3MZ6zkRclhpZBzdWbM,clinic,Smile Station Dental Clinic,dental_clinic,"Pashupati colony, Devkota Sadak, Kathmandu 44600, Nepal",27.6979354,85.33773099999999,443.39
ChIJ-U6gOJYZ6zkRNTBPWDQUaK8,clinic,बुखारवाला दन्त,dental_clinic,"BICC को पश्चिम, नयाँ बानेश्वर प्लाजा पहिलो तल्ला, E- ब्लोक, Kathmandu 44600, Nepal",27.690289,85.3355809,444.97
ChIJSSupI5EZ6zkRas1_7flFQEE,clinic,Bibha Eye Clinic,medical_clinic,"M8RR+96P, Surya Bikram Gyawali Marg, Kathmandu 44600, Nepal",27.6909635,85.3405698,457.88
ChIJkTGtp98Z6zkRHNPFMu5zySM,clinic,Sahaj Dental Care,dental_clinic,"Bhakti Thapa Marg, Kathmandu 44600, Nepal",27.6910422,85.33392680000001,469.96
ChIJtWuzGgsZ6zkRlC141StlwEw,clinic,Aaram dental care home,dental_clinic,"M8RP+264 chakku bakku mandir, Devkota Sadak, Kathmandu 44660, Nepal",27.6900173,85.3355808,472.85
ChIJz8bN4KgZ6zkRJ54H64USokY,clinic,Sagarmatha Optical,medical_clinic,"https://maps.app.goo, gl/pvK6MuuffymGR9yo7, काठमाडौँ 44600, Nepal",27.6899311,85.33560519999999,480.87
ChIJT8E4fgAZ6zkRk2tclXzMxsM,clinic,Unique dental art,dental_clinic,"M8WR+JHX, Kathmandu 44600, Nepal",27.6966222,85.341487,501.13
ChIJqZzEapYZ6zkRHdKsbzABd_Y,clinic,Chatramaharaj Ayurved Center,medical_clinic,"M8QP+V6P, Kathmandu 44600, Nepal",27.6897001,85.3355684,506.15
ChIJkRbP6aIZ6zkRTY_VOmjX9P0,clinic,krizu pharmacy,medical_clinic,"M8WM+72X, Kathmandu 44600, Nepal",27.6957274,85.33260589999999,509.47
ChIJc1R9FJYZ6zkRygO5rYsawzA,clinic,Vinayak Dental Clinic विनायक दन्त चिकित्सा क्लिनिक।,hospital,"Devkota Sadak, Kathmandu 44600, Nepal",27.689573,85.3354619,523.09
ChIJu_nup84Z6zkRzNv_8-y-r8A,clinic,Usha Health Care Service At Home Pvt. Ltd.,medical_clinic,"Kathmandu 44600, Nepal",27.6915196,85.3420486,533.78
ChIJtcinZwAZ6zkR3JB7SzwQj0o,clinic,Oli pharmacy,medical_clinic,"M8RR+JR3, Kathmandu 44600, Nepal",27.6915196,85.3420486,533.78
ChIJXY5bcwAZ6zkROv-pkVACa4A,clinic,Chakku pakkhu,medical_clinic,"M8RR+JR3, Kathmandu 44600, Nepal",27.6915196,85.3420486,533.78
ChIJG4NHYQAZ6zkRuSP49b1wn3Q,clinic,Om shanti clinic,medical_clinic,"M8RR+JR3, Kathmandu 44600, Nepal",27.6915196,85.3420486,533.78
ChIJmRB8Pr8Z6zkREzF2F492b94,clinic,Glister Dental Home P.Ltd,medical_clinic,"M8RR+JR3, Kathmandu 44600, Nepal",27.6915196,85.3420486,533.78
ChIJL-xPTQAZ6zkRS5frSumImOw,clinic,kathmandu,skin_care_clinic,"M8RR+JR3, Kathmandu 44600, Nepal",27.6915196,85.3420486,533.78
ChIJPQwlgU4Z6zkRmHH9VV0xDwo,clinic,Welcare Dental Clinic,dental_clinic,"M8RM+G3W, Kathmandu 44600, Nepal",27.6913706,85.3327018,543.19
ChIJjfm3EpYZ6zkRV1EQW_viONM,clinic,CREATION DENTAL HOME PVT.LTD.,dental_clinic,"M8QP+M6F, Devkota Sadak, Kathmandu 44600, Nepal",27.689196,85.33555,559.54
ChIJaQwQoax_xCQRpbIaHRGYIkc,clinic,Anahata Counseling,health,"M9FF+3PX, Kathmandu 44600, Nepal",27.6904962,85.3330525,574.36
ChIJz2T4AeMZ6zkRlMkqD0WTbmc,clinic,"Let's Smile Dental Clinic, Thapa gaun",medical_clinic,"Saraswati Marg, Kathmandu 44600, Nepal",27.6911581,85.3324343,578.08
ChIJO01CRAAZ6zkRQ6em-3vFs7I,clinic,sangam chowk marga,medical_clinic,"Sangam Chowk Marg, Kathmandu 44600, Nepal",27.6927986,85.34318359999999,585.82
ChIJeaKmktEZ6zkR-TkWdW1jC24,clinic,"Dental Specialist, Dr. Anand Verma ( Bir Hospital, NAMS), Miteri Marg.",dental_clinic,"Miteri Marg, काठमाडौँ 44600, Nepal",27.6981209,85.34109459999999,589.76
ChIJ8_D0QoYZ6zkRLUUALfVhkus,clinic,Easy traders and suppliers Pvt.ltd,medical_clinic,"M8WJ+3JM, Rudra Mati Marg, Kathmandu 44600, Nepal",27.6952241,85.3315583,590.17
ChIJPS4upD4Z6zkRQMu746ybQ-Q,clinic,Manodarshan Psychological Concern,medical_clinic,"Sahabhagita Marga, Kathmandu 44600, Nepal",27.6952595,85.331525,594.3
ChIJNf2KcQAZ6zkRotPsYtJUMkk,clinic,Braces and Dental Care,dental_clinic,"M8XQ+M9V, Devkota Sadak, Kathmandu 44600, Nepal",27.6992535,85.33840990000002,597.28
ChIJUz_3DakZ6zkR98MaJSUekEA,clinic,Looks Studio Hair Transplant Clinic | Kathmandu | Nepal,medical_clinic,"Off Madan Bhandari Marg, Opp Standard Chartered Bank, 2nd Floor, काठमाडौँ 44600, Nepal",27.6890489,85.3349071,597.91
ChIJoz49obYZ6zkR7V0ObKRqw8Y,clinic,Das Law and Associates,medical_clinic,"M8RJ+QMG, Bhaktithapa Rd, Kathmandu 44600, Nepal",27.6919363,85.33171860000002,601.12
ChIJIVTd1BYZ6zkRTELivdwbj-s,clinic,Kathmandu Clear aligner center,dental_clinic,"Devkota Sadak, Kathmandu 44600, Nepal",27.699435,85.3386536,621.57
ChIJrUcIgz0Z6zkRKr38BN2pLhM,clinic,Mental Health Society of Nepal,medical_clinic,"Devkota Sadak, Kathmandu 44600, Nepal",27.6995461,85.3383003,627.72
ChIJmV1Mk_GQXiERhTxMTmxw7_c,clinic,Dr Prerna Jha,doctor,"Everest Hospital, Kathmandu 44600, Nepal",27.6891706,85.3338278,637.13
ChIJ4ZsJ-b0Z6zkRHXc3awxL7fw,clinic,Ananeke Beauty Salon & Spa,beauty_salon,"2nd Floor Shree, Chakku Bakku Galli, Kathmandu 44600, Nepal",27.6888758,85.3341781,647.3
ChIJ9RBfQ24Z6zkR6AEv0vWV8Co,clinic,Om Shanti Dental Care,dental_clinic,"234-Bashuki, Balbhadra Marga, Kathmandu 44600, Nepal",27.6985766,85.3415224,655.63
ChIJyXnCVscb6zkRSsEgy756Yuc,clinic,Navajyoti Vision Therapy& Eye Clinic,health,"Upstairs to Himalayan Coffee and Bar Chowk, Milan Chowk Marga, Kathmandu 44600, Nepal",27.6950575,85.3442523,687.54
ChIJu8NVdQAZ6zkRXJxFNmvp7EE,clinic,Kusum Ganga Complex,medical_clinic,"M8QP+4JG, Bus Lane, Kathmandu 44600, Nepal",27.6878047,85.3365628,689.15
ChIJAUwmWbcZ6zkRtkpFM6tRELM,clinic,Iris Vision Care - New Baneshwor,medical_clinic,"Kathmandu 44600, Nepal",27.6878196,85.3363057,690.93
ChIJi4jSfaMZ6zkRkpffkAvso9o,clinic,"Drishti Eye Care,Baneshwor",medical_clinic,"Madan Bhandari Path, Kathmandu 44600, Nepal",27.6877434,85.33679339999999,693.66
ChIJ02qbk40Z6zkRlcf8jM56lwc,clinic,Toothbu,dental_clinic,"M8QP+3JW, Kathmandu 44600, Nepal",27.6877426,85.3365894,695.71
ChIJc5WBAL4Z6zkR53VPshgJGHo,clinic,New Oral & Dental Clinic,dental_clinic,"Madan Bhandari Road, Kathmandu 44600, Nepal",27.688408300000003,85.333941,704.09
ChIJx33FchwZ6zkRr-xZZq--s-M,clinic,Neevan,medical_clinic,"Surya Bikram Gyawali Marg, Kathmandu 44600, Nepal",27.6993992,85.3411113,707.64
ChIJbcuexb0Z6zkRAPmcju2aGHs,clinic,Korean Aesthetic Let Me in New Baneshwor,doctor,"New Baneshwor-10, M8QJ+PRF Kathmandu, 44600, Nepal",27.6893496,85.3324248,707.7
ChIJo9uRWAAZ6zkRDq-uOpeAtIQ,clinic,Kairavi Pharmacy,medical_clinic,"M8QV+R3R, Minbhawan Marg, Kathmandu 44600, Nepal",27.6896086,85.3426408,708.81
ChIJ_4yx-BEZ6zkRZMBS7616gm0,clinic,Chirayu DentCare,dental_clinic,"Bijulibazar, Bhaktithapa Rd, Kathmandu 44600, Nepal",27.6922137,85.33044819999999,709.57
ChIJYf2nR3UZ6zkRpXsHm3Nq7Jg,clinic,Bagmati TV Finance,medical_clinic,"Bogati Marg, Kathmandu 00977, Nepal",27.6899661,85.33174110000002,710.96
ChIJUzG8HgAZ6zkRirjIBtO5I0k,clinic,Alora Skincare and Cosmetics,cosmetics_store,"Kathmandu 44600, Nepal",27.6877623,85.3355912,711.3
ChIJiTDeYNkZ6zkRsKtZXYdSH1Y,clinic,"Nava Derma Skin Laser Aesthetics , New Baneshwor",medical_clinic,"Bibhuti Janak Marg, Kathmandu 44600, Nepal",27.6884262,85.333713,713.43
ChIJnY9h6yMZ6zkRMggo7c-TKfY,clinic,KCC City Clinic,medical_clinic,"ADS Complex, Madan Bhandari Path, Kathmandu 44600, Nepal",27.6875207,85.3374979,716.11
ChIJgUYSCAAZ6zkR41iHFXmt1B0,clinic,NewLife IVF & fertility center - Best IVF center in Nepal,medical_clinic,"M8QJ+MXM Opposite to Indreni Foodland, Kathmandu 44600, Nepal",27.6892024,85.33244169999999,718.52
ChIJU3I-WAAZ6zkRGG4HAPCRwfY,clinic,Nepal Derma - The Skin Care Hospital,skin_care_clinic,"Kathmandu 44600, Nepal",27.696402000000003,85.344139,718.73
ChIJvYJss1AZ6zkR_vMXD8n3V0o,clinic,Dr.Salma Banu,medical_clinic,"City Square Building, Kathmandu 44600, Nepal",27.6891968,85.3324387,719.18
ChIJNwH2FgAZ6zkRZvxhgXkmJtc,clinic,Nivaran Dental and Healthcare Clinic,dental_clinic,"Bhimsengola Marg, Kathmandu 44600, Nepal",27.6967384,85.343983,719.78
ChIJWXNvdD0Z6zkRMM4IEy_eOaM,clinic,"Dr. Subash Khadka ENT, Head & Neck Surgeon",doctor,"1, Everest Hospital, काठमाडौँ 44600, Nepal",27.6883782,85.3335907,724.17
ChIJ75aZhMgZ6zkRe8mjAOH8suU,clinic,Chirayu Physiotherapy Clinic,medical_clinic,"Bhaktithapa Rd, Kathmandu 44600, Nepal",27.6922119,85.330291,724.53
ChIJefGHU64Z6zkR_kTGRlJ0xJI,clinic,Civil Dental Service,dental_clinic,"M8PQ+X9J, Bus Lane, Kathmandu 44600, Nepal",27.6874735,85.3383958,728.17
ChIJsbLczJUZ6zkRIVieVZeJcQI,clinic,अल मसुर डाईग्‍नोष्‍टिक,medical_clinic,"NECO Complex, Madan Bhandari Road, Kathmandu 44600, Nepal",27.6874319,85.33671249999999,728.86
ChIJp9nOqjEZ6zkRFKVdYe5e7ik,clinic,Yoga Life Studio- Yogic Therapy & Meditation Centre,yoga_studio,"23 Ghumti Kumari Marg, Kathmandu 44600, Nepal",27.698371800000004,85.34286949999999,729.91
ChIJqVZattsZ6zkRBVcSe3o4E6I,clinic,SPARSHA NEPAL OST EXTENDED SITE Old baneshwor,medical_clinic,"Kathmandu 44600, Nepal",27.7004744,85.33880959999999,737.92
ChIJLRQ_AwkZ6zkR0QjU3vVRF74,clinic,Down Syndrome Support Health Association (DSSHA-Nepal),medical_clinic,"Madan Bhandari Road, Kathmandu 44600, Nepal",27.687324900000004,85.3376577,738.3
ChIJozwqy70Z6zkRprxAHyR017s,clinic,Medicure Lifescience Pvt .Ltd.,medical_clinic,"M8QJ+RMF, ऐभ्‍रेष्‍ट मार्ग, Kathmandu 44600, Nepal",27.6895504,85.3316689,746.06
ChIJP4vOBpwZ6zkRSQZngLNkSgc,clinic,Potential Physiotherapy Clinic,medical_clinic,"P82Q+5WP, Devkota Sadak, Kathmandu 44600, Nepal",27.7004745,85.3398146,763.01
ChIJ4QjtXgwZ6zkRex8BShYLyk4,clinic,Panas Dental Clinic,dental_clinic,"747 Bhimsengola Marg, Kathmandu 44600, Nepal",27.6937492,85.3451367,764.06
ChIJM6vpJgAZ6zkRK2P6tQqMzFc,clinic,Holistic Healthcare Clinic (Homeopathy),medical_clinic,"1st Floor, Devkota Sadak, Kathmandu 44600, Nepal",27.7005499,85.3396928,767.33
ChIJdTHeUQAZ6zkR_bOiijprZRA,clinic,The ShadeHouse NP,medical_clinic,"1576 Madan Bhandari Road, Kathmandu 44600, Nepal",27.6893533,85.3315713,767.78
ChIJ2SDCPuMZ6zkRYN6m-WsWh4E,clinic,Kartikswami Medical and HealthCare Pvt.Ltd.,medical_clinic,"Kathmandu 44600, Nepal",27.6972982,85.3305242,770.32
ChIJ8ZudSDcZ6zkR41Ed1sYHHsI,clinic,The Clinica (Medical & Dental Center),medical_center,"M8QJ+FR5, मदन भण्डारी रोड, Kathmandu 44600, Nepal",27.6886875,85.33206249999999,786.02
ChIJfdMP5JkZ6zkRJKtioZhUZes,clinic,Ortho Spine and pain clinic(Dr Santosh kumar bashyal),medical_center,"M8QJ+FR5 The clinica ( medical and dental clinic, मदन भण्डारी रोड, Kathmandu 44600, Nepal",27.6886875,85.33206249999999,786.02
ChIJJQPgagAZ6zkR6aF_5WhDtgs,clinic,Talk 2 Ragini,medical_clinic,"M8QR+5G9, Minbhawan Marg, Kathmandu 44600, Nepal",27.6878502,85.34144049999999,788.28
ChIJySnLTd4Z6zkRIiNl158C_HY,clinic,Vardhan IVF Nepal,medical_clinic,"Devkota Sadak, Kathmandu 44600, Nepal",27.7007895,85.33960569999999,790.39
ChIJYWDeL8kZ6zkRaiYRF8hK0Sg,clinic,ASG Eye Hospital,medical_clinic,"Krishna Tower, Madan Bhandari Road, Kathmandu 44600, Nepal",27.6898667,85.3308046,791.39
ChIJ3enV-s0Z6zkRsA4EGII_Ntk,clinic,Samarpan Health Care Centre,medical_clinic,"M8RH+WRV, Bhaktithapa Rd, Kathmandu 44600, Nepal",27.692371800000004,85.32953189999999,792.63
ChIJHUMGsZwZ6zkRMa9P-gcAJ28,clinic,Healthy Life Sewa Pvt. Ltd.,medical_clinic,"Surya Bikram Gyawali Marg, Kathmandu 44600, Nepal",27.7001626,85.3415325,801.76
ChIJDTnILbwZ6zkRPO3Z2MJS30k,clinic,Alfa Health Care & Diagnostic Center (Alfa Care Nepal),medical_clinic,"Ground Floor, Alfa Beta Complex, Kathmandu 44600, Nepal",27.6889411,85.331496,804.41
ChIJ0RMDRgAZ6zkRWP4JZGHr7Q0,clinic,Asterisks skin and hair clinic,skin_care_clinic,"M8XV+R3M, Kathmandu 44600, Nepal",27.6995996,85.3426602,814.56
ChIJmwfok2wZ6zkRP7wCCU1fK1s,clinic,Manual Therapy -M.T. Hospital_Baneshwor,medical_clinic,"Kathmandu 44700, Nepal",27.6873302,85.3410341,820.31
ChIJ-6ppJo4Z6zkRosmTYOnmoNc,clinic,DIAGNOSTIC Health Lab,medical_clinic,"M8RV+8X2, पर्‍याग मार्ग, Kathmandu 44600, Nepal",27.6907665,85.34490219999999,821.35
ChIJ8y1jX4UZ6zkR_3WU4jR-fGY,clinic,Mr. katyayani pharmacy and clinic,pharmacy,"M8VW+R7Q, पर्‍ज्ञा मार्ग, Kathmandu 44600, Nepal",27.694583,85.345721,824.14
ChIJTy_3jB4Z6zkRBW1iugU-TtI,clinic,Elite Dental Clinic Pvt. Ltd.,dental_clinic,"Devkota Sadak, Kathmandu 44600, Nepal",27.7010354,85.33992719999999,825.75
ChIJZ5szmTwZ6zkRF_nmqiC4oeg,clinic,Manual Therapy centre,medical_clinic,"M8PR+WC9, Minbhawan Marg, Kathmandu 44600, Nepal",27.6872989,85.34111,826.73
ChIJm3wejHkZ6zkR8ts8U4cvkJM,clinic,Center for Psychological Health and Emotional Wellbeing Nepal,medical_clinic,"1240 Prayag Marg, Kathmandu 44600, Nepal",27.6951279,85.3456937,828.77
ChIJ9-0PPgAZ6zkRBYcyqh5m4Xc,clinic,A,dental_clinic,"Surya Bikram Gyawali Marg, Kathmandu 44600, Nepal",27.7004851,85.3415902,835.62
ChIJi_RYlg4Z6zkRRsu9AnnrGYM,clinic,Eyemate Newbaneshwor,medical_clinic,"Madan Bhandari Road, Kathmandu 44600, Nepal",27.6897765,85.33022090000001,844.54
ChIJu5qhIZ8Z6zkRQcIN4j5-b4M,clinic,Mount Everest Kennel Club,pet_store,"Baneshwor Height, Marga 45, Kathmandu 44600, Nepal",27.7015881,85.3368017,850.11
ChIJaymEcJwZ6zkRR3XCyJBLFQ0,clinic,SUMMIT DENTAL CLINIC,medical_clinic,"P82R+8G9, सिनामंगल रोड, Kathmandu 44600, Nepal",27.7007754,85.34137229999999,853.7
ChIJOzwSUgAZ6zkRRXgKnkyK_ZI,clinic,Ragini's Healing centre,medical_clinic,"M8WW+C82, Pragya Marg, Kathmandu 44600, Nepal",27.6960083,85.3457596,855.88
ChIJKXstx_AZ6zkRdm-Lwnl0zwA,clinic,PRATEEK DENTAL,dental_clinic,"Kathmandu 44600, Nepal",27.6976913,85.3297752,856.0
ChIJsyCoMQAZ6zkRuC-UFTACE4k,clinic,Perfect Dental Care Center,dental_clinic,"P82R+7MC, Surya Bikram Gyawali Marg, Kathmandu 44600, Nepal",27.7006424,85.3417559,858.91
ChIJReANFBYZ6zkRp_9n9ZqV5ZE,clinic,Health Horizons Pharmacy (PHARMEX),medical_clinic,"Kathmandu 44600, Nepal",27.6878489,85.3318675,869.68
ChIJ7z7jh5UZ6zkRPnaDvuNN4cA,clinic,Third Eye Eye shop,medical_clinic,"M8RH+5R6, Kathmandu 44600, Nepal",27.6904028,85.3295069,870.26
ChIJRc3fGgAZ6zkRTMIEDZHliho,clinic,B.M Dental Care (Old Baneshwor Branch),dental_clinic,"P82Q+HWW, Kathmandu 44600, Nepal",27.701484,85.33984210000001,871.04
ChIJXzQT9NIZ6zkRbgYJln_GHV8,clinic,Dentmark Surgical Concern,medical_clinic,"P82P+J4R, Kathmandu 44600, Nepal",27.7016046,85.33525499999999,875.41
ChIJAb_nm54Z6zkRRRA85hFRIl0,clinic,Model Medical Center Pvt. LTD.,medical_center,"P82Q+PJ2, Rudra Mati Marg, Kathmandu 44600, Nepal",27.7017539,85.3390307,881.75
ChIJe71_bpwZ6zkRQq0M2olvA3w,clinic,Sindhu Dental Hospital,dental_clinic,"P82R+FCQ, सिनामंगल रोड, Kathmandu 44600, Nepal",27.701211,85.3411028,885.67
ChIJGfLhN464w6MRISqMvfOlRWc,clinic,Eye Club shantinagar gate,medical_clinic,"31 Shantinagar, Kathmandu 44600, Nepal",27.6879206,85.3432706,887.33
ChIJ80uDiIIZ6zkRV3IgCT7R4Jc,clinic,Canbro Skin Care - Dermatologist-Approved Brand in Nepal,,"Shantinagar-31, काठमाडौँ 44600, Nepal",27.687562300000003,85.34277519999999,887.84
ChIJE12eH6QZ6zkRUAnl8FO1cP0,clinic,Kathmandu Clinic Of Cosmetic Surgery,skin_care_clinic,"Tanka Prasad Ghumti Sadak, Kathmandu 44600, Nepal",27.6973695,85.3292003,890.11
ChIJhY8E5VAZ6zkRh02bjVdx_Ts,clinic,Batika Pharmacy,pharmacy,"Sankhamul - Balkumari Rd, Kathmandu 44600, Nepal",27.686153,85.33500409999999,899.07
ChIJ0yznVqIZ6zkRq9osHeSYPq4,clinic,सुनगाभा आयुर्वेद क्लिनिक,medical_clinic,"M8PR+RVF, Kathmandu 44600, Nepal",27.6870506,85.3421613,901.05
ChIJ87RYkvsZ6zkRZL0-5ZavCX8,clinic,Akarshan Skin And Hair Clinic,doctor,"Gate, Kathmandu 44600, Nepal",27.6873522,85.34271609999999,903.27
ChIJ9WHvDbwZ6zkRNN9UIVb-6ac,clinic,Nepal Skin Hospital Pvt Ltd,hospital,"Bijuli Bazaar, New Baneshwor infornt of, Krishna Tower, Kathmandu 44600, Nepal",27.6894255,85.329754,904.43
ChIJ3U0jGqQZ6zkRmjf7cgB2bpc,clinic,Smile Garden Dental Clinic,dental_clinic,"Baburam acharya margha Old baneshwor- setopul oralo, काठमाडौँ 44600, Nepal",27.7020943,85.3387281,914.18
ChIJE06y8RgZ6zkR4h02kT9XpaE,clinic,Subha Kamana Pharmacy,medical_clinic,"M8PM+M55, Subarna Marg, Kathmandu 44600, Nepal",27.686631100000003,85.3329918,922.39
ChIJYQmosXEZ6zkRCtkAPDoL8qg,clinic,Hamrohealthfit,fitness_center,"Sinamangal ,old Baneswar Opposite to Nabil Bank, M8XV+XGX, Kathmandu 44600, Nepal",27.6999886,85.34386889999999,926.02
ChIJGwDogIsZ6zkRgUlv9e2rlgY,clinic,Cupping / Hijma Therapy,medical_clinic,"M8XV+XHR, Kathmandu 44600, Nepal",27.6999848,85.3438772,926.28
ChIJJfVa5qQZ6zkRPTL0UqwmGn8,clinic,Urban Health Promotion Center - Bhimsengola KMC 31,medical_clinic,"M8XV+RPV, Kathmandu 44600, Nepal",27.6996089,85.34430569999999,927.08
ChIJXa0wPAAZ6zkRWZxl0GJ9nQU,clinic,Dr. Physiotherapy (फिजियोथेरापी)Civil Hospital,medical_clinic,"M8PQ+9W2, Kathmandu 44600, Nepal",27.6858952,85.3397755,927.26
ChIJA6ZlEY4Z6zkR-SD0plkmlQc,clinic,Shantinagar Dental Clinic Pvt. Ltd.,dental_clinic,"60, M8RR+JR3, 13 Babuchiri Marg, Kathmandu 44600, Nepal",27.6896872,85.3454848,928.72
ChIJVYuyiLsZ6zkRHACFQHlLZdc,clinic,Infertility Centre,medical_clinic,"Araniko Highway, Kathmandu 44600, Nepal",27.6902544,85.3289033,930.77
ChIJvfunnpUZ6zkRIRgonwPpN5I,clinic,International Health Care & Diagnostic Center Pvt. Ltd.,health,"M8PP+846, शंखमुल मार्ग, Kathmandu 44600, Nepal",27.6857763,85.33527300000002,933.33
ChIJD4M9oFgZ6zkRr2hDYSKWHxI,clinic,Matrika Eye Center,medical_clinic,"Dhunge Dhara Marg, Kathmandu 44600, Nepal",27.7023439,85.3379788,934.11
ChIJx58ha5cZ6zkRw2gNv-seS4w,clinic,Opticera online optical store,medical_clinic,"Shantinagar -31, काठमाडौँ 44600, Nepal",27.6869884,85.3427102,936.15
ChIJ-ZjQR5IZ6zkRNB9tTB8S-p4,clinic,Eyebuddy Store,medical_clinic,"gate, Shantinagar, Kathmandu 44600, Nepal",27.686981,85.3427281,937.82
ChIJH8ejGg4Z6zkRt4H5ZlvLzis,clinic,Miracle smile and aesthetics,dental_clinic,"Kathmandu 44605, Nepal",27.6964473,85.3281982,945.36
ChIJidl5EwAZ6zkRbECpUqoqRys,clinic,Jagaran Dental Clinic,dental_clinic,"Kathmandu 44600, Nepal",27.6927885,85.34692299999999,948.56
ChIJBcW-xGcZ6zkRIgEa4ZHphEA,clinic,Shubha Netra Eye Care,medical_clinic,"Baburam Acharya Marg, Kathmandu 44600, Nepal",27.7024969,85.33749259999999,949.32
ChIJdxpFJwAZ6zkRy7d2lg8HQj8,clinic,Laxger Dental Clinic,dental_clinic,"Kathmandu 44600, Nepal",27.7020015,85.34064599999999,950.23
ChIJp79HrI8Z6zkRAmYbM3VuYNQ,clinic,KSHEMAHADEVI POLYCLINIC PVT.LTD,medical_clinic,"M8RW+QPC, शान्तिनगर मार्ग, Kathmandu 44600, Nepal",27.691946,85.346777,951.92
ChIJAymTJjIZ6zkRPiqpIxmgWT0,clinic,Baneshwor Dental Clinic,medical_clinic,"opposite of shantinagar gate, Kathmandu 44600, Nepal",27.6865327,85.3422394,954.46
ChIJl07vO5wZ6zkRqco6UvvUeP0,clinic,Capital Dental Clinic,dental_clinic,"Balps House, Battisputali Rd, Kathmandu 44600, Nepal",27.702138,85.34039,956.42
ChIJc8J6AAAZ6zkRCclUmS2Bu4U,clinic,Jupiter pharmacy,medical_clinic,"OM Shanti Chock, Kathmandu 44600, Nepal",27.6914499,85.3466768,956.95
ChIJn5Gxy3sZ6zkRf_Mqa4TA_r4,clinic,Vision Eye Care And Optic Gallery,medical_clinic,"M8PV+Q35, Kathmandu 44600, Nepal",27.6868202,85.34285249999999,959.49
ChIJaTzFHX4Z6zkRGTFcmVZ-Ccs,clinic,Yes Dental,dental_clinic,"Kareshwor Marga, Kathmandu 44600, Nepal",27.6925009,85.346998,960.76
ChIJsYojWOwZ6zkRgtupkTuPgJA,clinic,Dr eyecare optical and eye clinic,medical_clinic,"M8PV+P5M, Madan Bhandari Road, Kathmandu 44600, Nepal",27.686827200000003,85.3429197,962.58
ChIJW1-zjbsZ6zkRnJoT56xsxvg,clinic,LKS Dental Solutions,dental_clinic,"Samsung Plaza, Madan Bhandari Road, Kathmandu 44617, Nepal",27.6899078,85.32868429999999,967.49
ChIJPeK3OgAZ6zkRGjPv605ocBw,clinic,Radiant Dental and Orthodontic Center,dental_clinic,"P83P+3H5, Kathmandu 44600, Nepal",27.7026419,85.3364732,969.5
ChIJqRmS0cEZ6zkRCtUwzQNKH7o,clinic,Hope IVF & Fertility Services,medical_clinic,"Nepal Mega College Compound, Daphe Marga, Kathmandu 44600, Nepal",27.6916995,85.32786019999999,970.42
ChIJ6w7m4Z0Z6zkRWnkhCUuMITQ,clinic,Mona’s Esthetics,skin_care_clinic,"Kathmandu 44600, Nepal",27.7026783,85.33689609999999,970.6
ChIJ9-mmuRQZ6zkRdoL0uRYJYi4,clinic,"SmartCare Skin, Hair & Laser Clinic",skin_care_clinic,"Shantinagar bus stop, Minbhawan Baneshwor Kathmandu bedside, Bagmati Bridge, काठमाडौँ 44600, Nepal",27.6868086,85.34307220000001,972.86
ChIJ_2jEGAAZ6zkRkwf7eQ-GPxo,clinic,Aabhaash holistic counseling,medical_clinic,"M8XH+PRG, Janapath Marg, Kathmandu 44600, Nepal",27.699314,85.329543,974.56
ChIJa_SCdmQZ6zkRFL5GT-rJ9N4,clinic,Mankaa Kura,medical_clinic,"Saras Marg, Kathmandu 44600, Nepal",27.6984949,85.32889519999999,975.76
ChIJszulUY4Z6zkRoubYeRSRtc0,clinic,Nakul pharmacy,medical_clinic,"Kumud Devkota Marg, Kathmandu 44600, Nepal",27.6910189,85.34673389999999,977.31
ChIJi0XOEwAZ6zkRA9hAtEyhS9Q,clinic,जागृति आराेग्य उपचार केन्द्र प्रा.लि.मीन भवन काठमाण्डाै,medical_clinic,"M8PQ+4PF, Pani Pandhero Rd, Kathmandu 44600, Nepal",27.6853294,85.3393188,978.48
ChIJmbq8R5wZ6zkR47zNDG4ALyI,clinic,TouchBeauty Laser Clinic,medical_clinic,"Battisputali Rd, Kathmandu 44600, Nepal",27.7023217,85.340863,991.0
ChIJn15PRQAZ6zkRqnrBx-pJUf0,clinic,Kantipur Physiotherapy and Wellness Centre,medical_clinic,"10 Shram Marg, Kathmandu 44600, Nepal",27.687627,85.3302404,995.01
ChIJNzxNkL4Z6zkRkaEU8eNA0yo,clinic,Hope Fertility & Diagnostic,medical_clinic,"M8RH+H3M Danfe, BalaBhadra Marga, Kathmandu 44600, Nepal",27.6914719,85.3276698,995.27
ChIJh5QS4oAZ6zkRyJdTJVONM5U,clinic,Aesthetic Aura - Best Skin & Hair Clinic in Kathmandu - By Dr Isha,skin_care_clinic,"Baneshwor Near iKalu Meat Center, B & S Building, 2nd Floor Shankhamul Marga, Kathmandu 44617, Nepal",27.6852417,85.3350519,996.16
ChIJQQg4RQAZ6zkRfeRfBbEWfow,clinic,DENTAL CARE STUDIO PVT. LTD.,dental_clinic,"M8RW+5MG Shantinagar Marg, Kathmandu 44600, Nepal",27.690449,85.3466969,996.95
ChIJQVIURpwZ6zkRaq0dHPjzUQs,clinic,माॅ जानकी इनटरनेशनल पोलिक्लिनिक एण्ड डायग्नोष्टिक सेन्टर प्रा. लि.,medical_clinic,"P82R+WCV, बत्तिसपुतली रोड, Kathmandu 44600, Nepal",27.7023618,85.34105439999999,1001.83
ChIJpyqkJQAZ6zkR_5GWOdoe1Ak,clinic,Prasanna dental,dental_clinic,"Kathmandu 44600, Nepal",27.699217,85.3456861,1005.21
ChIJRYxlo74Z6zkR0LXoKMLGQ_w,clinic,Lord Buddha Polyclinic,medical_clinic,"M8QJ+23J, Shram Marg, Kathmandu 44600, Nepal",27.687583,85.33013690000001,1005.68
ChIJsXcnIDEZ6zkRldwaL3CWqyI,clinic,Oraphile Dental Clinic,dental_clinic,"10 Shram Marg, Kathmandu 44600, Nepal",27.687564400000003,85.33015139999999,1006.13
ChIJRaYxTqhzAgURjbKW2DT5a-0,clinic,KANTIPUR DIAGNOSTIC CENTER PVT. LTD.,medical_clinic,"Sankhamul Marg, Kathmandu 44600, Nepal",27.685202200000003,85.33465059999999,1010.22
ChIJq6qqqhoZ6zkRQhwNyXoMihM,clinic,JAGARAN DENTAL HOME,dental_clinic,"मिनभवन ३१, शान्तिनगर गेट, Kathmandu 44600, Nepal",27.686343,85.3429802,1010.64
ChIJQacoXpwZ6zkRLTkXyokjTmM,clinic,Jaya Shree Pashupati Poly Clinic Pvt Ltd.,medical_clinic,"P82R+RQQ, सूर्य बिकर्‍म ज्ञवालि मार्ग, Kathmandu 44600, Nepal",27.7020971,85.3419838,1011.99
ChIJFUg8TLYZ6zkRMgjSIZIThTc,clinic,City Smiles Dental and Orthodontics Clinic Battisputali Branch,dental_clinic,"Battisputali-9,Kathmandu,Nepal Opposite to Nepal SBI Bank, Kathmandu 00977, Nepal",27.7025247,85.340915,1013.95
ChIJ69c2TwAZ6zkROJQRtehGLI0,clinic,Eva Pharmacy,medical_clinic,"P82V+CFJ, Kathmandu 44600, Nepal",27.7011207,85.3437656,1014.51
ChIJLfFlojEZ6zkR51XukxGuBVk,clinic,Community Innovation Organization (CIO),medical_clinic,"M8QH+9J3, Kathmandu 44600, Nepal",27.6883622,85.3291429,1022.35
ChIJaxPwXJIZ6zkRJ4uu1_Nm6js,clinic,Safe Abortion Service,medical_clinic,"मदन भण्डारी मार्ग, Kathmandu 44600, Nepal",27.6862927,85.34313499999999,1023.69
ChIJT_HUur4Z6zkR_ZOajwxyLdM,clinic,Healthcare International Consult,medical_clinic,"Shram Marg, Kathmandu 44600, Nepal",27.6874741,85.3298749,1032.56
ChIJvzG3RYQZ6zkRd_OpxPF5jH4,clinic,Sinamangal Health Care & Diagnosis Center Pvt. Ltd.,medical_clinic,"M8XW+P99, Sinamangal Rd, Kathmandu 44600, Nepal",27.6992871,85.3459754,1032.97
ChIJGbO5h94Z6zkRO-Cjnr6_kD0,clinic,Topface.cosmo,skin_care_clinic,"M8QW+VPM, Shantinagar Road, काठमाडौँ 44600, Nepal",27.6897876,85.3467652,1033.98
ChIJZViTn58Z6zkRsmUQeVEFCh8,clinic,B B C Dental Clinic,dental_clinic,"P83P+763, Kathmandu 44600, Nepal",27.703138000000003,85.3355464,1036.39
ChIJk209AwcZ6zkRhdTKWVEjHCA,clinic,Circle Heart,medical_clinic,"M8MR+X23, Kathmandu 44600, Nepal",27.6848903,85.3400532,1042.29
ChIJA9F1dwAZ6zkR0ordnGcWlK4,clinic,Dirghayu Dental - Maitidevi Setopul,dental_clinic,"P83P+75F, Kathmandu 44600, Nepal",27.7031805,85.3354418,1042.88
ChIJs2tYiS0Y6zkR-zFfoOvMDlM,clinic,Rhythm Neuropsychiatry Hospital and Research Center,medical_clinic,"Kathmandu 44600, Nepal",27.684795,85.3402232,1056.85
ChIJ4_oKhJ8Z6zkRL9yqM3HqH_k,clinic,M L Pharmacy,farmstay,"P83M+9V4, मैतीदेवी चोक सडक, Kathmandu 44600, Nepal",27.7033877,85.3346888,1081.28
ChIJU-MGhJ8Z6zkRClHpt8sBGO8,clinic,लव-कुश डेण्‍टल हस्‍िपटल प्रा लि,dental_clinic,"P83M+9V3, मैतीदेवी रोड, Kathmandu 44600, Nepal",27.7033959,85.3346663,1082.71
ChIJVTQUIGUZ6zkR6GMvk8ZefF4,clinic,Nawa Niwaran PolyClinic,medical_clinic,"M8MQ+MJ8, Kathmandu 44600, Nepal",27.6841597,85.3390754,1102.46
ChIJh-QD_pIZ6zkRgtuR03lkkps,clinic,Aalima Healthcare,medical_clinic,"Kathmandu 44600, Nepal",27.6987291,85.3472201,1104.44
ChIJN2tEX4QZ6zkRc22IRHZ6pV4,clinic,Sudha Medical And Diagnostic Center Pvt Ltd,medical_clinic,"Sinamangal Rd, Kathmandu 44600, Nepal",27.698677,85.3472594,1105.08
ChIJdUNFSwAZ6zkRH2K0AwpDE1Y,clinic,Sunil dental lab,dental_clinic,"M8PJ+4M8, Kathmandu 44600, Nepal",27.6852832,85.3316923,1115.57
ChIJbUbyQPQZ6zkRawJrVKkmWxs,clinic,Braces and Faces Dental Clinic,dental_clinic,"Tinkune Marg, Kathmandu 44600, Nepal",27.6874323,85.34607419999999,1122.34
ChIJOULQcZ4Z6zkRJ8V10Dkes_Q,clinic,Kasthamandap Dental Clinic Pvt. Ltd.,dental_clinic,"44600, Kathmandu 44600, Nepal",27.7040706,85.3388528,1133.56
ChIJJwXVqS0Z6zkRG9ihM-XNS1w,clinic,Dhatoor Care,dental_clinic,"Dillibazaar Marg, Kathmandu 44605, Nepal",27.703570400000004,85.3332908,1141.95
ChIJZdBSX2gZ6zkRh8QhSQU6iDY,clinic,B.B.M.Trishakti Pvt. Ltd,medical_clinic,"Madhya Marga, Kathmandu 44600, Nepal",27.6853751,85.33100089999999,1142.7
ChIJiQ6dFC0Z6zkRhzvlQYxY2BM,clinic,Health xperts,medical_clinic,"32, Tinkune / Subidhanagar, Area, काठमाडौँ 44600, Nepal",27.6852736,85.343626,1145.05
ChIJk1QLN6AZ6zkRv9seCIpFX0g,clinic,AMITABHA DENTAL CARE CENTRE,dental_clinic,"P83M+C7F, Kathmandu 44605, Nepal",27.703566,85.333186,1145.17
ChIJNdkOuZUZ6zkR5m-kDEs4ZGs,clinic,Sundar Dental Home,dental_clinic,"Shankhamul Marga, Kathmandu 44600, Nepal",27.684182,85.33356859999999,1150.21
ChIJi9hzHMkZ6zkRKijiDzdcJ34,clinic,aarogya poly clinic and health services,medical_clinic,"Kathmandu 44600, Nepal",27.7037512,85.3334897,1154.14
ChIJ1-raRIQZ6zkRpANKfFMllMk,clinic,Sinamangal Medical Hall,government_office,"M8XX+C53, Sinamangal Rd, Kathmandu 44600, Nepal",27.6985072,85.34793069999999,1155.29
ChIJpVbyBVQZ6zkRNkILNJL4rxY,clinic,NURTURE NEST CENTER FOR SPECIAL NEEDS AND WELLBEING,medical_clinic,"Jyoti Marg, Kathmandu 44600, Nepal",27.7043527,85.3388614,1164.78
ChIJX_7neggZ6zkR3mAUE-oD26Q,clinic,Pain Physician-Dr. Deepak Yadav,medical_clinic,"Tinkune 32, Kathmandu 44600, Nepal",27.685036,85.3436468,1168.5
ChIJZ37HyS4Z6zkR2o3PReGjis4,clinic,Hope Hospital Eyecare Department,medical_clinic,"Kathmandu 44600, Nepal",27.6981587,85.34827220000001,1169.61
ChIJwaY5FNQZ6zkRRHkTeF4uMLo,clinic,Dr. Bajarang Kumar Rauniyar Clinic,doctor,"9 Jyoti Marg, Kathmandu 44600, Nepal",27.7039362,85.341312,1174.91
ChIJDTonrBsZ6zkRq56vq7WbFYs,clinic,New Face Aesthetics,medical_clinic,"9 Sinamangal Rd, Kathmandu 44600, Nepal",27.6983217,85.3482617,1176.02
ChIJx505YQAZ6zkRuoJO7iC8Ndg,clinic,Advanced dental and aesthetics,dental_clinic,"Subhidanagar-32, काठमाडौँ 44600, Nepal",27.6854462,85.3445255,1179.49
ChIJkbuYbBUb6zkRr7eyw20W6vM,clinic,FDH Clinic,medical_clinic,"Kathmandu 44600, Nepal",27.7039261,85.3332303,1181.09
ChIJL5OYNAAZ6zkRqfvJyKIlpjI,clinic,"Nova Smile Dental Clinic , Maitidevi Chwok",dental_clinic,"503 Birendra Marg, Kathmandu 44600, Nepal",27.703754,85.33270449999999,1182.33
ChIJGULdwb8Z6zkR2rNiKN81iL8,clinic,रिया बैध भण्डार,medical_clinic,"M8MM+H7M, Kathmandu 44600, Nepal",27.6839696,85.3331615,1185.99
ChIJOYwyPwAZ6zkRHocj6Jtta_0,clinic,Om Padma Optical,store,"P83M+G2G Maitidevi Road, Maitidevi, chowk birendra marga, काठमाडौँ 44600, Nepal",27.7038237,85.33251179999999,1196.94
ChIJU1DJuXUZ6zkRp0hiaDHaRX0,clinic,PROTIN HAIR DESIGN,medical_clinic,"M8WX+XH3, Shree Binayak Marg, Kathmandu 44600, Nepal",27.6973914,85.3489124,1197.82
ChIJqaL04UoZ6zkRZ4X87jMcaI8,clinic,Aluson pharmaceutical pvt ltd.,medical_clinic,"Kathmandu 44600, Nepal",27.6857513,85.32940649999999,1203.94
ChIJ16cD6XEZ6zkRurYPo5A8LTg,clinic,Physiocare by Luisha,medical_clinic,"New Baneshwor, Shree, 10/15 Aadarsha Marga, काठमाडौँ 44600, Nepal",27.683817,85.33310089999999,1203.98
ChIJg_TiduYZ6zkRg8E08AbLvLg,clinic,Friendship pharmacy,medical_clinic,"M8VX+RV3, Kareshwor Marga, Kathmandu 44600, Nepal",27.6945009,85.349667,1211.23
ChIJKwmVJQAZ6zkRSqEK0LrQudY,clinic,Glow & Smile Dental Clinic,dental_clinic,"Buddhangar-10, Kathmandu 44600, Nepal",27.6871254,85.3277648,1214.01
ChIJm9WrBdQ2ZCERMlyyIgZGZI8,clinic,Mayas Aesthetic Center and Academy,skin_care_clinic,"Sankhamul Chowk Near Sandar Momo, Above Kumari Bank, काठमाडौँ 44600, Nepal",27.6836241,85.3333961,1214.4
ChIJU_eyW6AZ6zkRVKTppgCFUno,clinic,Dental alkapuri kilnika,dental_clinic,"P83J+GRP, डिल्लीबजार सडक, Kathmandu 44600, Nepal",27.7038366,85.3320925,1215.36
ChIJnVJ4Q6AZ6zkRYxJQekwihPU,clinic,Khaptad Dental Hospital Pvt Ltd,dental_clinic,"First Floor, Opposite to Police Bit, P83M+J27, Dilli Bazaar Rd, Kathmandu 44600, Nepal",27.7040283,85.3325411,1216.69
ChIJDymvW6AZ6zkRBiRcNCv5fHM,clinic,Cosmic dentala Care Home,dental_clinic,"P83J+GRX, डिल्लीबजार मार्ग, Kathmandu 44600, Nepal",27.7038669,85.33210640000001,1217.82
ChIJnyteIAAZ6zkRa18zVPVK1oY,clinic,Dr. Arbind Bhusal Clinic ( Brain & Mind Wellness Center ),doctor,"10 Madhya Marg, Kathmandu 44600, Nepal",27.6837858,85.33262909999999,1224.21
ChIJy0w3JhwZ6zkRrOkrA5kGBko,clinic,Krishna Kunti Building,medical_clinic,"M8XG+XQG, Kathmandu 44600, Nepal",27.6999478,85.32693789999999,1224.84
ChIJu3PJibQZ6zkRhJO8wRSMWDw,clinic,Dr Bishal Mani Poudel Clinic ( Jibika Pharmacy & Health Clinic ),medical_clinic,"10 Madhya Marg, Kathmandu 44600, Nepal",27.6837727,85.33264,1225.15
ChIJkXcXEmgZ6zkRZEQDiFet4F8,clinic,Max Family Dental Clinic,dental_clinic,"Kathmandu 44600, Nepal",27.6982963,85.3488321,1226.29
ChIJ6YCXxqYZ6zkRzCs36mufiZE,clinic,Kunta Devi Health Care & Diagnostic Centre Pvt. Ltd.,medical_clinic,"बिरेन्द्र्‍ मार्ग, Kathmandu 44605, Nepal",27.7015423,85.32827689999999,1230.48
ChIJG9zkt-0Z6zkRUspwwCpFKjs,clinic,Best Therapy and Mental Health Counseling Service- Mind Care,medical_clinic,"10 Madhya Marga, Kathmandu 44600, Nepal",27.6837896,85.3323519,1234.51
ChIJxx6mLYQZ6zkRXU6qXSPLCDI,clinic,Gulf International Medical & Diagnostic Center Pvt. Ltd.,medical_clinic,"M8XX+4PC, Sinamangal Rd, Kathmandu 44600, Nepal",27.697815,85.349273,1246.92
ChIJF8ilXboZ6zkR6z9s7pbwEa0,clinic,Merit Home Care Clinic,medical_clinic,"M8RG+549, राधाकृष्ण मार्ग, Kathmandu 44600, Nepal",27.6904209,85.3253617,1247.02
ChIJ3_NSlKkZ6zkRFpLGprGnlMg,clinic,Henkhama Korean Skin Care and beauty clinic,skin_care_clinic,"Tinkune near KFC, Kathmandu 44600, Nepal",27.6859514,85.3462998,1250.73
ChIJZ10gf-IjTisR1J8xDYqCi9Y,clinic,Agrim Dental and Multispecialty Dental Clinic Kathmandu,dental_clinic,"Kathmandu 44600, Nepal",27.7018545,85.3282162,1258.79
ChIJbddeaqAZ6zkRuA-5TUM-UBw,clinic,Padma Eye Clinic & Optical Center,medical_clinic,"Ajima Marg, Kathmandu 44600, Nepal",27.7046496,85.33296589999999,1265.58
ChIJy-K9N-gZ6zkRTMDPLsdmwxI,clinic,Tinkune Swasthya Clinic,skin_care_clinic,"Madan Bhandari Road, Kathmandu 44600, Nepal",27.6859996,85.3465707,1265.85
ChIJO_fd_7gY6zkRYagkbOqM6mI,clinic,All Nepal Health Treatment Clinic Pvt.Ltd,medical_clinic,"Kathmandu 44600, Nepal",27.6875744,85.34803670000001,1266.93
ChIJWQoxGwAZ6zkRuEfIavbr2b4,clinic,Adwait Dental Home Tinkune Branch,dental_clinic,"M8PW+3FP Kathmandu 44600 Tinkune, काठमाडौँ 44600, Nepal",27.6851766,85.34557629999999,1266.95
ChIJYRFTLSsZ6zkRdDvGAsrRoGk,clinic,Tinkune Pharmacy,pharmacy,"Madan Bhandari Road, Kathmandu 44600, Nepal",27.686007,85.3466572,1271.38
ChIJm5sQcgAZ6zkR9aTNjTMrAbA,clinic,Kathmandu National Medical College & Teaching Hospital,hospital,"29 Ghattekulo Marga, Kathmandu 44600, Nepal",27.7015003,85.327544,1280.92
ChIJS8wLzi4Z6zkRfP1ldoFIeb8,clinic,Pashupati Vision and Optic Center,medical_clinic,"Kathmandu 44600, Nepal",27.6850248,85.345612,1282.22
ChIJ1X7NFekZ6zkRPnjiK_OzGHk,clinic,Jeewan Seva Company Pvt. Ltd - Online Medical and Pharmacy,medical_clinic,"M9W2+H33, Tara Marg, Kathmandu 44600, Nepal",27.6963966,85.3501721,1288.27
ChIJ_deu5IcZ6zkRXHJ-QD0uW14,clinic,TRISHULI MEDICAL & CLINIC PVT. LTD.,medical_clinic,"Sinamangal Rd, Kathmandu 44600, Nepal",27.6972783,85.3499485,1291.27
ChIJhxY1egAZ6zkR6Kbx_z-siNY,clinic,Equator Health Care,medical_clinic,"M8MW+R54, Shri Ganesh Marg, Kathmandu 44600, Nepal",27.6847936,85.3455463,1298.23
ChIJwQy3fgAZ6zkRKpaFnUU0sFs,clinic,Novo Dental Clinic,dental_clinic,"Tinkune, Tinkune Kantipur Marga, काठमाडौँ 44600, Nepal",27.6848465,85.3456708,1301.27
ChIJX3J3E7gZ6zkRNgJDCi7MU7M,clinic,Happy Health Clinic,store,"Kathmandu 44600, Nepal",27.7017244,85.3274625,1303.37
ChIJf6hMq-oZ6zkRgHV3IUQC4tM,clinic,Sadhana Ayurved Upachar Sewa Pvt. Ltd.,medical_clinic,"Kathmandu 44600, Nepal",27.6824869,85.33456029999999,1305.61
ChIJF9Z22DbG-6IRGDekyP1WPmw,clinic,Counseling Center- NSRC,health,"Kathmandu 44600, Nepal",27.6844867,85.3452647,1308.55
ChIJexDbOo0Z6zkR-aq9vItcO8A,clinic,"मनोविश्लेषण केन्द्र, नेपाल (Psychoanalysis Centre, Nepal)",medical_clinic,"Kathmandu 44600, Nepal",27.6846059,85.3455214,1313.18
ChIJ8U2mz04Z6zkRUKG7aJFASdg,clinic,Enrich Hair & Beauty Clinic,skin_care_clinic,"Tinkune Shri Ganesh Marg, Kathmandu 44600, Nepal",27.6840065,85.34459149999999,1314.97
ChIJUxGRGm0Z6zkR80-iQgPetWA,clinic,Fertility Centre Nepal,medical_clinic,"Narayanchaur, 2nd Floor, काठमाडौँ 44600, Nepal",27.6892893,85.3250352,1321.77
ChIJ6b_XU1IZ6zkRQ8XUOoZpZtg,clinic,Equator Mind and Wellness,medical_clinic,"Tinkune, Kathmandu 44600, Nepal",27.6845609,85.3456538,1325.12
ChIJi5WbgsEZ6zkRMRz_qyyNsJI,clinic,Zen Dental Clinic,dental_clinic,"Sinamangal Rd, Kathmandu 44600, Nepal",27.697351,85.35028750000001,1325.57
ChIJMRptTzQZ6zkR8xjXFrraEYU,clinic,United Diagnostic Center Pvt. Ltd.,medical_clinic,"Sinamangal Rd, Kathmandu 44600, Nepal",27.697046,85.35041770000001,1328.71
ChIJ_3VjPAAZ6zkR82gdNl4lGOQ,clinic,Ashirbad Health care Clinic,medical_clinic,"M8MM+26Q, Kathmandu 44600, Nepal",27.6825932,85.3330998,1332.34
ChIJ2wBpZYYZ6zkRqkbtK0bLqJU,clinic,Nojomi Pvt Polyclinic. LTD.,government_office,"M9W2+Q59, Sinamangal Rd, Kathmandu 44600, Nepal",27.6969149,85.35049769999999,1332.65
ChIJzy_FSf0Z6zkRs_HoTuPJa7Q,clinic,Elite Optica,medical_clinic,"Near Hotel Dwarikas, बत्तीसपुतली सडक, काठमाडौँ 44621, Nepal",27.7052738,85.34231609999999,1348.64
ChIJ7xuvlNcZ6zkR6qKvmoEdiZY,clinic,Spark Dental Care Pvt. Ltd.,dental_clinic,"Tarahal cholk, Kathmandu 44600, Nepal",27.6971468,85.3506596,1354.62
ChIJD4oTBeUZ6zkRl9WQmLPNc-Q,clinic,"Natural Health Home, Dr. Dharma Raj Karki is Founder and Chief Medical Officer of Natural Health Home.",medical_clinic,"Near, 16 Ganesh Marga, Khutte 44600, Nepal",27.6823042,85.3332838,1357.37
ChIJX2PC7SYZ6zkRKEXA-PY0Tdw,clinic,Jamkatel Pharma,pharmacy,"44600 Sinamangal Rd, Kathmandu 44600, Nepal",27.6965661,85.35084979999999,1357.47
ChIJ_25b2MIZ6zkR3cn6cx_1-BA,clinic,Aligner Dental Nepal,dental_clinic,"Ratopul-Setopul Rd, Kathmandu 44600, काठमाडौँ 44600, Nepal",27.7061404,85.3363538,1358.16
ChIJ42Dw7p4Z6zkRWW_Le6kqmgk,clinic,Metro Eye Care,medical_clinic,"Sat Marga, Kathmandu 44600, Nepal",27.68233,85.3421276,1375.09
ChIJSbWaW0wZ6zkRZFI9PHtEHzw,clinic,Urban Health Promotion Center - Babarmahal KMC 11,medical_clinic,"M8RF+JF7, Radha Krishna Marg, Kathmandu 44600, Nepal",27.6915588,85.323678,1375.24
ChIJu4ibTm8Z6zkR2WmiWQXsBUw,clinic,Subha Mangal Group Pvt. Ltd,medical_clinic,"M8MW+QHW, Kathmandu 44600, Nepal",27.6844797,85.34645809999999,1382.1
ChIJ8YvWNGCwjEIR0O98d4pPWZg,clinic,Subidha Dental Studio,dental_clinic,"32 Muni Bhairab Marg, Kathmandu 44600, Nepal",27.6847431,85.3468019,1382.38
ChIJYREfsO4Z6zkR9Y5VoTTCiv8,clinic,Consult My Life,medical_clinic,"Sukumar Marga, Kathmandu 44600, Nepal",27.6829431,85.3439499,1385.33
ChIJLekCPgAZ6zkRSRsAUTHCOcs,clinic,Gental Dental Clinic,dental_clinic,"Kathmandu 44600, Nepal",27.696553100000003,85.3512362,1394.36
ChIJYeg1pgoZ6zkROyuOsg5Rk28,clinic,मैतिदेवी मेडिकल,medical_clinic,"P84M+CCG, मैतीदेवी मार्ग, Kathmandu 44600, Nepal",27.7060735,85.3335776,1398.01
ChIJGecJHZQZ6zkRsgcmATnN1Lg,clinic,Moktan Healthcare & Diagnostic Center,medical_clinic,"M9W2+JGC, Kathmandu 44600, Nepal",27.6965505,85.35128,1398.52
ChIJB9Tc_avVpqcRsgn7hePIXBA,clinic,Trust Dental Clinic,dental_clinic,"Shankhamul Marga, Kathmandu 44600, Nepal",27.681998,85.33277249999999,1405.35
ChIJXaDqZQAZ6zkR0y7gsm5nHS0,clinic,Gairigaun Dental Home,dental_clinic,"M9R2+FGW, Shakti Vinayak Marg, Kathmandu 44600, Nepal",27.6912464,85.3513299,1406.23
ChIJFYNBg5UZ6zkRJHcd-yFrf1s,clinic,Nirvana Psychosocial Care Center & Research Institute,medical_clinic,"Ganesh Marga, Kathmandu 44600, Nepal",27.6818568,85.3330804,1410.83
ChIJscsI-bgZ6zkRhdrMPiZZky4,clinic,Setidevi Medicine Suppluers,medical_clinic,"M8PG+Q4P, Kathmandu 44600, Nepal",27.6870482,85.32535159999999,1411.84
ChIJxZb5IPoZ6zkRzrbxfUxVbB0,clinic,G.H. Medihealth Concern Pvt Ltd.,medical_clinic,"Kathmandu 44600, Nepal",27.6869596,85.3254049,1412.84
ChIJ0UqrUQAZ6zkRUi1IAT4D1Sg,clinic,Dr Janer Kurumbang,medical_clinic,"Shankamul Near, Bigmart, काठमाडौँ 44600, Nepal",27.6818135,85.3326273,1429.4
ChIJC3WyakoZ6zkRQnGqRtQFZeA,clinic,SkinDulge (Hair & Skin Clinic with Laser Services),medical_clinic,"Kathmandu 44600, Nepal",27.6870975,85.324968,1440.75
ChIJzxYze8AZ6zkRg_nIAqvy-jw,clinic,MEGA VISION,store,"M8JJ+MVC, Kathmandu 44600, Nepal",27.681684,85.332144,1459.14
ChIJgYgyNIYZ6zkR3pAPLDXSGUE,clinic,काठमाडौं मेडिकल कलेज शिक्षण अस्पताल फजियोथेरापी यूनिट,hospital,"M9W2+9RM, Sinamangal Rd, Kathmandu 44600, Nepal",27.6959739,85.35205789999999,1462.37
ChIJW8TbLQAZ6zkRRnUzuW4w-98,clinic,Unique Dental Art PVT.LTD,dental_clinic,"M8JR+C23, Sahyoginagar Marga, Kathmandu 44600, Nepal",27.6810039,85.3400267,1464.03
ChIJ-79_JQAZ6zkRXTK1IWlli8A,clinic,Dillibazaar DOTS Clinic,medical_clinic,"P84H+2MH, Dilli Bazaar Rd, Kathmandu 44600, Nepal",27.7050624,85.32922429999999,1472.68
ChIJY4It2HcZ6zkRGDtzoOXkF8M,clinic,Purna Chandra Diagnostic Centre Pvt. Ltd.,medical_clinic,"P84V+G4F, Kathmandu 44600, Nepal",27.7063237,85.342805,1474.88
ChIJdQCiPQAZ6zkRqv5E5BlYYbY,clinic,gaurimarg,dental_clinic,"M9Q2+477, Tinkune Marg, Kathmandu 44600, Nepal",27.6877938,85.35066959999999,1477.25
ChIJQe8dOwAZ6zkRHUrMIOhzT_A,clinic,Maa janaki international medical center pvt ltd,medical_clinic,"P82X+GXM, Kathmandu 44600, Nepal",27.7013311,85.3499068,1480.82
ChIJjU9I2IRLOaURSkxaeziWN34,clinic,Wisdom Care Dental Clinic,dental_clinic,"Tinkune, Kathmandu 44600, Nepal",27.6878166,85.3507443,1482.59
ChIJJaawCe8Z6zkReNL3hg0S55Q,clinic,General Physician,medical_clinic,"Bimala Sadan, Maiti Devi Marg, Kathmandu 44600, Nepal",27.7050559,85.32893299999999,1487.91
ChIJGaHlRAAZ6zkR5Cx2Cu8H4ek,clinic,Dr. Nepolian Timilsina – Sleep Psychiatrist in Kathmandu | Insomnia & Sleep Disorders Specialist,doctor,"Nepal Sleep Clinic & Headache Center Pipalbot, Kathmandu 44600, Nepal",27.7050731,85.3289487,1488.63
ChIJKUyrWX8Z6zkRbWOdAU95kfY,clinic,Dr. Ram Narayan Shah - Chest Specialist & Allergist,doctor,"Chest Clinic of Kathmandu & Allergy Center, Pipalbot Opposite of Radha Krishna Mandir, काठमाडौँ 44600, Nepal",27.7050679,85.3289085,1490.37
ChIJZdS4XJEZ6zkRkS3wQdqIdqI,clinic,Shankhamul Dental Care,dental_clinic,"M8JJ+HQC, Shankhamul Marga, Kathmandu 44600, Nepal",27.6814459,85.33189159999999,1492.76
ChIJYUJPHQAZ6zkR_EiyVcc8Fa8,clinic,Deep Talk Office,medical_clinic,"M8MG+GWQ, Lalitpur 44700, Nepal",27.6838089,85.3273959,1496.82
ChIJf8obhnUZ6zkREL6gq_P9UYM,college,Elite CA,university,"Devkota Sadak, Kathmandu 44600, Nepal",27.6943847,85.337261,48.66
ChIJ2btiRVIZ6zkRkZvdFcrVFcY,college,Roshan khadka,university,"31 Shree Panchakumari Marg, Kathmandu 44600, Nepal",27.6930928,85.33777979999999,104.15
ChIJV_FKPJIZ6zkRYW9qnvz5bFA,college,Florida H. S. School,secondary_school,"Lakhe Chaur Marg, Kathmandu 44600, Nepal",27.6942562,85.33626029999999,115.06
ChIJwSnvW5cZ6zkRTqRGXO12HyU,college,Steiner Kindergarten Waldorf Based International.Pre-school,preschool,"M8VQ+HC7, Kathmandu 44600, Nepal",27.693906,85.338555,115.84
ChIJBVgPwIwZ6zkRRugdXWQSo0Q,college,Everest Florida College,university,"51 Lakhe Chaur Marg, Kathmandu 44600, Nepal",27.6942835,85.3362607,115.92
ChIJ24OCjp4Z6zkRjZJOxupGnjA,college,Ambition Academy,school,"08 Phulchoki Mai Marg, Kathmandu 44600, Nepal",27.694762,85.33638619999999,132.39
ChIJq_4JcRwZ6zkRHDk1Oo8yXJU,college,Shubhashree College of Management,university,"Opposite to Eyeplex Mall, Kathmandu 44600, Nepal",27.6928631,85.3358951,190.4
ChIJd_baFpgZ6zkRMBdYdfPaQB0,college,Apollo International College AIC,university,"लाखेचौर मार्ग, Kathmandu 44600, Nepal",27.6947232,85.3354186,210.94
ChIJIccW8ZcZ6zkRHE6xZmWtyx0,college,एक्सल बिजनेस कलेज,university,"लाखेचौर मार्ग, Kathmandu 44600, Nepal",27.6941345,85.33493279999999,241.72
ChIJG4UVFZgZ6zkRWIoHEJwKyf4,college,Ambition College,university,"House No 70, Sahabhagita Marga, Kathmandu 44600, Nepal",27.6955639,85.3355239,255.35
ChIJh3KtsJAZ6zkRjMNilSthmPU,college,CIST College,university,"M8VR+82X, पञ्चकुमारी मार्ग, Kathmandu 44600, Nepal",27.6933541,85.3400985,276.0
ChIJPavX7RoZ6zkRX76ZdbZXlIY,college,Digital Udhyami,university,"Milan Chowk Marga, Kathmandu 44600, Nepal",27.695186,85.3398223,276.42
ChIJCwUFGAAZ6zkRfTqKdguxMrk,college,Ace Institute of Management New Building,university,"M8RQ+PP6, Ekta Marg, Kathmandu 44600, Nepal",27.6917917,85.3392533,303.56
ChIJla3iZ4QZ6zkR3fVkL6Ix8gg,college,Ace International Business School,educational_institution,"M8RQ+PP6, Ekta Marg, Kathmandu 44600, Nepal",27.6918125,85.33931249999999,305.33
ChIJixaz8L0Z6zkRpFU1GzguG4c,college,"Lakhechaur, Mid Baneshwore, Kathmandu",university,"M8VM+PJ2, Lakhe Chaur Marg, Kathmandu 44600, Nepal",27.6942664,85.33401789999999,332.77
ChIJSUiGxJAZ6zkRDqqHQx84yqw,college,International College of Hospitality Management,university,"New baneshwor -34, Sangam Chowk Marg, Kathmandu 44600, Nepal",27.692564,85.3403701,332.81
ChIJxe6U69UZ6zkRFx_Wpo6tbKc,college,ACCA at ArthaVidya Academy,educational_institution,"Puja Pratisthan Marg, Kathmandu 44600, Nepal",27.6970552,85.33700549999999,346.14
ChIJ5e4_YgYZ6zkRKoZBs8cdhSY,college,Imperial Business College,university,"Tar Gallli, Kathmandu 44600, Nepal",27.6926069,85.3341588,351.03
ChIJq2CXvL4Z6zkRUjwyKJke6X0,college,Glacier International School,university,"M8WP+WJ6, Siddhicharan Marg, Kathmandu 44600, Nepal",27.697282,85.3365039,379.33
ChIJafRaUAAZ6zkRzEDbOGNzP4A,college,Pathshala PreUni Block,university,"M8VM+M9X, लाखेचौर मार्ग, Kathmandu 44602, Nepal",27.694218,85.3335321,379.94
ChIJfX7Y0pYZ6zkRSnVLrdLPWx0,college,Ace Institute of Management,educational_institution,"M8RQ+8P4, Bibhuti Janak Marg, Kathmandu 44600, Nepal",27.6908953,85.33937619999999,393.39
ChIJp7XLDOEZ6zkRuZIper2KpF0,college,Star Boys College Of Technology,university,"M8RR+R86, Kathmandu 44600, Nepal",27.69203,85.3407666,396.53
ChIJywoxKAAZ6zkRUPCXlTGr-Ik,college,Hariyali chwok,university,"M8RQ+6HV, Minbhawan Marg, Kathmandu 44600, Nepal",27.6906023,85.3389306,403.37
ChIJI2IIkB0Z6zkRsLs5IJssAD8,college,Samaj School of Dentistry,university,"27.690721890629135, 85.33550692944658, Kathmandu 46000, Nepal",27.6906848,85.33556709999999,405.58
ChIJh6ouS58Z6zkRbrhq5TBZFYs,college,"Institute of Advanced Communication, Education, and Research (IACER)",university,"Bhakti Thapa Sadak, House No. 46/25 Kha, KMC- 10, काठमाडौँ 44600, Nepal",27.6905768,85.33544499999999,421.69
ChIJfd9gSswZ6zkRN-i3OIos1qM,college,NAMI COLLEGE bachelors block,university,"M8RQ+2JM, Ekta Marg, Kathmandu 44600, Nepal",27.6900881,85.3390557,461.07
ChIJATyHR5YZ6zkRzL1_b8b0xLk,college,Career Uplift,university,"M8RM+8P5, भक्ति थापा सडक, Kathmandu 44600, Nepal",27.6907703,85.3343678,462.34
ChIJNVuTfJUZ6zkR1ZfFFsJusHU,college,Holy Vision Technical Campus,university,"Thapagaun Marg, Kathmandu 44600, Nepal",27.691029000000004,85.3336338,492.2
ChIJJ-HqIS0Z6zkRBh9c38j4r58,college,Seed Financial Academy - New Baneshwor ( First Platinum Approved ACCA College),university,"Opposite to K & K College, चक्कु बक्कु गल्लि, काठमाडौँ 44600, Nepal",27.6901019,85.33476859999999,500.15
ChIJOzefpmnSXwwRz1uOeZEpL6k,college,Road of Digital Pvt. Ltd.,university,"Kathmandu 44600, Nepal",27.6906765,85.333719,513.06
ChIJd1YXSZEZ6zkRevZICokttEg,college,Uniglobe College – Nepal’s First Pioneer in MBA (Finance),university,"एन. के. सिंह मार्ग, Kathmandu 44600, Nepal",27.68984,85.339821,517.34
ChIJ4wjIc_4Z6zkRURi9kYQjkgo,college,Desi Boyz residency,university,"M8WV+643, Kathmandu 44600, Nepal",27.6954214,85.3424134,521.53
ChIJTX4xOwAZ6zkRNSFBfBNsmNU,college,Electronic department,university,"M8WV+23R, Milan Chowk Marga, Kathmandu 44600, Nepal",27.6951044,85.3426356,532.86
ChIJB5xH2wMZ6zkRoQTRrJn4_5Q,college,Durg CG vilage aaoge,university,"M8WV+23R, Milan Chowk Marga, asoga 44600, Nepal",27.6951044,85.3426356,532.86
ChIJ3Xf6ZC8Z6zkRlnqT4L9UsAQ,college,KTM tinkune,university,"M8RR+JR3, Kathmandu 44600, Nepal",27.6915196,85.3420486,533.78
ChIJ1aYf8MgZ6zkR5ajLYvWBPBg,college,HELP EDUCATIONAL CONSULTANCY,university,"Kathmandu 44600, Nepal",27.6915196,85.3420486,533.78
ChIJxQukdXMZ6zkR6RjOVJjRfOM,college,Aadesh jha,,"Kathmandu 44600, Nepal",27.6915196,85.3420486,533.78
ChIJER_ml3gZ6zkRAPIDsMYtkWg,college,Shantingar sano kharibot,university,"M8RR+JR3, Kathmandu 44600, Nepal",27.6915196,85.3420486,533.78
ChIJq6qaCr0Z6zkR87-nQIe6jLc,college,Metro College,university,"M8RM+G52, Bhaktithapa Rd, Kathmandu 44600, Nepal",27.6912578,85.3328842,534.99
ChIJx77AGZYZ6zkRxbm9rs2hjxM,college,K & K International College,university,"M8QM+RWG, चक्कु बक्कु गल्लि, Kathmandu 44600, Nepal",27.6895705,85.33484229999999,548.33
ChIJYxbYQJkZ6zkRDwUDibW5Nq8,college,Apex College by ING,university,"Devkota Sadak, Kathmandu 44600, Nepal",27.698955,85.337974,558.49
ChIJQ-MrIb0Z6zkRa7jvTJj6a2c,college,Kafka's Soft P. Ltd.,university,"M8VJ+4PV, Lakhe Chaur Marg, Kathmandu 44600, Nepal",27.6928719,85.3317849,564.01
ChIJl8VESDUZ6zkRkzaNL1QOsZ4,college,Purwanchal University Contact Office,university,"M8XQ+HCQ, Unnamed Road, Kathmandu 44600, Nepal",27.6989615,85.33859609999999,568.88
ChIJB9bVBRwZ6zkRME0RSWnydRc,college,Global Academy of Hospitality and Professional Studies,university,"M8XP+JHP, Prawachan Marg, Kathmandu 44600, Nepal",27.699091,85.336448,577.87
ChIJTc4AOwAZ6zkRUk5N3L40SpQ,college,Ankita,university,"M8RR+9W7, Chautari Galli, Kathmandu 44600, Nepal",27.6909147,85.3423116,591.97
ChIJc1Jyw5sZ6zkRRpas4f2rNyI,college,Kantipur College of Management and Information Technology,university,"Basuki Marg, Kathmandu 44600, Nepal",27.6985003,85.3407015,601.52
ChIJ67mLUgcZ6zkRSpGDHf0304k,college,Kathmandu School of Medical Technology,university,"M8RJ+MPC, Pashupati Sadak, Kathmandu 44600, Nepal",27.6916966,85.33175659999999,608.19
ChIJme6pMgcZ6zkRnPTefUAmc5o,college,Global College International,university,"Devkota Sadak, Kathmandu 44600, Nepal",27.6991859,85.33941,614.5
ChIJGwJ21Emtt4cRg1Ka9fHyeZQ,college,Cubicles Reading Space - Best Reading Room in Kathmandu,educational_institution,"Spa Swimming Pool, Sangam Chowk Marg, Kathmandu 44600, Nepal",27.6925837,85.3434731,619.12
ChIJqaLbkwMZ6zkRABoHH8GHeaU,college,NCTTM Proposed Building,university,"Puja Pratisthan Marg, Kathmandu 44600, Nepal",27.6979196,85.3329103,622.5
ChIJ_Twn1s8Z6zkR9BO2OPqrtas,college,Home,university,"M8WV+88H, Kathmandu 44600, Nepal",27.6957996,85.3433568,622.99
ChIJY8WJ4psZ6zkRqs--NfZyhw0,college,Global College Of Business And Economics,university,"Mid-Baneshwar, Kathmandu, M8XQ+PRC, काठमाडौँ 44600, Nepal",27.699302,85.339518,630.2
ChIJO5ZBInMZ6zkRhduHfHlg_yY,college,Aviotrace Nepal School of Technology,university,"M8XP+RG7 Pipalbot, mid, काठमाडौँ 44600, Nepal",27.6995625,85.33631249999999,631.77
ChIJvcxfjKUZ6zkRDKTT5coYHoA,college,Global College A Levels,educational_institution,"Mid, Kathmandu 44600, Nepal",27.6998559,85.3384961,664.74
ChIJi9i7RKgZ6zkRJccGQOM7RnY,college,Certified College of Accountancy (CCA) – 𝗡𝗲𝗽𝗮𝗹'𝘀 𝗳𝗶𝗿𝘀𝘁-𝗲𝘃𝗲𝗿 𝗕𝗹𝗲𝗻𝗱𝗲𝗱 𝗣𝗹𝗮𝘁𝗶𝗻𝘂𝗺 𝗔𝗽𝗽𝗿𝗼𝘃𝗲𝗱 𝗟𝗲𝗮𝗿𝗻𝗶𝗻𝗴 𝗣𝗮𝗿𝘁𝗻𝗲r,university,"Thapagaun, Kathmandu (200m, ahead of Bhatbhateni, काठमाडौँ 44600, Nepal",27.6919151,85.33089869999999,677.43
ChIJyW-vGpsZ6zkRs42O2KfhVUQ,college,स्कूल अफ जियोम्याटिक्स,university,"Basuki Marga Sinamangal Rd, Kathmandu 44600, Nepal",27.6979338,85.3426388,680.67
ChIJJ-wX_ZUZ6zkRu3ca_WxBGtU,college,Aims Institute,university,"M8QM+7XC, Kathmandu 44600, Nepal",27.6881816,85.3348809,688.03
ChIJtynIC5sZ6zkRDMEV4crtZQI,college,Global College of Management,educational_institution,"P82Q+7W8 Mid, Kathmandu 44600, Nepal",27.7000212,85.3388052,688.43
ChIJxUD7U5wZ6zkROlZQtzgUadU,college,College of Development Studies (CDS),university,"M8XR+9VR, Basuki Marg, Kathmandu 44600, Nepal",27.6984919,85.34214639999999,688.59
ChIJi-WsVBIZ6zkRsfNiU4tK_80,college,FinT Learning Hub Pvt. Ltd.,educational_institution,"Kathmandu 44600, Nepal",27.6880462,85.33507999999999,695.49
ChIJNxdtQLkZ6zkR9oY_DyyKNrE,college,Presidential Graduate School | Premium American Degree in Nepal,university,"Bhaktithapa Rd, Kathmandu 44600, Nepal",27.6919575,85.3306748,696.72
ChIJhwah6pMZ6zkRMAv5ewexiAo,college,Loknath,university,"New Baneshwor Bus Stop, M8QP+4F4, मदन भण्डारी रोड, काठमाडौँ 44600, Nepal",27.6877653,85.33620169999999,698.52
ChIJt2e55pUZ6zkRMxzp0ztQoco,college,CCMA,university,"M8QP+54G, शंखमुल मार्ग, Kathmandu 44600, Nepal",27.68794,85.335329,699.19
ChIJ09CtkMwZ6zkRQl6yzdcyc_U,college,Easy Institute,university,"M8WV+7RC, Katyani Marg, Kathmandu 44600, Nepal",27.695686100000003,85.3445117,727.92
ChIJ7U7YgTkZ6zkRL286jR06UQc,college,Mentor korean institute,university,"Kathmandu 44600, Nepal",27.6874169,85.3366784,730.83
ChIJo7rD2jQZ6zkRl5lmhWfVmkg,college,Seekshya Academy | ACCA College in Nepal,educational_institution,"Near Civil Hospital, Baneshwor, 5th Floor, काठमाडौँ 44600, Nepal",27.6873959,85.3380887,733.22
ChIJzRojzpkZ6zkRTf9q8ZGSKaI,college,SAIM College,university,"Devkota Sadak, Kathmandu 44600, Nepal",27.7004611,85.33909919999999,742.44
ChIJDZunL5sZ6zkReRLMHmDiElo,college,Kamal Netra Chuna Muna School,university,"31 Pragya Marg, Kathmandu 44600, Nepal",27.6974398,85.343831,743.72
ChIJRyWl_P0Z6zkRf955Jmv7pyM,college,Koteswwor multiple campus,university,"M8PP+VQ2, Kathmandu 44600, Nepal",27.6871914,85.33689179999999,754.17
ChIJpQYpTb0X6zkR5ZgVFWIAHUk,college,Nepal Mountain Academy,university,"M8VH+2W5, Kathmandu 44600, Nepal",27.6925051,85.3298715,756.76
ChIJC87KJ5UZ6zkR7ylmS3zsD4I,college,Milton International College,university,"मिन भवन मार्ग, Kathmandu 44600, Nepal",27.6875904,85.33454809999999,761.17
ChIJR7soTwIZ6zkRn_gdTEg4xbA,college,Tesla Booster Academy - TESLA BRIDGE COURSE,university,"Techspire College, Kathmandu 44600, Nepal",27.6874421,85.3349599,762.92
ChIJJ7zjWqMZ6zkRUPz7vvvkWOk,college,Madan Bhandari Memorial College,university,"Rudmatti Marg, Kathmandu 44600, Nepal",27.6948004,85.3296471,767.07
ChIJr0cy5CgZ6zkRIMED2wKwLiY,college,"Gurukul CA Institute, Baneshwor",university,"M8PQ+Q3H, Kathmandu 44600, Nepal",27.6870493,85.3377381,769.24
ChIJiYaFBs4Z6zkRRg2WO0fx_cg,college,Sudip's Room,university,"M8XM+R4J, Kathmandu 44600, Nepal",27.699584800000004,85.3327729,772.61
ChIJl6ftHwAZ6zkRo-xUKBuXVRA,college,Tech AI College,university,"M8PV+652, Kathmandu 44600, Nepal",27.6869781,85.3370815,776.91
ChIJzwStG0gZ6zkR1C9gZMjXrPU,college,V. S. International College,university,"M8PQ+Q42 Minbhawan, Kathmandu 44600, Nepal",27.68688,85.3377709,788.2
ChIJhY0VR5QZ6zkRKkuLeSqBfms,college,Nova International College,university,"मिनभवन मार्ग, Kathmandu 44600, Nepal",27.686879,85.337767,788.29
ChIJdTgvA74Z6zkRf5drj1BQHPE,college,Liverpool Int´l College,university,"Kathmandu 44600, Nepal",27.6873419,85.3345069,788.4
ChIJyb1-L5sZ6zkROsn-9debvZo,college,Modern Kanya College,university,"M8XV+5JJ, Kathmandu 44600, Nepal",27.6979671,85.3440019,789.67
ChIJpShYFwAZ6zkRirCHBMv1SVY,college,Maharishi College,university,"M8PP+R2X, Kathmandu 44600, Nepal",27.6871213,85.3351228,792.24
ChIJlRlHOjgZ6zkRpSnHqtPshWY,college,Stamford College Kathmandu,university,"Kathmandu 44600, Nepal",27.6889127,85.34306029999999,792.32
ChIJgYbzxJwZ6zkRRHJvABTfQFQ,college,NCA College of Management - PLATINUM ACCA College in Nepal,university,"M8PQ+M22 Anup Marga, Ekta Marg, Kathmandu 44600, Nepal",27.6866915,85.3374537,808.25
ChIJo499uZkZ6zkRNDS6fVIkZ7g,college,Kathmandu Merryland College,university,"Anup Marg, Kathmandu 44600, Nepal",27.6866867,85.3374597,808.79
ChIJqx5uQZQZ6zkRHhZ5hvKrpwo,college,Asian College of Management & Technology,university,"M8PQ+M5H, मिनभवन मार्ग, Kathmandu 44600, Nepal",27.686692,85.33797,810.25
ChIJEXndgJIZ6zkRmodoCtaY_hc,college,Lincoln Academy of Culinary and Hospitality Management,educational_institution,"Mitra Park, Charu Marg, Kathmandu 44600, Nepal",27.7011433,85.33584139999999,812.98
ChIJpYWjdQAZ6zkRhmpScsuc-vc,college,Le professionnel school of hotel management,university,"M8PQ+M22, Kathmandu 44600, Nepal",27.6866407,85.3375033,813.96
ChIJ4av47eEY6zkReudLZfagRWQ,college,SB Computer,university,"Kathmandu 44600, Nepal",27.6867505,85.33531760000001,826.98
ChIJpdipEWYZ6zkRUuoqlMn_wd0,college,Gautam rajbhar,university,"Kathmandu 44600, Nepal",27.6960671,85.3293011,829.2
ChIJH1CYIAAZ6zkR-TptvC-JHK4,college,Nardevi ayurvedic campus,university,"M8RH+QMV, Kathmandu 44600, Nepal",27.6919878,85.3291794,836.66
ChIJe5OBl_IZ6zkRhTsnNLa6g8U,college,Chakrabarti Habi Education Academy College of Law,university,"M8RH+JFC Bijulibazar, Kathmandu 44600, Nepal",27.6913744,85.3293836,838.16
ChIJVxl07QYZ6zkRdpgp3i07PHc,college,Chakrabarti College of English Language and Literature,university,"M8RH+GQ2, Bijuli Bajar Bridge, Kathmandu 44600, Nepal",27.6912628,85.32937659999999,843.14
ChIJa9QUTZQZ6zkRIIptzGLwomw,college,CG Institute of Management,university,"M8PP+GQH, मिनभवन मार्ग, Kathmandu 44600, Nepal",27.686321,85.336973,850.36
ChIJWV6eKbwZ6zkRcZa1IeTiKVA,college,Kantipur International College,university,"M8QJ+FG2, Kathmandu 44600, Nepal",27.6883053,85.3313349,865.8
ChIJcUwzqaQZ6zkRPKjlCjewPZo,college,Liberty College,university,"M8VH+RF7, हनुमानस्थान मार्ग, Kathmandu 44600, Nepal",27.6944171,85.3285052,875.26
ChIJDx-VvpcZ6zkRNYUYtqwckHU,college,Shepherd College,university,"Kathmandu 44600, Nepal",27.6890906,85.3444154,879.2
ChIJEekUCqgZ6zkRSy85uidZybs,college,Liberty Academic Network,university,"Unnamed Road Kathmandu 44600, काठमाडौँ 44600, Nepal",27.6938505,85.3283926,884.95
ChIJ0dy8rL4Z6zkRplkWUPazQNU,college,Karnali Academy of Health Sciences contact office,university,"P82P+M2F, Rudra Mati Marg, Kathmandu 44600, Nepal",27.7016923,85.3350358,890.23
ChIJn_I6Zp8Z6zkRa0aER-KsIMo,college,Mid-Western University Liasion Office,university,"P82M+MXR, पुतलीसडक, Kathmandu 44600, Nepal",27.7017378,85.334903,898.58
ChIJSc0cv6wZ6zkRxmtzNTuYlSI,college,Kathmandu National College,university,"Kritimarg, Koteshwor-32, काठमाडौँ 44600, Nepal",27.686117,85.3348903,905.9
ChIJ4zSvPpIZ6zkRUCr-mmXi_io,college,Glacier HS School/College,university,"Alok Nagar Marg, Kathmandu 44600, Nepal",27.6875088,85.34305210000001,909.1
ChIJAU9GhZUZ6zkRW-Ha6oDLsck,college,Columbus HSS & College,university,"M8PM+CXJ, शंखमुल मार्ग, Kathmandu 44600, Nepal",27.686081,85.334896,909.6
ChIJsSFQ-KUZ6zkRgXqy0-qFbds,college,HIST MASTER,university,"M8PM+CXJ, शंखमुल मार्ग, Kathmandu 44600, Nepal",27.6860595,85.3349592,910.26
ChIJ1UxFiJwZ6zkR7R582CVUdqY,college,National Academy for Medical Sciences,educational_institution,"सुर्य बिकर्‍म ज्ञवाली मार्ग, Kathmandu 44600, Nepal",27.7012184,85.3419419,923.65
ChIJcQjZYZwZ6zkRKgwUkd0_v2U,college,Thames International College,educational_institution,"सुर्य बिकर्‍म ज्ञवाली मार्ग, Kathmandu 44600, Nepal",27.701392,85.3419578,941.31
ChIJLR_0v5UZ6zkRN1_eGVAIuTk,college,Prime Chartered Academy,university,"Kirti Marg, Kathmandu 44600, Nepal",27.6857427,85.3350087,943.08
ChIJb9phFn8Z6zkRQ5pIP2-xSqM,college,Shikhar International College,university,"Kriti marg, Kathmandu 44600, Nepal",27.6857435,85.3350042,943.1
ChIJfTJPp54Z6zkRh8FmyqP_eOo,college,New Summit College,university,"M8RR+JR3, Kathmandu 44600, Nepal",27.6874749,85.3435824,944.95
ChIJfQpyg5UZ6zkRosAHgd_R-8M,college,Click International College,university,"M8PM+7WP, शंखमुल मार्ग, Kathmandu 44600, Nepal",27.685717,85.334822,950.55
ChIJPzFqyQ0Z6zkRcrokVcBFPto,college,"मीनभवन भवन परिसर, नेपाल कमर्स क्याम्पस",university,"M8PQ+767, Minbhawan Marg, Kathmandu 44600, Nepal",27.6853904,85.3374941,952.96
ChIJ31bYgWoZ6zkRiuyZ8qKgbj0,college,"Youth Red Cross Circle, Nepal Commerce Campus",university,"Minbhawan Marg, Kathmandu 44600, Nepal",27.6853682,85.3373568,955.37
ChIJsxNYbbsZ6zkRC0l-Z5maOdg,college,Nepal Mega College,educational_institution,"M8RH+M66, Daphe Marga, Kathmandu 44600, Nepal",27.6916607,85.3280037,957.92
ChIJuY35A44Z6zkR71DiCOgMC9o,college,"Shree College of Management,",university,"Alok Tara Marg, Kathmandu 44600, Nepal",27.6916607,85.3280037,957.92
ChIJ6wV5QFoZ6zkRnhc4t_QmbXY,college,Society FinTech,university,"Kathmandu 44600, Nepal",27.6974437,85.3284314,962.43
ChIJQwgIIwAZ6zkRjQ5s-7XpbHY,college,Glacier International college,university,"M8QV+7V8, Kathmandu 44600, Nepal",27.688153,85.3447023,967.84
ChIJleyB8ZYZ6zkR7OeJ_9B0J7w,college,Sambal Academy,university,"M8PM+F3R, Kathmandu 44600, Nepal",27.6862495,85.33265349999999,975.53
ChIJKzeYjrYZ6zkRHM31USilvLI,college,YETI COLLEGE,university,"Shram Marg, Kathmandu 44600, Nepal",27.68755,85.3303617,992.74
ChIJ06KlbZIZ6zkRGiv6GI7XOws,college,Nepal Education Campus,university,"M8PV+QHR, Kathmandu 44600, Nepal",27.6869751,85.3438954,1007.36
ChIJrZ8lRgAZ6zkRQwvYN_627O8,college,Kshitij,university,"M8XW+M96, Sinamangal Marg, Kathmandu 44600, Nepal",27.6991566,85.3458848,1017.36
ChIJR10JcpIZ6zkRv_b9nXGr2us,college,Bagmati Community Campus,university,"M8PV+QJ2, Kathmandu 44600, Nepal",27.686896,85.34400169999999,1020.81
ChIJpdxRRAAZ6zkRF9dtdoPGMVY,college,Meahe budha,university,"P82R+XHP, Kathmandu 44600, Nepal",27.702465600000004,85.34145579999999,1027.39
ChIJqzlbvjMZ6zkRDIDO6HUChQQ,college,Chabahil,university,"P82R+XHP, Kathmandu 44600, Nepal",27.7024657,85.34145579999999,1027.4
ChIJ_zYyZZMZ6zkRml6d57QLj3Y,college,सान्त्वना कलेज,university,"अालोक नगर मार्ग, Kathmandu 44600, Nepal",27.6850421,85.3401233,1027.75
ChIJXbx-qr8Z6zkR25ZcrrlZbOw,college,Sakshyam boys hostel,university,"P82J+C69, Dilli Bazaar Rd, Kathmandu 44600, Nepal",27.701025,85.3306009,1030.83
ChIJmz4dXJIZ6zkRY9nFHlGuuPw,college,Theravada Buddhist Academy,university,"Minbhawan Marg, Kathmandu 44600, Nepal",27.686155300000003,85.34308,1033.5
ChIJOfhEq6AZ6zkRkrQ5Ei5J0CE,college,YETI International College,university,"Shram Marg, Kathmandu 44600, Nepal",27.6874563,85.32981500000001,1038.16
ChIJnYsc8LsZ6zkRybiJ4G7vivs,college,COUNSELLING PSYCHOLOGY COLLEGE,university,"M8QH+H9H, रुद्र्मती मार्ग, Kathmandu 44600, Nepal",27.688926,85.3284989,1038.24
ChIJn4P0-YQZ6zkRKJ2bbR6aQF4,college,Nobel College,university,"Sinamangal Rd, Kathmandu 44600, Nepal",27.6981299,85.34693299999999,1048.62
ChIJZXtxCS0Z6zkRoIlpQZ3JBG8,college,Sashaula,university,"M8MR+W2G, Kathmandu 44600, Nepal",27.6848143,85.34006939999999,1050.87
ChIJ746ljDUZ6zkRzr9ciNiG31U,college,Premier College New Baneshowr +2,university,"M8PV+75X, Kathmandu 44600, Nepal",27.6857376,85.3429973,1068.56
ChIJ4a9w6bsZ6zkRnJe_wWXXCo4,college,King's College Nepal,educational_institution,"बबरमहल, Kathmandu 44600, Nepal",27.6890512,85.3279961,1073.12
ChIJ-5kFxL4Z6zkRTlYCb8aQC1U,college,Kathmandu Columbus School,university,"M8PJ+H5M, भावना मार्ग, Kathmandu 44600, Nepal",27.6864716,85.330429,1077.84
ChIJ176tAWwZ6zkRZi_NnuQEJhE,college,Management Building,university,"P83R+79Q Wisdom Tower, Trikuti Colony, Kathmandu 44600, Nepal",27.703213,85.3409688,1087.86
ChIJO-T1zNkZ6zkRr3reSIty-WI,college,Pylon Academy Chitwan,university,"Bharatpur-20, Chitwan, काठमाडौँ 44600, Nepal",27.68597,85.34391690000001,1097.08
ChIJ____D6EZ6zkR-Ytlw78VEOI,college,Nagarik College,university,"-2, Shastri Marg, गैंडाकोट 33000, Nepal",27.7021237,85.3310673,1100.14
ChIJTU85Xf0Z6zkRV1348lIvvwg,college,Rahul G.C,university,"P82J+RCW, Kathmandu 44600, Nepal",27.7021237,85.3310673,1100.14
ChIJ2bozyYcZ6zkRWsX1e46SFz8,college,GoldenGate International College,university,"Wisdom Tower, Trikuti Colony, Kathmandu 44600, Nepal",27.7036136,85.34021469999999,1109.12
ChIJWeWQd4MZ6zkRGAjLc14CU8Q,college,LiviTech Pvt. Ltd,university,"M8PJ+4M8, Kathmandu 44600, Nepal",27.6852831,85.33169219999999,1115.58
ChIJE55Z5LsZ6zkRpefvMTvuNlA,college,Kadambari Memorial College,university,"Shram Marg, Kathmandu 44600, Nepal",27.6872028,85.32897129999999,1118.03
ChIJqyhhTLkZ6zkRDdAxiH_Jy7Y,college,सामाजिक कार्य को नेपाल स्कूल,university,"M8PH+VH4, श्रम मार्ग, Kathmandu 44600, Nepal",27.6871363,85.3289593,1123.89
ChIJR8MuPeIZ6zkRly6_Pm04x5w,college,V.S. Niketan College,university,"M8PV+6GG, Kuleshwor Awas Sadak, Kathmandu 44600, Nepal",27.6855682,85.3438132,1127.8
ChIJS1RjF-_XKqwRpzVXn_ulcms,college,Skill Spark | Best IT training institute in Kathmandu,,"6th Floor, Shankhamul Tower, शंखमुल मार्ग, Kathmandu 44600, Nepal",27.6841453,85.3333688,1160.61
ChIJ9-vpc9cb6zkRIHaD5Na21xU,college,NextLevel Skills,,"Shankhamul Marga, Kathmandu 44600, Nepal",27.6841381,85.3333761,1161.12
ChIJkUYpm44Z6zkRj3ffTEwMNbA,college,Baneshwor Multiple Campus,university,"Kathmandu 44600, Nepal",27.6891378,85.3479432,1170.13
ChIJr0h2AGQZ6zkRUZ42ldGiFyU,college,Golden Gate International College White wing,university,"P83R+J88, Jyoti Marg, Kathmandu 44600, Nepal",27.7040411,85.340841,1171.61
ChIJNy9XkA8Z6zkRqPHJKj4rvHk,college,Kaajiko Kitchen,university,"310 Battisputali Rd, Kathmandu 44600, Nepal",27.704069200000003,85.3409609,1178.08
ChIJKyIa6L8Z6zkRxKU-kJtq8bE,college,Gyan Niketan H. S. School,secondary_school,"शंखमुल मार्ग, Kathmandu 44600, Nepal",27.683881000000003,85.333592,1181.17
ChIJU4gD5r8Z6zkRlpOs_1yjQ8E,college,Medhavi College (मेधावी कलेज),university,"M8PJ+4M8, शंखमुल मार्ग, Kathmandu 44600, Nepal",27.6836147,85.3338165,1202.66
ChIJuRfh8NUZ6zkRwIWHJOWi9Rg,college,Wepro Technology Pvt. Ltd.,university,"Bagmati, Kathmandu 44600, Nepal",27.6864391,85.3463252,1214.53
ChIJE32CEKgZ6zkRiQaU7hto8ew,college,Human Resource Development And Research Institute,university,"Samiti Marga, Kathmandu 44600, Nepal",27.6899738,85.32577549999999,1225.53
ChIJR0lEiNYZ6zkRfASy1XJFdJY,college,WELHAMS GROUP OF INSTITUTIONS,university,"M8PH+J54, Kathmandu 44600, Nepal",27.6866641,85.3280179,1227.95
ChIJi0b_upkZ6zkRFpDtGUotYq0,college,Welhams College,university,"M8PH+M5G, Kathmandu 44600, Nepal",27.6866366,85.3280041,1230.99
ChIJHYDq14UZ6zkRWBiYNRF6Ezk,college,Central College,university,"M8WX+RQR, Sinamangal Rd, Kathmandu 44600, Nepal",27.6971178,85.34937649999999,1232.21
ChIJGxehLPgZ6zkRy6YqW1F8dAU,college,Reliable College | Cheapest BBA MBA in Kathmandu Nepal,university,"Raja Janak Marg, Kathmandu 44600, Nepal",27.6874952,85.34765709999999,1241.23
ChIJMxN2nrwZ6zkR5HvhHEQkSs4,college,फिनिक्स कलेज अफ म्यानेजमेन्ट,university,"Maitidevi, Kathmandu Maitidevi Chowk, Kathmandu 44600, Nepal",27.7041375,85.3321023,1245.27
ChIJ9cPoyw0Z6zkRTzYrWifimvg,college,Room,university,"M8QG+CG3, Kathmandu 44600, Nepal",27.6885048,85.32630789999999,1247.55
ChIJbTyvLMwZ6zkR-h_TK_gWmPQ,college,CONSCIOUS ENLIGHTENED,university,"M8PW+246 Tinkune, Kathmandu 32, Nepal",27.6850439,85.345278,1260.02
ChIJP2qywKYZ6zkRBjslqB_4stk,college,PRESTIGE COMPUTER TRAINING CENTER,university,"बिरेन्‍दर्‍ मार्ग, Kathmandu 44605, Nepal",27.7018968,85.3281968,1263.44
ChIJSTUC4MMZ6zkRqRbO8pu2fbI,college,Universal College,university,"P83J+QWF, Kathmandu 44600, Nepal",27.704438900000003,85.33230859999999,1267.67
ChIJaXyuEMkZ6zkRtKoW2qD38Fk,college,New baneshwor,university,"M8MW+X39, Sudidhanagar Marg, Kathmandu 44600, Nepal",27.6849027,85.3452428,1270.3
ChIJz____w8Z6zkRjfSHQGz9ec0,college,Padmashree College,university,"Tinkune, Kathmandu 44600, Nepal",27.6872402,85.34783580000001,1272.06
ChIJz1kKJQAZ6zkRFY2QkHpfU0U,college,Kathmandu national media college,university,"Kathmandu 44600, Nepal",27.7014816,85.3275462,1279.4
ChIJxTRmbo0Z6zkRlyuEyLWnHOQ,college,College of IT & Engineering,university,"Subhidanagar, Tinkune 32, Kathmandu 44600, Nepal",27.6846805,85.34525649999999,1290.78
ChIJfWy9-YsZ6zkRT9qe3z0Z6bk,college,ISMT College,university,"M8QX+FR9, Sairam Marg, Kathmandu 44600, Nepal",27.6887343,85.3491138,1293.2
ChIJC_hI8b8Z6zkR95qgef5djrI,college,Laligurans Rastriya College (LRC),university,"M8MM+49V, Shankhamul Marga, Kathmandu 44600, Nepal",27.6828687,85.33341659999999,1293.56
ChIJfS71EIMZ6zkRqwL01M9oLFA,college,Orchid International College,university,"Maiti Nepal - Bijay Chowk, Prayag Marg, Kathmandu 44600, Nepal",27.7022808,85.3465647,1293.73
ChIJl4aJnkAZ6zkRHJV8OAjqUAg,college,Kathmandu Multiple College,university,"P83V+Q74, सुर्य बिक्रम ज्ञवाली मार्ग, Kathmandu 44600, Nepal",27.704391,85.3432127,1294.24
ChIJAQAAaY0Z6zkRljGCZgEagIs,college,Center For Innovative Technology,university,"M8MW+R54, Shri Ganesh Marg, Kathmandu 44600, Nepal",27.6845006,85.3454395,1317.6
ChIJuQVEGwAZ6zkR6wN4oWeKLO0,college,Divya College,university,"M8PW+5MG Tinkune, Kathmandu 44600, Nepal",27.6854453,85.3467146,1319.52
ChIJA5dFabUZ6zkROVFb6hL8q0M,college,Kaicho Group,university,"Dunggedhara Near GVS School, काठमाडौँ 44600, Nepal",27.682129,85.33616409999999,1320.98
ChIJzRojzpkZ6zkR4oMJw1c4d-8,college,Sunway College Kathmandu,university,"P84M+7QG, Maiti Devi Marg, Kathmandu 44600, Nepal",27.7055835,85.3343087,1327.37
ChIJPyXWDoMZ6zkR06v0XNvT5P0,college,Shikshantar College,university,"P82W+XPQ, Kathmandu 44600, Nepal",27.7024684,85.3468652,1329.34
ChIJpc-lzaAZ6zkRe5jyWa3Sng8,college,Sagarmatha College,university,"Dilli Bazaar Rd, Kathmandu 44600, Nepal",27.703664,85.3293518,1337.55
ChIJ49Yh9fQZ6zkRpWGYczsNark,college,"LBEF CAMPUS, 1st IT College of Nepal",university,"Top IT College in Nepal Opp. Maitidevi Temple, काठमाडौँ 44600, Nepal",27.7054986,85.3334472,1340.18
ChIJbRHQW4wZ6zkRNB_Er43fJpc,college,Pentagon Int'l College,university,"M8PX+G6C, Madan Bhandari Rd, काठमाडौँ 44600, Nepal",27.6863192,85.34801420000001,1348.39
ChIJY8TiRTkZ6zkRbH7Qd1KLLTs,college,"Modern Higher Boarding School,bhaktpur",university,"M9V2+8CG, Kathmandu 44600, Nepal",27.6933098,85.3510656,1349.38
ChIJq6pqNL8Z6zkR7hq2HDMM7_Q,college,SV College,university,"M8MH+JPH, Kathmandu 44600, Nepal",27.6840529,85.3293714,1354.75
ChIJDVNZeUsZ6zkRO3bOYEIbi6U,college,"The London College, Kathmandu",university,"M8PX+H4W Tinkune, Kathmandu 44600, Nepal",27.6862569,85.3480789,1357.7
ChIJn9bepUIZ6zkRxq27tzE9F3Q,college,AVS College,university,"Kathmandu 44600, Nepal",27.6911996,85.3508366,1360.0
ChIJucicIYkZ6zkR9h1eJWZsCGQ,college,Yala Peak College Of Business Management,university,"M9R2+H9W, शक्ति विनायक, Kathmandu 44600, Nepal",27.6915,85.350943,1363.11
ChIJtaZqOQAZ6zkRvrAnbC8vLDs,college,Dream skills assessment,university,"M8QF+9V9, Rajesh Marg, Kathmandu 44600, Nepal",27.6884048,85.3247437,1389.06
ChIJb_A0Ap8Z6zkR23CDQX-HXwg,college,Orchid College of Management and Technology,university,"478/116 Ward No. 9 Ganga Laxmi Marga, Kathmandu 44600, Nepal",27.7020384,85.3482505,1397.25
ChIJwdfYC6AZ6zkRI4BmBLclEuA,college,Lord Buddha Education Foundation- LBEF College (The First IT College of Nepal),university,"P84M+9CH, Maiti Devi Marg, Kathmandu 44600, Nepal",27.706127,85.3332587,1412.44
ChIJD4CCpqcZ6zkRE8f42kSpM5s,college,Platinum Management College,university,"Kalika Marg, Kathmandu 44600, Nepal",27.7026169,85.3263011,1454.76
ChIJv2Xcj7AZ6zkR8Cw8xCQLQ-I,college,Polygon college,university,"Babarmahal-11, Kathmandu 44600, Nepal",27.6900839,85.3232578,1455.72
ChIJObduJgAZ6zkRMNkgjuU8AWU,college,Panchthar hostel,university,"P84Q+VGV, Rudranagar Marg, Kathmandu 44600, Nepal",27.7072413,85.3387831,1483.26
ChIJI7Fnbl0Z6zkRv8Lueiwm8mY,college,Kumar Basnet,university,"P84V+J24, Battisputali Rd, Kathmandu 44600, Nepal",27.7065026,85.3425675,1485.24
ChIJ___P84IZ6zkRky3vd_yLmTM,college,Pyramid International College,university,"P83W+RP6, Bhim Nidhi Tiwari Marg, Kathmandu 44600, Nepal",27.704525200000003,85.3467715,1495.01
ChIJgTIzT40Z6zkRlvI4SE08t8g,college,Himalayan White House Int´l College,university,"Subidhanagar, Tinkune-32, M8MW+7HH Kathmandu, काठमाडौँ 44600, Nepal",27.683490400000004,85.34691389999999,1495.49
ChIJa3h01ZkZ6zkRoi01Mm2lenI,hospital,Bharosa Hospital Pvt.Ltd,hospital,"Devkota Sadak, Kathmandu 44600, Nepal",27.694354,85.3370236,56.13
ChIJMcjpHgAZ6zkRvs__8mONlI0,hospital,Bharosa Pharmacy,medical_center,"M8VP+PV9, Kathmandu 44600, Nepal",27.6946324,85.337125,78.87
ChIJ59ZvUQAZ6zkRWZyLwnN-9Ys,hospital,Phoenix pharmacy,medical_center,"M8VP+4P6, Shree Panchakumari Marg, Kathmandu 44600, Nepal",27.6927825,85.3367748,143.85
ChIJ1asVtJkZ6zkR9RXhXEIPn2c,hospital,Pulse Neuro Center,hospital,"Mid-baneshwar, M8WP+CV6, काठमाडौँ 44600, Nepal",27.6960428,85.33713929999999,232.81
ChIJ87x4tJkZ6zkRyIOipIfXHKs,hospital,Pulse Health Care & Diagnostics Pvt Ltd,hospital,"M8WP+CRQ, Kathmandu 44600, Nepal",27.6960968,85.33709379999999,239.27
ChIJEwyKQBIZ6zkRm92GqDAc8O8,hospital,CAMS (Center for American Medical Specialists),medical_center,"M8RR+JR3, Jana Sahayogi Marga, Kathmandu 44600, Nepal",27.6911874,85.3373823,308.3
ChIJrwLYU5YZ6zkRBRVcNH-Ke_I,hospital,universal polyclinic pvt ltd,hospital,"M8RP+9HM, Bibhuti Janak Marg, Kathmandu 44600, Nepal",27.6909683,85.33643719999999,345.37
ChIJC6lrBA4Z6zkR4CVc28V7HaI,hospital,Samaj Dental Hospital,hospital,"M8RP+9J7, Bibhuti Janak Marg, Kathmandu 44600, Nepal",27.6909243,85.3365381,347.58
ChIJUc_MCZkZ6zkRtfQ6ywdfah8,hospital,Venus Hospital,hospital,"M8WQ+V3G, Devkota Sadak, Kathmandu 44600, Nepal",27.6972168,85.33765179999999,363.13
ChIJpfaJKZoZ6zkRQsn77JGj1VE,hospital,Meditrust Pharmacy,hospital,"M8WQ+QRG, Kathmandu 44600, Nepal",27.696927,85.3395693,394.09
ChIJzcMpGAAZ6zkRl_QiA2Xa4kc,hospital,Panini Ayurved Pharma,medical_center,"M8RM+8WJ, भक्ति थापा सडक, Kathmandu 44600, Nepal",27.6908333,85.3347536,433.3
ChIJM80qZgAZ6zkRSduH7V5p1go,hospital,New Baneshwor,hospital,"M8RR+JFC, Kathmandu 44600, Nepal",27.6916627,85.3409531,434.76
ChIJ1Roh3l8Z6zkRRQ4FnQyXqBE,hospital,ismile dental clinic,hospital,"M8RM+CGV, Bhaktithapa Rd, Kathmandu 44600, Nepal",27.6911206,85.33379579999999,473.52
ChIJc1R9FJYZ6zkRygO5rYsawzA,hospital,Vinayak Dental Clinic विनायक दन्त चिकित्सा क्लिनिक।,hospital,"Devkota Sadak, Kathmandu 44600, Nepal",27.689573,85.3354619,523.09
ChIJuekB12kZ6zkRFnqUbTpNLKg,hospital,Pharnacy,medical_center,"Kareshwor Marg-31, Kathmandu 44600, Nepal",27.6915196,85.3420486,533.78
ChIJm6_QC2kZ6zkRqy0-ivsLkWM,hospital,Krishna mahara,hospital,"M8RR+JR3, Kathmandu 44600, Nepal",27.6915196,85.3420486,533.78
ChIJHbF7P5EZ6zkRvnrdG7apSvo,hospital,health service,hospital,"M8RR+26G, Kathmandu 44600, Nepal",27.6900582,85.3405713,535.69
ChIJ_-nZGr0Z6zkRKp4UUjE5c0Y,hospital,Double Health House,medical_center,"M8RJ+QVQ, लाखेचौर मार्ग, Kathmandu 44600, Nepal",27.6919646,85.332231,553.39
ChIJ95-gC5YZ6zkRjvw2k17pS08,hospital,Central Optical,hospital,"M8QP+F53, Kathmandu 44600, Nepal",27.6886286,85.3354276,623.21
ChIJXWd7LQAZ6zkRs7UMR0zhj2E,hospital,Raptor Office,medical_center,"M8RV+77M, Kathmandu 44600, Nepal",27.6907165,85.3431837,675.72
ChIJIRBk1oAZ6zkR5QuJQO5F4vk,hospital,Max Meditech System,hospital,"M8QP+3PR, New Baneshwor Rd, काठमाडौँ 44600, Nepal",27.6877416,85.3367758,694.01
ChIJW0WPZBQZ6zkR0ZRDx_e6W1o,hospital,Hospitality Consultant In Nepal,consultant,"Kathmandu 44600, Nepal",27.6877579,85.3364227,696.05
ChIJI-BaYAEZ6zkRly7nCwWJY1U,hospital,Jeet Medical Hall,medical_center,"Opposite of rudramati primary school, Kathmandu 44600, Nepal",27.6976552,85.33138489999999,719.18
ChIJ8ZudSDcZ6zkR41Ed1sYHHsI,hospital,The Clinica (Medical & Dental Center),medical_center,"M8QJ+FR5, मदन भण्डारी रोड, Kathmandu 44600, Nepal",27.6886875,85.33206249999999,786.02
ChIJfdMP5JkZ6zkRJKtioZhUZes,hospital,Ortho Spine and pain clinic(Dr Santosh kumar bashyal),medical_center,"M8QJ+FR5 The clinica ( medical and dental clinic, मदन भण्डारी रोड, Kathmandu 44600, Nepal",27.6886875,85.33206249999999,786.02
ChIJySnLTd4Z6zkRIiNl158C_HY,hospital,Vardhan IVF Nepal,medical_clinic,"Devkota Sadak, Kathmandu 44600, Nepal",27.7007895,85.33960569999999,790.39
ChIJZS0RRQAZ6zkRXWvL4bFnCNI,hospital,Shankhmul Road New Baneshwor,medical_center,"M8PP+R5, Kathmandu 44600, Nepal",27.687049,85.335419,792.35
ChIJmc74PgAZ6zkR7UtfMO1OI6s,hospital,Emergency आपत्कालीन सेवा,hospital,"M8PQ+PFX, Minbhawan Marg, Kathmandu 44600, Nepal",27.6868651,85.3387345,800.11
ChIJdZNg4IQZ6zkR2KCshq8R_bI,hospital,Central Health care Dental and medical superspeciality hospital,medical_center,"Campus road, Kathmandu 44600, Nepal",27.6866907,85.338096,811.38
ChIJV74oSgAZ6zkRuiTJPupH36E,hospital,Sahari Swasthya Prabandhan Kendra (Ward 10),hospital,"M8RH+MMM, Bijulibazar Marg, Kathmandu 44600, Nepal",27.6917241,85.3291722,845.5
ChIJcxXFx5MZ6zkRmVYr8XlycEk,hospital,Nepal Korea Skin & Medical Center Pvt. Ltd.,hospital,"Madan Bhandari Road, Kathmandu 44600, Nepal",27.6871823,85.3413156,847.43
ChIJZxUOdQAZ6zkRZ4_EvORAffU,hospital,Oncology Department क्यान्सर विभाग,hospital,"M8PQ+GVX, Kathmandu 44600, Nepal",27.6865493,85.3396783,854.54
ChIJp61sCOoZ6zkRQGNS1kxXZcE,hospital,Krishma Pharmacy,medical_center,"P82R+7MC, Surya Bikram Gyawali Marg, Kathmandu 44600, Nepal",27.7006884,85.3416551,858.43
ChIJn8GadpQZ6zkR7dsEu9rdFQ0,hospital,Civil Service Hospital of Nepal,hospital,"Minbhawan Marg, Kathmandu 44600, Nepal",27.6863031,85.3388038,862.87
ChIJw50wZZQZ6zkRwRD4Nn4_krc,hospital,Ward Block of the hospital,hospital,"M8PQ+FG6, Minbhawan Marg, Kathmandu 44600, Nepal",27.6861675,85.338779,877.37
ChIJAb_nm54Z6zkRRRA85hFRIl0,hospital,Model Medical Center Pvt. LTD.,medical_center,"P82Q+PJ2, Rudra Mati Marg, Kathmandu 44600, Nepal",27.7017539,85.3390307,881.75
ChIJk8CAjaMZ6zkRzvgxm_r6Obk,hospital,Dr. Pradip and Dr. Suraj,hospital,"Kathmandu 44617, Nepal",27.6982184,85.32977369999999,886.02
ChIJy-WIcAAZ6zkR5dr3l10BUIQ,hospital,Urology & Kidney Hospital,hospital,"Pragya Marg, Kathmandu 44600, Nepal",27.6971886,85.3457645,900.18
ChIJi0vmfJwZ6zkR9GZlp_5L94g,hospital,Newton Polyclinic and Diasnostic Center,hospital,"P82R+9QW, Battisputali Rd, Kathmandu 44600, Nepal",27.7009831,85.3419378,900.68
ChIJ9WHvDbwZ6zkRNN9UIVb-6ac,hospital,Nepal Skin Hospital Pvt Ltd,hospital,"Bijuli Bazaar, New Baneshwor infornt of, Krishna Tower, Kathmandu 44600, Nepal",27.6894255,85.329754,904.43
ChIJEcuocgAZ6zkRm9H48qKJz9s,hospital,Civil Service Hospital Surgical Block,hospital,"M8PQ+8GC, Kathmandu 44600, Nepal",27.6858001,85.33876719999999,917.56
ChIJoWWanesZ6zkRvdfJdcafIjk,hospital,Anugraha Medical Center,medical_center,"Gate, Kathmandu 44600, Nepal",27.6870346,85.3426082,926.28
ChIJ-xSADzEZ6zkRrJpbQMa3Qxk,hospital,Siddehesor bachanalaya and sewa kendra स्वास्थ्य सेवा केन्द्र,hospital,"M8QV+HXQ, Kathmandu 44600, Nepal",27.6889547,85.34497580000001,932.24
ChIJs6CENQAZ6zkRfvjU03u1ArE,hospital,Tapasya Pharmacy,medical_center,"Sinamangal Marg, Kathmandu 44600, Nepal",27.7001128,85.343876,936.54
ChIJGe10KQAZ6zkRhYFXP1w7iWs,hospital,Budhasubba Pharma,medical_center,"M8QW+M4C, Kathmandu 44600, Nepal",27.6891791,85.3452566,940.24
ChIJq6hng5UZ6zkRUvRnPO7oMfU,hospital,Cangjie Treatment Service Center Pvt. LTD.,medical_center,"M8PM+8W5, किर्ति मार्ग, Kathmandu 44600, Nepal",27.685756,85.3348549,945.52
ChIJg9f3QYUZ6zkRQv-lItdsNwc,hospital,Frontline Hospital,hospital,"Kathmandu 44600, Nepal",27.7025058,85.33844719999999,956.04
ChIJ97xTAgAZ6zkRXucKNzkkkAo,hospital,Shree om kareshwor health care,medical_center,"M8RW+XQ2, Kathmandu 44600, Nepal",27.692434,85.346955,957.88
ChIJ5ZNRBHkZ6zkRiWhSu-o__no,hospital,Institute of Natural Health,hospital,"P82R+R9Q, Kathmandu 44600, Nepal",27.7020813,85.3409866,970.35
ChIJqRmS0cEZ6zkRCtUwzQNKH7o,hospital,Hope IVF & Fertility Services,medical_clinic,"Nepal Mega College Compound, Daphe Marga, Kathmandu 44600, Nepal",27.6916995,85.32786019999999,970.42
ChIJ9-mmuRQZ6zkRdoL0uRYJYi4,hospital,"SmartCare Skin, Hair & Laser Clinic",skin_care_clinic,"Shantinagar bus stop, Minbhawan Baneshwor Kathmandu bedside, Bagmati Bridge, काठमाडौँ 44600, Nepal",27.6868086,85.34307220000001,972.86
ChIJUaKLZv8Z6zkRFo3s4CtEQG8,hospital,Keshav Ayurveda Hospital,hospital,"Kareshwor Marga, Kathmandu 44600, Nepal",27.6952492,85.3471596,973.47
ChIJUcWaObsZ6zkR36hSOerj4f0,hospital,Healthy Life National Medical Center Pvt. Ltd,medical_center,"M8VH+62J, भक्ति थापा सडक, Kathmandu 44600, Nepal",27.6930959,85.32753029999999,974.52
ChIJszulUY4Z6zkRoubYeRSRtc0,hospital,Nakul pharmacy,medical_clinic,"Kumud Devkota Marg, Kathmandu 44600, Nepal",27.6910189,85.34673389999999,977.31
ChIJafFY15UZ6zkRubI8QgF4YEY,hospital,KEN Center,hospital,"M8PV+H27, मदन भण्डारी रोड, Kathmandu 44600, Nepal",27.6864072,85.3425591,982.52
ChIJh5QS4oAZ6zkRyJdTJVONM5U,hospital,Aesthetic Aura - Best Skin & Hair Clinic in Kathmandu - By Dr Isha,skin_care_clinic,"Baneshwor Near iKalu Meat Center, B & S Building, 2nd Floor Shankhamul Marga, Kathmandu 44617, Nepal",27.6852417,85.3350519,996.16
ChIJq0hVuKEZ6zkReSeqM_JmxL8,hospital,Miron Medical Hall,medical_center,"P82M+R45, Kathmandu 44600, Nepal",27.7020096,85.33286969999999,999.17
ChIJE6TjWQAZ6zkRWOeR-TovciA,hospital,XCEL,medical_center,"M8VX+P32, Kareshwor Marg, Kathmandu 44600, Nepal",27.6942614,85.3476364,1010.37
ChIJ8fwLdZ8Z6zkRzrRkRNSqObI,hospital,Damak Dental Hospital,hospital,"मैति देवी, Kathmandu 44600, Nepal",27.702889,85.3354459,1010.95
ChIJ809pCwAZ6zkRU0KC80JnSiA,hospital,Excel international Pvt ltd,medical_center,"M8VX+M37, Kathmandu 44600, Nepal",27.69415,85.347673,1013.63
ChIJ-YNttZwZ6zkRVv3Z4X4yYbY,hospital,Gopal Bhagat Pradhan Memorial Hospital,hospital,"P82M+W7X, खाँदबारी 44600, Nepal",27.7023594,85.3332222,1019.74
ChIJs2tYiS0Y6zkR-zFfoOvMDlM,hospital,Rhythm Neuropsychiatry Hospital and Research Center,medical_clinic,"Kathmandu 44600, Nepal",27.684795,85.3402232,1056.85
ChIJOafoNgAZ6zkRkEU1k-aL95Q,hospital,J N B health care pvt Ltd,medical_center,"M8PJ+M4X, Kathmandu 44600, Nepal",27.6867385,85.3303742,1058.59
ChIJh-QD_pIZ6zkRgtuR03lkkps,hospital,Aalima Healthcare,medical_clinic,"Kathmandu 44600, Nepal",27.6987291,85.3472201,1104.44
ChIJjZtQEQAZ6zkR-hs4zofdVEY,hospital,Rawali pharma link,medical_center,"P82H+4G6, Ghattekulo Marga, Kathmandu 44600, Nepal",27.7003188,85.3287153,1108.01
ChIJcfIrt58Z6zkRIdqnMnyiiKA,hospital,Swacon International Hospital,hospital,"164 Rudra Mati Marg, Kathmandu 44600, Nepal",27.7041699,85.33640989999999,1139.3
ChIJ-Xfktp8Z6zkR3VZqQoaVrCQ,hospital,FUTURE VISION CLINIC,hospital,"धोबीखोला-९, रुद्र्मति मार्ग, Kathmandu 44600, Nepal",27.704206,85.336411,1143.29
ChIJzSkMUAAZ6zkRNGY0b0mMNps,hospital,Kathmandu International Hospital,hospital,"M8PW+H6F, Kathmandu 44600, Nepal",27.686441,85.3455559,1160.62
ChIJaT3CH40Z6zkR_hZrznDIpGg,hospital,Aalimah Diagnostic Center,medical_center,"Kathmandu 44600, Nepal",27.7039949,85.3412194,1178.12
ChIJpc1USYQZ6zkRkH-BrllHBUA,hospital,Hope Hospital,hospital,"M8XX+7M2, Sinamangal Rd, Kathmandu 44600, Nepal",27.6982685,85.348321,1178.93
ChIJH-3EeI0Z6zkRMzMxsyy2YdA,hospital,Kantipur Hospital,hospital,"Shri Ganesh Marg, Kathmandu 44600, Nepal",27.6855939,85.3447983,1182.75
ChIJY0vrRKAZ6zkRKvKQSWiO2gI,hospital,Shanta Global Pathology pvt ltd.,hospital,"Dilli Bazaar Rd, Kathmandu 44600, Nepal",27.7038805,85.3323568,1208.89
ChIJSSeFl6IZ6zkRUYcTkif2_cc,hospital,"Ayurveda and Alternative Medicine Hospital, Kathmandu",hospital,"M8RX+9M9, Kathmandu 44600, Nepal",27.6909326,85.34919649999999,1211.15
ChIJV5CnDY0Z6zkRBC2hRF22v-U,hospital,Empire Diagnostic Center & Dental Hospital Pvt Ltd,hospital,"M8PW+FC8, Muni Bhairab Marg, Kathmandu 44600, Nepal",27.686156,85.3460747,1218.97
ChIJm2Ue174Z6zkRdjlEqg0uCVk,hospital,Amazon Pharmacy,medical_center,"Sadhachar marga, Sadhachar chowk, buddhanagar-10, काठमाडौँ 44605, Nepal",27.6871979,85.32760080000001,1221.67
ChIJMzIikTUZ6zkRLeu7B_DA8jQ,hospital,MediCure Pharmacy and Cosmetic Mart,pharmacy,"Tinkune, Kathmandu 44600, Nepal",27.6861496,85.34612829999999,1223.19
ChIJra-1lNQZ6zkRjU4mzP1DmKo,hospital,Himalayan Ayurveda Medical Science College And Hospital,hospital,"M8PH+M5G, Kathmandu 44600, Nepal",27.6867306,85.3279965,1224.66
ChIJObcpp08Z6zkRQh3-zgCTxJM,hospital,MERO PHYSIOTHERAPY,hospital,"M8PH+M5G, Kathmandu 44600, Nepal",27.686697700000003,85.3279584,1229.9
ChIJeRosD40Z6zkR-AcV3Wmk7Co,hospital,Dental Tinkune Nepal,hospital,"1st floor, Madan Bhandari Road, Kathmandu 44600, Nepal",27.6864162,85.34651749999999,1230.07
ChIJG9zkt-0Z6zkRUspwwCpFKjs,hospital,Best Therapy and Mental Health Counseling Service- Mind Care,medical_clinic,"10 Madhya Marga, Kathmandu 44600, Nepal",27.6837896,85.3323519,1234.51
ChIJc2-YOgAZ6zkRswAbNiFppUQ,hospital,Harihar Health Care Pvt. Ltd,pharmacy,"Sankhamul 31, Kathmandu 44600, Nepal",27.6830337,85.3351201,1235.16
ChIJeSv5Md4Z6zkRzRDI_uQTTr0,hospital,Home physiotherapy,hospital,"29 Ghattekulo Marga, Kathmandu 44600, Nepal",27.7019198,85.32811219999999,1271.2
ChIJ1brXm78Z6zkRipLzskOnRAw,hospital,Samriddhi Health Service,hospital,"M8MJ+9VV, Kathmandu 44600, Nepal",27.6834981,85.3321644,1271.62
ChIJm5sQcgAZ6zkR9aTNjTMrAbA,hospital,Kathmandu National Medical College & Teaching Hospital,hospital,"29 Ghattekulo Marga, Kathmandu 44600, Nepal",27.7015003,85.327544,1280.92
ChIJTcaYcDsZ6zkRxWRxuNB1yG8,hospital,Dr. Binay Kumar Rauniyar- Cardiologist in Nepal,doctor,"Maiti Devi Marg, Kathmandu 44600, Nepal",27.7049638,85.33331129999999,1287.47
ChIJDxZpYgAZ6zkRqc6p5PvMItU,hospital,Unicorn Medical Center Pvt.Ltd,medical_center,"M8WX+XWX, Kathmandu 44600, Nepal",27.6974958,85.3498467,1288.84
ChIJoc8TeYYZ6zkR90nI45a3j0w,hospital,Merit Multicare Medical Center Pvt. Ltd.,hospital,"M9W2+R2W, Sinamangal Rd, Kathmandu 44600, Nepal",27.6971107,85.3500833,1298.85
ChIJ-Q6Dnp0Z6zkR2O1sY0nya5c,hospital,Shree Kunta Polyclinic & Health Care Center P Ltd,hospital,"P84R+2P9, बत्तिसपुतली सडक, Kathmandu 44600, Nepal",27.705031,85.341855,1307.5
ChIJc3vHPnMZ6zkRpG-_YcvlT2I,hospital,Nutrif care,medical_center,"Kathmandu 44600, Nepal",27.6832857,85.331456,1322.51
ChIJ49uYXwAZ6zkRe4NEgItfmdY,hospital,Cornerstone Pharmacy,medical_center,"M8QG+47M, Rajesh Marg, Kathmandu 44600, Nepal",27.6880304,85.3255543,1338.08
ChIJmwHl1g8Z6zkRZxia2ZIZS_I,hospital,सिंहदरबार वैधखाना विकास समिती,hospital,"P82G+79P, Kathmandu 44600, Nepal",27.7007223,85.3259395,1354.29
ChIJ42Dw7p4Z6zkRWW_Le6kqmgk,hospital,Metro Eye Care,medical_clinic,"Sat Marga, Kathmandu 44600, Nepal",27.68233,85.3421276,1375.09
ChIJlZxUSJ0Z6zkRF0wAXLY9D0k,hospital,Sewa Kendra Leprosy Relief,hospital,"nagarjun marg, P83V+XM6, Kathmandu 44600, Nepal",27.7049182,85.3441405,1388.43
ChIJqwB-MjQZ6zkRMlHCBT1h_20,hospital,PRASHANTI HEALTH CARE CENTER PVT. LTD,medical_center,"M9W2+PF8, Kathmandu 44600, Nepal",27.6967836,85.3511924,1395.68
ChIJxyMGC7oZ6zkR6vBKMLgFQqU,hospital,Dikshya Pharmaco,pharmacy,"M8QF+PMJ, Swet Binayak Marg, Kathmandu 44600, Nepal",27.689339600000004,85.3241256,1402.5
ChIJCbusNLEZ6zkRr65Bk0hNVHg,hospital,Akhanda Medical Center Pvt.Ltd,medical_center,"9 Battisputali Rd, Kathmandu 00977, Nepal",27.7058297,85.3424946,1412.64
ChIJa89cfJ0Z6zkRqM-Rk0FWDqE,hospital,Akhanda Medical Center Pvt. Ltd,medical_center,"Battishputali-9, काठमाडौँ 00977, Nepal",27.7058836,85.3425184,1419.08
ChIJyakcDwAZ6zkRd8_TbteG42w,hospital,Bhawanipur pharmacy,medical_center,"M9X2+MC2, Kathmandu 44600, Nepal",27.6991298,85.3510005,1459.02
ChIJL16TX8EZ6zkRJTPLLVCVp4M,hospital,Chadani Medical and Diagnostic Pvt. Ltd.,medical_center,"Chadani Medical and Diagnostic Pvt. Ltd, Kathmandu 44600, Nepal",27.699123,85.3510211,1460.59
ChIJgYgyNIYZ6zkR3pAPLDXSGUE,hospital,काठमाडौं मेडिकल कलेज शिक्षण अस्पताल फजियोथेरापी यूनिट,hospital,"M9W2+9RM, Sinamangal Rd, Kathmandu 44600, Nepal",27.6959739,85.35205789999999,1462.37
ChIJC7sPpBUZ6zkR-YiRi3oCWPc,hospital,Shah Nirajan Bikram,hospital,"M9X2+MC4, Kathmandu 44600, Nepal",27.6991378,85.3510904,1467.51
ChIJuV4JJLAZ6zkRn28yYt47QJ0,hospital,Suderpaschmi Pvt.ltd,hospital,"M8VC+9XR, Madan Bhandari Road, Kathmandu 44600, Nepal",27.6934912,85.3224005,1475.76
ChIJN44dV4EZ6zkR0KQuJW8PdN4,hospital,Alisha Poly Clinic Pvt.Ltd.,medical_center,"P922+C2R, Ring Rd, Kathmandu 44600, Nepal",27.701116,85.350014,1476.6
ChIJkc-edaYZ6zkRUU29lVLXmQw,hospital,bishowa jyoti khanal,hospital,"Nagarjun Marg, Kathmandu 44608, Nepal",27.7056136,85.3448262,1488.82
ChIJfyX4SKMZ6zkRf9Kbdzud0m8,hospital,Auric Healing Nepal,hospital,"P84J+97V, Mahakavi Marg, Kathmandu 44600, Nepal",27.7059878,85.33066579999999,1491.87
ChIJBV_A0HcZ6zkRZILRNeULKF0,hospital,Akash Bhairav ​​Medical Center Prof. Lee,medical_center,"P84V+M22, Battisputali Rd, Kathmandu 44600, Nepal",27.7066452,85.34252359999999,1498.68
ChIJI8MLZgAZ6zkRJ16ZIstVhts,office,Janaki Polychem Pvt Ltd.,corporate_office,"M8VP+JVF, Devkota Sadak, Kathmandu 44600, Nepal",27.6939846,85.3371921,18.7
ChIJNwWYbgAZ6zkRmjXE2zQYKnI,office,E.V. Ride Pvt. Ltd,corporate_office,"M8VP+HVV, Kathmandu 44600, Nepal",27.693996,85.3371775,20.34
ChIJbxWKXwAZ6zkRempi1fHyn7k,office,Generation Next Communication,corporate_office,"M8VP+JV3, Kathmandu 44600, Nepal",27.6940223,85.33717860000002,21.0
ChIJT2wgbAAZ6zkR8N_vpNvkpCQ,office,Bhimsaria Group,corporate_office,"Devkota Sadak, Kathmandu 44600, Nepal",27.6940523,85.3371851,21.76
ChIJf6PQcu4Z6zkRX0s8CR6zjss,office,"राष्ट्रिय कृषक समूह महासंघ, नेपाल (NFGF Head Office)",corporate_office,"Kathmandu 44600, Nepal",27.6939904,85.3378147,42.93
ChIJHzk5CwAZ6zkRDSnWfEoc-tI,office,Golden Nepal Marketing Pvt.ltd,,"Kathmandu 44600, Nepal",27.6944431,85.3373479,53.81
ChIJg9TbmfsZ6zkRz_N22MrZX1w,office,Knowledge Network Solutions,corporate_office,"5th Floor, D&D Tower, काठमाडौँ 44600, Nepal",27.6944693,85.337277,57.53
ChIJY6jwXgAZ6zkRUeGleIE0iCc,office,Agri Direct Global Pvt. Ltd.,corporate_office,"M8VQ+R23, Kathmandu 44600, Nepal",27.6945572,85.3376025,69.93
ChIJq-54GwAZ6zkRCjwKrEDcaU8,office,Purak Asia,corporate_office,"M8VQ+C6V, Kathmandu 44600, Nepal",27.693617,85.33803209999999,74.68
ChIJWbmGHQAZ6zkR_z-JKtS6CdA,office,D.B Business Consultants Pvt. Ltd.,corporate_office,"34 Shree Panchakumari Marg, Kathmandu 44600, Nepal",27.6932961,85.33801539999999,96.76
ChIJMcieVMkZ6zkR0k19VXdWmJo,office,Yambu Engineering Services Pvt. Ltd.,corporate_office,"34 Shree Panchakumari Marg, Kathmandu 44600, Nepal",27.6932956,85.33806750000001,100.2
ChIJzRojzpkZ6zkR31E1a5Eh2PA,office,NC Softs,corporate_office,"278 Devkota Sadak, Kathmandu 44600, Nepal",27.6950307,85.3372353,119.91
ChIJc0R-bSUZ6zkRpZUmFk5A9bk,office,Guru technology pvt ltd,corporate_office,"M8WP+2V9 sahayogi nagar, Sadhbhav Galli, Kathmandu 44600, Nepal",27.6950307,85.3372353,119.91
ChIJwf61IAAZ6zkRUp1wrziyIAw,office,Kataho Nepal,corporate_office,"M8WP+2V9, Devkota Sadak, Kathmandu 44600, Nepal",27.6950308,85.3372353,119.92
ChIJ53sV9GoZ6zkRo5QVMvFdE-k,office,Enarad,corporate_office,"M8WP+2RF, Mid St, Kathmandu 44700, Nepal",27.6950735,85.3370537,127.92
ChIJZ2nWzpkZ6zkRfqvt5ducLXE,office,Api Technology Pvt. Ltd.,,"Devkota Sadak, Kathmandu 44600, Nepal",27.6953653,85.3373336,156.33
ChIJr4fKxpkZ6zkRRHfEhJ6mAUw,office,IdeaBox Pvt. Ltd.,corporate_office,"M8WQ+54P, BanaGanga Marga, Kathmandu 44600, Nepal",27.6954625,85.3378237,172.69
ChIJ_3UI5WQZ6zkRcB3yc10-gLo,office,P.S.G. & Associates | Chartered Accountants,accounting,"Kathmandu 00977, Nepal",27.6955292,85.3370132,178.19
ChIJW9fdHAAZ6zkRZtsElXkLJWI,office,Loktantrik Adibasi Janajati Mahasang Nepal,corporate_office,"M8VQ+XJ7, Kathmandu 44600, Nepal",27.6949144,85.33904249999999,195.08
ChIJOyLQK-MZ6zkR3lTnB12z0mI,office,Mid Solu Hydropower Ltd.,corporate_office,"M8VQ+PQX, Kathmandu 44600, Nepal",27.6943695,85.3394896,212.64
ChIJg_MXKgAZ6zkR8PVVUWn22lY,office,Miyotel Networks Pvt. Ltd.,corporate_office,"M8RQ+J5J, Kathmandu 44600, Nepal",27.6915912,85.3378816,267.99
ChIJtxhgHpcZ6zkR77dqPtN6Bg0,office,PRESTIGE ASSOCIATES,corporate_office,"M8RQ+J5F, Kathmandu 44600, Nepal",27.6915627,85.33792609999999,271.94
ChIJgRf0VAAZ6zkRbeGgmJTakTk,office,Lp Medtech Pvt Ltd,corporate_office,"M8RQ+J5F, Kathmandu 44600, Nepal",27.6915529,85.3379298,273.08
ChIJ6YnQ_pcZ6zkRWG3rcDZsR4Q,office,Buddha Himal Travels,corporate_office,"M8VM+HRP, Kathmandu 44600, Nepal",27.6939742,85.3345817,275.52
ChIJQUsAZDIZ6zkRMIc0Y9tkCYI,office,Nepal Bharat Maitri sangh,corporate_office,"M8VM+HRP, Kathmandu 44600, Nepal",27.6939783,85.3345437,279.26
ChIJA4PaWxYZ6zkRZbj8pJlS_jI,office,Sanchargriha,corporate_office,"Phulchoki Mai Marg, Kathmandu 44600, Nepal",27.6953215,85.33493709999999,284.2
ChIJ_U7RQwAZ6zkR5v7NCXnJ8OE,office,Siddhartha Pharmaceuticals Pvt. Ltd Marketing office,corporate_office,"Ekta Marg, Kathmandu 44600, Nepal",27.6913675,85.3391769,338.23
ChIJxyS-NroZ6zkR7UH399tPEfI,office,Satyawati Cable Car - Corporate Office,corporate_office,"Durga Bhawan, 35 Ekta Marg, Kathmandu 44600, Nepal",27.691266,85.3389811,338.51
ChIJyZxNEQAZ6zkR12FmRePAXRQ,office,Live Pharmaceuticals PVT LTD,corporate_office,"M8RQ+GMV, Kathmandu 44600, Nepal",27.6913637,85.3391817,338.84
ChIJyaL0UHAZ6zkREoy-bilQICk,office,बिस्वास नेपाल(Faith Nepal) NGO,corporate_office,"M8RQ+86V, Kathmandu 44600, Nepal",27.6908698,85.3380518,349.92
ChIJhTN4QRwZ6zkRD7H37jNNV2U,office,Kharel house,corporate_office,"M8RR+JR3, 3728 Ekta Marg, Kathmandu 44600, Nepal",27.6910407,85.3387395,351.13
ChIJiRjQDpcZ6zkRSeVLGal4-HI,office,Global Dynamic Pvt. Ltd.,corporate_office,"M8RP+9GF, Kathmandu 44600, Nepal",27.6909459,85.3363105,351.31
ChIJYc6DcLkZ6zkRbOV6XNtsv08,office,Ejobs Nepal Pvt Ltd,corporate_office,"M8RP+9GF, Kathmandu 44600, Nepal",27.690942000000003,85.3362993,352.05
ChIJ_yks2pYZ6zkRBCblK_Jn94E,office,Shop Mates Creation,corporate_office,"M8RQ+CF3, Kathmandu 44600, Nepal",27.691008000000004,85.33867769999999,352.24
ChIJd88zYwAZ6zkR93F7BL3QYLE,office,OUT STUDY BANESHWOR,corporate_office,"Bibhuti Janak Marg, Kathmandu 44600, Nepal",27.6907953,85.33711,352.9
ChIJo8Oj_ZAZ6zkRgQBcp9U3hT8,office,IFS Nepal,corporate_office,"M8VM+HFH, Kathmandu 44600, Nepal",27.6939481,85.3337197,360.38
ChIJh4ZI3LYZ6zkRmHUYwGvGP5k,office,Decoration Nepal,,"P973+36G Kathmandu, Kathmandu 44600, Nepal",27.6907509,85.3381678,365.17
ChIJZYT0JrEZ6zkRbKEA6v9aBrg,office,One Cover Pvt Ltd,corporate_office,"M8VR+HG3, Sachetan Marga, Kathmandu 44600, Nepal",27.6938847,85.3412826,384.33
ChIJiy7ShJAZ6zkREZBvDFeHQAw,office,Ski And Snowboard Foundation Nepal,corporate_office,"M8VR+HG4, Sachetan Marga, Kathmandu 44600, Nepal",27.6938844,85.3413403,390.01
ChIJGThGOpIZ6zkRZLFSu3nwIAc,office,Complete Corporate Solution Nepal Pvt. Ltd.,service,"Bibhuti Janak Marg, Kathmandu 44600, Nepal",27.6907022,85.33894939999999,393.83
ChIJT2Ues6IZ6zkRnu89Jc2TL2Q,office,Bibhanshu Brothers Pvt. Ltd.,corporate_office,"M8VM+P83, लाखेचौर मार्ग, Kathmandu 44602, Nepal",27.6942636,85.333305,402.63
ChIJo7DnWToZ6zkR0JpKIrrobfs,office,SAH Construction & Consultant Pvt. Ltd.,corporate_office,"Sahabhagita Marga, Kathmandu 44600, Nepal",27.6959511,85.33394,404.63
ChIJdwAxk1QZ6zkRZmCLic-4ru8,office,NexLogiQ I.C.T Service Pvt. Ltd.,corporate_office,"31 Milan Chowk Marga, Kathmandu 44600, Nepal",27.6947046,85.3414315,407.4
ChIJ1aD4TzgZ6zkR3Uf1AbxIQj4,office,Jai Services Pvt.Ltd Cleaning Company,corporate_office,"31 Devkota Sadak, Kathmandu 44600, Nepal",27.6975948,85.3381321,410.9
ChIJgaIgeqwZ6zkR2XWdX7Ah0Lo,office,Mayahold Group,corporate_office,"M8RQ+4J, Bibhuti Janak Marg, Kathmandu 44600, Nepal",27.6903403,85.3390132,433.43
ChIJ87c3mZkZ6zkRE5E_lY9lFCc,office,ABGS Group Pvt. Ltd.,corporate_office,"27.698123, 85.337943, Kathmandu 44600, Nepal",27.6979018,85.3378417,440.66
ChIJFUBfAwAZ6zkRVAYzTvHBCOw,office,Citizen Infotech,corporate_office,"M8XQ+53G, Devkota Sadak, Kathmandu 44600, Nepal",27.6979415,85.3377029,443.86
ChIJhaAw5X0Z6zkRMPsw_I5_UDQ,office,Himali Hydro Fund Ltd.,corporate_office,"Boharabas, Sachetan Marg, काठमाडौँ 44600, Nepal",27.6940726,85.3419955,454.6
ChIJO2L3G5cZ6zkRQap7GfhscWA,office,SathSath,corporate_office,"Sachetan Marga, Kathmandu 44600, Nepal",27.6942058,85.342005,456.18
ChIJ9XdPBgAZ6zkRH81oGoIYWO0,office,DCPL,corporate_office,"M8VM+M39, Kathmandu 44600, Nepal",27.6941729,85.3327442,457.04
ChIJe7jOq9sZ6zkROkI0v6IOdwI,office,Hookkaah Bar,corporate_office,"M8VM+M3W, Lakhe Chaur Marg, Kathmandu 44600, Nepal",27.6942423,85.3327054,461.31
ChIJeatillAZ6zkRU0ipEBEq7Ew,office,Yogmandu Yoga,yoga_studio,"31, Miteri Marg, Kathmandu 44600, Nepal",27.6980158,85.33858049999999,466.22
ChIJAw8ARFUZ6zkRhuQ6ZD9m5cI,office,R sapkota & Associates,corporate_office,"M8XQ+5J8, Kathmandu 44600, Nepal",27.6979189,85.3390861,471.17
ChIJ2ez3t5YZ6zkRMCbp3glyM0M,office,Southern Asia Busines House,corporate_office,"31 H03, Kathmandu 44600, Nepal",27.6899364,85.3389262,472.6
ChIJYdpxgJoZ6zkRXhpshJ8Grjg,office,Media Plan Pvt. Ltd,,"14 Milan Chowk Marga, Kathmandu 44600, Nepal",27.6947805,85.3421447,477.9
ChIJBarP5U4Z6zkRIvXt0GXGatk,office,H1B Envision Global,corporate_office,"M8RM+9GX, भक्ति थापा सडक, Kathmandu 44600, Nepal",27.6909859,85.3338468,479.98
ChIJb9XPUgAZ6zkRu80Sgn-aRVw,office,Glenmark Nepal,corporate_office,"Bharosa Hospital Parking lot, Kathmandu 44600, Nepal",27.6940436,85.33249029999999,481.51
ChIJdQdqncwZ6zkRvvVQY9hzqnA,office,"Asian Academy for Peace, Research, and Development",corporate_office,"M8RM+X4F, Kathmandu 44600, Nepal",27.6924253,85.3327894,483.12
ChIJg8RodmsZ6zkRp0W8HSMbUVs,office,Om Megashree Pharmaceuticals Limited,corporate_office,"480 Lakhe Chaur Marg, Kathmandu 44600, Nepal",27.6941544,85.3324635,484.54
ChIJTcpzE6UZ6zkRbe2w-1BpX3U,office,RPM HOLDINGS,corporate_office,"Bibhuti Janak Marg, Kathmandu 44600, Nepal",27.6898218,85.3389661,485.92
ChIJk8ra23oZ6zkRCuwcyYh9HZU,office,RPLS & Associates,corporate_office,"M8RM+FCC, Bhaktithapa Rd, Kathmandu 44600, Nepal",27.6911821,85.3335268,489.22
ChIJvWId5B4Z6zkRO6S0HloE844,office,Adwork Agency Nepal,corporate_office,"414 Mahadevasthan Marg, Kathmandu 44600, Nepal",27.696936,85.3336977,490.86
ChIJ1wJnYJoZ6zkRI5urgfJkLPk,office,Nepal Web Technology,corporate_office,"M8WR+8QF Mid, Bhupi Sherchan Marg, Kathmandu 44600, Nepal",27.6958237,85.341915,492.25
ChIJVRsbkJgZ6zkRhO6L46aq7gc,office,Sulabh Basket,corporate_office,"M8XM+4XX, Puja Pratisthan Marg, Kathmandu 44600, Nepal",27.6978609,85.3349968,493.16
ChIJKTVk6WUZ6zkR7jkug9yRRdY,office,Q & Q Press,corporate_office,"Phulchoki Mai Marg, Kathmandu 00977, Nepal",27.6956566,85.3326855,499.22
ChIJ2y31ZqsZ6zkRFw8g5htgS-w,office,"Career Yarn, Centre For Learning and Coding Pvt. Ltd",corporate_office,"Kathmandu 44600, Nepal",27.6984307,85.338098,502.12
ChIJg5frctkZ6zkR21v-avQNquQ,office,Green Engineering & Environmental Solutions (GREEN Solutions),corporate_office,"M8QQ+VH2, Kathmandu 44600, Nepal",27.6896368,85.3388822,502.96
ChIJVTsat5YZ6zkRgtUz2pS3F5U,office,Opal Technique Pvt. Ltd,corporate_office,"New Baneshwor Road, Kathmandu 44600, Nepal",27.6896478,85.33892589999999,503.07
ChIJtWv4AgAZ6zkRw4Gm40OuTUw,office,Slime studio,corporate_office,"M8VV+H23, Sachetan Marga, Kathmandu 44600, Nepal",27.693749,85.34249799999999,504.45
ChIJz1LDVwAZ6zkRL7ZOYUsc_Xk,office,HerbalBeing,corporate_office,"Lakhe Chaur Marg, Kathmandu 44600, Nepal",27.6930981,85.33234569999999,504.84
ChIJG6un6JgZ6zkR-Bmc6Xeb8Cc,office,Aayam Creation Pvt. Ltd,corporate_office,"M8XP+CQ3, Prawachan Marg, Kathmandu 44600, Nepal",27.6985208,85.3369171,509.18
ChIJl_wCUwAZ6zkRViOoYgEBIAc,office,Entegra,corporate_office,"M8VR+4XJ, Sangam Chowk Marg, Kathmandu 44600, Nepal",27.6928404,85.3423984,509.54
ChIJVYNTIIoZ6zkR90_lOn-KyHU,office,Palpali Sangam / पाल्पाली संगम,corporate_office,"M8RM+G5J, Kathmandu 44600, Nepal",27.6913495,85.33288379999999,529.37
ChIJpf49vFcZ6zkRkWW_kqxBXIk,office,Law Chamber and Research Centre,corporate_office,"Kathmandu 44600, Nepal",27.6958956,85.3323714,538.05
ChIJr0CH7SAZ6zkRALrz1m_dyZc,office,SJVN Nepal Projects,corporate_office,"3rd Floor, Ward No. 31, CIT Building, Kathmandu 44600, Nepal",27.6893856,85.3391886,538.92
ChIJE5dVIJkZ6zkR68jGAnOnxgI,office,PPCR:BRCH:AMIS,corporate_office,"M8XP+GRM, Puja Pratisthan Marg, Kathmandu 44600, Nepal",27.6988276,85.3370533,542.21
ChIJD-StvFYZ6zkREwsKxN1kuuE,office,CHFN,corporate_office,"M8VJ+5PF, Kathmandu 44600, Nepal",27.6929417,85.3317941,561.51
ChIJr79gvpgZ6zkR9Gaq68s40rQ,office,डेल्टा कोर प्रा लिमिटेड (delta core pvt ltd ),corporate_office,"35 Om Sai Marg, Kathmandu 44600, Nepal",27.6987248,85.33547089999999,562.17
ChIJzXS4ttUZ6zkRnCMN-6sm40Q,office,SMEC International Pty. Ltd,corporate_office,"Kathmandu 44600, Nepal",27.6898903,85.3338703,569.38
ChIJO-I8HAAZ6zkRHffvkh63LVs,office,"Subrat S. & Associates, Chartered Accountants",corporate_office,"M8VJ+XMP, Kathmandu 44600, Nepal",27.6949672,85.3316984,570.49
ChIJ2YajFQAZ6zkRE-M6gE_alC8,office,Trust Bridge,corporate_office,"M8XQ+HHP, Kathmandu 44600, Nepal",27.6989304,85.3389629,574.24
ChIJzY-MQwAZ6zkRnYzxf9OlHWU,office,Ama Dablam,corporate_office,"M8XP+G5M, Kathmandu 44600, Nepal",27.6988268,85.3354246,574.39
ChIJ3878AQAZ6zkReR6rT1V8JAo,office,Sahaj Job Service & Training Center Pvt.Ltd.,corporate_office,"M8XQ+FWC, Basuki Marg, Kathmandu 44600, Nepal",27.6986828,85.3397811,575.91
ChIJjyUrkWgZ6zkRVXuNBpUf0bA,office,Global Impacts Private Limited,corporate_office,"M8WJ+6PF, Kathmandu 44600, Nepal",27.6955682,85.3318092,576.89
ChIJCZhvQwAZ6zkR43QbO1F6SbY,office,Gyawali niwas,corporate_office,"M8RV+J3C, Nirajan Bikram Marga, Kathmandu 44600, Nepal",27.6915576,85.34263469999999,582.26
ChIJPaLQ5SMZ6zkR1EY-6Uu2eNg,office,AFFON,corporate_office,"M8RR+2HP, Kathmandu 44600, Nepal",27.6900874,85.3414694,589.53
ChIJJ5a6I6AZ6zkRYUFwp9uz8_M,office,Elixir life science Pvt.ltd,corporate_office,"Basuki Marg, Kathmandu 44600, Nepal",27.6988408,85.3397737,591.68
ChIJqcTHh9wZ6zkRzdvNVC5xa90,office,Environment Protection and Study Center (ENPROSC),corporate_office,"M8XP+J6G, Prachin Marg, Kathmandu 44600, Nepal",27.6990501,85.33558889999999,592.83
ChIJkz2vKr0Z6zkRplHcUIGVrfk,office,Pragya Sound Music Studio,corporate_office,"Pancha Kumari Mata Galli, Kathmandu 44600, Nepal",27.6937657,85.3312435,604.57
ChIJyYALujkZ6zkRSEe6hrVVDEA,office,Companions for Amphibians and Reptiles of Nepal,corporate_office,"Kathmandu 44600, Nepal",27.6992147,85.33573849999999,606.23
ChIJuU51oUsZ6zkR6FYJLlkxrwQ,office,Adistalo Nepal private limited,manufacturer,"Gurung marg, Kathmandu 44600, Nepal",27.6965781,85.34285059999999,612.25
ChIJIT7jg8cZ6zkRIhw5FNPODEw,office,Orgware Construct Pvt.Ltd,corporate_office,"Prachin Marg, Kathmandu 44600, Nepal",27.6993901,85.3361742,615.36
ChIJxWIY2xgZ6zkRbW8PtqxOwEw,office,YA Engineering Consultancy,corporate_office,"M8WV+2CP, Milan Chowk Marga, Kathmandu 44600, Nepal",27.6950791,85.34357179999999,622.19
ChIJi4YZKAAZ6zkRmzchkpw56-w,office,Balephi Energy Limited,corporate_office,"M8QM+GMH, Kathmandu 44600, Nepal",27.6889561,85.3341413,641.31
ChIJXZ9iLQAZ6zkR0ziKJmEKCcs,office,Learn Key Education Pvt ltd,corporate_office,"M8XQ+V98, NH03, Kathmandu 44600, Nepal",27.6996596,85.3384495,642.45
ChIJ0dbpXS0Z6zkRgQLlt3RJwd0,office,Onecarz,corporate_office,"M8XR+FGQ, Kathmandu 44600, Nepal",27.6985839,85.3413413,645.34
ChIJcR3sZKYZ6zkRP-xCA7XpAq8,office,Federation of Nepalese Petroleum Transport Entrepreneurs,corporate_office,"394 Chhakku Bakku Marg, Kathmandu 44600, Nepal",27.6897025,85.3329218,645.6
ChIJuQonxuEZ6zkRFwq5Hmal0IA,office,Asia Recruitment Manpower Associates Nepal,corporate_office,"M8XR+CHM, Basuki Marg, Kathmandu 00977, Nepal",27.69858,85.341415,649.41
ChIJzUqsKgAZ6zkRg-oYKAVb728,office,Organic Bio Fertilizer pvt ltd,corporate_office,"M8VJ+J7Q, Kathmandu 44600, Nepal",27.693854,85.33075,652.87
ChIJMXGzfLwb6zkRp6lQowdBPDE,office,Shopkey Online pvt.ltd,corporate_office,"Rudra Mati Marg, Kathmandu 44600, Nepal",27.6968918,85.3316134,654.69
ChIJIboWTyYZ6zkRVoaICm8RR9c,office,GBH group pvt ltd,corporate_office,"Kathmandu Metropolitan Area, M8RV+97J, काठमाडौँ 44600, Nepal",27.6909641,85.3431528,658.81
ChIJeeiq3ooZ6zkRKmprCCRc2oI,office,Mashreq Bank – Nepal Representative Office,corporate_office,"Ward No. 10, Devi Tower, Chakku Bakku Marga, Kathmandu 44600, Nepal",27.6896691,85.3327067,662.85
ChIJm1RwcQAZ6zkRMxNXhsUGdkM,office,Sushrum logistic pvt. Ltd,corporate_office,"M8RJ+7MF, सरस्‍वती मार्ग, Kathmandu 44600, Nepal",27.6906683,85.33162109999999,674.89
ChIJ3zViqHUZ6zkRXNKZNfwmIZk,office,CIL-Kathmandu,corporate_office,"Thulo Kharibot Marga, Kathmandu 44600, Nepal",27.6904509,85.34300019999999,677.09
ChIJ1a2iShEZ6zkRrqeIGuWU-dE,office,Orajil Engineering Consultant Pvt.Ltd,corporate_office,"M8XV+53C, Sinamangal Rd, Kathmandu 44600, Nepal",27.6979339,85.3426384,680.65
ChIJv9jwAwAZ6zkRdjG7NUTd5ak,office,Aeroscript Innovations Pvt. Ltd.,corporate_office,"M8WV+2MW, Milan Chowk Marga, Kathmandu 44600, Nepal",27.6950319,85.3442306,684.93
ChIJJba0PwAZ6zkRvWTCV909As8,office,Bhimasen gola marga,corporate_office,"M8QV+X3M, ठुलो खरिबोट, Kathmandu 44600, Nepal",27.6899573,85.3426831,686.09
ChIJA8oB3hcZ6zkR1xQaObCTMoY,office,सहकारी सारथी,corporate_office,"Kathmandu 44600, Nepal",27.6904964,85.3431866,689.33
ChIJNRBd8JsZ6zkR8QwrJe_y95w,office,Sea Link Freight Pvt. Ltd,corporate_office,"M8XR+V34, Ambika Marg, Kathmandu 44600, Nepal",27.6996498,85.3401986,690.86
ChIJj2SxnYcZ6zkR9oh5TC_Cm6s,office,Aarushree Life Sciences Pvt. Ltd.,corporate_office,"M8XV+CHP, Bhimsengola Marg, Kathmandu 44600, Nepal",27.6929494,85.34434399999999,694.8
ChIJozLB9ZYZ6zkROghpM0oe_lk,office,LeadX Nepal,corporate_office,"M8VJ+M4V, Kathmandu 44600, Nepal",27.6942317,85.3302971,698.01
ChIJQ2WSaQAf6zkRnjgaszL1AFM,office,Wisdom Hub International Pvt. Ltd.,corporate_office,"M8QV+X48, Thulo Kharibot Marga, Kathmandu 44600, Nepal",27.6899184,85.3428148,698.78
ChIJwUfvOMcZ6zkRRk0kI46tOyI,office,Paperclip,,"Kathmandu 44600, Nepal",27.6976036,85.33154780000001,702.75
ChIJ0TGJpe8Z6zkRzPQl_BXuV9k,office,Yolfa Group of Companies Pvt. Ltd.,corporate_office,"31 Katyani chowk, Kathmandu 44600, Nepal",27.6953677,85.34441319999999,709.93
ChIJ_724vkQZ6zkR4lwuOqzrCkU,office,SSEE P.Ltd,corporate_office,"183, 4 Ambika Marga, Kathmandu 44600, Nepal",27.7000021,85.3397126,710.02
ChIJOTmYM5QZ6zkRMnT6bd0pKok,office,Nepal satellite telecom (hello nepal),corporate_office,"144 Madan Bhandari Road, Kathmandu 44600, Nepal",27.6875758,85.3372426,710.02
ChIJyykihfcZ6zkRE9IZ4_2jA4c,office,Janatapati,,"Kathmandu 44600, Nepal",27.6899686,85.3317466,710.37
ChIJ-8EADAAZ6zkRZB0_A3ONrCA,office,SRB PRIVATE LIMITED ( SRB ENTERPRISES ),corporate_office,"M8QP+2XG, Kathmandu 44600, Nepal",27.687556,85.3374601,712.14
ChIJxUcYKQAZ6zkRerz3-TpjbRc,office,DL Land,corporate_office,"394 Chhakku Bakku Marg, Kathmandu 44600, Nepal",27.689404000000003,85.33229209999999,712.46
ChIJhyDdjNkZ6zkR_BCdOkytolc,office,Freeman Engineering Consultancy Pvt. Ltd.,corporate_office,"M8VV+RV6, Bhimsengola Marg, Kathmandu 44600, Nepal",27.6945302,85.3446312,716.74
ChIJm3Kcxb0Z6zkRZpXADG0CJhQ,office,Mednet,corporate_office,"M8QJ+MXV, Kathmandu 44600, Nepal",27.6892341,85.3324229,717.19
ChIJnXxWmUMZ6zkR79IngqubLIQ,office,MAC Assurance,corporate_office,"Kathmandu 44600, Nepal",27.6979966,85.3316837,718.33
ChIJsQh1LAEZ6zkRaBfS-bCHZww,office,Unilever Nepal Limited,manufacturer,"City Square Building, M8QJ+MXR, काठमाडौँ 44600, Nepal",27.6892314,85.3323969,719.15
ChIJrRSWVhUZ6zkRATjjxy5YhWI,office,Chiya Gang,corporate_office,"Unnamed Road, P82Q+54G, Kathmandu 44600, Nepal",27.7004276,85.3378311,720.53
ChIJ0SJx1p4Z6zkR1kgxysWWQ2c,office,Wedding Dream NEPAL,corporate_office,"P82P+6R2, Baneshowor Height Road, Kathmandu 44600, Nepal",27.7005121,85.33702699999999,729.39
ChIJ71tWC5sZ6zkRleNvzTvWyn8,office,Vevo Nepal,corporate_office,"M8XR+GWH, Kathmandu 44600, Nepal",27.6988152,85.3423629,729.48
ChIJX4arBG4Z6zkRfCekvnOnzr0,office,Sustainable Solutions for Energy & Environment Pvt. Ltd,corporate_office,"P82Q+3WC, Kathmandu 44600, Nepal",27.7001889,85.33978060000001,731.84
ChIJzYkZZvcZ6zkRjMuYtT-QKZk,office,Himal Info Tech Pvt. Ltd,corporate_office,"Bhimsengola Marg, Kathmandu 44600, Nepal",27.693163,85.3447746,733.42
ChIJN-Tnyr0Z6zkRsqYXl507umU,office,walkintalk,corporate_office,"M8QJ+RPG, Kathmandu 44600, Nepal",27.6895704,85.331814,733.87
ChIJ4X-DHhoZ6zkR6zpLknsaANE,office,Nuptse Technology,corporate_office,"Shree Marga, Kathmandu 44600, Nepal",27.6977486,85.3312538,735.71
ChIJ6QEEYgAZ6zkRRnGTOWykDiA,office,Infolink pvt ltd,corporate_office,"M8XJ+3GR, Kathmandu 44600, Nepal",27.6976873,85.331198,736.36
ChIJZYBxdgAZ6zkRaHzgSyea92k,office,Rich Himalayan Hills,corporate_office,"34 Surya Bikram Gyawali Marg, Kathmandu 44600, Nepal",27.6995537,85.3414212,738.36
ChIJCScrQgAZ6zkRTyrzoEfgR1s,office,Leading Nepal manpower,corporate_office,"M8VV+5WH, Kathmandu 44600, Nepal",27.693206,85.34483999999999,739.26
ChIJl8xA-AEZ6zkRnJDSndSjDL0,office,Purple Sky Engineering Consult,corporate_office,"M8QJ+PR6, Kathmandu 44600, Nepal",27.6892878,85.3320299,739.86
ChIJQfYNDy8Z6zkRUylluJsc_nc,office,Gozza Interiors,corporate_office,"Madan Bhandari Road, Kathmandu 44600, Nepal",27.6892883,85.3320183,740.63
ChIJK8QZzjYZ6zkRPWPHG7GaY5c,office,Perfect Legal Service,corporate_office,"M8XJ+2C6, Kathmandu 44600, Nepal",27.6975416,85.3310046,743.37
ChIJ6W2mxVMZ6zkRe1EjMkvTMvw,office,Nagarik Stock Dealer Company Ltd.,finance,"M8PP+VQ2, Kathmandu 44600, Nepal",27.6872713,85.33645489999999,749.31
ChIJh2UhMaIZ6zkRn1mxPS6huiI,office,EC Studio,corporate_office,"Devi Marg, Kathmandu 44600, Nepal",27.6989375,85.33218749999999,753.45
ChIJwTzB154Z6zkRraRXS1Q9ktY,office,OneSolutionNepal,corporate_office,"P82P+7QW, Baneshowor Height Road, Kathmandu 44600, Nepal",27.7007274,85.3369409,753.74
ChIJe9LWTZ8Z6zkRuw4W8RK3gNM,office,S.M.T. Construction (P.) LTD,corporate_office,"P82M+5X4, Kathmandu 44600, Nepal",27.700398,85.3349558,754.61
ChIJUTF0iaQZ6zkRSKGG-V5lNL8,office,Greet Nepal Tours and Travels,corporate_office,"1576, Madan Bhandari Road, Kathmandu 44600, Nepal",27.6893377,85.3317345,757.06
ChIJzQqgZQwZ6zkRyY6GcfGLLF4,office,"Shikar Insurance, New Baneshwor",corporate_office,"M8PP+VF9, Kathmandu 44600, Nepal",27.687172000000004,85.3362497,762.95
ChIJp6wbd2gZ6zkRuRD27boPVVM,office,Infotech Communication,corporate_office,"M8XR+VMW, Kathmandu 44600, Nepal",27.6997298,85.34171479999999,770.56
ChIJ2Ui-1r0Z6zkRqragop6fygU,office,Indreni World,corporate_office,"M8QJ+GR8, Kathmandu 44600, Nepal",27.6887438,85.332115,777.91
ChIJh0aPNrwZ6zkRKjceLsBDPOs,office,Rida Incorporated Pvt. Ltd.,corporate_office,"Madan Bhandari Road, New Baneshwor, काठमाडौँ 44600, Nepal",27.6895206,85.3311708,785.77
ChIJsdv-cZsZ6zkRPp1SN3WWZCw,office,Nepal Central Fishery Cooperative Union,corporate_office,"M8XV+P36, Kathmandu 44600, Nepal",27.6992911,85.3426511,787.86
ChIJUxqOCCEZ6zkRoUuFBmhcNAg,office,Turbo Media Pvt. LTD,corporate_office,"P82R+3J9, Kathmandu 44600, Nepal",27.7000641,85.34163459999999,797.59
ChIJrbdQ9pkZ6zkR70f9V4eDbKo,office,Finbiz Solution Pvt. Ltd.,corporate_office,"32 Siddhartha Marg, Kathmandu 44600, Nepal",27.6976169,85.33040849999999,797.79
ChIJRbtWdJIZ6zkRAJxAh5GjyNE,office,इच्छुक सांस्कृतिक प्रतिष्ठान,corporate_office,"Kathmandu 44600, Nepal",27.7005588,85.3341724,798.83
ChIJk47gCQAZ6zkRcawIkUW43Jk,office,Pariskrit Recruitment Overseas Pvt. Ltd.,corporate_office,"M8PP+PGH, Suruchi Marg, Kathmandu 44600, Nepal",27.6868001,85.3366538,799.35
ChIJk_JKyM4Z6zkRO7elzXOkRv8,office,DGBA Associates,corporate_office,"M8VH+W8X, Kathmandu 44600, Nepal",27.6977897,85.3304883,801.08
ChIJYVoDW4UZ6zkR2cuhp3Gg5M0,office,Madan Shah House,corporate_office,"M8WW+357, Kathmandu 44600, Nepal",27.6951507,85.34542870000001,803.43
ChIJkZrUPmkZ6zkRnOG82Eiy1Ow,office,Multiple Medicine Distributors Pvt. Ltd.,corporate_office,"M8RV+7V7, Kumud Devkota Marg, Kathmandu 44600, Nepal",27.690661400000003,85.34467889999999,806.83
ChIJfb6xLbwZ6zkRKGv7u7iR1YA,office,Alfa Beta Institute,consultant,"M8QJ+JF4 Alfa Beta Complex, Madan Bhandari Road, Kathmandu 44600, Nepal",27.688875,85.3315251,807.48
ChIJJwUzN5gZ6zkRZUJOo78v45I,office,eHub Nepal,corporate_office,"Kathmandu 44600, Nepal",27.7001801,85.3416474,809.25
ChIJ6REFkqAZ6zkRGfqmieH2Nn8,office,Buzzketing Networks PVT. LTD,corporate_office,"M8QJ+GJJ, Kathmandu 44600, Nepal",27.6888483,85.3315105,810.58
ChIJH9nXRwAZ6zkRiejWqGpMt3c,office,Pi Group Nepal,corporate_office,"M8WW+C5H, Kathmandu 44600, Nepal",27.6959626,85.34529719999999,810.68
ChIJDT39AgAZ6zkRrofOmsOJDuk,office,Regmi Room Rental,corporate_office,"M8XV+R3M, Bhimsengola Marg, Kathmandu 44600, Nepal",27.6995996,85.3426602,814.56
ChIJU4Ks8wYZ6zkRSqIZvPky3W8,office,Human Practice Foundation Nepal,corporate_office,"Prayag Marga, Kathmandu 44600, Nepal",27.69432,85.34566319999999,816.52
ChIJwWk9nVgZ6zkRVImo8V4h6Ho,office,Dignity Initiative,corporate_office,"M8VH+PJ3, Kathmandu 44600, Nepal",27.6942562,85.32904429999999,821.37
ChIJI5lpTzAZ6zkRz9EARmuQhHw,office,Remit Hydro Limited,corporate_office,"M8QQ+QM3, 31 ward, Kathmandu 44600, Nepal",27.688867,85.3434293,821.87
ChIJg4UDsbIZ6zkRJolfy04Np_8,office,kumari nirman pvt.ltd,corporate_office,"M8PP+M9G, Suruchi Marga, Kathmandu 44600, Nepal",27.686675200000003,85.3359524,822.14
ChIJD63TRAsZ6zkRfsgykQmQxdU,office,Pharma care international Private limited,corporate_office,"P82Q+H25, Kathmandu 44600, Nepal",27.7013906,85.3375951,826.52
ChIJR7tmGwAZ6zkRb-HaOwXNrWI,office,Liminal healthcare pvt ltd,corporate_office,"M8XJ+WWP Namuna pool, Kathmandu 44600, Nepal",27.6992073,85.3314177,827.66
ChIJZ0c2qqIZ6zkRY_0l1wbQGt8,office,Shangrila Informatics Pvt. Ltd,corporate_office,"P82M+7C5, Unnamed Road, Kathmandu 44600, Nepal",27.7006448,85.3336047,831.07
ChIJp2wgLAAZ6zkREmRDBwJ5toU,office,"Aashirbad tower आशीर्वाद टावर, बानेश्वर",corporate_office,"M8PQ+J47, Kathmandu 44600, Nepal",27.6864727,85.3378621,833.9
ChIJy-zwYwAZ6zkRN6oC0JIsoD0,office,Shiva Shankar Hydro Investment Ltd,corporate_office,"Minbhawan Marg, Kathmandu 44600, Nepal",27.6864574,85.33800389999999,836.51
ChIJO7wl-5AZ6zkRww17ZzFhysY,office,One Tree I.T. Services,corporate_office,"Rudra Mati Marg, Kathmandu 44600, Nepal",27.7000062,85.33228299999999,838.94
ChIJV0Vye7wZ6zkRcRKdSXEPZbw,office,रोलिङ्ग प्लान्स प्रा. लि. (हेड कार्यालय),corporate_office,"M8RH+6WJ Bijulibazar, Kathmandu 44600, Nepal",27.6905804,85.3297519,839.82
ChIJk0fB5F8Z6zkRmVC1LP59VNs,office,MultiCare Surgical,corporate_office,"P82Q+J35, Kathmandu 44600, Nepal",27.701534700000003,85.3377512,843.06
ChIJtZww9rsZ6zkRyXB5NfRLpHE,office,Rolling Nexus Pvt. Ltd.,corporate_office,"Bijuli Bajar Bridge, Kathmandu 44600, Nepal",27.6905659,85.3297218,843.19
ChIJOZSirXQZ6zkR9wi_l2xLReo,office,Royal Surgical And Medicines Pvt. Ltd (RSMPL),corporate_office,"M8VW+R9P, Prayag Marg, Kathmandu 44600, Nepal",27.6945997,85.3459409,845.87
ChIJ2aoLohgZ6zkRZp3AkdJ7NUg,office,Masterclass Event Management Pvt. Ltd.,corporate_office,"P82Q+HJR, Kathmandu 44600, Nepal",27.7014805,85.3390257,851.79
ChIJ6_lkKS4Y6zkRY3EED-ygp0c,office,B.R.S.S. & ASSOCIATES | Chartered Accountants,corporate_office,"M8VH+WFH, टंक प्रसाद घुम्ती सडक, Kathmandu 44600, Nepal",27.6948036,85.3287453,855.3
ChIJdQ-m9mMZ6zkRcUZRVhYY8hg,office,White Horse Int. Pvt Ltd.,corporate_office,"Kathmandu 44600, Nepal",27.6863003,85.3362176,859.38
ChIJ1cWW6p4Z6zkR3AdXlGu2usM,office,Nepal Midas foods pvt Ltd,corporate_office,"P82Q+M68, Kathmandu 44600, Nepal",27.7016722,85.3380707,860.25
ChIJEaF_LDUZ6zkRmWRO42ZP0BE,office,Aaviskar Technology,corporate_office,"M8VH+XF4, Kathmandu 44600, Nepal",27.6948833,85.32869029999999,861.69
ChIJGVCHUbsZ6zkRMoguEOy95f0,office,Avvocato Sunhil Studio,corporate_office,"M8VH+FC5, Gautam Buddha Marg, Kathmandu 44600, Nepal",27.6936412,85.328622,863.01
ChIJoUbYy9kZ6zkRmIGg3VOtR5Y,office,Hospital Service Nepal Pvt.Ltd.,corporate_office,"Ghumti Kumari Marga, Ward number -31, काठमाडौँ 44600, Nepal",27.69994,85.34308999999999,870.74
ChIJe--g3R0Z6zkRhi38CHSUYvs,office,TERAKOYA Academia Inc.,corporate_office,"Sano Kharibot, Kathmandu 44600, Nepal",27.6887248,85.3439939,873.46
ChIJCesbFj8Z6zkRndDvsJbDbsQ,office,Auditing,corporate_office,"286 Tanka Prasad Marg, Kathmandu 44600, Nepal",27.7017632,85.3363261,873.86
ChIJwfWysqQZ6zkRkhXRpglBaFk,office,Nepal MotorCycle Federation,corporate_office,"M8VH+JC2, Kathmandu 44600, Nepal",27.6940001,85.3285023,874.08
ChIJaXjuf8sZ6zkRqE_rK1xoibY,office,TAI Inc,corporate_office,"M8QV+FM3, Kathmandu 44600, Nepal",27.6887726,85.3440529,874.28
ChIJn8CjMu4Z6zkRgzIEnonTD-w,office,Innovate Tech,,"New Baneshwor Road, Kathmandu 44600, Nepal",27.6861182,85.338077,874.66
ChIJ521WYVUZ6zkRYgCh_wx20s4,office,VZeal Technologies & Online Services Pvt. Ltd.,corporate_office,"P82J+5V5, Rudra Mati Marg, Kathmandu 44600, Nepal",27.7003858,85.33222479999999,876.44
ChIJcas5bLwZ6zkRNYpCt4tRp-A,office,Epress Road,corporate_office,"M8VW+7GF e.Press Pvt. Ltd., Kathmandu 44600, Nepal",27.6931849,85.34629919999999,882.38
ChIJpaP1saQZ6zkRNdUn519LYyA,office,Niraula Law Chamber & Co,corporate_office,"M8VH+P9V, Kathmandu 44600, Nepal",27.6943604,85.3284142,883.86
ChIJNwFVdoEZ6zkRC1hkCtsDbpw,office,Sancheti Tea,corporate_office,"M8WW+7F7, Kathmandu 44600, Nepal",27.6956531,85.3461717,885.83
ChIJkwZXmJ4Z6zkRQEK7gq5y8dU,office,Gulmi Overseas,corporate_office,"P82Q+PHG, Baburam Acharya Marg, Kathmandu 44600, Nepal",27.7018105,85.33895079999999,886.53
ChIJs8aFzIQZ6zkRgrRbK2IGla0,office,Narendra Pradhan and Associates,corporate_office,"M8XV+CW6, Kathmandu 44600, Nepal",27.6985336,85.3447736,887.99
ChIJUXpjZQAZ6zkRy1W9PTcVT90,office,Digo Solutions Pvt.Ltd,corporate_office,"M8PP+9MH, Kathmandu 44600, Nepal",27.6858739,85.3367286,901.42
ChIJvY-s5RgZ6zkR31cWMweGUd8,office,Business Brainz,corporate_office,"Anamnagar, Kathmandu - 32, Kathmandu 44600, Nepal",27.6955756,85.3284035,901.86
ChIJr04KXgAZ6zkRzhZkr6Ubr5o,office,Shanti Nagar Business Park,corporate_office,"M8QV+CM3, Kathmandu 44600, Nepal",27.6885104,85.3441801,903.03
ChIJU8KjegAZ6zkRe7JL-K9tYNs,office,Juri incorporate pvt ltd,corporate_office,"M8VH+G78, Kathmandu 44600, Nepal",27.6938364,85.3282037,903.57
ChIJiXBw_WMZ6zkRMIW4RenFCL4,office,International Bloom Traders,corporate_office,"P82V+37X, Sinamangal Rd, Kathmandu 44600, Nepal",27.7002397,85.343221,904.59
ChIJR9pQdAAZ6zkRpH9MorTTzjA,office,Saffron Global Consultancy,corporate_office,"P82V+725, Kathmandu 44600, Nepal",27.7006471,85.3426154,904.76
ChIJAffEnJwZ6zkRZWct52F0PiI,office,Juice Group Pvt Ltd,corporate_office,"P82V+63Q, Kathmandu 44600, Nepal",27.7005754,85.3427368,905.13
ChIJ2TsqFQAZ6zkRKUFCmY4_a5I,office,Grafiqo,corporate_office,"Himshikhar Marg, Kathmandu 44600, Nepal",27.6887377,85.3444394,905.71
ChIJI5J5TLsZ6zkRgUTM4CtSLpY,office,Barah Multipower,corporate_office,"M8VH+G73, Unnamed Road, Kathmandu 44600, Nepal",27.693758400000004,85.3281774,906.34
ChIJ0_gMvPwZ6zkRLcERHV1Kshs,office,Nakshatra Techno Hub Pvt Ltd,corporate_office,"Kathmandu 44600, Nepal",27.688624800000003,85.34445389999999,914.9
ChIJT_okZAAZ6zkRMOharn4NMbw,office,PKC & Associates Chartered Accountants,corporate_office,"M8QW+M2J, Kathmandu 44600, Nepal",27.6892195,85.3450235,918.81
ChIJH6Q_sogZ6zkRF-xg58ps6V8,office,Workmandu,corporate_office,"M8QV+CQM, Shantinagar Marg, काठमाडौँ 44600, Nepal",27.6886067,85.3444908,918.97
ChIJwYGjHZIZ6zkRaMZnJIeDqtA,office,Photo Galaxy,service,"Shantinagar 31, Sano Kharibot, काठमाडौँ 44600, Nepal",27.6889092,85.34477079999999,919.21
ChIJ_35PLM8Z6zkR0Tv1RvOwK9o,office,Medi Solution International,corporate_office,"M8QV+CRM, Kathmandu 44600, Nepal",27.6885958,85.34454319999999,923.69
ChIJbcaaQAAZ6zkRxYzNI5d68bM,office,Axis media and marketing pvt.ltd,corporate_office,"M8VH+G59, Kathmandu 44600, Nepal",27.6937839,85.3279909,924.63
ChIJ-4-gBo4Z6zkRUGElJHsYCQ0,office,TRAVELLERS POINT TOURS & TRAVELS PVT. LTD.,corporate_office,"M8QW+J2M, Kathmandu 44600, Nepal",27.689096,85.3450335,927.56
ChIJpVNkcQAZ6zkRzRqYEjXE-uQ,office,FranGlobal Nepal,corporate_office,"M8QH+VP7, Kathmandu 44600, Nepal",27.689665700000003,85.3292838,929.22
ChIJu1qUZKQZ6zkRmRgAC3cyMbw,office,Barun Hydropower Company Ltd,corporate_office,"Kathmandu 44600, Nepal",27.6949673,85.32799639999999,930.64
ChIJDxMUSLsZ6zkRs1EMpUXa1Dk,office,Siuri Nyadi Power Limited,corporate_office,"Kathmandu 44600, Nepal",27.693328,85.3279122,934.82
ChIJ9Tw9UpQZ6zkRIkXHAtLNrhU,office,Danphe Software Labs,corporate_office,"Kathmandu 44600, Nepal",27.6950105,85.3279433,936.42
ChIJA87upksZ6zkRoEorqttePcU,office,delight electrical engineering pvt.ltd,corporate_office,"M8QV+FW2, Kathmandu 44600, Nepal",27.6886427,85.3447613,936.89
ChIJpy4kBAAZ6zkRy-HijSj1-Z4,office,Nexshift Media and Events,corporate_office,"2 NCC Rd, Kathmandu 44600, Nepal",27.6855341,85.3368429,938.41
ChIJ6Ue2FQgZ6zkRI9jFCOpZZ10,office,ZENO Enterprises,corporate_office,"2 NCC Rd, Kathmandu 44600, Nepal",27.6855201,85.3368239,940.07
ChIJA_d5cBUZ6zkRxvVp9OCxQvQ,office,Ecarts,corporate_office,"M8RH+6FC, Madan Bhandari Road, Kathmandu 44600, Nepal",27.6905594,85.3286304,940.8
ChIJ322-TgAZ6zkRpcbZ7YBuXFc,office,National Security Institute,corporate_office,"Bhimsengola-31, Chowk Katyani Marg, काठमाडौँ 44600, Nepal",27.695114,85.346862,942.34
ChIJpT_5LgAZ6zkR-5gofaP_iiA,office,Tech Parivartan,corporate_office,"M8WW+2PX, Katyani Marg, Kathmandu 44600, Nepal",27.695123400000003,85.3468623,942.51
ChIJl0vMrq4Z6zkRAzuqjHp46cI,office,saralbooks,,"Kathmandu 44600, Nepal",27.6862532,85.3333636,943.8
ChIJnXCyli4Z6zkRbcKSXYQfK9Y,office,International job link pvt ltd,embassy,"44600 Sinamangal Rd, Kathmandu 44600, Nepal",27.7000522,85.3440912,946.3
ChIJCc-JWJsZ6zkRUzKB35SzqGw,office,WhPedia Education Pvt. Ltd.,corporate_office,"P82V+4GG, Kathmandu 44600, Nepal",27.7003022,85.34382389999999,948.6
ChIJKxTClKQZ6zkRYFcHRDdHbpQ,office,Chahana Media Pvt. Ltd,corporate_office,"M8WH+758, Kathmandu 44600, Nepal",27.6956696,85.32793989999999,948.68
ChIJq0uScgAZ6zkRy5Rhcwb9Ttg,office,Legal Operation Forum,corporate_office,"M8WH+757, टङ्कप्रसाद सडक, Kathmandu 44600, Nepal",27.6956587,85.3279338,949.02
ChIJcyw4SwAZ6zkRH37M3C4_Mhs,office,Dayaram Tower (Building),corporate_office,"M8PP+742, Shankhamul Marga, Kathmandu 44600, Nepal",27.6856327,85.3352565,949.27
ChIJe8vF8zEY6zkR-1rK3EsL0uE,office,Whetstone Associates,corporate_office,"Lamju Galli, Kathmandu 44600, Nepal",27.6861877,85.3333282,951.87
ChIJOfyLbQAZ6zkRJtlR7xj9dRc,office,Nawaraz,corporate_office,"M8RW+QP6, Kareshwor Marga, Kathmandu 44600, Nepal",27.6919128,85.3467809,953.17
ChIJkVjkYQAZ6zkRsyCpxG3CSRY,office,Suren food,corporate_office,"M8WW+5Q7, Kareshwor Marga, Kathmandu 44600, Nepal",27.6954024,85.34692799999999,953.64
ChIJmcp-DKQZ6zkRkyfDMSwBmF0,office,CDC Group Pvt. Ltd.,corporate_office,"Kathmandu 44600, Nepal",27.6987507,85.329343,953.88
ChIJS8CtN7sZ6zkRXYxXB9DvjQ8,office,Ngadi Group Power Ltd.,corporate_office,"M8VH+934, Kathmandu 44600, Nepal",27.6933978,85.3277105,954.08
ChIJJU5hMJ0Z6zkR7yRBHnXvraE,office,Aarati Sadan,corporate_office,"M8VH+W5M, टंक प्रसाद घुम्ती सडक, Kathmandu 44600, Nepal",27.6947825,85.32773069999999,954.43
ChIJAyj7HLQZ6zkR6MUNTwQnyp0,office,Bijeta International Painting & Decorative Pvt. Ltd.,corporate_office,"Bhimsengola-09, काठमाडौँ 44600, Nepal",27.7004096,85.3438018,956.07
ChIJlbAZrL8Z6zkRgtJKzwXRfDY,office,All Asia manpower,corporate_office,"M8RW+2C9, Kathmandu 44600, Nepal",27.690127,85.3460724,956.1
ChIJqxRZOAAZ6zkR5PBotXzp_P0,office,Upper Kabeli Hydro Project,corporate_office,"181 Devkota Sadak, Kathmandu 44600, Nepal",27.7023823,85.33950689999999,959.64
ChIJyTOjOm4Z6zkRBhtC3zZm0wY,office,Meitu Paints Head Office,corporate_office,"Kathmandu 44600, Nepal",27.6963288,85.3467546,959.83
ChIJe9JN2dQZ6zkRhcYeGtIP344,office,Mr & Miss Nepal For Disability,corporate_office,"M8XH+CMV, Kathmandu 44600, Nepal",27.6986117,85.32916469999999,960.08
ChIJ7YiDUeEZ6zkRuqMCsyEqYA4,office,AD voice pvt.ltd,corporate_office,"M8RH+J5X, Kathmandu 44600, Nepal",27.6916154,85.3279737,962.12
ChIJe9RpFQAZ6zkRoRYjdj44xGA,office,Momo Sansar,corporate_office,"M8WW+5RJ, Kareshwor Marga, Kathmandu 44600, Nepal",27.6954585,85.3470085,962.52
ChIJ1YMHAQAZ6zkR9bZfvv0d1JY,office,Research and Development Centre (RDC) - Nepal,corporate_office,"M8VH+73J, Kathmandu 44600, Nepal",27.6932202,85.32763779999999,962.71
ChIJ057cKQAZ6zkRvJiW-i2kowU,office,Pashupati Trade Link Pvt. Ltd.,corporate_office,"M8RH+G64, Bijulibazar Marg, Kathmandu 44600, Nepal",27.6912712,85.328074,963.8
ChIJIcupp5wZ6zkRjgenM6FlWik,office,Safeland Overseas Pvt. Ltd,corporate_office,"09 Battisputali Rd, Kathmandu 44600, Nepal",27.7005065,85.3438292,965.95
ChIJQWY7JwAZ6zkRN1ptxIiIj8M,office,Peace,corporate_office,"09 Battisputali Rd, Kathmandu 44600, Nepal",27.7005065,85.3438292,965.95
ChIJQx7RGoIZ6zkRLfxGJA9F6uI,office,Aarambha Engineering and Development Initiatives Pvt. Ltd.,corporate_office,"29 टंक प्रसाद घुम्ती सडक, Kathmandu 44600, Nepal",27.698274,85.328824,969.39
ChIJuwhUjL0Z6zkRQ7i0DoRzdfQ,office,Lexis & Legis Law Associates,consultant,"M8XH+GHX, Tanka Prasad Ghumti Sadak, Kathmandu 44600, Nepal",27.69784,85.32856000000001,969.64
ChIJTVPb_aAZ6zkRt8mUl3iXiwc,office,Optima Services,corporate_office,"Omkar Marga, Kathmandu 09771, Nepal",27.6943476,85.34722889999999,970.65
ChIJdWH1WQAZ6zkRWc087xGgYsY,office,phedikhola hydropower,corporate_office,"M8PM+VCJ, Kathmandu 44600, Nepal",27.6862891,85.33265639999999,971.52
ChIJPfqx6BAZ6zkRaU2pednZXao,office,Kshitij Trade International,general_store,"725, Tanka Prasad Sadak Anamnagar-29, Kathmandu 44600, Nepal",27.6988849,85.329218,972.44
ChIJ7waJC88Z6zkRtFuBkmzXZSo,office,Madani Media Network Pvt. Ltd.,corporate_office,"Kathmandu 44600, Nepal",27.686241400000004,85.33261,978.37
ChIJh5VYC6QZ6zkRTrOe3uz1VtA,office,Community Empowerment and Social Justice (CEmSoJ) Foundation,corporate_office,"M8XH+8GR, Kathmandu 44600, Nepal",27.6983531,85.3287682,978.52
ChIJT1JcLQAZ6zkRSVHZHp_HXf4,office,R &A Health & Hygiene Pvt.Ltd.,corporate_office,"M8PQ+5XF, Kathmandu 44600, Nepal",27.6854484,85.3399293,979.17
ChIJl42leIIZ6zkRiTVjCRi6ZFw,office,Indreni Builders,corporate_office,"M8PQ+5XF, Kathmandu 44600, Nepal",27.6854462,85.3399283,979.38
ChIJrXZdbQAZ6zkRpyM_MILa_C0,office,Peace Energy Company Ltd. (Hydro),corporate_office,"181 Devkota Sadak, Kathmandu 44600, Nepal",27.7025857,85.3394824,981.21
ChIJz1n6LcIZ6zkRaj7q7GdTyQs,office,Technology for Development Nepal (T4D Nepal),non_profit_organization,"Kathmandu 10900, Nepal",27.6987966,85.32903999999999,981.56
ChIJIXHylPgZ6zkRDzXVsE7i4XU,office,Imperial Law Associates,consultant,"4th Floor, Gravity Center (Big Mart Complex), Anamnagar-29, Purbi Gate, Kathmandu 44600, Nepal",27.6985343,85.3288176,984.57
ChIJ7b0cSgAZ6zkRKuy35SKbOxk,office,Life Science Meditech Pvt.Ltd,corporate_office,"M8WW+2W8, Kareshwor Marg, Kathmandu 44600, Nepal",27.6950459,85.34734230000001,988.25
ChIJld6SJyYZ6zkRt5jdwmMyiMw,office,Padaii Nepal Pvt. Ltd,corporate_office,"34, काठमाडौँ 44600, Nepal",27.6953148,85.34733229999999,991.38
ChIJ7_WqjKMZ6zkR5DwTj1WcL54,office,Energy Overseas Pvt.Ltd,corporate_office,"M8XH+HJV, Kathmandu 44600, Nepal",27.6989913,85.3290584,992.09
ChIJYxBAGAAZ6zkRfcmlqcuZR6s,office,IME Remittance,corporate_office,"M8XH+GHV, Kathmandu 44600, Nepal",27.6988587,85.328929,994.48
ChIJp0tQzc4Z6zkRsLYUIcIx2k0,office,Nepali freelancer,corporate_office,"P83Q+574, Kathmandu 44600, Nepal",27.7028799,85.3382068,995.18
ChIJxyzZ3YMZ6zkRg4m-E4us_FU,office,Sahara Law Firm (सहारा ल फर्म),corporate_office,"M8VG+8V5, Kathmandu 44600, Nepal",27.69327,85.3272442,1000.89
ChIJHwKYUZgZ6zkRgiGG9eromxk,office,Jay Maa Medical,corporate_office,"M8VX+93V Kanxa_dai, Kanxa_dai, Jagritinagar Marga, Kathmandu 44600, Nepal",27.6934754,85.34756519999999,1004.25
ChIJnR2ZplQd6zkRf2eUzxuiAPw,office,"Nepal Electricity Authority, Budhanilkantha Sub-Distribution Centre",corporate_office,"Nea office, Budhanilkantha 44600, Nepal",27.6850261,85.3390426,1006.8
ChIJgflU_6MZ6zkR5mjuJgpU_4E,office,Nepal Eventwalas,corporate_office,"M8XH+RM3, Kathmandu 44600, Nepal",27.6995163,85.32917719999999,1016.83
ChIJ5S4Q0cAZ6zkR3TdtLkercIo,office,Jaya Durge Engineering & Construction Pvt Ltd,corporate_office,"Kathmandu 44600, Nepal",27.6927045,85.34764009999999,1019.78
ChIJ22NmitUZ6zkRGMDjUAGZNvc,office,Ekata Bhawan,corporate_office,"Unnamed Road, Kathmandu 44600, Nepal",27.6891468,85.3461986,1019.97
ChIJqeWxBwAZ6zkRFUFqAZjsYM0,office,Ivara Innovation,corporate_office,"M8VW+PWQ Om Kareshwor, Kathmandu 44600, Nepal",27.6937109,85.3477949,1025.79
ChIJ0y_LzPYZ6zkRTt7hSDZanZA,office,Research & Development Foundation (RNDF),corporate_office,"Kathmandu 44600, Nepal",27.7024708,85.34140269999999,1025.89
ChIJnVndkQMZ6zkRZ4qcee9P6xk,office,Sana Kisan Bikas Laghubitta Bittiyasanstha Ltd Central Office,corporate_office,"arch bridge baramahal, Opposite kwality restaurant, Kathmandu 44600, Nepal",27.6901884,85.3278638,1026.53
ChIJb5mz-AkZ6zkRWaGbkOSi65Q,office,Education Diet,corporate_office,"P83P+53V, Kathmandu 44600, Nepal",27.7029963,85.3351806,1027.86
ChIJn08K4N8Z6zkRoC8vPIkNF6E,office,Karnali Jalsrot Limited,corporate_office,"M8XH+QHM, Kathmandu 44600, Nepal",27.6994673,85.328936,1032.55
ChIJN7kRUAAZ6zkRNON7KFEZ6iM,office,Pro International Manpower,corporate_office,"P83Q+7GP, Kathmandu 44600, Nepal",27.703215,85.33882,1038.83
ChIJN3QS8REZ6zkRCMBCU0_kZ4U,office,Purple Fox event,corporate_office,"Kathmandu 44600, Nepal",27.6994527,85.32882269999999,1040.6
ChIJzZOpSroZ6zkRJyYqxxlpkS8,office,Innovative Traverse Pvt.Ltd(Engineering Consulting Service),corporate_office,"M8VX+45R, Kathmandu 44600, Nepal",27.6928549,85.3479012,1043.15
ChIJtb91RUYZ6zkRQAIRozBWMt8,office,Merojob Parking,corporate_office,"M8PR+5QW, Kathmandu 44600, Nepal",27.6854843,85.3419545,1044.55
ChIJk1oDBpcZ6zkRFwSzqCeaTAw,office,Samrajya Multimedia Studio-SMS,corporate_office,"M8PR+7XP, Kathmandu 44600, Nepal",27.6857524,85.3425479,1044.91
ChIJ1aXGSr4Z6zkR_JiMOxnZA5M,office,Aayush And Co,corporate_office,"M8PM+54H, Kathmandu 44600, Nepal",27.6854345,85.3328604,1047.24
ChIJR_4XQAAZ6zkR-dTP6bj-U5Y,office,Smartx Tactive Pvt Ltd,corporate_office,"P83P+74W, Rudra Mati Marg, Kathmandu 44600, Nepal",27.7032126,85.33528659999999,1049.28
ChIJHygPDAAZ6zkREFAs_heJcKw,office,Bgkhabar,corporate_office,"M8MR+W2G, Kathmandu 44600, Nepal",27.6848143,85.34006939999999,1050.87
ChIJN-cl1aEZ6zkRRdCWmOxIcno,office,Mobile Application Solutions Pvt. Ltd.,corporate_office,"P83M+5JQ, Kathmandu 44600, Nepal",27.7029611,85.3341154,1051.22
ChIJiXG7EAAZ6zkRhYuAUg8bFnE,office,SHIVAM CEMENT LIMITED,corporate_office,"M8VG+8MW, Kathmandu 44600, Nepal",27.6933521,85.3267067,1053.03
ChIJhxAlTJwZ6zkRityKMiGu7SI,office,Roshan Lab,corporate_office,"P83R+4FM, Kathmandu 44600, Nepal",27.7028295,85.3411754,1054.66
ChIJ03DnZzgZ6zkRJEqNoDS1MFI,office,Nepal Telecom Babarmahal (नेपाल टेलिकम बबरमहल),corporate_office,"M8VF+9PV, Kathmandu 44600, Nepal",27.6913605,85.3270115,1060.99
ChIJ09g8LtsZ6zkRd2G0SuCFPJg,office,Orgiance Tech Nepal,corporate_office,"M8PV+74G, Kathmandu 44600, Nepal",27.6856782,85.342826,1065.63
ChIJValhfwAZ6zkRSNFoCF9dma8,office,SEWA coperative,corporate_office,"M8QW+PP4, 2 शान्ति नगर मार्ग, Kathmandu 44600, Nepal",27.6892485,85.3468089,1065.98
ChIJ9c0hxs8Z6zkRRh_-C55YH_g,office,Advance Education & Innovative Research Center (AEIRC),corporate_office,"Near, Bijuli Bazar Bridge, Kathmandu 44600, Nepal",27.6905038,85.3272578,1068.15
ChIJLe5MHnAZ6zkRgnUBlG9Kbvw,office,Paywell Nepal Pvt. Ltd.,corporate_office,"Marpha House, Anamnagar, टंक प्रसाद घुम्ती सडक, Kathmandu 44600, काठमाडौँ 44660, Nepal",27.6995493,85.328538,1069.62
ChIJP09DTJwZ6zkR3JhyP9tbQf4,office,Millenia Global Pvt.Ltd.,corporate_office,"Battisputali Rd, Kathmandu 44600, Nepal",27.7029817,85.3412017,1071.41
ChIJ19G0HFQZ6zkRfGR9ekn0GVs,office,Zest Ideology Saving & Credit Co-operative Ltd.,corporate_office,"Unnamed Road, P83M+7PW, काठमाडौँ 44600, Nepal",27.7032301,85.3343276,1073.7
ChIJQYle4rsZ6zkRYM0SUIBp5cw,office,Rastriya Prasaran Grid Co Ltd,corporate_office,"District Coordination Committee Building, Kathmandu 44600, Nepal",27.6882744,85.3285431,1075.51
ChIJqZD6s1MZ6zkRB2snR6FnGrk,office,Seto Ganesh Saving and Credit Co-operative Ltd.,corporate_office,"Roca, Kathmandu 44600, Nepal",27.7032869,85.33430010000001,1080.52
ChIJD5kPhJ8Z6zkRLqUjGLnN8O8,office,VisaDirect Migration and Education Services,corporate_office,"P83M+9V3, Kathmandu 44600, Nepal",27.7033938,85.3346723,1082.33
ChIJbWaOSQAZ6zkRtm0VRxqMLeo,office,Atlantic Holidays,corporate_office,"1 Battisputali Rd, Kathmandu 44604, Nepal",27.7031959,85.3408659,1082.81
ChIJyePZEwAZ6zkR6PqLjgTLVCA,office,Subodh P. & Associates,corporate_office,"M8MM+VF8, Shankhamul Marga, Kathmandu 44600, Nepal",27.684771,85.3336944,1084.3
ChIJqdGH3K4Z6zkRrMzdyjE4mEA,office,Company Darta Kendra,corporate_office,"Kathmandu 44600, Nepal",27.7003131,85.3290191,1084.73
ChIJud8TfgAZ6zkR61DGh0eRCA0,office,Camp For Nepal,corporate_office,"M8QW+9J9, Kathmandu 44600, Nepal",27.688408300000003,85.34660339999999,1098.08
ChIJW3s3VgAZ6zkREyMQRsu-m8I,office,Bistra Pharma Link Pvt Ltd,corporate_office,"Kathmandu 44600, Nepal",27.698695,85.3472001,1100.9
ChIJizUdKQ4Z6zkRQrXWWHHpiCM,office,APAR,corporate_office,"Baneswor Shankhamul Marga Sh shankhamul oralo just at the end of turning, काठमाडौँ 44600, Nepal",27.6845942,85.333671,1103.6
ChIJ76ws0YAZ6zkRqugx_g7HtUo,office,Nepdemy Education Pvt. Ltd,corporate_office,"M8MM+QMF, Shankhamul Brg, Kathmandu 44600, Nepal",27.6844471,85.334181,1103.69
ChIJPzoDZIMZ6zkRFIBYLInYkGY,office,Idea Vest Pvt. Ltd.,corporate_office,"M8XW+FVX, Unnamed Road, Kathmandu 44600, Nepal",27.698728,85.3472201,1104.39
ChIJH6jOy50Z6zkRFLjk9VYLVow,office,Sonapur Minerals & Oil Ltd. (Head office),corporate_office,"Wisdom Tower, Trikuti Colony, Kathmandu 44600, Nepal",27.7034786,85.3405909,1104.62
ChIJnUa22r8Z6zkRO2lsp8Gs2nw,office,Engineering Adda Nepal,corporate_office,"M8MM+RFM, New Baneshwor Rd, Kathmandu 44600, Nepal",27.6845811,85.3336815,1104.64
ChIJjR4FKwAZ6zkR_1pKFDOwQXM,office,Matrinagar,corporate_office,"P8GF+G8G, Kathmandu 44600, Nepal",27.6996555,85.3281387,1108.56
ChIJxS3uLUoZ6zkRQUNo3TsAd9U,office,Tayal Group,corporate_office,"Wisdom Tower, Trikuti Colony, Kathmandu 44600, Nepal",27.703557,85.34061109999999,1113.54
ChIJEYh91VMZ6zkR6jGrMUCa5TI,office,Kamla Polythene & Plastic Ind. Pvt. Ltd,manufacturer,"Kathmandu 44600, Nepal",27.6852831,85.33169219999999,1115.58
ChIJd9kXyHUZ6zkRV3q5kBwu11A,office,TUNDI SHEC JV,corporate_office,"Unnamed Road, Kathmandu 44600, काठमाडौँ 44600, Nepal",27.6979782,85.32698839999999,1116.41
ChIJH6mqb5kZ6zkRUMyqifRQEgU,office,Computer Based Exam Center,corporate_office,"Basanta Marg, Kathmandu 44600, Nepal",27.6906981,85.3266474,1117.23
ChIJjZmkfpIZ6zkRXTdq6M031Hc,office,Prabhu Complex,corporate_office,"M8PV+9PW, Kathmandu 44600, Nepal",27.6859902,85.3443302,1119.66
ChIJry0rOS0Z6zkRQi9R00P1C_g,office,Grab Eat pvt. Ltd.,corporate_office,"M8MM+W35, Kathmandu 44600, Nepal",27.6847553,85.3327365,1120.99
ChIJXc_YtNoZ6zkR1liHLvfG9Sk,office,Arches Solution,corporate_office,"M8XH+V58, Tanka Prasad Ghumti Sadak, Kathmandu 44600, Nepal",27.6996558,85.32796719999999,1122.48
ChIJNzPJW3MZ6zkRgPR3YKupmb8,office,Siddhartha Trading House Limited,corporate_office,"Unnamed Road, M8PJ+3MM, काठमाडौँ 44600, Nepal",27.6852191,85.3316637,1123.14
ChIJS1xsXwAZ6zkRpESgBECX5Z4,office,Harihar Law Firm & Research Center,corporate_office,"M8QG+MJW, Basanta Marg, Kathmandu 44600, Nepal",27.6890349,85.3274203,1123.18
ChIJ6-hm8oUZ6zkRLfYrFGr4UtQ,office,PDP Nepal,corporate_office,"Sinangal,, M8WX+4FF, काठमाडौँ 44600, Nepal",27.695323,85.34868589999999,1123.41
ChIJqSEbbgAZ6zkR3bLJJ5kaUR0,office,ProjectNexus,corporate_office,"M8QW+JXC, Shantinagar Marg, काठमाडौँ 44600, Nepal",27.6891131,85.34739379999999,1123.64
ChIJd1ufZQAZ6zkR9pUpE28gUic,office,Ravija enterprises,corporate_office,"M8MQ+G7Q, Shrinagar Madhya Marga, Kathmandu 44600, Nepal",27.6838538,85.3382006,1126.66
ChIJMbJZDQAZ6zkR4wF_N-Voldo,office,Pioneer Group,corporate_office,"P83V+52G, सुर्य बिक्रम ज्ञवाली मार्ग, Kathmandu 44600, Nepal",27.7029824,85.3426915,1131.35
ChIJMRLbBQAZ6zkRAQaFqREgN6I,office,North Summit Hydro Limited,corporate_office,"M8RG+5J8, Basanta Marg, Kathmandu 44600, Nepal",27.6904161,85.32658690000001,1133.38
ChIJRxuvXAAZ6zkRTigyt6TuimQ,office,Rani Films,corporate_office,"M8QG+JW6, Kathmandu 44600, Nepal",27.689045,85.3272805,1134.68
ChIJM9tX278Z6zkRA2fO2aQMYNE,office,Wedding Sansar,corporate_office,"Shankhamul Marga, Kathmandu 44600, Nepal",27.684292100000004,85.3336849,1134.92
ChIJ8Q_UfgAZ6zkR5rEIgZk4soo,office,Panacea,corporate_office,"P83J+3H4, Kathmandu 44600, Nepal",27.7026985,85.3314214,1135.03
ChIJY-EJf5IZ6zkR6AEO5gBUe30,office,Jagdamba Cement,corporate_office,"Subidha Naga, M8PV+9RC, Sat Marga, Kathmandu 44600, Nepal",27.6859341,85.34452739999999,1136.53
ChIJa4J11KkZ6zkRIQSQ8rYB4dY,office,KTM Techies Pvt. Ltd.,corporate_office,"Shankhamul Marga, Kathmandu 44600, Nepal",27.6842808,85.33365769999999,1136.97
ChIJvR92f5IZ6zkRl58Vb0I1diI,office,Sarbottam Cement Limited,corporate_office,"Neupane Tower, 5th Floor, काठमाडौँ 44600, Nepal",27.6859353,85.3445763,1139.41
ChIJV_e0f5IZ6zkRqwYJLERsLGs,office,KVDA Office,corporate_office,"M8PV+8QX, Shri Ganesh Marg, Kathmandu 44600, Nepal",27.6858545,85.3444796,1140.6
ChIJgWbwsZ0Z6zkRQVwBbGugstw,office,Ishwari Travels And Tours,corporate_office,"P83R+FG2, Jyoti Marg, Kathmandu 44600, Nepal",27.7036379,85.3412676,1142.17
ChIJx96iXrkZ6zkRMmcc-LuzhLg,office,ikauda inc,corporate_office,"M8QH+469, Kathmandu 44600, Nepal",27.6877995,85.3280966,1142.24
ChIJSVnzSmwZ6zkRJ5UYNCCEIPA,office,TechSathi,corporate_office,"Pargati Nagar Road, Kathmandu 44600, Nepal",27.6902023,85.3265814,1142.37
ChIJK8kjAgwZ6zkRAUHq4qUGG5I,office,360 Transport Solution,corporate_office,"P83R+G79, Kathmandu 44600, Nepal",27.7037996,85.34073269999999,1142.82
ChIJYxK2BwAZ6zkRdKtEJURzNVg,office,Ghatal Wires Industries Pvt. Ltd.,corporate_office,"P83Q+MM4, Lal Bahadur Bum Marg, Kathmandu 44600, Nepal",27.7041264,85.3391896,1144.4
ChIJJQBnw78Z6zkROUUHjKz1lw0,office,Glaze Entertainment Studio,corporate_office,"Shankhamul Marga, Kathmandu 44600, Nepal",27.6842092,85.3335809,1146.95
ChIJJQBnw78Z6zkRTKxZ0rXRoDQ,office,Jupiter Consortium,corporate_office,"M8MM+MCP, Shankhamul Marga, Kathmandu 44600, Nepal",27.6842092,85.3335809,1146.95
ChIJkRz75dYZ6zkRPhXsLhGuyII,office,Clicksdom,corporate_office,"Kathmandu 44600, Nepal",27.6930544,85.34899539999999,1148.04
ChIJRU4GmZ4Z6zkRgkNj320Fero,office,Nepalikart Pvt. Ltd.,corporate_office,"Tinkune जनता सडक near VS Niketan College Kathmandu, जनता सडक, काठमाडौँ 44600, Nepal",27.6852751,85.34369699999999,1148.68
ChIJ70VYaVcZ6zkR2kJwK4yZRz0,office,Tamrakar bhushan,corporate_office,"Kathmandu 44600, Nepal",27.684812500000003,85.3319375,1149.68
ChIJHe6ghqAZ6zkRJfSX_sFo6F8,office,Target Mainpower,corporate_office,"M8XX+C53, Kathmandu 44600, Nepal",27.6985078,85.3479294,1155.2
ChIJA5HDWfQZ6zkRzNH_XnBsEKs,office,BSP Proficiency Pvt ltd,corporate_office,"Kathmandu 44600, Nepal",27.6846976,85.342961,1167.36
ChIJexHLAp0Z6zkRZE5nlMlaynk,office,Manokamana Modern Engineering Pvt. Ltd,corporate_office,"P83V+83V, सुर्य बिकर्‍म ज्ञवाली मार्ग, Kathmandu 44600, Nepal",27.7033502,85.3426868,1167.56
ChIJM8ukcEgZ6zkRH1OUVl3UXuQ,office,Toreva Pharmaceuticals Pvt. Ltd.,corporate_office,"P83R+HG3, Kathmandu 44600, Nepal",27.7038831,85.34131149999999,1169.32
ChIJqbNlp0EZ6zkRxzn2d6jkUP8,office,Yashodhara Sadan,corporate_office,"Madhya Marg, Kathmandu 44600, Nepal",27.6846287,85.33186189999999,1171.24
ChIJlUYeEwAZ6zkRSy1IwaDOYa8,office,Sagarmatha Multi Service Pvt Ltd,corporate_office,"M8MV+XC5, जनता सडक, Kathmandu 44600, Nepal",27.6848861,85.3436115,1180.88
ChIJ3ZFgBL8Z6zkR7j7QLXxMnCA,office,Jaya Buland Nirman Company,corporate_office,"M8MJ+WFQ, Kathmandu 44600, Nepal",27.6848409,85.3312246,1181.32
ChIJUS2eLgAZ6zkRL1hD0V0SD_k,office,मेचीमहाकाली लिगल सर्भिस/Mechhimahakali Legal Service,corporate_office,"M8RG+5CF, Kathmandu 44600, Nepal",27.69045,85.3260406,1182.71
ChIJyxTvTEAZ6zkRzbXJt1zhtSg,office,Mebhu online store- Logistic Dept.,corporate_office,"The New Summit School, Kathmandu 44600, Nepal",27.7039388,85.33319259999999,1183.7
ChIJ70jASwAZ6zkRRmCdzIqVoxE,office,K and B Legal Service Center/के एण्ड बि लिगल सर्भिस सेन्टर,corporate_office,"M8RG+6C4, Radha Krishna Marg, Kathmandu 44600, Nepal",27.6904274,85.3260268,1184.83
ChIJvXJ048UZ6zkRSae4A6mauCA,office,Brand Worth,corporate_office,"Shri Ganesh Marg, Kathmandu 44600, Nepal",27.6853885,85.3445347,1185.19
ChIJvbw6-CYZ6zkRBLlSH8osc50,office,ULPU Skins,corporate_office,"Kathmandu 44600, Nepal",27.6833564,85.3387371,1186.61
ChIJoZFAULoZ6zkR_LU_Aa-jpPg,office,Star Force Security Pvt.Ltd.,corporate_office,"Babarmahal 11, काठमाडौँ 44600, Nepal",27.6903335,85.3260304,1188.0
ChIJ6QWLfo0Z6zkRL2MZ3FT5f0E,office,Brajeshwori Group,corporate_office,"Brajeshwori Group, 35, Tinkune, काठमाडौँ 44600, Nepal",27.6854761,85.34480599999999,1193.54
ChIJ37Iy0pwZ6zkR52PcWhk4_DY,office,Gatishil Overseas Pvt.Ltd.,corporate_office,"P83V+4P5, Kathmandu 44600, Nepal",27.7027522,85.3443527,1194.59
ChIJYcvtVgAZ6zkRVhBFxdEGxJ0,office,Skyline Park Chowk,corporate_office,"M8PH+W49, Kathmandu 44600, Nepal",27.6872913,85.3278515,1195.84
ChIJ0wG0Wd4Z6zkRR2cXVSi-ZD4,office,Yadav and Yadav Group Pvt. Ltd.,corporate_office,"M8MV+WF9, Kathmandu 44600, Nepal",27.6847982,85.343744,1196.03
ChIJl0lVWkkY6zkR_X4Pjwj1gYE,office,United Engineering Solutions Pvt. Ltd.,corporate_office,"Kathmandu 44600, Nepal",27.6842795,85.3427598,1199.7
ChIJZXxHAAAZ6zkRibFsVrxl1n8,office,Hive Trading and Sourcing Pvt. Ltd.,corporate_office,"Kathmandu 44600, Nepal",27.6842581,85.33200670000001,1201.55
ChIJ6SMFKwMZ6zkRll4i61coT4U,office,युनाइटेड ईन्जिनियरिङ् सोलुसन्स प्रा. लि.,corporate_office,"Kathmandu 44600, Nepal",27.684256,85.34285109999999,1206.03
ChIJ_QlCZW8Z6zkRSseyKrY3p-U,office,Siddhagadi Enginners & Builders Pvt. Ltd.,corporate_office,"M8PV+2RM, Shri Ganesh Marg, Kathmandu 44600, Nepal",27.6850928,85.3445334,1211.71
ChIJjUdnC00Z6zkR2mSXA7I7HEw,office,Alpha Teds Technology Pvt Ltd,corporate_office,"Kathmandu 44600, Nepal",27.7040852,85.3328267,1211.83
ChIJsxexl1IZ6zkRrLdW6btDDHQ,office,AHI,corporate_office,"M8PH+9J5, Bhawana Marg, Kathmandu 44600, Nepal",27.6858733,85.32912689999999,1211.98
ChIJqRdrF-MZ6zkRXN7cF7hGn8w,office,Garage Inc. HQ,corporate_office,"Kathmandu 44600, Nepal",27.685435,85.3296787,1213.9
ChIJaSZCrJoZ6zkR5BfQRaaCw-M,office,United World Manpower Pvt. Ltd.,corporate_office,"Sinamangal Marg, Kathmandu 44600, Nepal",27.6986504,85.3485188,1214.37
ChIJ3drQYfsZ6zkRZT4XFWNAsS4,office,Peoples Hyropower Pvt Ltd,corporate_office,"M8PH+R4J, Kathmandu 44600, Nepal",27.687108,85.3277691,1214.89
ChIJyehqEp4Z6zkR8zP-4FgC2qE,office,Baba Print World (P) Ltd,corporate_office,"Ram Mandir Marg 395, Kathmandu, 403 Ram Mandir Marg, काठमाडौँ 44600, Nepal",27.7048357,85.3387841,1217.2
ChIJH1GreesZ6zkRyW6wICgOakI,office,Yuktee Management,corporate_office,"M8WX+JV8, Kathmandu 44600, Nepal",27.6968185,85.3493262,1218.36
ChIJj-OsBdcZ6zkRPGBtFKx0y14,office,Infrastructure Research and Design Atelier Pvt. Ltd.,corporate_office,"P83M+J2Q, Maiti Devi Marg, Kathmandu 44600, Nepal",27.7040814,85.332622,1219.04
ChIJef0XNgAZ6zkRRi_sSXsP1T4,office,Job Placement Manpower,corporate_office,"M8XX+GC2 Job Placement Manpower, Kathmandu 44600, Nepal",27.6987625,85.3485156,1219.49
ChIJ0UoE6B8Z6zkROkPsZBTD-Qg,office,GNC,corporate_office,"M8PH+3WX, Kathmandu 44600, Nepal",27.6852311,85.3298571,1220.96
ChIJrU2G3ucZ6zkRjkMWNkWBDYs,office,Elite HR Solution,corporate_office,"3 Sinamangal Rd, Kathmandu 44600, Nepal",27.6983829,85.3487351,1221.36
ChIJ9SFmRAAZ6zkRaugjhJGcCp4,office,The River Complex,corporate_office,"P83V+G59, Kathmandu 44600, Nepal",27.7037826,85.342996,1224.2
ChIJM-eLbqEZ6zkRnTCZDxOLO-s,office,AERA Consultant (P.) Ltd.,corporate_office,"385 Basanta Marg, Kathmandu 44600, Nepal",27.6899856,85.32578269999999,1224.39
ChIJwy-LqOMZ6zkR3GWf512L86c,office,sky cable tv pvt ltd,corporate_office,"P83P+XHP, Rudra Mati Marg, Kathmandu 44600, Nepal",27.7049627,85.33646619999999,1226.75
ChIJF6T1oA4Z6zkRmvf0SNzwjVA,office,Insurance Bazaar,corporate_office,"P83J+HQC, Maiti Devi Marg, Kathmandu 44600, Nepal",27.703945,85.3318963,1234.58
ChIJCc0JuZQZ6zkRyBt9LbEySKo,office,IBSYS Nepal/ Sudarsan TV Network,corporate_office,"P84Q+2G6, Ram Mandir Marg, Kathmandu 44600, Nepal",27.7050414,85.3387715,1239.79
ChIJeRu9zc4Z6zkRVPpii0Ha8xI,office,DoHoot Media,corporate_office,"M8XX+7JJ, Kathmandu 44600, Nepal",27.6982059,85.3490303,1240.39
ChIJiw32IwAZ6zkR3-ed1NjSBbQ,office,Federation of sudi Samaj Nepal,corporate_office,"P83V+J53, Kathmandu 44600, Nepal",27.7040034,85.3429268,1243.14
ChIJ2xaAniAZ6zkRL-jcMcn14K0,office,Samartha International Infosolutions Pvt Ltd,corporate_office,"10 Panchabuddha Marg, Kathmandu 44600, Nepal",27.687064600000003,85.3274141,1245.28
ChIJU-Kk2YcZ6zkRanh3mk-hsEg,office,"A.I. Associates, Chartered Accountants",corporate_office,"M8MV+VRC, Gyanodaya Marg, Kathmandu 44600, Nepal",27.6846914,85.3445072,1246.85
ChIJHWbBXQAZ6zkRdfg0dyyMZNA,office,Sunrise H.R. Solution Pvt.Ltd.,service,"Kathmandu 44600, Nepal",27.697693,85.3493857,1252.79
ChIJHxGNK7kZ6zkRrY7KXEfrh-c,office,Lamputer Media,corporate_office,"M8PH+6HC, Kathmandu 44600, Nepal",27.6855535,85.32889349999999,1253.79
ChIJN7sfhMwZ6zkR_sZoDs9tDog,office,Sutra For Leaders (सुत्र फर‌ लिडर्स),corporate_office,"M8PH+8C5, Kathmandu 44600, Nepal",27.6857723,85.3286145,1254.49
ChIJc4hmzHMZ6zkRIrPHi9-HLXM,office,JOB PLUS CAREERS OVERSEAS PVT.LTD.(ORCHID OVERSEAS PVT. LTD.),service,"P84Q+3HH, Kathmandu 44600, Nepal",27.7051653,85.33899269999999,1256.05
ChIJKbPzAWAZ6zkRU_LBOnA-rx8,office,Vriya Technology Pvt. Ltd.,corporate_office,"334 Shree Nagar Marg 77, काठमाडौँ 44600, Nepal",27.682662,85.3369712,1256.92
ChIJedPuvpIZ6zkRoROY8NjiKfc,office,AKARA MATERIALS TESTING LAB,corporate_office,"M8MV+JC3, Kathmandu 44600, Nepal",27.6840001,85.3435535,1263.34
ChIJvZmaqI0Z6zkRZyJTIk9LUWw,office,Dial Up Media Pvt. Ltd.,corporate_office,"M8PW+CJH, Kathmandu 44600, Nepal",27.686059,85.3466077,1263.86
ChIJU4fmJ0MZ6zkRRx_hilyQauo,office,EverestKart,corporate_office,"Kathmandu 44600, Nepal",27.6873823,85.3269071,1264.22
ChIJXS6xta4Z6zkRMlbId91uIhY,office,Best Business Solution Nepal Pvt. Ltd.,consultant,"M8MV+MMR, Kathmandu 44600, Nepal",27.6842755,85.3441292,1265.4
ChIJ00mdoeMZ6zkRbB4WhJxlv_w,office,Axis Investment and Development Pvt Ltd,corporate_office,"Kathmandu 44600, Nepal",27.688320500000003,85.3485505,1266.05
ChIJTUBVH4wZ6zkR5Kcy83ZuQro,office,Nepal Meditech & Surgitech,corporate_office,"M8QX+8CF, Sairam Marg, Kathmandu 44600, Nepal",27.6883196,85.34855879999999,1266.81
ChIJ_ZvzxpgZ6zkROwPoE5KrwvI,office,Eworks Nepal,corporate_office,"M8PG+RV6, BhriguMarg, Kathmandu 44600, Nepal",27.6870321,85.3271532,1267.81
ChIJaz_Yg58Z6zkRwJX1uQfBp4s,office,Technomaze & Brainwave ICT,corporate_office,"Kathmandu 44600, Nepal",27.7051799,85.33494329999999,1270.45
ChIJMXDeOHsZ6zkRz4Nvw1GguV4,office,Alphateds : A Data Company in Nepal,corporate_office,"POLICE BIT, Kathmandu 44600, Nepal",27.7051799,85.33494329999999,1270.45
ChIJV4-7cQAZ6zkRE4aaMBMrUvc,office,Axis Medibiz,corporate_office,"M8QX+7C8 Tinkune (Near ISMT college, Kathmandu 44600, Nepal",27.6881545,85.3485741,1277.3
ChIJHYblbpMZ6zkRI3vhAASqyk8,office,Guna airlines,corporate_office,"Alok Nagar Marg, Kathmandu 44600, Nepal",27.6962584,85.3501191,1280.01
ChIJH8sL-SIZ6zkRdK2UWBVpmEU,office,Anima Shrestha,corporate_office,"M8XX+5RG, Kathmandu 44600, Nepal",27.6979435,85.3495793,1280.15
ChIJj7szgEAZ6zkRuAzlKxHJyZw,office,Legal Links & Consultancy,corporate_office,"M8PG+VQ2, Kathmandu 44600, Nepal",27.687148,85.326897,1280.27
ChIJ_36tK4QZ6zkRK63aibXqDaI,office,Himal danphe logistics Pvt. Ltd.,corporate_office,"M8XX+4RX, Sinamangal Rd, Kathmandu 44600, Nepal",27.6978647,85.34961349999999,1280.32
ChIJmeBtW_8Z6zkRa6YwL2DboR0,office,Gajabko,corporate_office,"P82G+4JW, Kumari Galli 2, Kathmandu 44600, Nepal",27.7003703,85.32656449999999,1281.38
ChIJp4PdYwAZ6zkR_Ymapl5Vumk,office,Notary Public 123,corporate_office,"M8VF+CP4, Kathmandu 44600, Nepal",27.6935107,85.32431389999999,1287.42
ChIJ4SIeGD8Z6zkRz0xJOoHvPN4,office,NREMCN,corporate_office,"M8VF+CP4, Kathmandu 44600, Nepal",27.6935108,85.32431389999999,1287.42
ChIJMwfqRjoZ6zkRISDnzy4WcB0,office,Business Solutions,corporate_office,"Kathmandu 44600, Nepal",27.6934785,85.32431040000002,1287.91
ChIJ4f27QyYZ6zkRdLok-CcxUeg,office,Lovely Engineering Consultant Pvt. Ltd,corporate_office,"Alok Nagar Marg, Kathmandu 44600, Nepal",27.6841525,85.3444935,1296.09
ChIJ5z4YZQAZ6zkRRD-2qK8oDac,office,RajShree sinamangal ktm,corporate_office,"M8XX+3WG, Sinamangal Rd, Kathmandu 44600, Nepal",27.6977047,85.3498506,1296.48
ChIJx-jJf5IZ6zkRDXDod6QHirI,office,काठमाण्डौँ उपत्यका विकास प्राधिकरण,corporate_office,"P82G+3FF, Kathmandu 44600, Nepal",27.7001842,85.32616449999999,1303.18
ChIJ_cPZ3FYZ6zkRKoJui4GUgUM,office,Royal Pharmaceuticals pvt ltd.,corporate_office,"Bijay Chok, Kathmandu 44600, Nepal",27.7031127,85.34573089999999,1308.34
ChIJf0KJxOcZ6zkRR8HSH6GCG6Q,office,Bhairab International Manpower Service Pvt. ltd,corporate_office,"P83W+5C6, Kathmandu 44600, Nepal",27.7029038,85.34601529999999,1308.37
ChIJYVMjbAAZ6zkRmS08BzCedS8,office,Sripurnachandi Enterprises,corporate_office,"P83J+PCF, Kathmandu 44600, Nepal",27.704307900000003,85.33104379999999,1308.85
ChIJRzkWjaAZ6zkRdDbWFAZ5gr0,office,Yoursmedia,corporate_office,"P83J+QFP, Dilli Bazaar Rd, Kathmandu 44600, Nepal",27.7044552,85.3311926,1316.43
ChIJ32dqK-UZ6zkRCu-oc3JJ2Gk,office,scubenepal,corporate_office,"P83J+P9M, Dilli Bazaar Rd, Kathmandu 44600, Nepal",27.7043283,85.3309252,1316.45
ChIJQX-820MZ6zkRwNyrNzZ5Zh4,office,Nightmare Games,corporate_office,"Jamuna Galli, Kathmandu 44600, Nepal",27.7014103,85.34779329999999,1318.1
ChIJUaySexMZ6zkRhRT1DpaAerg,office,Techno Food Consult Pvt Ltd,corporate_office,"M8QX+RW8, Kathmandu 44600, Nepal",27.6895325,85.34982540000001,1320.56
ChIJWfoF-TkZ6zkRGPNV7dxMWwE,office,Dinesh Nepali,service,"Kathmandu 44600, Nepal",27.6881408,85.3491052,1323.43
ChIJ9_M3np0Z6zkRmORZf3yppjs,office,SARP Consultancy,corporate_office,"M8MH+VGX, Kathmandu 44600, Nepal",27.6847305,85.328859,1325.57
ChIJmxskEIQZ6zkRyn0DNHcqT0w,office,RACE International HR,corporate_office,"P83W+3J5, Kathmandu 44600, Nepal",27.702645,85.34660319999999,1325.59
ChIJySIVubgZ6zkRIlO-8qXgtYw,office,3 Star Boys hostel,corporate_office,"M8PG+MM5, BhriguMarg, Kathmandu 44600, Nepal",27.686631700000003,85.3267212,1328.68
ChIJrzlU2_EZ6zkRznnyFMIWtG4,office,Pentagram Technical Engineering Consultancy Pvt. Ltd. (PTEC),corporate_office,"Rudra Mati Marg, Kathmandu 44600, Nepal",27.7059045,85.3367418,1329.65
ChIJ730tOncZ6zkRudb8apULoGw,office,Green Care Resource Centre,corporate_office,"M8PW+4M3, Kathmandu 44600, Nepal",27.6852625,85.34667379999999,1331.42
ChIJBZSxGlEZ6zkRfSCrywwk6Nc,office,Bhul Bhulaiya,corporate_office,"M8PW+5QP, Madan Bhandari Road, Kathmandu 44600, Nepal",27.6854555,85.34694879999999,1334.88
ChIJIYjjWAAZ6zkRb9OMlw8iByU,office,Stravence Consulting Pvt Ltd,corporate_office,"M9X2+43W KD One, KD Marg, Baburam Acharya Sadak, Kathmandu 44600, Nepal",27.6978726,85.3501986,1334.94
ChIJdZHc0LgZ6zkR8n_eh14o5B8,office,SSL FREIGHT PVT LTD,corporate_office,"M8PM+92V HIMA KUNJ BUILDING, Kathmandu 44600, Nepal",27.6846263,85.3288415,1335.64
ChIJDxkneQAZ6zkRQrGBaJkIPm8,office,KD One,corporate_office,"M9X2+33H, Sinamangal Rd, Kathmandu 44600, Nepal",27.6978467,85.3502244,1336.41
ChIJcdN-fQAZ6zkRWMTYz5vN7yE,office,Sarokar Kendra Nepal,corporate_office,"M8MH+VG3, Kathmandu 44600, Nepal",27.684639500000003,85.32878509999999,1338.01
ChIJ4dZD6ugZ6zkRVj9wUARPY-Y,office,Vidhi Traders,corporate_office,"30 Ward, Kathmandu 44600, Nepal",27.705517,85.3335883,1338.2
ChIJ3wb6mtoZ6zkRbiSzG3dEWXA,office,PRIME HR International Pvt. Ltd.,corporate_office,"Sinamangal Rd, Kathmandu 44600, Nepal",27.7001504,85.34903779999999,1338.34
ChIJnTGO9KAZ6zkRwfEVFBxKydc,office,Sun N Fun Holidays,corporate_office,"Maiti Devi Marg, Kathmandu 44600, Nepal",27.7045357,85.3307246,1346.19
ChIJgZ2Y_QYZ6zkRcO3-yAkU6qA,office,MEE Engineering Solution Pvt. Ltd.,corporate_office,"M8MW+XJF, Kathmandu 44600, Nepal",27.6849412,85.3465441,1349.02
ChIJJbD-FwAZ6zkR7AB7vThtmSU,office,Manpower Agency Nepal,corporate_office,"M8XX+RRV, Chandrodaya Marga, Kathmandu 44600, Nepal",27.699604,85.349555,1353.03
ChIJi8fqOwAZ6zkRZkhlH0Av2VU,office,Friendship and Cooperation Recruitment Pvt. Ltd,corporate_office,"M8XX+VQ7, Kathmandu 44600, Nepal",27.699641,85.34953399999999,1353.12
ChIJpyOCNfcZ6zkR_y3QM0cEWPY,office,Ziko Enterprises,corporate_office,"M8PX+XH8, Kathmandu 44600, Nepal",27.6874151,85.34896599999999,1353.13
ChIJecBmAAAZ6zkR5hhuelODkq4,office,Global Dynamic Nepal,corporate_office,"M8XX+QQX, Ring Rd, Kathmandu 44600, Nepal",27.699628900000004,85.3495533,1354.17
ChIJMQ18GgAZ6zkRr8uwTuqah88,office,Imadole,corporate_office,"Imadol Marg, Kathmandu 44600, Nepal",27.704984,85.3315039,1355.47
ChIJV5ItIgAZ6zkRWkyH_fwIkGg,office,Infinity cargo freight a& Forward,corporate_office,"M9R2+25F, Jay Ganesh Galli, Kathmandu 44600, Nepal",27.6900831,85.3504809,1360.03
ChIJMQPeXAAZ6zkRJLdlkocOfCk,office,Himalayan Legal,corporate_office,"Ghattekulo Marga, Kathmandu 44600, Nepal",27.7036982,85.32886180000001,1369.62
ChIJmcZNp4YZ6zkRT1xknnJ40fM,office,Volar Enterprises Pvt Ltd,corporate_office,"M8XX+QWX, Kathmandu 44600, Nepal",27.6994803,85.3498458,1372.25
ChIJmR5pNwQZ6zkRihQM3nksjt4,office,A-one builders,corporate_office,"M8PX+96R, Raja Janak Marg, Kathmandu 44600, Nepal",27.6859894,85.34802309999999,1372.46
ChIJt1I19YYZ6zkR3wl_MOR4oeU,office,Binay Company,corporate_office,"Panchakumari Dwar, Kathmandu 44600, Nepal",27.6980058,85.35056399999999,1373.78
ChIJ6yiAD6MZ6zkR3vAyFpbibQw,office,Nepal Research Forum,association_or_organization,"M8JM+QCR, Ganesh Marga, Kathmandu 44600, Nepal",27.681997300000003,85.33352029999999,1383.41
ChIJMRwo-sUZ6zkRoENjLhhlFdg,office,A & S Associates & Chartered Accountants,corporate_office,"M8JQ+JM3, Kathmandu 44600, Nepal",27.6815245,85.3391705,1393.96
ChIJtQBuuAcZ6zkRuYCEQmEbKfI,office,Avant Techs Pvt. Ltd.,corporate_office,"P84M+CFC, Kathmandu 44600, Nepal",27.7060519,85.3336403,1394.06
ChIJNeIKag4Z6zkRDcnZufqBNn8,office,Grand Overseas,corporate_office,"P84V+3CQ, Kathmandu 44600, Nepal",27.7052127,85.3436241,1394.1
ChIJ8YLqbAAZ6zkRuSNqKfgu9Io,office,PrimeLogic Hub,corporate_office,"M9Q2+C38, Kathmandu 44600, Nepal",27.68857,85.3502226,1399.32
ChIJ6XqMooYZ6zkRsEHlkXVE-AA,office,Omega Consultants Pvt. Ltd,corporate_office,"M9X2+M4G, Kathmandu 44600, Nepal",27.6991901,85.3503138,1399.9
ChIJE5UIHKcZ6zkRcDOIy6O6d_k,office,Hydro Tunnelling and Research Pvt Ltd,corporate_office,"Kathmandu 44600, Nepal",27.7030754,85.3274929,1405.31
ChIJVU9KONQZ6zkRvo6PCZwZxO0,office,Expert Business | Best Business Consultant in Nepal,consultant,"Shakti Vinayak Marg, Kathmandu 44600, Nepal",27.6881278,85.35011539999999,1411.69
ChIJy3CmDwAZ6zkRf2dJ6AR6FSo,office,Vroom Nepal,corporate_office,"M9Q2+52J, Sairam Marg, Kathmandu 44600, Nepal",27.6879576,85.35002109999999,1412.3
ChIJsx0xi90Z6zkRla2gMIjcUnA,office,Shree Bhagat Construction Pvt. Ltd.,corporate_office,"M8JM+MG2, Kathmandu 44600, Nepal",27.6816486,85.33377089999999,1414.34
ChIJ8SqEHwAZ6zkRbOhdvGoPFtg,office,GP Group Of Companies,corporate_office,"Nepal Rastriya Marwadi Bhawan, Kathmandu 44600, Nepal",27.7059612,85.3421398,1414.36
ChIJdaag2ewZ6zkR1wUegZlqZrM,office,Nepal Digital Cable Pvt. Ltd.,corporate_office,"M8JR+PPM, जनता सडक, Kathmandu 44600, Nepal",27.6818283,85.3418069,1417.66
ChIJv80494sZ6zkRszYbNbTjASI,office,Norbrik Nepal Pvt. Ltd,corporate_office,"M9Q2+52Q, Shakti Vinayak Marg, Kathmandu 44600, Nepal",27.6879634,85.35011659999999,1420.29
ChIJYUgpWcAZ6zkRnMPhfYElK4E,office,Nepal development consultants,consultant,"Kathmandu 44600, Nepal",27.681703,85.33324789999999,1422.35
ChIJO7DsLH8Z6zkRpp3ArojPvME,office,सामुदायिक भवन तिनकुने Samudayik Bhawan Tinkune,corporate_office,"M8JR+MMR, Sat Marga, Kathmandu 44600, Nepal",27.6817297,85.34164120000001,1423.2
ChIJmUKQfmcZ6zkR2rhdx5ALSnA,office,bimalchand,corporate_office,"Kathmandu 44600, Nepal",27.6811969,85.3388555,1426.61
ChIJWaNRJgAZ6zkRLRyKLd8L7p4,office,Lumbini press,corporate_office,"Sahayogi nagar, Kathmandu 44600, Nepal",27.6812865,85.34016009999999,1435.57
ChIJAQAAUJ0Z6zkRdjQWwRc7ue8,office,San Marco Group,corporate_office,"Bijeta International, Battisputali-09, काठमाडौँ 44600, Nepal",27.7054408,85.34405,1435.6
ChIJMVpPZQAZ6zkRcxPRXGkJB4w,office,Gau Besi Logistics Inner Office,corporate_office,"P84V+5HQ, Kathmandu 44600, Nepal",27.7054697,85.3439891,1435.73
ChIJ1TC6w4oZ6zkRKZx7yR7Pt-k,office,Advocate Ojaswi Gautam,corporate_office,"Kathmandu 44600, Nepal",27.7054697,85.3439891,1435.73
ChIJL9NvigoZ6zkREoZRmdxSNO8,office,Diyo IT Solution Pvt. Ltd.,corporate_office,"Kathmandu 00977, Nepal",27.6815398,85.33335199999999,1436.88
ChIJBRcQk-MZ6zkRg38Yv1jhMvU,office,Ground Zero-ग्राउन्ड जिरो,corporate_office,"Subidhanagar 32, काठमाडौँ 44600, Nepal",27.682079,85.3431543,1438.25
ChIJ8c6ij6kZ6zkR-xYoQ2KHlcU,office,Jugad production,corporate_office,"M8JP+9FW, Kathmandu 44600, Nepal",27.681059,85.3362099,1439.14
ChIJl3icfwAZ6zkRbyYXonyQQtg,office,NDM Corporate Solutions,corporate_office,"no. 319, 5 Shwet Binayak Marg, Kathmandu 44600, Nepal",27.6897138,85.3235581,1440.47
ChIJnQCQpdoZ6zkRHzUbLRPwlmw,office,NNBC,corporate_office,"M8VF+C3X, Kathmandu 44600, Nepal",27.6936017,85.32273550000001,1442.4
ChIJ8-lx5owZ6zkRJjxqeefJzY8,office,Forever Aadijor Traders,corporate_office,"M8MX+W42, Muni Bhairab Marg, Kathmandu 44600, Nepal",27.6847575,85.3477802,1447.65
ChIJkwUgXQkZ6zkRlaYKAa296K4,office,Aakashi Entertainment Pvt. Ltd,corporate_office,"M8JM+H6X, Yaat Paun Marg, Kathmandu 44600, Nepal",27.6814854,85.3331065,1449.53
ChIJi6_tewAZ6zkRsV1V9Q6w_fo,office,Connect World Service,corporate_office,"M8QF+X96, Kathmandu 44600, Nepal",27.6899121,85.3233815,1449.91
ChIJ6U7R8YsZ6zkRr7NOh-twGo8,office,Annapurna Media Network (AMN),corporate_office,"M9Q2+45R, Shakti Vinayak Marg, Kathmandu 44600, Nepal",27.6878638,85.3504009,1450.21
ChIJ6fUB54wZ6zkRCYqTHzl0MVs,office,B. K. Power Developer Pvt. Ltd.,corporate_office,"Muni Bhairab Marg, Kathmandu 44600, Nepal",27.6845355,85.3476306,1454.95
ChIJlwEX7osZ6zkRKg2mvr8_LYQ,office,Annupurna Tower,corporate_office,"M9Q2+45W, Shakti Vinayak Marg, Kathmandu 44600, Nepal",27.6878556,85.3504584,1455.64
ChIJvfWF978Z6zkRJw_WcXPt2oE,office,The Annapurna Express,corporate_office,"Shakti Vinayak Marg, Kathmandu 44600, Nepal",27.6878481,85.35046419999999,1456.54
ChIJv2iHIAAZ6zkRkzu1ai8jhHU,office,Paradise Human Resource Pvt.Ltd,corporate_office,"Kathmandu 44600, Nepal",27.7020337,85.3490599,1458.86
ChIJ0dSJyxEZ6zkRafuqNzEHB9g,office,Kandel's house,corporate_office,"Kathmandu 44600, Nepal",27.7031906,85.3267936,1462.8
ChIJ94l-ir8Z6zkRueazi50LbEM,office,Apple International Pharmaceuticals Pvt. Ltd.,corporate_office,"Kathmandu 44600, Nepal",27.6810739,85.3342619,1465.39
ChIJXVU4KswZ6zkRyQbm_XHQY3E,office,inCube Technologies,corporate_office,"Ganesh Marga, Kathmandu 44600, Nepal",27.6810724,85.33421899999999,1466.45
ChIJaTun3sgZ6zkRWIYzB4tpRMY,office,Sound of music nepal,corporate_office,"Shankhamul Marga, Kathmandu 44600, Nepal",27.6815985,85.332095,1469.74
ChIJNzXaZwAZ6zkRAsPCj4jLcfA,office,mankamana marg hattisar kathmandu,corporate_office,"M8MX+M23, Pancheshwor Marg, Kathmandu 44600, Nepal",27.6841667,85.3474167,1470.52
ChIJO42cl8MZ6zkRN8_4pp5tzIM,office,E-nation Service Pvt. Ltd.(Ghar Subidha),corporate_office,"M8JV+J26, Mahadevsthan Marg, Kathmandu 44600, Nepal",27.6815421,85.3425183,1470.58
ChIJN7deEwAZ6zkR4phZp56pq7Q,office,Oliniwas,corporate_office,"M8JV+M44, Mahadevsthan Marg, Kathmandu 44600, Nepal",27.6816247,85.34279939999999,1471.76
ChIJMyliKQAZ6zkRkpEbpVCNFXw,office,KOTESHWOR Sringkhala Galli,corporate_office,"M8JQ+8F8, Mahadevsthan Marg, Kathmandu 44600, Nepal",27.6807642,85.3387267,1473.29
ChIJSxu0JAAZ6zkRSlEjf0Nlgaw,office,Proshore Nepal Pvt Ltd,corporate_office,"M8MX+Q43, Kathmandu 44600, Nepal",27.6843861,85.3477936,1478.05
ChIJa9PEDHQZ6zkRK-kORQHFrTM,office,Paneru Home,corporate_office,"M8JP+79P, Dafechari Marg, Kathmandu 44600, Nepal",27.6807227,85.33596089999999,1478.54
ChIJ_yrzMuIZ6zkR5xP5q5K-1dM,office,Nepal Can Code,,"Tinkune Muni Bhairab Marg, Kathmandu 44600, Nepal",27.684373,85.34779189999999,1478.98
ChIJwRDrjAEZ6zkR6mPBMRBmFBI,office,Magic Trade,corporate_office,"M8MX+M23, Pancheshwor Marg, Kathmandu 44600, Nepal",27.6841366,85.3475433,1481.39
ChIJQzVyUukZ6zkRX4l_LU10e18,office,Pk medical,corporate_office,"P82X+HWH, Kathmandu 44600, Nepal",27.7014404,85.3498733,1484.85
ChIJv1JwyaQZ6zkRIep7mIn2xCw,office,Branding Bee,corporate_office,"Kathmandu 44600, Nepal",27.6946298,85.32230729999999,1485.87
ChIJvyQlPQAZ6zkR_zMNPbecX04,office,Building,corporate_office,"Bagmati-Tinkune Bridge, Bagamati Baneswor Bridge, Kathmandu 44600, Nepal",27.6844934,85.34807409999999,1488.88
ChIJ4-JmIL4Z6zkR5VI9U1SUVyY,office,Logline Production,corporate_office,"M8JJ+JJ7, Kathmandu 44600, Nepal",27.6815476,85.3315531,1494.69
ChIJJ-4-0nwZ6zkR6Ybr5RbDJ78,office,Sushmit Group,corporate_office,"M8MX+P5H, Kathmandu 44600, Nepal",27.6843091,85.3479705,1496.31
ChIJP7ocqacZ6zkREZWYrFcoW1I,office,Akar Print Link Service Private Limited,corporate_office,"P83G+7GW, Kathmandu 44600, Nepal",27.7032284,85.3263319,1498.42
ChIJ6_GA7-oZ6zkRTdsDl9pqw40,office,Bel Innovations Inc.,corporate_office,"Ganesh Marga, Kathmandu 44600, Nepal",27.680511,85.33623469999999,1499.71
ChIJzYZR35kZ6zkRQszbFImj05g,school,Happy Home Kinder World International Pre-School,school,"M8VQ+P4H, बलभदर्‍ मार्ग, Kathmandu 44600, Nepal",27.6943143,85.33785929999999,61.47
ChIJ8aIX1JkZ6zkRiEenGCx9K48,school,EBA Kathmandu Bartender's Academy,educational_institution,"Kathmandu 44600, Nepal",27.6945652,85.3371583,70.75
ChIJybjdOcAZ6zkRF8gJIr3KG6I,school,Shemrock Baneshwor,school,"M8VP+JJ5, New Baneshwor Rd, Kathmandu 44600, Nepal",27.694017700000003,85.3366198,75.12
ChIJSdObQYEZ6zkRkdkPXS2Qsg0,school,EuroKids Baneshwor,preschool,"Balbhadra Marga, Kathmandu 44600, Nepal",27.693855,85.3384323,104.26
ChIJV_FKPJIZ6zkRYW9qnvz5bFA,school,Florida H. S. School,secondary_school,"Lakhe Chaur Marg, Kathmandu 44600, Nepal",27.6942562,85.33626029999999,115.06
ChIJwSnvW5cZ6zkRTqRGXO12HyU,school,Steiner Kindergarten Waldorf Based International.Pre-school,preschool,"M8VQ+HC7, Kathmandu 44600, Nepal",27.693906,85.338555,115.84
ChIJDzpSNAAZ6zkRl_QAB_zwLSY,school,Divine,school,"M8VP+6M4, Kathmandu 44600, Nepal",27.6930242,85.3366826,124.67
ChIJ897IbJcZ6zkRxj1CeID9JkU,school,"St. Paul Steiner Academy, Montessori Block",preschool,"पन्चकुमारी रोड, Kathmandu 44600, Nepal",27.6928741,85.3377529,126.21
ChIJ24OCjp4Z6zkRjZJOxupGnjA,school,Ambition Academy,school,"08 Phulchoki Mai Marg, Kathmandu 44600, Nepal",27.694762,85.33638619999999,132.39
ChIJEScaipcZ6zkRTxNHeApdjdg,school,Kathmandu Xavier's Public School,secondary_school,"लाखेचौर मार्ग, Kathmandu 44600, Nepal",27.6940321,85.3358477,151.08
ChIJ2RTmbSAZ6zkRT4kCbgGCVvs,school,Global Next Consultancy,educational_institution,"Kathmandu 44600, Nepal",27.6953914,85.3365171,180.42
ChIJac9qV5cZ6zkRNttvbExBYTY,school,Kathmandu Shikshalaya,school,"Balbhadra Marga, Kathmandu 44600, Nepal",27.6942871,85.3392368,186.4
ChIJoaEmPZgZ6zkRCQ0qZcnUCtE,school,Parijat Viddhya Punja Secondary School,school,"M8VP+X88, Phulchoki Mai Marg, Kathmandu 44600, Nepal",27.69492,85.33581939999999,187.09
ChIJyWkDtpkZ6zkROrteM8nC-ko,school,Ratna Rajya Sec. School,school,"M8WP+7XM, Devkota Sadak, Kathmandu 44600, Nepal",27.6957117,85.33742819999999,194.84
ChIJR1R5DAAZ6zkROnDEjy7q9Dg,school,Bethesda Graceland Academy,school,"M8WP+8MJ, Kathmandu 44600, Nepal",27.6958269,85.336635,220.17
ChIJy6ym2AsHUwIRrxPVehjdEXQ,school,Gyanshree School,preschool,"M8VP+M3F, लाखेचौर मार्ग, Kathmandu 44600, Nepal",27.6946742,85.3350478,242.97
ChIJuyWDzhoZ6zkRZS_Oct7tzRA,school,PD SMART EDUCATION,school,"M8RP+V9F, ओखरबोट मार्ग, Kathmandu 44600, Nepal",27.6921897,85.3359275,243.31
ChIJ9bIlUvIZ6zkR1jGK-8EMR_k,school,footmas,school,"M8WP+FVV, Mahadevasthan Marg, Kathmandu 44600, Nepal",27.6962454,85.3371736,254.94
ChIJhY25rpcZ6zkRRPhx9909pd0,school,Total Physical Fitness Center,fitness_center,"31 Devkota Sadak, Kathmandu 44600, Nepal",27.6916944,85.33656739999999,264.32
ChIJV4TaMpgZ6zkRX5rQpDD2-sc,school,International Kindergarten,school,"Mid, Kathmandu 44600, Nepal",27.6963348,85.3369921,266.81
ChIJT5HxM5cZ6zkRMn6x2pdihoc,school,Venus Bright Montessori Kindergarten,school,"M8VR+729, Sangam Chowk Marg, Kathmandu 44600, Nepal",27.6931613,85.3401114,283.21
ChIJaQaSt5AZ6zkRfHZlodolh58,school,High Himalayan Academy,school,"M8VR+729, Sangam Chowk Marg, Kathmandu 44600, Nepal",27.6931542,85.3401135,283.66
ChIJJSjp9zoZ6zkRiDC5IagJjtM,school,Center of Children with Intellectual Disabilities,school,"M8RP+GWV, Jana Sahayogi Marga, Kathmandu 44600, Nepal",27.6913616,85.3373019,289.03
ChIJ--zKvJAZ6zkR8QwZNwgYpQg,school,Kathmandu Pragya Kunja School,primary_school,"M8VR+C5P, सूर्य विकर्‍म मार्ग, Kathmandu 44600, Nepal",27.6935781,85.3404398,304.24
ChIJydSRj5kZ6zkR1ntu9574Zg4,school,Valley View English School - Montessori Block,school,"M8WQ+JH3, Kathmandu 44600, Nepal",27.6965132,85.3389115,321.46
ChIJ5e4_YgYZ6zkRKoZBs8cdhSY,school,Imperial Business College,university,"Tar Gallli, Kathmandu 44600, Nepal",27.6926069,85.3341588,351.03
ChIJzUanZgAZ6zkR20oc5iRquw0,school,Pugu jaan,primary_school,"M8WQ+Q7G, Devkota Sadak, Kathmandu 44600, Nepal",27.6970617,85.33823079999999,354.92
ChIJWawa8GQZ6zkRMiPrc4YRYd0,school,Sun Shine Secondary Boarding School,school,"31 Sangam Chowk Marg, Kathmandu 44600, Nepal",27.6921033,85.3404558,366.52
ChIJRSI7KJoZ6zkRSFemywbVUD8,school,Valley View School,school,"Kathmandu 44600, Nepal",27.696679,85.3395099,367.94
ChIJOY6wdAAZ6zkRPguZ9iTUI-g,school,Kathmandu Pragya Kunja School (ECD Block),preschool,"M8RR+FWC, 31 Sangam Chowk Marg, Kathmandu 44600, Nepal",27.6921181,85.3405509,373.38
ChIJI1v-EQAZ6zkRYMLkk-jlpdg,school,YMS EDUCATION,educational_institution,"M8RP+967, Devkota Sadak, Kathmandu 44600, Nepal",27.6909926,85.3355729,374.87
ChIJuZOU05cZ6zkRoQ1HUhedQI4,school,Spring Bud Preschool,preschool,"M8RM+JV3, अोख्‍खरबोट मार्ग, Kathmandu 44600, Nepal",27.6915239,85.3346808,379.48
ChIJCV_z7kgZ6zkR6O4HYC6apl4,school,Moral Academy,preschool,"Sangam Chowk Marg, Kathmandu 44600, Nepal",27.6936853,85.341262,383.43
ChIJj1gxe5gZ6zkR-IlGYYEPH7k,school,Bal Vatsalya Day Care & Pre-school,preschool,"M8WM+MX3, Mahadevasthan Marg, Kathmandu 44600, Nepal",27.696649,85.3349229,384.61
ChIJi4c4Y5gZ6zkRYcIxyNG0m90,school,Learning Hands Preschool And Daycare,school,"M8WM+QX3, Mahadevasthan Marg, Kathmandu 44600, Nepal",27.696899400000003,85.3349107,407.35
ChIJF0bnb5oZ6zkRZtYci1219Zk,school,Montessori Kid’s World School,school,"M8WR+3GG, मिलन चोक मार्ग, Kathmandu 44600, Nepal",27.6951875,85.3413281,411.98
ChIJbZQuOJYZ6zkRa_HNPPZ4AZI,school,Shangri-La Hotel Training Center,educational_institution,"भक्ति थापा सडक, Kathmandu 44600, Nepal",27.690640400000003,85.3353549,419.53
ChIJsVmFyaIZ6zkRrLGBEH5QetI,school,"Pathshala Nepal Baneshwor, Kathmandu",primary_school,"Kathmandu 11205, Nepal",27.6944665,85.3328554,449.02
ChIJHc-7qRoZ6zkRGggnVyj5AJM,school,Zumbandu Fitness,health,"Miteri Marg, Kathmandu 44600, Nepal",27.6979246,85.3384572,453.42
ChIJQ4dmQ5oZ6zkR2rOAEGh43GM,school,Happy Kids Kindergarten,school,"M8WR+CGP, Bhupi Sherchan Marg, Kathmandu 44600, Nepal",27.6960949,85.3413201,454.8
ChIJv03fMdUZ6zkR8_AzAZTTKDk,school,Pathshala Middle School Block,school,"M8RM+X5W, Kathmandu 44600, Nepal",27.6926242,85.3329163,463.91
ChIJ-xCgIpEZ6zkROiPn2Pl1org,school,Scottish Hospitality Academy,,"सुर्य बिक्रम मार्ग, Kathmandu 44600, Nepal",27.6910076,85.3407211,464.75
ChIJeatillAZ6zkRU0ipEBEq7Ew,school,Yogmandu Yoga,yoga_studio,"31, Miteri Marg, Kathmandu 44600, Nepal",27.6980158,85.33858049999999,466.22
ChIJ6zStHZEZ6zkRG1RqYl6lFLA,school,Rayners High School,secondary_school,"M8RR+FFG, Kathmandu 44600, Nepal",27.691194,85.341188,484.94
ChIJI41ofaoZ6zkRa9YNx7TFsv8,school,Chaitanya Sanskar Shikshyalaya,school,"Mid, Kathmandu 44600, Nepal",27.6964933,85.341405,486.2
ChIJCcIkk5oZ6zkRa5UR4GD1lNM,school,St. Paul Steiner Academy,school,"M8WR+8QF, Bhupi Sherchan Marg, Kathmandu 44600, Nepal",27.6958237,85.341915,492.25
ChIJSfFmI5YZ6zkR3f_EXGpCihU,school,ARUNDEEP ACADEMY,school,"M8RM+3W7, छक्‍कु बक्‍कु मार्ग, Kathmandu 44600, Nepal",27.6901541,85.3348123,492.96
ChIJZz0JS4gZ6zkRwPojO-XbLPw,school,Vedanta School,preschool,"M8VJ+8W9, Lakhe Chaur Marg, Kathmandu 44600, Nepal",27.6932798,85.3323477,501.21
ChIJSQaZO7AZ6zkRlT0fj9c-rlo,school,Shree Sankhu Primary School,school,"M8WR+MHM, Kathmandu 44600, Nepal",27.6967199,85.3414195,502.35
ChIJX_d6mpgZ6zkR8gZH3_3oCYs,school,Riverdale Int'l Montessori School,school,"पुजा प्रतिस्थान मार्ग, Kathmandu 44600, Nepal",27.6980864,85.3349132,519.15
ChIJOYehSAcZ6zkRpBD4SvD_6SY,school,bibhuti boarding school,secondary_school,"M8WV+23R, Milan Chowk Marga, Kathmandu 44600, Nepal",27.6951044,85.3426356,532.86
ChIJWcadgGYZ6zkRe8jjq_vMcLM,school,Danfe Hospitality and Training,school,"Kathmandu 44600, Nepal",27.6915196,85.3420486,533.78
ChIJxQukdXMZ6zkR6RjOVJjRfOM,school,Aadesh jha,,"Kathmandu 44600, Nepal",27.6915196,85.3420486,533.78
ChIJZwupOAMZ6zkR7GUyfIUSghM,school,Hospitree International Pvt. Ltd.,school,"M8RR+JR3, Kathmandu 44600, Nepal",27.6915196,85.3420486,533.78
ChIJVWwo3KIZ6zkRoWOF3wza4W4,school,New Shrine Academy High School,secondary_school,"नयाँ बानेश्व-१०, सहभागिता मार्ग, Kathmandu 44600, Nepal",27.6952966,85.3320973,540.93
ChIJG_N8QJEZ6zkR_gy7r-5EJfs,school,Shree Bhimsengola Secondary School,school,"M8QR+X7P, काली मार्ग, Kathmandu 44600, Nepal",27.6899574,85.3407157,553.13
ChIJJ8LTvFYZ6zkRAgU7d3c3Sng,school,S.S. Hospitality Solution Pvt Ltd,school,"Chakku Bakku Marga, Kathmandu 44600, Nepal",27.6893811,85.33512139999999,555.6
ChIJOb-7m3gZ6zkRs98mnGjyYhg,school,Periwinkle Kids World,preschool,"Mata Kumari Marg, Kathmandu 44600, Nepal",27.6974867,85.3331864,569.43
ChIJVc69A9EZ6zkR7H1LIiRo18I,school,"Highland Beans Coffee ,New Baneshwor, Kathmandu",food_store,"Kathmandu 44600, Nepal",27.6891384,85.3350464,583.3
ChIJO6G42ZgZ6zkRA-58V6pip2w,school,Kidzee - Baneshwor,preschool,"222/4 Prabachan Marg, Kathmandu 44600, Nepal",27.6992462,85.3366454,592.23
ChIJw-oqG20Z6zkR5mPD-1_3bM4,school,Step by Step International School,primary_school,"Prawachan Marg, Kathmandu 44600, Nepal",27.6992469,85.3366518,592.23
ChIJjcIxVNMZ6zkRF3FCz8IPZc0,school,Peace Point Boarding School,school,"Bhupi Sherchan Marg, Kathmandu 44600, Nepal",27.6961464,85.34291630000001,596.84
ChIJuVmyKwAZ6zkRLKHpZEqmEUc,school,Chaitanya Sanskar Shikshyala -Montessori Block,school,"M8WV+38R, Kathmandu 44600, Nepal",27.6951857,85.343285,597.15
ChIJXU7mXOcZ6zkRH-yRbGV_XNs,school,Geetkar Sangh Nepal,school,"M8RJ+MPC, Bhaktithapa Rd, Kathmandu 44600, Nepal",27.6916967,85.33175659999999,608.18
ChIJN4N8L5kZ6zkRSP2fOXeEO6Y,school,Bodhi Batika International Montessotri Pre-school,preschool,"M8XP+QWG, पिपल बोट मार्ग, Kathmandu 44600, Nepal",27.69943,85.337333,608.25
ChIJlaUaL6MZ6zkRB6hIh5B7Xws,school,Canvas Boarding High School,school,"puspanagar marga, M8VJ+WG6, लाखे चौर मार्ग, काठमाडौँ 44600, Nepal",27.6947802,85.3312656,608.87
ChIJSZ4RfgAZ6zkR50nO3_NCfcY,school,Naruto Japanese Consultancy,school,"M8QP+F6V, New Baneshwor Chowk, Kathmandu 44600, Nepal",27.688732,85.3355346,609.06
ChIJKeR70LwZ6zkRwBQHT8cBWCI,school,"Millsberry International Pre-school, Baneshwor",school,"M8VJ+7G6, Kathmandu 44600, Nepal",27.693151000000004,85.3312578,609.45
ChIJGwJ21Emtt4cRg1Ka9fHyeZQ,school,Cubicles Reading Space - Best Reading Room in Kathmandu,educational_institution,"Spa Swimming Pool, Sangam Chowk Marg, Kathmandu 44600, Nepal",27.6925837,85.3434731,619.12
ChIJkxR5VRAZ6zkRGJojJTM1YqA,school,Sher Saud,school,"M8RJ+VGQ, भक्ति थापा सडक, Kathmandu 44600, Nepal",27.692218,85.33135279999999,624.24
ChIJU7ilaaIZ6zkRhpoe9iRT-O0,school,Steiner Academy,school,"M8XM+74X, Pujaprathistan Marg, Kathmandu 44600, Nepal",27.6982266,85.3328562,650.73
ChIJddEQWpgZ6zkRzYxls7CqgSg,school,Riverdale Int'l Montessori School,school,"M8WV+4GG, मिलन चोक मार्ग, Kathmandu 44600, Nepal",27.695235,85.343865,654.04
ChIJl98jZJEZ6zkRhwadsWBM9aE,school,EPS School,school,"Kathmandu 44600, Nepal",27.6889932,85.34110749999999,663.11
ChIJJxyZ174Z6zkRMr64MB5dCGc,school,Global School of Science,school,"Kathmandu 44600, Nepal",27.699694,85.3395341,671.94
ChIJn9Dm6WsZ6zkRhBqfvm1m5FI,school,Caregiver Academia - Best Caregiver Training Center,,"Thukhari Bot, Thulo Kharibot Marga, Kathmandu 44600, Nepal",27.690143,85.34267299999999,672.11
ChIJewn7WNsZ6zkR4oym2J9RFSI,school,Nobel Academy,school,"Saraswati Marg, Kathmandu 44600, Nepal",27.6898981,85.3323081,673.33
ChIJcfpQQQsZ6zkR43JG0muCVAQ,school,Valley View School - Senior Block,school,"Mid, Kathmandu 44600, Nepal",27.6984399,85.3421003,681.27
ChIJw84r3poZ6zkRSRAyeAwfDJA,school,Reliance Residential School,secondary_school,"M8WV+V92, Kathmandu 44600, Nepal",27.6971443,85.3433974,690.19
ChIJqznaApAZ6zkR3z6KxgurUW4,school,The Acme Academy,secondary_school,"Chowk Katyani Marg, Kathmandu 44600, Nepal",27.6938533,85.344493,700.42
ChIJWf0XC08Z6zkRs6y9_AHBKNY,school,Asuka multiple consultancy pvt.ltd,school,"Bagmati, Kathmandu 44600, Nepal",27.6880311,85.3348932,703.26
ChIJIW_4n00Z6zkR_HJhoPsosxg,school,Navankur Pre-school,preschool,"Pujaprathistan Marga, Kathmandu 44600, Nepal",27.6998478,85.3347026,705.77
ChIJ6axfojkZ6zkRi7_NamJudps,school,Wee Kids Preschool,preschool,"145, 63 Rohini Marg, Kathmandu 44600, Nepal",27.7002539,85.3383537,706.38
ChIJp6_8RZsZ6zkRsevZHuiBf90,school,Axis International Secondary School,government_office,"M8WV+6PP, भीमसेनगोला मार्ग, Kathmandu 44600, Nepal",27.6955765,85.3443219,706.71
ChIJayN0VdAZ6zkRFMCf2J4yaok,school,Highland Beans Barista Coffee School,school,"Kathmandu 44600, Nepal",27.6879376,85.3350736,707.12
ChIJ2y9lSZkZ6zkRX2F0NaN2bKU,school,Montessori Kinderworld,school,"239 Tanka Prasad Marg, Kathmandu 44600, Nepal",27.7000663,85.33535119999999,707.76
ChIJ2YrdCKMZ6zkRSqzTdQdigXM,school,Occidental Public School,secondary_school,"M8WJ+H78, Kathmandu 44600, Nepal",27.6964079,85.3307008,711.71
ChIJHxyB4o8Z6zkR5X0O8WEukTc,school,GYAN SAGAR ENGLISH HIGH SCHOOL,secondary_school,"M8VV+FR9, भिमसेनगोला मार्ग, Kathmandu 44600, Nepal",27.6936551,85.34462289999999,713.92
ChIJr6lSqyQZ6zkRGdLdOzV1QII,school,Little Elly Nepal,school,"145, 63 Rohini Marg- 10, Kathmandu 44600, Nepal",27.7003554,85.33804549999999,714.15
ChIJ4_wsnOAZ6zkR1W0bXqXz3m8,school,Delight Multiple Academy Pvt. Ltd,school,"Kathmandu 44600, Nepal",27.6878494,85.3349018,721.95
ChIJ9ceIDGUZ6zkRoJraM0qBoUw,school,Glacier International School (school block),school,"M8QV+Q39, Thulo Kharibot Marga, Kathmandu 44600, Nepal",27.6894178,85.34274830000001,731.07
ChIJuzxh2JoZ6zkRFhZ8vTwvgPs,school,Sano Sansar Child Care,child_care_agency,"M8WV+XG9, भीमसेनगोला मार्ग, Kathmandu 44600, Nepal",27.6974074,85.3438458,743.1
ChIJYXN8z3QZ6zkRvIEijHTj23g,school,Rudramati Primary School,primary_school,"M8XJ+8JP, Kathmandu 44600, Nepal",27.6983251,85.3315673,750.4
ChIJ_0lyhZsZ6zkR9WtQKAq9Ko4,school,Kathmandu National School,primary_school,"Surya Bikram Gyawali Marg, Kathmandu 44600, Nepal",27.6997666,85.3414707,760.98
ChIJ0VxEwpUZ6zkRC5lzxIcXd_E,school,Kidsland Montessori Pre School,school,"M8PP+V5R, Road, Kathmandu 44600, Nepal",27.6872362,85.3354007,772.63
ChIJExUZCAAZ6zkRlm8zEXnxG1A,school,Shristi Academy,primary_school,"M8XJ+QWG, Kathmandu 44600, Nepal",27.6993206,85.332372,773.57
ChIJNxdiNZQZ6zkR4ZQz2rwhsdQ,school,Excel Academy of Tourism and Hotel Management,educational_institution,"Near Mega Bank, Kathmandu 44600, Nepal",27.6869889,85.33715529999999,775.47
ChIJDwuB-z8Z6zkR0pAuvb_0Yz8,school,Deaf Student's Hostel,school,"M8WV+PRP, Kathmandu 44600, Nepal",27.6968394,85.34457499999999,777.38
ChIJyVg6dKMZ6zkROTp3HeZMsVk,school,Nepal Mega School,school,"M8WH+JW9, Kathmandu 44600, Nepal",27.6965372,85.32985459999999,794.41
ChIJ5QFPWAAZ6zkRur0qZxBBYuE,school,Nihon Yume Educational Consultancy Pvt.Ltd,educational_institution,"P82R+3MR, Surya Bikram Gyawali Marg, Kathmandu 44600, Nepal",27.700061500000004,85.34164240000001,797.75
ChIJGR9B65UZ6zkREKVVzstMKL4,school,CAPITAL INT'L ACADEMY,school,"Bagbazar-31,Kathmandu, Nepal. (Just opposite to, NCC Bank, काठमाडौँ 44600, Nepal",27.6869749,85.3353801,801.28
ChIJV-5nr54Z6zkRWzlSFqEJQdA,school,City Academy,school,"P82Q+GFH, Baburam Acharya Marg, Kathmandu 44600, Nepal",27.7013179,85.338719,828.71
ChIJnR3ct5oZ6zkRJt4A-3u3wfo,school,Indradhanush H. S. School,secondary_school,"Bhimsengola Marg, Kathmandu 44600, Nepal",27.698743,85.3438561,830.3
ChIJaa44UhwZ6zkRZoKCkSAn1OI,school,Riverdale Iris Florets,school,"P82Q+HF5 Katyani Chowk, Milan Chowk Marga, Kathmandu 44600, Nepal",27.7013901,85.3387492,837.11
ChIJaxOkYFAZ6zkROGW3IsICJao,school,Benry International Academy Pvt. Ltd,school,"Shankhamul Marg, Kathmandu 44600, Nepal",27.6866654,85.3351074,841.42
ChIJf0Uvu6MZ6zkRUrY_09nLvL4,school,"ankur pre school and child care center, anamnagar",school,"M8XJ+42C, Kathmandu 44600, Nepal",27.6978199,85.33000990000001,843.06
ChIJ2XoZMI4Z6zkRc7hZ1rs3zyc,school,Mom's Montessori,school,"M8RW+C43, Kathmandu 44600, Nepal",27.691007100000004,85.34530389999999,846.45
ChIJIWdsEQAZ6zkRN4o-YWIes2U,school,Kavya college,secondary_school,"M8QJ+P6J, Kathmandu 44600, Nepal",27.6893364,85.3305034,850.14
ChIJcex-u54Z6zkREr36D6JuCTk,school,Cambridge Public High School,school,"Baburam Acharya Marg, Kathmandu 44600, Nepal",27.7015634,85.3383607,850.95
ChIJReVoXWgZ6zkRkWpCeeyxS3A,school,Happy Kids Kindergarten,school,"M8WH+4HR, Kathmandu 44600, Nepal",27.6953523,85.3288767,851.4
ChIJcV2mq4gZ6zkRN08QAFsBmpE,school,Lapis Japanese Language School,school,"Kathmandu 44600, Nepal",27.7010625,85.3409375,863.94
ChIJxYyl3aEZ6zkR-_34OAMpR-Y,school,Dantakali Marga,school,"P82M+GH8, Kathmandu 44600, Nepal",27.701296600000003,85.33394299999999,883.19
ChIJBf-gvY8Z6zkRwJtywL-VVcM,school,Asha Mandir English High School,secondary_school,"M8VW+3GC, Nagendra Kancha Marga, Kathmandu 44600, Nepal",27.6926881,85.3462725,886.88
ChIJK9j60iYZ6zkRVoUOI_DSOI0,school,Sano Paila Montessori,preschool,"M8RW+RFG OM Shanti Chock, Hamro Road, Kathmandu 44600, Nepal",27.6920625,85.3461875,892.46
ChIJOZAyHO4Z6zkRZxSNTs0QCcM,school,Kavya School +2 Block,school,"M8QJ+G6M, Shram Marg, Kathmandu 44600, Nepal",27.6888573,85.3303157,897.62
ChIJSRLGyoQZ6zkRzTX9hzWiCXc,school,Butterfly Play School,school,"M8XV+GVW, Sunkesari Marg, Kathmandu 44600, Nepal",27.6988697,85.3447041,904.44
ChIJa-T6wyYZ6zkRL9CnRQep7x4,school,Raj Beauty Academy & Make-up Studio,makeup_artist,"Shram Marg, Kathmandu 44600, Nepal",27.6881826,85.33085439999999,908.58
ChIJuSMJUZsZ6zkRf6sOBSFss38,school,International Hotel Training School (IHTS),school,"Chowk Sinamangal Rd, Kathmandu 44600, Nepal",27.6998401,85.3441062,930.61
ChIJ1wd2SaYZ6zkR_RakOv-p0kQ,school,Edumark Education Foundation Pvt Ltd,school,"M8RH+9C8, Bhaktithapa Rd, Kathmandu 44600, Nepal",27.690902,85.3285701,931.67
ChIJsd3EYoUZ6zkRR_90JkdUNWQ,school,Babylon National School,school,"BalaBhadra Marga, काठमाडौँ 44600, Nepal",27.6944248,85.34684179999999,933.01
ChIJhbMq56MZ6zkRYGUR2_1DR4o,school,Asian Public School,government_office,"M8XJ+R3Q, Kathmandu 44600, Nepal",27.6995995,85.3302499,941.29
ChIJBZowo9YZ6zkR-FVES4em_zA,school,"Aged Care & Caregiver Training Center, Kathmandu, Nepal - Caregiver Academia",,"Bijuli Bajar Bridge, Kathmandu 44600, Nepal",27.6915395,85.3282165,941.51
ChIJ3wRUcI4Z6zkRqSeis3bV3_M,school,ATC- Hospitality Management Institute,school,"Babarmahal -11, M8RH+H7G, काठमाडौँ 44600, Nepal",27.6914802,85.32823619999999,941.56
ChIJUTtHGB0Z6zkRX_k-2IfiWX8,school,Blue Academy,school,"Singa Durbar East Gate, Kathmandu 44600, Nepal",27.6966911,85.3282698,946.96
ChIJnWRMjLsZ6zkRODgpT0VIMdo,school,The Glammer Education Nepal,,"M8QH+XF7, Bijulibazar, Kathmandu 44600, Nepal",27.6899085,85.32868220000002,967.64
ChIJhUQiegAZ6zkRUz3KI1uS9zI,school,Asha Boarding School (+2 Block),school,"M8PR+FR2, Alok Tara Marg, Kathmandu 44600, Nepal",27.68619,85.34189409999999,971.6
ChIJETaCYjYZ6zkRkWsNBaQK43Q,school,Amar Adarsha Aawashiya Madhyamik Vidhyalaya,secondary_school,"M8XW+7C7, Kathmandu 44600, Nepal",27.6981682,85.3460381,972.42
ChIJE8We_IwZ6zkRoB05c6qyB4A,school,Kathmandu Columbus School (+2),school,"Durga Marg, Kathmandu 44600, Nepal",27.6870845,85.331193,977.54
ChIJX_rHfU8Z6zkRaUty_4fUkB4,school,Shreeprada Kendriya School,educational_institution,"Durga Marg, Kathmandu 44600, Nepal",27.6870517,85.3311806,981.15
ChIJfYF816EZ6zkRBjaq2Xk-sHg,school,Triveni Public School,school,"P82M+WJF, Kathmandu 44600, Nepal",27.7023248,85.33406029999999,985.88
ChIJRTVDCZIZ6zkRs2WsZr0LmNQ,school,Koseli School,secondary_school,"M8QV+2P3, ज्ञानकुन्ज मार्ग, Kathmandu 44600, Nepal",27.6875031,85.34431119999999,990.56
ChIJxX4Ha2gZ6zkR6ciPpDXdvf0,school,Fun World Pre School & Baby Care Center,school,"M8RW+JR3, Kathmandu 44600, Nepal",27.6915156,85.3470605,991.12
ChIJ_yjOfo8Z6zkRpgNegL3eZ7s,school,Ambeshwori Daycare &Montessori,school,"M8VW+PXP, Kareshwor Marga, Kathmandu 44600, Nepal",27.694338,85.3474531,992.65
ChIJRwphgI4Z6zkRdHw7iljKLpA,school,Emile Academy International,school,"M8RW+8Q6, Kathmandu 44600, Nepal",27.6907959,85.3468783,999.18
ChIJp6g3cpIZ6zkRXm63csNvi6o,school,Siddheshwor Secondary School,school,"M8PV+PFX, Kathmandu 44600, Nepal",27.6868524,85.34373339999999,1007.94
ChIJmz4dXJIZ6zkRY9nFHlGuuPw,school,Theravada Buddhist Academy,university,"Minbhawan Marg, Kathmandu 44600, Nepal",27.686155300000003,85.34308,1033.5
ChIJWasXrucZ6zkRKXjeoPO6Eu0,school,"Shree Pashupati Bhawan Secondary School Gwani, Darchula",school,"M8PJ+CJP, Subarna Marg, Kathmandu 44600, Nepal",27.6861783,85.3316251,1034.31
ChIJST_JMk8Z6zkRpeUvGTDKvdw,school,The Art Of Espresso Academy | Barista coffee school | Barista Training school | Best Coffee School | Barista Training,,"Dillibazaar Marg, Kathmandu 44605, Nepal",27.7030344,85.33499959999999,1035.89
ChIJQ1Sb740Z6zkRxScHNKmFXek,school,Orion International College,school,"M8QW+55F, Kathmandu 44600, Nepal",27.6879282,85.3454184,1037.42
ChIJU3OvmWgZ6zkRzrozY3AWvrY,school,Everest Barista and Training School,school,"Maitidevi Complex, Maiti Devi Marg, Kathmandu 44600, Nepal",27.7030163,85.3344992,1046.19
ChIJ_5-VfAAZ6zkRyOtXlsUiXQw,school,Purple Home International Preschool,school,"P83R+848, Kathmandu 44600, Nepal",27.7031907,85.3396782,1051.05
ChIJy0BgY44Z6zkRRVms5CR0fR4,school,New Dirghayu Secondary Boarding School (न्यू दिर्घायू सेकेन्डरी बोर्डिङ्ग स्कूल),school,"Shantinagar-34, 104 Kareshore Marg, Kathmandu 44600, Nepal",27.6895483,85.3468712,1055.42
ChIJ97_w9ZIZ6zkRBsMr6dNL00o,school,V.S. Niketan Secondary School,primary_school,"32 Sudidhanagar Marg, Kathmandu 44600, Nepal",27.6856749,85.3428689,1068.08
ChIJG9tdyr8Z6zkRvqvNhqUgqdg,school,KMC School,school,"M8MJ+XQF, Shankhamul Marg, Kathmandu 44600, Nepal",27.6851419,85.3330348,1069.8
ChIJ-5kFxL4Z6zkRTlYCb8aQC1U,school,Kathmandu Columbus School,university,"M8PJ+H5M, भावना मार्ग, Kathmandu 44600, Nepal",27.6864716,85.330429,1077.84
ChIJx5MnWLkZ6zkRkEQMJP0tgWg,school,South Point Boarding,school,"M8QH+5FW, Kathmandu 44600, Nepal",27.687981,85.328715,1081.61
ChIJqdWmq6YZ6zkRsqRggDE8Wgg,school,City Montessori International School and Teacher Training Center,school,"P82J+RCW, घट्टेकुलो मार्ग, Kathmandu 44600, Nepal",27.7001396,85.32888729999999,1082.26
ChIJrxCgBScZ6zkRrys1SB7_G8c,school,Durga Cottage Gardening Institute,farm,"Unnamed Road, Kathmandu 44600, काठमाडौँ 44600, Nepal",27.7027932,85.3323376,1100.54
ChIJmSPcPqEZ6zkRWx29L6Z4eQk,school,Shree Balbihani Montessori School,school,"P82J+J2X, Kathmandu 44600, Nepal",27.701623,85.33010949999999,1112.85
ChIJRTm3HysZ6zkRYAht7mKVBOM,school,Gravity Boy's Hostel,school,"Maitidevi 29, Maitidevi Complex, काठमाडौँ 44600, Nepal",27.7030275,85.3325868,1113.23
ChIJXYGdPpUZ6zkRDhsKe8wRi_o,school,Royal Kinder Castle Day Care & Pre- School,school,"Pragatinagar Marg, Kathmandu 44600, Nepal",27.6841441,85.3350932,1114.46
ChIJx069A50Z6zkRIJRhVwMwxCo,school,Sewa Sadan School,school,"P83V+52G, सुर्य बिक्रम ज्ञवाली मार्ग, Kathmandu 44600, Nepal",27.702943800000003,85.3425903,1122.96
ChIJIeswG_cZ6zkRz0QGDUfymCM,school,Gyan niketan junior block,primary_school,"Unnamed Road, Kathmandu 44600, काठमाडौँ 44600, Nepal",27.6842973,85.33396839999999,1125.73
ChIJ9QWn2RMZ6zkRlEnkJjVD76A,school,Siddharth Dhungana (SD),primary_school,"M8VX+CGM, Kathmandu 44600, Nepal",27.693579,85.3488307,1128.2
ChIJx71QTCMZ6zkRLMRJG0ZJHic,school,UV Pre-School,preschool,"Kathmandu 44600, Nepal",27.6853827,85.34367449999999,1137.43
ChIJOe__DQAZ6zkR7oDQlns_51g,school,Ajay home,school,"M8MP+FQX, मिनभवन मार्ग, Kathmandu 44600, Nepal",27.6837234,85.3370111,1138.84
ChIJWTUc1csZ6zkRSe7atSPezfo,school,Paragon Public School Junior Block,primary_school,"Kathmandu 44600, Nepal",27.700595,85.346206,1139.91
ChIJ9_4ysZ0Z6zkRze-GEsal1X0,school,DESH TILAK HIGH SCHOOL,secondary_school,"बत्तिसपुतली रोड, Kathmandu 44600, Nepal",27.7036928,85.3410942,1142.35
ChIJ3SoH8JUZ6zkR5fMK4EuEY8k,school,Kavya School,secondary_school,"Bhawana Marg, Kathmandu 44600, Nepal",27.6863191,85.32958649999999,1144.86
ChIJS_9_QZUZ6zkRhVN8GIE3A9E,school,Birat Boarding School,school,"नयाँ बानेश्‍वर-३४, M8MM+HWH, पर्‍गतिनगर मार्ग, Kathmandu 44600, Nepal",27.6837365,85.3354538,1152.51
ChIJS1RjF-_XKqwRpzVXn_ulcms,school,Skill Spark | Best IT training institute in Kathmandu,,"6th Floor, Shankhamul Tower, शंखमुल मार्ग, Kathmandu 44600, Nepal",27.6841453,85.3333688,1160.61
ChIJPfyuGJMZ6zkRdZuPyj3rWPs,school,Nestling Montessori And Child Care,preschool,"M8MR+PRV, Kathmandu 44600, Nepal",27.6843593,85.342046,1162.21
ChIJ_WZgQuAZ6zkRiKSQHS7fzm0,school,Liverpool montessori,school,"M8MP+CG2, Kathmandu 44600, Nepal",27.6835062,85.33624999999999,1167.72
ChIJ-ycAJKAZ6zkRHe-0yn_iBgY,school,Nepalese Farming Institute,farm,"NFI building 1st Floor, Bhanu Galli, Kathmandu 44600, Nepal",27.7040417,85.3339742,1170.11
ChIJ2fsojBwZ6zkR7OrkSoXEGls,school,JapNep,school,"Kathmandu 44600, Nepal",27.6875476,85.32793749999999,1171.65
ChIJDfeYJXAZ6zkRxSaR-bvtIP0,school,G.Star Consulting and Training Center,school,"Ward No. 10, Rudramati marga, Kathmandu 44600, Nepal",27.6875132,85.3279244,1175.0
ChIJKyIa6L8Z6zkRxKU-kJtq8bE,school,Gyan Niketan H. S. School,secondary_school,"शंखमुल मार्ग, Kathmandu 44600, Nepal",27.683881000000003,85.333592,1181.17
ChIJsYleQoQZ6zkRDYlCSmn5ZTg,school,Nepal Everest Montessori School,school,"Sinamangal, Ring Road, Kathmandu 44600, Nepal",27.6987678,85.3481077,1183.78
ChIJzYAgxFMZ6zkR-SLr59vR8XM,school,Ultimate Lifting Club,sports_activity_location,"M8PV+3PW, Kathmandu 44600, Nepal",27.6852314,85.3443365,1187.92
ChIJu8_1nYcZ6zkRpQrh_35cIkI,school,Shikshantar School,primary_school,"Bijay Chowk, Kathmandu 44600, Nepal",27.7012508,85.3462484,1191.46
ChIJWZ8GMqEZ6zkR5ZwvBFdB_rs,school,Sarthak Montessori House,school,"P82H+VQ3, Kathmandu 44600, Nepal",27.7021368,85.3294272,1199.89
ChIJzcbHNQMZ6zkR4sAvIGJAc0Q,school,Babyflower Montessori,school,"Kathmandu 45700, Nepal",27.6979304,85.3487866,1206.7
ChIJG61lfY0Z6zkRtfzR0f8YqWc,school,Kautilya Secondary School,secondary_school,"M8PV+3R8, Shri Ganesh Marg, Kathmandu 44600, Nepal",27.6851734,85.34458359999999,1207.33
ChIJn0gKDZ4Z6zkRUZahE0xEXic,school,AKSHAMALA VIDYA SADAN,,"P83Q+WH3, Ram Chandra Marg, Kathmandu 44600, Nepal",27.704756,85.338914,1209.92
ChIJZRLCzZQZ6zkRKPHRK_QJSFQ,school,लिभरपुल मा. वि. /कलेज,school,"M8MP+6GV, Shree Nagar Marg, Kathmandu 44600, Nepal",27.6831193,85.3362863,1210.23
ChIJ_13hpJkZ6zkRIK8A3nvC1aE,school,Welhams Pre School,preschool,"Kathmandu 44600, Nepal",27.6865505,85.328169,1225.28
ChIJnbVOA7YZ6zkRXEdPQhOIDEI,school,Merge Home Tuition,educational_institution,"Shree Nagar Marg, Kathmandu 44600, Nepal",27.6829898,85.3356342,1231.88
ChIJZQlp0YUZ6zkRaIRw9zQd2Yw,school,Brookfield Academy Sinamangal,school,"M8WX+VP5, सिनामंगल मार्ग, Kathmandu 44600, Nepal",27.6971303,85.34937219999999,1232.2
ChIJMxN2nrwZ6zkR5HvhHEQkSs4,school,फिनिक्स कलेज अफ म्यानेजमेन्ट,university,"Maitidevi, Kathmandu Maitidevi Chowk, Kathmandu 44600, Nepal",27.7041375,85.3321023,1245.27
ChIJS0MLK7oZ6zkRP3s_o92Xgn4,school,Srijanshil Boarding School,school,"M8QG+6HM, Basanta Marg, Kathmandu 44600, Nepal",27.688098,85.326437,1259.27
ChIJozVltw4Z6zkRo3h46IdFUxI,school,Samrridhi secondary boarding school,school,"P84P+39Q don nabin house, Kathmandu 11234, Nepal",27.7052221,85.3359947,1259.69
ChIJmU2pSYwZ6zkRrYWimov7X_4,school,Apple International School,school,"Tinkune Raja Janak Marg, Kathmandu 44600, Nepal",27.6874139,85.3478337,1260.64
ChIJo9TsL98Z6zkRvoZEl8KhhIk,school,Minju Collection,school,"Suryodaya School Gate, Kathmandu 44605, Nepal",27.7035249,85.33049849999999,1261.03
ChIJExyWMZMZ6zkRnJ5Zw22SCCE,school,Euro Kids Montessori,school,"M8MR+7G7, Kathmandu 44600, Nepal",27.6831627,85.34129779999999,1261.05
ChIJvbQeSYwZ6zkRw2JHgiZxMUM,school,PENTAGON INTL BOARDING SCHOOL,school,"M8PX+R3M, Madan Bhandari Path, Kathmandu 44600, Nepal",27.6870969,85.3476567,1267.36
ChIJ4_xXTYwZ6zkRixKMj7QXMZQ,school,Pentagon Montessori,preschool,"M8PW+JVF, Kathmandu 44600, Nepal",27.686567300000004,85.347177,1267.36
ChIJjcpSC78Z6zkRv9R-bhL_poU,school,Innovative English School,school,"Siddhartha Marg, Kathmandu 44600, Nepal",27.6838086,85.33149379999999,1268.88
ChIJOY5E9RwZ6zkRtGvrCCHKUbE,school,"Trive I Public High School, maitidevi",primary_school,"Kathmandu 44600, Nepal",27.7051799,85.33494329999999,1270.45
ChIJOXx4dNcZ6zkRjSmmE_Q-l4U,school,Saraswoti Kunj School,school,"P84M+3XG, Kathmandu 44600, Nepal",27.7051799,85.33494329999999,1270.45
ChIJrze6wqAZ6zkRUya0PiXUFOE,school,SAB public School,school,"P83J+C4X, Kathmandu 44600, Nepal",27.703618,85.3303652,1276.82
ChIJMzW6wqAZ6zkRuPA0YkQK3z4,school,Suryodaya Secondary School,school,"P83J+C4X, Kathmandu 44600, Nepal",27.7036202,85.3303653,1277.02
ChIJ5azCcwAZ6zkR5VcdqxHAIFU,school,Marvellous English Boarding School,school,"P83J+QRQ, Kathmandu 44600, Nepal",27.7044627,85.33212329999999,1277.38
ChIJawoolY0Z6zkRyhSYtmYdnMM,school,Ace Higher Secondary School,school,"Siddhicharan Marg, Kathmandu 44600, Kathmandu 22100, Nepal",27.6914261,85.3500373,1277.67
ChIJMd-wbrkZ6zkRbhiVlcR3pH8,school,National Academy High School,secondary_school,"M8MM+58P, Kathmandu 44600, Nepal",27.6829507,85.33331749999999,1287.87
ChIJ956Jv_cZ6zkRDR_mguHKznw,school,Apple Montessori School,school,"Tinkune Raja Janak Marg, Kathmandu 44600, Nepal",27.6873547,85.3481255,1287.95
ChIJ06YJHgAZ6zkR9cwhr-C2e6s,school,Kinder Joy Pre School,school,"M8MV+MQP, Shri Ganesh Marg, Kathmandu 44600, Nepal",27.6842082,85.34445269999999,1288.71
ChIJ9dB0W24Z6zkRfPNWtgAf14I,school,Kakshalaya Kindergarten School,educational_institution,"37- Tulasimarg, P83H+5MW, Ghattekulo Marga, काठमाडौँ 44600, Nepal",27.7029124,85.3290253,1291.32
ChIJAQBAIoMZ6zkRomWGhq99Cmg,school,Nepal Path-Finder Co-Ed School,school,"P83W+584, Kathmandu 44600, Nepal",27.7028939,85.3458431,1296.57
ChIJbfZuq-wZ6zkRxIEw6jQJphA,school,V.S. Angels' World,school,"M8PW+4F3, Kathmandu 44600, Nepal",27.6852703,85.3461696,1297.15
ChIJKZ-2VH4Z6zkRwV31LZ-lAFk,school,Tutors Nepal,school,"tinkune Sairam Marg, Kathmandu 44621, Nepal",27.6878979,85.3486621,1299.35
ChIJl59OnMgZ6zkRUOrJ6cmbLj8,school,Baba Batika English Boarding School bijaya chowk gaushala,school,"Kathmandu 44600, Nepal",27.7029221,85.34594109999999,1305.19
ChIJg4tRcYYZ6zkR-6lzvEbEXKY,school,Bridgewater Int'l H.S. School,school,"M9W2+H4H, Tara Marg, Kathmandu 44600, Nepal",27.6964473,85.3503468,1306.27
ChIJcTcxdgAZ6zkRLys1AMTTOI0,school,Ace School,school,"M9R2+H4Q, Kathmandu 44600, Nepal",27.6914515,85.3503549,1307.58
ChIJb-d6JJwZ6zkRPOEnQlc0tQQ,school,Sungava Montessori School,school,"M8MV+FJG Tinkune, Kathmandu., Kathmandu 44600, Nepal",27.6836991,85.34407379999999,1317.64
ChIJNx_33tgZ6zkRrxAL-Krx_8c,school,Jana ekata margha,school,"M8MJ+96M, Kathmandu 44600, Nepal",27.6834529,85.3305516,1347.98
ChIJp63QVZ4Z6zkRj91sVUcWaVU,school,Bimal music instruments official ( World's First Digital Brand ),manufacturer,"Tara Marg , Sinamangal-9 Bimal Music Instruments ( World's first digital brand Soniya group of companies pvt ltd, तारा हल चौक, 9 सिनामंगल राेड, काठमाडौँ 44600, Nepal",27.697002,85.35066359999999,1350.88
ChIJUUEXSaQZ6zkRqK6GP36Nn2A,school,"Vinayak Shanti Niketan , Thapathali",primary_school,"Rajesh Marg, Kathmandu 44600, Nepal",27.6881451,85.32518259999999,1363.95
ChIJkd4PcJoZ6zkRuWGIXtGREV4,school,Annapurna Vinayak School Block B,school,"M9R2+985, Kathmandu 44600, Nepal",27.690877500000003,85.3508537,1370.16
ChIJlbyR_KYZ6zkRrif8qI_G7a4,school,ASPHODEL PUBLIC SCHOOL,school,"P83G+2XM, Kathmandu 44600, Nepal",27.7025901,85.3274098,1372.74
ChIJmUEtUA4Z6zkRb43hfg7O1fc,school,Little Kingdom Child Development Center,school,"Shastri Sadan Marg, Kathmandu 44600, Nepal",27.7054084,85.3320231,1377.93
ChIJy4cMpoMZ6zkRdtJoludQbJ0,school,Midland E.B. School,school,"P83W+2XV, Biajy Chowk, Kathmandu 44600, Nepal",27.7026049,85.34742750000001,1379.33
ChIJb2r-SacZ6zkRavYIyJt5BOQ,school,Maitidevi Boarding School,secondary_school,"P83H+CCW, Kathmandu 44600, Nepal",27.703615900000003,85.3285767,1379.85
ChIJOQJ3Nb8Z6zkRh5WDHKDqb3s,school,Swapna Vatika School,school,"M8MH+RP6, Kathmandu 44600, Nepal",27.6838321,85.329279,1380.03
ChIJqc4SLksZ6zkRCdHYeJqSBx8,school,Triton secondary school,school,"M8MV+5HV, Kathmandu 44600, Nepal",27.6829774,85.34392199999999,1380.68
ChIJW4mPMFUZ6zkRPbDH0EJ93Uw,school,Rainbow Kids International School,preschool,"Danphe Chari Marg, Kathmandu 44600, Nepal",27.6816553,85.3353999,1382.04
ChIJsSDZyrgZ6zkRmBXP18IBet0,school,SV Academy,school,"M8MH+HJG, Kathmandu 44600, Nepal",27.6839398,85.3290725,1382.21
ChIJqTwfV4kZ6zkRbXBh03k1vWU,school,NASA National Secondary School,school,"M9Q2+M45, शक्ति विनायक मार्ग, Kathmandu 44600, Nepal",27.6891463,85.35036389999999,1385.91
ChIJjTotqroZ6zkRJIovO09BKkE,school,Kids Paila Montessori,school,"M9Q2+R6P, Jay Ganesh Galli, Kathmandu 44600, Nepal",27.6895948,85.3505804,1387.37
ChIJd4D49bkZ6zkRMRKH5d-7hQk,school,Rosebud School Junior Block,primary_school,"बुद्धनगर-१०, ३२ रुदर्‍मति मार्ग, Kathmandu 44600, Nepal",27.6879544,85.3249838,1391.27
ChIJoQmmWX4Z6zkRmN08Qt-dGJI,school,Gaming Club | 8MBets Nepal,school,"Kathmandu 44600, Nepal",27.6825019,85.34315540000001,1395.23
ChIJqaVKBAAZ6zkRXRa-eGpDxrw,school,Loyola Secondary School,school,"M9R2+GGJ, Kathmandu 44600, Nepal",27.691332600000003,85.35125839999999,1397.32
ChIJDwKXh1MZ6zkRmeRnW5zYBNc,school,Pixel Media & Multi-Media Training Academy,,"Ekta Marg, Kathmandu 44600, Nepal",27.6826623,85.3311007,1400.15
ChIJBbpHPY0Z6zkRUFGu8XSs1BM,school,Bal Shikshya Uddhan Pre School,preschool,"M8MW+PJ2, New Baneshwor Rd, Kathmandu 44600, Nepal",27.6842682,85.3465305,1404.68
ChIJh0yDRAAZ6zkRyfSepwAuspY,school,Care English Boarding School,school,"P83X+22Q, Kathmandu 44600, Nepal",27.7026991,85.3476937,1405.47
ChIJ_VWrPY0Z6zkRoHOu4wNYJ64,school,Passion International Education (Japanese Language School),consultant,"Tinkune-32, Kathmandu 44600, Nepal",27.6841875,85.3464375,1405.75
ChIJS3XI9LkZ6zkRLGrvO2Dvc1s,school,Rosebud School,school,"32, 1 Rudramati Marg, Kathmandu 44600, Nepal",27.6873363,85.3251394,1412.44
ChIJAQDAgogZ6zkRX8Dz-VjM0-s,school,Guheshwori school,secondary_school,"M9V2+VPG, Kathmandu 44600, Nepal",27.6946815,85.3518169,1423.67
ChIJJyZlwoIZ6zkRBQJsNt0Ydsg,school,Happy Kids Montessori,school,"P83W+P9J, Bajreshwori Marg, Kathmandu 44600, Nepal",27.7043264,85.3458828,1424.59
ChIJAQAQlIYZ6zkRWSU2QlVuycE,school,Mount Olives E.B. High School,secondary_school,"M9X2+G8F, Kathmandu 44600, Nepal",27.6988083,85.3508079,1427.73
ChIJOeguUaYZ6zkRo1Q85iaCTvo,school,The Spangle Boarding High School,school,"P82G+VFX, कालिकास्‍थान मार्ग, Kathmandu 44600, Nepal",27.7022268,85.326229,1431.87
ChIJF00mnggZ6zkRwmAkoUkd0kg,school,Ved Pathshala,preschool,"M8MW+C97, Kathmandu 44600, Nepal",27.683529,85.345908,1431.91
ChIJqZ6cC_MZ6zkRcNLFsuiFa6k,school,Shiksha sankar pratisthan,school,"P83X+376, Bijayachowok, Kathmandu 44600, Nepal",27.702660500000004,85.3481453,1435.02
ChIJWb-zi7QZ6zkRQ4Bsf6eP4Ys,school,Sana Tara Montessori,preschool,"M9X2+6F2, Kathmandu 44600, Nepal",27.698027000000003,85.3512623,1439.65
ChIJUTjOT7kZ6zkRH5dsa0yCY0E,school,Kathmandu Bakery Training Center,school,"Tinkune, Kathmandu 44600, Nepal",27.6879222,85.35035409999999,1443.1
ChIJGVAQGqcZ6zkRj3bw5qMToDo,school,Montessori Children's House,preschool,"P83H+G32, कालिकास्थान मार्ग, Kathmandu 44600, Nepal",27.7037507,85.3276355,1451.07
ChIJo6drx4MZ6zkR7_l6glLLwXc,school,Nepal Music Center ( Nepal Sangeet Vidhyalaya ),educational_institution,"Karuna Marg, Kathmandu 44600, Nepal",27.7024552,85.3486211,1455.04
ChIJV1RVRXgZ6zkRDEGaUaZWKZg,school,Sathya Sai School,school,"9 Maiti Marg, Kathmandu 44600, Nepal",27.704272,85.3464891,1455.7
ChIJ3cx_NAAZ6zkRjJ_GOH-nUiU,school,J.K. Educational Consultancy Pvt. Ltd.,school,"Kalika Marg, Kathmandu 44600, Nepal",27.7022544,85.3258793,1460.37
ChIJ0xf8WZ0Z6zkR84FI0A9gsYg,school,Shambhavi School,school,"P84V+8FJ, Surya Bikram Gyawali Marg, Kathmandu 44600, Nepal",27.7057697,85.3441141,1471.05
ChIJ55WJDAAZ6zkRtwarYTwPmS4,school,Himalayan White House Int´l School,school,"M8MX+M23, Pancheshwor Marg, Kathmandu 44600, Nepal",27.6840373,85.3473534,1477.06
ChIJHTN2CQAZ6zkRyPXXCyNAL9s,school,Teresa Academy,secondary_school,"P83W+MR6, Kathmandu 44600, Nepal",27.7041569,85.34700339999999,1477.58
ChIJg9-vCKcZ6zkRWxeMApp8158,school,Kathmandu Japanese Language Institute,school,"Kalikasthan カトマンズ, 44600, ネ, パール 44600, Nepal",27.7034899,85.3268332,1483.61
ChIJBZ5K7bAZ6zkRL6rNv5NDrGE,school,Annapurna English Secondary School,school,"gaurigaun, M9Q2+VPW Bagmati-Tinkune Bridge, काठमाडौँ 44600, Nepal",27.6897308,85.3518211,1497.6
