place_id,poi_type,name,primary_type,formatted_address,latitude,longitude,distance_from_center_m
ChIJOUP5Rdob6zkRb0E6cx-ckGY,bank,Gurkhas Finance Limited,bank,"P9C6+7PR, Boudhanath Sadak, Kathmandu 44600, Nepal",27.7207425,85.36176999999999,73.92
ChIJ2dwFCrMb6zkRTKgmwf16hvk,bank,"Kamana Sewa Bikas Bank Limited, Boudha Branch",bank,"Nearby sherpa gumba, काठमाडौँ 44600, Nepal",27.720916499999998,85.36044989999999,155.84
ChIJHZ8w7tob6zkRd37tELG87Qw,bank,Laxmi Sunrise Bank,bank,"P9C7+68Q, Boudhanath Sadak, Kathmandu 44600, Nepal",27.7205817,85.3633507,165.41
ChIJy6KJJtob6zkRjN0Ow2C_UQI,bank,Ideal Society SACCOS,bank,"P9C6+55P, Boudhanath Sadak, Kathmandu 44600, Nepal",27.7204703,85.3604591,178.06
ChIJ32_d7tob6zkRhzcfD5Pn9e8,bank,Machhapuchchhre Bank Limited,bank,"P9C7+7C3, Boudhanath Sadak, Kathmandu 44600, Nepal",27.720632499999997,85.36356200000002,180.51
ChIJr148EO8b6zkRqXIi-hHzJio,bank,Nalapani Multipurpose Co-op,bank,"P9C7+6F8, Boudhanath Sadak, Kathmandu 44600, Nepal",27.7205355,85.36368759999999,196.52
ChIJHXHLyNob6zkRXC7YQL2hPVw,bank,Siddhartha Bank | Bouddha,bank,"P9C6+64V, Boudhanath Sadak, Kathmandu 44600, Nepal",27.7201566,85.36025029999999,215.57
ChIJO-KfWtob6zkRXc_WgPOmhXI,bank,Prabhu Bank Limited,bank,"P997+XFV, Boudhanath Sadak, Kathmandu 44600, Nepal",27.7199885,85.3636605,230.14
ChIJt-O8w9ob6zkRbDJdZ1YIm5s,bank,Mega Bank,bank,"Kathmandu Metropolitan City - 06 Near to Bouddha Pipalbot, Bouddha, Kathamandu, Kathmandu 44600, Nepal",27.7206087,85.3645853,274.49
ChIJoV6MJzEb6zkRW-VrbGtCK8E,bank,Kunphen SACCOS,bank,"Boudha,pipalbot, Kathmandu, 44600, Nepal",27.7206382,85.3646281,277.49
ChIJP7sPSgEZ6zkRZeVBp4_NryI,bank,Himalayan Bank Limited,bank,"Bouddha, Kathmandu 44605, Nepal",27.720440999999997,85.36479489999999,300.17
ChIJnzrAjnsb6zkR7rrbDv6_SmY,bank,Rastriya Banijya Bank,bank,"P9C5+3JG, Kathmandu 44600, Nepal",27.720185999999998,85.3590637,313.18
ChIJ_YS0EMUb6zkRNtRrduulA0Y,bank,Nabil Bank Limited,bank,"P9C8+32Q, Boudhanath Sadak, Kathmandu 44600, Nepal",27.720214,85.3651046,337.83
ChIJX5A7yUQb6zkRtv6hjEnDAOE,bank,Kumari Bank Limited,bank,"P9C8+65G, Kathmandu 44600, Nepal",27.720563199999997,85.36553239999999,365.36
ChIJRznGJMUb6zkRB2x-8Nhqjw8,bank,Nepal Investment Mega Bank,bank,"Boudhanath Sadak, 44600, Nepal",27.7209048,85.3660269,405.88
ChIJW53Itdkb6zkR9h-PhDN6uFA,bank,NIC ASIA Bank Bouddha Branch,bank,"P9C5+252 Kathmandu, Kathmandu 44600, Nepal",27.720062499999997,85.35793749999999,420.72
ChIJRX1bBMUb6zkRF4cyCR2AxrQ,bank,Citizens Bank International Limited,bank,"Boudha Rd, 44600, Nepal",27.721147799999997,85.3674267,540.74
ChIJCzqX1wUZ6zkRokBm78qPjF8,bank,Laxmi Sunrise Bank Limited,bank,"Mahankal, Kathmandu 44600, Nepal",27.7246678,85.3575735,563.53
ChIJUwufqcUb6zkRK1RuDE4cJzE,bank,Global IME Bank Limited,bank,"Kathmandu 44600, Nepal",27.7212252,85.368028,599.53
ChIJ3Qst8Fgb6zkRLu9e801krc0,bank,Ekikaran Multipurpose,bank,"P9F4+JF3, Panitanki 44600, Nepal",27.724012,85.3561589,639.38
ChIJl-MCssUb6zkRGVO-ctpFq6o,bank,SwarnaLaxmi Multipurpose Cooperative Limited,bank,"P9C9+GCG, Kathmandu 44600, Nepal",27.721314800000002,85.3685848,654.11
ChIJg2yUztIb6zkRpg1KC9rjYCI,bank,Sanima Bank Limited,bank,"P9C9+GCH, Kathmandu 44600, Nepal",27.72133,85.368676,663.07
ChIJmyGOdhsb6zkRSStIwibTghQ,bank,Nabil Bank,bank,"KM Complex, Near, Chowk Ramhiti, काठमाडौँ 44600, Nepal",27.7270446,85.364601,681.14
ChIJ84s5u2IZ6zkRazlI0Er5Xsk,bank,Kathmandu Multi-purpose Co-op,bank,"P993+MPR, Boudhanath Sadak, Kathmandu 44600, Nepal",27.719247,85.3542729,791.42
ChIJC08bD5IZ6zkRDaOSkmgL5i0,bank,Artha Sampada Multipurpose Co-op,bank,"P993+JH4 Hayat Regency, Gangalal Way, Kathmandu 44600, Nepal",27.719022,85.3539523,829.17
ChIJA05ar98b6zkRwHpmyFUfDDs,bank,Agricultural Development Bank Ltd. Kapan Branch,bank,"P9G4+XQH, 1387 Saraswatinagar Rd, Kathmandu 44600, Nepal",27.7274498,85.3569839,831.87
ChIJo8lFEt4b6zkRC47FFGOjGDc,bank,Scholar sahakari,bank,"P9H5+HPG, Kathmandu 44600, Nepal",27.728927,85.3593313,876.53
ChIJ3dbus8Ub6zkRxWew3YtO3i4,bank,Prabhu Bank,bank,"P9CC+FCC, Boudha Rd, Kathmandu 44600, Nepal",27.721197399999998,85.3710018,892.23
ChIJGROWr-0b6zkR6PliRyxnT64,bank,Kantipur SACCOS,bank,"P9CC+HF, Gokarneshwor 44600, Nepal",27.721493499999998,85.3712453,916.01
ChIJYd110GIZ6zkRRGCO4l5r2l8,bank,Standard Charted Bank,bank,"Bhatbhatini, P993+H5M, बौद्धनाथ सडक, काठमाडौँ 44600, Nepal",27.718962599999998,85.3529309,926.96
ChIJ_RTJ22IZ6zkRZZQtEuZ9nXA,bank,Swachchhanda SACCOS,bank,"P993+M38, Boudhanath Sadak, Kathmandu 44600, Nepal",27.7191598,85.35271329999999,941.46
ChIJoQp-KGMZ6zkRB98MZYcu9E4,bank,Nepal SBI Bank Ltd,bank,"P993+M37, Boudha Road, Kathmandu 44600, Nepal",27.7191673,85.35266570000002,945.76
ChIJ4--8w9ob6zkRoI5G0MBARy8,bank,Nepal Investment Mega Bank Limited (NIMB),bank,"Boudhanath Sadak, Kathmandu 44600, Nepal",27.719228899999997,85.35253589999999,956.36
ChIJBW0Nm2EZ6zkRCaTjbigDrmw,bank,Nepal Investment Mega Bank Limited (NIMB),bank,"Saraswatinagar Rd, Kathmandu 44600, Nepal",27.725006999999998,85.3529877,968.62
ChIJ2aYam2EZ6zkR8zrRv6Rn4Q0,bank,Nepal Investment Mega Bank Limited (NIMB),atm,"06 Saraswatinagar Rd, Kathmandu 44600, Nepal",27.72504,85.35296,972.63
ChIJnyMxJ2MZ6zkRupzs2QXukhk,bank,Guheshwori Merchant Banking & Finance Ltd,bank,"Naya tole 01 Kapilvastu Taulihawa, काठमाडौँ 32800, Nepal",27.719253799999997,85.3522441,983.51
ChIJLWTcgmEZ6zkRNe4QcqF-R-I,bank,"Citizens Bank International Limited, ATM",atm,"Saraswatinagar Rd, 44602, Nepal",27.724707199999997,85.35255719999999,994.49
ChIJa-zagmEZ6zkR6pTh9OsET9I,bank,Citizen Bank International Ltd.,bank,"Saraswatinagar Rd, 44602, Nepal",27.7247286,85.3524872,1001.77
ChIJ4-IxWmMZ6zkRbCgAlzX07IU,bank,Prime Commercial Bank Ltd.,bank,"P992+QQH, Boudhanath Sadak, Kathmandu 44600, Nepal",27.7194422,85.3519956,1002.53
ChIJ6c3TB5Ib6zkRV6_ACeY1VxM,bank,Sanima Bank,bank,"P978+8M4, Unnamed Road, Kathmandu 44600, Nepal",27.713250799999997,85.3667176,1019.93
ChIJWxAd9XoZ6zkRkap21wPtmO8,bank,Agricultural Development Bank Ltd. (Chabahil Branch),bank,"P992+JQ3, रिङ्ग रोड, Kathmandu 44600, Nepal",27.719018600000002,85.3519162,1021.3
ChIJs8ZKeGEZ6zkR4sGyK5phXzs,bank,Sara Bikash SACCOS,bank,"P9F2+VV8, Saraswatinagar Rd, Kathmandu 44600, Nepal",27.7246579,85.352193,1025.91
ChIJHQNfrFQZ6zkRazhp83E7XyE,bank,Everest bank ATM,bank,"P973+PXW, Kathmandu 44600, Nepal",27.714354,85.3549598,1041.25
ChIJ42GlajUZ6zkRYj0nGDWDFWk,bank,Laxmi Sunrise Bank Kumarigal Branch,bank,"P973+PXF, Kathmandu 44600, Nepal",27.714301499999998,85.3549182,1048.34
ChIJqWXg3mMZ6zkRefjBrwI5NSI,bank,Sindu Sagar Saving and Credit Co-operative Ltd.,bank,"P9F2+GGH, Saraswatinagar Rd, Kathmandu 44600, Nepal",27.723819499999998,85.3513737,1074.56
ChIJXbxXa2QZ6zkRDKrkrSXBstI,bank,Jyoti Bikash Bank Limited,bank,"P9F2+HGC, Saraswatinagar Rd, Kathmandu 44600, Nepal",27.7240552,85.3514314,1075.99
ChIJD0vN8N8b6zkRylQAfHOyFsY,bank,Lumbini Bikas Bank Limited,bank,"01 Milan Chowk Galli, Budhanilkantha 44600, Nepal",27.729135799999998,85.35528839999999,1081.88
ChIJ8b3ROGMZ6zkRBgswDS4iugQ,bank,Ahwahan Multipurpose Co-op,bank,"P992+MFW, Boudhanath Marg, Kathmandu 44600, Nepal",27.719229,85.351218,1082.41
ChIJy4vFGpsZ6zkRNBZxg4koLYk,bank,Atharva Multipurpose Co-op,bank,"P992+HCJ, Boudhanath Sadak, Kathmandu 44600, Nepal",27.718960199999998,85.3510276,1107.6
ChIJe3jbBscb6zkRJV_EuxDLPUo,bank,Jyoti Bikash Bank Limited,bank,"Boudha - Jorpati Rd, Gokarneshwor 44600, Nepal",27.72208,85.3733535,1126.07
ChIJSZnhWmMZ6zkRGfygSUIJOwU,bank,Prabhu Bank Limited,bank,"P992+J7X, Boudhanath Sadak, Kathmandu 44600, Nepal",27.719109099999997,85.3507285,1132.35
ChIJCQ_CBscb6zkR9rPa5d0WGoE,bank,Mukti Saving & Credit Co-operative Ltd,bank,"P9CF+R9W, Gokarneshwor 44600, Nepal",27.7221105,85.3734678,1137.53
ChIJ25a3QmMZ6zkR1JA6eU3C1M0,bank,Nikhil Darshan SACCOS,bank,"P992+R55, Boudhanath Sadak, Kathmandu 44600, Nepal",27.719514999999998,85.350481,1147.05
ChIJK37hRGMZ6zkRHsmYC0UaumA,bank,Suncity SACCOS,bank,"P992+J6F, Kathmandu 44600, Nepal",27.7190566,85.3505576,1150.05
ChIJQ6jI3ocb6zkR-MdEYIliDbQ,bank,Siddhartha bank,bank,"P9J4+9MQ, Milan Chowk Galli, Budhanilkantha 44600, Nepal",27.7309563,85.356722,1181.22
ChIJKfMwXWMZ6zkROuQupFDTAiY,bank,Sanima Bank Ltd. Chuchchepati Branch,bank,"P992+Q28, Kathmandu 44600, Nepal",27.7194197,85.3500811,1187.69
ChIJB1t0WWMZ6zkRIA3awQQfB7E,bank,Gautamabudhda SACCOS,bank,"P992+J2F, Boudhanath Sadak, Kathmandu 44600, Nepal",27.719051,85.350053,1198.63
ChIJyf4_qtQb6zkRzw-J9AclkIo,bank,Nepal Investment Mega Bank ATM,atm,"Gokarneshwor Municipality-06, P9CF+QHR, Jorpati-Sankhu Rd, Kathmandu 44600, Nepal",27.721962200000004,85.3741199,1200.58
ChIJufC9VWMZ6zkRGAD0BEzird4,bank,Namaste Nepal Multipurpose Co-o,bank,"G - 28, Boudhanath Sadak, Kathmandu 44600, Nepal",27.718583499999998,85.35009140000001,1207.32
ChIJHXSmnWQZ6zkRd4gScdvfmPo,bank,Sunaulo Lumbini Saving And Credit Cooperative Ltd.,bank,"P8CX+2R9, Boudhanath Sadak, Kathmandu 44602, Nepal",27.7200444,85.3496246,1221.44
ChIJ47jCRmMZ6zkRculrAAbdR2Y,bank,Nepal Investment Mega Bank Limited,bank,"44602, काठमाडौँ 44602, Nepal",27.7183277,85.3499789,1225.62
ChIJv7dRC2QZ6zkR_3gLlunhTJY,bank,Siddhartha Bank | Saraswatinagar,bank,"Saraswatinagar Rd, Kathmandu 44600, Nepal",27.722549100000002,85.3493472,1246.21
ChIJm_E7rGQZ6zkRhJN-_ocs8aM,bank,Everest Bank Ltd.,bank,"P89X+9Q2, Boudhanath Sadak, Kathmandu 44600, Nepal",27.718389600000002,85.3493804,1280.51
ChIJiyxqCn4Z6zkR3snto-Mt6eg,bank,Manamanakamana Co-operative,bank,"P963+WGQ, Kathmandu 44600, Nepal",27.7123286,85.35385819999999,1283.79
ChIJLVnYOgAb6zkRbRzTq-g0utA,bank,"Kumari Bank Limited, Jorpati, Narayantar",bank,"P9CG+Q28, Gokarneshwor 44600, Nepal",27.7219125,85.3750781,1294.51
ChIJL82fsmQZ6zkRfrapLJl4tSI,bank,NMB Bank Limited,bank,"P89X+8J5 Central Complex, Boudhanath Sadak, Kathmandu 44600, Nepal",27.718211999999998,85.349131,1309.42
ChIJPU1hrWQZ6zkRd_XAKK0rB1s,bank,Comm Kumari Bank Limited,bank,"P89X+8J5, Boudhanath Sadak, Kathmandu 44600, Nepal",27.718268,85.34910719999999,1310.01
ChIJp8vZs2QZ6zkRB7T4ESWLmRo,bank,Campus SACCOS,bank,"P89X+9HG, Boudhanath Sadak, Kathmandu 44602, Nepal",27.718438,85.348947,1320.4
ChIJi1UKgMcb6zkRVAacKnxuK78,bank,Everest Bank Ltd.,bank,"P9CG+Q76, Boudha - Jorpati Rd, Kathmandu 44600, Nepal",27.7219038,85.3756513,1350.84
ChIJC-oyS3sZ6zkRocAVrbxctjE,bank,Goodwill SACCOS,bank,"P89X+6FH, Boudhanath Sadak, Kathmandu 44600, Nepal",27.7180747,85.3487272,1351.82
ChIJu2awMgAb6zkRPAK3pBhBW_s,bank,Sanima bank faika branch,bank,"Tri Jyoti Chowk, Budhanilkantha 44600, Nepal",27.733543299999997,85.3626134,1353.01
ChIJaXxLtGQZ6zkRd0oIwPnclo0,bank,सिन्धु-काठमाडौं बचत तथा ऋण सहकारी संस्था लि.,bank,"P89X+8FC, Boudhanath Sadak, Kathmandu 44600, Nepal",27.718321999999997,85.3486351,1353.35
ChIJZ0Mefrgb6zkRWQJ5v9g13f0,bank,Siddhartha Bank Limited.,bank,"P9CG+Q96, Gokarneshwor 44600, Nepal",27.7219017,85.3758809,1373.41
ChIJkX4RXMYb6zkRQRWMCeGkDcQ,bank,Agricultural Development Bank Ltd. Jorpati Branch,bank,"P9CG+QHH, Boudha Rd, Gokarneshwor 44600, Nepal",27.7219312,85.3764696,1431.44
ChIJw4Rx0LIZ6zkR3KRDm-Gzs94,bank,Maijubahal,bank,"P88X+R7Q, Kathmandu 44600, Nepal",27.717093199999997,85.34822679999999,1431.91
ChIJP_El3OQZ6zkRULdUk-Bmbvg,bank,Arthasiddi Multipurpose Co-op,bank,"Boudhanath Marg, Kathmandu 44600, Nepal",27.7170591,85.3482318,1432.71
ChIJ-Qx-MnsZ6zkRyAwcv9RDWAk,bank,Compass Saving and Credit Co.ltd,bank,"P89X+545, Boudhanath Sadak, Kathmandu 44600, Nepal",27.717893699999998,85.3478597,1439.47
ChIJEcTnOhFcAEkR8pa3DkmOe0w,bank,lympia mutipurpose co-operative td,bank,"Shankarjyoti Marg, Kathmandu 44600, Nepal",27.717022699999998,85.34814949999999,1441.7
ChIJeTpG1LQZ6zkR_UkqjHMR_O4,bank,"Kamana Sewa Bikas Bank Ltd, Chabahil Branch",bank,"P89W+XWW, Kathmandu 44600, Nepal",27.719972,85.3473633,1443.46
ChIJ3WUYLnsZ6zkRk9D7U1IPMeY,bank,Chandra Vinayak SACCOS,bank,"P89X+24P, Boudhanath Marg, Kathmandu 44600, Nepal",27.717594,85.3478289,1451.73
ChIJSXj6krgb6zkR2EhqVZVzGsw,bank,Swadeshi Laghubitta Bittiya Sanstha Limited,bank,"Unnamed Road, P9FG+3PH, Kathmandu 44600, Nepal",27.7226941,85.37686219999999,1475.95
ChIJGQAe4XgZ6zkR8E-RHMOQrrM,bank,Muktinath Bikas Bank Ltd. Chabahil Branch,bank,"P8CW+RQW, Gopi Krishna Marga, Kathmandu 44600, Nepal",27.722123999999997,85.3469523,1477.52
ChIJD_y2KnsZ6zkRxliASfp33Uk,bank,Global IME Bank Limited,bank,"Kathmandu Ring Rd, Kathmandu 44600, Nepal",27.718023799999997,85.347212,1497.27
ChIJ8Y6gSdob6zkRyPVTH-aj0-g,bus_stop,Bauddha Bus Stand,bus_stop,"Gangalal Way, Kathmandu 44600, Nepal",27.720706200000002,85.3617498,78.31
ChIJcVhk8N4b6zkRjIQktg7iFDU,bus_stop,Mahankal Oralo Chowk Bus Stop,bus_stop,"Boudhha, 44600, Nepal",27.7266408,85.3582844,685.83
ChIJF_oBsc8b6zkR81tuqMAbto8,bus_stop,Old Bipul Chowk Bus Stop,bus_stop,"Gokarneshwor 44600, Nepal",27.71631,85.3670526,756.53
ChIJWfTHu2IZ6zkRcDilXbWQ4JA,bus_stop,Hayat Regency,bus_stop,"Gangalal Way, Kathmandu 44600, Nepal",27.7192212,85.3540763,810.74
ChIJszK-qN8b6zkRK4t4fMNa5SY,bus_stop,Bhrikuti Chowk Bus Stop,bus_stop,"6 Saraswatinagar Rd, Kathmandu 44600, Nepal",27.7273791,85.3570077,824.13
ChIJsTJkE94b6zkRVPTt5l2CUCU,bus_stop,Tenzing Chowk,bus_stop,"Kapan, Budhanilkantha 44600, Nepal",27.7287847,85.35919229999999,865.59
ChIJWxO2PWMZ6zkRnerlyrrqUcA,bus_stop,CHUCHEPATI BUS STOP,bus_stop,"Boudhanath Sadak, Kathmandu 44600, Nepal",27.719476999999998,85.3514989,1049.53
ChIJ8feu_8Yb6zkRLrq6YWD_O9A,bus_stop,Jorpati,bus_stop,"Jorpati-Sundarijal Road, Kathmandu 44600, Nepal",27.7217839,85.37265939999999,1056.04
ChIJM-LwAMcb6zkRRR9rT9382k0,bus_stop,Lions Lab,bus_stop,"Boudha Rd, Gokarneshwor 44600, Nepal",27.721947999999998,85.3732309,1113.11
ChIJDzO6_98b6zkRgd5BK0i0m_c,bus_stop,Milan Chowk Bus Stop,bus_stop,"Kapan, Budhanilkantha 44600, Nepal",27.729853199999997,85.3550618,1159.29
ChIJzc11cmAZ6zkRk5LfIPocqYU,bus_stop,Pancha Kumari Bus Stop,bus_stop,"Kapan, Budhanilkantha 44600, Nepal",27.7291339,85.3534993,1196.54
ChIJN7R1cmAZ6zkRZQ1KrdIs3G8,bus_stop,Milan Chowk Bus Stop,bus_stop,"Kapan, Budhanilkantha 44600, Nepal",27.7292168,85.3534457,1206.84
ChIJnUWz8mAZ6zkRG6Mll0hUChA,bus_stop,Narayan Chowk Bus Stop,bus_stop,"Boudhha, Budhanilkantha 44600, Nepal",27.728416700000004,85.3517935,1268.03
ChIJkwD412AZ6zkRr2m3sUlW0ys,bus_stop,Kapan SaatTaley Chowk Bus Stop,bus_stop,"Kumaristhan, Budhanilkantha 44600, Nepal",27.7269565,85.35044429999999,1289.75
ChIJg5Juiscb6zkRe5slx01Puus,bus_stop,Mother Hyolmo Bus,bus_stop,"जोरपाटी सडक, Gokarneshwor 44600, Nepal",27.720682999999998,85.3755719,1344.12
ChIJ138wM3sZ6zkRXrZAg0YSu1Y,bus_stop,Shanti Goreto Bus Stop,bus_stop,"Chabahil, Kathmandu 44600, Nepal",27.7178807,85.3479297,1433.23
ChIJc_0YVWMZ6zkRcigdf-bxMjY,cinema,FCube Cinemas,movie_theater,"KL Tower, Boudhanath Sadak, Kathmandu 44600, Nepal",27.7183323,85.35000509999999,1223.0
ChIJl2GutpUZ6zkRPvWXKX7Rzec,cinema,20D Cinema,movie_theater,"4th Floor, P89X+7X KL Tower, Kathmandu, Chuchepati, Kathmandu 44600, Nepal",27.7182937,85.3500172,1223.06
ChIJH-_xStob6zkRaBTg3LdqwbA,clinic,Old Tibetan Singing Bowl Shop,medical_clinic,"P9C6+GJM, Boudha Rd, Kathmandu 44600, Nepal",27.7213301,85.361547,39.25
ChIJuTPqBgAb6zkRA-qSr9Ipu1I,clinic,Boudha Eye Care and Optical Center,medical_clinic,"P9C6+8JF, Kathmandu 44600, Nepal",27.720807399999998,85.3615446,75.57
ChIJ5aAlN2cb6zkR1BafWiUZysA,clinic,Kantipur clinic pvt. ltd,medical_clinic,"Boudha Rd, Kathmandu 44600, Nepal",27.7207115,85.3622839,82.69
ChIJAYN3SbYb6zkReUhfm04CaEU,clinic,Stupa Dental Studio - Dental Clinic in Kathmandu,dental_clinic,"GATE, Kathmandu 44600, Nepal",27.7205496,85.3618498,93.87
ChIJHcqJR9ob6zkR3BRd1akZRWY,clinic,Clear Vision Optical & Eye Clinic,medical_clinic,"Boudhanath Sadak, Kathmandu 44600, Nepal",27.7206044,85.36149619999999,97.67
ChIJxaRzPgAb6zkRBNT2ao3_Zdk,clinic,A1 pharmacy,medical_clinic,"757 Boudha - Jorpati Rd, Kathmandu 44600, Nepal",27.720655299999997,85.3625058,98.87
ChIJlx-qMdob6zkROOfNR_EAVzU,clinic,Siddhartha Dental Clinic,dental_clinic,"P9C6+89V, Boudhanath Sadak, Kathmandu 44600, Nepal",27.7208552,85.3609161,117.02
ChIJH8E9KZkb6zkRp4YCWBJkpqc,clinic,Aarogya Maxillofacial and DENTAL Care Pvt. Ltd.,dental_clinic,"Kathmandu 44100, Nepal",27.720429199999998,85.3627434,132.92
ChIJR8GWcRcb6zkRiGGNrlF8JNE,clinic,KARMA PHYSIOTHERAPY AND REHABILITATION CENTER,medical_clinic,"Beside Patio 747, Boudhanath Sadak, Kathmandu 44600, Nepal",27.7204795,85.3628817,137.27
ChIJrX42OQAb6zkRLtOlBcokBuQ,clinic,Good Smile Dental,dental_clinic,"P9C7+53F, Boudha Rd, Kathmandu 44600, Nepal",27.720312999999997,85.362624,137.39
ChIJhcpYo4Ub6zkRlzqxeJGpsH8,clinic,Smart Eyes,medical_clinic,"P9C7+55F, Kathmandu 44600, Nepal",27.720436399999997,85.3629354,144.37
ChIJSU1W8Nob6zkRgqogxjD73pg,clinic,Manjushree Acupuncture Treatment Centre,medical_clinic,"P9C7+67V, Boudhanath Sadak, Kathmandu 44600, Nepal",27.720609999999997,85.3631807,149.79
ChIJk1-tEgAb6zkRH5JiftrkLYM,clinic,Perfect Crown Dental Clinic,dental_clinic,"P9C6+682, Chabhil-Baudha-Jorpati Sadak, Kathmandu 44600, Nepal",27.7205156,85.36076910000001,150.79
ChIJVyKFbgMb6zkRAary4vLXRUw,clinic,Maratika Sorig Healing Center - Traditional Tibetan Medicine,medical_clinic,"P9F6+4M5, Boudha - 6, Kathmandu 44600, Nepal",27.7227544,85.36174849999999,152.88
ChIJr5_aSPYb6zkRgWru2Rb83cw,clinic,Buddha Tibetan Herbal,medical_clinic,"Boudha-6, Kathmandu 44600, 1 floor, next to Boudhanath Guest House. Opposite Boudha Main, बौद्ध सडक, काठमाडौँ 44600, Nepal",27.720282599999997,85.36289090000001,154.67
ChIJ5y8W9Nob6zkRZNdlUIHlzDA,clinic,Chinese Dental Clinic,dental_clinic,"P9C7+45G, Boudha Rd, Kathmandu 44600, Nepal",27.720322,85.3629579,155.38
ChIJhX0uUgAb6zkRNr1rJk6k95E,clinic,"Ideal Dental Care | Dental Clinic in Boudha, Kathmandu",dental_clinic,"near Pipalbot opposite to NMB Bank, Main Street, Kathmandu 44600, Nepal",27.7203755,85.36321869999999,169.02
ChIJyeK_PFMb6zkRcUZTZ7Sp8iY,clinic,Shambhala complex Royal dental,dental_clinic,"P9C6+64Q, Boudha - Jorpati Rd, Kathmandu 44600, Nepal",27.7205856,85.36035969999999,179.44
ChIJZ7WeOAAb6zkR14qB3Ykcw_g,clinic,Stella optical house,medical_clinic,"P9C7+492, Kathmandu 44600, Nepal",27.7202868,85.36336790000001,186.56
ChIJf_jZ22Ub6zkRehfIBRzkxbI,clinic,Lotus skin and Hair Clinic,skin_care_clinic,"6 Boudha - Jorpati Rd, Kathmandu 44600, Nepal",27.7203487,85.3601257,212.84
ChIJcc-dvtgb6zkRoDZlfzXMQOc,clinic,Aura life Physiotherapy and Acupuncture center,medical_clinic,"Dharatole, Kathmandu 44600, Nepal",27.7228823,85.3603478,228.25
ChIJ8_25Ydgb6zkRe1zhMqdAKuc,clinic,New chhorten optical house,medical_clinic,"6 Boudha - Jorpati Rd, Kathmandu 44600, Nepal",27.7205865,85.3641061,231.18
ChIJT2dAztob6zkRPv3P8bZtmqM,clinic,स्तुपा सामुदायिक अस्पताल दन्त विभाग,dental_clinic,"P9C7+7XJ, Kathmandu 44600, Nepal",27.7207148,85.3648837,299.32
ChIJgchZl18b6zkRBocCFbufX94,clinic,Dento Sphere Pvt. Ltd.,dental_clinic,"P9C5+3M7, Tushal-Mahankal Rd, Kathmandu 44600, Nepal",27.7201702,85.3591689,304.63
ChIJk-OECeMZ6zkRNQ0V-Ptl7ts,clinic,Blurkart,medical_clinic,"tushal opposite kfc, Lalitpur 44600, Nepal",27.720369299999998,85.3586816,340.22
ChIJwd-kai4Z6zkRTVyw74IhEXQ,clinic,Nice Smile Dental Care Pvt.LTD,dental_clinic,"6 Boudha - Jorpati Rd, Kathmandu 00977, Nepal",27.720490100000003,85.36525100000001,340.93
ChIJx3uSFdkb6zkR-ejuqrPvKPg,clinic,Roma Clinic,medical_clinic,"P9F5+3CP, Boudhanath Sadak, Kathmandu 44600, Nepal",27.722711699999998,85.35858689999999,361.29
ChIJh8PcFdkb6zkRFUxHHFGpRv0,clinic,Nimi Eye Clinic,medical_clinic,"बौद्ध-६, Boudhanath Sadak, Kathmandu 44600, Nepal",27.722687999999998,85.358553,363.29
ChIJ97jah2AZ6zkRNJWXGikBNEc,clinic,Swodhyan,health,"Town planning near Food park avenue, Kathmandu 44600, Nepal",27.7181293,85.3625793,367.99
ChIJhzrXkXob6zkRP3A4oOnXlZM,clinic,Dental Park,dental_clinic,"Boudhanath Sadak, Kathmandu 44600, Nepal",27.7203183,85.35839709999999,368.53
ChIJ77KRu9kb6zkRfzjMNdAxxME,clinic,Vision Concern Eye Clinic and Optical - Boudha,medical_clinic,"Boudha Opposite to KFC, Kathmandu 44600, Nepal",27.7202834,85.35838419999999,371.01
ChIJw4eLNQAb6zkRp6WpfVbNXNU,clinic,Annapurna Dental Multi-speciality center,dental_clinic,"Boudha - Jorpati Rd, Kathmandu 44600, Nepal",27.720201099999997,85.36559319999999,383.12
ChIJw2vRXgAb6zkRLXdmrrMxL08,clinic,Pema Sorig Clinic पेमा सोरिग क्लिनिक པདྨ་གསོ་རིག་སྨན་ཁང་།,medical_clinic,"6 Buddha Path, Birendranagar 44600, Nepal",27.7243416,85.3641076,391.46
ChIJD7aU5bob6zkR6gzUh2cKUYo,clinic,Angel's Dental Clinic,dental_clinic,"P995+6WX, Boudhadwar Marg, Kathmandu 44600, Nepal",27.718125099999998,85.3598785,415.9
ChIJx4DMtdkb6zkRwhBOyVElkJU,clinic,Neem Kanti Dental Clinic,dental_clinic,"Boudha, Tushal, Kathmandu 44600, Nepal",27.719960999999998,85.35786499999999,431.44
ChIJg4u8ghIb6zkRNQGhtfR6-0M,clinic,Om Samyog Dental Clinic,dental_clinic,"Boudhanath Sadak, Kathmandu 44600, Nepal",27.719882199999997,85.35766199999999,453.24
ChIJRXbHYQAb6zkRZ8B2DkkqYdg,clinic,Hung Odare CHU,medical_clinic,"P9C8+3GH, Gaunkharka 44600, Nepal",27.720178599999997,85.3663608,455.52
ChIJk6rIQY4Z6zkRUBp14Bu-WSw,clinic,Lookscart,store,"Kathmandu 44600, Nepal",27.720802199999998,85.3665929,462.64
ChIJJan17_0b6zkRR4DOqrGjPMs,clinic,Khushi Dental Clinic Pvt. Ltd.,dental_clinic,"P9C8+8J, Kathmandu 44600, Nepal",27.720792799999998,85.3665934,462.83
ChIJ1Z2jF8Ub6zkRZxZXNJ_T0p8,clinic,Buddha Natural Thermal Therapy Centre,medical_clinic,"P9C8+8M5, Boudhanath Sadak, Kathmandu 44600, Nepal",27.720762999999998,85.3667189,475.54
ChIJNUZu8Lob6zkRJzRH4r3mHVY,clinic,Biotech Health Care,medical_clinic,"Gokarneshwor 6, काठमाडौँ 46100, Nepal",27.7198511,85.366723,500.94
ChIJFwqFFxgb6zkRe46cD1evvOI,clinic,Sampurna Dental Clinic,dental_clinic,"Sampurna Dental Clinic, bus stand, First floor, Jorpati Chowk, Kathmandu 44600, Nepal",27.721053700000002,85.36708229999999,507.55
ChIJd7zXFdAb6zkR7kZSVmmuY10,clinic,"Smile The Dental Clinic, Kathmandu",dental_clinic,"Smile Dental Marg, Kathmandu 44600, Nepal",27.7172539,85.3643046,515.46
ChIJXxwRSSwb6zkRf3mfxfAMiPE,clinic,Dr Kunsang diagnostic centre,medical_clinic,"P9F8+RF6, Kathmandu 44600, Nepal",27.724134099999997,85.3661923,517.97
ChIJQzSDkS0b6zkRvdEUeaCYbpc,clinic,KCCS Skin Hair and Laser Clinic Pvt. Ltd.,skin_care_clinic,"Tusal Marg, Kathmandu 44600, Nepal",27.719799599999998,85.35687899999999,528.63
ChIJVbm64gIb6zkRe_HsZ4QfZ9E,clinic,Sahara Mind,medical_clinic,"Jorpati-06, Kathmandu 44600, Nepal",27.718857,85.36664669999999,542.19
ChIJvUfhaAAb6zkR9tr2CjQPopE,clinic,Stupa Dental Care,dental_clinic,"Ramhiti Boudha Rd, Kathmandu 44600, Nepal",27.726110499999997,85.36353969999999,548.0
ChIJEbu0YQAb6zkR9vT6IsbN9ms,clinic,Ramhiti bouudha,dental_clinic,"Ramhiti Boudha Rd, Kathmandu 44600, Nepal",27.7261319,85.3635674,551.07
ChIJBZD0q8zpUSARNWZkW6MQg6A,clinic,Mahankal Dental Care Center,dental_clinic,"6 Mahankal Road, Kathmandu 44600, Nepal",27.724297699999997,85.35717439999999,569.71
ChIJgfFkwh8b6zkRyna1GtRLoCc,clinic,Platinum Dental Clinic pvt.Ltd.,dental_clinic,"Ramhiti, Kathmandu 44600, Nepal",27.7262801,85.36377139999999,572.86
ChIJD7Vpojob6zkREGnfs9hFDpo,clinic,Dental polyclinic,dental_clinic,"Boudha - Jorpati Rd, Kathmandu 44600, Nepal",27.7181785,85.3667557,593.48
ChIJ8ZsZWQAb6zkRywR5RE367B4,clinic,Monlam Dental Care,dental_clinic,"P9G8+84R, Phulbari Street, Kathmandu 44600, Nepal",27.725857299999998,85.36525209999999,594.17
ChIJxdU1soAb6zkRrknvuPMH7ks,clinic,Vajra Dental Care,dental_clinic,"Old, Arab Bank Road, काठमाडौँ 44600, Nepal",27.7212776,85.3680947,605.95
ChIJ6WXL4NIb6zkRrlTXpQ4-sfE,clinic,Sajhedari Optical Center,medical_clinic,"Purano Arab Bank, Kathmandu 44600, Nepal",27.7217916,85.3682621,623.9
ChIJA_MeOgAb6zkRNV_7sIx9sk4,clinic,New Tibetan Optical and Eye Care Center,medical_clinic,"Boudha - Jorpati Rd, Kathmandu 44600, Nepal",27.7211036,85.3683933,636.01
ChIJSXU_JjEb6zkR7uLdVyTbQXQ,clinic,Sitaram Polyclinic,medical_clinic,"Sitaram Polyclinic, Kathmandu 44600, Nepal",27.7249223,85.3566802,649.85
ChIJYbehwkQb6zkRedlbsBZUink,clinic,KMVC (Kantipur Mobile Veterinary Clinic & Pet Shop),veterinary_care,"chowk Ramhiti, Kathmandu 44600, Nepal",27.726980599999997,85.3639661,652.85
ChIJUXXPdwAb6zkR2BI1cWn2gyU,clinic,Tanaduk Sowa-Rigpa Traditional Clinic,medical_clinic,"06 Boudha Rd, Kathmandu 44600, Nepal",27.723263300000003,85.3555248,664.93
ChIJy86fUlYb6zkRoEcBP6GKkpI,clinic,Samaj Dental Boudha-Jorpati,dental_clinic,"Boudha - Jorpati Rd, Kathmandu 44600, Nepal",27.721208899999997,85.3688789,683.31
ChIJIUyELskb6zkRsEfXDr3xXh0,clinic,Eyemate Clinic Boudha,medical_clinic,"Ram hiti, Kathmandu 44600, Nepal",27.727115299999998,85.3646584,690.57
ChIJefXXoNcb6zkRITt95-32j_k,clinic,parity Clinic,medical_clinic,"P984+JXJ, बौद्धवार मार्ग, Kathmandu 44600, Nepal",27.716583999999997,85.3573909,697.21
ChIJL8rx5UYb6zkR6kjMEVQJWOo,clinic,Sutra Diagnostics Pvt Ltd,medical_clinic,"Chuchepati, काठमाडौँ 44600, Nepal",27.7193158,85.3551385,708.11
ChIJkx79SgAb6zkR4JsSFQCDuxM,clinic,Yogini Health Center,medical_clinic,"Kathmandu 44600, Nepal",27.7244463,85.3684631,726.47
ChIJIQbbdU2yd08RrzNw-41F6ks,clinic,EASY DENTAL-BEST DENTAL,dental_clinic,"Mahankal Khanepani Sansthan, Mahankal Road, Kathmandu 44600, Nepal",27.722269299999997,85.3540008,787.56
ChIJ_7TJCbYb6zkRGP0l18oWsis,clinic,Union Family Health Care Centre Pvt. Ltd.,medical_clinic,"P976+M46, Kathmandu 44600, Nepal",27.7142193,85.3602666,814.18
ChIJKxryHxMb6zkRNAgIlJlENS0,clinic,OM KAPAN DENTAL,dental_clinic,"bhrikuti chowk, Kathmandu 44600, Nepal",27.7272936,85.3569785,818.18
ChIJsyxNUe8b6zkRBvavk80jB_I,clinic,Aaradhya chasma pasal tatha aankha clinic,medical_clinic,"Tinchuli Chowk, Kathmandu 44600, Nepal",27.727020099999997,85.36730810000002,819.21
ChIJ0VuT_CMb6zkR6fWY5Il4ntU,clinic,Ayurvedic Massage And Treatment,health,"Bhrikuti chok, Kathmandu 44600, Nepal",27.727360299999997,85.35698409999999,823.82
ChIJGfrHEgcb6zkRcKcPiuRHDl4,clinic,Jimmewar Medical Hall,medical_clinic,"naya basti jorpati gokarneshwor 6, kathmandu 44600, Nepal",27.7160995,85.36787849999999,829.32
ChIJQUFpCgAb6zkRFiGyIldhwuw,clinic,‍Aroma Optical,medical_clinic,"Metropolitian 1 Branch Office Kamalpokhari, 1387 Saraswatinagar Rd, Kathmandu 44600, Nepal",27.727448199999998,85.35698699999999,831.55
ChIJTR2vqN8b6zkR7V9wV_AuhPg,clinic,May review Poly Clinic,medical_clinic,"P9G4+XQM, 44600, Nepal",27.7274718,85.3569371,836.55
ChIJK1MTIgAb6zkRQcWfZHtpjUs,clinic,Your Doctor’s clinic,medical_clinic,"P9H5+CJ4, Tenjing chowka, Budhanilkantha 44600, Nepal",27.7285164,85.3590837,840.81
ChIJlQqrqN8b6zkRd4-JSOrwoaU,clinic,Clinic may review dentala,dental_clinic,"P9H4+2P5, 44600, Nepal",27.7275013,85.35687279999999,842.94
ChIJc1WpMQAb6zkRAvYOOsA9_Sw,clinic,Padma Smile Dental Clinic,dental_clinic,"Mahankal Marg, Kathmandu 44600, Nepal",27.726580199999997,85.36819849999999,844.13
ChIJqeCARt4b6zkRklLq6GOTfjk,clinic,V. Zone Optical,medical_clinic,"P9H5+88H, शान्तिनगर, Budhanilkantha 44600, Nepal",27.728308799999997,85.3583584,846.26
ChIJGUzpeMYb6zkRbZdNxJpQ30c,clinic,Mother akyupersara Therapy,medical_clinic,"P9CC+G64, Boudha Rd, Gokarneshwor 44600, Nepal",27.721254,85.370565,849.11
ChIJh2mEV5Ab6zkROs3ILIgF34g,clinic,Padmayani Optical and Eye Care,medical_clinic,"Tinchuli Chowk, Kathmandu 44600, Nepal",27.7266737,85.3682266,853.28
ChIJb88TecYb6zkR_eAj-l8Mjrs,clinic,Rakchya and Clinics,pharmacy,"P9CC+F7V, Boudha Rd, Gokarneshwor 44600, Nepal",27.721248000000003,85.3706859,861.02
ChIJkfoHr1Qb6zkRUcsZwZXkgUU,clinic,Chandeshwari chasma ghar Tinchuli,medical_clinic,"P9G9+P85, Sahid Park Rd, Kathmandu 44600, Nepal",27.7267779,85.3682431,862.46
ChIJR1capcMb6zkREUDz0z9CIK4,clinic,Eye Sight Optical & Eye Clinic,store,"P9G9+M9G, Sahid Park Rd, Kathmandu 44602, Nepal",27.726686400000002,85.3684662,871.48
ChIJldUlesYb6zkRGcwqY8pu_fg,clinic,Lord Buddha Opticals,medical_clinic,"P9CC+F83, Boudha Rd, Gokarneshwor 44600, Nepal",27.721135999999998,85.3708039,872.95
ChIJu76CdgAb6zkRGt4WEeeIWTo,clinic,Toni Ayurveda medical,medical_clinic,"P9CC+J92, Boudha Rd, Kathmandu 44600, Nepal",27.7211757,85.3708154,873.95
ChIJbYzWhC8b6zkRk0WiG5O18DE,clinic,Chamunda therapy center,medical_clinic,"5 Chamunda Gate, Kathmandu 44600, Nepal",27.721242399999998,85.3710043,892.37
ChIJxxUw3HYZ6zkRT-u1obniwZs,clinic,Smart Dental Hub,dental_clinic,"Pani Tanki, P9C3+G49, Tushal-Mahankal Rd, काठमाडौँ 44600, Nepal",27.7212826,85.352869,892.96
ChIJpandaQAb6zkRvxcLRsQutqc,clinic,New sunrise optical,medical_clinic,"P9CC+GCH, Gokarneshwor 44600, Nepal",27.721332,85.371073,899.0
ChIJx4LLSNYb6zkRcPwH_9nIYFY,clinic,Aarambha Pharmacy and Doctor's Clinic,,"P974+WJG, Boudhadwar Marg, Kathmandu 44600, Nepal",27.7148053,85.3565802,902.47
ChIJH6QqY8Yb6zkRpyJB_AHBxu0,clinic,Siddartha Chasma Ghar,medical_clinic,"P9CC+JCP, Boudha Rd, Kathmandu 44600, Nepal",27.7215666,85.37110969999999,902.8
ChIJk5ToYsYb6zkRrhxCtBL_kp0,clinic,कोइराला पोलिक्लिनिक एण्ड डाइग्नोस्टिक सेन्टर प्रा. लि.,medical_clinic,"Boudha Rd, Kathmandu 44602, Nepal",27.721622,85.371201,911.94
ChIJW97k8Tob6zkRC_Op7FRgOas,clinic,Gokarneshwor Dental Clinic,dental_clinic,"Kathmandu Gokarneshwor-5, काठमाडौँ 44600, Nepal",27.7217418,85.371234,915.66
ChIJwbUj_BLXyoURjYfVqRV6Re8,clinic,Aarogya Well Care Clinic,medical_clinic,"Aarogya well care clinic, Gokarneshwor 44806, Nepal",27.7208564,85.3712281,916.17
ChIJ879Hs4Yb6zkRSrXGYyw-z6o,clinic,Healthy Muskan Dental Clinic,dental_clinic,"P9CC+GGJ, Boudha Rd, Gokarneshwor 44600, Nepal",27.721335200000002,85.37127960000001,919.34
ChIJf4qyoqYb6zkRCo9TCfYE2Hs,clinic,DDMC-Doctor’s Dental Multispecialty Clinic,dental_clinic,"Ramhiti Boudha Rd, Kathmandu 44600, Nepal",27.7294949,85.36425009999999,929.47
ChIJE4BhUAAb6zkRdNayC-LO-FI,clinic,Ramnagar Clinic and Diagnostic Centre,medical_clinic,"Ramhiti Boudha Rd, Kathmandu 44600, Nepal",27.729492999999998,85.36443200000001,933.8
ChIJBWOWT8Ab6zkRHYwgQsiwQZk,clinic,Nawa Chamunda Dental Clinic,dental_clinic,"P9CC+GHQ, Kathmandu 44600, Nepal",27.721337799999997,85.3714329,934.42
ChIJrfdF2WIZ6zkRjRCDKq0SfyU,clinic,China Great Wall Hospital,medical_clinic,"7 Chuchepati, Kathmandu 44600, Nepal",27.7191267,85.3527699,937.07
ChIJFUCUEwAb6zkRxBHyo47F1f0,clinic,"Khushi Dental Clinic, Tinchuli",dental_clinic,"P9G9+QJM, Sahid Park Rd, Kathmandu 44600, Nepal",27.727002799999998,85.3691327,943.79
ChIJx7CDZLcb6zkR-v-WXad9sdw,clinic,Sonova Healthcare Pvt. Ltd,hospital,"Kathmandu 44300, Nepal",27.7280082,85.3558687,947.99
ChIJy2LMMc8b6zkR4jdO4Gndttk,clinic,Himchuli Medical,medical_clinic,"Nayabasti Yuba (Youth) Club, Gokarneshwor 44600, Nepal",27.7167073,85.3702541,969.99
ChIJmbOiFAAb6zkRrqKPsYilXUA,clinic,Zirconia Dental Pvt. Ltd.,dental_clinic,"P974+PCW, Kathmandu 44600, Nepal",27.714370799999998,85.3560715,971.02
ChIJH9WBNgAb6zkRnMp3HP_vSV8,clinic,Sajha Metro Dental Clinic,dental_clinic,"5 Boudha - Jorpati Rd, Gokarneshwor 44600, Nepal",27.7215785,85.3718973,980.34
ChIJ5TrvFh8b6zkR-pu5CrssCaQ,clinic,Sarweshwor Urban Health Centre,medical_clinic,"Gokarneshwor 03, काठमाडौँ 44600, Nepal",27.713504999999998,85.36681039999999,999.29
ChIJ36qDy54b6zkR3Dbk1zXp9tw,clinic,Sarweshwor Dental Home,dental_clinic,"Gokarneshwor 03, Kathmandu 44600, Nepal",27.7135161,85.3668495,1000.06
ChIJ1xsapdgZ6zkRDcPMpAvy3CE,clinic,Texsas Medical Center Pvt. Ltd,medical_clinic,"Kathmandu 44600, Nepal",27.719242299999998,85.3518753,1019.08
ChIJTzQMWnYZ6zkRZmObUU8uDQU,clinic,Jolly Family Dental Care,dental_clinic,"Chuchepati, P992+MQ8, बौद्धनाथ सडक, काठमाडौँ 44600, Nepal",27.7191166,85.3518823,1021.77
ChIJM2JnEQAb6zkRJmv4dH9zRTA,clinic,ARYA TARA SOWA RIGPA CLINIC & THERAPY CENTER,medical_clinic,"Ramhiti Boudha Rd, Kathmandu 44600, Nepal",27.730494699999998,85.363995,1032.4
ChIJW0ZqZ0Qb6zkR9Wdy3xrTRz8,clinic,Puja dental clinic,dental_clinic,"P9CF+H22, Boudha Rd, Gokarneshwor 44600, Nepal",27.7213583,85.3724881,1038.28
ChIJ0bGJbAAb6zkRbkCbU3MK8qA,clinic,Jorpati Polyclinic Pvt. Ltd. Dental Unit,dental_clinic,"P9CF+P23, Kathmandu 44600, Nepal",27.7217649,85.372542,1044.41
ChIJHbH39N8b6zkRSWLittR_65k,clinic,Samuchit Pharmacy,medical_clinic,"01 Milan Chowk Galli, Budhanilkantha 44600, Nepal",27.7287081,85.3551751,1051.44
ChIJvR6CZ1sb6zkRNVeAZBFvTH0,clinic,Samarpan Samaj Nepal Drug/Alcohol Treatment & Rehabilitation Center,health,"Kathmandu 00977, Nepal",27.7307915,85.360727,1052.19
ChIJhfyGHgAb6zkRrsGYwA3LQbg,clinic,Prasthan Pharmacy,medical_clinic,"P9CF+H3V, Gokarneshwor 44600, Nepal",27.721496899999998,85.37268050000002,1057.27
ChIJsdnpYmEZ6zkRQ9zbjTQWwsA,clinic,Sampurna Optical House,medical_clinic,"Saraswatinagar Rd, 44602, Nepal",27.7241746,85.35163879999999,1060.18
ChIJ8XZZTgAZ6zkR8uSn2eR6pR4,clinic,Luv Kush Dental care,dental_clinic,"P973+PVF, Kathmandu 44600, Nepal",27.714306399999998,85.35468259999999,1063.37
ChIJTRhG998b6zkRTBqZs9-MwlA,clinic,Dantapur Dental Care PVT LTD,dental_clinic,"Milan Chowk Galli, Budhanilkantha 44600, Nepal",27.729171299999997,85.3552952,1084.62
ChIJ0dHoHgAb6zkRLK4CrfFgJxc,clinic,SARCHINS MULTI SPECIALITY HEALTHCARE PVT.LTD,hospital,"P9J8+C27, Kathmandu 44600, Nepal",27.730996400000002,85.36505269999999,1111.25
ChIJCfwd1VcZ6zkRICc6jVpMR7U,clinic,Chasham pasal -Chuchepati,store,"Chuchepati, Kathmandu 44600, Nepal",27.719601200000003,85.35058629999999,1135.14
ChIJxYcKEi4b6zkRQ8bmBiI1lfc,clinic,Vajra Dental & Implant Centre,dental_clinic,"Kathmandu 44600, Nepal",27.7317625,85.362128,1153.52
ChIJNWRc7Zkb6zkRmwRz8W46zls,clinic,Sherpass,medical_clinic,"P9GC+GWG, Kathmandu 44600, Nepal",27.7263026,85.3723326,1159.66
ChIJaePIehgZ6zkRl2Tb56dyIiA,clinic,"Adwait Smile Center, Chuchepati, Chabahil",dental_clinic,"Pasang Lhamu Saalik, Kathmandu 44602, Nepal",27.7191921,85.3502891,1172.58
ChIJZ6zjAOAb6zkRcJnOPkFCv_s,clinic,दन्त क्लिनिक,dental_clinic,"Milan Chowk Galli, Budhanilkantha 44600, Nepal",27.730166399999998,85.3551784,1181.23
ChIJl2xMOvgb6zkRTLQOgoYamhg,clinic,Urban Health Promotion Center - Boudha KMC 06,medical_clinic,"P9J8+J4P, 44600, Nepal",27.731578499999998,85.36533949999999,1181.29
ChIJAWBZUwAZ6zkRAlLbDBJS3ng,clinic,"Saraswotinagar ,Kathmandu",medical_clinic,"P9F2+62V, Saraswatinagar Rd, Kathmandu 44600, Nepal",27.723118499999998,85.350037,1187.29
ChIJ9SHiW2MZ6zkRQYzDA8Qf4LE,clinic,Solukhumbu Dental Clinic,dental_clinic,"चुच्‍चेपाटी-७, Boudhanath Sadak, Kathmandu 44602, Nepal",27.719136,85.3501033,1191.77
ChIJNVp2dgAb6zkR52_pUU9mZlQ,clinic,Ghatraj Dental Clinic,dental_clinic,"P9J5+VPC, Budhanilkantha 44600, Nepal",27.732099899999998,85.3593878,1217.09
ChIJ70neGQAb6zkRS07haZzutvQ,clinic,Wellbeing Advisor Pvt. Ltd,medical_clinic,"P9J6+XP6, Budhanilkantha 44600, Nepal",27.7324225,85.3617606,1226.89
ChIJyVweURUZ6zkR0W4SUaDMY0s,clinic,Community Dental Clinic (CDC Nepal),dental_clinic,"Guheswori Belly, Bridge, Kathmandu 44621, Nepal",27.7127204,85.3542071,1228.31
ChIJnXzcgRIb6zkR4ovJ__bBtI4,clinic,Ghataraj Clinic,medical_clinic,"Unnamed Road, P9J5+VPC, बुढानीलकण्ठ 44600, Nepal",27.732184999999998,85.35926959999999,1228.79
ChIJjY1XHQAZ6zkR2KthkhuqIH4,clinic,Sumeru Dental Care,dental_clinic,"P89X+9WP, Boudhanath Sadak, Kathmandu 44600, Nepal",27.718472499999997,85.34982769999999,1235.6
ChIJbeKmsGUZ6zkRVkNDCNvy9UQ,clinic,Dynamic Health Care & Rehabilitation Centre,medical_clinic,"Gopi Krishna Marg, Kathmandu 44600, Nepal",27.7225723,85.3494381,1237.58
ChIJyevjzo8Z6zkR_ANDPmAUZHI,clinic,Nawa Buddha Dental Care Pvt. Ltd,dental_clinic,"Chuchepati-6, Kathmandu 00977, Nepal",27.7187551,85.3497209,1237.94
ChIJ117KxUQZ6zkRfCoqFckRsSA,clinic,Urban Health Promotion Center,medical_clinic,"P87W+846, Kathmandu 44600, Nepal",27.715406299999998,85.3511072,1256.88
ChIJ7Q9HQ0EZ6zkRSDZV8FWkCpg,clinic,Aroma optical,medical_clinic,"bhrikuti chowck, Kathmandu 44600, Nepal",27.729999900000003,85.35363780000002,1258.7
ChIJHSFhVAAZ6zkRuvDPUB7eViU,clinic,"Dirghayu Dental - Narayan Chowk, Kapan",dental_clinic,"KTM, Kathmandu 44600, Nepal",27.728434,85.35182379999999,1266.87
ChIJ11qQrWYZ6zkRAgswouwHJgg,clinic,Panchayan Pharmacy,medical_clinic,"Gopi Krishna Marga, 44600, Nepal",27.7246812,85.349592,1269.32
ChIJl85GEo8Z6zkR1rzrvCihyGo,clinic,Optic Eyes Clinic & Optical Chabahil,medical_clinic,"Kathmandu 44600, Nepal",27.718434799999997,85.34946029999999,1271.61
ChIJ_ee-4mMZ6zkR7qw3D_XttSQ,clinic,Ojash Physiotherapy,medical_clinic,"P963+RPG, Kathmandu 44600, Nepal",27.712069,85.354332,1278.7
ChIJWwQK5mob6zkR3hofzzjphMM,clinic,Sunkoshi Dental Clinic,dental_clinic,"Kathmandu 44600, Nepal",27.722168399999997,85.34893489999999,1283.04
ChIJ63pYfSkZ6zkRW21CdRsw9zA,clinic,Bright vision eye care centre and optical,medical_clinic,"Opposite to Relience intetnstional college, Saraswatinagar Rd, 44600, Nepal",27.7222506,85.3488555,1291.48
ChIJTS4MAgAZ6zkRGDQnNbKpgxM,clinic,Celebrate pharmacy,medical_clinic,"P963+QJV, Kathmandu 44600, Nepal",27.712037799999997,85.3540451,1298.22
ChIJPbegKCwZ6zkRGlEDVSmBvwo,clinic,Mid Chabahil Dental Care Center,dental_clinic,"Chucchepati chowk Opposite NCC Bank, Kathmandu 44600, Nepal",27.718626300000004,85.3490523,1305.27
ChIJv1apeMcb6zkR6e_8ZS-vkeA,clinic,श्री दिप अप्टिकल तथा अाखाँ उपचार केन्द्र्,store,"P9CG+Q39, Boudha Rd, Gokarneshwor 44600, Nepal",27.7219156,85.37523879999999,1310.33
ChIJLbl_WlAZ6zkR3yLvhAuOkmQ,clinic,Nepal Pain Clinic Pvt.Ltd,doctor,"Kathmandu 44600, Nepal",27.713761599999998,85.35177689999999,1311.61
ChIJja7CY6kZ6zkRwd7Ky1yFCLE,clinic,Abirath Enterprises,medical_clinic,"Kathmandu 00977, Nepal",27.7266981,85.35002,1313.38
ChIJE8x4Uscb6zkRc_exjPdvoTI,clinic,संगीनी हेल्थ क्लिनिक,pharmacy,"P9FF+RXQ, Jorpati-Sundarijal Road, Gokarneshwor 44602, Nepal",27.724598999999998,85.3749859,1332.77
ChIJe4XDBgAb6zkRhPvQsTj55e4,clinic,iShine Opticals & Eye Care Center,medical_clinic,"P9M6+8VW, Kathmandu 44600, Nepal",27.733374299999998,85.3622128,1332.86
ChIJRbmATQAb6zkRlw8IlPTeTPw,clinic,Ditoxs japanese therapy center,medical_clinic,"Chamunda Gate Road, Gokarneshwor 44600, Nepal",27.725916299999998,85.374498,1334.62
ChIJY4XZVwAb6zkRTIN19p3f7yA,clinic,Gotatar,medical_clinic,"P97C+FXM, Gokarneshwor 44600, Nepal",27.7137113,85.3724198,1339.1
ChIJS8yHNhsZ6zkRzz_-qbFKsNQ,clinic,Gunja Pharmacy,pharmacy,"sangam chowk, Kathmandu 44600, Nepal",27.714834900000003,85.3504588,1344.82
ChIJ_egGHgAb6zkRSPqUosABvE8,clinic,Nageshwor Dental Home,dental_clinic,"P9HF+P7C, Gokarneshwor 44600, Nepal",27.7290378,85.37299329999999,1380.88
ChIJ34_MyqAb6zkReVZpsbm6tx8,clinic,SkyNeel Dental Clinic Pvt. Ltd.,dental_clinic,"Jorpati -6, काठमाडौँ 44600, Nepal",27.7218678,85.3759753,1382.54
ChIJQw7Qp7gb6zkRGZkPzpbCN2M,clinic,Shimazu Dental Clinic,dental_clinic,"Gokarneshwor -6, Jorpati, Kathmandu, Jorpati, Kathmandu 44600, Nepal",27.723902199999998,85.3758079,1393.32
ChIJy5_AsvAb6zkRA_exA5tfZhc,clinic,Boudha Dental Care,dental_clinic,"Kathmandu 44600, Nepal",27.712678099999998,85.3721699,1397.3
ChIJZVqCshkZ6zkR7Lq_ODoVeCw,clinic,New Life Health care,medical_clinic,"P972+Q2Q, Kathmandu 44600, Nepal",27.7144506,85.350105,1397.35
ChIJpaEXxBUb6zkRWdtvWLSWOxE,clinic,New kist opticals and watch center,store,"Failka, Kathmandu 44600, Nepal",27.7339584,85.3628742,1400.56
ChIJgwBAFFoZ6zkR389i-qgrfUg,clinic,Mental Treatment Rehabilitation Center,medical_clinic,"P88X+R9V, जोरपाटी सडक, Kathmandu 44600, Nepal",27.717112,85.3484179,1413.48
ChIJlZdGBgAZ6zkRIklyXR_kMNk,clinic,Bishal eye clinic and chasma Ghar,medical_clinic,"P88X+J9H, Kathmandu 44600, Nepal",27.7165662,85.3484943,1428.08
ChIJcRqtxwwZ6zkRcerSj407ruY,clinic,Om Samyag Dental Clinic,dental_clinic,"P87X+PV8, Tusal Marg, Kathmandu 44600, Nepal",27.7142795,85.3496936,1441.63
ChIJIf3kHgAb6zkRPaouwba0fMA,clinic,Radha-Krishana OPtical & Eye Clinic,medical_clinic,"Near Brindavan Resort and Restaurant krishana pranami temple, Kathmandu 44600, Nepal",27.716051399999998,85.3755395,1464.38
ChIJQ33VJ2UZ6zkRTeBhxI4jmg4,clinic,H Everest Dental Clinic Pvt.Ltd.,dental_clinic,"Opposite Medicare Hospital, चाबहिल मार्ग, Kathmandu 44602, Nepal",27.718731199999997,85.3471629,1484.3
ChIJlYMi-SUb6zkR86ghKNcFmIw,college,Master of Buddhism and Peace Studies (MBPS),university,"P9C7+92J, Boudha Rd, Kathmandu 6, Nepal",27.720969399999998,85.36251899999999,73.73
ChIJrYfpRdob6zkRP4qqc3ccHwI,college,Stupa Language & Computer Institute,university,"P9C6+6PF, Boudhanath Sadak, Kathmandu 44600, Nepal",27.7205637,85.36179949999999,92.92
ChIJgV1zh2Yb6zkROpV5J5iGiMc,college,尼泊尔胜观静心小院 ShengGuan Mindful Peace Yard,non_profit_organization,"Nepal, Kathmandu, NP 加德满都 P9C6+XC8邮政编码: 44600",27.722388799999997,85.3610738,140.01
ChIJrR1nJw8b6zkRwdpUwe47Gf0,college,Kumari Engineering College,university,"Amitava Buddha Marg, Tushal Tushal-Mahankal Road, Boudha Post Box 10556, काठमाडौँ 44600, Nepal",27.7223098,85.3594107,269.15
ChIJC0X8otkb6zkRF9swzXF3icQ,college,Xavier International College (Bachelor & Master Degree),university,"P995+XMM, Boudhanath Sadak, Kathmandu 44600, Nepal",27.7208437,85.3588288,312.21
ChIJ5Y6LAMcb6zkR057Et6Lt9xg,college,Kumari English Boarding School / KEBS College,university,"P9C5+WHR, Boudha Rd, Kathmandu 44600, Nepal",27.7223573,85.358897,318.25
ChIJ0RkJf9sb6zkRQUeFBaBY7jo,college,Ka-Nying Shedrub Ling Monastery,place_of_worship,"Seto Gompa, 1 Seto Gompa Marg, Kathmandu 44600, Nepal",27.724208899999997,85.3628421,325.78
ChIJ6YOXftsb6zkRsWLKdh-INxo,college,Rangjung Yeshe Institute राङ्जुङ् बौद्ध विद्यापीठ,university,"Saraswatinagar Rd, Kathmandu 44600, Nepal",27.724039599999998,85.363492,331.87
ChIJD-hVMTwb6zkRAz3IyvfLK1M,college,"Boudha, Pipalbot",university,"P9CC+XPR, Chamunda Gate Road, Kathmandu 44600, Nepal",27.7202821,85.3651881,342.63
ChIJA0SnmlUb6zkRiMuoqgW2Mdc,college,Dharmachakra Library of Rangjung Yeshe Institute,university,"P9F6+HVF, Kathmandu 44600, Nepal",27.724746399999997,85.36190909999999,373.23
ChIJRbXe2N8b6zkRtztMGE7UR7s,college,Balche chok,university,"P9F7+FVH, Kathmandu 44600, Nepal",27.723686899999997,85.36474319999999,375.98
ChIJe26XR8Ub6zkRVwlzMdP1ZXg,college,Ages Graded English HSS/College,university,"P998+XCV, Boudha Rd, Gokarneshwor 44600, Nepal",27.7199867,85.36605259999999,433.85
ChIJ9bEJ6Gkb6zkR3p705Rt_pRk,college,Naaya aayam,university,"P9C8+CRG, Boudha - Jorpati Rd, Kathmandu 44600, Nepal",27.7210538,85.36708259999999,507.58
ChIJnbflB5kb6zkRUK9rGvnl45U,college,Royalty College,university,"Jorpati Gokarneshwar 06, Kathmandu 44600, Nepal",27.718940999999997,85.3666829,540.47
ChIJD1LNCNgb6zkRzYuGjr_B2gU,college,Kumari college,university,"P994+JR8 Tusal, Kathmandu 44600, Nepal",27.719037900000004,85.3570878,544.54
ChIJBwxLNf4b6zkRw-7PjB9WH2I,college,Arunima college,university,"P985+VG8, Kumarigal Naya Marga, Kathmandu 44600, Nepal",27.7171596,85.3588413,560.63
ChIJ19rcHAAb6zkReSil0o0h3uI,college,"Nepal Akshaya College, Mahakal",university,"P9G5+GX3, Kathmandu 44600, Nepal",27.726467099999997,85.3599342,598.07
ChIJTwkXW8Qb6zkR814aCorvnFw,college,Samata College,university,"P9F9+364, जोरपाटी सडक, Kathmandu 44602, Nepal",27.7226273,85.3680661,618.5
ChIJDbPCVHcb6zkRFlMqa8EU5aE,college,Patitar pharmacy,university,"P987+9J7, Kathmandu 44600, Nepal",27.7159123,85.36404,643.21
ChIJN-cCssUb6zkRgjwso27d85E,college,Bajra International College,university,"Boudha Rd, Kathmandu 44200, Nepal",27.7213736,85.36884669999999,679.84
ChIJb0u84ygb6zkRsjcYLEBiLSw,college,"Joseph College, Mahankal Oralo, Shantinagar, Kathmandu",university,"Kathmandu 44600, Nepal",27.7266654,85.3582785,688.47
ChIJa5X1zgYb6zkRaufN6uiVvuk,college,Nepal akshaya college,university,"6 Boudha Rd, Kathmandu 44600, Nepal",27.7272735,85.3579867,761.19
ChIJJdO_kKMb6zkRTxT2wQ5q6d8,college,Joseph College / International Joseph public School,university,"Kathmandu, Shantinagar, Mahankal, 44622, Nepal",27.7273289,85.35798419999999,766.62
ChIJ__dOGgAb6zkRTqNdWA1peAg,college,Samye Sowa-Rigpa Traditional Institute,university,"Ramhiti Boudha Rd, Kathmandu 44600, Nepal",27.7284141,85.36466229999999,825.73
ChIJZ3lTRQkZ6zkRZ9uAZ_FGqXE,college,Outset Education Foundation,university,"P9G3+8P2, Saraswatinagar Rd, Kathmandu 44600, Nepal",27.7257644,85.3542796,897.29
ChIJuX94QQAZ6zkRIbnWkhhMktY,college,Aadim College of Management & IT,university,"Chuchepati, Kathmandu 44600, Nepal",27.720337500000003,85.35238160000002,948.11
ChIJq11MMwAb6zkR-c9VhNgtS80,college,Aayush Bhai ko ghar,university,"P989+FR9, Gokarneshwor 44600, Nepal",27.716308800000004,85.36976229999999,955.04
ChIJLY0U2cUb6zkRg_fxYDUC9Bo,college,Kutumba College-Centennial School,university,"Boudha - Jorpati Rd, Kathmandu 44600, Nepal",27.7213407,85.371675,958.25
ChIJG7ZiZOkb6zkR_H3p5ERndsA,college,S. R Media and Educational pvt Ltd,university,"P9H4+67G, Kathmandu 44600, Nepal",27.7280546,85.3557058,962.14
ChIJJfPa9M4b6zkROblCEB6XcLs,college,Charles Darwin Academy,school,"P979+X7F, Bagmati Bridge, Gokarneshwor 44600, Nepal",27.7143867,85.3680718,985.26
ChIJCaH2pn8Z6zkRdTL6PEGtAhk,college,Pranav Badu APF,university,"Kathmandu 44600, Nepal",27.7244444,85.35187909999999,1046.92
ChIJAQBAZsEb6zkREjuuYwoFmmg,college,Porong Monastery School,university,"P9GC+HCR, Kathmandu 44600, Nepal",27.726411,85.3710255,1054.25
ChIJN7GD9cYZ6zkRoLZ7W_yA3Mk,college,Ravi Ranajn patel,university,"Saraswatinagar Rd, Kathmandu 44600, Nepal",27.722895400000002,85.3509007,1099.43
ChIJLXqDA30Z6zkR30AHLWvE9F8,college,Satya Sai Academy,university,"P983+83F, Tusal Marg, Kathmandu 44600, Nepal",27.715811400000003,85.3526732,1103.11
ChIJhbh9TDIb6zkR1d4Hlf6teGU,college,Lympia National School and College,university,"Gokarneshwor 44600, Nepal",27.716794699999998,85.3723187,1142.28
ChIJ--7DPQAb6zkR0DqOnbVmmXs,college,Buddha,university,"P9J4+9R5, Budhanilkantha 44600, Nepal",27.7308593,85.3573742,1144.83
ChIJwZ3CaqEb6zkREyjHGD7Si6w,college,Navaraj Pandey,university,"Kathmandu 44600, Nepal",27.729837699999997,85.35514979999999,1152.84
ChIJKfV879sb6zkRW9pLh0amloU,college,Stupa Hostel,university,"P9CF+2F, Gokarneshwor 44600, Nepal",27.720072199999997,85.3736299,1159.96
ChIJ35YZbLgZ6zkRHTtGU7iVOxA,college,Manaslu World College,university,"Chabahil-7, Kathmandu 44600, Nepal",27.7188484,85.35029089999999,1180.97
ChIJ0xT1Q-Eb6zkR1rdgvxsJwxM,college,Timeline school & college,university,"Unnamed Road, Kathmandu 44600, गोकर्णेश्वर 44600, Nepal",27.7157853,85.3722313,1189.37
ChIJ_-p6m2QZ6zkRFqHGucEiaGQ,college,Lumbini Academic College,university,"P89X+RW4, Lumbini Marg, Kathmandu 44600, Nepal",27.719520799999998,85.3498291,1210.09
ChIJ-RPiT8Yb6zkRklXDmQG_nkc,college,Shanti Adarsa Secondary,secondary_school,"P99F+4C4, Jorpati-Sundarijal Road, Gokarneshwor 44600, Nepal",27.7177655,85.37358909999999,1215.43
ChIJ0ZkLZsQZ6zkRu5NYscz08no,college,Chuchepati,university,"KL Tower, Kathmandu 44600, Nepal",27.7183195,85.3499898,1224.85
ChIJzapQ-1Ab6zkRFAJv6-c_bCY,college,Rakesh Khadka,university,"Unnamed Road, P9J5+XF7, बुढानीलकण्ठ 44600, Nepal",27.732416999999998,85.3586627,1267.87
ChIJd9QobaUZ6zkRddw2tfzGcE4,college,Vinayak Siddha College (VS College) -Bachelor Building,university,"Kathmandu-7, Kathmandu 44600, Nepal",27.7179632,85.3495293,1279.68
ChIJieF4pesZ6zkRSGnYS7Qynj8,college,sewa international educational center,university,"P89X+8PW, Kathmandu 44600, Nepal",27.7183542,85.3493166,1287.6
ChIJ__9vZmQZ6zkRY5CMSCEZeOY,college,OM Institute,university,"P8CX+JGM, Kathmandu 44600, Nepal",27.721599299999998,85.3487897,1294.62
ChIJy7ZGB2AZ6zkRq5RG5RiHPkk,college,"Reliance College - Best College in Chabahil, Kathmandu",university,"Saraswatinagar Rd, Kathmandu 44602, Nepal",27.7225933,85.3486958,1310.49
ChIJOUD27ZAZ6zkRJkeoRw1sQiE,college,Om nursing campus,university,"P8CX+PC6, Kathmandu 44600, Nepal",27.7217868,85.3485218,1321.51
ChIJzYNwSQAZ6zkRJ9RCzl7uvT0,college,St. Lawerence College/Bachelor Block,university,"P89X+4H4, Kathmandu 44600, Nepal",27.717797599999997,85.3490573,1329.52
ChIJmSRlfhEb6zkRTCjuVpAgCoY,college,Jugal Nawa Gurukul,university,"P9J4+WJC, Budhanilkantha 44600, Nepal",27.732373799999998,85.3565078,1333.25
ChIJBajIwc0Z6zkRwoi7euMjBXc,college,Lumbini College of Buddhism and Himalayan Studies,university,"P88X+JQ4, मैजुबहाल मार्ग, Kathmandu 44600, Nepal",27.7165105,85.3493809,1350.07
ChIJuUZRTP0Z6zkR7qnXFDBfHm0,college,Sarah Adhikari,university,"P8GX+XPP, Kathmandu 44600, Nepal",27.7275386,85.3494164,1409.59
ChIJSYlaqbgb6zkRS5_Q2nV15tg,college,Nepal Ebenezer Theological seminary,university,"Gokarneshwor 44806, Nepal",27.724479199999998,85.3759189,1418.18
ChIJy2CbbQAZ6zkRLhsCkxj50Zw,college,Nyaythm hotel management training college,university,"P89X+43Q, Kathmandu 44600, Nepal",27.7178382,85.34772490000002,1453.91
ChIJM1X7gsAb6zkRyjJ5l2y9G04,college,Sowa Rigpa International College,university,"Ward No. 15 Municipality Arubari Height, Gokarneshwor 44602, Nepal",27.7271423,85.3754826,1478.51
ChIJM2gGtGUZ6zkRB-QYO_Vwrwk,college,RHESC अकुपञ्चर कलेज,university,"P8CW+RQF, Gopi Krishna Marg, Kathmandu 44600, Nepal",27.722057,85.34692600000001,1479.71
ChIJTUTJKXsZ6zkR3QJTN1RB4bg,college,Saint Francis International Education,consultant,"P89W+3XC, Boudhanath Sadak, Kathmandu 44600, Nepal",27.717685,85.347393,1490.0
ChIJxexcWtsZ6zkRWFMWo6ppBLM,college,openvision education foundation,university,"P88W+XX8, Kathmandu 44600, Nepal",27.717409099999998,85.3474416,1494.21
ChIJHcqJR9ob6zkR3BRd1akZRWY,hospital,Clear Vision Optical & Eye Clinic,medical_clinic,"Boudhanath Sadak, Kathmandu 44600, Nepal",27.7206044,85.36149619999999,97.67
ChIJ92bGWtob6zkRWk9MDvVpK28,hospital,Bauddha Skin Clinic &Cosmetic Laser Center,hospital,"P9C6+5RP, Boudhadwar Marg, Kathmandu 44600, Nepal",27.7204658,85.3620847,103.75
ChIJ6ark8dob6zkR5ov6eqjLAMs,hospital,Bouddha Stupa Pharmacy,medical_center,"P9C7+585, Boudha - Jorpati Rd, Kathmandu 44600, Nepal",27.720397199999997,85.36334459999999,176.92
ChIJH24-iQob6zkRHDG4AnFEaFE,hospital,Sahasra pharmacy.,medical_center,"Sahasra Pharmacy 100 meters North of Boudhanath Stupa Main Entrance, बौद्ध - जोरपाटी सडक, काठमाडौँ 44600, Nepal",27.7197042,85.3613991,194.87
ChIJJbdmlKMb6zkRdo6GT75wMQE,hospital,Sowa Rigpa wellness Centre,health,"P9F6+953, Kathmandu 44600, Nepal",27.723446499999998,85.3608033,254.58
ChIJbVJmc9kb6zkRmK1jE7LpUrI,hospital,Craniosacral Therapy,hospital,"27°43'18.3""N 85°21'32., Lane 1, ललितपुर 44600, Nepal",27.721731,85.3589307,298.63
ChIJ5XdH2o0b6zkRuhG9lBzGLgU,hospital,CMS Pharmacy,medical_center,"Tusal Marg, Kathmandu 44600, Nepal",27.720191999999997,85.3590191,316.87
ChIJ636Jy9ob6zkRPJx-f44YBUQ,hospital,सामुदायिक शहरी स्वास्थ्य क्लिनिक,community_center,"P9C8+52G, Boudhanath Sadak, Kathmandu 44600, Nepal",27.72044,85.3650749,326.16
ChIJNeFs8csb6zkR2vqadhSKFVw,hospital,KHDC,hospital,"P9C5+35X, Boudhanath Sadak, Kathmandu 44600, Nepal",27.720228799999997,85.35799899999999,408.85
ChIJx4DMtdkb6zkRwhBOyVElkJU,hospital,Neem Kanti Dental Clinic,dental_clinic,"Boudha, Tushal, Kathmandu 44600, Nepal",27.719960999999998,85.35786499999999,431.44
ChIJyUMOxQob6zkRwPLuAEWJplY,hospital,ENT services by Dr Dhiraj bishankha MS ENT & HNS,medical_center,"near lavie garden, chowk Ramhiti, Kathmandu 44600, Nepal",27.721297999999997,85.357548,432.43
ChIJFwqFFxgb6zkRe46cD1evvOI,hospital,Sampurna Dental Clinic,dental_clinic,"Sampurna Dental Clinic, bus stand, First floor, Jorpati Chowk, Kathmandu 44600, Nepal",27.721053700000002,85.36708229999999,507.55
ChIJO06_TgAb6zkRYh-coOA6L5w,hospital,Tulip Medicine Distributor Pvt.Ltd,medical_center,"P9G6+92P, Utpala way, Kathmandu 44600, Nepal",27.725956999999998,85.3600764,539.94
ChIJPXyVksQb6zkRaWQ2THyyifY,hospital,Tibetan Medical & Astrology Ltd,hospital,"44602,, Kathmandu 44602, Nepal",27.7231745,85.3671607,550.86
ChIJK3CcDdMb6zkRY31PpVFN8sY,hospital,Dispensary Nepal Fondation,medical_center,"P986+F8Q Ward no 6, Kathmandu 44600, Nepal",27.7162018,85.36087049999999,586.43
ChIJRQmbqcUb6zkRx-1YwFTXIg4,hospital,Thapa Medical Hall,medical_center,"P9C9+F6R, Kathmandu 44600, Nepal",27.7212278,85.3680302,599.74
ChIJXQu4CwAb6zkRH_VSVhFUBQk,hospital,Mahankal Pharmacy and Health Care Center,medical_center,"Chowk Mahankal Road, Kathmandu 44600, Nepal",27.724026799999997,85.3562671,630.68
ChIJd04hssUb6zkRkTOmzds59DQ,hospital,Samata Aayurved Treatment Center,medical_center,"P9C9+GCH, Kathmandu 44600, Nepal",27.7213218,85.3686235,657.91
ChIJ6TpTrkgb6zkR9TN4vWUKsDE,hospital,Control medical,medical_center,"P986+629, Dibya Marg, Kathmandu 44600, Nepal",27.715265499999997,85.36012410000001,704.08
ChIJm_1UGQAb6zkRA929O-qjq1Y,hospital,Bhojpur medical hall,medical_center,"P987+374, Unnamed Road, Kathmandu 44600, Nepal",27.715103799999998,85.3632523,710.83
ChIJybnfEAAb6zkRwaOwOC33sEo,hospital,Rajjico pharmacy,medical_center,"P988+GHV, Ram Janaki Marg, Kathmandu 44600, Nepal",27.7163656,85.36640659999999,710.94
ChIJW0bjrtcb6zkR7opz9mA8bg4,hospital,Samata Hospital,hospital,"Boudhadwar Marg, Kathmandu 44600, Nepal",27.7160785,85.3573574,743.17
ChIJ_1Vsb8cZ6zkRfdYmisKR3lM,hospital,Nima Gombu Recident,hospital,"Saraswatinagar Rd, Kathmandu 00977, Nepal",27.7242964,85.35453439999999,797.37
ChIJnUruTAAb6zkR746HYAj1yNw,hospital,Khyolmarutsi Sorig Medical Clinic,medical_center,"Tinchuli Chowk, Kathmandu 44600, Nepal",27.7267295,85.36817169999999,853.67
ChIJh9t-r8Mb6zkR-4P3dD0XiT8,hospital,Mandala Poly Clinic & Research Center,hospital,"P9G9+P8H, Kathmandu 44600, Nepal",27.7268181,85.368361,873.93
ChIJuY87kcYb6zkRXD5RFzNfvPE,hospital,Primary Health Center,medical_center,"P9FC+4G8, Chamunda Gate Road, Kathmandu 44602, Nepal",27.722789,85.37132100000001,936.4
ChIJA54FeQAb6zkRBYECrFj74VM,hospital,Nirvarata Pharmacy,medical_center,"P99C+HF6 Bahundhara, Gokarneshwor 44600, Nepal",27.718916999999998,85.37113719999999,946.15
ChIJx7CDZLcb6zkR-v-WXad9sdw,hospital,Sonova Healthcare Pvt. Ltd,hospital,"Kathmandu 44300, Nepal",27.7280082,85.3558687,947.99
ChIJdz5PYcYb6zkRf-SpvxHEdsg,hospital,Sambandha Ausadhi Pasal,pharmacy,"P9CC+GJW, Boudha Rd, Gokarneshwor 44600, Nepal",27.721365,85.371572,948.1
ChIJKTCCYMYb6zkR_w6j0YXFOas,hospital,Jorpati Polyclinic Pvt.Ltd.,hospital,"Chamunda Gate, Gokarneshwor 44600, Nepal",27.721563399999997,85.37173829999999,964.66
ChIJ023H0hsb6zkRKuCzr6TLMmQ,hospital,Love Kush Polycilnc and Diagnosting Center,hospital,"P973+XXX, Kathmandu 44600, Nepal",27.7149945,85.3549843,987.18
ChIJJZfNpeQb6zkRDmBNo3IFrQY,hospital,Lina Pharmacy,medical_center,"Budhanilkantha 44600, Nepal",27.7295338,85.35753249999999,1004.1
ChIJOSko3Gsb6zkRMS-WNoZziCo,hospital,Sarwamangalam Medical,medical_center,"P978+7F8, Kathmandu 44600, Nepal",27.7131194,85.36614150000001,1008.37
ChIJH5ercQAZ6zkRwYDOXIJa12U,hospital,Rabin Medical Center,medical_center,"KL Tower, Chuchepati, Kathmandu 44600, Nepal",27.720460799999998,85.3516131,1021.74
ChIJNVzrc84b6zkRROqkCLW_OV4,hospital,Sarbeshwor Medical,medical_center,"P978+8P4, Gokarneshwor 44600, Nepal",27.713263599999998,85.3668339,1024.01
ChIJC80wO2MZ6zkRU7xoc1r9v8w,hospital,Step Health Pvt Ltd,hospital,"P992+MMG, बौद्ध मार्ग, Kathmandu 44600, Nepal",27.719177,85.351705,1037.08
ChIJ2y-YFwAb6zkR5T1-kQTvie0,hospital,Nayabasti agrata health care,medical_center,"nayabasti Boudha - Jorpati Rd, Gokarneshwor 44600, Nepal",27.7163053,85.37083229999999,1042.03
ChIJy8eSYwAb6zkRajnxlL15tDI,hospital,Nayabasti Agrata Health Care PVT. LTD.,medical_center,"P98C+97C, Gokarneshwor 44600, Nepal",27.7159382,85.3706454,1049.66
ChIJbYObAQAb6zkRh0oFk_G1vqo,hospital,Gokarneshwor-5 behind ward office,medical_center,"5, Jorpati, गोकर्णेश्वर 44600, Nepal",27.721497799999998,85.3726798,1057.21
ChIJ00-SRgAZ6zkRqHISmakgI-A,hospital,Chawahil chuchchepati,hospital,"P9C2+3GC, Chuchepati, Kathmandu 44600, Nepal",27.720187300000003,85.35126059999999,1059.67
ChIJU60Bj84b6zkRcQv11ajyCn0,hospital,Khadka Pharmacy,medical_center,"P979+F8P, Gokarneshwor 44600, Nepal",27.713701399999998,85.36833109999999,1061.46
ChIJdWS_j84b6zkR1luuu0mW8zM,hospital,Chaturbhujeswor Medicine Center,medical_center,"P979+G99, Unnamed Road, Kathmandu 44600, Nepal",27.7137948,85.3684907,1062.57
ChIJy0z8cwAb6zkRu0diXCwHqdw,hospital,Sarchin International Hospital and Research center pvt ltd,hospital,"P9J8+82, Kathmandu 44600, Nepal",27.7308505,85.3649738,1093.52
ChIJdbtCR2MZ6zkRrp-e0M9qCKw,hospital,Chabahil Poly Clinic,hospital,"P992+MCG, Gangalal Way, Kathmandu 44600, Nepal",27.719179,85.35108400000001,1096.51
ChIJ0dHoHgAb6zkRLK4CrfFgJxc,hospital,SARCHINS MULTI SPECIALITY HEALTHCARE PVT.LTD,hospital,"P9J8+C27, Kathmandu 44600, Nepal",27.730996400000002,85.36505269999999,1111.25
ChIJQXuuRWMZ6zkRqOMyZNaDaCA,hospital,Kantipur homiyopyathi,medical_center,"P992+J76, Boudhanath Marg, Kathmandu 44600, Nepal",27.71903,85.3506379,1143.03
ChIJY0EtcwAb6zkRtIxZhLe2h3A,hospital,BISWO AYURVEDIC BHAWAN,medical_center,"P9H4+W36, Budhanilkantha 44600, Nepal",27.729793899999997,85.35514479999999,1149.17
ChIJpassYQAb6zkRXK95cHwyS6I,hospital,Chowk pharmacy,medical_center,"P9J4+33M, Budhanilkantha 44600, Nepal",27.7301979,85.3551945,1183.23
ChIJEw2tDwAZ6zkRHGKuFAFuYEY,hospital,saira polyclinic and pharmacy,hospital,"P8FX+7X5, Saraswatinagar Rd, Kathmandu 44600, Nepal",27.7231438,85.3499768,1193.59
ChIJFcZJTQAb6zkROki9OnGM4FE,hospital,Hyangla Medical hall+,medical_center,"P99F+PHV, Gokarneshwor 44600, Nepal",27.7193589,85.37391749999999,1200.42
ChIJ1afBxH0Z6zkRsRUkaV29a6U,hospital,Mandip Gaire Plastic Surgery,hospital,"44621, काठमाडौँ 44621, Nepal",27.713189300000003,85.3532573,1249.8
ChIJgaTlsIMZ6zkR1nRVFNqQaDI,hospital,Janata swasthya kendra,hospital,"7 Tusal Marg, Kathmandu 44600, Nepal",27.7154089,85.3510944,1257.8
ChIJkfpZbWQZ6zkR7N63N_qJzoA,hospital,Sarashwati Medical Hall,hospital,"Gopi Krishna Marg, 44600, Nepal",27.722445099999998,85.3491602,1263.39
ChIJu8bl9HwZ6zkR2G-OGj2CiHI,hospital,Amics Health Centre,hospital,"7 Tusal Marg, Kathmandu 44600, Nepal",27.715087999999998,85.35112199999999,1274.75
ChIJrbWAu8Eb6zkRS1lGEiqlRhE,hospital,Jai Buddha Medical Hall,medical_center,"P9HC+CRG, Sahid Park Rd, Kathmandu 44600, Nepal",27.728571000000002,85.372079,1278.1
ChIJLbl_WlAZ6zkR3yLvhAuOkmQ,hospital,Nepal Pain Clinic Pvt.Ltd,doctor,"Kathmandu 44600, Nepal",27.713761599999998,85.35177689999999,1311.61
ChIJZ2wuQGQZ6zkRATRbF009xF0,hospital,rubshna opticals,hospital,"P8CX+W94, Kathmandu 44600, Nepal",27.722265699999998,85.34845469999999,1330.95
ChIJS8yHNhsZ6zkRzz_-qbFKsNQ,hospital,Gunja Pharmacy,pharmacy,"sangam chowk, Kathmandu 44600, Nepal",27.714834900000003,85.3504588,1344.82
ChIJa9HfAnsZ6zkRHb7Ckiep0W0,hospital,hira basnet,hospital,"P88X+JC3, Kathmandu 44600, Nepal",27.7165021,85.3485462,1426.04
ChIJe2PeQAAZ6zkRLCNp3DKzzTI,hospital,Dr Sudip Parajuli,hospital,"P88X+J9H Om hospital, Kathmandu 44600, Nepal",27.7165662,85.3484943,1428.08
ChIJp8QgUb8b6zkRwT0gFtFCWDo,hospital,indra lama,hospital,"P9GG+5C2, Jorpati-Sundarijal Road, Gokarneshwor 44600, Nepal",27.725380299999998,85.3760119,1454.43
ChIJeyEVUQAb6zkRZAVw46XPhA4,hospital,R’s House,medical_center,"P9CG+JM9, Boudha Rd, Gokarneshwor 44600, Nepal",27.721559,85.37672599999999,1455.54
ChIJybfs2vwb6zkRATCTU3nSh24,hospital,अलकापुरी पुनस्थापना केन्द्र,hospital,"Unnamed Road, P96C+9F7, Kathmandu 44600, Nepal",27.7109199,85.3711577,1476.05
ChIJZQZUN2gb6zkRms3yu_loCNQ,mall,Dorje Handmade,shopping_mall,"P9C7+F2C, Kathmandu 44600, Nepal",27.7211912,85.36251659999999,60.91
ChIJs_Byb3gb6zkRyz0zWz7i8O8,mall,SS BRAND SILVER SHOP,shopping_mall,"Unnamed Road, Kathmandu 44600, काठमाडौँ 44600, Nepal",27.721757099999998,85.36242419999999,62.75
ChIJcZacWtob6zkRMkNcKisaE24,mall,Namo Buddha Opticals,shopping_mall,"P9C6+7RX, Boudhanath Sadak, Kathmandu 44600, Nepal",27.7207434,85.3621228,74.12
ChIJk2hPV9ob6zkRiCpIsCTj0M8,mall,kc shoe,shopping_mall,"P9C6+8X9, Boudhanath Marg, काठमाडौँ 44600, Nepal",27.720793500000003,85.3624724,84.53
ChIJ1W94Qtwb6zkRQB5SkIMVBF8,mall,Chhyorten Namsum Thangka Gallery,shopping_mall,"6 Boudha Rd, Kathmandu 44600, Nepal",27.7215204,85.36095999999999,97.55
ChIJQbumD_8b6zkRgWFnMrtz5Ns,mall,"Erke,humtto multi showroom",shopping_mall,"P9C6+77Q, humtto 44600, Nepal",27.720723999999997,85.36072659999999,140.53
ChIJS4UI7tob6zkRpDGR1KeWwkQ,mall,Supreme Nepal Anime Store,shopping_mall,"P9C7+55F, Kathmandu 44600, Nepal",27.720434599999997,85.3629306,144.2
ChIJt2KxlBMb6zkRIVDh5eHQQRc,mall,Serta Cloth Shop,shopping_mall,"Shop No: 33, Phulbari Complex 6, Kathmandu 44600, Nepal",27.7226657,85.36252789999999,153.2
ChIJ-TkATAIb6zkR2IP8BrMP_bw,mall,THE LOOKS FASHION WEAR,shopping_mall,"P9C7+67Q, Kathmandu 44600, Nepal",27.7205874,85.3632313,155.31
ChIJJ_0PNzEb6zkRbpgb3smVEa8,mall,4k store(clothing for new generations),shopping_mall,"P998+5V2, Kathmandu 44600, Nepal",27.7205463,85.36380190000001,205.89
ChIJT75xiNkb6zkRRWZ1AmxIFbQ,mall,Black Cat,shopping_mall,"P9C6+62R, Kathmandu 44600, Nepal",27.720610299999997,85.36002429999999,207.54
ChIJGT_Bj9kb6zkRI1SvzGPGaXw,mall,Yolmo Lungta,shopping_mall,"6 Tusal Marg, Kathmandu 44600, Nepal",27.720523999999997,85.35955109999999,254.1
ChIJfVuJpxMb6zkRD1EeWa6r5Ts,mall,Tamang Plaza,shopping_mall,"Boudha Rd, Kathmandu 44600, Nepal",27.720590599999998,85.3644801,265.36
ChIJAVHZ3nwb6zkR30YOZQ6FSgc,mall,Dreams Collection ‘’Sang_Crpa’’,shopping_mall,"P9C5+5QV, Boudhanath Sadak, Kathmandu 44600, Nepal",27.720496999999998,85.35941299999999,267.83
ChIJT0cgAQAb6zkRlV_DsETGv4k,mall,Gole fancy,shopping_mall,"6 Boudha - Jorpati Rd, Kathmandu 44600, Nepal",27.7205808,85.364626,279.28
ChIJJz3_cNsb6zkRCXZoRJ43W_A,mall,Phulbari Complex,shopping_mall,"Boudha-6, Kathmandu 44600, Nepal",27.7236148,85.36341250000001,286.72
ChIJCxHWitsb6zkRvHgiEo8pvWk,mall,ROKPA Workshop,shopping_mall,"P9F6+MHG, Rokpa Road, Kathmandu 44600, Nepal",27.7241751,85.36144540000001,313.49
ChIJ4cxy_iYb6zkR_Q0or1ruhxA,mall,Kalimpong/Subash handicrafts workshop,tibetan_restaurant,"Kalimgpong complex, Kathmandu 44600, Nepal",27.723551,85.3642263,329.22
ChIJ1XuVvdkb6zkR0_X3zBVSNH8,mall,Hishi Arcade,shopping_mall,"P9C5+4FX, Boudhanath Sadak, Kathmandu 44600, Nepal",27.7203667,85.3587276,336.05
ChIJVX-dutsb6zkRR60O_gncokM,mall,A. R. Handicraft Pvt. Ltd.,shopping_mall,"Kathmandu 44600, Nepal",27.724031999999998,85.36382440000001,347.43
ChIJOXTEsGgb6zkRoaxmKCPm8yg,mall,SHIVRUPAM COMPLEX,shopping_mall,"Phulbari Street, Kathmandu 44600, Nepal",27.7244364,85.3641456,402.34
ChIJAT1LTKUZ6zkRaBjrlzvlCGM,mall,Shopway Mart Pvt.Ltd.,food_delivery,"Kathmandu 44600, Nepal",27.7181046,85.3601719,404.66
ChIJfTazN9kb6zkRY8t_1ru9Gh8,mall,H-Mart Nepal,shopping_mall,"06 Boudha Rd, Kathmandu 44600, Nepal",27.724562100000004,85.3642631,420.36
ChIJHcdDO8Ub6zkRJS1LPcPnI_0,mall,R.N. Electric Suppliers,shopping_mall,"Boudha Rd, Kathmandu 44600, Nepal",27.7207798,85.3662083,425.58
ChIJJ-d0p9wb6zkRz4NBjA-hWcQ,mall,Ratna Statue House,shopping_mall,"P9F7+RR6, Kathmandu 44600, Nepal",27.724527499999997,85.36450549999999,430.68
ChIJh6IUv6cb6zkRcHpywn63jV8,mall,KFC Top Sports & Trekking Collecation,shopping_mall,"prabhu bank, Boudhha, Kathmandu 44600, Nepal opposit of, Kathmandu, काठमाडौँ 44600, Nepal",27.7212981,85.3575479,432.44
ChIJyWxkn1Qb6zkRhtrPJEur49k,mall,Salaka Shop,shopping_mall,"Boudha-6, Purano Shiva Mandir, Patitar, काठमाडौँ 44600, Nepal",27.7212981,85.3575479,432.44
ChIJL1ERVgAb6zkRENxH0Kn78Xw,mall,S.S Shoes & Fancy Huh,shopping_mall,"3 Boudhanath Sadak, Kathmandu 44600, Nepal",27.720975,85.3664459,445.92
ChIJcwBtr9wb6zkRNBb2j6yuzFY,mall,Fulbari,shopping_mall,"P9F7+XVQ, Kathmandu 44602, Nepal",27.724955299999998,85.364721,481.77
ChIJ132GWwAb6zkRc07vW1_uz-c,mall,"Moosto.com,Boudha",shopping_mall,"Pipalbot, Boudha - Jorpati Rd, 44600, Nepal",27.7208644,85.3668457,486.4
ChIJL0vhRQAb6zkRjZuRaCCzs6k,mall,99 Shopping Bouddha,shopping_mall,"P9C8+FQF, Kathmandu 44600, Nepal",27.7211975,85.366922,490.86
ChIJUfYieAAb6zkRTS1NY-rkGq8,mall,Nee Fashion Factory,shopping_mall,"P9G7+857, Kathmandu 44600, Nepal",27.7257767,85.36291340000001,497.1
ChIJRXd3N9cb6zkRYBI7C2LDjNI,mall,राङरिसा ब्रदर्स स्टोर,shopping_mall,"P985+PR2, Dibya Marg, Kathmandu 44600, Nepal",27.7167538,85.3595302,567.48
ChIJ0d5y98Qb6zkRSe2dIpgLVFI,mall,Buddha Mala Collection center Pvt.ltd.,shopping_mall,"P9C9+X3F, Kathmandu 44600, Nepal",27.7224473,85.3676852,577.6
ChIJPTgsesUb6zkRHQ2MA_Dz65I,mall,Ashirwad Bhawan,shopping_mall,"P9F4+QQR, Pasang Lhamu Rd, Kathmandu 44600, Nepal",27.7244772,85.356896,603.6
ChIJy-EVeMUb6zkRPA_jcFSJNks,mall,everest dressup,shopping_mall,"P999+P4M, Gokarneshwor 44600, Nepal",27.719346599999998,85.36778910000001,618.96
ChIJEdULR7Ub6zkRqLym-7dQkv0,mall,Guragain Store,shopping_mall,"P9G7+Q58, Saraswatinagar Rd, Kathmandu 44600, Nepal",27.72692,85.3629356,622.67
ChIJi3mtPQAb6zkRzVkAtzzWO7Y,mall,Triple Seven,shopping_mall,"P9G8+8F5, Phulbari 44600, Nepal",27.725761499999997,85.3662425,644.69
ChIJV7Xuby4b6zkRWYapWDr5NZc,mall,Subha Dulal Store,shopping_mall,"Saraswatinagar Rd, Kathmandu 44600, Nepal",27.7272569,85.3627255,656.94
ChIJf6HE794b6zkRWpJVbaTXRps,mall,Aqua space,shopping_mall,"P9G5+H88, Kathmandu 44600, Nepal",27.7264058,85.35831519999999,662.09
ChIJyyxfyu4b6zkRI-8AxidQKLQ,mall,Melung Mart,shopping_mall,"nagarik chowk, Kathmandu 00977, Nepal",27.7154255,85.3602891,682.84
ChIJtwg5ETgb6zkR90LYlOJxZK0,mall,U B Cosmetics,shopping_mall,"Unnamed Road, Kathmandu 44600, काठमाडौँ 44600, Nepal",27.7151231,85.3615207,698.07
ChIJIe6u3OMb6zkRr1TfCGi0j-M,mall,Authentic Handicrafts,shopping_mall,"P9G4+284, Kathmandu 44806, Nepal",27.725017100000002,85.35582409999999,724.61
ChIJoduN08Ub6zkR1kaorJ_yW8E,mall,U R Collection Center,shopping_mall,"P9CC+H2Q, Kathmandu 44600, Nepal",27.721463900000003,85.37010420000001,803.66
ChIJq3RjaWIZ6zkRqoil9_PemWU,mall,कृष्ण किशन चिसो स्टोर,service,"P9C3+VGP, Kathmandu 44600, Nepal",27.7222047,85.3538193,804.45
ChIJtxAarWIZ6zkRmfKk8pZ3ur0,mall,Sasot Store,shopping_mall,"P993+9Q5, Kathmandu 44600, Nepal",27.7183805,85.3544802,806.95
ChIJyRkTW0Eb6zkRGFijy-bsvxA,mall,SENSA The Urban Sanctuary,shopping_mall,"Bus Stop, 6 Saraswatinagar Rd, Kathmandu 44600, Nepal",27.727040799999997,85.3566969,813.11
ChIJdxYeK8cb6zkRoEtLFafP5R8,mall,Quality Products,shopping_mall,"brikuti chowk, 44600, Nepal",27.7276492,85.357635,814.84
ChIJBb3oG2IZ6zkR3F_7n3FjFrU,mall,Shakuntala Store,shopping_mall,"sanudhara marga Boudha 6, Kathmandu 44600, Nepal",27.7236458,85.35399009999999,821.74
ChIJ6X3vbwAZ6zkR5F64odlGpsk,mall,Maharajgung,shopping_mall,"P9C3+G9P, Kathmandu 44600, Nepal",27.7213492,85.3534545,835.26
ChIJ22DnVWkb6zkR93-Qa3zGhmk,mall,PATHIBHARA FASHION HOUSE,shopping_mall,"Bhrikuti Chowk Bus Stop, 6 Saraswatinagar Rd, Kathmandu 44600, Nepal",27.7274943,85.35696519999999,836.96
ChIJ2dZLJ8Qb6zkRBzMlfLZUtmI,mall,Dolkar Grocery,shopping_mall,"Road, Kathmandu 44600, Nepal",27.7228083,85.37035449999999,843.13
ChIJa4hFQnYb6zkRXcpZaoCt8_8,mall,Tara Digital,shopping_mall,"Kathmandu 44600, Nepal",27.7137788,85.3615141,847.36
ChIJwb6fUAAb6zkR8FFzCvua7K4,mall,Aadhishree cosmetics,shopping_mall,"P9H5+GM7 tenzing chok, Budhanilkantha 44600, Nepal",27.7287874,85.3591817,866.2
ChIJETTY3-8b6zkRt7hWr1E0nYo,mall,828 Suppliers,shopping_mall,"P9H5+HR3, Budhanilkantha 44600, Nepal",27.728889199999998,85.3595352,866.82
ChIJZSHItGcZ6zkRyAAh_0Gtpj4,mall,Annapurna Shopping,shopping_mall,"Saraswatinagar Rd, Kathmandu 44600, Nepal",27.726169199999998,85.3549125,872.28
ChIJZajc8Q0Z6zkRGtJ-TPRoVlE,mall,Ash Shoping,shopping_mall,"P9G3+FX7, Saraswatinagar Rd, Kathmandu 44600, Nepal",27.726169199999998,85.3549125,872.28
ChIJSaOP2GEZ6zkRxumEJMwEYrI,mall,Md Cloth Shop 786,shopping_mall,"P9G3+FX7, Saraswatinagar Rd, Kathmandu 44600, Nepal",27.726169199999998,85.3549125,872.28
ChIJnzhWvwAb6zkRQA7w2OcTpBs,mall,ढक तराजु पसल,shopping_mall,"Gokarneshwor 44600, Nepal",27.721287,85.3708571,877.8
ChIJBWv4nswb6zkR8-bWd7l-iWY,mall,Telemart Nepal,shopping_mall,"Kathmandu boudha Nayabasti, boudhq 46000, Nepal",27.713481299999998,85.3631298,887.17
ChIJNx-shS4b6zkRNJQUb3WncwE,mall,Mata Shree Enterprises,shopping_mall,"P9H6+P2M, Budhanilkantha 44600, Nepal",27.729337899999997,85.36004969999999,903.14
ChIJA3jsKgwb6zkR6XPiH25uGVw,mall,Jailaxmi Jewellers,shopping_mall,"P9CC+JF5, Boudha - Jorpati Rd, Kathmandu 44600, Nepal",27.721511999999997,85.37123849999999,915.37
ChIJAatJgMYZ6zkROksWRXdK5bY,mall,Stuff Chuchepati - best iphone repair shop in kathmandu nepal,shopping_mall,"Boudhanath Sadak, Kathmandu 44600, Nepal",27.7191744,85.3529569,917.91
ChIJFyiOWAgb6zkRq0csNmQ1P7U,mall,Timal kirana pasal,shopping_mall,"44600, काठमाडौँ 44600, Nepal",27.7249214,85.3706502,942.99
ChIJb55Q2WIZ6zkRkII1gcF5SoU,mall,Sunkoshi Craft Pashmina,shopping_mall,"P993+M37, Pasang Lhamu Rd, Kathmandu 44600, Nepal",27.719167199999998,85.3526713,945.23
ChIJPwIkR90b6zkRRdxZR0fUofc,mall,Lady care beauty parlor,shopping_mall,"44602, काठमाडौँ 44602, Nepal",27.7296272,85.364425,948.03
ChIJvcIsyaYb6zkRNsp1QlLaABQ,mall,Ratna lal Bread and Puff shop,shopping_mall,"P974+HFQ, Kathmandu 44600, Nepal",27.7139658,85.3562425,998.02
ChIJ11QCUgAb6zkRFeD_qX6PWao,mall,September Shine,shopping_mall,"P9J7+5J8 Ramhity, 44600, Nepal",27.7304745,85.363958,1029.49
ChIJ-WAEYdsb6zkRodbf5-c_B-g,mall,Sungava Lamichhane store,shopping_mall,"Kathmandu 44600, Nepal",27.7298144,85.35734959999999,1040.02
ChIJiXGM9N8b6zkRH5iyKlcr5Rg,mall,Triveni Shopping Complex,shopping_mall,"Saraswotinagar Rd, P9H4+F3G, Kathmandu 44600, Nepal",27.728677899999997,85.35519239999999,1047.77
ChIJdSGuVcYb6zkR57K2lmn6W8M,mall,Kapil Ashutosh Puja Samagri Pasal,shopping_mall,"Gokarneshwor 44600, Nepal",27.7216061,85.3728391,1073.09
ChIJIWRpIjIb6zkR1RmtvG7p95I,mall,Chhimeki Mart Pvt. Ltd.,shopping_mall,"P9J8+82, Kathmandu 44600, Nepal",27.730826699999998,85.3650124,1092.02
ChIJYYWDzM4b6zkRpk-ybMUF_VI,mall,Nisha Boutique and Saree House,shopping_mall,"P9H4+R5M, Milan Chowk Galli, Budhanilkantha 44600, Nepal",27.729582599999997,85.355409,1114.95
ChIJM3QqhFYb6zkRNGWjxvuAppw,mall,Milan Sanitary Enterprises,shopping_mall,"Gokarneshwor 44600, Nepal",27.7217281,85.37348829999999,1137.34
ChIJXZYXJckb6zkRhCQnzXwj7Zw,mall,Dibya Meat Shop & Suppliers,shopping_mall,"P98C+4F5, Unnamed Road, Kathmandu 44600, Nepal",27.7152706,85.37122269999999,1139.27
ChIJlf2y2nMb6zkRtmaTQfMoAa8,mall,Laliguras online shop,shopping_mall,"P9H4+W3J, Budhanilkantha 44600, Nepal",27.729837699999997,85.35514979999999,1152.84
ChIJZ4FGybAb6zkRT8qDqPAmBdA,mall,Krijala's Collection,shopping_mall,"P9H4+W3J, Budhanilkantha 44600, Nepal",27.729837699999997,85.35514979999999,1152.84
ChIJJUetoJgZ6zkRdoV1tcVS5rw,mall,Ash Memory Zone & Online Store,shopping_mall,"Unnamed Road, P9F2+749, काठमाडौँ 44600, Nepal",27.723161599999997,85.3503618,1156.56
ChIJvZhIznoZ6zkR7FuwesU5WD0,mall,Panchawati Khadya store,shopping_mall,"Kathmandu 44602, Nepal",27.723519699999997,85.350425,1157.91
ChIJmRsTAOAb6zkR--2tvbpob00,mall,तिरुपति थैला अनि जुत्ता हाउस,shopping_mall,"01 Milan Chowk Galli, Budhanilkantha 44600, Nepal",27.7300501,85.3550389,1178.43
ChIJ2dEoDOcb6zkRh-zy-fsdy0I,mall,New Ganesh Store,shopping_mall,"Kapan Faika, P9J6+RV5, बुढानीलकण्ठ 44600, Nepal",27.732014900000003,85.36222529999999,1181.77
ChIJZSqBAeAb6zkR1FlTqmc8_rg,mall,Aastha Shoe Centre,shopping_mall,"01 Milan Chowk Galli, Budhanilkantha 44600, Nepal",27.7303201,85.3550635,1201.72
ChIJv_mj-98b6zkRYuvNPMf8f4Y,mall,MNS Mini shop,shopping_mall,"Unnamed Road, P9J4+HVJ, बुढानीलकण्ठ 44600, Nepal",27.731455,85.3571477,1214.52
ChIJUXZJVmMZ6zkRJ7eIMyJ4uKM,mall,Mahalaxmi Fancy & Shoe Center,shopping_mall,"Kathmandu 44600, Nepal",27.7217496,85.37435029999999,1222.22
ChIJN3y-eroZ6zkRkrcVIK712Wo,mall,MYMY Smart Buy,shopping_mall,"Chabhail KL Tower 3rd Floor, काठमाडौँ 44600, Nepal",27.718099,85.3500612,1225.2
ChIJe1lwVGMZ6zkRr9wqv-8_kTM,mall,KL Tower,business_center,"Boudhanath Sadak, Kathmandu 44600, Nepal",27.718475200000004,85.3498633,1232.14
ChIJveIe2yAZ6zkRVdCSPt-d8e8,mall,Trade Sansar,shopping_mall,"P982+C89, maijubhal marga, Kathmandu 44600, Nepal",27.7160355,85.3508634,1242.29
ChIJLToFqWQZ6zkRieIcqJvunwE,mall,Shubha Sai Jewellery Center,shopping_mall,"P89X+9VP, Boudhanath Sadak, Kathmandu 44600, Nepal",27.718469499999998,85.3497107,1246.8
ChIJl6wBqWQZ6zkRubHQ6TUP-Io,mall,Shubha Sai Gahana Center,shopping_mall,"P89X+FRF, Kathmandu 44600, Nepal",27.718681699999998,85.3495422,1256.96
ChIJ5f7l-5YZ6zkRs2mdyerfUmo,mall,Deuti Organics Jumla,grocery_store,"Sat talle, Kathmandu 44600, Nepal",27.726284399999997,85.3503884,1260.56
ChIJF5uVceMZ6zkRJ82MrIEri4E,mall,Panchakumari Mini Market(पञ्चकुमारी मिनी मार्केट),shopping_mall,"Narayan Chowk Bus Stop, P9H2+JVC, बुढानीलकण्ठ 44600, Nepal",27.7290143,85.3522796,1273.92
ChIJLeJ_lyIb6zkRZwHSO1p4nso,mall,Ojaswi Collection,shopping_mall,"Unnamed Road, P9M6+4RQ, बुढानीलकण्ठ 44600, Nepal",27.7328488,85.3621083,1274.27
ChIJSYUTGaMb6zkR2ZSq7m7Oyi4,mall,Naya Ghare Shopping Centre,shopping_mall,"Budhanilkantha 44600, Nepal",27.7328714,85.3619294,1276.67
ChIJpdHI8Asb6zkRe0u97AwAnxw,mall,Dream House Super store,shopping_mall,"P96C+W4P, Gokarneshwor 44600, Nepal",27.7123455,85.3703175,1300.57
ChIJcYCIsmQZ6zkRRT2C2zYQkAw,mall,Chabahil Central Complex Pvt. Ltd.,shopping_mall,"P89X+7MW, Boudhanath Sadak, Kathmandu 44600, Nepal",27.718229599999997,85.3492144,1300.99
ChIJvQBn_fUb6zkR-X3fsbxE9iY,mall,"Narayan kunja,Kapan",shopping_mall,"4, बुढानीलकण्ठ 44600, Nepal",27.733323,85.3605637,1333.79
ChIJVc1wP3wZ6zkRJLM6t1UzMI0,mall,3B Sports (Quality Sports Wear & Goods),shopping_mall,"P972+GG2, Thulo Kharibot Marga, काठमाडौँ 44600, Nepal",27.7137611,85.3512779,1349.49
ChIJo8USPAAb6zkR7jkUY8Esj58,mall,Fatik Bazaar,shopping_mall,"P9CG+J7M, Kathmandu 44600, Nepal",27.721632399999997,85.3756599,1350.74
ChIJJWv0lXcZ6zkRxnjP_vIPM5s,mall,smart gallery,shopping_mall,"gopikrishna marg, Kathmandu 44600, Nepal",27.721953199999998,85.3478413,1389.17
ChIJWUbgh-oZ6zkRMvB6Aj48lC0,mall,ShopHill Trade Link,shopping_mall,"Kathmandu 44600, Nepal",27.721973,85.3478152,1391.84
ChIJMclszGQZ6zkRKg7EsVAk2F4,mall,Shree Nama Taremam Saranam Jewellery Shop,shopping_mall,"44600, काठमाडौँ 44600, Nepal",27.718331499999998,85.3481134,1402.85
ChIJHc10DwAZ6zkRPrh4BAKe_uw,mall,Charkhal dillibazar,shopping_mall,"P88X+J9H, Kathmandu 44600, Nepal",27.7165662,85.3484943,1428.08
ChIJT7vdBWcZ6zkRXGqhoYsVk6E,mall,Run Shoes(Shoe Palace),shopping_mall,"P89X+556, Kathmandu 44600, Nepal",27.7179166,85.34790330000001,1434.65
ChIJsdMQI90Z6zkRtGGKO9W8-vk,mall,Calico,shopping_mall,"Kathmandu 44600, Nepal",27.717664799999998,85.34793069999999,1439.86
ChIJm2R0mvMZ6zkR8UBXvOWvfro,mall,Sajilo Online Shopping,shopping_mall,"Chok, Kathmandu 44602, Nepal",27.7175349,85.3476713,1468.48
ChIJaWZEiXsZ6zkRAsOtYv_nOzg,mall,Lovely Green Mart,shopping_mall,"P87X+JQQ, Kathmandu 44600, Nepal",27.7140883,85.3494831,1470.63
ChIJa3rFTtob6zkRCTVW3ktuKJQ,office,Sara Enterprises,corporate_office,"stupa, Kathmandu 44600, Nepal",27.720966800000003,85.3616993,52.69
ChIJ8bM-UHgb6zkRznzrRn8Hf8Y,office,Explore Dolpo Treks & Expeditions,corporate_office,"P9C6+8XF, Boudhanath Sadak, Kathmandu 44600, Nepal",27.7208155,85.36243429999999,80.3
ChIJY1Ecg6Qb6zkRuYvbXiMecbY,office,Namgyal Export Pvt. Ltd,corporate_office,"Boudha-06, Gyoilisang marg, on the way to dharatole Opposite of AT Burgerpoint Restaurant, Kathmandu 44600, Nepal",27.7211096,85.3611289,85.71
ChIJq94oyY4b6zkRAKOlc0ROKf4,office,Pancha Kumari Multi Purpose Co-operative,corporate_office,"P9C6+5CJ, Kathmandu 44600, Nepal",27.7204511,85.361018,138.33
ChIJP0zcC9sb6zkRLdDU5EBT5tA,office,UDS Gaming,corporate_office,"Kathmandu 44600, Nepal",27.722619599999998,85.3629505,169.08
ChIJkx3Dhygb6zkRPfTYx_PPF6s,office,Tech Computer Pvt Ltd,corporate_office,"P9C7+479, Boudha - Jorpati Rd, Kathmandu 44600, Nepal",27.7202976,85.3632315,175.83
ChIJe_dfawAb6zkRchEM5zCZ18U,office,Aradas services pvt.ltd,corporate_office,"P9C7+496, Kathmandu 44600, Nepal",27.720284499999998,85.3633766,187.37
ChIJUV1NlsIb6zkRwtFZWsWd9pk,office,Yangrima Technologies,corporate_office,"P9C7+492, Kathmandu 44600, Nepal",27.7202634,85.3633898,189.89
ChIJjXZZFNob6zkR4pr6yeOQftE,office,Natural Trips Pvt. Ltd,corporate_office,"P996+VGJ, Boudha Rd, Kathmandu 44600, Nepal",27.719719899999998,85.3612812,196.7
ChIJPXDM6uQb6zkRvjy40FlUkXk,office,Homex Design and Engineering pvt.ltd,corporate_office,"Kathmandu 44600, Nepal",27.7196951,85.3613201,198.1
ChIJOTGKHPob6zkRdbWMD_KGwyM,office,Child Awareness Centre Nepal ( CACN ),association_or_organization,"Boudha Gate Opposite, Way to Boudha to, Guheshwori Temple, Kathmandu 44600, Nepal",27.719654199999997,85.3612967,203.13
ChIJy1_eGtob6zkRVAUa79kbY6Q,office,Vibrant Holidays Pvt. Ltd. (Tour & Travels),corporate_office,"P996+P76, Kathmandu 44600, Nepal",27.719298300000002,85.3606387,265.53
ChIJn0bCIFcb6zkR3ozUpDWi22w,office,Print Express Nepal Pvt.Ltd,corporate_office,"P9C8+539, Kathmandu 44600, Nepal",27.7204186,85.3652367,342.01
ChIJhQnIWgAb6zkRodndAfhm4sc,office,𝙋𝙝𝙪𝙡𝙗𝙖𝙧𝙞,corporate_office,"P9F7+MJ5, Boudha Rd, Kathmandu 44600, Nepal",27.72418,85.3641447,378.6
ChIJ5yCQGwAb6zkRCDCUBrKmMyg,office,中铁二局尼泊尔分公司,corporate_office,"P9F8+26M, Kathmandu 44600, Nepal",27.722597999999998,85.365545,379.42
ChIJjR_Qttkb6zkRWFkX5m3LcCA,office,Mountain Global Treks & Expedition,corporate_office,"P9C5+35X, Boudhanath Sadak, Kathmandu 44600, Nepal",27.7202259,85.3579814,410.59
ChIJ3_SLSj8b6zkRZxX-T8Qcmtc,office,Ticketing Counter for all kinds.,corporate_office,"Bolbam chauk Road, P996+492, काठमाडौँ 44600, Nepal",27.7177632,85.3608895,416.33
ChIJa2WoiVob6zkRB0X69I43b9M,office,Customandu services,corporate_office,"Sundar tole, P9C5+G27, बौद्ध - जोरपाटी सडक, काठमाडौँ 44600, Nepal",27.7212981,85.3575479,432.44
ChIJy3wbkmAb6zkRSgoLieQwAaI,office,Pavitra Jhyarung Khasore,corporate_office,"P987+VFR, Kathmandu 44600, Nepal",27.717363,85.363231,465.46
ChIJ8YZ5IQMb6zkRsQhFuO1p2RU,office,Nepal Industrial Automation,corporate_office,"nayabasti Bouddha, Kathmandu 44600, Nepal",27.7176351,85.3642394,474.93
ChIJgwGLVQAb6zkRaF9XX4PNv_I,office,Utpala It Solutions,corporate_office,"Mahankal Marg, Kathmandu 44600, Nepal",27.7256423,85.3629831,483.85
ChIJsXcAVQAb6zkRC-dKw1IH3fc,office,STO Express Boudha,corporate_office,"P9G5+5WR, Mahankal Oralo Rd, Kathmandu 44600, Nepal",27.7254893,85.3597747,503.19
ChIJD1ItSKUb6zkRHnMKZqldhws,office,BuildNep Construction,corporate_office,"Boudha Rd, Kathmandu 44600, Nepal",27.7168565,85.36171019999999,504.61
ChIJA85xfaMb6zkRzazh0M20qNg,office,united insurance,corporate_office,"P9C8+CRG, Boudha - Jorpati Rd, Kathmandu 44600, Nepal",27.7210538,85.36708259999999,507.58
ChIJ2Uljuykb6zkRRwH2MD4Jp0o,office,Namaste Supply Chain Pvt Ltd,corporate_office,"06 Mahankal Oralo Rd, Kathmandu 44600, Nepal",27.7259955,85.36050709999999,531.18
ChIJ7zQYfGob6zkRETD-203nPpE,office,Himalayan Everest Insurance,corporate_office,"P9C8+9WH, Kathmandu 44600, Nepal",27.7209367,85.36736619999999,536.49
ChIJJTBaHwAb6zkRLH7n8cInkv8,office,Samata Mahankal,corporate_office,"P9F4+RX7, Mahankal Oralo Rd, Kathmandu 44600, Nepal",27.724536,85.3574799,561.34
ChIJA-j6Jtwb6zkRL3TcGziPfME,office,Universal Link Software,corporate_office,"1442/17, Pasang Lhamu Rd, काठमाडौँ 44600, Nepal",27.726288099999998,85.360325,567.37
ChIJGTGnAfgb6zkRJ1XF89H7Rrc,office,Anugraha Bhawan,corporate_office,"P988+V72, Christian Marg, Gokarneshwor 44600, Nepal",27.717135799999998,85.3656264,596.19
ChIJkSYNTgAb6zkRFhOqHLvpshc,office,ARIS.Co,corporate_office,"P986+9QQ, Kathmandu 44600, Nepal",27.7159749,85.3619975,602.16
ChIJT9qdmiwZ6zkRo96N_qe0aIs,office,"Buddha Courier and Cargo Service - Boudha,Tusal",corporate_office,"P994+FJP, Kathmandu 44600, Nepal",27.718701,85.3565704,607.26
ChIJwfclJFsb6zkRHYavJL8sIFc,office,Elite Management Consultancy Pvt. Ltd.,corporate_office,"Kathmandu 44600, Nepal",27.724292799999997,85.3567095,607.66
ChIJ4YbHkOYb6zkRhWNSEVWh2FM,office,Aadima - Online Shopping Nepal,corporate_office,"P9C9+R74, Kathmandu 44600, Nepal",27.7220242,85.36819489999999,619.71
ChIJS7J0SgAb6zkRORc1KbHJDFE,office,Glorious Church Boudha,corporate_office,"P986+995, Dibya Marg, Kathmandu 44600, Nepal",27.7158781,85.3609934,619.94
ChIJYwWFQF0b6zkRLY2XC58BOCE,office,B.B.K.K. TRADERS PVT. LTD,finance,"6 Boudha Rd, Kathmandu 44600, Nepal",27.715900299999998,85.3639598,641.99
ChIJu0ejjUIZ6zkRh-0bETab2ow,office,Guardian International Educational Consultancy,corporate_office,"Bouddha, Kathmandu 44600, Nepal",27.7265296,85.3649186,642.31
ChIJf8-uidYb6zkRabsu3WcLV7g,office,Tarapunj Multipurpose Co-Operatives Limited,corporate_office,"P9F4+HC2, Kathmandu 44600, Nepal",27.723895799999998,85.3560213,645.79
ChIJN6e0A9Eb6zkRZeWVLL6ZHpU,office,Visit Nepal Treks & Expedition Pvt. Ltd,corporate_office,"P986+5WM, Kathmandu 44600, Nepal",27.715453699999998,85.3622907,660.99
ChIJJ0ChhiYb6zkRI-Sd6xhMldw,office,Nepfleek,corporate_office,"Mahankal Oralo Chowk Bus Stop, 44600, काठमाडौँ 44600, Nepal",27.7264409,85.35816899999999,673.21
ChIJDSQ73psZ6zkRr4RNpbSyH9U,office,Burger Group Pvt.ltd,corporate_office,"Bouddha, Kathmandu 00977, Nepal",27.715224799999998,85.3614489,687.24
ChIJu798gbQb6zkRq0FAt7qD0ng,office,Himalayan Sherpa Buddhist Culture Protection Society,corporate_office,"P9G8+J8J, Kathmandu 44600, Nepal",27.726587,85.3657528,689.05
ChIJNYBtKgAb6zkR7b0KTNbc3lw,office,"Nautalle, Bagmati Nagar Planning, Boudha 6",corporate_office,"P986+629, Dibya Marg, Kathmandu 44600, Nepal",27.715386199999998,85.3601223,691.15
ChIJi_z1dmIZ6zkRWpQx-jToPP4,office,People's Alliance Saving & Credit Co-operative Ltd.,corporate_office,"P9C3+WW5, Kathmandu 44600, Nepal",27.7222728,85.3548714,702.66
ChIJJRmSN8Qb6zkRKsLimXNcxI0,office,हिमालय कला गलैँचा,corporate_office,"Kathmandu 44600, Nepal",27.7223716,85.3690802,711.25
ChIJwUvP9d4b6zkREA5k5vpXpHk,office,Auro Technology Consuling LLC,corporate_office,"P9G5+RCG, Kathmandu 44600, Nepal",27.727068799999998,85.3585864,712.53
ChIJT5ZtdNcb6zkR4SCbXmCvjJA,office,Nidhi Shakti Pvt.Ltd.,corporate_office,"P994+P26, Boudhanath Sadak, Kathmandu 44600, Nepal",27.719292099999997,85.355025,719.53
ChIJCwu0_94b6zkRZTJIRfisywc,office,sajjanmahila saving & credit,corporate_office,"P9G5+P56, Kathmandu 44600, Nepal",27.7267902,85.3578801,721.29
ChIJC4CAAt8b6zkRXLf5mZod3NM,office,Nepal Airlink,corporate_office,"P9G5+J2M, Kathmandu 44600, Nepal",27.7265855,85.357542,721.91
ChIJg4-JEHsZ6zkR3S0Q30vmZcQ,office,वैदिक सनातन नेपाल,corporate_office,"P9F3+5W7, Kathmandu 44600, Nepal",27.7229207,85.35479289999999,723.8
ChIJmUXaJAAZ6zkR2iGbnVzLpHQ,office,ArkNova Structures,corporate_office,"P993+PV4, Kathmandu 44600, Nepal",27.719268699999997,85.35470110000001,750.57
ChIJ9XJ7g3kb6zkRu05uJmCR-eg,office,Wild Yak Group,corporate_office,"P9H6+7J8, Kathmandu 44600, Nepal",27.7281664,85.3615784,754.34
ChIJfc28IPEb6zkRDncwpCsyWJI,office,Zulu Universe Pvt Ltd,corporate_office,"P985+2J3, Kathmandu 44600, Nepal",27.7150625,85.3590625,758.46
ChIJ7UHcztEb6zkRQFFX2UYsRto,office,The Women's Foundation of Nepal,corporate_office,"Bagmati Nagar Patitar, काठमाडौँ 44600, Nepal",27.714769900000004,85.36455780000001,779.92
ChIJKdk8IAAb6zkRcUv0O0GIqOo,office,Subham's parking,corporate_office,"P984+JC9, Kumarigal Naya Marga, Kathmandu 44600, Nepal",27.716542999999998,85.3561185,786.67
ChIJy4LGxJQb6zkRF-PuicoyiPg,office,Santosi Tool सन्तोषी टाेल,corporate_office,"P988+264, Unnamed Road, Kathmandu 44600, Nepal",27.715011699999998,85.3655651,793.94
ChIJUbxdCzgZ6zkRt59eGSUM2O4,office,Vianet Communications-Chabahil,corporate_office,"P993+MJ8, Kathmandu 44600, Nepal",27.7191634,85.3540909,811.31
ChIJRRNqQtUb6zkRZ5EvBlfZW1g,office,Tech Solution The CLAY Private Limited,corporate_office,"P984+H8Q, Kathmandu 44600, Nepal",27.716451,85.3558643,811.96
ChIJ55fDqN8b6zkRb4MgHk55UBE,office,Ojaswi Nepal Community Welfare Coorparation,corporate_office,"2 unit, 1387 Saraswatinagar Rd, 44600, Nepal",27.727639200000002,85.35732240000002,830.32
ChIJL4dpAZoZ6zkRg1QKnT1pobA,office,World Sherpas Nepal treks & expediton,corporate_office,"P9F3+WQX, Saraswatinagar Rd, Kathmandu 44600, Nepal",27.7248743,85.35447599999999,830.58
ChIJo9Kha94b6zkRWyaAYZp6Od8,office,दुधकुण्ड बचत तथा ऋण सहकारी संस्था लि.,corporate_office,"44600, काठमाडौँ 44600, Nepal",27.728455099999998,85.35907650000001,834.63
ChIJxfy3XGIZ6zkRgpt5WtEm960,office,"Aqua Hundred Depot, Mahankal, Chuchepati",corporate_office,"P9C3+Q94, Kathmandu 44600, Nepal",27.7218813,85.35345459999999,837.02
ChIJqZdeEgAZ6zkRwca0hizQPIk,office,Universal Peace Santuary- Boudha Office,corporate_office,"P9C3+P9V, Mahankal Road, Kathmandu 44600, Nepal",27.7218533,85.3534165,840.56
ChIJw-f7WN8b6zkRaRlZnfEQhxQ,office,Rolwaling Excursion Pvt.ltd,corporate_office,"Saraswatinagar Rd, Kathmandu 44600, Nepal",27.7256154,85.35483239999999,842.73
ChIJa4hFQnYb6zkRXcpZaoCt8_8,office,Tara Digital,shopping_mall,"Kathmandu 44600, Nepal",27.7137788,85.3615141,847.36
ChIJ0fZ6E94b6zkRcwZBFvjbc-s,office,नवाेदय सेभिङ्ग एण्ड क्रेडिट सहकारी संस्था लि.,corporate_office,"P9H5+GMG, Kathmandu 44602, Nepal",27.7288146,85.3591957,868.64
ChIJva51E94b6zkRsAKtFYT-a5g,office,जीवन ज्याेति बचत तथा ऋण सहकारी संस्था लि.,corporate_office,"44600, काठमाडौँ 44600, Nepal",27.7288417,85.35923120000001,870.43
ChIJi0N46sMb6zkRVxceyGm0eXk,office,Ashok Export,corporate_office,"Fulbari Road,TInchuli Chowk, P9G9+P8Q, Boudha Rd, Kathmandu 44600, Nepal",27.7268406,85.3683508,874.93
ChIJq5qCxp4b6zkRqHUa6btY5UU,office,Sankta wine office,corporate_office,"Nayabasti Boudha Rd, Kathmandu 44600, Nepal",27.7142461,85.3657499,878.44
ChIJryTMYAAb6zkR0W62t37E2II,office,Love home,corporate_office,"Tinchuli Chowk, Kathmandu 44600, Nepal",27.7269623,85.368933,926.12
ChIJR9zeZcYb6zkRAB1DBUHE0dk,office,Era Print Support & Suppliers,corporate_office,"P9CC+FH3, Gokarneshwor 44600, Nepal",27.721139200000003,85.37141729999999,933.29
ChIJX-2jdgAb6zkRSDeFwDqw8c4,office,khabarvoice,corporate_office,"P979+X53, Gokarneshwor 44600, Nepal",27.7148845,85.3679368,933.66
ChIJl9EldgAb6zkRbyHKh0b5Xso,office,Princess movies,corporate_office,"P9H4+6CP, Kathmandu 44600, Nepal",27.7280911,85.35607759999999,942.43
ChIJawuHR6wb6zkRMVEcPZrKSi4,office,KONGDU TOWER,corporate_office,"P9G9+RP4, Sahid Park Rd, Kathmandu 44600, Nepal",27.727010099999998,85.36922919999999,951.47
ChIJn21xGN4b6zkRT0tHa1BidFQ,office,उमङ्ग बचत तथा ऋण सहकारी संस्था लि.,corporate_office,"P9H5+RG5, Budhanilkantha 44600, Nepal",27.7295165,85.3588686,952.85
ChIJzWpL-d0b6zkROmKPbUEkbH8,office,Sahara International Investment Pvt Ltd.,corporate_office,"P9H6+X55, Kathmandu 44602, Nepal",27.7298962,85.36048389999999,956.64
ChIJp848XsYb6zkRpEmTb7v_qVs,office,Charity Expedition Nepal,corporate_office,"P9CC+JP7, Kathmandu 44600, Nepal",27.721536699999998,85.37179499999999,970.18
ChIJF-N7i8Qb6zkRcBmnBGlUDHU,office,Ama La Remittance Private Ltd,corporate_office,"P9CC+JP7, Boudha - Jorpati Rd, Kathmandu 44600, Nepal",27.721536699999998,85.37179499999999,970.18
ChIJ74zWVQAZ6zkRFnU6lp3U1Bs,office,Anmup,corporate_office,"P9F2+4RX, Kathmandu 44600, Nepal",27.7226713,85.3521787,971.32
ChIJD5R1apIb6zkRP8ILLyt5U7E,office,Prana Tech Pvt. Ltd.,,"town planning, Kathmandu 44600, Nepal",27.7126602,85.3615784,971.36
ChIJOxuKn-Ub6zkRCk2lBRw6HsE,office,RA (Mahesh k poudel ),corporate_office,"Unnamed Road, काठमाडौँ 44600, Nepal",27.717615799999997,85.3711819,1001.85
ChIJxXxH7eMb6zkREMIJIdXCiAs,office,B Construction Pvt. Ltd.,corporate_office,"Budhanilkantha 44600, Nepal",27.7291162,85.3566939,1002.35
ChIJW-X0AtIb6zkR_9w-vJ5QHh8,office,"Hyangla, Inc.",corporate_office,"P977+3WF, Kathmandu 44600, Nepal",27.7126824,85.3648034,1008.43
ChIJX1i6qr0Z6zkRLzq1dva7yyI,office,United Insurance Boudha Branch,corporate_office,"P9C2+7MG, Kathmandu 44600, Nepal",27.720688,85.3517095,1010.03
ChIJ6y-GomEZ6zkRU8j809JRPjo,office,Ascent Himalayas,travel_agency,"Boudha-6,Ktm, Saraswatinagar Rd, Kathmandu 44602, Nepal",27.7257249,85.35288,1013.71
ChIJW9YnRUEb6zkRgQt7-_AQSco,office,IDEA For Nepal,corporate_office,"P975+55C, Panchakanya Marga, Kathmandu 44600, Nepal",27.7129384,85.3578988,1020.5
ChIJt3-H098b6zkR8VFMoHZv5qA,office,ब्रदरहुड बहुउद्देशीय सहकारी संस्था लि.,corporate_office,"01 Milan Chowk Galli, Budhanilkantha 44600, Nepal",27.7297223,85.3573424,1031.12
ChIJW_Ez0d8b6zkRhA6tNV6t2lM,office,साँझेदारी नेपाल बचत तथा ऋण सहकारी संस्था लि.,corporate_office,"01 Milan Chowk Galli, Budhanilkantha 44600, Nepal",27.729670799999997,85.3571181,1035.9
ChIJgQgXemEZ6zkRrJ74V3tDdgg,office,Sabin Pharma House,corporate_office,"P9F2+VRC, Kathmandu 44600, Nepal",27.7246907,85.35201119999999,1043.94
ChIJO7y52-kZ6zkRaf64EIQdQ5U,office,Leela News Dot Com,corporate_office,"P983+H57, Kathmandu 44600, Nepal",27.7164131,85.35292539999999,1045.77
ChIJ5zFQJAAZ6zkRpnPCR0aVDX0,office,B Bhattarai and Company,corporate_office,"P983+Q28, Kathmandu 44600, Nepal",27.7169059,85.3525684,1048.61
ChIJWdCQe9UZ6zkReG1HO2ZcoaE,office,Leela Khabar,corporate_office,"1 Tusal Marg, Kathmandu 44600, Nepal",27.7161218,85.35294209999999,1061.9
ChIJr_I6uX4Z6zkRf1pPpZXSlHk,office,एफएम रेडियो,corporate_office,"Youth Road, 1 Tusal Marg, Kathmandu 44600, Nepal",27.7161188,85.35294239999999,1062.06
ChIJZ428NGQb6zkRIWjHYYI5Lw8,office,KEVA PHARMACEUTICALS PVT. LTD.,corporate_office,"Panchakanya Marga, Kathmandu 44600, Nepal",27.712065,85.35940219999999,1066.56
ChIJwxc0Hd8b6zkRqrrUWLYPzo0,office,Aayo Khabar,corporate_office,"Unnamed Road, P966+PV6, काठमाडौँ 44600, Nepal",27.7117853,85.3621422,1068.18
ChIJnag_TWMb6zkR0TceBC7F-4I,office,Panchakanya Sadan,corporate_office,"P965+RPF, Panchakanya Marga, Kathmandu 44600, Nepal",27.712055799999998,85.3592845,1070.33
ChIJ33LBeJAb6zkRWExqz-NFsxQ,office,DAI (Da Investment Pvt. Ltd.),corporate_office,"P965+QVC, Kathmandu 44600, Nepal",27.7119277,85.3596361,1076.32
ChIJkzX5TAAb6zkRScjKqQl8jyE,office,CAPS ENTERTAINMENT,corporate_office,"Nayabasti Yuba (Youth) Club, Gokarneshwor 44600, Nepal",27.717570199999997,85.3721488,1090.97
ChIJLdQ1D9Ib6zkR_qGpp3bJ7js,office,"BRBIP site office,kalika",corporate_office,"P967+QX8, Naya Basti Rd, ठेचो 44700, Nepal",27.7119213,85.3649532,1093.85
ChIJgShWYwAZ6zkRL2E44Ro9bcQ,office,sanima reliance life insurance ltd chabahil branch,corporate_office,"KL Tower, Chuchepati, Kathmandu 44600, Nepal",27.7191355,85.35100349999999,1105.32
ChIJnVuIo2cb6zkRU66otsNYRh4,office,Keysberry,corporate_office,"Sujan Marga, Faika, Kapan-12, काठमाडौँ 44600, Nepal",27.7313196,85.360858,1109.25
ChIJyYbQj_Mb6zkRHxyz8Ex880s,office,Panta IT Software Solutions,corporate_office,"P979+8C8, Gokarneshwor 44602, Nepal",27.713280899999997,85.36856809999999,1112.98
ChIJnTpudgAb6zkRqrb5GroJMk4,office,Vasu Adventures Pvt. Ltd.,corporate_office,"P9J8+C47, Kathmandu 44600, Nepal",27.7309716,85.3652226,1113.34
ChIJt5aWVQAb6zkR9cFDyLxsDUU,office,HFM,corporate_office,"P9H9+X72, Kathmandu 44600, Nepal",27.729894599999998,85.368138,1125.37
ChIJBaTS3cIZ6zkRMfno3A4A7iI,office,The Scribblers,corporate_office,"P9C2+26F, Pasang Lhamu Rd, Kathmandu 44600, Nepal",27.720074,85.3505493,1130.72
ChIJ_cuceuAb6zkRGEdD-MCVmSo,office,Himalayan Wild Treks Pvt.ltd,corporate_office,"Budhanilkantha 44600, Nepal",27.730673799999998,85.3568911,1145.7
ChIJFXpKUgAZ6zkRiVaenRZPq6A,office,Shanvi Motors,corporate_office,"P9F2+J72, Kathmandu 44600, Nepal",27.7240026,85.3506402,1149.56
ChIJI7sCtYUb6zkRzG_KpP4PUGg,office,Esprit montagne treks and expeditions,corporate_office,"Unnamed Road, Kathmandu 44600, Gokarneshwor 44600, Nepal",27.7136955,85.3697712,1151.64
ChIJZQb5aWMZ6zkRk2_gZIp3aMA,office,World IT Explore Pvt. Ltd.,corporate_office,"P992+P5G, Pasang Lhamu Rd, Kathmandu 44600, Nepal",27.7193094,85.35044649999999,1154.75
ChIJm94PZIsb6zkRtOC8699w_2Q,office,KMC fire birgrade ramhiti,corporate_office,"P9J8+H2F, Kathmandu 44600, Nepal",27.7314319,85.3650481,1157.76
ChIJb1jTWmMZ6zkROYnfzVXc_9M,office,Ideal Management Pvt. Ltd.,corporate_office,"P992+H5Q, Boudhanath Sadak, Kathmandu 44600, Nepal",27.7189677,85.3504748,1160.25
ChIJT5P_EwAZ6zkRdtRLifloDzc,office,"Saraswatinagar, Chabahil",corporate_office,"Saraswatinagar Rd, 44600, Nepal",27.7233888,85.3503224,1164.93
ChIJ_yxjKcMb6zkRLEh8-1jwTSU,office,Basuki Co-Operative,corporate_office,"P97C+H35, Gokarneshwor 44600, Nepal",27.713925900000003,85.3702473,1165.13
ChIJ2yDcDwAZ6zkRGyJeKPm9udY,office,Albatross Educational Hub Chabahil,corporate_office,"P992+P48, Boudhanath Sadak, Kathmandu 44600, Nepal",27.719261499999998,85.35033829999999,1166.26
ChIJ0anOdgAb6zkRJkV1SG6ftEw,office,Divya Jwoti Institute,corporate_office,"P9CF+QHR, Jorpati-Sankhu Rd, Kathmandu 44600, Nepal",27.7219955,85.37390529999999,1179.69
ChIJUcPiQQAb6zkR2-ZpDnUUcXY,office,Basistha Bhawan,corporate_office,"P9J4+32V, Budhanilkantha 44600, Nepal",27.7302403,85.3550604,1194.57
ChIJtdLkNzsb6zkRqdUNeKGp5Qs,office,Bibishikha Traders,corporate_office,"P98C+CX8, Unnamed Road, Kathmandu 44600, Nepal",27.7160428,85.37246689999999,1194.68
ChIJcZKssNwZ6zkRUBP1Rvr-JfA,office,Leela Solution,corporate_office,"46, 513 Tusal Marg, Kathmandu 44600, Nepal",27.715481399999998,85.351545,1216.0
ChIJs5gAPQAZ6zkR4TidS8wXvBc,office,EN Conglomerate,corporate_office,"Unnamed Road, P89X+HWQ, काठमाडौँ 44600, Nepal",27.7189642,85.34985189999999,1220.06
ChIJ02rL57cZ6zkRHCdrQ5a9Hqs,office,RK Mainali,corporate_office,"Kathmandu 44600, Nepal",27.714107799999997,85.3525891,1225.94
ChIJucvUNtIZ6zkRZKB0y6lcbGk,office,S.Electrical & Electronic Pvt. Ltd.,corporate_office,"P982+W42, Kathmandu 44600, Nepal",27.717255599999998,85.35026529999999,1237.73
ChIJC8BgiBkZ6zkRj3SJc4syWcs,office,R.B. RECRUITMENT SERVICE PVT LTD,corporate_office,"40325 Boudhanath Sadak, Kathmandu 44602, Nepal",27.7191865,85.3496052,1238.63
ChIJNSuz2uAb6zkRkTekNaT76Mw,office,Life Vision Co-operative Ltd.,corporate_office,"P9J5+WQW, Unnamed Road, Budhanilkantha 44600, Nepal",27.732357,85.3594674,1243.52
ChIJvzB_3awb6zkRfokG70UVuTw,office,शब्दघर,corporate_office,"Unnamed Road, P965+76P, Kathmandu 44600, Nepal",27.7107128,85.3580884,1246.32
ChIJiQ8tlR8Z6zkRqRFZCSBNKSA,office,The Peniac,corporate_office,"P8FX+7Q7, Kathmandu 44600, Nepal",27.7231639,85.3494365,1246.44
ChIJM40vNwAZ6zkRIQqUxkb_nlM,office,Sworankan studio🎙️,corporate_office,"P8FX+5MH, Saraswatinagar Rd, Kathmandu 44602, Nepal",27.723057999999998,85.3493527,1252.79
ChIJsdr8BAAb6zkRvFHAGO-09nA,office,Kanjirowa Saving and Credit Corporative,corporate_office,"Adarsha Nagar, Kapan, Budhanilkantha-12, बुढानीलकण्ठ 44600, Nepal",27.7319879,85.3575315,1255.78
ChIJ6R42DgAZ6zkRLFZUaTDzhQY,office,Mizuho Consultancy Pvt.Ltd.,corporate_office,"P89X+FRV, Kathmandu 44600, Nepal",27.718830999999998,85.34950599999999,1256.56
ChIJ3eTkjV8Z6zkRJnMjIxkdLOA,office,HUBA Office,corporate_office,"P9G2+WCM, Saraswatinagar Rd, Kathmandu 44600, Nepal",27.727342,85.3510463,1260.06
ChIJLYuYIaYZ6zkRkTfmLrk8LQ4,office,977 Ventures Pvt. Ltd.,corporate_office,"Babaji Ko Galli, Kathmandu 44600, Nepal",27.7233631,85.34931519999999,1261.89
ChIJ722jO6IZ6zkRMYnlRk49xzk,office,Delight Color Hub,corporate_office,"P9H2+2FX, Kathmandu 44600, Nepal",27.727636399999998,85.3512034,1264.61
ChIJmeUUJqQZ6zkR47O1TERZ-X8,office,Bariko Coffee,corporate_office,"Kathmandu 44600, Nepal",27.7326578,85.3598085,1270.37
ChIJjRqGCQAb6zkR5PpTU78pvl4,office,Go To Himalaya Treks,corporate_office,"P9J9+G8W, Kathmandu 44600, Nepal",27.7313507,85.3683156,1273.0
ChIJL88pawAZ6zkRuO4z3BnFkIQ,office,EVEN CARE LIFE SCIENCE PVT. LTD.,corporate_office,"07 Chuchepati, Kathmandu 44600, Nepal",27.718828799999997,85.3493201,1274.44
ChIJE07Jo6gZ6zkRMwzyAjKFjhY,office,"JBRH & Co, Chartered Accountants",corporate_office,"Saraswatinagar Rd, Kathmandu 44600, Nepal",27.723166199999998,85.3490652,1282.58
ChIJkz2LcgAZ6zkRQdLCue-T6nI,office,Bishal Trade tower,corporate_office,"P9G2+Q5V Sattale chowk, Budhanilkantha 44600, Nepal",27.726999799999998,85.3504244,1293.78
ChIJR9qfbGQZ6zkRPLgbri2BLrU,office,Life Tours And Travel,corporate_office,"P8CX+XG4, Saraswatinagar Rd, Kathmandu 44600, Nepal",27.7223926,85.3488169,1296.53
ChIJf-wWa2QZ6zkRi2PdxgXQOuo,office,ma chandeshwori investment pvt.ltd,corporate_office,"P8CX+XF5, Saraswatinagar Rd, Kathmandu 44600, Nepal",27.7223823,85.3487236,1305.58
ChIJ8w9kUQAZ6zkRq0Xcn_e-Kuk,office,Rudraashaktee Group,corporate_office,"P982+64P, Kathmandu 44600, Nepal",27.7155824,85.3503411,1311.71
ChIJqztYy5YZ6zkRGLwvcyHUJeY,office,Arkx Innovation Pvt. Ltd.,corporate_office,"P963+MP4, Kathmandu 44600, Nepal",27.711640799999998,85.35431919999999,1318.31
ChIJobTolHsZ6zkRkCy55AwxVyI,office,Studio Soundmill,corporate_office,"P972+6X2, गौरीघाट मार्ग, Kathmandu 44600, Nepal",27.7130077,85.3524017,1322.99
ChIJBU_yBwAb6zkRaWkBog7_o70,office,Rastiya nach Ghar,corporate_office,"44600 Basundhara Pool, Budhanilkantha 44600, Nepal",27.7326306,85.3574466,1325.84
ChIJQSxUOAAZ6zkRVAoFyBsa1is,office,Baron Meditech Solution Pvt. Ltd.,corporate_office,"P89X+5J, Kathmandu 44600, Nepal",27.7179041,85.349014,1330.08
ChIJjx9C-XkZ6zkRrN-W2R7C4NY,office,Unitech IT Solution Pvt. Ltd.,corporate_office,"रिङ्ग रोड, Kathmandu 44600, Nepal",27.7180735,85.34895689999999,1330.12
ChIJ2wZcs2QZ6zkRm1Lh8T616TY,office,lost in kathmandu/online degital marketing company,corporate_office,"P89X+6HC, Boudhanath Sadak, Kathmandu 44600, Nepal",27.718071799999997,85.3489008,1335.47
ChIJV5sAVQAZ6zkRPBxr6acXf1c,office,Tanka Karki consulting firm,corporate_office,"P9H2+FF6, Budhanilkantha 44600, Nepal",27.728669699999998,85.35112769999999,1337.1
ChIJu4UKwpIZ6zkR_AAxxxuISCI,office,BRBIP & HPCIDBC Offices,corporate_office,"P963+GR4, Kathmandu 44600, Nepal",27.7112722,85.3545628,1339.06
ChIJb-BfQo8b6zkRwFCv0lDvpEU,office,Sipalu Nepali Network,corporate_office,"Basundhara Pool, 44600, बुढानीलकण्ठ 44600, Nepal",27.732800599999997,85.35755639999999,1340.16
ChIJ560xG9AZ6zkRc453nz8ldQw,office,Gyan Laxmi savings and cooperative,corporate_office,"P9H2+HGV, Kathmandu 44600, Nepal",27.728996499999997,85.351294,1346.63
ChIJEWQq8nsZ6zkRoRxdejjN2Hg,office,GIS Pvt. Ltd.,corporate_office,"P972+GG2, Gaurighat Marg, Kathmandu 44600, Nepal",27.7137618,85.35127159999999,1349.92
ChIJr1iYRwAb6zkRA_PJeDHN99Q,office,sunkoshi media,corporate_office,"P97C+5QR, Gokarneshwor 44600, Nepal",27.7129807,85.37190389999999,1355.11
ChIJa80VQCQb6zkR9ScIZedesOw,office,Naniram Bhawan,corporate_office,"nagarpalika ward no.5 nayabasti, marg Bagmati Corridor Rd, गोकर्णेश्वर 44600, Nepal",27.7130746,85.37204249999999,1357.89
ChIJMf7aSnsZ6zkR7nDtmiPaUjg,office,unitech education,corporate_office,"P89X+6C5, Boudhanath Sadak, Kathmandu 44600, Nepal",27.7180051,85.34859949999999,1366.03
ChIJ2RQ-dwUZ6zkRjwDiHHlLqM4,office,Anamol Multipurpose Co-operative Ltd.,corporate_office,"P89X+6C8, Boudhanath Sadak, Kathmandu 44600, Nepal",27.718029899999998,85.3485844,1366.7
ChIJfxSSiQ0Z6zkRJOYGMODUxLQ,office,Innovative Interior P.Ltd.,corporate_office,"P9H2+53M, Kathmandu 44600, Nepal",27.7279573,85.350158,1370.46
ChIJd7APTOwZ6zkRQuvnvcjWoko,office,Shreejan Dai's Place,corporate_office,"P8GX+6FX, Kathmandu 44600, Nepal",27.7256145,85.3487423,1381.37
ChIJC4E_ZZYb6zkR__lQaGSc3YA,office,AMDA Nepal (Association of Medical Doctors of Asia-Nepal),corporate_office,"Jorpati, Gokarneshwar -6, Kathmandu 44600, Nepal",27.7239353,85.3757127,1384.89
ChIJJ_4GGyob6zkRStF-dbpaS7c,office,L P TYRE & AUTO PARTS CENTER,corporate_office,"Unnamed Road, Kathmandu 44600, गोकर्णेश्वर 44600, Nepal",27.7136559,85.3729791,1385.77
ChIJdYscRHsZ6zkRbVaYWz1VLhE,office,Jurist Link Law Firm,corporate_office,"Boudhanath Marg, Kathmandu 44600, Nepal",27.717171999999998,85.34863969999999,1390.68
ChIJs7r8MgAZ6zkRSSmXherwsmo,office,Golden Birds Group pvt ltdnepaliharulaithagnecompanipaisalutnekamgarne,corporate_office,"P8GX+6FX, Kathmandu 44600, Nepal",27.725670599999997,85.348653,1391.76
ChIJqbRlTLoZ6zkRbwQ56r6f2Tg,office,R. S. Enterprises Pvt. Ltd.,corporate_office,"Near Dhobi Khola river Kumaristhan, Budhanilkantha, Kathmandu 44600, Nepal",27.728059199999997,85.3499314,1395.37
ChIJx1dbJgAZ6zkR5QcdNpHVIkc,office,Hotel Pokhara Village & Spa (Sales Office),hotel,"marg Kushal Basti, Kathmandu 44600, Nepal",27.7286231,85.3502905,1400.6
ChIJjbRqTgAZ6zkRbzZwSegG5d0,office,Dream Vacation Holidays,corporate_office,"P9H2+P88, Kathmandu 44600, Nepal",27.729278899999997,85.35082899999999,1401.98
ChIJu2gwqQkZ6zkReEVTC5ihquo,office,Angarakshak Security Pvt.Ltd.,corporate_office,"Unnamed Road, P8CX+R3V, काठमाडौँ 44600, Nepal",27.7221115,85.3476724,1406.67
ChIJBb_NzGQZ6zkRqmjs42ut-c4,office,DBA Soft Tech,corporate_office,"Unnamed Road, काठमाडौँ 44600, Nepal",27.7180716,85.348069,1414.35
ChIJNeAyM3sZ6zkRMxb-z53Uwxg,office,Marmat sewa,corporate_office,"P89X+668, Unnamed Road, Kathmandu 44600, Nepal",27.7180488,85.348073,1414.64
ChIJW-M7eAAZ6zkRtqCey1Jzm_M,office,Vedanta Publication Pvt. Ltd.,corporate_office,"P8CX+W2M, Kathmandu 44600, Nepal",27.722322199999997,85.3475737,1417.89
ChIJe9_fInAZ6zkR6e2-WWm0zzA,office,Technosys Innovation Center,corporate_office,"Kathmandu 44600, Nepal",27.713656699999998,85.3504524,1420.6
ChIJZbjoTFwZ6zkRbSAvEctTDdk,office,Arch Analytics,corporate_office,"P88X+JC3, Kathmandu 44600, Nepal",27.7165021,85.3485462,1426.04
ChIJ14s-KwAZ6zkRqGEyutAJXmw,office,Chabahil bhagawati marga,corporate_office,"P88X+J9H, Kathmandu 44600, Nepal",27.7165662,85.3484943,1428.08
ChIJJduBFuIZ6zkRiip59zwGGXQ,office,Landmark Complex,corporate_office,"Kathmandu 44600, Nepal",27.7165662,85.3484943,1428.08
ChIJgRtNQQAb6zkR5kPBeY4T-Gw,office,Creative Innovation,corporate_office,"P9CG+QJ4, Gokarneshwor 44600, Nepal",27.7218763,85.3765734,1441.41
ChIJ2cGOVLwZ6zkRkS6rcJs4-Ck,office,Margeen Media & Events,corporate_office,"P88X+V6F Bus Stop, Gangalal Way, Kathmandu 44600, Nepal",27.717195,85.3480452,1445.08
ChIJy24w6vcZ6zkRHpvfXMtI6PE,office,Daju Bhai Law Firm,corporate_office,"Kathmandu 44600, Nepal",27.7221875,85.34706249999999,1467.1
ChIJ49r3jvIZ6zkRoy0OMAYDYHk,office,Suvedas Tech Pvt.Ltd.,corporate_office,"इलिट्स मार्ग, Kathmandu 44602, Nepal",27.7206062,85.3469966,1473.49
ChIJW2Fo9EQZ6zkRzVK3vmBd3Q4,office,Kadambari Multinational Group Pvt. Ltd.,corporate_office,"Rara Samaj, Gauri Ganesh Marga, Kathmandu 44600, Nepal",27.7258298,85.3478274,1474.22
ChIJw-fvi3sZ6zkRXKlK9Y4RdX0,office,Scientiology Volunter Ministers Headquaters,corporate_office,"P87X+JQ8, Tusal Marg, Kathmandu 44600, Nepal",27.7140469,85.3494583,1475.21
ChIJCeGuRgAZ6zkRa3dTq9DBqUw,office,Nepal Adventure Academy,corporate_office,"P89W+9WM, Boudhanath Marg, Kathmandu 44600, Nepal",27.718452900000003,85.3472998,1477.63
ChIJF6QO1mQZ6zkR_SojL8uIg2Q,office,ATR Learning center,corporate_office,"P89W+9WM, Boudhanath Marg, Kathmandu 44600, Nepal",27.7184543,85.347297,1477.86
ChIJd1C8DAAZ6zkRBZ5us_KPyVY,office,Nepal Buddhist News,corporate_office,"P8CW+2QX, Kathmandu 44600, Nepal",27.7201117,85.3469772,1479.67
ChIJnbXtHgAb6zkR5MJy9vydgJk,office,Pasang Lama,corporate_office,"Arubari Jorpati Marg, Kathmandu 44600, Nepal",27.7273768,85.3753685,1479.93
ChIJEfintmUZ6zkR1vtMwt5EPY0,office,श्रीजनशिल सेभिङ्ग एण्ड क्रेडिट सहकारी संस्था लि.,corporate_office,"P8CW+RQJ, Gopi Krishna Marga, Kathmandu 44600, Nepal",27.722086899999997,85.3468924,1483.19
ChIJb3nO6fkZ6zkRFqlk9NwVxjg,office,AastaSiddhi Jyotish Sewa,corporate_office,"P87X+JPM, Kathmandu 44600, Nepal",27.7140845,85.3492945,1486.38
ChIJx8RpKmUZ6zkRLXy6LbZem1Q,office,Ujyalo Sampad Savings & Credit Co-operative Ltd.,corporate_office,"P89W+8V5, Kathmandu 44602, Nepal",27.718273099999998,85.34724489999999,1487.43
ChIJgZyjPl4Z6zkR4MadLaHCuhk,office,Aarohan Saving And Credit,corporate_office,"P9J2+9GW, Nilopul 44600, Nepal",27.7309999,85.351339,1493.52
ChIJcwBd6J0b6zkRMcSX4Uwce5Q,school,Pure Healing Bowl Center,health,"Kathmandu 44600, Nepal",27.7213124,85.3624734,53.21
ChIJcSNFVNob6zkRQqy7bM7Gy_4,school,TIBETAN LANGUAGE CENTER.,school,"P9C6+CXP Arab Bank, Boudha Rd, Kathmandu 44600, Nepal",27.7210836,85.362454,61.0
ChIJR7GVXPQb6zkRx0in4T5GN78,school,Tipling Dragon House,school,"Stupa Circle, Boudhanath Sadak, Kathmandu 44600, Nepal",27.7213372,85.3625924,64.48
ChIJhcXZy9sb6zkR_Wb7Hs9Zpik,school,Boudha Retreats,yoga_studio,"Boudha Rd, Kathmandu 44602, Nepal",27.721126599999998,85.3611686,81.38
ChIJeaZsC-ob6zkRqmIPSQbIzcI,school,Soma Hospitality Training & Institute,school,"pipalbot, 06 Boudha - Jorpati Rd, Kathmandu 44600, Nepal",27.720316900000004,85.3601383,213.75
ChIJD-SUrdwb6zkR9wd5j-6jzoM,school,Mahendra Boudhha Higher Secondary School,school,"P9F7+8C3, Kathmandu 44600, Nepal",27.723265899999998,85.3635429,261.54
ChIJodWmvdob6zkRF7mcBCa27_M,school,Nilkantha Secondary Boarding School,school,"P997+QM4, Kathmandu 44600, Nepal",27.719795899999998,85.3641766,282.64
ChIJCyWgXNkb6zkRDQggk572Q98,school,Learning Tree Montessori,school,"Kathmandu 44600, Nepal",27.7231696,85.3595649,306.29
ChIJ7UDfEtkb6zkRF1HRz-rpe5o,school,Kumari Awasiya Secondary School,school,"Kathmandu 44600, Nepal",27.722248099999998,85.35877459999999,325.86
ChIJt4PytdMb6zkRNm_KeQTsgXQ,school,Tharlam Manjushree school,school,"Kathmandu 22678, Nepal",27.7228288,85.36490479999999,332.81
ChIJi9PogaQb6zkRE3TOrJ-CeX4,school,Utpala Academy of Hospitality Management,school,"P9F6+HVF, Utpala way, Kathmandu 44600, Nepal",27.724434,85.3623677,341.09
ChIJ-Y-LYaUb6zkRmKXcDcM794E,school,INSTITUTE OF SPANISH STUDIES,service,"Taragaon, Kathmandu 44600, Nepal",27.7212981,85.3575479,432.44
ChIJaV65V8Eb6zkRiUS_XFIp0ow,school,Laxman Rai,school,"bagmati, Kathmandu 44660, Nepal",27.7212981,85.3575479,432.44
ChIJaSRxM9cb6zkRAJ-U0IPFwo0,school,Buddha Pashupati Academy,secondary_school,"Dibya Marg, Kathmandu 44600, Nepal",27.717368,85.3597345,497.13
ChIJxYkrVWcb6zkRgRKmaM_dFeQ,school,Sneha Kids Home,preschool,"Boudha - Jorpati Rd, Kathmandu 44600, Nepal",27.7191481,85.36652099999999,515.24
ChIJo6M3ud4b6zkRPfMxhwtMIUw,school,SIT Nepal: Tibetan and Himalayan Peoples,educational_institution,"P9G5+4JF, Kathmandu 44600, Nepal",27.725313399999997,85.3590603,520.26
ChIJUQIRE8Ub6zkRRQ4tlhenVj4,school,Kantipur Academy High School,school,"P998+XRP, जोरपाटी जाने बाटो, Gokarneshwor 44600, Nepal",27.720183499999997,85.3671146,526.72
ChIJRRcBYsUb6zkR57IzjARtB0Q,school,Children's Garden School,school,"Gokarneshwor 44602, Nepal",27.7187571,85.36648989999999,535.06
ChIJnbflB5kb6zkRUK9rGvnl45U,school,Royalty College,university,"Jorpati Gokarneshwar 06, Kathmandu 44600, Nepal",27.718940999999997,85.3666829,540.47
ChIJk_plkQwb6zkRKDBOGu_vwCo,school,Royalty Secondary School,school,"Boudha, Kathmandu-6, Gokarneshwor 44600, Nepal",27.7189759,85.3668564,553.4
ChIJ27ycYTwb6zkRpn12SdFJo54,school,Ramailo Bal Sansar School,primary_school,"P9G5+CWC, Kathmandu 44600, Nepal",27.7260678,85.3597518,562.98
ChIJjXQbTwAb6zkRkPp74BQsurY,school,Kathmandu,school,"Ramhiti Boudha Rd, Kathmandu 44600, Nepal",27.726257699999998,85.363733,569.31
ChIJ_1GxKNgb6zkRoMnTyg5d3ks,school,Mission Public School,government_office,"P994+FQ5, Kathmandu 44600, Nepal",27.718627700000003,85.35698289999999,576.57
ChIJL-5C5MAb6zkRy3mEWFC3d3g,school,Kid's Hut Pre-school & Kindergarten,preschool,"P9G6+J73, Kathmandu 44600, Nepal",27.726515799999998,85.3606739,583.43
ChIJF99BnX0Z6zkRJkd85-xa3nI,school,Shristi School,school,"P983+74M, Tusal Marg, Kathmandu 44600, Nepal",27.7187148,85.3567683,589.61
ChIJ92DAJdgb6zkRpSdrgJ92BHc,school,Kidzee Boudha,school,"899 Tusal Marg, Kathmandu 44600, Nepal",27.7187096,85.3567589,590.7
ChIJd6zQttkb6zkRrWh-bCgKAwo,school,Xavier International Montessori School,school,"P994+FMF, Boudhanath Sadak, Kathmandu 44600, Nepal",27.7186885,85.3566827,598.36
ChIJE5R2VsQb6zkREX2ibRHg3Ho,school,Lord Buddha Secondary School,school,"Kathmandu 44600, Nepal",27.7220283,85.36798329999999,599.07
ChIJX_RF51Ib6zkRCiUMY_hdXq0,school,Mountain Kidz School & Hostel,preschool,"नयाँवस्ती सडक, Gokarneshwor 44600, Nepal",27.719513700000004,85.367651,599.62
ChIJZ6CGJ98b6zkRuAZ89omDUGw,school,Arunima Shikshya Sadan Secondary School,school,"Boudha, Mahankal, P9G5+22R, Boudha 44600, Nepal",27.725109399999997,85.357528,599.7
ChIJ0dt2uNwb6zkRV42xEjK2NL4,school,Shree Mangal Dvip Boarding School,school,"6 Boudha Rd, Kathmandu 44600, Nepal",27.7262265,85.3646583,600.68
ChIJm1KO1gEb6zkRj6rJ8Ub83oc,school,Vedanam Pre School,school,"6 Boudha Rd, Kathmandu 44600, Nepal",27.7161799,85.3638215,608.22
ChIJA1TDJtgb6zkRN7Mk37h70CQ,school,Kids Villa International Pre-school,preschool,"P994+CJ9, Kathmandu 44600, Nepal",27.7185307,85.3566089,613.56
ChIJ8wM85t4b6zkReHvpyBZviGs,school,Shree Jana Kalyana Secondary School,school,"P9G5+63R, 6 Mahankal, Kathmandu 44600, Nepal",27.7259384,85.35812469999999,629.94
ChIJH9SMfW8b6zkRxwY44QuHETY,school,Nawa Jaagriti Madhyamik Vidhyalaya,secondary_school,"P9G7+R5G, Ramhiti, Kathmandu 44600, Nepal",27.7270602,85.3629442,638.2
ChIJ7TaO29wb6zkRQMXQ-7ADoC4,school,Manasowar Academy,preschool,"P9G7+PPW, Kathmandu 44600, Nepal",27.7268716,85.36432959999999,653.33
ChIJOzKkWyIb6zkR7w5rQg0YJrg,school,Yummy Choice Khaja Ghar,school,"P988+WPP, Boudhanath Sadak, Gokarneshwor 44600, Nepal",27.7173238,85.3668119,659.1
ChIJDQouTYAb6zkRXaN938k89gg,school,Aama montessori pre-school,school,"P977+P4Q, Boudha - Jorpati Rd, Kathmandu 44600, Nepal",27.715680700000004,85.3640672,668.49
ChIJGdq8qcEb6zkRWFFskjhFiCg,school,Aarya Tara Association,preschool,"Mankal Chowk, Boudha, Kathmandu 44600, Nepal",27.725208199999997,85.3566781,669.71
ChIJ0Xjz1c8b6zkRg_T8ajZFrnQ,school,Lords Light Academy (LLA),school,"44604, काठमाडौँ 44604, Nepal",27.7164221,85.3659326,677.94
ChIJkwC7tMUb6zkRvhdLWA5Z1ow,school,Saraswati Secondary School,school,"P9C9+JHR, Boudha Rd, Kathmandu 44600, Nepal",27.721619,85.3688969,685.25
ChIJC1ZGkMUb6zkRivbuMA0hupc,school,SARBANAM SHIKSHYALAYA,school,"गोकर्णेश्वोर नगरपालिका-०६, बाहुनधारा, जोरपाटी Gokarneshwor Municipality-06 Bahundhara, P999+JF3, Gokarneshwor 44600, Nepal",27.7195641,85.36888739999999,713.35
ChIJX3U64CEb6zkR4wqssQ19cTY,school,Kiddie Kinder Gartain,school,"Nayabasti Boudha Rd, Kathmandu 44600, Nepal",27.7171827,85.3677818,741.3
ChIJv696zz4b6zkRJXFs5Et4TUo,school,Progressive Secondary School,school,"P9C3+XQ3, Kathmandu 44600, Nepal",27.722376999999998,85.3544374,746.6
ChIJwWVbJ9cb6zkRBQfdmJDxgAs,school,Indrawati Public School,secondary_school,"P985+2J3, Kathmandu 44600, Nepal",27.715018099999998,85.35906179999999,763.07
ChIJIZahlxcb6zkRHLcaKf6bruE,school,Shree Nava Jagriti School,school,"Naba Jagriti Secondary School, Kathmandu 44600, Nepal",27.7282178,85.3634812,774.22
ChIJyfvp5cUb6zkRl-2yx_wNU5U,school,Arun Jyoti Vidya Mandir,primary_school,"P999+WXF, जोरपाटी रोड, Gokarneshwor 44600, Nepal",27.719807799999998,85.3699132,804.3
ChIJlfgR4soZ6zkRl6EI5oa8rNY,school,Brewing Barista’s By (chamcha cafe and barista training centre),school,"laxmi tole, hyatt hotel, Kathmandu 44600, Nepal",27.718389100000003,85.3544819,806.4
ChIJBYVVCN8b6zkR-4aiOKehLA8,school,Bhrikuti Secondary School,secondary_school,"P9G4+RJ7, 6 Saraswatinagar Rd, Kathmandu 44600, Nepal",27.7270039,85.3566352,813.83
ChIJyZNNHGIZ6zkR6Heo6UWghfM,school,Himsheela Boarding School,school,"Saraswatinagar Rd, Kathmandu 44600, Nepal",27.7239301,85.3541363,818.41
ChIJj8nlMzsb6zkR-smLAbORHNo,school,Ankuram Academy Preschool & Day care center,preschool,"Dibya Nagar Road, Kathmandu 44600, Nepal",27.714542899999998,85.3588789,818.82
ChIJ4air3H0Z6zkRqIbyPwKyioE,school,Om Sai Montessori,school,"P984+R38, Kathmandu 44600, Nepal",27.717046000000003,85.3552145,819.5
ChIJb4ZIJ9Yb6zkRGcIU3aVG7-E,school,Mahan Siddhartha High School,school,"7 Boudhanath Marg, Kathmandu 44600, Nepal",27.715456699999997,85.35690919999999,824.93
ChIJmT8tHLQb6zkRL5xpY97Rkeo,school,Lord Buddha Institute,school,"44600, Nepal",27.721467699999998,85.3704448,837.19
ChIJD_F4ct8b6zkRm1bAr11AeQc,school,Apex Life School,school,"P9G4+M7Q, Saraswatinagar Rd, Kathmandu 44602, Nepal",27.72663,85.35563479999999,851.27
ChIJ_2SbL5gZ6zkR31xDVVk53Fc,school,Maijubahal 7 Kathmandu,school,"P993+8FJ Riviera International Academy, Kathmandu 44600, Nepal",27.718232999999998,85.354033,853.82
ChIJxaThpcMb6zkR5t4zn10vq9U,school,Manjushree Montessori & Day Care Centre,school,"P9G9+M7G, Sahid Park Rd, Kathmandu 44602, Nepal",27.726698,85.3682089,853.88
ChIJ9YKf89gb6zkRO_J6EJbh5PU,school,kids haven kindergarten school,school,"P977+F3Q, Kathmandu 44600, Nepal",27.713722699999998,85.3627479,856.27
ChIJ8WSqWH0Z6zkRV5B1J2PeRXM,school,Shram Rashtriya Secondary School,secondary_school,"P983+RVP, Tusal Marg, Kathmandu 44600, Nepal",27.717082899999998,85.3547,858.64
ChIJRSQJk0sb6zkRNeNTihZX4Xg,school,Bishnu Bimala Kunja,school,"P989+743 sarveshwor mahadev, Gokarneshwor 44600, Nepal",27.715630299999997,85.3678099,862.57
ChIJj-Y19TIb6zkRj77rvmtedbI,school,Sahara Montessori Pre-School,school,"Unnamed Road, काठमाडौँ 44600, Nepal",27.729037599999998,85.36366,867.06
ChIJpaOTK58b6zkRo1OH2u-pAkg,school,Kids' Cosmos English Preschool and Day Care,school,"Saraswati Nagar Marga, Kathmandu 44600, Nepal",27.726378999999998,85.3551572,868.03
ChIJXfPq9GEZ6zkRunWWC5BFch4,school,Holy Spirit Pre Primary School,preschool,"Saraswatinagar Rd, 44600, Nepal",27.724361499999997,85.3537595,870.37
ChIJuwt7xcIb6zkRUiaOlJuyCRY,school,Srongtsen Bhrikuti Boarding High School,school,"44602, काठमाडौँ 44602, Nepal",27.728009999999998,85.3667227,873.77
ChIJL4Ow6sMb6zkR47SwHI2vI1c,school,Genesis Academy,school,"P9G9+CM6, Bhuwaldand Road, Kathmandu 44602, Nepal",27.726027799999997,85.36912919999999,875.61
ChIJoy5QUuQb6zkRvhocB__SVGQ,school,CITY HEART SCHOOL,primary_school,"Shanti Park, Kathmandu 44600, Nepal",27.7136886,85.3638383,876.51
ChIJBb9oNX0Z6zkRc6AQW9C1e0U,school,Rivera International Academy,school,"P993+8FP, Kathmandu 44600, Nepal",27.718326599999997,85.3536993,879.78
ChIJoU6jjogZ6zkREmVP7Q_YWaM,school,"Eurostar Montessori Chuchchepati, Chabahil",school,"P993+M8W, Kathmandu 44600, Nepal",27.719238599999997,85.35333,880.62
ChIJO8fQTc8b6zkRAgX0t2dxekU,school,Buddha Academy Boarding School,school,"P99C+74V, नया बस्ति सडक, Gokarneshwor 44600, Nepal",27.7182495,85.3702993,893.87
ChIJtVhJ054Z6zkRq01hnk5aZLI,school,Sumeru Akademiya,secondary_school,"P9G3+8P2, Saraswatinagar Rd, Kathmandu 44600, Nepal",27.7257644,85.3542796,897.29
ChIJMzL6qcYb6zkRsKL8wRi-4so,school,Manjushree Community School,school,"P9FC+P62, Road, Kathmandu 44602, Nepal",27.724250299999998,85.3705239,902.8
ChIJbUz8NdYb6zkR15OflSzv1dc,school,Aakash Ganga International Academy,school,"P974+XFW, बौद्धवार मार्ग, Kathmandu 44600, Nepal",27.7149905,85.3562161,907.64
ChIJyRRYCcwb6zkRLmuKFSi02FI,school,bal bagaicha,primary_school,"Nayabasti Boudha Rd, Kathmandu 44600, Nepal",27.7158825,85.3688166,912.81
ChIJj8LYYgAZ6zkRzju9Tocp2m0,school,Sagarmatha Educational Academy secondary block,school,"P9G3+6HF, Saraswatinagar Rd, Kathmandu 44600, Nepal",27.725554,85.3539342,913.97
ChIJtSdvKwAZ6zkRY7tdrDR_yWA,school,St. Julian School,school,"P9G3+6HF, Saraswatinagar Rd, Kathmandu 44600, Nepal",27.725554,85.3539342,913.97
ChIJl0B_xGEZ6zkRXXJ5_CWnxC8,school,Golden Peak High School,school,"Saraswatinagar Rd, Kathmandu 44600, Nepal",27.725958799999997,85.3541726,917.94
ChIJDSSUqxYZ6zkRErHFUeTYrV8,school,Grace Montessori School,preschool,"Laxmitole, Kathmandu 44600, Nepal",27.717748099999998,85.35354889999999,919.9
ChIJ67r4ynwb6zkRjlno5L7adn4,school,Manjushree Montessori and daycare centre,preschool,"Boudha, Tinchuli Chowk, काठमाडौँ 44600, Nepal",27.7269623,85.368933,926.12
ChIJx0LqZ30Z6zkRYhzGWUoLYxA,school,New Kids Home Preschool,preschool,"Kumarigal, Chabahil-7, Kathmandu 44600, Nepal",27.716561199999997,85.35418039999999,933.65
ChIJD_cVZt0b6zkRuDKBTAuEn70,school,Boudha Children Heaven Boarding School,school,"P9H7+W37, Kathmandu 44600, Nepal",27.729789699999998,85.36265999999999,936.69
ChIJvTr2lsYb6zkRFIo73s4ELPw,school,Kessang Primary School,primary_school,"P9FC+5G7, चामुण्डा मार्ग, Kathmandu 44600, Nepal",27.722902899999998,85.3713052,937.05
ChIJhSrQbcYb6zkRNajUea64rU8,school,"Centennial High School,Jorpati, Kathmandu",government_office,"Boudha Rd, Gokarneshwor 20612, Nepal",27.7210573,85.37147999999999,939.77
ChIJ07riNGIZ6zkRkBHsC2asBJQ,school,Kathmandu Vidya Mandir (KVM),school,"27°43'22. 85°21'09., 0 Alameda Nepal, Kathmandu 44600, Nepal",27.722773999999998,85.3524967,942.17
ChIJtc4tdAAb6zkR76Vpe0mwQ9g,school,Gyanmala English High School (Old building),school,"P9H8+P67, Kathmandu 44600, Nepal",27.7292751,85.3655538,946.19
ChIJq6qqan0Z6zkRfgzC_Rnkka4,school,Capital Montessori Training Center,school,"shree chandra binayak, chabahil/kathmandu 44600, Nepal",27.716779799999998,85.3536735,961.72
ChIJY73DBS8b6zkR_g3onCUhRB0,school,Nesting Preschool,school,"Guheshwori, Kathmandu 44600, Nepal",27.7134604,85.358037,961.8
ChIJnb9oanYZ6zkRwZseEhboecI,school,Aadim Gurukul School,preschool,"Chuchepati, Kathmandu 44600, Nepal",27.719076599999998,85.3524517,968.74
ChIJkYZnHTgb6zkRZPValCYMIPI,school,Ritamvara Pre Montessori School,preschool,"Naya Basti Youth Club Chowk, Gokarneshwor 44600, Nepal",27.717127599999998,85.3705585,971.77
ChIJSaugqGMZ6zkRdarxFweHXrE,school,Elite Grand School,primary_school,"Pashupati Marga, Kathmandu 44600, Nepal",27.7212452,85.3520556,973.07
ChIJiX1fzT0Z6zkRYKNi-MKrVlI,school,Little Wonders School,preschool,"P9H4+644, Budhanilkantha 44600, Nepal",27.7280181,85.3553202,983.74
ChIJJfPa9M4b6zkROblCEB6XcLs,school,Charles Darwin Academy,school,"P979+X7F, Bagmati Bridge, Gokarneshwor 44600, Nepal",27.7143867,85.3680718,985.26
ChIJqxyIi3wZ6zkR1u7jHUrVb-c,school,Prerana English Boarding Higher School,school,"P983+4R7, Kathmandu 44600, Nepal",27.715293499999998,85.35453919999999,995.12
ChIJN0o1PsYb6zkRgxy3CB3kMaI,school,Bidhya Sagar English Boarding School,school,"P9CC+2QQ, जोरपाटी सडक, Gokarneshwor 44600, Nepal",27.720085599999997,85.3719868,999.51
ChIJkyU1kw4b6zkRqDf_dpsrjl4,school,Shram School Chowk,school,"Kumarigaal 7, काठमाडौँ 44600, Nepal",27.7139404,85.3562565,999.58
ChIJ5dPRg_Mb6zkR4ME5WOlDriU,school,Swasthani Academy Kathmandu,school,"P9CC+HR5, Gokarneshwor 44600, Nepal",27.7213761,85.37211889999999,1001.93
ChIJ7X9V_XsZ6zkR1-4I2IznJ-c,school,Supreme International High School,school,"P993+52J, Kathmandu 44600, Nepal",27.717952699999998,85.35252,1002.93
ChIJy9n6l-MZ6zkR5pfLOLhEtbw,school,Aarogya pre school,school,"Kumarigal 7, maijubahal Kumarigal 7, काठमाडौँ 44600, Nepal",27.7162594,85.3534671,1010.48
ChIJkzdEfnYb6zkRZH5fVTsiY8I,school,Sinko Int’l Academy Pvt.Ltd. Jorpati,school,"Boudha Jorpati sadak, Kathmandu 44600, Nepal",27.7213757,85.37228189999999,1017.97
ChIJCyIMWsYb6zkROV40FkhQ_Ig,school,Galaxy Institute,educational_institution,"सडक In front of chamunda gate way to nayabasti bahundhara, Gokarneshwor 44600, Nepal",27.721312500000003,85.37231249999999,1021.02
ChIJYYq2i3sZ6zkRSSN7JLEFuYw,school,Hilary English High School,secondary_school,"P992+7V6, गौरीघाट मार्ग, Kathmandu 44600, Nepal",27.7181733,85.3521284,1029.9
ChIJyx7EXGMZ6zkRiKAnDJY3a60,school,Samurai Education Foundation (Japanese Language School),consultant,"Chadani Chowk, Pasupatinath Marg, Kathmandu 44600, Nepal",27.7221172,85.3515019,1030.62
ChIJXa_INR4b6zkR3X3lWmBMmkI,school,Sambotta High School,secondary_school,"P9H9+CCP, Kathmandu 44600, Nepal",27.728589699999997,85.3685817,1033.58
ChIJjxi1tA8b6zkRRwrLm1spOBs,school,Mother’s Day care,primary_school,"Tinchuli Chowk, Kathmandu 44600, Nepal",27.726805199999998,85.3705284,1037.88
ChIJkwc_SU0Z6zkRg0gtT9BiCn8,school,Aadim National College,educational_institution,"Chuchepati, Kathmandu 44600, Nepal",27.718753799999998,85.3517894,1041.27
ChIJNRs14WAZ6zkR2fFkfwHYfi0,school,Sagarmatha Educational Academy(Primary Wings),primary_school,"P9G3+J6P, Kathmandu 44600, Nepal",27.7265783,85.3530743,1046.11
ChIJDVI813wZ6zkR81UKBYHtGlc,school,Riviera Primary Block,school,"P992+2VF, Kathmandu 44600, Nepal",27.717570199999997,85.3521873,1049.76
ChIJOzplxGUZ6zkRXFtSHmHxL8o,school,Creative Kids Pre-School,school,"P9G2+4VX, Saraswatinagar Rd, Kathmandu 44600, Nepal",27.7253732,85.35224439999999,1052.11
ChIJAQBAZsEb6zkREjuuYwoFmmg,school,Porong Monastery School,university,"P9GC+HCR, Kathmandu 44600, Nepal",27.726411,85.3710255,1054.25
ChIJAQAA8d8b6zkRwjlq5cs3fug,school,Princeton Academy,school,"P9H4+M72, Milan Chowk Galli, Budhanilkantha 44600, Nepal",27.7291414,85.3556414,1061.72
ChIJjcltBH0Z6zkR7M2QRQJyhVY,school,S. S. Academy an English Medium High School,secondary_school,"Kumarigal Naya Marga, Kathmandu 44600, Nepal",27.717000499999997,85.35223859999999,1072.45
ChIJMQtjpOAb6zkR0xq4svdohJ0,school,Prashanti Academy,school,"Budhanilkantha 44600, Nepal",27.730643099999998,85.35883319999999,1073.38
ChIJFfi7fs4b6zkRmuHVnsGwKow,school,First Step School,preschool,"Gokarneshwor .nayabasti, Kathmandu 44600, Nepal",27.713080700000003,85.3676248,1080.2
ChIJGzdF4HwZ6zkRx5nERFBDQPU,school,New English Secondary School,secondary_school,"P982+RQ9, Kathmandu 44600, Nepal",27.717025500000002,85.3519821,1093.76
ChIJe3jxdWMZ6zkR_g_jAGxOjmk,school,Nirman Nepal Residential School (Lollipops),primary_school,"Kathmandu 44600, Nepal",27.7210891,85.3508178,1095.29
ChIJVQwjo8cZ6zkRPopgRdm4dtU,school,Mine home,school,"P9H3+HW2, Budhanilkantha 44600, Nepal",27.7288639,85.3546034,1100.97
ChIJRavvR2MZ6zkRIOxGe7Dtkoo,school,Disneyland Pre-School,preschool,"Boudhanath Sadak, Kathmandu 44600, Nepal",27.718943,85.351041,1106.79
ChIJn2n8CI4b6zkRKTHxdGdqWKs,school,Ekatajames College,school,"P98C+98R, Gokarneshwor 44600, Nepal",27.7156421,85.3711788,1111.55
ChIJ5fYeln0Z6zkRzm4eV_R6z28,school,Elixir Academy,school,"एका टिका सदन, 8 Tusal Marg, Kathmandu 44600, Nepal",27.714176199999997,85.3540616,1115.73
ChIJm8cNL8kb6zkRBA7jd524iE8,school,Susanskar Academy,school,"नयाँ बस्ती मार्ग, Kathmandu 44600, Nepal",27.715340599999998,85.37103730000001,1119.99
ChIJO8n5LM8b6zkRTS1Js9V5rWA,school,एकता जेम्स इङ्गलीस एकेडेमी,school,"Kathmandu 44600, Nepal",27.715562499999997,85.3713125,1127.4
ChIJYxG4VIwZ6zkR88xbpvMorUM,school,Little Wonderland Pre School,preschool,"Gokarneshwor- 05, Kathmandu 44600, Nepal",27.714357399999997,85.3702113,1128.9
ChIJdf0gOHwZ6zkRMIyMJyhR1nA,school,Mokshada School,secondary_school,"P974+654, Kathmandu 44621, Nepal",27.7130145,85.355448,1129.48
ChIJIdraTwAb6zkRclPlBzZNtoc,school,Gyanmala School New Building ज्ञान माला स्कुल नया बिल्डिङ,school,"P9J8+8J2, Kathmandu 44600, Nepal",27.7307523,85.3665195,1134.43
ChIJOXExFMEb6zkRbjkWqs1mDz8,school,Wits Academy,secondary_school,"P9GC+HQ5, Tinchuli Road, Kathmandu 44602, Nepal",27.726381900000003,85.3719971,1134.92
ChIJ-39MCn0b6zkRPHoxSyezbkI,school,Ritamvara Boarding School,school,"Gokarneshwor 44600, Nepal",27.7175676,85.3726377,1135.56
ChIJyYdrTIcZ6zkRQCIWTXO_8VA,school,Bhavishya pre primary school,preschool,"Chuchepati, P992+R6R, काठमाडौँ 44600, Nepal",27.719617099999997,85.350529,1140.39
ChIJJwA0YccZ6zkRmMzzL9aQzYg,school,Wee Kids Preschool,preschool,"899, 06 टुसाल मार्ग, काठमाडौँ 44600, Nepal",27.715726699999998,85.352239,1143.86
ChIJ54Gj4-cb6zkRDtN3wm_-HLI,school,Kailash Bodhi Sec. School,secondary_school,"P9J7+GXX, Kathmandu 44600, Nepal",27.731350499999998,85.3649889,1147.49
ChIJL1plC-Ab6zkRTtCF4Mrv-8o,school,Bal Uddhar Secondary School,school,"10 Milan Chowk Galli, Budhanilkantha 44600, Nepal",27.7302981,85.3560143,1149.5
ChIJ0TzGJMkb6zkRF5I5TO3GGBQ,school,Merryland English School,school,"P98C+3GQ, जोरपाटी सडक, Gokarneshwor 44600, Nepal",27.7152224,85.3713471,1152.29
ChIJKXpKBwwb6zkRZ3wfOCd9kL0,school,Ekata james school junior,primary_school,"Unnamed Road, Kathmandu 44600, गोकर्णेश्वर 44600, Nepal",27.712957499999998,85.3688573,1158.8
ChIJq-EcBWAZ6zkRgRmKk-9igJg,school,Joseph High School,secondary_school,"Kathmandu 44622, Nepal",27.729587100000003,85.3546142,1162.21
ChIJ06p4N8kb6zkRJStjTOawhac,school,Timeline International Academy,secondary_school,"Nayabasti, P97C+VCW, Jorpati, काठमाडौँ 44600, Nepal",27.714733,85.37108599999999,1165.52
ChIJF1W9QgAZ6zkRx13ZaUqToXM,school,Manaslu World School,school,"P992+G5R, Boudhanath Marg, Kathmandu 44600, Nepal",27.7188883,85.3504244,1167.15
ChIJpRaCeWEZ6zkRWBfS1DQNcXM,school,Elite Kids' Zone,school,"Saraswatinagar Rd, 44600, Nepal",27.7257611,85.35105349999999,1176.64
ChIJN0e5CQAZ6zkRoW0ZgixuhzY,school,Aarambhik Preschool,preschool,"P9C2+X2V, Saraswatinagar Rd, Kathmandu 44600, Nepal",27.7224828,85.3500484,1176.8
ChIJwadbp4cb6zkRnUJJlaYLRr8,school,Upsilon National School,school,"Kathmandu NP, Kimal Sarbeshwor Marg, गोकर्णेश्वर 6, Nepal",27.712604700000004,85.3688741,1191.72
ChIJg2IN0ysb6zkRppMsekzyh5s,school,Gokarneshwor World School,preschool,"P9CF+FJC, Stupa College Rd, Gokarneshwor 44600, Nepal",27.7211769,85.3740572,1192.96
ChIJH5ytoOcb6zkRufXhXOVR7l0,school,Kapan Tabala School,educational_institution,"Bu Na Pa -12, Faika chok, Kathmandu 44600, Nepal",27.7321262,85.3625692,1195.42
ChIJYQdqUmMZ6zkRpgVenwqTuTA,school,Praxis International Academy,school,"P992+94C, Chuchepati, Kathmandu 44600, Nepal",27.718436099999998,85.3502603,1195.67
ChIJ_ZRQNnsZ6zkRFpkHx9J6NYE,school,Zenith Zone Kinder Garten,preschool,"Kathmandu 44600, Nepal",27.7215816,85.34965179999999,1209.74
ChIJS5maYAQZ6zkRk2Xm1TDA97Q,school,Kohakuswimacdemy,school,"Nayabasti Boudha - Jorpati Rd, Kathmandu 44600, Nepal",27.7131696,85.3699907,1209.77
ChIJ_-p6m2QZ6zkRFqHGucEiaGQ,school,Lumbini Academic College,university,"P89X+RW4, Lumbini Marg, Kathmandu 44600, Nepal",27.719520799999998,85.3498291,1210.09
ChIJPRp7_V8Z6zkRxONx-_YuUpU,school,Reliance International Academy,secondary_school,"01 Milan Chowk Galli, Budhanilkantha 44600, Nepal",27.7300081,85.3544026,1211.91
ChIJQZAqU2EZ6zkRJskQEo_jmh8,school,Saraswati Academy English School,school,"Saraswatinagar Rd, Kathmandu 44602, Nepal",27.7239902,85.34994669999999,1215.4
ChIJ-RPiT8Yb6zkRklXDmQG_nkc,school,Shanti Adarsa Secondary,secondary_school,"P99F+4C4, Jorpati-Sundarijal Road, Gokarneshwor 44600, Nepal",27.7177655,85.37358909999999,1215.43
ChIJKWXJTnQZ6zkRIDgj8Z35eTk,school,ILLC Education Consultancy,school,"Chuchhepati, Kathmandu 44602, Nepal",27.719208599999998,85.34980709999999,1218.66
ChIJN22zuucb6zkRj1gNHYk2mkY,school,Little Moon School,school,"Kathmandu 44600, Nepal",27.7323252,85.3631709,1221.96
ChIJWdqCiRcZ6zkR1rnVPuDssig,school,Mahamati prannath Sanskrit bidhyapith,secondary_school,"P8CX+WRC, Kathmandu 44600, Nepal",27.722389,85.3495062,1228.91
ChIJO9gbU2QZ6zkRkU5CrH-f1wc,school,Ku City Hss/college School Wings / Kathmandu Utkristha Campus,secondary_school,"P9G2+C66, Kathmandu 44600, Nepal",27.726028699999997,85.3505151,1237.2
ChIJ4-zyteAb6zkRK2qxSOcPoK0,school,Ghataraj Memorial School(GMS),primary_school,"Budhanilkantha 44600, Nepal",27.7322711,85.3592333,1238.91
ChIJY50Wzlwb6zkR6NtaxpBziiQ,school,"Zenith School, Nayabasti, Gokarneshwor-05",school,"Zenith, Nayabasti Road, Gokarneshwor 44600, Nepal",27.7122077,85.36919000000002,1245.71
ChIJAyx9BV8Z6zkRFQf59ZlskM0,school,Baalaark Pre School,preschool,"P9H2+9R8, Panchakanya Marga, Kathmandu 44600, Nepal",27.728423499999998,85.3520657,1247.51
ChIJO6V9v8Eb6zkRNBWWxfFZ-KM,school,"Springville Preschool, Nayabasti, Nepal",preschool,"जोरपाटी -२, Gokarneshwor 44600, Nepal",27.712129700000002,85.3690949,1247.52
ChIJgx2h9WsZ6zkRhvZiPG8M1UU,school,Nepal College Of Hospitality Management and Culinary,school,"P9G2+WCH, SaatTaley Chowk, Kathmandu 44600, Nepal",27.7273018,85.3511087,1252.49
ChIJrcATlnoZ6zkRv0X0WVdq4yo,school,Kathmandu Unified City School (KU),school,"P9G2+F57 Saraswatinagar, Kathmandu 44600, Nepal",27.7261699,85.35041319999999,1252.9
ChIJW-Eokccb6zkRVQesW2gLjMY,school,ALCHEMIST ACADEMY Secondary School,secondary_school,"P9CF+9VF, जोरपाटी सडक, Gokarneshwor 44600, Nepal",27.7209272,85.374676,1254.69
ChIJQTlxi3kZ6zkR2DA1ExU5RH0,school,Kathmandu Int´l School,school,"Pashupati Nath Road, Kathmandu 44600, Nepal",27.713154099999997,85.3532225,1255.0
ChIJ__-_3OAb6zkRJIgRb487j_E,school,Joonkiri Primary School,school,"P9J5+XJ8, Kathmandu 44600, Nepal",27.732412,85.3590815,1257.47
ChIJLY9PRXsZ6zkRhr2O9pMFzHw,school,Bishwa Shiksha Sadan Secondary School (Montessori Based School) बिश्व स्कुल,school,"7, Chabahil, Maijubahal, काठमाडौँ 44600, Nepal",27.7175023,85.34988419999999,1262.98
ChIJOZXOy8Ab6zkRm0KUvQ-cw2E,school,Shangri-La Public School,school,"Chamunda Gate Road, Gokarneshwor 44600, Nepal",27.7250999,85.37406949999999,1263.17
ChIJKVlUqGYZ6zkRl4MSD_8CmKA,school,Nepal Vidhya Sadan,primary_school,"Kathmandu 44600, Nepal",27.7241151,85.3493037,1280.18
ChIJUd_okIMZ6zkRHWfw6VIDXcI,school,Kids Home Montessori,school,"P972+JQQ, Swarnapur Galli, Kathmandu 44600, Nepal",27.7141061,85.3518596,1280.85
ChIJO9dsruIb6zkRR8kT-owyQDA,school,Pushpalal Memorial School,school,"P9M5+4VH, Budhanilkantha 44600, Nepal",27.732796099999998,85.3597223,1286.95
ChIJC5nfl2QZ6zkRRhSW1aEioKo,school,Springtree A Pre-School,school,"P89X+RJC, Boudhanath Sadak, Kathmandu 44602, Nepal",27.719562,85.3490235,1287.55
ChIJmRn_Pswb6zkRxpUyyzBL9JA,school,Shining Star Shiksha Sadan,secondary_school,"जोरपाटी - ३, Gokarneshwor 44600, Nepal",27.711638999999998,85.369,1287.86
ChIJF-r8upYZ6zkR4DvmoiqxYCY,school,Pathibhara Academy(Pathibhara Educational Network),educational_institution,"Chabahil-Boudha Road Opposite to, Opposite to Everest Bank Ltd, KL Tower, काठमाडौँ 44600, Nepal",27.7185161,85.34909080000001,1304.53
ChIJeYmn2t4Z6zkRlCwxzudlgTM,school,Roshna Barista Academy,,"Boudhanath Sadak, Kathmandu 44600, Nepal",27.7183852,85.3491286,1304.58
ChIJyRsamtkb6zkRPAWgzh19cQM,school,Xavier International School,school,"Maijubahal, काठमाडौँ 44600, Nepal",27.716514,85.34987459999999,1305.55
ChIJvdezscYb6zkRnVEYLsAlumA,school,Real Kids Home,preschool,"Sundertole Rd, Kathmandu 44602, Nepal",27.7267758,85.37378199999999,1310.45
ChIJy7ZGB2AZ6zkRq5RG5RiHPkk,school,"Reliance College - Best College in Chabahil, Kathmandu",university,"Saraswatinagar Rd, Kathmandu 44602, Nepal",27.7225933,85.3486958,1310.49
ChIJHXCjfgAZ6zkRMTndGPB73qw,school,Mr.Samurai Education Consultancy,school,"P89X+9HH, Kathmandu 44600, Nepal",27.7184515,85.34898799999999,1316.11
ChIJW38mpFQZ6zkRAduT-Xbr8bU,school,Smile Education Center STUDY IN JAPAN Right path to your Future Our dream is your smile,school,"Boudhanath Sadak, Kathmandu 44600, Nepal",27.7184821,85.3489591,1318.03
ChIJZVjRYnwZ6zkRQI5Pw4ksBDY,school,Kinderland,preschool,"P982+25G, Tushal Marg, Kathmandu 44600, Nepal",27.7150671,85.35046009999999,1330.89
ChIJRwf-N-Ab6zkRMqoDpiik1Es,school,Jugal school,school,"P9J4+QQ6, 01 Milan Chowk Galli, Budhanilkantha 44600, Nepal",27.7323211,85.3562833,1336.93
ChIJa-bD6mAb6zkRqqFLSQXAXk0,school,Shree Balkumari Secondary School,government_office,"P9M7+8W8, Faika chowk, Budhanilkantha 44600, Nepal",27.733285799999997,85.36482,1352.79
ChIJ1X-vK2cZ6zkR8_DptkxYyGc,school,pathivara community,school,"P8GX+RRX, Kathmandu 44600, Nepal",27.727112199999997,85.34960769999999,1370.51
ChIJNYOW9OYb6zkR3mbrnamE5Ws,school,Trijyoti Secondary School,school,"P9M7+G42, Budhanilkantha 44600, Nepal",27.7337611,85.3627617,1377.98
ChIJdy-k52QZ6zkRAWXa0InJlG4,school,Vinayak Secondary School,secondary_school,"P8CX+262, Shanti Goreto, Kathmandu 44600, Nepal",27.7200022,85.3480213,1378.72
ChIJzXF9Ml4Z6zkRHEM3fqxCx5E,school,Reliance Public School,primary_school,"Bibekchowk, Kathmandu 44600, Nepal",27.7304393,85.3523313,1380.93
ChIJkwRxfLgb6zkRxW_3iaU3-Wo,school,Ambassador Academy Block 'A',school,"P9CG+JCM, Boudha Rd, Gokarneshwor 44600, Nepal",27.721581999999998,85.376057,1389.73
ChIJFXTzU04b6zkRmep68N3EFQo,school,Bal Sarathi School,primary_school,"P955+Q3F, Kathmandu 44600, Nepal",27.7094338,85.3576665,1394.44
ChIJ6XXMALgb6zkRQUG6n32DOF8,school,East Pole Secondary School,secondary_school,"Kathmandu 44600, Nepal",27.7197033,85.3759907,1395.71
ChIJpYdcn7gb6zkRh4zVekg2fOs,school,Balbatika English Boarding School,school,"Kathmandu 44600, Nepal",27.723340399999998,85.37608949999999,1409.54
ChIJuXWhisAb6zkRD7ZqSk2A3p8,school,Holy Angels' Public School,secondary_school,"P9HF+3QC, Sundara tole, Gokarneshwor 44600, Nepal",27.727693,85.3744049,1412.98
ChIJT0BdIXcb6zkR6j21uhaL6is,school,chhahari shikshya sadan school,school,"P9GG+27P, Jorpati-Sundarijal Road, Gokarneshwor 44600, Nepal",27.7250892,85.375705,1415.96
ChIJ31kGJ58b6zkRP4lILOLlVD4,school,Budhanilkatha 12 Ganesh Thapachowk,school,"P9M6+J7P 12 Ganesh Thapachowk, Budhanilkantha 44600, Nepal",27.734097,85.36069529999999,1418.26
ChIJk359H-sb6zkRsyrU9bOolnI,school,"Hamro Sunshine School, Simaltar",primary_school,"Simaltar, Boudha-06, काठमाडौँ 44600, Nepal",27.7332056,85.36775759999999,1433.19
ChIJZWp2Py6Jx2cRUIhL9Q7tU94,school,Bal Gyanpunja,preschool,"Sagarmatha Marg, Kathmandu 44600, Nepal",27.7234303,85.3474861,1440.69
ChIJAd1DNP0b6zkRNAylmkw39hk,school,Spring Bud Montessori School,school,"Jordhara Budhanilkantha-12, बुढानीलकण्ठ 44600, Nepal",27.734037999999998,85.3585222,1446.07
ChIJd5nWNmcZ6zkR9npFqyyfv2M,school,Golden Garden International Academy,school,"P8HX+6P3, Budhanilkantha 44600, Nepal",27.7280244,85.3492958,1446.77
ChIJJazpkiIb6zkRo2GckMJhzCE,school,Mount Summit Boarding School,school,"Gokarneshwor 44600, Nepal",27.718741299999998,85.3763304,1446.79
ChIJ61qpAakb6zkRvqm6eiNgOCs,school,Eureka ChildCare & Devlopment Center(CDC),school,"Budhanilkantha 44600, Nepal",27.7343992,85.3616435,1446.85
ChIJ2T1rX2MZ6zkRyML24crNFVM,school,VS College-Vinayak Siddha College (+2 Block),secondary_school,"Near AC Complex, Chok, Kathmandu 44600, Nepal",27.718299599999998,85.3476166,1451.17
ChIJuciDCOQb6zkR24v3Loj0Azg,school,Balapushpika Kindergarten,school,"Gokarneshwor-8, P9CF+QCJ, Chamunda Gate Road, काठमाडौँ 44600, Nepal",27.7265636,85.3754998,1453.39
ChIJM62tvb4Z6zkR1oQs415Xk9k,school,Shree Somsarala Ved Vidyaashram,educational_institution,"P87X+GWW, Tusal Marg, Kathmandu 44600, Nepal",27.71387,85.3498171,1457.13
ChIJ3bCEKHcZ6zkR-tWonF-pmJs,school,KMS INSTITUTE [सम्पूर्ण भाषा तथा कम्प्युटर कक्षा एकै ठाउँमा],educational_institution,"44660, Kathmandu 44600, Nepal",27.717417599999997,85.3475031,1488.14
